<?xml version="1.0" encoding="UTF-8"?>
<!DOCTYPE X3D PUBLIC "ISO//Web3D//DTD X3D 3.0//EN" "http://www.web3d.org/specifications/x3d-3.0.dtd">
<X3D version="3.0" profile="Immersive" xmlns:xsd="http://www.w3.org/2001/XMLSchema-instance" xsd:noNamespaceSchemaLocation="http://www.web3d.org/specifications/x3d-3.0.xsd">
	<head>
		<meta name="filename" content="04-2.x3d" />
		<meta name="created" content="2026-06-21 15:09:37" />
		<meta name="generator" content="Blender 4.5.4 LTS" />
		<meta name="translator" content="Web3D X3D/VRML2 format v2.5.1" />
	</head>
	<Scene>
		<NavigationInfo headlight="true"
		                visibilityLimit="0.0"
		                type='"EXAMINE", "ANY"'
		                avatarSize="0.25, 1.75, 0.75"
		                />
		<Background DEF="WO_World"
		            groundColor="0.051 0.051 0.051"
		            skyColor="0.051 0.051 0.051"
		            />
		<Transform DEF="_04-2_TRANSFORM"
		           translation="0.000000 0.000000 0.000000"
		           scale="1.000000 1.000000 1.000000"
		           rotation="0.000000 0.707107 0.707107 3.141593"
		           >
			<Transform DEF="_04-2_ifs_TRANSFORM"
			           translation="0.000000 0.000000 0.000000"
			           scale="1.000000 1.000000 1.000000"
			           rotation="0.000000 1.000000 0.000000 0.000000"
			           >
				<Group DEF="group_ME_04-2_001">
					<Shape>
						<Appearance>
						</Appearance>
						<IndexedFaceSet solid="false"
						                coordIndex="0 1 2 -1 1 0 3 -1 4 1 5 -1 1 4 2 -1 6 4 5 -1 4 6 7 -1 0 6 3 -1 6 0 7 -1 4 0 2 -1 0 4 7 -1 6 1 3 -1 1 6 5 -1 8 9 10 -1 9 8 11 -1 9 12 13 -1 12 9 11 -1 14 11 8 -1 11 14 15 -1 11 16 12 -1 16 11 15 -1 12 17 13 -1 17 12 18 -1 18 12 19 -1 19 12 16 -1 18 19 20 -1 18 20 21 -1 21 20 22 -1 23 8 10 -1 8 23 24 -1 8 24 25 -1 25 24 26 -1 26 24 27 -1 26 27 28 -1 14 8 25 -1 15 14 16 -1 10 17 23 -1 17 10 13 -1 13 10 9 -1 16 25 19 -1 25 16 14 -1 24 21 27 -1 21 24 18 -1 28 21 22 -1 21 28 27 -1 25 20 19 -1 20 25 26 -1 20 28 22 -1 28 20 26 -1 23 18 24 -1 18 23 17 -1 29 30 31 -1 30 29 32 -1 33 34 35 -1 34 33 36 -1 37 29 38 -1 29 37 32 -1 32 37 39 -1 36 40 34 -1 40 36 41 -1 42 35 43 -1 35 42 33 -1 44 45 46 -1 45 44 47 -1 42 48 39 -1 48 42 45 -1 48 45 47 -1 39 49 32 -1 49 39 48 -1 32 49 30 -1 30 50 31 -1 50 30 49 -1 50 48 51 -1 48 50 49 -1 52 40 53 -1 40 52 34 -1 52 54 55 -1 54 52 56 -1 54 56 57 -1 54 57 58 -1 55 34 52 -1 34 55 35 -1 48 44 51 -1 44 48 47 -1 55 37 38 -1 37 55 54 -1 37 54 58 -1 37 58 39 -1 33 57 36 -1 57 33 58 -1 42 58 33 -1 58 42 39 -1 53 56 52 -1 56 53 59 -1 56 59 57 -1 38 50 43 -1 50 38 29 -1 50 29 31 -1 43 51 46 -1 51 43 50 -1 46 51 44 -1 59 40 41 -1 40 59 53 -1 38 35 55 -1 35 38 43 -1 45 43 46 -1 43 45 42 -1 36 59 41 -1 59 36 57 -1 60 61 62 -1 61 60 63 -1 64 65 66 -1 65 64 67 -1 68 60 69 -1 60 68 63 -1 63 68 70 -1 67 71 65 -1 71 67 72 -1 73 66 74 -1 66 73 64 -1 75 76 77 -1 76 75 78 -1 73 79 70 -1 79 73 76 -1 79 76 78 -1 70 80 63 -1 80 70 79 -1 63 80 61 -1 61 81 62 -1 81 61 80 -1 81 79 82 -1 79 81 80 -1 83 71 84 -1 71 83 65 -1 83 85 86 -1 85 83 87 -1 85 87 88 -1 85 88 89 -1 86 65 83 -1 65 86 66 -1 79 75 82 -1 75 79 78 -1 86 68 69 -1 68 86 85 -1 68 85 89 -1 68 89 70 -1 64 88 67 -1 88 64 89 -1 73 89 64 -1 89 73 70 -1 84 87 83 -1 87 84 90 -1 87 90 88 -1 69 81 74 -1 81 69 60 -1 81 60 62 -1 74 82 77 -1 82 74 81 -1 77 82 75 -1 90 71 72 -1 71 90 84 -1 69 66 86 -1 66 69 74 -1 76 74 77 -1 74 76 73 -1 67 90 72 -1 90 67 88 -1 91 92 93 -1 92 91 94 -1 95 92 94 -1 92 95 96 -1 97 91 93 -1 91 97 98 -1 97 92 96 -1 92 97 93 -1 95 97 96 -1 97 95 98 -1 91 95 94 -1 95 91 98 -1 99 100 101 -1 100 99 102 -1 103 104 105 -1 104 103 106 -1 107 108 109 -1 108 107 110 -1 111 112 113 -1 112 111 114 -1 115 105 116 -1 105 115 103 -1 117 103 118 -1 103 117 106 -1 112 119 120 -1 119 112 121 -1 122 123 124 -1 123 122 125 -1 126 127 128 -1 127 126 129 -1 130 131 122 -1 131 130 132 -1 133 134 135 -1 134 133 136 -1 112 137 113 -1 137 112 120 -1 102 138 100 -1 138 102 139 -1 140 114 111 -1 114 140 141 -1 142 138 143 -1 138 142 101 -1 138 101 100 -1 144 108 145 -1 108 144 109 -1 146 147 148 -1 147 146 149 -1 125 150 151 -1 150 125 152 -1 153 125 151 -1 125 153 123 -1 117 145 106 -1 145 117 144 -1 118 115 154 -1 115 118 103 -1 102 116 139 -1 116 102 115 -1 153 141 140 -1 141 153 151 -1 107 155 110 -1 155 107 136 -1 136 107 134 -1 156 133 135 -1 133 156 157 -1 158 149 146 -1 149 158 159 -1 160 159 158 -1 159 160 161 -1 162 119 163 -1 119 162 137 -1 119 137 120 -1 108 164 145 -1 164 108 165 -1 122 152 125 -1 152 122 131 -1 154 102 99 -1 102 154 115 -1 114 166 167 -1 166 114 141 -1 148 129 126 -1 129 148 147 -1 145 104 106 -1 104 145 164 -1 157 161 160 -1 161 157 156 -1 114 121 112 -1 121 114 167 -1 163 166 168 -1 166 163 167 -1 167 163 121 -1 121 163 119 -1 128 148 126 -1 148 128 146 -1 146 128 169 -1 146 169 158 -1 158 169 170 -1 158 170 160 -1 160 170 171 -1 160 171 172 -1 172 171 150 -1 172 150 152 -1 172 152 131 -1 172 131 173 -1 150 171 168 -1 150 168 166 -1 173 131 132 -1 160 174 157 -1 174 160 172 -1 157 174 105 -1 105 174 116 -1 116 174 139 -1 139 174 143 -1 157 105 133 -1 139 143 138 -1 133 104 136 -1 104 133 105 -1 136 104 164 -1 136 164 165 -1 136 165 155 -1 141 150 166 -1 150 141 151 -1 110 165 108 -1 165 110 155 -1 130 124 175 -1 124 130 122 -1 163 176 162 -1 176 163 168 -1 170 177 171 -1 177 170 178 -1 168 177 176 -1 177 168 171 -1 143 179 142 -1 179 143 174 -1 134 117 135 -1 117 134 144 -1 144 134 109 -1 109 134 107 -1 156 179 161 -1 179 156 118 -1 179 118 154 -1 179 154 99 -1 179 99 142 -1 118 156 135 -1 118 135 117 -1 142 99 101 -1 149 129 147 -1 129 149 127 -1 127 149 159 -1 127 159 180 -1 180 159 161 -1 180 161 178 -1 178 161 177 -1 177 161 181 -1 181 161 179 -1 177 181 153 -1 153 181 123 -1 123 181 124 -1 124 181 182 -1 177 153 176 -1 124 182 175 -1 176 140 162 -1 140 176 153 -1 162 140 111 -1 162 111 113 -1 162 113 137 -1 175 132 130 -1 132 175 173 -1 173 175 182 -1 128 180 169 -1 180 128 127 -1 181 174 172 -1 174 181 179 -1 169 178 170 -1 178 169 180 -1 181 173 182 -1 173 181 172 -1 183 184 185 -1 184 183 186 -1 187 188 189 -1 188 187 190 -1 191 183 192 -1 183 191 186 -1 186 191 193 -1 190 194 188 -1 194 190 195 -1 196 189 197 -1 189 196 187 -1 198 199 200 -1 199 198 201 -1 196 202 193 -1 202 196 199 -1 202 199 201 -1 193 203 186 -1 203 193 202 -1 186 203 184 -1 184 204 185 -1 204 184 203 -1 204 202 205 -1 202 204 203 -1 206 194 207 -1 194 206 188 -1 206 208 209 -1 208 206 210 -1 208 210 211 -1 208 211 212 -1 209 188 206 -1 188 209 189 -1 202 198 205 -1 198 202 201 -1 209 191 192 -1 191 209 208 -1 191 208 212 -1 191 212 193 -1 187 211 190 -1 211 187 212 -1 196 212 187 -1 212 196 193 -1 207 210 206 -1 210 207 213 -1 210 213 211 -1 192 204 197 -1 204 192 183 -1 204 183 185 -1 197 205 200 -1 205 197 204 -1 200 205 198 -1 213 194 195 -1 194 213 207 -1 192 189 209 -1 189 192 197 -1 199 197 200 -1 197 199 196 -1 190 213 195 -1 213 190 211 -1 214 215 216 -1 215 214 217 -1 218 219 220 -1 219 218 221 -1 222 214 223 -1 214 222 217 -1 217 222 224 -1 221 225 219 -1 225 221 226 -1 227 220 228 -1 220 227 218 -1 229 230 231 -1 230 229 232 -1 227 233 224 -1 233 227 230 -1 233 230 232 -1 224 234 217 -1 234 224 233 -1 217 234 215 -1 215 235 216 -1 235 215 234 -1 235 233 236 -1 233 235 234 -1 237 225 238 -1 225 237 219 -1 237 239 240 -1 239 237 241 -1 239 241 242 -1 239 242 243 -1 240 219 237 -1 219 240 220 -1 233 229 236 -1 229 233 232 -1 240 222 223 -1 222 240 239 -1 222 239 243 -1 222 243 224 -1 218 242 221 -1 242 218 243 -1 227 243 218 -1 243 227 224 -1 238 241 237 -1 241 238 244 -1 241 244 242 -1 223 235 228 -1 235 223 214 -1 235 214 216 -1 228 236 231 -1 236 228 235 -1 231 236 229 -1 244 225 226 -1 225 244 238 -1 223 220 240 -1 220 223 228 -1 230 228 231 -1 228 230 227 -1 221 244 226 -1 244 221 242 -1 245 246 247 -1 246 245 248 -1 249 250 251 -1 250 249 252 -1 253 245 254 -1 245 253 248 -1 248 253 255 -1 252 256 250 -1 256 252 257 -1 258 251 259 -1 251 258 249 -1 260 261 262 -1 261 260 263 -1 258 264 255 -1 264 258 261 -1 264 261 263 -1 255 265 248 -1 265 255 264 -1 248 265 246 -1 246 266 247 -1 266 246 265 -1 266 264 267 -1 264 266 265 -1 268 256 269 -1 256 268 250 -1 268 270 271 -1 270 268 272 -1 270 272 273 -1 270 273 274 -1 271 250 268 -1 250 271 251 -1 264 260 267 -1 260 264 263 -1 271 253 254 -1 253 271 270 -1 253 270 274 -1 253 274 255 -1 249 273 252 -1 273 249 274 -1 258 274 249 -1 274 258 255 -1 269 272 268 -1 272 269 275 -1 272 275 273 -1 254 266 259 -1 266 254 245 -1 266 245 247 -1 259 267 262 -1 267 259 266 -1 262 267 260 -1 275 256 257 -1 256 275 269 -1 254 251 271 -1 251 254 259 -1 261 259 262 -1 259 261 258 -1 252 275 257 -1 275 252 273 -1 276 277 278 -1 277 276 279 -1 279 276 280 -1 280 276 281 -1 278 282 283 -1 282 278 277 -1 284 285 286 -1 285 281 276 -1 281 285 284 -1 286 287 288 -1 287 276 289 -1 276 287 286 -1 276 286 285 -1 286 290 291 -1 290 286 288 -1 288 292 293 -1 292 289 294 -1 289 292 288 -1 289 288 287 -1 284 295 296 -1 297 291 298 -1 291 297 299 -1 291 299 286 -1 286 299 295 -1 286 295 284 -1 288 300 290 -1 300 288 293 -1 283 291 278 -1 291 283 298 -1 293 301 302 -1 301 293 294 -1 294 293 292 -1 303 276 278 -1 276 303 289 -1 304 289 303 -1 289 304 294 -1 305 294 304 -1 294 305 301 -1 278 290 303 -1 290 278 291 -1 303 300 304 -1 300 303 290 -1 304 306 305 -1 306 304 300 -1 293 306 300 -1 306 293 302 -1 301 306 302 -1 306 301 305 -1 277 295 299 -1 295 277 279 -1 297 277 299 -1 277 297 282 -1 280 295 279 -1 295 280 296 -1 283 297 298 -1 297 283 282 -1 280 284 296 -1 284 280 281 -1 265 307 264 -1 307 265 308 -1 309 307 308 -1 307 309 310 -1 311 265 264 -1 265 311 312 -1 311 307 310 -1 307 311 264 -1 309 311 310 -1 311 309 312 -1 265 309 308 -1 309 265 312 -1 313 314 315 -1 314 313 316 -1 317 318 319 -1 318 317 320 -1 317 321 322 -1 321 317 319 -1 323 317 324 -1 317 323 320 -1 315 320 323 -1 320 315 314 -1 320 325 318 -1 325 320 314 -1 324 322 326 -1 322 324 317 -1 327 328 316 -1 328 327 329 -1 330 331 332 -1 331 330 333 -1 334 327 335 -1 327 334 331 -1 332 334 336 -1 334 332 331 -1 331 329 327 -1 329 331 333 -1 337 338 339 -1 338 337 340 -1 336 330 332 -1 330 336 341 -1 341 336 342 -1 342 313 343 -1 313 342 335 -1 335 342 334 -1 334 342 336 -1 344 345 346 -1 345 344 347 -1 347 344 348 -1 347 348 349 -1 349 348 350 -1 349 350 351 -1 351 350 315 -1 351 315 323 -1 351 323 324 -1 351 324 352 -1 315 350 343 -1 315 343 313 -1 352 324 326 -1 349 353 354 -1 353 349 351 -1 354 353 355 -1 355 353 356 -1 356 353 357 -1 357 353 358 -1 354 355 359 -1 357 358 360 -1 359 361 362 -1 361 359 355 -1 362 361 363 -1 362 363 364 -1 362 364 365 -1 314 328 325 -1 328 314 316 -1 313 327 316 -1 327 313 335 -1 360 337 339 -1 337 360 366 -1 366 360 358 -1 367 347 368 -1 347 367 345 -1 353 369 370 -1 369 353 351 -1 370 358 353 -1 358 370 366 -1 371 372 373 -1 372 371 374 -1 374 371 375 -1 375 371 376 -1 368 377 367 -1 377 368 378 -1 378 368 379 -1 378 379 380 -1 380 379 381 -1 380 381 370 -1 370 381 382 -1 370 382 383 -1 370 383 340 -1 370 340 366 -1 382 381 373 -1 382 373 372 -1 366 340 337 -1 380 369 384 -1 369 380 370 -1 384 369 325 -1 325 369 318 -1 318 369 319 -1 319 369 385 -1 384 325 386 -1 319 385 321 -1 386 328 341 -1 328 386 325 -1 341 328 329 -1 341 329 333 -1 341 333 330 -1 352 321 385 -1 321 352 326 -1 321 326 322 -1 385 351 352 -1 351 385 369 -1 364 387 365 -1 387 364 388 -1 363 388 364 -1 388 363 389 -1 361 389 363 -1 389 361 390 -1 355 390 361 -1 390 355 391 -1 355 392 391 -1 392 355 356 -1 338 356 357 -1 356 338 392 -1 338 383 392 -1 383 338 340 -1 389 372 374 -1 372 389 390 -1 374 388 389 -1 388 374 375 -1 388 376 387 -1 376 388 375 -1 339 357 360 -1 357 339 338 -1 392 382 391 -1 382 392 383 -1 390 382 372 -1 382 390 391 -1 354 379 349 -1 379 354 381 -1 368 349 379 -1 349 368 347 -1 359 381 354 -1 381 359 373 -1 386 342 343 -1 342 386 341 -1 362 376 371 -1 376 362 365 -1 376 365 387 -1 377 345 367 -1 345 377 346 -1 371 359 362 -1 359 371 373 -1 380 344 378 -1 344 380 348 -1 378 346 377 -1 346 378 344 -1 384 343 350 -1 343 384 386 -1 380 350 348 -1 350 380 384 -1 393 394 395 -1 394 393 396 -1 397 398 399 -1 398 397 400 -1 401 393 402 -1 393 401 396 -1 396 401 403 -1 400 404 398 -1 404 400 405 -1 406 399 407 -1 399 406 397 -1 408 409 410 -1 409 408 411 -1 406 412 403 -1 412 406 409 -1 412 409 411 -1 403 413 396 -1 413 403 412 -1 396 413 394 -1 394 414 395 -1 414 394 413 -1 414 412 415 -1 412 414 413 -1 416 404 417 -1 404 416 398 -1 416 418 419 -1 418 416 420 -1 418 420 421 -1 418 421 422 -1 419 398 416 -1 398 419 399 -1 412 408 415 -1 408 412 411 -1 419 401 402 -1 401 419 418 -1 401 418 422 -1 401 422 403 -1 397 421 400 -1 421 397 422 -1 406 422 397 -1 422 406 403 -1 417 420 416 -1 420 417 423 -1 420 423 421 -1 402 414 407 -1 414 402 393 -1 414 393 395 -1 407 415 410 -1 415 407 414 -1 410 415 408 -1 423 404 405 -1 404 423 417 -1 402 399 419 -1 399 402 407 -1 409 407 410 -1 407 409 406 -1 400 423 405 -1 423 400 421 -1 424 425 426 -1 425 424 427 -1 428 425 427 -1 425 428 429 -1 430 424 426 -1 424 430 431 -1 430 425 429 -1 425 430 426 -1 428 430 429 -1 430 428 431 -1 424 428 427 -1 428 424 431 -1 203 432 202 -1 432 203 433 -1 434 432 433 -1 432 434 435 -1 436 203 202 -1 203 436 437 -1 436 432 435 -1 432 436 202 -1 434 436 435 -1 436 434 437 -1 203 434 433 -1 434 203 437 -1 438 439 440 -1 439 438 441 -1 442 439 441 -1 439 442 443 -1 444 438 440 -1 438 444 445 -1 444 439 443 -1 439 444 440 -1 442 444 443 -1 444 442 445 -1 438 442 441 -1 442 438 445 -1 446 447 448 -1 447 446 449 -1 450 451 452 -1 451 450 453 -1 454 455 456 -1 455 454 457 -1 451 458 452 -1 458 451 459 -1 456 460 461 -1 460 456 455 -1 460 455 462 -1 462 455 463 -1 463 455 464 -1 465 461 460 -1 466 467 468 -1 469 454 470 -1 454 469 471 -1 454 471 457 -1 457 471 467 -1 457 467 466 -1 472 446 473 -1 446 472 449 -1 474 475 476 -1 475 474 477 -1 476 478 479 -1 478 476 475 -1 480 475 477 -1 475 480 481 -1 481 478 475 -1 478 481 482 -1 482 483 478 -1 483 482 484 -1 482 485 484 -1 485 482 486 -1 480 487 481 -1 487 480 488 -1 481 486 482 -1 486 481 487 -1 489 469 470 -1 469 489 490 -1 479 483 491 -1 483 479 478 -1 492 451 453 -1 451 492 459 -1 459 492 467 -1 467 492 468 -1 469 458 471 -1 458 450 452 -1 450 458 490 -1 490 458 469 -1 460 472 473 -1 472 460 462 -1 458 467 471 -1 467 458 459 -1 493 446 448 -1 446 493 473 -1 473 493 460 -1 460 493 465 -1 463 472 462 -1 472 447 449 -1 447 472 494 -1 494 472 463 -1 480 455 488 -1 455 480 495 -1 455 495 464 -1 488 457 496 -1 457 488 455 -1 496 457 466 -1 479 497 476 -1 497 479 498 -1 497 498 486 -1 497 486 487 -1 485 483 484 -1 483 485 491 -1 476 499 474 -1 499 476 497 -1 499 497 487 -1 499 487 488 -1 491 498 479 -1 498 491 485 -1 498 485 486 -1 474 454 477 -1 454 474 489 -1 454 489 470 -1 477 456 500 -1 456 477 454 -1 500 456 461 -1 495 447 494 -1 493 477 500 -1 477 493 448 -1 477 448 480 -1 480 448 447 -1 480 447 495 -1 499 450 474 -1 450 499 453 -1 453 499 492 -1 492 499 496 -1 496 499 488 -1 474 490 489 -1 490 474 450 -1 463 495 494 -1 495 463 464 -1 492 466 468 -1 466 492 496 -1 461 493 500 -1 493 461 465 -1 501 502 503 -1 502 501 504 -1 505 506 507 -1 506 505 508 -1 509 501 510 -1 501 509 504 -1 504 509 511 -1 508 512 506 -1 512 508 513 -1 514 507 515 -1 507 514 505 -1 516 517 518 -1 517 516 519 -1 514 426 511 -1 426 514 517 -1 426 517 519 -1 511 424 504 -1 424 511 426 -1 504 424 502 -1 502 520 503 -1 520 502 424 -1 520 426 521 -1 426 520 424 -1 522 512 523 -1 512 522 506 -1 522 524 525 -1 524 522 526 -1 524 526 527 -1 524 527 528 -1 525 506 522 -1 506 525 507 -1 426 516 521 -1 516 426 519 -1 525 509 510 -1 509 525 524 -1 509 524 528 -1 509 528 511 -1 505 527 508 -1 527 505 528 -1 514 528 505 -1 528 514 511 -1 523 526 522 -1 526 523 529 -1 526 529 527 -1 510 520 515 -1 520 510 501 -1 520 501 503 -1 515 521 518 -1 521 515 520 -1 518 521 516 -1 529 512 513 -1 512 529 523 -1 510 507 525 -1 507 510 515 -1 517 515 518 -1 515 517 514 -1 508 529 513 -1 529 508 527 -1 530 531 532 -1 531 530 533 -1 534 535 536 -1 535 534 537 -1 538 530 539 -1 530 538 533 -1 533 538 540 -1 537 541 535 -1 541 537 542 -1 543 536 544 -1 536 543 534 -1 545 546 547 -1 546 545 548 -1 543 549 540 -1 549 543 546 -1 549 546 548 -1 540 550 533 -1 550 540 549 -1 533 550 531 -1 531 551 532 -1 551 531 550 -1 551 549 552 -1 549 551 550 -1 553 541 554 -1 541 553 535 -1 553 555 556 -1 555 553 557 -1 555 557 558 -1 555 558 559 -1 556 535 553 -1 535 556 536 -1 549 545 552 -1 545 549 548 -1 556 538 539 -1 538 556 555 -1 538 555 559 -1 538 559 540 -1 534 558 537 -1 558 534 559 -1 543 559 534 -1 559 543 540 -1 554 557 553 -1 557 554 560 -1 557 560 558 -1 539 551 544 -1 551 539 530 -1 551 530 532 -1 544 552 547 -1 552 544 551 -1 547 552 545 -1 560 541 542 -1 541 560 554 -1 539 536 556 -1 536 539 544 -1 546 544 547 -1 544 546 543 -1 537 560 542 -1 560 537 558 -1 561 562 563 -1 562 561 564 -1 565 566 567 -1 566 565 568 -1 569 570 571 -1 570 569 572 -1 573 574 575 -1 574 573 576 -1 569 565 572 -1 565 569 568 -1 568 569 561 -1 568 561 575 -1 575 561 563 -1 575 563 573 -1 575 566 568 -1 566 575 574 -1 572 567 570 -1 567 572 565 -1 569 564 561 -1 564 569 571 -1 577 578 579 -1 578 577 580 -1 581 582 583 -1 582 581 584 -1 582 584 585 -1 585 584 578 -1 585 578 586 -1 586 578 580 -1 583 587 588 -1 587 583 582 -1 589 590 591 -1 590 589 592 -1 590 593 591 -1 593 590 594 -1 594 590 595 -1 595 590 596 -1 597 598 599 -1 598 597 600 -1 600 597 601 -1 600 601 602 -1 602 601 603 -1 602 603 604 -1 604 603 605 -1 604 605 606 -1 604 606 607 -1 605 603 608 -1 608 603 591 -1 608 591 593 -1 607 606 609 -1 602 610 611 -1 610 602 604 -1 611 610 612 -1 612 610 613 -1 613 610 577 -1 611 612 614 -1 611 614 615 -1 613 577 579 -1 615 616 583 -1 616 615 614 -1 583 616 617 -1 583 617 618 -1 583 618 581 -1 588 615 583 -1 615 588 619 -1 620 598 621 -1 598 620 599 -1 622 581 618 -1 581 622 584 -1 606 623 609 -1 623 606 624 -1 610 625 626 -1 625 610 604 -1 627 628 629 -1 628 627 630 -1 631 618 617 -1 618 631 622 -1 632 633 634 -1 633 632 631 -1 631 632 635 -1 631 635 622 -1 622 635 578 -1 622 578 584 -1 636 591 603 -1 591 636 589 -1 637 638 639 -1 638 637 640 -1 629 641 642 -1 641 629 628 -1 643 599 620 -1 599 643 597 -1 605 624 606 -1 624 605 644 -1 578 613 579 -1 613 578 635 -1 616 631 617 -1 631 616 633 -1 610 580 577 -1 580 610 626 -1 645 604 607 -1 604 645 625 -1 646 597 643 -1 597 646 601 -1 614 633 616 -1 633 614 634 -1 647 627 648 -1 627 647 630 -1 612 634 614 -1 634 612 632 -1 593 649 650 -1 649 593 594 -1 595 649 594 -1 649 595 651 -1 649 652 650 -1 652 649 644 -1 644 649 651 -1 644 651 624 -1 624 651 653 -1 624 653 623 -1 605 652 644 -1 652 605 608 -1 639 629 642 -1 629 639 627 -1 627 639 638 -1 627 638 648 -1 648 638 582 -1 648 582 585 -1 586 648 585 -1 648 586 647 -1 642 637 639 -1 637 642 641 -1 608 650 652 -1 650 608 593 -1 596 651 595 -1 651 596 653 -1 636 601 646 -1 601 636 603 -1 640 582 638 -1 582 640 587 -1 635 612 613 -1 612 635 632 -1 654 611 655 -1 611 654 602 -1 588 641 619 -1 641 588 637 -1 637 588 640 -1 640 588 587 -1 656 620 621 -1 620 656 643 -1 643 656 654 -1 643 654 646 -1 646 654 655 -1 646 655 626 -1 626 655 630 -1 626 630 647 -1 626 647 580 -1 630 655 628 -1 628 655 619 -1 628 619 641 -1 580 647 586 -1 646 625 636 -1 625 646 626 -1 636 625 571 -1 571 625 564 -1 564 625 645 -1 636 571 570 -1 636 570 589 -1 564 645 562 -1 589 567 592 -1 567 589 570 -1 592 567 566 -1 592 566 574 -1 592 574 576 -1 615 655 611 -1 655 615 619 -1 607 562 645 -1 562 607 563 -1 563 607 609 -1 563 609 623 -1 623 573 563 -1 573 623 653 -1 573 592 576 -1 592 573 653 -1 592 653 596 -1 592 596 590 -1 656 602 654 -1 602 656 600 -1 621 600 656 -1 600 621 598 -1 657 658 659 -1 658 657 660 -1 661 662 663 -1 662 661 664 -1 661 665 666 -1 665 661 663 -1 667 661 668 -1 661 667 664 -1 659 664 667 -1 664 659 658 -1 664 669 662 -1 669 664 658 -1 668 666 670 -1 666 668 661 -1 671 672 660 -1 672 671 673 -1 674 675 676 -1 675 674 677 -1 678 671 679 -1 671 678 675 -1 676 678 680 -1 678 676 675 -1 675 673 671 -1 673 675 677 -1 681 682 683 -1 682 681 684 -1 680 674 676 -1 674 680 685 -1 685 680 686 -1 686 657 687 -1 657 686 679 -1 679 686 678 -1 678 686 680 -1 688 689 690 -1 689 688 691 -1 691 688 692 -1 691 692 693 -1 693 692 694 -1 693 694 695 -1 695 694 659 -1 695 659 667 -1 695 667 668 -1 695 668 696 -1 659 694 687 -1 659 687 657 -1 696 668 670 -1 693 697 698 -1 697 693 695 -1 698 697 699 -1 699 697 700 -1 700 697 701 -1 701 697 702 -1 698 699 703 -1 701 702 704 -1 703 705 706 -1 705 703 699 -1 706 705 707 -1 706 707 708 -1 706 708 709 -1 658 672 669 -1 672 658 660 -1 657 671 660 -1 671 657 679 -1 704 681 683 -1 681 704 710 -1 710 704 702 -1 711 691 712 -1 691 711 689 -1 697 713 714 -1 713 697 695 -1 714 702 697 -1 702 714 710 -1 715 716 717 -1 716 715 718 -1 718 715 719 -1 719 715 720 -1 712 721 711 -1 721 712 722 -1 722 712 723 -1 722 723 724 -1 724 723 725 -1 724 725 714 -1 714 725 726 -1 714 726 727 -1 714 727 684 -1 714 684 710 -1 726 725 717 -1 726 717 716 -1 710 684 681 -1 724 713 728 -1 713 724 714 -1 728 713 669 -1 669 713 662 -1 662 713 663 -1 663 713 729 -1 728 669 730 -1 663 729 665 -1 730 672 685 -1 672 730 669 -1 685 672 673 -1 685 673 677 -1 685 677 674 -1 696 665 729 -1 665 696 670 -1 665 670 666 -1 729 695 696 -1 695 729 713 -1 708 731 709 -1 731 708 732 -1 707 732 708 -1 732 707 733 -1 705 733 707 -1 733 705 734 -1 699 734 705 -1 734 699 735 -1 699 736 735 -1 736 699 700 -1 682 700 701 -1 700 682 736 -1 682 727 736 -1 727 682 684 -1 733 716 718 -1 716 733 734 -1 718 732 733 -1 732 718 719 -1 732 720 731 -1 720 732 719 -1 683 701 704 -1 701 683 682 -1 736 726 735 -1 726 736 727 -1 734 726 716 -1 726 734 735 -1 698 723 693 -1 723 698 725 -1 712 693 723 -1 693 712 691 -1 703 725 698 -1 725 703 717 -1 730 686 687 -1 686 730 685 -1 706 720 715 -1 720 706 709 -1 720 709 731 -1 721 689 711 -1 689 721 690 -1 715 703 706 -1 703 715 717 -1 724 688 722 -1 688 724 692 -1 722 690 721 -1 690 722 688 -1 728 687 694 -1 687 728 730 -1 724 694 692 -1 694 724 728 -1 737 738 739 -1 738 737 740 -1 738 740 741 -1 741 740 742 -1 742 740 743 -1 744 739 738 -1 739 745 746 -1 745 739 744 -1 747 748 749 -1 748 750 751 -1 750 748 752 -1 752 748 747 -1 753 754 755 -1 754 753 756 -1 757 747 758 -1 747 757 752 -1 759 760 761 -1 760 759 762 -1 761 763 764 -1 763 761 760 -1 765 766 767 -1 766 765 768 -1 766 768 763 -1 766 763 760 -1 765 769 770 -1 769 765 771 -1 767 771 765 -1 771 767 772 -1 767 773 774 -1 773 767 766 -1 773 766 760 -1 773 760 762 -1 764 769 771 -1 769 764 775 -1 776 754 777 -1 754 776 759 -1 745 778 746 -1 778 745 755 -1 778 755 759 -1 759 755 754 -1 779 780 781 -1 780 779 782 -1 780 783 781 -1 747 784 758 -1 784 747 749 -1 784 749 785 -1 785 749 783 -1 785 783 780 -1 761 771 772 -1 771 761 764 -1 764 786 775 -1 786 764 763 -1 784 740 737 -1 740 784 785 -1 774 772 767 -1 772 774 778 -1 786 769 775 -1 769 786 770 -1 759 772 778 -1 772 759 761 -1 787 748 751 -1 748 787 788 -1 742 776 777 -1 776 742 743 -1 750 787 751 -1 787 750 789 -1 774 784 778 -1 784 774 757 -1 784 757 758 -1 778 737 746 -1 737 778 784 -1 746 737 739 -1 773 750 774 -1 750 773 789 -1 789 773 779 -1 779 773 782 -1 782 773 762 -1 774 752 757 -1 752 774 750 -1 759 740 762 -1 740 759 776 -1 740 776 743 -1 762 785 782 -1 785 762 740 -1 782 785 780 -1 770 768 765 -1 768 770 786 -1 768 786 763 -1 745 753 755 -1 753 745 790 -1 790 745 738 -1 738 745 744 -1 748 783 749 -1 783 748 788 -1 791 753 790 -1 753 791 756 -1 742 791 741 -1 791 754 756 -1 754 791 777 -1 777 791 742 -1 738 791 790 -1 791 738 741 -1 779 787 789 -1 787 779 788 -1 788 779 783 -1 783 779 781 -1 792 793 794 -1 793 792 795 -1 796 797 798 -1 797 796 799 -1 800 792 801 -1 792 800 795 -1 795 800 802 -1 799 803 797 -1 803 799 804 -1 805 798 806 -1 798 805 796 -1 807 808 809 -1 808 807 810 -1 805 811 802 -1 811 805 808 -1 811 808 810 -1 802 812 795 -1 812 802 811 -1 795 812 793 -1 793 813 794 -1 813 793 812 -1 813 811 814 -1 811 813 812 -1 815 803 816 -1 803 815 797 -1 815 817 818 -1 817 815 819 -1 817 819 820 -1 817 820 821 -1 818 797 815 -1 797 818 798 -1 811 807 814 -1 807 811 810 -1 818 800 801 -1 800 818 817 -1 800 817 821 -1 800 821 802 -1 796 820 799 -1 820 796 821 -1 805 821 796 -1 821 805 802 -1 816 819 815 -1 819 816 822 -1 819 822 820 -1 801 813 806 -1 813 801 792 -1 813 792 794 -1 806 814 809 -1 814 806 813 -1 809 814 807 -1 822 803 804 -1 803 822 816 -1 801 798 818 -1 798 801 806 -1 808 806 809 -1 806 808 805 -1 799 822 804 -1 822 799 820 -1 823 824 825 -1 824 823 826 -1 827 828 829 -1 828 827 830 -1 831 823 832 -1 823 831 826 -1 826 831 833 -1 830 834 828 -1 834 830 835 -1 836 829 837 -1 829 836 827 -1 838 839 840 -1 839 838 841 -1 836 842 833 -1 842 836 839 -1 842 839 841 -1 833 843 826 -1 843 833 842 -1 826 843 824 -1 824 844 825 -1 844 824 843 -1 844 842 845 -1 842 844 843 -1 846 834 847 -1 834 846 828 -1 846 848 849 -1 848 846 850 -1 848 850 851 -1 848 851 852 -1 849 828 846 -1 828 849 829 -1 842 838 845 -1 838 842 841 -1 849 831 832 -1 831 849 848 -1 831 848 852 -1 831 852 833 -1 827 851 830 -1 851 827 852 -1 836 852 827 -1 852 836 833 -1 847 850 846 -1 850 847 853 -1 850 853 851 -1 832 844 837 -1 844 832 823 -1 844 823 825 -1 837 845 840 -1 845 837 844 -1 840 845 838 -1 853 834 835 -1 834 853 847 -1 832 829 849 -1 829 832 837 -1 839 837 840 -1 837 839 836 -1 830 853 835 -1 853 830 851 -1 854 855 856 -1 856 857 854 -1 857 858 854 -1 858 859 854 -1 858 860 859 -1 860 861 859 -1 861 862 859 -1 862 863 859 -1 854 864 865 -1 865 866 854 -1 866 867 854 -1 866 868 867 -1 866 869 868 -1 866 870 869 -1 867 871 854 -1 871 855 854 -1 870 872 869 -1 870 873 872 -1 870 874 873 -1 870 875 874 -1 876 877 878 -1 878 865 876 -1 878 879 865 -1 879 866 865 -1 880 881 882 -1 882 883 880 -1 881 880 884 -1 884 885 881 -1 884 859 885 -1 859 863 885 -1 886 887 885 -1 885 888 886 -1 885 863 888 -1 888 889 886 -1 890 891 892 -1 892 893 890 -1 892 894 893 -1 894 895 893 -1 896 897 898 -1 898 899 896 -1 898 900 899 -1 898 901 900 -1 901 902 900 -1 901 903 902 -1 904 905 906 -1 906 907 904 -1 906 908 907 -1 906 909 908 -1 909 910 908 -1 906 911 909 -1 909 911 912 -1 912 913 909 -1 903 901 904 -1 904 907 903 -1 893 895 896 -1 896 899 893 -1 889 888 914 -1 914 915 889 -1 916 917 918 -1 918 919 916 -1 918 920 919 -1 920 892 919 -1 920 921 892 -1 921 894 892 -1 914 875 870 -1 870 915 914 -1 870 917 915 -1 870 918 917 -1 922 923 864 -1 864 924 922 -1 864 925 924 -1 864 854 925 -1 926 927 928 -1 928 929 926 -1 789 930 931 -1 931 750 789 -1 925 883 882 -1 882 924 925 -1 932 933 934 -1 934 935 932 -1 936 937 932 -1 932 935 936 -1 935 923 936 -1 923 922 936 -1 922 938 936 -1 938 939 936 -1 939 940 936 -1 940 916 936 -1 922 941 938 -1 940 942 916 -1 942 943 916 -1 943 944 916 -1 944 917 916 -1 922 887 945 -1 945 946 922 -1 946 947 922 -1 947 948 922 -1 948 941 922 -1 887 949 945 -1 887 950 949 -1 887 951 950 -1 887 886 951 -1 865 935 934 -1 934 876 865 -1 928 927 952 -1 952 953 928 -1 953 954 928 -1 954 955 928 -1 956 957 755 -1 755 745 956 -1 745 958 956 -1 745 959 958 -1 745 744 959 -1 744 960 959 -1 960 961 959 -1 960 962 961 -1 960 963 962 -1 960 964 963 -1 960 908 964 -1 961 927 959 -1 961 952 927 -1 908 965 964 -1 908 966 965 -1 908 967 966 -1 908 910 967 -1 865 864 923 -1 923 935 865 -1 968 754 755 -1 755 957 968 -1 907 908 960 -1 960 969 907 -1 970 971 972 -1 972 973 970 -1 974 975 956 -1 956 958 974 -1 976 977 929 -1 929 978 976 -1 929 955 978 -1 929 928 955 -1 979 959 927 -1 927 926 979 -1 980 902 903 -1 903 981 980 -1 960 744 742 -1 742 969 960 -1 742 982 969 -1 742 983 982 -1 982 984 985 -1 985 969 982 -1 986 970 973 -1 973 987 986 -1 777 742 744 -1 744 745 777 -1 972 971 913 -1 913 912 972 -1 976 978 986 -1 986 987 976 -1 975 968 957 -1 957 956 975 -1 979 974 958 -1 958 959 979 -1 777 745 755 -1 755 754 777 -1 988 989 990 -1 990 991 988 -1 992 993 994 -1 994 995 992 -1 996 997 998 -1 998 999 996 -1 1000 1001 1002 -1 1002 1003 1000 -1 1004 1005 1006 -1 1006 1007 1004 -1 1008 995 994 -1 994 1009 1008 -1 996 988 991 -1 991 997 996 -1 999 998 993 -1 993 992 999 -1 990 989 1010 -1 1010 1011 990 -1 1012 1013 890 -1 890 893 1012 -1 1007 1006 1000 -1 1000 1003 1007 -1 1001 1008 1009 -1 1009 1002 1001 -1 994 993 998 -1 998 997 994 -1 997 1009 994 -1 997 991 1009 -1 991 1002 1009 -1 991 990 1002 -1 990 1003 1002 -1 990 1011 1003 -1 1011 1014 1003 -1 1014 1007 1003 -1 1014 1004 1007 -1 1014 1012 1004 -1 1012 899 1004 -1 1012 893 899 -1 1015 1013 1012 -1 1012 1014 1015 -1 1010 1015 1014 -1 1014 1011 1010 -1 900 1005 1004 -1 1004 899 900 -1 966 967 1016 -1 1016 1017 966 -1 1018 1019 1020 -1 1020 1021 1018 -1 877 876 934 -1 934 933 877 -1 1022 1023 901 -1 901 898 1022 -1 905 904 982 -1 982 983 905 -1 1024 1025 1026 -1 1026 1027 1024 -1 879 937 936 -1 936 1026 879 -1 1026 1025 879 -1 1025 866 879 -1 877 933 932 -1 932 878 877 -1 1028 1029 1030 -1 1030 1031 1028 -1 1031 1032 1028 -1 1031 1033 1032 -1 1033 1034 1032 -1 1033 976 1034 -1 976 987 1034 -1 987 1035 1034 -1 987 973 1035 -1 973 1018 1035 -1 973 972 1018 -1 972 1019 1018 -1 972 912 1019 -1 912 911 1019 -1 1036 1037 1038 -1 1038 1027 1036 -1 1038 1024 1027 -1 1038 1039 1024 -1 901 1023 984 -1 984 982 901 -1 982 904 901 -1 962 1040 1041 -1 1041 961 962 -1 918 1025 1024 -1 1024 920 918 -1 976 1033 1042 -1 1042 977 976 -1 921 920 1024 -1 1024 1039 921 -1 954 953 1043 -1 1043 1044 954 -1 1029 1045 1046 -1 1046 1030 1029 -1 965 966 1017 -1 1017 1047 965 -1 1028 1048 1045 -1 1045 1029 1028 -1 962 963 1049 -1 1049 1040 962 -1 955 954 1044 -1 1044 978 955 -1 1032 1034 1050 -1 1050 1051 1032 -1 1016 967 910 -1 910 909 1016 -1 1043 1052 1041 -1 1041 1040 1043 -1 1040 1044 1043 -1 1040 1049 1044 -1 1049 978 1044 -1 1049 1053 978 -1 1053 986 978 -1 1053 1047 986 -1 1047 970 986 -1 1047 1017 970 -1 1017 971 970 -1 1017 1016 971 -1 1016 913 971 -1 1016 909 913 -1 1035 1018 1021 -1 1021 1054 1035 -1 1055 1038 1037 -1 1037 1056 1055 -1 866 1025 918 -1 918 870 866 -1 1030 1046 1057 -1 1057 1031 1030 -1 963 964 1053 -1 1053 1049 963 -1 1050 1034 1035 -1 1035 1054 1050 -1 858 1058 1059 -1 1059 860 858 -1 1059 1060 861 -1 861 860 1059 -1 1061 1062 857 -1 857 856 1061 -1 1060 1063 862 -1 862 861 1060 -1 859 884 925 -1 925 854 859 -1 1020 1019 911 -1 911 906 1020 -1 862 1063 888 -1 888 863 862 -1 961 1041 1052 -1 1052 952 961 -1 1033 1031 1057 -1 1057 1042 1033 -1 1028 1032 1051 -1 1051 1048 1028 -1 1061 856 855 -1 855 1064 1061 -1 1065 871 867 -1 867 1066 1065 -1 1067 1068 868 -1 868 869 1067 -1 1069 1067 869 -1 869 872 1069 -1 873 1070 1069 -1 1069 872 873 -1 952 1052 1043 -1 1043 953 952 -1 879 878 932 -1 932 937 879 -1 1068 1066 867 -1 867 868 1068 -1 914 1071 874 -1 874 875 914 -1 1053 964 965 -1 965 1047 1053 -1 874 1071 1070 -1 1070 873 874 -1 1064 855 871 -1 871 1065 1064 -1 880 883 925 -1 925 884 880 -1 1061 1064 1065 -1 1065 1066 1061 -1 1066 1062 1061 -1 1066 1068 1062 -1 1068 1058 1062 -1 1068 1067 1058 -1 1067 1059 1058 -1 1067 1069 1059 -1 1069 1060 1059 -1 1069 1070 1060 -1 1070 1071 1060 -1 1071 1063 1060 -1 1071 888 1063 -1 1071 914 888 -1 1055 1056 931 -1 931 930 1055 -1 1062 1058 858 -1 858 857 1062 -1 983 742 777 -1 777 754 968 -1 968 975 777 -1 975 974 777 -1 974 979 777 -1 979 983 777 -1 979 1045 983 -1 1045 1048 983 -1 1048 1051 983 -1 1051 1050 983 -1 1050 905 983 -1 979 926 1045 -1 1050 1054 905 -1 1054 1021 905 -1 1021 1020 905 -1 1020 906 905 -1 926 929 1046 -1 1046 1045 926 -1 929 1057 1046 -1 929 1042 1057 -1 929 977 1042 -1 781 747 980 -1 980 981 781 -1 981 1023 781 -1 1023 1022 781 -1 1023 981 985 -1 985 984 1023 -1 781 779 752 -1 752 747 781 -1 789 750 752 -1 752 779 789 -1 885 887 922 -1 922 924 885 -1 941 1072 1073 -1 1073 938 941 -1 1074 1075 1076 -1 1076 1077 1074 -1 1073 1072 1078 -1 1078 1079 1073 -1 1079 1080 1073 -1 1079 1081 1080 -1 1081 1082 1080 -1 1081 1083 1082 -1 1083 1084 1082 -1 1083 1085 1084 -1 1085 1086 1084 -1 1086 1087 1084 -1 1086 1088 1087 -1 1086 1089 1088 -1 1089 915 1088 -1 1089 889 915 -1 1090 1091 1092 -1 1092 1093 1090 -1 940 939 1080 -1 1080 1082 940 -1 949 950 1086 -1 1086 1085 949 -1 946 945 1083 -1 1083 1081 946 -1 917 944 1088 -1 1088 915 917 -1 1087 943 942 -1 942 1084 1087 -1 950 951 1089 -1 1089 1086 950 -1 942 940 1082 -1 1082 1084 942 -1 1094 1095 1090 -1 1090 1093 1094 -1 1093 1096 1094 -1 1093 1097 1096 -1 1097 1098 1096 -1 1097 1075 1098 -1 1075 1099 1098 -1 1075 1074 1099 -1 1074 1100 1099 -1 1074 1101 1100 -1 1101 1102 1100 -1 1101 1103 1102 -1 1103 895 1102 -1 1103 896 895 -1 1094 1104 1105 -1 1105 1095 1094 -1 1083 945 949 -1 949 1085 1083 -1 1106 1102 895 -1 895 894 1106 -1 885 924 882 -1 882 881 885 -1 947 946 1081 -1 1081 1079 947 -1 1107 1098 1099 -1 1099 1108 1107 -1 939 938 1073 -1 1073 1080 939 -1 1095 1105 1091 -1 1091 1090 1095 -1 1109 1101 1074 -1 1074 1077 1109 -1 948 1078 1072 -1 1072 941 948 -1 1089 951 886 -1 886 889 1089 -1 947 1079 1078 -1 1078 948 947 -1 1088 944 943 -1 943 1087 1088 -1 1096 1098 1107 -1 1107 1110 1096 -1 1094 1096 1110 -1 1110 1104 1094 -1 1099 1100 1111 -1 1111 1108 1099 -1 1075 1097 1112 -1 1112 1076 1075 -1 896 1103 1113 -1 1113 897 896 -1 1097 1093 1092 -1 1092 1112 1097 -1 1100 1102 1106 -1 1106 1111 1100 -1 1113 1103 1101 -1 1101 1109 1113 -1 1039 1105 1104 -1 1104 1110 1039 -1 1110 1107 1039 -1 1107 921 1039 -1 1107 1108 921 -1 1108 1111 921 -1 1111 1106 921 -1 1106 894 921 -1 1039 1038 1055 -1 1055 1022 1039 -1 1022 1092 1039 -1 1022 1112 1092 -1 1022 1076 1112 -1 1022 898 1076 -1 1092 1091 1039 -1 1091 1105 1039 -1 898 1077 1076 -1 898 1109 1077 -1 898 1113 1109 -1 898 897 1113 -1 930 789 779 -1 779 1055 930 -1 779 781 1055 -1 781 1022 1055 -1 752 750 931 -1 931 1056 752 -1 980 747 752 -1 752 1056 980 -1 1056 1037 980 -1 1037 1036 980 -1 1036 995 980 -1 995 1008 980 -1 1008 1001 980 -1 1001 902 980 -1 1036 992 995 -1 1001 1000 902 -1 1000 1006 902 -1 1006 1005 902 -1 1005 900 902 -1 1036 891 989 -1 989 988 1036 -1 988 996 1036 -1 996 999 1036 -1 999 992 1036 -1 891 1010 989 -1 891 1015 1010 -1 891 1013 1015 -1 891 890 1013 -1 907 969 985 -1 985 981 907 -1 981 903 907 -1 892 1027 1026 -1 1026 919 892 -1 892 891 1036 -1 1036 1027 892 -1 936 916 919 -1 919 1026 936 -1 1114 1115 1116 -1 1115 1114 1117 -1 1118 1119 1120 -1 1119 1118 1121 -1 1122 1114 1123 -1 1114 1122 1117 -1 1117 1122 1124 -1 1121 1125 1119 -1 1125 1121 1126 -1 1127 1120 1128 -1 1120 1127 1118 -1 1129 1130 1131 -1 1130 1129 1132 -1 1127 1133 1124 -1 1133 1127 1130 -1 1133 1130 1132 -1 1124 1134 1117 -1 1134 1124 1133 -1 1117 1134 1115 -1 1115 1135 1116 -1 1135 1115 1134 -1 1135 1133 1136 -1 1133 1135 1134 -1 1137 1125 1138 -1 1125 1137 1119 -1 1137 1139 1140 -1 1139 1137 1141 -1 1139 1141 1142 -1 1139 1142 1143 -1 1140 1119 1137 -1 1119 1140 1120 -1 1133 1129 1136 -1 1129 1133 1132 -1 1140 1122 1123 -1 1122 1140 1139 -1 1122 1139 1143 -1 1122 1143 1124 -1 1118 1142 1121 -1 1142 1118 1143 -1 1127 1143 1118 -1 1143 1127 1124 -1 1138 1141 1137 -1 1141 1138 1144 -1 1141 1144 1142 -1 1123 1135 1128 -1 1135 1123 1114 -1 1135 1114 1116 -1 1128 1136 1131 -1 1136 1128 1135 -1 1131 1136 1129 -1 1144 1125 1126 -1 1125 1144 1138 -1 1123 1120 1140 -1 1120 1123 1128 -1 1130 1128 1131 -1 1128 1130 1127 -1 1121 1144 1126 -1 1144 1121 1142 -1 1145 1146 1147 -1 1146 1145 1148 -1 1146 1148 1149 -1 1149 1148 864 -1 864 1148 1150 -1 923 1147 1146 -1 1147 935 1151 -1 935 1147 923 -1 1152 1153 1154 -1 1153 1155 1156 -1 1155 1153 1157 -1 1157 1153 1152 -1 1158 876 934 -1 876 1158 1159 -1 1160 1152 1161 -1 1152 1160 1157 -1 1162 1163 1164 -1 1163 1162 1165 -1 1164 1166 1167 -1 1166 1164 1163 -1 1168 1169 1170 -1 1169 1168 1171 -1 1169 1171 1166 -1 1169 1166 1163 -1 1168 1172 1173 -1 1172 1168 1174 -1 1170 1174 1168 -1 1174 1170 1175 -1 1170 1176 1177 -1 1176 1170 1169 -1 1176 1169 1163 -1 1176 1163 1165 -1 1167 1172 1174 -1 1172 1167 1178 -1 1179 876 865 -1 876 1179 1162 -1 935 1180 1151 -1 1180 935 934 -1 1180 934 1162 -1 1162 934 876 -1 1181 1182 1183 -1 1182 1181 1184 -1 1182 1185 1183 -1 1152 1186 1161 -1 1186 1152 1154 -1 1186 1154 1187 -1 1187 1154 1185 -1 1187 1185 1182 -1 1164 1174 1175 -1 1174 1164 1167 -1 1167 1188 1178 -1 1188 1167 1166 -1 1186 1148 1145 -1 1148 1186 1187 -1 1177 1175 1170 -1 1175 1177 1180 -1 1188 1172 1178 -1 1172 1188 1173 -1 1162 1175 1180 -1 1175 1162 1164 -1 1189 1153 1156 -1 1153 1189 1190 -1 864 1179 865 -1 1179 864 1150 -1 1155 1189 1156 -1 1189 1155 1191 -1 1177 1186 1180 -1 1186 1177 1160 -1 1186 1160 1161 -1 1180 1145 1151 -1 1145 1180 1186 -1 1151 1145 1147 -1 1176 1155 1177 -1 1155 1176 1191 -1 1191 1176 1181 -1 1181 1176 1184 -1 1184 1176 1165 -1 1177 1157 1160 -1 1157 1177 1155 -1 1162 1148 1165 -1 1148 1162 1179 -1 1148 1179 1150 -1 1165 1187 1184 -1 1187 1165 1148 -1 1184 1187 1182 -1 1173 1171 1168 -1 1171 1173 1188 -1 1171 1188 1166 -1 935 1158 934 -1 1158 935 1192 -1 1192 935 1146 -1 1146 935 923 -1 1153 1185 1154 -1 1185 1153 1190 -1 1193 1158 1192 -1 1158 1193 1159 -1 864 1193 1149 -1 1193 876 1159 -1 876 1193 865 -1 865 1193 864 -1 1146 1193 1192 -1 1193 1146 1149 -1 1181 1189 1191 -1 1189 1181 1190 -1 1190 1181 1185 -1 1185 1181 1183 -1 1194 1195 1196 -1 1195 1194 1197 -1 1198 1199 1200 -1 1199 1198 1201 -1 1202 1203 1204 -1 1203 1202 1205 -1 1206 1207 1208 -1 1207 1206 1209 -1 1210 1200 1211 -1 1200 1210 1198 -1 1212 1198 1213 -1 1198 1212 1201 -1 1207 1214 1215 -1 1214 1207 1216 -1 1217 1218 1219 -1 1218 1217 1220 -1 1221 1222 1223 -1 1222 1221 1224 -1 1225 1226 1217 -1 1226 1225 1227 -1 1228 1229 1230 -1 1229 1228 1231 -1 1207 1232 1208 -1 1232 1207 1215 -1 1197 1233 1195 -1 1233 1197 1234 -1 1235 1209 1206 -1 1209 1235 1236 -1 1237 1233 1238 -1 1233 1237 1196 -1 1233 1196 1195 -1 1239 1203 1240 -1 1203 1239 1204 -1 1241 1242 1243 -1 1242 1241 1244 -1 1220 1245 1246 -1 1245 1220 1247 -1 1248 1220 1246 -1 1220 1248 1218 -1 1212 1240 1201 -1 1240 1212 1239 -1 1213 1210 1249 -1 1210 1213 1198 -1 1197 1211 1234 -1 1211 1197 1210 -1 1248 1236 1235 -1 1236 1248 1246 -1 1202 1250 1205 -1 1250 1202 1231 -1 1231 1202 1229 -1 1251 1228 1230 -1 1228 1251 1252 -1 1253 1244 1241 -1 1244 1253 1254 -1 1255 1254 1253 -1 1254 1255 1256 -1 1257 1214 1258 -1 1214 1257 1232 -1 1214 1232 1215 -1 1203 1259 1240 -1 1259 1203 1260 -1 1217 1247 1220 -1 1247 1217 1226 -1 1249 1197 1194 -1 1197 1249 1210 -1 1209 1261 1262 -1 1261 1209 1236 -1 1243 1224 1221 -1 1224 1243 1242 -1 1240 1199 1201 -1 1199 1240 1259 -1 1252 1256 1255 -1 1256 1252 1251 -1 1209 1216 1207 -1 1216 1209 1262 -1 1258 1261 1263 -1 1261 1258 1262 -1 1262 1258 1216 -1 1216 1258 1214 -1 1223 1243 1221 -1 1243 1223 1241 -1 1241 1223 1264 -1 1241 1264 1253 -1 1253 1264 1265 -1 1253 1265 1255 -1 1255 1265 1266 -1 1255 1266 1267 -1 1267 1266 1245 -1 1267 1245 1247 -1 1267 1247 1226 -1 1267 1226 1268 -1 1245 1266 1263 -1 1245 1263 1261 -1 1268 1226 1227 -1 1255 1269 1252 -1 1269 1255 1267 -1 1252 1269 1200 -1 1200 1269 1211 -1 1211 1269 1234 -1 1234 1269 1238 -1 1252 1200 1228 -1 1234 1238 1233 -1 1228 1199 1231 -1 1199 1228 1200 -1 1231 1199 1259 -1 1231 1259 1260 -1 1231 1260 1250 -1 1236 1245 1261 -1 1245 1236 1246 -1 1205 1260 1203 -1 1260 1205 1250 -1 1225 1219 1270 -1 1219 1225 1217 -1 1258 1271 1257 -1 1271 1258 1263 -1 1265 1272 1266 -1 1272 1265 1273 -1 1263 1272 1271 -1 1272 1263 1266 -1 1238 1274 1237 -1 1274 1238 1269 -1 1229 1212 1230 -1 1212 1229 1239 -1 1239 1229 1204 -1 1204 1229 1202 -1 1251 1274 1256 -1 1274 1251 1213 -1 1274 1213 1249 -1 1274 1249 1194 -1 1274 1194 1237 -1 1213 1251 1230 -1 1213 1230 1212 -1 1237 1194 1196 -1 1244 1224 1242 -1 1224 1244 1222 -1 1222 1244 1254 -1 1222 1254 1275 -1 1275 1254 1256 -1 1275 1256 1273 -1 1273 1256 1272 -1 1272 1256 1276 -1 1276 1256 1274 -1 1272 1276 1248 -1 1248 1276 1218 -1 1218 1276 1219 -1 1219 1276 1277 -1 1272 1248 1271 -1 1219 1277 1270 -1 1271 1235 1257 -1 1235 1271 1248 -1 1257 1235 1206 -1 1257 1206 1208 -1 1257 1208 1232 -1 1270 1227 1225 -1 1227 1270 1268 -1 1268 1270 1277 -1 1223 1275 1264 -1 1275 1223 1222 -1 1276 1269 1267 -1 1269 1276 1274 -1 1264 1273 1265 -1 1273 1264 1275 -1 1276 1268 1277 -1 1268 1276 1267 -1 1278 1279 1280 -1 1279 1278 1281 -1 1279 1281 1282 -1 1282 1281 1283 -1 1283 1281 1284 -1 1285 1280 1279 -1 1280 1286 1287 -1 1286 1280 1285 -1 1288 1289 1290 -1 1289 1291 1292 -1 1291 1289 1293 -1 1293 1289 1288 -1 1294 1295 1296 -1 1295 1294 1297 -1 1298 1288 1299 -1 1288 1298 1293 -1 1300 1301 1302 -1 1301 1300 1303 -1 1302 1304 1305 -1 1304 1302 1301 -1 1306 1307 1308 -1 1307 1306 1309 -1 1307 1309 1304 -1 1307 1304 1301 -1 1306 1310 1311 -1 1310 1306 1312 -1 1308 1312 1306 -1 1312 1308 1313 -1 1308 1314 1315 -1 1314 1308 1307 -1 1314 1307 1301 -1 1314 1301 1303 -1 1305 1310 1312 -1 1310 1305 1316 -1 1317 1295 1318 -1 1295 1317 1300 -1 1286 1319 1287 -1 1319 1286 1296 -1 1319 1296 1300 -1 1300 1296 1295 -1 1320 1321 1322 -1 1321 1320 1323 -1 1321 1324 1322 -1 1288 1325 1299 -1 1325 1288 1290 -1 1325 1290 1326 -1 1326 1290 1324 -1 1326 1324 1321 -1 1302 1312 1313 -1 1312 1302 1305 -1 1305 1327 1316 -1 1327 1305 1304 -1 1325 1281 1278 -1 1281 1325 1326 -1 1315 1313 1308 -1 1313 1315 1319 -1 1327 1310 1316 -1 1310 1327 1311 -1 1300 1313 1319 -1 1313 1300 1302 -1 1328 1289 1292 -1 1289 1328 1329 -1 1283 1317 1318 -1 1317 1283 1284 -1 1291 1328 1292 -1 1328 1291 1330 -1 1315 1325 1319 -1 1325 1315 1298 -1 1325 1298 1299 -1 1319 1278 1287 -1 1278 1319 1325 -1 1287 1278 1280 -1 1314 1291 1315 -1 1291 1314 1330 -1 1330 1314 1320 -1 1320 1314 1323 -1 1323 1314 1303 -1 1315 1293 1298 -1 1293 1315 1291 -1 1300 1281 1303 -1 1281 1300 1317 -1 1281 1317 1284 -1 1303 1326 1323 -1 1326 1303 1281 -1 1323 1326 1321 -1 1311 1309 1306 -1 1309 1311 1327 -1 1309 1327 1304 -1 1286 1294 1296 -1 1294 1286 1331 -1 1331 1286 1279 -1 1279 1286 1285 -1 1289 1324 1290 -1 1324 1289 1329 -1 1332 1294 1331 -1 1294 1332 1297 -1 1283 1332 1282 -1 1332 1295 1297 -1 1295 1332 1318 -1 1318 1332 1283 -1 1279 1332 1331 -1 1332 1279 1282 -1 1320 1328 1330 -1 1328 1320 1329 -1 1329 1320 1324 -1 1324 1320 1322 -1 1333 1334 1335 -1 1334 1333 1336 -1 1337 1333 1338 -1 1333 1337 1336 -1 1336 1337 1339 -1 1334 1336 1340 -1 1341 1336 1339 -1 1336 1341 1342 -1 1336 1342 1340 -1 1340 1342 1343 -1 1343 1342 1344 -1 1344 1342 1345 -1 1345 1342 1346 -1 1347 1346 1348 -1 1346 1347 1345 -1 1349 1345 1347 -1 1345 1349 1344 -1 1350 1344 1349 -1 1344 1350 1343 -1 1340 1350 1351 -1 1350 1340 1343 -1 1335 1340 1351 -1 1340 1335 1334 -1 1339 1352 1341 -1 1352 1339 1337 -1 1338 1352 1337 -1 1342 1352 1353 -1 1352 1342 1341 -1 1335 1351 1333 -1 1333 1352 1338 -1 1352 1333 1353 -1 1353 1333 1351 -1 1353 1351 1350 -1 1353 1350 1349 -1 1353 1349 1347 -1 1353 1347 1348 -1 1348 1342 1353 -1 1342 1348 1346 -1 1354 1355 1356 -1 1355 1354 1357 -1 1358 1359 1360 -1 1359 1358 1361 -1 1362 1354 1363 -1 1354 1362 1357 -1 1357 1362 1364 -1 1361 1365 1359 -1 1365 1361 1366 -1 1367 1360 1368 -1 1360 1367 1358 -1 1369 1370 1371 -1 1370 1369 1372 -1 1367 1373 1364 -1 1373 1367 1370 -1 1373 1370 1372 -1 1364 1374 1357 -1 1374 1364 1373 -1 1357 1374 1355 -1 1355 1375 1356 -1 1375 1355 1374 -1 1375 1373 1376 -1 1373 1375 1374 -1 1377 1365 1378 -1 1365 1377 1359 -1 1377 1379 1380 -1 1379 1377 1381 -1 1379 1381 1382 -1 1379 1382 1383 -1 1380 1359 1377 -1 1359 1380 1360 -1 1373 1369 1376 -1 1369 1373 1372 -1 1380 1362 1363 -1 1362 1380 1379 -1 1362 1379 1383 -1 1362 1383 1364 -1 1358 1382 1361 -1 1382 1358 1383 -1 1367 1383 1358 -1 1383 1367 1364 -1 1378 1381 1377 -1 1381 1378 1384 -1 1381 1384 1382 -1 1363 1375 1368 -1 1375 1363 1354 -1 1375 1354 1356 -1 1368 1376 1371 -1 1376 1368 1375 -1 1371 1376 1369 -1 1384 1365 1366 -1 1365 1384 1378 -1 1363 1360 1380 -1 1360 1363 1368 -1 1370 1368 1371 -1 1368 1370 1367 -1 1361 1384 1366 -1 1384 1361 1382 -1 1385 1386 1387 -1 1386 1385 1388 -1 1389 1390 1391 -1 1390 1389 1392 -1 1393 1385 1394 -1 1385 1393 1388 -1 1388 1393 1395 -1 1392 1396 1390 -1 1396 1392 1397 -1 1398 1391 1399 -1 1391 1398 1389 -1 1400 1401 1402 -1 1401 1400 1403 -1 1398 1404 1395 -1 1404 1398 1401 -1 1404 1401 1403 -1 1395 1405 1388 -1 1405 1395 1404 -1 1388 1405 1386 -1 1386 1406 1387 -1 1406 1386 1405 -1 1406 1404 1407 -1 1404 1406 1405 -1 1408 1396 1409 -1 1396 1408 1390 -1 1408 1410 1411 -1 1410 1408 1412 -1 1410 1412 1413 -1 1410 1413 1414 -1 1411 1390 1408 -1 1390 1411 1391 -1 1404 1400 1407 -1 1400 1404 1403 -1 1411 1393 1394 -1 1393 1411 1410 -1 1393 1410 1414 -1 1393 1414 1395 -1 1389 1413 1392 -1 1413 1389 1414 -1 1398 1414 1389 -1 1414 1398 1395 -1 1409 1412 1408 -1 1412 1409 1415 -1 1412 1415 1413 -1 1394 1406 1399 -1 1406 1394 1385 -1 1406 1385 1387 -1 1399 1407 1402 -1 1407 1399 1406 -1 1402 1407 1400 -1 1415 1396 1397 -1 1396 1415 1409 -1 1394 1391 1411 -1 1391 1394 1399 -1 1401 1399 1402 -1 1399 1401 1398 -1 1392 1415 1397 -1 1415 1392 1413 -1 1416 1417 1418 -1 1417 1416 1419 -1 1418 1420 1421 -1 1420 1418 1417 -1 1422 1423 1424 -1 1423 1422 1425 -1 1417 1426 1427 -1 1426 1417 1419 -1 1420 1427 1428 -1 1427 1420 1417 -1 1423 1429 1430 -1 1429 1423 1425 -1 1420 1431 1432 -1 1431 1420 1428 -1 1424 1433 1434 -1 1433 1424 1423 -1 1421 1432 1435 -1 1432 1421 1420 -1 1434 1422 1424 -1 1422 1434 1436 -1 1436 1434 1437 -1 1438 1419 1416 -1 1419 1438 1439 -1 1440 1441 1442 -1 1441 1440 1443 -1 1443 1444 1441 -1 1444 1443 1445 -1 1446 1443 1440 -1 1443 1446 1447 -1 1448 1449 1450 -1 1449 1448 1451 -1 1450 1452 1453 -1 1452 1450 1449 -1 1423 1454 1433 -1 1454 1423 1430 -1 1419 1455 1426 -1 1455 1419 1439 -1 1430 1455 1439 -1 1455 1430 1429 -1 1438 1430 1439 -1 1430 1438 1454 -1 1437 1438 1456 -1 1438 1437 1454 -1 1454 1437 1433 -1 1433 1437 1434 -1 1457 1458 1459 -1 1458 1457 1460 -1 1460 1457 1461 -1 1460 1461 1462 -1 1462 1461 1463 -1 1462 1463 969 -1 969 1463 1418 -1 969 1418 1421 -1 969 1421 1464 -1 1418 1463 1416 -1 1416 1463 1456 -1 1416 1456 1438 -1 1464 1421 1435 -1 1462 982 1465 -1 982 1462 969 -1 1465 982 1466 -1 1466 982 1452 -1 1452 982 1467 -1 1465 1466 1468 -1 1465 1468 1469 -1 1452 1467 1453 -1 1469 1470 1471 -1 1470 1469 1468 -1 1471 1470 1446 -1 1471 1446 1440 -1 1471 1440 1442 -1 1449 1472 1473 -1 1472 1449 1451 -1 1474 1437 1456 -1 1437 1474 1436 -1 1464 1431 1475 -1 1431 1464 1435 -1 1431 1435 1432 -1 1476 1458 1477 -1 1458 1476 1459 -1 1478 1469 1471 -1 1469 1478 1479 -1 1469 1480 1465 -1 1480 1469 1479 -1 1478 1481 1479 -1 1481 1478 1482 -1 1482 1478 1445 -1 1445 1478 1444 -1 1483 1476 1477 -1 1476 1483 1484 -1 1484 1483 1485 -1 1485 1483 1486 -1 1485 1486 1480 -1 1485 1480 1023 -1 1023 1480 1472 -1 1023 1472 1451 -1 1023 1451 1487 -1 1472 1480 1488 -1 1488 1480 1479 -1 1488 1479 1481 -1 1487 1451 1448 -1 1485 981 1489 -1 981 1485 1023 -1 1489 981 1427 -1 1427 981 1428 -1 1428 981 1475 -1 1489 1427 1426 -1 1489 1426 1474 -1 1428 1475 1431 -1 1474 1455 1436 -1 1455 1474 1426 -1 1436 1455 1429 -1 1436 1429 1425 -1 1436 1425 1422 -1 1477 1460 1483 -1 1460 1477 1458 -1 1483 1462 1486 -1 1462 1483 1460 -1 1471 1444 1478 -1 1444 1471 1442 -1 1444 1442 1441 -1 1485 1457 1484 -1 1457 1485 1461 -1 1486 1465 1480 -1 1465 1486 1462 -1 1475 969 1464 -1 969 1475 981 -1 982 981 1023 -1 981 982 969 -1 1453 1448 1450 -1 1448 1453 1487 -1 1487 1453 1467 -1 1489 1461 1485 -1 1461 1489 1463 -1 1489 1456 1463 -1 1456 1489 1474 -1 1484 1459 1476 -1 1459 1484 1457 -1 982 1487 1467 -1 1487 982 1023 -1 1470 1447 1446 -1 1447 1470 1490 -1 1443 1482 1445 -1 1482 1443 1447 -1 1468 1490 1470 -1 1490 1468 1491 -1 1447 1481 1482 -1 1481 1447 1490 -1 1468 1473 1491 -1 1473 1468 1466 -1 1473 1488 1491 -1 1488 1473 1472 -1 1490 1488 1481 -1 1488 1490 1491 -1 1449 1466 1452 -1 1466 1449 1473 -1 1492 1493 1494 -1 1493 1492 1495 -1 1493 1495 1496 -1 1496 1495 1497 -1 1497 1495 1498 -1 1499 1494 1493 -1 1494 1500 1501 -1 1500 1494 1499 -1 1502 1503 1504 -1 1503 1505 1506 -1 1505 1503 1507 -1 1507 1503 1502 -1 1508 1509 1510 -1 1509 1508 1511 -1 1512 1502 1513 -1 1502 1512 1507 -1 1514 1515 1516 -1 1515 1514 1517 -1 1516 1518 1519 -1 1518 1516 1515 -1 1520 1521 1522 -1 1521 1520 1523 -1 1521 1523 1518 -1 1521 1518 1515 -1 1520 1524 1525 -1 1524 1520 1526 -1 1522 1526 1520 -1 1526 1522 1527 -1 1522 1528 1529 -1 1528 1522 1521 -1 1528 1521 1515 -1 1528 1515 1517 -1 1519 1524 1526 -1 1524 1519 1530 -1 1531 1509 1532 -1 1509 1531 1514 -1 1500 1533 1501 -1 1533 1500 1510 -1 1533 1510 1514 -1 1514 1510 1509 -1 1534 1535 1536 -1 1535 1534 1537 -1 1535 1538 1536 -1 1502 1539 1513 -1 1539 1502 1504 -1 1539 1504 1540 -1 1540 1504 1538 -1 1540 1538 1535 -1 1516 1526 1527 -1 1526 1516 1519 -1 1519 1541 1530 -1 1541 1519 1518 -1 1539 1495 1492 -1 1495 1539 1540 -1 1529 1527 1522 -1 1527 1529 1533 -1 1541 1524 1530 -1 1524 1541 1525 -1 1514 1527 1533 -1 1527 1514 1516 -1 1542 1503 1506 -1 1503 1542 1543 -1 1497 1531 1532 -1 1531 1497 1498 -1 1505 1542 1506 -1 1542 1505 1544 -1 1529 1539 1533 -1 1539 1529 1512 -1 1539 1512 1513 -1 1533 1492 1501 -1 1492 1533 1539 -1 1501 1492 1494 -1 1528 1505 1529 -1 1505 1528 1544 -1 1544 1528 1534 -1 1534 1528 1537 -1 1537 1528 1517 -1 1529 1507 1512 -1 1507 1529 1505 -1 1514 1495 1517 -1 1495 1514 1531 -1 1495 1531 1498 -1 1517 1540 1537 -1 1540 1517 1495 -1 1537 1540 1535 -1 1525 1523 1520 -1 1523 1525 1541 -1 1523 1541 1518 -1 1500 1508 1510 -1 1508 1500 1545 -1 1545 1500 1493 -1 1493 1500 1499 -1 1503 1538 1504 -1 1538 1503 1543 -1 1546 1508 1545 -1 1508 1546 1511 -1 1497 1546 1496 -1 1546 1509 1511 -1 1509 1546 1532 -1 1532 1546 1497 -1 1493 1546 1545 -1 1546 1493 1496 -1 1534 1542 1544 -1 1542 1534 1543 -1 1543 1534 1538 -1 1538 1534 1536 -1 1547 1548 1549 -1 1549 1550 1547 -1 1551 1552 1553 -1 1553 1554 1551 -1 883 882 1555 -1 1555 1556 883 -1 1557 1558 1559 -1 1559 1560 1557 -1 1561 1191 1181 -1 1181 1557 1561 -1 1181 1183 1557 -1 1183 1551 1557 -1 1551 1558 1557 -1 1551 1554 1558 -1 1549 1559 1553 -1 1553 1550 1549 -1 1553 1556 1550 -1 1556 1555 1550 -1 1559 1558 1554 -1 1554 1553 1559 -1 1548 1152 1157 -1 1157 1560 1548 -1 1560 1559 1548 -1 1559 1549 1548 -1 1157 1155 1562 -1 1562 1560 1157 -1 1557 1560 1562 -1 1562 1561 1557 -1 1191 1561 1562 -1 1562 1155 1191 -1 883 1552 1547 -1 1547 882 883 -1 1183 1152 1548 -1 1548 1547 1183 -1 1547 1552 1183 -1 1552 1551 1183 -1 1191 1155 1157 -1 1157 1181 1191 -1 1553 1552 883 -1 883 1556 1553 -1 1183 1181 1157 -1 1157 1152 1183 -1 1555 882 1547 -1 1547 1550 1555 -1 1563 1564 1565 -1 1564 1563 1566 -1 1567 1568 1569 -1 1568 1567 1570 -1 1571 1563 1572 -1 1563 1571 1566 -1 1566 1571 1573 -1 1570 1574 1568 -1 1574 1570 1575 -1 1576 1569 1577 -1 1569 1576 1567 -1 1578 1579 1580 -1 1579 1578 1581 -1 1576 1582 1573 -1 1582 1576 1579 -1 1582 1579 1581 -1 1573 1583 1566 -1 1583 1573 1582 -1 1566 1583 1564 -1 1564 1584 1565 -1 1584 1564 1583 -1 1584 1582 1585 -1 1582 1584 1583 -1 1586 1574 1587 -1 1574 1586 1568 -1 1586 1588 1589 -1 1588 1586 1590 -1 1588 1590 1591 -1 1588 1591 1592 -1 1589 1568 1586 -1 1568 1589 1569 -1 1582 1578 1585 -1 1578 1582 1581 -1 1589 1571 1572 -1 1571 1589 1588 -1 1571 1588 1592 -1 1571 1592 1573 -1 1567 1591 1570 -1 1591 1567 1592 -1 1576 1592 1567 -1 1592 1576 1573 -1 1587 1590 1586 -1 1590 1587 1593 -1 1590 1593 1591 -1 1572 1584 1577 -1 1584 1572 1563 -1 1584 1563 1565 -1 1577 1585 1580 -1 1585 1577 1584 -1 1580 1585 1578 -1 1593 1574 1575 -1 1574 1593 1587 -1 1572 1569 1589 -1 1569 1572 1577 -1 1579 1577 1580 -1 1577 1579 1576 -1 1570 1593 1575 -1 1593 1570 1591 -1 1594 1595 1596 -1 1595 1594 1597 -1 1598 1599 1600 -1 1599 1598 1601 -1 1598 1602 1603 -1 1602 1598 1600 -1 1604 1598 1605 -1 1598 1604 1601 -1 1596 1601 1604 -1 1601 1596 1595 -1 1601 1606 1599 -1 1606 1601 1595 -1 1605 1603 1607 -1 1603 1605 1598 -1 1608 1609 1597 -1 1609 1608 1610 -1 1611 1612 1613 -1 1612 1611 1614 -1 1615 1608 1616 -1 1608 1615 1612 -1 1613 1615 1617 -1 1615 1613 1612 -1 1612 1610 1608 -1 1610 1612 1614 -1 1618 1619 1620 -1 1619 1618 1621 -1 1617 1611 1613 -1 1611 1617 1622 -1 1622 1617 1623 -1 1623 1594 1624 -1 1594 1623 1616 -1 1616 1623 1615 -1 1615 1623 1617 -1 1625 1626 1627 -1 1626 1625 1628 -1 1628 1625 1629 -1 1628 1629 1630 -1 1630 1629 1631 -1 1630 1631 1632 -1 1632 1631 1596 -1 1632 1596 1604 -1 1632 1604 1605 -1 1632 1605 1633 -1 1596 1631 1624 -1 1596 1624 1594 -1 1633 1605 1607 -1 1630 1634 1635 -1 1634 1630 1632 -1 1635 1634 1636 -1 1636 1634 1637 -1 1637 1634 1638 -1 1638 1634 1639 -1 1635 1636 1640 -1 1638 1639 1641 -1 1640 1642 1643 -1 1642 1640 1636 -1 1643 1642 1644 -1 1643 1644 1645 -1 1643 1645 1646 -1 1595 1609 1606 -1 1609 1595 1597 -1 1594 1608 1597 -1 1608 1594 1616 -1 1641 1618 1620 -1 1618 1641 1647 -1 1647 1641 1639 -1 1648 1628 1649 -1 1628 1648 1626 -1 1634 1650 1651 -1 1650 1634 1632 -1 1651 1639 1634 -1 1639 1651 1647 -1 1652 1653 1654 -1 1653 1652 1655 -1 1655 1652 1656 -1 1656 1652 1657 -1 1649 1658 1648 -1 1658 1649 1659 -1 1659 1649 1660 -1 1659 1660 1661 -1 1661 1660 1662 -1 1661 1662 1651 -1 1651 1662 1663 -1 1651 1663 1664 -1 1651 1664 1621 -1 1651 1621 1647 -1 1663 1662 1654 -1 1663 1654 1653 -1 1647 1621 1618 -1 1661 1650 1665 -1 1650 1661 1651 -1 1665 1650 1606 -1 1606 1650 1599 -1 1599 1650 1600 -1 1600 1650 1666 -1 1665 1606 1667 -1 1600 1666 1602 -1 1667 1609 1622 -1 1609 1667 1606 -1 1622 1609 1610 -1 1622 1610 1614 -1 1622 1614 1611 -1 1633 1602 1666 -1 1602 1633 1607 -1 1602 1607 1603 -1 1666 1632 1633 -1 1632 1666 1650 -1 1645 1668 1646 -1 1668 1645 1669 -1 1644 1669 1645 -1 1669 1644 1670 -1 1642 1670 1644 -1 1670 1642 1671 -1 1636 1671 1642 -1 1671 1636 1672 -1 1636 1673 1672 -1 1673 1636 1637 -1 1619 1637 1638 -1 1637 1619 1673 -1 1619 1664 1673 -1 1664 1619 1621 -1 1670 1653 1655 -1 1653 1670 1671 -1 1655 1669 1670 -1 1669 1655 1656 -1 1669 1657 1668 -1 1657 1669 1656 -1 1620 1638 1641 -1 1638 1620 1619 -1 1673 1663 1672 -1 1663 1673 1664 -1 1671 1663 1653 -1 1663 1671 1672 -1 1635 1660 1630 -1 1660 1635 1662 -1 1649 1630 1660 -1 1630 1649 1628 -1 1640 1662 1635 -1 1662 1640 1654 -1 1667 1623 1624 -1 1623 1667 1622 -1 1643 1657 1652 -1 1657 1643 1646 -1 1657 1646 1668 -1 1658 1626 1648 -1 1626 1658 1627 -1 1652 1640 1643 -1 1640 1652 1654 -1 1661 1625 1659 -1 1625 1661 1629 -1 1659 1627 1658 -1 1627 1659 1625 -1 1665 1624 1631 -1 1624 1665 1667 -1 1661 1631 1629 -1 1631 1661 1665 -1 1674 1675 1676 -1 1675 1674 1677 -1 1676 1678 1679 -1 1678 1676 1675 -1 1680 1681 1682 -1 1681 1680 1683 -1 1675 1684 1685 -1 1684 1675 1677 -1 1678 1685 1686 -1 1685 1678 1675 -1 1681 1687 1688 -1 1687 1681 1683 -1 1678 1689 1690 -1 1689 1678 1686 -1 1682 1691 1692 -1 1691 1682 1681 -1 1679 1690 1693 -1 1690 1679 1678 -1 1692 1680 1682 -1 1680 1692 1694 -1 1694 1692 1695 -1 1696 1677 1674 -1 1677 1696 1697 -1 1698 1699 1700 -1 1699 1698 1701 -1 1701 1702 1699 -1 1702 1701 1703 -1 1704 1701 1698 -1 1701 1704 1705 -1 1706 1707 1708 -1 1707 1706 1709 -1 1708 1710 1711 -1 1710 1708 1707 -1 1681 1712 1691 -1 1712 1681 1688 -1 1677 1713 1684 -1 1713 1677 1697 -1 1688 1713 1697 -1 1713 1688 1687 -1 1696 1688 1697 -1 1688 1696 1712 -1 1695 1696 1714 -1 1696 1695 1712 -1 1712 1695 1691 -1 1691 1695 1692 -1 1715 1716 1717 -1 1716 1715 1718 -1 1718 1715 1719 -1 1718 1719 1720 -1 1720 1719 1721 -1 1720 1721 924 -1 924 1721 1676 -1 924 1676 1679 -1 924 1679 1722 -1 1676 1721 1674 -1 1674 1721 1714 -1 1674 1714 1696 -1 1722 1679 1693 -1 1720 925 1723 -1 925 1720 924 -1 1723 925 1724 -1 1724 925 1710 -1 1710 925 1725 -1 1723 1724 1726 -1 1723 1726 1727 -1 1710 1725 1711 -1 1727 1728 1729 -1 1728 1727 1726 -1 1729 1728 1704 -1 1729 1704 1698 -1 1729 1698 1700 -1 1707 1730 1731 -1 1730 1707 1709 -1 1732 1695 1714 -1 1695 1732 1694 -1 1722 1689 1733 -1 1689 1722 1693 -1 1689 1693 1690 -1 1734 1716 1735 -1 1716 1734 1717 -1 1736 1727 1729 -1 1727 1736 1737 -1 1727 1738 1723 -1 1738 1727 1737 -1 1736 1739 1737 -1 1739 1736 1740 -1 1740 1736 1703 -1 1703 1736 1702 -1 1741 1734 1735 -1 1734 1741 1742 -1 1742 1741 1743 -1 1743 1741 1744 -1 1743 1744 1738 -1 1743 1738 1552 -1 1552 1738 1730 -1 1552 1730 1709 -1 1552 1709 1745 -1 1730 1738 1746 -1 1746 1738 1737 -1 1746 1737 1739 -1 1745 1709 1706 -1 1743 1547 1747 -1 1547 1743 1552 -1 1747 1547 1685 -1 1685 1547 1686 -1 1686 1547 1733 -1 1747 1685 1684 -1 1747 1684 1732 -1 1686 1733 1689 -1 1732 1713 1694 -1 1713 1732 1684 -1 1694 1713 1687 -1 1694 1687 1683 -1 1694 1683 1680 -1 1735 1718 1741 -1 1718 1735 1716 -1 1741 1720 1744 -1 1720 1741 1718 -1 1729 1702 1736 -1 1702 1729 1700 -1 1702 1700 1699 -1 1743 1715 1742 -1 1715 1743 1719 -1 1744 1723 1738 -1 1723 1744 1720 -1 1733 924 1722 -1 924 1733 1547 -1 925 1547 1552 -1 1547 925 924 -1 1711 1706 1708 -1 1706 1711 1745 -1 1745 1711 1725 -1 1747 1719 1743 -1 1719 1747 1721 -1 1747 1714 1721 -1 1714 1747 1732 -1 1742 1717 1734 -1 1717 1742 1715 -1 925 1745 1725 -1 1745 925 1552 -1 1728 1705 1704 -1 1705 1728 1748 -1 1701 1740 1703 -1 1740 1701 1705 -1 1726 1748 1728 -1 1748 1726 1749 -1 1705 1739 1740 -1 1739 1705 1748 -1 1726 1731 1749 -1 1731 1726 1724 -1 1731 1746 1749 -1 1746 1731 1730 -1 1748 1746 1739 -1 1746 1748 1749 -1 1707 1724 1710 -1 1724 1707 1731 -1 1750 604 625 -1 604 1750 1751 -1 604 1752 1753 -1 1752 604 1751 -1 1754 1755 1756 -1 1755 1754 1757 -1 1752 1758 931 -1 1758 1752 1759 -1 1758 1759 1760 -1 1759 1752 1751 -1 1759 1751 1761 -1 1761 1751 1750 -1 1761 877 1762 -1 877 1761 1750 -1 1763 1764 1765 -1 1764 1763 1758 -1 1764 1758 930 -1 930 1758 1760 -1 933 1750 1766 -1 1750 933 1767 -1 1750 1767 877 -1 1767 933 1768 -1 1768 1769 1767 -1 1769 1768 1770 -1 1771 1772 1773 -1 1772 1771 1774 -1 1766 625 1775 -1 625 1766 1750 -1 1776 1777 1778 -1 1777 1776 1779 -1 1780 1770 1781 -1 1770 1780 1769 -1 1782 1783 1784 -1 1783 1782 1785 -1 1786 1787 1788 -1 1787 1786 1789 -1 1776 1790 1791 -1 1790 1776 1778 -1 1790 1778 1792 -1 1790 1792 1793 -1 1777 1794 1795 -1 1794 1777 1779 -1 1796 1797 1798 -1 1797 1796 1799 -1 1782 1799 1796 -1 1799 1782 1784 -1 1798 1800 1801 -1 1800 1798 1797 -1 1801 1802 1803 -1 1802 1801 1800 -1 1789 1804 1787 -1 1804 1789 1805 -1 1806 1807 1808 -1 1807 1806 1809 -1 1793 1810 1783 -1 1810 1793 1811 -1 1811 1793 1812 -1 1812 1793 1792 -1 1797 1802 1800 -1 1802 1797 1813 -1 1813 1797 1799 -1 1813 1799 1784 -1 1813 1784 1775 -1 1775 1784 1814 -1 1775 1814 1815 -1 1775 1815 1816 -1 1775 1816 1817 -1 1775 1817 1766 -1 1814 1784 1783 -1 1814 1783 1810 -1 1766 1817 1818 -1 1766 1818 1819 -1 1766 1819 1820 -1 1766 1820 933 -1 1807 1786 1788 -1 1786 1807 1809 -1 931 1821 1822 -1 1821 931 1758 -1 1821 1808 1822 -1 1808 1821 1806 -1 1795 1780 1781 -1 1780 1795 1794 -1 1785 1793 1783 -1 1793 1785 1790 -1 1771 1823 1774 -1 1823 1771 1824 -1 1824 1771 1825 -1 1825 1771 1826 -1 1827 1754 1756 -1 1754 1827 1828 -1 1828 1827 1829 -1 1828 1829 1830 -1 1828 1830 1831 -1 1831 1830 1832 -1 1831 1832 1833 -1 1831 1833 1834 -1 1831 1834 1835 -1 1831 1835 1760 -1 1832 1830 1774 -1 1832 1774 1823 -1 1760 1835 1836 -1 1760 1836 1837 -1 1760 1837 1838 -1 1760 1838 930 -1 1803 1798 1801 -1 1798 1803 1839 -1 1798 1839 1796 -1 1796 1839 1782 -1 1840 1841 1839 -1 1841 1840 1842 -1 1842 1840 1762 -1 1839 1841 1843 -1 1839 1843 1844 -1 1839 1844 1782 -1 1782 1844 1785 -1 1842 1762 1845 -1 1845 1762 1846 -1 1846 1762 1847 -1 1847 1762 877 -1 1785 1848 1790 -1 1848 1785 1844 -1 1790 1848 1849 -1 1790 1849 1850 -1 1790 1850 1791 -1 1851 1842 1852 -1 1842 1851 1841 -1 1853 1841 1851 -1 1841 1853 1843 -1 1853 1844 1843 -1 1844 1853 1854 -1 1854 1848 1844 -1 1848 1854 1855 -1 1855 1849 1848 -1 1849 1855 1856 -1 1857 1849 1856 -1 1849 1857 1850 -1 1776 1850 1857 -1 1850 1776 1791 -1 1853 1855 1854 -1 1855 1853 1856 -1 1856 1853 1851 -1 1856 1851 1857 -1 1857 1851 1852 -1 1857 1852 1776 -1 1776 1852 1858 -1 1776 1858 1779 -1 1779 1858 1859 -1 1779 1859 1794 -1 1794 1859 1860 -1 1794 1860 1780 -1 1780 1860 1767 -1 1780 1767 1769 -1 1847 1767 1860 -1 1767 1847 877 -1 1762 626 1761 -1 626 1762 1840 -1 610 1760 1759 -1 1760 610 1831 -1 1759 626 610 -1 626 1759 1761 -1 1859 1847 1860 -1 1847 1859 1846 -1 1842 1858 1852 -1 1858 1842 1845 -1 1834 1861 1862 -1 1861 1834 1833 -1 1861 1832 1863 -1 1832 1861 1833 -1 1858 1846 1859 -1 1846 1858 1845 -1 1864 1863 1865 -1 1863 1864 1861 -1 1861 1864 1866 -1 1861 1866 1862 -1 1862 1866 1867 -1 1862 1867 1868 -1 1868 1867 1869 -1 1869 1867 1870 -1 1869 1870 1871 -1 1871 1870 1872 -1 1871 1872 1873 -1 1873 1872 1874 -1 1873 1874 1764 -1 1764 1874 1765 -1 1764 1838 1873 -1 1838 1764 930 -1 1838 1871 1873 -1 1871 1838 1837 -1 1837 1869 1871 -1 1869 1837 1836 -1 1835 1862 1868 -1 1862 1835 1834 -1 1869 1835 1868 -1 1835 1869 1836 -1 1863 1823 1865 -1 1823 1863 1832 -1 1865 1824 1864 -1 1824 1865 1823 -1 1824 1866 1864 -1 1866 1824 1825 -1 1825 1867 1866 -1 1867 1825 1826 -1 1875 1876 1877 -1 1876 1875 1878 -1 1879 1877 1880 -1 1877 1879 1875 -1 1881 1879 1880 -1 1879 1881 1882 -1 1805 1882 1883 -1 1882 1805 1879 -1 1879 1805 1789 -1 1879 1789 1875 -1 1875 1789 1786 -1 1875 1786 1878 -1 1878 1786 1809 -1 1878 1809 1884 -1 1884 1809 1806 -1 1884 1806 1885 -1 1885 1806 1821 -1 1885 1821 1886 -1 1886 1821 1758 -1 1886 1758 1763 -1 1804 1883 1887 -1 1883 1804 1805 -1 1887 1882 1881 -1 1882 1887 1883 -1 1839 626 1840 -1 1831 604 1828 -1 604 1831 610 -1 625 626 1775 -1 1775 626 1813 -1 1813 626 1839 -1 1828 1753 1888 -1 1753 1828 604 -1 1839 1802 1813 -1 1802 1839 1803 -1 1772 1830 1889 -1 1830 1772 1774 -1 1812 1890 1811 -1 1890 1812 1891 -1 1829 1889 1830 -1 1889 1829 1892 -1 1876 1867 1773 -1 1867 1876 1878 -1 1773 1826 1771 -1 1826 1773 1867 -1 1874 1885 1886 -1 1885 1874 1872 -1 1888 1755 1757 -1 1755 1888 1893 -1 1893 1888 1892 -1 1892 1888 1889 -1 1753 1787 1888 -1 1787 1753 1788 -1 1788 1753 1752 -1 1888 1787 1804 -1 1888 1804 1887 -1 1888 1887 1889 -1 1889 1887 1772 -1 1788 1752 1807 -1 1807 1752 1808 -1 1808 1752 1822 -1 1822 1752 931 -1 1772 1881 1773 -1 1881 1772 1887 -1 1773 1881 1880 -1 1773 1880 1877 -1 1773 1877 1876 -1 1757 1828 1888 -1 1828 1757 1754 -1 1756 1893 1827 -1 1893 1756 1755 -1 1884 1867 1878 -1 1867 1884 1870 -1 1763 1874 1886 -1 1874 1763 1765 -1 1872 1884 1885 -1 1884 1872 1870 -1 1827 1892 1829 -1 1892 1827 1893 -1 1890 1894 1895 -1 1894 1890 1896 -1 1896 1890 1891 -1 1896 1891 1897 -1 1897 1891 1778 -1 1897 1778 1898 -1 1898 1778 1899 -1 1899 1778 1777 -1 1899 1777 1900 -1 1900 1777 1795 -1 1900 1795 1901 -1 1901 1795 1781 -1 1901 1781 1768 -1 1768 1781 1770 -1 1898 1818 1817 -1 1818 1898 1899 -1 1792 1891 1812 -1 1891 1792 1778 -1 1901 933 1820 -1 933 1901 1768 -1 1819 1901 1820 -1 1901 1819 1900 -1 1815 1897 1816 -1 1897 1815 1896 -1 1816 1898 1817 -1 1898 1816 1897 -1 1810 1890 1895 -1 1890 1810 1811 -1 1814 1895 1894 -1 1895 1814 1810 -1 1818 1900 1819 -1 1900 1818 1899 -1 1815 1894 1896 -1 1894 1815 1814 -1 1902 1903 1904 -1 1903 1902 1905 -1 1906 1907 1908 -1 1907 1906 1909 -1 1910 1902 1911 -1 1902 1910 1905 -1 1905 1910 1912 -1 1909 1913 1907 -1 1913 1909 1914 -1 1915 1908 1916 -1 1908 1915 1906 -1 1917 1918 1919 -1 1918 1917 1920 -1 1915 1921 1912 -1 1921 1915 1918 -1 1921 1918 1920 -1 1912 1922 1905 -1 1922 1912 1921 -1 1905 1922 1903 -1 1903 1923 1904 -1 1923 1903 1922 -1 1923 1921 1924 -1 1921 1923 1922 -1 1925 1913 1926 -1 1913 1925 1907 -1 1925 1927 1928 -1 1927 1925 1929 -1 1927 1929 1930 -1 1927 1930 1931 -1 1928 1907 1925 -1 1907 1928 1908 -1 1921 1917 1924 -1 1917 1921 1920 -1 1928 1910 1911 -1 1910 1928 1927 -1 1910 1927 1931 -1 1910 1931 1912 -1 1906 1930 1909 -1 1930 1906 1931 -1 1915 1931 1906 -1 1931 1915 1912 -1 1926 1929 1925 -1 1929 1926 1932 -1 1929 1932 1930 -1 1911 1923 1916 -1 1923 1911 1902 -1 1923 1902 1904 -1 1916 1924 1919 -1 1924 1916 1923 -1 1919 1924 1917 -1 1932 1913 1914 -1 1913 1932 1926 -1 1911 1908 1928 -1 1908 1911 1916 -1 1918 1916 1919 -1 1916 1918 1915 -1 1909 1932 1914 -1 1932 1909 1930 -1 1933 1934 1935 -1 1934 1933 1936 -1 1937 1938 1939 -1 1938 1937 1940 -1 1941 1933 1942 -1 1933 1941 1936 -1 1936 1941 1943 -1 1940 1944 1938 -1 1944 1940 1945 -1 1946 1939 1947 -1 1939 1946 1937 -1 1948 1949 1950 -1 1949 1948 1951 -1 1946 1952 1943 -1 1952 1946 1949 -1 1952 1949 1951 -1 1943 1953 1936 -1 1953 1943 1952 -1 1936 1953 1934 -1 1934 1954 1935 -1 1954 1934 1953 -1 1954 1952 1955 -1 1952 1954 1953 -1 1956 1944 1957 -1 1944 1956 1938 -1 1956 1958 1959 -1 1958 1956 1960 -1 1958 1960 1961 -1 1958 1961 1962 -1 1959 1938 1956 -1 1938 1959 1939 -1 1952 1948 1955 -1 1948 1952 1951 -1 1959 1941 1942 -1 1941 1959 1958 -1 1941 1958 1962 -1 1941 1962 1943 -1 1937 1961 1940 -1 1961 1937 1962 -1 1946 1962 1937 -1 1962 1946 1943 -1 1957 1960 1956 -1 1960 1957 1963 -1 1960 1963 1961 -1 1942 1954 1947 -1 1954 1942 1933 -1 1954 1933 1935 -1 1947 1955 1950 -1 1955 1947 1954 -1 1950 1955 1948 -1 1963 1944 1945 -1 1944 1963 1957 -1 1942 1939 1959 -1 1939 1942 1947 -1 1949 1947 1950 -1 1947 1949 1946 -1 1940 1963 1945 -1 1963 1940 1961 -1 "
						                >
							<Coordinate DEF="coords_ME_04-2_001"
							            point="15.046296 41.047245 44.206654 15.046296 -2.732283 -0.557125 15.046296 -2.732283 44.206654 15.046296 41.047245 -0.557125 59.573856 -2.732283 44.206654 59.573856 -2.732283 -0.557125 59.573856 41.047245 -0.557125 59.573856 41.047245 44.206654 89.248138 20.866142 23.441002 88.933174 18.897638 22.653601 86.964668 20.866142 22.653601 91.216637 18.897638 23.441002 89.248138 16.929134 23.441002 86.964668 16.929134 22.653601 91.295380 20.866142 28.559113 92.971451 18.897638 27.828028 91.295380 16.929134 28.559113 79.706131 16.929134 22.653601 63.484394 16.929134 28.559113 81.047508 16.929134 28.559113 81.047508 16.929134 30.921318 57.219528 16.929134 30.839834 57.219528 16.929134 30.921318 79.706131 20.866142 22.653601 63.484394 20.866142 28.559113 81.047508 20.866142 28.559113 81.047508 20.866142 30.921318 57.219528 20.866142 30.839834 57.219528 20.866142 30.921318 74.759949 0.000000 33.677223 73.578842 5.511811 33.677223 73.578842 0.000000 33.677223 74.759949 5.511811 33.677223 68.875580 5.096968 30.875887 69.145737 0.685003 30.335567 68.875580 0.414843 30.875887 69.145737 4.826808 30.335567 74.759949 4.724410 31.315018 74.759949 0.000000 31.315018 74.759949 5.511811 31.315018 69.248138 0.787402 29.740215 69.248138 4.724410 29.740215 68.460732 5.511811 31.315018 68.460732 0.000000 31.315018 69.641838 0.000000 33.677223 68.460732 5.511811 33.677223 68.460732 0.000000 33.677223 69.641838 5.511811 33.677223 69.641838 5.511811 32.102421 73.578842 5.511811 32.102421 73.578842 0.000000 32.102421 69.641838 0.000000 32.102421 74.074944 0.685003 30.335567 73.972549 0.787402 29.740215 74.345100 4.724410 30.875887 74.345100 0.414843 30.875887 74.074944 4.724410 30.335567 74.074944 4.826808 30.335567 74.345100 5.096968 30.875887 73.972549 4.724410 29.740215 39.326878 28.229004 33.677223 38.145775 33.740814 33.677223 38.145775 28.229004 33.677223 39.326878 33.740814 33.677223 33.442505 33.325970 30.875887 33.712666 28.914005 30.335567 33.442505 28.643847 30.875887 33.712666 33.055813 30.335567 39.326878 32.953411 31.315018 39.326878 28.229004 31.315018 39.326878 33.740814 31.315018 33.815063 29.016405 29.740215 33.815063 32.953411 29.740215 33.027664 33.740814 31.315018 33.027664 28.229004 31.315018 34.208767 28.229004 33.677223 33.027664 33.740814 33.677223 33.027664 28.229004 33.677223 34.208767 33.740814 33.677223 34.208767 33.740814 32.102421 38.145775 33.740814 32.102421 38.145775 28.229004 32.102421 34.208767 28.229004 32.102421 38.641872 28.914005 30.335567 38.539474 29.016405 29.740215 38.912033 32.953411 30.875887 38.912033 28.643847 30.875887 38.641872 32.953411 30.335567 38.641872 33.055813 30.335567 38.912033 33.325970 30.875887 38.539474 32.953411 29.740215 38.145775 37.795277 32.102421 34.208767 0.000000 32.102421 34.208767 37.795277 32.102421 38.145775 0.000000 32.102421 38.145775 0.000000 38.007931 34.208767 0.000000 38.007931 34.208767 37.795277 38.007931 38.145775 37.795277 38.007931 34.208767 16.653442 29.149664 36.177269 16.221128 29.740215 34.208767 16.811680 29.740215 36.177269 16.142010 29.444939 36.177269 15.555480 29.129541 38.145775 9.725066 28.559113 38.145775 15.630578 28.559113 36.177269 9.800164 29.129541 34.208767 8.543963 29.740215 36.177269 9.213634 29.444939 34.208767 8.702202 29.149664 36.177269 9.134515 29.740215 34.208767 28.425854 28.717350 36.177269 28.346735 29.444939 34.208767 28.858168 29.149664 36.177269 28.130577 29.228783 36.177269 15.925854 29.228783 38.145775 16.221128 28.717350 34.208767 9.725066 28.559113 34.208767 15.630578 28.559113 38.145775 29.016405 29.740215 36.177269 28.425854 29.740215 38.145775 28.858168 29.149664 36.177269 21.418358 29.444939 34.208767 21.339239 28.717350 34.208767 20.906925 29.149664 36.177269 21.634516 29.228783 38.145775 25.079397 23.834703 34.208767 27.704069 24.070923 38.145775 27.704069 24.070923 34.208767 25.079397 23.834703 36.177269 21.339239 29.740215 38.145775 20.906925 29.149664 38.145775 20.748688 29.740215 38.145775 4.606956 27.378010 34.208767 4.606956 29.740215 34.208767 4.606956 27.378010 38.145775 4.606956 29.740215 34.208767 29.016405 29.740215 38.145775 16.811680 29.740215 38.145775 16.653442 29.149664 34.208767 27.835302 28.559113 36.177269 27.760204 29.129541 34.208767 17.205381 29.740215 38.145775 17.205381 29.740215 34.208767 9.134515 28.717350 36.177269 9.429790 29.228783 38.145775 9.856299 24.070923 34.208767 12.480971 23.834703 38.145775 12.480971 23.834703 34.208767 9.856299 24.070923 38.145775 21.929790 28.559113 36.177269 22.004889 29.129541 38.145775 21.339239 28.717350 34.208767 21.929790 28.559113 34.208767 16.221128 28.717350 38.145775 8.543963 29.740215 34.208767 5.131890 26.196907 38.145775 5.131890 26.196907 38.145775 7.756562 24.543365 34.208767 7.756562 24.543365 38.145775 6.181759 25.252026 34.208767 6.181759 25.252026 34.208767 32.953411 29.740215 38.145775 32.953411 29.740215 38.145775 9.134515 28.717350 38.145775 8.702202 29.149664 38.145775 27.835302 28.559113 38.145775 28.425854 28.717350 38.145775 32.953411 27.378010 38.145775 29.803806 24.543365 38.145775 31.378609 25.252026 38.145775 32.428478 26.196907 38.145775 20.354988 25.803207 38.145775 20.354988 29.740215 38.145775 17.205381 25.803207 34.208767 20.748688 29.740215 34.208767 32.953411 27.378010 34.208767 32.428478 26.196907 34.208767 31.378609 25.252026 34.208767 17.205381 25.803207 34.208767 29.803806 24.543365 34.208767 20.354988 25.803207 34.208767 20.354988 29.740215 51.137897 32.283466 33.677223 49.956799 37.795277 33.677223 49.956799 32.283466 33.677223 51.137897 37.795277 33.677223 45.253529 37.380432 30.875887 45.523689 32.968468 30.335567 45.253529 32.698307 30.875887 45.523689 37.110271 30.335567 51.137897 37.007874 31.315018 51.137897 32.283466 31.315018 51.137897 37.795277 31.315018 45.626087 33.070866 29.740215 45.626087 37.007874 29.740215 44.838688 37.795277 31.315018 44.838688 32.283466 31.315018 46.019791 32.283466 33.677223 44.838688 37.795277 33.677223 44.838688 32.283466 33.677223 46.019791 37.795277 33.677223 46.019791 37.795277 32.102421 49.956799 37.795277 32.102421 49.956799 32.283466 32.102421 46.019791 32.283466 32.102421 50.452896 32.968468 30.335567 50.350498 33.070866 29.740215 50.723057 37.007874 30.875887 50.723057 32.698307 30.875887 50.452896 37.007874 30.335567 50.452896 37.110271 30.335567 50.723057 37.380432 30.875887 50.350498 37.007874 29.740215 39.326878 3.819554 33.677223 38.145775 9.331366 33.677223 38.145775 3.819554 33.677223 39.326878 9.331366 33.677223 33.442505 8.916522 30.875887 33.712666 4.504557 30.335567 33.442505 4.234397 30.875887 33.712666 8.646362 30.335567 39.326878 8.543963 31.315018 39.326878 3.819554 31.315018 39.326878 9.331366 31.315018 33.815063 4.606956 29.740215 33.815063 8.543963 29.740215 33.027664 9.331366 31.315018 33.027664 3.819554 31.315018 34.208767 3.819554 33.677223 33.027664 9.331366 33.677223 33.027664 3.819554 33.677223 34.208767 9.331366 33.677223 34.208767 9.331366 32.102421 38.145775 9.331366 32.102421 38.145775 3.819554 32.102421 34.208767 3.819554 32.102421 38.641872 4.504557 30.335567 38.539474 4.606956 29.740215 38.912033 8.543963 30.875887 38.912033 4.234397 30.875887 38.641872 8.543963 30.335567 38.641872 8.646362 30.335567 38.912033 8.916522 30.875887 38.539474 8.543963 29.740215 74.759949 32.283466 33.677223 73.578842 37.795277 33.677223 73.578842 32.283466 33.677223 74.759949 37.795277 33.677223 68.875580 37.380432 30.875887 69.145737 32.968468 30.335567 68.875580 32.698307 30.875887 69.145737 37.110271 30.335567 74.759949 37.007874 31.315018 74.759949 32.283466 31.315018 74.759949 37.795277 31.315018 69.248138 33.070866 29.740215 69.248138 37.007874 29.740215 68.460732 37.795277 31.315018 68.460732 32.283466 31.315018 69.641838 32.283466 33.677223 68.460732 37.795277 33.677223 68.460732 32.283466 33.677223 69.641838 37.795277 33.677223 69.641838 37.795277 32.102421 73.578842 37.795277 32.102421 73.578842 32.283466 32.102421 69.641838 32.283466 32.102421 74.074944 32.968468 30.335567 73.972542 33.070866 29.740215 74.345100 37.007874 30.875887 74.345100 32.698307 30.875887 74.074944 37.007874 30.335567 74.074944 37.110271 30.335567 74.345100 37.380432 30.875887 73.972542 37.007874 29.740215 86.559319 15.767549 31.708719 81.441208 15.767549 32.496120 80.260101 15.767549 31.708719 85.378212 15.767549 32.496120 85.378212 15.767549 34.070923 86.559319 15.767549 34.070923 81.441208 15.767549 34.070923 80.260101 15.767549 34.070923 86.559319 22.066761 34.070923 86.559319 21.279360 31.708719 86.559319 22.066761 31.708719 86.144470 21.279360 31.269588 86.144470 21.651918 31.269588 86.144470 16.182392 31.269588 80.674950 21.651918 31.269588 80.260101 22.066761 31.708719 85.874313 21.279360 30.729269 85.874313 21.381760 30.729269 85.874313 16.452551 30.729269 85.378212 22.066761 32.496120 85.378212 22.066761 34.070923 81.441208 22.066761 34.070923 80.260101 22.066761 34.070923 81.441208 22.066761 32.496120 80.945107 21.381760 30.729269 85.771912 16.554951 30.133915 85.771912 21.279360 30.133915 80.674950 16.182392 31.269588 80.945107 16.452551 30.729269 81.047508 16.554951 30.133915 81.047508 21.279360 30.133915 69.641838 0.000000 32.102421 73.578842 0.000000 32.102421 73.578842 0.000000 38.007931 69.641838 0.000000 38.007931 69.641838 37.795277 38.007931 73.578842 37.795277 38.007931 46.019791 5.905512 28.559113 47.988293 15.672934 29.129541 46.019791 15.748032 28.559113 47.988293 5.980610 29.129541 47.988293 16.259464 29.444939 49.956799 16.338583 28.717350 49.956799 16.770897 29.149664 47.988293 16.043306 29.228783 49.956799 16.929134 29.740215 47.988293 16.338583 29.740215 46.019791 16.338583 28.717350 46.019791 16.770897 29.149664 49.956799 15.748032 28.559113 46.019791 16.929134 29.740215 47.988293 5.610236 29.228783 49.956799 5.905512 28.559113 49.956799 5.314960 28.717350 49.956799 4.724410 29.740215 47.988293 5.394080 29.444939 47.988293 5.314960 29.740215 49.956799 4.882647 29.149664 46.019791 4.882647 29.149664 46.019791 5.314960 28.717350 46.019791 4.724410 29.740215 49.956799 20.866142 29.740215 47.988293 21.535812 29.444939 47.988293 21.456694 29.740215 49.956799 21.024380 29.149664 49.956799 0.787402 29.740215 46.019791 0.787402 29.740215 46.019791 0.787402 27.378010 46.019791 3.622047 24.189034 46.019791 32.283466 23.834703 46.019791 5.511811 23.834703 46.019791 34.173229 24.189034 46.019791 2.204724 24.897696 46.019791 35.590549 24.897696 46.019791 1.259843 25.960688 46.019791 17.322834 25.803207 46.019791 17.322834 29.740215 46.019791 20.472441 25.803207 46.019791 36.535435 25.960688 46.019791 22.047243 28.559113 46.019791 21.456694 28.717350 46.019791 21.024380 29.149664 46.019791 20.472441 29.740215 46.019791 37.007874 27.378010 46.019791 20.866142 29.740215 46.019791 31.889763 28.559113 46.019791 37.007874 29.740215 46.019791 32.480316 28.717350 46.019791 32.912628 29.149664 46.019791 33.070866 29.740215 49.956799 20.472441 29.740215 49.956799 32.283466 23.834703 49.956799 34.173229 24.189034 49.956799 17.322834 25.803207 49.956799 20.472441 25.803207 49.956799 37.007874 29.740215 49.956799 31.889763 28.559113 49.956799 37.007874 27.378010 49.956799 32.480316 28.717350 49.956799 32.912628 29.149664 49.956799 33.070866 29.740215 49.956799 5.511811 23.834703 49.956799 3.622047 24.189034 49.956799 35.590549 24.897696 49.956799 2.204725 24.897696 49.956799 36.535435 25.960688 49.956799 22.047245 28.559113 49.956799 21.456694 28.717350 49.956799 1.259843 25.960688 49.956799 17.322834 29.740215 49.956799 0.787402 27.378010 47.988293 32.480316 29.740215 47.988293 32.401196 29.444939 47.988293 32.185040 29.228783 47.988293 31.814665 29.129541 47.988293 22.122343 29.129541 47.988293 21.751968 29.228783 51.137901 0.000000 33.677223 49.956799 5.511811 33.677223 49.956799 0.000000 33.677223 51.137901 5.511811 33.677223 45.253529 5.096968 30.875887 45.523689 0.685003 30.335567 45.253529 0.414843 30.875887 45.523689 4.826808 30.335567 51.137901 4.724410 31.315018 51.137901 0.000000 31.315018 51.137901 5.511811 31.315018 45.626087 0.787402 29.740215 45.626087 4.724410 29.740215 44.838688 5.511811 31.315018 44.838688 0.000000 31.315018 46.019791 0.000000 33.677223 44.838688 5.511811 33.677223 44.838688 0.000000 33.677223 46.019791 5.511811 33.677223 46.019791 5.511811 32.102421 49.956799 5.511811 32.102421 49.956799 0.000000 32.102421 46.019791 0.000000 32.102421 50.452896 0.685003 30.335567 50.350498 0.787402 29.740215 50.723057 4.724410 30.875887 50.723057 0.414843 30.875887 50.452896 4.724410 30.335567 50.452896 4.826808 30.335567 50.723057 5.096968 30.875887 50.350498 4.724410 29.740215 61.767822 37.795277 23.801752 57.830814 0.000000 23.801752 57.830814 37.795277 23.801752 61.767822 0.000000 23.801752 61.767822 0.000000 29.707264 57.830814 0.000000 29.707264 57.830814 37.795277 29.707264 61.767822 37.795277 29.707264 46.019791 0.000000 32.102421 49.956799 0.000000 32.102421 49.956799 0.000000 38.007931 46.019791 0.000000 38.007931 46.019791 37.795277 38.007931 49.956799 37.795277 38.007931 85.389870 37.795277 32.496120 81.452858 0.000000 32.496120 81.452858 37.795277 32.496120 85.389870 0.000000 32.496120 85.389870 0.000000 38.401630 81.452858 0.000000 38.401630 81.452858 37.795277 38.401630 85.389870 37.795277 38.401630 62.948925 20.866142 7.299270 66.098526 16.929134 7.299270 66.098526 20.866142 7.299270 62.948925 16.929134 7.299270 53.500103 20.866142 7.299270 56.649712 16.929134 7.299270 56.649712 20.866142 7.299270 53.500103 16.929134 7.299270 57.830814 25.196850 7.299270 61.767822 12.598425 7.299270 61.767822 25.196850 7.299270 57.830814 12.598425 7.299270 56.649712 20.866142 8.874073 56.649712 16.929134 8.874073 61.767822 20.866142 8.874073 61.767822 25.196850 10.448876 61.767822 16.929134 8.874073 61.767822 16.929134 10.448876 61.767822 12.598425 10.448876 61.767822 20.866142 10.448876 57.830814 12.598425 10.448876 57.830814 16.929134 8.874073 57.830814 16.929134 10.448876 57.830814 20.866142 10.448876 57.830814 25.196850 10.448876 57.830814 20.866142 8.874073 62.948925 16.929134 8.874073 62.948925 20.866142 8.874073 53.500103 25.196850 5.724467 65.268845 24.367165 4.846205 54.329792 24.367165 4.846205 66.098526 25.196850 5.724467 64.728523 23.826845 3.765567 54.870110 23.826845 3.765567 66.098526 12.598425 5.724467 65.268845 13.428112 4.846205 64.728523 13.968431 3.765567 64.523727 23.622047 2.574861 64.523727 14.173228 2.574861 55.074909 14.173228 2.574861 54.870110 13.968431 3.765567 54.329792 13.428112 4.846205 53.500103 12.598425 5.724467 53.500103 25.196850 10.448876 53.500103 20.866142 10.448876 55.074909 23.622047 2.574861 53.500103 16.929134 10.448876 66.098526 20.866142 10.448876 66.098526 16.929134 10.448876 66.098526 12.598425 10.448876 53.500103 12.598425 10.448876 54.329792 14.173228 4.846205 54.870110 14.173228 3.765567 53.500103 14.173228 5.724467 66.098526 25.196850 10.448876 62.948921 32.283466 25.376556 61.767822 37.795277 25.376556 61.767822 32.283466 25.376556 62.948921 37.795277 25.376556 57.064552 37.380432 22.575220 57.334713 32.968468 22.034901 57.064552 32.698307 22.575220 57.334713 37.110271 22.034901 62.948921 37.007874 23.014351 62.948921 32.283466 23.014351 62.948921 37.795277 23.014351 57.437111 33.070866 21.439548 57.437111 37.007874 21.439548 56.649712 37.795277 23.014351 56.649712 32.283466 23.014351 57.830814 32.283466 25.376556 56.649712 37.795277 25.376556 56.649712 32.283466 25.376556 57.830814 37.795277 25.376556 61.767822 32.283466 23.801752 57.830814 32.283466 23.801752 62.263920 32.968468 22.034901 62.161522 33.070866 21.439548 62.534081 37.007874 22.575220 62.534081 32.698307 22.575220 62.263920 37.007874 22.034901 62.263920 37.110271 22.034901 62.534081 37.380432 22.575220 62.161522 37.007874 21.439548 51.137901 5.905512 25.409506 49.956799 11.417323 25.409506 49.956799 5.905512 25.409506 51.137901 11.417323 25.409506 45.253529 11.002480 22.608171 45.523689 6.590515 22.067852 45.253529 6.320355 22.608171 45.523689 10.732320 22.067852 51.137901 10.629921 23.047302 51.137901 5.905512 23.047302 51.137901 11.417323 23.047302 45.626087 6.692914 21.472498 45.626087 10.629921 21.472498 44.838688 11.417323 23.047302 44.838688 5.905512 23.047302 46.019791 5.905512 25.409506 44.838688 11.417323 25.409506 44.838688 5.905512 25.409506 46.019791 11.417323 25.409506 46.019791 11.417323 23.834703 49.956799 11.417323 23.834703 49.956799 5.905512 23.834703 46.019791 5.905512 23.834703 50.452896 6.590515 22.067852 50.350498 6.692914 21.472498 50.723057 10.629921 22.608171 50.723057 6.320355 22.608171 50.452896 10.629921 22.067852 50.452896 10.732320 22.067852 50.723057 11.002480 22.608171 50.350498 10.629921 21.472498 61.374119 16.770897 12.614231 61.767822 16.929134 13.204782 61.374119 16.929134 13.204782 61.767822 16.770897 12.614231 61.374119 11.811024 12.023680 61.767822 11.220472 12.181917 61.767822 11.811024 12.023680 61.374119 11.220472 12.181917 61.374119 16.338583 12.181917 61.767822 15.748032 12.023680 61.767822 16.338583 12.181917 61.374119 15.748032 12.023680 61.374119 10.629921 13.204782 61.767822 10.788159 12.614231 61.374119 10.788159 12.614231 61.767822 10.629921 13.204782 57.830814 20.472441 13.204782 58.224514 20.866142 13.204782 57.830814 20.866142 13.204782 61.767822 20.472441 13.204782 57.830814 27.165354 13.204782 61.374119 27.165354 13.204782 57.830814 31.102362 13.204782 58.224514 27.165354 13.204782 61.374119 20.866142 13.204782 61.767822 20.866142 13.204782 61.767822 27.165354 13.204782 61.767822 31.102362 13.204782 61.767822 6.692914 10.842577 57.830814 6.692914 13.204782 57.830814 6.692914 10.842577 61.767822 6.692914 13.204782 57.830814 11.811024 12.023680 57.830814 11.220472 12.181917 57.830814 10.788159 12.614231 57.830814 10.629921 13.204782 57.830814 10.000000 7.653601 57.830814 25.590551 7.299270 57.830814 12.204724 7.299270 57.830814 27.795275 7.653601 57.830814 8.346457 8.362262 57.830814 29.448818 8.362262 57.830814 7.244094 9.425254 57.830814 17.322834 9.267774 57.830814 16.338583 12.181917 57.830814 16.770897 12.614231 57.830814 17.322834 13.204782 57.830814 15.748032 12.023680 57.830814 16.929134 13.204782 57.830814 20.472441 9.267774 57.830814 30.551182 9.425254 57.830814 21.456694 12.181917 57.830814 21.024380 12.614231 57.830814 22.047245 12.023680 57.830814 31.102362 10.842577 57.830814 25.984253 12.023680 57.830814 26.574802 12.181917 57.830814 27.007116 12.614231 61.767822 31.102362 10.842577 61.767822 12.204724 7.299270 61.767822 25.590551 7.299270 58.224514 27.007116 12.614231 58.224514 16.929134 13.204782 58.224514 16.770897 12.614231 61.767822 17.322834 9.267774 61.767822 20.472441 9.267774 61.374119 21.456694 12.181917 61.767822 22.047245 12.023680 61.374119 22.047245 12.023680 61.767822 21.456694 12.181917 58.224514 26.574802 12.181917 58.224514 21.456694 12.181917 58.224514 25.984253 12.023680 58.224514 22.047245 12.023680 58.224514 21.024380 12.614231 61.767822 7.244094 9.425254 61.767822 26.574802 12.181917 61.374119 27.007116 12.614231 61.374119 26.574802 12.181917 61.767822 27.007116 12.614231 61.767822 25.984253 12.023680 61.374119 25.984253 12.023680 61.767822 10.000000 7.653601 58.224514 16.338583 12.181917 61.767822 17.322834 13.204782 61.767822 8.346457 8.362262 61.767822 21.024380 12.614231 61.374119 21.024380 12.614231 58.224514 11.220472 12.181917 58.224514 11.811024 12.023680 58.224514 10.788159 12.614231 58.224514 15.748032 12.023680 58.224514 10.629921 13.204782 61.767822 29.448818 8.362262 61.767822 30.551182 9.425254 61.767822 27.795275 7.653601 69.641838 5.905512 28.559113 71.610344 15.672934 29.129541 69.641838 15.748032 28.559113 71.610344 5.980610 29.129541 71.610344 16.259464 29.444939 73.578842 16.338583 28.717350 73.578842 16.770897 29.149664 71.610344 16.043306 29.228783 73.578842 16.929134 29.740215 71.610344 16.338583 29.740215 69.641838 16.338583 28.717350 69.641838 16.770897 29.149664 73.578842 15.748032 28.559113 69.641838 16.929134 29.740215 71.610344 5.610236 29.228783 73.578842 5.905512 28.559113 73.578842 5.314960 28.717350 73.578842 4.724410 29.740215 71.610344 5.394080 29.444939 71.610344 5.314960 29.740215 73.578842 4.882647 29.149664 69.641838 4.882647 29.149664 69.641838 5.314960 28.717350 69.641838 4.724410 29.740215 73.578842 20.866142 29.740215 71.610344 21.535812 29.444939 71.610344 21.456694 29.740215 73.578842 21.024380 29.149664 73.578842 0.787402 29.740215 69.641838 0.787402 29.740215 69.641838 0.787402 27.378010 69.641838 3.622047 24.189034 69.641838 32.283466 23.834703 69.641838 5.511811 23.834703 69.641838 34.173229 24.189034 69.641838 2.204724 24.897696 69.641838 35.590549 24.897696 69.641838 1.259843 25.960688 69.641838 17.322834 25.803207 69.641838 17.322834 29.740215 69.641838 20.472441 25.803207 69.641838 36.535435 25.960688 69.641838 22.047243 28.559113 69.641838 21.456694 28.717350 69.641838 21.024380 29.149664 69.641838 20.472441 29.740215 69.641838 37.007874 27.378010 69.641838 20.866142 29.740215 69.641838 31.889763 28.559113 69.641838 37.007874 29.740215 69.641838 32.480316 28.717350 69.641838 32.912628 29.149664 69.641838 33.070866 29.740215 73.578842 20.472441 29.740215 73.578842 32.283466 23.834703 73.578842 34.173229 24.189034 73.578842 17.322834 25.803207 73.578842 20.472441 25.803207 73.578842 37.007874 29.740215 73.578842 31.889763 28.559113 73.578842 37.007874 27.378010 73.578842 32.480316 28.717350 73.578842 32.912628 29.149664 73.578842 33.070866 29.740215 73.578842 5.511811 23.834703 73.578842 3.622047 24.189034 73.578842 35.590549 24.897696 73.578842 2.204725 24.897696 73.578842 36.535435 25.960688 73.578842 22.047245 28.559113 73.578842 21.456694 28.717350 73.578842 1.259843 25.960688 73.578842 17.322834 29.740215 73.578842 0.787402 27.378010 71.610344 32.480316 29.740215 71.610344 32.401196 29.444939 71.610344 32.185040 29.228783 71.610344 31.814665 29.129541 71.610344 22.122343 29.129541 71.610344 21.751968 29.228783 46.019791 15.354331 15.566987 46.019791 16.929134 16.354387 46.019791 15.354331 17.141790 46.019791 22.440945 15.566987 46.019791 20.866142 16.354387 46.019791 20.866142 17.141790 46.019791 22.440945 17.141790 46.019791 16.929134 17.141790 44.838688 16.929134 17.141790 44.838688 15.354331 17.141790 49.956799 16.929134 17.141790 50.547348 16.929134 16.354387 49.956799 16.929134 16.354387 51.137901 16.929134 15.566987 50.547348 16.929134 15.566987 51.137901 16.929134 17.141790 45.429237 16.929134 15.566987 44.838688 20.866142 15.566987 44.838688 16.929134 15.566987 45.429237 20.866142 15.566987 51.137901 15.354331 17.141790 49.956799 15.354331 17.141790 44.838688 22.440945 14.779585 50.723057 22.026102 14.340454 45.253529 22.026102 14.340454 51.137901 22.440945 14.779585 50.452896 21.755941 13.800135 45.523689 21.755941 13.800135 50.452896 16.039333 13.800135 50.723057 21.653543 14.340454 50.723057 15.769174 14.340454 50.452896 21.653543 13.800135 45.626087 16.141733 13.204782 50.350498 16.141733 13.204782 45.523689 16.039333 13.800135 45.253529 15.769174 14.340454 51.137901 21.653543 14.779585 51.137901 15.354331 14.779585 45.626087 21.653543 13.204782 44.838688 22.440945 17.141790 44.838688 20.866142 17.141790 44.838688 15.354331 14.779585 51.137901 20.866142 17.141790 49.956799 22.440945 17.141790 49.956799 20.866142 17.141790 51.137901 22.440945 17.141790 49.956799 20.866142 16.354387 49.956799 15.354331 15.566987 49.956799 22.440945 15.566987 50.350498 21.653543 13.204782 50.547348 20.866142 15.566987 50.547348 20.866142 16.354387 51.137901 20.866142 15.566987 45.429237 16.929134 16.354387 45.429237 20.866142 16.354387 62.948925 26.377953 17.141790 61.767822 31.889763 17.141790 61.767822 26.377953 17.141790 62.948925 31.889763 17.141790 57.064552 31.474920 14.340454 57.334713 27.062956 13.800135 57.064552 26.792795 14.340454 57.334713 31.204762 13.800135 62.948925 31.102362 14.779585 62.948925 26.377953 14.779585 62.948925 31.889763 14.779585 57.437111 27.165354 13.204782 57.437111 31.102362 13.204782 56.649712 31.889763 14.779585 56.649712 26.377953 14.779585 57.830814 26.377953 17.141790 56.649712 31.889763 17.141790 56.649712 26.377953 17.141790 57.830814 31.889763 17.141790 57.830814 31.889763 15.566987 61.767822 31.889763 15.566987 61.767822 26.377953 15.566987 57.830814 26.377953 15.566987 62.263920 27.062956 13.800135 62.161522 27.165354 13.204782 62.534081 31.102362 14.340454 62.534081 26.792795 14.340454 62.263920 31.102362 13.800135 62.263920 31.204762 13.800135 62.534081 31.474920 14.340454 62.161522 31.102362 13.204782 86.570969 3.988846 34.070923 85.389870 9.500657 34.070923 85.389870 3.988846 34.070923 86.570969 9.500657 34.070923 80.686600 9.085814 31.269588 80.956764 4.673848 30.729269 80.686600 4.403689 31.269588 80.956764 8.815654 30.729269 86.570969 8.713255 31.708719 86.570969 3.988846 31.708719 86.570969 9.500657 31.708719 81.059158 4.776247 30.133915 81.059158 8.713255 30.133915 80.271759 9.500657 31.708719 80.271759 3.988846 31.708719 81.452858 3.988846 34.070923 80.271759 9.500657 34.070923 80.271759 3.988846 34.070923 81.452858 9.500657 34.070923 81.452858 9.500657 32.496120 85.389870 9.500657 32.496120 85.389870 3.988846 32.496120 81.452858 3.988846 32.496120 85.885971 4.673848 30.729269 85.783569 4.776247 30.133915 86.156128 8.713255 31.269588 86.156128 4.403689 31.269588 85.885971 8.713255 30.729269 85.885971 8.815654 30.729269 86.156128 9.085814 31.269588 85.783569 8.713255 30.133915 69.641838 20.866142 17.535490 68.067032 20.866142 20.291395 68.657585 20.866142 20.449635 69.089897 20.866142 20.881947 69.248138 20.866142 21.472498 69.641838 20.866142 23.834703 69.145737 20.866142 22.067852 68.875580 20.866142 22.608171 68.460732 20.866142 23.047302 68.460732 20.866142 23.834703 69.641838 20.866142 17.141790 68.460732 20.866142 17.141790 61.767822 20.866142 17.535490 62.752071 20.866142 20.449635 62.319759 20.866142 20.881947 62.161522 20.866142 21.472498 61.767822 20.866142 23.834703 63.342625 20.866142 20.291395 62.263920 20.866142 22.067852 62.534081 20.866142 22.608171 62.948925 20.866142 23.047302 62.948925 20.866142 23.834703 68.460732 20.866142 15.566987 62.948925 20.866142 15.566987 62.948925 20.866142 17.141790 61.767822 20.866142 17.141790 71.610344 20.472441 23.834703 71.610344 17.322834 23.834703 71.610344 17.322834 17.535490 71.610344 20.472441 17.535490 69.641838 20.472441 23.834703 69.641838 17.322834 23.834703 68.460732 16.929134 23.834703 69.641838 16.929134 23.834703 68.460732 20.472441 23.834703 68.460732 17.322834 23.834703 56.649712 16.929134 23.834703 57.830814 16.929134 23.834703 57.830814 17.322834 23.834703 56.649712 17.322834 23.834703 56.649712 20.866142 23.834703 56.649712 20.472441 23.834703 51.137901 20.472441 23.834703 51.137901 20.866142 23.834703 49.956799 20.866142 23.834703 51.137901 17.322834 23.834703 51.137901 16.929134 23.834703 49.956799 20.472441 23.834703 49.956799 16.929134 23.834703 49.956799 17.322834 23.834703 46.019791 20.472441 23.834703 46.019791 20.866142 23.834703 44.838688 20.866142 23.834703 46.019791 17.322834 23.834703 46.019791 16.929134 23.834703 44.838688 17.322834 23.834703 44.838688 16.929134 23.834703 44.838688 20.472441 23.834703 39.326878 20.472441 23.834703 39.326878 17.322834 23.834703 62.948925 20.472441 23.834703 62.948925 17.322834 23.834703 61.767822 16.929134 23.834703 62.948925 16.929134 23.834703 61.767822 20.472441 23.834703 61.767822 17.322834 23.834703 57.830814 20.472441 23.834703 57.830814 20.866142 23.834703 69.641838 16.929134 17.535490 69.641838 16.929134 17.141790 69.641838 17.322834 17.535490 69.641838 20.472441 17.535490 33.815063 20.866142 19.110294 33.815063 16.929134 19.110294 33.815063 16.929134 21.472498 33.815063 20.866142 21.472498 56.649712 20.866142 15.566987 56.649712 16.929134 15.566987 62.948925 16.929134 17.141790 62.948925 16.929134 15.566987 68.460732 16.929134 15.566987 68.460732 16.929134 17.141790 61.767822 16.929134 17.535490 61.767822 16.929134 17.141790 62.752071 16.929134 20.449635 62.319759 16.929134 20.881947 62.161522 16.929134 21.472498 63.342625 16.929134 20.291395 62.263920 16.929134 22.067852 62.534081 16.929134 22.608171 62.948925 16.929134 23.047302 69.248138 16.929134 21.472498 69.089897 16.929134 20.881947 68.657585 16.929134 20.449635 68.067032 16.929134 20.291395 69.145737 16.929134 22.067852 68.875580 16.929134 22.608171 68.460732 16.929134 23.047302 39.720577 16.929134 20.291395 39.130024 16.929134 20.449635 38.697712 16.929134 20.881947 38.539474 16.929134 21.472498 37.594593 16.929134 15.921317 40.114277 16.929134 15.566987 35.704830 16.929134 16.629978 34.444984 16.929134 17.692970 46.019791 16.929134 17.535490 44.444984 16.929134 20.291395 45.035538 16.929134 20.449635 45.467850 16.929134 20.881947 45.626087 16.929134 21.472498 45.523689 16.929134 22.067852 45.253529 16.929134 22.608171 44.838688 16.929134 23.047302 40.114277 20.866142 15.566987 46.019791 17.322834 17.535490 38.912033 17.322834 22.608171 39.326878 17.322834 23.047302 39.326878 20.472441 23.047302 38.912033 20.472441 22.608171 35.704830 20.866142 16.629978 37.594593 20.866142 15.921317 38.539474 20.472441 21.472498 38.539474 20.866142 21.472498 38.539474 17.322834 21.472498 34.444984 20.866142 17.692970 49.956799 16.929134 17.535490 49.956799 17.322834 17.535490 46.019791 20.472441 17.535490 46.019791 20.866142 17.535490 47.988293 20.472441 17.535490 47.988293 17.322834 17.535490 38.641872 17.322834 22.067852 38.641872 20.472441 22.067852 57.278873 16.929134 20.881947 57.437111 16.929134 21.472498 57.437111 17.322834 21.472498 57.278873 17.322834 20.881947 51.531601 16.929134 20.291395 51.531601 17.322834 20.291395 50.941048 17.322834 20.449635 50.941048 16.929134 20.449635 56.846561 16.929134 20.449635 56.846561 17.322834 20.449635 56.256008 17.322834 20.291395 56.256008 16.929134 20.291395 50.452896 16.929134 22.067852 50.350498 16.929134 21.472498 50.350498 17.322834 21.472498 50.452896 17.322834 22.067852 51.137901 17.322834 23.047302 51.137901 16.929134 23.047302 50.723057 16.929134 22.608171 50.723057 17.322834 22.608171 50.508736 16.929134 20.881947 50.508736 17.322834 20.881947 57.334713 16.929134 22.067852 57.334713 17.322834 22.067852 56.649712 17.322834 23.047302 56.649712 16.929134 23.047302 57.064552 17.322834 22.608171 57.064552 16.929134 22.608171 44.838688 17.322834 23.047302 45.253529 17.322834 22.608171 45.253529 20.472441 22.608171 44.838688 20.472441 23.047302 44.838688 20.866142 23.047302 45.253529 20.866142 22.608171 49.956799 20.866142 17.535490 49.956799 20.472441 17.535490 57.830814 20.472441 17.535490 61.767822 20.472441 17.535490 61.767822 17.322834 17.535490 57.830814 17.322834 17.535490 45.035538 20.472441 20.449635 44.444984 20.472441 20.291395 39.720577 20.472441 20.291395 39.130024 20.472441 20.449635 45.467850 20.472441 20.881947 38.697712 20.472441 20.881947 45.626087 20.472441 21.472498 45.523689 20.472441 22.067852 57.830814 16.929134 17.535490 57.830814 16.929134 17.141790 57.830814 20.866142 17.141790 57.830814 20.866142 17.535490 45.035538 17.322834 20.449635 44.444984 17.322834 20.291395 38.697712 20.866142 20.881947 39.130024 17.322834 20.449635 38.697712 17.322834 20.881947 44.444984 20.866142 20.291395 39.720577 20.866142 20.291395 45.523689 17.322834 22.067852 45.035538 20.866142 20.449635 45.467850 17.322834 20.881947 45.626087 20.866142 21.472498 45.467850 20.866142 20.881947 39.720577 17.322834 20.291395 45.626087 17.322834 21.472498 45.523689 20.866142 22.067852 56.649712 20.866142 17.141790 56.649712 16.929134 17.141790 39.130024 20.866142 20.449635 69.248138 20.472441 21.472498 69.145737 20.472441 22.067852 68.875580 20.472441 22.608171 68.657585 20.472441 20.449635 69.089897 20.472441 20.881947 68.460732 20.472441 23.047302 68.067032 20.472441 20.291395 63.342625 20.472441 20.291395 62.752071 20.472441 20.449635 62.161522 20.472441 21.472498 62.319759 20.472441 20.881947 62.263920 20.472441 22.067852 62.534081 20.472441 22.608171 62.948925 20.472441 23.047302 63.342625 17.322834 20.291395 62.752071 17.322834 20.449635 50.452896 20.472441 22.067852 50.350498 20.472441 21.472498 50.350498 20.866142 21.472498 50.452896 20.866142 22.067852 68.067032 17.322834 20.291395 68.657585 17.322834 20.449635 62.319759 17.322834 20.881947 69.089897 17.322834 20.881947 62.161522 17.322834 21.472498 69.248138 17.322834 21.472498 62.263920 17.322834 22.067852 69.145737 17.322834 22.067852 68.875580 17.322834 22.608171 62.534081 17.322834 22.608171 62.948925 17.322834 23.047302 68.460732 17.322834 23.047302 51.531601 20.472441 20.291395 51.531601 20.866142 20.291395 50.941048 20.866142 20.449635 50.941048 20.472441 20.449635 56.846561 20.472441 20.449635 56.256008 20.472441 20.291395 57.278873 20.472441 20.881947 50.508736 20.472441 20.881947 57.437111 20.472441 21.472498 57.334713 20.472441 22.067852 57.064552 20.472441 22.608171 50.723057 20.472441 22.608171 56.649712 20.472441 23.047302 51.137901 20.472441 23.047302 56.846561 20.866142 20.449635 56.256008 20.866142 20.291395 56.649712 20.866142 23.047302 57.437111 20.866142 21.472498 57.334713 20.866142 22.067852 50.723057 20.866142 22.608171 57.278873 20.866142 20.881947 57.064552 20.866142 22.608171 50.508736 20.866142 20.881947 51.137901 20.866142 23.047302 62.948925 5.905512 17.141790 61.767822 11.417323 17.141790 61.767822 5.905512 17.141790 62.948925 11.417323 17.141790 57.064552 11.002480 14.340454 57.334713 6.590515 13.800135 57.064552 6.320355 14.340454 57.334713 10.732320 13.800135 62.948925 10.629921 14.779585 62.948925 5.905512 14.779585 62.948925 11.417323 14.779585 57.437111 6.692914 13.204782 57.437111 10.629921 13.204782 56.649712 11.417323 14.779585 56.649712 5.905512 14.779585 57.830814 5.905512 17.141790 56.649712 11.417323 17.141790 56.649712 5.905512 17.141790 57.830814 11.417323 17.141790 57.830814 11.417323 15.566987 61.767822 11.417323 15.566987 61.767822 5.905512 15.566987 57.830814 5.905512 15.566987 62.263920 6.590515 13.800135 62.161522 6.692914 13.204782 62.534081 10.629921 14.340454 62.534081 6.320355 14.340454 62.263920 10.629921 13.800135 62.263920 10.732320 13.800135 62.534081 11.002480 14.340454 62.161522 10.629921 13.204782 69.641838 15.354331 15.566987 69.641838 16.929134 16.354387 69.641838 15.354331 17.141790 69.641838 22.440945 15.566987 69.641838 20.866142 16.354387 69.641838 22.440945 17.141790 68.460732 15.354331 17.141790 73.578842 16.929134 17.141790 74.169395 16.929134 16.354387 73.578842 16.929134 16.354387 74.759949 16.929134 15.566987 74.169395 16.929134 15.566987 74.759949 16.929134 17.141790 69.051285 16.929134 15.566987 69.051285 20.866142 15.566987 74.759949 15.354331 17.141790 73.578842 15.354331 17.141790 68.460732 22.440945 14.779585 74.345100 22.026102 14.340454 68.875580 22.026102 14.340454 74.759949 22.440945 14.779585 74.074944 21.755941 13.800135 69.145737 21.755941 13.800135 74.074944 16.039333 13.800135 74.345100 21.653543 14.340454 74.345100 15.769174 14.340454 74.074944 21.653543 13.800135 69.248138 16.141733 13.204782 73.972542 16.141733 13.204782 69.145737 16.039333 13.800135 68.875580 15.769174 14.340454 74.759949 21.653543 14.779585 74.759949 15.354331 14.779585 69.248138 21.653543 13.204782 68.460732 22.440945 17.141790 68.460732 15.354331 14.779585 74.759949 20.866142 17.141790 73.578842 22.440945 17.141790 73.578842 20.866142 17.141790 74.759949 22.440945 17.141790 73.578842 20.866142 16.354387 73.578842 15.354331 15.566987 73.578842 22.440945 15.566987 73.972542 21.653543 13.204782 74.169395 20.866142 15.566987 74.169395 20.866142 16.354387 74.759949 20.866142 15.566987 69.051285 16.929134 16.354387 69.051285 20.866142 16.354387 81.452858 16.822735 29.543365 83.421364 16.390421 30.133915 81.452858 16.980972 30.133915 83.421364 16.311302 29.838640 83.421364 15.724771 29.523243 85.389870 9.894358 28.952814 85.389870 15.799870 28.952814 83.421364 9.969456 29.523243 81.452858 8.713255 30.133915 83.421364 9.382925 29.838640 81.452858 8.871492 29.543365 83.421364 9.303806 30.133915 81.452858 28.595144 29.111052 83.421364 28.516026 29.838640 81.452858 29.027458 29.543365 83.421364 28.299870 29.622484 83.421364 16.095144 29.622484 85.389870 16.390421 29.111052 81.452858 9.894358 28.952814 81.452858 15.799870 28.952814 85.389870 29.185696 30.133915 83.421364 28.595144 30.133915 85.389870 29.027458 29.543365 83.421364 21.587650 29.838640 81.452858 21.508532 29.111052 81.452858 21.076218 29.543365 83.421364 21.803806 29.622484 85.389870 25.248688 24.228403 81.452858 27.873360 24.464624 85.389870 27.873360 24.464624 81.452858 25.248688 24.228403 83.421364 21.508532 30.133915 85.389870 21.076218 29.543365 85.389870 20.917980 30.133915 85.389870 4.776247 27.771711 81.452858 4.776247 30.133915 81.452858 4.776247 27.771711 85.389870 4.776247 30.133915 81.452858 29.185696 30.133915 85.389870 16.980972 30.133915 85.389870 16.822735 29.543365 81.452858 28.004593 28.952814 83.421364 27.929495 29.523243 81.452858 17.374672 30.133915 85.389870 17.374672 30.133915 81.452858 9.303806 29.111052 83.421364 9.599082 29.622484 85.389870 10.025591 24.464624 81.452858 12.650263 24.228403 85.389870 12.650263 24.228403 81.452858 10.025591 24.464624 85.389870 22.099081 28.952814 83.421364 22.174181 29.523243 85.389870 21.508532 29.111052 81.452858 22.099081 28.952814 81.452858 16.390421 29.111052 85.389870 8.713255 30.133915 81.452858 5.301182 26.590609 85.389870 5.301182 26.590609 85.389870 7.925854 24.937065 81.452858 7.925854 24.937065 85.389870 6.351050 25.645727 81.452858 6.351050 25.645727 81.452858 33.122704 30.133915 85.389870 33.122704 30.133915 85.389870 9.303806 29.111052 85.389870 8.871492 29.543365 85.389870 28.004593 28.952814 85.389870 28.595144 29.111052 85.389870 33.122704 27.771711 85.389870 29.973097 24.937065 85.389870 31.547901 25.645727 85.389870 32.597771 26.590609 85.389870 20.524279 26.196907 85.389870 20.524279 30.133915 85.389870 17.374672 26.196907 81.452858 20.917980 30.133915 81.452858 33.122704 27.771711 81.452858 32.597771 26.590609 81.452858 31.547901 25.645727 81.452858 17.374672 26.196907 81.452858 29.973097 24.937065 81.452858 20.524279 26.196907 81.452858 20.524279 30.133915 34.208767 15.185040 23.834703 34.208767 16.759842 24.622105 34.208767 15.185040 25.409506 34.208767 22.271654 23.834703 34.208767 20.696850 24.622105 34.208767 20.696850 25.409506 34.208767 22.271654 25.409506 34.208767 16.759842 25.409506 33.027664 16.759842 25.409506 33.027664 15.185040 25.409506 38.145775 16.759842 25.409506 38.736324 16.759842 24.622105 38.145775 16.759842 24.622105 39.326878 16.759842 23.834703 38.736324 16.759842 23.834703 39.326878 16.759842 25.409506 33.618214 16.759842 23.834703 33.027664 20.696850 23.834703 33.027664 16.759842 23.834703 33.618214 20.696850 23.834703 39.326878 15.185040 25.409506 38.145775 15.185040 25.409506 33.027664 22.271654 23.047302 38.912033 21.856810 22.608171 33.442505 21.856810 22.608171 39.326878 22.271654 23.047302 38.641872 21.586651 22.067852 33.712666 21.586651 22.067852 38.641872 15.870042 22.067852 38.912033 21.484253 22.608171 38.912033 15.599882 22.608171 38.641872 21.484253 22.067852 33.815063 15.972441 21.472498 38.539474 15.972441 21.472498 33.712666 15.870042 22.067852 33.442505 15.599882 22.608171 39.326878 21.484253 23.047302 39.326878 15.185040 23.047302 33.815063 21.484253 21.472498 33.027664 22.271654 25.409506 33.027664 20.696850 25.409506 33.027664 15.185040 23.047302 39.326878 20.696850 25.409506 38.145775 22.271654 25.409506 38.145775 20.696850 25.409506 39.326878 22.271654 25.409506 38.145775 20.696850 24.622105 38.145775 15.185040 23.834703 38.145775 22.271654 23.834703 38.539474 21.484253 21.472498 38.736324 20.696850 23.834703 38.736324 20.696850 24.622105 39.326878 20.696850 23.834703 33.618214 16.759842 24.622105 33.618214 20.696850 24.622105 92.745789 16.929134 14.035776 85.783569 20.866142 21.866199 85.783569 16.929134 21.866199 92.745789 20.866142 14.035776 92.476479 18.897638 13.295860 92.476479 16.929134 13.295860 92.476479 20.866142 13.295860 81.059158 20.866142 21.866199 30.958063 20.866142 35.686733 32.977867 20.866142 41.236099 80.956764 20.866142 22.461552 80.686600 20.866142 23.001871 80.271759 20.866142 23.441002 80.271759 20.866142 24.022532 80.271759 16.929134 23.441002 80.271759 16.929134 24.022532 80.686600 16.929134 23.001871 80.956764 16.929134 22.461552 81.059158 16.929134 21.866199 30.958063 16.929134 35.686733 32.977867 16.929134 41.236099 74.759949 26.377953 25.409506 73.578842 31.889763 25.409506 73.578842 26.377953 25.409506 74.759949 31.889763 25.409506 68.875580 31.474920 22.608171 69.145737 27.062956 22.067852 68.875580 26.792795 22.608171 69.145737 31.204762 22.067852 74.759949 31.102362 23.047302 74.759949 26.377953 23.047302 74.759949 31.889763 23.047302 69.248138 27.165354 21.472498 69.248138 31.102362 21.472498 68.460732 31.889763 23.047302 68.460732 26.377953 23.047302 69.641838 26.377953 25.409506 68.460732 31.889763 25.409506 68.460732 26.377953 25.409506 69.641838 31.889763 25.409506 69.641838 31.889763 23.834703 73.578842 31.889763 23.834703 73.578842 26.377953 23.834703 69.641838 26.377953 23.834703 74.074944 27.062956 22.067852 73.972542 27.165354 21.472498 74.345100 31.102362 22.608171 74.345100 26.792795 22.608171 74.074944 31.102362 22.067852 74.074944 31.204762 22.067852 74.345100 31.474920 22.608171 73.972542 31.102362 21.472498 51.137901 26.377953 25.409506 49.956799 31.889763 25.409506 49.956799 26.377953 25.409506 51.137901 31.889763 25.409506 45.253529 31.474920 22.608171 45.523689 27.062956 22.067852 45.253529 26.792795 22.608171 45.523689 31.204762 22.067852 51.137901 31.102362 23.047302 51.137901 26.377953 23.047302 51.137901 31.889763 23.047302 45.626087 27.165354 21.472498 45.626087 31.102362 21.472498 44.838688 31.889763 23.047302 44.838688 26.377953 23.047302 46.019791 26.377953 25.409506 44.838688 31.889763 25.409506 44.838688 26.377953 25.409506 46.019791 31.889763 25.409506 46.019791 31.889763 23.834703 49.956799 31.889763 23.834703 49.956799 26.377953 23.834703 46.019791 26.377953 23.834703 50.452896 27.062956 22.067852 50.350498 27.165354 21.472498 50.723057 31.102362 22.608171 50.723057 26.792795 22.608171 50.452896 31.102362 22.067852 50.452896 31.204762 22.067852 50.723057 31.474920 22.608171 50.350498 31.102362 21.472498 46.019791 15.748032 20.291395 47.988293 16.043306 20.961065 46.019791 16.338583 20.449635 47.988293 15.672934 20.861824 47.988293 16.259464 21.177223 46.019791 16.770897 20.881947 49.956799 10.629921 21.472498 47.988293 11.299591 21.177223 47.988293 11.220472 21.472498 49.956799 10.788159 20.881947 49.956799 15.748032 20.291395 49.956799 16.338583 20.449635 49.956799 16.770897 20.881947 49.956799 11.220472 20.449635 47.988293 11.515748 20.961065 49.956799 16.929134 21.472498 47.988293 16.338583 21.472498 46.019791 10.788159 20.881947 46.019791 10.629921 21.472498 46.019791 16.929134 21.472498 49.956799 6.692914 21.472498 46.019791 6.692914 21.472498 46.019791 11.811024 20.291395 47.988293 11.886122 20.861824 46.019791 27.007116 20.881947 47.988293 26.574802 21.472498 46.019791 27.165354 21.472498 47.988293 26.495684 21.177223 49.956799 27.165354 21.472498 49.956799 27.007116 20.881947 46.019791 26.574802 20.449635 47.988293 26.279528 20.961065 49.956799 20.866142 21.472498 47.988293 21.535812 21.177223 47.988293 21.456694 21.472498 49.956799 21.024380 20.881947 46.019791 21.024380 20.881947 46.019791 20.866142 21.472498 46.019791 11.220472 20.449635 49.956799 11.811024 20.291395 46.019791 6.692914 19.110294 46.019791 10.472441 15.921317 46.019791 24.803150 15.566987 46.019791 12.992126 15.566987 46.019791 27.322834 15.921317 46.019791 8.582677 16.629978 46.019791 29.212599 16.629978 46.019791 7.322834 17.692970 46.019791 17.322834 21.472498 46.019791 30.472441 17.692970 46.019791 21.456694 20.449635 46.019791 20.472441 21.472498 46.019791 22.047245 20.291395 46.019791 31.102362 19.110294 46.019791 25.984253 20.291395 46.019791 31.102362 21.472498 49.956799 21.456694 20.449635 47.988293 21.751968 20.961065 49.956799 6.692914 19.110294 49.956799 17.322834 21.472498 49.956799 12.992126 15.566987 49.956799 24.803150 15.566987 49.956799 31.102362 21.472498 49.956799 31.102362 19.110294 49.956799 30.472441 17.692970 49.956799 25.984253 20.291395 49.956799 26.574802 20.449635 49.956799 27.322834 15.921317 49.956799 10.472441 15.921317 49.956799 8.582677 16.629978 49.956799 29.212599 16.629978 49.956799 20.472441 21.472498 49.956799 22.047245 20.291395 49.956799 7.322834 17.692970 47.988293 25.909153 20.861824 47.988293 22.122343 20.861824 81.452858 15.354331 24.228403 81.452858 16.929134 25.015806 81.452858 15.354331 25.803207 81.452858 22.440945 24.228403 81.452858 20.866142 25.015806 81.452858 20.866142 25.803207 81.452858 22.440945 25.803207 81.452858 16.929134 25.803207 80.271759 16.929134 25.803207 80.271759 15.354331 25.803207 85.389870 16.929134 25.803207 85.980423 16.929134 25.015806 85.389870 16.929134 25.015806 86.570969 16.929134 24.228403 85.980423 16.929134 24.228403 86.570969 16.929134 25.803207 80.862312 16.929134 24.228403 80.271759 20.866142 24.228403 80.271759 16.929134 24.228403 80.862312 20.866142 24.228403 86.570969 15.354331 25.803207 85.389870 15.354331 25.803207 80.271759 22.440945 23.441002 86.156128 22.026102 23.001871 80.686600 22.026102 23.001871 86.570969 22.440945 23.441002 85.885971 21.755941 22.461552 80.956764 21.755941 22.461552 85.885971 16.039333 22.461552 86.156128 21.653543 23.001871 86.156128 15.769174 23.001871 85.885971 21.653543 22.461552 81.059158 16.141733 21.866199 85.783569 16.141733 21.866199 80.956764 16.039333 22.461552 80.686600 15.769174 23.001871 86.570969 21.653543 23.441002 86.570969 15.354331 23.441002 81.059158 21.653543 21.866199 80.271759 22.440945 25.803207 80.271759 20.866142 25.803207 80.271759 15.354331 23.441002 86.570969 20.866142 25.803207 85.389870 22.440945 25.803207 85.389870 20.866142 25.803207 86.570969 22.440945 25.803207 85.389870 20.866142 25.015806 85.389870 15.354331 24.228403 85.389870 22.440945 24.228403 85.783569 21.653543 21.866199 85.980423 20.866142 24.228403 85.980423 20.866142 25.015806 86.570969 20.866142 24.228403 80.862312 16.929134 25.015806 80.862312 20.866142 25.015806 73.578842 17.322834 17.535490 73.578842 16.929134 17.535490 73.578842 16.929134 20.174038 73.578842 17.322834 20.174038 73.578842 20.866142 17.535490 73.578842 20.472441 17.535490 73.578842 20.472441 20.174038 73.578842 20.866142 20.174038 71.608032 17.322834 20.891356 71.608032 20.472441 20.891356 80.271759 20.866142 17.141790 81.462090 20.866142 17.304771 81.462090 16.929134 17.304771 80.271759 16.929134 17.141790 80.271759 20.866142 15.566987 80.271759 16.929134 15.566987 86.570969 28.398294 34.070923 85.389870 33.910107 34.070923 85.389870 28.398294 34.070923 86.570969 33.910107 34.070923 80.686600 33.495262 31.269588 80.956764 29.083298 30.729269 80.686600 28.813137 31.269588 80.956764 33.225101 30.729269 86.570969 33.122704 31.708719 86.570969 28.398294 31.708719 86.570969 33.910107 31.708719 81.059158 29.185696 30.133915 81.059158 33.122704 30.133915 80.271759 33.910107 31.708719 80.271759 28.398294 31.708719 81.452858 28.398294 34.070923 80.271759 33.910107 34.070923 80.271759 28.398294 34.070923 81.452858 33.910107 34.070923 81.452858 33.910107 32.496120 85.389870 33.910107 32.496120 85.389870 28.398294 32.496120 81.452858 28.398294 32.496120 85.885971 29.083298 30.729269 85.783569 29.185696 30.133915 86.156128 33.122704 31.269588 86.156128 28.813137 31.269588 85.885971 33.122704 30.729269 85.885971 33.225101 30.729269 86.156128 33.495262 31.269588 85.783569 33.122704 30.133915 57.830814 5.905512 20.258446 59.799316 15.672934 20.828875 57.830814 15.748032 20.258446 59.799316 5.980610 20.828875 59.799316 16.259464 21.144272 61.767822 16.338583 20.416683 61.767822 16.770897 20.848997 59.799316 16.043306 20.928116 61.767822 16.929134 21.439548 59.799316 16.338583 21.439548 57.830814 16.338583 20.416683 57.830814 16.770897 20.848997 61.767822 15.748032 20.258446 57.830814 16.929134 21.439548 59.799316 5.610236 20.928116 61.767822 5.905512 20.258446 61.767822 5.314960 20.416683 61.767822 4.724410 21.439548 59.799316 5.394080 21.144272 59.799316 5.314960 21.439548 61.767822 4.882647 20.848997 57.830814 4.882647 20.848997 57.830814 5.314960 20.416683 57.830814 4.724410 21.439548 61.767822 20.866142 21.439548 59.799316 21.535812 21.144272 59.799316 21.456694 21.439548 61.767822 21.024380 20.848997 61.767822 0.787402 21.439548 57.830814 0.787402 21.439548 57.830814 0.787402 19.077343 57.830814 3.622047 15.888367 57.830814 32.283466 15.534037 57.830814 5.511811 15.534037 57.830814 34.173229 15.888367 57.830814 2.204724 16.597029 57.830814 35.590549 16.597029 57.830814 1.259843 17.660021 57.830814 17.322834 17.502541 57.830814 17.322834 21.439548 57.830814 20.472441 17.502541 57.830814 36.535435 17.660021 57.830814 22.047243 20.258446 57.830814 21.456694 20.416683 57.830814 21.024380 20.848997 57.830814 20.472441 21.439548 57.830814 37.007874 19.077343 57.830814 20.866142 21.439548 57.830814 31.889763 20.258446 57.830814 37.007874 21.439548 57.830814 32.480316 20.416683 57.830814 32.912628 20.848997 57.830814 33.070866 21.439548 61.767822 20.472441 21.439548 61.767822 32.283466 15.534037 61.767822 34.173229 15.888367 61.767822 17.322834 17.502541 61.767822 20.472441 17.502541 61.767822 37.007874 21.439548 61.767822 31.889763 20.258446 61.767822 37.007874 19.077343 61.767822 32.480316 20.416683 61.767822 32.912628 20.848997 61.767822 33.070866 21.439548 61.767822 5.511811 15.534037 61.767822 3.622047 15.888367 61.767822 35.590549 16.597029 61.767822 2.204725 16.597029 61.767822 36.535435 17.660021 61.767822 22.047245 20.258446 61.767822 21.456694 20.416683 61.767822 1.259843 17.660021 61.767822 17.322834 21.439548 61.767822 0.787402 19.077343 59.799316 32.480316 21.439548 59.799316 32.401196 21.144272 59.799316 32.185040 20.928116 59.799316 31.814665 20.828875 59.799316 22.122343 20.828875 59.799316 21.751968 20.928116 69.641838 15.748032 20.291395 71.610344 16.043306 20.961065 69.641838 16.338583 20.449635 71.610344 15.672934 20.861824 71.610344 16.259464 21.177223 69.641838 16.770897 20.881947 73.578842 10.629921 21.472498 71.610344 11.299591 21.177223 71.610344 11.220472 21.472498 73.578842 10.788159 20.881947 73.578842 15.748032 20.291395 73.578842 16.338583 20.449635 73.578842 16.770897 20.881947 73.578842 11.220472 20.449635 71.610344 11.515748 20.961065 73.578842 16.929134 21.472498 71.610344 16.338583 21.472498 69.641838 10.788159 20.881947 69.641838 10.629921 21.472498 69.641838 16.929134 21.472498 73.578842 6.692914 21.472498 69.641838 6.692914 21.472498 69.641838 11.811024 20.291395 71.610344 11.886122 20.861824 69.641838 27.007116 20.881947 71.610344 26.574802 21.472498 69.641838 27.165354 21.472498 71.610344 26.495684 21.177223 73.578842 27.165354 21.472498 73.578842 27.007116 20.881947 69.641838 26.574802 20.449635 71.610344 26.279528 20.961065 73.578842 20.866142 21.472498 71.610344 21.535812 21.177223 71.610344 21.456694 21.472498 73.578842 21.024380 20.881947 69.641838 21.024380 20.881947 69.641838 20.866142 21.472498 69.641838 11.220472 20.449635 73.578842 11.811024 20.291395 69.641838 6.692914 19.110294 69.641838 10.472441 15.921317 69.641838 24.803150 15.566987 69.641838 12.992126 15.566987 69.641838 27.322834 15.921317 69.641838 8.582677 16.629978 69.641838 29.212599 16.629978 69.641838 7.322834 17.692970 69.641838 17.322834 21.472498 69.641838 30.472441 17.692970 69.641838 21.456694 20.449635 69.641838 20.472441 21.472498 69.641838 22.047245 20.291395 69.641838 31.102362 19.110294 69.641838 25.984253 20.291395 69.641838 31.102362 21.472498 73.578842 21.456694 20.449635 71.610344 21.751968 20.961065 73.578842 6.692914 19.110294 73.578842 17.322834 21.472498 73.578842 12.992126 15.566987 73.578842 24.803150 15.566987 73.578842 31.102362 21.472498 73.578842 31.102362 19.110294 73.578842 30.472441 17.692970 73.578842 25.984253 20.291395 73.578842 26.574802 20.449635 73.578842 27.322834 15.921317 73.578842 10.472441 15.921317 73.578842 8.582677 16.629978 73.578842 29.212599 16.629978 73.578842 20.472441 21.472498 73.578842 22.047245 20.291395 73.578842 7.322834 17.692970 71.610344 25.909153 20.861824 71.610344 22.122343 20.861824 61.767822 17.322834 15.566987 57.830814 17.322834 15.566987 57.830814 16.929134 15.566987 57.830814 16.929134 9.267774 55.862309 20.866142 7.299270 51.925301 16.929134 7.299270 51.925301 20.866142 7.299270 55.862309 16.929134 7.299270 56.649712 17.322834 15.566987 57.830814 20.472441 15.566987 57.830814 20.866142 15.566987 61.767822 20.472441 15.566987 61.767822 20.866142 15.566987 51.137901 17.322834 15.566987 56.649712 20.472441 15.566987 51.137901 20.472441 15.566987 61.767822 16.929134 15.566987 62.948925 20.472441 15.566987 62.948925 17.322834 15.566987 68.460732 20.472441 15.566987 68.460732 17.322834 15.566987 45.626087 20.866142 13.204782 45.626087 16.929134 10.842577 45.626087 16.929134 13.204782 45.626087 20.866142 10.842577 61.767822 16.929134 9.267774 69.248138 20.472441 13.204782 69.145737 17.322834 13.800135 69.248138 17.322834 13.204782 69.145737 20.472441 13.800135 68.460732 20.472441 14.779585 68.460732 17.322834 14.779585 73.342621 20.866142 9.425254 73.972542 16.929134 10.842577 73.342621 16.929134 9.425254 73.972542 20.866142 10.842577 57.437111 17.322834 13.204782 57.278873 16.929134 12.614231 57.437111 16.929134 13.204782 57.278873 17.322834 12.614231 73.972542 20.866142 13.204782 69.248138 20.866142 13.204782 69.248138 16.929134 13.204782 73.972542 16.929134 13.204782 68.875580 20.472441 14.340454 68.875580 17.322834 14.340454 72.082779 20.866142 8.362262 70.193016 16.929134 7.653601 70.193016 20.866142 7.653601 72.082779 16.929134 8.362262 67.673332 16.929134 7.299270 67.673332 20.866142 7.299270 63.736324 16.929134 7.299270 63.736324 20.866142 7.299270 56.846561 16.929134 12.181917 56.846561 17.322834 12.181917 57.064552 17.322834 14.340454 57.334713 16.929134 13.800135 57.064552 16.929134 14.340454 57.334713 17.322834 13.800135 68.067032 16.929134 12.023680 68.657585 16.929134 12.181917 69.089897 16.929134 12.614231 63.736324 16.929134 9.267774 63.342625 16.929134 12.023680 62.752071 16.929134 12.181917 62.319759 16.929134 12.614231 62.161522 16.929134 13.204782 62.263920 16.929134 13.800135 62.534081 16.929134 14.340454 62.948925 16.929134 14.779585 56.649712 17.322834 14.779585 56.649712 16.929134 14.779585 51.531601 20.866142 12.023680 50.941048 20.866142 12.181917 50.508736 20.866142 12.614231 50.350498 20.866142 13.204782 49.405617 20.866142 7.653601 55.862309 20.866142 9.267774 47.515854 20.866142 8.362262 46.256008 20.866142 9.425254 57.830814 20.866142 9.267774 56.256008 20.866142 12.023680 56.846561 20.866142 12.181917 57.278873 20.866142 12.614231 57.437111 20.866142 13.204782 57.334713 20.866142 13.800135 57.064552 20.866142 14.340454 56.649712 20.866142 14.779585 63.736324 20.866142 9.267774 61.767822 20.866142 9.267774 62.319759 20.866142 12.614231 62.161522 20.866142 13.204782 62.752071 20.866142 12.181917 63.342625 20.866142 12.023680 62.263920 20.866142 13.800135 62.534081 20.866142 14.340454 62.948925 20.866142 14.779585 68.067032 20.866142 12.023680 68.657585 20.866142 12.181917 69.089897 20.866142 12.614231 62.319759 20.472441 12.614231 62.161522 20.472441 13.204782 62.752071 20.472441 12.181917 63.342625 20.472441 12.023680 68.067032 20.472441 12.023680 68.657585 20.472441 12.181917 69.089897 20.472441 12.614231 62.263920 20.472441 13.800135 62.534081 20.472441 14.340454 62.948925 20.472441 14.779585 56.846561 20.472441 12.181917 57.278873 20.472441 12.614231 56.256008 20.472441 12.023680 50.941048 20.472441 12.181917 51.531601 20.472441 12.023680 50.508736 20.472441 12.614231 50.350498 20.472441 13.204782 57.437111 20.472441 13.204782 57.334713 20.472441 13.800135 50.452896 20.472441 13.800135 57.064552 20.472441 14.340454 50.723057 20.472441 14.340454 56.649712 20.472441 14.779585 51.137901 20.472441 14.779585 50.508736 17.322834 12.614231 50.350498 16.929134 13.204782 50.508736 16.929134 12.614231 50.350498 17.322834 13.204782 50.941048 17.322834 12.181917 50.941048 16.929134 12.181917 51.531601 16.929134 12.023680 51.531601 17.322834 12.023680 56.256008 17.322834 12.023680 50.452896 17.322834 13.800135 50.723057 17.322834 14.340454 51.137901 17.322834 14.779585 56.256008 16.929134 12.023680 55.862309 16.929134 9.267774 46.256008 16.929134 9.425254 68.657585 17.322834 12.181917 69.089897 17.322834 12.614231 47.515854 16.929134 8.362262 49.405617 16.929134 7.653601 63.342625 17.322834 12.023680 68.067032 17.322834 12.023680 62.752071 17.322834 12.181917 62.319759 17.322834 12.614231 62.161522 17.322834 13.204782 62.263920 17.322834 13.800135 62.534081 17.322834 14.340454 62.948925 17.322834 14.779585 74.759949 5.905512 25.409506 73.578842 11.417323 25.409506 73.578842 5.905512 25.409506 74.759949 11.417323 25.409506 68.875580 11.002480 22.608171 69.145737 6.590515 22.067852 68.875580 6.320355 22.608171 69.145737 10.732320 22.067852 74.759949 10.629921 23.047302 74.759949 5.905512 23.047302 74.759949 11.417323 23.047302 69.248138 6.692914 21.472498 69.248138 10.629921 21.472498 68.460732 11.417323 23.047302 68.460732 5.905512 23.047302 69.641838 5.905512 25.409506 68.460732 11.417323 25.409506 68.460732 5.905512 25.409506 69.641838 11.417323 25.409506 69.641838 11.417323 23.834703 73.578842 11.417323 23.834703 73.578842 5.905512 23.834703 69.641838 5.905512 23.834703 74.074944 6.590515 22.067852 73.972542 6.692914 21.472498 74.345100 10.629921 22.608171 74.345100 6.320355 22.608171 74.074944 10.629921 22.067852 74.074944 10.732320 22.067852 74.345100 11.002480 22.608171 73.972542 10.629921 21.472498 62.948925 0.000000 25.376556 61.767822 5.511811 25.376556 61.767822 0.000000 25.376556 62.948925 5.511811 25.376556 57.064552 5.096968 22.575220 57.334713 0.685003 22.034901 57.064552 0.414843 22.575220 57.334713 4.826808 22.034901 62.948925 4.724410 23.014351 62.948925 0.000000 23.014351 62.948925 5.511811 23.014351 57.437111 0.787402 21.439548 57.437111 4.724410 21.439548 56.649712 5.511811 23.014351 56.649712 0.000000 23.014351 57.830814 0.000000 25.376556 56.649712 5.511811 25.376556 56.649712 0.000000 25.376556 57.830814 5.511811 25.376556 57.830814 5.511811 23.801752 61.767822 5.511811 23.801752 61.767822 0.000000 23.801752 57.830814 0.000000 23.801752 62.263920 0.685003 22.034901 62.161522 0.787402 21.439548 62.534081 4.724410 22.575220 62.534081 0.414843 22.575220 62.263920 4.724410 22.034901 62.263920 4.826808 22.034901 62.534081 5.096968 22.575220 62.161522 4.724410 21.439548 "
							            />
						</IndexedFaceSet>
					</Shape>
				</Group>
			</Transform>
		</Transform>
	</Scene>
</X3D>