<?xml version="1.0" encoding="UTF-8"?>
<!DOCTYPE X3D PUBLIC "ISO//Web3D//DTD X3D 3.0//EN" "http://www.web3d.org/specifications/x3d-3.0.dtd">
<X3D version="3.0" profile="Immersive" xmlns:xsd="http://www.w3.org/2001/XMLSchema-instance" xsd:noNamespaceSchemaLocation="http://www.web3d.org/specifications/x3d-3.0.xsd">
	<head>
		<meta name="filename" content="06-1.x3d" />
		<meta name="created" content="2026-06-21 15:09:37" />
		<meta name="generator" content="Blender 4.5.4 LTS" />
		<meta name="translator" content="Web3D X3D/VRML2 format v2.5.1" />
	</head>
	<Scene>
		<NavigationInfo headlight="true"
		                visibilityLimit="0.0"
		                type='"EXAMINE", "ANY"'
		                avatarSize="0.25, 1.75, 0.75"
		                />
		<Background DEF="WO_World"
		            groundColor="0.051 0.051 0.051"
		            skyColor="0.051 0.051 0.051"
		            />
		<Transform DEF="_06-1_TRANSFORM"
		           translation="0.000000 0.000000 0.000000"
		           scale="1.000000 1.000000 1.000000"
		           rotation="0.000000 0.707107 0.707107 3.141593"
		           >
			<Transform DEF="_06-1_ifs_TRANSFORM"
			           translation="0.000000 0.000000 0.000000"
			           scale="1.000000 1.000000 1.000000"
			           rotation="0.000000 1.000000 0.000000 0.000000"
			           >
				<Group DEF="group_ME_06-1_001">
					<Shape>
						<Appearance>
						</Appearance>
						<IndexedFaceSet solid="false"
						                coordIndex="0 1 2 -1 1 0 3 -1 1 4 5 -1 4 1 3 -1 0 4 3 -1 4 0 6 -1 6 2 7 -1 2 6 0 -1 5 2 1 -1 2 5 7 -1 5 6 7 -1 6 5 4 -1 8 9 10 -1 10 11 8 -1 12 13 10 -1 10 9 12 -1 14 11 10 -1 10 13 14 -1 11 14 15 -1 15 8 11 -1 9 8 15 -1 15 12 9 -1 13 12 15 -1 15 14 13 -1 16 17 18 -1 17 16 19 -1 17 20 21 -1 20 17 19 -1 22 19 16 -1 19 22 20 -1 22 18 23 -1 18 22 16 -1 17 23 18 -1 23 17 21 -1 21 22 23 -1 22 21 20 -1 24 25 26 -1 25 24 27 -1 25 28 29 -1 28 25 27 -1 30 27 24 -1 27 30 28 -1 30 26 31 -1 26 30 24 -1 25 31 26 -1 31 25 29 -1 29 30 31 -1 30 29 28 -1 32 33 34 -1 33 32 35 -1 36 37 38 -1 37 36 39 -1 40 35 32 -1 35 40 41 -1 35 41 42 -1 35 42 43 -1 39 32 37 -1 32 39 40 -1 33 43 44 -1 43 33 35 -1 32 38 37 -1 38 32 34 -1 33 38 34 -1 38 33 45 -1 45 33 46 -1 46 33 47 -1 47 33 44 -1 36 38 45 -1 44 42 47 -1 42 44 43 -1 45 39 36 -1 39 45 40 -1 46 40 45 -1 40 46 41 -1 41 47 42 -1 47 41 46 -1 48 49 50 -1 49 48 51 -1 52 53 54 -1 53 52 55 -1 53 56 54 -1 56 53 57 -1 57 58 51 -1 58 57 53 -1 58 53 59 -1 59 53 60 -1 60 53 55 -1 49 51 58 -1 58 61 62 -1 61 58 59 -1 60 52 63 -1 52 60 55 -1 52 61 63 -1 50 56 48 -1 56 50 62 -1 56 62 54 -1 54 62 61 -1 54 61 52 -1 62 49 58 -1 49 62 50 -1 60 61 59 -1 61 60 63 -1 51 56 57 -1 56 51 48 -1 64 65 66 -1 65 64 67 -1 68 69 70 -1 69 68 71 -1 69 72 70 -1 72 69 73 -1 73 74 67 -1 74 73 69 -1 74 69 75 -1 75 69 76 -1 76 69 71 -1 65 67 74 -1 74 77 78 -1 77 74 75 -1 76 68 79 -1 68 76 71 -1 68 77 79 -1 66 72 64 -1 72 66 78 -1 72 78 70 -1 70 78 77 -1 70 77 68 -1 78 65 74 -1 65 78 66 -1 76 77 75 -1 77 76 79 -1 67 72 73 -1 72 67 64 -1 80 81 82 -1 81 80 83 -1 84 85 86 -1 85 84 87 -1 88 89 90 -1 89 88 91 -1 86 92 93 -1 92 86 85 -1 80 85 94 -1 85 80 92 -1 95 96 97 -1 96 95 98 -1 96 98 99 -1 97 100 88 -1 100 97 96 -1 88 100 91 -1 101 102 103 -1 90 97 88 -1 97 90 104 -1 104 90 105 -1 104 105 84 -1 84 105 102 -1 84 102 101 -1 106 107 108 -1 107 106 109 -1 95 110 94 -1 110 95 97 -1 111 112 113 -1 107 102 108 -1 102 107 103 -1 112 91 100 -1 91 112 111 -1 91 111 89 -1 87 98 95 -1 98 87 114 -1 90 113 105 -1 113 90 111 -1 111 90 89 -1 84 106 87 -1 106 84 101 -1 106 101 109 -1 87 115 114 -1 115 87 106 -1 114 115 116 -1 105 108 102 -1 108 105 113 -1 108 113 112 -1 108 115 106 -1 115 108 112 -1 115 112 100 -1 115 100 96 -1 103 109 101 -1 109 103 107 -1 117 81 118 -1 81 117 82 -1 116 96 99 -1 96 116 115 -1 82 92 80 -1 92 82 117 -1 99 114 116 -1 114 99 98 -1 93 117 118 -1 117 93 92 -1 119 81 83 -1 81 119 93 -1 81 93 118 -1 94 83 80 -1 83 94 110 -1 104 110 97 -1 110 104 120 -1 120 104 84 -1 120 84 86 -1 120 83 110 -1 83 120 119 -1 119 120 86 -1 119 86 93 -1 94 87 95 -1 87 94 85 -1 121 122 123 -1 122 121 124 -1 125 123 126 -1 127 128 129 -1 128 127 121 -1 128 121 130 -1 130 121 123 -1 130 123 125 -1 131 132 133 -1 132 131 134 -1 134 135 136 -1 135 134 137 -1 138 133 139 -1 133 138 140 -1 134 141 132 -1 141 134 136 -1 142 140 143 -1 140 142 144 -1 135 141 136 -1 141 135 145 -1 146 125 126 -1 125 146 147 -1 148 141 145 -1 141 148 132 -1 148 149 139 -1 149 148 150 -1 149 150 137 -1 149 137 151 -1 131 137 134 -1 137 131 151 -1 152 153 154 -1 153 152 155 -1 146 123 122 -1 123 146 126 -1 156 127 129 -1 127 156 157 -1 153 142 143 -1 142 153 155 -1 139 158 138 -1 158 139 149 -1 158 149 151 -1 158 151 159 -1 139 132 148 -1 132 139 133 -1 144 133 140 -1 133 144 131 -1 145 150 148 -1 150 145 135 -1 150 135 137 -1 128 152 154 -1 152 128 130 -1 138 124 156 -1 124 138 158 -1 156 124 157 -1 124 158 122 -1 122 147 146 -1 147 122 158 -1 147 158 159 -1 121 157 124 -1 157 121 127 -1 144 151 131 -1 151 144 159 -1 144 152 159 -1 152 144 142 -1 152 142 155 -1 159 130 147 -1 130 159 152 -1 147 130 125 -1 138 128 140 -1 128 138 156 -1 128 156 129 -1 140 154 143 -1 154 140 128 -1 143 154 153 -1 160 161 162 -1 161 160 163 -1 164 165 166 -1 165 164 167 -1 168 160 169 -1 160 168 163 -1 163 168 170 -1 167 171 165 -1 171 167 172 -1 173 166 174 -1 166 173 164 -1 175 176 177 -1 176 175 178 -1 173 179 170 -1 179 173 176 -1 179 176 178 -1 170 180 163 -1 180 170 179 -1 163 180 161 -1 161 181 162 -1 181 161 180 -1 181 179 182 -1 179 181 180 -1 183 171 184 -1 171 183 165 -1 183 185 186 -1 185 183 187 -1 185 187 188 -1 185 188 189 -1 186 165 183 -1 165 186 166 -1 179 175 182 -1 175 179 178 -1 186 168 169 -1 168 186 185 -1 168 185 189 -1 168 189 170 -1 164 188 167 -1 188 164 189 -1 173 189 164 -1 189 173 170 -1 184 187 183 -1 187 184 190 -1 187 190 188 -1 169 181 174 -1 181 169 160 -1 181 160 162 -1 174 182 177 -1 182 174 181 -1 177 182 175 -1 190 171 172 -1 171 190 184 -1 169 166 186 -1 166 169 174 -1 176 174 177 -1 174 176 173 -1 167 190 172 -1 190 167 188 -1 191 192 193 -1 192 191 194 -1 195 196 197 -1 196 195 198 -1 199 191 200 -1 191 199 194 -1 194 199 201 -1 198 202 196 -1 202 198 203 -1 204 197 205 -1 197 204 195 -1 206 207 208 -1 207 206 209 -1 204 210 201 -1 210 204 207 -1 210 207 209 -1 201 211 194 -1 211 201 210 -1 194 211 192 -1 192 212 193 -1 212 192 211 -1 212 210 213 -1 210 212 211 -1 214 202 215 -1 202 214 196 -1 214 216 217 -1 216 214 218 -1 216 218 219 -1 216 219 220 -1 217 196 214 -1 196 217 197 -1 210 206 213 -1 206 210 209 -1 217 199 200 -1 199 217 216 -1 199 216 220 -1 199 220 201 -1 195 219 198 -1 219 195 220 -1 204 220 195 -1 220 204 201 -1 215 218 214 -1 218 215 221 -1 218 221 219 -1 200 212 205 -1 212 200 191 -1 212 191 193 -1 205 213 208 -1 213 205 212 -1 208 213 206 -1 221 202 203 -1 202 221 215 -1 200 197 217 -1 197 200 205 -1 207 205 208 -1 205 207 204 -1 198 221 203 -1 221 198 219 -1 222 223 224 -1 223 222 225 -1 226 225 227 -1 225 226 223 -1 223 226 228 -1 223 228 229 -1 223 229 230 -1 222 231 232 -1 231 222 224 -1 231 224 233 -1 233 224 234 -1 234 224 235 -1 226 236 237 -1 236 226 227 -1 238 234 235 -1 234 238 239 -1 240 232 241 -1 232 240 222 -1 229 237 242 -1 237 229 226 -1 226 229 228 -1 243 232 231 -1 232 243 241 -1 241 243 244 -1 227 245 236 -1 245 227 225 -1 246 236 245 -1 236 246 237 -1 247 248 249 -1 248 223 250 -1 223 248 224 -1 224 248 235 -1 235 248 238 -1 238 248 247 -1 251 252 253 -1 252 251 250 -1 252 250 230 -1 230 250 223 -1 238 254 255 -1 254 238 247 -1 254 247 256 -1 255 257 258 -1 257 255 254 -1 258 257 259 -1 260 261 262 -1 261 263 264 -1 263 261 265 -1 265 261 260 -1 266 259 267 -1 259 266 258 -1 268 269 252 -1 269 268 270 -1 269 270 271 -1 252 272 253 -1 272 252 269 -1 253 272 273 -1 259 274 267 -1 260 269 271 -1 269 260 262 -1 269 262 257 -1 257 262 274 -1 257 274 259 -1 275 273 276 -1 272 276 273 -1 276 272 254 -1 276 254 277 -1 277 254 278 -1 278 254 256 -1 251 279 250 -1 279 251 280 -1 280 251 276 -1 276 251 275 -1 263 281 264 -1 281 263 282 -1 270 260 271 -1 260 270 265 -1 239 283 244 -1 283 239 284 -1 238 284 239 -1 284 238 255 -1 239 233 234 -1 233 239 231 -1 231 239 243 -1 243 239 244 -1 273 251 253 -1 251 273 275 -1 261 274 262 -1 274 261 285 -1 266 281 282 -1 281 266 285 -1 285 266 274 -1 274 266 267 -1 281 261 264 -1 261 281 285 -1 286 255 268 -1 255 286 284 -1 268 242 286 -1 242 268 252 -1 269 254 272 -1 254 269 257 -1 244 240 241 -1 240 244 283 -1 246 284 286 -1 284 246 283 -1 278 247 249 -1 247 278 256 -1 268 263 270 -1 263 268 255 -1 263 255 282 -1 282 255 266 -1 266 255 258 -1 265 270 263 -1 245 283 246 -1 283 245 225 -1 283 225 222 -1 283 222 240 -1 230 242 252 -1 242 230 229 -1 286 237 246 -1 237 286 242 -1 278 287 277 -1 287 248 288 -1 248 287 249 -1 249 287 278 -1 287 279 280 -1 279 287 288 -1 276 287 280 -1 287 276 277 -1 279 248 250 -1 248 279 288 -1 289 290 291 -1 290 289 292 -1 293 294 295 -1 294 293 296 -1 297 289 298 -1 289 297 292 -1 292 297 299 -1 296 300 294 -1 300 296 301 -1 302 295 303 -1 295 302 293 -1 304 305 306 -1 305 304 307 -1 302 70 299 -1 70 302 305 -1 70 305 307 -1 299 69 292 -1 69 299 70 -1 292 69 290 -1 290 308 291 -1 308 290 69 -1 308 70 309 -1 70 308 69 -1 310 300 311 -1 300 310 294 -1 310 312 313 -1 312 310 314 -1 312 314 315 -1 312 315 316 -1 313 294 310 -1 294 313 295 -1 70 304 309 -1 304 70 307 -1 313 297 298 -1 297 313 312 -1 297 312 316 -1 297 316 299 -1 293 315 296 -1 315 293 316 -1 302 316 293 -1 316 302 299 -1 311 314 310 -1 314 311 317 -1 314 317 315 -1 298 308 303 -1 308 298 289 -1 308 289 291 -1 303 309 306 -1 309 303 308 -1 306 309 304 -1 317 300 301 -1 300 317 311 -1 298 295 313 -1 295 298 303 -1 305 303 306 -1 303 305 302 -1 296 317 301 -1 317 296 315 -1 318 319 320 -1 319 318 321 -1 322 323 324 -1 323 322 325 -1 326 318 327 -1 318 326 321 -1 321 326 328 -1 325 329 323 -1 329 325 330 -1 331 324 332 -1 324 331 322 -1 333 334 335 -1 334 333 336 -1 331 337 328 -1 337 331 334 -1 337 334 336 -1 328 338 321 -1 338 328 337 -1 321 338 319 -1 319 339 320 -1 339 319 338 -1 339 337 340 -1 337 339 338 -1 341 329 342 -1 329 341 323 -1 341 343 344 -1 343 341 345 -1 343 345 346 -1 343 346 347 -1 344 323 341 -1 323 344 324 -1 337 333 340 -1 333 337 336 -1 344 326 327 -1 326 344 343 -1 326 343 347 -1 326 347 328 -1 322 346 325 -1 346 322 347 -1 331 347 322 -1 347 331 328 -1 342 345 341 -1 345 342 348 -1 345 348 346 -1 327 339 332 -1 339 327 318 -1 339 318 320 -1 332 340 335 -1 340 332 339 -1 335 340 333 -1 348 329 330 -1 329 348 342 -1 327 324 344 -1 324 327 332 -1 334 332 335 -1 332 334 331 -1 325 348 330 -1 348 325 346 -1 349 350 351 -1 350 349 352 -1 353 354 355 -1 354 353 356 -1 357 349 358 -1 349 357 352 -1 352 357 359 -1 356 360 354 -1 360 356 361 -1 362 355 363 -1 355 362 353 -1 364 365 366 -1 365 364 367 -1 362 368 359 -1 368 362 365 -1 368 365 367 -1 359 369 352 -1 369 359 368 -1 352 369 350 -1 350 370 351 -1 370 350 369 -1 370 368 371 -1 368 370 369 -1 372 360 373 -1 360 372 354 -1 372 374 375 -1 374 372 376 -1 374 376 377 -1 374 377 378 -1 375 354 372 -1 354 375 355 -1 368 364 371 -1 364 368 367 -1 375 357 358 -1 357 375 374 -1 357 374 378 -1 357 378 359 -1 353 377 356 -1 377 353 378 -1 362 378 353 -1 378 362 359 -1 373 376 372 -1 376 373 379 -1 376 379 377 -1 358 370 363 -1 370 358 349 -1 370 349 351 -1 363 371 366 -1 371 363 370 -1 366 371 364 -1 379 360 361 -1 360 379 373 -1 358 355 375 -1 355 358 363 -1 365 363 366 -1 363 365 362 -1 356 379 361 -1 379 356 377 -1 380 381 382 -1 381 380 383 -1 384 385 386 -1 385 384 387 -1 388 380 389 -1 380 388 383 -1 383 388 390 -1 387 391 385 -1 391 387 392 -1 393 386 394 -1 386 393 384 -1 395 396 397 -1 396 395 398 -1 393 399 390 -1 399 393 396 -1 399 396 398 -1 390 400 383 -1 400 390 399 -1 383 400 381 -1 381 401 382 -1 401 381 400 -1 401 399 402 -1 399 401 400 -1 403 391 404 -1 391 403 385 -1 403 405 406 -1 405 403 407 -1 405 407 408 -1 405 408 409 -1 406 385 403 -1 385 406 386 -1 399 395 402 -1 395 399 398 -1 406 388 389 -1 388 406 405 -1 388 405 409 -1 388 409 390 -1 384 408 387 -1 408 384 409 -1 393 409 384 -1 409 393 390 -1 404 407 403 -1 407 404 410 -1 407 410 408 -1 389 401 394 -1 401 389 380 -1 401 380 382 -1 394 402 397 -1 402 394 401 -1 397 402 395 -1 410 391 392 -1 391 410 404 -1 389 386 406 -1 386 389 394 -1 396 394 397 -1 394 396 393 -1 387 410 392 -1 410 387 408 -1 411 412 413 -1 412 411 414 -1 415 416 417 -1 416 415 418 -1 419 411 420 -1 411 419 414 -1 414 419 421 -1 418 422 416 -1 422 418 423 -1 424 417 425 -1 417 424 415 -1 426 427 428 -1 427 426 429 -1 424 430 421 -1 430 424 427 -1 430 427 429 -1 421 431 414 -1 431 421 430 -1 414 431 412 -1 412 432 413 -1 432 412 431 -1 432 430 433 -1 430 432 431 -1 434 422 435 -1 422 434 416 -1 434 436 437 -1 436 434 438 -1 436 438 439 -1 436 439 440 -1 437 416 434 -1 416 437 417 -1 430 426 433 -1 426 430 429 -1 437 419 420 -1 419 437 436 -1 419 436 440 -1 419 440 421 -1 415 439 418 -1 439 415 440 -1 424 440 415 -1 440 424 421 -1 435 438 434 -1 438 435 441 -1 438 441 439 -1 420 432 425 -1 432 420 411 -1 432 411 413 -1 425 433 428 -1 433 425 432 -1 428 433 426 -1 441 422 423 -1 422 441 435 -1 420 417 437 -1 417 420 425 -1 427 425 428 -1 425 427 424 -1 418 441 423 -1 441 418 439 -1 442 443 444 -1 443 442 445 -1 446 447 448 -1 447 446 449 -1 450 442 451 -1 442 450 445 -1 445 450 452 -1 449 453 447 -1 453 449 454 -1 455 448 456 -1 448 455 446 -1 457 458 459 -1 458 457 460 -1 455 461 452 -1 461 455 458 -1 461 458 460 -1 452 462 445 -1 462 452 461 -1 445 462 443 -1 443 73 444 -1 73 443 462 -1 73 461 72 -1 461 73 462 -1 463 453 464 -1 453 463 447 -1 463 465 466 -1 465 463 467 -1 465 467 468 -1 465 468 469 -1 466 447 463 -1 447 466 448 -1 461 457 72 -1 457 461 460 -1 466 450 451 -1 450 466 465 -1 450 465 469 -1 450 469 452 -1 446 468 449 -1 468 446 469 -1 455 469 446 -1 469 455 452 -1 464 467 463 -1 467 464 470 -1 467 470 468 -1 451 73 456 -1 73 451 442 -1 73 442 444 -1 456 72 459 -1 72 456 73 -1 459 72 457 -1 470 453 454 -1 453 470 464 -1 451 448 466 -1 448 451 456 -1 458 456 459 -1 456 458 455 -1 449 470 454 -1 470 449 468 -1 471 472 473 -1 472 471 474 -1 475 471 476 -1 471 475 474 -1 475 477 478 -1 477 475 476 -1 479 480 481 -1 480 479 482 -1 482 479 471 -1 471 479 476 -1 476 479 483 -1 483 479 484 -1 484 479 485 -1 486 480 482 -1 472 486 473 -1 486 472 480 -1 480 472 487 -1 471 486 482 -1 486 471 473 -1 483 477 476 -1 477 483 484 -1 488 479 481 -1 479 488 489 -1 479 490 485 -1 490 479 489 -1 490 484 485 -1 484 490 477 -1 477 490 478 -1 490 475 478 -1 472 488 487 -1 488 472 474 -1 488 474 489 -1 489 474 475 -1 489 475 490 -1 488 480 487 -1 480 488 481 -1 491 492 493 -1 492 491 494 -1 495 496 497 -1 496 495 498 -1 495 499 500 -1 499 495 497 -1 501 495 502 -1 495 501 498 -1 493 498 501 -1 498 493 492 -1 498 503 496 -1 503 498 492 -1 502 500 504 -1 500 502 495 -1 505 506 494 -1 506 505 507 -1 508 509 510 -1 509 508 511 -1 512 505 513 -1 505 512 509 -1 510 512 514 -1 512 510 509 -1 509 507 505 -1 507 509 511 -1 515 516 517 -1 516 515 518 -1 514 508 510 -1 508 514 519 -1 519 514 520 -1 520 491 521 -1 491 520 513 -1 513 520 512 -1 512 520 514 -1 522 523 524 -1 523 522 525 -1 525 522 526 -1 525 526 527 -1 527 526 528 -1 527 528 529 -1 529 528 493 -1 529 493 501 -1 529 501 502 -1 529 502 530 -1 493 528 521 -1 493 521 491 -1 530 502 504 -1 527 531 532 -1 531 527 529 -1 532 531 533 -1 533 531 534 -1 534 531 535 -1 535 531 536 -1 532 533 537 -1 535 536 538 -1 537 539 540 -1 539 537 533 -1 540 539 541 -1 540 541 542 -1 540 542 543 -1 492 506 503 -1 506 492 494 -1 491 505 494 -1 505 491 513 -1 538 515 517 -1 515 538 544 -1 544 538 536 -1 545 525 546 -1 525 545 523 -1 531 547 548 -1 547 531 529 -1 548 536 531 -1 536 548 544 -1 549 550 551 -1 550 549 552 -1 552 549 553 -1 553 549 554 -1 546 555 545 -1 555 546 556 -1 556 546 557 -1 556 557 558 -1 558 557 559 -1 558 559 548 -1 548 559 560 -1 548 560 561 -1 548 561 518 -1 548 518 544 -1 560 559 551 -1 560 551 550 -1 544 518 515 -1 558 547 562 -1 547 558 548 -1 562 547 503 -1 503 547 496 -1 496 547 497 -1 497 547 563 -1 562 503 564 -1 497 563 499 -1 564 506 519 -1 506 564 503 -1 519 506 507 -1 519 507 511 -1 519 511 508 -1 530 499 563 -1 499 530 504 -1 499 504 500 -1 563 529 530 -1 529 563 547 -1 542 565 543 -1 565 542 566 -1 541 566 542 -1 566 541 567 -1 539 567 541 -1 567 539 568 -1 533 568 539 -1 568 533 569 -1 533 570 569 -1 570 533 534 -1 516 534 535 -1 534 516 570 -1 516 561 570 -1 561 516 518 -1 567 550 552 -1 550 567 568 -1 552 566 567 -1 566 552 553 -1 566 554 565 -1 554 566 553 -1 517 535 538 -1 535 517 516 -1 570 560 569 -1 560 570 561 -1 568 560 550 -1 560 568 569 -1 532 557 527 -1 557 532 559 -1 546 527 557 -1 527 546 525 -1 537 559 532 -1 559 537 551 -1 564 520 521 -1 520 564 519 -1 540 554 549 -1 554 540 543 -1 554 543 565 -1 555 523 545 -1 523 555 524 -1 549 537 540 -1 537 549 551 -1 558 522 556 -1 522 558 526 -1 556 524 555 -1 524 556 522 -1 562 521 528 -1 521 562 564 -1 558 528 526 -1 528 558 562 -1 571 572 573 -1 572 571 574 -1 572 574 575 -1 576 577 578 -1 577 576 579 -1 580 581 582 -1 581 580 583 -1 584 585 586 -1 585 584 587 -1 588 589 590 -1 589 588 591 -1 592 582 593 -1 582 592 580 -1 594 580 595 -1 580 594 583 -1 589 572 575 -1 572 589 596 -1 597 598 599 -1 598 597 600 -1 601 602 603 -1 602 601 604 -1 605 606 597 -1 606 605 607 -1 608 609 610 -1 609 608 611 -1 589 574 590 -1 574 589 575 -1 579 612 577 -1 612 579 613 -1 614 591 588 -1 591 614 615 -1 616 612 617 -1 612 616 578 -1 612 578 577 -1 618 585 619 -1 585 618 586 -1 620 621 622 -1 621 620 623 -1 600 624 625 -1 624 600 626 -1 627 600 625 -1 600 627 598 -1 594 619 583 -1 619 594 618 -1 595 592 628 -1 592 595 580 -1 579 593 613 -1 593 579 592 -1 627 615 614 -1 615 627 625 -1 584 629 587 -1 629 584 611 -1 611 584 609 -1 630 608 610 -1 608 630 631 -1 632 623 620 -1 623 632 633 -1 634 633 632 -1 633 634 635 -1 585 636 619 -1 636 585 637 -1 597 626 600 -1 626 597 606 -1 628 579 576 -1 579 628 592 -1 591 638 639 -1 638 591 615 -1 622 604 601 -1 604 622 621 -1 619 581 583 -1 581 619 636 -1 631 635 634 -1 635 631 630 -1 591 596 589 -1 596 591 639 -1 573 638 640 -1 638 573 639 -1 639 573 596 -1 596 573 572 -1 603 622 601 -1 622 603 620 -1 620 603 641 -1 620 641 632 -1 632 641 642 -1 632 642 634 -1 634 642 643 -1 634 643 644 -1 644 643 624 -1 644 624 626 -1 644 626 606 -1 644 606 645 -1 624 643 640 -1 624 640 638 -1 645 606 607 -1 634 646 631 -1 646 634 644 -1 631 646 582 -1 582 646 593 -1 593 646 613 -1 613 646 617 -1 631 582 608 -1 613 617 612 -1 608 581 611 -1 581 608 582 -1 611 581 636 -1 611 636 637 -1 611 637 629 -1 615 624 638 -1 624 615 625 -1 587 637 585 -1 637 587 629 -1 605 599 647 -1 599 605 597 -1 573 648 571 -1 648 573 640 -1 642 649 643 -1 649 642 650 -1 640 649 648 -1 649 640 643 -1 617 651 616 -1 651 617 646 -1 609 594 610 -1 594 609 618 -1 618 609 586 -1 586 609 584 -1 623 604 621 -1 604 623 602 -1 602 623 633 -1 602 633 652 -1 652 633 635 -1 652 635 650 -1 650 635 630 -1 650 630 651 -1 651 630 595 -1 651 595 628 -1 651 628 576 -1 651 576 616 -1 595 630 610 -1 595 610 594 -1 616 576 578 -1 650 653 649 -1 653 650 651 -1 649 653 627 -1 627 653 598 -1 598 653 599 -1 599 653 654 -1 649 627 648 -1 599 654 647 -1 648 614 571 -1 614 648 627 -1 571 614 588 -1 571 588 590 -1 571 590 574 -1 647 607 605 -1 607 647 645 -1 645 647 654 -1 603 652 641 -1 652 603 602 -1 653 646 644 -1 646 653 651 -1 641 650 642 -1 650 641 652 -1 653 645 654 -1 645 653 644 -1 655 656 657 -1 656 655 658 -1 659 660 661 -1 660 659 662 -1 656 659 657 -1 659 656 662 -1 663 656 658 -1 656 663 662 -1 662 663 660 -1 660 663 664 -1 665 660 664 -1 666 667 668 -1 667 666 661 -1 667 661 669 -1 669 661 660 -1 669 660 665 -1 670 671 672 -1 671 670 673 -1 671 673 674 -1 674 673 675 -1 675 673 676 -1 677 672 671 -1 672 678 679 -1 678 672 677 -1 666 659 661 -1 659 655 657 -1 655 659 680 -1 680 659 666 -1 681 682 683 -1 682 681 684 -1 685 666 668 -1 666 685 680 -1 686 687 688 -1 687 686 689 -1 688 690 691 -1 690 688 687 -1 692 693 694 -1 693 692 695 -1 693 695 690 -1 693 690 687 -1 692 696 697 -1 696 692 698 -1 694 698 692 -1 698 694 699 -1 694 700 701 -1 700 694 693 -1 700 693 687 -1 700 687 689 -1 691 696 698 -1 696 691 702 -1 703 682 704 -1 678 705 679 -1 705 678 683 -1 705 683 686 -1 686 683 682 -1 686 682 703 -1 663 665 664 -1 665 663 706 -1 688 698 699 -1 698 688 691 -1 691 707 702 -1 707 691 690 -1 667 673 670 -1 673 667 669 -1 701 699 694 -1 699 701 705 -1 707 696 702 -1 696 707 697 -1 686 699 705 -1 699 686 688 -1 675 703 704 -1 703 675 676 -1 701 667 705 -1 667 701 685 -1 667 685 668 -1 705 670 679 -1 670 705 667 -1 679 670 672 -1 701 655 685 -1 655 701 700 -1 655 700 658 -1 658 700 663 -1 663 700 706 -1 706 700 689 -1 680 685 655 -1 686 673 689 -1 673 686 703 -1 673 703 676 -1 689 669 706 -1 669 689 673 -1 706 669 665 -1 697 695 692 -1 695 697 707 -1 695 707 690 -1 678 681 683 -1 681 678 708 -1 708 678 671 -1 671 678 677 -1 709 681 708 -1 681 709 684 -1 675 709 674 -1 709 682 684 -1 682 709 704 -1 704 709 675 -1 671 709 708 -1 709 671 674 -1 710 711 712 -1 711 710 713 -1 714 715 716 -1 715 714 717 -1 718 710 719 -1 710 718 713 -1 713 718 720 -1 717 721 715 -1 721 717 722 -1 723 716 724 -1 716 723 714 -1 725 726 727 -1 726 725 728 -1 723 729 720 -1 729 723 726 -1 729 726 728 -1 720 730 713 -1 730 720 729 -1 713 730 711 -1 711 731 712 -1 731 711 730 -1 731 729 732 -1 729 731 730 -1 733 721 734 -1 721 733 715 -1 733 735 736 -1 735 733 737 -1 735 737 738 -1 735 738 739 -1 736 715 733 -1 715 736 716 -1 729 725 732 -1 725 729 728 -1 736 718 719 -1 718 736 735 -1 718 735 739 -1 718 739 720 -1 714 738 717 -1 738 714 739 -1 723 739 714 -1 739 723 720 -1 734 737 733 -1 737 734 740 -1 737 740 738 -1 719 731 724 -1 731 719 710 -1 731 710 712 -1 724 732 727 -1 732 724 731 -1 727 732 725 -1 740 721 722 -1 721 740 734 -1 719 716 736 -1 716 719 724 -1 726 724 727 -1 724 726 723 -1 717 740 722 -1 740 717 738 -1 741 742 743 -1 742 741 744 -1 745 746 747 -1 746 745 748 -1 749 741 750 -1 741 749 744 -1 744 749 751 -1 748 752 746 -1 752 748 753 -1 754 747 755 -1 747 754 745 -1 756 757 758 -1 757 756 759 -1 754 760 751 -1 760 754 757 -1 760 757 759 -1 751 761 744 -1 761 751 760 -1 744 761 742 -1 742 762 743 -1 762 742 761 -1 762 760 763 -1 760 762 761 -1 764 752 765 -1 752 764 746 -1 764 766 767 -1 766 764 768 -1 766 768 769 -1 766 769 770 -1 767 746 764 -1 746 767 747 -1 760 756 763 -1 756 760 759 -1 767 749 750 -1 749 767 766 -1 749 766 770 -1 749 770 751 -1 745 769 748 -1 769 745 770 -1 754 770 745 -1 770 754 751 -1 765 768 764 -1 768 765 771 -1 768 771 769 -1 750 762 755 -1 762 750 741 -1 762 741 743 -1 755 763 758 -1 763 755 762 -1 758 763 756 -1 771 752 753 -1 752 771 765 -1 750 747 767 -1 747 750 755 -1 757 755 758 -1 755 757 754 -1 748 771 753 -1 771 748 769 -1 772 773 774 -1 773 772 775 -1 776 777 778 -1 777 776 779 -1 780 772 781 -1 772 780 775 -1 775 780 782 -1 779 783 777 -1 783 779 784 -1 785 778 786 -1 778 785 776 -1 787 788 789 -1 788 787 790 -1 785 791 782 -1 791 785 788 -1 791 788 790 -1 782 792 775 -1 792 782 791 -1 775 792 773 -1 773 793 774 -1 793 773 792 -1 793 791 794 -1 791 793 792 -1 795 783 796 -1 783 795 777 -1 795 797 798 -1 797 795 799 -1 797 799 800 -1 797 800 801 -1 798 777 795 -1 777 798 778 -1 791 787 794 -1 787 791 790 -1 798 780 781 -1 780 798 797 -1 780 797 801 -1 780 801 782 -1 776 800 779 -1 800 776 801 -1 785 801 776 -1 801 785 782 -1 796 799 795 -1 799 796 802 -1 799 802 800 -1 781 793 786 -1 793 781 772 -1 793 772 774 -1 786 794 789 -1 794 786 793 -1 789 794 787 -1 802 783 784 -1 783 802 796 -1 781 778 798 -1 778 781 786 -1 788 786 789 -1 786 788 785 -1 779 802 784 -1 802 779 800 -1 803 804 805 -1 804 803 806 -1 807 808 809 -1 808 807 810 -1 811 803 812 -1 803 811 806 -1 806 811 813 -1 810 814 808 -1 814 810 815 -1 816 809 817 -1 809 816 807 -1 818 819 820 -1 819 818 821 -1 816 822 813 -1 822 816 819 -1 822 819 821 -1 813 823 806 -1 823 813 822 -1 806 823 804 -1 804 824 805 -1 824 804 823 -1 824 822 825 -1 822 824 823 -1 826 814 827 -1 814 826 808 -1 826 828 829 -1 828 826 830 -1 828 830 831 -1 828 831 832 -1 829 808 826 -1 808 829 809 -1 822 818 825 -1 818 822 821 -1 829 811 812 -1 811 829 828 -1 811 828 832 -1 811 832 813 -1 807 831 810 -1 831 807 832 -1 816 832 807 -1 832 816 813 -1 827 830 826 -1 830 827 833 -1 830 833 831 -1 812 824 817 -1 824 812 803 -1 824 803 805 -1 817 825 820 -1 825 817 824 -1 820 825 818 -1 833 814 815 -1 814 833 827 -1 812 809 829 -1 809 812 817 -1 819 817 820 -1 817 819 816 -1 810 833 815 -1 833 810 831 -1 834 835 836 -1 835 834 837 -1 838 839 840 -1 839 838 841 -1 842 834 843 -1 834 842 837 -1 837 842 844 -1 841 845 839 -1 845 841 846 -1 847 840 848 -1 840 847 838 -1 849 850 851 -1 850 849 852 -1 847 853 844 -1 853 847 850 -1 853 850 852 -1 844 490 837 -1 490 844 853 -1 837 490 835 -1 835 854 836 -1 854 835 490 -1 854 853 855 -1 853 854 490 -1 856 845 857 -1 845 856 839 -1 856 858 859 -1 858 856 860 -1 858 860 861 -1 858 861 862 -1 859 839 856 -1 839 859 840 -1 853 849 855 -1 849 853 852 -1 859 842 843 -1 842 859 858 -1 842 858 862 -1 842 862 844 -1 838 861 841 -1 861 838 862 -1 847 862 838 -1 862 847 844 -1 857 860 856 -1 860 857 863 -1 860 863 861 -1 843 854 848 -1 854 843 834 -1 854 834 836 -1 848 855 851 -1 855 848 854 -1 851 855 849 -1 863 845 846 -1 845 863 857 -1 843 840 859 -1 840 843 848 -1 850 848 851 -1 848 850 847 -1 841 863 846 -1 863 841 861 -1 864 865 866 -1 865 864 867 -1 868 869 870 -1 869 868 871 -1 872 864 873 -1 864 872 867 -1 867 872 874 -1 871 875 869 -1 875 871 876 -1 877 870 878 -1 870 877 868 -1 879 880 881 -1 880 879 882 -1 877 883 874 -1 883 877 880 -1 883 880 882 -1 874 884 867 -1 884 874 883 -1 867 884 865 -1 865 487 866 -1 487 865 884 -1 487 883 480 -1 883 487 884 -1 885 875 886 -1 875 885 869 -1 885 887 888 -1 887 885 889 -1 887 889 890 -1 887 890 891 -1 888 869 885 -1 869 888 870 -1 883 879 480 -1 879 883 882 -1 888 872 873 -1 872 888 887 -1 872 887 891 -1 872 891 874 -1 868 890 871 -1 890 868 891 -1 877 891 868 -1 891 877 874 -1 886 889 885 -1 889 886 892 -1 889 892 890 -1 873 487 878 -1 487 873 864 -1 487 864 866 -1 878 480 881 -1 480 878 487 -1 881 480 879 -1 892 875 876 -1 875 892 886 -1 873 870 888 -1 870 873 878 -1 880 878 881 -1 878 880 877 -1 871 892 876 -1 892 871 890 -1 893 894 895 -1 894 893 896 -1 895 897 898 -1 897 895 894 -1 899 900 901 -1 900 899 902 -1 894 903 904 -1 903 894 896 -1 897 904 905 -1 904 897 894 -1 900 906 907 -1 906 900 902 -1 897 908 909 -1 908 897 905 -1 901 910 911 -1 910 901 900 -1 898 909 912 -1 909 898 897 -1 911 899 901 -1 899 911 913 -1 913 911 914 -1 915 896 893 -1 896 915 916 -1 917 918 919 -1 918 917 920 -1 920 921 918 -1 921 920 922 -1 923 920 917 -1 920 923 924 -1 925 926 927 -1 926 925 928 -1 927 929 930 -1 929 927 926 -1 900 931 910 -1 931 900 907 -1 896 932 903 -1 932 896 916 -1 907 932 916 -1 932 907 906 -1 915 907 916 -1 907 915 931 -1 914 915 933 -1 915 914 931 -1 931 914 910 -1 910 914 911 -1 934 935 936 -1 935 934 937 -1 937 934 938 -1 937 938 939 -1 939 938 940 -1 939 940 941 -1 941 940 895 -1 941 895 898 -1 941 898 942 -1 895 940 893 -1 893 940 933 -1 893 933 915 -1 942 898 912 -1 939 943 944 -1 943 939 941 -1 944 943 945 -1 945 943 929 -1 929 943 946 -1 944 945 947 -1 944 947 948 -1 929 946 930 -1 948 949 950 -1 949 948 947 -1 950 949 923 -1 950 923 917 -1 950 917 919 -1 926 951 952 -1 951 926 928 -1 953 914 933 -1 914 953 913 -1 942 908 954 -1 908 942 912 -1 908 912 909 -1 955 935 956 -1 935 955 936 -1 957 948 950 -1 948 957 958 -1 948 959 944 -1 959 948 958 -1 957 960 958 -1 960 957 961 -1 961 957 922 -1 922 957 921 -1 962 955 956 -1 955 962 963 -1 963 962 964 -1 964 962 965 -1 964 965 959 -1 964 959 966 -1 966 959 951 -1 966 951 928 -1 966 928 967 -1 951 959 968 -1 968 959 958 -1 968 958 960 -1 967 928 925 -1 964 969 970 -1 969 964 966 -1 970 969 904 -1 904 969 905 -1 905 969 954 -1 970 904 903 -1 970 903 953 -1 905 954 908 -1 953 932 913 -1 932 953 903 -1 913 932 906 -1 913 906 902 -1 913 902 899 -1 956 937 962 -1 937 956 935 -1 962 939 965 -1 939 962 937 -1 950 921 957 -1 921 950 919 -1 921 919 918 -1 964 934 963 -1 934 964 938 -1 965 944 959 -1 944 965 939 -1 954 941 942 -1 941 954 969 -1 943 969 966 -1 969 943 941 -1 930 925 927 -1 925 930 967 -1 967 930 946 -1 970 938 964 -1 938 970 940 -1 970 933 940 -1 933 970 953 -1 963 936 955 -1 936 963 934 -1 943 967 946 -1 967 943 966 -1 949 924 923 -1 924 949 971 -1 920 961 922 -1 961 920 924 -1 947 971 949 -1 971 947 972 -1 924 960 961 -1 960 924 971 -1 947 952 972 -1 952 947 945 -1 952 968 972 -1 968 952 951 -1 971 968 960 -1 968 971 972 -1 926 945 929 -1 945 926 952 -1 973 974 975 -1 975 976 973 -1 977 978 979 -1 979 980 977 -1 975 974 977 -1 977 980 975 -1 981 976 975 -1 975 980 981 -1 980 979 981 -1 979 982 981 -1 983 982 979 -1 984 985 986 -1 986 978 984 -1 986 987 978 -1 987 979 978 -1 987 983 979 -1 988 989 990 -1 990 991 988 -1 990 992 991 -1 992 993 991 -1 993 994 991 -1 995 990 989 -1 989 996 997 -1 997 995 989 -1 984 978 977 -1 977 974 973 -1 973 998 977 -1 998 984 977 -1 999 1000 1001 -1 1001 1002 999 -1 1003 985 984 -1 984 998 1003 -1 1004 1005 1006 -1 1006 1007 1004 -1 1005 1008 1009 -1 1009 1006 1005 -1 1010 1011 1012 -1 1012 1013 1010 -1 1012 1009 1013 -1 1012 1006 1009 -1 1010 1014 1015 -1 1015 1016 1010 -1 1011 1010 1016 -1 1016 1017 1011 -1 1011 1018 1019 -1 1019 1012 1011 -1 1019 1006 1012 -1 1019 1007 1006 -1 1008 1016 1015 -1 1015 1020 1008 -1 1021 1022 1001 -1 997 996 1023 -1 1023 1000 997 -1 1023 1004 1000 -1 1004 1001 1000 -1 1004 1021 1001 -1 981 982 983 -1 983 1024 981 -1 1005 1017 1016 -1 1016 1008 1005 -1 1008 1020 1025 -1 1025 1009 1008 -1 986 988 991 -1 991 987 986 -1 1018 1011 1017 -1 1017 1023 1018 -1 1025 1020 1015 -1 1015 1014 1025 -1 1004 1023 1017 -1 1017 1005 1004 -1 993 1022 1021 -1 1021 994 993 -1 1018 1023 986 -1 986 1003 1018 -1 986 985 1003 -1 1023 996 988 -1 988 986 1023 -1 996 989 988 -1 1018 1003 973 -1 973 1019 1018 -1 973 976 1019 -1 976 981 1019 -1 981 1024 1019 -1 1024 1007 1019 -1 998 973 1003 -1 1004 1007 991 -1 991 1021 1004 -1 991 994 1021 -1 1007 1024 987 -1 987 991 1007 -1 1024 983 987 -1 1014 1010 1013 -1 1013 1025 1014 -1 1013 1009 1025 -1 997 1000 999 -1 999 1026 997 -1 1026 990 997 -1 990 995 997 -1 1027 1026 999 -1 999 1002 1027 -1 993 992 1027 -1 1027 1002 1001 -1 1001 1022 1027 -1 1022 993 1027 -1 990 1026 1027 -1 1027 992 990 -1 1028 1029 1030 -1 1029 1028 1031 -1 1032 1033 1034 -1 1033 1032 1035 -1 1029 1032 1030 -1 1032 1029 1035 -1 1036 1029 1031 -1 1029 1036 1035 -1 1035 1036 1033 -1 1033 1036 1037 -1 1038 1033 1037 -1 1039 1040 1041 -1 1040 1039 1034 -1 1040 1034 1042 -1 1042 1034 1033 -1 1042 1033 1038 -1 1043 1044 1045 -1 1044 1043 1046 -1 1044 1046 1047 -1 1047 1046 1048 -1 1048 1046 1049 -1 1050 1045 1044 -1 1045 1051 1052 -1 1051 1045 1050 -1 1039 1032 1034 -1 1032 1028 1030 -1 1028 1032 1053 -1 1053 1032 1039 -1 1054 1055 1056 -1 1055 1054 1057 -1 1058 1039 1041 -1 1039 1058 1053 -1 1059 1060 1061 -1 1060 1059 1062 -1 1061 1063 1064 -1 1063 1061 1060 -1 1065 1066 1067 -1 1066 1065 1068 -1 1066 1068 1063 -1 1066 1063 1060 -1 1065 1069 1070 -1 1069 1065 1071 -1 1067 1071 1065 -1 1071 1067 1072 -1 1067 1073 1074 -1 1073 1067 1066 -1 1073 1066 1060 -1 1073 1060 1062 -1 1064 1069 1071 -1 1069 1064 1075 -1 1076 1055 1077 -1 1051 1078 1052 -1 1078 1051 1056 -1 1078 1056 1059 -1 1059 1056 1055 -1 1059 1055 1076 -1 1036 1038 1037 -1 1038 1036 1079 -1 1061 1071 1072 -1 1071 1061 1064 -1 1064 1080 1075 -1 1080 1064 1063 -1 1040 1046 1043 -1 1046 1040 1042 -1 1074 1072 1067 -1 1072 1074 1078 -1 1080 1069 1075 -1 1069 1080 1070 -1 1059 1072 1078 -1 1072 1059 1061 -1 1048 1076 1077 -1 1076 1048 1049 -1 1074 1040 1078 -1 1040 1074 1058 -1 1040 1058 1041 -1 1078 1043 1052 -1 1043 1078 1040 -1 1052 1043 1045 -1 1074 1028 1058 -1 1028 1074 1073 -1 1028 1073 1031 -1 1031 1073 1036 -1 1036 1073 1079 -1 1079 1073 1062 -1 1053 1058 1028 -1 1059 1046 1062 -1 1046 1059 1076 -1 1046 1076 1049 -1 1062 1042 1079 -1 1042 1062 1046 -1 1079 1042 1038 -1 1070 1068 1065 -1 1068 1070 1080 -1 1068 1080 1063 -1 1051 1054 1056 -1 1054 1051 1081 -1 1081 1051 1044 -1 1044 1051 1050 -1 1082 1054 1081 -1 1054 1082 1057 -1 1048 1082 1047 -1 1082 1055 1057 -1 1055 1082 1077 -1 1077 1082 1048 -1 1044 1082 1081 -1 1082 1044 1047 -1 1083 1084 1085 -1 1084 1083 1086 -1 1087 1088 1089 -1 1088 1087 1090 -1 1091 1083 1092 -1 1083 1091 1086 -1 1086 1091 1093 -1 1090 1094 1088 -1 1094 1090 1095 -1 1096 1089 1097 -1 1089 1096 1087 -1 1098 1099 1100 -1 1099 1098 1101 -1 1096 1102 1093 -1 1102 1096 1099 -1 1102 1099 1101 -1 1093 1103 1086 -1 1103 1093 1102 -1 1086 1103 1084 -1 1084 1104 1085 -1 1104 1084 1103 -1 1104 1102 1105 -1 1102 1104 1103 -1 1106 1094 1107 -1 1094 1106 1088 -1 1106 1108 1109 -1 1108 1106 1110 -1 1108 1110 1111 -1 1108 1111 1112 -1 1109 1088 1106 -1 1088 1109 1089 -1 1102 1098 1105 -1 1098 1102 1101 -1 1109 1091 1092 -1 1091 1109 1108 -1 1091 1108 1112 -1 1091 1112 1093 -1 1087 1111 1090 -1 1111 1087 1112 -1 1096 1112 1087 -1 1112 1096 1093 -1 1107 1110 1106 -1 1110 1107 1113 -1 1110 1113 1111 -1 1092 1104 1097 -1 1104 1092 1083 -1 1104 1083 1085 -1 1097 1105 1100 -1 1105 1097 1104 -1 1100 1105 1098 -1 1113 1094 1095 -1 1094 1113 1107 -1 1092 1089 1109 -1 1089 1092 1097 -1 1099 1097 1100 -1 1097 1099 1096 -1 1090 1113 1095 -1 1113 1090 1111 -1 1114 1115 1116 -1 1115 1114 1117 -1 1116 1118 1119 -1 1118 1116 1115 -1 1120 1121 1122 -1 1121 1120 1123 -1 1115 1124 1125 -1 1124 1115 1117 -1 1118 1125 1126 -1 1125 1118 1115 -1 1121 1127 1128 -1 1127 1121 1123 -1 1118 1129 1130 -1 1129 1118 1126 -1 1122 1131 1132 -1 1131 1122 1121 -1 1119 1130 1133 -1 1130 1119 1118 -1 1132 1120 1122 -1 1120 1132 1134 -1 1134 1132 1135 -1 1136 1117 1114 -1 1117 1136 1137 -1 1138 1139 1140 -1 1139 1138 1141 -1 1141 1142 1139 -1 1142 1141 1143 -1 1144 1141 1138 -1 1141 1144 1145 -1 1146 1147 1148 -1 1147 1146 1149 -1 1148 1150 1151 -1 1150 1148 1147 -1 1121 1152 1131 -1 1152 1121 1128 -1 1117 1153 1124 -1 1153 1117 1137 -1 1128 1153 1137 -1 1153 1128 1127 -1 1136 1128 1137 -1 1128 1136 1152 -1 1135 1136 1154 -1 1136 1135 1152 -1 1152 1135 1131 -1 1131 1135 1132 -1 1155 1156 1157 -1 1156 1155 1158 -1 1158 1155 1159 -1 1158 1159 1160 -1 1160 1159 1161 -1 1160 1161 1162 -1 1162 1161 1116 -1 1162 1116 1119 -1 1162 1119 1163 -1 1116 1161 1114 -1 1114 1161 1154 -1 1114 1154 1136 -1 1163 1119 1133 -1 1160 1164 1165 -1 1164 1160 1162 -1 1165 1164 1166 -1 1166 1164 1150 -1 1150 1164 1167 -1 1165 1166 1168 -1 1165 1168 1169 -1 1150 1167 1151 -1 1169 1170 1171 -1 1170 1169 1168 -1 1171 1170 1144 -1 1171 1144 1138 -1 1171 1138 1140 -1 1147 1172 1173 -1 1172 1147 1149 -1 1174 1135 1154 -1 1135 1174 1134 -1 1163 1129 1175 -1 1129 1163 1133 -1 1129 1133 1130 -1 1176 1156 1177 -1 1156 1176 1157 -1 1178 1169 1171 -1 1169 1178 1179 -1 1169 1180 1165 -1 1180 1169 1179 -1 1178 1181 1179 -1 1181 1178 1182 -1 1182 1178 1143 -1 1143 1178 1142 -1 1183 1176 1177 -1 1176 1183 1184 -1 1184 1183 1185 -1 1185 1183 1186 -1 1185 1186 1180 -1 1185 1180 1187 -1 1187 1180 1172 -1 1187 1172 1149 -1 1187 1149 1188 -1 1172 1180 1189 -1 1189 1180 1179 -1 1189 1179 1181 -1 1188 1149 1146 -1 1185 1190 1191 -1 1190 1185 1187 -1 1191 1190 1125 -1 1125 1190 1126 -1 1126 1190 1175 -1 1191 1125 1124 -1 1191 1124 1174 -1 1126 1175 1129 -1 1174 1153 1134 -1 1153 1174 1124 -1 1134 1153 1127 -1 1134 1127 1123 -1 1134 1123 1120 -1 1177 1158 1183 -1 1158 1177 1156 -1 1183 1160 1186 -1 1160 1183 1158 -1 1171 1142 1178 -1 1142 1171 1140 -1 1142 1140 1139 -1 1185 1155 1184 -1 1155 1185 1159 -1 1186 1165 1180 -1 1165 1186 1160 -1 1175 1162 1163 -1 1162 1175 1190 -1 1164 1190 1187 -1 1190 1164 1162 -1 1151 1146 1148 -1 1146 1151 1188 -1 1188 1151 1167 -1 1191 1159 1185 -1 1159 1191 1161 -1 1191 1154 1161 -1 1154 1191 1174 -1 1184 1157 1176 -1 1157 1184 1155 -1 1164 1188 1167 -1 1188 1164 1187 -1 1170 1145 1144 -1 1145 1170 1192 -1 1141 1182 1143 -1 1182 1141 1145 -1 1168 1192 1170 -1 1192 1168 1193 -1 1145 1181 1182 -1 1181 1145 1192 -1 1168 1173 1193 -1 1173 1168 1166 -1 1173 1189 1193 -1 1189 1173 1172 -1 1192 1189 1181 -1 1189 1192 1193 -1 1147 1166 1150 -1 1166 1147 1173 -1 1194 1195 1196 -1 1195 1194 1197 -1 1197 1198 1199 -1 1198 1197 1194 -1 1195 1200 1201 -1 1200 1195 1196 -1 1201 1202 1200 -1 1202 1201 1203 -1 1204 1205 1206 -1 1205 1204 1207 -1 1208 1209 1210 -1 1209 1208 1211 -1 1212 1209 1211 -1 1209 1212 1213 -1 1210 1214 1215 -1 1214 1210 1209 -1 1206 1210 1215 -1 1210 1206 1205 -1 1216 1210 1205 -1 1210 1216 1208 -1 1209 1217 1214 -1 1217 1209 1213 -1 1218 1207 1219 -1 1207 1218 1220 -1 1221 1222 1223 -1 1222 1221 1224 -1 1225 1219 1226 -1 1219 1225 1221 -1 1227 1221 1225 -1 1221 1227 1224 -1 1223 1219 1221 -1 1219 1223 1218 -1 1228 1229 1230 -1 1229 1228 1231 -1 1232 1224 1227 -1 1224 1232 1233 -1 1224 1233 1222 -1 1234 1196 1217 -1 1196 1234 1194 -1 1194 1234 1198 -1 1198 1234 1235 -1 1198 1235 1236 -1 1198 1236 1237 -1 1237 1236 1238 -1 1237 1238 1239 -1 1237 1239 1240 -1 1237 1240 1241 -1 1241 1240 1242 -1 1241 1242 1243 -1 1241 1243 1244 -1 1241 1244 1245 -1 1245 1244 1246 -1 1246 1244 1247 -1 1227 1248 1232 -1 1248 1227 1249 -1 1249 1227 1250 -1 1250 1227 1251 -1 1251 1227 1202 -1 1202 1227 1225 -1 1202 1225 1226 -1 1202 1226 1204 -1 1202 1204 1200 -1 1200 1204 1206 -1 1200 1206 1215 -1 1200 1215 1214 -1 1200 1214 1217 -1 1200 1217 1196 -1 1220 1205 1207 -1 1205 1220 1216 -1 1226 1207 1204 -1 1207 1226 1219 -1 1241 1252 1237 -1 1252 1241 1253 -1 1254 1233 1255 -1 1233 1254 1222 -1 1222 1254 1256 -1 1222 1256 1257 -1 1222 1257 1203 -1 1222 1203 1223 -1 1223 1203 1218 -1 1218 1203 1220 -1 1220 1203 1201 -1 1220 1201 1216 -1 1216 1201 1208 -1 1208 1201 1211 -1 1211 1201 1212 -1 1212 1201 1195 -1 1252 1197 1199 -1 1197 1252 1258 -1 1197 1258 1230 -1 1197 1230 1229 -1 1258 1252 1259 -1 1259 1252 1260 -1 1260 1252 1261 -1 1261 1252 1253 -1 1261 1253 1262 -1 1262 1253 1263 -1 1263 1253 1264 -1 1264 1253 1265 -1 1264 1265 1266 -1 1264 1266 1267 -1 1195 1229 1212 -1 1229 1195 1197 -1 1213 1234 1217 -1 1234 1213 1231 -1 1231 1213 1212 -1 1231 1212 1229 -1 1268 1243 1242 -1 1243 1268 1269 -1 1270 1242 1240 -1 1242 1270 1268 -1 1271 1240 1239 -1 1240 1271 1270 -1 1272 1239 1238 -1 1239 1272 1271 -1 1273 1238 1236 -1 1238 1273 1272 -1 1235 1273 1236 -1 1273 1235 1228 -1 1230 1273 1228 -1 1273 1230 1258 -1 1260 1270 1271 -1 1270 1260 1261 -1 1262 1270 1261 -1 1270 1262 1268 -1 1263 1268 1262 -1 1268 1263 1269 -1 1234 1228 1235 -1 1228 1234 1231 -1 1258 1272 1273 -1 1272 1258 1259 -1 1259 1271 1272 -1 1271 1259 1260 -1 1246 1265 1245 -1 1265 1246 1266 -1 1245 1253 1241 -1 1253 1245 1265 -1 1247 1266 1246 -1 1266 1247 1267 -1 1233 1248 1255 -1 1248 1233 1232 -1 1243 1264 1244 -1 1264 1243 1269 -1 1264 1269 1263 -1 1237 1199 1198 -1 1199 1237 1252 -1 1244 1267 1247 -1 1267 1244 1264 -1 1257 1250 1251 -1 1250 1257 1256 -1 1203 1251 1202 -1 1251 1203 1257 -1 1255 1249 1254 -1 1249 1255 1248 -1 1254 1250 1256 -1 1250 1254 1249 -1 1001 1274 1275 -1 1275 1000 1001 -1 1274 1276 1277 -1 1277 1275 1274 -1 1278 1279 1277 -1 1277 1276 1278 -1 1278 1280 1281 -1 1281 1279 1278 -1 1280 1282 1283 -1 1283 1281 1280 -1 1284 1285 1283 -1 1283 1282 1284 -1 990 1286 1287 -1 1287 992 990 -1 1287 1288 992 -1 1288 1289 992 -1 1289 1288 1290 -1 1291 1287 1286 -1 1292 1293 1294 -1 1295 1296 1297 -1 978 979 1294 -1 1294 1293 978 -1 979 1297 1294 -1 979 1295 1297 -1 1290 1288 1297 -1 1297 1296 1290 -1 1294 1287 1291 -1 1291 1292 1294 -1 992 1027 1026 -1 1026 990 992 -1 980 979 978 -1 978 977 980 -1 1048 1050 1044 -1 1044 1047 1048 -1 1298 1299 1300 -1 1300 1301 1298 -1 1300 1302 1303 -1 1303 1301 1300 -1 1304 1305 1306 -1 1306 1307 1304 -1 1308 1309 1305 -1 1305 1304 1308 -1 1310 1311 1312 -1 1312 1313 1310 -1 1312 1314 1315 -1 1315 1313 1312 -1 1316 1317 1318 -1 1318 1319 1316 -1 1320 1321 1317 -1 1317 1316 1320 -1 1319 1318 1322 -1 1322 1323 1319 -1 1297 1288 1287 -1 1287 1294 1297 -1 1324 1293 1292 -1 1292 1325 1324 -1 1292 1291 1290 -1 1290 1296 1292 -1 1296 1295 1292 -1 1295 1325 1292 -1 1286 1285 1284 -1 1284 1290 1286 -1 1284 1289 1290 -1 1290 1291 1286 -1 1308 1303 1314 -1 1314 1321 1308 -1 1321 1320 1308 -1 1320 1326 1308 -1 1324 1325 1315 -1 1315 1303 1324 -1 1303 1302 1324 -1 1315 1314 1303 -1 1327 1309 1308 -1 1308 1328 1327 -1 1308 1326 1328 -1 1326 1329 1328 -1 1328 1329 1330 -1 1330 1331 1328 -1 1299 1332 974 -1 974 977 1299 -1 977 978 1299 -1 978 1293 1299 -1 1293 1324 1299 -1 1324 1300 1299 -1 1324 1302 1300 -1 1286 990 1026 -1 1026 1279 1286 -1 1279 1283 1286 -1 1283 1285 1286 -1 1283 1279 1281 -1 1026 999 1000 -1 1000 1275 1026 -1 1275 1277 1026 -1 1277 1279 1026 -1 1333 1129 1175 -1 1175 1190 1333 -1 1334 1335 1336 -1 1336 1337 1334 -1 1335 1338 1339 -1 1339 1336 1335 -1 1339 1338 1329 -1 1329 1326 1339 -1 1340 1341 1342 -1 1342 1343 1340 -1 1341 1344 1345 -1 1345 1342 1341 -1 1346 1347 1345 -1 1345 1344 1346 -1 1348 1349 1347 -1 1347 1346 1348 -1 1350 1351 1349 -1 1349 1348 1350 -1 1350 1352 1353 -1 1353 1351 1350 -1 1352 1354 1355 -1 1355 1353 1352 -1 1355 1354 1334 -1 1334 1337 1355 -1 1350 1348 1346 -1 1346 1344 1350 -1 1344 1352 1350 -1 1344 1341 1352 -1 1341 1354 1352 -1 1341 1340 1354 -1 1340 1334 1354 -1 1340 1356 1334 -1 1356 1335 1334 -1 1356 1357 1335 -1 1357 1358 1335 -1 1358 1338 1335 -1 1358 1330 1338 -1 1330 1329 1338 -1 980 977 974 -1 974 975 980 -1 1359 975 974 -1 974 1332 1359 -1 1332 1299 1360 -1 1360 1359 1332 -1 1360 1361 1359 -1 1361 1311 1359 -1 1311 1310 1359 -1 1298 1360 1299 -1 1295 979 980 -1 975 1359 1310 -1 1310 980 975 -1 1310 1295 980 -1 1310 1325 1295 -1 1310 1313 1325 -1 1313 1315 1325 -1 1307 1362 1360 -1 1360 1304 1307 -1 1304 1360 1298 -1 1298 1301 1304 -1 1301 1308 1304 -1 1301 1303 1308 -1 1282 1280 1278 -1 1027 1274 1001 -1 1027 1276 1274 -1 1027 1278 1276 -1 1027 992 1278 -1 992 1289 1278 -1 1289 1282 1278 -1 1289 1284 1282 -1 1002 1001 1000 -1 1000 999 1002 -1 1002 999 1026 -1 1026 1027 1002 -1 1363 1364 1365 -1 1365 1366 1363 -1 1029 1367 1368 -1 1368 1030 1029 -1 1333 1034 1032 -1 1365 1364 1369 -1 1369 1370 1365 -1 1370 1371 1365 -1 1371 1372 1365 -1 1032 1030 1368 -1 1368 1306 1032 -1 1306 1333 1032 -1 1306 1129 1333 -1 1373 1374 1054 -1 1054 1081 1373 -1 1081 1375 1373 -1 1081 1044 1375 -1 1044 1050 1375 -1 1050 1376 1375 -1 1050 1377 1376 -1 1377 1378 1376 -1 1377 1379 1378 -1 1377 1380 1379 -1 1377 1133 1380 -1 1378 1364 1376 -1 1378 1369 1364 -1 1133 1381 1380 -1 1133 1382 1381 -1 1133 1129 1382 -1 1306 1305 1309 -1 1309 1129 1306 -1 1309 1382 1129 -1 1309 1383 1382 -1 1309 1384 1383 -1 1309 1327 1384 -1 1385 1057 1054 -1 1054 1374 1385 -1 1163 1133 1377 -1 1377 1162 1163 -1 1386 1387 1358 -1 1358 1357 1386 -1 1388 1389 1373 -1 1373 1375 1388 -1 1340 1343 1366 -1 1366 1390 1340 -1 1366 1372 1390 -1 1366 1365 1372 -1 1391 1376 1364 -1 1364 1363 1391 -1 1377 1050 1048 -1 1048 1162 1377 -1 1048 1164 1162 -1 1048 1392 1164 -1 1164 1393 1394 -1 1394 1162 1164 -1 1395 1386 1357 -1 1357 1356 1395 -1 1358 1387 1331 -1 1331 1330 1358 -1 1340 1390 1395 -1 1395 1356 1340 -1 1389 1385 1374 -1 1374 1373 1389 -1 1391 1388 1375 -1 1375 1376 1391 -1 1383 1384 1396 -1 1396 1397 1383 -1 1398 1187 1188 -1 1188 1146 1398 -1 1151 1167 1164 -1 1164 1392 1151 -1 1322 1361 1360 -1 1360 1362 1322 -1 1188 1187 1393 -1 1393 1164 1188 -1 1379 1399 1400 -1 1400 1378 1379 -1 1311 1361 1322 -1 1322 1317 1311 -1 1317 1312 1311 -1 1317 1321 1312 -1 1321 1314 1312 -1 1318 1317 1322 -1 1371 1370 1401 -1 1401 1402 1371 -1 1382 1383 1397 -1 1397 1403 1382 -1 1379 1380 1404 -1 1404 1399 1379 -1 1372 1371 1402 -1 1402 1390 1372 -1 1396 1384 1327 -1 1327 1328 1396 -1 1401 1405 1400 -1 1400 1399 1401 -1 1399 1402 1401 -1 1399 1404 1402 -1 1404 1390 1402 -1 1404 1406 1390 -1 1406 1395 1390 -1 1406 1403 1395 -1 1403 1386 1395 -1 1403 1397 1386 -1 1397 1387 1386 -1 1397 1396 1387 -1 1396 1331 1387 -1 1396 1328 1331 -1 1380 1381 1406 -1 1406 1404 1380 -1 1378 1400 1405 -1 1405 1369 1378 -1 1369 1405 1401 -1 1401 1370 1369 -1 1406 1381 1382 -1 1382 1403 1406 -1 1057 1385 1389 -1 1389 1082 1057 -1 1389 1388 1082 -1 1320 1316 1319 -1 1319 1151 1320 -1 1151 1337 1320 -1 1337 1336 1320 -1 1336 1339 1320 -1 1339 1326 1320 -1 1082 1388 1048 -1 1388 1391 1048 -1 1391 1392 1048 -1 1391 1349 1392 -1 1349 1351 1392 -1 1351 1353 1392 -1 1353 1151 1392 -1 1391 1363 1349 -1 1353 1355 1151 -1 1355 1337 1151 -1 1367 1029 1035 -1 1035 1323 1367 -1 1035 1033 1323 -1 1033 1398 1323 -1 1398 1146 1323 -1 1146 1319 1323 -1 1146 1151 1319 -1 1363 1366 1347 -1 1347 1349 1363 -1 1366 1345 1347 -1 1366 1342 1345 -1 1366 1343 1342 -1 1033 1034 1333 -1 1333 1190 1033 -1 1190 1187 1033 -1 1187 1398 1033 -1 1187 1190 1394 -1 1394 1393 1187 -1 1163 1162 1394 -1 1394 1190 1163 -1 1190 1175 1163 -1 1307 1306 1362 -1 1368 1367 1362 -1 1362 1306 1368 -1 1367 1322 1362 -1 1367 1323 1322 -1 1407 1408 1409 -1 1408 1407 1410 -1 1411 1408 1412 -1 1408 1411 1409 -1 1407 1413 1410 -1 1413 1407 1414 -1 1408 1413 1412 -1 1413 1408 1410 -1 1415 1416 1417 -1 1416 1415 1418 -1 1418 1415 1419 -1 1419 1415 1420 -1 515 1411 1421 -1 1411 515 1409 -1 1409 515 1422 -1 1409 1422 1407 -1 1414 1423 1424 -1 1423 1414 1407 -1 1423 1407 1425 -1 1423 1425 1415 -1 1415 1425 1420 -1 1425 1407 1426 -1 1426 1407 1422 -1 1425 1427 1420 -1 1427 1425 1428 -1 1427 1428 1429 -1 1429 1428 1430 -1 1430 1428 1431 -1 1430 1431 1432 -1 1432 1431 1433 -1 1433 1431 1434 -1 1434 1431 1435 -1 1436 1429 1430 -1 1437 1438 1439 -1 1438 1437 1440 -1 1439 1441 1442 -1 1441 1439 1438 -1 1437 1443 1444 -1 1443 1437 1442 -1 1442 1437 1439 -1 1443 1441 1445 -1 1441 1443 1442 -1 1437 1446 1440 -1 1446 1437 1444 -1 1447 504 1448 -1 504 1447 530 -1 499 1449 1450 -1 1449 499 563 -1 1449 530 1447 -1 530 1449 563 -1 544 1421 1451 -1 1421 544 515 -1 1452 536 1453 -1 536 1452 538 -1 1453 544 1451 -1 544 1453 536 -1 1454 1455 1456 -1 1455 1454 1457 -1 1455 1457 1458 -1 1455 1458 1459 -1 1460 1461 1462 -1 1463 1464 1459 -1 1464 1463 1465 -1 1465 1463 1462 -1 1465 1462 1461 -1 1465 1461 1466 -1 1466 1461 1467 -1 1466 1467 1468 -1 1466 1468 1469 -1 1466 1469 1470 -1 1471 1440 1446 -1 1440 1471 1472 -1 1440 1472 1464 -1 1464 1472 1455 -1 1464 1455 1459 -1 1440 1464 1473 -1 1440 1473 1474 -1 1441 1450 1445 -1 1450 1441 499 -1 499 1441 1474 -1 1474 1441 1438 -1 1474 1438 1440 -1 1475 1476 1477 -1 123 538 1452 -1 538 123 1476 -1 538 1476 1478 -1 1478 1476 1475 -1 1478 1475 1479 -1 1429 1480 1481 -1 1480 1429 1436 -1 1427 1462 1429 -1 1462 1427 1463 -1 1481 1427 1429 -1 1427 1481 1482 -1 1483 1482 1481 -1 1482 1483 1484 -1 1485 1483 1486 -1 1483 1485 1484 -1 1487 1486 1488 -1 1486 1487 1485 -1 1420 1463 1427 -1 1463 1420 1459 -1 1463 1488 1462 -1 1488 1463 1487 -1 1416 1457 1454 -1 1457 1416 1418 -1 233 222 232 -1 222 233 234 -1 222 234 235 -1 222 235 224 -1 1430 233 232 -1 233 1430 1432 -1 222 1430 232 -1 1430 222 1436 -1 233 1433 234 -1 1433 233 1432 -1 234 1434 235 -1 1434 234 1433 -1 1434 224 235 -1 224 1434 1435 -1 232 228 227 -1 228 232 233 -1 228 234 229 -1 234 228 233 -1 1489 225 1460 -1 225 1489 222 -1 222 1489 1436 -1 1436 1489 1480 -1 1480 1489 1490 -1 1480 1490 1491 -1 225 224 223 -1 224 225 222 -1 1470 1195 1466 -1 1195 1470 1197 -1 1197 1470 1431 -1 1431 1470 1435 -1 1435 1470 223 -1 1435 223 224 -1 1492 1479 1493 -1 1479 1492 1478 -1 1478 1492 1422 -1 1422 1492 1474 -1 1422 1474 1473 -1 1422 1473 1196 -1 1422 1196 1426 -1 1426 1196 1194 -1 1481 1491 1483 -1 1491 1481 1480 -1 1488 1460 1462 -1 1460 1488 1489 -1 1486 1489 1488 -1 1489 1486 1490 -1 1483 1490 1486 -1 1490 1483 1491 -1 225 228 227 -1 228 225 229 -1 229 225 230 -1 230 225 223 -1 1467 229 1468 -1 229 1467 228 -1 1468 230 1469 -1 230 1468 229 -1 1452 121 123 -1 121 1452 1453 -1 1416 1494 1417 -1 1494 1416 1495 -1 1495 1416 1456 -1 1456 1416 1454 -1 1424 1413 1414 -1 1413 1424 1444 -1 1444 1424 1446 -1 1446 1424 1496 -1 1496 1424 1497 -1 1496 1497 1495 -1 1495 1497 1494 -1 1471 1446 1496 -1 1453 1448 121 -1 1448 1453 1447 -1 1447 1453 1451 -1 1447 1451 1449 -1 1449 1451 1421 -1 1449 1421 1411 -1 1413 1443 1412 -1 1443 1413 1444 -1 1449 1445 1450 -1 1445 1449 1412 -1 1412 1449 1411 -1 1445 1412 1443 -1 230 1470 1469 -1 1470 230 223 -1 1460 227 1461 -1 227 1460 225 -1 229 235 230 -1 235 229 234 -1 227 1467 1461 -1 1467 227 228 -1 1476 121 1498 -1 121 1476 123 -1 504 121 1448 -1 121 504 1498 -1 1498 504 1492 -1 1498 1492 1499 -1 1499 1492 1500 -1 1500 1492 1493 -1 1499 1501 1498 -1 1502 1501 1499 -1 1501 1502 1503 -1 1503 1504 1505 -1 1504 1503 1502 -1 1476 1506 1477 -1 1506 1476 1503 -1 1503 1476 1501 -1 1501 1476 1498 -1 1506 1505 1507 -1 1505 1506 1503 -1 1478 515 538 -1 515 1478 1422 -1 1475 1506 1508 -1 1506 1475 1477 -1 1509 1506 1507 -1 1506 1509 1508 -1 1415 1494 1510 -1 1494 1415 1417 -1 1200 1473 1464 -1 1473 1200 1196 -1 1195 1465 1466 -1 1465 1195 1201 -1 1511 1456 1455 -1 1456 1511 1495 -1 499 1492 504 -1 1492 499 1474 -1 1511 1472 1512 -1 1472 1511 1455 -1 1496 1472 1471 -1 1472 1496 1512 -1 1509 1505 1504 -1 1505 1509 1507 -1 1465 1200 1464 -1 1200 1465 1201 -1 1199 1425 1198 -1 1425 1199 1428 -1 1194 1199 1198 -1 1199 1194 1197 -1 1497 1510 1494 -1 1510 1497 1513 -1 1201 1196 1200 -1 1196 1201 1195 -1 1415 1513 1423 -1 1513 1415 1510 -1 1431 1199 1197 -1 1199 1431 1428 -1 1424 1513 1497 -1 1513 1424 1423 -1 1425 1194 1198 -1 1194 1425 1426 -1 1511 1496 1495 -1 1496 1511 1512 -1 1482 1420 1427 -1 1420 1482 1514 -1 1484 1514 1482 -1 1514 1484 1515 -1 1516 1484 1485 -1 1484 1516 1515 -1 1517 1485 1487 -1 1485 1517 1516 -1 1459 1487 1463 -1 1487 1459 1517 -1 1419 1459 1420 -1 1459 1419 1458 -1 1514 1419 1420 -1 1419 1514 1518 -1 1515 1518 1514 -1 1518 1515 1519 -1 1520 1515 1516 -1 1515 1520 1519 -1 1521 1516 1517 -1 1516 1521 1520 -1 1458 1517 1459 -1 1517 1458 1521 -1 1418 1458 1419 -1 1458 1418 1457 -1 1518 1418 1419 -1 1418 1518 1522 -1 1519 1522 1518 -1 1522 1519 1523 -1 1524 1519 1520 -1 1519 1524 1523 -1 1525 1520 1521 -1 1520 1525 1524 -1 1457 1521 1458 -1 1521 1457 1525 -1 1500 1502 1499 -1 1502 1500 1508 -1 1508 1500 1475 -1 1475 1500 1479 -1 1479 1500 1493 -1 1502 1509 1504 -1 1509 1502 1508 -1 1526 1527 1528 -1 1527 1526 1529 -1 1530 1531 1532 -1 1531 1530 1533 -1 1534 1526 1535 -1 1526 1534 1529 -1 1529 1534 1536 -1 1533 1537 1531 -1 1537 1533 1538 -1 1539 1532 1540 -1 1532 1539 1530 -1 1541 1542 1543 -1 1542 1541 1544 -1 1539 1545 1536 -1 1545 1539 1542 -1 1545 1542 1544 -1 1536 1546 1529 -1 1546 1536 1545 -1 1529 1546 1527 -1 1527 1547 1528 -1 1547 1527 1546 -1 1547 1545 1548 -1 1545 1547 1546 -1 1549 1537 1550 -1 1537 1549 1531 -1 1549 1551 1552 -1 1551 1549 1553 -1 1551 1553 1554 -1 1551 1554 1555 -1 1552 1531 1549 -1 1531 1552 1532 -1 1545 1541 1548 -1 1541 1545 1544 -1 1552 1534 1535 -1 1534 1552 1551 -1 1534 1551 1555 -1 1534 1555 1536 -1 1530 1554 1533 -1 1554 1530 1555 -1 1539 1555 1530 -1 1555 1539 1536 -1 1550 1553 1549 -1 1553 1550 1556 -1 1553 1556 1554 -1 1535 1547 1540 -1 1547 1535 1526 -1 1547 1526 1528 -1 1540 1548 1543 -1 1548 1540 1547 -1 1543 1548 1541 -1 1556 1537 1538 -1 1537 1556 1550 -1 1535 1532 1552 -1 1532 1535 1540 -1 1542 1540 1543 -1 1540 1542 1539 -1 1533 1556 1538 -1 1556 1533 1554 -1 1557 280 276 -1 280 1557 1466 -1 1466 1557 1558 -1 1558 1557 1559 -1 1559 1557 1560 -1 1559 1560 1561 -1 1559 1561 1562 -1 1562 1563 1473 -1 1563 1562 1561 -1 1563 1561 1564 -1 1563 1564 1565 -1 1563 1565 1566 -1 280 1567 279 -1 1567 280 1466 -1 1568 1558 1559 -1 1558 1568 1466 -1 1466 1568 1431 -1 1431 1567 1466 -1 1567 1431 1569 -1 1426 1563 1570 -1 1563 1426 1473 -1 1568 1562 1571 -1 1562 1568 1559 -1 1426 1562 1473 -1 1562 1426 1571 -1 1569 279 1567 -1 279 1569 288 -1 1572 1566 1565 -1 1566 1572 1573 -1 1564 1572 1565 -1 1572 1564 1574 -1 1575 1564 1561 -1 1564 1575 1574 -1 1576 1561 1560 -1 1561 1576 1575 -1 285 262 274 -1 262 285 261 -1 285 264 261 -1 264 285 281 -1 277 280 287 -1 280 277 276 -1 288 280 279 -1 280 288 287 -1 276 1577 1557 -1 1577 276 277 -1 1577 277 1578 -1 1578 277 1579 -1 1579 277 1580 -1 1581 1557 1577 -1 1582 1583 1584 -1 1585 262 1586 -1 262 1585 1587 -1 262 1587 274 -1 274 1587 1583 -1 274 1583 1582 -1 1583 1577 1578 -1 1577 1583 1587 -1 1588 264 281 -1 264 1588 1589 -1 1589 1588 1590 -1 1585 1577 1587 -1 1577 1585 1581 -1 1579 1583 1578 -1 1583 1579 1584 -1 1582 285 274 -1 281 1591 1588 -1 1591 281 285 -1 1591 285 1592 -1 1592 285 1582 -1 1591 1590 1588 -1 1590 1591 1593 -1 1590 1594 1589 -1 1594 1590 1593 -1 1592 1593 1591 -1 1593 1592 1595 -1 1593 1596 1594 -1 1596 1593 1595 -1 1594 264 1589 -1 264 1594 261 -1 261 1594 1596 -1 261 1586 262 -1 1586 261 1596 -1 1595 1592 1596 -1 1596 1585 1586 -1 1585 1596 1584 -1 1584 1596 1582 -1 1582 1596 1592 -1 1581 1579 1557 -1 1579 1581 1584 -1 1584 1581 1585 -1 1557 1576 1560 -1 1576 1557 1580 -1 1580 1557 1579 -1 1566 1570 1563 -1 1570 1566 1573 -1 1569 287 288 -1 287 1569 1431 -1 287 1431 277 -1 277 1431 1580 -1 1580 1431 1568 -1 1580 1568 1576 -1 1570 1571 1426 -1 1571 1570 1568 -1 1568 1570 1576 -1 1576 1570 1575 -1 1575 1570 1574 -1 1574 1570 1572 -1 1572 1570 1573 -1 1597 1598 1599 -1 1598 1597 1600 -1 1598 1601 1599 -1 1602 1603 1604 -1 1603 1602 1605 -1 1606 1600 1597 -1 1600 1606 1607 -1 1600 1607 1421 -1 1421 548 1451 -1 548 1421 1607 -1 1608 1609 1610 -1 1609 1608 529 -1 529 1608 1611 -1 529 1611 531 -1 531 1611 1612 -1 1612 1611 1613 -1 1612 548 531 -1 548 1612 1451 -1 1605 1602 1614 -1 607 662 660 -1 662 607 1613 -1 1613 607 1615 -1 1613 1615 1616 -1 1613 1616 1617 -1 1616 1615 1618 -1 1616 1618 1619 -1 662 1611 656 -1 1611 662 1613 -1 1614 1598 1605 -1 1598 1614 1601 -1 1603 1449 1450 -1 1449 1603 1451 -1 1451 1603 1421 -1 1421 1603 1600 -1 1600 1603 1605 -1 1600 1605 1598 -1 1449 1612 1609 -1 1612 1449 1451 -1 1610 1617 1620 -1 1617 1610 1613 -1 1613 1610 1609 -1 1613 1609 1612 -1 1603 1621 1604 -1 1621 1603 1622 -1 1622 1603 1450 -1 1610 1623 1624 -1 1623 1610 1620 -1 1624 1623 1625 -1 1625 1623 1626 -1 1608 659 657 -1 659 1608 1610 -1 659 1610 661 -1 661 1610 612 -1 612 1610 1624 -1 1449 529 547 -1 529 1449 1609 -1 656 1608 657 -1 1608 656 1611 -1 1616 1626 1623 -1 1626 1616 1619 -1 1617 1623 1620 -1 1623 1617 1616 -1 1627 1628 1629 -1 1628 1627 1630 -1 1631 1628 1630 -1 1628 1631 1632 -1 1627 1633 1630 -1 1633 1627 1634 -1 607 644 645 -1 617 661 612 -1 661 617 646 -1 661 646 660 -1 660 646 644 -1 660 644 607 -1 674 708 709 -1 708 674 671 -1 1633 684 1635 -1 684 1633 709 -1 709 1633 1634 -1 709 647 674 -1 647 709 1634 -1 684 708 681 -1 708 684 709 -1 1618 1624 1625 -1 1624 1618 1615 -1 1633 1631 1630 -1 1631 1633 1635 -1 654 644 653 -1 644 654 645 -1 662 657 659 -1 657 662 656 -1 617 654 616 -1 654 617 645 -1 645 617 612 -1 645 612 1624 -1 645 1624 607 -1 607 1624 1615 -1 578 1634 1629 -1 1634 578 647 -1 647 578 616 -1 647 616 654 -1 1634 1627 1629 -1 1635 1632 1631 -1 1632 1635 684 -1 1632 684 681 -1 644 651 653 -1 651 644 646 -1 1619 1625 1626 -1 1625 1619 1618 -1 671 651 578 -1 651 671 674 -1 651 674 653 -1 653 674 654 -1 654 674 647 -1 616 578 651 -1 578 708 671 -1 681 1628 1632 -1 1628 681 708 -1 1628 708 1629 -1 1629 708 578 -1 1449 1622 1450 -1 1622 1449 547 -1 547 1621 1622 -1 1621 547 1606 -1 1606 547 548 -1 1606 548 1607 -1 548 529 531 -1 529 548 547 -1 1601 1602 1599 -1 1602 1601 1614 -1 1597 1621 1606 -1 1621 1597 1604 -1 1604 1597 1599 -1 1604 1599 1602 -1 338 337 1636 -1 1636 1637 338 -1 1637 1638 1639 -1 1639 338 1637 -1 1640 1641 401 -1 401 1642 1640 -1 1643 1644 1639 -1 1639 1638 1643 -1 1643 1645 1646 -1 1646 1644 1643 -1 1647 1648 1646 -1 1646 1645 1647 -1 1647 1649 1650 -1 1650 1648 1647 -1 1651 1652 1650 -1 1650 1649 1651 -1 1651 1653 1654 -1 1654 1652 1651 -1 1640 1642 1654 -1 1654 1653 1640 -1 337 338 1639 -1 1639 1644 337 -1 1644 1648 337 -1 1654 1642 401 -1 401 402 1654 -1 402 1652 1654 -1 402 1650 1652 -1 402 1648 1650 -1 402 337 1648 -1 1648 1644 1646 -1 337 402 1655 -1 1655 1636 337 -1 1655 402 401 -1 401 1641 1655 -1 1647 1645 1643 -1 1655 1641 1640 -1 1640 1653 1655 -1 1653 1651 1655 -1 1651 1649 1655 -1 1649 1647 1655 -1 1647 1636 1655 -1 1638 1637 1636 -1 1636 1643 1638 -1 1636 1647 1643 -1 1656 1657 1658 -1 1657 1656 1659 -1 1660 1661 1662 -1 1661 1660 1663 -1 1664 1665 1666 -1 1665 1664 1667 -1 1661 1668 1662 -1 1668 1661 1669 -1 1666 1670 1671 -1 1670 1666 1665 -1 1670 1665 1672 -1 1672 1665 1673 -1 1673 1665 1674 -1 1675 1671 1670 -1 1676 1677 1678 -1 1679 1664 1680 -1 1664 1679 1681 -1 1664 1681 1667 -1 1667 1681 1677 -1 1667 1677 1676 -1 1682 1656 1683 -1 1656 1682 1659 -1 1684 1685 1686 -1 1685 1684 1687 -1 1686 1688 1689 -1 1688 1686 1685 -1 1690 1685 1687 -1 1685 1690 1691 -1 1691 1688 1685 -1 1688 1691 1692 -1 1692 1693 1688 -1 1693 1692 1694 -1 1692 1695 1694 -1 1695 1692 1696 -1 1690 1697 1691 -1 1697 1690 1698 -1 1691 1696 1692 -1 1696 1691 1697 -1 1699 1679 1680 -1 1679 1699 1700 -1 1689 1693 1701 -1 1693 1689 1688 -1 1702 1661 1663 -1 1661 1702 1669 -1 1669 1702 1677 -1 1677 1702 1678 -1 1679 1668 1681 -1 1668 1660 1662 -1 1660 1668 1700 -1 1700 1668 1679 -1 1670 1682 1683 -1 1682 1670 1672 -1 1668 1677 1681 -1 1677 1668 1669 -1 1703 1656 1658 -1 1656 1703 1683 -1 1683 1703 1670 -1 1670 1703 1675 -1 1673 1682 1672 -1 1682 1657 1659 -1 1657 1682 1704 -1 1704 1682 1673 -1 1690 1665 1698 -1 1665 1690 1705 -1 1665 1705 1674 -1 1698 1667 1706 -1 1667 1698 1665 -1 1706 1667 1676 -1 1689 1707 1686 -1 1707 1689 1708 -1 1707 1708 1696 -1 1707 1696 1697 -1 1695 1693 1694 -1 1693 1695 1701 -1 1686 1709 1684 -1 1709 1686 1707 -1 1709 1707 1697 -1 1709 1697 1698 -1 1701 1708 1689 -1 1708 1701 1695 -1 1708 1695 1696 -1 1684 1664 1687 -1 1664 1684 1699 -1 1664 1699 1680 -1 1687 1666 1710 -1 1666 1687 1664 -1 1710 1666 1671 -1 1705 1657 1704 -1 1703 1687 1710 -1 1687 1703 1658 -1 1687 1658 1690 -1 1690 1658 1657 -1 1690 1657 1705 -1 1709 1660 1684 -1 1660 1709 1663 -1 1663 1709 1702 -1 1702 1709 1706 -1 1706 1709 1698 -1 1684 1700 1699 -1 1700 1684 1660 -1 1673 1705 1704 -1 1705 1673 1674 -1 1702 1676 1678 -1 1676 1702 1706 -1 1671 1703 1710 -1 1703 1671 1675 -1 1711 39 1712 -1 39 1711 40 -1 1713 39 1714 -1 39 1713 1712 -1 1714 1715 1713 -1 1715 1714 45 -1 1714 40 45 -1 40 1714 39 -1 1716 46 47 -1 46 1716 1717 -1 47 1718 1716 -1 1718 47 42 -1 41 1718 42 -1 1718 41 1719 -1 46 42 47 -1 42 46 41 -1 1717 1720 1721 -1 1720 1717 1716 -1 1722 1718 1719 -1 1716 1723 1720 -1 1723 1716 1718 -1 1723 1718 1724 -1 1724 1718 1722 -1 1563 1725 1726 -1 1725 1563 1727 -1 1727 1563 1713 -1 1727 1713 1715 -1 1713 1563 1712 -1 1712 1563 1728 -1 1712 1729 1711 -1 1729 1712 1728 -1 1730 1731 1732 -1 1731 1730 1733 -1 1734 1721 1720 -1 1721 1734 60 -1 60 1731 1733 -1 1731 60 1734 -1 1726 49 1735 -1 49 1726 1725 -1 50 1736 1737 -1 1736 50 1738 -1 1737 49 50 -1 49 1737 1735 -1 1736 1738 1739 -1 1740 1741 1742 -1 1741 1740 1743 -1 1731 1744 1732 -1 1745 1743 1740 -1 1743 1745 1744 -1 1743 1744 1731 -1 1723 1734 1720 -1 1734 1723 1563 -1 1734 1563 1731 -1 1731 1563 1743 -1 1743 1563 1741 -1 1741 1563 1735 -1 1741 1735 1737 -1 1735 1563 1726 -1 1737 1739 1741 -1 1739 1737 1736 -1 1730 1740 1742 -1 1740 1730 1745 -1 1745 1730 1744 -1 1744 1730 1732 -1 41 1722 1719 -1 1722 41 1746 -1 1746 41 46 -1 1746 46 76 -1 60 1717 1721 -1 1717 60 46 -1 1742 1733 1730 -1 1733 1742 1741 -1 1733 1741 60 -1 60 1741 1747 -1 1747 1741 1748 -1 1748 1741 65 -1 1748 65 1749 -1 65 1741 66 -1 1749 65 1750 -1 1741 45 66 -1 45 1741 50 -1 50 1741 1739 -1 66 45 40 -1 45 50 49 -1 50 1739 1738 -1 49 1715 45 -1 1715 49 1725 -1 1715 1725 1727 -1 40 1729 66 -1 1729 40 1711 -1 1747 1751 1752 -1 1751 1747 1748 -1 1753 1747 1754 -1 1747 1753 76 -1 1747 76 46 -1 1747 46 60 -1 1728 1723 1724 -1 1723 1728 1563 -1 1755 1756 1757 -1 1756 1755 78 -1 1728 78 1729 -1 78 1728 1756 -1 1729 78 66 -1 1724 1756 1728 -1 1756 1724 1722 -1 1756 1722 1746 -1 1758 74 1759 -1 74 1758 1750 -1 74 1750 65 -1 1759 75 1753 -1 75 1759 74 -1 1753 75 76 -1 75 1755 1757 -1 1755 75 74 -1 1760 1761 1762 -1 1761 1760 1763 -1 1761 1759 1764 -1 1759 1761 1758 -1 1758 1761 1763 -1 1758 1763 1765 -1 1755 66 78 -1 66 1755 65 -1 65 1755 74 -1 76 1756 1746 -1 1756 76 1757 -1 1757 76 75 -1 1754 1759 1753 -1 1759 1754 1764 -1 1748 1765 1763 -1 1765 1748 1749 -1 1760 1748 1763 -1 1748 1760 1751 -1 1752 1761 1747 -1 1761 1752 1762 -1 1754 1761 1764 -1 1761 1754 1747 -1 1752 1760 1762 -1 1760 1752 1751 -1 1765 1750 1758 -1 1750 1765 1749 -1 1766 1767 1768 -1 1767 1766 1769 -1 1767 1769 1770 -1 1771 1772 1557 -1 1772 1771 1773 -1 1774 1775 1776 -1 1775 1774 1777 -1 1778 1779 1780 -1 1779 1778 1781 -1 1782 1783 1784 -1 1783 1782 1785 -1 1786 1776 1787 -1 1776 1786 1774 -1 1788 1774 1789 -1 1774 1788 1777 -1 1783 1767 1770 -1 1767 1783 1790 -1 1791 1792 1793 -1 1792 1791 1794 -1 1795 1796 1797 -1 1796 1795 1798 -1 1799 1800 1791 -1 1800 1799 1582 -1 1801 1802 1803 -1 1802 1801 1804 -1 1783 1769 1784 -1 1769 1783 1770 -1 1773 1586 1772 -1 1586 1773 1805 -1 1806 1785 1782 -1 1785 1806 1807 -1 1581 1586 1585 -1 1586 1581 1557 -1 1586 1557 1772 -1 1808 1779 1809 -1 1779 1808 1780 -1 1810 1811 1812 -1 1811 1810 1813 -1 1794 1814 1815 -1 1814 1794 1816 -1 1817 1794 1815 -1 1794 1817 1792 -1 1788 1809 1777 -1 1809 1788 1808 -1 1789 1786 1818 -1 1786 1789 1774 -1 1773 1787 1805 -1 1787 1773 1786 -1 1817 1807 1806 -1 1807 1817 1815 -1 1778 1819 1781 -1 1819 1778 1804 -1 1804 1778 1802 -1 1820 1801 1803 -1 1801 1820 1821 -1 1822 1813 1810 -1 1813 1822 1823 -1 1824 1823 1822 -1 1823 1824 1825 -1 1779 1826 1809 -1 1826 1779 1827 -1 1791 1816 1794 -1 1816 1791 1800 -1 1818 1773 1771 -1 1773 1818 1786 -1 1785 1828 1829 -1 1828 1785 1807 -1 1812 1798 1795 -1 1798 1812 1811 -1 1809 1775 1777 -1 1775 1809 1826 -1 1821 1825 1824 -1 1825 1821 1820 -1 1785 1790 1783 -1 1790 1785 1829 -1 1768 1828 1830 -1 1828 1768 1829 -1 1829 1768 1790 -1 1790 1768 1767 -1 1797 1812 1795 -1 1812 1797 1810 -1 1810 1797 1831 -1 1810 1831 1822 -1 1822 1831 1832 -1 1822 1832 1824 -1 1824 1832 1833 -1 1824 1833 1583 -1 1583 1833 1814 -1 1583 1814 1816 -1 1583 1816 1800 -1 1583 1800 1584 -1 1814 1833 1830 -1 1814 1830 1828 -1 1584 1800 1582 -1 1824 1587 1821 -1 1587 1824 1583 -1 1821 1587 1776 -1 1776 1587 1787 -1 1787 1587 1805 -1 1805 1587 1585 -1 1821 1776 1801 -1 1805 1585 1586 -1 1801 1775 1804 -1 1775 1801 1776 -1 1804 1775 1826 -1 1804 1826 1827 -1 1804 1827 1819 -1 1807 1814 1828 -1 1814 1807 1815 -1 1781 1827 1779 -1 1827 1781 1819 -1 1799 1793 1580 -1 1793 1799 1791 -1 1768 1834 1766 -1 1834 1768 1830 -1 1832 1835 1833 -1 1835 1832 1836 -1 1830 1835 1834 -1 1835 1830 1833 -1 1802 1788 1803 -1 1788 1802 1808 -1 1808 1802 1780 -1 1780 1802 1778 -1 1813 1798 1811 -1 1798 1813 1796 -1 1796 1813 1823 -1 1796 1823 1837 -1 1837 1823 1825 -1 1837 1825 1836 -1 1836 1825 1820 -1 1836 1820 1577 -1 1577 1820 1789 -1 1577 1789 1818 -1 1577 1818 1771 -1 1577 1771 1581 -1 1789 1820 1803 -1 1789 1803 1788 -1 1581 1771 1557 -1 1836 1578 1835 -1 1578 1836 1577 -1 1835 1578 1817 -1 1817 1578 1792 -1 1792 1578 1793 -1 1793 1578 1579 -1 1835 1817 1834 -1 1793 1579 1580 -1 1834 1806 1766 -1 1806 1834 1817 -1 1766 1806 1782 -1 1766 1782 1784 -1 1766 1784 1769 -1 1580 1582 1799 -1 1582 1580 1584 -1 1584 1580 1579 -1 1797 1837 1831 -1 1837 1797 1796 -1 1578 1587 1583 -1 1587 1578 1577 -1 1831 1836 1832 -1 1836 1831 1837 -1 1578 1584 1579 -1 1584 1578 1583 -1 1838 1839 1840 -1 1840 1841 1838 -1 1841 1308 1842 -1 1842 1838 1841 -1 1838 1842 1843 -1 1843 1844 1838 -1 1843 1845 1844 -1 1846 1847 1303 -1 1303 1839 1846 -1 1839 1848 1846 -1 1848 1849 1846 -1 1840 1839 1303 -1 1303 1847 1842 -1 1842 1308 1303 -1 1308 1841 1840 -1 1840 1303 1308 -1 1846 1843 1842 -1 1842 1847 1846 -1 1844 1848 1839 -1 1839 1838 1844 -1 1845 1849 1848 -1 1848 1844 1845 -1 1843 1846 1849 -1 1849 1845 1843 -1 1850 1851 1852 -1 1851 1850 1853 -1 1853 1854 1855 -1 1854 1853 1850 -1 1850 1856 1854 -1 1856 1850 1857 -1 1856 1857 1858 -1 1859 1314 1860 -1 1314 1859 1852 -1 1852 1859 1861 -1 1861 1859 1862 -1 1851 1314 1852 -1 1314 1854 1860 -1 1854 1314 1855 -1 1855 1851 1853 -1 1851 1855 1314 -1 1859 1854 1856 -1 1854 1859 1860 -1 1857 1852 1861 -1 1852 1857 1850 -1 1858 1861 1862 -1 1861 1858 1857 -1 1856 1862 1859 -1 1862 1856 1858 -1 1863 1864 1865 -1 1864 1863 1866 -1 1864 1867 1868 -1 1867 1864 1866 -1 1869 1870 1871 -1 1870 1869 1872 -1 1873 1874 1319 -1 1874 1873 1311 -1 1875 1876 1877 -1 1876 1875 1878 -1 1876 1878 1879 -1 1879 1878 1874 -1 1879 1874 1310 -1 1310 1874 1311 -1 1877 1880 1881 -1 1880 1877 1876 -1 1872 1867 1870 -1 1867 1872 1868 -1 1882 1872 1883 -1 1872 1882 1868 -1 1868 1882 1864 -1 1864 1882 1865 -1 1884 1885 1886 -1 1885 1884 1887 -1 1887 1884 1888 -1 1887 1888 1889 -1 1889 1888 1890 -1 1889 1890 1891 -1 1891 1890 1869 -1 1891 1869 1892 -1 1891 1892 1893 -1 1891 1893 1307 -1 1869 1890 1883 -1 1869 1883 1872 -1 1307 1893 1306 -1 1889 1894 1895 -1 1894 1889 1891 -1 1895 1894 1896 -1 1896 1894 1897 -1 1897 1894 1898 -1 1898 1894 1873 -1 1895 1896 1899 -1 1898 1873 1319 -1 1899 1900 1877 -1 1900 1899 1896 -1 1877 1900 1901 -1 1877 1901 1902 -1 1877 1902 1875 -1 1903 1887 1904 -1 1887 1903 1885 -1 1894 1905 1906 -1 1905 1894 1891 -1 1906 1873 1894 -1 1873 1906 1311 -1 1881 1907 1908 -1 1907 1881 1909 -1 1909 1881 1910 -1 1910 1881 1880 -1 1904 1911 1903 -1 1911 1904 1912 -1 1912 1904 1913 -1 1912 1913 1914 -1 1914 1913 1915 -1 1914 1915 1906 -1 1906 1915 1916 -1 1906 1916 1917 -1 1906 1917 1918 -1 1906 1918 1311 -1 1916 1915 1908 -1 1916 1908 1907 -1 1311 1918 1310 -1 1914 1905 1919 -1 1905 1914 1906 -1 1919 1905 1920 -1 1920 1905 1921 -1 1921 1905 1922 -1 1922 1905 1298 -1 1919 1920 1923 -1 1922 1298 1299 -1 1923 1924 1925 -1 1924 1923 1920 -1 1925 1924 1926 -1 1925 1926 1927 -1 1925 1927 1928 -1 1307 1299 1298 -1 1299 1307 1929 -1 1929 1307 1306 -1 1929 1306 1930 -1 1930 1931 1929 -1 1931 1930 1863 -1 1931 1925 1928 -1 1925 1931 1863 -1 1925 1863 1865 -1 1925 1865 1882 -1 1298 1891 1307 -1 1891 1298 1905 -1 1895 1913 1889 -1 1913 1895 1915 -1 1904 1889 1913 -1 1889 1904 1887 -1 1897 1932 1896 -1 1932 1897 1933 -1 1934 1897 1898 -1 1897 1934 1933 -1 1935 1936 1937 -1 1936 1935 1938 -1 1938 1935 1939 -1 1938 1939 1940 -1 1940 1939 1876 -1 1940 1876 1879 -1 1874 1898 1319 -1 1898 1874 1934 -1 1896 1941 1900 -1 1941 1896 1932 -1 1899 1915 1895 -1 1915 1899 1908 -1 1923 1882 1883 -1 1882 1923 1925 -1 1911 1885 1903 -1 1885 1911 1886 -1 1881 1899 1877 -1 1899 1881 1908 -1 1914 1884 1912 -1 1884 1914 1888 -1 1912 1886 1911 -1 1886 1912 1884 -1 1919 1883 1890 -1 1883 1919 1923 -1 1914 1890 1888 -1 1890 1914 1919 -1 1936 1907 1937 -1 1907 1936 1916 -1 1310 1940 1879 -1 1940 1310 1918 -1 1918 1938 1940 -1 1938 1918 1917 -1 1937 1909 1935 -1 1909 1937 1907 -1 1938 1916 1936 -1 1916 1938 1917 -1 1909 1939 1935 -1 1939 1909 1910 -1 1939 1880 1876 -1 1880 1939 1910 -1 1928 1942 1931 -1 1942 1928 1927 -1 1942 1926 1943 -1 1926 1942 1927 -1 1944 1945 1946 -1 1945 1944 1943 -1 1943 1944 1947 -1 1943 1947 1942 -1 1942 1947 1929 -1 1942 1929 1931 -1 1945 1926 1924 -1 1926 1945 1943 -1 1944 1920 1921 -1 1920 1944 1946 -1 1892 1948 1893 -1 1948 1892 1949 -1 1947 1299 1929 -1 1299 1947 1922 -1 1946 1924 1920 -1 1924 1946 1945 -1 1893 1930 1306 -1 1930 1893 1948 -1 1892 1871 1949 -1 1871 1892 1869 -1 1944 1922 1947 -1 1922 1944 1921 -1 1867 1871 1870 -1 1871 1867 1949 -1 1949 1867 1866 -1 1949 1866 1948 -1 1948 1866 1863 -1 1948 1863 1930 -1 1933 1941 1932 -1 1941 1933 1950 -1 1950 1933 1934 -1 1950 1934 1951 -1 1951 1934 1874 -1 1951 1874 1878 -1 1902 1878 1875 -1 1878 1902 1951 -1 1950 1902 1901 -1 1902 1950 1951 -1 1900 1950 1901 -1 1950 1900 1941 -1 1952 1953 1954 -1 1953 1952 213 -1 1764 1955 1956 -1 1955 1764 1754 -1 1764 1747 1754 -1 1747 1764 1761 -1 1957 1761 1958 -1 1761 1957 1747 -1 1763 1959 1960 -1 1959 1763 1748 -1 1763 1749 1748 -1 1749 1763 1765 -1 1954 1765 1952 -1 1765 1954 1749 -1 1959 1953 25 -1 1953 1959 1749 -1 1749 1959 1748 -1 1953 1749 1954 -1 1961 1962 1963 -1 1962 1961 1964 -1 1963 213 212 -1 213 1963 25 -1 25 1963 29 -1 29 1962 1965 -1 1962 29 1963 -1 1953 213 25 -1 1965 1964 1966 -1 1964 1965 1962 -1 1965 28 29 -1 28 1965 1966 -1 1960 1959 1958 -1 1957 28 27 -1 28 1957 29 -1 29 1957 1959 -1 1959 1957 1958 -1 29 1959 25 -1 213 180 212 -1 180 213 1960 -1 1960 213 1765 -1 1960 1765 1763 -1 1765 213 1952 -1 1761 1764 1958 -1 180 1958 179 -1 1958 180 1960 -1 179 1958 1764 -1 179 1764 1956 -1 1956 1967 179 -1 1967 1956 1955 -1 1967 180 179 -1 180 1967 27 -1 1964 28 1966 -1 28 1964 1961 -1 27 1961 180 -1 1961 27 28 -1 1967 1754 27 -1 1754 1967 1955 -1 27 1747 1957 -1 1747 27 1754 -1 1961 212 180 -1 212 1961 1963 -1 1968 1969 1970 -1 1970 1971 1968 -1 1971 1972 1973 -1 1973 1968 1971 -1 1968 1973 1974 -1 1974 1975 1968 -1 1974 1976 1975 -1 1977 1978 1979 -1 1979 1969 1977 -1 1969 1980 1977 -1 1980 1981 1977 -1 1970 1969 1979 -1 1979 1978 1973 -1 1973 1972 1979 -1 1972 1971 1970 -1 1970 1979 1972 -1 1977 1974 1973 -1 1973 1978 1977 -1 1975 1980 1969 -1 1969 1968 1975 -1 1976 1981 1980 -1 1980 1975 1976 -1 1974 1977 1981 -1 1981 1976 1974 -1 1982 1983 1984 -1 1983 1982 1985 -1 1986 1987 1988 -1 1987 1986 1989 -1 1990 1991 1992 -1 1991 1990 1993 -1 1994 1995 1996 -1 1995 1994 1997 -1 1990 1986 1993 -1 1986 1990 1989 -1 1989 1990 1982 -1 1989 1982 1996 -1 1996 1982 1984 -1 1996 1984 1994 -1 1996 1987 1989 -1 1987 1996 1995 -1 1993 1988 1991 -1 1988 1993 1986 -1 1990 1985 1982 -1 1985 1990 1992 -1 1998 1999 2000 -1 1999 1998 2001 -1 2002 2003 2004 -1 2003 2002 2005 -1 2003 2005 2006 -1 2006 2005 1999 -1 2006 1999 2007 -1 2007 1999 2001 -1 2004 2008 2009 -1 2008 2004 2003 -1 2010 2011 2012 -1 2011 2010 2013 -1 2011 2014 2012 -1 2014 2011 2015 -1 2015 2011 2016 -1 2016 2011 2017 -1 2018 2019 2020 -1 2019 2018 2021 -1 2021 2018 2022 -1 2021 2022 2023 -1 2023 2022 2024 -1 2023 2024 2025 -1 2025 2024 2026 -1 2025 2026 2027 -1 2025 2027 2028 -1 2026 2024 2029 -1 2029 2024 2012 -1 2029 2012 2014 -1 2028 2027 2030 -1 2023 2031 2032 -1 2031 2023 2025 -1 2032 2031 2033 -1 2033 2031 2034 -1 2034 2031 1998 -1 2032 2033 2035 -1 2032 2035 2036 -1 2034 1998 2000 -1 2036 2037 2004 -1 2037 2036 2035 -1 2004 2037 2038 -1 2004 2038 2039 -1 2004 2039 2002 -1 2009 2036 2004 -1 2036 2009 2040 -1 2041 2019 2042 -1 2019 2041 2020 -1 2043 2002 2039 -1 2002 2043 2005 -1 2027 2044 2030 -1 2044 2027 2045 -1 2031 2046 2047 -1 2046 2031 2025 -1 2048 2049 2050 -1 2049 2048 2051 -1 2052 2039 2038 -1 2039 2052 2043 -1 2053 2054 2055 -1 2054 2053 2052 -1 2052 2053 2056 -1 2052 2056 2043 -1 2043 2056 1999 -1 2043 1999 2005 -1 2057 2012 2024 -1 2012 2057 2010 -1 2058 2059 2060 -1 2059 2058 2061 -1 2050 2062 2063 -1 2062 2050 2049 -1 2064 2020 2041 -1 2020 2064 2018 -1 2026 2045 2027 -1 2045 2026 2065 -1 1999 2034 2000 -1 2034 1999 2056 -1 2037 2052 2038 -1 2052 2037 2054 -1 2031 2001 1998 -1 2001 2031 2047 -1 2066 2025 2028 -1 2025 2066 2046 -1 2067 2018 2064 -1 2018 2067 2022 -1 2035 2054 2037 -1 2054 2035 2055 -1 2068 2048 2069 -1 2048 2068 2051 -1 2033 2055 2035 -1 2055 2033 2053 -1 2014 2070 2071 -1 2070 2014 2015 -1 2016 2070 2015 -1 2070 2016 2072 -1 2070 2073 2071 -1 2073 2070 2065 -1 2065 2070 2072 -1 2065 2072 2045 -1 2045 2072 2074 -1 2045 2074 2044 -1 2026 2073 2065 -1 2073 2026 2029 -1 2060 2050 2063 -1 2050 2060 2048 -1 2048 2060 2059 -1 2048 2059 2069 -1 2069 2059 2003 -1 2069 2003 2006 -1 2007 2069 2006 -1 2069 2007 2068 -1 2063 2058 2060 -1 2058 2063 2062 -1 2029 2071 2073 -1 2071 2029 2014 -1 2017 2072 2016 -1 2072 2017 2074 -1 2057 2022 2067 -1 2022 2057 2024 -1 2061 2003 2059 -1 2003 2061 2008 -1 2056 2033 2034 -1 2033 2056 2053 -1 2075 2032 2076 -1 2032 2075 2023 -1 2009 2062 2040 -1 2062 2009 2058 -1 2058 2009 2061 -1 2061 2009 2008 -1 2077 2041 2042 -1 2041 2077 2064 -1 2064 2077 2075 -1 2064 2075 2067 -1 2067 2075 2076 -1 2067 2076 2047 -1 2047 2076 2051 -1 2047 2051 2068 -1 2047 2068 2001 -1 2051 2076 2049 -1 2049 2076 2040 -1 2049 2040 2062 -1 2001 2068 2007 -1 2067 2046 2057 -1 2046 2067 2047 -1 2057 2046 1992 -1 1992 2046 1985 -1 1985 2046 2066 -1 2057 1992 1991 -1 2057 1991 2010 -1 1985 2066 1983 -1 2010 1988 2013 -1 1988 2010 1991 -1 2013 1988 1987 -1 2013 1987 1995 -1 2013 1995 1997 -1 2036 2076 2032 -1 2076 2036 2040 -1 2028 1983 2066 -1 1983 2028 1984 -1 1984 2028 2030 -1 1984 2030 2044 -1 2044 1994 1984 -1 1994 2044 2074 -1 1994 2013 1997 -1 2013 1994 2074 -1 2013 2074 2017 -1 2013 2017 2011 -1 2077 2023 2075 -1 2023 2077 2021 -1 2042 2021 2077 -1 2021 2042 2019 -1 2078 2079 2080 -1 2079 2078 2081 -1 2081 2082 2083 -1 2082 2081 2078 -1 2078 2084 2082 -1 2084 2078 2085 -1 2084 2085 2086 -1 2087 2088 2089 -1 2088 2087 2080 -1 2080 2087 2090 -1 2090 2087 2091 -1 2079 2088 2080 -1 2088 2082 2089 -1 2082 2088 2083 -1 2083 2079 2081 -1 2079 2083 2088 -1 2087 2082 2084 -1 2082 2087 2089 -1 2085 2080 2090 -1 2080 2085 2078 -1 2086 2090 2091 -1 2090 2086 2085 -1 2084 2091 2087 -1 2091 2084 2086 -1 1683 1672 1670 -1 1672 1683 1682 -1 2092 2025 2046 -1 2025 2092 2093 -1 1662 2094 2095 -1 2094 1662 1661 -1 1368 2096 2097 -1 2096 1368 2098 -1 2096 2098 1367 -1 2098 1368 2093 -1 2098 2093 2099 -1 2099 2093 2092 -1 2099 2100 1359 -1 2100 2099 2092 -1 2101 2102 2103 -1 2102 2101 2096 -1 2102 2096 2104 -1 2104 2096 1367 -1 2105 2092 1332 -1 2092 2105 2106 -1 2092 2106 2100 -1 2106 2105 2107 -1 2107 2108 2106 -1 2108 2107 2109 -1 2110 2111 2112 -1 2111 2110 2113 -1 2092 2046 1332 -1 1359 2047 2099 -1 1672 2046 1670 -1 2046 1672 1332 -1 1670 2046 2047 -1 1670 2047 1359 -1 2114 2115 2116 -1 2115 2114 2117 -1 2118 2109 2119 -1 2109 2118 2108 -1 2120 2121 2122 -1 2121 2120 2123 -1 2124 2125 2126 -1 2125 2124 2127 -1 2114 2128 2129 -1 2128 2114 2116 -1 2128 2116 2130 -1 2128 2130 2131 -1 2115 2132 2133 -1 2132 2115 2117 -1 2134 2135 2136 -1 2135 2134 2137 -1 2120 2137 2134 -1 2137 2120 2122 -1 2136 2138 2139 -1 2138 2136 2135 -1 2139 1659 1656 -1 1659 2139 2138 -1 2127 2140 2125 -1 2140 2127 2141 -1 2142 2143 2144 -1 2143 2142 2145 -1 2131 2146 2121 -1 2146 2131 2147 -1 2147 2131 2148 -1 2148 2131 2130 -1 2135 1659 2138 -1 1659 2135 1682 -1 1682 2135 2137 -1 1682 2137 2122 -1 1682 2122 1672 -1 1672 2122 2149 -1 1672 2149 2150 -1 1672 2150 2151 -1 1672 2151 2152 -1 1672 2152 1332 -1 2149 2122 2121 -1 2149 2121 2146 -1 1332 2152 2153 -1 1332 2153 2154 -1 1332 2154 2155 -1 1332 2155 2105 -1 2143 2124 2126 -1 2124 2143 2145 -1 2097 2156 2157 -1 2156 2097 2096 -1 2156 2144 2157 -1 2144 2156 2142 -1 2133 2118 2119 -1 2118 2133 2132 -1 2123 2131 2121 -1 2131 2123 2128 -1 2110 2158 2113 -1 2158 2110 2159 -1 2159 2110 2160 -1 2160 2110 2161 -1 2162 1662 2095 -1 1662 2162 1668 -1 1668 2162 2163 -1 1668 2163 2164 -1 1668 2164 1681 -1 1681 2164 2165 -1 1681 2165 2166 -1 1681 2166 2167 -1 1681 2167 2168 -1 1681 2168 1367 -1 2165 2164 2113 -1 2165 2113 2158 -1 1367 2168 2169 -1 1367 2169 2170 -1 1367 2170 2171 -1 1367 2171 2104 -1 1656 2136 2139 -1 2136 1656 1683 -1 2136 1683 2134 -1 2134 1683 2120 -1 1670 2172 1683 -1 2172 1670 1359 -1 1683 2172 2173 -1 1683 2173 2174 -1 1683 2174 2175 -1 1683 2175 2120 -1 2120 2175 2123 -1 2172 1359 2176 -1 2176 1359 2177 -1 2177 1359 2178 -1 2178 1359 2100 -1 2123 2179 2128 -1 2179 2123 2175 -1 2128 2179 2180 -1 2128 2180 2181 -1 2128 2181 2129 -1 2182 2172 2183 -1 2172 2182 2173 -1 2184 2173 2182 -1 2173 2184 2174 -1 2184 2175 2174 -1 2175 2184 2185 -1 2185 2179 2175 -1 2179 2185 2186 -1 2186 2180 2179 -1 2180 2186 2187 -1 2188 2180 2187 -1 2180 2188 2181 -1 2114 2181 2188 -1 2181 2114 2129 -1 2184 2186 2185 -1 2186 2184 2187 -1 2187 2184 2182 -1 2187 2182 2188 -1 2188 2182 2183 -1 2188 2183 2114 -1 2114 2183 2189 -1 2114 2189 2117 -1 2117 2189 2190 -1 2117 2190 2132 -1 2132 2190 2191 -1 2132 2191 2118 -1 2118 2191 2106 -1 2118 2106 2108 -1 2178 2106 2191 -1 2106 2178 2100 -1 1677 2025 1368 -1 2025 1677 1681 -1 2025 1681 2031 -1 2031 1681 1367 -1 1367 2098 2031 -1 2093 1368 2025 -1 2098 2047 2031 -1 2047 2098 2099 -1 2190 2178 2191 -1 2178 2190 2177 -1 2172 2189 2183 -1 2189 2172 2176 -1 2167 2192 2193 -1 2192 2167 2166 -1 2192 2165 2194 -1 2165 2192 2166 -1 2189 2177 2190 -1 2177 2189 2176 -1 2195 2194 2196 -1 2194 2195 2192 -1 2192 2195 2197 -1 2192 2197 2193 -1 2193 2197 2198 -1 2193 2198 2199 -1 2199 2198 2200 -1 2200 2198 2201 -1 2200 2201 2202 -1 2202 2201 2203 -1 2202 2203 2204 -1 2204 2203 2205 -1 2204 2205 2102 -1 2102 2205 2103 -1 2102 2171 2204 -1 2171 2102 2104 -1 2171 2202 2204 -1 2202 2171 2170 -1 2170 2200 2202 -1 2200 2170 2169 -1 2168 2193 2199 -1 2193 2168 2167 -1 2200 2168 2199 -1 2168 2200 2169 -1 2194 2158 2196 -1 2158 2194 2165 -1 2196 2159 2195 -1 2159 2196 2158 -1 2159 2197 2195 -1 2197 2159 2160 -1 2160 2198 2197 -1 2198 2160 2161 -1 2206 2207 2208 -1 2207 2206 2209 -1 2210 2208 2211 -1 2208 2210 2206 -1 2212 2210 2211 -1 2210 2212 2213 -1 2141 2213 2214 -1 2213 2141 2210 -1 2210 2141 2127 -1 2210 2127 2206 -1 2206 2127 2124 -1 2206 2124 2209 -1 2209 2124 2145 -1 2209 2145 2215 -1 2215 2145 2142 -1 2215 2142 2216 -1 2216 2142 2156 -1 2216 2156 2217 -1 2217 2156 2096 -1 2217 2096 2101 -1 2140 2214 2218 -1 2214 2140 2141 -1 2218 2213 2212 -1 2213 2218 2214 -1 1683 1659 1682 -1 1659 1683 1656 -1 2111 2164 2219 -1 2164 2111 2113 -1 2148 2220 2147 -1 2220 2148 2221 -1 2163 2219 2164 -1 2219 2163 2222 -1 2207 2198 2112 -1 2198 2207 2209 -1 2112 2161 2110 -1 2161 2112 2198 -1 2205 2216 2217 -1 2216 2205 2203 -1 1669 2094 1661 -1 2094 1669 2223 -1 2223 1669 2222 -1 2222 1669 2219 -1 1677 2126 1669 -1 2126 1677 1368 -1 1669 2126 2125 -1 1669 2125 2140 -1 1669 2140 2218 -1 1669 2218 2219 -1 2219 2218 2111 -1 2126 1368 2143 -1 2143 1368 2144 -1 2144 1368 2157 -1 2157 1368 2097 -1 2111 2212 2112 -1 2212 2111 2218 -1 2112 2212 2211 -1 2112 2211 2208 -1 2112 2208 2207 -1 2095 2223 2162 -1 2223 2095 2094 -1 2215 2198 2209 -1 2198 2215 2201 -1 2101 2205 2217 -1 2205 2101 2103 -1 2203 2215 2216 -1 2215 2203 2201 -1 2162 2222 2163 -1 2222 2162 2223 -1 2220 2224 2225 -1 2224 2220 2226 -1 2226 2220 2221 -1 2226 2221 2227 -1 2227 2221 2116 -1 2227 2116 2228 -1 2228 2116 2229 -1 2229 2116 2115 -1 2229 2115 2230 -1 2230 2115 2133 -1 2230 2133 2231 -1 2231 2133 2119 -1 2231 2119 2107 -1 2107 2119 2109 -1 2228 2153 2152 -1 2153 2228 2229 -1 2130 2221 2148 -1 2221 2130 2116 -1 2231 2105 2155 -1 2105 2231 2107 -1 2154 2231 2155 -1 2231 2154 2230 -1 2150 2227 2151 -1 2227 2150 2226 -1 2151 2228 2152 -1 2228 2151 2227 -1 2146 2220 2225 -1 2220 2146 2147 -1 2149 2225 2224 -1 2225 2149 2146 -1 2153 2230 2154 -1 2230 2153 2229 -1 2150 2224 2226 -1 2224 2150 2149 -1 "
						                >
							<Coordinate DEF="coords_ME_06-1_001"
							            point="-10.409026 17.617210 36.855751 -1.194983 -19.044207 28.496414 -10.409026 -19.044207 36.855751 -1.194983 17.617210 28.496414 -0.665911 17.617210 29.079580 -0.665911 -19.044207 29.079580 -9.879954 17.617210 37.438919 -9.879954 -19.044207 37.438919 9.859180 17.617210 37.440231 9.859180 -19.044207 37.440231 10.388252 -19.044207 36.857067 10.388252 17.617210 36.857067 0.645137 -19.044207 29.080896 1.174209 -19.044207 28.497728 1.174209 17.617210 28.497728 0.645137 17.617210 29.080896 -23.036980 14.247131 37.440231 -12.407058 -15.674129 37.440231 -23.036980 -15.674129 37.440231 -12.407058 14.247131 37.440231 -12.407058 14.247131 38.227634 -12.407058 -15.674129 38.227634 -23.036980 14.247131 38.227634 -23.036980 -15.674129 38.227634 11.827684 14.247131 37.440231 22.457605 -15.674129 37.440231 11.827684 -15.674129 37.440231 22.457605 14.247131 37.440231 22.457605 14.247131 38.227634 22.457605 -15.674129 38.227634 11.827684 14.247131 38.227634 11.827684 -15.674129 38.227634 4.188017 -19.611137 43.345745 -3.685998 18.184139 43.345745 -3.685998 -19.611137 43.345745 4.188017 18.184139 43.345745 -3.685998 -2.288302 35.471729 4.188017 -19.611137 35.471729 -3.685998 -19.611137 35.471729 4.188017 -2.288302 35.471729 4.188017 -2.288302 37.440231 4.188017 0.861305 37.440231 4.188017 0.861305 35.471729 4.188017 18.184139 35.471729 -3.685998 18.184139 35.471729 -3.685998 -2.288302 37.440231 -3.685998 0.861305 37.440231 -3.685998 0.861305 35.471729 -13.762867 -19.611137 37.440231 -9.825859 -2.288302 37.440231 -13.762867 -2.288302 37.440231 -9.825859 -19.611137 37.440231 -13.762867 18.184139 37.440231 -9.825859 18.184139 31.543623 -13.762867 18.184139 31.543623 -9.825859 18.184139 37.440231 -13.762867 -19.611137 31.543623 -9.825859 -19.611137 31.543623 -9.825859 -2.288302 33.503223 -9.825859 0.861304 33.503223 -9.825859 0.861304 37.440231 -13.762867 0.861304 33.503223 -13.762867 -2.288302 33.503223 -13.762867 0.861304 37.440231 9.859180 -19.611137 37.440231 13.796188 -2.288302 37.440231 9.859180 -2.288302 37.440231 13.796188 -19.611137 37.440231 9.859180 18.184139 37.440231 13.796188 18.184139 31.543623 9.859180 18.184139 31.543623 13.796188 18.184139 37.440231 9.859180 -19.611137 31.543623 13.796188 -19.611137 31.543623 13.796188 -2.288302 33.503223 13.796188 0.861304 33.503223 13.796188 0.861304 37.440231 9.859180 0.861304 33.503223 9.859180 -2.288302 33.503223 9.859180 0.861304 37.440231 26.103312 -3.542452 29.767870 21.276503 -3.440053 29.172516 26.000912 -3.440053 29.172516 21.174105 -3.542452 29.767870 20.489101 2.859160 30.747318 26.373470 2.444317 30.308187 20.903944 2.444317 30.308187 26.788315 2.859160 30.747318 20.489101 -4.227455 33.109524 21.670204 -2.652651 33.109524 20.489101 -2.652651 33.109524 21.670204 -4.227455 33.109524 26.103312 2.174157 29.767870 21.174105 2.174157 29.767870 26.373470 -3.812611 30.308187 26.788315 -4.227455 30.747318 25.607212 -4.227455 31.534721 20.489101 -4.227455 30.747318 26.788315 -4.227455 33.109524 25.607212 -4.227455 33.109524 21.670204 -4.227455 31.534721 20.489101 2.859160 33.109524 20.489101 1.284357 31.534721 20.489101 1.284357 33.109524 20.489101 -3.440053 30.747318 20.489101 -2.652651 31.534721 21.670204 2.859160 31.534721 21.670204 1.284357 33.109524 21.670204 1.284357 31.534721 21.670204 2.859160 33.109524 20.903944 -3.812611 30.308187 21.670204 -2.652651 31.952354 21.670204 -2.652651 31.534721 20.523033 -2.652651 31.534721 26.788315 2.859160 33.109524 25.607212 2.859160 31.534721 25.607212 2.859160 33.109524 26.000912 2.071758 29.172516 21.276503 2.071758 29.172516 21.174105 -3.440053 29.767870 20.903944 -3.440053 30.308187 -21.636883 -2.682003 31.962906 -20.455780 1.255005 31.532919 -21.636883 1.255005 31.962906 -20.455780 -2.682003 31.532919 -21.636883 2.829808 33.120075 -21.636883 1.255005 33.120075 -21.636883 -2.682003 33.120075 -21.636883 -4.256806 31.545271 -21.636883 -4.256806 33.120075 -21.636883 2.829808 31.545271 -26.340149 2.414965 30.318739 -26.069990 -3.571803 29.778419 -26.340149 -3.841963 30.318739 -26.069990 2.144805 29.778419 -21.243181 2.042407 29.183067 -25.967592 2.042407 29.183067 -21.140783 2.144805 29.778419 -20.455780 -4.256806 30.757870 -20.870623 -3.841963 30.318739 -26.754993 -4.256806 30.757870 -25.967592 -3.469404 29.183067 -26.754993 2.829808 33.120075 -26.754993 -4.256806 33.120075 -26.754993 2.829808 30.757870 -21.243181 -3.469404 29.183067 -20.455780 1.255005 33.120075 -20.455780 2.829808 33.120075 -21.140783 -3.571803 29.778419 -20.870623 2.042407 30.318739 -21.140783 2.042407 29.778419 -20.870623 2.414965 30.318739 -25.573891 2.829808 31.545271 -25.573891 -4.256806 33.120075 -25.573891 -4.256806 31.545271 -25.573891 2.829808 33.120075 -20.455780 -4.256806 33.120075 -20.455780 -2.682003 33.120075 -20.455780 2.042407 30.757870 -20.455780 2.829808 30.757870 26.788315 8.735320 33.109524 25.607212 14.247131 33.109524 25.607212 8.735320 33.109524 26.788315 14.247131 33.109524 20.903944 13.832288 30.308187 21.174105 9.420322 29.767870 20.903944 9.150164 30.308187 21.174105 13.562128 29.767870 26.788315 13.459729 30.747318 26.788315 8.735320 30.747318 26.788315 14.247131 30.747318 21.276503 9.522721 29.172516 21.276503 13.459729 29.172516 20.489101 14.247131 30.747318 20.489101 8.735320 30.747318 21.670204 8.735320 33.109524 20.489101 14.247131 33.109524 20.489101 8.735320 33.109524 21.670204 14.247131 33.109524 21.670204 14.247131 31.534721 25.607212 14.247131 31.534721 25.607212 8.735320 31.534721 21.670204 8.735320 31.534721 26.103312 9.420322 29.767870 26.000912 9.522721 29.172516 26.373470 13.459729 30.308187 26.373470 9.150164 30.308187 26.103312 13.459729 29.767870 26.103312 13.562128 29.767870 26.373470 13.832288 30.308187 26.000912 13.459729 29.172516 26.788315 -15.674129 33.109524 25.607212 -10.162318 33.109524 25.607212 -15.674129 33.109524 26.788315 -10.162318 33.109524 20.903944 -10.577161 30.308187 21.174105 -14.989126 29.767870 20.903944 -15.259286 30.308187 21.174105 -10.847321 29.767870 26.788315 -10.949719 30.747318 26.788315 -15.674129 30.747318 26.788315 -10.162318 30.747318 21.276503 -14.886727 29.172516 21.276503 -10.949719 29.172516 20.489101 -10.162318 30.747318 20.489101 -15.674129 30.747318 21.670204 -15.674129 33.109524 20.489101 -10.162318 33.109524 20.489101 -15.674129 33.109524 21.670204 -10.162318 33.109524 21.670204 -10.162318 31.534721 25.607212 -10.162318 31.534721 25.607212 -15.674129 31.534721 21.670204 -15.674129 31.534721 26.103312 -14.989126 29.767870 26.000912 -14.886727 29.172516 26.373470 -10.949719 30.308187 26.373470 -15.259286 30.308187 26.103312 -10.949719 29.767870 26.103312 -10.847321 29.767870 26.373470 -10.577161 30.308187 26.000912 -10.949719 29.172516 26.000912 0.467603 20.904799 20.489101 -1.894601 22.911404 20.489101 0.467603 22.911404 26.000912 -1.894601 20.904799 21.174105 -1.894601 21.500153 21.276503 -1.894601 20.904799 21.165545 -1.894601 21.517273 20.903944 -1.894601 22.040472 20.489101 -1.894601 22.479603 21.174105 0.467603 21.500153 21.276503 0.467603 20.904799 21.165545 0.467603 21.517273 20.903944 0.467603 22.040472 20.489101 0.467603 22.479603 21.276503 -3.469404 20.904799 21.174105 -3.571803 21.500153 20.489101 2.829808 22.479603 20.903944 2.414965 22.040472 26.000912 2.042407 20.904799 21.276503 2.042407 20.904799 20.903944 -3.841963 22.040472 21.174105 2.042407 21.500153 21.174105 2.144805 21.500153 26.000912 -3.469404 20.904799 26.103312 -3.571803 21.500153 20.489101 2.829808 24.841806 20.489101 1.255005 23.267004 20.489101 1.255005 24.841806 20.489101 -2.682003 23.267004 20.489101 -2.682003 24.841806 20.489101 -4.256806 22.479603 20.489101 -4.256806 24.841806 21.670204 2.829808 23.267004 26.788315 2.829808 22.479603 21.670204 2.829808 24.841806 25.607212 2.829808 23.267004 26.788315 2.829808 24.841806 25.607212 2.829808 24.841806 25.607212 -2.682003 24.841806 26.197763 -2.682003 24.054405 25.607212 -2.682003 24.054405 26.788315 -2.682003 23.267004 26.197763 -2.682003 23.267004 26.788315 -2.682003 24.841806 26.788315 1.255005 24.841806 25.607212 1.255005 24.841806 26.788315 -4.256806 22.479603 25.607212 -4.256806 23.267004 26.788315 -4.256806 24.841806 25.607212 -4.256806 24.841806 21.670204 -4.256806 23.267004 21.670204 -4.256806 24.841806 25.607212 1.255005 24.054405 21.670204 -2.682003 24.841806 21.670204 -2.682003 24.054405 21.670204 1.255005 24.054405 21.670204 1.255005 24.841806 21.079653 -2.682003 23.267004 21.079653 -2.682003 24.054405 26.197763 1.255005 23.267004 26.788315 1.255005 23.267004 26.103312 2.144805 21.500153 26.373470 2.414965 22.040472 26.197763 1.255005 24.054405 26.373470 -3.841963 22.040472 21.079653 1.255005 24.054405 21.079653 1.255005 23.267004 14.977290 12.672328 33.118427 13.796188 18.184139 33.118427 13.796188 12.672328 33.118427 14.977290 18.184139 33.118427 9.092921 17.769297 30.317091 9.363081 13.357330 29.776772 9.092921 13.087171 30.317091 9.363081 17.499136 29.776772 14.977290 17.396738 30.756222 14.977290 12.672328 30.756222 14.977290 18.184139 30.756222 9.465480 13.459729 29.181417 9.465480 17.396738 29.181417 8.678078 18.184139 30.756222 8.678078 12.672328 30.756222 9.859180 12.672328 33.118427 8.678078 18.184139 33.118427 8.678078 12.672328 33.118427 9.859180 18.184139 33.118427 13.796188 12.672328 31.543623 9.859180 12.672328 31.543623 14.292288 13.357330 29.776772 14.189889 13.459729 29.181417 14.562448 17.396738 30.317091 14.562448 13.087171 30.317091 14.292288 17.396738 29.776772 14.292288 17.499136 29.776772 14.562448 17.769297 30.317091 14.189889 17.396738 29.181417 -20.455780 8.735320 33.120075 -21.636883 14.247131 33.120075 -21.636883 8.735320 33.120075 -20.455780 14.247131 33.120075 -26.340149 13.832288 30.318739 -26.069990 9.420322 29.778419 -26.340149 9.150164 30.318739 -26.069990 13.562128 29.778419 -20.455780 13.459729 30.757870 -20.455780 8.735320 30.757870 -20.455780 14.247131 30.757870 -25.967592 9.522721 29.183067 -25.967592 13.459729 29.183067 -26.754993 14.247131 30.757870 -26.754993 8.735320 30.757870 -25.573891 8.735320 33.120075 -26.754993 14.247131 33.120075 -26.754993 8.735320 33.120075 -25.573891 14.247131 33.120075 -25.573891 14.247131 31.545271 -21.636883 14.247131 31.545271 -21.636883 8.735320 31.545271 -25.573891 8.735320 31.545271 -21.140783 9.420322 29.778419 -21.243181 9.522721 29.183067 -20.870623 13.459729 30.318739 -20.870623 9.150164 30.318739 -21.140783 13.459729 29.778419 -21.140783 13.562128 29.778419 -20.870623 13.832288 30.318739 -21.243181 13.459729 29.183067 -8.644756 12.672328 33.120075 -9.825859 18.184139 33.120075 -9.825859 12.672328 33.120075 -8.644756 18.184139 33.120075 -14.529126 17.769297 30.318739 -14.258966 13.357330 29.778419 -14.529126 13.087171 30.318739 -14.258966 17.499136 29.778419 -8.644756 17.396738 30.757870 -8.644756 12.672328 30.757870 -8.644756 18.184139 30.757870 -14.156568 13.459729 29.183067 -14.156568 17.396738 29.183067 -14.943970 18.184139 30.757870 -14.943970 12.672328 30.757870 -13.762867 12.672328 33.120075 -14.943970 18.184139 33.120075 -14.943970 12.672328 33.120075 -13.762867 18.184139 33.120075 -13.762867 18.184139 31.545271 -9.825859 18.184139 31.545271 -9.825859 12.672328 31.545271 -13.762867 12.672328 31.545271 -9.329760 13.357330 29.778419 -9.432158 13.459729 29.183067 -9.059600 17.396738 30.318739 -9.059600 13.087171 30.318739 -9.329760 17.396738 29.778419 -9.329760 17.499136 29.778419 -9.059600 17.769297 30.318739 -9.432158 17.396738 29.183067 -20.455780 -15.674129 33.120075 -21.636883 -10.162318 33.120075 -21.636883 -15.674129 33.120075 -20.455780 -10.162318 33.120075 -26.340149 -10.577161 30.318739 -26.069990 -14.989126 29.778419 -26.340149 -15.259286 30.318739 -26.069990 -10.847321 29.778419 -20.455780 -10.949719 30.757870 -20.455780 -15.674129 30.757870 -20.455780 -10.162318 30.757870 -25.967592 -14.886727 29.183067 -25.967592 -10.949719 29.183067 -26.754993 -10.162318 30.757870 -26.754993 -15.674129 30.757870 -25.573891 -15.674129 33.120075 -26.754993 -10.162318 33.120075 -26.754993 -15.674129 33.120075 -25.573891 -10.162318 33.120075 -25.573891 -10.162318 31.545271 -21.636883 -10.162318 31.545271 -21.636883 -15.674129 31.545271 -25.573891 -15.674129 31.545271 -21.140783 -14.989126 29.778419 -21.243181 -14.886727 29.183067 -20.870623 -10.949719 30.318739 -20.870623 -15.259286 30.318739 -21.140783 -10.949719 29.778419 -21.140783 -10.847321 29.778419 -20.870623 -10.577161 30.318739 -21.243181 -10.949719 29.183067 -8.644756 -19.611137 33.120075 -9.825859 -14.099325 33.120075 -9.825859 -19.611137 33.120075 -8.644756 -14.099325 33.120075 -14.529126 -14.514169 30.318739 -14.258966 -18.926134 29.778419 -14.529126 -19.196293 30.318739 -14.258966 -14.784328 29.778419 -8.644756 -14.886727 30.757870 -8.644756 -19.611137 30.757870 -8.644756 -14.099325 30.757870 -14.156568 -18.823734 29.183067 -14.156568 -14.886727 29.183067 -14.943970 -14.099325 30.757870 -14.943970 -19.611137 30.757870 -13.762867 -19.611137 33.120075 -14.943970 -14.099325 33.120075 -14.943970 -19.611137 33.120075 -13.762867 -14.099325 33.120075 -13.762867 -14.099325 31.545271 -9.825859 -14.099325 31.545271 -9.825859 -19.611137 31.545271 -13.762867 -19.611137 31.545271 -9.329760 -18.926134 29.778419 -9.432158 -18.823734 29.183067 -9.059600 -14.886727 30.318739 -9.059600 -19.196293 30.318739 -9.329760 -14.886727 29.778419 -9.329760 -14.784328 29.778419 -9.059600 -14.514169 30.318739 -9.432158 -14.886727 29.183067 14.977290 -19.611137 33.118427 13.796188 -14.099325 33.118427 13.796188 -19.611137 33.118427 14.977290 -14.099325 33.118427 9.092921 -14.514169 30.317091 9.363081 -18.926134 29.776772 9.092921 -19.196293 30.317091 9.363081 -14.784328 29.776772 14.977290 -14.886727 30.756222 14.977290 -19.611137 30.756222 14.977290 -14.099325 30.756222 9.465480 -18.823734 29.181417 9.465480 -14.886727 29.181417 8.678078 -14.099325 30.756222 8.678078 -19.611137 30.756222 9.859180 -19.611137 33.118427 8.678078 -14.099325 33.118427 8.678078 -19.611137 33.118427 9.859180 -14.099325 33.118427 9.859180 -14.099325 31.543623 13.796188 -14.099325 31.543623 14.292288 -18.926134 29.776772 14.189889 -18.823734 29.181417 14.562448 -14.886727 30.317091 14.562448 -19.196293 30.317091 14.292288 -14.886727 29.776772 14.292288 -14.784328 29.776772 14.562448 -14.514169 30.317091 14.189889 -14.886727 29.181417 -1.951844 -2.288302 24.787312 1.985164 -2.288302 23.277555 -1.951844 -2.288302 23.277555 1.985164 -2.288302 23.349447 1.985164 0.861304 23.349447 -1.951844 0.861304 24.787312 -1.951844 0.861304 23.277555 1.985164 0.861304 23.277555 -1.951844 18.184139 29.183067 -1.951844 -19.611137 23.277555 -1.951844 -19.611137 29.183067 -1.951844 -2.682003 24.787312 -1.951844 1.255005 24.787312 -1.951844 1.255005 23.277555 -1.951844 18.184139 23.277555 -1.951844 -2.682003 23.277555 1.985164 -19.611137 23.277555 1.985164 -19.611137 29.183067 1.985164 18.184139 29.183067 1.985164 18.184139 23.277555 -13.762867 -13.705625 28.001965 -11.794363 -3.938204 28.572393 -13.762867 -3.863105 28.001965 -11.794363 -13.630527 28.572393 -11.794363 -3.351673 28.887791 -9.825859 -3.272554 28.160202 -9.825859 -2.840240 28.592516 -11.794363 -3.567830 28.671635 -9.825859 -2.682003 29.183067 -11.794363 -3.272554 29.183067 -13.762867 -3.272554 28.160202 -13.762867 -2.840240 28.592516 -9.825859 -3.863105 28.001965 -13.762867 -2.682003 29.183067 -11.794363 -14.000900 28.671635 -9.825859 -13.705625 28.001965 -9.825859 -14.296176 28.160202 -9.825859 -14.886727 29.183067 -11.794363 -14.217057 28.887791 -11.794363 -14.296176 29.183067 -9.825859 -14.728490 28.592516 -13.762867 -14.728490 28.592516 -13.762867 -14.296176 28.160202 -13.762867 -14.886727 29.183067 -9.825859 1.255005 29.183067 -11.794363 1.924675 28.887791 -11.794363 1.845556 29.183067 -9.825859 1.413243 28.592516 -9.825859 -18.823734 29.183067 -13.762867 -18.823734 29.183067 -13.762867 -18.823734 26.820862 -13.762867 -15.989089 23.631886 -13.762867 12.672328 23.277555 -13.762867 -14.099325 23.277555 -13.762867 14.562092 23.631886 -13.762867 -17.406412 24.340548 -13.762867 15.979415 24.340548 -13.762867 -18.351294 25.403540 -13.762867 -2.288302 25.246059 -13.762867 -2.288302 29.183067 -13.762867 0.861304 25.246059 -13.762867 16.924297 25.403540 -13.762867 2.436107 28.001965 -13.762867 1.845556 28.160202 -13.762867 1.413243 28.592516 -13.762867 0.861304 29.183067 -13.762867 17.396738 26.820862 -13.762867 1.255005 29.183067 -13.762867 12.278627 28.001965 -13.762867 17.396738 29.183067 -13.762867 12.869178 28.160202 -13.762867 13.301492 28.592516 -13.762867 13.459729 29.183067 -9.825859 0.861304 29.183067 -9.825859 12.672328 23.277555 -9.825859 14.562092 23.631886 -9.825859 -2.288302 25.246059 -9.825859 0.861304 25.246059 -9.825859 17.396738 29.183067 -9.825859 12.278627 28.001965 -9.825859 17.396738 26.820862 -9.825859 12.869178 28.160202 -9.825859 13.301492 28.592516 -9.825859 13.459729 29.183067 -9.825859 -14.099325 23.277555 -9.825859 -15.989089 23.631886 -9.825859 15.979415 24.340548 -9.825859 -17.406412 24.340548 -9.825859 16.924297 25.403540 -9.825859 2.436107 28.001965 -9.825859 1.845556 28.160202 -9.825859 -18.351294 25.403540 -9.825859 -2.288302 29.183067 -9.825859 -18.823734 26.820862 -11.794363 12.869178 29.183067 -11.794363 12.790059 28.887791 -11.794363 12.573903 28.671635 -11.794363 12.203528 28.572393 -11.794363 2.511206 28.572393 -11.794363 2.140832 28.671635 -25.573891 13.459729 29.183067 -21.636883 9.522721 29.183067 -21.636883 13.459729 29.183067 -25.573891 9.522721 29.183067 -23.605387 8.932171 29.183067 -25.573891 -2.840240 28.592516 -23.605387 -3.272554 29.183067 -25.573891 -2.682003 29.183067 -23.605387 -3.351673 28.887791 -23.605387 -3.938204 28.572393 -21.636883 -9.768617 28.001965 -21.636883 -3.863105 28.001965 -23.605387 -9.693519 28.572393 -25.573891 -10.949719 29.183067 -23.605387 -10.280049 28.887791 -25.573891 -10.791482 28.592516 -23.605387 -10.359168 29.183067 -25.573891 8.932171 28.160202 -23.605387 8.853051 28.887791 -25.573891 9.364484 28.592516 -23.605387 8.636895 28.671635 -23.605387 -3.567830 28.671635 -21.636883 -3.272554 28.160202 -25.573891 -9.768617 28.001965 -25.573891 -3.863105 28.001965 -21.636883 9.364484 28.592516 -23.605387 1.924675 28.887791 -25.573891 1.845556 28.160202 -25.573891 1.413243 28.592516 -23.605387 2.140832 28.671635 -21.636883 5.585714 23.277555 -25.573891 8.210385 23.513775 -21.636883 8.210385 23.513775 -25.573891 5.585714 23.277555 -23.605387 1.845556 29.183067 -21.636883 1.413243 28.592516 -21.636883 1.255005 29.183067 -21.636883 -14.886727 26.820862 -25.573891 -14.886727 29.183067 -25.573891 -14.886727 26.820862 -21.636883 -14.886727 29.183067 -21.636883 -2.682003 29.183067 -21.636883 -2.840240 28.592516 -25.573891 8.341619 28.001965 -23.605387 8.266521 28.572393 -25.573891 -2.288302 29.183067 -21.636883 -2.288302 29.183067 -25.573891 -10.359168 28.160202 -23.605387 -10.063892 28.671635 -21.636883 -9.637383 23.513775 -25.573891 -7.012712 23.277555 -21.636883 -7.012712 23.277555 -25.573891 -9.637383 23.513775 -21.636883 2.436107 28.001965 -23.605387 2.511206 28.572393 -21.636883 1.845556 28.160202 -25.573891 2.436107 28.001965 -25.573891 -3.272554 28.160202 -21.636883 -10.949719 29.183067 -25.573891 -14.361793 25.639759 -21.636883 -14.361793 25.639759 -21.636883 -11.737121 23.986216 -25.573891 -11.737121 23.986216 -21.636883 -13.311924 24.694878 -25.573891 -13.311924 24.694878 -21.636883 -10.359168 28.160202 -21.636883 -10.791482 28.592516 -21.636883 8.341619 28.001965 -21.636883 8.932171 28.160202 -21.636883 13.459729 26.820862 -21.636883 10.310123 23.986216 -21.636883 11.884926 24.694878 -21.636883 12.934795 25.639759 -21.636883 0.861304 25.246059 -21.636883 0.861304 29.183067 -21.636883 -2.288302 25.246059 -25.573891 1.255005 29.183067 -25.573891 13.459729 26.820862 -25.573891 12.934795 25.639759 -25.573891 11.884926 24.694878 -25.573891 -2.288302 25.246059 -25.573891 10.310123 23.986216 -25.573891 0.861304 25.246059 -25.573891 0.861304 29.183067 -20.455780 -2.682003 23.277555 -21.046331 1.255005 23.277555 -21.046331 -2.682003 23.277555 -20.455780 1.255005 23.277555 -21.046331 -2.682003 24.064957 -21.636883 1.255005 24.064957 -21.636883 -2.682003 24.064957 -21.046331 1.255005 24.064957 -20.455780 1.255005 24.852358 -21.636883 1.255005 24.852358 -21.636883 2.829808 24.852358 -21.636883 -2.682003 24.852358 -21.636883 -4.256806 23.277555 -21.636883 -4.256806 24.852358 -21.636883 2.829808 23.277555 -25.573891 -4.256806 23.277555 -25.573891 -2.682003 24.064957 -25.573891 -4.256806 24.852358 -25.573891 2.829808 23.277555 -25.573891 1.255005 24.064957 -25.573891 1.255005 24.852358 -25.573891 2.829808 24.852358 -25.573891 -2.682003 24.852358 -26.754993 -2.682003 24.852358 -26.754993 -4.256806 24.852358 -20.455780 -2.682003 24.852358 -26.164442 -2.682003 23.277555 -26.754993 1.255005 23.277555 -26.754993 -2.682003 23.277555 -26.164442 1.255005 23.277555 -20.455780 -4.256806 24.852358 -26.754993 2.829808 22.490152 -20.870623 2.414965 22.051022 -26.340149 2.414965 22.051022 -20.455780 2.829808 22.490152 -21.140783 2.144805 21.510704 -26.069990 2.144805 21.510704 -21.140783 -3.571803 21.510704 -20.870623 2.042407 22.051022 -20.870623 -3.841963 22.051022 -21.140783 2.042407 21.510704 -25.967592 -3.469404 20.915350 -21.243181 -3.469404 20.915350 -26.069990 -3.571803 21.510704 -26.340149 -3.841963 22.051022 -20.455780 2.042407 22.490152 -20.455780 -4.256806 22.490152 -25.967592 2.042407 20.915350 -26.754993 2.829808 24.852358 -26.754993 1.255005 24.852358 -26.754993 -4.256806 22.490152 -20.455780 2.829808 24.852358 -21.243181 2.042407 20.915350 -26.164442 -2.682003 24.064957 -26.164442 1.255005 24.064957 -8.644756 -13.705625 24.852358 -9.825859 -8.193814 24.852358 -9.825859 -13.705625 24.852358 -8.644756 -8.193814 24.852358 -14.529126 -8.608657 22.051022 -14.258966 -13.020622 21.510704 -14.529126 -13.290782 22.051022 -14.258966 -8.878817 21.510704 -8.644756 -8.981215 22.490152 -8.644756 -13.705625 22.490152 -8.644756 -8.193814 22.490152 -14.156568 -12.918223 20.915350 -14.156568 -8.981215 20.915350 -14.943970 -8.193814 22.490152 -14.943970 -13.705625 22.490152 -13.762867 -13.705625 24.852358 -14.943970 -8.193814 24.852358 -14.943970 -13.705625 24.852358 -13.762867 -8.193814 24.852358 -13.762867 -8.193814 23.277555 -9.825859 -8.193814 23.277555 -9.825859 -13.705625 23.277555 -13.762867 -13.705625 23.277555 -9.329760 -13.020622 21.510704 -9.432158 -12.918223 20.915350 -9.059600 -8.981215 22.051022 -9.059600 -13.290782 22.051022 -9.329760 -8.981215 21.510704 -9.329760 -8.878817 21.510704 -9.059600 -8.608657 22.051022 -9.432158 -8.981215 20.915350 14.977290 -13.705625 24.852358 13.796188 -8.193814 24.852358 13.796188 -13.705625 24.852358 14.977290 -8.193814 24.852358 9.092921 -8.608657 22.051022 9.363081 -13.020622 21.510704 9.092921 -13.290782 22.051022 9.363081 -8.878817 21.510704 14.977290 -8.981215 22.490152 14.977290 -13.705625 22.490152 14.977290 -8.193814 22.490152 9.465480 -12.918223 20.915350 9.465480 -8.981215 20.915350 8.678078 -8.193814 22.490152 8.678078 -13.705625 22.490152 9.859180 -13.705625 24.852358 8.678078 -8.193814 24.852358 8.678078 -13.705625 24.852358 9.859180 -8.193814 24.852358 9.859180 -8.193814 23.277555 13.796188 -8.193814 23.277555 13.796188 -13.705625 23.277555 9.859180 -13.705625 23.277555 14.292288 -13.020622 21.510704 14.189889 -12.918223 20.915350 14.562448 -8.981215 22.051022 14.562448 -13.290782 22.051022 14.292288 -8.981215 21.510704 14.292288 -8.878817 21.510704 14.562448 -8.608657 22.051022 14.189889 -8.981215 20.915350 14.977290 6.766816 24.852358 13.796188 12.278627 24.852358 13.796188 6.766816 24.852358 14.977290 12.278627 24.852358 9.092921 11.863784 22.051022 9.363081 7.451819 21.510704 9.092921 7.181659 22.051022 9.363081 11.593624 21.510704 14.977290 11.491225 22.490152 14.977290 6.766816 22.490152 14.977290 12.278627 22.490152 9.465480 7.554218 20.915350 9.465480 11.491225 20.915350 8.678078 12.278627 22.490152 8.678078 6.766816 22.490152 9.859180 6.766816 24.852358 8.678078 12.278627 24.852358 8.678078 6.766816 24.852358 9.859180 12.278627 24.852358 9.859180 12.278627 23.277555 13.796188 12.278627 23.277555 13.796188 6.766816 23.277555 9.859180 6.766816 23.277555 14.292288 7.451819 21.510704 14.189889 7.554218 20.915350 14.562448 11.491225 22.051022 14.562448 7.181659 22.051022 14.292288 11.491225 21.510704 14.292288 11.593624 21.510704 14.562448 11.863784 22.051022 14.189889 11.491225 20.915350 -8.644756 6.766816 24.852358 -9.825859 12.278627 24.852358 -9.825859 6.766816 24.852358 -8.644756 12.278627 24.852358 -14.529126 11.863784 22.051022 -14.258966 7.451819 21.510704 -14.529126 7.181659 22.051022 -14.258966 11.593624 21.510704 -8.644756 11.491225 22.490152 -8.644756 6.766816 22.490152 -8.644756 12.278627 22.490152 -14.156568 7.554218 20.915350 -14.156568 11.491225 20.915350 -14.943970 12.278627 22.490152 -14.943970 6.766816 22.490152 -13.762867 6.766816 24.852358 -14.943970 12.278627 24.852358 -14.943970 6.766816 24.852358 -13.762867 12.278627 24.852358 -13.762867 12.278627 23.277555 -9.825859 12.278627 23.277555 -9.825859 6.766816 23.277555 -13.762867 6.766816 23.277555 -9.329760 7.451819 21.510704 -9.432158 7.554218 20.915350 -9.059600 11.491225 22.051022 -9.059600 7.181659 22.051022 -9.329760 11.491225 21.510704 -9.329760 11.593624 21.510704 -9.059600 11.863784 22.051022 -9.432158 11.491225 20.915350 3.166266 12.672328 24.852358 1.985164 18.184139 24.852358 1.985164 12.672328 24.852358 3.166266 18.184139 24.852358 -2.718103 17.769297 22.051022 -2.447943 13.357330 21.510704 -2.718103 13.087172 22.051022 -2.447943 17.499136 21.510704 3.166266 17.396738 22.490152 3.166266 12.672328 22.490152 3.166266 18.184139 22.490152 -2.345545 13.459729 20.915350 -2.345545 17.396738 20.915350 -3.132946 18.184139 22.490152 -3.132946 12.672328 22.490152 -1.951844 12.672328 24.852358 -3.132946 18.184139 24.852358 -3.132946 12.672328 24.852358 -1.951844 18.184139 24.852358 -1.951844 18.184139 23.277555 1.985164 12.672328 23.277555 -1.951844 12.672328 23.277555 2.481264 13.357330 21.510704 2.378865 13.459729 20.915350 2.751423 17.396738 22.051022 2.751423 13.087172 22.051022 2.481264 17.396738 21.510704 2.481264 17.499136 21.510704 2.751423 17.769297 22.051022 2.378865 17.396738 20.915350 3.166267 -19.611137 24.852358 1.985164 -14.099325 24.852358 1.985164 -19.611137 24.852358 3.166267 -14.099325 24.852358 -2.718103 -14.514169 22.051022 -2.447943 -18.926134 21.510704 -2.718103 -19.196293 22.051022 -2.447943 -14.784328 21.510704 3.166267 -14.886727 22.490152 3.166267 -19.611137 22.490152 3.166267 -14.099325 22.490152 -2.345544 -18.823734 20.915350 -2.345544 -14.886727 20.915350 -3.132946 -14.099325 22.490152 -3.132946 -19.611137 22.490152 -1.951844 -19.611137 24.852358 -3.132946 -14.099325 24.852358 -3.132946 -19.611137 24.852358 -1.951844 -14.099325 24.852358 -1.951844 -14.099325 23.277555 1.985164 -14.099325 23.277555 2.481264 -18.926134 21.510704 2.378865 -18.823734 20.915350 2.751423 -14.886727 22.051022 2.751423 -19.196293 22.051022 2.481264 -14.886727 21.510704 2.481264 -14.784328 21.510704 2.751423 -14.514169 22.051022 2.378865 -14.886727 20.915350 9.859180 -3.863105 19.734247 11.827684 -3.567830 20.403917 9.859180 -3.272554 19.892485 11.827684 -3.938204 20.304676 11.827684 -3.351673 20.620075 9.859180 -2.840240 20.324799 13.796188 -8.981215 20.915350 11.827684 -8.311545 20.620075 11.827684 -8.390664 20.915350 13.796188 -8.822978 20.324799 13.796188 -3.863105 19.734247 13.796188 -3.272554 19.892485 13.796188 -2.840240 20.324799 13.796188 -8.390664 19.892485 11.827684 -8.095388 20.403917 13.796188 -2.682003 20.915350 11.827684 -3.272554 20.915350 9.859180 -8.822978 20.324799 9.859180 -8.981215 20.915350 9.859180 -2.682003 20.915350 13.796188 -12.918223 20.915350 9.859180 -12.918223 20.915350 9.859180 -7.800113 19.734247 11.827684 -7.725015 20.304676 9.859180 7.395980 20.324799 11.827684 6.963666 20.915350 9.859180 7.554218 20.915350 11.827684 6.884548 20.620075 13.796188 7.554218 20.915350 13.796188 7.395980 20.324799 9.859180 6.963666 19.892485 11.827684 6.668391 20.403917 13.796188 1.255005 20.915350 11.827684 1.924675 20.620075 11.827684 1.845556 20.915350 13.796188 1.413243 20.324799 9.859180 1.413243 20.324799 9.859180 1.255005 20.915350 9.859180 -8.390664 19.892485 13.796188 -7.800113 19.734247 9.859180 -12.918223 18.553144 9.859180 -9.138696 15.364169 9.859180 5.192013 15.009838 9.859180 -6.619011 15.009838 9.859180 7.711698 15.364169 9.859180 -11.028460 16.072830 9.859180 9.601461 16.072830 9.859180 -12.288302 17.135822 9.859180 -2.288302 16.978342 9.859180 -2.288302 20.915350 9.859180 0.861304 16.978342 9.859180 10.861304 17.135822 9.859180 1.845556 19.892485 9.859180 0.861304 20.915350 9.859180 2.436107 19.734247 9.859180 11.491225 18.553144 9.859180 6.373115 19.734247 9.859180 11.491225 20.915350 13.796188 1.845556 19.892485 11.827684 2.140832 20.403917 13.796188 -12.918223 18.553144 13.796188 -2.288302 20.915350 13.796188 -6.619011 15.009838 13.796188 5.192013 15.009838 13.796188 11.491225 20.915350 13.796188 11.491225 18.553144 13.796188 10.861304 17.135822 13.796188 6.373115 19.734247 13.796188 6.963666 19.892485 13.796188 7.711698 15.364169 13.796188 -9.138696 15.364169 13.796188 -11.028460 16.072830 13.796188 9.601461 16.072830 13.796188 0.861304 16.978342 13.796188 0.861304 20.915350 13.796188 2.436107 19.734247 13.796188 -2.288302 16.978342 13.796188 -12.288302 17.135822 11.827684 6.298017 20.304676 11.827684 2.511206 20.304676 8.678078 -2.682003 15.009838 9.268629 -2.682003 15.009838 9.268629 1.255005 15.009838 8.678078 1.255005 15.009838 9.268629 -2.682003 15.797240 9.859180 -2.682003 15.797240 9.859180 1.255005 15.797240 9.268629 1.255005 15.797240 8.678078 1.255005 16.584642 9.859180 1.255005 16.584642 9.859180 2.829808 16.584642 9.859180 -2.682003 16.584642 9.859180 -4.256806 16.584642 9.859180 -4.256806 15.009838 9.859180 2.829808 15.009838 13.796188 -4.256806 15.009838 13.796188 -4.256806 16.584642 13.796188 -2.682003 15.797240 13.796188 2.829808 15.009838 13.796188 1.255005 15.797240 13.796188 1.255005 16.584642 13.796188 2.829808 16.584642 13.796188 -2.682003 16.584642 14.977290 -4.256806 16.584642 14.977290 -2.682003 16.584642 8.678078 -2.682003 16.584642 14.386740 -2.682003 15.009838 14.977290 -2.682003 15.009838 14.977290 1.255005 15.009838 14.386740 1.255005 15.009838 8.678078 -4.256806 16.584642 14.977290 2.829808 14.222437 14.562448 2.414965 13.783306 9.092921 2.414965 13.783306 8.678078 2.829808 14.222437 14.292288 2.144805 13.242987 9.363081 2.144805 13.242987 9.363081 -3.571803 13.242987 9.092921 -3.841963 13.783306 9.092921 2.042407 13.783306 9.363081 2.042407 13.242987 9.465480 -3.469404 12.647634 14.189889 -3.469404 12.647634 14.292288 -3.571803 13.242987 14.562448 -3.841963 13.783306 8.678078 -4.256806 14.222437 8.678078 2.042407 14.222437 14.189889 2.042407 12.647634 14.977290 2.829808 16.584642 14.977290 1.255005 16.584642 14.977290 -4.256806 14.222437 8.678078 2.829808 16.584642 9.465480 2.042407 12.647634 14.386740 -2.682003 15.797240 14.386740 1.255005 15.797240 -8.644756 -2.682003 15.009838 -9.235308 1.255005 15.009838 -9.235308 -2.682003 15.009838 -8.644756 1.255005 15.009838 -9.235308 -2.682003 15.797240 -9.825859 1.255005 15.797240 -9.825859 -2.682003 15.797240 -9.235308 1.255005 15.797240 -8.644756 1.255005 16.584642 -9.825859 1.255005 16.584642 -9.825859 2.829808 16.584642 -9.825859 -2.682003 16.584642 -9.825859 -4.256806 15.009838 -9.825859 -4.256806 16.584642 -9.825859 2.829808 15.009838 -13.762867 -4.256806 15.009838 -13.762867 -2.682003 15.797240 -13.762867 -4.256806 16.584642 -13.762867 2.829808 15.009838 -13.762867 1.255005 15.797240 -13.762867 1.255005 16.584642 -13.762867 2.829808 16.584642 -13.762867 -2.682003 16.584642 -14.943970 -2.682003 16.584642 -14.943970 -4.256806 16.584642 -8.644756 -2.682003 16.584642 -14.353418 -2.682003 15.009838 -14.943970 1.255005 15.009838 -14.943970 -2.682003 15.009838 -14.353418 1.255005 15.009838 -8.644756 -4.256806 16.584642 -14.943970 2.829808 14.222437 -9.059600 2.414965 13.783306 -14.529126 2.414965 13.783306 -8.644756 2.829808 14.222437 -9.329760 2.144805 13.242987 -14.258966 2.144805 13.242987 -9.329760 -3.571803 13.242987 -9.059600 2.042407 13.783306 -9.059600 -3.841963 13.783306 -9.329760 2.042407 13.242987 -14.156568 -3.469404 12.647634 -9.432158 -3.469404 12.647634 -14.258966 -3.571803 13.242987 -14.529126 -3.841963 13.783306 -8.644756 2.042407 14.222437 -8.644756 -4.256806 14.222437 -14.156568 2.042407 12.647634 -14.943970 2.829808 16.584642 -14.943970 1.255005 16.584642 -14.943970 -4.256806 14.222437 -8.644756 2.829808 16.584642 -9.432158 2.042407 12.647634 -14.353418 -2.682003 15.797240 -14.353418 1.255005 15.797240 3.166267 6.766816 16.584642 1.985165 12.278627 16.584642 1.985165 6.766816 16.584642 3.166267 12.278627 16.584642 -2.718102 11.863784 13.783306 -2.447943 7.451819 13.242987 -2.718102 7.181659 13.783306 -2.447943 11.593624 13.242987 3.166267 11.491225 14.222437 3.166267 6.766816 14.222437 3.166267 12.278627 14.222437 -2.345544 7.554218 12.647634 -2.345544 11.491225 12.647634 -3.132946 12.278627 14.222437 -3.132946 6.766816 14.222437 -1.951843 6.766816 16.584642 -3.132946 12.278627 16.584642 -3.132946 6.766816 16.584642 -1.951843 12.278627 16.584642 -1.951843 12.278627 15.009838 1.985165 12.278627 15.009838 1.985165 6.766816 15.009838 -1.951843 6.766816 15.009838 2.481264 7.451819 13.242987 2.378865 7.554218 12.647634 2.751424 11.491225 13.783306 2.751424 7.181659 13.783306 2.481264 11.491225 13.242987 2.481264 11.593624 13.242987 2.751424 11.863784 13.783306 2.378865 11.491225 12.647634 -13.762867 -3.863105 19.734247 -11.794363 -3.567830 20.403917 -13.762867 -3.272554 19.892485 -11.794363 -3.938204 20.304676 -11.794363 -3.351673 20.620075 -13.762867 -2.840240 20.324799 -9.825859 -8.981215 20.915350 -11.794363 -8.311545 20.620075 -11.794363 -8.390664 20.915350 -9.825859 -8.822978 20.324799 -9.825859 -3.863105 19.734247 -9.825859 -3.272554 19.892485 -9.825859 -2.840240 20.324799 -9.825859 -8.390664 19.892485 -11.794363 -8.095388 20.403917 -9.825859 -2.682003 20.915350 -11.794363 -3.272554 20.915350 -13.762867 -8.822978 20.324799 -13.762867 -8.981215 20.915350 -13.762867 -2.682003 20.915350 -9.825859 -12.918223 20.915350 -13.762867 -12.918223 20.915350 -13.762867 -7.800113 19.734247 -11.794363 -7.725015 20.304676 -13.762867 7.395980 20.324799 -11.794363 6.963666 20.915350 -13.762867 7.554218 20.915350 -11.794363 6.884548 20.620075 -9.825859 7.554218 20.915350 -9.825859 7.395980 20.324799 -13.762867 6.963666 19.892485 -11.794363 6.668391 20.403917 -9.825859 1.255005 20.915350 -11.794363 1.924675 20.620075 -11.794363 1.845556 20.915350 -9.825859 1.413243 20.324799 -13.762867 1.413243 20.324799 -13.762867 1.255005 20.915350 -13.762867 -8.390664 19.892485 -9.825859 -7.800113 19.734247 -13.762867 -12.918223 18.553144 -13.762867 -9.138696 15.364169 -13.762867 5.192013 15.009838 -13.762867 -6.619011 15.009838 -13.762867 7.711698 15.364169 -13.762867 -11.028460 16.072830 -13.762867 9.601461 16.072830 -13.762867 -12.288302 17.135822 -13.762867 -2.288302 16.978342 -13.762867 -2.288302 20.915350 -13.762867 0.861304 16.978342 -13.762867 10.861304 17.135822 -13.762867 1.845556 19.892485 -13.762867 0.861304 20.915350 -13.762867 2.436107 19.734247 -13.762867 11.491225 18.553144 -13.762867 6.373115 19.734247 -13.762867 11.491225 20.915350 -9.825859 1.845556 19.892485 -11.794363 2.140832 20.403917 -9.825859 -12.918223 18.553144 -9.825859 -2.288302 20.915350 -9.825859 -6.619011 15.009838 -9.825859 5.192013 15.009838 -9.825859 11.491225 20.915350 -9.825859 11.491225 18.553144 -9.825859 10.861304 17.135822 -9.825859 6.373115 19.734247 -9.825859 6.963666 19.892485 -9.825859 7.711698 15.364169 -9.825859 -9.138696 15.364169 -9.825859 -11.028460 16.072830 -9.825859 9.601461 16.072830 -9.825859 0.861304 16.978342 -9.825859 0.861304 20.915350 -9.825859 2.436107 19.734247 -9.825859 -2.288302 16.978342 -9.825859 -12.288302 17.135822 -11.794363 6.298017 20.304676 -11.794363 2.511206 20.304676 9.859180 0.861304 26.781282 13.796188 -2.288302 25.347994 9.859180 -2.288302 26.781282 13.796188 0.861304 25.347994 9.859180 0.861304 23.275906 13.796188 0.861304 23.275906 9.859180 -2.288302 23.275906 13.796188 -2.288302 23.275906 9.859180 -14.099325 23.275906 13.796188 -14.099325 23.275906 9.859180 -13.705625 28.000315 11.827684 -3.938204 28.570744 9.859180 -3.863105 28.000315 11.827684 -13.630527 28.570744 13.796188 -3.272554 28.158554 11.827684 -3.351673 28.886143 11.827684 -3.567830 28.669985 13.796188 -2.840240 28.590866 13.796188 -2.682003 29.181417 11.827684 -3.272554 29.181417 9.859180 -2.840240 28.590866 9.859180 -3.272554 28.158554 13.796188 -3.863105 28.000315 9.859180 -2.682003 29.181417 13.796188 -14.296176 28.158554 11.827684 -14.000900 28.669985 13.796188 -13.705625 28.000315 11.827684 -14.217057 28.886143 13.796188 -14.886727 29.181417 13.796188 -14.728490 28.590866 11.827684 -14.296176 29.181417 9.859180 -14.728490 28.590866 9.859180 -14.296176 28.158554 9.859180 -14.886727 29.181417 11.827684 1.924675 28.886143 13.796188 1.255005 29.181417 13.796188 1.413243 28.590866 11.827684 1.845556 29.181417 9.859180 -18.823734 29.181417 13.796188 -18.823734 29.181417 9.859180 1.255005 29.181417 9.859180 1.413243 28.590866 9.859180 1.845556 28.158554 9.859180 12.672328 23.275906 9.859180 2.436107 28.000315 9.859180 12.278627 28.000315 9.859180 12.869178 28.158554 9.859180 14.562092 23.630238 9.859180 13.301492 28.590866 9.859180 13.459729 29.181417 9.859180 17.396738 29.181417 9.859180 15.979415 24.338898 9.859180 16.924297 25.401890 9.859180 17.396738 26.819214 9.859180 -18.823734 26.819214 9.859180 -18.351294 25.401890 9.859180 -17.406412 24.338898 9.859180 -15.989089 23.630238 13.796188 12.672328 23.275906 13.796188 14.562092 23.630238 13.796188 -18.351294 25.401890 13.796188 -18.823734 26.819214 13.796188 -17.406412 24.338898 13.796188 -15.989089 23.630238 13.796188 1.845556 28.158554 13.796188 2.436107 28.000315 13.796188 12.278627 28.000315 13.796188 12.869178 28.158554 13.796188 13.301492 28.590866 13.796188 13.459729 29.181417 13.796188 17.396738 29.181417 13.796188 15.979415 24.338898 13.796188 16.924297 25.401890 13.796188 17.396738 26.819214 11.827684 12.790059 28.886143 11.827684 12.869178 29.181417 11.827684 12.573903 28.669985 11.827684 12.203528 28.570744 11.827684 2.511206 28.570744 11.827684 2.140832 28.669985 15.730692 1.255005 15.054268 15.730692 -2.682003 15.054268 16.397444 1.255005 15.407864 16.397444 -2.682003 15.407864 16.856867 1.255005 16.006626 16.856867 -2.682003 16.006626 17.687765 1.255005 16.004309 17.687765 -2.682003 16.004309 18.337528 1.255005 16.522190 18.337528 -2.682003 16.522190 18.520597 1.255005 17.332672 18.520597 -2.682003 17.332672 13.796188 -2.682003 19.055826 13.796188 -2.288302 16.584642 13.796188 0.861304 16.584642 13.796188 1.255005 19.055826 13.796188 0.861304 19.055826 13.796188 -2.288302 19.055826 9.859180 -2.288302 20.491789 9.859180 -2.682003 20.491789 9.859180 -2.288302 16.584642 9.859180 1.255005 20.491789 9.859180 0.861304 20.491789 9.859180 0.861304 16.584642 1.985164 -2.288302 20.915350 1.985164 -2.682003 20.915350 0.804062 -2.682003 20.915350 0.804062 -2.288302 20.915350 0.804062 -2.682003 23.277555 0.804062 -2.288302 23.277555 -0.770741 -2.288302 20.915350 -0.770741 -2.682003 20.915350 -1.951844 -2.682003 20.915350 -1.951844 -2.288302 20.915350 -0.770741 -2.288302 23.277555 -0.770741 -2.682003 23.277555 1.985164 1.255005 20.915350 1.985164 0.861304 20.915350 0.804062 0.861304 20.915350 0.804062 1.255005 20.915350 0.804062 0.861304 23.277555 0.804062 1.255005 23.277555 -0.770741 1.255005 20.915350 -0.770741 0.861305 20.915350 -1.951843 0.861304 20.915350 -1.951844 1.255005 20.915350 -0.770741 1.255005 23.277555 -0.770741 0.861305 23.277555 -1.951843 0.861304 16.978342 -1.951843 1.255005 16.978342 2.221385 -2.682003 23.277555 2.221385 1.255005 23.277555 -14.943970 1.255005 23.277555 -14.943970 -2.682003 23.277555 -14.943970 -2.288302 23.277555 -14.943970 0.861304 23.277555 -20.455780 0.861304 23.277555 -20.455780 -2.288302 23.277555 1.985165 -2.682003 15.009838 -9.825859 -2.682003 16.978342 -14.258966 0.861304 21.510704 -14.529126 0.861304 22.051022 -14.529126 1.255005 22.051022 -14.258966 1.255005 21.510704 -14.943970 0.861304 22.490152 -14.943970 1.255005 22.490152 -21.243181 0.861304 20.915350 -21.084944 0.861304 20.324799 -21.084944 1.255005 20.324799 -21.243181 1.255005 20.915350 -20.652630 0.861304 19.892485 -20.652630 1.255005 19.892485 -20.062080 0.861304 19.734247 -20.062080 1.255005 19.734247 -15.337670 0.861304 19.734247 -15.337670 1.255005 19.734247 -14.747119 0.861304 19.892485 -14.747119 1.255005 19.892485 -14.314805 0.861304 20.324799 -14.314805 1.255005 20.324799 -14.156568 0.861304 20.915350 -14.156568 1.255005 20.915350 -21.140783 0.861304 21.510704 -20.870623 0.861304 22.051022 -20.455780 0.861304 22.490152 1.985165 1.255005 15.009838 1.985165 -2.288302 16.978342 1.985165 0.861304 16.978342 -1.951843 -2.288302 16.978342 -25.967592 1.255005 18.553144 -25.967592 -2.682003 18.553144 -25.967592 -2.682003 20.915350 -25.967592 1.255005 20.915350 -1.951843 1.255005 15.009838 -1.951843 -2.682003 15.009838 -20.062080 -2.682003 19.734247 -20.652630 -2.682003 19.892485 -21.084944 -2.682003 20.324799 -21.243181 -2.682003 20.915350 -22.188065 -2.682003 15.364169 -19.668379 -2.682003 15.009838 -24.077827 -2.682003 16.072830 -25.337669 -2.682003 17.135822 -13.762867 -2.682003 16.978342 -15.337670 -2.682003 19.734247 -14.747119 -2.682003 19.892485 -14.314805 -2.682003 20.324799 -14.156568 -2.682003 20.915350 -14.258966 -2.682003 21.510704 -14.529126 -2.682003 22.051022 -14.943970 -2.682003 22.490152 -19.668379 1.255005 15.009838 -20.870623 -2.288302 22.051022 -20.455780 -2.288302 22.490152 -24.077827 1.255005 16.072830 -22.188065 1.255005 15.364169 -21.243181 -2.288302 20.915350 -25.337669 1.255005 17.135822 -13.762867 1.255005 16.978342 -11.794363 0.861304 16.978342 -11.794363 -2.288302 16.978342 -21.140783 -2.288302 21.510704 -14.943970 -2.288302 22.490152 -14.529126 -2.288302 22.051022 -9.825859 1.255005 16.978342 -14.747119 -2.288302 19.892485 -15.337670 -2.288302 19.734247 -20.652630 -2.288302 19.892485 -21.084944 -2.288302 20.324799 -14.258966 -2.288302 21.510704 -14.314805 -2.288302 20.324799 -20.062080 -2.288302 19.734247 -14.156568 -2.288302 20.915350 1.985165 1.255005 29.183067 -1.951843 0.861304 29.183067 -1.951843 1.255005 29.183067 1.985165 0.861304 29.183067 -1.951843 1.255005 24.796463 -1.951843 0.861304 24.796463 1.985165 0.861304 23.363174 1.985165 1.255005 23.363174 13.796188 1.255005 20.913702 32.693825 1.255005 12.183522 13.796188 1.255005 19.063309 32.963188 1.255005 12.923418 31.048161 1.255005 13.975537 29.346321 1.255005 15.345951 -9.825859 1.255005 27.663040 -9.825859 1.255005 33.947727 9.859180 1.255005 20.913702 9.859180 1.255005 20.496597 9.859180 1.255005 23.275906 9.859180 1.255005 26.781282 27.909985 1.255005 16.992531 13.796188 1.255005 23.275906 26.783304 1.255005 18.864664 21.276503 1.255005 20.904799 13.796188 1.255005 25.347994 21.165545 1.255005 21.517273 20.903944 1.255005 22.040472 20.489101 1.255005 22.479603 20.489101 1.255005 22.911404 26.000912 1.255005 20.904799 1.985165 -2.288302 29.183067 0.251010 -2.682003 29.183067 0.251010 -2.288302 29.183067 1.985164 -2.682003 29.183067 -1.951844 -2.682003 29.183067 -1.951844 -2.288302 29.183067 -1.951843 -2.288302 24.796463 1.985165 -2.288302 23.363174 -1.951843 -2.682003 24.796463 1.985165 -2.682003 23.363174 -13.762867 -2.288302 29.096329 -13.762867 -2.682003 29.096329 -9.825859 -2.288302 27.663040 -9.825859 -2.682003 27.663040 -9.825859 0.861304 27.663040 -13.762867 1.255005 29.096329 -13.762867 0.861304 29.096329 32.693825 -2.682003 12.183522 13.796188 -2.682003 20.913702 13.796188 -2.682003 19.063309 32.963188 -2.682003 12.923418 31.048161 -2.682003 13.975537 29.346321 -2.682003 15.345951 26.000912 -2.682003 20.904799 21.276503 -2.682003 20.904799 26.783304 -2.682003 18.864664 27.909985 -2.682003 16.992531 9.859180 -2.682003 23.275906 13.796188 -2.682003 23.275906 13.796188 -2.682003 25.347994 21.165545 -2.682003 21.517273 20.903944 -2.682003 22.040472 20.489101 -2.682003 22.479603 20.489101 -2.682003 22.911404 9.859180 -2.682003 20.496597 9.859180 -2.682003 20.913702 9.859180 -2.682003 26.781282 -9.825859 -2.682003 33.947727 -22.030584 1.255005 37.435345 -21.636883 1.255005 32.679550 -22.030584 1.255005 32.679550 -13.762867 1.255005 35.381016 -19.405779 1.255005 37.435345 26.309431 0.487546 20.792482 27.006905 0.487546 18.973774 28.111094 0.487546 17.139017 27.120113 -0.309802 19.029016 28.212914 -0.309802 17.213184 28.212914 -1.117196 17.213184 27.120113 -1.117196 19.029016 28.111094 -1.914544 17.139017 27.006905 -1.914544 18.973774 26.309431 -1.914544 20.792482 26.465635 -1.117196 20.735615 26.465635 -0.309802 20.735615 -13.762867 -2.682003 35.381016 -19.405779 -2.682003 37.435345 13.796188 0.861304 19.063309 13.796188 -2.288302 19.063309 9.859180 -2.288302 20.496597 9.859180 0.861304 20.496597 -21.636883 -2.682003 32.679550 -22.030584 -2.682003 37.435345 -19.668379 -2.682003 37.435345 -22.030584 -2.682003 32.679550 -22.030584 -1.304050 37.435345 -22.030584 -1.304050 32.679550 -23.605387 -1.500901 37.435345 -23.605387 -1.500901 32.679550 -22.030584 -0.122948 32.679550 -23.605387 0.073903 32.679550 -22.030584 -0.122948 37.435345 -23.605387 0.073903 37.435345 13.796188 0.861304 20.913702 13.796188 -2.288302 20.913702 9.859180 -2.288302 20.913702 9.859180 0.861304 20.913702 29.518753 0.487546 15.525310 29.606056 -0.309802 15.616119 29.606056 -1.117196 15.616119 29.518753 -1.914544 15.525310 31.186617 0.487546 14.182256 31.256718 -0.309802 14.286917 31.256718 -1.117196 14.286917 31.186617 -1.914544 14.182256 33.048981 0.487546 13.159071 33.092415 -0.309802 13.278381 33.092415 -1.117196 13.278381 33.048981 -1.914544 13.159071 3.166267 -13.705625 16.584642 1.985165 -8.193814 16.584642 1.985165 -13.705625 16.584642 3.166267 -8.193814 16.584642 -2.718102 -8.608657 13.783306 -2.447943 -13.020622 13.242987 -2.718102 -13.290782 13.783306 -2.447943 -8.878817 13.242987 3.166267 -8.981215 14.222437 3.166267 -13.705625 14.222437 3.166267 -8.193814 14.222437 -2.345544 -12.918223 12.647634 -2.345544 -8.981215 12.647634 -3.132946 -8.193814 14.222437 -3.132946 -13.705625 14.222437 -1.951843 -13.705625 16.584642 -3.132946 -8.193814 16.584642 -3.132946 -13.705625 16.584642 -1.951843 -8.193814 16.584642 -1.951843 -8.193814 15.009838 1.985165 -8.193814 15.009838 1.985165 -13.705625 15.009838 -1.951843 -13.705625 15.009838 2.481264 -13.020622 13.242987 2.378865 -12.918223 12.647634 2.751424 -8.981215 13.783306 2.751424 -13.290782 13.783306 2.481264 -8.981215 13.242987 2.481264 -8.878817 13.242987 2.751424 -8.608657 13.783306 2.378865 -8.981215 12.647634 21.670204 -2.682003 29.172516 13.796188 -2.682003 25.550468 13.796188 -2.682003 29.172516 21.276503 -2.682003 29.172516 21.174105 -2.682003 29.767870 9.859180 -2.682003 29.172516 -3.197732 -2.682003 31.534721 20.903944 -2.682003 30.308187 20.489101 -2.682003 30.747318 20.489101 -2.682003 31.534721 19.512325 -2.682003 23.267004 13.796188 1.255005 29.172516 19.512325 1.255005 23.267004 -3.197732 1.255005 31.534721 9.859180 1.255005 29.172516 20.489101 1.255005 30.747318 20.489101 1.255005 31.534721 20.903944 1.255005 30.308187 21.174105 1.255005 29.767870 21.276503 1.255005 29.172516 21.670204 -2.288302 25.235508 21.670204 0.861304 25.235508 21.670204 0.861304 29.172516 21.670204 1.255005 29.172516 21.670204 -2.288302 29.172516 25.607212 1.255005 29.172516 25.607212 0.861304 25.235508 25.607212 0.861304 29.172516 25.607212 -2.288302 29.172516 25.607212 -2.682003 29.172516 25.607212 -2.288302 25.235508 27.474449 1.255005 23.267004 27.474449 -2.682003 23.267004 29.442953 -0.713499 23.267004 29.757914 1.255005 24.054405 31.805157 1.255005 29.172516 31.726418 -0.713499 24.054405 29.757914 -2.682003 24.054405 33.481228 -0.713499 28.441431 31.805157 -2.682003 29.172516 -1.951843 1.255005 23.277555 -1.951843 0.861304 24.787312 -1.951843 0.861304 23.277555 -1.951843 1.255005 24.787312 2.182015 0.861304 23.277555 -1.951843 -2.288302 23.277555 -1.951843 -2.682003 24.787312 -1.951843 -2.682003 23.277555 -1.951843 -2.288302 24.787312 -9.825859 1.255005 23.277555 -9.825859 1.255005 25.246059 -13.762867 -2.682003 23.277555 -13.762867 -2.288302 29.100903 -13.762867 -2.682003 29.100903 -13.762867 1.255005 23.277555 -13.762867 0.861304 29.100903 -13.762867 1.255005 29.100903 2.182015 -2.288302 23.277555 -21.243181 1.255005 29.183067 -20.455780 1.255005 30.757870 -20.455780 1.255005 31.545271 -21.140783 1.255005 29.778419 -20.870623 1.255005 30.318739 -20.455780 -2.682003 31.545271 -9.825859 -2.682003 23.277555 -9.825859 -2.682003 25.246059 -20.455780 -2.682003 30.757870 -21.243181 -2.682003 29.183067 -21.140783 -2.682003 29.778419 -20.870623 -2.682003 30.318739 -33.447906 -0.713499 28.451982 -29.724592 -2.682003 24.064957 -31.771835 -2.682003 29.183067 -31.693096 -0.713499 24.064957 -29.409632 -0.713499 23.277555 -27.441128 -2.682003 23.277555 -29.724592 1.255005 24.064957 -31.771835 1.255005 29.183067 -27.441128 1.255005 23.277555 -25.573891 14.247131 37.450783 -21.636883 14.247131 37.450783 -21.636883 1.255005 37.450783 -21.636883 1.255005 31.545271 -21.636883 -2.682003 37.450783 -21.636883 -15.674129 37.450783 -21.636883 -2.682003 31.545271 -22.030584 1.255005 37.450783 -22.030584 1.255005 31.545271 -22.030584 -0.122948 37.450783 -22.030584 -0.122948 31.545271 -23.605387 0.073902 37.450783 -23.605387 0.073902 31.545271 -23.605387 -1.500901 37.450783 -23.605387 -1.500901 31.545271 -22.030584 -1.304050 37.450783 -22.030584 -1.304050 31.545271 -22.030584 -2.682003 37.450783 -22.030584 -2.682003 31.545271 -25.573891 -15.674129 37.450783 3.166267 1.255005 6.742122 6.315873 -2.682003 6.742122 6.315873 1.255005 6.742122 3.166267 -2.682003 6.742122 -6.282552 1.255005 6.742122 -3.132946 -2.682003 6.742122 -3.132946 1.255005 6.742122 -6.282552 -2.682003 6.742122 -1.951843 5.585714 6.742122 1.985165 -7.012712 6.742122 1.985165 5.585714 6.742122 -1.951843 -7.012712 6.742122 -3.132946 1.255005 8.316925 -3.132946 -2.682003 8.316925 1.985165 1.255005 8.316925 1.985165 5.585714 9.891728 1.985165 -2.682003 8.316925 1.985165 -2.682003 9.891728 1.985165 -7.012712 9.891728 1.985165 1.255005 9.891728 -1.951843 -7.012712 9.891728 -1.951843 -2.682003 8.316925 -1.951843 -2.682003 9.891728 -1.951843 1.255005 9.891728 -1.951843 5.585714 9.891728 -1.951843 1.255005 8.316925 3.166267 -2.682003 8.316925 3.166267 1.255005 8.316925 -6.282552 5.585714 5.167319 5.486187 4.756027 4.289057 -5.452866 4.756027 4.289057 6.315873 5.585714 5.167319 4.945868 4.215708 3.208419 -4.912547 4.215708 3.208419 6.315873 -7.012712 5.167319 5.486187 -6.183025 4.289057 4.945868 -5.642706 3.208419 4.741070 4.010911 2.017712 4.741070 -5.437908 2.017712 -4.707749 -5.437908 2.017712 -4.912547 -5.642706 3.208419 -5.452866 -6.183025 4.289057 -6.282552 -7.012712 5.167319 -6.282552 5.585714 9.891728 -6.282552 1.255005 9.891728 -4.707749 4.010911 2.017712 -6.282552 -2.682003 9.891728 6.315873 1.255005 9.891728 6.315873 -2.682003 9.891728 6.315873 -7.012712 9.891728 -6.282552 -7.012712 9.891728 -5.452866 -5.437908 4.289057 -4.912547 -5.437908 3.208419 -6.282552 -5.437908 5.167319 6.315873 5.585714 9.891728 4.188017 -2.682003 37.440231 4.188017 -2.682003 35.471729 -3.685998 -2.682003 35.471729 -3.685998 -2.288302 35.471729 -3.685998 -2.682003 37.440231 -3.685998 1.255005 35.471729 -3.685998 1.255005 37.440231 4.188017 1.255005 35.471729 4.188017 1.255005 37.440231 -9.825859 1.255005 33.947727 -9.825859 1.255005 37.440231 9.859180 1.255005 37.440231 -3.197732 1.255005 31.534721 9.859180 1.255005 31.534721 -9.825859 -2.682002 37.440231 -9.825859 -2.682003 33.947727 -5.654502 -2.682003 37.440231 9.859180 -2.682003 31.534721 9.859180 -2.682003 37.440231 -13.762867 1.255006 37.440231 -13.762867 0.861305 35.381016 -13.762867 1.255005 35.381016 -13.762867 0.861305 37.440231 -9.825859 0.861305 33.947727 -9.825859 -2.288302 33.947727 -13.762867 -2.682002 35.381016 -13.762867 -2.288302 35.381016 -13.762867 -2.682002 37.440231 -19.419201 -2.682003 37.440231 -17.975466 1.255005 36.914635 -19.419201 -1.500900 37.440231 -19.419201 1.255005 37.440231 -17.975466 -1.500900 36.914635 -16.975126 1.255005 36.550453 -17.765648 1.255005 36.838249 9.859180 0.861304 37.440231 22.063904 -0.122948 37.440231 22.063904 -1.304050 37.440231 22.063904 -2.682003 37.440231 13.796188 -2.682003 37.440231 23.638708 -1.500901 37.440231 23.638708 0.073903 37.440231 13.796188 1.255005 37.440231 22.063904 1.255005 37.440231 11.827684 -2.288302 33.503223 9.859180 0.861304 33.503223 11.827684 0.861304 33.503223 13.796188 -2.682003 31.534721 13.796188 1.255005 31.534721 23.638708 -1.500901 31.534721 22.063904 -0.122948 31.534721 23.638708 0.073903 31.534721 22.063904 -1.304050 31.534721 22.063904 1.255005 31.534721 22.063904 -2.682003 31.534721 21.670204 13.459729 29.172516 25.607212 9.522721 29.172516 25.607212 13.459729 29.172516 21.670204 9.522721 29.172516 23.638708 8.932171 29.172516 21.670204 -2.840240 28.581964 23.638708 -3.272554 29.172516 23.638708 -3.351673 28.877241 23.638708 -3.938204 28.561842 25.607212 -9.768617 27.991413 25.607212 -3.863105 27.991413 23.638708 -9.693519 28.561842 21.670204 -10.949719 29.172516 23.638708 -10.280049 28.877241 21.670204 -10.791482 28.581964 23.638708 -10.359168 29.172516 21.670204 8.932171 28.149651 23.638708 8.853051 28.877241 21.670204 9.364484 28.581964 23.638708 8.636895 28.661083 23.638708 -3.567830 28.661083 25.607212 -3.272554 28.149651 21.670204 -9.768617 27.991413 21.670204 -3.863105 27.991413 25.607212 9.364484 28.581964 23.638708 1.924675 28.877241 21.670204 1.845556 28.149651 21.670204 1.413243 28.581964 23.638708 2.140832 28.661083 25.607212 5.585714 23.267004 21.670204 8.210385 23.503225 25.607212 8.210385 23.503225 21.670204 5.585714 23.267004 23.638708 1.845556 29.172516 25.607212 1.413243 28.581964 25.607212 -14.886727 26.810310 21.670204 -14.886727 29.172516 21.670204 -14.886727 26.810310 25.607212 -14.886727 29.172516 25.607212 -2.840240 28.581964 21.670204 8.341619 27.991413 23.638708 8.266521 28.561842 21.670204 -10.359168 28.149651 23.638708 -10.063892 28.661083 25.607212 -9.637383 23.503225 21.670204 -7.012712 23.267004 25.607212 -7.012712 23.267004 21.670204 -9.637383 23.503225 25.607212 2.436107 27.991413 23.638708 2.511206 28.561842 25.607212 1.845556 28.149651 21.670204 2.436107 27.991413 21.670204 -3.272554 28.149651 25.607212 -10.949719 29.172516 21.670204 -14.361793 25.629210 25.607212 -14.361793 25.629210 25.607212 -11.737121 23.975666 21.670204 -11.737121 23.975666 25.607212 -13.311924 24.684326 21.670204 -13.311924 24.684326 25.607212 -10.359168 28.149651 25.607212 -10.791482 28.581964 25.607212 8.341619 27.991413 25.607212 8.932171 28.149651 25.607212 13.459729 26.810310 25.607212 10.310123 23.975666 25.607212 11.884926 24.684326 25.607212 12.934795 25.629210 21.670204 13.459729 26.810310 21.670204 12.934795 25.629210 21.670204 11.884926 24.684326 21.670204 10.310123 23.975666 -0.770741 -14.099325 22.490152 0.804062 -14.099325 22.490152 0.804062 -14.099325 23.277555 -0.770741 -14.099325 23.277555 -0.770741 -2.288302 20.915350 -0.770741 -14.886727 20.915350 -0.770741 -14.514169 22.051022 -0.770741 -14.784328 21.510704 0.804062 -14.886727 20.915350 0.804062 -2.288302 20.915350 0.804062 -14.514169 22.051022 0.804062 -14.784328 21.510704 -0.770741 12.672328 22.490152 0.804062 12.672328 23.277555 0.804062 12.672328 22.490152 -0.770741 12.672328 23.277555 -0.770741 0.861304 20.915350 -0.770741 0.861304 23.277555 -0.770741 13.459729 20.915350 -0.770741 13.087172 22.051022 -0.770741 13.357330 21.510704 0.804062 13.459729 20.915350 0.804062 0.861304 20.915350 0.804062 13.087172 22.051022 0.804062 13.357330 21.510704 -1.558143 -14.886727 20.915350 -1.951843 -14.728490 20.324799 -1.951843 -14.886727 20.915350 -1.558143 -14.728490 20.324799 -1.558143 -14.296176 19.892485 -1.951843 -14.296176 19.892485 -1.951844 -3.863105 19.734247 -1.558143 -13.705625 19.734247 -1.558143 -3.863105 19.734247 -1.951843 -13.705625 19.734247 -1.951844 0.861304 20.915350 -1.558143 1.255005 20.915350 -1.951844 13.459729 20.915350 1.591463 13.459729 20.915350 -1.951844 17.396738 20.915350 -1.558143 13.459729 20.915350 1.591464 1.255005 20.915350 1.985164 13.459729 20.915350 1.985164 17.396738 20.915350 -1.951843 -18.823734 20.915350 -1.951843 -18.823734 18.553144 -1.951843 -15.989089 15.364169 -1.951844 12.672328 15.009838 -1.951843 -14.099325 15.009838 -1.951844 14.562092 15.364169 -1.951843 -17.406412 16.072830 -1.951844 15.979415 16.072830 -1.951843 -18.351294 17.135822 -1.951844 -2.288302 16.978342 -1.951844 -3.272554 19.892485 -1.951844 -2.840240 20.324799 -1.951844 0.861304 16.978342 -1.951844 16.924297 17.135822 -1.951844 2.436107 19.734247 -1.951844 1.845556 19.892485 -1.951844 1.413243 20.324799 -1.951844 17.396738 18.553144 -1.951844 12.278627 19.734247 -1.951844 12.869178 19.892485 -1.951844 13.301492 20.324799 1.985164 12.672328 15.009838 1.985164 14.562092 15.364169 1.985164 -2.288302 16.978342 1.985164 0.861304 16.978342 1.985164 12.278627 19.734247 1.985164 17.396738 18.553144 1.985164 12.869179 19.892485 1.985164 13.301492 20.324799 1.985165 -14.099325 15.009838 1.985165 -15.989089 15.364169 1.985164 15.979415 16.072830 1.985165 -17.406412 16.072830 1.985164 16.924297 17.135822 1.985164 2.436107 19.734247 1.985164 1.845556 19.892485 1.985164 1.413243 20.324799 1.985165 -18.351294 17.135822 1.985164 -3.863105 19.734247 1.985164 -3.272554 19.892485 1.985164 -2.840240 20.324799 1.985165 -18.823734 18.553144 1.985165 -13.705625 19.734247 1.985165 -18.823734 20.915350 1.985165 -14.296176 19.892485 1.985165 -14.728490 20.324799 1.985165 -14.886727 20.915350 1.591464 -2.682003 20.915350 -1.558143 -2.682003 20.915350 1.591464 -14.886727 20.915350 -1.558143 2.436107 19.734247 -1.558143 1.845556 19.892485 -1.558143 1.413243 20.324799 1.591463 12.869179 19.892485 1.591464 2.436107 19.734247 1.591463 12.278627 19.734247 1.591464 1.845556 19.892485 1.591463 13.301492 20.324799 1.591464 1.413243 20.324799 -1.558143 12.278627 19.734247 1.591464 -14.728490 20.324799 1.591464 -14.296176 19.892485 1.591464 -3.272554 19.892485 1.591464 -13.705625 19.734247 1.591464 -3.863105 19.734247 1.591464 -2.840240 20.324799 -1.558143 -2.840240 20.324799 -1.558143 -3.272554 19.892485 -1.558143 12.869178 19.892485 -1.558143 13.301492 20.324799 21.670204 -2.682003 31.534721 21.670204 -15.674129 37.440231 21.670204 -2.682003 37.440231 21.670204 1.255005 37.440231 21.670204 1.255005 31.534721 22.457605 -0.073735 37.440231 22.457605 -0.073735 31.534721 22.457605 -1.304050 37.440231 22.457605 -1.304050 31.534721 25.607212 14.247131 41.409088 21.670204 -15.674129 42.842041 25.607212 -15.674129 41.409088 21.670204 14.247131 42.842041 21.670204 -15.674129 38.227634 21.670204 14.247131 38.227634 21.670204 14.247131 37.440231 -0.770741 -8.193814 14.222437 0.804062 -8.193814 14.222437 0.804062 -8.193814 15.009838 -0.770741 -8.193814 15.009838 -0.770741 -2.288302 15.009838 -0.770741 -2.288302 12.647634 -0.770741 -8.981215 12.647634 -0.770741 -8.608657 13.783306 -0.770741 -8.878817 13.242987 0.804062 -8.981215 12.647634 0.804062 -2.288302 12.647634 0.804062 -2.288302 15.009838 0.804062 -8.608657 13.783306 0.804062 -8.878817 13.242987 1.591464 -2.840240 12.057082 1.985165 -2.682003 12.647634 1.591464 -2.682003 12.647634 1.985165 -2.840240 12.057082 1.591464 -7.800113 11.466531 1.985165 -8.390664 11.624769 1.985165 -7.800113 11.466531 1.591464 -8.390664 11.624769 1.591464 -3.272554 11.624769 1.985165 -3.863105 11.466531 1.985165 -3.272554 11.624769 1.591464 -3.863105 11.466531 1.591464 -8.981215 12.647634 1.985165 -8.822978 12.057082 1.591464 -8.822978 12.057082 1.985165 -8.981215 12.647634 -1.951843 0.861304 12.647634 -1.558143 1.255005 12.647634 -1.951843 1.255005 12.647634 1.985165 0.861304 12.647634 -1.951843 7.554218 12.647634 1.591464 7.554218 12.647634 -1.951843 11.491225 12.647634 -1.558143 7.554218 12.647634 1.591464 1.255005 12.647634 1.985165 1.255005 12.647634 1.985165 7.554218 12.647634 1.985165 11.491225 12.647634 1.985165 -12.918223 10.285429 -1.951843 -12.918223 12.647634 -1.951843 -12.918223 10.285429 1.985165 -12.918223 12.647634 -1.951843 -7.800113 11.466531 -1.951843 -8.390664 11.624769 -1.951843 -8.822978 12.057082 -1.951843 -8.981215 12.647634 -1.951843 -9.611136 7.096453 -1.951843 5.979414 6.742122 -1.951843 -7.406412 6.742122 -1.951843 8.184139 7.096453 -1.951843 -11.264680 7.805114 -1.951843 9.837682 7.805114 -1.951843 -12.367043 8.868106 -1.951843 -2.288302 8.710626 -1.951843 -3.272554 11.624769 -1.951843 -2.840240 12.057082 -1.951843 -2.288302 12.647634 -1.951843 -3.863105 11.466531 -1.951843 -2.682003 12.647634 -1.951843 0.861304 8.710626 -1.951843 10.940044 8.868106 -1.951843 1.845556 11.624769 -1.951843 1.413243 12.057082 -1.951843 2.436107 11.466531 -1.951843 11.491225 10.285429 -1.951843 6.373115 11.466531 -1.951843 6.963666 11.624769 -1.951843 7.395980 12.057082 1.985165 11.491225 10.285429 1.985165 -7.406412 6.742122 1.985165 5.979414 6.742122 -1.558143 7.395980 12.057082 -1.558143 -2.682003 12.647634 -1.558143 -2.840240 12.057082 1.985165 -2.288302 8.710626 1.985165 0.861304 8.710626 1.591464 1.845556 11.624769 1.985165 2.436107 11.466531 1.591464 2.436107 11.466531 1.985165 1.845556 11.624769 -1.558143 6.963666 11.624769 -1.558143 1.845556 11.624769 -1.558143 6.373115 11.466531 -1.558143 2.436107 11.466531 -1.558143 1.413243 12.057082 1.985165 -12.367043 8.868106 1.985165 6.963666 11.624769 1.591464 7.395980 12.057082 1.591464 6.963666 11.624769 1.985165 7.395980 12.057082 1.985165 6.373115 11.466531 1.591464 6.373115 11.466531 1.985165 -9.611136 7.096453 -1.558143 -3.272554 11.624769 1.985165 -2.288302 12.647634 1.985165 -11.264680 7.805114 1.985165 1.413243 12.057082 1.591464 1.413243 12.057082 -1.558143 -8.390664 11.624769 -1.558143 -7.800113 11.466531 -1.558143 -8.822978 12.057082 -1.558143 -3.863105 11.466531 -1.558143 -8.981215 12.647634 1.985165 9.837682 7.805114 1.985165 10.940044 8.868106 1.985165 8.184139 7.096453 -0.770741 6.766816 14.222437 0.804062 6.766816 15.009838 0.804062 6.766816 14.222437 -0.770741 6.766816 15.009838 -0.770741 0.861304 12.647634 -0.770741 0.861304 15.009838 -0.770741 7.554218 12.647634 -0.770741 7.181659 13.783306 -0.770741 7.451819 13.242987 0.804062 7.554218 12.647634 0.804062 0.861304 15.009838 0.804062 0.861304 12.647634 0.804062 7.181659 13.783306 0.804062 7.451819 13.242987 1.985165 -2.288302 15.009838 -1.951843 -2.288302 15.009838 -7.857355 -2.682003 6.742122 -7.857355 1.255005 6.742122 -3.132946 -2.288302 15.009838 -3.132946 -2.682003 15.009838 -1.951843 0.861304 15.009838 1.985165 0.861304 15.009838 3.166267 1.255005 15.009838 -8.644756 -2.288302 15.009838 -3.132946 0.861304 15.009838 -8.644756 0.861304 15.009838 -3.132946 1.255005 15.009838 3.166267 -2.682003 15.009838 3.166267 0.861304 15.009838 3.166267 -2.288302 15.009838 8.678078 0.861304 15.009838 8.678078 -2.288302 15.009838 -14.156568 1.255005 12.647634 -14.156568 -2.682003 10.285429 -14.156568 -2.682003 12.647634 -14.156568 1.255005 10.285429 9.465480 0.861304 12.647634 9.363081 -2.288302 13.242987 9.465480 -2.288302 12.647634 9.363081 0.861304 13.242987 8.678078 0.861304 14.222437 8.678078 -2.288302 14.222437 13.559968 1.255005 8.868106 14.189889 -2.682003 10.285429 13.559968 -2.682003 8.868106 14.189889 1.255005 10.285429 -2.345544 -2.288302 12.647634 -2.503782 -2.682003 12.057082 -2.345544 -2.682003 12.647634 -2.503782 -2.288302 12.057082 14.189889 1.255005 12.647634 9.465480 1.255005 12.647634 9.465480 -2.682003 12.647634 14.189889 -2.682003 12.647634 9.092921 0.861304 13.783306 9.092921 -2.288302 13.783306 12.300125 1.255005 7.805114 10.410361 -2.682003 7.096453 10.410361 1.255005 7.096453 12.300125 -2.682003 7.805114 7.890676 -2.682003 6.742122 7.890676 1.255005 6.742122 -2.936095 -2.682003 11.624769 -2.936095 -2.288302 11.624769 -2.718102 -2.288302 13.783306 -2.447943 -2.682003 13.242987 -2.718102 -2.682003 13.783306 -2.447943 -2.288302 13.242987 8.284377 -2.682003 11.466531 8.874928 -2.682003 11.624769 9.307241 -2.682003 12.057082 3.559968 -2.682003 11.466531 2.969417 -2.682003 11.624769 2.537103 -2.682003 12.057082 2.378865 -2.682003 12.647634 2.481264 -2.682003 13.242987 2.751424 -2.682003 13.783306 3.166267 -2.682003 14.222437 -3.132946 -2.288302 14.222437 -3.132946 -2.682003 14.222437 -8.251056 1.255005 11.466531 -8.841607 1.255005 11.624769 -9.273921 1.255005 12.057082 -9.432158 1.255005 12.647634 -10.377040 1.255005 7.096453 -12.266804 1.255005 7.805114 -13.526647 1.255005 8.868106 -3.526646 1.255005 11.466531 -2.936095 1.255005 11.624769 -2.503782 1.255005 12.057082 -2.345544 1.255005 12.647634 -2.447943 1.255005 13.242987 -2.718102 1.255005 13.783306 -3.132946 1.255005 14.222437 2.378865 1.255005 12.647634 2.537103 1.255005 12.057082 2.969417 1.255005 11.624769 3.559968 1.255005 11.466531 2.481264 1.255005 13.242987 2.751424 1.255005 13.783306 3.166267 1.255005 14.222437 8.284377 1.255005 11.466531 8.874928 1.255005 11.624769 9.307241 1.255005 12.057082 2.537103 0.861304 12.057082 2.378865 0.861304 12.647634 2.969417 0.861304 11.624769 3.559968 0.861304 11.466531 8.284377 0.861304 11.466531 8.874928 0.861304 11.624769 9.307241 0.861304 12.057082 2.481264 0.861304 13.242987 2.751424 0.861304 13.783306 3.166267 0.861304 14.222437 -2.936095 0.861304 11.624769 -2.503782 0.861304 12.057082 -3.526646 0.861304 11.466531 -8.841607 0.861304 11.624769 -8.251056 0.861304 11.466531 -9.273921 0.861304 12.057082 -9.432158 0.861304 12.647634 -2.345544 0.861304 12.647634 -2.447943 0.861304 13.242987 -9.329760 0.861304 13.242987 -2.718102 0.861304 13.783306 -9.059600 0.861304 13.783306 -3.132946 0.861304 14.222437 -8.644756 0.861304 14.222437 -9.273921 -2.288302 12.057082 -9.432158 -2.682003 12.647634 -9.273921 -2.682003 12.057082 -9.432158 -2.288302 12.647634 -8.841607 -2.288302 11.624769 -8.841607 -2.682003 11.624769 -8.251056 -2.682003 11.466531 -8.251056 -2.288302 11.466531 -3.526646 -2.288302 11.466531 -9.329760 -2.288302 13.242987 -9.059600 -2.288302 13.783306 -8.644756 -2.288302 14.222437 -3.526646 -2.682003 11.466531 -13.526647 -2.682003 8.868106 8.874928 -2.288302 11.624769 9.307241 -2.288302 12.057082 -12.266804 -2.682003 7.805114 -10.377040 -2.682003 7.096453 3.559968 -2.288302 11.466531 8.284377 -2.288302 11.466531 2.969417 -2.288302 11.624769 2.537103 -2.288302 12.057082 2.378865 -2.288302 12.647634 2.481264 -2.288302 13.242987 2.751424 -2.288302 13.783306 3.166267 -2.288302 14.222437 "
							            />
						</IndexedFaceSet>
					</Shape>
				</Group>
			</Transform>
		</Transform>
	</Scene>
</X3D>