<?xml version="1.0" encoding="UTF-8"?>
<!DOCTYPE X3D PUBLIC "ISO//Web3D//DTD X3D 3.0//EN" "http://www.web3d.org/specifications/x3d-3.0.dtd">
<X3D version="3.0" profile="Immersive" xmlns:xsd="http://www.w3.org/2001/XMLSchema-instance" xsd:noNamespaceSchemaLocation="http://www.web3d.org/specifications/x3d-3.0.xsd">
	<head>
		<meta name="filename" content="07-2.x3d" />
		<meta name="created" content="2026-06-21 15:09:37" />
		<meta name="generator" content="Blender 4.5.4 LTS" />
		<meta name="translator" content="Web3D X3D/VRML2 format v2.5.1" />
	</head>
	<Scene>
		<NavigationInfo headlight="true"
		                visibilityLimit="0.0"
		                type='"EXAMINE", "ANY"'
		                avatarSize="0.25, 1.75, 0.75"
		                />
		<Background DEF="WO_World"
		            groundColor="0.051 0.051 0.051"
		            skyColor="0.051 0.051 0.051"
		            />
		<Transform DEF="_07-2_TRANSFORM"
		           translation="0.000000 0.000000 0.000000"
		           scale="1.000000 1.000000 1.000000"
		           rotation="0.000000 0.707107 0.707107 3.141593"
		           >
			<Transform DEF="_07-2_ifs_TRANSFORM"
			           translation="0.000000 0.000000 0.000000"
			           scale="1.000000 1.000000 1.000000"
			           rotation="0.000000 1.000000 0.000000 0.000000"
			           >
				<Group DEF="group_ME_07-2_001">
					<Shape>
						<Appearance>
						</Appearance>
						<IndexedFaceSet solid="false"
						                coordIndex="0 1 2 -1 1 0 3 -1 4 5 6 -1 5 4 7 -1 8 0 9 -1 0 8 3 -1 3 8 10 -1 7 11 5 -1 11 7 12 -1 13 6 14 -1 6 13 4 -1 15 16 17 -1 16 15 18 -1 13 19 10 -1 19 13 16 -1 19 16 18 -1 10 20 3 -1 20 10 19 -1 3 20 1 -1 1 21 2 -1 21 1 20 -1 21 19 22 -1 19 21 20 -1 23 11 24 -1 11 23 5 -1 23 25 26 -1 25 23 27 -1 25 27 28 -1 25 28 29 -1 26 5 23 -1 5 26 6 -1 19 15 22 -1 15 19 18 -1 26 8 9 -1 8 26 25 -1 8 25 29 -1 8 29 10 -1 4 28 7 -1 28 4 29 -1 13 29 4 -1 29 13 10 -1 24 27 23 -1 27 24 30 -1 27 30 28 -1 9 21 14 -1 21 9 0 -1 21 0 2 -1 14 22 17 -1 22 14 21 -1 17 22 15 -1 30 11 12 -1 11 30 24 -1 9 6 26 -1 6 9 14 -1 16 14 17 -1 14 16 13 -1 7 30 12 -1 30 7 28 -1 31 32 33 -1 32 31 34 -1 35 36 37 -1 36 35 38 -1 39 31 40 -1 31 39 34 -1 34 39 41 -1 38 42 36 -1 42 38 43 -1 44 37 45 -1 37 44 35 -1 46 47 48 -1 47 46 49 -1 44 50 41 -1 50 44 47 -1 50 47 49 -1 41 51 34 -1 51 41 50 -1 34 51 32 -1 32 52 33 -1 52 32 51 -1 52 50 53 -1 50 52 51 -1 54 42 55 -1 42 54 36 -1 54 56 57 -1 56 54 58 -1 56 58 59 -1 56 59 60 -1 57 36 54 -1 36 57 37 -1 50 46 53 -1 46 50 49 -1 57 39 40 -1 39 57 56 -1 39 56 60 -1 39 60 41 -1 35 59 38 -1 59 35 60 -1 44 60 35 -1 60 44 41 -1 55 58 54 -1 58 55 61 -1 58 61 59 -1 40 52 45 -1 52 40 31 -1 52 31 33 -1 45 53 48 -1 53 45 52 -1 48 53 46 -1 61 42 43 -1 42 61 55 -1 40 37 57 -1 37 40 45 -1 47 45 48 -1 45 47 44 -1 38 61 43 -1 61 38 59 -1 62 63 64 -1 63 62 65 -1 65 62 66 -1 66 62 67 -1 68 69 70 -1 69 68 71 -1 69 71 72 -1 69 72 73 -1 71 68 74 -1 71 74 75 -1 75 74 76 -1 75 76 64 -1 75 64 63 -1 73 72 77 -1 78 79 80 -1 79 78 81 -1 78 82 83 -1 82 78 80 -1 84 82 85 -1 82 84 83 -1 86 84 85 -1 84 86 87 -1 88 86 89 -1 86 88 87 -1 90 91 92 -1 91 90 93 -1 94 95 96 -1 95 94 97 -1 94 98 99 -1 98 94 96 -1 100 94 101 -1 94 100 97 -1 92 97 100 -1 97 92 91 -1 97 102 95 -1 102 97 91 -1 101 99 103 -1 99 101 94 -1 104 105 93 -1 105 104 106 -1 107 108 109 -1 108 107 110 -1 111 104 112 -1 104 111 108 -1 109 111 113 -1 111 109 108 -1 108 106 104 -1 106 108 110 -1 77 114 115 -1 114 77 72 -1 113 107 109 -1 107 113 116 -1 116 113 117 -1 118 119 120 -1 119 118 121 -1 121 118 122 -1 121 122 123 -1 123 122 124 -1 123 124 125 -1 125 124 126 -1 125 126 127 -1 127 126 90 -1 90 126 117 -1 90 117 112 -1 112 117 111 -1 111 117 113 -1 100 128 92 -1 128 100 129 -1 129 100 101 -1 129 101 130 -1 130 101 103 -1 130 103 131 -1 127 132 133 -1 132 127 90 -1 132 90 92 -1 132 92 128 -1 133 132 134 -1 133 134 135 -1 133 135 136 -1 91 105 102 -1 105 91 93 -1 90 104 93 -1 104 90 112 -1 131 77 115 -1 77 131 73 -1 73 131 88 -1 88 131 84 -1 84 131 103 -1 84 103 83 -1 83 103 81 -1 81 103 98 -1 98 103 99 -1 98 137 81 -1 81 78 83 -1 87 88 84 -1 70 121 68 -1 121 70 119 -1 69 88 89 -1 88 69 73 -1 138 95 139 -1 95 138 96 -1 96 138 137 -1 139 95 140 -1 140 95 141 -1 141 95 102 -1 141 102 142 -1 142 102 143 -1 96 137 98 -1 143 105 116 -1 105 143 102 -1 116 105 106 -1 116 106 110 -1 116 110 107 -1 137 79 81 -1 79 137 138 -1 135 144 136 -1 144 135 145 -1 134 145 135 -1 145 134 146 -1 132 146 134 -1 146 132 147 -1 128 147 132 -1 147 128 148 -1 128 149 148 -1 149 128 129 -1 114 129 130 -1 129 114 149 -1 114 71 149 -1 71 114 72 -1 146 63 65 -1 63 146 147 -1 65 145 146 -1 145 65 66 -1 145 67 144 -1 67 145 66 -1 115 130 131 -1 130 115 114 -1 149 75 148 -1 75 149 71 -1 147 75 63 -1 75 147 148 -1 125 74 123 -1 74 125 76 -1 68 123 74 -1 123 68 121 -1 127 76 125 -1 76 127 64 -1 143 117 126 -1 117 143 116 -1 133 67 62 -1 67 133 136 -1 67 136 144 -1 86 85 89 -1 79 82 80 -1 139 79 138 -1 69 119 70 -1 119 69 89 -1 119 89 85 -1 119 85 120 -1 120 85 82 -1 120 82 79 -1 120 79 139 -1 62 127 133 -1 127 62 64 -1 141 118 140 -1 118 141 122 -1 140 120 139 -1 120 140 118 -1 142 126 124 -1 126 142 143 -1 141 124 122 -1 124 141 142 -1 150 53 52 -1 53 150 151 -1 152 153 154 -1 153 152 155 -1 156 157 158 -1 157 156 159 -1 157 158 160 -1 153 156 158 -1 156 153 155 -1 152 161 155 -1 162 155 163 -1 155 162 156 -1 163 155 161 -1 163 161 164 -1 151 156 162 -1 156 151 150 -1 156 150 165 -1 156 165 159 -1 165 150 166 -1 167 152 154 -1 152 167 161 -1 162 20 19 -1 20 162 163 -1 20 164 168 -1 164 20 163 -1 169 150 52 -1 150 169 166 -1 164 167 168 -1 167 164 161 -1 157 165 170 -1 165 157 159 -1 165 169 170 -1 169 165 166 -1 53 158 52 -1 158 53 19 -1 158 19 153 -1 52 158 170 -1 170 158 157 -1 52 170 169 -1 20 153 19 -1 153 20 167 -1 167 20 168 -1 154 153 167 -1 162 53 151 -1 53 162 19 -1 171 172 173 -1 172 171 174 -1 172 175 173 -1 175 172 176 -1 175 177 178 -1 177 175 176 -1 178 179 180 -1 179 178 177 -1 180 181 182 -1 181 180 179 -1 182 183 184 -1 183 182 181 -1 184 185 186 -1 185 184 183 -1 185 187 186 -1 187 185 188 -1 187 189 190 -1 189 187 188 -1 190 191 192 -1 191 190 189 -1 192 193 194 -1 193 192 191 -1 194 195 196 -1 195 194 193 -1 197 196 195 -1 196 197 198 -1 199 198 197 -1 198 199 200 -1 199 201 200 -1 201 199 202 -1 201 203 204 -1 203 201 202 -1 203 205 204 -1 205 203 206 -1 205 207 208 -1 207 205 206 -1 208 209 210 -1 209 208 207 -1 209 211 210 -1 211 209 212 -1 211 213 214 -1 213 211 212 -1 214 215 216 -1 215 214 213 -1 215 217 216 -1 217 215 218 -1 217 219 220 -1 219 217 218 -1 220 221 222 -1 221 220 219 -1 222 223 224 -1 223 222 221 -1 224 174 171 -1 174 224 223 -1 208 210 205 -1 214 216 211 -1 184 186 182 -1 201 198 200 -1 198 201 196 -1 196 201 204 -1 196 204 194 -1 194 204 210 -1 210 204 205 -1 194 210 211 -1 194 211 216 -1 194 216 173 -1 173 216 217 -1 173 217 220 -1 173 220 222 -1 173 222 224 -1 173 224 171 -1 194 173 175 -1 194 175 178 -1 194 178 180 -1 194 180 182 -1 194 182 186 -1 194 186 187 -1 194 187 190 -1 194 190 192 -1 193 197 195 -1 197 193 199 -1 199 193 203 -1 203 193 209 -1 203 209 206 -1 209 193 212 -1 212 193 215 -1 215 193 172 -1 215 172 218 -1 218 172 219 -1 219 172 221 -1 221 172 223 -1 223 172 174 -1 172 193 176 -1 176 193 177 -1 177 193 179 -1 179 193 181 -1 181 193 185 -1 185 193 188 -1 188 193 189 -1 189 193 191 -1 183 181 185 -1 213 212 215 -1 207 206 209 -1 202 199 203 -1 225 226 227 -1 226 225 228 -1 229 230 231 -1 230 229 227 -1 227 232 230 -1 232 227 226 -1 232 226 233 -1 232 233 234 -1 235 230 236 -1 230 235 237 -1 230 237 231 -1 236 238 239 -1 238 236 230 -1 239 238 240 -1 235 241 242 -1 241 235 236 -1 235 225 237 -1 225 235 243 -1 225 243 228 -1 228 243 244 -1 244 243 245 -1 246 237 225 -1 227 246 225 -1 246 227 229 -1 247 240 238 -1 240 247 248 -1 240 249 239 -1 249 240 248 -1 244 226 228 -1 226 244 233 -1 250 251 252 -1 251 250 253 -1 254 251 255 -1 251 254 256 -1 251 256 252 -1 252 256 257 -1 253 258 259 -1 258 253 260 -1 260 253 250 -1 260 250 261 -1 254 262 263 -1 262 254 255 -1 264 260 261 -1 260 264 265 -1 266 259 267 -1 259 266 253 -1 256 263 241 -1 263 256 254 -1 268 259 258 -1 259 268 267 -1 267 268 269 -1 251 262 255 -1 262 251 270 -1 271 262 270 -1 262 271 263 -1 249 236 239 -1 236 249 252 -1 252 249 250 -1 250 249 261 -1 261 249 264 -1 257 236 252 -1 264 247 243 -1 247 264 249 -1 247 249 248 -1 243 232 245 -1 232 243 247 -1 245 232 234 -1 244 234 233 -1 234 244 245 -1 237 229 231 -1 229 237 246 -1 265 272 269 -1 272 265 273 -1 264 273 265 -1 273 264 243 -1 265 258 260 -1 258 265 268 -1 268 265 269 -1 242 243 235 -1 243 242 273 -1 230 247 238 -1 247 230 232 -1 269 266 267 -1 266 269 272 -1 271 273 242 -1 273 271 272 -1 270 272 271 -1 272 270 251 -1 272 251 253 -1 272 253 266 -1 257 241 236 -1 241 257 256 -1 242 263 271 -1 263 242 241 -1 274 275 276 -1 275 274 277 -1 276 278 274 -1 278 276 279 -1 279 280 281 -1 280 279 276 -1 276 282 280 -1 282 276 275 -1 282 275 283 -1 282 283 284 -1 285 286 287 -1 286 285 288 -1 286 289 290 -1 289 286 288 -1 291 275 277 -1 275 291 283 -1 292 293 294 -1 293 292 295 -1 296 293 297 -1 293 296 298 -1 293 298 294 -1 294 298 299 -1 295 300 301 -1 300 295 302 -1 302 295 292 -1 302 292 303 -1 296 304 305 -1 304 296 297 -1 306 302 303 -1 302 306 307 -1 308 301 309 -1 301 308 295 -1 298 305 310 -1 305 298 296 -1 311 301 300 -1 301 311 309 -1 309 311 312 -1 293 304 297 -1 304 293 313 -1 314 304 313 -1 304 314 305 -1 289 315 290 -1 315 289 294 -1 294 289 292 -1 292 289 303 -1 303 289 306 -1 299 315 294 -1 306 285 316 -1 285 306 289 -1 285 289 288 -1 316 282 317 -1 282 316 285 -1 317 282 284 -1 291 284 283 -1 284 291 317 -1 318 280 315 -1 280 318 319 -1 280 319 281 -1 315 287 290 -1 287 315 280 -1 290 287 286 -1 319 279 281 -1 279 319 278 -1 307 320 312 -1 320 307 321 -1 306 321 307 -1 321 306 316 -1 307 300 302 -1 300 307 311 -1 311 307 312 -1 322 316 318 -1 316 322 321 -1 318 310 322 -1 310 318 315 -1 280 285 287 -1 285 280 282 -1 312 308 309 -1 308 312 320 -1 314 321 322 -1 321 314 320 -1 318 274 319 -1 274 318 316 -1 274 316 277 -1 277 316 291 -1 291 316 317 -1 278 319 274 -1 313 320 314 -1 320 313 293 -1 320 293 295 -1 320 295 308 -1 299 310 315 -1 310 299 298 -1 322 305 314 -1 305 322 310 -1 323 324 325 -1 325 326 323 -1 327 324 323 -1 323 328 327 -1 325 329 330 -1 330 326 325 -1 331 332 333 -1 333 334 331 -1 335 336 337 -1 337 338 335 -1 333 332 335 -1 335 338 333 -1 339 334 333 -1 333 338 339 -1 338 337 339 -1 337 340 339 -1 341 340 337 -1 342 343 344 -1 344 336 342 -1 344 345 336 -1 345 337 336 -1 345 341 337 -1 346 347 327 -1 327 348 346 -1 327 328 348 -1 328 349 348 -1 349 350 348 -1 351 327 347 -1 347 352 353 -1 353 351 347 -1 342 336 335 -1 335 332 331 -1 331 354 335 -1 354 342 335 -1 355 343 342 -1 342 354 355 -1 356 357 358 -1 358 359 356 -1 357 360 361 -1 361 358 357 -1 362 363 364 -1 364 365 362 -1 364 361 365 -1 364 358 361 -1 362 366 367 -1 367 368 362 -1 363 362 368 -1 368 369 363 -1 363 370 371 -1 371 364 363 -1 371 358 364 -1 371 359 358 -1 360 368 367 -1 367 372 360 -1 373 374 330 -1 353 352 375 -1 375 329 353 -1 375 356 329 -1 356 330 329 -1 356 373 330 -1 339 340 341 -1 341 376 339 -1 357 369 368 -1 368 360 357 -1 360 372 377 -1 377 361 360 -1 344 346 348 -1 348 345 344 -1 370 363 369 -1 369 375 370 -1 377 372 367 -1 367 366 377 -1 356 375 369 -1 369 357 356 -1 349 374 373 -1 373 350 349 -1 370 375 344 -1 344 355 370 -1 344 343 355 -1 375 352 346 -1 346 344 375 -1 352 347 346 -1 370 355 331 -1 331 371 370 -1 331 334 371 -1 334 339 371 -1 339 376 371 -1 376 359 371 -1 354 331 355 -1 356 359 348 -1 348 373 356 -1 348 350 373 -1 359 376 345 -1 345 348 359 -1 376 341 345 -1 366 362 365 -1 365 377 366 -1 365 361 377 -1 353 329 325 -1 325 324 353 -1 324 327 353 -1 327 351 353 -1 349 328 323 -1 323 326 330 -1 330 374 323 -1 374 349 323 -1 378 379 380 -1 380 381 378 -1 382 383 384 -1 384 385 382 -1 386 69 387 -1 387 388 386 -1 380 389 390 -1 390 381 380 -1 391 383 382 -1 382 392 391 -1 393 394 395 -1 395 396 393 -1 394 397 398 -1 398 395 394 -1 399 400 401 -1 401 402 399 -1 401 398 402 -1 401 395 398 -1 399 403 404 -1 404 405 399 -1 400 399 405 -1 405 406 400 -1 400 407 408 -1 408 401 400 -1 408 395 401 -1 408 396 395 -1 397 405 404 -1 404 409 397 -1 410 411 412 -1 390 389 413 -1 413 414 390 -1 413 393 414 -1 393 412 414 -1 393 410 412 -1 394 406 405 -1 405 397 394 -1 397 409 415 -1 415 398 397 -1 384 379 378 -1 378 69 384 -1 69 386 384 -1 386 385 384 -1 378 414 412 -1 412 69 378 -1 407 400 406 -1 406 413 407 -1 415 409 404 -1 404 403 415 -1 393 413 406 -1 406 394 393 -1 387 411 410 -1 410 388 387 -1 407 413 384 -1 384 391 407 -1 384 383 391 -1 413 389 379 -1 379 384 413 -1 389 380 379 -1 408 407 391 -1 391 392 408 -1 392 396 408 -1 393 396 386 -1 386 410 393 -1 386 388 410 -1 396 392 385 -1 385 386 396 -1 392 382 385 -1 403 399 402 -1 402 415 403 -1 402 398 415 -1 390 414 378 -1 378 381 390 -1 387 69 412 -1 412 411 387 -1 416 417 156 -1 417 416 418 -1 419 417 418 -1 417 419 420 -1 421 419 422 -1 420 423 424 -1 423 420 419 -1 423 419 421 -1 164 152 161 -1 152 164 425 -1 425 164 426 -1 426 427 425 -1 152 156 416 -1 156 152 425 -1 164 423 426 -1 423 164 421 -1 422 164 421 -1 164 422 161 -1 161 428 152 -1 428 161 429 -1 429 161 419 -1 419 161 422 -1 418 429 419 -1 429 418 416 -1 429 416 428 -1 428 416 152 -1 430 417 420 -1 417 430 156 -1 156 430 431 -1 156 431 425 -1 425 424 427 -1 424 425 420 -1 420 425 430 -1 430 425 431 -1 426 424 423 -1 424 426 427 -1 432 423 433 -1 423 432 426 -1 434 435 436 -1 435 434 437 -1 437 416 435 -1 416 437 438 -1 416 438 161 -1 161 438 164 -1 152 416 161 -1 425 427 156 -1 435 156 432 -1 156 435 416 -1 432 156 427 -1 432 427 426 -1 438 421 164 -1 421 438 439 -1 440 421 439 -1 421 440 423 -1 423 440 433 -1 433 440 441 -1 441 440 442 -1 442 440 443 -1 444 445 446 -1 445 444 434 -1 445 434 436 -1 447 444 446 -1 444 447 448 -1 438 440 439 -1 440 438 449 -1 450 451 452 -1 451 450 453 -1 448 434 444 -1 434 448 437 -1 437 448 438 -1 438 448 454 -1 438 454 449 -1 449 454 455 -1 455 456 457 -1 456 455 458 -1 458 455 453 -1 453 455 459 -1 453 459 451 -1 459 455 460 -1 460 455 454 -1 459 461 451 -1 461 459 462 -1 461 463 275 -1 463 461 464 -1 463 464 465 -1 464 461 466 -1 466 461 467 -1 467 461 468 -1 467 468 469 -1 468 461 470 -1 470 461 471 -1 471 461 462 -1 471 462 472 -1 471 472 473 -1 473 472 474 -1 469 475 476 -1 475 469 468 -1 477 478 479 -1 478 477 480 -1 478 480 252 -1 252 480 250 -1 477 472 481 -1 472 477 474 -1 474 477 480 -1 482 483 484 -1 483 482 485 -1 252 482 478 -1 482 252 485 -1 485 252 250 -1 485 250 480 -1 479 486 487 -1 486 479 488 -1 488 479 478 -1 443 489 442 -1 489 443 490 -1 490 491 489 -1 491 490 492 -1 443 493 442 -1 493 443 494 -1 443 449 494 -1 449 443 440 -1 455 494 449 -1 494 455 495 -1 491 442 489 -1 442 491 493 -1 493 491 496 -1 494 490 443 -1 490 494 492 -1 492 494 495 -1 496 491 497 -1 455 492 495 -1 492 455 457 -1 498 491 457 -1 491 498 497 -1 457 491 492 -1 457 499 498 -1 499 457 456 -1 442 500 441 -1 500 442 493 -1 493 497 500 -1 497 493 496 -1 435 445 436 -1 501 502 503 -1 502 501 504 -1 441 432 433 -1 432 441 500 -1 505 506 507 -1 508 509 276 -1 509 508 510 -1 510 508 511 -1 509 510 512 -1 509 512 513 -1 509 513 506 -1 506 513 507 -1 509 506 514 -1 509 514 515 -1 509 515 516 -1 516 515 486 -1 486 515 517 -1 486 517 488 -1 509 518 501 -1 518 509 516 -1 519 498 499 -1 498 519 497 -1 497 519 504 -1 497 504 518 -1 518 504 501 -1 497 518 520 -1 445 447 446 -1 447 445 435 -1 447 435 432 -1 447 432 521 -1 521 432 500 -1 521 500 497 -1 521 497 520 -1 522 523 524 -1 523 522 525 -1 524 526 527 -1 526 524 523 -1 522 528 487 -1 528 522 527 -1 527 522 524 -1 479 481 487 -1 481 479 477 -1 529 530 531 -1 530 529 532 -1 526 529 527 -1 529 526 532 -1 527 533 528 -1 533 527 531 -1 531 527 529 -1 522 534 525 -1 534 522 535 -1 534 535 536 -1 537 538 539 -1 538 537 540 -1 539 541 542 -1 541 539 538 -1 541 535 542 -1 535 541 536 -1 482 479 478 -1 479 482 542 -1 479 542 487 -1 542 482 539 -1 539 482 484 -1 539 543 537 -1 543 539 484 -1 542 522 487 -1 522 542 535 -1 531 544 533 -1 544 531 530 -1 545 454 544 -1 454 545 460 -1 528 544 533 -1 544 528 545 -1 521 448 447 -1 448 521 533 -1 533 454 448 -1 454 533 544 -1 521 528 533 -1 528 521 520 -1 546 251 505 -1 253 251 476 -1 476 251 547 -1 547 251 546 -1 547 546 548 -1 547 548 549 -1 477 485 480 -1 485 477 541 -1 541 477 481 -1 485 541 538 -1 485 538 540 -1 485 540 483 -1 545 550 551 -1 550 545 552 -1 552 545 481 -1 530 545 544 -1 545 530 481 -1 481 530 541 -1 541 530 526 -1 526 530 532 -1 523 525 526 -1 526 536 541 -1 536 526 534 -1 534 526 525 -1 543 540 537 -1 540 543 483 -1 483 543 484 -1 253 468 259 -1 468 253 475 -1 475 253 476 -1 261 480 250 -1 480 261 473 -1 480 473 474 -1 260 473 261 -1 473 260 471 -1 258 471 260 -1 471 258 470 -1 259 470 258 -1 470 259 468 -1 253 260 261 -1 253 261 250 -1 517 478 488 -1 478 517 257 -1 478 257 252 -1 514 256 515 -1 256 514 254 -1 515 257 517 -1 257 515 256 -1 506 254 514 -1 254 506 255 -1 505 255 506 -1 255 505 251 -1 256 251 257 -1 257 251 252 -1 450 502 553 -1 502 450 503 -1 503 450 452 -1 554 555 556 -1 555 554 557 -1 558 557 554 -1 557 558 559 -1 459 545 551 -1 545 459 460 -1 550 459 551 -1 459 550 462 -1 462 550 552 -1 472 552 481 -1 552 472 462 -1 453 553 560 -1 553 453 450 -1 458 560 561 -1 560 458 453 -1 451 559 558 -1 559 451 461 -1 487 516 486 -1 516 487 562 -1 518 562 563 -1 562 518 516 -1 518 528 520 -1 528 518 563 -1 562 528 563 -1 528 562 487 -1 456 519 499 -1 519 456 561 -1 561 456 458 -1 561 504 519 -1 504 561 560 -1 560 502 504 -1 502 560 553 -1 503 556 501 -1 556 503 452 -1 501 556 564 -1 556 452 554 -1 554 452 558 -1 558 452 451 -1 564 509 501 -1 509 564 565 -1 276 555 275 -1 555 276 509 -1 555 509 565 -1 275 555 557 -1 275 557 559 -1 275 559 461 -1 555 564 556 -1 564 555 565 -1 508 566 511 -1 566 508 463 -1 566 463 567 -1 567 463 568 -1 568 463 569 -1 569 463 465 -1 570 549 548 -1 549 570 571 -1 572 548 546 -1 548 572 570 -1 573 476 547 -1 476 573 469 -1 571 547 549 -1 547 571 573 -1 507 546 505 -1 546 507 572 -1 467 507 469 -1 507 467 513 -1 573 467 469 -1 467 573 574 -1 571 574 573 -1 574 571 575 -1 576 571 570 -1 571 576 575 -1 577 570 572 -1 570 577 576 -1 513 572 507 -1 572 513 577 -1 467 512 513 -1 512 467 466 -1 574 466 467 -1 466 574 578 -1 575 578 574 -1 578 575 579 -1 580 575 576 -1 575 580 579 -1 581 576 577 -1 576 581 580 -1 512 577 513 -1 577 512 581 -1 466 510 512 -1 510 466 464 -1 578 464 466 -1 464 578 582 -1 579 582 578 -1 582 579 583 -1 584 579 580 -1 579 584 583 -1 585 580 581 -1 580 585 584 -1 510 581 512 -1 581 510 585 -1 582 465 464 -1 465 582 569 -1 583 569 582 -1 569 583 568 -1 567 583 584 -1 583 567 568 -1 566 584 585 -1 584 566 567 -1 511 585 510 -1 585 511 566 -1 275 508 276 -1 508 275 463 -1 586 587 588 -1 587 586 589 -1 590 588 587 -1 588 590 591 -1 592 591 590 -1 591 592 593 -1 588 593 586 -1 593 588 591 -1 586 592 589 -1 592 586 593 -1 589 590 587 -1 590 589 592 -1 594 595 596 -1 595 594 597 -1 596 598 594 -1 598 596 599 -1 595 599 596 -1 600 601 602 -1 601 600 603 -1 602 604 600 -1 604 602 605 -1 605 602 601 -1 599 605 601 -1 605 599 595 -1 605 606 604 -1 606 605 595 -1 606 595 597 -1 606 597 607 -1 602 599 596 -1 599 602 601 -1 596 605 602 -1 605 596 595 -1 608 609 610 -1 609 608 611 -1 612 613 614 -1 613 612 615 -1 615 616 617 -1 616 615 609 -1 609 615 612 -1 616 609 611 -1 616 611 618 -1 616 618 619 -1 620 612 614 -1 612 620 621 -1 622 623 624 -1 623 622 625 -1 626 627 628 -1 629 630 631 -1 630 629 632 -1 632 629 633 -1 632 633 634 -1 632 634 620 -1 635 225 636 -1 225 635 613 -1 613 635 637 -1 613 637 614 -1 614 637 638 -1 614 638 639 -1 614 639 627 -1 627 639 628 -1 614 627 640 -1 614 640 641 -1 614 641 620 -1 642 643 644 -1 643 642 645 -1 632 594 625 -1 594 632 597 -1 597 632 620 -1 597 620 641 -1 597 641 644 -1 597 644 643 -1 597 643 607 -1 646 594 647 -1 594 646 648 -1 594 648 649 -1 594 649 623 -1 594 623 625 -1 647 594 598 -1 633 610 634 -1 610 633 650 -1 634 610 651 -1 610 650 608 -1 608 650 652 -1 652 650 653 -1 651 620 634 -1 620 651 621 -1 615 617 654 -1 650 629 655 -1 629 650 633 -1 655 631 656 -1 631 655 629 -1 657 658 659 -1 658 657 660 -1 661 600 662 -1 600 661 663 -1 662 600 664 -1 664 600 660 -1 660 600 658 -1 600 663 603 -1 600 665 658 -1 665 600 604 -1 665 604 619 -1 619 604 666 -1 666 604 667 -1 667 604 668 -1 668 604 606 -1 668 669 667 -1 669 668 670 -1 619 671 616 -1 671 619 672 -1 671 672 673 -1 672 619 674 -1 674 619 675 -1 675 619 676 -1 675 676 677 -1 676 619 678 -1 678 619 666 -1 679 655 656 -1 655 679 680 -1 655 680 650 -1 650 680 653 -1 653 680 665 -1 653 665 619 -1 681 677 676 -1 615 225 613 -1 225 615 654 -1 671 617 616 -1 617 671 654 -1 654 671 636 -1 636 225 654 -1 657 622 624 -1 622 657 535 -1 535 657 659 -1 535 659 536 -1 648 664 649 -1 664 648 662 -1 664 623 649 -1 623 664 660 -1 660 624 623 -1 624 660 657 -1 647 603 663 -1 603 647 599 -1 599 647 598 -1 603 599 601 -1 645 668 643 -1 668 645 670 -1 643 606 607 -1 606 643 668 -1 653 618 652 -1 618 653 619 -1 652 611 608 -1 611 652 618 -1 658 682 683 -1 682 658 665 -1 536 658 683 -1 658 536 659 -1 665 684 682 -1 684 665 680 -1 536 684 685 -1 684 536 683 -1 684 683 682 -1 685 686 687 -1 686 685 684 -1 536 687 535 -1 687 536 685 -1 682 686 688 -1 686 682 684 -1 622 689 625 -1 689 622 535 -1 689 632 625 -1 632 689 688 -1 688 630 632 -1 630 688 686 -1 630 686 679 -1 679 686 684 -1 679 684 680 -1 686 535 687 -1 535 686 689 -1 689 686 688 -1 535 683 689 -1 683 535 536 -1 683 688 689 -1 688 683 682 -1 646 663 661 -1 663 646 647 -1 690 676 691 -1 676 690 681 -1 692 669 693 -1 669 692 667 -1 694 667 692 -1 667 694 666 -1 695 666 694 -1 666 695 678 -1 691 678 695 -1 678 691 676 -1 695 690 691 -1 690 695 694 -1 690 694 692 -1 690 692 693 -1 644 696 642 -1 696 644 697 -1 640 698 641 -1 698 640 699 -1 641 697 644 -1 697 641 698 -1 627 699 640 -1 699 627 700 -1 626 700 627 -1 700 626 701 -1 702 701 626 -1 701 693 696 -1 693 701 690 -1 690 701 681 -1 681 701 703 -1 703 701 702 -1 703 702 704 -1 703 704 705 -1 642 670 645 -1 670 642 669 -1 669 642 696 -1 669 696 693 -1 701 699 700 -1 699 701 698 -1 698 701 697 -1 697 701 696 -1 679 631 630 -1 631 679 656 -1 662 646 661 -1 646 662 648 -1 609 651 610 -1 651 609 612 -1 651 612 621 -1 636 706 635 -1 706 636 671 -1 706 671 707 -1 707 671 708 -1 708 671 709 -1 709 671 673 -1 710 705 704 -1 705 710 711 -1 712 704 702 -1 704 712 710 -1 713 681 703 -1 681 713 677 -1 711 703 705 -1 703 711 713 -1 628 702 626 -1 702 628 712 -1 675 628 677 -1 628 675 639 -1 713 675 677 -1 675 713 714 -1 711 714 713 -1 714 711 715 -1 716 711 710 -1 711 716 715 -1 717 710 712 -1 710 717 716 -1 639 712 628 -1 712 639 717 -1 674 639 675 -1 639 674 638 -1 714 674 675 -1 674 714 718 -1 715 718 714 -1 718 715 719 -1 720 715 716 -1 715 720 719 -1 721 716 717 -1 716 721 720 -1 638 717 639 -1 717 638 721 -1 674 637 638 -1 637 674 672 -1 718 672 674 -1 672 718 722 -1 719 722 718 -1 722 719 723 -1 724 719 720 -1 719 724 723 -1 725 720 721 -1 720 725 724 -1 637 721 638 -1 721 637 725 -1 722 673 672 -1 673 722 709 -1 723 709 722 -1 709 723 708 -1 707 723 724 -1 723 707 708 -1 706 724 725 -1 724 706 707 -1 635 725 637 -1 725 635 706 -1 726 727 728 -1 728 729 726 -1 730 731 732 -1 732 733 730 -1 734 168 735 -1 735 736 734 -1 728 737 738 -1 738 729 728 -1 739 731 730 -1 730 740 739 -1 741 742 743 -1 743 744 741 -1 742 745 746 -1 746 743 742 -1 747 748 749 -1 749 750 747 -1 749 746 750 -1 749 743 746 -1 747 751 752 -1 752 753 747 -1 748 747 753 -1 753 754 748 -1 748 755 756 -1 756 749 748 -1 756 743 749 -1 756 744 743 -1 745 753 752 -1 752 757 745 -1 758 759 760 -1 738 737 761 -1 761 762 738 -1 761 741 762 -1 741 760 762 -1 741 758 760 -1 742 754 753 -1 753 745 742 -1 745 757 763 -1 763 746 745 -1 732 727 726 -1 726 168 732 -1 168 734 732 -1 734 733 732 -1 726 762 760 -1 760 168 726 -1 755 748 754 -1 754 761 755 -1 763 757 752 -1 752 751 763 -1 741 761 754 -1 754 742 741 -1 735 759 758 -1 758 736 735 -1 755 761 732 -1 732 739 755 -1 732 731 739 -1 761 737 727 -1 727 732 761 -1 737 728 727 -1 756 755 739 -1 739 740 756 -1 740 744 756 -1 741 744 734 -1 734 758 741 -1 734 736 758 -1 744 740 733 -1 733 734 744 -1 740 730 733 -1 751 747 750 -1 750 763 751 -1 750 746 763 -1 738 762 726 -1 726 729 738 -1 735 168 760 -1 760 759 735 -1 603 764 601 -1 764 603 765 -1 605 766 604 -1 766 605 767 -1 768 767 769 -1 767 768 766 -1 605 769 767 -1 769 605 601 -1 769 601 764 -1 770 771 772 -1 771 770 773 -1 597 773 595 -1 773 597 771 -1 599 774 598 -1 774 599 775 -1 770 595 773 -1 595 770 599 -1 599 770 775 -1 775 769 764 -1 769 775 770 -1 776 777 778 -1 777 776 779 -1 769 780 768 -1 780 769 770 -1 780 770 772 -1 780 772 781 -1 780 781 778 -1 780 778 777 -1 647 765 663 -1 765 647 764 -1 764 647 774 -1 764 774 775 -1 647 598 774 -1 647 603 601 -1 647 601 598 -1 598 601 599 -1 767 595 605 -1 595 767 773 -1 765 603 663 -1 604 766 782 -1 782 783 784 -1 783 782 785 -1 785 782 786 -1 786 782 766 -1 786 766 787 -1 787 766 768 -1 787 768 788 -1 789 790 791 -1 790 789 780 -1 780 789 788 -1 780 788 768 -1 785 792 793 -1 792 785 794 -1 794 785 795 -1 795 785 786 -1 796 797 798 -1 797 796 799 -1 788 796 800 -1 796 788 801 -1 801 788 789 -1 788 802 787 -1 802 788 800 -1 786 798 803 -1 798 786 802 -1 802 786 787 -1 802 796 798 -1 796 802 800 -1 804 805 806 -1 805 804 807 -1 807 804 797 -1 808 805 807 -1 805 808 809 -1 808 810 809 -1 810 808 811 -1 811 808 799 -1 808 797 799 -1 797 808 807 -1 812 810 813 -1 810 812 781 -1 810 781 809 -1 809 781 805 -1 805 771 806 -1 771 805 772 -1 772 805 781 -1 806 814 815 -1 814 806 816 -1 816 806 817 -1 817 806 818 -1 818 806 819 -1 819 806 597 -1 597 806 771 -1 795 806 815 -1 806 795 804 -1 804 795 797 -1 797 795 803 -1 803 795 786 -1 798 797 803 -1 796 811 799 -1 811 813 810 -1 813 811 791 -1 791 811 801 -1 801 811 796 -1 791 801 789 -1 783 819 784 -1 819 783 818 -1 782 605 604 -1 605 782 595 -1 595 782 597 -1 597 782 819 -1 819 782 784 -1 792 817 793 -1 817 792 816 -1 785 818 783 -1 818 785 817 -1 817 785 793 -1 795 814 794 -1 814 795 815 -1 790 777 820 -1 777 790 780 -1 777 821 820 -1 821 777 779 -1 822 781 812 -1 781 822 778 -1 776 822 823 -1 822 776 778 -1 794 816 792 -1 816 794 814 -1 821 776 823 -1 776 821 779 -1 821 822 820 -1 822 821 823 -1 790 813 791 -1 813 790 812 -1 812 790 820 -1 812 820 822 -1 824 669 825 -1 669 826 642 -1 826 669 824 -1 669 827 825 -1 827 669 642 -1 826 827 642 -1 827 824 825 -1 824 827 826 -1 701 698 696 -1 696 698 697 -1 694 690 693 -1 694 693 692 -1 699 828 829 -1 828 699 700 -1 830 694 692 -1 694 830 831 -1 832 691 833 -1 691 832 690 -1 698 829 834 -1 829 698 699 -1 835 691 695 -1 691 835 833 -1 833 835 836 -1 701 828 700 -1 828 701 837 -1 838 828 837 -1 828 838 829 -1 839 824 840 -1 824 696 826 -1 696 824 693 -1 693 824 692 -1 692 824 830 -1 830 824 839 -1 841 842 843 -1 842 841 826 -1 842 826 697 -1 697 826 696 -1 830 844 845 -1 844 830 839 -1 844 839 846 -1 845 847 848 -1 847 845 844 -1 848 847 849 -1 850 851 852 -1 851 853 854 -1 853 851 855 -1 855 851 850 -1 856 849 857 -1 849 856 848 -1 858 859 842 -1 859 858 860 -1 859 860 861 -1 842 862 843 -1 862 842 859 -1 843 862 863 -1 849 864 857 -1 850 859 861 -1 859 850 852 -1 859 852 847 -1 847 852 864 -1 847 864 849 -1 865 863 866 -1 862 866 863 -1 866 862 844 -1 866 844 867 -1 867 844 868 -1 868 844 846 -1 841 869 826 -1 869 841 870 -1 870 841 866 -1 866 841 865 -1 853 871 854 -1 871 853 872 -1 860 850 861 -1 850 860 855 -1 831 873 836 -1 873 831 874 -1 830 874 831 -1 874 830 845 -1 831 695 694 -1 695 831 835 -1 835 831 836 -1 863 841 843 -1 841 863 865 -1 851 864 852 -1 864 851 875 -1 856 871 872 -1 871 856 875 -1 875 856 864 -1 864 856 857 -1 871 851 854 -1 851 871 875 -1 876 845 858 -1 845 876 874 -1 858 834 876 -1 834 858 842 -1 859 844 862 -1 844 859 847 -1 836 832 833 -1 832 836 873 -1 838 874 876 -1 874 838 873 -1 868 839 840 -1 839 868 846 -1 858 853 860 -1 853 858 845 -1 853 845 872 -1 872 845 856 -1 856 845 848 -1 855 860 853 -1 837 873 838 -1 873 837 701 -1 873 701 690 -1 873 690 832 -1 697 834 842 -1 834 697 698 -1 876 829 838 -1 829 876 834 -1 868 877 867 -1 877 824 878 -1 824 877 840 -1 840 877 868 -1 877 869 870 -1 869 877 878 -1 866 877 870 -1 877 866 867 -1 869 824 826 -1 824 869 878 -1 607 879 880 -1 879 607 881 -1 882 883 884 -1 883 882 885 -1 886 883 670 -1 883 886 884 -1 887 884 886 -1 884 887 882 -1 882 887 888 -1 645 889 890 -1 889 645 891 -1 889 881 890 -1 881 889 892 -1 881 892 879 -1 870 893 869 -1 894 870 866 -1 870 894 895 -1 870 895 896 -1 895 894 897 -1 895 897 898 -1 898 897 899 -1 898 899 900 -1 898 900 901 -1 898 901 902 -1 893 645 827 -1 645 893 903 -1 903 893 870 -1 903 870 896 -1 645 903 891 -1 891 903 904 -1 891 904 905 -1 887 890 881 -1 890 887 886 -1 881 888 879 -1 888 881 887 -1 892 888 879 -1 888 892 882 -1 892 891 905 -1 891 892 889 -1 825 886 670 -1 886 825 890 -1 890 825 645 -1 645 825 827 -1 887 906 888 -1 906 887 606 -1 670 907 825 -1 907 670 878 -1 878 670 908 -1 878 908 877 -1 877 908 867 -1 908 670 883 -1 908 883 909 -1 909 883 885 -1 910 911 912 -1 911 910 913 -1 913 910 914 -1 914 910 915 -1 915 910 916 -1 867 912 917 -1 912 867 908 -1 917 912 911 -1 880 879 918 -1 918 919 920 -1 919 918 906 -1 906 918 888 -1 888 918 879 -1 905 882 892 -1 882 905 885 -1 885 905 909 -1 909 905 904 -1 919 906 606 -1 880 921 607 -1 921 880 918 -1 825 893 827 -1 893 825 907 -1 919 921 920 -1 921 919 606 -1 921 606 881 -1 881 606 887 -1 607 921 881 -1 922 923 924 -1 923 922 925 -1 898 925 895 -1 925 898 910 -1 925 910 926 -1 926 910 927 -1 927 910 912 -1 922 895 925 -1 918 920 921 -1 927 908 928 -1 908 927 912 -1 896 924 903 -1 924 896 922 -1 922 896 895 -1 925 929 923 -1 929 925 926 -1 902 910 898 -1 910 902 916 -1 908 929 928 -1 904 923 909 -1 923 904 903 -1 923 903 924 -1 909 923 929 -1 909 929 908 -1 929 927 928 -1 927 929 926 -1 878 893 907 -1 893 878 869 -1 915 902 901 -1 902 915 916 -1 914 901 900 -1 901 914 915 -1 913 900 899 -1 900 913 914 -1 911 899 897 -1 899 911 913 -1 875 852 864 -1 852 875 851 -1 875 854 851 -1 854 875 871 -1 867 870 877 -1 870 867 866 -1 878 870 869 -1 870 878 877 -1 866 930 894 -1 930 866 867 -1 930 867 931 -1 931 867 932 -1 932 867 917 -1 933 894 930 -1 934 935 936 -1 937 852 938 -1 852 937 939 -1 852 939 864 -1 864 939 935 -1 864 935 934 -1 935 930 931 -1 930 935 939 -1 940 854 871 -1 854 940 941 -1 941 940 942 -1 937 930 939 -1 930 937 933 -1 932 935 931 -1 935 932 936 -1 934 875 864 -1 871 943 940 -1 943 871 875 -1 943 875 944 -1 944 875 934 -1 943 942 940 -1 942 943 945 -1 942 946 941 -1 946 942 945 -1 944 945 943 -1 945 944 947 -1 945 948 946 -1 948 945 947 -1 946 854 941 -1 854 946 851 -1 851 946 948 -1 851 938 852 -1 938 851 948 -1 947 944 948 -1 948 937 938 -1 937 948 936 -1 936 948 934 -1 934 948 944 -1 933 932 894 -1 932 933 936 -1 936 933 937 -1 894 911 897 -1 911 894 917 -1 917 894 932 -1 949 950 951 -1 950 949 952 -1 953 950 952 -1 950 953 954 -1 953 955 954 -1 955 953 956 -1 951 879 957 -1 879 951 958 -1 958 951 959 -1 959 951 960 -1 959 960 961 -1 960 951 950 -1 961 960 962 -1 961 962 963 -1 959 964 958 -1 965 966 967 -1 966 965 955 -1 955 965 954 -1 954 965 950 -1 950 965 968 -1 950 968 960 -1 968 965 969 -1 969 965 970 -1 968 971 972 -1 971 968 969 -1 972 971 973 -1 974 969 970 -1 969 974 975 -1 969 976 971 -1 976 969 975 -1 976 973 971 -1 973 976 977 -1 960 978 979 -1 978 960 968 -1 973 980 972 -1 980 973 977 -1 962 981 963 -1 981 962 982 -1 983 951 957 -1 951 983 949 -1 956 966 955 -1 966 956 984 -1 979 962 960 -1 962 979 982 -1 888 958 985 -1 958 888 879 -1 986 961 987 -1 961 986 959 -1 959 986 964 -1 964 986 988 -1 986 958 988 -1 958 986 985 -1 981 961 963 -1 961 981 987 -1 958 964 988 -1 989 966 984 -1 966 989 990 -1 990 967 966 -1 967 990 991 -1 991 990 992 -1 991 992 993 -1 983 879 888 -1 879 983 957 -1 980 968 972 -1 968 980 978 -1 823 820 822 -1 820 823 821 -1 965 974 970 -1 974 965 822 -1 974 822 994 -1 994 822 820 -1 987 985 986 -1 985 987 888 -1 888 987 979 -1 888 979 983 -1 983 979 949 -1 949 979 952 -1 952 979 953 -1 979 987 982 -1 982 987 981 -1 980 976 978 -1 976 980 977 -1 956 989 984 -1 989 956 994 -1 994 956 953 -1 994 953 978 -1 978 953 979 -1 994 978 975 -1 975 978 976 -1 994 975 974 -1 991 965 967 -1 965 991 822 -1 823 991 993 -1 991 823 822 -1 990 821 992 -1 821 990 820 -1 989 820 990 -1 820 989 994 -1 992 823 993 -1 823 992 821 -1 995 996 997 -1 996 995 998 -1 999 1000 1001 -1 1000 999 1002 -1 1003 995 1004 -1 995 1003 998 -1 998 1003 1005 -1 1002 1006 1000 -1 1006 1002 1007 -1 1008 1001 1009 -1 1001 1008 999 -1 1010 1011 1012 -1 1011 1010 1013 -1 1008 1014 1005 -1 1014 1008 1011 -1 1014 1011 1013 -1 1005 1015 998 -1 1015 1005 1014 -1 998 1015 996 -1 996 1016 997 -1 1016 996 1015 -1 1016 1014 1017 -1 1014 1016 1015 -1 1018 1006 1019 -1 1006 1018 1000 -1 1018 1020 1021 -1 1020 1018 1022 -1 1020 1022 1023 -1 1020 1023 1024 -1 1021 1000 1018 -1 1000 1021 1001 -1 1014 1010 1017 -1 1010 1014 1013 -1 1021 1003 1004 -1 1003 1021 1020 -1 1003 1020 1024 -1 1003 1024 1005 -1 999 1023 1002 -1 1023 999 1024 -1 1008 1024 999 -1 1024 1008 1005 -1 1019 1022 1018 -1 1022 1019 1025 -1 1022 1025 1023 -1 1004 1016 1009 -1 1016 1004 995 -1 1016 995 997 -1 1009 1017 1012 -1 1017 1009 1016 -1 1012 1017 1010 -1 1025 1006 1007 -1 1006 1025 1019 -1 1004 1001 1021 -1 1001 1004 1009 -1 1011 1009 1012 -1 1009 1011 1008 -1 1002 1025 1007 -1 1025 1002 1023 -1 1026 1027 1028 -1 1027 1026 1029 -1 1030 1031 1032 -1 1031 1030 1033 -1 1030 1034 1035 -1 1034 1030 1032 -1 1036 1030 1037 -1 1030 1036 1033 -1 1028 1033 1036 -1 1033 1028 1027 -1 1033 1038 1031 -1 1038 1033 1027 -1 1037 1035 1039 -1 1035 1037 1030 -1 1040 1041 1029 -1 1041 1040 1042 -1 1043 1044 1045 -1 1044 1043 1046 -1 1047 1040 1048 -1 1040 1047 1044 -1 1045 1047 1049 -1 1047 1045 1044 -1 1044 1042 1040 -1 1042 1044 1046 -1 1050 1051 1052 -1 1051 1050 1053 -1 1049 1043 1045 -1 1043 1049 1054 -1 1054 1049 1055 -1 1055 1026 1056 -1 1026 1055 1048 -1 1048 1055 1047 -1 1047 1055 1049 -1 1057 1058 1059 -1 1058 1057 1060 -1 1060 1057 1061 -1 1060 1061 1062 -1 1062 1061 1063 -1 1062 1063 1064 -1 1064 1063 1028 -1 1064 1028 1036 -1 1064 1036 1037 -1 1064 1037 1065 -1 1028 1063 1056 -1 1028 1056 1026 -1 1065 1037 1039 -1 1062 1066 1067 -1 1066 1062 1064 -1 1067 1066 1068 -1 1068 1066 1069 -1 1069 1066 1070 -1 1070 1066 1071 -1 1067 1068 1072 -1 1070 1071 1073 -1 1072 1074 1075 -1 1074 1072 1068 -1 1075 1074 1076 -1 1075 1076 1077 -1 1075 1077 1078 -1 1027 1041 1038 -1 1041 1027 1029 -1 1026 1040 1029 -1 1040 1026 1048 -1 1073 1050 1052 -1 1050 1073 1079 -1 1079 1073 1071 -1 1080 1060 1081 -1 1060 1080 1058 -1 1066 1082 1083 -1 1082 1066 1064 -1 1083 1071 1066 -1 1071 1083 1079 -1 1084 1085 1086 -1 1085 1084 1087 -1 1087 1084 1088 -1 1088 1084 1089 -1 1081 1090 1080 -1 1090 1081 1091 -1 1091 1081 1092 -1 1091 1092 1093 -1 1093 1092 1094 -1 1093 1094 1083 -1 1083 1094 1095 -1 1083 1095 1096 -1 1083 1096 1053 -1 1083 1053 1079 -1 1095 1094 1086 -1 1095 1086 1085 -1 1079 1053 1050 -1 1093 1082 1097 -1 1082 1093 1083 -1 1097 1082 1038 -1 1038 1082 1031 -1 1031 1082 1032 -1 1032 1082 1098 -1 1097 1038 1099 -1 1032 1098 1034 -1 1099 1041 1054 -1 1041 1099 1038 -1 1054 1041 1042 -1 1054 1042 1046 -1 1054 1046 1043 -1 1065 1034 1098 -1 1034 1065 1039 -1 1034 1039 1035 -1 1098 1064 1065 -1 1064 1098 1082 -1 1077 1100 1078 -1 1100 1077 1101 -1 1076 1101 1077 -1 1101 1076 1102 -1 1074 1102 1076 -1 1102 1074 1103 -1 1068 1103 1074 -1 1103 1068 1104 -1 1068 1105 1104 -1 1105 1068 1069 -1 1051 1069 1070 -1 1069 1051 1105 -1 1051 1096 1105 -1 1096 1051 1053 -1 1102 1085 1087 -1 1085 1102 1103 -1 1087 1101 1102 -1 1101 1087 1088 -1 1101 1089 1100 -1 1089 1101 1088 -1 1052 1070 1073 -1 1070 1052 1051 -1 1105 1095 1104 -1 1095 1105 1096 -1 1103 1095 1085 -1 1095 1103 1104 -1 1067 1092 1062 -1 1092 1067 1094 -1 1081 1062 1092 -1 1062 1081 1060 -1 1072 1094 1067 -1 1094 1072 1086 -1 1099 1055 1056 -1 1055 1099 1054 -1 1075 1089 1084 -1 1089 1075 1078 -1 1089 1078 1100 -1 1090 1058 1080 -1 1058 1090 1059 -1 1084 1072 1075 -1 1072 1084 1086 -1 1093 1057 1091 -1 1057 1093 1061 -1 1091 1059 1090 -1 1059 1091 1057 -1 1097 1056 1063 -1 1056 1097 1099 -1 1093 1063 1061 -1 1063 1093 1097 -1 1106 1107 1108 -1 1107 1106 1109 -1 1110 1111 1112 -1 1111 1110 1113 -1 1114 1106 1115 -1 1106 1114 1109 -1 1109 1114 1116 -1 1113 1117 1111 -1 1117 1113 1118 -1 1119 1112 1120 -1 1112 1119 1110 -1 1121 1122 1123 -1 1122 1121 1124 -1 1119 1125 1116 -1 1125 1119 1122 -1 1125 1122 1124 -1 1116 1126 1109 -1 1126 1116 1125 -1 1109 1126 1107 -1 1107 1127 1108 -1 1127 1107 1126 -1 1127 1125 1128 -1 1125 1127 1126 -1 1129 1117 1130 -1 1117 1129 1111 -1 1129 1131 1132 -1 1131 1129 1133 -1 1131 1133 1134 -1 1131 1134 1135 -1 1132 1111 1129 -1 1111 1132 1112 -1 1125 1121 1128 -1 1121 1125 1124 -1 1132 1114 1115 -1 1114 1132 1131 -1 1114 1131 1135 -1 1114 1135 1116 -1 1110 1134 1113 -1 1134 1110 1135 -1 1119 1135 1110 -1 1135 1119 1116 -1 1130 1133 1129 -1 1133 1130 1136 -1 1133 1136 1134 -1 1115 1127 1120 -1 1127 1115 1106 -1 1127 1106 1108 -1 1120 1128 1123 -1 1128 1120 1127 -1 1123 1128 1121 -1 1136 1117 1118 -1 1117 1136 1130 -1 1115 1112 1132 -1 1112 1115 1120 -1 1122 1120 1123 -1 1120 1122 1119 -1 1113 1136 1118 -1 1136 1113 1134 -1 1137 1138 1139 -1 1138 1137 1140 -1 1141 1142 1143 -1 1142 1141 1144 -1 1145 1137 1146 -1 1137 1145 1140 -1 1140 1145 1147 -1 1144 1148 1142 -1 1148 1144 1149 -1 1150 1143 1151 -1 1143 1150 1141 -1 1152 1153 1154 -1 1153 1152 1155 -1 1150 1156 1147 -1 1156 1150 1153 -1 1156 1153 1155 -1 1147 1157 1140 -1 1157 1147 1156 -1 1140 1157 1138 -1 1138 1158 1139 -1 1158 1138 1157 -1 1158 1156 1159 -1 1156 1158 1157 -1 1160 1148 1161 -1 1148 1160 1142 -1 1160 1162 1163 -1 1162 1160 1164 -1 1162 1164 1165 -1 1162 1165 1166 -1 1163 1142 1160 -1 1142 1163 1143 -1 1156 1152 1159 -1 1152 1156 1155 -1 1163 1145 1146 -1 1145 1163 1162 -1 1145 1162 1166 -1 1145 1166 1147 -1 1141 1165 1144 -1 1165 1141 1166 -1 1150 1166 1141 -1 1166 1150 1147 -1 1161 1164 1160 -1 1164 1161 1167 -1 1164 1167 1165 -1 1146 1158 1151 -1 1158 1146 1137 -1 1158 1137 1139 -1 1151 1159 1154 -1 1159 1151 1158 -1 1154 1159 1152 -1 1167 1148 1149 -1 1148 1167 1161 -1 1146 1143 1163 -1 1143 1146 1151 -1 1153 1151 1154 -1 1151 1153 1150 -1 1144 1167 1149 -1 1167 1144 1165 -1 1168 1169 1170 -1 1169 1168 1171 -1 1170 1172 1173 -1 1172 1170 1169 -1 1174 1175 1176 -1 1175 1174 1177 -1 1169 1178 1179 -1 1178 1169 1171 -1 1172 1179 1180 -1 1179 1172 1169 -1 1175 1181 1182 -1 1181 1175 1177 -1 1172 1183 1184 -1 1183 1172 1180 -1 1176 1185 1186 -1 1185 1176 1175 -1 1173 1184 1187 -1 1184 1173 1172 -1 1186 1174 1176 -1 1174 1186 1188 -1 1188 1186 1189 -1 1190 1171 1168 -1 1171 1190 1191 -1 1192 1193 1194 -1 1193 1192 1195 -1 1195 1196 1193 -1 1196 1195 1197 -1 1198 1195 1192 -1 1195 1198 1199 -1 1200 1201 1202 -1 1201 1200 1203 -1 1202 1204 1205 -1 1204 1202 1201 -1 1175 1206 1185 -1 1206 1175 1182 -1 1171 1207 1178 -1 1207 1171 1191 -1 1182 1207 1191 -1 1207 1182 1181 -1 1190 1182 1191 -1 1182 1190 1206 -1 1189 1190 1208 -1 1190 1189 1206 -1 1206 1189 1185 -1 1185 1189 1186 -1 1209 1210 1211 -1 1210 1209 1212 -1 1212 1209 1213 -1 1212 1213 1214 -1 1214 1213 1215 -1 1214 1215 1216 -1 1216 1215 1170 -1 1216 1170 1173 -1 1216 1173 1217 -1 1170 1215 1168 -1 1168 1215 1208 -1 1168 1208 1190 -1 1217 1173 1187 -1 1214 1218 1219 -1 1218 1214 1216 -1 1219 1218 1220 -1 1220 1218 1204 -1 1204 1218 1221 -1 1219 1220 1222 -1 1219 1222 1223 -1 1204 1221 1205 -1 1223 1224 1225 -1 1224 1223 1222 -1 1225 1224 1198 -1 1225 1198 1192 -1 1225 1192 1194 -1 1201 1226 1227 -1 1226 1201 1203 -1 1228 1189 1208 -1 1189 1228 1188 -1 1217 1183 1229 -1 1183 1217 1187 -1 1183 1187 1184 -1 1230 1210 1231 -1 1210 1230 1211 -1 1232 1223 1225 -1 1223 1232 1233 -1 1223 1234 1219 -1 1234 1223 1233 -1 1232 1235 1233 -1 1235 1232 1236 -1 1236 1232 1197 -1 1197 1232 1196 -1 1237 1230 1231 -1 1230 1237 1238 -1 1238 1237 1239 -1 1239 1237 1240 -1 1239 1240 1234 -1 1239 1234 1241 -1 1241 1234 1226 -1 1241 1226 1203 -1 1241 1203 1242 -1 1226 1234 1243 -1 1243 1234 1233 -1 1243 1233 1235 -1 1242 1203 1200 -1 1239 1244 1245 -1 1244 1239 1241 -1 1245 1244 1179 -1 1179 1244 1180 -1 1180 1244 1229 -1 1245 1179 1178 -1 1245 1178 1228 -1 1180 1229 1183 -1 1228 1207 1188 -1 1207 1228 1178 -1 1188 1207 1181 -1 1188 1181 1177 -1 1188 1177 1174 -1 1231 1212 1237 -1 1212 1231 1210 -1 1237 1214 1240 -1 1214 1237 1212 -1 1225 1196 1232 -1 1196 1225 1194 -1 1196 1194 1193 -1 1239 1209 1238 -1 1209 1239 1213 -1 1240 1219 1234 -1 1219 1240 1214 -1 1229 1216 1217 -1 1216 1229 1244 -1 1218 1244 1241 -1 1244 1218 1216 -1 1205 1200 1202 -1 1200 1205 1242 -1 1242 1205 1221 -1 1245 1213 1239 -1 1213 1245 1215 -1 1245 1208 1215 -1 1208 1245 1228 -1 1238 1211 1230 -1 1211 1238 1209 -1 1218 1242 1221 -1 1242 1218 1241 -1 1224 1199 1198 -1 1199 1224 1246 -1 1195 1236 1197 -1 1236 1195 1199 -1 1222 1246 1224 -1 1246 1222 1247 -1 1199 1235 1236 -1 1235 1199 1246 -1 1222 1227 1247 -1 1227 1222 1220 -1 1227 1243 1247 -1 1243 1227 1226 -1 1246 1243 1235 -1 1243 1246 1247 -1 1201 1220 1204 -1 1220 1201 1227 -1 1248 1249 1250 -1 1249 1248 1251 -1 1252 1253 1254 -1 1253 1252 1255 -1 1256 1248 1257 -1 1248 1256 1251 -1 1251 1256 1258 -1 1255 1259 1253 -1 1259 1255 1260 -1 1261 1254 1262 -1 1254 1261 1252 -1 1263 1264 1265 -1 1264 1263 1266 -1 1261 1267 1258 -1 1267 1261 1264 -1 1267 1264 1266 -1 1258 1268 1251 -1 1268 1258 1267 -1 1251 1268 1249 -1 1249 1269 1250 -1 1269 1249 1268 -1 1269 1267 1270 -1 1267 1269 1268 -1 1271 1259 1272 -1 1259 1271 1253 -1 1271 1273 1274 -1 1273 1271 1275 -1 1273 1275 1276 -1 1273 1276 1277 -1 1274 1253 1271 -1 1253 1274 1254 -1 1267 1263 1270 -1 1263 1267 1266 -1 1274 1256 1257 -1 1256 1274 1273 -1 1256 1273 1277 -1 1256 1277 1258 -1 1252 1276 1255 -1 1276 1252 1277 -1 1261 1277 1252 -1 1277 1261 1258 -1 1272 1275 1271 -1 1275 1272 1278 -1 1275 1278 1276 -1 1257 1269 1262 -1 1269 1257 1248 -1 1269 1248 1250 -1 1262 1270 1265 -1 1270 1262 1269 -1 1265 1270 1263 -1 1278 1259 1260 -1 1259 1278 1272 -1 1257 1254 1274 -1 1254 1257 1262 -1 1264 1262 1265 -1 1262 1264 1261 -1 1255 1278 1260 -1 1278 1255 1276 -1 1279 1280 1281 -1 1280 1279 1282 -1 1283 1284 1285 -1 1284 1283 1286 -1 1287 1279 1288 -1 1279 1287 1282 -1 1282 1287 1289 -1 1286 1290 1284 -1 1290 1286 1291 -1 1292 1285 1293 -1 1285 1292 1283 -1 1294 1295 1296 -1 1295 1294 1297 -1 1292 1298 1289 -1 1298 1292 1295 -1 1298 1295 1297 -1 1289 1299 1282 -1 1299 1289 1298 -1 1282 1299 1280 -1 1280 1300 1281 -1 1300 1280 1299 -1 1300 1298 1301 -1 1298 1300 1299 -1 1302 1290 1303 -1 1290 1302 1284 -1 1302 1304 1305 -1 1304 1302 1306 -1 1304 1306 1307 -1 1304 1307 1308 -1 1305 1284 1302 -1 1284 1305 1285 -1 1298 1294 1301 -1 1294 1298 1297 -1 1305 1287 1288 -1 1287 1305 1304 -1 1287 1304 1308 -1 1287 1308 1289 -1 1283 1307 1286 -1 1307 1283 1308 -1 1292 1308 1283 -1 1308 1292 1289 -1 1303 1306 1302 -1 1306 1303 1309 -1 1306 1309 1307 -1 1288 1300 1293 -1 1300 1288 1279 -1 1300 1279 1281 -1 1293 1301 1296 -1 1301 1293 1300 -1 1296 1301 1294 -1 1309 1290 1291 -1 1290 1309 1303 -1 1288 1285 1305 -1 1285 1288 1293 -1 1295 1293 1296 -1 1293 1295 1292 -1 1286 1309 1291 -1 1309 1286 1307 -1 1310 1311 1312 -1 1311 1310 1313 -1 1314 1315 1316 -1 1315 1314 1317 -1 1318 1310 1319 -1 1310 1318 1313 -1 1313 1318 1320 -1 1317 1321 1315 -1 1321 1317 1322 -1 1323 1316 1324 -1 1316 1323 1314 -1 1325 1326 1327 -1 1326 1325 1328 -1 1323 1329 1320 -1 1329 1323 1326 -1 1329 1326 1328 -1 1320 1330 1313 -1 1330 1320 1329 -1 1313 1330 1311 -1 1311 1331 1312 -1 1331 1311 1330 -1 1331 1329 1332 -1 1329 1331 1330 -1 1333 1321 1334 -1 1321 1333 1315 -1 1333 1335 1336 -1 1335 1333 1337 -1 1335 1337 1338 -1 1335 1338 1339 -1 1336 1315 1333 -1 1315 1336 1316 -1 1329 1325 1332 -1 1325 1329 1328 -1 1336 1318 1319 -1 1318 1336 1335 -1 1318 1335 1339 -1 1318 1339 1320 -1 1314 1338 1317 -1 1338 1314 1339 -1 1323 1339 1314 -1 1339 1323 1320 -1 1334 1337 1333 -1 1337 1334 1340 -1 1337 1340 1338 -1 1319 1331 1324 -1 1331 1319 1310 -1 1331 1310 1312 -1 1324 1332 1327 -1 1332 1324 1331 -1 1327 1332 1325 -1 1340 1321 1322 -1 1321 1340 1334 -1 1319 1316 1336 -1 1316 1319 1324 -1 1326 1324 1327 -1 1324 1326 1323 -1 1317 1340 1322 -1 1340 1317 1338 -1 1341 1342 1343 -1 1342 1341 1344 -1 1345 1346 1347 -1 1346 1345 1348 -1 1349 1341 1350 -1 1341 1349 1344 -1 1344 1349 1351 -1 1348 1352 1346 -1 1352 1348 1353 -1 1354 1347 1355 -1 1347 1354 1345 -1 1356 1357 1358 -1 1357 1356 1359 -1 1354 1360 1351 -1 1360 1354 1357 -1 1360 1357 1359 -1 1351 1361 1344 -1 1361 1351 1360 -1 1344 1361 1342 -1 1342 1362 1343 -1 1362 1342 1361 -1 1362 1360 1363 -1 1360 1362 1361 -1 1364 1352 1365 -1 1352 1364 1346 -1 1364 1366 1367 -1 1366 1364 1368 -1 1366 1368 1369 -1 1366 1369 1370 -1 1367 1346 1364 -1 1346 1367 1347 -1 1360 1356 1363 -1 1356 1360 1359 -1 1367 1349 1350 -1 1349 1367 1366 -1 1349 1366 1370 -1 1349 1370 1351 -1 1345 1369 1348 -1 1369 1345 1370 -1 1354 1370 1345 -1 1370 1354 1351 -1 1365 1368 1364 -1 1368 1365 1371 -1 1368 1371 1369 -1 1350 1362 1355 -1 1362 1350 1341 -1 1362 1341 1343 -1 1355 1363 1358 -1 1363 1355 1362 -1 1358 1363 1356 -1 1371 1352 1353 -1 1352 1371 1365 -1 1350 1347 1367 -1 1347 1350 1355 -1 1357 1355 1358 -1 1355 1357 1354 -1 1348 1371 1353 -1 1371 1348 1369 -1 1372 1373 1374 -1 1373 1372 1375 -1 1374 1376 1377 -1 1376 1374 1373 -1 1378 1379 1380 -1 1379 1378 1381 -1 1373 1382 1383 -1 1382 1373 1375 -1 1376 1383 1384 -1 1383 1376 1373 -1 1379 1385 1386 -1 1385 1379 1381 -1 1376 1387 1388 -1 1387 1376 1384 -1 1380 1389 1390 -1 1389 1380 1379 -1 1377 1388 1391 -1 1388 1377 1376 -1 1390 1378 1380 -1 1378 1390 1392 -1 1392 1390 1393 -1 1394 1375 1372 -1 1375 1394 1395 -1 1396 1397 1398 -1 1397 1396 1399 -1 1399 1400 1397 -1 1400 1399 1401 -1 1402 1399 1396 -1 1399 1402 1403 -1 1404 1405 1406 -1 1405 1404 1407 -1 1406 1408 1409 -1 1408 1406 1405 -1 1379 1410 1389 -1 1410 1379 1386 -1 1375 1411 1382 -1 1411 1375 1395 -1 1386 1411 1395 -1 1411 1386 1385 -1 1394 1386 1395 -1 1386 1394 1410 -1 1393 1394 1412 -1 1394 1393 1410 -1 1410 1393 1389 -1 1389 1393 1390 -1 1413 1414 1415 -1 1414 1413 1416 -1 1416 1413 1417 -1 1416 1417 1418 -1 1418 1417 1419 -1 1418 1419 1420 -1 1420 1419 1374 -1 1420 1374 1377 -1 1420 1377 1421 -1 1374 1419 1372 -1 1372 1419 1412 -1 1372 1412 1394 -1 1421 1377 1391 -1 1418 1422 1423 -1 1422 1418 1420 -1 1423 1422 1424 -1 1424 1422 1408 -1 1408 1422 1425 -1 1423 1424 1426 -1 1423 1426 1427 -1 1408 1425 1409 -1 1427 1428 1429 -1 1428 1427 1426 -1 1429 1428 1402 -1 1429 1402 1396 -1 1429 1396 1398 -1 1405 1430 1431 -1 1430 1405 1407 -1 1432 1393 1412 -1 1393 1432 1392 -1 1421 1387 1433 -1 1387 1421 1391 -1 1387 1391 1388 -1 1434 1414 1435 -1 1414 1434 1415 -1 1436 1427 1429 -1 1427 1436 1437 -1 1427 1438 1423 -1 1438 1427 1437 -1 1436 1439 1437 -1 1439 1436 1440 -1 1440 1436 1401 -1 1401 1436 1400 -1 1441 1434 1435 -1 1434 1441 1442 -1 1442 1441 1443 -1 1443 1441 1444 -1 1443 1444 1438 -1 1443 1438 1445 -1 1445 1438 1430 -1 1445 1430 1407 -1 1445 1407 1446 -1 1430 1438 1447 -1 1447 1438 1437 -1 1447 1437 1439 -1 1446 1407 1404 -1 1443 1448 1449 -1 1448 1443 1445 -1 1449 1448 1383 -1 1383 1448 1384 -1 1384 1448 1433 -1 1449 1383 1382 -1 1449 1382 1432 -1 1384 1433 1387 -1 1432 1411 1392 -1 1411 1432 1382 -1 1392 1411 1385 -1 1392 1385 1381 -1 1392 1381 1378 -1 1435 1416 1441 -1 1416 1435 1414 -1 1441 1418 1444 -1 1418 1441 1416 -1 1429 1400 1436 -1 1400 1429 1398 -1 1400 1398 1397 -1 1443 1413 1442 -1 1413 1443 1417 -1 1444 1423 1438 -1 1423 1444 1418 -1 1433 1420 1421 -1 1420 1433 1448 -1 1422 1448 1445 -1 1448 1422 1420 -1 1409 1404 1406 -1 1404 1409 1446 -1 1446 1409 1425 -1 1449 1417 1443 -1 1417 1449 1419 -1 1449 1412 1419 -1 1412 1449 1432 -1 1442 1415 1434 -1 1415 1442 1413 -1 1422 1446 1425 -1 1446 1422 1445 -1 1428 1403 1402 -1 1403 1428 1450 -1 1399 1440 1401 -1 1440 1399 1403 -1 1426 1450 1428 -1 1450 1426 1451 -1 1403 1439 1440 -1 1439 1403 1450 -1 1426 1431 1451 -1 1431 1426 1424 -1 1431 1447 1451 -1 1447 1431 1430 -1 1450 1447 1439 -1 1447 1450 1451 -1 1405 1424 1408 -1 1424 1405 1431 -1 1452 1453 1454 -1 1453 1452 1455 -1 1456 1457 1458 -1 1457 1456 1459 -1 1460 1452 1461 -1 1452 1460 1455 -1 1455 1460 1462 -1 1459 1463 1457 -1 1463 1459 1464 -1 1465 1458 1466 -1 1458 1465 1456 -1 1467 1468 1469 -1 1468 1467 1470 -1 1465 1471 1462 -1 1471 1465 1468 -1 1471 1468 1470 -1 1462 1472 1455 -1 1472 1462 1471 -1 1455 1472 1453 -1 1453 1473 1454 -1 1473 1453 1472 -1 1473 1471 1474 -1 1471 1473 1472 -1 1475 1463 1476 -1 1463 1475 1457 -1 1475 1477 1478 -1 1477 1475 1479 -1 1477 1479 1480 -1 1477 1480 1481 -1 1478 1457 1475 -1 1457 1478 1458 -1 1471 1467 1474 -1 1467 1471 1470 -1 1478 1460 1461 -1 1460 1478 1477 -1 1460 1477 1481 -1 1460 1481 1462 -1 1456 1480 1459 -1 1480 1456 1481 -1 1465 1481 1456 -1 1481 1465 1462 -1 1476 1479 1475 -1 1479 1476 1482 -1 1479 1482 1480 -1 1461 1473 1466 -1 1473 1461 1452 -1 1473 1452 1454 -1 1466 1474 1469 -1 1474 1466 1473 -1 1469 1474 1467 -1 1482 1463 1464 -1 1463 1482 1476 -1 1461 1458 1478 -1 1458 1461 1466 -1 1468 1466 1469 -1 1466 1468 1465 -1 1459 1482 1464 -1 1482 1459 1480 -1 1483 1484 1485 -1 1484 1483 1486 -1 1487 1488 1489 -1 1488 1487 1490 -1 1487 1491 1492 -1 1491 1487 1489 -1 1493 1487 1494 -1 1487 1493 1490 -1 1485 1490 1493 -1 1490 1485 1484 -1 1490 1495 1488 -1 1495 1490 1484 -1 1494 1492 1496 -1 1492 1494 1487 -1 1497 1498 1486 -1 1498 1497 1499 -1 1500 1501 1502 -1 1501 1500 1503 -1 1504 1497 1505 -1 1497 1504 1501 -1 1502 1504 1506 -1 1504 1502 1501 -1 1501 1499 1497 -1 1499 1501 1503 -1 1507 1508 1509 -1 1508 1507 1510 -1 1506 1500 1502 -1 1500 1506 1511 -1 1511 1506 1512 -1 1512 1483 1513 -1 1483 1512 1505 -1 1505 1512 1504 -1 1504 1512 1506 -1 1514 1515 1516 -1 1515 1514 1517 -1 1517 1514 1518 -1 1517 1518 1519 -1 1519 1518 1520 -1 1519 1520 1521 -1 1521 1520 1485 -1 1521 1485 1493 -1 1521 1493 1494 -1 1521 1494 1522 -1 1485 1520 1513 -1 1485 1513 1483 -1 1522 1494 1496 -1 1519 1523 1524 -1 1523 1519 1521 -1 1524 1523 1525 -1 1525 1523 1526 -1 1526 1523 1527 -1 1527 1523 1528 -1 1524 1525 1529 -1 1527 1528 1530 -1 1529 1531 1532 -1 1531 1529 1525 -1 1532 1531 1533 -1 1532 1533 1534 -1 1532 1534 1535 -1 1484 1498 1495 -1 1498 1484 1486 -1 1483 1497 1486 -1 1497 1483 1505 -1 1530 1507 1509 -1 1507 1530 1536 -1 1536 1530 1528 -1 1537 1517 1538 -1 1517 1537 1515 -1 1523 1539 1540 -1 1539 1523 1521 -1 1540 1528 1523 -1 1528 1540 1536 -1 1541 1542 1543 -1 1542 1541 1544 -1 1544 1541 1545 -1 1545 1541 1546 -1 1538 1547 1537 -1 1547 1538 1548 -1 1548 1538 1549 -1 1548 1549 1550 -1 1550 1549 1551 -1 1550 1551 1540 -1 1540 1551 1552 -1 1540 1552 1553 -1 1540 1553 1510 -1 1540 1510 1536 -1 1552 1551 1543 -1 1552 1543 1542 -1 1536 1510 1507 -1 1550 1539 1554 -1 1539 1550 1540 -1 1554 1539 1495 -1 1495 1539 1488 -1 1488 1539 1489 -1 1489 1539 1555 -1 1554 1495 1556 -1 1489 1555 1491 -1 1556 1498 1511 -1 1498 1556 1495 -1 1511 1498 1499 -1 1511 1499 1503 -1 1511 1503 1500 -1 1522 1491 1555 -1 1491 1522 1496 -1 1491 1496 1492 -1 1555 1521 1522 -1 1521 1555 1539 -1 1534 1557 1535 -1 1557 1534 1558 -1 1533 1558 1534 -1 1558 1533 1559 -1 1531 1559 1533 -1 1559 1531 1560 -1 1525 1560 1531 -1 1560 1525 1561 -1 1525 1562 1561 -1 1562 1525 1526 -1 1508 1526 1527 -1 1526 1508 1562 -1 1508 1553 1562 -1 1553 1508 1510 -1 1559 1542 1544 -1 1542 1559 1560 -1 1544 1558 1559 -1 1558 1544 1545 -1 1558 1546 1557 -1 1546 1558 1545 -1 1509 1527 1530 -1 1527 1509 1508 -1 1562 1552 1561 -1 1552 1562 1553 -1 1560 1552 1542 -1 1552 1560 1561 -1 1524 1549 1519 -1 1549 1524 1551 -1 1538 1519 1549 -1 1519 1538 1517 -1 1529 1551 1524 -1 1551 1529 1543 -1 1556 1512 1513 -1 1512 1556 1511 -1 1532 1546 1541 -1 1546 1532 1535 -1 1546 1535 1557 -1 1547 1515 1537 -1 1515 1547 1516 -1 1541 1529 1532 -1 1529 1541 1543 -1 1550 1514 1548 -1 1514 1550 1518 -1 1548 1516 1547 -1 1516 1548 1514 -1 1554 1513 1520 -1 1513 1554 1556 -1 1550 1520 1518 -1 1520 1550 1554 -1 1563 1564 1565 -1 1564 1563 1566 -1 1565 1567 1568 -1 1567 1565 1564 -1 1569 1570 1571 -1 1570 1569 1572 -1 1564 1573 1574 -1 1573 1564 1566 -1 1567 1574 1575 -1 1574 1567 1564 -1 1570 1576 1577 -1 1576 1570 1572 -1 1567 1578 1579 -1 1578 1567 1575 -1 1571 1580 1581 -1 1580 1571 1570 -1 1568 1579 1582 -1 1579 1568 1567 -1 1581 1569 1571 -1 1569 1581 1583 -1 1583 1581 1584 -1 1585 1566 1563 -1 1566 1585 1586 -1 1587 1588 1589 -1 1588 1587 1590 -1 1590 1591 1588 -1 1591 1590 1592 -1 1593 1590 1587 -1 1590 1593 1594 -1 1595 1596 1597 -1 1596 1595 1598 -1 1597 1599 1600 -1 1599 1597 1596 -1 1570 1601 1580 -1 1601 1570 1577 -1 1566 1602 1573 -1 1602 1566 1586 -1 1577 1602 1586 -1 1602 1577 1576 -1 1585 1577 1586 -1 1577 1585 1601 -1 1584 1585 1603 -1 1585 1584 1601 -1 1601 1584 1580 -1 1580 1584 1581 -1 1604 1605 1606 -1 1605 1604 1607 -1 1607 1604 1608 -1 1607 1608 1609 -1 1609 1608 1610 -1 1609 1610 1611 -1 1611 1610 1565 -1 1611 1565 1568 -1 1611 1568 1612 -1 1565 1610 1563 -1 1563 1610 1603 -1 1563 1603 1585 -1 1612 1568 1582 -1 1609 1613 1614 -1 1613 1609 1611 -1 1614 1613 1615 -1 1615 1613 1599 -1 1599 1613 1616 -1 1614 1615 1617 -1 1614 1617 1618 -1 1599 1616 1600 -1 1618 1619 1620 -1 1619 1618 1617 -1 1620 1619 1593 -1 1620 1593 1587 -1 1620 1587 1589 -1 1596 1621 1622 -1 1621 1596 1598 -1 1623 1584 1603 -1 1584 1623 1583 -1 1612 1578 1624 -1 1578 1612 1582 -1 1578 1582 1579 -1 1625 1605 1626 -1 1605 1625 1606 -1 1627 1618 1620 -1 1618 1627 1628 -1 1618 1629 1614 -1 1629 1618 1628 -1 1627 1630 1628 -1 1630 1627 1631 -1 1631 1627 1592 -1 1592 1627 1591 -1 1632 1625 1626 -1 1625 1632 1633 -1 1633 1632 1634 -1 1634 1632 1635 -1 1634 1635 1629 -1 1634 1629 1636 -1 1636 1629 1621 -1 1636 1621 1598 -1 1636 1598 1637 -1 1621 1629 1638 -1 1638 1629 1628 -1 1638 1628 1630 -1 1637 1598 1595 -1 1634 1639 1640 -1 1639 1634 1636 -1 1640 1639 1574 -1 1574 1639 1575 -1 1575 1639 1624 -1 1640 1574 1573 -1 1640 1573 1623 -1 1575 1624 1578 -1 1623 1602 1583 -1 1602 1623 1573 -1 1583 1602 1576 -1 1583 1576 1572 -1 1583 1572 1569 -1 1626 1607 1632 -1 1607 1626 1605 -1 1632 1609 1635 -1 1609 1632 1607 -1 1620 1591 1627 -1 1591 1620 1589 -1 1591 1589 1588 -1 1634 1604 1633 -1 1604 1634 1608 -1 1635 1614 1629 -1 1614 1635 1609 -1 1624 1611 1612 -1 1611 1624 1639 -1 1613 1639 1636 -1 1639 1613 1611 -1 1600 1595 1597 -1 1595 1600 1637 -1 1637 1600 1616 -1 1640 1608 1634 -1 1608 1640 1610 -1 1640 1603 1610 -1 1603 1640 1623 -1 1633 1606 1625 -1 1606 1633 1604 -1 1613 1637 1616 -1 1637 1613 1636 -1 1619 1594 1593 -1 1594 1619 1641 -1 1590 1631 1592 -1 1631 1590 1594 -1 1617 1641 1619 -1 1641 1617 1642 -1 1594 1630 1631 -1 1630 1594 1641 -1 1617 1622 1642 -1 1622 1617 1615 -1 1622 1638 1642 -1 1638 1622 1621 -1 1641 1638 1630 -1 1638 1641 1642 -1 1596 1615 1599 -1 1615 1596 1622 -1 1643 1644 1645 -1 1644 1643 1646 -1 1647 1648 1649 -1 1648 1647 1650 -1 1651 1643 1652 -1 1643 1651 1646 -1 1646 1651 1653 -1 1650 1654 1648 -1 1654 1650 1655 -1 1656 1649 1657 -1 1649 1656 1647 -1 1658 1659 1660 -1 1659 1658 1661 -1 1656 1662 1653 -1 1662 1656 1659 -1 1662 1659 1661 -1 1653 1663 1646 -1 1663 1653 1662 -1 1646 1663 1644 -1 1644 1664 1645 -1 1664 1644 1663 -1 1664 1662 1665 -1 1662 1664 1663 -1 1666 1654 1667 -1 1654 1666 1648 -1 1666 1668 1669 -1 1668 1666 1670 -1 1668 1670 1671 -1 1668 1671 1672 -1 1669 1648 1666 -1 1648 1669 1649 -1 1662 1658 1665 -1 1658 1662 1661 -1 1669 1651 1652 -1 1651 1669 1668 -1 1651 1668 1672 -1 1651 1672 1653 -1 1647 1671 1650 -1 1671 1647 1672 -1 1656 1672 1647 -1 1672 1656 1653 -1 1667 1670 1666 -1 1670 1667 1673 -1 1670 1673 1671 -1 1652 1664 1657 -1 1664 1652 1643 -1 1664 1643 1645 -1 1657 1665 1660 -1 1665 1657 1664 -1 1660 1665 1658 -1 1673 1654 1655 -1 1654 1673 1667 -1 1652 1649 1669 -1 1649 1652 1657 -1 1659 1657 1660 -1 1657 1659 1656 -1 1650 1673 1655 -1 1673 1650 1671 -1 1674 1675 1676 -1 1675 1674 1677 -1 1678 1679 1680 -1 1679 1678 1681 -1 1682 1674 1683 -1 1674 1682 1677 -1 1677 1682 1684 -1 1681 1685 1679 -1 1685 1681 1686 -1 1687 1680 1688 -1 1680 1687 1678 -1 1689 1690 1691 -1 1690 1689 1692 -1 1687 1693 1684 -1 1693 1687 1690 -1 1693 1690 1692 -1 1684 1694 1677 -1 1694 1684 1693 -1 1677 1694 1675 -1 1675 1695 1676 -1 1695 1675 1694 -1 1695 1693 1696 -1 1693 1695 1694 -1 1697 1685 1698 -1 1685 1697 1679 -1 1697 1699 1700 -1 1699 1697 1701 -1 1699 1701 1702 -1 1699 1702 1703 -1 1700 1679 1697 -1 1679 1700 1680 -1 1693 1689 1696 -1 1689 1693 1692 -1 1700 1682 1683 -1 1682 1700 1699 -1 1682 1699 1703 -1 1682 1703 1684 -1 1678 1702 1681 -1 1702 1678 1703 -1 1687 1703 1678 -1 1703 1687 1684 -1 1698 1701 1697 -1 1701 1698 1704 -1 1701 1704 1702 -1 1683 1695 1688 -1 1695 1683 1674 -1 1695 1674 1676 -1 1688 1696 1691 -1 1696 1688 1695 -1 1691 1696 1689 -1 1704 1685 1686 -1 1685 1704 1698 -1 1683 1680 1700 -1 1680 1683 1688 -1 1690 1688 1691 -1 1688 1690 1687 -1 1681 1704 1686 -1 1704 1681 1702 -1 1705 1706 1707 -1 1706 1705 1708 -1 1709 1710 1711 -1 1710 1709 1712 -1 1709 1713 1714 -1 1713 1709 1711 -1 1715 1709 1716 -1 1709 1715 1712 -1 1707 1712 1715 -1 1712 1707 1706 -1 1712 1717 1710 -1 1717 1712 1706 -1 1716 1714 1718 -1 1714 1716 1709 -1 1719 1720 1708 -1 1720 1719 1721 -1 1722 1723 1724 -1 1723 1722 1725 -1 1726 1719 1727 -1 1719 1726 1723 -1 1724 1726 1728 -1 1726 1724 1723 -1 1723 1721 1719 -1 1721 1723 1725 -1 1729 1730 1731 -1 1730 1729 1732 -1 1728 1722 1724 -1 1722 1728 1733 -1 1733 1728 1734 -1 1734 1705 1735 -1 1705 1734 1727 -1 1727 1734 1726 -1 1726 1734 1728 -1 1736 1737 1738 -1 1737 1736 1739 -1 1739 1736 1740 -1 1739 1740 1741 -1 1741 1740 1742 -1 1741 1742 1743 -1 1743 1742 1707 -1 1743 1707 1715 -1 1743 1715 1716 -1 1743 1716 1744 -1 1707 1742 1735 -1 1707 1735 1705 -1 1744 1716 1718 -1 1741 1745 1746 -1 1745 1741 1743 -1 1746 1745 1747 -1 1747 1745 1748 -1 1748 1745 1749 -1 1749 1745 1750 -1 1746 1747 1751 -1 1749 1750 1752 -1 1751 1753 1754 -1 1753 1751 1747 -1 1754 1753 1755 -1 1754 1755 1756 -1 1754 1756 1757 -1 1706 1720 1717 -1 1720 1706 1708 -1 1705 1719 1708 -1 1719 1705 1727 -1 1752 1729 1731 -1 1729 1752 1758 -1 1758 1752 1750 -1 1759 1739 1760 -1 1739 1759 1737 -1 1745 1761 1762 -1 1761 1745 1743 -1 1762 1750 1745 -1 1750 1762 1758 -1 1763 1764 1765 -1 1764 1763 1766 -1 1766 1763 1767 -1 1767 1763 1768 -1 1760 1769 1759 -1 1769 1760 1770 -1 1770 1760 1771 -1 1770 1771 1772 -1 1772 1771 1773 -1 1772 1773 1762 -1 1762 1773 1774 -1 1762 1774 1775 -1 1762 1775 1732 -1 1762 1732 1758 -1 1774 1773 1765 -1 1774 1765 1764 -1 1758 1732 1729 -1 1772 1761 1776 -1 1761 1772 1762 -1 1776 1761 1717 -1 1717 1761 1710 -1 1710 1761 1711 -1 1711 1761 1777 -1 1776 1717 1778 -1 1711 1777 1713 -1 1778 1720 1733 -1 1720 1778 1717 -1 1733 1720 1721 -1 1733 1721 1725 -1 1733 1725 1722 -1 1744 1713 1777 -1 1713 1744 1718 -1 1713 1718 1714 -1 1777 1743 1744 -1 1743 1777 1761 -1 1756 1779 1757 -1 1779 1756 1780 -1 1755 1780 1756 -1 1780 1755 1781 -1 1753 1781 1755 -1 1781 1753 1782 -1 1747 1782 1753 -1 1782 1747 1783 -1 1747 1784 1783 -1 1784 1747 1748 -1 1730 1748 1749 -1 1748 1730 1784 -1 1730 1775 1784 -1 1775 1730 1732 -1 1781 1764 1766 -1 1764 1781 1782 -1 1766 1780 1781 -1 1780 1766 1767 -1 1780 1768 1779 -1 1768 1780 1767 -1 1731 1749 1752 -1 1749 1731 1730 -1 1784 1774 1783 -1 1774 1784 1775 -1 1782 1774 1764 -1 1774 1782 1783 -1 1746 1771 1741 -1 1771 1746 1773 -1 1760 1741 1771 -1 1741 1760 1739 -1 1751 1773 1746 -1 1773 1751 1765 -1 1778 1734 1735 -1 1734 1778 1733 -1 1754 1768 1763 -1 1768 1754 1757 -1 1768 1757 1779 -1 1769 1737 1759 -1 1737 1769 1738 -1 1763 1751 1754 -1 1751 1763 1765 -1 1772 1736 1770 -1 1736 1772 1740 -1 1770 1738 1769 -1 1738 1770 1736 -1 1776 1735 1742 -1 1735 1776 1778 -1 1772 1742 1740 -1 1742 1772 1776 -1 1785 1786 1787 -1 1786 1785 1788 -1 1789 1790 1791 -1 1790 1789 1792 -1 1793 1785 1794 -1 1785 1793 1788 -1 1788 1793 1795 -1 1792 1796 1790 -1 1796 1792 1797 -1 1798 1791 1799 -1 1791 1798 1789 -1 1800 1801 1802 -1 1801 1800 1803 -1 1798 1804 1795 -1 1804 1798 1801 -1 1804 1801 1803 -1 1795 1805 1788 -1 1805 1795 1804 -1 1788 1805 1786 -1 1786 1806 1787 -1 1806 1786 1805 -1 1806 1804 1807 -1 1804 1806 1805 -1 1808 1796 1809 -1 1796 1808 1790 -1 1808 1810 1811 -1 1810 1808 1812 -1 1810 1812 1813 -1 1810 1813 1814 -1 1811 1790 1808 -1 1790 1811 1791 -1 1804 1800 1807 -1 1800 1804 1803 -1 1811 1793 1794 -1 1793 1811 1810 -1 1793 1810 1814 -1 1793 1814 1795 -1 1789 1813 1792 -1 1813 1789 1814 -1 1798 1814 1789 -1 1814 1798 1795 -1 1809 1812 1808 -1 1812 1809 1815 -1 1812 1815 1813 -1 1794 1806 1799 -1 1806 1794 1785 -1 1806 1785 1787 -1 1799 1807 1802 -1 1807 1799 1806 -1 1802 1807 1800 -1 1815 1796 1797 -1 1796 1815 1809 -1 1794 1791 1811 -1 1791 1794 1799 -1 1801 1799 1802 -1 1799 1801 1798 -1 1792 1815 1797 -1 1815 1792 1813 -1 1816 1817 1818 -1 1818 1819 1816 -1 1819 1820 1821 -1 1821 1816 1819 -1 1816 1821 1822 -1 1822 1823 1816 -1 1822 1824 1823 -1 1825 1826 1827 -1 1827 1817 1825 -1 1817 1828 1825 -1 1828 1829 1825 -1 1818 1817 1827 -1 1827 1826 1821 -1 1821 1820 1827 -1 1820 1819 1818 -1 1818 1827 1820 -1 1825 1822 1821 -1 1821 1826 1825 -1 1823 1828 1817 -1 1817 1816 1823 -1 1824 1829 1828 -1 1828 1823 1824 -1 1822 1825 1829 -1 1829 1824 1822 -1 1830 1831 1832 -1 1831 1830 1833 -1 1834 1835 1836 -1 1835 1834 1837 -1 1838 1839 1840 -1 1839 1838 1841 -1 1842 1843 1844 -1 1843 1842 1845 -1 1838 1834 1841 -1 1834 1838 1837 -1 1837 1838 1830 -1 1837 1830 1844 -1 1844 1830 1832 -1 1844 1832 1842 -1 1844 1835 1837 -1 1835 1844 1843 -1 1841 1836 1839 -1 1836 1841 1834 -1 1838 1833 1830 -1 1833 1838 1840 -1 1846 1847 1848 -1 1847 1846 1849 -1 1850 1851 1852 -1 1851 1850 1853 -1 1851 1853 1854 -1 1854 1853 1847 -1 1854 1847 1855 -1 1855 1847 1849 -1 1852 1856 1857 -1 1856 1852 1851 -1 1858 1859 1860 -1 1859 1858 1861 -1 1859 1862 1860 -1 1862 1859 1863 -1 1863 1859 1864 -1 1864 1859 1865 -1 1866 1867 1868 -1 1867 1866 1869 -1 1869 1866 1870 -1 1869 1870 1871 -1 1871 1870 1872 -1 1871 1872 1873 -1 1873 1872 1874 -1 1873 1874 1875 -1 1873 1875 1876 -1 1874 1872 1877 -1 1877 1872 1860 -1 1877 1860 1862 -1 1876 1875 1878 -1 1871 1879 1880 -1 1879 1871 1873 -1 1880 1879 1881 -1 1881 1879 1882 -1 1882 1879 1846 -1 1880 1881 1883 -1 1880 1883 1884 -1 1882 1846 1848 -1 1884 1885 1852 -1 1885 1884 1883 -1 1852 1885 1886 -1 1852 1886 1887 -1 1852 1887 1850 -1 1857 1884 1852 -1 1884 1857 1888 -1 1889 1867 1890 -1 1867 1889 1868 -1 1891 1850 1887 -1 1850 1891 1853 -1 1875 1892 1878 -1 1892 1875 1893 -1 1879 1894 1895 -1 1894 1879 1873 -1 1896 1897 1898 -1 1897 1896 1899 -1 1900 1887 1886 -1 1887 1900 1891 -1 1901 1902 1903 -1 1902 1901 1900 -1 1900 1901 1904 -1 1900 1904 1891 -1 1891 1904 1847 -1 1891 1847 1853 -1 1905 1860 1872 -1 1860 1905 1858 -1 1906 1907 1908 -1 1907 1906 1909 -1 1898 1910 1911 -1 1910 1898 1897 -1 1912 1868 1889 -1 1868 1912 1866 -1 1874 1893 1875 -1 1893 1874 1913 -1 1847 1882 1848 -1 1882 1847 1904 -1 1885 1900 1886 -1 1900 1885 1902 -1 1879 1849 1846 -1 1849 1879 1895 -1 1914 1873 1876 -1 1873 1914 1894 -1 1915 1866 1912 -1 1866 1915 1870 -1 1883 1902 1885 -1 1902 1883 1903 -1 1916 1896 1917 -1 1896 1916 1899 -1 1881 1903 1883 -1 1903 1881 1901 -1 1862 1918 1919 -1 1918 1862 1863 -1 1864 1918 1863 -1 1918 1864 1920 -1 1918 1921 1919 -1 1921 1918 1913 -1 1913 1918 1920 -1 1913 1920 1893 -1 1893 1920 1922 -1 1893 1922 1892 -1 1874 1921 1913 -1 1921 1874 1877 -1 1908 1898 1911 -1 1898 1908 1896 -1 1896 1908 1907 -1 1896 1907 1917 -1 1917 1907 1851 -1 1917 1851 1854 -1 1855 1917 1854 -1 1917 1855 1916 -1 1911 1906 1908 -1 1906 1911 1910 -1 1877 1919 1921 -1 1919 1877 1862 -1 1865 1920 1864 -1 1920 1865 1922 -1 1905 1870 1915 -1 1870 1905 1872 -1 1909 1851 1907 -1 1851 1909 1856 -1 1904 1881 1882 -1 1881 1904 1901 -1 1923 1880 1924 -1 1880 1923 1871 -1 1857 1910 1888 -1 1910 1857 1906 -1 1906 1857 1909 -1 1909 1857 1856 -1 1925 1889 1890 -1 1889 1925 1912 -1 1912 1925 1923 -1 1912 1923 1915 -1 1915 1923 1924 -1 1915 1924 1895 -1 1895 1924 1899 -1 1895 1899 1916 -1 1895 1916 1849 -1 1899 1924 1897 -1 1897 1924 1888 -1 1897 1888 1910 -1 1849 1916 1855 -1 1915 1894 1905 -1 1894 1915 1895 -1 1905 1894 1840 -1 1840 1894 1833 -1 1833 1894 1914 -1 1905 1840 1839 -1 1905 1839 1858 -1 1833 1914 1831 -1 1858 1836 1861 -1 1836 1858 1839 -1 1861 1836 1835 -1 1861 1835 1843 -1 1861 1843 1845 -1 1884 1924 1880 -1 1924 1884 1888 -1 1876 1831 1914 -1 1831 1876 1832 -1 1832 1876 1878 -1 1832 1878 1892 -1 1892 1842 1832 -1 1842 1892 1922 -1 1842 1861 1845 -1 1861 1842 1922 -1 1861 1922 1865 -1 1861 1865 1859 -1 1925 1871 1923 -1 1871 1925 1869 -1 1890 1869 1925 -1 1869 1890 1867 -1 1926 1927 1928 -1 1927 1926 1929 -1 1929 1930 1931 -1 1930 1929 1926 -1 1926 1932 1930 -1 1932 1926 1933 -1 1932 1933 1934 -1 1935 1936 1937 -1 1936 1935 1928 -1 1928 1935 1938 -1 1938 1935 1939 -1 1927 1936 1928 -1 1936 1930 1937 -1 1930 1936 1931 -1 1931 1927 1929 -1 1927 1931 1936 -1 1935 1930 1932 -1 1930 1935 1937 -1 1933 1928 1938 -1 1928 1933 1926 -1 1934 1938 1939 -1 1938 1934 1933 -1 1932 1939 1935 -1 1939 1932 1934 -1 1940 1941 1942 -1 1941 1940 1943 -1 1943 1944 1945 -1 1944 1943 1940 -1 1946 1947 1948 -1 1947 1946 1949 -1 1950 1948 1951 -1 1948 1950 1946 -1 1945 1950 1951 -1 1950 1945 1944 -1 1952 1948 1947 -1 1945 1941 1943 -1 1941 1945 1951 -1 1941 1951 1953 -1 1953 1951 1948 -1 1953 1948 1952 -1 1947 1954 1952 -1 1954 1947 1949 -1 1955 1941 1953 -1 1941 1955 1942 -1 1942 1950 1940 -1 1950 1942 1955 -1 1950 1955 1946 -1 1946 1955 1949 -1 1949 1955 1954 -1 1944 1940 1950 -1 1953 1954 1955 -1 1954 1953 1952 -1 1956 1957 1958 -1 1957 1956 1959 -1 1960 1957 1961 -1 1957 1960 1958 -1 1961 1962 1960 -1 1962 1961 1963 -1 1963 1964 1965 -1 1964 1963 1961 -1 1961 1966 1964 -1 1966 1961 1957 -1 1966 1957 1959 -1 1966 1959 1967 -1 1965 1962 1963 -1 1962 1965 1968 -1 1967 1969 1966 -1 1969 1967 1970 -1 1969 1964 1966 -1 1964 1969 1971 -1 1971 1960 1968 -1 1960 1971 1969 -1 1960 1969 1958 -1 1958 1969 1956 -1 1956 1969 1970 -1 1962 1968 1960 -1 1956 1967 1959 -1 1967 1956 1970 -1 1968 1964 1971 -1 1964 1968 1965 -1 1972 1973 1974 -1 1973 1972 1975 -1 1976 1977 1978 -1 1977 1976 1979 -1 1980 1981 1982 -1 1981 1980 1983 -1 1984 1985 1986 -1 1985 1984 1987 -1 1974 1982 1972 -1 1982 1974 1985 -1 1982 1985 1978 -1 1978 1985 1976 -1 1976 1985 1987 -1 1981 1972 1982 -1 1975 1981 1983 -1 1981 1975 1972 -1 1979 1987 1984 -1 1987 1979 1976 -1 1985 1973 1986 -1 1973 1985 1974 -1 1983 1973 1975 -1 1973 1983 1980 -1 1984 1977 1979 -1 1977 1984 1986 -1 1980 1986 1973 -1 1986 1980 1977 -1 1982 1977 1980 -1 1977 1982 1978 -1 1988 1989 1990 -1 1989 1988 1991 -1 1992 1993 1994 -1 1993 1992 1995 -1 1996 1997 1998 -1 1997 1996 1999 -1 2000 1994 2001 -1 1994 2000 1997 -1 1994 1997 1990 -1 1990 1997 1988 -1 1988 1997 1999 -1 1993 2001 1994 -1 2001 2002 2000 -1 2002 2001 2003 -1 2003 1993 1995 -1 1993 2003 2001 -1 1991 1999 1996 -1 1999 1991 1988 -1 1997 2002 1998 -1 2002 1997 2000 -1 1995 2002 2003 -1 2002 1995 1992 -1 1996 1989 1991 -1 1989 1996 1998 -1 1992 1998 2002 -1 1998 1992 1989 -1 1994 1989 1992 -1 1989 1994 1990 -1 2004 2005 2006 -1 2006 2007 2004 -1 524 2008 526 -1 2009 2008 524 -1 524 522 2009 -1 522 2010 2009 -1 523 526 2011 -1 2011 525 523 -1 2011 2012 525 -1 2009 2007 2006 -1 2006 2008 2009 -1 2008 2006 2013 -1 2013 526 2008 -1 2013 2011 526 -1 2013 2014 2011 -1 2007 2009 2010 -1 2010 2004 2007 -1 2014 2013 2015 -1 2015 2016 2014 -1 2015 2013 2006 -1 2006 2005 2015 -1 2005 2004 522 -1 522 2015 2005 -1 522 525 2015 -1 525 2012 2015 -1 2012 2016 2015 -1 2010 522 2004 -1 2012 2011 2014 -1 2014 2016 2012 -1 2017 2018 2019 -1 2018 2017 2020 -1 2021 2022 2023 -1 2022 2021 2024 -1 2025 2017 2026 -1 2017 2025 2020 -1 2020 2025 2027 -1 2024 2028 2022 -1 2028 2024 2029 -1 2030 2023 2031 -1 2023 2030 2021 -1 2032 2033 2034 -1 2033 2032 2035 -1 2030 2036 2027 -1 2036 2030 2033 -1 2036 2033 2035 -1 2027 2037 2020 -1 2037 2027 2036 -1 2020 2037 2018 -1 2018 2000 2019 -1 2000 2018 2037 -1 2000 2036 2038 -1 2036 2000 2037 -1 2039 2028 2040 -1 2028 2039 2022 -1 2039 2041 2042 -1 2041 2039 2043 -1 2041 2043 2044 -1 2041 2044 2045 -1 2042 2022 2039 -1 2022 2042 2023 -1 2036 2032 2038 -1 2032 2036 2035 -1 2042 2025 2026 -1 2025 2042 2041 -1 2025 2041 2045 -1 2025 2045 2027 -1 2021 2044 2024 -1 2044 2021 2045 -1 2030 2045 2021 -1 2045 2030 2027 -1 2040 2043 2039 -1 2043 2040 2046 -1 2043 2046 2044 -1 2026 2000 2031 -1 2000 2026 2017 -1 2000 2017 2019 -1 2031 2038 2034 -1 2038 2031 2000 -1 2034 2038 2032 -1 2046 2028 2029 -1 2028 2046 2040 -1 2026 2023 2042 -1 2023 2026 2031 -1 2033 2031 2034 -1 2031 2033 2030 -1 2024 2046 2029 -1 2046 2024 2044 -1 2047 2048 2049 -1 2048 2047 2050 -1 2051 2052 2053 -1 2052 2051 2054 -1 2055 2047 2056 -1 2047 2055 2050 -1 2050 2055 2057 -1 2054 2058 2052 -1 2058 2054 2059 -1 2060 2053 2061 -1 2053 2060 2051 -1 2062 2063 2064 -1 2063 2062 2065 -1 2060 1998 2057 -1 1998 2060 2063 -1 1998 2063 2065 -1 2057 1997 2050 -1 1997 2057 1998 -1 2050 1997 2048 -1 2048 2066 2049 -1 2066 2048 1997 -1 2066 1998 2067 -1 1998 2066 1997 -1 2068 2058 2069 -1 2058 2068 2052 -1 2068 2070 2071 -1 2070 2068 2072 -1 2070 2072 2073 -1 2070 2073 2074 -1 2071 2052 2068 -1 2052 2071 2053 -1 1998 2062 2067 -1 2062 1998 2065 -1 2071 2055 2056 -1 2055 2071 2070 -1 2055 2070 2074 -1 2055 2074 2057 -1 2051 2073 2054 -1 2073 2051 2074 -1 2060 2074 2051 -1 2074 2060 2057 -1 2069 2072 2068 -1 2072 2069 2075 -1 2072 2075 2073 -1 2056 2066 2061 -1 2066 2056 2047 -1 2066 2047 2049 -1 2061 2067 2064 -1 2067 2061 2066 -1 2064 2067 2062 -1 2075 2058 2059 -1 2058 2075 2069 -1 2056 2053 2071 -1 2053 2056 2061 -1 2063 2061 2064 -1 2061 2063 2060 -1 2054 2075 2059 -1 2075 2054 2073 -1 2076 2077 2078 -1 2078 2079 2076 -1 2079 2080 2081 -1 2081 2076 2079 -1 2076 2081 2082 -1 2082 2083 2076 -1 2082 2084 2083 -1 2085 2086 2087 -1 2087 2077 2085 -1 2077 2088 2085 -1 2088 2089 2085 -1 2078 2077 2087 -1 2087 2086 2081 -1 2081 2080 2087 -1 2080 2079 2078 -1 2078 2087 2080 -1 2085 2082 2081 -1 2081 2086 2085 -1 2083 2088 2077 -1 2077 2076 2083 -1 2084 2089 2088 -1 2088 2083 2084 -1 2082 2085 2089 -1 2089 2084 2082 -1 2090 2091 2092 -1 2091 2090 2093 -1 2093 2094 2095 -1 2094 2093 2090 -1 2090 2096 2094 -1 2096 2090 2097 -1 2096 2097 2098 -1 2099 2100 2101 -1 2100 2099 2092 -1 2092 2099 2102 -1 2102 2099 2103 -1 2091 2100 2092 -1 2100 2094 2101 -1 2094 2100 2095 -1 2095 2091 2093 -1 2091 2095 2100 -1 2099 2094 2096 -1 2094 2099 2101 -1 2097 2092 2102 -1 2092 2097 2090 -1 2098 2102 2103 -1 2102 2098 2097 -1 2096 2103 2099 -1 2103 2096 2098 -1 2104 2105 2106 -1 2105 2104 2107 -1 2105 2108 2109 -1 2108 2105 2107 -1 2110 2111 2112 -1 2111 2110 2113 -1 2114 2115 2116 -1 2115 2114 2117 -1 2118 2119 2120 -1 2119 2118 2121 -1 2119 2121 2122 -1 2122 2121 2115 -1 2122 2115 2123 -1 2123 2115 2117 -1 2120 2124 2125 -1 2124 2120 2119 -1 2113 2108 2111 -1 2108 2113 2109 -1 2126 2113 2127 -1 2113 2126 2109 -1 2109 2126 2105 -1 2105 2126 2106 -1 2128 2129 2130 -1 2129 2128 2131 -1 2131 2128 2132 -1 2131 2132 2133 -1 2133 2132 2134 -1 2133 2134 2135 -1 2135 2134 2110 -1 2135 2110 2136 -1 2135 2136 2137 -1 2135 2137 2138 -1 2110 2134 2127 -1 2110 2127 2113 -1 2138 2137 2139 -1 2133 2140 2141 -1 2140 2133 2135 -1 2141 2140 2142 -1 2142 2140 2143 -1 2143 2140 2144 -1 2144 2140 2114 -1 2141 2142 2145 -1 2144 2114 2116 -1 2145 2146 2120 -1 2146 2145 2142 -1 2120 2146 2147 -1 2120 2147 2148 -1 2120 2148 2118 -1 2149 2131 2150 -1 2131 2149 2129 -1 2140 2151 2152 -1 2151 2140 2135 -1 2152 2114 2140 -1 2114 2152 2117 -1 2125 2153 2154 -1 2153 2125 2155 -1 2155 2125 2156 -1 2156 2125 2124 -1 2150 2157 2149 -1 2157 2150 2158 -1 2158 2150 2159 -1 2158 2159 2160 -1 2160 2159 2161 -1 2160 2161 2152 -1 2152 2161 2162 -1 2152 2162 2163 -1 2152 2163 2164 -1 2152 2164 2117 -1 2162 2161 2154 -1 2162 2154 2153 -1 2117 2164 2123 -1 2160 2151 2165 -1 2151 2160 2152 -1 2165 2151 2166 -1 2166 2151 2167 -1 2167 2151 2168 -1 2168 2151 2169 -1 2165 2166 2170 -1 2168 2169 2171 -1 2170 2172 2173 -1 2172 2170 2166 -1 2173 2172 2174 -1 2173 2174 2175 -1 2173 2175 2176 -1 2138 2171 2169 -1 2171 2138 2177 -1 2177 2138 2139 -1 2177 2139 2178 -1 2178 2179 2177 -1 2179 2178 2104 -1 2179 2173 2176 -1 2173 2179 2104 -1 2173 2104 2106 -1 2173 2106 2126 -1 2169 2135 2138 -1 2135 2169 2151 -1 2141 2159 2133 -1 2159 2141 2161 -1 2150 2133 2159 -1 2133 2150 2131 -1 2143 2180 2142 -1 2180 2143 2181 -1 2182 2143 2144 -1 2143 2182 2181 -1 2183 2184 2185 -1 2184 2183 2186 -1 2186 2183 2187 -1 2186 2187 2188 -1 2188 2187 2119 -1 2188 2119 2122 -1 2115 2144 2116 -1 2144 2115 2182 -1 2142 2189 2146 -1 2189 2142 2180 -1 2145 2161 2141 -1 2161 2145 2154 -1 2170 2126 2127 -1 2126 2170 2173 -1 2157 2129 2149 -1 2129 2157 2130 -1 2125 2145 2120 -1 2145 2125 2154 -1 2160 2128 2158 -1 2128 2160 2132 -1 2158 2130 2157 -1 2130 2158 2128 -1 2165 2127 2134 -1 2127 2165 2170 -1 2160 2134 2132 -1 2134 2160 2165 -1 2184 2153 2185 -1 2153 2184 2162 -1 2123 2188 2122 -1 2188 2123 2164 -1 2164 2186 2188 -1 2186 2164 2163 -1 2185 2155 2183 -1 2155 2185 2153 -1 2186 2162 2184 -1 2162 2186 2163 -1 2155 2187 2183 -1 2187 2155 2156 -1 2187 2124 2119 -1 2124 2187 2156 -1 2176 2190 2179 -1 2190 2176 2175 -1 2190 2174 2191 -1 2174 2190 2175 -1 2192 2193 2194 -1 2193 2192 2191 -1 2191 2192 2195 -1 2191 2195 2190 -1 2190 2195 2177 -1 2190 2177 2179 -1 2193 2174 2172 -1 2174 2193 2191 -1 2192 2166 2167 -1 2166 2192 2194 -1 2136 2196 2137 -1 2196 2136 2197 -1 2195 2171 2177 -1 2171 2195 2168 -1 2194 2172 2166 -1 2172 2194 2193 -1 2137 2178 2139 -1 2178 2137 2196 -1 2136 2112 2197 -1 2112 2136 2110 -1 2192 2168 2195 -1 2168 2192 2167 -1 2108 2112 2111 -1 2112 2108 2197 -1 2197 2108 2107 -1 2197 2107 2196 -1 2196 2107 2104 -1 2196 2104 2178 -1 2181 2189 2180 -1 2189 2181 2198 -1 2198 2181 2182 -1 2198 2182 2199 -1 2199 2182 2115 -1 2199 2115 2121 -1 2148 2121 2118 -1 2121 2148 2199 -1 2198 2148 2147 -1 2148 2198 2199 -1 2146 2198 2147 -1 2198 2146 2189 -1 2200 2201 2202 -1 2201 2200 2203 -1 2204 2205 2206 -1 2205 2204 2207 -1 2208 2209 2210 -1 2209 2208 2211 -1 2205 2212 2206 -1 2212 2205 2213 -1 2210 2214 2215 -1 2214 2210 2209 -1 2214 2209 2216 -1 2216 2209 2217 -1 2217 2209 2218 -1 2219 2215 2214 -1 2220 2221 2222 -1 2223 2208 2224 -1 2208 2223 2225 -1 2208 2225 2211 -1 2211 2225 2221 -1 2211 2221 2220 -1 2226 2200 2227 -1 2200 2226 2203 -1 2228 2229 2230 -1 2229 2228 2231 -1 2230 2232 2233 -1 2232 2230 2229 -1 2234 2229 2231 -1 2229 2234 2235 -1 2235 2232 2229 -1 2232 2235 2236 -1 2236 2237 2232 -1 2237 2236 2238 -1 2236 2239 2238 -1 2239 2236 2240 -1 2234 2241 2235 -1 2241 2234 2242 -1 2235 2240 2236 -1 2240 2235 2241 -1 2243 2223 2224 -1 2223 2243 2244 -1 2233 2237 2245 -1 2237 2233 2232 -1 2246 2205 2207 -1 2205 2246 2213 -1 2213 2246 2221 -1 2221 2246 2222 -1 2223 2212 2225 -1 2212 2204 2206 -1 2204 2212 2244 -1 2244 2212 2223 -1 2214 2226 2227 -1 2226 2214 2216 -1 2212 2221 2225 -1 2221 2212 2213 -1 2247 2200 2202 -1 2200 2247 2227 -1 2227 2247 2214 -1 2214 2247 2219 -1 2217 2226 2216 -1 2226 2201 2203 -1 2201 2226 2248 -1 2248 2226 2217 -1 2234 2209 2242 -1 2209 2234 2249 -1 2209 2249 2218 -1 2242 2211 2250 -1 2211 2242 2209 -1 2250 2211 2220 -1 2233 2251 2230 -1 2251 2233 2252 -1 2251 2252 2240 -1 2251 2240 2241 -1 2239 2237 2238 -1 2237 2239 2245 -1 2230 2253 2228 -1 2253 2230 2251 -1 2253 2251 2241 -1 2253 2241 2242 -1 2245 2252 2233 -1 2252 2245 2239 -1 2252 2239 2240 -1 2228 2208 2231 -1 2208 2228 2243 -1 2208 2243 2224 -1 2231 2210 2254 -1 2210 2231 2208 -1 2254 2210 2215 -1 2249 2201 2248 -1 2247 2231 2254 -1 2231 2247 2202 -1 2231 2202 2234 -1 2234 2202 2201 -1 2234 2201 2249 -1 2253 2204 2228 -1 2204 2253 2207 -1 2207 2253 2246 -1 2246 2253 2250 -1 2250 2253 2242 -1 2228 2244 2243 -1 2244 2228 2204 -1 2217 2249 2248 -1 2249 2217 2218 -1 2246 2220 2222 -1 2220 2246 2250 -1 2215 2247 2254 -1 2247 2215 2219 -1 2255 2256 2257 -1 2257 2258 2255 -1 2259 2260 2257 -1 2257 2256 2259 -1 2260 2259 2261 -1 2261 2262 2260 -1 2262 1696 2263 -1 2263 2260 2262 -1 2260 2263 2264 -1 2264 2257 2260 -1 2264 2258 2257 -1 2264 1662 2258 -1 1696 2262 2261 -1 2261 1695 1696 -1 1662 2264 2265 -1 2265 1663 1662 -1 2265 2264 2263 -1 2263 2266 2265 -1 2266 1695 2259 -1 2259 2265 2266 -1 2259 2256 2265 -1 2256 2255 2265 -1 2255 1663 2265 -1 2261 2259 1695 -1 2255 2258 1662 -1 1662 1663 2255 -1 1695 2266 2263 -1 2263 1696 1695 -1 1914 2267 1826 -1 2267 1914 1831 -1 2268 1826 2267 -1 1826 2268 1827 -1 1914 1894 1831 -1 1855 1895 1849 -1 2216 1894 2214 -1 1894 2216 1831 -1 2214 1894 1895 -1 2214 1895 1855 -1 2206 2269 2270 -1 2269 2206 2205 -1 2271 2272 2273 -1 2272 2271 1931 -1 2272 1931 2274 -1 1931 2271 1820 -1 1931 1820 1936 -1 1936 1820 1827 -1 1936 2275 2276 -1 2275 1936 1827 -1 2277 2278 2279 -1 2278 2277 2272 -1 2278 2272 2280 -1 2280 2272 2274 -1 2281 1827 2268 -1 1827 2281 2282 -1 1827 2282 2275 -1 2282 2281 2283 -1 2283 2284 2282 -1 2284 2283 2285 -1 2286 2287 2288 -1 2287 2286 2289 -1 2287 2289 2290 -1 2290 2289 2291 -1 2291 2289 2292 -1 2293 2206 2270 -1 2206 2293 2212 -1 2212 2293 2294 -1 2212 2294 2295 -1 2212 2295 2225 -1 2225 2295 2296 -1 2225 2296 2297 -1 2225 2297 1848 -1 2296 2295 2288 -1 2288 2295 2286 -1 1848 2297 2298 -1 1848 2298 2299 -1 2299 2298 2300 -1 2299 2300 2274 -1 2274 2300 2301 -1 2274 2301 2302 -1 2274 2302 2280 -1 2303 2304 2305 -1 2304 2303 2306 -1 2304 2306 2307 -1 2307 2306 2308 -1 2307 2308 2309 -1 2309 2308 2310 -1 2309 2310 2311 -1 2311 2310 2312 -1 2311 2312 2313 -1 2313 2312 2314 -1 2313 2314 2315 -1 2315 2314 2316 -1 2315 2316 2278 -1 2278 2316 2279 -1 2305 2287 2303 -1 2287 2305 2288 -1 2317 2318 2319 -1 2318 2317 2320 -1 2320 2317 2321 -1 2320 2321 2322 -1 2322 2321 2323 -1 2322 2323 2324 -1 2324 2323 2325 -1 2324 2325 2326 -1 2326 2325 2327 -1 2326 2327 2328 -1 2328 2327 2329 -1 2328 2329 2330 -1 2330 2329 2272 -1 2330 2272 2277 -1 2331 2318 2332 -1 2318 2331 2319 -1 2213 2269 2205 -1 2269 2213 2333 -1 2333 2213 2334 -1 2334 2213 2335 -1 2271 1878 2336 -1 1878 2271 2337 -1 2337 2271 2338 -1 2338 2271 2339 -1 2339 2271 2340 -1 2340 2271 2273 -1 1878 2213 2221 -1 2213 1878 2341 -1 2213 2341 2342 -1 2213 2342 2335 -1 2335 2342 2331 -1 2335 2331 2343 -1 2341 1878 2337 -1 2343 2332 2344 -1 2332 2343 2331 -1 2344 2332 2345 -1 2344 2345 2346 -1 2344 2346 2347 -1 1855 1937 2348 -1 1937 1855 1849 -1 2276 1937 1936 -1 1937 2276 2348 -1 2299 1846 1848 -1 1846 2299 1930 -1 1930 2274 1931 -1 2274 1930 2299 -1 2221 1873 1878 -1 1873 2221 2225 -1 1873 2225 1879 -1 1879 2225 1848 -1 1848 1846 1879 -1 1876 1878 1873 -1 1876 2336 1878 -1 2336 1876 1821 -1 1821 2271 2336 -1 2271 1821 1820 -1 2227 2216 2214 -1 2216 2227 2226 -1 1873 1914 1821 -1 1821 1914 1826 -1 1821 1826 1820 -1 1820 1826 1827 -1 1876 1873 1821 -1 2289 2343 2344 -1 2343 2289 2286 -1 2349 2350 2351 -1 2350 2349 2352 -1 2353 2285 2354 -1 2285 2353 2284 -1 2355 2356 2357 -1 2356 2355 2358 -1 2323 2341 2337 -1 2341 2323 2321 -1 2349 2359 2360 -1 2359 2349 2351 -1 2359 2351 2361 -1 2359 2361 2362 -1 2350 2363 2364 -1 2363 2350 2352 -1 2365 2366 2367 -1 2366 2365 2368 -1 2355 2368 2365 -1 2368 2355 2357 -1 2367 2369 2370 -1 2369 2367 2366 -1 2370 2203 2200 -1 2203 2370 2369 -1 2321 2342 2341 -1 2342 2321 2317 -1 2327 2338 2339 -1 2338 2327 2325 -1 2362 2371 2356 -1 2371 2362 2372 -1 2372 2362 2373 -1 2373 2362 2361 -1 2366 2203 2369 -1 2203 2366 2226 -1 2226 2366 2368 -1 2226 2368 2357 -1 2226 2357 2216 -1 2216 2357 2374 -1 2216 2374 2375 -1 2216 2375 2376 -1 2216 2376 1831 -1 2374 2357 2356 -1 2374 2356 2371 -1 1831 2376 2377 -1 1831 2377 2267 -1 2267 2377 2268 -1 2268 2377 2378 -1 2268 2378 2379 -1 2268 2379 2380 -1 2268 2380 2281 -1 2338 2323 2337 -1 2323 2338 2325 -1 2273 2329 2340 -1 2329 2273 2272 -1 2329 2339 2340 -1 2339 2329 2327 -1 2364 2353 2354 -1 2353 2364 2363 -1 2358 2362 2356 -1 2362 2358 2359 -1 2200 2367 2370 -1 2367 2200 2227 -1 2367 2227 2365 -1 2365 2227 2355 -1 2276 1855 2348 -1 1855 2276 2381 -1 2381 2276 2382 -1 2382 2276 2383 -1 2383 2276 2275 -1 1855 2227 2214 -1 2227 1855 2384 -1 2227 2384 2385 -1 2227 2385 2386 -1 2227 2386 2355 -1 2355 2386 2358 -1 2384 1855 2387 -1 2387 1855 2381 -1 2358 2388 2359 -1 2388 2358 2386 -1 2359 2388 2389 -1 2359 2389 2390 -1 2359 2390 2360 -1 2391 2387 2392 -1 2387 2391 2384 -1 2393 2384 2391 -1 2384 2393 2385 -1 2393 2386 2385 -1 2386 2393 2394 -1 2394 2388 2386 -1 2388 2394 2395 -1 2395 2389 2388 -1 2389 2395 2396 -1 2397 2389 2396 -1 2389 2397 2390 -1 2349 2390 2397 -1 2390 2349 2360 -1 2398 2383 2399 -1 2383 2398 2382 -1 1846 1895 1879 -1 1895 1846 1937 -1 1937 1846 1930 -1 1849 1895 1937 -1 2361 2400 2373 -1 2400 2361 2351 -1 2371 2401 2402 -1 2401 2371 2372 -1 2375 2403 2376 -1 2403 2375 2404 -1 2405 2281 2380 -1 2281 2405 2283 -1 2376 2406 2377 -1 2406 2376 2403 -1 2378 2407 2379 -1 2407 2378 2408 -1 2375 2409 2404 -1 2409 2375 2374 -1 2374 2402 2409 -1 2402 2374 2371 -1 2379 2405 2380 -1 2405 2379 2407 -1 2291 2310 2308 -1 2310 2291 2292 -1 2290 2308 2306 -1 2308 2290 2291 -1 2322 2347 2346 -1 2347 2322 2324 -1 2345 2322 2346 -1 2322 2345 2320 -1 2311 2298 2309 -1 2298 2311 2300 -1 2303 2290 2306 -1 2290 2303 2287 -1 2297 2304 2307 -1 2304 2297 2296 -1 2304 2288 2305 -1 2288 2304 2296 -1 2387 2410 2392 -1 2410 2387 2381 -1 2410 2382 2398 -1 2382 2410 2381 -1 2298 2307 2309 -1 2307 2298 2297 -1 2278 2302 2315 -1 2302 2278 2280 -1 2302 2313 2315 -1 2313 2302 2301 -1 2301 2311 2313 -1 2311 2301 2300 -1 2326 2310 2324 -1 2310 2326 2312 -1 2293 2334 2294 -1 2334 2293 2333 -1 2314 2326 2328 -1 2326 2314 2312 -1 2294 2335 2295 -1 2335 2294 2334 -1 2277 2316 2330 -1 2316 2277 2279 -1 2270 2333 2293 -1 2333 2270 2269 -1 2316 2328 2330 -1 2328 2316 2314 -1 2342 2319 2331 -1 2319 2342 2317 -1 2343 2295 2335 -1 2295 2343 2286 -1 2227 2203 2226 -1 2203 2227 2200 -1 2332 2320 2345 -1 2320 2332 2318 -1 2401 2409 2402 -1 2409 2401 2404 -1 2404 2401 2400 -1 2404 2400 2403 -1 2403 2400 2351 -1 2403 2351 2406 -1 2406 2351 2408 -1 2408 2351 2350 -1 2408 2350 2407 -1 2407 2350 2364 -1 2407 2364 2354 -1 2407 2354 2405 -1 2405 2354 2283 -1 2283 2354 2285 -1 2347 2310 2344 -1 2310 2347 2324 -1 2344 2292 2289 -1 2292 2344 2310 -1 2406 2378 2377 -1 2378 2406 2408 -1 2373 2401 2372 -1 2401 2373 2400 -1 2383 2282 2399 -1 2282 2383 2275 -1 2393 2395 2394 -1 2395 2393 2396 -1 2396 2393 2391 -1 2396 2391 2397 -1 2397 2391 2392 -1 2397 2392 2349 -1 2349 2392 2410 -1 2349 2410 2352 -1 2352 2410 2398 -1 2352 2398 2363 -1 2363 2398 2399 -1 2363 2399 2353 -1 2353 2399 2282 -1 2353 2282 2284 -1 2411 2114 2116 -1 2114 2411 2094 -1 2412 2101 2100 -1 2101 2412 2413 -1 2411 2095 2094 -1 2095 2411 2414 -1 2415 2416 2417 -1 2416 2415 2418 -1 2418 2415 2419 -1 2419 2415 2420 -1 2421 2422 2423 -1 2422 2421 2424 -1 2424 2421 2425 -1 2424 2425 2426 -1 2426 2425 2427 -1 2427 2425 2428 -1 2427 2428 2429 -1 2427 2429 2430 -1 2427 2430 1409 -1 2429 2428 2431 -1 2431 2428 2417 -1 2431 2417 2416 -1 1409 2430 2432 -1 1409 2432 2433 -1 1409 2433 2434 -1 2434 2433 1404 -1 1404 2433 2116 -1 2116 2433 2411 -1 2411 2433 2414 -1 2414 2433 2435 -1 2414 2435 2436 -1 2414 2436 2437 -1 2438 2439 2440 -1 2439 2438 2441 -1 2441 2438 2116 -1 2116 2438 1404 -1 2442 2441 2443 -1 2441 2442 2439 -1 2444 2445 2446 -1 2445 2444 2447 -1 2448 2445 2449 -1 2445 2448 2446 -1 2450 2451 2452 -1 2451 2450 2453 -1 2448 2450 2446 -1 2450 2448 2453 -1 2454 2455 2456 -1 2455 2454 2457 -1 2457 2454 2458 -1 2451 2139 2452 -1 2139 2451 1387 -1 1387 2451 1391 -1 1391 2451 2459 -1 2459 2451 2460 -1 2460 2451 2461 -1 2461 2451 2462 -1 2462 2451 2463 -1 2464 2454 2465 -1 2454 2464 2458 -1 2458 2464 2466 -1 2466 2464 2467 -1 2467 2464 2468 -1 2468 2464 1391 -1 2466 2467 2469 -1 2466 2469 2470 -1 2468 1391 2459 -1 2471 2472 2473 -1 2472 2471 2474 -1 2474 2471 2475 -1 2475 2471 2476 -1 2476 2471 2139 -1 2476 2139 1387 -1 2470 2477 2478 -1 2477 2470 2469 -1 2478 2477 2479 -1 2478 2479 2480 -1 2478 2480 2481 -1 2152 2114 2094 -1 2152 2094 2101 -1 2117 2152 2101 -1 2422 2455 2423 -1 2455 2422 2456 -1 2415 2470 2478 -1 2470 2415 2417 -1 326 2482 2483 -1 2482 326 323 -1 2482 323 2484 -1 2412 2485 2413 -1 2485 2412 1600 -1 1600 2412 1595 -1 1595 2412 2486 -1 2486 2412 2487 -1 2487 2412 2488 -1 2488 2412 2489 -1 2489 2412 2490 -1 2491 323 328 -1 323 2491 2484 -1 2484 2491 2492 -1 2492 2491 2493 -1 2493 2491 2494 -1 2494 2491 1595 -1 2492 2493 2495 -1 2492 2495 2496 -1 2494 1595 2486 -1 2497 338 333 -1 338 2497 2498 -1 338 2498 337 -1 337 2498 2499 -1 2499 2498 1600 -1 1600 2498 2485 -1 2500 2501 2502 -1 2496 2503 2504 -1 2503 2496 2495 -1 2504 2503 2505 -1 2504 2505 2502 -1 2504 2502 2501 -1 2474 2442 2472 -1 2442 2474 2439 -1 2473 2135 2471 -1 2135 2473 2443 -1 2135 2443 2140 -1 2140 2443 2441 -1 2456 2424 2454 -1 2424 2456 2422 -1 2413 2117 2101 -1 2117 2413 2485 -1 2465 1420 2464 -1 1420 2465 2426 -1 1420 2426 1422 -1 1422 2426 2427 -1 2483 325 326 -1 325 2483 2506 -1 336 1611 2507 -1 1611 336 337 -1 1611 337 1613 -1 1613 337 2499 -1 1639 327 2508 -1 327 1639 328 -1 328 1639 1636 -1 328 1636 2491 -1 2497 332 2509 -1 332 2497 333 -1 2117 2498 2152 -1 2498 2117 2485 -1 2140 2510 2135 -1 2510 2140 2152 -1 1636 1611 1613 -1 1611 1636 1639 -1 2510 2509 2511 -1 2509 2510 2497 -1 2497 2510 2152 -1 2497 2152 2498 -1 2512 2461 2462 -1 2461 2512 2513 -1 2480 2514 2481 -1 2514 2480 2515 -1 2513 2460 2461 -1 2460 2513 2516 -1 2479 2517 2518 -1 2517 2479 2477 -1 2477 2519 2517 -1 2519 2477 2469 -1 2443 2472 2442 -1 2472 2443 2473 -1 2479 2515 2480 -1 2515 2479 2518 -1 2463 2512 2462 -1 2512 2463 2520 -1 2469 2521 2519 -1 2521 2469 2467 -1 2521 2517 2519 -1 2517 2521 2518 -1 2518 2521 2522 -1 2518 2522 2515 -1 2515 2522 2523 -1 2515 2523 2514 -1 2514 2523 2516 -1 2514 2516 2524 -1 2524 2516 2513 -1 2524 2513 2525 -1 2525 2513 2512 -1 2525 2512 2526 -1 2526 2512 2520 -1 2526 2520 2527 -1 2459 2522 2468 -1 2522 2459 2523 -1 2460 2523 2459 -1 2523 2460 2516 -1 2468 2521 2467 -1 2521 2468 2522 -1 2528 2429 2431 -1 2429 2528 2529 -1 2530 2420 2531 -1 2420 2530 2419 -1 2532 2528 2533 -1 2528 2532 2529 -1 2529 2532 2530 -1 2529 2530 2534 -1 2534 2530 2531 -1 2534 2531 2535 -1 2535 2531 2536 -1 2535 2536 2537 -1 2537 2536 2538 -1 2537 2538 2539 -1 2539 2538 2540 -1 2539 2540 2541 -1 2541 2540 2542 -1 2541 2542 2543 -1 2481 2415 2478 -1 2415 2481 2514 -1 2514 2420 2415 -1 2420 2514 2531 -1 2533 2431 2416 -1 2431 2533 2528 -1 2535 2430 2534 -1 2430 2535 2432 -1 2532 2419 2530 -1 2419 2532 2418 -1 2543 2436 2541 -1 2436 2543 2437 -1 2537 2432 2535 -1 2432 2537 2433 -1 2532 2416 2418 -1 2416 2532 2533 -1 2436 2539 2541 -1 2539 2436 2435 -1 2435 2537 2539 -1 2537 2435 2433 -1 2534 2429 2529 -1 2429 2534 2430 -1 2470 2428 2466 -1 2428 2470 2417 -1 2425 2466 2428 -1 2466 2425 2458 -1 2421 2458 2425 -1 2458 2421 2457 -1 2423 2457 2421 -1 2457 2423 2455 -1 2544 2545 2546 -1 2545 2544 2547 -1 2547 2548 2545 -1 2548 2547 2549 -1 2550 2551 2552 -1 2551 2550 2553 -1 2551 2554 2552 -1 2554 2551 2555 -1 2556 2553 2550 -1 2553 2556 2557 -1 2558 2559 2560 -1 2559 2558 2561 -1 2562 2556 2563 -1 2556 2562 2557 -1 2559 2564 2560 -1 2564 2559 2565 -1 2548 2566 2567 -1 2566 2548 2549 -1 2567 2561 2558 -1 2561 2567 2566 -1 2565 2563 2564 -1 2563 2565 2562 -1 2549 2561 2566 -1 2561 2549 2559 -1 2559 2549 2547 -1 2559 2547 2565 -1 2565 2547 2544 -1 2565 2544 2562 -1 2562 2544 2568 -1 2562 2568 2557 -1 2557 2568 2569 -1 2557 2569 2553 -1 2553 2569 2570 -1 2553 2570 2551 -1 2551 2570 2571 -1 2551 2571 2555 -1 2507 335 336 -1 2572 1582 1578 -1 1582 2572 2447 -1 2447 2572 2449 -1 2449 2445 2447 -1 335 2509 332 -1 2509 335 2511 -1 2511 335 2507 -1 2511 2507 1582 -1 2511 1582 2447 -1 2492 2573 2574 -1 2573 2492 2496 -1 2483 2575 2506 -1 2575 2483 2482 -1 2482 2576 2575 -1 2576 2482 2484 -1 2484 2574 2576 -1 2574 2484 2492 -1 2573 2504 2577 -1 2504 2573 2496 -1 2578 2579 2580 -1 2579 2578 2581 -1 2581 2578 2582 -1 2581 2582 2583 -1 2583 2582 2584 -1 2583 2584 2585 -1 2585 2584 2586 -1 2585 2586 2587 -1 2587 2586 2588 -1 2587 2588 2589 -1 2589 2588 2590 -1 2589 2590 2591 -1 2591 2590 2592 -1 2591 2592 2593 -1 2581 2503 2579 -1 2503 2581 2505 -1 2579 2495 2580 -1 2495 2579 2503 -1 2580 2493 2578 -1 2493 2580 2495 -1 2486 2586 2584 -1 2586 2486 2487 -1 2577 2544 2546 -1 2544 2577 2501 -1 2501 2577 2504 -1 2544 2500 2585 -1 2500 2544 2501 -1 2585 2568 2544 -1 2568 2585 2587 -1 2568 2589 2569 -1 2589 2568 2587 -1 2569 2591 2570 -1 2591 2569 2589 -1 2591 2571 2570 -1 2571 2591 2593 -1 2586 2488 2588 -1 2488 2586 2487 -1 2494 2584 2582 -1 2584 2494 2486 -1 2577 2567 2573 -1 2567 2577 2548 -1 2548 2577 2545 -1 2545 2577 2546 -1 2575 325 2506 -1 325 2575 324 -1 324 2575 2576 -1 324 2576 327 -1 327 2576 2508 -1 2508 2576 2574 -1 2508 2574 2560 -1 2508 2560 2564 -1 2508 2564 1578 -1 2560 2574 2558 -1 2558 2574 2573 -1 2558 2573 2567 -1 1578 2564 2563 -1 1578 2563 2556 -1 1578 2556 2572 -1 2572 2556 2550 -1 2572 2550 2552 -1 2572 2552 2554 -1 2500 2583 2585 -1 2583 2500 2502 -1 2502 2581 2583 -1 2581 2502 2505 -1 2493 2582 2578 -1 2582 2493 2494 -1 2588 2489 2590 -1 2489 2588 2488 -1 2489 2592 2590 -1 2592 2489 2490 -1 2520 2542 2527 -1 2542 2520 2543 -1 2543 2520 2463 -1 2543 2463 2451 -1 2543 2451 2095 -1 2095 2451 2453 -1 2554 2592 2572 -1 2592 2554 2555 -1 2592 2555 2593 -1 2593 2555 2571 -1 2453 2100 2095 -1 2100 2453 2448 -1 2100 2448 2412 -1 2412 2448 2490 -1 2490 2448 2449 -1 2490 2449 2572 -1 2490 2572 2592 -1 2543 2414 2437 -1 2414 2543 2095 -1 1637 2491 1636 -1 2491 1637 1595 -1 1595 1616 1600 -1 1616 1595 1637 -1 1616 1636 1613 -1 1636 1616 1637 -1 1425 1445 1422 -1 1445 1425 1446 -1 1446 1425 2594 -1 1446 2438 1445 -1 2438 1446 1404 -1 2499 1616 1613 -1 1616 2499 1600 -1 1404 2594 2434 -1 2594 1404 1446 -1 2434 1425 1409 -1 1425 2434 2594 -1 2444 2135 2510 -1 2135 2444 2138 -1 2138 2444 2446 -1 2138 2446 2450 -1 1624 1582 1612 -1 1582 1624 1578 -1 2507 1612 1582 -1 1612 2507 1611 -1 1624 2508 1578 -1 2508 1624 1639 -1 2450 2139 2138 -1 2139 2450 2452 -1 2427 1425 1422 -1 1425 2427 1409 -1 1433 1391 1421 -1 1391 1433 1387 -1 2464 1421 1391 -1 1421 2464 1420 -1 2444 2511 2447 -1 2511 2444 2510 -1 2471 2138 2139 -1 2138 2471 2135 -1 1433 2476 1387 -1 2476 1433 1448 -1 1448 2475 2476 -1 2475 1448 2440 -1 2440 1448 1445 -1 2440 1445 2438 -1 1445 1420 1422 -1 1420 1445 1448 -1 2527 2540 2526 -1 2540 2527 2542 -1 2538 2524 2525 -1 2524 2538 2536 -1 2540 2525 2526 -1 2525 2540 2538 -1 2524 2531 2514 -1 2531 2524 2536 -1 2439 2475 2440 -1 2475 2439 2474 -1 2441 2114 2140 -1 2114 2441 2116 -1 2426 2454 2424 -1 2454 2426 2465 -1 2595 2596 2597 -1 2596 2595 2598 -1 2596 2599 2600 -1 2599 2596 2598 -1 2599 2598 2601 -1 2599 2601 2602 -1 2603 2604 2605 -1 2604 2603 2595 -1 2595 2603 2606 -1 2604 2595 2597 -1 2607 2602 2601 -1 2602 2607 2608 -1 2608 2609 2602 -1 2609 2608 2610 -1 2609 2610 2611 -1 2611 2610 2612 -1 2612 2610 2613 -1 2612 2613 2614 -1 2598 1743 1761 -1 1743 2598 1744 -1 1744 2598 2595 -1 2602 2615 2616 -1 2615 2602 2609 -1 2610 2617 2618 -1 2617 2610 2608 -1 2619 2620 2621 -1 2620 2619 2622 -1 2620 2622 2623 -1 2623 2622 2599 -1 2599 2622 2600 -1 2623 2624 2620 -1 2625 2626 2627 -1 2626 2625 2628 -1 2628 2625 2629 -1 2629 2625 2630 -1 2630 2625 2631 -1 2611 2625 2632 -1 2625 2611 2633 -1 2633 2611 2612 -1 2631 2633 2634 -1 2633 2631 2625 -1 2635 2636 2637 -1 2638 2639 2640 -1 2639 2638 2641 -1 2641 2638 2642 -1 2642 2638 2643 -1 2644 1530 2645 -1 1530 2644 2636 -1 1530 2636 2635 -1 1530 2635 1200 -1 1530 1200 1507 -1 2646 2647 2648 -1 2647 2646 2649 -1 2649 2646 2650 -1 2649 2650 2651 -1 2651 2650 2652 -1 2652 2650 2653 -1 2652 2653 2654 -1 2652 2654 2655 -1 2652 2655 1205 -1 2654 2653 2656 -1 2656 2653 2640 -1 2656 2640 2639 -1 1205 2655 2657 -1 1205 2657 2658 -1 1205 2658 2659 -1 2659 2658 1200 -1 1200 2658 2660 -1 2661 2662 2663 -1 2662 2661 2664 -1 2662 2664 1752 -1 1752 2664 2604 -1 2604 2664 2605 -1 2605 2664 2660 -1 2605 2660 2658 -1 2605 2658 2665 -1 2605 2665 2666 -1 2605 2666 2667 -1 2668 2660 2669 -1 2660 2668 1507 -1 2660 1507 1200 -1 2595 1718 1744 -1 1718 2595 2606 -1 2670 2608 2607 -1 2608 2670 2617 -1 2604 1750 1752 -1 1750 2604 2597 -1 2623 2602 2616 -1 2602 2623 2599 -1 2671 2672 2673 -1 2672 2671 2674 -1 2674 2671 2675 -1 2675 2671 2613 -1 2613 2671 2614 -1 2676 2677 2678 -1 2677 2676 2674 -1 2674 2676 2679 -1 2674 2679 2680 -1 2674 2680 2672 -1 2670 2681 2682 -1 2681 2572 2683 -1 2572 2681 2684 -1 2684 2681 2670 -1 2684 2670 2607 -1 2684 2607 2601 -1 1555 2685 1491 -1 2685 1555 1539 -1 2685 1539 2668 -1 2668 1539 1540 -1 2668 1540 1536 -1 2668 1536 1507 -1 2686 2687 2688 -1 2687 2686 2689 -1 2689 2686 2690 -1 2603 1718 2606 -1 1718 2603 2691 -1 2691 2603 2692 -1 2692 2603 2693 -1 2693 2603 2694 -1 2694 2603 2695 -1 2695 2603 2696 -1 2697 1491 2685 -1 1491 2697 2692 -1 1491 2692 1496 -1 1496 2692 1183 -1 1183 2692 1187 -1 1187 2692 2698 -1 2698 2692 2693 -1 2699 2686 2700 -1 2686 2699 2690 -1 2690 2699 2701 -1 2701 2699 2702 -1 2702 2699 2703 -1 2703 2699 1187 -1 2701 2702 2704 -1 2701 2704 2705 -1 2703 1187 2698 -1 2706 2707 2708 -1 2707 2706 2691 -1 2691 2706 1718 -1 1496 2709 2710 -1 2709 1496 2711 -1 2711 1496 2712 -1 2712 1496 2713 -1 2713 1496 1183 -1 2705 2714 2715 -1 2714 2705 2704 -1 2715 2714 2716 -1 2715 2716 2717 -1 2715 2717 2718 -1 2610 2675 2613 -1 2675 2610 2618 -1 2675 2618 2632 -1 2632 2618 2615 -1 2632 2615 2609 -1 2632 2609 2611 -1 2719 2707 2691 -1 2707 2719 2720 -1 2707 2720 2661 -1 2661 2720 2721 -1 2661 2721 2722 -1 2661 2722 2664 -1 1762 1750 2596 -1 2596 1750 2597 -1 2596 2622 1762 -1 2622 2596 2600 -1 2662 1750 1745 -1 1750 2662 1752 -1 2664 2723 2660 -1 2723 2664 2722 -1 2723 2721 2724 -1 2721 2723 2722 -1 1221 1241 1218 -1 1241 1221 1242 -1 1242 1221 2725 -1 1242 2635 1241 -1 2635 1242 1200 -1 2706 1744 1718 -1 1744 2706 1743 -1 2598 2684 2601 -1 2684 2598 1761 -1 2697 2726 2692 -1 2726 2697 2727 -1 2727 2697 2669 -1 2727 2669 2724 -1 2724 2669 2723 -1 2723 2669 2660 -1 1200 2725 2659 -1 2725 1200 1242 -1 2659 1221 1205 -1 1221 2659 2725 -1 1539 1522 1521 -1 1522 1539 1555 -1 2719 2727 2720 -1 2727 2719 2726 -1 2719 2692 2726 -1 2692 2719 2691 -1 1555 1496 1522 -1 1496 1555 1491 -1 2652 1221 1218 -1 1221 2652 1205 -1 2625 2675 2632 -1 2675 2625 2674 -1 1229 1187 1217 -1 1187 1229 1183 -1 2624 2681 2620 -1 2681 2624 2682 -1 2699 1217 1187 -1 1217 2699 1216 -1 2621 2681 2683 -1 2681 2621 2620 -1 1229 2713 1183 -1 2713 1229 1244 -1 2674 2627 2677 -1 2627 2674 2625 -1 2621 2572 2619 -1 2572 2621 2683 -1 2624 2670 2682 -1 2670 2624 2617 -1 2617 2624 2616 -1 2616 2624 2623 -1 2615 2617 2616 -1 2617 2615 2618 -1 2663 2706 2708 -1 2706 2663 1743 -1 1743 2663 1745 -1 1745 2663 2662 -1 1761 2572 2684 -1 2572 1761 2619 -1 2619 1761 1762 -1 2619 1762 2622 -1 2626 2677 2627 -1 2677 2626 2678 -1 1762 1743 1745 -1 1743 1762 1761 -1 1244 2712 2713 -1 2712 1244 2637 -1 2637 1244 1241 -1 2637 1241 2635 -1 1241 1216 1218 -1 1216 1241 1244 -1 2728 2729 2730 -1 2729 2728 2731 -1 2732 2733 2734 -1 2733 2732 2735 -1 2729 2734 2730 -1 2734 2729 2732 -1 2733 2736 2737 -1 2736 2733 2735 -1 2636 2712 2637 -1 2712 2636 2711 -1 2710 1522 1496 -1 1522 2710 1521 -1 1521 2710 2645 -1 1521 2645 1523 -1 1523 2645 1528 -1 1528 2645 1530 -1 2651 2686 2649 -1 2686 2651 2700 -1 2647 2687 2648 -1 2687 2647 2688 -1 2738 2731 2728 -1 2731 2738 2739 -1 2739 2738 2696 -1 2739 2696 2603 -1 2739 2603 2605 -1 2605 2667 2739 -1 2638 2705 2715 -1 2705 2638 2640 -1 2711 2644 2709 -1 2644 2711 2636 -1 2688 2649 2686 -1 2649 2688 2647 -1 1507 1528 1530 -1 1528 1507 1536 -1 2700 1216 2699 -1 1216 2700 2651 -1 1216 2651 1218 -1 1218 2651 2652 -1 2663 2707 2661 -1 2707 2663 2708 -1 2668 2697 2685 -1 2697 2668 2669 -1 2721 2727 2724 -1 2727 2721 2720 -1 2740 2694 2695 -1 2694 2740 2741 -1 2717 2737 2718 -1 2737 2717 2742 -1 2634 2671 2673 -1 2671 2634 2633 -1 2741 2693 2694 -1 2693 2741 2743 -1 2626 2676 2678 -1 2676 2626 2628 -1 2630 2672 2680 -1 2672 2630 2631 -1 2629 2680 2679 -1 2680 2629 2630 -1 2716 2744 2745 -1 2744 2716 2714 -1 2714 2746 2744 -1 2746 2714 2704 -1 2671 2612 2614 -1 2612 2671 2633 -1 2631 2673 2672 -1 2673 2631 2634 -1 2645 2709 2644 -1 2709 2645 2710 -1 2716 2742 2717 -1 2742 2716 2745 -1 2696 2740 2695 -1 2740 2696 2738 -1 2704 2747 2746 -1 2747 2704 2702 -1 2747 2744 2746 -1 2744 2747 2745 -1 2745 2747 2748 -1 2745 2748 2742 -1 2742 2748 2749 -1 2742 2749 2737 -1 2737 2749 2743 -1 2737 2743 2733 -1 2733 2743 2741 -1 2733 2741 2734 -1 2734 2741 2740 -1 2734 2740 2730 -1 2730 2740 2738 -1 2730 2738 2728 -1 2628 2679 2676 -1 2679 2628 2629 -1 2698 2748 2703 -1 2748 2698 2749 -1 2693 2749 2698 -1 2749 2693 2743 -1 2703 2747 2702 -1 2747 2703 2748 -1 2750 2654 2656 -1 2654 2750 2751 -1 2752 2643 2736 -1 2643 2752 2642 -1 2753 2750 2754 -1 2750 2753 2751 -1 2751 2753 2752 -1 2751 2752 2755 -1 2755 2752 2736 -1 2755 2736 2756 -1 2756 2736 2735 -1 2756 2735 2757 -1 2757 2735 2732 -1 2757 2732 2758 -1 2758 2732 2729 -1 2758 2729 2759 -1 2759 2729 2731 -1 2759 2731 2739 -1 2718 2638 2715 -1 2638 2718 2737 -1 2737 2643 2638 -1 2643 2737 2736 -1 2754 2656 2639 -1 2656 2754 2750 -1 2756 2655 2755 -1 2655 2756 2657 -1 2753 2642 2752 -1 2642 2753 2641 -1 2739 2666 2759 -1 2666 2739 2667 -1 2757 2657 2756 -1 2657 2757 2658 -1 2753 2639 2641 -1 2639 2753 2754 -1 2666 2758 2759 -1 2758 2666 2665 -1 2665 2757 2758 -1 2757 2665 2658 -1 2755 2654 2751 -1 2654 2755 2655 -1 2705 2653 2701 -1 2653 2705 2640 -1 2650 2701 2653 -1 2701 2650 2690 -1 2646 2690 2650 -1 2690 2646 2689 -1 2648 2689 2646 -1 2689 2648 2687 -1 2625 2674 2677 -1 2677 2627 2625 -1 2760 2683 2621 -1 2621 2761 2760 -1 2762 2761 2621 -1 2621 2620 2762 -1 2620 2624 2762 -1 2624 2763 2762 -1 2764 2763 2624 -1 2765 2766 2767 -1 2767 2682 2765 -1 2767 2768 2682 -1 2768 2624 2682 -1 2768 2764 2624 -1 2769 2770 2675 -1 2675 2771 2769 -1 2675 2632 2771 -1 2632 2772 2771 -1 2772 2773 2771 -1 2774 2675 2770 -1 2770 2775 2776 -1 2776 2774 2770 -1 2765 2682 2681 -1 2681 2683 2760 -1 2760 2777 2681 -1 2777 2765 2681 -1 2778 2766 2765 -1 2765 2777 2778 -1 2779 2780 2781 -1 2781 2782 2779 -1 2780 2783 2784 -1 2784 2781 2780 -1 2785 2786 2787 -1 2787 2788 2785 -1 2787 2784 2788 -1 2787 2781 2784 -1 2785 2789 2790 -1 2790 2791 2785 -1 2786 2785 2791 -1 2791 2792 2786 -1 2786 2793 2794 -1 2794 2787 2786 -1 2794 2781 2787 -1 2794 2782 2781 -1 2783 2791 2790 -1 2790 2795 2783 -1 2796 2797 2626 -1 2776 2775 2798 -1 2798 2678 2776 -1 2798 2779 2678 -1 2779 2626 2678 -1 2779 2796 2626 -1 2762 2763 2764 -1 2764 2799 2762 -1 2780 2792 2791 -1 2791 2783 2780 -1 2783 2795 2800 -1 2800 2784 2783 -1 2767 2769 2771 -1 2771 2768 2767 -1 2793 2786 2792 -1 2792 2798 2793 -1 2800 2795 2790 -1 2790 2789 2800 -1 2779 2798 2792 -1 2792 2780 2779 -1 2772 2797 2796 -1 2796 2773 2772 -1 2793 2798 2767 -1 2767 2778 2793 -1 2767 2766 2778 -1 2798 2775 2769 -1 2769 2767 2798 -1 2775 2770 2769 -1 2793 2778 2760 -1 2760 2794 2793 -1 2760 2761 2794 -1 2761 2762 2794 -1 2762 2799 2794 -1 2799 2782 2794 -1 2777 2760 2778 -1 2779 2782 2771 -1 2771 2796 2779 -1 2771 2773 2796 -1 2782 2799 2768 -1 2768 2771 2782 -1 2799 2764 2768 -1 2789 2785 2788 -1 2788 2800 2789 -1 2788 2784 2800 -1 2776 2678 2677 -1 2677 2674 2776 -1 2674 2675 2776 -1 2675 2774 2776 -1 2772 2632 2625 -1 2626 2797 2625 -1 2797 2772 2625 -1 2801 2802 2803 -1 2802 2801 2804 -1 2802 2804 2805 -1 2805 2804 2806 -1 2805 2806 2807 -1 2807 2806 2808 -1 2807 2808 2809 -1 2809 2808 2810 -1 2809 2810 2811 -1 2811 2810 2812 -1 2807 2813 2814 -1 2813 2807 2809 -1 2805 2814 2815 -1 2814 2805 2807 -1 2802 2816 2803 -1 2816 2802 2817 -1 2818 2810 2819 -1 2810 2818 2812 -1 2803 2820 2801 -1 2820 2803 2816 -1 2804 2820 2821 -1 2820 2804 2801 -1 2822 2812 2818 -1 2812 2822 2811 -1 2817 2820 2816 -1 2820 2817 2815 -1 2820 2815 2821 -1 2821 2815 2823 -1 2823 2815 2814 -1 2823 2814 2813 -1 2823 2813 2824 -1 2824 2813 2819 -1 2819 2813 2822 -1 2819 2822 2818 -1 2802 2815 2817 -1 2815 2802 2805 -1 2808 2823 2824 -1 2823 2808 2806 -1 2809 2822 2813 -1 2822 2809 2811 -1 2810 2824 2819 -1 2824 2810 2808 -1 2806 2821 2823 -1 2821 2806 2804 -1 2825 2826 2827 -1 2826 2825 2828 -1 2826 2828 2829 -1 2829 2828 2830 -1 2829 2830 2831 -1 2831 2830 2832 -1 2831 2832 2833 -1 2833 2832 2834 -1 2833 2834 2835 -1 2835 2834 2836 -1 2831 2837 2838 -1 2837 2831 2833 -1 2829 2838 2839 -1 2838 2829 2831 -1 2826 2840 2827 -1 2840 2826 2841 -1 2842 2834 2843 -1 2834 2842 2836 -1 2827 2844 2825 -1 2844 2827 2840 -1 2828 2844 2845 -1 2844 2828 2825 -1 2846 2836 2842 -1 2836 2846 2835 -1 2841 2844 2840 -1 2844 2841 2839 -1 2844 2839 2845 -1 2845 2839 2847 -1 2847 2839 2838 -1 2847 2838 2837 -1 2847 2837 2848 -1 2848 2837 2843 -1 2843 2837 2846 -1 2843 2846 2842 -1 2826 2839 2841 -1 2839 2826 2829 -1 2832 2847 2848 -1 2847 2832 2830 -1 2833 2846 2837 -1 2846 2833 2835 -1 2834 2848 2843 -1 2848 2834 2832 -1 2830 2845 2847 -1 2845 2830 2828 -1 2849 2850 2851 -1 2850 2849 2852 -1 2853 2849 2854 -1 2849 2853 2852 -1 2849 2855 2854 -1 2855 2849 2851 -1 2850 2853 2856 -1 2853 2850 2852 -1 2850 2855 2851 -1 2855 2850 2856 -1 2853 2855 2856 -1 2855 2853 2854 -1 2857 2858 2859 -1 2858 2857 2860 -1 2861 2862 2863 -1 2862 2861 2864 -1 2865 2857 2866 -1 2857 2865 2860 -1 2860 2865 2867 -1 2864 2868 2862 -1 2868 2864 2869 -1 2870 2863 2871 -1 2863 2870 2861 -1 2872 2873 2874 -1 2873 2872 2875 -1 2870 2876 2867 -1 2876 2870 2873 -1 2876 2873 2875 -1 2867 2877 2860 -1 2877 2867 2876 -1 2860 2877 2858 -1 2858 2878 2859 -1 2878 2858 2877 -1 2878 2876 2879 -1 2876 2878 2877 -1 2880 2868 2881 -1 2868 2880 2862 -1 2880 2882 2883 -1 2882 2880 2884 -1 2882 2884 2885 -1 2882 2885 2886 -1 2883 2862 2880 -1 2862 2883 2863 -1 2876 2872 2879 -1 2872 2876 2875 -1 2883 2865 2866 -1 2865 2883 2882 -1 2865 2882 2886 -1 2865 2886 2867 -1 2861 2885 2864 -1 2885 2861 2886 -1 2870 2886 2861 -1 2886 2870 2867 -1 2881 2884 2880 -1 2884 2881 2887 -1 2884 2887 2885 -1 2866 2878 2871 -1 2878 2866 2857 -1 2878 2857 2859 -1 2871 2879 2874 -1 2879 2871 2878 -1 2874 2879 2872 -1 2887 2868 2869 -1 2868 2887 2881 -1 2866 2863 2883 -1 2863 2866 2871 -1 2873 2871 2874 -1 2871 2873 2870 -1 2864 2887 2869 -1 2887 2864 2885 -1 2888 2889 2890 -1 2889 2888 2891 -1 2892 2893 2894 -1 2893 2892 2895 -1 2896 2888 2897 -1 2888 2896 2891 -1 2891 2896 2898 -1 2895 2899 2893 -1 2899 2895 2900 -1 2901 2894 2902 -1 2894 2901 2892 -1 2903 2904 2905 -1 2904 2903 2906 -1 2901 2907 2898 -1 2907 2901 2904 -1 2907 2904 2906 -1 2898 2908 2891 -1 2908 2898 2907 -1 2891 2908 2889 -1 2889 2909 2890 -1 2909 2889 2908 -1 2909 2907 2910 -1 2907 2909 2908 -1 2911 2899 2912 -1 2899 2911 2893 -1 2911 2913 2914 -1 2913 2911 2915 -1 2913 2915 2916 -1 2913 2916 2917 -1 2914 2893 2911 -1 2893 2914 2894 -1 2907 2903 2910 -1 2903 2907 2906 -1 2914 2896 2897 -1 2896 2914 2913 -1 2896 2913 2917 -1 2896 2917 2898 -1 2892 2916 2895 -1 2916 2892 2917 -1 2901 2917 2892 -1 2917 2901 2898 -1 2912 2915 2911 -1 2915 2912 2918 -1 2915 2918 2916 -1 2897 2909 2902 -1 2909 2897 2888 -1 2909 2888 2890 -1 2902 2910 2905 -1 2910 2902 2909 -1 2905 2910 2903 -1 2918 2899 2900 -1 2899 2918 2912 -1 2897 2894 2914 -1 2894 2897 2902 -1 2904 2902 2905 -1 2902 2904 2901 -1 2895 2918 2900 -1 2918 2895 2916 -1 2919 2920 2921 -1 2920 2919 2922 -1 2921 2923 2924 -1 2923 2921 2920 -1 2925 2926 2927 -1 2926 2925 2928 -1 2920 2929 2930 -1 2929 2920 2922 -1 2923 2930 2931 -1 2930 2923 2920 -1 2926 2932 2933 -1 2932 2926 2928 -1 2923 2934 2935 -1 2934 2923 2931 -1 2927 2936 2937 -1 2936 2927 2926 -1 2924 2935 2938 -1 2935 2924 2923 -1 2937 2925 2927 -1 2925 2937 2939 -1 2939 2937 2940 -1 2941 2922 2919 -1 2922 2941 2942 -1 2943 2944 2945 -1 2944 2943 2946 -1 2946 2947 2944 -1 2947 2946 2948 -1 2949 2946 2943 -1 2946 2949 2950 -1 2951 2952 2953 -1 2952 2951 2954 -1 2953 2955 2956 -1 2955 2953 2952 -1 2926 2957 2936 -1 2957 2926 2933 -1 2922 2958 2929 -1 2958 2922 2942 -1 2933 2958 2942 -1 2958 2933 2932 -1 2941 2933 2942 -1 2933 2941 2957 -1 2940 2941 2959 -1 2941 2940 2957 -1 2957 2940 2936 -1 2936 2940 2937 -1 2960 2961 2962 -1 2961 2960 2963 -1 2963 2960 2964 -1 2963 2964 2965 -1 2965 2964 2966 -1 2965 2966 2967 -1 2967 2966 2921 -1 2967 2921 2924 -1 2967 2924 2968 -1 2921 2966 2919 -1 2919 2966 2959 -1 2919 2959 2941 -1 2968 2924 2938 -1 2965 2969 2970 -1 2969 2965 2967 -1 2970 2969 2971 -1 2971 2969 2955 -1 2955 2969 2972 -1 2970 2971 2973 -1 2970 2973 2974 -1 2955 2972 2956 -1 2974 2975 2976 -1 2975 2974 2973 -1 2976 2975 2949 -1 2976 2949 2943 -1 2976 2943 2945 -1 2952 2977 2978 -1 2977 2952 2954 -1 2979 2940 2959 -1 2940 2979 2939 -1 2968 2934 2980 -1 2934 2968 2938 -1 2934 2938 2935 -1 2981 2961 2982 -1 2961 2981 2962 -1 2983 2974 2976 -1 2974 2983 2984 -1 2974 2985 2970 -1 2985 2974 2984 -1 2983 2986 2984 -1 2986 2983 2987 -1 2987 2983 2948 -1 2948 2983 2947 -1 2988 2981 2982 -1 2981 2988 2989 -1 2989 2988 2990 -1 2990 2988 2991 -1 2990 2991 2985 -1 2990 2985 2992 -1 2992 2985 2977 -1 2992 2977 2954 -1 2992 2954 2993 -1 2977 2985 2994 -1 2994 2985 2984 -1 2994 2984 2986 -1 2993 2954 2951 -1 2990 2995 2996 -1 2995 2990 2992 -1 2996 2995 2930 -1 2930 2995 2931 -1 2931 2995 2980 -1 2996 2930 2929 -1 2996 2929 2979 -1 2931 2980 2934 -1 2979 2958 2939 -1 2958 2979 2929 -1 2939 2958 2932 -1 2939 2932 2928 -1 2939 2928 2925 -1 2982 2963 2988 -1 2963 2982 2961 -1 2988 2965 2991 -1 2965 2988 2963 -1 2976 2947 2983 -1 2947 2976 2945 -1 2947 2945 2944 -1 2990 2960 2989 -1 2960 2990 2964 -1 2991 2970 2985 -1 2970 2991 2965 -1 2980 2967 2968 -1 2967 2980 2995 -1 2969 2995 2992 -1 2995 2969 2967 -1 2956 2951 2953 -1 2951 2956 2993 -1 2993 2956 2972 -1 2996 2964 2990 -1 2964 2996 2966 -1 2996 2959 2966 -1 2959 2996 2979 -1 2989 2962 2981 -1 2962 2989 2960 -1 2969 2993 2972 -1 2993 2969 2992 -1 2975 2950 2949 -1 2950 2975 2997 -1 2946 2987 2948 -1 2987 2946 2950 -1 2973 2997 2975 -1 2997 2973 2998 -1 2950 2986 2987 -1 2986 2950 2997 -1 2973 2978 2998 -1 2978 2973 2971 -1 2978 2994 2998 -1 2994 2978 2977 -1 2997 2994 2986 -1 2994 2997 2998 -1 2952 2971 2955 -1 2971 2952 2978 -1 2999 3000 3001 -1 3000 2999 3002 -1 3003 3004 3005 -1 3004 3003 3006 -1 3007 2999 3008 -1 2999 3007 3002 -1 3002 3007 3009 -1 3006 3010 3004 -1 3010 3006 3011 -1 3012 3005 3013 -1 3005 3012 3003 -1 3014 3015 3016 -1 3015 3014 3017 -1 3012 3018 3009 -1 3018 3012 3015 -1 3018 3015 3017 -1 3009 3019 3002 -1 3019 3009 3018 -1 3002 3019 3000 -1 3000 3020 3001 -1 3020 3000 3019 -1 3020 3018 3021 -1 3018 3020 3019 -1 3022 3010 3023 -1 3010 3022 3004 -1 3022 3024 3025 -1 3024 3022 3026 -1 3024 3026 3027 -1 3024 3027 3028 -1 3025 3004 3022 -1 3004 3025 3005 -1 3018 3014 3021 -1 3014 3018 3017 -1 3025 3007 3008 -1 3007 3025 3024 -1 3007 3024 3028 -1 3007 3028 3009 -1 3003 3027 3006 -1 3027 3003 3028 -1 3012 3028 3003 -1 3028 3012 3009 -1 3023 3026 3022 -1 3026 3023 3029 -1 3026 3029 3027 -1 3008 3020 3013 -1 3020 3008 2999 -1 3020 2999 3001 -1 3013 3021 3016 -1 3021 3013 3020 -1 3016 3021 3014 -1 3029 3010 3011 -1 3010 3029 3023 -1 3008 3005 3025 -1 3005 3008 3013 -1 3015 3013 3016 -1 3013 3015 3012 -1 3006 3029 3011 -1 3029 3006 3027 -1 3030 3031 3032 -1 3031 3030 3033 -1 3032 3034 3035 -1 3034 3032 3031 -1 3036 3037 3038 -1 3037 3036 3039 -1 3031 3040 3041 -1 3040 3031 3033 -1 3034 3041 3042 -1 3041 3034 3031 -1 3037 3043 3044 -1 3043 3037 3039 -1 3034 620 3045 -1 620 3034 3042 -1 3038 3046 3047 -1 3046 3038 3037 -1 3035 3045 3048 -1 3045 3035 3034 -1 3047 3036 3038 -1 3036 3047 3049 -1 3049 3047 3050 -1 3051 3033 3030 -1 3033 3051 3052 -1 3053 3054 3055 -1 3054 3053 3056 -1 3056 3057 3054 -1 3057 3056 3058 -1 3059 3056 3053 -1 3056 3059 3060 -1 3061 3062 3063 -1 3062 3061 3064 -1 3063 3065 3066 -1 3065 3063 3062 -1 3037 3067 3046 -1 3067 3037 3044 -1 3033 3068 3040 -1 3068 3033 3052 -1 3044 3068 3052 -1 3068 3044 3043 -1 3051 3044 3052 -1 3044 3051 3067 -1 3050 3051 3069 -1 3051 3050 3067 -1 3067 3050 3046 -1 3046 3050 3047 -1 3070 3071 3072 -1 3071 3070 3073 -1 3073 3070 3074 -1 3073 3074 3075 -1 3075 3074 3076 -1 3075 3076 3077 -1 3077 3076 3032 -1 3077 3032 3035 -1 3077 3035 3078 -1 3032 3076 3030 -1 3030 3076 3069 -1 3030 3069 3051 -1 3078 3035 3048 -1 3075 3079 3080 -1 3079 3075 3077 -1 3080 3079 3081 -1 3081 3079 3065 -1 3065 3079 3082 -1 3080 3081 3083 -1 3080 3083 3084 -1 3065 3082 3066 -1 3084 3085 3086 -1 3085 3084 3083 -1 3086 3085 3059 -1 3086 3059 3053 -1 3086 3053 3055 -1 3062 3087 3088 -1 3087 3062 3064 -1 3089 3050 3069 -1 3050 3089 3049 -1 3078 620 621 -1 620 3078 3048 -1 620 3048 3045 -1 3090 3071 3091 -1 3071 3090 3072 -1 3092 3084 3086 -1 3084 3092 3093 -1 3084 3094 3080 -1 3094 3084 3093 -1 3092 3095 3093 -1 3095 3092 3096 -1 3096 3092 3058 -1 3058 3092 3057 -1 3097 3090 3091 -1 3090 3097 3098 -1 3098 3097 3099 -1 3099 3097 3100 -1 3099 3100 3094 -1 3099 3094 3101 -1 3101 3094 3087 -1 3101 3087 3064 -1 3101 3064 3102 -1 3087 3094 3103 -1 3103 3094 3093 -1 3103 3093 3095 -1 3102 3064 3061 -1 3099 3104 3105 -1 3104 3099 3101 -1 3105 3104 3041 -1 3041 3104 3042 -1 3042 3104 621 -1 3105 3041 3040 -1 3105 3040 3089 -1 3042 621 620 -1 3089 3068 3049 -1 3068 3089 3040 -1 3049 3068 3043 -1 3049 3043 3039 -1 3049 3039 3036 -1 3091 3073 3097 -1 3073 3091 3071 -1 3097 3075 3100 -1 3075 3097 3073 -1 3086 3057 3092 -1 3057 3086 3055 -1 3057 3055 3054 -1 3099 3070 3098 -1 3070 3099 3074 -1 3100 3080 3094 -1 3080 3100 3075 -1 621 3077 3078 -1 3077 621 3104 -1 3079 3104 3101 -1 3104 3079 3077 -1 3066 3061 3063 -1 3061 3066 3102 -1 3102 3066 3082 -1 3105 3074 3099 -1 3074 3105 3076 -1 3105 3069 3076 -1 3069 3105 3089 -1 3098 3072 3090 -1 3072 3098 3070 -1 3079 3102 3082 -1 3102 3079 3101 -1 3085 3060 3059 -1 3060 3085 3106 -1 3056 3096 3058 -1 3096 3056 3060 -1 3083 3106 3085 -1 3106 3083 3107 -1 3060 3095 3096 -1 3095 3060 3106 -1 3083 3088 3107 -1 3088 3083 3081 -1 3088 3103 3107 -1 3103 3088 3087 -1 3106 3103 3095 -1 3103 3106 3107 -1 3062 3081 3065 -1 3081 3062 3088 -1 3108 3109 3110 -1 3109 3108 3111 -1 3112 3113 3114 -1 3113 3112 3115 -1 3116 3108 3117 -1 3108 3116 3111 -1 3111 3116 3118 -1 3115 3119 3113 -1 3119 3115 3120 -1 3121 3114 3122 -1 3114 3121 3112 -1 3123 3124 3125 -1 3124 3123 3126 -1 3121 3127 3118 -1 3127 3121 3124 -1 3127 3124 3126 -1 3118 3128 3111 -1 3128 3118 3127 -1 3111 3128 3109 -1 3109 3129 3110 -1 3129 3109 3128 -1 3129 3127 3130 -1 3127 3129 3128 -1 3131 3119 3132 -1 3119 3131 3113 -1 3131 3133 3134 -1 3133 3131 3135 -1 3133 3135 3136 -1 3133 3136 3137 -1 3134 3113 3131 -1 3113 3134 3114 -1 3127 3123 3130 -1 3123 3127 3126 -1 3134 3116 3117 -1 3116 3134 3133 -1 3116 3133 3137 -1 3116 3137 3118 -1 3112 3136 3115 -1 3136 3112 3137 -1 3121 3137 3112 -1 3137 3121 3118 -1 3132 3135 3131 -1 3135 3132 3138 -1 3135 3138 3136 -1 3117 3129 3122 -1 3129 3117 3108 -1 3129 3108 3110 -1 3122 3130 3125 -1 3130 3122 3129 -1 3125 3130 3123 -1 3138 3119 3120 -1 3119 3138 3132 -1 3117 3114 3134 -1 3114 3117 3122 -1 3124 3122 3125 -1 3122 3124 3121 -1 3115 3138 3120 -1 3138 3115 3136 -1 3139 3140 3141 -1 3140 3139 3142 -1 3143 3144 3145 -1 3144 3143 3146 -1 3147 3139 3148 -1 3139 3147 3142 -1 3142 3147 3149 -1 3146 3150 3144 -1 3150 3146 3151 -1 3152 3145 3153 -1 3145 3152 3143 -1 3154 3155 3156 -1 3155 3154 3157 -1 3152 3158 3149 -1 3158 3152 3155 -1 3158 3155 3157 -1 3149 3159 3142 -1 3159 3149 3158 -1 3142 3159 3140 -1 3140 3160 3141 -1 3160 3140 3159 -1 3160 3158 3161 -1 3158 3160 3159 -1 3162 3150 3163 -1 3150 3162 3144 -1 3162 3164 3165 -1 3164 3162 3166 -1 3164 3166 3167 -1 3164 3167 3168 -1 3165 3144 3162 -1 3144 3165 3145 -1 3158 3154 3161 -1 3154 3158 3157 -1 3165 3147 3148 -1 3147 3165 3164 -1 3147 3164 3168 -1 3147 3168 3149 -1 3143 3167 3146 -1 3167 3143 3168 -1 3152 3168 3143 -1 3168 3152 3149 -1 3163 3166 3162 -1 3166 3163 3169 -1 3166 3169 3167 -1 3148 3160 3153 -1 3160 3148 3139 -1 3160 3139 3141 -1 3153 3161 3156 -1 3161 3153 3160 -1 3156 3161 3154 -1 3169 3150 3151 -1 3150 3169 3163 -1 3148 3145 3165 -1 3145 3148 3153 -1 3155 3153 3156 -1 3153 3155 3152 -1 3146 3169 3151 -1 3169 3146 3167 -1 3170 3171 3172 -1 3171 3170 3173 -1 3174 3175 3176 -1 3175 3174 3177 -1 3178 3170 3179 -1 3170 3178 3173 -1 3173 3178 3180 -1 3177 3181 3175 -1 3181 3177 3182 -1 3183 3176 3184 -1 3176 3183 3174 -1 3185 3186 3187 -1 3186 3185 3188 -1 3183 3189 3180 -1 3189 3183 3186 -1 3189 3186 3188 -1 3180 3190 3173 -1 3190 3180 3189 -1 3173 3190 3171 -1 3171 3191 3172 -1 3191 3171 3190 -1 3191 3189 3192 -1 3189 3191 3190 -1 3193 3181 3194 -1 3181 3193 3175 -1 3193 3195 3196 -1 3195 3193 3197 -1 3195 3197 3198 -1 3195 3198 3199 -1 3196 3175 3193 -1 3175 3196 3176 -1 3189 3185 3192 -1 3185 3189 3188 -1 3196 3178 3179 -1 3178 3196 3195 -1 3178 3195 3199 -1 3178 3199 3180 -1 3174 3198 3177 -1 3198 3174 3199 -1 3183 3199 3174 -1 3199 3183 3180 -1 3194 3197 3193 -1 3197 3194 3200 -1 3197 3200 3198 -1 3179 3191 3184 -1 3191 3179 3170 -1 3191 3170 3172 -1 3184 3192 3187 -1 3192 3184 3191 -1 3187 3192 3185 -1 3200 3181 3182 -1 3181 3200 3194 -1 3179 3176 3196 -1 3176 3179 3184 -1 3186 3184 3187 -1 3184 3186 3183 -1 3177 3200 3182 -1 3200 3177 3198 -1 3201 3202 3203 -1 3202 3201 3204 -1 3203 3205 3206 -1 3205 3203 3202 -1 3207 3208 3209 -1 3208 3207 3210 -1 3202 3211 3212 -1 3211 3202 3204 -1 3205 3212 3213 -1 3212 3205 3202 -1 3208 3214 3215 -1 3214 3208 3210 -1 3205 509 3216 -1 509 3205 3213 -1 3209 3217 3218 -1 3217 3209 3208 -1 3206 3216 501 -1 3216 3206 3205 -1 3218 3207 3209 -1 3207 3218 3219 -1 3219 3218 3220 -1 3221 3204 3201 -1 3204 3221 3222 -1 3223 3224 3225 -1 3224 3223 3226 -1 3226 3227 3224 -1 3227 3226 3228 -1 3229 3226 3223 -1 3226 3229 3230 -1 461 3231 3232 -1 3231 461 3233 -1 3232 3234 451 -1 3234 3232 3231 -1 3208 3235 3217 -1 3235 3208 3215 -1 3204 3236 3211 -1 3236 3204 3222 -1 3215 3236 3222 -1 3236 3215 3214 -1 3221 3215 3222 -1 3215 3221 3235 -1 3220 3221 3237 -1 3221 3220 3235 -1 3235 3220 3217 -1 3217 3220 3218 -1 3238 3239 3240 -1 3239 3238 3241 -1 3241 3238 3242 -1 3241 3242 3243 -1 3243 3242 3244 -1 3243 3244 556 -1 556 3244 3203 -1 556 3203 3206 -1 556 3206 564 -1 3203 3244 3201 -1 3201 3244 3237 -1 3201 3237 3221 -1 564 3206 501 -1 3243 554 3245 -1 554 3243 556 -1 3245 554 3246 -1 3246 554 3234 -1 3234 554 558 -1 3245 3246 3247 -1 3245 3247 3248 -1 3234 558 451 -1 3248 3249 3250 -1 3249 3248 3247 -1 3250 3249 3229 -1 3250 3229 3223 -1 3250 3223 3225 -1 3231 3251 3252 -1 3251 3231 3233 -1 3253 3220 3237 -1 3220 3253 3219 -1 509 501 3216 -1 3254 3239 3255 -1 3239 3254 3240 -1 3256 3248 3250 -1 3248 3256 3257 -1 3248 3258 3245 -1 3258 3248 3257 -1 3256 3259 3257 -1 3259 3256 3260 -1 3260 3256 3228 -1 3228 3256 3227 -1 3261 3254 3255 -1 3254 3261 3262 -1 3262 3261 3263 -1 3263 3261 3264 -1 3263 3264 3258 -1 3263 3258 557 -1 557 3258 3251 -1 557 3251 3233 -1 557 3233 559 -1 3251 3258 3265 -1 3265 3258 3257 -1 3265 3257 3259 -1 559 3233 461 -1 3263 555 3266 -1 555 3263 557 -1 3266 555 3212 -1 3212 555 3213 -1 3213 555 565 -1 3266 3212 3211 -1 3266 3211 3253 -1 3213 565 509 -1 3253 3236 3219 -1 3236 3253 3211 -1 3219 3236 3214 -1 3219 3214 3210 -1 3219 3210 3207 -1 3255 3241 3261 -1 3241 3255 3239 -1 3261 3243 3264 -1 3243 3261 3241 -1 3250 3227 3256 -1 3227 3250 3225 -1 3227 3225 3224 -1 3263 3238 3262 -1 3238 3263 3242 -1 3264 3245 3258 -1 3245 3264 3243 -1 565 556 564 -1 556 565 555 -1 451 461 3232 -1 3266 3242 3263 -1 3242 3266 3244 -1 3266 3237 3244 -1 3237 3266 3253 -1 3262 3240 3254 -1 3240 3262 3238 -1 554 559 558 -1 559 554 557 -1 3249 3230 3229 -1 3230 3249 3267 -1 3226 3260 3228 -1 3260 3226 3230 -1 3247 3267 3249 -1 3267 3247 3268 -1 3230 3259 3260 -1 3259 3230 3267 -1 3247 3252 3268 -1 3252 3247 3246 -1 3252 3265 3268 -1 3265 3252 3251 -1 3267 3265 3259 -1 3265 3267 3268 -1 3231 3246 3234 -1 3246 3231 3252 -1 3269 3270 3271 -1 3270 3269 3272 -1 3273 3274 3275 -1 3274 3273 3276 -1 3277 3269 3278 -1 3269 3277 3272 -1 3272 3277 3279 -1 3276 3280 3274 -1 3280 3276 3281 -1 3282 3275 3283 -1 3275 3282 3273 -1 3284 3285 3286 -1 3285 3284 3287 -1 3282 1966 3279 -1 1966 3282 3285 -1 1966 3285 3287 -1 3279 1969 3272 -1 1969 3279 1966 -1 3272 1969 3270 -1 3270 3288 3271 -1 3288 3270 1969 -1 3288 1966 3289 -1 1966 3288 1969 -1 3290 3280 3291 -1 3280 3290 3274 -1 3290 3292 3293 -1 3292 3290 3294 -1 3292 3294 3295 -1 3292 3295 3296 -1 3293 3274 3290 -1 3274 3293 3275 -1 1966 3284 3289 -1 3284 1966 3287 -1 3293 3277 3278 -1 3277 3293 3292 -1 3277 3292 3296 -1 3277 3296 3279 -1 3273 3295 3276 -1 3295 3273 3296 -1 3282 3296 3273 -1 3296 3282 3279 -1 3291 3294 3290 -1 3294 3291 3297 -1 3294 3297 3295 -1 3278 3288 3283 -1 3288 3278 3269 -1 3288 3269 3271 -1 3283 3289 3286 -1 3289 3283 3288 -1 3286 3289 3284 -1 3297 3280 3281 -1 3280 3297 3291 -1 3278 3275 3293 -1 3275 3278 3283 -1 3285 3283 3286 -1 3283 3285 3282 -1 3276 3297 3281 -1 3297 3276 3295 -1 538 3298 541 -1 3298 538 3299 -1 542 3300 539 -1 3300 542 3301 -1 3299 3301 3298 -1 3301 3299 3300 -1 539 3302 542 -1 3302 539 3303 -1 3304 3299 538 -1 3299 3304 3305 -1 3299 3305 3306 -1 3299 3306 665 -1 3305 3304 3307 -1 3307 3304 3308 -1 3308 3304 3309 -1 3309 3304 3310 -1 3309 3310 3311 -1 3311 3310 3312 -1 3312 3310 3313 -1 3313 3310 3314 -1 3313 3314 3315 -1 3313 3315 3316 -1 3317 3318 3319 -1 3318 3317 3320 -1 3320 3317 3321 -1 3320 3321 3322 -1 3320 3322 3303 -1 3320 3303 3323 -1 3323 3303 3324 -1 3324 3303 3325 -1 3325 3303 539 -1 3325 539 3326 -1 3326 539 3327 -1 3327 539 3328 -1 3328 539 632 -1 632 539 3300 -1 632 3300 665 -1 665 3300 3299 -1 3329 3330 3331 -1 3330 3329 3332 -1 3332 3329 3333 -1 3333 3329 3334 -1 3334 3329 3302 -1 3302 3329 3335 -1 3302 3335 3336 -1 3302 3336 3337 -1 3302 3337 542 -1 542 3337 3338 -1 542 3338 3339 -1 542 3339 3340 -1 542 3340 625 -1 542 625 3301 -1 3301 625 658 -1 3301 658 3298 -1 3298 658 541 -1 541 658 3341 -1 541 3341 3342 -1 541 3342 3343 -1 3343 3342 3344 -1 3343 3344 3345 -1 3343 3345 3346 -1 3343 3346 3347 -1 3347 3346 3348 -1 3347 3348 3349 -1 3347 3349 3350 -1 3347 3350 3351 -1 3351 3350 3352 -1 3352 3350 3353 -1 3337 3354 3338 -1 3354 3337 3355 -1 3327 3356 3357 -1 3356 3327 3328 -1 632 3356 3328 -1 3356 632 3358 -1 3357 3340 3339 -1 3340 3357 3356 -1 3338 3357 3339 -1 3357 3338 3354 -1 3326 3357 3354 -1 3357 3326 3327 -1 3356 625 3340 -1 625 3356 3358 -1 3324 3355 3359 -1 3355 3324 3325 -1 3360 3320 3323 -1 3320 3360 3361 -1 3335 3359 3336 -1 3359 3335 3360 -1 3329 3360 3335 -1 3360 3329 3361 -1 3323 3359 3360 -1 3359 3323 3324 -1 3362 665 3306 -1 665 3362 3363 -1 3331 3361 3329 -1 3361 3331 3318 -1 3361 3318 3320 -1 3325 3354 3355 -1 3354 3325 3326 -1 3336 3355 3337 -1 3355 3336 3359 -1 3347 3304 3343 -1 3304 3347 3310 -1 3358 658 625 -1 658 3358 3363 -1 3363 3358 632 -1 3363 632 665 -1 3364 3349 3348 -1 3349 3364 3365 -1 3366 3348 3346 -1 3348 3366 3364 -1 3367 3346 3345 -1 3346 3367 3366 -1 3368 3345 3344 -1 3345 3368 3367 -1 3369 3344 3342 -1 3344 3369 3368 -1 3341 3369 3342 -1 3369 3341 3362 -1 3306 3369 3362 -1 3369 3306 3305 -1 3308 3366 3367 -1 3366 3308 3309 -1 3311 3366 3309 -1 3366 3311 3364 -1 3312 3364 3311 -1 3364 3312 3365 -1 658 3362 3341 -1 3362 658 3363 -1 3305 3368 3369 -1 3368 3305 3307 -1 3307 3367 3368 -1 3367 3307 3308 -1 3352 3314 3351 -1 3314 3352 3315 -1 3351 3310 3347 -1 3310 3351 3314 -1 3353 3315 3352 -1 3315 3353 3316 -1 3318 3330 3319 -1 3330 3318 3331 -1 3349 3313 3350 -1 3313 3349 3365 -1 3313 3365 3312 -1 3343 538 541 -1 538 3343 3304 -1 3350 3316 3353 -1 3316 3350 3313 -1 3322 3333 3334 -1 3333 3322 3321 -1 3303 3334 3302 -1 3334 3303 3322 -1 3319 3332 3317 -1 3332 3319 3330 -1 3317 3333 3321 -1 3333 3317 3332 -1 3370 3371 3372 -1 3371 3370 3373 -1 3374 3375 3376 -1 3375 3374 3377 -1 3378 3370 3379 -1 3370 3378 3373 -1 3373 3378 3380 -1 3377 3381 3375 -1 3381 3377 3382 -1 3383 3376 3384 -1 3376 3383 3374 -1 3385 3386 3387 -1 3386 3385 3388 -1 3383 3389 3380 -1 3389 3383 3386 -1 3389 3386 3388 -1 3380 3390 3373 -1 3390 3380 3389 -1 3373 3390 3371 -1 3371 1971 3372 -1 1971 3371 3390 -1 1971 3389 1964 -1 3389 1971 3390 -1 3391 3381 3392 -1 3381 3391 3375 -1 3391 3393 3394 -1 3393 3391 3395 -1 3393 3395 3396 -1 3393 3396 3397 -1 3394 3375 3391 -1 3375 3394 3376 -1 3389 3385 1964 -1 3385 3389 3388 -1 3394 3378 3379 -1 3378 3394 3393 -1 3378 3393 3397 -1 3378 3397 3380 -1 3374 3396 3377 -1 3396 3374 3397 -1 3383 3397 3374 -1 3397 3383 3380 -1 3392 3395 3391 -1 3395 3392 3398 -1 3395 3398 3396 -1 3379 1971 3384 -1 1971 3379 3370 -1 1971 3370 3372 -1 3384 1964 3387 -1 1964 3384 1971 -1 3387 1964 3385 -1 3398 3381 3382 -1 3381 3398 3392 -1 3379 3376 3394 -1 3376 3379 3384 -1 3386 3384 3387 -1 3384 3386 3383 -1 3377 3398 3382 -1 3398 3377 3396 -1 3399 3400 3401 -1 3400 3399 3402 -1 3403 3404 3405 -1 3404 3403 3406 -1 3407 3399 3408 -1 3399 3407 3402 -1 3402 3407 3409 -1 3406 3410 3404 -1 3410 3406 3411 -1 3412 3405 3413 -1 3405 3412 3403 -1 3414 3415 3416 -1 3415 3414 3417 -1 3412 3418 3409 -1 3418 3412 3415 -1 3418 3415 3417 -1 3409 3419 3402 -1 3419 3409 3418 -1 3402 3419 3400 -1 3400 3420 3401 -1 3420 3400 3419 -1 3420 3418 3421 -1 3418 3420 3419 -1 3422 3410 3423 -1 3410 3422 3404 -1 3422 3424 3425 -1 3424 3422 3426 -1 3424 3426 3427 -1 3424 3427 3428 -1 3425 3404 3422 -1 3404 3425 3405 -1 3418 3414 3421 -1 3414 3418 3417 -1 3425 3407 3408 -1 3407 3425 3424 -1 3407 3424 3428 -1 3407 3428 3409 -1 3403 3427 3406 -1 3427 3403 3428 -1 3412 3428 3403 -1 3428 3412 3409 -1 3423 3426 3422 -1 3426 3423 3429 -1 3426 3429 3427 -1 3408 3420 3413 -1 3420 3408 3399 -1 3420 3399 3401 -1 3413 3421 3416 -1 3421 3413 3420 -1 3416 3421 3414 -1 3429 3410 3411 -1 3410 3429 3423 -1 3408 3405 3425 -1 3405 3408 3413 -1 3415 3413 3416 -1 3413 3415 3412 -1 3406 3429 3411 -1 3429 3406 3427 -1 3430 3431 3432 -1 3431 3430 3433 -1 3434 3435 3436 -1 3435 3434 3437 -1 3438 3430 3439 -1 3430 3438 3433 -1 3433 3438 3440 -1 3437 3441 3435 -1 3441 3437 3442 -1 3443 3436 3444 -1 3436 3443 3434 -1 3445 3446 3447 -1 3446 3445 3448 -1 3443 3449 3440 -1 3449 3443 3446 -1 3449 3446 3448 -1 3440 3450 3433 -1 3450 3440 3449 -1 3433 3450 3431 -1 3431 3451 3432 -1 3451 3431 3450 -1 3451 3449 3452 -1 3449 3451 3450 -1 3453 3441 3454 -1 3441 3453 3435 -1 3453 3455 3456 -1 3455 3453 3457 -1 3455 3457 3458 -1 3455 3458 3459 -1 3456 3435 3453 -1 3435 3456 3436 -1 3449 3445 3452 -1 3445 3449 3448 -1 3456 3438 3439 -1 3438 3456 3455 -1 3438 3455 3459 -1 3438 3459 3440 -1 3434 3458 3437 -1 3458 3434 3459 -1 3443 3459 3434 -1 3459 3443 3440 -1 3454 3457 3453 -1 3457 3454 3460 -1 3457 3460 3458 -1 3439 3451 3444 -1 3451 3439 3430 -1 3451 3430 3432 -1 3444 3452 3447 -1 3452 3444 3451 -1 3447 3452 3445 -1 3460 3441 3442 -1 3441 3460 3454 -1 3439 3436 3456 -1 3436 3439 3444 -1 3446 3444 3447 -1 3444 3446 3443 -1 3437 3460 3442 -1 3460 3437 3458 -1 3461 3462 3463 -1 3462 3461 3464 -1 3462 3465 3466 -1 3465 3462 3464 -1 3466 3467 3468 -1 3467 3466 3465 -1 3468 3469 3470 -1 3469 3468 3467 -1 98 3469 137 -1 3469 98 3470 -1 3471 3472 3473 -1 3472 3471 3461 -1 3474 3473 3472 -1 3473 3474 168 -1 168 154 167 -1 154 168 3475 -1 3475 168 3474 -1 3475 3476 154 -1 137 3477 77 -1 3477 137 3469 -1 3478 3469 3467 -1 3469 3478 3477 -1 3479 3467 3465 -1 3467 3479 3478 -1 3480 3465 3464 -1 3465 3480 3479 -1 3471 3464 3461 -1 3464 3471 3480 -1 3480 3471 3481 -1 153 3482 158 -1 3482 153 154 -1 3482 154 3483 -1 3483 154 3476 -1 3484 3461 3463 -1 3461 3484 3485 -1 3486 3487 3488 -1 3487 3486 3489 -1 1947 3490 1948 -1 3490 1947 3491 -1 3491 1947 1946 -1 1946 1947 3486 -1 3486 1947 3492 -1 3492 3471 3473 -1 422 168 167 -1 168 422 3473 -1 3473 422 3492 -1 3492 422 3486 -1 3486 422 3493 -1 3486 3493 3489 -1 3493 422 3494 -1 3494 422 443 -1 3493 3495 3489 -1 3495 3493 3496 -1 3495 3496 3497 -1 422 154 419 -1 154 422 167 -1 418 154 153 -1 154 418 419 -1 418 158 417 -1 158 418 153 -1 3482 417 158 -1 417 3482 3483 -1 417 3483 3476 -1 417 3476 420 -1 424 3476 3475 -1 3476 424 420 -1 3485 3472 3461 -1 3498 1945 1951 -1 1945 3498 3499 -1 1945 3499 1950 -1 1945 1950 3500 -1 1945 3500 3485 -1 3485 3500 3501 -1 3502 3503 3504 -1 3503 3502 3505 -1 3504 3503 3501 -1 3503 3505 3506 -1 3506 3505 3507 -1 3474 424 3475 -1 424 3474 3472 -1 424 3472 3485 -1 424 3485 3501 -1 424 3501 3503 -1 424 3503 3508 -1 424 3508 442 -1 77 3509 3510 -1 3509 77 3477 -1 3509 3477 3511 -1 3511 3477 3478 -1 3511 3478 3479 -1 3511 3479 3480 -1 3511 3480 3512 -1 3512 3480 3481 -1 3513 3514 3515 -1 3514 3513 98 -1 98 3513 3470 -1 3470 3513 3468 -1 3468 3513 3466 -1 3466 3513 3462 -1 3462 3513 3484 -1 3462 3484 3463 -1 442 420 424 -1 420 442 419 -1 419 443 422 -1 443 419 442 -1 420 418 417 -1 418 420 419 -1 3497 3506 3507 -1 3506 3497 3496 -1 3506 3493 3503 -1 3493 3506 3496 -1 3493 3508 3503 -1 3508 3493 3494 -1 3508 443 442 -1 443 3508 3494 -1 3516 3517 69 -1 3517 3516 3518 -1 3519 3520 138 -1 3520 3519 3521 -1 3520 3521 3522 -1 3520 3522 3523 -1 98 3520 3514 -1 3520 98 137 -1 3520 137 77 -1 3520 77 3516 -1 3520 3516 69 -1 3516 77 3510 -1 69 138 3520 -1 295 302 303 -1 295 303 3524 -1 298 293 299 -1 299 293 3525 -1 3525 295 3524 -1 295 3525 293 -1 3525 3526 3527 -1 3526 3525 3528 -1 3528 3525 3524 -1 3528 3524 3529 -1 297 295 301 -1 295 297 293 -1 3530 302 300 -1 302 3530 3531 -1 3532 3524 303 -1 3524 3532 3529 -1 3529 3532 3533 -1 302 3532 303 -1 3532 302 3531 -1 3534 300 301 -1 300 3534 3530 -1 3535 297 3536 -1 297 3535 293 -1 295 3534 301 -1 3534 295 3537 -1 3536 296 3538 -1 296 3536 297 -1 3538 298 3539 -1 298 3538 296 -1 3539 299 3540 -1 299 3539 298 -1 3540 3527 3541 -1 3527 3540 299 -1 3527 299 3525 -1 3542 3543 3544 -1 3543 3542 3545 -1 3543 3545 3546 -1 3546 3545 3547 -1 3547 3545 3548 -1 3548 2604 3549 -1 2604 3548 3550 -1 2604 3550 1729 -1 3550 3548 3551 -1 3551 3548 3552 -1 3552 3548 3545 -1 3551 3552 3553 -1 3554 3547 3555 -1 3547 3554 3546 -1 2600 3556 2599 -1 3556 2600 1729 -1 3556 1729 3550 -1 3556 3550 3557 -1 3556 3557 3558 -1 3558 3557 3559 -1 3558 3559 3560 -1 3558 3560 3561 -1 3561 3560 3534 -1 3560 3559 3562 -1 3560 3530 3534 -1 3530 3560 3563 -1 3530 3563 3531 -1 3531 3563 3532 -1 3532 3563 3533 -1 3533 3563 3564 -1 3537 3561 3534 -1 2611 3565 3566 -1 3565 2611 3558 -1 3565 3558 3567 -1 3567 3558 3568 -1 3568 3558 3569 -1 3569 3558 3561 -1 3570 293 3535 -1 293 3570 3537 -1 3537 3570 3571 -1 3571 3570 3572 -1 3572 3570 3573 -1 3537 295 293 -1 293 3574 3535 -1 3574 293 3561 -1 3561 293 295 -1 3561 295 3537 -1 3575 3576 3577 -1 3576 3575 3578 -1 3579 3580 3581 -1 3580 3579 3582 -1 3578 3579 3576 -1 3579 3578 3582 -1 3583 3571 3572 -1 3571 3583 3584 -1 3585 3573 3570 -1 3573 3585 3586 -1 3586 3572 3573 -1 3572 3586 3583 -1 3584 3537 3571 -1 3537 3584 3561 -1 3574 3570 3535 -1 3570 3574 3585 -1 3569 3574 3561 -1 3574 3569 3587 -1 3584 3569 3561 -1 3569 3584 3588 -1 3583 3588 3584 -1 3588 3583 3589 -1 3586 3589 3583 -1 3589 3586 3590 -1 3591 3586 3585 -1 3586 3591 3590 -1 3587 3585 3574 -1 3585 3587 3591 -1 3568 3587 3569 -1 3587 3568 3592 -1 3588 3568 3569 -1 3568 3588 3593 -1 3589 3593 3588 -1 3593 3589 3594 -1 3590 3594 3589 -1 3594 3590 3595 -1 3596 3590 3591 -1 3590 3596 3595 -1 3592 3591 3587 -1 3591 3592 3596 -1 3567 3592 3568 -1 3592 3567 3577 -1 3593 3567 3568 -1 3567 3593 3597 -1 3594 3597 3593 -1 3597 3594 3581 -1 3595 3581 3594 -1 3581 3595 3579 -1 3576 3595 3596 -1 3595 3576 3579 -1 3577 3596 3592 -1 3596 3577 3576 -1 3597 3565 3567 -1 3565 3597 3598 -1 3581 3598 3597 -1 3598 3581 3580 -1 3599 3578 3575 -1 3578 3599 3566 -1 3578 3566 3582 -1 3582 3566 3580 -1 3580 3566 3598 -1 3598 3566 3565 -1 3541 3600 3601 -1 3600 3541 3527 -1 3505 3497 3507 -1 3497 3505 3495 -1 3544 3602 3542 -1 3542 3603 3604 -1 3603 3542 3602 -1 3603 3602 3605 -1 3605 3602 3606 -1 3605 3606 3607 -1 3608 3609 3610 -1 3609 3608 3611 -1 3607 3612 3613 -1 3612 3607 3606 -1 3612 3606 3554 -1 3612 3554 3610 -1 3610 3554 3555 -1 3610 3555 3608 -1 3614 3610 3609 -1 3610 3614 3615 -1 3615 3614 3616 -1 3617 3501 3500 -1 3501 3617 3618 -1 3488 3545 3486 -1 3545 3488 3552 -1 3517 3523 3522 -1 3523 3517 3518 -1 3487 3552 3488 -1 3552 3487 3553 -1 3604 1950 3542 -1 1950 3604 3617 -1 1950 3617 3500 -1 3542 1950 1946 -1 3542 1946 3486 -1 3542 3486 3545 -1 3526 3619 3620 -1 3619 3526 3528 -1 3621 2256 3622 -1 2256 3621 3623 -1 3624 3625 3626 -1 3625 3624 3502 -1 3502 3624 3627 -1 3502 3627 2257 -1 3502 2257 3505 -1 3505 2257 3495 -1 3495 2257 3628 -1 3495 3628 3489 -1 3489 3628 3550 -1 3489 3550 3551 -1 3629 3630 3631 -1 3630 3629 3632 -1 2257 3633 3628 -1 3633 2257 3634 -1 3634 2257 2256 -1 3634 2256 3635 -1 3635 2256 3629 -1 3629 2256 3623 -1 3629 3623 3632 -1 1948 3498 1951 -1 3498 1948 3490 -1 3629 3636 3635 -1 3636 3528 3529 -1 3528 3636 3629 -1 3528 3629 3619 -1 2596 2599 2608 -1 2608 2599 2602 -1 3566 2609 2611 -1 2609 3566 3599 -1 2602 2610 2608 -1 2610 2602 2609 -1 2610 2609 2613 -1 2613 2609 3599 -1 2604 2595 3549 -1 2595 2597 2598 -1 2598 2597 2596 -1 2598 2596 2601 -1 2601 2596 2607 -1 2607 2596 2608 -1 3549 2606 3637 -1 2606 3549 2595 -1 3509 3516 3510 -1 3516 3509 3518 -1 3622 2257 3627 -1 2257 3622 2256 -1 3485 3513 1945 -1 3513 3485 3484 -1 3511 3492 1947 -1 3492 3511 3512 -1 3575 2613 3599 -1 2613 3575 3638 -1 3638 3575 3577 -1 3638 3577 3592 -1 3638 3592 3587 -1 3638 3587 3574 -1 3535 3536 3574 -1 3538 3639 3536 -1 3639 3538 3640 -1 3640 3538 3539 -1 3640 3539 3540 -1 3640 3540 3541 -1 3640 3541 3601 -1 3641 2601 2607 -1 2601 3641 1713 -1 1713 3641 3626 -1 3626 3641 3642 -1 3642 3641 3638 -1 3642 3638 3643 -1 3643 3638 3639 -1 3639 3638 3574 -1 3639 3574 3536 -1 3643 3639 3644 -1 3645 3613 3612 -1 3613 3645 3646 -1 2606 3647 3637 -1 3647 2606 3626 -1 3626 2606 1713 -1 3647 3626 3625 -1 3648 3618 3625 -1 3649 3604 3603 -1 3604 3649 3617 -1 3617 3649 3646 -1 3617 3646 3645 -1 3617 3645 3647 -1 3617 3647 3618 -1 3618 3647 3625 -1 3523 3513 3515 -1 3513 3523 1945 -1 1945 3523 1951 -1 1951 3523 3518 -1 1951 3518 1948 -1 1948 3518 3509 -1 1948 3509 1947 -1 1947 3509 3511 -1 3523 3514 3520 -1 3514 3523 3515 -1 3491 1950 3499 -1 1950 3491 1946 -1 3650 3627 3624 -1 3627 3650 3651 -1 3627 3651 3622 -1 3490 3499 3498 -1 3499 3490 3491 -1 3620 3629 3631 -1 3629 3620 3619 -1 3611 3614 3609 -1 3614 3611 3652 -1 3471 3512 3481 -1 3512 3471 3492 -1 3605 3649 3603 -1 3649 3605 3653 -1 3653 3646 3649 -1 3646 3653 3654 -1 3646 3607 3613 -1 3607 3646 3654 -1 3654 3605 3607 -1 3605 3654 3653 -1 3610 3645 3612 -1 3645 3610 3615 -1 3615 3647 3645 -1 3647 3615 3616 -1 3651 3642 3643 -1 3642 3651 3650 -1 3642 3624 3626 -1 3624 3642 3650 -1 3644 3651 3643 -1 3651 3644 3655 -1 3600 3640 3601 -1 3640 3600 3656 -1 3616 3614 3647 -1 3637 3614 3549 -1 3614 3637 3647 -1 3549 3614 3652 -1 3549 3652 1976 -1 3549 1976 3548 -1 3640 3657 3639 -1 3657 3640 3656 -1 3657 3644 3639 -1 3644 3657 3655 -1 3547 1976 1979 -1 1976 3547 3548 -1 3658 3606 3602 -1 3606 3658 3659 -1 3544 3658 3602 -1 3658 3544 3543 -1 3543 3659 3658 -1 3659 3543 3546 -1 3659 3554 3606 -1 3554 3659 3546 -1 3608 3652 3611 -1 3652 3608 1979 -1 3652 1979 1976 -1 3555 1979 3608 -1 1979 3555 3547 -1 3656 3655 3657 -1 3655 3656 3600 -1 3636 3563 3660 -1 3563 3636 3564 -1 3635 3660 3661 -1 3660 3635 3636 -1 3618 3504 3501 -1 3504 3618 3648 -1 3633 3550 3628 -1 3550 3633 3557 -1 3648 3502 3504 -1 3502 3648 3625 -1 3635 3559 3634 -1 3559 3635 3562 -1 3517 138 69 -1 138 3517 3519 -1 3519 3517 3521 -1 3521 3517 3522 -1 3529 3564 3636 -1 3564 3529 3533 -1 3558 2609 3662 -1 2609 3558 2611 -1 3556 3662 3663 -1 3662 3556 3558 -1 2602 3556 3663 -1 3556 2602 2599 -1 3663 2609 2602 -1 2609 3663 3662 -1 1729 2596 1758 -1 2596 1729 2600 -1 1729 2597 2604 -1 2597 1729 1758 -1 1758 2596 2597 -1 2607 3664 3641 -1 3664 2607 2608 -1 1777 2606 2595 -1 2606 1777 1713 -1 1777 2601 1713 -1 2601 1777 2598 -1 1777 2595 2598 -1 3665 3641 3664 -1 3641 3665 3638 -1 3665 2613 3638 -1 2613 3665 2610 -1 3665 2608 2610 -1 2608 3665 3664 -1 3660 3560 3661 -1 3560 3660 3563 -1 3630 3623 3621 -1 3623 3630 3632 -1 3560 3635 3661 -1 3635 3560 3562 -1 3559 3633 3634 -1 3633 3559 3557 -1 3622 3651 3655 -1 3526 3600 3527 -1 3600 3526 3655 -1 3655 3526 3622 -1 3622 3526 3631 -1 3631 3526 3620 -1 3631 3621 3622 -1 3621 3631 3630 -1 3489 3553 3487 -1 3553 3489 3551 -1 3666 3608 3612 -1 3608 3666 3667 -1 3608 3667 3555 -1 3602 3668 3669 -1 3668 3602 3606 -1 3554 3667 3670 -1 3667 3554 3555 -1 3671 3672 3673 -1 3672 3671 3674 -1 3674 3671 3669 -1 3669 3671 3602 -1 3602 3671 3544 -1 3675 3544 3676 -1 3544 3675 3605 -1 3605 3675 3603 -1 3544 3605 3602 -1 3606 3555 3554 -1 3555 3606 3607 -1 3555 3607 3613 -1 3555 3613 3612 -1 3555 3612 3608 -1 3612 3677 3666 -1 3677 3612 3613 -1 1039 3678 3679 -1 3678 1039 3680 -1 3680 1039 3681 -1 3681 1039 2934 -1 2934 1039 3682 -1 3672 3683 3673 -1 3683 3672 3684 -1 3684 3672 3603 -1 3684 3603 1034 -1 1034 3603 3675 -1 1034 3675 1039 -1 1039 3675 3682 -1 3682 3675 3685 -1 3685 3675 3686 -1 3686 3675 3687 -1 3687 3675 3688 -1 2951 3689 3690 -1 3689 3691 3692 -1 3691 3689 1073 -1 1073 3689 3693 -1 3693 3689 2951 -1 1073 3693 3694 -1 1073 3694 1050 -1 1050 3671 3695 -1 3671 1050 3544 -1 3544 1050 3676 -1 3676 1050 3694 -1 3676 3694 3696 -1 3676 3696 3697 -1 3676 3697 3698 -1 3667 3677 3670 -1 3677 3667 3666 -1 3554 3668 3606 -1 3607 3677 3613 -1 3677 3607 3699 -1 3677 3699 3670 -1 3670 3699 3668 -1 3670 3668 3554 -1 3672 3605 3603 -1 3605 3672 3674 -1 3607 3674 3699 -1 3674 3607 3605 -1 3668 3674 3669 -1 3674 3668 3699 -1 3671 3683 3695 -1 3683 3671 3673 -1 1050 1083 1079 -1 1082 3683 3684 -1 3683 1082 3695 -1 3695 1082 1083 -1 3695 1083 1050 -1 1050 1071 1073 -1 1071 1050 1079 -1 1098 3684 1034 -1 3684 1098 1082 -1 3679 1064 1039 -1 1064 3679 3691 -1 1064 3691 1066 -1 1066 3691 1071 -1 1071 3691 1073 -1 1065 1039 1064 -1 1098 1039 1065 -1 1039 1098 1034 -1 1083 1064 1066 -1 1064 1083 1082 -1 3692 3679 3678 -1 3679 3692 3691 -1 3675 3698 3688 -1 3698 3675 3676 -1 3697 3686 3687 -1 3686 3697 3696 -1 3698 3687 3688 -1 3687 3698 3697 -1 3690 3680 3681 -1 3680 3690 3689 -1 3700 3701 3702 -1 3701 3700 3703 -1 3704 3701 3703 -1 3701 3704 3705 -1 3700 3706 3703 -1 3706 3700 3707 -1 2951 2992 2993 -1 2980 3681 2934 -1 3681 2980 2995 -1 3681 2995 3690 -1 3690 2995 2992 -1 3690 2992 2951 -1 3708 3709 3710 -1 3709 3708 3711 -1 3706 3712 3713 -1 3712 3706 3710 -1 3710 3706 3707 -1 3710 2956 3708 -1 2956 3710 3707 -1 3712 3709 3714 -1 3709 3712 3710 -1 3694 3682 3685 -1 3682 3694 3693 -1 3706 3704 3703 -1 3704 3706 3713 -1 2972 2992 2969 -1 2992 2972 2993 -1 3689 3678 3680 -1 3678 3689 3692 -1 2980 2972 2968 -1 2972 2980 2993 -1 2993 2980 2934 -1 2993 2934 3682 -1 2993 3682 2951 -1 2951 3682 3693 -1 2938 3707 3702 -1 3707 2938 2956 -1 2956 2938 2968 -1 2956 2968 2972 -1 3707 3700 3702 -1 3713 3705 3704 -1 3705 3713 3712 -1 3705 3712 3714 -1 2992 2967 2969 -1 2967 2992 2995 -1 3696 3685 3686 -1 3685 3696 3694 -1 3711 2967 2938 -1 2967 3711 3708 -1 2967 3708 2969 -1 2969 3708 2972 -1 2972 3708 2956 -1 2968 2938 2967 -1 2938 3709 3711 -1 3714 3701 3705 -1 3701 3714 3709 -1 3701 3709 3702 -1 3702 3709 2938 -1 3715 602 3716 -1 602 3715 767 -1 775 773 596 -1 773 775 770 -1 769 602 767 -1 602 769 764 -1 3715 769 767 -1 769 3715 3717 -1 3718 3717 3719 -1 3717 3718 770 -1 770 3718 773 -1 3717 770 769 -1 3719 3720 3718 -1 3720 3719 3721 -1 3722 3720 3721 -1 3720 3722 775 -1 775 3722 764 -1 764 3722 602 -1 602 3722 3716 -1 596 3720 775 -1 3716 3717 3715 -1 3717 3716 3722 -1 596 3718 3720 -1 3718 596 773 -1 3721 3717 3722 -1 3717 3721 3719 -1 800 3723 3724 -1 3723 800 802 -1 3725 3723 3726 -1 3723 3725 3724 -1 3726 808 3725 -1 808 3726 807 -1 807 3727 3728 -1 3727 807 3726 -1 3726 3729 3727 -1 3729 3726 3723 -1 3729 3723 802 -1 3729 802 3730 -1 3728 808 807 -1 808 3728 3731 -1 3730 3732 3729 -1 3732 3730 3733 -1 3732 3727 3729 -1 3727 3732 3734 -1 3734 3725 3731 -1 3725 3734 3732 -1 3725 3732 3724 -1 3724 3732 800 -1 800 3732 3733 -1 808 3731 3725 -1 800 3730 802 -1 3730 800 3733 -1 3731 3727 3734 -1 3727 3731 3728 -1 3735 3736 3737 -1 3736 3735 3738 -1 3739 490 3740 -1 490 3739 489 -1 3741 3740 490 -1 3740 3741 3742 -1 3740 3742 3743 -1 3739 3744 489 -1 3744 3739 3745 -1 3745 3739 3746 -1 3747 3748 3749 -1 3748 3747 3750 -1 3737 3744 3735 -1 3744 3737 3748 -1 3744 3748 3741 -1 3741 3748 3742 -1 3742 3748 3750 -1 3745 3735 3744 -1 3738 3745 3746 -1 3745 3738 3735 -1 3743 3750 3747 -1 3750 3743 3742 -1 3748 3736 3749 -1 3736 3748 3737 -1 3746 3736 3738 -1 3736 3746 3739 -1 3747 3740 3743 -1 3740 3747 3749 -1 3739 3749 3736 -1 3749 3739 3740 -1 489 3741 490 -1 3741 489 3744 -1 3751 3752 3753 -1 3752 3751 3754 -1 3755 3756 3757 -1 3756 3755 3758 -1 3759 3751 3760 -1 3751 3759 3754 -1 3754 3759 3761 -1 3758 3762 3756 -1 3762 3758 3763 -1 3764 3757 3765 -1 3757 3764 3755 -1 3766 3767 3768 -1 3767 3766 3769 -1 3764 3770 3761 -1 3770 3764 3767 -1 3770 3767 3769 -1 3761 3771 3754 -1 3771 3761 3770 -1 3754 3771 3752 -1 3752 3772 3753 -1 3772 3752 3771 -1 3772 3770 3773 -1 3770 3772 3771 -1 3774 3762 3775 -1 3762 3774 3756 -1 3774 3776 3777 -1 3776 3774 3778 -1 3776 3778 3779 -1 3776 3779 3780 -1 3777 3756 3774 -1 3756 3777 3757 -1 3770 3766 3773 -1 3766 3770 3769 -1 3777 3759 3760 -1 3759 3777 3776 -1 3759 3776 3780 -1 3759 3780 3761 -1 3755 3779 3758 -1 3779 3755 3780 -1 3764 3780 3755 -1 3780 3764 3761 -1 3775 3778 3774 -1 3778 3775 3781 -1 3778 3781 3779 -1 3760 3772 3765 -1 3772 3760 3751 -1 3772 3751 3753 -1 3765 3773 3768 -1 3773 3765 3772 -1 3768 3773 3766 -1 3781 3762 3763 -1 3762 3781 3775 -1 3760 3757 3777 -1 3757 3760 3765 -1 3767 3765 3768 -1 3765 3767 3764 -1 3758 3781 3763 -1 3781 3758 3779 -1 3782 3783 3784 -1 3783 3782 3785 -1 3783 3785 3786 -1 3787 3788 894 -1 3788 3787 3789 -1 3790 3791 3792 -1 3791 3790 3793 -1 3794 3795 3796 -1 3795 3794 3797 -1 3798 3799 3800 -1 3799 3798 3801 -1 3802 3792 3803 -1 3792 3802 3790 -1 3804 3790 3805 -1 3790 3804 3793 -1 3799 3783 3786 -1 3783 3799 3806 -1 3807 3808 3809 -1 3808 3807 3810 -1 3811 3812 3813 -1 3812 3811 3814 -1 3815 3816 3807 -1 3816 3815 934 -1 3817 3818 3819 -1 3818 3817 3820 -1 3799 3785 3800 -1 3785 3799 3786 -1 3789 938 3788 -1 938 3789 3821 -1 3822 3801 3798 -1 3801 3822 3823 -1 933 938 937 -1 938 933 894 -1 938 894 3788 -1 3824 3795 3825 -1 3795 3824 3796 -1 3826 3827 3828 -1 3827 3826 3829 -1 3810 3830 3831 -1 3830 3810 3832 -1 3833 3810 3831 -1 3810 3833 3808 -1 3804 3825 3793 -1 3825 3804 3824 -1 3805 3802 3834 -1 3802 3805 3790 -1 3789 3803 3821 -1 3803 3789 3802 -1 3833 3823 3822 -1 3823 3833 3831 -1 3794 3835 3797 -1 3835 3794 3820 -1 3820 3794 3818 -1 3836 3817 3819 -1 3817 3836 3837 -1 3838 3829 3826 -1 3829 3838 3839 -1 3840 3839 3838 -1 3839 3840 3841 -1 3795 3842 3825 -1 3842 3795 3843 -1 3807 3832 3810 -1 3832 3807 3816 -1 3834 3789 3787 -1 3789 3834 3802 -1 3801 3844 3845 -1 3844 3801 3823 -1 3828 3814 3811 -1 3814 3828 3827 -1 3825 3791 3793 -1 3791 3825 3842 -1 3837 3841 3840 -1 3841 3837 3836 -1 3801 3806 3799 -1 3806 3801 3845 -1 3784 3844 3846 -1 3844 3784 3845 -1 3845 3784 3806 -1 3806 3784 3783 -1 3813 3828 3811 -1 3828 3813 3826 -1 3826 3813 3847 -1 3826 3847 3838 -1 3838 3847 3848 -1 3838 3848 3840 -1 3840 3848 3849 -1 3840 3849 935 -1 935 3849 3830 -1 935 3830 3832 -1 935 3832 3816 -1 935 3816 936 -1 3830 3849 3846 -1 3830 3846 3844 -1 936 3816 934 -1 3840 939 3837 -1 939 3840 935 -1 3837 939 3792 -1 3792 939 3803 -1 3803 939 3821 -1 3821 939 937 -1 3837 3792 3817 -1 3821 937 938 -1 3817 3791 3820 -1 3791 3817 3792 -1 3820 3791 3842 -1 3820 3842 3843 -1 3820 3843 3835 -1 3823 3830 3844 -1 3830 3823 3831 -1 3797 3843 3795 -1 3843 3797 3835 -1 3815 3809 917 -1 3809 3815 3807 -1 3784 3850 3782 -1 3850 3784 3846 -1 3848 3851 3849 -1 3851 3848 3852 -1 3846 3851 3850 -1 3851 3846 3849 -1 3818 3804 3819 -1 3804 3818 3824 -1 3824 3818 3796 -1 3796 3818 3794 -1 3829 3814 3827 -1 3814 3829 3812 -1 3812 3829 3839 -1 3812 3839 3853 -1 3853 3839 3841 -1 3853 3841 3852 -1 3852 3841 3836 -1 3852 3836 930 -1 930 3836 3805 -1 930 3805 3834 -1 930 3834 3787 -1 930 3787 933 -1 3805 3836 3819 -1 3805 3819 3804 -1 933 3787 894 -1 3852 931 3851 -1 931 3852 930 -1 3851 931 3833 -1 3833 931 3808 -1 3808 931 3809 -1 3809 931 932 -1 3851 3833 3850 -1 3809 932 917 -1 3850 3822 3782 -1 3822 3850 3833 -1 3782 3822 3798 -1 3782 3798 3800 -1 3782 3800 3785 -1 917 934 3815 -1 934 917 936 -1 936 917 932 -1 3813 3853 3847 -1 3853 3813 3812 -1 931 939 935 -1 939 931 930 -1 3847 3852 3848 -1 3852 3847 3853 -1 931 936 932 -1 936 931 935 -1 3854 3855 3856 -1 3855 3854 3857 -1 3858 3859 3860 -1 3859 3858 3861 -1 3862 3854 3863 -1 3854 3862 3857 -1 3857 3862 3864 -1 3861 3865 3859 -1 3865 3861 3866 -1 3867 3860 3868 -1 3860 3867 3858 -1 3869 3870 3871 -1 3870 3869 3872 -1 3867 3873 3864 -1 3873 3867 3870 -1 3873 3870 3872 -1 3864 3874 3857 -1 3874 3864 3873 -1 3857 3874 3855 -1 3855 3875 3856 -1 3875 3855 3874 -1 3875 3873 3876 -1 3873 3875 3874 -1 3877 3865 3878 -1 3865 3877 3859 -1 3877 3879 3880 -1 3879 3877 3881 -1 3879 3881 3882 -1 3879 3882 3883 -1 3880 3859 3877 -1 3859 3880 3860 -1 3873 3869 3876 -1 3869 3873 3872 -1 3880 3862 3863 -1 3862 3880 3879 -1 3862 3879 3883 -1 3862 3883 3864 -1 3858 3882 3861 -1 3882 3858 3883 -1 3867 3883 3858 -1 3883 3867 3864 -1 3878 3881 3877 -1 3881 3878 3884 -1 3881 3884 3882 -1 3863 3875 3868 -1 3875 3863 3854 -1 3875 3854 3856 -1 3868 3876 3871 -1 3876 3868 3875 -1 3871 3876 3869 -1 3884 3865 3866 -1 3865 3884 3878 -1 3863 3860 3880 -1 3860 3863 3868 -1 3870 3868 3871 -1 3868 3870 3867 -1 3861 3884 3866 -1 3884 3861 3882 -1 3873 3885 3886 -1 3885 3873 3887 -1 3885 3887 3888 -1 3889 3890 3891 -1 3890 3889 3773 -1 3892 3886 3893 -1 3886 3892 3873 -1 3893 3886 3894 -1 3893 3894 3890 -1 3893 3890 3773 -1 3895 3893 3896 -1 3893 3895 3892 -1 3896 3874 3895 -1 3874 3896 3772 -1 3894 778 781 -1 778 3894 777 -1 777 3894 780 -1 780 3894 3886 -1 778 779 776 -1 779 778 777 -1 3892 3874 3873 -1 3874 3892 3895 -1 3897 3890 3898 -1 3890 3897 3891 -1 3885 3899 3900 -1 3899 3885 3888 -1 780 3885 3900 -1 3885 780 3886 -1 3900 777 780 -1 777 3900 3899 -1 777 3899 3901 -1 779 3902 3903 -1 3902 779 3901 -1 3901 779 777 -1 3903 776 779 -1 776 3903 3904 -1 3905 776 3904 -1 776 3905 778 -1 3897 778 3905 -1 778 3897 781 -1 781 3897 3898 -1 3890 781 3898 -1 781 3890 3894 -1 3902 3906 3903 -1 3904 3906 3905 -1 3906 3904 3903 -1 3896 3773 3772 -1 3773 3896 3893 -1 3888 3901 3899 -1 3901 3888 3905 -1 3905 3888 3897 -1 3897 3888 3891 -1 3902 3905 3906 -1 3905 3902 3901 -1 3907 3888 3887 -1 3888 3907 3899 -1 3902 990 3908 -1 990 3902 3901 -1 991 3906 3909 -1 3906 991 3905 -1 3891 3910 3889 -1 3910 3891 3897 -1 3908 3906 3902 -1 3906 3908 3909 -1 3773 3874 3772 -1 3874 3773 3909 -1 3909 3773 3910 -1 3909 3910 991 -1 3910 3773 3889 -1 990 3907 3908 -1 3874 3908 3873 -1 3908 3874 3909 -1 3873 3908 3907 -1 3873 3907 3887 -1 3911 3912 3913 -1 3912 3911 3914 -1 3915 3916 3917 -1 3916 3915 3918 -1 3919 3920 3921 -1 3920 3919 3922 -1 3917 3923 3924 -1 3923 3917 3916 -1 3911 3916 3925 -1 3916 3911 3923 -1 3926 3927 3928 -1 3927 3926 3929 -1 3927 3929 3930 -1 3928 3931 3919 -1 3931 3928 3927 -1 3919 3931 3922 -1 3932 3933 3934 -1 3921 3928 3919 -1 3928 3921 3935 -1 3935 3921 3936 -1 3935 3936 3915 -1 3915 3936 3933 -1 3915 3933 3932 -1 3937 3938 3939 -1 3938 3937 3940 -1 3926 3941 3925 -1 3941 3926 3928 -1 3938 3933 3939 -1 3933 3938 3934 -1 3942 3922 3931 -1 3922 3942 3920 -1 3918 3929 3926 -1 3929 3918 3943 -1 3921 3942 3936 -1 3942 3921 3920 -1 3915 3937 3918 -1 3937 3915 3932 -1 3937 3932 3940 -1 3918 3944 3943 -1 3944 3918 3937 -1 3943 3944 3945 -1 3936 3939 3933 -1 3939 3936 3942 -1 3939 3944 3937 -1 3944 3939 3942 -1 3944 3942 3931 -1 3944 3931 3927 -1 3934 3940 3932 -1 3940 3934 3938 -1 3946 3912 3947 -1 3912 3946 3913 -1 3945 3927 3930 -1 3927 3945 3944 -1 3913 3923 3911 -1 3923 3913 3946 -1 3930 3943 3945 -1 3943 3930 3929 -1 3924 3946 3947 -1 3946 3924 3923 -1 3948 3912 3914 -1 3912 3948 3924 -1 3912 3924 3947 -1 3925 3914 3911 -1 3914 3925 3941 -1 3935 3941 3928 -1 3941 3935 3949 -1 3949 3935 3915 -1 3949 3915 3917 -1 3949 3914 3941 -1 3914 3949 3948 -1 3948 3949 3917 -1 3948 3917 3924 -1 3925 3918 3926 -1 3918 3925 3916 -1 2605 3950 3549 -1 3549 3951 3637 -1 3951 3549 3950 -1 2603 3637 3951 -1 3637 2605 3549 -1 2605 3637 2603 -1 2605 3951 3950 -1 3951 2605 2603 -1 3952 3675 3604 -1 3953 3542 3676 -1 3675 3953 3676 -1 3953 3675 3952 -1 3542 3952 3604 -1 3952 3542 3953 -1 3542 3675 3676 -1 3675 3542 3604 -1 2439 2474 2472 -1 2472 2442 2439 -1 2472 3954 3955 -1 3955 2442 2472 -1 3956 2456 2422 -1 2422 3957 3956 -1 2422 2456 2454 -1 2454 2424 2422 -1 3958 3957 2422 -1 2422 2424 3958 -1 2424 2426 3958 -1 2426 3959 3958 -1 3960 3959 2426 -1 3961 3962 3963 -1 3963 2465 3961 -1 3963 3964 2465 -1 3964 2426 2465 -1 3964 3960 2426 -1 3965 3966 2475 -1 2475 3967 3965 -1 2475 2440 3967 -1 2440 3968 3967 -1 3968 3969 3967 -1 3970 2475 3966 -1 3966 3971 3972 -1 3972 3970 3966 -1 3961 2465 2454 -1 2454 2456 3956 -1 3956 3973 2454 -1 3973 3961 2454 -1 3974 3962 3961 -1 3961 3973 3974 -1 3975 3976 3977 -1 3977 3978 3975 -1 3976 3979 3980 -1 3980 3977 3976 -1 3981 3982 3983 -1 3983 3984 3981 -1 3983 3980 3984 -1 3983 3977 3980 -1 3981 3985 3986 -1 3986 3987 3981 -1 3982 3981 3987 -1 3987 3988 3982 -1 3982 3989 3990 -1 3990 3983 3982 -1 3990 3977 3983 -1 3990 3978 3977 -1 3979 3987 3986 -1 3986 3991 3979 -1 3992 3993 3955 -1 3972 3971 3994 -1 3994 3954 3972 -1 3994 3975 3954 -1 3975 3955 3954 -1 3975 3992 3955 -1 3958 3959 3960 -1 3960 3995 3958 -1 3976 3988 3987 -1 3987 3979 3976 -1 3979 3991 3996 -1 3996 3980 3979 -1 3963 3965 3967 -1 3967 3964 3963 -1 3989 3982 3988 -1 3988 3994 3989 -1 3996 3991 3986 -1 3986 3985 3996 -1 3975 3994 3988 -1 3988 3976 3975 -1 3968 3993 3992 -1 3992 3969 3968 -1 3989 3994 3963 -1 3963 3974 3989 -1 3963 3962 3974 -1 3994 3971 3965 -1 3965 3963 3994 -1 3971 3966 3965 -1 3989 3974 3956 -1 3956 3990 3989 -1 3956 3957 3990 -1 3957 3958 3990 -1 3958 3995 3990 -1 3995 3978 3990 -1 3973 3956 3974 -1 3975 3978 3967 -1 3967 3992 3975 -1 3967 3969 3992 -1 3978 3995 3964 -1 3964 3967 3978 -1 3995 3960 3964 -1 3985 3981 3984 -1 3984 3996 3985 -1 3984 3980 3996 -1 3972 3954 2472 -1 2472 2474 3972 -1 2474 2475 3972 -1 2475 3970 3972 -1 3968 2440 2439 -1 2439 2442 3955 -1 3955 3993 2439 -1 3993 3968 2439 -1 3681 3680 3689 -1 3689 3690 3681 -1 3678 3997 3998 -1 3998 3692 3678 -1 3999 3714 3712 -1 3712 4000 3999 -1 4001 4000 3712 -1 3712 3710 4001 -1 3710 3708 4001 -1 3708 4002 4001 -1 4003 4002 3708 -1 4004 4005 4006 -1 4006 3711 4004 -1 4006 4007 3711 -1 4007 3708 3711 -1 4007 4003 3708 -1 4008 4009 3681 -1 3681 4010 4008 -1 3681 3690 4010 -1 3690 4011 4010 -1 4011 4012 4010 -1 4013 3681 4009 -1 4009 4014 4015 -1 4015 4013 4009 -1 4004 3711 3709 -1 3709 3714 3999 -1 3999 4016 3709 -1 4016 4004 3709 -1 4017 4005 4004 -1 4004 4016 4017 -1 4018 4019 4020 -1 4020 4021 4018 -1 4019 4022 4023 -1 4023 4020 4019 -1 4024 4025 4026 -1 4026 4027 4024 -1 4026 4023 4027 -1 4026 4020 4023 -1 4024 4028 4029 -1 4029 4030 4024 -1 4025 4024 4030 -1 4030 4031 4025 -1 4025 4032 4033 -1 4033 4026 4025 -1 4033 4020 4026 -1 4033 4021 4020 -1 4022 4030 4029 -1 4029 4034 4022 -1 4035 4036 3998 -1 4015 4014 4037 -1 4037 3997 4015 -1 4037 4018 3997 -1 4018 3998 3997 -1 4018 4035 3998 -1 4001 4002 4003 -1 4003 4038 4001 -1 4019 4031 4030 -1 4030 4022 4019 -1 4022 4034 4039 -1 4039 4023 4022 -1 4006 4008 4010 -1 4010 4007 4006 -1 4032 4025 4031 -1 4031 4037 4032 -1 4039 4034 4029 -1 4029 4028 4039 -1 4018 4037 4031 -1 4031 4019 4018 -1 4011 4036 4035 -1 4035 4012 4011 -1 4032 4037 4006 -1 4006 4017 4032 -1 4006 4005 4017 -1 4037 4014 4008 -1 4008 4006 4037 -1 4014 4009 4008 -1 4032 4017 3999 -1 3999 4033 4032 -1 3999 4000 4033 -1 4000 4001 4033 -1 4001 4038 4033 -1 4038 4021 4033 -1 4016 3999 4017 -1 4018 4021 4010 -1 4010 4035 4018 -1 4010 4012 4035 -1 4021 4038 4007 -1 4007 4010 4021 -1 4038 4003 4007 -1 4028 4024 4027 -1 4027 4039 4028 -1 4027 4023 4039 -1 4015 3997 3678 -1 3678 3680 4015 -1 3680 3681 4015 -1 3681 4013 4015 -1 4011 3690 3689 -1 3689 3692 3998 -1 3998 4036 3689 -1 4036 4011 3689 -1 4040 4041 4042 -1 4041 4040 4043 -1 4044 4045 4046 -1 4045 4044 4047 -1 4048 4040 4049 -1 4040 4048 4043 -1 4043 4048 4050 -1 4047 4051 4045 -1 4051 4047 4052 -1 4053 4046 4054 -1 4046 4053 4044 -1 4055 4056 4057 -1 4056 4055 4058 -1 4053 4059 4050 -1 4059 4053 4056 -1 4059 4056 4058 -1 4050 4060 4043 -1 4060 4050 4059 -1 4043 4060 4041 -1 4041 4061 4042 -1 4061 4041 4060 -1 4061 4059 4062 -1 4059 4061 4060 -1 4063 4051 4064 -1 4051 4063 4045 -1 4063 4065 4066 -1 4065 4063 4067 -1 4065 4067 4068 -1 4065 4068 4069 -1 4066 4045 4063 -1 4045 4066 4046 -1 4059 4055 4062 -1 4055 4059 4058 -1 4066 4048 4049 -1 4048 4066 4065 -1 4048 4065 4069 -1 4048 4069 4050 -1 4044 4068 4047 -1 4068 4044 4069 -1 4053 4069 4044 -1 4069 4053 4050 -1 4064 4067 4063 -1 4067 4064 4070 -1 4067 4070 4068 -1 4049 4061 4054 -1 4061 4049 4040 -1 4061 4040 4042 -1 4054 4062 4057 -1 4062 4054 4061 -1 4057 4062 4055 -1 4070 4051 4052 -1 4051 4070 4064 -1 4049 4046 4066 -1 4046 4049 4054 -1 4056 4054 4057 -1 4054 4056 4053 -1 4047 4070 4052 -1 4070 4047 4068 -1 4071 1474 4072 -1 1474 4071 4073 -1 4074 4075 4076 -1 4075 4074 4077 -1 4078 4079 4080 -1 4079 4078 4081 -1 4082 4083 1360 -1 4083 4082 4084 -1 4072 4080 4071 -1 4080 4072 4083 -1 4080 4083 4076 -1 4076 4083 4074 -1 4074 4083 4084 -1 4079 4071 4080 -1 4073 4079 4081 -1 4079 4073 4071 -1 4077 4084 4082 -1 4084 4077 4074 -1 4083 1474 1360 -1 1474 4083 4072 -1 4081 1474 4073 -1 1474 4081 4078 -1 4082 4075 4077 -1 4075 4082 1360 -1 4078 1360 1474 -1 1360 4078 4075 -1 4080 4075 4078 -1 4075 4080 4076 -1 2636 2711 2709 -1 2709 2644 2636 -1 2709 4085 4086 -1 4086 2644 2709 -1 4087 2688 2647 -1 2647 4088 4087 -1 2647 2688 2686 -1 2686 2649 2647 -1 4089 4088 2647 -1 2647 2649 4089 -1 2649 2651 4089 -1 2651 4090 4089 -1 4091 4090 2651 -1 4092 4093 4094 -1 4094 2700 4092 -1 4094 4095 2700 -1 4095 2651 2700 -1 4095 4091 2651 -1 4096 4097 2712 -1 2712 4098 4096 -1 2712 2637 4098 -1 2637 4099 4098 -1 4099 4100 4098 -1 4101 2712 4097 -1 4097 4102 4103 -1 4103 4101 4097 -1 4092 2700 2686 -1 2686 2688 4087 -1 4087 4104 2686 -1 4104 4092 2686 -1 4105 4093 4092 -1 4092 4104 4105 -1 4106 4107 4108 -1 4108 4109 4106 -1 4107 4110 4111 -1 4111 4108 4107 -1 4112 4113 4114 -1 4114 4115 4112 -1 4114 4111 4115 -1 4114 4108 4111 -1 4112 4116 4117 -1 4117 4118 4112 -1 4113 4112 4118 -1 4118 4119 4113 -1 4113 4120 4121 -1 4121 4114 4113 -1 4121 4108 4114 -1 4121 4109 4108 -1 4110 4118 4117 -1 4117 4122 4110 -1 4123 4124 4086 -1 4103 4102 4125 -1 4125 4085 4103 -1 4125 4106 4085 -1 4106 4086 4085 -1 4106 4123 4086 -1 4089 4090 4091 -1 4091 4126 4089 -1 4107 4119 4118 -1 4118 4110 4107 -1 4110 4122 4127 -1 4127 4111 4110 -1 4094 4096 4098 -1 4098 4095 4094 -1 4120 4113 4119 -1 4119 4125 4120 -1 4127 4122 4117 -1 4117 4116 4127 -1 4106 4125 4119 -1 4119 4107 4106 -1 4099 4124 4123 -1 4123 4100 4099 -1 4120 4125 4094 -1 4094 4105 4120 -1 4094 4093 4105 -1 4125 4102 4096 -1 4096 4094 4125 -1 4102 4097 4096 -1 4120 4105 4087 -1 4087 4121 4120 -1 4087 4088 4121 -1 4088 4089 4121 -1 4089 4126 4121 -1 4126 4109 4121 -1 4104 4087 4105 -1 4106 4109 4098 -1 4098 4123 4106 -1 4098 4100 4123 -1 4109 4126 4095 -1 4095 4098 4109 -1 4126 4091 4095 -1 4116 4112 4115 -1 4115 4127 4116 -1 4115 4111 4127 -1 4103 4085 2709 -1 2709 2711 4103 -1 2711 2712 4103 -1 2712 4101 4103 -1 4099 2637 2636 -1 2636 2644 4086 -1 4086 4124 2636 -1 4124 4099 2636 -1 4128 4129 4130 -1 4129 4128 4131 -1 4132 4133 4134 -1 4133 4132 4135 -1 4136 4128 4137 -1 4128 4136 4131 -1 4131 4136 4138 -1 4135 4139 4133 -1 4139 4135 4140 -1 4141 4134 4142 -1 4134 4141 4132 -1 4143 4144 4145 -1 4144 4143 4146 -1 4141 4147 4138 -1 4147 4141 4144 -1 4147 4144 4146 -1 4138 4148 4131 -1 4148 4138 4147 -1 4131 4148 4129 -1 4129 4149 4130 -1 4149 4129 4148 -1 4149 4147 4150 -1 4147 4149 4148 -1 4151 4139 4152 -1 4139 4151 4133 -1 4151 4153 4154 -1 4153 4151 4155 -1 4153 4155 4156 -1 4153 4156 4157 -1 4154 4133 4151 -1 4133 4154 4134 -1 4147 4143 4150 -1 4143 4147 4146 -1 4154 4136 4137 -1 4136 4154 4153 -1 4136 4153 4157 -1 4136 4157 4138 -1 4132 4156 4135 -1 4156 4132 4157 -1 4141 4157 4132 -1 4157 4141 4138 -1 4152 4155 4151 -1 4155 4152 4158 -1 4155 4158 4156 -1 4137 4149 4142 -1 4149 4137 4128 -1 4149 4128 4130 -1 4142 4150 4145 -1 4150 4142 4149 -1 4145 4150 4143 -1 4158 4139 4140 -1 4139 4158 4152 -1 4137 4134 4154 -1 4134 4137 4142 -1 4144 4142 4145 -1 4142 4144 4141 -1 4135 4158 4140 -1 4158 4135 4156 -1 4159 4160 4161 -1 4160 4159 4162 -1 4163 4164 4165 -1 4164 4163 4166 -1 4167 4159 4168 -1 4159 4167 4162 -1 4162 4167 4169 -1 4166 4170 4164 -1 4170 4166 4171 -1 4172 4165 4173 -1 4165 4172 4163 -1 4174 4175 4176 -1 4175 4174 4177 -1 4172 4178 4169 -1 4178 4172 4175 -1 4178 4175 4177 -1 4169 4179 4162 -1 4179 4169 4178 -1 4162 4179 4160 -1 4160 4180 4161 -1 4180 4160 4179 -1 4180 4178 4181 -1 4178 4180 4179 -1 4182 4170 4183 -1 4170 4182 4164 -1 4182 4184 4185 -1 4184 4182 4186 -1 4184 4186 4187 -1 4184 4187 4188 -1 4185 4164 4182 -1 4164 4185 4165 -1 4178 4174 4181 -1 4174 4178 4177 -1 4185 4167 4168 -1 4167 4185 4184 -1 4167 4184 4188 -1 4167 4188 4169 -1 4163 4187 4166 -1 4187 4163 4188 -1 4172 4188 4163 -1 4188 4172 4169 -1 4183 4186 4182 -1 4186 4183 4189 -1 4186 4189 4187 -1 4168 4180 4173 -1 4180 4168 4159 -1 4180 4159 4161 -1 4173 4181 4176 -1 4181 4173 4180 -1 4176 4181 4174 -1 4189 4170 4171 -1 4170 4189 4183 -1 4168 4165 4185 -1 4165 4168 4173 -1 4175 4173 4176 -1 4173 4175 4172 -1 4166 4189 4171 -1 4189 4166 4187 -1 4190 4191 4192 -1 4191 4190 4193 -1 4194 4195 4196 -1 4195 4194 4197 -1 4198 4190 4199 -1 4190 4198 4193 -1 4193 4198 4200 -1 4197 4201 4195 -1 4201 4197 4202 -1 4203 4196 4204 -1 4196 4203 4194 -1 4205 4206 4207 -1 4206 4205 4208 -1 4203 4209 4200 -1 4209 4203 4206 -1 4209 4206 4208 -1 4200 4210 4193 -1 4210 4200 4209 -1 4193 4210 4191 -1 4191 4211 4192 -1 4211 4191 4210 -1 4211 4209 4212 -1 4209 4211 4210 -1 4213 4201 4214 -1 4201 4213 4195 -1 4213 4215 4216 -1 4215 4213 4217 -1 4215 4217 4218 -1 4215 4218 4219 -1 4216 4195 4213 -1 4195 4216 4196 -1 4209 4205 4212 -1 4205 4209 4208 -1 4216 4198 4199 -1 4198 4216 4215 -1 4198 4215 4219 -1 4198 4219 4200 -1 4194 4218 4197 -1 4218 4194 4219 -1 4203 4219 4194 -1 4219 4203 4200 -1 4214 4217 4213 -1 4217 4214 4220 -1 4217 4220 4218 -1 4199 4211 4204 -1 4211 4199 4190 -1 4211 4190 4192 -1 4204 4212 4207 -1 4212 4204 4211 -1 4207 4212 4205 -1 4220 4201 4202 -1 4201 4220 4214 -1 4199 4196 4216 -1 4196 4199 4204 -1 4206 4204 4207 -1 4204 4206 4203 -1 4197 4220 4202 -1 4220 4197 4218 -1 4221 4222 4223 -1 4222 4221 4224 -1 4225 4226 4227 -1 4226 4225 4228 -1 4229 4221 4230 -1 4221 4229 4224 -1 4224 4229 4231 -1 4228 4232 4226 -1 4232 4228 4233 -1 4234 4227 4235 -1 4227 4234 4225 -1 4236 4237 4238 -1 4237 4236 4239 -1 4234 4240 4231 -1 4240 4234 4237 -1 4240 4237 4239 -1 4231 4241 4224 -1 4241 4231 4240 -1 4224 4241 4222 -1 4222 4242 4223 -1 4242 4222 4241 -1 4242 4240 4243 -1 4240 4242 4241 -1 4244 4232 4245 -1 4232 4244 4226 -1 4244 4246 4247 -1 4246 4244 4248 -1 4246 4248 4249 -1 4246 4249 4250 -1 4247 4226 4244 -1 4226 4247 4227 -1 4240 4236 4243 -1 4236 4240 4239 -1 4247 4229 4230 -1 4229 4247 4246 -1 4229 4246 4250 -1 4229 4250 4231 -1 4225 4249 4228 -1 4249 4225 4250 -1 4234 4250 4225 -1 4250 4234 4231 -1 4245 4248 4244 -1 4248 4245 4251 -1 4248 4251 4249 -1 4230 4242 4235 -1 4242 4230 4221 -1 4242 4221 4223 -1 4235 4243 4238 -1 4243 4235 4242 -1 4238 4243 4236 -1 4251 4232 4233 -1 4232 4251 4245 -1 4230 4227 4247 -1 4227 4230 4235 -1 4237 4235 4238 -1 4235 4237 4234 -1 4228 4251 4233 -1 4251 4228 4249 -1 4252 4253 4254 -1 4253 4252 4255 -1 4256 4257 4258 -1 4257 4256 4259 -1 4260 4252 4261 -1 4252 4260 4255 -1 4255 4260 4262 -1 4259 4263 4257 -1 4263 4259 4264 -1 4265 4258 4266 -1 4258 4265 4256 -1 4267 4268 4269 -1 4268 4267 4270 -1 4265 4271 4262 -1 4271 4265 4268 -1 4271 4268 4270 -1 4262 4272 4255 -1 4272 4262 4271 -1 4255 4272 4253 -1 4253 2004 4254 -1 2004 4253 4272 -1 2004 4271 2007 -1 4271 2004 4272 -1 4273 4263 4274 -1 4263 4273 4257 -1 4273 4275 4276 -1 4275 4273 4277 -1 4275 4277 4278 -1 4275 4278 4279 -1 4276 4257 4273 -1 4257 4276 4258 -1 4271 4267 2007 -1 4267 4271 4270 -1 4276 4260 4261 -1 4260 4276 4275 -1 4260 4275 4279 -1 4260 4279 4262 -1 4256 4278 4259 -1 4278 4256 4279 -1 4265 4279 4256 -1 4279 4265 4262 -1 4274 4277 4273 -1 4277 4274 4280 -1 4277 4280 4278 -1 4261 2004 4266 -1 2004 4261 4252 -1 2004 4252 4254 -1 4266 2007 4269 -1 2007 4266 2004 -1 4269 2007 4267 -1 4280 4263 4264 -1 4263 4280 4274 -1 4261 4258 4276 -1 4258 4261 4266 -1 4268 4266 4269 -1 4266 4268 4265 -1 4259 4280 4264 -1 4280 4259 4278 -1 4281 4282 4283 -1 4282 4281 4284 -1 4285 4286 4287 -1 4286 4285 4288 -1 4289 4281 4290 -1 4281 4289 4284 -1 4284 4289 4291 -1 4288 4292 4286 -1 4292 4288 4293 -1 4294 4287 4295 -1 4287 4294 4285 -1 4296 4297 4298 -1 4297 4296 4299 -1 4294 2014 4291 -1 2014 4294 4297 -1 2014 4297 4299 -1 4291 2016 4284 -1 2016 4291 2014 -1 4284 2016 4282 -1 4282 4300 4283 -1 4300 4282 2016 -1 4300 2014 4301 -1 2014 4300 2016 -1 4302 4292 4303 -1 4292 4302 4286 -1 4302 4304 4305 -1 4304 4302 4306 -1 4304 4306 4307 -1 4304 4307 4308 -1 4305 4286 4302 -1 4286 4305 4287 -1 2014 4296 4301 -1 4296 2014 4299 -1 4305 4289 4290 -1 4289 4305 4304 -1 4289 4304 4308 -1 4289 4308 4291 -1 4285 4307 4288 -1 4307 4285 4308 -1 4294 4308 4285 -1 4308 4294 4291 -1 4303 4306 4302 -1 4306 4303 4309 -1 4306 4309 4307 -1 4290 4300 4295 -1 4300 4290 4281 -1 4300 4281 4283 -1 4295 4301 4298 -1 4301 4295 4300 -1 4298 4301 4296 -1 4309 4292 4293 -1 4292 4309 4303 -1 4290 4287 4305 -1 4287 4290 4295 -1 4297 4295 4298 -1 4295 4297 4294 -1 4288 4309 4293 -1 4309 4288 4307 -1 4310 4311 4312 -1 4311 4310 4313 -1 4312 4314 4315 -1 4314 4312 4311 -1 4316 4317 4318 -1 4317 4316 4319 -1 4311 4320 4321 -1 4320 4311 4313 -1 4314 4321 4322 -1 4321 4314 4311 -1 4317 4323 4324 -1 4323 4317 4319 -1 4314 3638 4325 -1 3638 4314 4322 -1 4318 4326 4327 -1 4326 4318 4317 -1 4315 4325 3641 -1 4325 4315 4314 -1 4327 4316 4318 -1 4316 4327 4328 -1 4328 4327 4329 -1 4330 4313 4310 -1 4313 4330 4331 -1 4332 4333 4334 -1 4333 4332 4335 -1 4335 4336 4333 -1 4336 4335 4337 -1 4338 4335 4332 -1 4335 4338 4339 -1 3558 4340 4341 -1 4340 3558 4342 -1 4341 4343 3556 -1 4343 4341 4340 -1 4317 4344 4326 -1 4344 4317 4324 -1 4313 4345 4320 -1 4345 4313 4331 -1 4324 4345 4331 -1 4345 4324 4323 -1 4330 4324 4331 -1 4324 4330 4344 -1 4329 4330 4346 -1 4330 4329 4344 -1 4344 4329 4326 -1 4326 4329 4327 -1 4347 4348 4349 -1 4348 4347 4350 -1 4350 4347 4351 -1 4350 4351 4352 -1 4352 4351 4353 -1 4352 4353 2617 -1 2617 4353 4312 -1 2617 4312 4315 -1 2617 4315 3664 -1 4312 4353 4310 -1 4310 4353 4346 -1 4310 4346 4330 -1 3664 4315 3641 -1 4352 2616 4354 -1 2616 4352 2617 -1 4354 2616 4355 -1 4355 2616 4343 -1 4343 2616 3663 -1 4354 4355 4356 -1 4354 4356 4357 -1 4343 3663 3556 -1 4357 4358 4359 -1 4358 4357 4356 -1 4359 4358 4338 -1 4359 4338 4332 -1 4359 4332 4334 -1 4340 4360 4361 -1 4360 4340 4342 -1 4362 4329 4346 -1 4329 4362 4328 -1 3664 3638 3665 -1 3638 3664 3641 -1 3638 3641 4325 -1 4363 4348 4364 -1 4348 4363 4349 -1 4365 4357 4359 -1 4357 4365 4366 -1 4357 4367 4354 -1 4367 4357 4366 -1 4365 4368 4366 -1 4368 4365 4369 -1 4369 4365 4337 -1 4337 4365 4336 -1 4370 4363 4364 -1 4363 4370 4371 -1 4371 4370 4372 -1 4372 4370 4373 -1 4372 4373 4367 -1 4372 4367 2615 -1 2615 4367 4360 -1 2615 4360 4342 -1 2615 4342 3662 -1 4360 4367 4374 -1 4374 4367 4366 -1 4374 4366 4368 -1 3662 4342 3558 -1 4372 2618 4375 -1 2618 4372 2615 -1 4375 2618 4321 -1 4321 2618 4322 -1 4322 2618 3665 -1 4375 4321 4320 -1 4375 4320 4362 -1 4322 3665 3638 -1 4362 4345 4328 -1 4345 4362 4320 -1 4328 4345 4323 -1 4328 4323 4319 -1 4328 4319 4316 -1 4364 4350 4370 -1 4350 4364 4348 -1 4370 4352 4373 -1 4352 4370 4350 -1 4359 4336 4365 -1 4336 4359 4334 -1 4336 4334 4333 -1 4372 4347 4371 -1 4347 4372 4351 -1 4373 4354 4367 -1 4354 4373 4352 -1 3665 2617 3664 -1 2617 3665 2618 -1 2616 2618 2615 -1 2618 2616 2617 -1 3556 3558 4341 -1 4375 4351 4372 -1 4351 4375 4353 -1 4375 4346 4353 -1 4346 4375 4362 -1 4371 4349 4363 -1 4349 4371 4347 -1 2616 3662 3663 -1 3662 2616 2615 -1 4358 4339 4338 -1 4339 4358 4376 -1 4335 4369 4337 -1 4369 4335 4339 -1 4356 4376 4358 -1 4376 4356 4377 -1 4339 4368 4369 -1 4368 4339 4376 -1 4356 4361 4377 -1 4361 4356 4355 -1 4361 4374 4377 -1 4374 4361 4360 -1 4376 4374 4368 -1 4374 4376 4377 -1 4340 4355 4343 -1 4355 4340 4361 -1 3631 3656 3657 -1 3656 3631 553 -1 553 3631 4378 -1 4378 3631 4379 -1 4379 3631 3620 -1 4380 3661 3660 -1 3661 4380 3629 -1 3629 4380 4381 -1 3629 4381 4382 -1 3629 4382 3619 -1 3619 3631 3629 -1 3631 3619 3620 -1 4382 3620 3619 -1 3620 4382 4379 -1 4381 4379 4382 -1 4379 4381 4378 -1 4380 4378 4381 -1 4378 4380 553 -1 3656 4383 3657 -1 4383 3656 4384 -1 4385 4380 3660 -1 4380 4385 4386 -1 4380 4386 4387 -1 4380 4387 453 -1 4386 4385 4388 -1 4388 4385 4389 -1 4389 4385 4390 -1 4390 4385 4391 -1 4390 4391 4392 -1 4392 4391 4393 -1 4393 4391 4394 -1 4394 4391 4395 -1 4394 4395 4396 -1 4394 4396 4397 -1 553 453 504 -1 453 553 4380 -1 4398 4399 4400 -1 4399 4398 4401 -1 4401 4398 4402 -1 4401 4402 4403 -1 4401 4403 4384 -1 4401 4384 4404 -1 4404 4384 4405 -1 4405 4384 4406 -1 4406 4384 3656 -1 4406 3656 4407 -1 4407 3656 4408 -1 4408 3656 4409 -1 4409 3656 504 -1 504 3656 553 -1 458 3631 519 -1 3631 458 3629 -1 3629 458 3661 -1 3661 458 4410 -1 3661 4410 4411 -1 3661 4411 4412 -1 4412 4411 4413 -1 4412 4413 4414 -1 4412 4414 4415 -1 4412 4415 4416 -1 4416 4415 4417 -1 4416 4417 4418 -1 4416 4418 4419 -1 4416 4419 4420 -1 4420 4419 4421 -1 4421 4419 4422 -1 4423 4424 4425 -1 4424 4423 4426 -1 4426 4423 4427 -1 4427 4423 4428 -1 4428 4423 4383 -1 4383 4423 4429 -1 4383 4429 4430 -1 4383 4430 4431 -1 4383 4431 3657 -1 3657 4431 4432 -1 3657 4432 4433 -1 3657 4433 4434 -1 3657 4434 519 -1 3657 519 3631 -1 4431 4435 4432 -1 4435 4431 4436 -1 4408 4437 4438 -1 4437 4408 4409 -1 504 4437 4409 -1 4437 504 4439 -1 4438 4434 4433 -1 4434 4438 4437 -1 4432 4438 4433 -1 4438 4432 4435 -1 4407 4438 4435 -1 4438 4407 4408 -1 4437 519 4434 -1 519 4437 4439 -1 4405 4436 4440 -1 4436 4405 4406 -1 4441 4401 4404 -1 4401 4441 4442 -1 4429 4440 4430 -1 4440 4429 4441 -1 4423 4441 4429 -1 4441 4423 4442 -1 4404 4440 4441 -1 4440 4404 4405 -1 4443 453 4387 -1 453 4443 4444 -1 4425 4442 4423 -1 4442 4425 4399 -1 4442 4399 4401 -1 4406 4435 4436 -1 4435 4406 4407 -1 4430 4436 4431 -1 4436 4430 4440 -1 4416 4385 4412 -1 4385 4416 4391 -1 4439 458 519 -1 458 4439 4444 -1 4444 4439 504 -1 4444 504 453 -1 4445 4418 4417 -1 4418 4445 4446 -1 4447 4417 4415 -1 4417 4447 4445 -1 4448 4415 4414 -1 4415 4448 4447 -1 4449 4414 4413 -1 4414 4449 4448 -1 4450 4413 4411 -1 4413 4450 4449 -1 4410 4450 4411 -1 4450 4410 4443 -1 4387 4450 4443 -1 4450 4387 4386 -1 4389 4447 4448 -1 4447 4389 4390 -1 4392 4447 4390 -1 4447 4392 4445 -1 4393 4445 4392 -1 4445 4393 4446 -1 458 4443 4410 -1 4443 458 4444 -1 4386 4449 4450 -1 4449 4386 4388 -1 4388 4448 4449 -1 4448 4388 4389 -1 4421 4395 4420 -1 4395 4421 4396 -1 4420 4391 4416 -1 4391 4420 4395 -1 4422 4396 4421 -1 4396 4422 4397 -1 4399 4424 4400 -1 4424 4399 4425 -1 4418 4394 4419 -1 4394 4418 4446 -1 4394 4446 4393 -1 4412 3660 3661 -1 3660 4412 4385 -1 4419 4397 4422 -1 4397 4419 4394 -1 4403 4427 4428 -1 4427 4403 4402 -1 4384 4428 4383 -1 4428 4384 4403 -1 4400 4426 4398 -1 4426 4400 4424 -1 4398 4427 4402 -1 4427 4398 4426 -1 4451 4452 4453 -1 4452 4451 4454 -1 4455 4456 4457 -1 4456 4455 4458 -1 4454 4458 4452 -1 4458 4454 4456 -1 4457 4459 4455 -1 4459 4457 4460 -1 4461 4454 4451 -1 4454 4461 4462 -1 4454 4462 4463 -1 4454 4463 4464 -1 4462 4461 4465 -1 4465 4461 4466 -1 4466 4461 4467 -1 4467 4461 4468 -1 4467 4468 4469 -1 4469 4468 4470 -1 4470 4468 4471 -1 4471 4468 4472 -1 4471 4472 4473 -1 4471 4473 4474 -1 4475 4476 4477 -1 4476 4475 4478 -1 4478 4475 4479 -1 4478 4479 4480 -1 4478 4480 4460 -1 4478 4460 4481 -1 4481 4460 4482 -1 4482 4460 4483 -1 4483 4460 4457 -1 4483 4457 4484 -1 4484 4457 4485 -1 4485 4457 4486 -1 4486 4457 4487 -1 4487 4457 4456 -1 4487 4456 4464 -1 4464 4456 4454 -1 4488 4489 4490 -1 4489 4488 4491 -1 4491 4488 4492 -1 4492 4488 4493 -1 4493 4488 4459 -1 4459 4488 4494 -1 4459 4494 4495 -1 4459 4495 4496 -1 4459 4496 4455 -1 4455 4496 4497 -1 4455 4497 4498 -1 4455 4498 4499 -1 4455 4499 4500 -1 4455 4500 4458 -1 4458 4500 4501 -1 4458 4501 4452 -1 4452 4501 4453 -1 4453 4501 4502 -1 4453 4502 4503 -1 4453 4503 4504 -1 4504 4503 4505 -1 4504 4505 4506 -1 4504 4506 4507 -1 4504 4507 4508 -1 4508 4507 4509 -1 4508 4509 4510 -1 4508 4510 4511 -1 4508 4511 4512 -1 4512 4511 4513 -1 4513 4511 4514 -1 4496 4515 4497 -1 4515 4496 4516 -1 4485 4517 4518 -1 4517 4485 4486 -1 4487 4517 4486 -1 4517 4487 4519 -1 4518 4499 4498 -1 4499 4518 4517 -1 4497 4518 4498 -1 4518 4497 4515 -1 4484 4518 4515 -1 4518 4484 4485 -1 4517 4500 4499 -1 4500 4517 4519 -1 4482 4516 4520 -1 4516 4482 4483 -1 4521 4478 4481 -1 4478 4521 4522 -1 4494 4520 4495 -1 4520 4494 4521 -1 4488 4521 4494 -1 4521 4488 4522 -1 4481 4520 4521 -1 4520 4481 4482 -1 4523 4464 4463 -1 4464 4523 4524 -1 4490 4522 4488 -1 4522 4490 4476 -1 4522 4476 4478 -1 4483 4515 4516 -1 4515 4483 4484 -1 4495 4516 4496 -1 4516 4495 4520 -1 4508 4461 4504 -1 4461 4508 4468 -1 4519 4501 4500 -1 4501 4519 4524 -1 4524 4519 4487 -1 4524 4487 4464 -1 4525 4510 4509 -1 4510 4525 4526 -1 4527 4509 4507 -1 4509 4527 4525 -1 4528 4507 4506 -1 4507 4528 4527 -1 4529 4506 4505 -1 4506 4529 4528 -1 4530 4505 4503 -1 4505 4530 4529 -1 4502 4530 4503 -1 4530 4502 4523 -1 4463 4530 4523 -1 4530 4463 4462 -1 4466 4527 4528 -1 4527 4466 4467 -1 4469 4527 4467 -1 4527 4469 4525 -1 4470 4525 4469 -1 4525 4470 4526 -1 4501 4523 4502 -1 4523 4501 4524 -1 4462 4529 4530 -1 4529 4462 4465 -1 4465 4528 4529 -1 4528 4465 4466 -1 4513 4472 4512 -1 4472 4513 4473 -1 4512 4468 4508 -1 4468 4512 4472 -1 4514 4473 4513 -1 4473 4514 4474 -1 4476 4489 4477 -1 4489 4476 4490 -1 4510 4471 4511 -1 4471 4510 4526 -1 4471 4526 4470 -1 4504 4451 4453 -1 4451 4504 4461 -1 4511 4474 4514 -1 4474 4511 4471 -1 4480 4492 4493 -1 4492 4480 4479 -1 4460 4493 4459 -1 4493 4460 4480 -1 4477 4491 4475 -1 4491 4477 4489 -1 4475 4492 4479 -1 4492 4475 4491 -1 "
						                >
							<Coordinate DEF="coords_ME_07-2_001"
							            point="-12.502360 15.792741 49.795628 -13.683463 21.304552 49.795628 -13.683463 15.792741 49.795628 -12.502360 21.304552 49.795628 -18.386730 20.889709 46.994293 -18.116571 16.477743 46.453976 -18.386730 16.207584 46.994293 -18.116571 20.619549 46.453976 -12.502360 20.517151 47.433426 -12.502360 15.792741 47.433426 -12.502360 21.304552 47.433426 -18.014172 16.580143 45.858620 -18.014172 20.517151 45.858620 -18.801573 21.304552 47.433426 -18.801573 15.792741 47.433426 -17.620470 15.792741 49.795628 -18.801573 21.304552 49.795628 -18.801573 15.792741 49.795628 -17.620470 21.304552 49.795628 -17.620470 21.304552 48.220825 -13.683463 21.304552 48.220825 -13.683463 15.792741 48.220825 -17.620470 15.792741 48.220825 -13.187364 16.477743 46.453976 -13.289762 16.580143 45.858620 -12.917204 20.517151 46.994293 -12.917204 16.207584 46.994293 -13.187364 20.517151 46.453976 -13.187364 20.619549 46.453976 -12.917204 20.889709 46.994293 -13.289762 20.517151 45.858620 -12.502360 -16.490725 49.795628 -13.683463 -10.978912 49.795628 -13.683463 -16.490725 49.795628 -12.502360 -10.978912 49.795628 -18.386730 -11.393756 46.994293 -18.116571 -15.805721 46.453976 -18.386730 -16.075880 46.994293 -18.116571 -11.663916 46.453976 -12.502360 -11.766315 47.433426 -12.502360 -16.490725 47.433426 -12.502360 -10.978912 47.433426 -18.014172 -15.703322 45.858620 -18.014172 -11.766315 45.858620 -18.801573 -10.978912 47.433426 -18.801573 -16.490725 47.433426 -17.620470 -16.490725 49.795628 -18.801573 -10.978912 49.795628 -18.801573 -16.490725 49.795628 -17.620470 -10.978912 49.795628 -17.620470 -10.978912 48.220825 -13.683463 -10.978912 48.220825 -13.683463 -16.490725 48.220825 -17.620470 -16.490725 48.220825 -13.187364 -15.805721 46.453976 -13.289762 -15.703322 45.858620 -12.917204 -11.766315 46.994293 -12.917204 -16.075880 46.994293 -13.187364 -11.766315 46.453976 -13.187364 -11.663916 46.453976 -12.917204 -11.393756 46.994293 -13.289762 -11.766315 45.858620 -13.683463 20.517151 45.858620 -13.683463 15.399040 44.677517 -13.683463 20.517151 43.496418 -13.683463 15.989592 44.835758 -13.683463 16.421906 45.268070 -13.683463 16.580143 45.858620 -13.683463 17.682505 40.307442 -13.683463 3.981717 39.953110 -13.683463 15.792741 39.953110 -13.683463 4.965969 44.835758 -13.683463 4.533656 45.268070 -13.683463 3.981717 45.858620 -13.683463 19.099827 41.016102 -13.683463 5.556520 44.677517 -13.683463 20.044710 42.079094 -13.683463 4.375418 45.858620 -14.077164 1.776993 45.858620 -14.077164 0.832111 39.953110 -14.077164 1.776993 39.953110 -14.077164 0.832111 45.858620 -15.651967 1.619512 39.953110 -15.651967 1.619512 45.858620 -15.651967 3.194316 45.858620 -15.651967 3.194316 39.953110 -14.077164 3.036835 39.953110 -14.077164 3.036835 45.858620 -14.077164 3.981717 45.858620 -14.077164 3.981717 39.953110 -17.620470 -10.585212 44.677517 -15.651967 -0.817791 45.247948 -17.620470 -0.742692 44.677517 -15.651967 -10.510114 45.247948 -15.651967 -0.231260 45.563347 -13.683463 -0.152141 44.835758 -13.683463 0.280172 45.268070 -15.651967 -0.447417 45.347187 -13.683463 0.438410 45.858620 -15.651967 -0.152141 45.858620 -17.620470 -0.152141 44.835758 -17.620470 0.280172 45.268070 -13.683463 -0.742692 44.677517 -17.620470 0.438410 45.858620 -15.651967 -10.880487 45.347187 -13.683463 -10.585212 44.677517 -13.683463 -11.175763 44.835758 -13.683463 -11.766315 45.858620 -15.651967 -11.096644 45.563347 -15.651967 -11.175763 45.858620 -13.683463 -11.608077 45.268070 -17.620470 -11.608077 45.268070 -17.620470 -11.175763 44.835758 -17.620470 -11.766315 45.858620 -15.651967 5.045088 45.563347 -15.651967 4.965969 45.858620 -13.683463 -15.703322 45.858620 -17.620470 -15.703322 45.858620 -17.620470 -12.868676 40.307442 -17.620470 15.792741 39.953110 -17.620470 -10.978912 39.953110 -17.620470 17.682505 40.307442 -17.620470 -14.285999 41.016102 -17.620470 19.099827 41.016102 -17.620470 -15.230882 42.079094 -17.620470 20.044710 42.079094 -17.620470 -15.703322 43.496418 -17.620470 20.517151 43.496418 -17.620470 5.556520 44.677517 -17.620470 4.965969 44.835758 -17.620470 4.533656 45.268070 -17.620470 4.375418 45.858620 -17.620470 15.399040 44.677517 -17.620470 20.517151 45.858620 -17.620470 15.989592 44.835758 -17.620470 16.421906 45.268070 -17.620470 16.580143 45.858620 -13.683463 0.832111 45.858620 -13.683463 0.832111 39.953110 -13.683463 -10.978912 39.953110 -13.683463 -12.868676 40.307442 -13.683463 -14.285999 41.016102 -13.683463 -15.230882 42.079094 -13.683463 -15.703322 43.496418 -15.651967 15.989592 45.858620 -15.651967 15.910472 45.563347 -15.651967 15.694316 45.347187 -15.651967 15.323941 45.247948 -15.651967 5.631618 45.247948 -15.651967 5.261245 45.347187 -13.683463 -16.490725 54.126339 -17.620470 -16.490725 54.126339 -14.077164 3.036835 54.126339 -15.651967 3.194316 48.220825 -14.077164 3.036835 48.220825 -15.651967 3.194315 54.126339 -15.651967 1.619512 54.126339 -14.077164 1.776993 48.220825 -15.651967 1.619512 48.220825 -14.077164 1.776993 54.126339 -14.077164 1.816363 48.220825 -14.077164 3.981717 54.126339 -17.620470 21.304552 54.126339 -13.683463 21.304552 54.126339 -13.683463 3.981717 54.126339 -14.077164 0.832111 54.126339 -13.683463 0.832111 54.126339 -14.077164 3.981717 48.220825 -13.683463 3.981717 48.220825 -13.683463 0.832111 48.220825 -14.077164 0.832111 48.220825 55.061340 0.438410 66.383965 44.313309 4.375418 66.383965 44.313309 0.438410 66.383965 55.061340 4.375418 66.383965 44.151409 0.438410 67.017509 44.151409 4.375418 67.017509 43.654953 4.375418 67.443100 43.654953 0.438410 67.443100 43.004108 4.375418 67.506279 43.004108 0.438410 67.506279 41.511597 4.375418 69.135918 41.511597 0.438410 69.135918 39.458622 4.375418 69.953590 39.458622 0.438410 69.953590 37.254402 4.375418 69.796326 37.254402 0.438410 69.796326 36.308250 0.438410 71.812859 36.308250 4.375418 71.812859 34.704216 4.375418 73.358383 34.704216 0.438410 73.358383 32.653934 4.375418 74.228989 32.653934 0.438410 74.228989 -46.952248 4.375418 74.228989 -46.952248 0.438410 74.228989 -46.952248 4.375418 59.233635 -46.952248 0.438410 59.233635 59.319149 4.375418 59.233635 59.319149 0.438410 59.233635 64.059982 4.375418 59.233635 64.059982 0.438410 59.233635 64.059982 0.438410 61.729698 64.059982 4.375418 61.729698 63.099350 4.375418 61.729698 63.099350 0.438410 61.729698 62.745564 0.438410 62.717140 62.745564 4.375418 62.717140 61.787746 4.375418 63.144676 61.787746 0.438410 63.144676 60.816452 4.375418 62.748703 60.816452 0.438410 62.748703 60.332340 0.438410 63.771854 60.332340 4.375418 63.771854 59.375362 4.375418 64.376335 59.375362 0.438410 64.376335 58.243462 4.375418 64.373955 58.243462 0.438410 64.373955 57.513065 0.438410 65.491524 57.513065 4.375418 65.491524 57.367420 4.375418 65.583519 57.367420 0.438410 65.583519 56.384308 4.375418 66.204514 56.384308 0.438410 66.204514 55.798042 4.375418 66.284035 55.798042 0.438410 66.284035 61.510063 0.438410 36.665867 60.328960 4.375418 37.022499 60.328960 0.438410 37.022499 61.510063 4.375418 36.665867 60.328960 0.438410 38.373089 60.328960 -1.136393 36.798286 60.328960 -1.136393 38.373089 60.328960 5.950221 36.798286 60.328960 4.375418 38.373089 60.328960 5.950221 38.373089 61.510063 -1.136393 36.010887 55.210850 -1.136393 36.010887 61.510063 -1.136393 38.373089 56.391953 -1.136393 36.798286 55.210850 -1.136393 38.373089 56.391953 -1.136393 38.373089 55.625690 -0.721550 35.571754 61.095219 -0.721550 35.571754 61.510063 5.950221 36.010887 61.510063 4.375418 38.373089 61.510063 5.950221 38.373089 61.510063 0.438410 38.373089 56.391953 5.950221 36.798286 56.391953 5.950221 38.373089 55.210850 5.950221 38.373089 55.210850 3.588016 36.100365 60.722660 1.225812 34.436081 55.210850 1.225812 36.100365 60.722660 3.588016 34.436081 55.895851 1.225812 35.031437 55.998249 1.225812 34.436081 55.625690 1.225812 35.571754 55.210850 1.225812 36.010887 55.895851 3.588016 35.031437 55.998249 3.588016 34.436081 55.625690 3.588016 35.571754 55.210850 3.588016 36.010887 55.998249 -0.348992 34.436081 55.895851 -0.451390 35.031437 55.210850 5.950221 36.010887 55.625690 5.535378 35.571754 60.722660 5.162819 34.436081 55.998249 5.162819 34.436081 55.895851 5.162819 35.031437 55.895851 5.265218 35.031437 60.722660 -0.348992 34.436081 60.825058 -0.451390 35.031437 60.825058 5.265218 35.031437 61.095219 5.535378 35.571754 51.277168 0.438410 31.119280 50.096066 4.375418 31.475912 50.096066 0.438410 31.475912 51.277168 4.375418 31.119280 51.277168 0.438410 32.472794 50.096066 0.438410 32.472794 50.096066 -1.136393 30.897991 50.096066 -1.136393 32.472794 50.096066 5.950221 30.897991 50.096066 4.375418 32.472794 50.096066 5.950221 32.472794 46.159058 5.950221 30.897991 46.159058 -1.136393 32.472794 46.159058 -1.136393 30.897991 46.159058 5.950221 32.472794 44.977955 5.950221 32.472794 44.977955 -1.136393 32.472794 51.277168 4.375418 32.472794 44.977955 3.588016 30.200068 50.489765 1.225812 28.535786 44.977955 1.225812 30.200068 50.489765 3.588016 28.535786 45.662956 1.225812 29.131140 45.765354 1.225812 28.535786 45.392796 1.225812 29.671459 44.977955 1.225812 30.110590 45.662956 3.588016 29.131140 45.765354 3.588016 28.535786 45.392796 3.588016 29.671459 44.977955 3.588016 30.110590 45.765354 -0.348992 28.535786 45.662956 -0.451390 29.131140 44.977955 5.950221 30.110590 45.392796 5.535378 29.671459 50.489765 5.162819 28.535786 45.765354 5.162819 28.535786 45.392796 -0.721550 29.671459 45.662956 5.162819 29.131140 45.662956 5.265218 29.131140 50.489765 -0.348992 28.535786 50.592163 -0.451390 29.131140 44.977955 -1.136393 30.110590 51.277168 5.950221 30.110590 51.277168 5.950221 32.472794 51.277168 -1.136393 30.110590 51.277168 -1.136393 32.472794 50.592163 5.265218 29.131140 50.862324 5.535378 29.671459 50.862324 -0.721550 29.671459 30.214174 4.375418 15.937362 30.214174 0.438410 15.937362 30.214174 0.438410 15.149960 30.214174 4.375418 15.149960 29.623623 0.438410 15.937362 29.623623 4.375418 15.937362 30.804726 0.438410 15.149960 30.804726 4.375418 15.149960 24.505514 0.438410 15.149960 25.096064 0.438410 15.149960 25.096064 4.375418 15.149960 24.505514 4.375418 15.149960 25.096064 0.438410 15.937362 25.686615 0.438410 15.937362 25.686615 4.375418 15.937362 25.096064 4.375418 15.937362 24.505514 4.375418 16.724762 25.686615 4.375418 16.724762 25.686615 5.950221 16.724762 25.686615 0.438410 16.724762 25.686615 -1.136393 16.724762 25.686615 -1.136393 15.149960 25.686615 5.950221 15.149960 29.623623 -1.136393 15.149960 29.623623 -1.136393 16.724762 29.623623 5.950221 15.149960 29.623623 4.375418 16.724762 29.623623 5.950221 16.724762 29.623623 0.438410 16.724762 30.804726 -1.136393 16.724762 30.804726 0.438410 16.724762 24.505514 0.438410 16.724762 24.505514 -1.136393 16.724762 30.804726 5.950221 14.362558 30.389883 5.535378 13.923428 24.920357 5.535378 13.923428 24.505514 5.950221 14.362558 30.119722 5.265218 13.383108 25.190516 5.265218 13.383108 25.190516 -0.451390 13.383108 24.920357 -0.721550 13.923428 24.920357 5.162819 13.923428 25.190516 5.162819 13.383108 25.292915 -0.348992 12.787755 30.017324 -0.348992 12.787755 30.119722 -0.451390 13.383108 30.389883 -0.721550 13.923428 24.505514 -1.136393 14.362558 24.505514 5.162819 14.362558 30.017324 5.162819 12.787755 30.804726 5.950221 16.724762 30.804726 4.375418 16.724762 30.804726 -1.136393 14.362558 24.505514 5.950221 16.724762 25.292915 5.162819 12.787755 -13.683463 0.839985 39.953110 -13.683463 -1.136393 39.953110 -13.683463 -1.136393 41.527912 -13.683463 0.839985 41.527912 -17.620470 5.950221 41.527912 -17.620470 -1.136393 41.527912 -17.620470 -1.136393 39.953110 -17.620470 5.950221 39.953110 -13.683463 5.950221 39.953110 -13.683463 3.981717 41.527912 -13.683463 5.950221 41.527912 -12.502360 -1.136393 41.527912 -12.502360 0.839985 41.527912 -18.801573 -1.136393 41.527912 -18.801573 5.950221 41.527912 -12.502360 5.950221 39.165707 -12.917204 5.535378 38.726578 -18.386730 5.535378 38.726578 -18.801573 5.950221 39.165707 -13.187364 5.265218 38.186256 -18.116571 5.265218 38.186256 -18.116571 -0.451390 38.186256 -18.386730 -0.721550 38.726578 -18.386730 5.162819 38.726578 -18.116571 5.162819 38.186256 -18.014172 -0.348992 37.590904 -13.289762 -0.348992 37.590904 -13.187364 -0.451390 38.186256 -12.917204 -0.721550 38.726578 -18.801573 -1.136393 39.165707 -18.801573 5.162819 39.165707 -13.289762 5.162819 37.590904 -12.502360 5.950221 41.527912 -12.502360 3.981717 41.527912 -12.502360 3.981717 39.953110 -12.502360 -1.136393 39.165707 -12.502360 0.839985 39.953110 -18.014172 5.162819 37.590904 -15.651967 3.194316 54.126339 -15.651967 1.619512 51.328400 -15.651967 3.194316 51.328400 -14.077164 3.036835 50.852894 -14.077164 1.776993 50.852894 -13.683463 3.981717 50.734016 -14.077164 3.981717 50.852894 -13.683463 0.832111 50.734016 -14.077164 0.832111 50.852894 -14.077164 1.776993 54.126339 -13.683463 0.832111 54.126339 -14.077164 0.832111 54.126339 -14.077164 3.036835 53.821396 -14.077164 3.036835 53.325333 -14.077164 1.776993 53.325333 -14.077164 1.776993 53.821396 -13.683463 0.438410 54.126339 -13.683463 0.438410 50.734016 -17.620470 4.375418 51.922787 -17.620470 0.438410 54.126339 -17.620470 0.438410 51.922787 -17.620470 4.375418 54.126339 -13.683463 4.375418 54.126339 -13.683463 4.375418 50.734016 13.875592 4.375418 42.412613 13.875592 0.438410 42.412613 13.875592 0.832111 42.412613 13.875592 3.981717 42.412613 -41.832741 4.375418 59.233635 -31.693542 0.438410 56.172123 -41.832741 0.438410 59.233635 -32.298702 0.438410 59.233635 -32.298702 4.375418 59.233635 13.875592 4.375418 45.858620 39.859844 4.375418 34.566719 46.159058 4.375418 36.803501 46.159058 4.375418 32.664684 39.859844 4.375418 37.590904 -21.402569 4.375418 59.233635 17.812599 4.375418 45.858620 35.922836 4.375418 35.755489 17.812599 4.375418 41.223839 35.922836 4.375418 37.590904 35.922836 4.375418 39.953110 35.922836 4.375418 41.924339 50.096066 4.375418 36.803501 39.859844 4.375418 39.953110 67.460075 4.375418 26.232882 65.793137 4.375418 27.913103 67.687683 4.375418 26.986670 64.097672 4.375418 29.167295 62.657360 4.375418 30.707779 55.998249 4.375418 34.436081 61.519817 4.375418 32.483612 55.895851 4.375418 35.031437 55.625690 4.375418 35.571754 39.859844 4.375418 40.735569 55.210850 4.375418 36.010887 55.210850 4.375418 36.100365 59.403763 4.375418 34.436081 60.722660 4.375418 34.436081 54.465969 3.981717 36.325279 55.210850 0.832111 36.100365 54.465969 0.832111 36.325279 55.210850 3.981717 36.100365 39.859844 3.981717 40.735569 55.210850 0.832111 38.567902 55.148785 3.981717 38.586643 55.148785 0.832111 38.586643 55.210850 3.981717 38.567902 39.859844 0.438410 40.735569 39.859844 0.832111 40.735569 55.210850 0.438410 36.100365 15.501697 0.832111 41.921612 15.501697 3.981717 41.921612 17.812599 0.832111 41.921612 17.812599 3.981717 41.921612 13.875592 0.832111 45.858620 13.875592 3.981717 45.858620 17.812599 3.981717 45.858620 17.812599 0.832111 45.858620 17.812599 0.438410 45.858620 17.812599 0.438410 41.223839 35.922836 0.438410 35.755489 13.875592 0.438410 45.858620 46.159058 0.438410 36.803501 39.859844 0.438410 34.566719 46.159058 0.438410 32.664684 39.859844 0.438410 37.590904 60.722660 0.438410 34.436081 55.998249 0.438410 34.436081 61.519817 0.438410 32.483612 67.460075 0.438410 26.232882 50.096066 0.438410 36.803501 65.793137 0.438410 27.913103 67.687683 0.438410 26.986670 64.097672 0.438410 29.167295 62.657360 0.438410 30.707779 55.895851 0.438410 35.031437 55.625690 0.438410 35.571754 39.859844 0.438410 39.953110 55.210850 0.438410 36.010887 35.922836 0.438410 39.953110 35.922836 0.438410 37.590904 35.922836 0.438410 41.924339 -21.402569 0.438410 59.233635 39.859844 0.832111 43.203110 37.584591 3.981717 43.890118 37.584591 0.832111 43.890118 39.859844 3.981717 43.203110 35.922836 3.981717 43.890118 35.922836 0.832111 43.890118 35.922836 0.832111 41.924339 35.922836 0.832111 44.391880 -13.230500 3.981717 59.233635 -13.230500 0.832111 59.233635 35.922836 3.981717 44.391880 -21.402569 0.832111 59.233635 40.944000 3.981717 42.875751 46.159058 0.832111 41.301075 46.159058 3.981717 41.301075 50.096066 0.832111 40.112301 50.096066 3.981717 39.165707 50.096066 0.832111 39.165707 50.096066 3.981717 40.112301 46.159058 3.981717 39.165707 46.159058 0.832111 39.165707 55.035717 0.832111 38.620785 -21.402569 3.981717 59.233635 35.922836 3.981717 41.924339 61.027607 1.205869 34.344006 61.027607 3.607959 34.344006 61.181999 2.003217 34.297386 61.181999 2.810611 34.297386 36.474018 3.981717 39.953110 35.922836 3.981717 39.953110 39.859844 3.981717 39.953110 39.859844 0.832111 34.566719 46.159058 3.981717 32.866493 50.096066 0.832111 32.866493 46.159058 0.832111 32.866493 50.096066 3.981717 32.866493 46.159058 3.981717 36.803501 50.096066 3.981717 36.803501 39.859844 0.832111 37.590904 35.922836 0.832111 37.590904 39.859844 0.832111 39.953110 35.922836 0.832111 39.953110 46.159058 0.832111 36.803501 50.096066 0.832111 36.803501 67.760178 1.205869 27.226748 67.796875 2.003217 27.348299 67.796875 2.810611 27.348299 67.760178 3.607959 27.226748 61.852123 2.003217 32.656055 61.852123 2.810611 32.656055 61.740429 1.205869 32.598095 61.740429 3.607959 32.598095 62.853592 3.607959 30.860315 62.952946 2.810611 30.937546 62.952946 2.003217 30.937546 62.853592 1.205869 30.860315 64.263039 3.607959 29.352846 64.346764 2.810611 29.446791 64.346764 2.003217 29.446791 64.263039 1.205869 29.352846 65.922165 3.607959 28.125532 65.987495 2.810611 28.233084 65.987495 2.003217 28.233084 65.922165 1.205869 28.125532 29.623623 0.832111 37.648624 25.686615 0.832111 37.582001 29.623623 0.832111 37.582001 25.686615 0.832111 38.837395 25.686615 3.981717 37.582001 29.623623 3.981717 37.582001 25.686615 3.981717 38.837395 29.623623 3.981717 37.648624 11.987256 0.438410 56.479641 16.320431 0.832111 56.479641 11.987256 0.832111 56.479641 16.320431 0.438410 56.479641 11.987256 0.438410 57.788033 11.987256 0.832111 57.788033 11.987256 4.375418 56.479641 11.987256 3.981717 57.788033 11.987256 3.981717 56.479641 11.987256 4.375418 57.788033 16.320431 4.375418 56.479641 16.320431 3.981717 56.479641 46.159058 4.375418 47.469925 46.159058 0.438410 47.469925 56.395279 3.981717 38.766792 60.332283 0.832111 38.766792 56.395279 0.832111 38.766792 60.332283 3.981717 38.766792 60.332283 0.832111 42.349087 60.332283 0.438410 37.583099 60.332283 0.438410 42.349087 60.332283 0.449495 37.583099 60.332283 4.375418 37.021496 60.332283 0.449495 37.021496 60.332283 3.981717 42.349087 60.332283 4.375418 42.349087 60.328960 0.438410 42.703800 60.328960 0.832111 42.703800 46.159058 0.438410 41.301075 39.859844 0.438410 45.849720 39.859844 0.438410 43.203110 46.159058 0.438410 45.071220 70.958878 0.438410 39.981667 66.234474 0.438410 39.981667 71.756035 0.438410 38.029198 56.391953 0.438410 38.373089 50.096066 0.438410 40.112301 55.856037 0.438410 38.373089 50.096066 0.438410 45.071220 56.395279 0.438410 38.373089 56.395279 0.438410 42.703800 77.923904 0.438410 32.532253 77.696297 0.438410 31.778465 76.029358 0.438410 33.458687 74.333893 0.438410 34.712879 72.893578 0.438410 36.253365 66.132072 0.438410 40.577019 65.861916 0.438410 41.117340 65.447067 0.438410 41.645947 46.159058 0.438410 47.433426 65.447067 0.438410 41.556469 46.279942 0.438410 47.433426 -13.230500 0.438410 59.233635 7.199673 0.438410 59.233635 35.922836 0.438410 44.391880 35.922836 0.438410 45.849720 56.395279 4.375418 38.373089 56.395279 0.832111 42.703800 56.395279 3.981717 42.349087 56.395279 4.375418 42.349087 61.510063 0.449495 36.665867 56.391953 4.375418 38.373089 55.856037 4.375418 38.373089 39.859844 4.375418 43.203110 46.159058 4.375418 45.071220 46.159058 4.375418 41.301075 39.859844 4.375418 45.849720 -13.230500 4.375418 59.233635 35.922836 4.375418 44.391880 7.199673 4.375418 59.233635 35.922836 4.375418 45.849720 50.096066 4.375418 45.071220 65.861916 4.375418 41.117340 65.447067 4.375418 41.556469 46.159058 4.375418 47.433426 65.447067 4.375418 41.645947 46.279942 4.375418 47.433426 77.696297 4.375418 31.778465 76.029358 4.375418 33.458687 77.923904 4.375418 32.532253 74.333893 4.375418 34.712879 72.893578 4.375418 36.253365 66.234474 4.375418 39.981667 71.756035 4.375418 38.029198 66.132072 4.375418 40.577019 50.096066 4.375418 40.112301 50.096066 4.375418 41.134212 70.958878 4.375418 39.981667 50.096066 3.981717 45.071220 46.159058 3.981717 45.071220 50.096066 3.981717 41.134212 46.711678 3.981717 41.134212 50.096066 0.832111 41.134212 46.711678 0.832111 41.134212 50.096066 0.832111 45.071220 46.159058 0.832111 45.071220 70.958878 3.588016 39.981667 66.234474 3.588016 39.981667 65.447067 3.588016 41.556469 65.447067 3.588016 41.645947 65.861916 3.588016 41.117340 66.132072 3.588016 40.577019 65.447067 1.225812 41.645947 65.447067 1.225812 41.556469 65.861916 1.225812 41.117340 66.132072 1.225812 40.577019 66.234474 1.225812 39.981667 70.958878 1.225812 39.981667 71.263824 1.205869 39.889587 71.263824 3.607959 39.889587 71.418221 2.003217 39.842968 71.418221 2.810611 39.842968 77.996391 1.205869 32.772331 78.033096 2.003217 32.893883 78.033096 2.810611 32.893883 77.996391 3.607959 32.772331 72.088348 2.003217 38.201641 72.088348 2.810611 38.201641 71.976646 1.205869 38.143677 71.976646 3.607959 38.143677 73.089813 3.607959 36.405899 73.189163 2.810611 36.483131 73.189163 2.003217 36.483131 73.089813 1.205869 36.405899 74.499260 3.607959 34.898430 74.582985 2.810611 34.992374 74.582985 2.003217 34.992374 74.499260 1.205869 34.898430 76.158386 3.607959 33.671116 76.223717 2.810611 33.778667 76.223717 2.003217 33.778667 76.158386 1.205869 33.671116 -13.683463 0.839985 48.220825 -13.683463 -1.136393 48.220825 -13.683463 -1.136393 49.795628 -13.683463 0.839985 49.795628 -17.620470 5.950221 49.795628 -17.620470 -1.136393 49.795628 -17.620470 -1.136393 48.220825 -17.620470 5.950221 48.220825 -13.683463 5.950221 48.220825 -13.683463 3.981717 49.795628 -13.683463 5.950221 49.795628 -12.502360 -1.136393 49.795628 -12.502360 0.839985 49.795628 -18.801573 -1.136393 49.795628 -18.801573 5.950221 49.795628 -12.502360 5.950221 47.433426 -12.917204 5.535378 46.994293 -18.386730 5.535378 46.994293 -18.801573 5.950221 47.433426 -13.187364 5.265218 46.453976 -18.116571 5.265218 46.453976 -18.116571 -0.451390 46.453976 -18.386730 -0.721550 46.994293 -18.386730 5.162819 46.994293 -18.116571 5.162819 46.453976 -18.014172 -0.348992 45.858620 -13.289762 -0.348992 45.858620 -13.187364 -0.451390 46.453976 -12.917204 -0.721550 46.994293 -18.801573 -1.136393 47.433426 -18.801573 5.162819 47.433426 -13.289762 5.162819 45.858620 -12.502360 5.950221 49.795628 -12.502360 3.981717 49.795628 -12.502360 3.981717 48.220825 -12.502360 -1.136393 47.433426 -12.502360 0.839985 48.220825 -18.014172 5.162819 45.858620 11.987256 3.981717 59.233635 11.987256 4.375418 59.233635 19.861273 4.375418 56.479641 19.861273 3.981717 56.479641 19.861273 4.375418 59.233635 19.861273 3.981717 59.233635 19.861273 0.832111 59.233635 19.861273 0.438410 56.479641 19.861273 0.438410 59.233635 19.861273 0.832111 56.479641 11.987256 0.438410 59.233635 11.987256 0.832111 59.233635 68.596672 1.619512 59.233635 67.021873 2.997465 59.233635 67.021873 1.816363 59.233635 68.596672 3.194316 59.233635 67.021873 4.375418 59.233635 67.021873 0.438410 59.233635 16.679077 4.375418 56.371349 27.415573 4.375418 53.328125 26.757711 4.375418 53.328125 28.101006 4.375418 53.328125 56.395275 4.375418 54.938610 56.395279 4.375418 58.875618 60.332283 4.375418 58.875618 60.332283 4.375418 54.938610 67.021873 4.375418 53.328125 60.332283 4.375418 53.328125 48.517937 4.375418 53.328125 44.580929 4.375418 53.328125 54.817150 4.375418 53.328125 56.395275 4.375418 53.328125 60.332283 3.981717 55.293324 56.395275 0.832111 55.293324 56.395275 3.981717 55.293324 60.332283 0.832111 55.293324 60.332283 3.981717 58.875618 60.332283 3.981717 54.938610 56.395279 3.981717 58.875618 56.395275 3.981717 54.938610 56.395275 0.832111 54.938610 56.395275 0.438410 58.875618 56.395275 0.438410 54.938610 56.395275 0.832111 58.875618 60.332283 0.832111 58.875618 60.332283 0.438410 58.875618 60.332283 0.438410 54.938610 60.332283 0.832111 54.938610 67.021873 0.438410 53.328125 60.332283 0.438410 53.328125 54.817150 0.438410 53.328125 56.395275 0.438410 53.328125 48.517937 0.438410 53.328125 44.580929 0.438410 53.328125 27.415573 0.438410 53.328125 26.757711 0.438410 53.328125 67.021873 2.997465 53.328125 68.596672 3.194316 53.328125 67.021873 1.816363 53.328125 68.596672 1.619512 53.328125 65.447067 4.375418 42.343872 63.135666 4.375418 42.343872 65.447067 0.438410 42.343872 63.135666 0.438410 42.343872 66.234474 -0.348992 39.981667 66.132072 -0.451390 40.577019 65.447067 5.950221 41.556469 65.861916 5.535378 41.117340 70.958878 5.162819 39.981667 66.234474 5.162819 39.981667 65.861916 -0.721550 41.117340 66.132072 5.162819 40.577019 66.132072 5.265218 40.577019 70.958878 -0.348992 39.981667 71.061279 -0.451390 40.577019 65.447067 5.950221 43.918674 65.447067 4.375418 43.918674 65.447067 0.438410 43.918674 65.447067 -1.136393 41.556469 65.447067 -1.136393 43.918674 66.628174 5.950221 42.343872 71.746284 5.950221 41.556469 66.628174 5.950221 43.918674 70.565178 5.950221 42.343872 71.746284 5.950221 43.918674 70.565178 5.950221 43.918674 70.565178 0.438410 43.918674 71.155731 0.438410 43.131271 70.565178 0.438410 43.131271 71.746284 0.438410 42.343872 71.155731 0.438410 42.343872 71.746284 0.438410 43.918674 71.746284 4.375418 43.918674 70.565178 4.375418 43.918674 71.746284 -1.136393 41.556469 70.565178 -1.136393 42.343872 71.746284 -1.136393 43.918674 70.565178 -1.136393 43.918674 66.628174 -1.136393 42.343872 66.628174 -1.136393 43.918674 70.565178 4.375418 43.131271 66.628174 0.438410 43.918674 66.628174 0.438410 43.131271 66.628174 4.375418 43.131271 66.628174 4.375418 43.918674 66.037621 0.438410 42.343872 66.037621 0.438410 43.131271 71.155731 4.375418 42.343872 71.746284 4.375418 42.343872 71.061279 5.265218 40.577019 71.331436 5.535378 41.117340 71.155731 4.375418 43.131271 71.331436 -0.721550 41.117340 66.037621 4.375418 43.131271 66.037621 4.375418 42.343872 46.159058 0.832111 50.611588 46.159058 0.438410 50.611588 46.159058 0.832111 47.469925 50.096066 3.981717 50.611588 50.096066 4.375418 47.433426 50.096066 3.981717 47.433426 50.096066 4.375418 50.611588 46.279942 3.981717 47.433426 46.159058 3.981717 47.469925 46.159058 3.981717 50.611588 50.096066 0.832111 47.433426 46.279942 0.832111 47.433426 50.096066 0.438410 47.433426 50.096066 0.832111 50.611588 63.793526 0.438410 42.343872 66.628174 0.438410 48.249382 60.332283 0.438410 45.066002 58.115749 0.438410 45.066002 66.234474 0.438410 48.249382 60.332283 0.438410 50.611588 66.132072 0.438410 48.844738 65.861916 0.438410 49.385056 65.447067 0.438410 49.824184 65.447067 0.438410 50.611588 56.395279 0.438410 45.066002 56.395279 0.438410 50.611588 50.096066 0.438410 50.611588 46.159058 4.375418 50.611588 63.793526 4.375418 42.343872 56.395279 4.375418 45.066002 56.395279 4.375418 50.611588 60.332283 4.375418 50.611588 66.234474 4.375418 48.249382 60.332283 4.375418 45.066002 66.132072 4.375418 48.844738 65.861916 4.375418 49.385056 65.447067 4.375418 49.824184 65.447067 4.375418 50.611588 66.628174 4.375418 48.249382 35.922836 0.438410 50.611588 35.754410 4.375418 50.611588 35.754410 0.438410 50.611588 35.922836 0.438410 50.560734 60.332283 0.832111 45.066002 56.395279 0.832111 48.648300 56.395279 0.832111 45.066002 60.332283 0.832111 48.648300 60.332283 3.981717 48.648300 60.332283 3.981717 45.066002 56.395279 3.981717 45.066002 56.395279 3.981717 48.648300 66.628174 0.832111 44.312374 66.628174 3.981717 44.312374 66.628174 3.981717 48.249382 66.628174 0.832111 48.249382 70.565178 4.375418 48.249382 70.565178 3.981717 44.312374 70.565178 3.981717 48.249382 70.565178 0.832111 48.249382 70.565178 0.438410 48.249382 70.565178 0.832111 44.312374 72.432419 4.375418 42.343872 72.432419 0.438410 42.343872 74.400917 2.406914 42.343872 74.715881 4.375418 43.131271 76.763123 4.375418 48.249382 76.684387 2.406914 43.131271 74.715881 0.438410 43.131271 78.439194 2.406914 47.518299 76.763123 0.438410 48.249382 56.395279 3.981717 50.616802 56.391953 0.832111 50.971516 56.395279 0.832111 50.616802 56.391953 3.981717 50.971516 60.332283 3.981717 50.971516 60.332283 0.832111 50.971516 60.332283 0.832111 50.616802 60.332283 3.981717 50.616802 56.395279 0.832111 50.611588 35.908333 0.832111 50.611588 35.754410 0.832111 50.611588 46.159058 0.832111 51.370434 26.898775 0.832111 53.285530 46.159058 0.832111 53.328125 26.911636 0.832111 53.328125 35.789604 0.832111 50.600960 67.021873 0.832111 53.328125 60.332283 0.832111 50.611588 67.021873 0.832111 50.611588 50.096066 0.832111 51.370434 60.332283 0.832111 52.979008 60.332283 0.832111 53.328125 56.395279 0.832111 52.979008 50.096066 0.832111 53.328125 56.395275 0.832111 53.328125 60.332283 3.981717 53.328125 60.332283 3.981717 52.979008 56.395279 3.981717 52.979008 56.395275 3.981717 53.328125 50.096066 3.981717 51.370434 46.159058 3.981717 51.370434 50.096066 3.981717 53.328125 26.911636 3.981717 53.328125 46.159058 3.981717 53.328125 56.395279 3.981717 50.611588 60.332283 3.981717 50.611588 35.908333 3.981717 50.611588 35.895473 3.981717 50.568993 26.898775 3.981717 53.285530 35.895473 0.832111 50.568993 67.021873 3.981717 50.611588 67.021873 2.997465 50.611588 67.021873 1.816363 50.611588 68.596672 3.194316 50.611588 68.596672 1.619512 50.611588 67.021873 3.981717 53.328125 -2.266140 9.887229 33.260197 -3.447243 15.399040 33.260197 -3.447243 9.887229 33.260197 -2.266140 15.399040 33.260197 -8.150510 14.984197 30.458860 -7.880350 10.572231 29.918541 -8.150510 10.302073 30.458860 -7.880350 14.714037 29.918541 -2.266140 14.611638 30.897991 -2.266140 9.887229 30.897991 -2.266140 15.399040 30.897991 -7.777951 10.674630 29.323189 -7.777951 14.611638 29.323189 -8.565352 15.399040 30.897991 -8.565352 9.887229 30.897991 -7.384251 9.887229 33.260197 -8.565352 15.399040 33.260197 -8.565352 9.887229 33.260197 -7.384251 15.399040 33.260197 -7.384251 15.399040 31.685392 -3.447243 15.399040 31.685392 -3.447243 9.887229 31.685392 -7.384251 9.887229 31.685392 -2.951143 10.572231 29.918541 -3.053542 10.674630 29.323189 -2.680984 14.611638 30.458860 -2.680984 10.302073 30.458860 -2.951143 14.611638 29.918541 -2.951143 14.714037 29.918541 -2.680984 14.984197 30.458860 -3.053542 14.611638 29.323189 -7.384251 -10.585212 36.409801 -5.415747 -0.817791 36.980232 -7.384251 -0.742692 36.409801 -5.415747 -10.510114 36.980232 -5.415747 -0.231260 37.295628 -3.447243 -0.152141 36.568039 -3.447243 0.280172 37.000355 -5.415747 -0.447417 37.079472 -3.447243 0.438410 37.590904 -5.415747 -0.152141 37.590904 -7.384251 -0.152141 36.568039 -7.384251 0.280172 37.000355 -3.447243 -0.742692 36.409801 -7.384251 0.438410 37.590904 -5.415747 -10.880487 37.079472 -3.447243 -10.585212 36.409801 -3.447243 -11.175763 36.568039 -3.447243 -11.766315 37.590904 -5.415747 -11.096644 37.295628 -5.415747 -11.175763 37.590904 -3.447243 -11.608077 37.000355 -7.384251 -11.608077 37.000355 -7.384251 -11.175763 36.568039 -7.384251 -11.766315 37.590904 -3.447243 4.375418 37.590904 -5.415747 5.045088 37.295628 -5.415747 4.965969 37.590904 -3.447243 4.533656 37.000355 -3.447243 -15.703322 37.590904 -7.384251 -15.703322 37.590904 -7.384251 -15.703322 35.228699 -7.384251 -12.868676 32.039722 -7.384251 15.792741 31.685392 -7.384251 -10.978912 31.685392 -7.384251 17.682505 32.039722 -7.384251 -14.285999 32.748386 -7.384251 19.099827 32.748386 -7.384251 -15.230882 33.811378 -7.384251 0.832111 33.653896 -7.384251 0.832111 37.590904 -7.384251 3.981717 33.653896 -7.384251 20.044710 33.811378 -7.384251 5.556520 36.409801 -7.384251 4.965969 36.568039 -7.384251 4.533656 37.000355 -7.384251 3.981717 37.590904 -7.384251 20.517151 35.228699 -7.384251 4.375418 37.590904 -7.384251 15.399040 36.409801 -7.384251 20.517151 37.590904 -7.384251 15.989592 36.568039 -7.384251 16.421906 37.000355 -7.384251 16.580143 37.590904 -3.447243 3.981717 37.590904 -3.447243 15.792741 31.685392 -3.447243 17.682505 32.039722 -3.447243 0.832111 33.653896 -3.447243 3.981717 33.653896 -3.447243 20.517151 37.590904 -3.447243 15.399040 36.409801 -3.447243 20.517151 35.228699 -3.447243 15.989592 36.568039 -3.447243 16.421906 37.000355 -3.447243 16.580143 37.590904 -3.447243 -10.978912 31.685392 -3.447243 -12.868676 32.039722 -3.447243 19.099827 32.748386 -3.447243 -14.285999 32.748386 -3.447243 20.044710 33.811378 -3.447243 5.556520 36.409801 -3.447243 4.965969 36.568039 -3.447243 -15.230882 33.811378 -3.447243 0.832111 37.590904 -3.447243 -15.703322 35.228699 -5.415747 15.989592 37.590904 -5.415747 15.910472 37.295628 -5.415747 15.694316 37.079472 -5.415747 15.323941 36.980232 -5.415747 5.631618 36.980232 -5.415747 5.261245 37.079472 -2.266140 -16.490725 41.527912 -3.447243 -10.978912 41.527912 -3.447243 -16.490725 41.527912 -2.266140 -10.978912 41.527912 -8.150510 -11.393756 38.726578 -7.880350 -15.805721 38.186256 -8.150510 -16.075880 38.726578 -7.880350 -11.663916 38.186256 -2.266140 -11.766315 39.165707 -2.266140 -16.490725 39.165707 -2.266140 -10.978912 39.165707 -7.777951 -15.703322 37.590904 -7.777951 -11.766315 37.590904 -8.565352 -10.978912 39.165707 -8.565352 -16.490725 39.165707 -7.384251 -16.490725 41.527912 -8.565352 -10.978912 41.527912 -8.565352 -16.490725 41.527912 -7.384251 -10.978912 41.527912 -7.384251 -10.978912 39.953110 -3.447243 -10.978912 39.953110 -3.447243 -16.490725 39.953110 -7.384251 -16.490725 39.953110 -2.951143 -15.805721 38.186256 -3.053542 -15.703322 37.590904 -2.680984 -11.766315 38.726578 -2.680984 -16.075880 38.726578 -2.951143 -11.766315 38.186256 -2.951143 -11.663916 38.186256 -2.680984 -11.393756 38.726578 -3.053542 -11.766315 37.590904 -2.266140 15.792741 41.527912 -3.447243 21.304552 41.527912 -3.447243 15.792741 41.527912 -2.266140 21.304552 41.527912 -8.150510 20.889709 38.726578 -7.880350 16.477743 38.186256 -8.150510 16.207584 38.726578 -7.880350 20.619549 38.186256 -2.266140 20.517151 39.165707 -2.266140 15.792741 39.165707 -2.266140 21.304552 39.165707 -7.777951 16.580143 37.590904 -7.777951 20.517151 37.590904 -8.565352 21.304552 39.165707 -8.565352 15.792741 39.165707 -7.384251 15.792741 41.527912 -8.565352 21.304552 41.527912 -8.565352 15.792741 41.527912 -7.384251 21.304552 41.527912 -7.384251 21.304552 39.953110 -3.447243 21.304552 39.953110 -3.447243 15.792741 39.953110 -7.384251 15.792741 39.953110 -2.951143 16.477743 38.186256 -3.053542 16.580143 37.590904 -2.680984 20.517151 38.726578 -2.680984 16.207584 38.726578 -2.951143 20.517151 38.186256 -2.951143 20.619549 38.186256 -2.680984 20.889709 38.726578 -3.053542 20.517151 37.590904 -7.384251 -0.742692 28.142086 -5.415747 -0.447417 28.811756 -7.384251 -0.152141 28.300323 -5.415747 -0.817791 28.712515 -5.415747 -0.231260 29.027912 -7.384251 0.280172 28.732637 -3.447243 -5.860803 29.323189 -5.415747 -5.191133 29.027912 -5.415747 -5.270251 29.323189 -3.447243 -5.702565 28.732637 -3.447243 -0.742692 28.142086 -3.447243 -0.152141 28.300323 -3.447243 0.280172 28.732637 -3.447243 -5.270251 28.300323 -5.415747 -4.974976 28.811756 -3.447243 0.438410 29.323189 -5.415747 -0.152141 29.323189 -7.384251 -5.702565 28.732637 -7.384251 -5.860803 29.323189 -7.384251 0.438410 29.323189 -3.447243 -9.797811 29.323189 -7.384251 -9.797811 29.323189 -7.384251 -4.679700 28.142086 -5.415747 -4.604602 28.712515 -7.384251 10.516393 28.732637 -5.415747 10.084080 29.323189 -7.384251 10.674630 29.323189 -5.415747 10.004960 29.027912 -3.447243 10.674630 29.323189 -3.447243 10.516393 28.732637 -7.384251 10.084080 28.300323 -5.415747 9.788804 28.811756 -3.447243 4.375418 29.323189 -5.415747 5.045088 29.027912 -5.415747 4.965969 29.323189 -3.447243 4.533656 28.732637 -7.384251 4.533656 28.732637 -7.384251 4.375418 29.323189 -7.384251 -5.270251 28.300323 -3.447243 -4.679700 28.142086 -7.384251 -9.797811 26.960983 -7.384251 -6.018283 23.772007 -7.384251 8.312426 23.417677 -7.384251 -3.498598 23.417677 -7.384251 10.832110 23.772007 -7.384251 -7.908047 24.480669 -7.384251 12.721874 24.480669 -7.384251 -9.167890 25.543661 -7.384251 0.832111 25.386181 -7.384251 0.832111 29.323189 -7.384251 3.981717 25.386181 -7.384251 13.981717 25.543661 -7.384251 4.965969 28.300323 -7.384251 3.981717 29.323189 -7.384251 5.556520 28.142086 -7.384251 14.611638 26.960983 -7.384251 9.493528 28.142086 -7.384251 14.611638 29.323189 -3.447243 4.965969 28.300323 -5.415747 5.261245 28.811756 -3.447243 -9.797811 26.960983 -3.447243 0.832111 29.323189 -3.447243 -3.498598 23.417677 -3.447243 8.312426 23.417677 -3.447243 14.611638 29.323189 -3.447243 14.611638 26.960983 -3.447243 13.981717 25.543661 -3.447243 9.493528 28.142086 -3.447243 10.084080 28.300323 -3.447243 10.832110 23.772007 -3.447243 -6.018283 23.772007 -3.447243 -7.908047 24.480669 -3.447243 12.721874 24.480669 -3.447243 3.981717 25.386181 -3.447243 3.981717 29.323189 -3.447243 5.556520 28.142086 -3.447243 0.832111 25.386181 -3.447243 -9.167890 25.543661 -5.415747 9.418429 28.712515 -5.415747 5.631618 28.712515 -2.266140 -10.585212 33.260197 -3.447243 -5.073401 33.260197 -3.447243 -10.585212 33.260197 -2.266140 -5.073401 33.260197 -8.150510 -5.488244 30.458860 -7.880350 -9.900209 29.918541 -8.150510 -10.170369 30.458860 -7.880350 -5.758404 29.918541 -2.266140 -5.860803 30.897991 -2.266140 -10.585212 30.897991 -2.266140 -5.073401 30.897991 -7.777951 -9.797811 29.323189 -7.777951 -5.860803 29.323189 -8.565352 -5.073401 30.897991 -8.565352 -10.585212 30.897991 -7.384251 -10.585212 33.260197 -8.565352 -5.073401 33.260197 -8.565352 -10.585212 33.260197 -7.384251 -5.073401 33.260197 -7.384251 -5.073401 31.685392 -3.447243 -5.073401 31.685392 -3.447243 -10.585212 31.685392 -7.384251 -10.585212 31.685392 -2.951143 -9.900209 29.918541 -3.053542 -9.797811 29.323189 -2.680984 -5.860803 30.458860 -2.680984 -10.170369 30.458860 -2.951143 -5.860803 29.918541 -2.951143 -5.758404 29.918541 -2.680984 -5.488244 30.458860 -3.053542 -5.860803 29.323189 7.970080 -10.585212 24.992479 6.788978 -5.073401 24.992479 6.788978 -10.585212 24.992479 7.970080 -5.073401 24.992479 2.085711 -5.488244 22.191143 2.355870 -9.900209 21.650826 2.085711 -10.170369 22.191143 2.355870 -5.758404 21.650826 7.970080 -5.860803 22.630274 7.970080 -10.585212 22.630274 7.970080 -5.073401 22.630274 2.458269 -9.797811 21.055471 2.458269 -5.860803 21.055471 1.670868 -5.073401 22.630274 1.670868 -10.585212 22.630274 2.851970 -10.585212 24.992479 1.670868 -5.073401 24.992479 1.670868 -10.585212 24.992479 2.851970 -5.073401 24.992479 2.851970 -5.073401 23.417677 6.788978 -5.073401 23.417677 6.788978 -10.585212 23.417677 2.851970 -10.585212 23.417677 7.285078 -9.900209 21.650826 7.182679 -9.797811 21.055471 7.555237 -5.860803 22.191143 7.555237 -10.170369 22.191143 7.285078 -5.860803 21.650826 7.285078 -5.758404 21.650826 7.555237 -5.488244 22.191143 7.182679 -5.860803 21.055471 7.970080 9.887229 24.992479 6.788978 15.399040 24.992479 6.788978 9.887229 24.992479 7.970080 15.399040 24.992479 2.085711 14.984197 22.191143 2.355870 10.572231 21.650826 2.085711 10.302073 22.191143 2.355870 14.714037 21.650826 7.970080 14.611638 22.630274 7.970080 9.887229 22.630274 7.970080 15.399040 22.630274 2.458269 10.674630 21.055471 2.458269 14.611638 21.055471 1.670868 15.399040 22.630274 1.670868 9.887229 22.630274 2.851970 9.887229 24.992479 1.670868 15.399040 24.992479 1.670868 9.887229 24.992479 2.851970 15.399040 24.992479 2.851970 15.399040 23.417677 6.788978 15.399040 23.417677 6.788978 9.887229 23.417677 2.851970 9.887229 23.417677 7.285078 10.572231 21.650826 7.182679 10.674630 21.055471 7.555237 14.611638 22.191143 7.555237 10.302073 22.191143 7.285078 14.611638 21.650826 7.285078 14.714037 21.650826 7.555237 14.984197 22.191143 7.182679 14.611638 21.055471 7.970080 15.792741 33.260197 6.788978 21.304552 33.260197 6.788978 15.792741 33.260197 7.970080 21.304552 33.260197 2.085711 20.889709 30.458860 2.355870 16.477743 29.918541 2.085711 16.207584 30.458860 2.355870 20.619549 29.918541 7.970080 20.517151 30.897991 7.970080 15.792741 30.897991 7.970080 21.304552 30.897991 2.458269 16.580143 29.323189 2.458269 20.517151 29.323189 1.670868 21.304552 30.897991 1.670868 15.792741 30.897991 2.851970 15.792741 33.260197 1.670868 21.304552 33.260197 1.670868 15.792741 33.260197 2.851970 21.304552 33.260197 2.851970 21.304552 31.685392 6.788978 21.304552 31.685392 6.788978 15.792741 31.685392 2.851970 15.792741 31.685392 7.285078 16.477743 29.918541 7.182679 16.580143 29.323189 7.555237 20.517151 30.458860 7.555237 16.207584 30.458860 7.285078 20.517151 29.918541 7.285078 20.619549 29.918541 7.555237 20.889709 30.458860 7.182679 20.517151 29.323189 2.851970 -0.742692 19.874369 4.820474 -0.447417 20.544039 2.851970 -0.152141 20.032606 4.820474 -0.817791 20.444798 4.820474 -0.231260 20.760197 2.851970 0.280172 20.464920 6.788978 -5.860803 21.055471 4.820474 -5.191133 20.760197 4.820474 -5.270251 21.055471 6.788978 -5.702565 20.464920 6.788978 -0.742692 19.874369 6.788978 -0.152141 20.032606 6.788978 0.280172 20.464920 6.788978 -5.270251 20.032606 4.820474 -4.974976 20.544039 6.788978 0.438410 21.055471 4.820474 -0.152141 21.055471 2.851970 -5.702565 20.464920 2.851970 -5.860803 21.055471 2.851970 0.438410 21.055471 6.788978 -9.797811 21.055471 2.851970 -9.797811 21.055471 2.851970 -4.679700 19.874369 4.820474 -4.604602 20.444798 2.851970 10.516393 20.464920 4.820474 10.084080 21.055471 2.851970 10.674630 21.055471 4.820474 10.004960 20.760197 6.788978 10.674630 21.055471 6.788978 10.516393 20.464920 2.851970 10.084080 20.032606 4.820474 9.788804 20.544039 6.788978 4.375418 21.055471 4.820474 5.045088 20.760197 4.820474 4.965969 21.055471 6.788978 4.533656 20.464920 2.851970 4.533656 20.464920 2.851970 4.375418 21.055471 2.851970 -5.270251 20.032606 6.788978 -4.679700 19.874369 2.851970 -9.797811 18.693266 2.851970 -6.018283 15.504291 2.851970 8.312426 15.149960 2.851970 -3.498598 15.149960 2.851970 10.832110 15.504291 2.851970 -7.908047 16.212952 2.851970 12.721874 16.212952 2.851970 -9.167890 17.275944 2.851970 0.832111 17.118464 2.851970 0.832111 21.055471 2.851970 3.981717 17.118464 2.851970 13.981717 17.275944 2.851970 4.965969 20.032606 2.851970 3.981717 21.055471 2.851970 5.556520 19.874369 2.851970 14.611638 18.693266 2.851970 9.493528 19.874369 2.851970 14.611638 21.055471 6.788978 4.965969 20.032606 4.820474 5.261245 20.544039 6.788978 -9.797811 18.693266 6.788978 0.832111 21.055471 6.788978 -3.498598 15.149960 6.788978 8.312426 15.149960 6.788978 14.611638 21.055471 6.788978 14.611638 18.693266 6.788978 13.981717 17.275944 6.788978 9.493528 19.874369 6.788978 10.084080 20.032606 6.788978 10.832110 15.504291 6.788978 -6.018283 15.504291 6.788978 -7.908047 16.212952 6.788978 12.721874 16.212952 6.788978 3.981717 17.118464 6.788978 3.981717 21.055471 6.788978 5.556520 19.874369 6.788978 0.832111 17.118464 6.788978 -9.167890 17.275944 4.820474 9.418429 20.444798 4.820474 5.631618 20.444798 7.970080 -16.490725 33.260197 6.788978 -10.978912 33.260197 6.788978 -16.490725 33.260197 7.970080 -10.978912 33.260197 2.085711 -11.393756 30.458860 2.355870 -15.805721 29.918541 2.085711 -16.075880 30.458860 2.355870 -11.663916 29.918541 7.970080 -11.766315 30.897991 7.970080 -16.490725 30.897991 7.970080 -10.978912 30.897991 2.458269 -15.703322 29.323189 2.458269 -11.766315 29.323189 1.670868 -10.978912 30.897991 1.670868 -16.490725 30.897991 2.851970 -16.490725 33.260197 1.670868 -10.978912 33.260197 1.670868 -16.490725 33.260197 2.851970 -10.978912 33.260197 2.851970 -10.978912 31.685392 6.788978 -10.978912 31.685392 6.788978 -16.490725 31.685392 2.851970 -16.490725 31.685392 7.285078 -15.805721 29.918541 7.182679 -15.703322 29.323189 7.555237 -11.766315 30.458860 7.555237 -16.075880 30.458860 7.285078 -11.766315 29.918541 7.285078 -11.663916 29.918541 7.555237 -11.393756 30.458860 7.182679 -11.766315 29.323189 2.851970 -10.585212 28.142086 4.820474 -0.817791 28.712515 2.851970 -0.742692 28.142086 4.820474 -10.510114 28.712515 4.820474 -0.231260 29.027912 6.788978 -0.152141 28.300323 6.788978 0.280172 28.732637 4.820474 -0.447417 28.811756 6.788978 0.438410 29.323189 4.820474 -0.152141 29.323189 2.851970 -0.152141 28.300323 2.851970 0.280172 28.732637 6.788978 -0.742692 28.142086 2.851970 0.438410 29.323189 4.820474 -10.880487 28.811756 6.788978 -10.585212 28.142086 6.788978 -11.175763 28.300323 6.788978 -11.766315 29.323189 4.820474 -11.096644 29.027912 4.820474 -11.175763 29.323189 6.788978 -11.608077 28.732637 2.851970 -11.608077 28.732637 2.851970 -11.175763 28.300323 2.851970 -11.766315 29.323189 6.788978 4.375418 29.323189 4.820474 5.045088 29.027912 4.820474 4.965969 29.323189 6.788978 4.533656 28.732637 6.788978 -15.703322 29.323189 2.851970 -15.703322 29.323189 2.851970 -15.703322 26.960983 2.851970 -12.868676 23.772007 2.851970 15.792741 23.417677 2.851970 -10.978912 23.417677 2.851970 17.682505 23.772007 2.851970 -14.285999 24.480669 2.851970 19.099827 24.480669 2.851970 -15.230882 25.543661 2.851970 0.832111 25.386181 2.851970 0.832111 29.323189 2.851970 3.981717 25.386181 2.851970 20.044710 25.543661 2.851970 5.556520 28.142086 2.851970 4.965969 28.300323 2.851970 4.533656 28.732637 2.851970 3.981717 29.323189 2.851970 20.517151 26.960983 2.851970 4.375418 29.323189 2.851970 15.399040 28.142086 2.851970 20.517151 29.323189 2.851970 15.989592 28.300323 2.851970 16.421906 28.732637 2.851970 16.580143 29.323189 6.788978 3.981717 29.323189 6.788978 15.792741 23.417677 6.788978 17.682505 23.772007 6.788978 0.832111 25.386181 6.788978 3.981717 25.386181 6.788978 20.517151 29.323189 6.788978 15.399040 28.142086 6.788978 20.517151 26.960983 6.788978 15.989592 28.300323 6.788978 16.421906 28.732637 6.788978 16.580143 29.323189 6.788978 -10.978912 23.417677 6.788978 -12.868676 23.772007 6.788978 19.099827 24.480669 6.788978 -14.285999 24.480669 6.788978 20.044710 25.543661 6.788978 5.556520 28.142086 6.788978 4.965969 28.300323 6.788978 -15.230882 25.543661 6.788978 0.832111 29.323189 6.788978 -15.703322 26.960983 4.820474 15.989592 29.323189 4.820474 15.910472 29.027912 4.820474 15.694316 28.811756 4.820474 15.323941 28.712515 4.820474 5.631618 28.712515 4.820474 5.261245 28.811756 25.686615 -0.742692 19.874369 27.655119 -0.447417 20.544039 25.686615 -0.152141 20.032606 27.655119 -0.817791 20.444798 27.655119 -0.231260 20.760197 25.686615 0.280172 20.464920 29.623623 -5.860803 21.055471 27.655119 -5.191133 20.760197 27.655119 -5.270251 21.055471 29.623623 -5.702565 20.464920 29.623623 -0.742692 19.874369 29.623623 -0.152141 20.032606 29.623623 0.280172 20.464920 29.623623 -5.270251 20.032606 27.655119 -4.974976 20.544039 29.623623 0.438410 21.055471 27.655119 -0.152141 21.055471 25.686615 -5.702565 20.464920 25.686615 -5.860803 21.055471 25.686615 0.438410 21.055471 29.623623 -9.797811 21.055471 25.686615 -9.797811 21.055471 25.686615 -4.679700 19.874369 27.655119 -4.604602 20.444798 25.686615 10.516393 20.464920 27.655119 10.084080 21.055471 25.686615 10.674630 21.055471 27.655119 10.004960 20.760197 29.623623 10.674630 21.055471 29.623623 10.516393 20.464920 25.686615 10.084080 20.032606 27.655119 9.788804 20.544039 29.623623 4.375418 21.055471 27.655119 5.045088 20.760197 27.655119 4.965969 21.055471 29.623623 4.533656 20.464920 25.686615 4.533656 20.464920 25.686615 4.375418 21.055471 25.686615 -5.270251 20.032606 29.623623 -4.679700 19.874369 25.686615 -9.797811 18.693266 25.686615 -6.018283 15.504291 25.686615 8.312426 15.149960 25.686615 -3.498598 15.149960 25.686615 10.832110 15.504291 25.686615 -7.908047 16.212952 25.686615 12.721874 16.212952 25.686615 -9.167890 17.275944 25.686615 0.832111 17.118464 25.686615 0.832111 21.055471 25.686615 3.981717 17.118464 25.686615 13.981717 17.275944 25.686615 4.965969 20.032606 25.686615 3.981717 21.055471 25.686615 5.556520 19.874369 25.686615 14.611638 18.693266 25.686615 9.493528 19.874369 25.686615 14.611638 21.055471 29.623623 4.965969 20.032606 27.655119 5.261245 20.544039 29.623623 -9.797811 18.693266 29.623623 0.832111 21.055471 29.623623 -3.498598 15.149960 29.623623 8.312426 15.149960 29.623623 14.611638 21.055471 29.623623 14.611638 18.693266 29.623623 13.981717 17.275944 29.623623 9.493528 19.874369 29.623623 10.084080 20.032606 29.623623 10.832110 15.504291 29.623623 -6.018283 15.504291 29.623623 -7.908047 16.212952 29.623623 12.721874 16.212952 29.623623 3.981717 17.118464 29.623623 3.981717 21.055471 29.623623 5.556520 19.874369 29.623623 0.832111 17.118464 29.623623 -9.167890 17.275944 27.655119 9.418429 20.444798 27.655119 5.631618 20.444798 30.804726 15.792741 33.260197 29.623623 21.304552 33.260197 29.623623 15.792741 33.260197 30.804726 21.304552 33.260197 24.920357 20.889709 30.458860 25.190516 16.477743 29.918541 24.920357 16.207584 30.458860 25.190516 20.619549 29.918541 30.804726 20.517151 30.897991 30.804726 15.792741 30.897991 30.804726 21.304552 30.897991 25.292915 16.580143 29.323189 25.292915 20.517151 29.323189 24.505514 21.304552 30.897991 24.505514 15.792741 30.897991 25.686615 15.792741 33.260197 24.505514 21.304552 33.260197 24.505514 15.792741 33.260197 25.686615 21.304552 33.260197 25.686615 21.304552 31.685392 29.623623 21.304552 31.685392 29.623623 15.792741 31.685392 25.686615 15.792741 31.685392 30.119722 16.477743 29.918541 30.017324 16.580143 29.323189 30.389883 20.517151 30.458860 30.389883 16.207584 30.458860 30.119722 20.517151 29.918541 30.119722 20.619549 29.918541 30.389883 20.889709 30.458860 30.017324 20.517151 29.323189 30.804726 -16.490725 33.260197 29.623623 -10.978912 33.260197 29.623623 -16.490725 33.260197 30.804726 -10.978912 33.260197 24.920357 -11.393756 30.458860 25.190516 -15.805721 29.918541 24.920357 -16.075880 30.458860 25.190516 -11.663916 29.918541 30.804726 -11.766315 30.897991 30.804726 -16.490725 30.897991 30.804726 -10.978912 30.897991 25.292915 -15.703322 29.323189 25.292915 -11.766315 29.323189 24.505514 -10.978912 30.897991 24.505514 -16.490725 30.897991 25.686615 -16.490725 33.260197 24.505514 -10.978912 33.260197 24.505514 -16.490725 33.260197 25.686615 -10.978912 33.260197 25.686615 -10.978912 31.685392 29.623623 -10.978912 31.685392 29.623623 -16.490725 31.685392 25.686615 -16.490725 31.685392 30.119722 -15.805721 29.918541 30.017324 -15.703322 29.323189 30.389883 -11.766315 30.458860 30.389883 -16.075880 30.458860 30.119722 -11.766315 29.918541 30.119722 -11.663916 29.918541 30.389883 -11.393756 30.458860 30.017324 -11.766315 29.323189 25.686615 -10.585212 28.142086 27.655119 -0.817791 28.712515 25.686615 -0.742692 28.142086 27.655119 -10.510114 28.712515 27.655119 -0.231260 29.027912 29.623623 -0.152141 28.300323 29.623623 0.280172 28.732637 27.655119 -0.447417 28.811756 29.623623 0.438410 29.323189 27.655119 -0.152141 29.323189 25.686615 -0.152141 28.300323 25.686615 0.280172 28.732637 29.623623 -0.742692 28.142086 25.686615 0.438410 29.323189 27.655119 -10.880487 28.811756 29.623623 -10.585212 28.142086 29.623623 -11.175763 28.300323 29.623623 -11.766315 29.323189 27.655119 -11.096644 29.027912 27.655119 -11.175763 29.323189 29.623623 -11.608077 28.732637 25.686615 -11.608077 28.732637 25.686615 -11.175763 28.300323 25.686615 -11.766315 29.323189 29.623623 4.375418 29.323189 27.655119 5.045088 29.027912 27.655119 4.965969 29.323189 29.623623 4.533656 28.732637 29.623623 -15.703322 29.323189 25.686615 -15.703322 29.323189 25.686615 -15.703322 26.960983 25.686615 -12.868676 23.772007 25.686615 15.792741 23.417677 25.686615 -10.978912 23.417677 25.686615 17.682505 23.772007 25.686615 -14.285999 24.480669 25.686615 19.099827 24.480669 25.686615 -15.230882 25.543661 25.686615 0.832111 25.386181 25.686615 0.832111 29.323189 25.686615 3.981717 25.386181 25.686615 20.044710 25.543661 25.686615 5.556520 28.142086 25.686615 4.965969 28.300323 25.686615 4.533656 28.732637 25.686615 3.981717 29.323189 25.686615 20.517151 26.960983 25.686615 4.375418 29.323189 25.686615 15.399040 28.142086 25.686615 20.517151 29.323189 25.686615 15.989592 28.300323 25.686615 16.421906 28.732637 25.686615 16.580143 29.323189 29.623623 3.981717 29.323189 29.623623 15.792741 23.417677 29.623623 17.682505 23.772007 29.623623 0.832111 25.386181 29.623623 3.981717 25.386181 29.623623 20.517151 29.323189 29.623623 15.399040 28.142086 29.623623 20.517151 26.960983 29.623623 15.989592 28.300323 29.623623 16.421906 28.732637 29.623623 16.580143 29.323189 29.623623 -10.978912 23.417677 29.623623 -12.868676 23.772007 29.623623 19.099827 24.480669 29.623623 -14.285999 24.480669 29.623623 20.044710 25.543661 29.623623 5.556520 28.142086 29.623623 4.965969 28.300323 29.623623 -15.230882 25.543661 29.623623 0.832111 29.323189 29.623623 -15.703322 26.960983 27.655119 15.989592 29.323189 27.655119 15.910472 29.027912 27.655119 15.694316 28.811756 27.655119 15.323941 28.712515 27.655119 5.631618 28.712515 27.655119 5.261245 28.811756 18.993702 9.887229 16.724762 17.812599 15.399040 16.724762 17.812599 9.887229 16.724762 18.993702 15.399040 16.724762 13.109333 14.984197 13.923428 13.379493 10.572231 13.383108 13.109333 10.302073 13.923428 13.379493 14.714037 13.383108 18.993702 14.611638 14.362558 18.993702 9.887229 14.362558 18.993702 15.399040 14.362558 13.481892 10.674630 12.787755 13.481892 14.611638 12.787755 12.694489 15.399040 14.362558 12.694489 9.887229 14.362558 13.875592 9.887229 16.724762 12.694489 15.399040 16.724762 12.694489 9.887229 16.724762 13.875592 15.399040 16.724762 13.875592 15.399040 15.149960 17.812599 15.399040 15.149960 17.812599 9.887229 15.149960 13.875592 9.887229 15.149960 18.308699 10.572231 13.383108 18.206301 10.674630 12.787755 18.578859 14.611638 13.923428 18.578859 10.302073 13.923428 18.308699 14.611638 13.383108 18.308699 14.714037 13.383108 18.578859 14.984197 13.923428 18.206301 14.611638 12.787755 15.056694 -5.073401 14.362558 16.631498 -5.073401 14.362558 16.631498 -5.073401 15.149960 15.056694 -5.073401 15.149960 15.056694 0.832111 15.149960 15.056694 0.832111 12.787755 15.056694 -5.860803 12.787755 15.056694 -5.488244 13.923428 15.056694 -5.758404 13.383108 16.631498 -5.860803 12.787755 16.631498 0.832111 12.787755 16.631498 0.832111 15.149960 16.631498 -5.488244 13.923428 16.631498 -5.758404 13.383108 17.418900 0.280172 12.197204 17.812599 0.438410 12.787755 17.418900 0.438410 12.787755 17.812599 0.280172 12.197204 17.418900 -4.679700 11.606652 17.812599 -5.270251 11.764891 17.812599 -4.679700 11.606652 17.418900 -5.270251 11.764891 17.418900 -0.152141 11.764891 17.812599 -0.742692 11.606652 17.812599 -0.152141 11.764891 17.418900 -0.742692 11.606652 17.418900 -5.860803 12.787755 17.812599 -5.702565 12.197204 17.418900 -5.702565 12.197204 17.812599 -5.860803 12.787755 13.875592 3.981717 12.787755 14.269293 4.375418 12.787755 13.875592 4.375418 12.787755 17.812599 3.981717 12.787755 13.875592 10.674630 12.787755 17.418900 10.674630 12.787755 13.875592 14.611638 12.787755 14.269293 10.674630 12.787755 17.418900 4.375418 12.787755 17.812599 4.375418 12.787755 17.812599 10.674630 12.787755 17.812599 14.611638 12.787755 17.812599 -9.797811 10.425550 13.875592 -9.797811 12.787755 13.875592 -9.797811 10.425550 17.812599 -9.797811 12.787755 13.875592 -4.679700 11.606652 13.875592 -5.270251 11.764891 13.875592 -5.702565 12.197204 13.875592 -5.860803 12.787755 13.875592 -6.490724 7.236574 13.875592 9.099828 6.882243 13.875592 -4.285999 6.882243 13.875592 11.304552 7.236574 13.875592 -8.144267 7.945235 13.875592 12.958096 7.945235 13.875592 -9.246630 9.008227 13.875592 0.832111 8.850747 13.875592 -0.152141 11.764891 13.875592 0.280172 12.197204 13.875592 0.832111 12.787755 13.875592 -0.742692 11.606652 13.875592 0.438410 12.787755 13.875592 3.981717 8.850747 13.875592 14.060457 9.008227 13.875592 4.965969 11.764891 13.875592 4.533656 12.197204 13.875592 5.556520 11.606652 13.875592 14.611638 10.425550 13.875592 9.493528 11.606652 13.875592 10.084080 11.764891 13.875592 10.516393 12.197204 17.812599 14.611638 10.425550 17.812599 -4.285999 6.882243 17.812599 9.099828 6.882243 14.269293 10.516393 12.197204 14.269293 0.438410 12.787755 14.269293 0.280172 12.197204 17.812599 0.832111 8.850747 17.812599 3.981717 8.850747 17.418900 4.965969 11.764891 17.812599 5.556520 11.606652 17.418900 5.556520 11.606652 17.812599 4.965969 11.764891 14.269293 10.084080 11.764891 14.269293 4.965969 11.764891 14.269293 9.493528 11.606652 14.269293 5.556520 11.606652 14.269293 4.533656 12.197204 17.812599 -9.246630 9.008227 17.812599 10.084080 11.764891 17.418900 10.516393 12.197204 17.418900 10.084080 11.764891 17.812599 10.516393 12.197204 17.812599 9.493528 11.606652 17.418900 9.493528 11.606652 17.812599 -6.490724 7.236574 14.269293 -0.152141 11.764891 17.812599 0.832111 12.787755 17.812599 -8.144267 7.945235 17.812599 4.533656 12.197204 17.418900 4.533656 12.197204 14.269293 -5.270251 11.764891 14.269293 -4.679700 11.606652 14.269293 -5.702565 12.197204 14.269293 -0.742692 11.606652 14.269293 -5.860803 12.787755 17.812599 12.958096 7.945235 17.812599 14.060457 9.008227 17.812599 11.304552 7.236574 15.056694 9.887229 14.362558 16.631498 9.887229 15.149960 16.631498 9.887229 14.362558 15.056694 9.887229 15.149960 15.056694 3.981717 12.787755 15.056694 3.981717 15.149960 15.056694 10.674630 12.787755 15.056694 10.302073 13.923428 15.056694 10.572231 13.383108 16.631498 10.674630 12.787755 16.631498 3.981717 15.149960 16.631498 3.981717 12.787755 16.631498 10.302073 13.923428 16.631498 10.572231 13.383108 -3.447243 -16.490725 45.858620 -7.384251 -16.490725 39.962009 -3.447243 -16.490725 39.962009 -7.384251 -16.490725 45.858620 -3.447243 0.832111 45.858620 -7.384251 0.832111 45.858620 -3.447243 3.981717 41.921612 -7.384251 3.981717 45.858620 -7.384251 3.981717 41.921612 -3.447243 3.981717 45.858620 -3.447243 0.832111 41.921612 -7.384251 0.832111 41.921612 -7.384251 21.304552 45.858620 -7.384251 21.304552 39.962013 -3.447243 21.304552 45.858620 -3.447243 21.304552 39.962013 50.096066 3.981717 53.330032 46.159058 3.981717 49.393024 50.096066 3.981717 49.393024 46.159058 3.981717 53.330032 50.096066 0.832111 49.393024 46.159058 0.832111 49.393024 50.096066 0.832111 53.330032 46.159058 0.832111 53.330032 46.159058 -16.490725 47.433426 46.159058 -16.490725 53.330032 46.159058 21.304552 47.433426 46.159058 21.304552 53.330032 50.096066 -16.490725 53.330032 50.096066 21.304552 47.433426 50.096066 21.304552 53.330032 50.096066 -16.490725 47.433426 17.812599 -16.490725 37.590904 13.875592 -16.490725 31.694294 17.812599 -16.490725 31.694294 13.875592 -16.490725 37.590904 17.812599 3.981717 37.590904 13.875592 3.981717 33.662800 17.812599 3.981717 33.662800 13.875592 3.981717 37.590904 13.875592 0.832111 33.662800 17.812599 0.832111 37.590904 17.812599 0.832111 33.662800 13.875592 0.832111 37.590904 13.875592 21.304552 37.590904 17.812599 21.304552 31.694294 13.875592 21.304552 31.694294 17.812599 21.304552 37.590904 17.812599 3.981717 29.314285 13.875591 3.981717 25.386181 17.812599 3.981717 25.386181 13.875591 3.981717 29.314285 13.875591 0.832111 25.386181 17.812599 0.832111 29.314285 17.812599 0.832111 25.386181 13.875591 0.832111 29.314285 13.875591 21.304552 29.314285 17.812599 21.304552 23.417677 13.875591 21.304552 23.417677 17.812599 21.304552 29.314285 17.812599 -16.490725 23.417677 17.812599 -16.490725 29.314285 13.875591 -16.490725 23.417677 13.875591 -16.490725 29.314285 39.859844 -16.490725 39.953110 39.859844 -16.490725 45.849720 35.922836 -16.490725 45.849720 35.922836 -16.490725 39.953110 35.922836 0.832111 43.890118 35.922836 0.832111 39.953110 39.859844 0.832111 39.953110 35.922836 3.981717 39.953110 39.859844 3.981717 39.953110 35.922836 21.304552 45.849720 35.922836 21.304552 39.953110 39.859844 21.304552 45.849720 39.859844 21.304552 39.953110 18.993702 -16.490725 24.992479 17.812599 -10.978912 24.992479 17.812599 -16.490725 24.992479 18.993702 -10.978912 24.992479 13.109333 -11.393756 22.191143 13.379493 -15.805721 21.650826 13.109333 -16.075880 22.191143 13.379493 -11.663916 21.650826 18.993702 -11.766315 22.630274 18.993702 -16.490725 22.630274 18.993702 -10.978912 22.630274 13.481892 -15.703322 21.055471 13.481892 -11.766315 21.055471 12.694489 -10.978912 22.630274 12.694489 -16.490725 22.630274 13.875592 -16.490725 24.992479 12.694489 -10.978912 24.992479 12.694489 -16.490725 24.992479 13.875592 -10.978912 24.992479 13.875592 -10.978912 23.417677 17.812599 -10.978912 23.417677 13.875592 -16.490725 23.417677 18.308701 -15.805721 21.650826 18.206301 -15.703322 21.055471 18.578859 -11.766315 22.191143 18.578859 -16.075880 22.191143 18.308701 -11.766315 21.650826 18.308701 -11.663916 21.650826 18.578859 -11.393756 22.191143 18.206301 -11.766315 21.055471 18.993702 15.792741 24.992479 17.812599 21.304552 24.992479 17.812599 15.792741 24.992479 18.993702 21.304552 24.992479 13.109332 20.889709 22.191143 13.379492 16.477743 21.650826 13.109332 16.207584 22.191143 13.379492 20.619549 21.650826 18.993702 20.517151 22.630274 18.993702 15.792741 22.630274 18.993702 21.304552 22.630274 13.481891 16.580143 21.055471 13.481891 20.517151 21.055471 12.694489 21.304552 22.630274 12.694489 15.792741 22.630274 13.875591 15.792741 24.992479 12.694489 21.304552 24.992479 12.694489 15.792741 24.992479 13.875591 21.304552 24.992479 17.812599 15.792741 23.417677 13.875591 15.792741 23.417677 18.308699 16.477743 21.650826 18.206301 16.580143 21.055471 18.578859 20.517151 22.191143 18.578859 16.207584 22.191143 18.308699 20.517151 21.650826 18.308699 20.619549 21.650826 18.578859 20.889709 22.191143 18.206301 20.517151 21.055471 15.056694 -10.978912 22.630274 16.631496 -10.978912 22.630274 16.631496 -10.978912 23.417677 15.056694 -10.978912 23.417677 15.056694 0.832111 23.417677 15.056694 0.832111 21.055471 15.056694 -11.766315 21.055471 15.056694 -11.393756 22.191143 15.056694 -11.663916 21.650826 16.631496 -11.766315 21.055471 16.631496 0.832111 21.055471 16.631496 0.832111 23.417677 16.631496 -11.393756 22.191143 16.631496 -11.663916 21.650826 15.056694 15.792741 22.630274 16.631496 15.792741 23.417677 16.631496 15.792741 22.630274 15.056694 15.792741 23.417677 15.056694 3.981717 21.055471 15.056694 3.981717 23.417677 15.056694 16.580143 21.055471 15.056694 16.207584 22.191143 15.056694 16.477743 21.650826 16.631496 16.580143 21.055471 16.631496 3.981717 23.417677 16.631496 3.981717 21.055471 16.631496 16.207584 22.191143 16.631496 16.477743 21.650826 14.269293 -11.766315 21.055471 13.875592 -11.608077 20.464920 13.875592 -11.766315 21.055471 14.269293 -11.608077 20.464920 14.269293 -11.175763 20.032606 13.875592 -11.175763 20.032606 13.875592 -0.742692 19.874369 14.269293 -10.585212 19.874369 14.269293 -0.742692 19.874369 13.875592 -10.585212 19.874369 13.875592 3.981717 21.055471 14.269293 4.375418 21.055471 13.875592 4.375418 21.055471 17.812599 3.981717 21.055471 13.875591 16.580143 21.055471 17.418900 16.580143 21.055471 13.875591 20.517151 21.055471 14.269293 16.580143 21.055471 17.418900 4.375418 21.055471 17.812599 4.375418 21.055471 17.812599 16.580143 21.055471 17.812599 20.517151 21.055471 13.875592 -15.703322 21.055471 13.875592 -15.703322 18.693266 13.875592 -12.868676 15.504291 13.875591 15.792741 15.149960 13.875592 -10.978912 15.149960 13.875591 17.682505 15.504291 13.875592 -14.285999 16.212952 13.875591 19.099827 16.212952 13.875592 -15.230882 17.275944 13.875592 0.832111 17.118464 13.875592 -0.152141 20.032606 13.875592 0.280172 20.464920 13.875592 0.832111 21.055471 13.875592 0.438410 21.055471 13.875592 3.981717 17.118464 13.875591 20.044710 17.275944 13.875591 5.556520 19.874369 13.875592 4.965969 20.032606 13.875592 4.533656 20.464920 13.875591 20.517151 18.693266 13.875591 15.399040 19.874369 13.875591 15.989592 20.032606 13.875591 16.421906 20.464920 17.812599 15.792741 15.149960 17.812599 17.682505 15.504291 17.812599 0.832111 17.118464 17.812599 3.981717 17.118464 17.812599 15.399040 19.874369 17.812599 20.517151 18.693266 17.812599 15.989592 20.032606 17.812599 16.421906 20.464920 17.812599 -10.978912 15.149960 17.812599 -12.868676 15.504291 17.812599 19.099827 16.212952 17.812599 -14.285999 16.212952 17.812599 20.044710 17.275944 17.812599 5.556520 19.874369 17.812599 4.965969 20.032606 17.812599 4.533656 20.464920 17.812599 -15.230882 17.275944 17.812599 -0.742692 19.874369 17.812599 -0.152141 20.032606 17.812599 0.280172 20.464920 17.812599 0.832111 21.055471 17.812599 -15.703322 18.693266 17.812599 0.438410 21.055471 17.812599 -10.585212 19.874369 17.812599 -15.703322 21.055471 17.812599 -11.175763 20.032606 17.812599 -11.608077 20.464920 17.812599 -11.766315 21.055471 17.418900 0.438410 21.055471 14.269293 0.438410 21.055471 17.418900 -11.766315 21.055471 14.269293 5.556520 19.874369 14.269293 4.965969 20.032606 14.269293 4.533656 20.464920 17.418900 15.989592 20.032606 17.418900 5.556520 19.874369 17.418900 15.399040 19.874369 17.418900 4.965969 20.032606 17.418900 16.421906 20.464920 17.418900 4.533656 20.464920 14.269293 15.399040 19.874369 17.418900 -11.608077 20.464920 17.418900 -11.175763 20.032606 17.418900 -0.152141 20.032606 17.418900 -10.585212 19.874369 17.418900 -0.742692 19.874369 17.418900 0.280172 20.464920 14.269293 0.280172 20.464920 14.269293 -0.152141 20.032606 14.269293 15.989592 20.032606 14.269293 16.421906 20.464920 18.993702 4.375418 6.882243 22.143309 0.438410 6.882243 22.143309 4.375418 6.882243 18.993702 0.438410 6.882243 9.544884 4.375418 6.882243 12.694489 0.438410 6.882243 12.694489 4.375418 6.882243 9.544884 0.438410 6.882243 13.875592 8.706126 6.882243 17.812599 -3.892299 6.882243 17.812599 8.706126 6.882243 13.875592 -3.892299 6.882243 12.694489 4.375418 8.457047 12.694489 0.438410 8.457047 17.812599 4.375418 8.457047 17.812599 8.706126 10.031850 17.812599 0.438410 8.457047 17.812599 0.438410 10.031850 17.812599 -3.892299 10.031850 17.812599 4.375418 10.031850 13.875592 -3.892299 10.031850 13.875592 0.438410 8.457047 13.875592 0.438410 10.031850 13.875592 4.375418 10.031850 13.875592 8.706126 10.031850 13.875592 4.375418 8.457047 18.993702 0.438410 8.457047 18.993702 4.375418 8.457047 9.544884 8.706126 5.307440 21.313622 7.876440 4.429178 10.374570 7.876440 4.429178 22.143309 8.706126 5.307440 20.773304 7.336121 3.348540 10.914888 7.336121 3.348540 22.143309 -3.892299 5.307440 21.313622 -3.062612 4.429178 20.773304 -2.522293 3.348540 20.568506 7.131323 2.157834 20.568506 -2.317495 2.157834 11.119686 -2.317495 2.157834 10.914888 -2.522293 3.348540 10.374570 -3.062612 4.429178 9.544884 -3.892299 5.307440 9.544884 8.706126 10.031850 9.544884 4.375418 10.031850 11.119686 7.131323 2.157834 9.544884 0.438410 10.031850 22.143309 4.375418 10.031850 22.143309 0.438410 10.031850 22.143309 -3.892299 10.031850 9.544884 -3.892299 10.031850 10.374570 -2.317495 4.429178 10.914888 -2.317495 3.348540 9.544884 -2.317495 5.307440 22.143309 8.706126 10.031850 29.623623 3.981717 31.685392 29.623623 3.981717 35.622402 25.686615 3.981717 35.622402 25.686615 3.981717 31.685392 29.623623 0.832111 35.622402 25.686615 0.832111 35.622402 29.623623 0.832111 31.685392 25.686615 0.832111 31.685392 25.686615 -16.490725 37.582001 25.686615 21.304552 37.582001 29.623623 21.304552 37.582001 29.623623 -16.490725 37.582001 16.631498 0.438410 12.787755 16.631498 0.438410 15.149960 8.757482 0.438410 6.882243 8.757482 4.375418 6.882243 15.056694 0.438410 15.149960 12.694489 0.832111 15.149960 12.694489 0.438410 15.149960 15.056694 4.375418 15.149960 18.993702 4.375418 15.149960 16.631498 4.375418 15.149960 7.970080 0.832111 15.149960 12.694489 3.981717 15.149960 7.970080 3.981717 15.149960 12.694489 4.375418 15.149960 18.993702 0.438410 15.149960 18.993702 3.981717 15.149960 18.993702 0.832111 15.149960 24.505514 3.981717 15.149960 24.505514 0.832111 15.149960 2.458269 4.375418 10.425550 8.363781 4.375418 11.606652 12.300789 4.375418 11.606652 2.458269 4.375418 12.787755 7.773230 4.375418 11.764891 7.340916 4.375418 12.197204 7.182679 4.375418 12.787755 6.237797 4.375418 7.236574 4.348033 4.375418 7.945235 3.088190 4.375418 9.008227 12.891340 4.375418 11.764891 13.323653 4.375418 12.197204 13.481892 4.375418 12.787755 15.056694 4.375418 12.787755 13.379493 4.375418 13.383108 13.109333 4.375418 13.923428 12.694489 4.375418 14.362558 8.363781 3.981717 11.606652 12.891340 3.981717 11.764891 12.300789 3.981717 11.606652 7.773230 3.981717 11.764891 13.323653 3.981717 12.197204 7.340916 3.981717 12.197204 13.481892 3.981717 12.787755 7.182679 3.981717 12.787755 13.379493 3.981717 13.383108 7.285078 3.981717 13.383108 13.109333 3.981717 13.923428 7.555237 3.981717 13.923428 12.694489 3.981717 14.362558 7.970080 3.981717 14.362558 12.891340 0.832111 11.764891 8.363781 0.832111 11.606652 12.300789 0.832111 11.606652 7.773230 0.832111 11.764891 13.323653 0.832111 12.197204 7.340916 0.832111 12.197204 13.481892 0.832111 12.787755 7.182679 0.832111 12.787755 13.379493 0.832111 13.383108 7.285078 0.832111 13.383108 13.109333 0.832111 13.923428 7.555237 0.832111 13.923428 12.694489 0.832111 14.362558 7.970080 0.832111 14.362558 12.300789 0.438410 11.606652 8.363781 0.438410 11.606652 6.237797 0.438410 7.236574 4.348033 0.438410 7.945235 3.088190 0.438410 9.008227 15.056694 0.438410 12.787755 13.481892 0.438410 12.787755 13.379493 0.438410 13.383108 13.109333 0.438410 13.923428 12.694489 0.438410 14.362558 13.323653 0.438410 12.197204 12.891340 0.438410 11.764891 2.458269 0.438410 10.425550 2.458269 0.438410 12.787755 7.773230 0.438410 11.764891 7.340916 0.438410 12.197204 7.182679 0.438410 12.787755 16.631498 4.375418 12.787755 25.292915 3.981717 12.787755 25.190516 0.832111 13.383108 25.292915 0.832111 12.787755 25.190516 3.981717 13.383108 24.505514 3.981717 14.362558 24.505514 0.832111 14.362558 29.387403 4.375418 9.008227 30.017324 0.438410 10.425550 29.387403 0.438410 9.008227 30.017324 4.375418 10.425550 30.017324 4.375418 12.787755 25.292915 4.375418 12.787755 25.292915 0.438410 12.787755 30.017324 0.438410 12.787755 24.920357 3.981717 13.923428 24.920357 0.832111 13.923428 28.127560 4.375418 7.945235 26.237797 0.438410 7.236574 26.237797 4.375418 7.236574 28.127560 0.438410 7.945235 23.718111 0.438410 6.882243 23.718111 4.375418 6.882243 24.111813 0.438410 11.606652 24.702364 0.438410 11.764891 25.134678 0.438410 12.197204 19.387403 0.438410 11.606652 18.796852 0.438410 11.764891 18.364538 0.438410 12.197204 18.206301 0.438410 12.787755 18.308699 0.438410 13.383108 18.578859 0.438410 13.923428 18.993702 0.438410 14.362558 18.308699 4.375418 13.383108 18.578859 4.375418 13.923428 18.993702 4.375418 14.362558 18.364538 4.375418 12.197204 18.796852 4.375418 11.764891 19.387403 4.375418 11.606652 18.206301 4.375418 12.787755 24.111813 4.375418 11.606652 24.702364 4.375418 11.764891 25.134678 4.375418 12.197204 18.364538 3.981717 12.197204 18.206301 3.981717 12.787755 18.796852 3.981717 11.764891 19.387403 3.981717 11.606652 24.111813 3.981717 11.606652 24.702364 3.981717 11.764891 25.134678 3.981717 12.197204 18.578859 3.981717 13.923428 18.993702 3.981717 14.362558 25.134678 0.832111 12.197204 24.702364 0.832111 11.764891 24.111813 0.832111 11.606652 18.364538 0.832111 12.197204 18.796852 0.832111 11.764891 18.993702 0.832111 14.362558 18.206301 0.832111 12.787755 18.578859 0.832111 13.923428 18.308699 0.832111 13.383108 19.387403 0.832111 11.606652 18.308699 3.981717 13.383108 15.056694 4.375418 21.055471 16.631496 4.375418 23.417677 16.631496 4.375418 21.055471 15.056694 4.375418 23.417677 -7.777951 4.375418 21.055471 -1.872440 4.375418 19.874369 -7.777951 4.375418 18.693266 -2.462991 4.375418 20.032606 -2.895304 4.375418 20.464920 -3.053542 4.375418 21.055471 -3.998424 4.375418 15.504291 2.261419 4.375418 15.149960 -1.478739 4.375418 15.149960 2.261419 4.375418 15.937362 -5.888187 4.375418 16.212952 2.851970 4.375418 15.937362 2.851970 4.375418 17.118464 -7.148030 4.375418 17.275944 1.867718 4.375418 20.032606 2.300031 4.375418 20.464920 1.277167 4.375418 19.874369 2.458269 4.375418 21.055471 2.355870 4.375418 21.650826 4.820474 4.375418 21.055471 2.085711 4.375418 22.191143 1.670868 4.375418 22.630274 1.670868 4.375418 23.417677 6.788978 4.375418 17.118464 7.379529 4.375418 15.937362 6.788978 4.375418 15.937362 13.875592 4.375418 17.118464 7.379529 4.375418 15.149960 13.875592 4.375418 15.149960 17.812599 0.832111 21.055471 16.631496 0.438410 21.055471 16.631496 0.832111 21.055471 17.812599 0.438410 21.055471 16.631496 0.832111 23.417677 16.631496 0.438410 23.417677 15.056694 0.832111 21.055471 15.056694 0.438410 23.417677 15.056694 0.438410 21.055471 15.056694 0.832111 23.417677 2.261419 0.438410 15.937362 -1.478739 0.438410 15.149960 2.261419 0.438410 15.149960 -3.998424 0.438410 15.504291 -5.888187 0.438410 16.212952 2.458269 0.438410 21.055471 2.355870 0.438410 21.650826 2.085711 0.438410 22.191143 1.670868 0.438410 22.630274 1.670868 0.438410 23.417677 2.851970 0.438410 17.118464 2.851970 0.438410 15.937362 -7.148030 0.438410 17.275944 1.867718 0.438410 20.032606 2.300031 0.438410 20.464920 1.277167 0.438410 19.874369 -7.777951 0.438410 18.693266 13.875592 0.438410 17.118464 7.379529 0.438410 15.149960 13.875592 0.438410 15.149960 7.379529 0.438410 15.937362 6.788978 0.438410 15.937362 6.788978 0.438410 17.118464 -1.872440 0.438410 19.874369 -7.777951 0.438410 21.055471 -2.462991 0.438410 20.032606 -2.895304 0.438410 20.464920 -3.053542 0.438410 21.055471 36.474018 4.375418 15.504291 33.954330 4.375418 15.149960 38.363781 4.375418 16.212952 17.812599 4.375418 21.055471 30.017324 4.375418 21.055471 30.119722 4.375418 21.650826 30.389883 4.375418 22.191143 30.804726 4.375418 22.630274 30.804726 4.375418 23.417677 29.623623 4.375418 17.118464 39.623623 4.375418 17.275944 30.607876 4.375418 20.032606 30.175562 4.375418 20.464920 31.198427 4.375418 19.874369 40.253544 4.375418 18.693266 17.812599 4.375418 15.149960 17.812599 4.375418 17.118464 25.686615 4.375418 17.118464 35.529137 4.375418 21.055471 39.859844 4.375418 21.055471 35.370899 4.375418 20.464920 34.348034 4.375418 19.874369 40.253544 4.375418 21.055471 34.938583 4.375418 20.032606 33.954330 0.438410 15.149960 25.686615 0.438410 17.118464 29.623623 0.438410 17.118464 17.812599 0.438410 15.149960 17.812599 0.832111 17.118464 17.812599 0.438410 17.118464 1.670868 0.832111 22.630274 2.085711 0.832111 22.191143 -3.053542 0.832111 21.055471 -2.895304 0.832111 20.464920 2.355870 0.832111 21.650826 -1.872440 0.832111 19.874369 -2.462991 0.832111 20.032606 1.277167 0.832111 19.874369 1.670868 0.832111 23.417677 1.867718 0.832111 20.032606 2.300031 0.832111 20.464920 2.458269 0.832111 21.055471 -2.951143 0.832111 21.650826 -2.680984 0.832111 22.191143 -2.266140 0.832111 22.630274 -2.266140 0.832111 23.417677 1.277167 3.981717 19.874369 1.867718 3.981717 20.032606 -2.895304 3.981717 20.464920 -3.053542 3.981717 21.055471 -2.462991 3.981717 20.032606 -1.872440 3.981717 19.874369 2.300031 3.981717 20.464920 2.458269 3.981717 21.055471 -2.951143 3.981717 21.650826 2.355870 3.981717 21.650826 -2.680984 3.981717 22.191143 2.085711 3.981717 22.191143 -2.266140 3.981717 22.630274 1.670868 3.981717 22.630274 -2.266140 3.981717 23.417677 1.670868 3.981717 23.417677 35.529137 0.832111 21.055471 35.370899 0.438410 20.464920 35.529137 0.438410 21.055471 35.370899 0.832111 20.464920 34.938583 0.438410 20.032606 34.938583 0.832111 20.032606 30.389883 0.438410 22.191143 30.804726 0.832111 22.630274 30.804726 0.438410 22.630274 30.389883 0.832111 22.191143 30.804726 0.438410 23.417677 30.804726 0.832111 23.417677 30.119722 0.438410 21.650826 30.119722 0.832111 21.650826 31.198427 0.438410 19.874369 30.607876 0.832111 20.032606 30.607876 0.438410 20.032606 31.198427 0.832111 19.874369 30.017324 0.832111 21.055471 30.017324 0.438410 21.055471 30.175562 0.438410 20.464920 30.175562 0.832111 20.464920 34.348034 0.832111 19.874369 34.348034 0.438410 19.874369 35.426735 0.832111 21.650826 35.156578 0.832111 22.191143 34.741734 0.832111 22.630274 34.741734 0.832111 23.417677 29.623623 0.438410 23.417677 40.253544 0.438410 18.693266 39.623623 0.438410 17.275944 36.474018 0.438410 15.504291 38.363781 0.438410 16.212952 40.253544 0.438410 21.055471 30.607876 3.981717 20.032606 34.348034 3.981717 19.874369 31.198427 3.981717 19.874369 34.938583 3.981717 20.032606 30.175562 3.981717 20.464920 35.370899 3.981717 20.464920 30.017324 3.981717 21.055471 35.529137 3.981717 21.055471 30.119722 3.981717 21.650826 35.426735 3.981717 21.650826 30.389883 3.981717 22.191143 35.156578 3.981717 22.191143 30.804726 3.981717 22.630274 34.741734 3.981717 22.630274 30.804726 3.981717 23.417677 34.741734 3.981717 23.417677 4.820474 3.981717 21.055471 28.623272 0.832111 29.323189 29.623623 3.981717 29.021133 28.623272 3.981717 29.323189 29.623623 0.832111 29.021133 35.922836 4.375418 27.119099 29.623623 4.375418 29.021133 29.623623 0.438410 29.021133 35.922836 3.981717 27.119099 20.800055 0.438410 31.685392 28.623272 4.375418 29.323189 20.800055 4.375418 31.685392 28.623272 0.438410 29.323189 35.922836 0.438410 27.119099 35.922836 0.832111 27.119099 39.859844 3.981717 25.930326 39.859844 0.832111 25.930326 39.859844 4.375418 25.930326 44.425919 4.375418 24.551609 39.859844 0.438410 25.930326 44.425919 0.438410 24.551609 39.859844 3.981717 25.386181 35.922836 3.981717 25.386181 35.922836 0.832111 25.386181 39.859844 0.832111 25.386181 29.623623 4.375418 23.417677 35.332283 4.375418 24.205078 35.332283 4.375418 23.417677 29.623623 4.375418 25.386181 35.922836 4.375418 25.386181 35.922836 4.375418 24.205078 40.450394 4.375418 24.205078 41.040947 4.375418 23.417677 40.450394 4.375418 23.417677 41.711487 4.375418 23.442015 42.346981 4.375418 23.657341 42.812599 4.375418 23.987720 42.894207 4.375418 24.045626 39.859844 4.375418 24.205078 44.338997 4.375418 24.287973 43.662495 4.375418 23.893202 -3.447243 4.375418 25.386181 -2.856691 4.375418 24.205078 -3.447243 4.375418 24.205078 -18.014172 4.375418 29.323189 -12.108660 4.375418 28.142086 -18.014172 4.375418 26.960983 -12.699211 4.375418 28.300323 -13.131525 4.375418 28.732637 -13.289762 4.375418 29.323189 -2.856691 4.375418 23.417677 2.851970 4.375418 23.417677 -14.234644 4.375418 23.772007 -7.974802 4.375418 23.417677 -11.714959 4.375418 23.417677 -7.974802 4.375418 24.205078 -16.124409 4.375418 24.480669 -7.384251 4.375418 24.205078 -7.384251 4.375418 25.386181 -17.384251 4.375418 25.543661 -8.368503 4.375418 28.300323 -7.936189 4.375418 28.732637 -8.959054 4.375418 28.142086 -7.777951 4.375418 29.323189 -7.880350 4.375418 29.918541 -5.415747 4.375418 29.323189 13.875592 4.375418 29.323189 17.812599 4.375418 23.417677 25.686615 4.375418 25.386181 25.686615 4.375418 23.417677 17.812599 4.375418 29.323189 -8.150510 4.375418 30.458860 -8.565352 4.375418 30.897991 -8.565352 4.375418 31.685392 6.788978 4.375418 23.417677 13.875592 4.375418 23.417677 35.922836 0.438410 25.386181 44.338997 0.438410 24.287973 42.894207 0.438410 24.045626 43.662495 0.438410 23.893202 40.450394 0.438410 24.205078 39.859844 0.438410 24.205078 41.711487 0.438410 23.442015 40.450394 0.438410 23.417677 41.040947 0.438410 23.417677 42.346981 0.438410 23.657341 42.812599 0.438410 23.987720 35.332283 0.438410 24.205078 35.922836 0.438410 24.205078 35.332283 0.438410 23.417677 29.623623 0.438410 25.386181 6.788978 0.438410 23.417677 -7.974802 0.438410 24.205078 -11.714959 0.438410 23.417677 -7.974802 0.438410 23.417677 -14.234644 0.438410 23.772007 -16.124409 0.438410 24.480669 17.812599 0.438410 29.323189 13.875592 0.438410 29.323189 -7.880350 0.438410 29.918541 -8.150510 0.438410 30.458860 -8.565352 0.438410 30.897991 -8.565352 0.438410 31.685392 13.875592 0.438410 23.417677 -7.777951 0.438410 29.323189 -7.384251 0.438410 25.386181 -7.384251 0.438410 24.205078 -17.384251 0.438410 25.543661 -8.368503 0.438410 28.300323 -7.936189 0.438410 28.732637 -8.959054 0.438410 28.142086 -18.014172 0.438410 26.960983 25.686615 0.438410 25.386181 17.812599 0.438410 23.417677 25.686615 0.438410 23.417677 -2.856691 0.438410 23.417677 2.851970 0.438410 23.417677 -2.856691 0.438410 24.205078 -3.447243 0.438410 24.205078 -3.447243 0.438410 25.386181 -12.108660 0.438410 28.142086 -18.014172 0.438410 29.323189 -12.699211 0.438410 28.300323 -13.131525 0.438410 28.732637 -13.289762 0.438410 29.323189 17.812599 0.832111 29.323189 17.812599 0.832111 25.386181 17.812599 3.981717 25.386181 17.812599 3.981717 29.323189 13.875592 3.981717 29.323189 13.875592 3.981717 25.386181 -5.415747 3.981717 29.323189 13.875592 0.832111 29.323189 13.875592 0.832111 25.386181 -12.502360 0.832111 31.685392 -12.502360 3.981717 30.897991 -12.502360 0.832111 30.897991 -12.502360 3.981717 31.685392 -12.917204 3.981717 30.458860 -13.187364 0.832111 29.918541 -12.917204 0.832111 30.458860 -13.187364 3.981717 29.918541 -13.289762 3.981717 29.323189 -13.289762 0.832111 29.323189 -8.565352 0.832111 31.685392 -8.565352 3.981717 31.685392 -8.565352 0.832111 30.897991 -8.150510 0.832111 30.458860 -13.131525 0.832111 28.732637 -7.880350 0.832111 29.918541 -12.108660 0.832111 28.142086 -12.699211 0.832111 28.300323 -8.959054 0.832111 28.142086 -8.368503 0.832111 28.300323 -7.936189 0.832111 28.732637 -7.777951 0.832111 29.323189 -8.959054 3.981717 28.142086 -8.368503 3.981717 28.300323 -13.131525 3.981717 28.732637 -12.699211 3.981717 28.300323 -12.108660 3.981717 28.142086 -7.936189 3.981717 28.732637 -7.777951 3.981717 29.323189 -7.880350 3.981717 29.918541 -8.150510 3.981717 30.458860 -8.565352 3.981717 30.897991 34.741734 0.438410 23.417677 34.741734 4.375418 23.417677 34.741734 4.375418 24.992479 35.922836 4.375418 24.992479 35.922836 5.950221 24.992479 35.922836 0.438410 24.992479 35.922836 -1.136393 24.992479 35.922836 -1.136393 23.417677 35.922836 5.950221 23.417677 39.859844 -1.136393 23.417677 39.859844 -1.136393 24.992479 39.859844 5.950221 23.417677 39.859844 4.375418 24.992479 39.859844 5.950221 24.992479 39.859844 0.438410 24.992479 41.040947 -1.136393 24.992479 41.040947 0.438410 24.992479 34.741734 0.438410 24.992479 34.741734 -1.136393 24.992479 41.040947 5.950221 22.630274 40.626102 5.535378 22.191143 35.156578 5.535378 22.191143 34.741734 5.950221 22.630274 40.355942 5.265218 21.650826 35.426735 5.265218 21.650826 35.426735 -0.451390 21.650826 35.156578 -0.721550 22.191143 35.156578 5.162819 22.191143 35.426735 5.162819 21.650826 35.529137 -0.348992 21.055471 40.253544 -0.348992 21.055471 40.355942 -0.451390 21.650826 40.626102 -0.721550 22.191143 34.741734 -1.136393 22.630274 34.741734 5.162819 22.630274 40.253544 5.162819 21.055471 41.040947 5.950221 24.992479 41.040947 4.375418 24.992479 41.040947 -1.136393 22.630274 34.741734 5.950221 24.992479 35.529137 5.162819 21.055471 46.159058 21.698254 62.790565 50.096066 21.698254 62.790565 48.127560 21.698254 62.263103 44.718010 21.698254 64.231606 51.537109 21.698254 64.231606 44.190552 21.698254 66.200111 52.064568 21.698254 66.200111 44.718010 21.698254 68.168617 51.537109 21.698254 68.168617 46.159058 21.698254 69.609665 50.096066 21.698254 69.609665 48.127560 21.698254 70.137123 51.537109 -16.884424 68.168617 52.064568 -16.884424 66.200111 51.537109 -16.884424 64.231606 48.127560 -16.884424 62.263103 50.096066 -16.884424 62.790565 48.127560 -16.884424 70.137123 46.159058 -16.884424 69.609665 46.159058 -16.884424 62.790565 44.718010 -16.884424 64.231606 50.096066 -16.884424 69.609665 44.190552 -16.884424 66.200111 44.718010 -16.884424 68.168617 13.875592 21.698254 76.197495 17.812599 21.698254 76.197495 15.844096 21.698254 75.670036 12.434547 21.698254 77.638535 19.253645 21.698254 77.638535 11.907088 21.698254 79.607040 19.781103 21.698254 79.607040 12.434547 21.698254 81.575546 19.253645 21.698254 81.575546 13.875592 21.698254 83.016594 17.812599 21.698254 83.016594 15.844096 21.698254 83.544052 19.253645 -16.884424 81.575546 19.781103 -16.884424 79.607040 19.253645 -16.884424 77.638535 15.844096 -16.884424 75.670036 17.812599 -16.884424 76.197495 15.844096 -16.884424 83.544052 13.875592 -16.884424 83.016594 13.875592 -16.884424 76.197495 12.434547 -16.884424 77.638535 17.812599 -16.884424 83.016594 11.907088 -16.884424 79.607040 12.434547 -16.884424 81.575546 13.875592 21.304552 76.197495 17.812599 21.304552 70.291985 13.875592 21.304552 70.291985 17.812599 21.304552 76.197495 17.812599 -16.490725 76.197495 13.875592 -16.490725 76.197495 13.875592 -16.490725 70.291985 17.812599 -16.490725 70.291985 -12.502360 9.887229 41.527912 -13.683463 15.399040 41.527912 -13.683463 9.887229 41.527912 -12.502360 15.399040 41.527912 -18.386730 14.984197 38.726578 -18.116571 10.572231 38.186256 -18.386730 10.302073 38.726578 -18.116571 14.714037 38.186256 -12.502360 14.611638 39.165707 -12.502360 9.887229 39.165707 -12.502360 15.399040 39.165707 -18.014172 10.674630 37.590904 -18.014172 14.611638 37.590904 -18.801573 15.399040 39.165707 -18.801573 9.887229 39.165707 -17.620470 9.887229 41.527912 -18.801573 15.399040 41.527912 -18.801573 9.887229 41.527912 -17.620470 15.399040 41.527912 -17.620470 15.399040 39.953110 -13.683463 15.399040 39.953110 -13.683463 9.887229 39.953110 -17.620470 9.887229 39.953110 -13.187364 10.572231 38.186256 -13.289762 10.674630 37.590904 -12.917204 14.611638 38.726578 -12.917204 10.302073 38.726578 -13.187364 14.611638 38.186256 -13.187364 14.714037 38.186256 -12.917204 14.984197 38.726578 -13.289762 14.611638 37.590904 -12.502360 -10.585212 41.527912 -13.683463 -5.073401 41.527912 -13.683463 -10.585212 41.527912 -12.502360 -5.073401 41.527912 -18.386730 -5.488244 38.726578 -18.116571 -9.900209 38.186256 -18.386730 -10.170369 38.726578 -18.116571 -5.758404 38.186256 -12.502360 -5.860803 39.165707 -12.502360 -10.585212 39.165707 -12.502360 -5.073401 39.165707 -18.014172 -9.797811 37.590904 -18.014172 -5.860803 37.590904 -18.801573 -5.073401 39.165707 -18.801573 -10.585212 39.165707 -17.620470 -10.585212 41.527912 -18.801573 -5.073401 41.527912 -18.801573 -10.585212 41.527912 -17.620470 -5.073401 41.527912 -17.620470 -5.073401 39.953110 -13.683463 -5.073401 39.953110 -13.683463 -10.585212 39.953110 -17.620470 -10.585212 39.953110 -13.187364 -9.900209 38.186256 -13.289762 -9.797811 37.590904 -12.917204 -5.860803 38.726578 -12.917204 -10.170369 38.726578 -13.187364 -5.860803 38.186256 -13.187364 -5.758404 38.186256 -12.917204 -5.488244 38.726578 -13.289762 -5.860803 37.590904 -17.620470 -0.742692 36.409801 -15.651967 -0.447417 37.079472 -17.620470 -0.152141 36.568039 -15.651967 -0.817791 36.980232 -15.651967 -0.231260 37.295628 -17.620470 0.280172 37.000355 -13.683463 -5.860803 37.590904 -15.651967 -5.191133 37.295628 -15.651967 -5.270251 37.590904 -13.683463 -5.702565 37.000355 -13.683463 -0.742692 36.409801 -13.683463 -0.152141 36.568039 -13.683463 0.280172 37.000355 -13.683463 -5.270251 36.568039 -15.651967 -4.974976 37.079472 -13.683463 0.438410 37.590904 -15.651967 -0.152141 37.590904 -17.620470 -5.702565 37.000355 -17.620470 -5.860803 37.590904 -17.620470 0.438410 37.590904 -13.683463 -9.797811 37.590904 -17.620470 -9.797811 37.590904 -17.620470 -4.679700 36.409801 -15.651967 -4.604602 36.980232 -17.620470 10.516393 37.000355 -15.651967 10.084080 37.590904 -17.620470 10.674630 37.590904 -15.651967 10.004960 37.295628 -13.683463 10.674630 37.590904 -13.683463 10.516393 37.000355 -17.620470 10.084080 36.568039 -15.651967 9.788804 37.079472 -13.683463 4.375418 37.590904 -15.651967 5.045088 37.295628 -15.651967 4.965969 37.590904 -13.683463 4.533656 37.000355 -17.620470 4.533656 37.000355 -17.620470 4.375418 37.590904 -17.620470 -5.270251 36.568039 -13.683463 -4.679700 36.409801 -17.620470 -9.797811 35.228699 -17.620470 -6.018283 32.039722 -17.620470 8.312426 31.685392 -17.620470 -3.498598 31.685392 -17.620470 10.832110 32.039722 -17.620470 -7.908047 32.748386 -17.620470 12.721874 32.748386 -17.620470 -9.167890 33.811378 -17.620470 0.832111 33.653896 -17.620470 0.832111 37.590904 -17.620470 3.981717 33.653896 -17.620470 13.981717 33.811378 -17.620470 4.965969 36.568039 -17.620470 3.981717 37.590904 -17.620470 5.556520 36.409801 -17.620470 14.611638 35.228699 -17.620470 9.493528 36.409801 -17.620470 14.611638 37.590904 -13.683463 4.965969 36.568039 -15.651967 5.261245 37.079472 -13.683463 -9.797811 35.228699 -13.683463 0.832111 37.590904 -13.683463 -3.498598 31.685392 -13.683463 8.312426 31.685392 -13.683463 14.611638 37.590904 -13.683463 14.611638 35.228699 -13.683463 13.981717 33.811378 -13.683463 9.493528 36.409801 -13.683463 10.084080 36.568039 -13.683463 10.832110 32.039722 -13.683463 -6.018283 32.039722 -13.683463 -7.908047 32.748386 -13.683463 12.721874 32.748386 -13.683463 3.981717 33.653896 -13.683463 3.981717 37.590904 -13.683463 5.556520 36.409801 -13.683463 0.832111 33.653896 -13.683463 -9.167890 33.811378 -15.651967 9.418429 36.980232 -15.651967 5.631618 36.980232 61.510063 15.792741 54.908524 60.328960 21.304552 54.908524 60.328960 15.792741 54.908524 61.510063 21.304552 54.908524 55.625690 20.889709 52.107189 55.895851 16.477743 51.566868 55.625690 16.207584 52.107189 55.895851 20.619549 51.566868 61.510063 20.517151 52.546318 61.510063 15.792741 52.546318 61.510063 21.304552 52.546318 55.998249 16.580143 50.971516 55.998249 20.517151 50.971516 55.210850 21.304552 52.546318 55.210850 15.792741 52.546318 56.391953 15.792741 54.908524 55.210850 21.304552 54.908524 55.210850 15.792741 54.908524 56.391953 21.304552 54.908524 56.391953 21.304552 53.333721 60.328960 21.304552 53.333721 60.328960 15.792741 53.333721 56.391953 15.792741 53.333721 60.825058 16.477743 51.566868 60.722660 16.580143 50.971516 61.095219 20.517151 52.107189 61.095219 16.207584 52.107189 60.825058 20.517151 51.566868 60.825058 20.619549 51.566868 61.095219 20.889709 52.107189 60.722660 20.517151 50.971516 56.391953 -0.742692 41.522697 58.360455 -0.447417 42.192368 56.391953 -0.152141 41.680935 58.360455 -0.817791 42.093124 58.360455 -0.231260 42.408524 56.391953 0.280172 42.113247 60.328960 -5.860803 42.703800 58.360455 -5.191133 42.408524 58.360455 -5.270251 42.703800 60.328960 -5.702565 42.113247 60.328960 -0.742692 41.522697 60.328960 -0.152141 41.680935 60.328960 0.280172 42.113247 60.328960 -5.270251 41.680935 58.360455 -4.974976 42.192368 58.360455 -0.152141 42.703800 56.391953 -5.702565 42.113247 56.391953 -5.860803 42.703800 56.391953 0.438410 42.703800 60.328960 -9.797811 42.703800 56.391953 -9.797811 42.703800 56.391953 -4.679700 41.522697 58.360455 -4.604602 42.093124 56.391953 10.516393 42.113247 58.360455 10.084080 42.703800 56.391953 10.674630 42.703800 58.360455 10.004960 42.408524 60.328960 10.674630 42.703800 60.328960 10.516393 42.113247 56.391953 10.084080 41.680935 58.360455 9.788804 42.192368 60.328960 4.375418 42.703800 58.360455 5.045088 42.408524 58.360455 4.965969 42.703800 60.328960 4.533656 42.113247 56.391953 4.533656 42.113247 56.391953 4.375418 42.703800 56.391953 -5.270251 41.680935 60.328960 -4.679700 41.522697 56.391953 -9.797811 40.341595 56.391953 -6.018283 37.152618 56.391953 8.312426 36.798286 56.391953 -3.498598 36.798286 56.391953 10.832110 37.152618 56.391953 -7.908047 37.861279 56.391953 12.721874 37.861279 56.391953 -9.167890 38.924271 56.391953 0.832111 38.766792 56.391953 0.832111 42.703800 56.391953 3.981717 38.766792 56.391953 13.981717 38.924271 56.391953 4.965969 41.680935 56.391953 3.981717 42.703800 56.391953 5.556520 41.522697 56.391953 14.611638 40.341595 56.391953 9.493528 41.522697 56.391953 14.611638 42.703800 60.328960 4.965969 41.680935 58.360455 5.261245 42.192368 60.328960 -9.797811 40.341595 60.328960 -3.498598 36.798286 60.328960 8.312426 36.798286 60.328960 14.611638 42.703800 60.328960 14.611638 40.341595 60.328960 13.981717 38.924271 60.328960 9.493528 41.522697 60.328960 10.084080 41.680935 60.328960 10.832110 37.152618 60.328960 -6.018283 37.152618 60.328960 -7.908047 37.861279 60.328960 12.721874 37.861279 60.328960 3.981717 38.766792 60.328960 3.981717 42.703800 60.328960 5.556520 41.522697 60.328960 0.832111 38.766792 60.328960 -9.167890 38.924271 58.360455 9.418429 42.093124 58.360455 5.631618 42.093124 61.510063 -10.585212 46.640808 60.328960 -5.073401 46.640808 60.328960 -10.585212 46.640808 61.510063 -5.073401 46.640808 55.625690 -5.488244 43.839470 55.895851 -9.900209 43.299152 55.625690 -10.170369 43.839470 55.895851 -5.758404 43.299152 61.510063 -5.860803 44.278603 61.510063 -10.585212 44.278603 61.510063 -5.073401 44.278603 55.998249 -9.797811 42.703800 55.998249 -5.860803 42.703800 55.210850 -5.073401 44.278603 55.210850 -10.585212 44.278603 56.391953 -10.585212 46.640808 55.210850 -5.073401 46.640808 55.210850 -10.585212 46.640808 56.391953 -5.073401 46.640808 56.391953 -5.073401 45.066002 60.328960 -5.073401 45.066002 60.328960 -10.585212 45.066002 56.391953 -10.585212 45.066002 60.825058 -9.900209 43.299152 60.722660 -9.797811 42.703800 61.095219 -5.860803 43.839470 61.095219 -10.170369 43.839470 60.825058 -5.860803 43.299152 60.825058 -5.758404 43.299152 61.095219 -5.488244 43.839470 60.722660 -5.860803 42.703800 61.510063 9.887229 46.640808 60.328960 15.399040 46.640808 60.328960 9.887229 46.640808 61.510063 15.399040 46.640808 55.625690 14.984197 43.839470 55.895851 10.572231 43.299152 55.625690 10.302073 43.839470 55.895851 14.714037 43.299152 61.510063 14.611638 44.278603 61.510063 9.887229 44.278603 61.510063 15.399040 44.278603 55.998249 10.674630 42.703800 55.998249 14.611638 42.703800 55.210850 15.399040 44.278603 55.210850 9.887229 44.278603 56.391953 9.887229 46.640808 55.210850 15.399040 46.640808 55.210850 9.887229 46.640808 56.391953 15.399040 46.640808 56.391953 15.399040 45.066002 60.328960 15.399040 45.066002 60.328960 9.887229 45.066002 56.391953 9.887229 45.066002 60.825058 10.572231 43.299152 60.722660 10.674630 42.703800 61.095219 14.611638 43.839470 61.095219 10.302073 43.839470 60.825058 14.611638 43.299152 60.825058 14.714037 43.299152 61.095219 14.984197 43.839470 60.722660 14.611638 42.703800 61.510063 -16.490725 54.908524 60.328960 -10.978912 54.908524 60.328960 -16.490725 54.908524 61.510063 -10.978912 54.908524 55.625690 -11.393756 52.107189 55.895851 -15.805721 51.566868 55.625690 -16.075880 52.107189 55.895851 -11.663916 51.566868 61.510063 -11.766315 52.546318 61.510063 -16.490725 52.546318 61.510063 -10.978912 52.546318 55.998249 -15.703322 50.971516 55.998249 -11.766315 50.971516 55.210850 -10.978912 52.546318 55.210850 -16.490725 52.546318 56.391953 -16.490725 54.908524 55.210850 -10.978912 54.908524 55.210850 -16.490725 54.908524 56.391953 -10.978912 54.908524 56.391953 -10.978912 53.333721 60.328960 -10.978912 53.333721 60.328960 -16.490725 53.333721 56.391953 -16.490725 53.333721 60.825058 -15.805721 51.566868 60.722660 -15.703322 50.971516 61.095219 -11.766315 52.107189 61.095219 -16.075880 52.107189 60.825058 -11.766315 51.566868 60.825058 -11.663916 51.566868 61.095219 -11.393756 52.107189 60.722660 -11.766315 50.971516 46.159058 -0.742692 35.622402 48.127560 -0.447417 36.292072 46.159058 -0.152141 35.780640 48.127560 -0.817791 36.192829 48.127560 -0.231260 36.508228 46.159058 0.280172 36.212952 50.096066 -5.860803 36.803501 48.127560 -5.191133 36.508228 48.127560 -5.270251 36.803501 50.096066 -5.702565 36.212952 50.096066 -0.742692 35.622402 50.096066 -0.152141 35.780640 50.096066 0.280172 36.212952 50.096066 -5.270251 35.780640 48.127560 -4.974976 36.292072 48.127560 -0.152141 36.803501 46.159058 -5.702565 36.212952 46.159058 -5.860803 36.803501 50.096066 -9.797811 36.803501 46.159058 -9.797811 36.803501 46.159058 -4.679700 35.622402 48.127560 -4.604602 36.192829 46.159058 10.516393 36.212952 48.127560 10.084080 36.803501 46.159058 10.674630 36.803501 48.127560 10.004960 36.508228 50.096066 10.674630 36.803501 50.096066 10.516393 36.212952 46.159058 10.084080 35.780640 48.127560 9.788804 36.292072 48.127560 5.045088 36.508228 48.127560 4.965969 36.803501 50.096066 4.533656 36.212952 46.159058 4.533656 36.212952 46.159058 -5.270251 35.780640 50.096066 -4.679700 35.622402 46.159058 -9.797811 34.441299 46.159058 -6.018283 31.252321 46.159058 8.312426 30.897991 46.159058 -3.498598 30.897991 46.159058 10.832110 31.252321 46.159058 -7.908047 31.960983 46.159058 12.721874 31.960983 46.159058 -9.167890 33.023975 46.159058 13.981717 33.023975 46.159058 4.965969 35.780640 46.159058 5.556520 35.622402 46.159058 14.611638 34.441299 46.159058 9.493528 35.622402 46.159058 14.611638 36.803501 50.096066 4.965969 35.780640 48.127560 5.261245 36.292072 50.096066 -9.797811 34.441299 50.096066 -3.498598 30.897991 50.096066 8.312426 30.897991 50.096066 14.611638 36.803501 50.096066 14.611638 34.441299 50.096066 13.981717 33.023975 50.096066 9.493528 35.622402 50.096066 10.084080 35.780640 50.096066 10.832110 31.252321 50.096066 -6.018283 31.252321 50.096066 -7.908047 31.960983 50.096066 12.721874 31.960983 50.096066 5.556520 35.622402 50.096066 -9.167890 33.023975 48.127560 9.418429 36.192829 48.127560 5.631618 36.192829 51.277168 15.792741 49.008228 50.096066 21.304552 49.008228 50.096066 15.792741 49.008228 51.277168 21.304552 49.008228 45.392796 20.889709 46.206890 45.662956 16.477743 45.666573 45.392796 16.207584 46.206890 45.662956 20.619549 45.666573 51.277168 20.517151 46.646023 51.277168 15.792741 46.646023 51.277168 21.304552 46.646023 45.765354 16.580143 45.071220 45.765354 20.517151 45.071220 44.977955 21.304552 46.646023 44.977955 15.792741 46.646023 46.159058 15.792741 49.008228 44.977955 21.304552 49.008228 44.977955 15.792741 49.008228 46.159058 21.304552 49.008228 50.096066 15.792741 47.433426 46.159058 15.792741 47.433426 50.592163 16.477743 45.666573 50.489765 16.580143 45.071220 50.862324 20.517151 46.206890 50.862324 16.207584 46.206890 50.592163 20.517151 45.666573 50.592163 20.619549 45.666573 50.862324 20.889709 46.206890 50.489765 20.517151 45.071220 46.159058 3.981717 43.102715 50.096066 3.981717 43.102715 50.096066 0.832111 43.102715 46.159058 0.832111 43.102715 46.159058 -10.978912 39.165707 50.096066 -10.978912 39.165707 50.096066 15.792741 39.165707 50.096066 4.965969 44.048355 50.096066 4.533656 44.480667 50.096066 5.556520 43.890118 50.096066 15.399040 43.890118 50.096066 15.989592 44.048355 50.096066 17.682505 39.520039 50.096066 16.421906 44.480667 50.096066 16.580143 45.071220 50.096066 20.517151 45.071220 50.096066 19.099827 40.228699 50.096066 20.044710 41.291691 50.096066 20.517151 42.709015 50.096066 -15.230882 41.291691 50.096066 -15.703322 45.071220 50.096066 -15.703322 42.709015 50.096066 -11.766315 45.071220 50.096066 -14.285999 40.228699 50.096066 -12.868676 39.520039 50.096066 -11.608077 44.480667 50.096066 -11.175763 44.048355 50.096066 -10.585212 43.890118 50.096066 -0.742692 43.890118 50.096066 -0.152141 44.048355 50.096066 0.280172 44.480667 46.159058 -11.766315 45.071220 46.159058 -15.703322 42.709015 46.159058 -15.703322 45.071220 46.159058 -15.230882 41.291691 46.159058 -14.285999 40.228699 46.159058 -12.868676 39.520039 46.159058 -11.608077 44.480667 46.159058 -11.175763 44.048355 46.159058 -10.585212 43.890118 46.159058 -0.742692 43.890118 46.159058 -0.152141 44.048355 46.159058 0.280172 44.480667 46.159058 4.533656 44.480667 46.159058 4.965969 44.048355 46.159058 15.792741 39.165707 46.159058 5.556520 43.890118 46.159058 15.399040 43.890118 46.159058 15.989592 44.048355 46.159058 17.682505 39.520039 46.159058 16.421906 44.480667 46.159058 16.580143 45.071220 46.159058 20.517151 45.071220 46.159058 19.099827 40.228699 46.159058 20.044710 41.291691 46.159058 20.517151 42.709015 48.127560 -0.817791 44.460545 48.127560 -10.510114 44.460545 48.127560 -0.231260 44.775944 48.127560 -0.447417 44.559788 48.127560 -0.152141 45.071220 48.127560 -10.880487 44.559788 48.127560 -11.096644 44.775944 48.127560 -11.175763 45.071220 48.127560 5.045088 44.775944 48.127560 4.965969 45.071220 48.127560 15.910472 44.775944 48.127560 15.989592 45.071220 48.127560 15.694316 44.559788 48.127560 15.323941 44.460545 48.127560 5.631618 44.460545 48.127560 5.261245 44.559788 51.277168 -16.490725 49.008228 50.096066 -10.978912 49.008228 50.096066 -16.490725 49.008228 51.277168 -10.978912 49.008228 45.392796 -11.393756 46.206890 45.662956 -15.805721 45.666573 45.392796 -16.075880 46.206890 45.662956 -11.663916 45.666573 51.277168 -11.766315 46.646023 51.277168 -16.490725 46.646023 51.277168 -10.978912 46.646023 45.765354 -15.703322 45.071220 45.765354 -11.766315 45.071220 44.977955 -10.978912 46.646023 44.977955 -16.490725 46.646023 46.159058 -16.490725 49.008228 44.977955 -10.978912 49.008228 44.977955 -16.490725 49.008228 46.159058 -10.978912 49.008228 46.159058 -10.978912 47.433426 50.096066 -10.978912 47.433426 50.592163 -15.805721 45.666573 50.489765 -15.703322 45.071220 50.862324 -11.766315 46.206890 50.862324 -16.075880 46.206890 50.592163 -11.766315 45.666573 50.592163 -11.663916 45.666573 50.862324 -11.393756 46.206890 50.489765 -11.766315 45.071220 51.277168 9.887229 40.740509 50.096066 15.399040 40.740509 50.096066 9.887229 40.740509 51.277168 15.399040 40.740509 45.392796 14.984197 37.939175 45.662956 10.572231 37.398857 45.392796 10.302073 37.939175 45.662956 14.714037 37.398857 51.277168 14.611638 38.378307 51.277168 9.887229 38.378307 51.277168 15.399040 38.378307 45.765354 10.674630 36.803501 45.765354 14.611638 36.803501 44.977955 15.399040 38.378307 44.977955 9.887229 38.378307 46.159058 9.887229 40.740509 44.977955 15.399040 40.740509 44.977955 9.887229 40.740509 46.159058 15.399040 40.740509 46.159058 15.399040 39.165707 50.096066 15.399040 39.165707 50.096066 9.887229 39.165707 46.159058 9.887229 39.165707 50.592163 10.572231 37.398857 50.489765 10.674630 36.803501 50.862324 14.611638 37.939175 50.862324 10.302073 37.939175 50.592163 14.611638 37.398857 50.592163 14.714037 37.398857 50.862324 14.984197 37.939175 50.489765 14.611638 36.803501 51.277168 -10.585212 40.740509 50.096066 -5.073401 40.740509 50.096066 -10.585212 40.740509 51.277168 -5.073401 40.740509 45.392796 -5.488244 37.939175 45.662956 -9.900209 37.398857 45.392796 -10.170369 37.939175 45.662956 -5.758404 37.398857 51.277168 -5.860803 38.378307 51.277168 -10.585212 38.378307 51.277168 -5.073401 38.378307 45.765354 -9.797811 36.803501 45.765354 -5.860803 36.803501 44.977955 -5.073401 38.378307 44.977955 -10.585212 38.378307 46.159058 -10.585212 40.740509 44.977955 -5.073401 40.740509 44.977955 -10.585212 40.740509 46.159058 -5.073401 40.740509 46.159058 -5.073401 39.165707 50.096066 -5.073401 39.165707 50.096066 -10.585212 39.165707 46.159058 -10.585212 39.165707 50.592163 -9.900209 37.398857 50.489765 -9.797811 36.803501 50.862324 -5.860803 37.939175 50.862324 -10.170369 37.939175 50.592163 -5.860803 37.398857 50.592163 -5.758404 37.398857 50.862324 -5.488244 37.939175 50.489765 -5.860803 36.803501 -12.502360 0.832111 47.909843 -12.502360 0.438410 47.433426 -12.502360 0.438410 47.909843 -12.502360 0.832111 47.433426 -12.917204 0.832111 46.994293 -12.917204 0.438410 46.994293 -13.187364 0.832111 46.453976 -13.187364 0.438410 46.453976 -13.289762 0.832111 45.858620 -13.289762 0.438410 45.858620 -12.502360 3.981717 47.909843 -13.683463 0.832111 48.266476 -13.683463 3.981717 48.266476 -13.683463 0.832111 48.220825 -14.077164 0.832111 48.220825 -14.077164 1.776993 48.220825 -13.289762 4.375418 45.858620 -13.187364 4.375418 46.453976 -12.917204 4.375418 46.994293 -12.502360 4.375418 47.433426 -12.502360 4.375418 47.909843 -15.077686 1.676941 48.220825 -14.117906 1.772918 48.220825 -5.709065 0.438410 45.858620 -5.709065 0.832111 45.858620 -3.447243 3.981717 45.175667 6.788978 3.981717 42.084862 2.851970 3.981717 43.273632 25.686615 3.981717 36.378757 -6.581199 3.981717 41.921612 -3.648030 3.981717 41.921612 -5.709065 3.981717 45.858620 13.875592 3.981717 39.953110 13.875592 3.981717 41.492481 25.686615 3.981717 38.846298 17.812599 3.981717 39.953110 17.812599 3.981717 41.223839 -6.581199 0.832111 41.921612 -3.648030 0.832111 41.921612 -3.447243 0.832111 45.175667 2.851970 0.832111 43.273632 25.686615 0.832111 36.378757 13.875592 0.832111 39.953110 6.788978 0.832111 42.084862 25.686615 0.832111 38.846298 17.812599 0.832111 39.953110 17.812599 0.832111 41.223839 13.875592 0.832111 41.492481 -7.384251 4.375418 40.195587 -13.683463 4.375418 42.097626 -7.384251 4.375418 45.858620 -5.709065 4.375418 45.858620 -7.384251 0.438410 45.858620 -13.683463 0.438410 42.097626 -7.384251 0.438410 40.195587 -13.683463 3.981717 42.097626 -7.384251 3.981717 39.953110 -7.384251 3.981717 40.195587 -13.348040 0.832111 39.953110 -13.683463 0.832111 42.097626 -13.218896 0.832111 39.953110 -7.384251 0.832111 39.953110 -7.384251 0.832111 40.195587 44.977371 3.588016 30.553949 44.977371 1.225812 30.553949 44.974133 0.832111 33.022469 44.977371 0.832111 30.553949 44.974133 3.981717 33.022469 44.977371 3.981717 30.553949 45.662956 4.375418 29.131140 45.392796 4.375418 29.671459 44.977955 4.375418 30.110590 44.977955 4.375418 30.553774 45.765354 4.375418 28.535786 50.489765 0.438410 28.535786 45.765354 0.438410 28.535786 50.489765 4.375418 28.535786 45.662956 0.438410 29.131140 45.392796 0.438410 29.671459 44.977955 0.438410 30.110590 44.977955 0.438410 30.553774 -3.447243 4.375418 39.006817 2.851970 4.375418 37.590904 2.851970 4.375418 37.104782 -3.447243 4.375418 45.175667 6.788978 4.375418 37.590904 13.875592 4.375418 37.590904 17.812599 4.375418 37.590904 17.812599 4.375418 32.587448 25.686615 4.375418 31.685392 25.686615 4.375418 36.378757 2.851970 4.375418 43.273632 6.788978 4.375418 42.084862 6.788978 4.375418 35.916012 13.875592 4.375418 33.776222 35.922836 4.375418 29.323189 29.623623 4.375418 31.685392 39.859844 4.375418 29.323189 29.623623 4.375418 35.189983 35.922836 4.375418 31.685392 51.287159 4.375418 26.645357 35.922836 4.375418 33.287949 39.859844 4.375418 31.685392 39.859844 4.375418 32.099178 57.410282 4.375418 21.453520 57.182678 4.375418 20.699730 55.538776 4.375418 22.294369 53.856625 4.375418 23.469070 52.422691 4.375418 24.936518 50.799080 1.205869 28.442390 50.799080 3.607959 28.442390 50.955685 2.810611 28.395103 50.955685 2.003217 28.395103 51.287159 0.438410 26.645357 57.410282 0.438410 21.453520 55.662014 1.205869 22.511646 55.538776 0.438410 22.294369 57.482773 1.205869 21.693598 55.724407 2.003217 22.621655 57.519478 2.810611 21.815147 55.724407 2.810611 22.621655 57.519478 2.003217 21.815147 51.618649 2.810611 26.823376 51.507225 3.607959 26.763540 51.507225 1.205869 26.763540 51.618649 2.003217 26.823376 52.422691 0.438410 24.936518 52.616898 3.607959 25.093620 52.715221 2.810611 25.173161 52.715221 2.003217 25.173161 52.616898 1.205869 25.093620 53.856625 0.438410 23.469070 54.018169 3.607959 23.659595 54.099964 2.810611 23.756058 54.099964 2.003217 23.756058 54.018169 1.205869 23.659595 55.662014 3.607959 22.511646 57.482773 3.607959 21.693598 57.182678 0.438410 20.699730 39.859844 0.832111 32.099178 39.859844 0.438410 32.099178 2.851970 3.588016 37.104782 2.851970 0.438410 37.104782 -3.447243 0.438410 39.006817 2.851970 0.832111 37.104782 6.788978 3.588016 35.916012 6.788978 0.832111 35.916012 13.875592 3.981717 33.776222 14.280709 0.832111 33.653896 13.875592 0.832111 33.776222 14.280709 3.981717 33.653896 13.875592 0.438410 33.776222 6.788978 0.438410 35.916012 17.812599 0.832111 33.653896 13.875592 0.832111 37.590904 17.812599 0.832111 37.590904 -3.447243 0.438410 45.175667 2.851970 0.438410 43.273632 36.363605 3.981717 35.622402 36.363605 0.832111 35.622402 29.623623 0.832111 37.657524 29.623623 0.832111 35.622402 29.623623 3.981717 37.657524 25.686615 0.832111 31.685392 25.686615 0.438410 36.378757 25.686615 0.438410 31.685392 25.686615 0.832111 35.622402 25.686615 3.981717 31.685392 35.922836 3.981717 35.622402 35.922836 0.832111 35.755489 35.922836 0.832111 35.622402 35.922836 3.981717 35.755489 29.623623 3.981717 31.685392 29.623623 3.981717 35.189983 35.922836 3.981717 33.287949 39.859844 3.981717 32.099178 17.812599 0.438410 32.587448 39.859844 0.438410 29.323189 35.922836 0.438410 31.685392 39.859844 0.438410 31.685392 35.922836 0.438410 29.323189 29.623623 0.438410 31.685392 29.623623 0.438410 35.189983 35.922836 0.438410 33.287949 13.875592 0.438410 37.590904 6.788978 0.438410 37.590904 17.812599 0.438410 37.590904 6.788978 0.438410 42.084862 2.851970 0.438410 37.590904 29.623623 0.832111 31.685392 29.623623 0.832111 35.189983 17.812599 3.981717 33.653896 2.851970 0.832111 37.590904 6.788978 0.832111 37.590904 35.922836 0.832111 33.287949 39.859844 0.832111 31.685392 35.922836 0.832111 31.685392 2.851970 3.588016 37.590904 6.788978 3.588016 37.590904 39.859844 3.981717 31.685392 35.922836 3.981717 31.685392 39.859844 3.981717 29.323189 35.922836 3.981717 29.323189 35.922836 0.832111 29.323189 39.859844 0.832111 29.323189 13.875592 0.438410 31.685392 13.875592 4.375418 31.685392 6.788978 3.588016 33.653896 2.851970 3.588016 33.653896 6.788978 4.375418 31.685392 2.851970 4.375418 31.685392 2.851970 0.438410 33.653896 2.851970 0.438410 31.685392 2.851970 0.832111 33.653896 -6.581199 0.438410 39.953110 -6.581199 4.375418 39.953110 6.788978 0.438410 31.685392 -13.092912 0.438410 31.685392 -7.384251 0.438410 31.685392 -13.092912 0.438410 32.472794 -13.683463 0.438410 32.472794 -13.289762 0.438410 37.590904 -3.447243 0.438410 31.685392 -3.447243 0.438410 33.653896 -13.187364 0.438410 38.186256 -12.917204 0.438410 38.726578 -12.502360 0.438410 39.165707 -12.502360 0.438410 39.953110 -13.092912 4.375418 32.472794 -13.683463 4.375418 32.472794 -7.384251 4.375418 31.685392 -13.092912 4.375418 31.685392 -13.289762 4.375418 37.590904 -13.187364 4.375418 38.186256 -3.447243 4.375418 31.685392 -12.917204 4.375418 38.726578 -12.502360 4.375418 39.165707 -12.502360 4.375418 39.953110 6.788978 0.832111 33.653896 -25.494486 2.406914 36.859821 -21.771172 0.438410 32.472794 -23.818417 0.438410 37.590904 -23.739676 2.406914 32.472794 -21.456211 2.406914 31.685392 -19.487707 0.438410 31.685392 -21.771172 4.375418 32.472794 -23.818417 4.375418 37.590904 -17.620470 4.375418 32.472794 -18.211021 0.438410 32.472794 -18.211021 4.375418 32.472794 -17.620470 0.438410 32.472794 -18.211021 4.375418 31.685392 -19.487707 4.375418 31.685392 -18.211021 0.438410 31.685392 19.861273 21.304552 56.479641 11.987256 21.304552 56.479641 19.861273 21.304552 64.353653 19.861273 -16.490725 56.479641 19.861273 -16.490725 64.353653 11.987256 -16.490725 56.479641 11.987256 -16.490725 64.353653 11.987256 21.304552 64.353653 56.395275 3.981717 54.938610 60.332283 3.981717 54.938610 60.332283 0.832111 54.938610 56.395275 0.832111 54.938610 56.395279 -16.490725 52.979008 56.395279 -16.490725 58.875618 56.395279 21.304552 52.979008 56.395279 21.304552 58.875618 60.332283 -16.490725 58.875618 60.332283 21.304552 52.979008 60.332283 21.304552 58.875618 60.332283 -16.490725 52.979008 17.892769 -16.490725 45.849720 13.955760 -16.490725 39.953110 17.892769 -16.490725 39.953110 13.955760 -16.490725 45.849720 13.955760 0.832111 42.388405 13.955760 3.981717 42.388405 17.892767 3.981717 41.921612 17.892769 3.981717 45.849720 13.955760 3.981717 45.849720 17.892767 0.832111 41.921612 17.892769 0.832111 45.849720 13.955760 0.832111 45.849720 13.955760 21.304552 45.849720 17.892769 21.304552 39.953110 13.955760 21.304552 39.953110 17.892769 21.304552 45.849720 71.746284 -12.553716 52.186390 70.565178 -7.041905 52.186390 70.565178 -12.553716 52.186390 71.746284 -7.041905 52.186390 65.861916 -7.456748 49.385056 66.132072 -11.868713 48.844738 65.861916 -12.138873 49.385056 66.132072 -7.726908 48.844738 71.746284 -7.829307 49.824184 71.746284 -12.553716 49.824184 71.746284 -7.041905 49.824184 66.234474 -11.766315 48.249382 66.234474 -7.829307 48.249382 65.447067 -7.041905 49.824184 65.447067 -12.553716 49.824184 66.628174 -12.553716 52.186390 65.447067 -7.041905 52.186390 65.447067 -12.553716 52.186390 66.628174 -7.041905 52.186390 66.628174 -7.041905 50.611588 70.565178 -7.041905 50.611588 70.565178 -12.553716 50.611588 66.628174 -12.553716 50.611588 71.061279 -11.868713 48.844738 70.958878 -11.766315 48.249382 71.331436 -7.829307 49.385056 71.331436 -12.138873 49.385056 71.061279 -7.829307 48.844738 71.061279 -7.726908 48.844738 71.331436 -7.456748 49.385056 70.958878 -7.829307 48.249382 66.628174 16.580143 48.249382 70.565178 12.643134 48.249382 70.565178 16.580143 48.249382 66.628174 12.643134 48.249382 68.596672 12.052584 48.249382 66.628174 0.280172 47.658833 68.596672 -0.152141 48.249382 68.596672 -0.231260 47.954109 68.596672 -0.817791 47.638710 70.565178 -6.648204 47.068279 70.565178 -0.742692 47.068279 68.596672 -6.573106 47.638710 66.628174 -7.829307 48.249382 68.596672 -7.159636 47.954109 66.628174 -7.671069 47.658833 68.596672 -7.238755 48.249382 66.628174 12.052584 47.226517 68.596672 11.973464 47.954109 66.628174 12.484897 47.658833 68.596672 11.757308 47.737949 68.596672 -0.447417 47.737949 70.565178 -0.152141 47.226517 66.628174 -6.648204 47.068279 66.628174 -0.742692 47.068279 70.565178 12.484897 47.658833 68.596672 5.045088 47.954109 66.628174 4.965969 47.226517 66.628174 4.533656 47.658833 68.596672 5.261245 47.737949 70.565178 8.706126 42.343872 66.628174 11.330798 42.580093 70.565178 11.330798 42.580093 66.628174 8.706126 42.343872 68.596672 4.965969 48.249382 70.565178 4.533656 47.658833 70.565178 -11.766315 45.887180 66.628174 -11.766315 48.249382 66.628174 -11.766315 45.887180 70.565178 -11.766315 48.249382 70.565178 0.280172 47.658833 66.628174 11.462032 47.068279 68.596672 11.386933 47.638710 66.628174 -7.238755 47.226517 68.596672 -6.943480 47.737949 70.565178 -6.516971 42.580093 66.628174 -3.892299 42.343872 70.565178 -3.892299 42.343872 66.628174 -6.516971 42.580093 70.565178 5.556520 47.068279 68.596672 5.631618 47.638710 70.565178 4.965969 47.226517 66.628174 5.556520 47.068279 66.628174 -0.152141 47.226517 70.565178 -7.829307 48.249382 66.628174 -11.241380 44.706078 70.565178 -11.241380 44.706078 70.565178 -8.616708 43.052532 66.628174 -8.616708 43.052532 70.565178 -10.191511 43.761192 66.628174 -10.191511 43.761192 70.565178 -7.238755 47.226517 70.565178 -7.671069 47.658833 70.565178 11.462032 47.068279 70.565178 12.052584 47.226517 70.565178 16.580143 45.887180 70.565178 13.430536 43.052532 70.565178 15.005340 43.761192 70.565178 16.055208 44.706078 66.628174 16.580143 45.887180 66.628174 16.055208 44.706078 66.628174 15.005340 43.761192 66.628174 13.430536 43.052532 71.746284 11.855733 52.186390 70.565178 17.367544 52.186390 70.565178 11.855733 52.186390 71.746284 17.367544 52.186390 65.861916 16.952702 49.385056 66.132072 12.540735 48.844738 65.861916 12.270576 49.385056 66.132072 16.682541 48.844738 71.746284 16.580143 49.824184 71.746284 11.855733 49.824184 71.746284 17.367544 49.824184 66.234474 12.643134 48.249382 66.234474 16.580143 48.249382 65.447067 17.367544 49.824184 65.447067 11.855733 49.824184 66.628174 11.855733 52.186390 65.447067 17.367544 52.186390 65.447067 11.855733 52.186390 66.628174 17.367544 52.186390 66.628174 17.367544 50.611588 70.565178 17.367544 50.611588 70.565178 11.855733 50.611588 66.628174 11.855733 50.611588 71.061279 12.540735 48.844738 70.958878 12.643134 48.249382 71.331436 16.580143 49.385056 71.331436 12.270576 49.385056 71.061279 16.580143 48.844738 71.061279 16.682541 48.844738 71.331436 16.952702 49.385056 70.958878 16.580143 48.249382 66.628174 4.375418 50.614674 66.628174 4.375418 59.233635 66.628174 3.194315 50.611588 66.628174 3.194315 50.614674 66.628174 1.619512 50.611588 66.628174 0.438410 50.614674 66.628174 1.619512 50.614674 66.628174 17.367544 61.642761 66.628174 -12.553716 61.642761 66.628174 0.438410 59.233635 70.565178 17.367544 60.454109 70.565178 -12.553716 60.454109 67.021873 1.619512 50.614674 67.021873 0.438410 50.614674 67.021873 3.194315 50.614674 67.021873 4.375418 50.614674 67.021873 2.997465 50.614674 67.415573 3.046678 50.614674 68.596672 3.194316 50.614674 68.596672 1.619512 50.614674 67.021873 1.816363 50.614674 67.415573 1.816363 50.614674 67.021873 3.194315 50.611588 67.415573 3.046678 50.611588 67.415573 1.816363 50.611588 67.021873 1.619512 50.611588 71.061279 -0.451390 48.844738 66.234474 -0.348992 48.249382 70.958878 -0.348992 48.249382 66.132072 -0.451390 48.844738 65.447067 5.950221 49.824184 71.331436 5.535378 49.385056 65.861916 5.535378 49.385056 71.746284 5.950221 49.824184 65.447067 -1.136393 52.186390 66.628174 0.832111 52.186390 65.447067 0.832111 52.186390 66.628174 -1.136393 52.186390 71.061279 5.265218 48.844738 66.132072 5.265218 48.844738 71.331436 -0.721550 49.385056 71.746284 -1.136393 49.824184 70.565178 -1.136393 50.611588 65.447067 -1.136393 49.824184 71.746284 -1.136393 52.186390 70.565178 -1.136393 52.186390 66.628174 -1.136393 50.611588 65.447067 5.950221 52.186390 65.447067 3.981717 50.611588 65.447067 3.981717 52.186390 65.447067 -0.348992 49.824184 65.447067 0.832111 50.611588 66.628174 5.950221 50.611588 66.628174 3.981717 52.186390 66.628174 3.981717 50.611588 66.628174 5.950221 52.186390 65.861916 -0.721550 49.385056 66.628174 0.832111 50.611588 71.746284 5.950221 52.186390 70.565178 5.950221 50.611588 70.565178 5.950221 52.186390 70.958878 5.162819 48.249382 66.234474 5.162819 48.249382 66.132072 -0.348992 48.844738 65.861916 -0.348992 49.385056 17.812599 4.375418 31.685392 17.812599 0.438410 31.685392 -3.447243 0.438410 39.962013 -3.447243 4.375418 39.962013 7.970080 0.438410 15.149960 7.970080 4.375418 15.149960 1.670868 0.438410 15.149960 1.670868 4.375418 15.149960 1.670868 4.375418 16.724762 2.851970 4.375418 16.724762 2.851970 5.950221 16.724762 2.851970 0.438410 16.724762 2.851970 -1.136393 16.724762 2.851970 -1.136393 15.149960 2.851970 5.950221 15.149960 6.788978 -1.136393 15.149960 6.788978 -1.136393 16.724762 6.788978 5.950221 15.149960 6.788978 4.375418 16.724762 6.788978 5.950221 16.724762 6.788978 0.438410 16.724762 7.970080 -1.136393 16.724762 7.970080 0.438410 16.724762 1.670868 0.438410 16.724762 1.670868 -1.136393 16.724762 7.970080 5.950221 14.362558 7.555237 5.535378 13.923428 2.085711 5.535378 13.923428 1.670868 5.950221 14.362558 7.285078 5.265218 13.383108 2.355870 5.265218 13.383108 2.355870 -0.451390 13.383108 2.085711 -0.721550 13.923428 2.085711 5.162819 13.923428 2.355870 5.162819 13.383108 2.458269 -0.348992 12.787755 7.182679 -0.348992 12.787755 7.285078 -0.451390 13.383108 7.555237 -0.721550 13.923428 1.670868 -1.136393 14.362558 1.670868 5.162819 14.362558 7.182679 5.162819 12.787755 7.970080 5.950221 16.724762 7.970080 4.375418 16.724762 7.970080 -1.136393 14.362558 1.670868 5.950221 16.724762 2.458269 5.162819 12.787755 -12.502360 0.438410 31.685392 -12.502360 4.375418 31.685392 -18.801573 0.438410 31.685392 -18.801573 4.375418 31.685392 -18.801573 4.375418 33.260197 -17.620470 4.375418 33.260197 -17.620470 5.950221 33.260197 -17.620470 0.438410 33.260197 -17.620470 -1.136393 33.260197 -17.620470 -1.136393 31.685392 -17.620470 5.950221 31.685392 -13.683463 -1.136393 31.685392 -13.683463 -1.136393 33.260197 -13.683463 5.950221 31.685392 -13.683463 4.375418 33.260197 -13.683463 5.950221 33.260197 -13.683463 0.438410 33.260197 -12.502360 -1.136393 33.260197 -12.502360 0.438410 33.260197 -18.801573 0.438410 33.260197 -18.801573 -1.136393 33.260197 -12.502360 5.950221 30.897991 -12.917204 5.535378 30.458860 -18.386730 5.535378 30.458860 -18.801573 5.950221 30.897991 -13.187364 5.265218 29.918541 -18.116571 5.265218 29.918541 -18.116571 -0.451390 29.918541 -18.386730 -0.721550 30.458860 -18.386730 5.162819 30.458860 -18.116571 5.162819 29.918541 -18.014172 -0.348992 29.323189 -13.289762 -0.348992 29.323189 -13.187364 -0.451390 29.918541 -12.917204 -0.721550 30.458860 -18.801573 -1.136393 30.897991 -18.801573 5.162819 30.897991 -13.289762 5.162819 29.323189 -12.502360 5.950221 33.260197 -12.502360 4.375418 33.260197 -12.502360 -1.136393 30.897991 -18.801573 5.950221 33.260197 -18.014172 5.162819 29.323189 18.993702 -10.585212 16.724762 17.812599 -5.073401 16.724762 17.812599 -10.585212 16.724762 18.993702 -5.073401 16.724762 13.109333 -5.488244 13.923428 13.379493 -9.900209 13.383108 13.109333 -10.170369 13.923428 13.379493 -5.758404 13.383108 18.993702 -5.860803 14.362558 18.993702 -10.585212 14.362558 18.993702 -5.073401 14.362558 13.481892 -9.797811 12.787755 13.481892 -5.860803 12.787755 12.694489 -5.073401 14.362558 12.694489 -10.585212 14.362558 13.875592 -10.585212 16.724762 12.694489 -5.073401 16.724762 12.694489 -10.585212 16.724762 13.875592 -5.073401 16.724762 13.875592 -5.073401 15.149960 17.812599 -5.073401 15.149960 17.812599 -10.585212 15.149960 13.875592 -10.585212 15.149960 18.308699 -9.900209 13.383108 18.206301 -9.797811 12.787755 18.578859 -5.860803 13.923428 18.578859 -10.170369 13.923428 18.308699 -5.860803 13.383108 18.308699 -5.758404 13.383108 18.578859 -5.488244 13.923428 18.206301 -5.860803 12.787755 6.788978 -16.490725 37.582001 6.788978 -16.490725 31.685392 2.851970 -16.490725 37.582001 6.788978 3.981717 37.582001 2.851970 3.981717 33.653896 6.788978 3.981717 33.653896 2.851970 3.981717 37.582001 2.851970 0.832111 33.653896 6.788978 0.832111 37.582001 6.788978 0.832111 33.653896 2.851970 0.832111 37.582001 2.851970 21.304552 37.582001 6.788978 21.304552 31.685392 6.788978 21.304552 37.582001 -2.266140 0.438410 23.417677 -2.266140 4.375418 23.417677 -8.565352 0.438410 23.417677 -8.565352 4.375418 23.417677 -8.565352 4.375418 24.992479 -7.384251 4.375418 24.992479 -7.384251 5.950221 24.992479 -7.384251 0.438410 24.992479 -7.384251 -1.136393 24.992479 -7.384251 -1.136393 23.417677 -7.384251 5.950221 23.417677 -3.447243 -1.136393 23.417677 -3.447243 -1.136393 24.992479 -3.447243 5.950221 23.417677 -3.447243 4.375418 24.992479 -3.447243 5.950221 24.992479 -3.447243 0.438410 24.992479 -2.266140 -1.136393 24.992479 -2.266140 0.438410 24.992479 -8.565352 0.438410 24.992479 -8.565352 -1.136393 24.992479 -2.266140 5.950221 22.630274 -2.680984 5.535378 22.191143 -8.150510 5.535378 22.191143 -8.565352 5.950221 22.630274 -2.951143 5.265218 21.650826 -7.880350 5.265218 21.650826 -7.880350 -0.451390 21.650826 -8.150510 -0.721550 22.191143 -8.150510 5.162819 22.191143 -7.880350 5.162819 21.650826 -7.777951 -0.348992 21.055471 -3.053542 -0.348992 21.055471 -2.951143 -0.451390 21.650826 -2.680984 -0.721550 22.191143 -8.565352 -1.136393 22.630274 -8.565352 5.162819 22.630274 -3.053542 5.162819 21.055471 -2.266140 5.950221 24.992479 -2.266140 4.375418 24.992479 -2.266140 -1.136393 22.630274 -8.565352 5.950221 24.992479 -7.777951 5.162819 21.055471 30.804726 9.887229 24.992479 29.623623 15.399040 24.992479 29.623623 9.887229 24.992479 30.804726 15.399040 24.992479 24.920357 14.984197 22.191143 25.190516 10.572231 21.650826 24.920357 10.302073 22.191143 25.190516 14.714037 21.650826 30.804726 14.611638 22.630274 30.804726 9.887229 22.630274 30.804726 15.399040 22.630274 25.292915 10.674630 21.055471 25.292915 14.611638 21.055471 24.505514 15.399040 22.630274 24.505514 9.887229 22.630274 25.686615 9.887229 24.992479 24.505514 15.399040 24.992479 24.505514 9.887229 24.992479 25.686615 15.399040 24.992479 25.686615 15.399040 23.417677 29.623623 15.399040 23.417677 29.623623 9.887229 23.417677 25.686615 9.887229 23.417677 30.119722 10.572231 21.650826 30.017324 10.674630 21.055471 30.389883 14.611638 22.191143 30.389883 10.302073 22.191143 30.119722 14.611638 21.650826 30.119722 14.714037 21.650826 30.389883 14.984197 22.191143 30.017324 14.611638 21.055471 30.804726 -10.585212 24.992479 29.623623 -5.073401 24.992479 29.623623 -10.585212 24.992479 30.804726 -5.073401 24.992479 24.920357 -5.488244 22.191143 25.190516 -9.900209 21.650826 24.920357 -10.170369 22.191143 25.190516 -5.758404 21.650826 30.804726 -5.860803 22.630274 30.804726 -10.585212 22.630274 30.804726 -5.073401 22.630274 25.292915 -9.797811 21.055471 25.292915 -5.860803 21.055471 24.505514 -5.073401 22.630274 24.505514 -10.585212 22.630274 25.686615 -10.585212 24.992479 24.505514 -5.073401 24.992479 24.505514 -10.585212 24.992479 25.686615 -5.073401 24.992479 25.686615 -5.073401 23.417677 29.623623 -5.073401 23.417677 29.623623 -10.585212 23.417677 25.686615 -10.585212 23.417677 30.119722 -9.900209 21.650826 30.017324 -9.797811 21.055471 30.389883 -5.860803 22.191143 30.389883 -10.170369 22.191143 30.119722 -5.860803 21.650826 30.119722 -5.758404 21.650826 30.389883 -5.488244 22.191143 30.017324 -5.860803 21.055471 41.040947 -10.585212 33.260197 39.859844 -5.073401 33.260197 39.859844 -10.585212 33.260197 41.040947 -5.073401 33.260197 35.156578 -5.488244 30.458860 35.426735 -9.900209 29.918541 35.156578 -10.170369 30.458860 35.426735 -5.758404 29.918541 41.040947 -5.860803 30.897991 41.040947 -10.585212 30.897991 41.040947 -5.073401 30.897991 35.529137 -9.797811 29.323189 35.529137 -5.860803 29.323189 34.741734 -5.073401 30.897991 34.741734 -10.585212 30.897991 35.922836 -10.585212 33.260197 34.741734 -5.073401 33.260197 34.741734 -10.585212 33.260197 35.922836 -5.073401 33.260197 35.922836 -5.073401 31.685392 39.859844 -5.073401 31.685392 39.859844 -10.585212 31.685392 35.922836 -10.585212 31.685392 40.355942 -9.900209 29.918541 40.253544 -9.797811 29.323189 40.626102 -5.860803 30.458860 40.626102 -10.170369 30.458860 40.355942 -5.860803 29.918541 40.355942 -5.758404 29.918541 40.626102 -5.488244 30.458860 40.253544 -5.860803 29.323189 41.040947 9.887229 33.260197 39.859844 15.399040 33.260197 39.859844 9.887229 33.260197 41.040947 15.399040 33.260197 35.156578 14.984197 30.458860 35.426735 10.572231 29.918541 35.156578 10.302073 30.458860 35.426735 14.714037 29.918541 41.040947 14.611638 30.897991 41.040947 9.887229 30.897991 41.040947 15.399040 30.897991 35.529137 10.674630 29.323189 35.529137 14.611638 29.323189 34.741734 15.399040 30.897991 34.741734 9.887229 30.897991 35.922836 9.887229 33.260197 34.741734 15.399040 33.260197 34.741734 9.887229 33.260197 35.922836 15.399040 33.260197 35.922836 15.399040 31.685392 39.859844 15.399040 31.685392 39.859844 9.887229 31.685392 35.922836 9.887229 31.685392 40.355942 10.572231 29.918541 40.253544 10.674630 29.323189 40.626102 14.611638 30.458860 40.626102 10.302073 30.458860 40.355942 14.611638 29.918541 40.355942 14.714037 29.918541 40.626102 14.984197 30.458860 40.253544 14.611638 29.323189 41.040947 -16.490725 41.527912 39.859844 -10.978912 41.527912 39.859844 -16.490725 41.527912 41.040947 -10.978912 41.527912 35.156578 -11.393756 38.726578 35.426735 -15.805721 38.186256 35.156578 -16.075880 38.726578 35.426735 -11.663916 38.186256 41.040947 -11.766315 39.165707 41.040947 -16.490725 39.165707 41.040947 -10.978912 39.165707 35.529137 -15.703322 37.590904 35.529137 -11.766315 37.590904 34.741734 -10.978912 39.165707 34.741734 -16.490725 39.165707 35.922836 -16.490725 41.527912 34.741734 -10.978912 41.527912 34.741734 -16.490725 41.527912 35.922836 -10.978912 41.527912 35.922836 -10.978912 39.953110 39.859844 -10.978912 39.953110 40.355942 -15.805721 38.186256 40.253544 -15.703322 37.590904 40.626102 -11.766315 38.726578 40.626102 -16.075880 38.726578 40.355942 -11.766315 38.186256 40.355942 -11.663916 38.186256 40.626102 -11.393756 38.726578 40.253544 -11.766315 37.590904 41.040947 15.792741 41.527912 39.859844 21.304552 41.527912 39.859844 15.792741 41.527912 41.040947 21.304552 41.527912 35.156578 20.889709 38.726578 35.426735 16.477743 38.186256 35.156578 16.207584 38.726578 35.426735 20.619549 38.186256 41.040947 20.517151 39.165707 41.040947 15.792741 39.165707 41.040947 21.304552 39.165707 35.529137 16.580143 37.590904 35.529137 20.517151 37.590904 34.741734 21.304552 39.165707 34.741734 15.792741 39.165707 35.922836 15.792741 41.527912 34.741734 21.304552 41.527912 34.741734 15.792741 41.527912 35.922836 21.304552 41.527912 39.859844 15.792741 39.953110 35.922836 15.792741 39.953110 40.355942 16.477743 38.186256 40.253544 16.580143 37.590904 40.626102 20.517151 38.726578 40.626102 16.207584 38.726578 40.355942 20.517151 38.186256 40.355942 20.619549 38.186256 40.626102 20.889709 38.726578 40.253544 20.517151 37.590904 35.922836 -0.742692 28.142086 37.891338 -0.447417 28.811756 35.922836 -0.152141 28.300323 37.891338 -0.817791 28.712515 37.891338 -0.231260 29.027912 35.922836 0.280172 28.732637 39.859844 -5.860803 29.323189 37.891338 -5.191133 29.027912 37.891338 -5.270251 29.323189 39.859844 -5.702565 28.732637 39.859844 -0.742692 28.142086 39.859844 -0.152141 28.300323 39.859844 0.280172 28.732637 39.859844 -5.270251 28.300323 37.891338 -4.974976 28.811756 37.891338 -0.152141 29.323189 35.922836 -5.702565 28.732637 35.922836 -5.860803 29.323189 39.859844 -9.797811 29.323189 35.922836 -9.797811 29.323189 35.922836 -4.679700 28.142086 37.891338 -4.604602 28.712515 35.922836 10.516393 28.732637 37.891338 10.084080 29.323189 35.922836 10.674630 29.323189 37.891338 10.004960 29.027912 39.859844 10.674630 29.323189 39.859844 10.516393 28.732637 35.922836 10.084080 28.300323 37.891338 9.788804 28.811756 37.891338 5.045088 29.027912 37.891338 4.965969 29.323189 39.859844 4.533656 28.732637 35.922836 4.533656 28.732637 35.922836 -5.270251 28.300323 39.859844 -4.679700 28.142086 35.922836 -9.797811 26.960983 35.922836 -6.018283 23.772007 35.922836 8.312426 23.417677 35.922836 -3.498598 23.417677 35.922836 10.832110 23.772007 35.922836 -7.908047 24.480669 35.922836 12.721874 24.480669 35.922836 -9.167890 25.543661 35.922836 13.981717 25.543661 35.922836 4.965969 28.300323 35.922836 5.556520 28.142086 35.922836 14.611638 26.960983 35.922836 9.493528 28.142086 35.922836 14.611638 29.323189 39.859844 4.965969 28.300323 37.891338 5.261245 28.811756 39.859844 -9.797811 26.960983 39.859844 -3.498598 23.417677 39.859844 8.312426 23.417677 39.859844 14.611638 29.323189 39.859844 14.611638 26.960983 39.859844 13.981717 25.543661 39.859844 9.493528 28.142086 39.859844 10.084080 28.300323 39.859844 10.832110 23.772007 39.859844 -6.018283 23.772007 39.859844 -7.908047 24.480669 39.859844 12.721874 24.480669 39.859844 5.556520 28.142086 39.859844 -9.167890 25.543661 37.891338 9.418429 28.712515 37.891338 5.631618 28.712515 39.112888 0.832111 34.792259 37.371639 0.832111 35.318027 39.859844 3.981717 34.566719 39.112888 3.981717 34.792259 37.371639 3.981717 35.318027 35.922836 -10.978912 31.685392 39.859844 -10.978912 31.685392 39.859844 15.792741 31.685392 39.859844 4.965969 36.568039 39.859844 4.533656 37.000355 39.859844 5.556520 36.409801 39.859844 15.399040 36.409801 39.859844 15.989592 36.568039 39.859844 17.682505 32.039722 39.859844 16.421906 37.000355 39.859844 16.580143 37.590904 39.859844 20.517151 37.590904 39.859844 19.099827 32.748386 39.859844 20.044710 33.811378 39.859844 20.517151 35.228699 39.859844 -15.230882 33.811378 39.859844 -15.703322 37.590904 39.859844 -15.703322 35.228699 39.859844 -11.766315 37.590904 39.859844 -14.285999 32.748386 39.859844 -12.868676 32.039722 39.859844 -11.608077 37.000355 39.859844 -11.175763 36.568039 39.859844 -10.585212 36.409801 39.859844 -0.742692 36.409801 39.859844 -0.152141 36.568039 39.859844 0.280172 37.000355 35.922836 4.533656 37.000355 35.922836 4.965969 36.568039 35.922836 15.792741 31.685392 35.922836 5.556520 36.409801 35.922836 15.399040 36.409801 35.922836 15.989592 36.568039 35.922836 17.682505 32.039722 35.922836 16.421906 37.000355 35.922836 16.580143 37.590904 35.922836 20.517151 37.590904 35.922836 19.099827 32.748386 35.922836 20.044710 33.811378 35.922836 20.517151 35.228699 35.922836 -11.766315 37.590904 35.922836 -15.703322 35.228699 35.922836 -15.703322 37.590904 35.922836 -15.230882 33.811378 35.922836 -14.285999 32.748386 35.922836 -12.868676 32.039722 35.922836 -11.608077 37.000355 35.922836 -11.175763 36.568039 35.922836 -10.585212 36.409801 35.922836 -0.742692 36.409801 35.922836 -0.152141 36.568039 35.922836 0.280172 37.000355 37.891338 -0.817791 36.980232 37.891338 -10.510114 36.980232 37.891338 -0.231260 37.295628 37.891338 -0.447417 37.079472 37.891338 -0.152141 37.590904 37.891338 -10.880487 37.079472 37.891338 -11.096644 37.295628 37.891338 -11.175763 37.590904 37.891338 5.045088 37.295628 37.891338 4.965969 37.590904 37.891338 15.910472 37.295628 37.891338 15.989592 37.590904 37.891338 15.694316 37.079472 37.891338 15.323941 36.980232 37.891338 5.631618 36.980232 37.891338 5.261245 37.079472 60.328960 3.981717 45.066002 56.391953 3.981717 49.003010 56.391953 3.981717 45.066002 60.328960 3.981717 49.003010 56.391953 0.832111 45.066002 60.328960 0.832111 49.003010 60.328960 0.832111 45.066002 56.391953 0.832111 49.003010 56.391953 -10.978912 45.066002 60.328960 -10.978912 45.066002 60.328960 15.792741 45.066002 60.328960 4.965969 49.948650 60.328960 4.533656 50.380962 60.328960 4.375418 50.971516 60.328960 5.556520 49.790413 60.328960 15.399040 49.790413 60.328960 15.989592 49.948650 60.328960 17.682505 45.420334 60.328960 16.421906 50.380962 60.328960 16.580143 50.971516 60.328960 20.517151 50.971516 60.328960 19.099827 46.128994 60.328960 20.044710 47.191986 60.328960 20.517151 48.609310 60.328960 -15.230882 47.191986 60.328960 -15.703322 50.971516 60.328960 -15.703322 48.609310 60.328960 -11.766315 50.971516 60.328960 -14.285999 46.128994 60.328960 -12.868676 45.420334 60.328960 -11.608077 50.380962 60.328960 -11.175763 49.948650 60.328960 -10.585212 49.790413 60.328960 -0.742692 49.790413 60.328960 -0.152141 49.948650 60.328960 0.280172 50.380962 60.328960 0.438410 50.971516 56.391953 -11.766315 50.971516 56.391953 -15.703322 48.609310 56.391953 -15.703322 50.971516 56.391953 -15.230882 47.191986 56.391953 -14.285999 46.128994 56.391953 -12.868676 45.420334 56.391953 -11.608077 50.380962 56.391953 -11.175763 49.948650 56.391953 -10.585212 49.790413 56.391953 -0.742692 49.790413 56.391953 -0.152141 49.948650 56.391953 0.280172 50.380962 56.391953 0.438410 50.971516 56.391953 4.375418 50.971516 56.391953 4.533656 50.380962 56.391953 4.965969 49.948650 56.391953 15.792741 45.066002 56.391953 5.556520 49.790413 56.391953 15.399040 49.790413 56.391953 15.989592 49.948650 56.391953 17.682505 45.420334 56.391953 16.421906 50.380962 56.391953 16.580143 50.971516 56.391953 20.517151 50.971516 56.391953 19.099827 46.128994 56.391953 20.044710 47.191986 56.391953 20.517151 48.609310 58.360455 -0.817791 50.360840 58.360455 -10.510114 50.360840 58.360455 -0.231260 50.676239 58.360455 -0.447417 50.460083 58.360455 -0.152141 50.971516 58.360455 -10.880487 50.460083 58.360455 -11.096644 50.676239 58.360455 -11.175763 50.971516 58.360455 5.045088 50.676239 58.360455 4.965969 50.971516 58.360455 15.910472 50.676239 58.360455 15.989592 50.971516 58.360455 15.694316 50.460083 58.360455 15.323941 50.360840 58.360455 5.631618 50.360840 58.360455 5.261245 50.460083 "
							            />
						</IndexedFaceSet>
					</Shape>
				</Group>
			</Transform>
		</Transform>
	</Scene>
</X3D>