<?xml version="1.0" encoding="UTF-8"?>
<!DOCTYPE X3D PUBLIC "ISO//Web3D//DTD X3D 3.0//EN" "http://www.web3d.org/specifications/x3d-3.0.dtd">
<X3D version="3.0" profile="Immersive" xmlns:xsd="http://www.w3.org/2001/XMLSchema-instance" xsd:noNamespaceSchemaLocation="http://www.web3d.org/specifications/x3d-3.0.xsd">
	<head>
		<meta name="filename" content="08-1.x3d" />
		<meta name="created" content="2026-06-21 15:09:37" />
		<meta name="generator" content="Blender 4.5.4 LTS" />
		<meta name="translator" content="Web3D X3D/VRML2 format v2.5.1" />
	</head>
	<Scene>
		<NavigationInfo headlight="true"
		                visibilityLimit="0.0"
		                type='"EXAMINE", "ANY"'
		                avatarSize="0.25, 1.75, 0.75"
		                />
		<Background DEF="WO_World"
		            groundColor="0.051 0.051 0.051"
		            skyColor="0.051 0.051 0.051"
		            />
		<Transform DEF="_08-1_TRANSFORM"
		           translation="0.000000 0.000000 0.000000"
		           scale="1.000000 1.000000 1.000000"
		           rotation="0.000000 0.707107 0.707107 3.141593"
		           >
			<Transform DEF="_08-1_ifs_TRANSFORM"
			           translation="0.000000 0.000000 0.000000"
			           scale="1.000000 1.000000 1.000000"
			           rotation="0.000000 1.000000 0.000000 0.000000"
			           >
				<Group DEF="group_ME_08-1_001">
					<Shape>
						<Appearance>
						</Appearance>
						<IndexedFaceSet solid="false"
						                coordIndex="0 1 2 -1 1 0 3 -1 2 4 5 -1 4 2 1 -1 4 6 5 -1 6 4 7 -1 7 8 6 -1 8 7 9 -1 9 0 8 -1 0 9 3 -1 7 3 9 -1 3 7 1 -1 1 7 4 -1 2 8 0 -1 8 2 6 -1 6 2 5 -1 10 11 12 -1 11 10 13 -1 13 10 14 -1 15 16 17 -1 16 15 18 -1 18 15 19 -1 18 14 10 -1 14 18 19 -1 16 10 12 -1 10 16 18 -1 13 17 11 -1 17 13 15 -1 13 19 15 -1 19 13 14 -1 16 11 17 -1 11 16 12 -1 20 21 22 -1 21 20 23 -1 23 20 24 -1 25 26 27 -1 26 25 28 -1 28 25 29 -1 26 20 22 -1 20 26 28 -1 26 21 27 -1 21 26 22 -1 24 25 23 -1 25 24 29 -1 28 24 20 -1 24 28 29 -1 25 21 23 -1 21 25 27 -1 30 31 32 -1 31 30 33 -1 30 34 35 -1 34 30 32 -1 31 34 32 -1 34 31 36 -1 37 34 36 -1 34 37 35 -1 31 37 36 -1 37 31 33 -1 37 30 35 -1 30 37 33 -1 38 39 40 -1 40 41 38 -1 42 38 41 -1 41 43 42 -1 44 45 46 -1 46 47 44 -1 46 45 48 -1 48 49 46 -1 38 42 48 -1 48 45 38 -1 45 39 38 -1 45 44 39 -1 50 51 52 -1 52 53 50 -1 54 55 50 -1 50 53 54 -1 56 55 54 -1 54 57 56 -1 58 59 56 -1 56 57 58 -1 60 59 58 -1 58 61 60 -1 40 39 60 -1 60 61 40 -1 52 51 44 -1 44 47 52 -1 56 59 50 -1 50 55 56 -1 60 39 44 -1 44 51 60 -1 51 59 60 -1 51 50 59 -1 54 53 58 -1 58 57 54 -1 52 47 40 -1 40 61 52 -1 61 53 52 -1 61 58 53 -1 46 49 62 -1 62 63 46 -1 63 43 46 -1 43 41 46 -1 41 47 46 -1 41 40 47 -1 62 64 65 -1 65 63 62 -1 65 64 66 -1 66 67 65 -1 68 69 70 -1 70 71 68 -1 70 72 71 -1 72 73 71 -1 73 74 71 -1 75 70 69 -1 62 49 76 -1 43 63 77 -1 48 42 76 -1 76 49 48 -1 42 77 76 -1 42 43 77 -1 73 72 77 -1 77 63 73 -1 63 65 73 -1 73 78 79 -1 79 74 73 -1 80 81 82 -1 82 83 80 -1 82 84 83 -1 84 85 83 -1 85 86 83 -1 87 82 81 -1 79 78 88 -1 89 90 91 -1 91 92 89 -1 91 93 92 -1 93 88 92 -1 93 79 88 -1 85 84 88 -1 88 78 85 -1 94 95 96 -1 96 97 94 -1 97 98 94 -1 97 99 98 -1 100 98 99 -1 99 101 100 -1 101 102 100 -1 101 103 102 -1 103 104 102 -1 101 105 103 -1 103 106 104 -1 105 107 108 -1 108 103 105 -1 107 109 108 -1 110 104 111 -1 111 112 110 -1 111 113 112 -1 113 109 112 -1 109 107 112 -1 106 111 104 -1 114 115 116 -1 117 118 119 -1 119 120 117 -1 119 121 120 -1 121 116 120 -1 121 114 116 -1 109 113 116 -1 116 115 109 -1 115 122 109 -1 77 72 70 -1 70 76 77 -1 88 84 82 -1 82 92 88 -1 116 113 111 -1 111 120 116 -1 69 90 89 -1 89 75 69 -1 62 76 70 -1 70 75 62 -1 75 64 62 -1 81 118 117 -1 117 87 81 -1 89 92 82 -1 82 87 89 -1 85 115 114 -1 114 86 85 -1 117 120 111 -1 111 106 117 -1 69 68 91 -1 91 90 69 -1 81 80 119 -1 119 118 81 -1 71 93 91 -1 91 68 71 -1 83 121 119 -1 119 80 83 -1 79 93 71 -1 71 74 79 -1 114 121 83 -1 83 86 114 -1 123 122 115 -1 115 85 123 -1 85 78 123 -1 78 73 123 -1 73 65 123 -1 65 67 123 -1 124 108 109 -1 109 122 124 -1 122 123 124 -1 123 125 124 -1 123 126 125 -1 123 127 126 -1 66 64 75 -1 75 89 66 -1 89 87 66 -1 87 117 66 -1 117 106 66 -1 106 103 66 -1 103 128 66 -1 128 129 66 -1 129 130 66 -1 130 131 66 -1 104 110 132 -1 132 133 104 -1 133 134 104 -1 134 102 104 -1 66 131 127 -1 127 123 66 -1 123 67 66 -1 105 135 136 -1 136 137 112 -1 112 107 136 -1 107 105 136 -1 137 132 110 -1 110 112 137 -1 126 130 129 -1 129 125 126 -1 127 131 130 -1 130 126 127 -1 100 138 139 -1 139 98 100 -1 135 134 133 -1 133 136 135 -1 140 95 141 -1 141 142 140 -1 143 142 141 -1 141 144 143 -1 140 142 145 -1 145 96 140 -1 105 101 146 -1 100 102 134 -1 134 138 100 -1 134 135 138 -1 135 146 138 -1 135 105 146 -1 147 148 149 -1 149 150 147 -1 145 151 152 -1 152 148 145 -1 148 96 145 -1 148 147 97 -1 97 96 148 -1 152 153 149 -1 149 148 152 -1 124 128 103 -1 103 108 124 -1 145 142 143 -1 143 151 145 -1 99 154 146 -1 146 101 99 -1 136 133 132 -1 132 137 136 -1 96 95 140 -1 151 143 144 -1 144 152 151 -1 144 153 152 -1 146 154 139 -1 139 138 146 -1 125 129 128 -1 128 124 125 -1 150 94 139 -1 139 147 150 -1 139 154 147 -1 154 99 147 -1 99 97 147 -1 98 139 94 -1 94 150 149 -1 153 144 141 -1 141 149 153 -1 141 95 149 -1 95 94 149 -1 155 156 157 -1 156 155 158 -1 159 156 158 -1 156 159 160 -1 159 161 160 -1 161 159 162 -1 161 155 157 -1 155 161 162 -1 155 159 158 -1 159 155 162 -1 161 156 160 -1 156 161 157 -1 163 164 165 -1 164 163 166 -1 167 164 166 -1 164 167 168 -1 163 167 166 -1 167 163 169 -1 170 163 165 -1 163 170 169 -1 170 164 168 -1 164 170 165 -1 167 170 168 -1 170 167 169 -1 171 172 173 -1 172 171 174 -1 174 171 175 -1 175 171 176 -1 176 171 177 -1 178 172 174 -1 173 179 171 -1 179 173 180 -1 181 176 177 -1 176 181 182 -1 168 174 175 -1 174 168 164 -1 183 172 178 -1 172 183 184 -1 174 183 178 -1 183 174 164 -1 168 176 182 -1 176 168 175 -1 181 168 182 -1 183 180 184 -1 180 183 164 -1 180 164 179 -1 179 164 168 -1 179 168 181 -1 171 181 177 -1 181 171 179 -1 180 172 184 -1 172 180 173 -1 185 186 187 -1 186 185 188 -1 189 175 176 -1 175 189 190 -1 182 189 176 -1 189 182 191 -1 192 182 168 -1 182 192 191 -1 175 182 176 -1 182 175 168 -1 193 194 195 -1 194 193 189 -1 189 193 190 -1 194 191 196 -1 191 194 189 -1 196 191 192 -1 164 197 198 -1 197 164 183 -1 197 178 199 -1 178 197 183 -1 178 200 199 -1 200 178 174 -1 164 178 183 -1 178 164 174 -1 194 185 187 -1 185 194 196 -1 201 202 203 -1 202 201 204 -1 205 201 206 -1 201 205 204 -1 186 201 187 -1 201 186 206 -1 194 207 195 -1 207 194 203 -1 203 194 187 -1 203 187 201 -1 193 207 208 -1 207 193 195 -1 186 205 206 -1 205 186 188 -1 205 185 204 -1 185 205 188 -1 202 164 198 -1 164 202 168 -1 168 202 192 -1 192 202 196 -1 196 202 204 -1 196 204 185 -1 164 175 174 -1 175 164 168 -1 200 193 208 -1 193 200 190 -1 190 200 174 -1 190 174 175 -1 202 207 203 -1 207 202 197 -1 197 202 198 -1 207 199 208 -1 199 207 197 -1 208 199 200 -1 209 210 211 -1 211 212 209 -1 47 210 209 -1 209 52 47 -1 213 214 215 -1 215 216 213 -1 61 216 215 -1 215 40 61 -1 217 38 214 -1 214 213 217 -1 218 59 56 -1 219 220 221 -1 221 222 219 -1 61 58 59 -1 59 216 61 -1 216 59 217 -1 217 213 216 -1 45 211 223 -1 47 224 223 -1 223 211 47 -1 211 210 47 -1 221 225 226 -1 226 222 221 -1 57 54 55 -1 55 56 57 -1 53 50 55 -1 55 54 53 -1 53 52 209 -1 212 227 50 -1 50 209 212 -1 50 53 209 -1 211 45 227 -1 227 212 211 -1 40 215 214 -1 214 219 40 -1 214 38 219 -1 38 220 219 -1 57 58 61 -1 226 224 47 -1 47 52 226 -1 52 53 226 -1 53 54 226 -1 54 57 226 -1 61 40 219 -1 219 222 61 -1 222 57 61 -1 222 226 57 -1 55 50 227 -1 221 220 38 -1 38 217 221 -1 217 59 221 -1 59 218 221 -1 218 55 221 -1 45 223 225 -1 225 227 45 -1 225 55 227 -1 225 221 55 -1 55 218 56 -1 226 225 223 -1 223 224 226 -1 228 186 187 -1 29 229 230 -1 229 29 231 -1 194 232 233 -1 232 194 196 -1 196 187 185 -1 187 196 194 -1 234 235 24 -1 235 234 236 -1 229 237 238 -1 237 229 231 -1 188 206 205 -1 206 188 186 -1 204 206 201 -1 206 204 205 -1 204 203 202 -1 203 204 201 -1 234 203 236 -1 203 234 202 -1 29 233 232 -1 233 29 230 -1 188 196 185 -1 237 234 24 -1 234 237 202 -1 202 237 204 -1 204 237 205 -1 205 237 188 -1 196 29 232 -1 29 196 231 -1 231 196 188 -1 231 188 237 -1 206 203 201 -1 229 233 230 -1 233 229 194 -1 194 229 187 -1 187 229 228 -1 228 229 206 -1 236 238 235 -1 238 236 203 -1 238 203 206 -1 238 206 229 -1 206 186 228 -1 237 235 238 -1 235 237 24 -1 239 240 241 -1 240 239 233 -1 242 236 243 -1 236 242 244 -1 245 246 247 -1 246 245 248 -1 246 248 243 -1 243 248 242 -1 242 248 249 -1 250 247 246 -1 251 252 253 -1 252 251 254 -1 255 256 257 -1 256 255 258 -1 259 254 251 -1 254 259 260 -1 261 262 248 -1 262 261 263 -1 262 263 264 -1 248 265 249 -1 265 248 262 -1 249 265 266 -1 267 252 268 -1 252 267 253 -1 255 254 260 -1 254 255 252 -1 252 255 268 -1 260 258 255 -1 258 260 259 -1 245 269 257 -1 269 245 270 -1 267 251 253 -1 251 267 259 -1 259 267 258 -1 271 263 272 -1 263 271 264 -1 245 240 270 -1 240 245 247 -1 240 247 241 -1 270 273 272 -1 273 270 240 -1 272 273 271 -1 242 266 244 -1 266 242 249 -1 247 239 241 -1 239 247 250 -1 263 270 272 -1 270 263 261 -1 274 268 269 -1 268 274 267 -1 257 268 255 -1 268 257 269 -1 261 269 270 -1 269 261 274 -1 274 258 267 -1 258 274 256 -1 246 236 233 -1 236 246 243 -1 240 262 273 -1 262 240 265 -1 265 240 233 -1 265 233 236 -1 266 236 244 -1 236 266 265 -1 239 246 233 -1 246 239 250 -1 262 271 273 -1 271 262 264 -1 257 248 245 -1 248 257 256 -1 261 256 274 -1 256 261 248 -1 275 276 277 -1 276 275 278 -1 279 280 281 -1 280 279 282 -1 283 284 285 -1 284 283 286 -1 284 286 281 -1 281 286 279 -1 279 286 287 -1 288 285 284 -1 289 290 291 -1 290 289 292 -1 293 294 295 -1 294 293 296 -1 297 292 289 -1 292 297 298 -1 299 300 286 -1 300 299 301 -1 300 301 302 -1 286 303 287 -1 303 286 300 -1 287 303 304 -1 305 290 306 -1 290 305 291 -1 293 292 298 -1 292 293 290 -1 290 293 306 -1 298 296 293 -1 296 298 297 -1 283 307 295 -1 307 283 308 -1 305 289 291 -1 289 305 297 -1 297 305 296 -1 309 301 310 -1 301 309 302 -1 283 276 308 -1 276 283 285 -1 276 285 277 -1 308 311 310 -1 311 308 276 -1 310 311 309 -1 279 304 282 -1 304 279 287 -1 285 275 277 -1 275 285 288 -1 301 308 310 -1 308 301 299 -1 312 306 307 -1 306 312 305 -1 295 306 293 -1 306 295 307 -1 299 307 308 -1 307 299 312 -1 312 296 305 -1 296 312 294 -1 284 280 278 -1 280 284 281 -1 276 300 311 -1 300 276 303 -1 303 276 278 -1 303 278 280 -1 304 280 282 -1 280 304 303 -1 275 284 278 -1 284 275 288 -1 300 309 311 -1 309 300 302 -1 295 286 283 -1 286 295 294 -1 299 294 312 -1 294 299 286 -1 313 314 315 -1 314 313 316 -1 317 318 319 -1 318 317 320 -1 321 313 322 -1 313 321 316 -1 316 321 323 -1 320 324 318 -1 324 320 325 -1 326 319 327 -1 319 326 317 -1 328 329 330 -1 329 328 331 -1 326 332 323 -1 332 326 329 -1 332 329 331 -1 323 333 316 -1 333 323 332 -1 316 333 314 -1 314 238 315 -1 238 314 333 -1 238 332 235 -1 332 238 333 -1 334 324 335 -1 324 334 318 -1 334 336 337 -1 336 334 338 -1 336 338 339 -1 336 339 340 -1 337 318 334 -1 318 337 319 -1 332 328 235 -1 328 332 331 -1 337 321 322 -1 321 337 336 -1 321 336 340 -1 321 340 323 -1 317 339 320 -1 339 317 340 -1 326 340 317 -1 340 326 323 -1 335 338 334 -1 338 335 341 -1 338 341 339 -1 322 238 327 -1 238 322 313 -1 238 313 315 -1 327 235 330 -1 235 327 238 -1 330 235 328 -1 341 324 325 -1 324 341 335 -1 322 319 337 -1 319 322 327 -1 329 327 330 -1 327 329 326 -1 320 341 325 -1 341 320 339 -1 342 343 344 -1 343 342 345 -1 343 345 346 -1 347 348 102 -1 348 347 349 -1 350 351 352 -1 351 350 353 -1 354 355 356 -1 355 354 357 -1 358 359 360 -1 359 358 361 -1 362 352 363 -1 352 362 350 -1 364 350 365 -1 350 364 353 -1 359 343 346 -1 343 359 366 -1 367 368 369 -1 368 367 370 -1 371 372 373 -1 372 371 374 -1 375 376 367 -1 376 375 97 -1 377 378 379 -1 378 377 380 -1 359 345 360 -1 345 359 346 -1 349 94 348 -1 94 349 381 -1 382 361 358 -1 361 382 383 -1 100 94 98 -1 94 100 102 -1 94 102 348 -1 384 355 385 -1 355 384 356 -1 386 387 388 -1 387 386 389 -1 370 390 391 -1 390 370 392 -1 393 370 391 -1 370 393 368 -1 364 385 353 -1 385 364 384 -1 365 362 394 -1 362 365 350 -1 349 363 381 -1 363 349 362 -1 393 383 382 -1 383 393 391 -1 354 395 357 -1 395 354 380 -1 380 354 378 -1 396 377 379 -1 377 396 397 -1 398 389 386 -1 389 398 399 -1 400 399 398 -1 399 400 401 -1 355 402 385 -1 402 355 403 -1 367 392 370 -1 392 367 376 -1 394 349 347 -1 349 394 362 -1 361 404 405 -1 404 361 383 -1 388 374 371 -1 374 388 387 -1 385 351 353 -1 351 385 402 -1 397 401 400 -1 401 397 396 -1 361 366 359 -1 366 361 405 -1 344 404 406 -1 404 344 405 -1 405 344 366 -1 366 344 343 -1 373 388 371 -1 388 373 386 -1 386 373 407 -1 386 407 398 -1 398 407 408 -1 398 408 400 -1 400 408 409 -1 400 409 154 -1 154 409 390 -1 154 390 392 -1 154 392 376 -1 154 376 99 -1 390 409 406 -1 390 406 404 -1 99 376 97 -1 400 139 397 -1 139 400 154 -1 397 139 352 -1 352 139 363 -1 363 139 381 -1 381 139 98 -1 397 352 377 -1 381 98 94 -1 377 351 380 -1 351 377 352 -1 380 351 402 -1 380 402 403 -1 380 403 395 -1 383 390 404 -1 390 383 391 -1 357 403 355 -1 403 357 395 -1 375 369 105 -1 369 375 367 -1 344 410 342 -1 410 344 406 -1 408 411 409 -1 411 408 412 -1 406 411 410 -1 411 406 409 -1 98 138 100 -1 138 98 139 -1 378 364 379 -1 364 378 384 -1 384 378 356 -1 356 378 354 -1 389 374 387 -1 374 389 372 -1 372 389 399 -1 372 399 413 -1 413 399 401 -1 413 401 412 -1 412 401 396 -1 412 396 138 -1 138 396 365 -1 138 365 394 -1 138 394 347 -1 138 347 100 -1 365 396 379 -1 365 379 364 -1 100 347 102 -1 412 146 411 -1 146 412 138 -1 411 146 393 -1 393 146 368 -1 368 146 369 -1 369 146 101 -1 411 393 410 -1 369 101 105 -1 410 382 342 -1 382 410 393 -1 342 382 358 -1 342 358 360 -1 342 360 345 -1 105 97 375 -1 97 105 99 -1 99 105 101 -1 373 413 407 -1 413 373 372 -1 407 412 408 -1 412 407 413 -1 414 415 416 -1 415 414 417 -1 418 419 420 -1 419 418 421 -1 422 414 423 -1 414 422 417 -1 417 422 424 -1 421 425 419 -1 425 421 426 -1 427 420 428 -1 420 427 418 -1 429 430 431 -1 430 429 432 -1 427 230 424 -1 230 427 430 -1 230 430 432 -1 424 229 417 -1 229 424 230 -1 417 229 415 -1 415 433 416 -1 433 415 229 -1 433 230 434 -1 230 433 229 -1 435 425 436 -1 425 435 419 -1 435 437 438 -1 437 435 439 -1 437 439 440 -1 437 440 441 -1 438 419 435 -1 419 438 420 -1 230 429 434 -1 429 230 432 -1 438 422 423 -1 422 438 437 -1 422 437 441 -1 422 441 424 -1 418 440 421 -1 440 418 441 -1 427 441 418 -1 441 427 424 -1 436 439 435 -1 439 436 442 -1 439 442 440 -1 423 433 428 -1 433 423 414 -1 433 414 416 -1 428 434 431 -1 434 428 433 -1 431 434 429 -1 442 425 426 -1 425 442 436 -1 423 420 438 -1 420 423 428 -1 430 428 431 -1 428 430 427 -1 421 442 426 -1 442 421 440 -1 443 444 445 -1 444 443 446 -1 447 448 449 -1 448 447 450 -1 451 443 452 -1 443 451 446 -1 446 451 453 -1 450 454 448 -1 454 450 455 -1 456 449 457 -1 449 456 447 -1 458 459 460 -1 459 458 461 -1 456 462 453 -1 462 456 459 -1 462 459 461 -1 453 463 446 -1 463 453 462 -1 446 463 444 -1 444 223 445 -1 223 444 463 -1 223 462 225 -1 462 223 463 -1 464 454 465 -1 454 464 448 -1 464 466 467 -1 466 464 468 -1 466 468 469 -1 466 469 470 -1 467 448 464 -1 448 467 449 -1 462 458 225 -1 458 462 461 -1 467 451 452 -1 451 467 466 -1 451 466 470 -1 451 470 453 -1 447 469 450 -1 469 447 470 -1 456 470 447 -1 470 456 453 -1 465 468 464 -1 468 465 471 -1 468 471 469 -1 452 223 457 -1 223 452 443 -1 223 443 445 -1 457 225 460 -1 225 457 223 -1 460 225 458 -1 471 454 455 -1 454 471 465 -1 452 449 467 -1 449 452 457 -1 459 457 460 -1 457 459 456 -1 450 471 455 -1 471 450 469 -1 472 473 474 -1 473 472 475 -1 476 477 478 -1 477 476 479 -1 480 472 481 -1 472 480 475 -1 475 480 482 -1 479 483 477 -1 483 479 484 -1 485 478 486 -1 478 485 476 -1 487 488 489 -1 488 487 490 -1 485 221 482 -1 221 485 488 -1 221 488 490 -1 482 220 475 -1 220 482 221 -1 475 220 473 -1 473 491 474 -1 491 473 220 -1 491 221 492 -1 221 491 220 -1 493 483 494 -1 483 493 477 -1 493 495 496 -1 495 493 497 -1 495 497 498 -1 495 498 499 -1 496 477 493 -1 477 496 478 -1 221 487 492 -1 487 221 490 -1 496 480 481 -1 480 496 495 -1 480 495 499 -1 480 499 482 -1 476 498 479 -1 498 476 499 -1 485 499 476 -1 499 485 482 -1 494 497 493 -1 497 494 500 -1 497 500 498 -1 481 491 486 -1 491 481 472 -1 491 472 474 -1 486 492 489 -1 492 486 491 -1 489 492 487 -1 500 483 484 -1 483 500 494 -1 481 478 496 -1 478 481 486 -1 488 486 489 -1 486 488 485 -1 479 500 484 -1 500 479 498 -1 501 502 503 -1 502 501 504 -1 502 504 505 -1 506 507 508 -1 507 506 509 -1 510 511 512 -1 511 510 513 -1 514 515 516 -1 515 514 517 -1 518 519 520 -1 519 518 521 -1 522 512 523 -1 512 522 510 -1 524 510 525 -1 510 524 513 -1 519 502 505 -1 502 519 526 -1 527 528 529 -1 528 527 530 -1 531 532 533 -1 532 531 534 -1 535 536 527 -1 536 535 537 -1 538 539 540 -1 539 538 541 -1 519 504 520 -1 504 519 505 -1 509 542 507 -1 542 509 543 -1 544 521 518 -1 521 544 545 -1 546 542 547 -1 542 546 508 -1 542 508 507 -1 548 515 549 -1 515 548 516 -1 550 551 552 -1 551 550 553 -1 530 554 555 -1 554 530 556 -1 557 530 555 -1 530 557 528 -1 524 549 513 -1 549 524 548 -1 525 522 558 -1 522 525 510 -1 509 523 543 -1 523 509 522 -1 557 545 544 -1 545 557 555 -1 514 559 517 -1 559 514 541 -1 541 514 539 -1 560 538 540 -1 538 560 561 -1 562 553 550 -1 553 562 563 -1 564 563 562 -1 563 564 565 -1 515 566 549 -1 566 515 567 -1 527 556 530 -1 556 527 536 -1 558 509 506 -1 509 558 522 -1 521 568 569 -1 568 521 545 -1 552 534 531 -1 534 552 551 -1 549 511 513 -1 511 549 566 -1 561 565 564 -1 565 561 560 -1 521 526 519 -1 526 521 569 -1 503 568 570 -1 568 503 569 -1 569 503 526 -1 526 503 502 -1 533 552 531 -1 552 533 550 -1 550 533 571 -1 550 571 562 -1 562 571 572 -1 562 572 564 -1 564 572 573 -1 564 573 574 -1 574 573 554 -1 574 554 556 -1 574 556 536 -1 574 536 575 -1 554 573 570 -1 554 570 568 -1 575 536 537 -1 564 576 561 -1 576 564 574 -1 561 576 512 -1 512 576 523 -1 523 576 543 -1 543 576 547 -1 561 512 538 -1 543 547 542 -1 538 511 541 -1 511 538 512 -1 541 511 566 -1 541 566 567 -1 541 567 559 -1 545 554 568 -1 554 545 555 -1 517 567 515 -1 567 517 559 -1 535 529 577 -1 529 535 527 -1 503 578 501 -1 578 503 570 -1 572 579 573 -1 579 572 580 -1 570 579 578 -1 579 570 573 -1 547 581 546 -1 581 547 576 -1 539 524 540 -1 524 539 548 -1 548 539 516 -1 516 539 514 -1 553 534 551 -1 534 553 532 -1 532 553 563 -1 532 563 582 -1 582 563 565 -1 582 565 580 -1 580 565 560 -1 580 560 581 -1 581 560 525 -1 581 525 558 -1 581 558 506 -1 581 506 546 -1 525 560 540 -1 525 540 524 -1 546 506 508 -1 580 583 579 -1 583 580 581 -1 579 583 557 -1 557 583 528 -1 528 583 529 -1 529 583 584 -1 579 557 578 -1 529 584 577 -1 578 544 501 -1 544 578 557 -1 501 544 518 -1 501 518 520 -1 501 520 504 -1 577 537 535 -1 537 577 575 -1 575 577 584 -1 533 582 571 -1 582 533 532 -1 583 576 574 -1 576 583 581 -1 571 580 572 -1 580 571 582 -1 583 575 584 -1 575 583 574 -1 62 585 76 -1 585 62 586 -1 586 70 585 -1 70 586 75 -1 587 586 62 -1 586 587 5 -1 586 5 75 -1 585 588 76 -1 588 585 589 -1 589 585 70 -1 5 590 591 -1 590 5 587 -1 592 590 593 -1 590 592 591 -1 594 588 595 -1 62 590 587 -1 590 62 76 -1 590 76 593 -1 593 76 588 -1 593 588 594 -1 595 4 594 -1 4 595 596 -1 594 592 593 -1 592 594 4 -1 591 70 5 -1 70 591 592 -1 70 592 589 -1 589 592 596 -1 596 592 4 -1 75 5 70 -1 596 588 589 -1 588 596 595 -1 117 597 120 -1 597 117 598 -1 598 111 597 -1 111 598 106 -1 14 598 117 -1 598 14 599 -1 598 599 106 -1 597 600 120 -1 600 597 601 -1 601 597 111 -1 599 602 603 -1 602 599 14 -1 604 602 605 -1 602 604 603 -1 19 600 606 -1 117 602 14 -1 602 117 120 -1 602 120 605 -1 605 120 600 -1 605 600 19 -1 606 607 19 -1 607 606 608 -1 19 604 605 -1 604 19 607 -1 603 111 599 -1 111 603 604 -1 111 604 601 -1 601 604 608 -1 608 604 607 -1 106 599 111 -1 608 600 601 -1 600 608 606 -1 89 609 92 -1 609 89 610 -1 610 82 609 -1 82 610 87 -1 611 610 89 -1 610 611 612 -1 610 612 87 -1 609 613 92 -1 613 609 614 -1 614 609 82 -1 612 615 616 -1 615 612 611 -1 617 615 618 -1 615 617 616 -1 619 613 620 -1 89 615 611 -1 615 89 92 -1 615 92 618 -1 618 92 613 -1 618 613 619 -1 620 621 619 -1 621 620 622 -1 619 617 618 -1 617 619 621 -1 616 82 612 -1 82 616 617 -1 82 617 614 -1 614 617 622 -1 622 617 621 -1 87 612 82 -1 622 613 614 -1 613 622 620 -1 623 624 625 -1 624 623 626 -1 627 628 629 -1 628 627 630 -1 631 623 632 -1 623 631 626 -1 626 631 633 -1 630 634 628 -1 634 630 635 -1 636 629 637 -1 629 636 627 -1 638 639 640 -1 639 638 641 -1 636 642 633 -1 642 636 639 -1 642 639 641 -1 633 643 626 -1 643 633 642 -1 626 643 624 -1 624 603 625 -1 603 624 643 -1 603 642 602 -1 642 603 643 -1 644 634 645 -1 634 644 628 -1 644 646 647 -1 646 644 648 -1 646 648 649 -1 646 649 650 -1 647 628 644 -1 628 647 629 -1 642 638 602 -1 638 642 641 -1 647 631 632 -1 631 647 646 -1 631 646 650 -1 631 650 633 -1 627 649 630 -1 649 627 650 -1 636 650 627 -1 650 636 633 -1 645 648 644 -1 648 645 651 -1 648 651 649 -1 632 603 637 -1 603 632 623 -1 603 623 625 -1 637 602 640 -1 602 637 603 -1 640 602 638 -1 651 634 635 -1 634 651 645 -1 632 629 647 -1 629 632 637 -1 639 637 640 -1 637 639 636 -1 630 651 635 -1 651 630 649 -1 652 653 654 -1 653 652 655 -1 656 657 658 -1 657 656 659 -1 660 652 661 -1 652 660 655 -1 655 660 662 -1 659 663 657 -1 663 659 664 -1 665 658 666 -1 658 665 656 -1 667 668 669 -1 668 667 670 -1 665 671 662 -1 671 665 668 -1 671 668 670 -1 662 672 655 -1 672 662 671 -1 655 672 653 -1 653 616 654 -1 616 653 672 -1 616 671 615 -1 671 616 672 -1 673 663 674 -1 663 673 657 -1 673 675 676 -1 675 673 677 -1 675 677 678 -1 675 678 679 -1 676 657 673 -1 657 676 658 -1 671 667 615 -1 667 671 670 -1 676 660 661 -1 660 676 675 -1 660 675 679 -1 660 679 662 -1 656 678 659 -1 678 656 679 -1 665 679 656 -1 679 665 662 -1 674 677 673 -1 677 674 680 -1 677 680 678 -1 661 616 666 -1 616 661 652 -1 616 652 654 -1 666 615 669 -1 615 666 616 -1 669 615 667 -1 680 663 664 -1 663 680 674 -1 661 658 676 -1 658 661 666 -1 668 666 669 -1 666 668 665 -1 659 680 664 -1 680 659 678 -1 681 682 683 -1 682 681 684 -1 685 686 687 -1 686 685 688 -1 689 681 690 -1 681 689 684 -1 684 689 691 -1 688 692 686 -1 692 688 693 -1 694 687 695 -1 687 694 685 -1 696 697 698 -1 697 696 699 -1 694 700 691 -1 700 694 697 -1 700 697 699 -1 691 701 684 -1 701 691 700 -1 684 701 682 -1 682 591 683 -1 591 682 701 -1 591 700 590 -1 700 591 701 -1 702 692 703 -1 692 702 686 -1 702 704 705 -1 704 702 706 -1 704 706 707 -1 704 707 708 -1 705 686 702 -1 686 705 687 -1 700 696 590 -1 696 700 699 -1 705 689 690 -1 689 705 704 -1 689 704 708 -1 689 708 691 -1 685 707 688 -1 707 685 708 -1 694 708 685 -1 708 694 691 -1 703 706 702 -1 706 703 709 -1 706 709 707 -1 690 591 695 -1 591 690 681 -1 591 681 683 -1 695 590 698 -1 590 695 591 -1 698 590 696 -1 709 692 693 -1 692 709 703 -1 690 687 705 -1 687 690 695 -1 697 695 698 -1 695 697 694 -1 688 709 693 -1 709 688 707 -1 710 711 712 -1 711 710 713 -1 714 715 716 -1 715 714 717 -1 718 710 719 -1 710 718 713 -1 713 718 720 -1 717 721 715 -1 721 717 722 -1 723 716 724 -1 716 723 714 -1 725 726 727 -1 726 725 728 -1 723 605 720 -1 605 723 726 -1 605 726 728 -1 720 604 713 -1 604 720 605 -1 713 604 711 -1 711 729 712 -1 729 711 604 -1 729 605 730 -1 605 729 604 -1 731 721 732 -1 721 731 715 -1 731 733 734 -1 733 731 735 -1 733 735 736 -1 733 736 737 -1 734 715 731 -1 715 734 716 -1 605 725 730 -1 725 605 728 -1 734 718 719 -1 718 734 733 -1 718 733 737 -1 718 737 720 -1 714 736 717 -1 736 714 737 -1 723 737 714 -1 737 723 720 -1 732 735 731 -1 735 732 738 -1 735 738 736 -1 719 729 724 -1 729 719 710 -1 729 710 712 -1 724 730 727 -1 730 724 729 -1 727 730 725 -1 738 721 722 -1 721 738 732 -1 719 716 734 -1 716 719 724 -1 726 724 727 -1 724 726 723 -1 717 738 722 -1 738 717 736 -1 739 740 741 -1 740 739 742 -1 743 744 745 -1 744 743 746 -1 747 739 748 -1 739 747 742 -1 742 747 749 -1 746 750 744 -1 750 746 751 -1 752 745 753 -1 745 752 743 -1 754 755 756 -1 755 754 757 -1 752 618 749 -1 618 752 755 -1 618 755 757 -1 749 617 742 -1 617 749 618 -1 742 617 740 -1 740 758 741 -1 758 740 617 -1 758 618 759 -1 618 758 617 -1 760 750 761 -1 750 760 744 -1 760 762 763 -1 762 760 764 -1 762 764 765 -1 762 765 766 -1 763 744 760 -1 744 763 745 -1 618 754 759 -1 754 618 757 -1 763 747 748 -1 747 763 762 -1 747 762 766 -1 747 766 749 -1 743 765 746 -1 765 743 766 -1 752 766 743 -1 766 752 749 -1 761 764 760 -1 764 761 767 -1 764 767 765 -1 748 758 753 -1 758 748 739 -1 758 739 741 -1 753 759 756 -1 759 753 758 -1 756 759 754 -1 767 750 751 -1 750 767 761 -1 748 745 763 -1 745 748 753 -1 755 753 756 -1 753 755 752 -1 746 767 751 -1 767 746 765 -1 768 769 770 -1 769 768 771 -1 772 773 774 -1 773 772 775 -1 776 768 777 -1 768 776 771 -1 771 776 778 -1 775 779 773 -1 779 775 780 -1 781 774 782 -1 774 781 772 -1 783 784 785 -1 784 783 786 -1 781 593 778 -1 593 781 784 -1 593 784 786 -1 778 592 771 -1 592 778 593 -1 771 592 769 -1 769 787 770 -1 787 769 592 -1 787 593 788 -1 593 787 592 -1 789 779 790 -1 779 789 773 -1 789 791 792 -1 791 789 793 -1 791 793 794 -1 791 794 795 -1 792 773 789 -1 773 792 774 -1 593 783 788 -1 783 593 786 -1 792 776 777 -1 776 792 791 -1 776 791 795 -1 776 795 778 -1 772 794 775 -1 794 772 795 -1 781 795 772 -1 795 781 778 -1 790 793 789 -1 793 790 796 -1 793 796 794 -1 777 787 782 -1 787 777 768 -1 787 768 770 -1 782 788 785 -1 788 782 787 -1 785 788 783 -1 796 779 780 -1 779 796 790 -1 777 774 792 -1 774 777 782 -1 784 782 785 -1 782 784 781 -1 775 796 780 -1 796 775 794 -1 797 798 799 -1 800 801 802 -1 801 800 798 -1 798 800 799 -1 803 802 801 -1 804 798 797 -1 798 804 805 -1 806 807 808 -1 807 806 809 -1 810 811 812 -1 811 810 813 -1 810 814 815 -1 814 810 812 -1 816 810 817 -1 810 816 813 -1 808 813 816 -1 813 808 807 -1 813 818 811 -1 818 813 807 -1 817 815 819 -1 815 817 810 -1 820 821 809 -1 821 820 822 -1 823 824 825 -1 824 823 826 -1 827 820 828 -1 820 827 824 -1 825 827 829 -1 827 825 824 -1 824 822 820 -1 822 824 826 -1 830 831 832 -1 831 830 833 -1 829 823 825 -1 823 829 834 -1 834 829 835 -1 836 798 805 -1 798 836 801 -1 801 836 837 -1 837 836 838 -1 838 836 839 -1 838 839 840 -1 840 839 841 -1 840 841 842 -1 842 841 843 -1 842 843 844 -1 844 843 845 -1 845 843 806 -1 806 843 835 -1 806 835 828 -1 828 835 827 -1 827 835 829 -1 845 817 846 -1 817 845 816 -1 816 845 808 -1 808 845 806 -1 846 817 819 -1 847 848 849 -1 848 847 850 -1 850 847 851 -1 850 851 852 -1 844 853 854 -1 853 844 847 -1 847 844 845 -1 853 847 849 -1 854 853 855 -1 854 855 856 -1 854 856 857 -1 807 821 818 -1 821 807 809 -1 806 820 809 -1 820 806 828 -1 852 830 832 -1 830 852 858 -1 858 852 851 -1 859 838 860 -1 838 859 837 -1 847 861 862 -1 861 847 845 -1 862 851 847 -1 851 862 858 -1 860 803 859 -1 803 860 802 -1 802 860 863 -1 802 863 864 -1 802 864 865 -1 802 865 800 -1 800 865 799 -1 799 804 797 -1 804 799 866 -1 866 799 867 -1 867 799 868 -1 868 799 869 -1 869 799 865 -1 869 865 862 -1 862 865 870 -1 870 865 871 -1 870 871 872 -1 872 871 873 -1 873 871 874 -1 862 833 858 -1 833 862 875 -1 875 862 876 -1 876 862 870 -1 858 833 830 -1 861 811 818 -1 811 861 812 -1 812 861 877 -1 812 877 814 -1 869 821 834 -1 821 869 861 -1 861 869 862 -1 821 861 818 -1 834 821 822 -1 834 822 826 -1 834 826 823 -1 846 814 877 -1 814 846 819 -1 814 819 815 -1 877 845 846 -1 845 877 861 -1 856 878 857 -1 878 856 879 -1 855 879 856 -1 879 855 880 -1 853 880 855 -1 880 853 881 -1 849 881 853 -1 881 849 882 -1 849 883 882 -1 883 849 848 -1 831 848 850 -1 848 831 883 -1 831 875 883 -1 875 831 833 -1 880 870 872 -1 870 880 881 -1 872 879 880 -1 879 872 873 -1 879 874 878 -1 874 879 873 -1 832 850 852 -1 850 832 831 -1 883 876 882 -1 876 883 875 -1 881 876 870 -1 876 881 882 -1 842 863 840 -1 863 842 864 -1 860 840 863 -1 840 860 838 -1 844 864 842 -1 864 844 865 -1 869 835 843 -1 835 869 834 -1 854 874 871 -1 874 854 857 -1 874 857 878 -1 803 837 859 -1 837 803 801 -1 871 844 854 -1 844 871 865 -1 867 836 866 -1 836 867 839 -1 866 805 804 -1 805 866 836 -1 868 843 841 -1 843 868 869 -1 867 841 839 -1 841 867 868 -1 884 885 886 -1 885 884 887 -1 887 884 888 -1 888 884 889 -1 889 884 890 -1 890 884 891 -1 891 884 892 -1 892 884 893 -1 889 890 894 -1 892 893 895 -1 894 896 897 -1 896 894 890 -1 897 896 898 -1 897 898 899 -1 897 899 900 -1 901 886 902 -1 886 901 884 -1 903 904 905 -1 904 903 906 -1 907 891 892 -1 891 907 908 -1 907 895 909 -1 895 907 892 -1 910 907 911 -1 907 910 908 -1 905 908 910 -1 908 905 904 -1 908 890 891 -1 890 908 904 -1 911 909 912 -1 909 911 907 -1 913 896 906 -1 896 913 898 -1 900 914 915 -1 914 900 899 -1 916 913 917 -1 913 916 914 -1 915 916 918 -1 916 915 914 -1 914 898 913 -1 898 914 899 -1 919 920 921 -1 920 919 922 -1 918 900 915 -1 900 918 897 -1 897 918 923 -1 923 903 924 -1 903 923 917 -1 917 923 916 -1 916 923 918 -1 925 926 927 -1 926 925 928 -1 928 925 929 -1 928 929 930 -1 930 929 931 -1 930 931 932 -1 932 931 905 -1 932 905 910 -1 932 910 911 -1 932 911 933 -1 905 931 924 -1 905 924 903 -1 933 911 912 -1 930 934 935 -1 934 930 932 -1 935 934 936 -1 936 934 937 -1 937 934 938 -1 938 934 939 -1 935 936 940 -1 938 939 941 -1 940 942 943 -1 942 940 936 -1 943 942 944 -1 943 944 945 -1 943 945 946 -1 904 896 890 -1 896 904 906 -1 903 913 906 -1 913 903 917 -1 941 919 921 -1 919 941 947 -1 947 941 939 -1 948 928 949 -1 928 948 926 -1 934 884 901 -1 884 934 932 -1 901 939 934 -1 939 901 947 -1 950 951 952 -1 951 950 953 -1 953 950 954 -1 954 950 955 -1 949 902 948 -1 902 949 901 -1 901 949 956 -1 901 956 957 -1 901 957 958 -1 901 958 959 -1 901 959 922 -1 901 922 947 -1 958 957 952 -1 958 952 951 -1 947 922 919 -1 933 895 893 -1 895 933 912 -1 895 912 909 -1 893 932 933 -1 932 893 884 -1 945 960 946 -1 960 945 961 -1 944 961 945 -1 961 944 962 -1 942 962 944 -1 962 942 963 -1 936 963 942 -1 963 936 964 -1 936 965 964 -1 965 936 937 -1 920 937 938 -1 937 920 965 -1 920 959 965 -1 959 920 922 -1 962 951 953 -1 951 962 963 -1 953 961 962 -1 961 953 954 -1 961 955 960 -1 955 961 954 -1 921 938 941 -1 938 921 920 -1 965 958 964 -1 958 965 959 -1 963 958 951 -1 958 963 964 -1 935 956 930 -1 956 935 957 -1 949 930 956 -1 930 949 928 -1 940 957 935 -1 957 940 952 -1 894 923 924 -1 923 894 897 -1 943 955 950 -1 955 943 946 -1 955 946 960 -1 902 926 948 -1 926 902 927 -1 927 902 886 -1 927 886 885 -1 950 940 943 -1 940 950 952 -1 888 925 887 -1 925 888 929 -1 887 927 885 -1 927 887 925 -1 889 924 931 -1 924 889 894 -1 888 931 929 -1 931 888 889 -1 966 967 968 -1 967 966 969 -1 970 971 972 -1 971 970 973 -1 974 966 975 -1 966 974 969 -1 969 974 976 -1 973 977 971 -1 977 973 978 -1 979 972 980 -1 972 979 970 -1 981 982 983 -1 982 981 984 -1 979 985 976 -1 985 979 982 -1 985 982 984 -1 976 986 969 -1 986 976 985 -1 969 986 967 -1 967 987 968 -1 987 967 986 -1 987 985 988 -1 985 987 986 -1 989 977 990 -1 977 989 971 -1 989 991 992 -1 991 989 993 -1 991 993 994 -1 991 994 995 -1 992 971 989 -1 971 992 972 -1 985 981 988 -1 981 985 984 -1 992 974 975 -1 974 992 991 -1 974 991 995 -1 974 995 976 -1 970 994 973 -1 994 970 995 -1 979 995 970 -1 995 979 976 -1 990 993 989 -1 993 990 996 -1 993 996 994 -1 975 987 980 -1 987 975 966 -1 987 966 968 -1 980 988 983 -1 988 980 987 -1 983 988 981 -1 996 977 978 -1 977 996 990 -1 975 972 992 -1 972 975 980 -1 982 980 983 -1 980 982 979 -1 973 996 978 -1 996 973 994 -1 997 998 999 -1 998 997 1000 -1 1001 1002 1003 -1 1002 1001 1004 -1 1005 997 1006 -1 997 1005 1000 -1 1000 1005 1007 -1 1004 1008 1002 -1 1008 1004 1009 -1 1010 1003 1011 -1 1003 1010 1001 -1 1012 1013 1014 -1 1013 1012 1015 -1 1010 1016 1007 -1 1016 1010 1013 -1 1016 1013 1015 -1 1007 1017 1000 -1 1017 1007 1016 -1 1000 1017 998 -1 998 1018 999 -1 1018 998 1017 -1 1018 1016 1019 -1 1016 1018 1017 -1 1020 1008 1021 -1 1008 1020 1002 -1 1020 1022 1023 -1 1022 1020 1024 -1 1022 1024 1025 -1 1022 1025 1026 -1 1023 1002 1020 -1 1002 1023 1003 -1 1016 1012 1019 -1 1012 1016 1015 -1 1023 1005 1006 -1 1005 1023 1022 -1 1005 1022 1026 -1 1005 1026 1007 -1 1001 1025 1004 -1 1025 1001 1026 -1 1010 1026 1001 -1 1026 1010 1007 -1 1021 1024 1020 -1 1024 1021 1027 -1 1024 1027 1025 -1 1006 1018 1011 -1 1018 1006 997 -1 1018 997 999 -1 1011 1019 1014 -1 1019 1011 1018 -1 1014 1019 1012 -1 1027 1008 1009 -1 1008 1027 1021 -1 1006 1003 1023 -1 1003 1006 1011 -1 1013 1011 1014 -1 1011 1013 1010 -1 1004 1027 1009 -1 1027 1004 1025 -1 1028 1029 1030 -1 1029 1028 1031 -1 1032 1033 1034 -1 1033 1032 1035 -1 1036 1028 1037 -1 1028 1036 1031 -1 1031 1036 1038 -1 1035 1039 1033 -1 1039 1035 1040 -1 1041 1034 1042 -1 1034 1041 1032 -1 1043 1044 1045 -1 1044 1043 1046 -1 1041 1047 1038 -1 1047 1041 1044 -1 1047 1044 1046 -1 1038 1048 1031 -1 1048 1038 1047 -1 1031 1048 1029 -1 1029 1049 1030 -1 1049 1029 1048 -1 1049 1047 1050 -1 1047 1049 1048 -1 1051 1039 1052 -1 1039 1051 1033 -1 1051 1053 1054 -1 1053 1051 1055 -1 1053 1055 1056 -1 1053 1056 1057 -1 1054 1033 1051 -1 1033 1054 1034 -1 1047 1043 1050 -1 1043 1047 1046 -1 1054 1036 1037 -1 1036 1054 1053 -1 1036 1053 1057 -1 1036 1057 1038 -1 1032 1056 1035 -1 1056 1032 1057 -1 1041 1057 1032 -1 1057 1041 1038 -1 1052 1055 1051 -1 1055 1052 1058 -1 1055 1058 1056 -1 1037 1049 1042 -1 1049 1037 1028 -1 1049 1028 1030 -1 1042 1050 1045 -1 1050 1042 1049 -1 1045 1050 1043 -1 1058 1039 1040 -1 1039 1058 1052 -1 1037 1034 1054 -1 1034 1037 1042 -1 1044 1042 1045 -1 1042 1044 1041 -1 1035 1058 1040 -1 1058 1035 1056 -1 1059 1060 1061 -1 1060 1059 1062 -1 1063 1064 1065 -1 1064 1063 1066 -1 1067 1059 1068 -1 1059 1067 1062 -1 1062 1067 1069 -1 1066 1070 1064 -1 1070 1066 1071 -1 1072 1065 1073 -1 1065 1072 1063 -1 1074 1075 1076 -1 1075 1074 1077 -1 1072 1078 1069 -1 1078 1072 1075 -1 1078 1075 1077 -1 1069 1079 1062 -1 1079 1069 1078 -1 1062 1079 1060 -1 1060 1080 1061 -1 1080 1060 1079 -1 1080 1078 1081 -1 1078 1080 1079 -1 1082 1070 1083 -1 1070 1082 1064 -1 1082 1084 1085 -1 1084 1082 1086 -1 1084 1086 1087 -1 1084 1087 1088 -1 1085 1064 1082 -1 1064 1085 1065 -1 1078 1074 1081 -1 1074 1078 1077 -1 1085 1067 1068 -1 1067 1085 1084 -1 1067 1084 1088 -1 1067 1088 1069 -1 1063 1087 1066 -1 1087 1063 1088 -1 1072 1088 1063 -1 1088 1072 1069 -1 1083 1086 1082 -1 1086 1083 1089 -1 1086 1089 1087 -1 1068 1080 1073 -1 1080 1068 1059 -1 1080 1059 1061 -1 1073 1081 1076 -1 1081 1073 1080 -1 1076 1081 1074 -1 1089 1070 1071 -1 1070 1089 1083 -1 1068 1065 1085 -1 1065 1068 1073 -1 1075 1073 1076 -1 1073 1075 1072 -1 1066 1089 1071 -1 1089 1066 1087 -1 1090 1091 1092 -1 1091 1090 1093 -1 1094 1095 1096 -1 1095 1094 1097 -1 1098 1090 1099 -1 1090 1098 1093 -1 1093 1098 1100 -1 1097 1101 1095 -1 1101 1097 1102 -1 1103 1096 1104 -1 1096 1103 1094 -1 1105 1106 1107 -1 1106 1105 1108 -1 1103 1109 1100 -1 1109 1103 1106 -1 1109 1106 1108 -1 1100 1110 1093 -1 1110 1100 1109 -1 1093 1110 1091 -1 1091 1111 1092 -1 1111 1091 1110 -1 1111 1109 1112 -1 1109 1111 1110 -1 1113 1101 1114 -1 1101 1113 1095 -1 1113 1115 1116 -1 1115 1113 1117 -1 1115 1117 1118 -1 1115 1118 1119 -1 1116 1095 1113 -1 1095 1116 1096 -1 1109 1105 1112 -1 1105 1109 1108 -1 1116 1098 1099 -1 1098 1116 1115 -1 1098 1115 1119 -1 1098 1119 1100 -1 1094 1118 1097 -1 1118 1094 1119 -1 1103 1119 1094 -1 1119 1103 1100 -1 1114 1117 1113 -1 1117 1114 1120 -1 1117 1120 1118 -1 1099 1111 1104 -1 1111 1099 1090 -1 1111 1090 1092 -1 1104 1112 1107 -1 1112 1104 1111 -1 1107 1112 1105 -1 1120 1101 1102 -1 1101 1120 1114 -1 1099 1096 1116 -1 1096 1099 1104 -1 1106 1104 1107 -1 1104 1106 1103 -1 1097 1120 1102 -1 1120 1097 1118 -1 1121 1122 1123 -1 1122 1121 1124 -1 1125 1126 1127 -1 1126 1125 1128 -1 1129 1121 1130 -1 1121 1129 1124 -1 1124 1129 1131 -1 1128 1132 1126 -1 1132 1128 1133 -1 1134 1127 1135 -1 1127 1134 1125 -1 1136 1137 1138 -1 1137 1136 1139 -1 1134 1140 1131 -1 1140 1134 1137 -1 1140 1137 1139 -1 1131 1141 1124 -1 1141 1131 1140 -1 1124 1141 1122 -1 1122 1142 1123 -1 1142 1122 1141 -1 1142 1140 1143 -1 1140 1142 1141 -1 1144 1132 1145 -1 1132 1144 1126 -1 1144 1146 1147 -1 1146 1144 1148 -1 1146 1148 1149 -1 1146 1149 1150 -1 1147 1126 1144 -1 1126 1147 1127 -1 1140 1136 1143 -1 1136 1140 1139 -1 1147 1129 1130 -1 1129 1147 1146 -1 1129 1146 1150 -1 1129 1150 1131 -1 1125 1149 1128 -1 1149 1125 1150 -1 1134 1150 1125 -1 1150 1134 1131 -1 1145 1148 1144 -1 1148 1145 1151 -1 1148 1151 1149 -1 1130 1142 1135 -1 1142 1130 1121 -1 1142 1121 1123 -1 1135 1143 1138 -1 1143 1135 1142 -1 1138 1143 1136 -1 1151 1132 1133 -1 1132 1151 1145 -1 1130 1127 1147 -1 1127 1130 1135 -1 1137 1135 1138 -1 1135 1137 1134 -1 1128 1151 1133 -1 1151 1128 1149 -1 1152 1153 1154 -1 1153 1152 1155 -1 1156 1157 1158 -1 1157 1156 1159 -1 1160 1152 1161 -1 1152 1160 1155 -1 1155 1160 1162 -1 1159 1163 1157 -1 1163 1159 1164 -1 1165 1158 1166 -1 1158 1165 1156 -1 1167 1168 1169 -1 1168 1167 1170 -1 1165 1171 1162 -1 1171 1165 1168 -1 1171 1168 1170 -1 1162 1172 1155 -1 1172 1162 1171 -1 1155 1172 1153 -1 1153 1173 1154 -1 1173 1153 1172 -1 1173 1171 1174 -1 1171 1173 1172 -1 1175 1163 1176 -1 1163 1175 1157 -1 1175 1177 1178 -1 1177 1175 1179 -1 1177 1179 1180 -1 1177 1180 1181 -1 1178 1157 1175 -1 1157 1178 1158 -1 1171 1167 1174 -1 1167 1171 1170 -1 1178 1160 1161 -1 1160 1178 1177 -1 1160 1177 1181 -1 1160 1181 1162 -1 1156 1180 1159 -1 1180 1156 1181 -1 1165 1181 1156 -1 1181 1165 1162 -1 1176 1179 1175 -1 1179 1176 1182 -1 1179 1182 1180 -1 1161 1173 1166 -1 1173 1161 1152 -1 1173 1152 1154 -1 1166 1174 1169 -1 1174 1166 1173 -1 1169 1174 1167 -1 1182 1163 1164 -1 1163 1182 1176 -1 1161 1158 1178 -1 1158 1161 1166 -1 1168 1166 1169 -1 1166 1168 1165 -1 1159 1182 1164 -1 1182 1159 1180 -1 1183 1184 1185 -1 1184 1183 1186 -1 1187 1188 1189 -1 1188 1187 1190 -1 1191 1183 1192 -1 1183 1191 1186 -1 1186 1191 1193 -1 1190 1194 1188 -1 1194 1190 1195 -1 1196 1189 1197 -1 1189 1196 1187 -1 1198 1199 1200 -1 1199 1198 1201 -1 1196 1202 1193 -1 1202 1196 1199 -1 1202 1199 1201 -1 1193 1203 1186 -1 1203 1193 1202 -1 1186 1203 1184 -1 1184 1204 1185 -1 1204 1184 1203 -1 1204 1202 1205 -1 1202 1204 1203 -1 1206 1194 1207 -1 1194 1206 1188 -1 1206 1208 1209 -1 1208 1206 1210 -1 1208 1210 1211 -1 1208 1211 1212 -1 1209 1188 1206 -1 1188 1209 1189 -1 1202 1198 1205 -1 1198 1202 1201 -1 1209 1191 1192 -1 1191 1209 1208 -1 1191 1208 1212 -1 1191 1212 1193 -1 1187 1211 1190 -1 1211 1187 1212 -1 1196 1212 1187 -1 1212 1196 1193 -1 1207 1210 1206 -1 1210 1207 1213 -1 1210 1213 1211 -1 1192 1204 1197 -1 1204 1192 1183 -1 1204 1183 1185 -1 1197 1205 1200 -1 1205 1197 1204 -1 1200 1205 1198 -1 1213 1194 1195 -1 1194 1213 1207 -1 1192 1189 1209 -1 1189 1192 1197 -1 1199 1197 1200 -1 1197 1199 1196 -1 1190 1213 1195 -1 1213 1190 1211 -1 1214 1215 1216 -1 1215 1214 1217 -1 1218 1216 1219 -1 1216 1218 1220 -1 1216 1220 1214 -1 1214 1220 1221 -1 1215 1222 1223 -1 1222 1215 1217 -1 1224 1225 1226 -1 1225 1224 1227 -1 1225 1228 1229 -1 1228 1225 1230 -1 1230 1225 1227 -1 1230 1227 1231 -1 1219 1215 1223 -1 1215 1219 1216 -1 1232 1233 1234 -1 1233 1232 1229 -1 1218 1235 1228 -1 1235 1218 1219 -1 1235 1219 1236 -1 1228 1237 1229 -1 1237 1228 1235 -1 1229 1237 1233 -1 1238 1236 1219 -1 1236 1238 1239 -1 1240 1241 1242 -1 1241 1240 1243 -1 1244 1245 1246 -1 1245 1244 1247 -1 1248 1245 1247 -1 1245 1248 1249 -1 1246 1250 1251 -1 1250 1246 1245 -1 1242 1246 1251 -1 1246 1242 1241 -1 1252 1246 1241 -1 1246 1252 1244 -1 1245 1253 1250 -1 1253 1245 1249 -1 1254 1243 1255 -1 1243 1254 1256 -1 1257 1258 1259 -1 1258 1257 1260 -1 1261 1255 1262 -1 1255 1261 1257 -1 1263 1257 1261 -1 1257 1263 1260 -1 1259 1255 1257 -1 1255 1259 1254 -1 1264 1265 1266 -1 1265 1264 1267 -1 1268 1260 1263 -1 1260 1268 1269 -1 1260 1269 1258 -1 1256 1241 1243 -1 1241 1256 1252 -1 1262 1243 1240 -1 1243 1262 1255 -1 1231 1270 1230 -1 1270 1231 1267 -1 1267 1231 1265 -1 1271 1272 1273 -1 1272 1271 1274 -1 1253 1221 1220 -1 1221 1253 1249 -1 1221 1249 1248 -1 1275 1276 1277 -1 1276 1275 1278 -1 1279 1277 1280 -1 1277 1279 1275 -1 1281 1280 1282 -1 1280 1281 1279 -1 1283 1282 1284 -1 1282 1283 1281 -1 1285 1284 1286 -1 1284 1285 1283 -1 1287 1285 1286 -1 1285 1287 1264 -1 1266 1285 1264 -1 1285 1266 1288 -1 1289 1279 1281 -1 1279 1289 1290 -1 1291 1279 1290 -1 1279 1291 1275 -1 1292 1275 1291 -1 1275 1292 1278 -1 1270 1264 1287 -1 1264 1270 1267 -1 1288 1283 1285 -1 1283 1288 1293 -1 1293 1281 1283 -1 1281 1293 1289 -1 1294 1295 1296 -1 1295 1294 1297 -1 1296 1274 1271 -1 1274 1296 1295 -1 1298 1297 1294 -1 1297 1298 1299 -1 1269 1300 1301 -1 1300 1269 1268 -1 1276 1302 1303 -1 1302 1276 1278 -1 1302 1278 1292 -1 1303 1299 1298 -1 1299 1303 1302 -1 1304 1305 1306 -1 1305 1304 1307 -1 1301 1308 1309 -1 1308 1301 1300 -1 1309 1305 1307 -1 1305 1309 1308 -1 1310 1306 1311 -1 1306 1310 1304 -1 1312 1313 1314 -1 1313 1312 1315 -1 1314 1224 1312 -1 1224 1314 1272 -1 1224 1272 1288 -1 1224 1288 1266 -1 1288 1272 1293 -1 1293 1272 1289 -1 1289 1272 1290 -1 1290 1272 1274 -1 1290 1274 1291 -1 1291 1274 1292 -1 1292 1274 1302 -1 1302 1274 1295 -1 1302 1295 1297 -1 1302 1297 1299 -1 1227 1265 1231 -1 1265 1227 1224 -1 1265 1224 1266 -1 1270 1228 1230 -1 1263 1300 1268 -1 1300 1263 1308 -1 1308 1263 1305 -1 1305 1263 1306 -1 1306 1263 1311 -1 1311 1263 1261 -1 1311 1261 1262 -1 1311 1262 1240 -1 1311 1240 1218 -1 1311 1218 1273 -1 1218 1240 1242 -1 1218 1242 1251 -1 1218 1251 1250 -1 1218 1250 1253 -1 1218 1253 1220 -1 1273 1218 1228 -1 1273 1228 1286 -1 1286 1228 1287 -1 1287 1228 1270 -1 1273 1286 1284 -1 1273 1284 1282 -1 1273 1282 1280 -1 1273 1280 1271 -1 1271 1280 1277 -1 1271 1277 1276 -1 1271 1276 1303 -1 1271 1303 1296 -1 1296 1303 1294 -1 1294 1303 1298 -1 1316 1237 1235 -1 1237 1316 1317 -1 1233 1317 1234 -1 1317 1233 1237 -1 1313 1229 1232 -1 1229 1313 1315 -1 1239 1238 1316 -1 1311 1316 1310 -1 1316 1311 1273 -1 1316 1273 1317 -1 1310 1316 1318 -1 1318 1316 1238 -1 1310 1318 1319 -1 1272 1317 1273 -1 1317 1272 1313 -1 1317 1313 1232 -1 1313 1272 1314 -1 1234 1317 1232 -1 1224 1315 1312 -1 1315 1224 1226 -1 1315 1225 1229 -1 1225 1315 1226 -1 1235 1239 1316 -1 1239 1235 1236 -1 1223 1319 1318 -1 1319 1223 1222 -1 1309 1269 1301 -1 1269 1309 1258 -1 1258 1309 1307 -1 1258 1307 1304 -1 1258 1304 1310 -1 1258 1310 1259 -1 1259 1310 1254 -1 1254 1310 1256 -1 1256 1310 1319 -1 1256 1319 1252 -1 1252 1319 1244 -1 1244 1319 1247 -1 1247 1319 1248 -1 1248 1319 1222 -1 1248 1222 1217 -1 1248 1217 1221 -1 1221 1217 1214 -1 1238 1223 1318 -1 1223 1238 1219 -1 1320 1321 1322 -1 1321 1320 1323 -1 1324 1325 1326 -1 1325 1324 1327 -1 1325 1327 1328 -1 1328 1327 1329 -1 1329 1327 1330 -1 1331 1326 1325 -1 1332 1323 1320 -1 1323 1332 1333 -1 1334 1335 1336 -1 1335 1334 1337 -1 1338 1339 1340 -1 1339 1338 1341 -1 1342 1339 1341 -1 1339 1343 1344 -1 1343 1339 1345 -1 1345 1339 1342 -1 1346 1347 1327 -1 1347 1346 1348 -1 1347 1348 1349 -1 1327 1350 1330 -1 1350 1327 1347 -1 1330 1350 1351 -1 1334 1323 1333 -1 1323 1334 1321 -1 1321 1334 1352 -1 1336 1352 1334 -1 1352 1336 1353 -1 1333 1337 1334 -1 1337 1333 1332 -1 1354 1355 1356 -1 1355 1354 1340 -1 1340 1354 1338 -1 1338 1354 1357 -1 1342 1348 1345 -1 1348 1342 1349 -1 1346 1353 1358 -1 1353 1346 1359 -1 1324 1353 1336 -1 1353 1324 1358 -1 1360 1361 1362 -1 1361 1325 1363 -1 1325 1361 1331 -1 1331 1361 1360 -1 1364 1361 1363 -1 1361 1364 1365 -1 1361 1366 1362 -1 1366 1361 1365 -1 1329 1364 1328 -1 1364 1329 1365 -1 1365 1329 1366 -1 1366 1329 1367 -1 1329 1351 1367 -1 1351 1329 1330 -1 1359 1337 1368 -1 1337 1359 1335 -1 1369 1347 1370 -1 1347 1369 1350 -1 1324 1369 1358 -1 1369 1324 1326 -1 1369 1326 1371 -1 1358 1370 1372 -1 1370 1358 1369 -1 1372 1370 1373 -1 1351 1366 1367 -1 1360 1369 1371 -1 1369 1360 1362 -1 1369 1362 1350 -1 1350 1362 1366 -1 1350 1366 1351 -1 1325 1364 1363 -1 1364 1325 1328 -1 1370 1338 1373 -1 1338 1370 1347 -1 1338 1347 1341 -1 1341 1347 1342 -1 1342 1347 1349 -1 1357 1373 1338 -1 1326 1360 1371 -1 1360 1326 1331 -1 1359 1352 1353 -1 1352 1359 1368 -1 1348 1343 1345 -1 1354 1358 1372 -1 1358 1354 1356 -1 1358 1356 1346 -1 1346 1356 1343 -1 1346 1343 1348 -1 1368 1321 1352 -1 1321 1368 1322 -1 1339 1355 1340 -1 1355 1339 1344 -1 1368 1320 1322 -1 1320 1368 1332 -1 1332 1368 1337 -1 1355 1343 1356 -1 1343 1355 1344 -1 1373 1354 1372 -1 1354 1373 1357 -1 1336 1327 1324 -1 1327 1336 1335 -1 1346 1335 1359 -1 1335 1346 1327 -1 1374 1375 1376 -1 1375 1374 1377 -1 1378 1379 1380 -1 1379 1378 1381 -1 1379 1381 1382 -1 1382 1381 1383 -1 1383 1381 1384 -1 1385 1380 1379 -1 1386 1377 1374 -1 1377 1386 1387 -1 1388 1389 1390 -1 1389 1388 1391 -1 1392 1393 1394 -1 1393 1392 1395 -1 1396 1393 1395 -1 1393 1397 1398 -1 1397 1393 1399 -1 1399 1393 1396 -1 1400 1401 1381 -1 1401 1400 1402 -1 1401 1402 1403 -1 1381 1404 1384 -1 1404 1381 1401 -1 1384 1404 1405 -1 1388 1377 1387 -1 1377 1388 1375 -1 1375 1388 1406 -1 1390 1406 1388 -1 1406 1390 1407 -1 1387 1391 1388 -1 1391 1387 1386 -1 1408 1409 1410 -1 1409 1408 1394 -1 1394 1408 1392 -1 1392 1408 1411 -1 1396 1402 1399 -1 1402 1396 1403 -1 1400 1407 1412 -1 1407 1400 1413 -1 1378 1407 1390 -1 1407 1378 1412 -1 1414 1415 1416 -1 1415 1379 1417 -1 1379 1415 1385 -1 1385 1415 1414 -1 1418 1415 1417 -1 1415 1418 1419 -1 1415 1420 1416 -1 1420 1415 1419 -1 1383 1418 1382 -1 1418 1383 1419 -1 1419 1383 1420 -1 1420 1383 1421 -1 1383 1405 1421 -1 1405 1383 1384 -1 1413 1391 1422 -1 1391 1413 1389 -1 1423 1401 1424 -1 1401 1423 1404 -1 1378 1423 1412 -1 1423 1378 1380 -1 1423 1380 1425 -1 1412 1424 1426 -1 1424 1412 1423 -1 1426 1424 1427 -1 1405 1420 1421 -1 1414 1423 1425 -1 1423 1414 1416 -1 1423 1416 1404 -1 1404 1416 1420 -1 1404 1420 1405 -1 1379 1418 1417 -1 1418 1379 1382 -1 1424 1392 1427 -1 1392 1424 1401 -1 1392 1401 1395 -1 1395 1401 1396 -1 1396 1401 1403 -1 1411 1427 1392 -1 1380 1414 1425 -1 1414 1380 1385 -1 1413 1406 1407 -1 1406 1413 1422 -1 1402 1397 1399 -1 1408 1412 1426 -1 1412 1408 1410 -1 1412 1410 1400 -1 1400 1410 1397 -1 1400 1397 1402 -1 1422 1375 1406 -1 1375 1422 1376 -1 1393 1409 1394 -1 1409 1393 1398 -1 1422 1374 1376 -1 1374 1422 1386 -1 1386 1422 1391 -1 1409 1397 1410 -1 1397 1409 1398 -1 1427 1408 1426 -1 1408 1427 1411 -1 1390 1381 1378 -1 1381 1390 1389 -1 1400 1389 1413 -1 1389 1400 1381 -1 1428 1429 1430 -1 1429 1428 1431 -1 1432 1433 1434 -1 1433 1432 1435 -1 1433 1435 1436 -1 1436 1435 1437 -1 1437 1435 1438 -1 1439 1434 1433 -1 1440 1431 1428 -1 1431 1440 1441 -1 1442 1443 1444 -1 1443 1442 1445 -1 1446 1447 1448 -1 1447 1446 1449 -1 1450 1447 1449 -1 1447 1451 1452 -1 1451 1447 1453 -1 1453 1447 1450 -1 1454 1455 1435 -1 1455 1454 1456 -1 1455 1456 1457 -1 1435 1458 1438 -1 1458 1435 1455 -1 1438 1458 1459 -1 1442 1431 1441 -1 1431 1442 1429 -1 1429 1442 1460 -1 1444 1460 1442 -1 1460 1444 1461 -1 1441 1445 1442 -1 1445 1441 1440 -1 1462 1463 1464 -1 1463 1462 1448 -1 1448 1462 1446 -1 1446 1462 1465 -1 1450 1456 1453 -1 1456 1450 1457 -1 1454 1461 1466 -1 1461 1454 1467 -1 1432 1461 1444 -1 1461 1432 1466 -1 1468 1469 1470 -1 1469 1433 1471 -1 1433 1469 1439 -1 1439 1469 1468 -1 1472 1469 1471 -1 1469 1472 1473 -1 1469 1474 1470 -1 1474 1469 1473 -1 1437 1472 1436 -1 1472 1437 1473 -1 1473 1437 1474 -1 1474 1437 1475 -1 1437 1459 1475 -1 1459 1437 1438 -1 1467 1445 1476 -1 1445 1467 1443 -1 1477 1455 1478 -1 1455 1477 1458 -1 1432 1477 1466 -1 1477 1432 1434 -1 1477 1434 1479 -1 1466 1478 1480 -1 1478 1466 1477 -1 1480 1478 1481 -1 1459 1474 1475 -1 1468 1477 1479 -1 1477 1468 1470 -1 1477 1470 1458 -1 1458 1470 1474 -1 1458 1474 1459 -1 1433 1472 1471 -1 1472 1433 1436 -1 1478 1446 1481 -1 1446 1478 1455 -1 1446 1455 1449 -1 1449 1455 1450 -1 1450 1455 1457 -1 1465 1481 1446 -1 1434 1468 1479 -1 1468 1434 1439 -1 1467 1460 1461 -1 1460 1467 1476 -1 1456 1451 1453 -1 1462 1466 1480 -1 1466 1462 1464 -1 1466 1464 1454 -1 1454 1464 1451 -1 1454 1451 1456 -1 1476 1429 1460 -1 1429 1476 1430 -1 1447 1463 1448 -1 1463 1447 1452 -1 1476 1428 1430 -1 1428 1476 1440 -1 1440 1476 1445 -1 1463 1451 1464 -1 1451 1463 1452 -1 1481 1462 1480 -1 1462 1481 1465 -1 1444 1435 1432 -1 1435 1444 1443 -1 1454 1443 1467 -1 1443 1454 1435 -1 1482 1483 1484 -1 1483 1482 1485 -1 1484 1486 1487 -1 1486 1484 1483 -1 1488 1489 1490 -1 1489 1488 1491 -1 1483 1492 1493 -1 1492 1483 1485 -1 1486 1493 1494 -1 1493 1486 1483 -1 1489 1495 1496 -1 1495 1489 1491 -1 1486 1497 1498 -1 1497 1486 1494 -1 1490 1499 1500 -1 1499 1490 1489 -1 1487 1498 1501 -1 1498 1487 1486 -1 1500 1488 1490 -1 1488 1500 1502 -1 1502 1500 1503 -1 1504 1485 1482 -1 1485 1504 1505 -1 1506 1507 1508 -1 1507 1506 1509 -1 1509 1510 1507 -1 1510 1509 1511 -1 1512 1509 1506 -1 1509 1512 1513 -1 1514 1515 1516 -1 1515 1514 1517 -1 1516 1518 1519 -1 1518 1516 1515 -1 1489 1520 1499 -1 1520 1489 1496 -1 1485 1521 1492 -1 1521 1485 1505 -1 1496 1521 1505 -1 1521 1496 1495 -1 1504 1496 1505 -1 1496 1504 1520 -1 1503 1504 1522 -1 1504 1503 1520 -1 1520 1503 1499 -1 1499 1503 1500 -1 1523 1524 1525 -1 1524 1523 1526 -1 1526 1523 1527 -1 1526 1527 1528 -1 1528 1527 1529 -1 1528 1529 1530 -1 1530 1529 1484 -1 1530 1484 1487 -1 1530 1487 1531 -1 1484 1529 1482 -1 1482 1529 1522 -1 1482 1522 1504 -1 1531 1487 1501 -1 1528 1532 1533 -1 1532 1528 1530 -1 1533 1532 1534 -1 1534 1532 1518 -1 1518 1532 1535 -1 1533 1534 1536 -1 1533 1536 1537 -1 1518 1535 1519 -1 1537 1538 1539 -1 1538 1537 1536 -1 1539 1538 1512 -1 1539 1512 1506 -1 1539 1506 1508 -1 1515 1540 1541 -1 1540 1515 1517 -1 1542 1503 1522 -1 1503 1542 1502 -1 1531 1497 1543 -1 1497 1531 1501 -1 1497 1501 1498 -1 1544 1524 1545 -1 1524 1544 1525 -1 1546 1537 1539 -1 1537 1546 1547 -1 1537 1548 1533 -1 1548 1537 1547 -1 1546 1549 1547 -1 1549 1546 1550 -1 1550 1546 1511 -1 1511 1546 1510 -1 1551 1544 1545 -1 1544 1551 1552 -1 1552 1551 1553 -1 1553 1551 1554 -1 1553 1554 1548 -1 1553 1548 1555 -1 1555 1548 1540 -1 1555 1540 1517 -1 1555 1517 1556 -1 1540 1548 1557 -1 1557 1548 1547 -1 1557 1547 1549 -1 1556 1517 1514 -1 1553 1558 1559 -1 1558 1553 1555 -1 1559 1558 1493 -1 1493 1558 1494 -1 1494 1558 1543 -1 1559 1493 1492 -1 1559 1492 1542 -1 1494 1543 1497 -1 1542 1521 1502 -1 1521 1542 1492 -1 1502 1521 1495 -1 1502 1495 1491 -1 1502 1491 1488 -1 1545 1526 1551 -1 1526 1545 1524 -1 1551 1528 1554 -1 1528 1551 1526 -1 1539 1510 1546 -1 1510 1539 1508 -1 1510 1508 1507 -1 1553 1523 1552 -1 1523 1553 1527 -1 1554 1533 1548 -1 1533 1554 1528 -1 1543 1530 1531 -1 1530 1543 1558 -1 1532 1558 1555 -1 1558 1532 1530 -1 1519 1514 1516 -1 1514 1519 1556 -1 1556 1519 1535 -1 1559 1527 1553 -1 1527 1559 1529 -1 1559 1522 1529 -1 1522 1559 1542 -1 1552 1525 1544 -1 1525 1552 1523 -1 1532 1556 1535 -1 1556 1532 1555 -1 1538 1513 1512 -1 1513 1538 1560 -1 1509 1550 1511 -1 1550 1509 1513 -1 1536 1560 1538 -1 1560 1536 1561 -1 1513 1549 1550 -1 1549 1513 1560 -1 1536 1541 1561 -1 1541 1536 1534 -1 1541 1557 1561 -1 1557 1541 1540 -1 1560 1557 1549 -1 1557 1560 1561 -1 1515 1534 1518 -1 1534 1515 1541 -1 1562 1563 1564 -1 1563 1562 1565 -1 1566 1562 1564 -1 1562 1567 1565 -1 1567 1562 1566 -1 1567 1563 1565 -1 1567 1564 1563 -1 1564 1567 1566 -1 1568 1569 1570 -1 1569 1568 1571 -1 1569 1572 1570 -1 1572 1568 1570 -1 1568 1572 1573 -1 1572 1571 1573 -1 1571 1572 1569 -1 1571 1568 1573 -1 1574 799 1575 -1 799 1574 802 -1 802 1574 1576 -1 1576 1574 1577 -1 799 801 798 -1 801 799 802 -1 1578 1579 1580 -1 1579 1578 1581 -1 1581 1578 798 -1 1581 798 801 -1 1582 1580 1583 -1 1580 1582 1579 -1 1584 1585 1586 -1 1585 1584 1587 -1 1580 1584 1588 -1 1587 1579 1589 -1 1579 1587 1584 -1 1579 1584 1580 -1 1584 1590 1588 -1 1590 1584 1591 -1 1591 1584 1592 -1 1592 1584 1593 -1 1589 1594 1587 -1 1594 1589 1595 -1 1595 1589 1596 -1 1597 1594 1595 -1 1585 1594 1598 -1 1594 1585 1587 -1 1584 1599 1593 -1 1599 1584 1586 -1 1580 1600 1583 -1 1600 1580 1601 -1 1601 1580 1590 -1 1590 1580 1588 -1 1602 1583 1582 -1 1583 1602 1603 -1 1579 1602 1582 -1 1602 1579 1569 -1 1569 1579 1604 -1 1604 1579 1581 -1 1604 1581 1605 -1 1605 1581 1606 -1 1606 1581 1607 -1 1607 1608 1566 -1 1608 1607 1609 -1 1609 1607 1581 -1 1608 1609 1576 -1 1608 1576 1577 -1 1608 1577 1610 -1 1585 1599 1586 -1 1599 1585 1598 -1 1589 1611 1596 -1 1611 1582 1612 -1 1582 1611 1579 -1 1579 1611 1589 -1 1613 1577 1574 -1 1577 1613 1610 -1 1614 1610 1613 -1 1610 1614 1608 -1 1608 1615 1566 -1 1615 1608 1616 -1 1616 1608 1617 -1 1617 1608 1614 -1 1615 1618 1619 -1 1618 1615 1616 -1 1569 1603 1602 -1 1603 1569 1571 -1 1571 1569 1619 -1 1571 1619 1618 -1 1606 1620 1605 -1 1620 1606 1621 -1 1607 1621 1606 -1 1621 1607 1622 -1 1576 803 802 -1 803 1576 1609 -1 1623 1615 1619 -1 1615 1623 1622 -1 1622 1623 1620 -1 1622 1620 1621 -1 1569 1623 1619 -1 1623 1569 1604 -1 1607 1615 1622 -1 1615 1607 1566 -1 1605 1623 1604 -1 1623 1605 1620 -1 803 1581 801 -1 1581 803 1609 -1 1624 1625 1626 -1 1625 1624 1627 -1 1628 798 1578 -1 798 1628 797 -1 799 1628 1575 -1 1628 799 797 -1 1629 1627 1624 -1 1627 1629 1630 -1 1618 1631 1571 -1 1631 1618 1632 -1 1626 1631 1632 -1 1631 1626 1625 -1 1630 1616 1617 -1 1616 1630 1629 -1 1614 1630 1617 -1 1630 1614 1627 -1 1627 1614 1625 -1 1625 1614 1631 -1 1631 1614 1628 -1 1628 1614 1575 -1 1575 1614 1574 -1 1574 1614 1613 -1 1571 1583 1603 -1 1583 1571 1580 -1 1580 1571 1631 -1 1580 1631 1578 -1 1578 1631 1628 -1 1611 1595 1596 -1 1595 1611 1633 -1 1634 1592 1635 -1 1592 1634 1591 -1 1634 1590 1591 -1 1590 1634 1601 -1 1611 1636 1633 -1 1636 1611 1612 -1 1616 1632 1618 -1 1632 1616 1629 -1 1632 1629 1624 -1 1632 1624 1626 -1 1582 1636 1612 -1 1636 1582 1635 -1 1635 1582 1600 -1 1600 1582 1583 -1 1636 1594 1597 -1 1594 1636 1593 -1 1593 1636 1592 -1 1592 1636 1635 -1 1594 1599 1598 -1 1599 1594 1593 -1 1595 1636 1597 -1 1636 1595 1633 -1 1634 1600 1601 -1 1600 1634 1635 -1 1637 1638 1639 -1 1638 1637 1617 -1 1617 1637 1640 -1 1617 1640 1641 -1 1617 1641 1642 -1 1617 1642 1643 -1 1617 1643 1644 -1 1617 1644 1645 -1 1617 1645 1646 -1 1617 1646 1647 -1 1617 1647 1648 -1 1617 1648 1649 -1 1649 1648 1650 -1 1650 1648 1651 -1 1650 1651 1652 -1 1650 1652 1653 -1 1649 1650 1654 -1 1655 1647 1646 -1 1647 1655 1656 -1 1657 1640 1658 -1 1640 1657 1641 -1 1659 1643 1642 -1 1643 1659 1660 -1 1659 1641 1657 -1 1641 1659 1642 -1 1566 1661 1662 -1 1661 1566 1663 -1 1663 1566 1658 -1 1658 1566 1657 -1 1657 1566 1659 -1 1659 1566 1660 -1 1660 1566 1664 -1 1664 1566 1665 -1 1665 1566 1655 -1 1655 1566 1656 -1 1656 1566 1666 -1 1666 1566 1667 -1 1666 1667 1668 -1 1666 1668 1669 -1 1669 1668 1670 -1 1670 1668 1671 -1 1668 1667 1672 -1 1669 1652 1651 -1 1652 1669 1670 -1 1668 1654 1650 -1 1654 1668 1672 -1 1665 1644 1664 -1 1644 1665 1645 -1 1656 1648 1647 -1 1648 1656 1666 -1 1671 1650 1653 -1 1650 1671 1668 -1 1661 1638 1662 -1 1638 1661 1639 -1 1670 1653 1652 -1 1653 1670 1671 -1 1661 1637 1639 -1 1637 1661 1663 -1 1617 1667 1566 -1 1667 1617 1649 -1 1669 1648 1666 -1 1648 1669 1651 -1 1665 1646 1645 -1 1646 1665 1655 -1 1658 1637 1663 -1 1637 1658 1640 -1 1617 1662 1638 -1 1662 1617 1566 -1 1664 1643 1660 -1 1643 1664 1644 -1 1672 1649 1654 -1 1649 1672 1667 -1 1673 1674 1675 -1 1674 1673 1676 -1 1677 1675 1678 -1 1675 1677 1673 -1 1679 1678 1680 -1 1678 1679 1677 -1 1577 1680 1574 -1 1680 1577 1679 -1 1574 1576 1575 -1 1574 814 1575 -1 814 1574 819 -1 819 1574 1681 -1 1681 1574 1682 -1 1682 1574 895 -1 895 1574 912 -1 912 1683 1684 -1 1683 912 1685 -1 1685 912 1574 -1 1685 1574 1680 -1 1685 1680 1686 -1 1686 1680 1678 -1 1686 1678 1687 -1 1687 1678 1675 -1 1687 1675 1688 -1 1688 1675 1674 -1 1689 1690 1691 -1 1690 1689 895 -1 895 1689 1682 -1 819 1692 1578 -1 1692 819 1681 -1 1693 1415 1417 -1 1415 1693 1684 -1 1415 1684 1416 -1 1416 1684 542 -1 542 1684 1683 -1 1694 1684 1693 -1 1684 1694 932 -1 932 1694 934 -1 934 1694 939 -1 939 1694 941 -1 919 939 941 -1 939 919 947 -1 1695 1689 1691 -1 1689 1695 1696 -1 1696 1695 1697 -1 1697 1695 1698 -1 1698 1699 1697 -1 1700 1699 1698 -1 1699 1700 1701 -1 1699 1702 1697 -1 1702 1699 1701 -1 830 851 852 -1 851 830 858 -1 1578 846 819 -1 846 1578 845 -1 845 1578 1581 -1 845 1581 847 -1 847 1581 852 -1 852 851 847 -1 830 862 858 -1 877 1575 814 -1 1575 877 861 -1 1575 861 1576 -1 1576 861 862 -1 1576 862 830 -1 877 819 846 -1 819 877 814 -1 1689 1703 1682 -1 1703 1689 1696 -1 1700 1702 1701 -1 1704 1692 1681 -1 1692 1704 1705 -1 1692 1705 1706 -1 1706 1705 1702 -1 1706 1702 1700 -1 1704 1682 1703 -1 1682 1704 1681 -1 1704 1696 1705 -1 1696 1704 1703 -1 1684 933 912 -1 933 1684 932 -1 919 901 947 -1 893 1690 895 -1 1690 893 884 -1 1690 884 1707 -1 1707 884 901 -1 1707 901 919 -1 893 912 933 -1 912 893 895 -1 1697 1705 1696 -1 1705 1697 1702 -1 1707 1691 1690 -1 1691 1707 1695 -1 1706 1578 1692 -1 1578 1706 1581 -1 537 1419 1420 -1 1419 1694 1418 -1 1694 1419 941 -1 941 1419 537 -1 941 537 1708 -1 941 1708 1709 -1 941 1709 919 -1 919 1709 1698 -1 1698 1709 1700 -1 1700 1709 852 -1 852 1709 830 -1 830 1577 1576 -1 1577 830 1679 -1 1679 830 1709 -1 1679 1709 1710 -1 1679 1710 1677 -1 1677 1710 1711 -1 1677 1711 1673 -1 1673 1711 1712 -1 1673 1712 1676 -1 1700 1581 1706 -1 1581 1700 852 -1 919 1695 1707 -1 1695 919 1698 -1 1674 1712 1688 -1 1712 1674 1676 -1 1418 1693 1417 -1 1693 1418 1694 -1 1711 1686 1687 -1 1686 1711 1710 -1 1712 1687 1688 -1 1687 1712 1711 -1 1713 1714 1715 -1 1714 1713 1716 -1 1717 1714 1716 -1 1714 1717 1718 -1 1713 1719 1716 -1 1719 1713 1720 -1 537 574 575 -1 547 1416 542 -1 1416 547 576 -1 1416 576 1420 -1 1420 576 574 -1 1420 574 537 -1 1395 1394 1393 -1 1394 1395 1392 -1 1719 1398 1721 -1 1398 1719 1393 -1 1393 1719 1720 -1 1393 577 1395 -1 577 1393 1720 -1 1398 1394 1409 -1 1394 1398 1393 -1 1709 1683 1685 -1 1683 1709 1708 -1 1719 1717 1716 -1 1717 1719 1721 -1 584 574 583 -1 574 584 575 -1 1419 1417 1415 -1 1417 1419 1418 -1 547 584 546 -1 584 547 575 -1 575 547 542 -1 575 542 1683 -1 575 1683 537 -1 537 1683 1708 -1 508 1720 1715 -1 1720 508 577 -1 577 508 546 -1 577 546 584 -1 1720 1713 1715 -1 1721 1718 1717 -1 1718 1721 1398 -1 1718 1398 1409 -1 574 581 583 -1 581 574 576 -1 1710 1685 1686 -1 1685 1710 1709 -1 1392 581 508 -1 581 1392 1395 -1 581 1395 583 -1 583 1395 584 -1 584 1395 577 -1 546 508 581 -1 508 1394 1392 -1 1409 1714 1718 -1 1714 1409 1394 -1 1714 1394 1715 -1 1715 1394 508 -1 1722 1723 1724 -1 1723 1722 1725 -1 1724 1726 1727 -1 1726 1724 1723 -1 1728 1729 1730 -1 1729 1728 1731 -1 1723 1732 1733 -1 1732 1723 1725 -1 1726 1733 1734 -1 1733 1726 1723 -1 1729 1735 1736 -1 1735 1729 1731 -1 1726 1630 1737 -1 1630 1726 1734 -1 1730 1738 1739 -1 1738 1730 1729 -1 1727 1737 1631 -1 1737 1727 1726 -1 1739 1728 1730 -1 1728 1739 1740 -1 1740 1739 1741 -1 1742 1725 1722 -1 1725 1742 1743 -1 1744 1745 1746 -1 1745 1744 1747 -1 1747 1748 1745 -1 1748 1747 1749 -1 1750 1747 1744 -1 1747 1750 1751 -1 1607 1752 1753 -1 1752 1607 1754 -1 1753 1755 1604 -1 1755 1753 1752 -1 1729 1756 1738 -1 1756 1729 1736 -1 1725 1757 1732 -1 1757 1725 1743 -1 1736 1757 1743 -1 1757 1736 1735 -1 1742 1736 1743 -1 1736 1742 1756 -1 1741 1742 1758 -1 1742 1741 1756 -1 1756 1741 1738 -1 1738 1741 1739 -1 1759 1760 1761 -1 1760 1759 1762 -1 1762 1759 1763 -1 1762 1763 1764 -1 1764 1763 1765 -1 1764 1765 1766 -1 1766 1765 1724 -1 1766 1724 1727 -1 1766 1727 1632 -1 1724 1765 1722 -1 1722 1765 1758 -1 1722 1758 1742 -1 1632 1727 1631 -1 1764 1767 1768 -1 1767 1764 1766 -1 1768 1767 1769 -1 1769 1767 1755 -1 1755 1767 1623 -1 1768 1769 1770 -1 1768 1770 1771 -1 1755 1623 1604 -1 1771 1772 1773 -1 1772 1771 1770 -1 1773 1772 1750 -1 1773 1750 1744 -1 1773 1744 1746 -1 1752 1774 1775 -1 1774 1752 1754 -1 1776 1741 1758 -1 1741 1776 1740 -1 1632 1630 1629 -1 1630 1632 1631 -1 1630 1631 1737 -1 1777 1760 1778 -1 1760 1777 1761 -1 1779 1771 1773 -1 1771 1779 1780 -1 1771 1781 1768 -1 1781 1771 1780 -1 1779 1782 1780 -1 1782 1779 1783 -1 1783 1779 1749 -1 1749 1779 1748 -1 1784 1777 1778 -1 1777 1784 1785 -1 1785 1784 1786 -1 1786 1784 1787 -1 1786 1787 1781 -1 1786 1781 1788 -1 1788 1781 1774 -1 1788 1774 1754 -1 1788 1754 1622 -1 1774 1781 1789 -1 1789 1781 1780 -1 1789 1780 1782 -1 1622 1754 1607 -1 1786 1790 1791 -1 1790 1786 1788 -1 1791 1790 1733 -1 1733 1790 1734 -1 1734 1790 1629 -1 1791 1733 1732 -1 1791 1732 1776 -1 1734 1629 1630 -1 1776 1757 1740 -1 1757 1776 1732 -1 1740 1757 1735 -1 1740 1735 1731 -1 1740 1731 1728 -1 1778 1762 1784 -1 1762 1778 1760 -1 1784 1764 1787 -1 1764 1784 1762 -1 1773 1748 1779 -1 1748 1773 1746 -1 1748 1746 1745 -1 1786 1759 1785 -1 1759 1786 1763 -1 1787 1768 1781 -1 1768 1787 1764 -1 1629 1766 1632 -1 1766 1629 1790 -1 1767 1790 1788 -1 1790 1767 1766 -1 1604 1607 1753 -1 1607 1604 1622 -1 1622 1604 1623 -1 1791 1763 1786 -1 1763 1791 1765 -1 1791 1758 1765 -1 1758 1791 1776 -1 1785 1761 1777 -1 1761 1785 1759 -1 1767 1622 1623 -1 1622 1767 1788 -1 1772 1751 1750 -1 1751 1772 1792 -1 1747 1783 1749 -1 1783 1747 1751 -1 1770 1792 1772 -1 1792 1770 1793 -1 1751 1782 1783 -1 1782 1751 1792 -1 1770 1775 1793 -1 1775 1770 1769 -1 1775 1789 1793 -1 1789 1775 1774 -1 1792 1789 1782 -1 1789 1792 1793 -1 1752 1769 1755 -1 1769 1752 1775 -1 1794 1795 1796 -1 1797 1796 1795 -1 1795 1798 1797 -1 1795 1799 1798 -1 1799 1800 1798 -1 1800 1801 1798 -1 1801 1802 1798 -1 1800 1799 1569 -1 1569 1803 1800 -1 1795 1571 1569 -1 1569 1799 1795 -1 1571 1795 1794 -1 1794 1804 1571 -1 1805 1803 1569 -1 1804 1806 1807 -1 1807 1571 1804 -1 1807 1808 1571 -1 1808 1569 1571 -1 1808 1805 1569 -1 1809 1810 1811 -1 1811 1812 1809 -1 1811 1813 1812 -1 1813 1814 1812 -1 1814 1815 1812 -1 1816 1811 1810 -1 1810 1817 1818 -1 1818 1816 1810 -1 1819 1820 1821 -1 1821 1822 1819 -1 1796 1806 1804 -1 1804 1794 1796 -1 1823 1824 1825 -1 1825 1802 1823 -1 1824 1826 1827 -1 1827 1825 1824 -1 1828 1829 1830 -1 1830 1831 1828 -1 1830 1827 1831 -1 1830 1825 1827 -1 1828 1832 1833 -1 1833 1834 1828 -1 1829 1828 1834 -1 1834 1835 1829 -1 1829 1797 1798 -1 1798 1830 1829 -1 1798 1825 1830 -1 1798 1802 1825 -1 1826 1834 1833 -1 1833 1836 1826 -1 1837 1838 1821 -1 1818 1817 1839 -1 1839 1820 1818 -1 1839 1823 1820 -1 1823 1821 1820 -1 1823 1837 1821 -1 1800 1803 1805 -1 1805 1801 1800 -1 1824 1835 1834 -1 1834 1826 1824 -1 1826 1836 1840 -1 1840 1827 1826 -1 1807 1809 1812 -1 1812 1808 1807 -1 1797 1829 1835 -1 1835 1839 1797 -1 1840 1836 1833 -1 1833 1832 1840 -1 1823 1839 1835 -1 1835 1824 1823 -1 1814 1838 1837 -1 1837 1815 1814 -1 1797 1839 1807 -1 1807 1796 1797 -1 1807 1806 1796 -1 1839 1817 1809 -1 1809 1807 1839 -1 1817 1810 1809 -1 1823 1802 1812 -1 1812 1837 1823 -1 1812 1815 1837 -1 1802 1801 1808 -1 1808 1812 1802 -1 1801 1805 1808 -1 1832 1828 1831 -1 1831 1840 1832 -1 1831 1827 1840 -1 1818 1820 1819 -1 1819 1841 1818 -1 1841 1811 1818 -1 1811 1816 1818 -1 1842 1841 1819 -1 1819 1822 1842 -1 1814 1813 1842 -1 1842 1822 1821 -1 1821 1838 1842 -1 1838 1814 1842 -1 1811 1841 1842 -1 1842 1813 1811 -1 1843 1581 1578 -1 1578 1844 1843 -1 1844 1845 1843 -1 1844 1846 1845 -1 1846 1847 1845 -1 1848 1844 1578 -1 1849 1850 1851 -1 1851 1852 1849 -1 1853 1854 1849 -1 1849 1852 1853 -1 1855 1854 1853 -1 1853 1856 1855 -1 1851 1856 1853 -1 1853 1852 1851 -1 1857 1850 1849 -1 1849 1858 1857 -1 1849 1854 1858 -1 1855 1859 1860 -1 1860 1854 1855 -1 1860 1858 1854 -1 1847 1857 1858 -1 1858 1861 1847 -1 1861 1845 1847 -1 1861 1231 1845 -1 1846 1859 1855 -1 1855 1856 1846 -1 1856 1847 1846 -1 1856 1851 1847 -1 1851 1857 1847 -1 1857 1851 1850 -1 1843 1845 1231 -1 1231 1265 1843 -1 1844 1848 1862 -1 1862 1863 1844 -1 1452 1864 1865 -1 1865 1447 1452 -1 1865 1866 1447 -1 1581 1843 1265 -1 1265 1270 1581 -1 1270 1519 1581 -1 1519 1867 1581 -1 1867 1868 1581 -1 1868 1869 1581 -1 1869 1870 1581 -1 1871 1449 1447 -1 1447 1866 1871 -1 1866 1872 1871 -1 1872 1873 1871 -1 1873 1874 1871 -1 1874 1519 1871 -1 1872 1875 1873 -1 1872 1876 1875 -1 1874 1877 1519 -1 1877 1867 1519 -1 1878 1472 1473 -1 1473 1270 1878 -1 1473 1474 1270 -1 1474 1879 1270 -1 1879 1514 1270 -1 1514 1519 1270 -1 1876 1880 1881 -1 1881 1875 1876 -1 1880 1882 1881 -1 1880 1883 1882 -1 1880 1884 1883 -1 1880 1885 1884 -1 1886 1470 1469 -1 1887 1888 1889 -1 1889 1890 1887 -1 1890 1891 1887 -1 1891 1892 1887 -1 1892 1893 1887 -1 1469 1471 1894 -1 1894 1895 1469 -1 1895 1886 1469 -1 1895 1497 1886 -1 1895 1862 1497 -1 1896 1897 1463 -1 1463 1448 1896 -1 1448 1898 1896 -1 1448 1446 1898 -1 1446 1899 1898 -1 1446 1900 1899 -1 1446 1501 1900 -1 1899 1901 1898 -1 1899 1902 1901 -1 1902 1888 1901 -1 1902 1889 1888 -1 1501 1903 1900 -1 1501 1904 1903 -1 1501 1497 1904 -1 1862 1848 1578 -1 1578 1497 1862 -1 1578 1904 1497 -1 1578 1905 1904 -1 1578 1906 1905 -1 1578 1907 1906 -1 1578 1581 1870 -1 1870 1908 1578 -1 1908 1907 1578 -1 1870 1909 1908 -1 1908 1909 1910 -1 1910 1911 1908 -1 1555 1558 1912 -1 1912 1913 1555 -1 1914 1884 1885 -1 1885 1915 1914 -1 1885 1892 1915 -1 1885 1893 1892 -1 1863 1862 1895 -1 1895 1916 1863 -1 1265 1231 1861 -1 1861 1270 1265 -1 1886 1497 1543 -1 1543 1558 1886 -1 1917 1918 1868 -1 1868 1867 1917 -1 1918 1919 1869 -1 1869 1868 1918 -1 1869 1919 1909 -1 1909 1870 1869 -1 1914 1920 1883 -1 1883 1884 1914 -1 1920 1921 1882 -1 1882 1883 1920 -1 1922 1881 1882 -1 1882 1921 1922 -1 1923 1875 1881 -1 1881 1922 1923 -1 1924 1873 1875 -1 1875 1923 1924 -1 1924 1925 1874 -1 1874 1873 1924 -1 1925 1926 1877 -1 1877 1874 1925 -1 1877 1926 1917 -1 1917 1867 1877 -1 1924 1923 1922 -1 1922 1921 1924 -1 1921 1925 1924 -1 1921 1920 1925 -1 1920 1926 1925 -1 1920 1914 1926 -1 1914 1917 1926 -1 1914 1927 1917 -1 1927 1918 1917 -1 1927 1928 1918 -1 1928 1919 1918 -1 1928 1929 1919 -1 1929 1910 1919 -1 1910 1909 1919 -1 1916 1860 1859 -1 1859 1846 1916 -1 1846 1844 1916 -1 1844 1863 1916 -1 1876 1888 1887 -1 1887 1880 1876 -1 1472 1878 1894 -1 1894 1471 1472 -1 1864 1452 1463 -1 1463 1897 1864 -1 1930 1931 1929 -1 1929 1928 1930 -1 1866 1865 1896 -1 1896 1898 1866 -1 1893 1885 1880 -1 1880 1887 1893 -1 1872 1901 1888 -1 1888 1876 1872 -1 1446 1449 1530 -1 1530 1501 1446 -1 1530 1531 1501 -1 1449 1532 1530 -1 1449 1871 1532 -1 1532 1913 1912 -1 1912 1530 1532 -1 1932 1930 1928 -1 1928 1927 1932 -1 1929 1931 1911 -1 1911 1910 1929 -1 1914 1915 1932 -1 1932 1927 1914 -1 1865 1864 1897 -1 1897 1896 1865 -1 1872 1866 1898 -1 1898 1901 1872 -1 1905 1906 1933 -1 1933 1934 1905 -1 1879 1555 1556 -1 1556 1514 1879 -1 1519 1535 1532 -1 1532 1871 1519 -1 1556 1555 1913 -1 1913 1532 1556 -1 1899 1935 1936 -1 1936 1902 1899 -1 1891 1890 1937 -1 1937 1938 1891 -1 1904 1905 1934 -1 1934 1939 1904 -1 1899 1900 1940 -1 1940 1935 1899 -1 1892 1891 1938 -1 1938 1915 1892 -1 1933 1906 1907 -1 1907 1908 1933 -1 1937 1941 1936 -1 1936 1935 1937 -1 1935 1938 1937 -1 1935 1940 1938 -1 1940 1915 1938 -1 1940 1942 1915 -1 1942 1932 1915 -1 1942 1939 1932 -1 1939 1930 1932 -1 1939 1934 1930 -1 1934 1931 1930 -1 1934 1933 1931 -1 1933 1911 1931 -1 1933 1908 1911 -1 1900 1903 1942 -1 1942 1940 1900 -1 1902 1936 1941 -1 1941 1889 1902 -1 1889 1941 1937 -1 1937 1890 1889 -1 1942 1903 1904 -1 1904 1939 1942 -1 1474 1470 1886 -1 1886 1558 1474 -1 1558 1555 1474 -1 1555 1879 1474 -1 1531 1530 1912 -1 1912 1558 1531 -1 1558 1543 1531 -1 1916 1895 1860 -1 1270 1861 1858 -1 1858 1878 1270 -1 1894 1878 1860 -1 1860 1895 1894 -1 1878 1858 1860 -1 1703 1943 1696 -1 1943 1703 1944 -1 1944 1705 1943 -1 1705 1944 1704 -1 8 1944 1703 -1 1944 8 12 -1 1944 12 1704 -1 1943 1945 1696 -1 1945 1943 1946 -1 1946 1943 1705 -1 12 1947 1948 -1 1947 12 8 -1 1949 1947 1950 -1 1947 1949 1948 -1 9 1945 1951 -1 1703 1947 8 -1 1947 1703 1696 -1 1947 1696 1950 -1 1950 1696 1945 -1 1950 1945 9 -1 1951 16 9 -1 16 1951 1952 -1 9 1949 1950 -1 1949 9 16 -1 1948 1705 12 -1 1705 1948 1949 -1 1705 1949 1946 -1 1946 1949 1952 -1 1952 1949 16 -1 1704 12 1705 -1 1952 1945 1946 -1 1945 1952 1951 -1 1953 1954 1955 -1 1954 1953 1956 -1 1957 1958 1959 -1 1958 1957 1960 -1 1961 1962 1963 -1 1962 1961 1964 -1 1958 1965 1959 -1 1965 1958 1966 -1 1963 1967 1968 -1 1967 1963 1962 -1 1967 1962 1969 -1 1969 1962 1970 -1 1970 1962 1971 -1 1972 1968 1967 -1 1973 1974 1975 -1 1976 1961 1977 -1 1961 1976 1978 -1 1961 1978 1964 -1 1964 1978 1974 -1 1964 1974 1973 -1 1979 1953 1980 -1 1953 1979 1956 -1 1981 1982 1983 -1 1982 1981 1984 -1 1983 1985 1986 -1 1985 1983 1982 -1 1987 1982 1984 -1 1982 1987 1988 -1 1988 1985 1982 -1 1985 1988 1989 -1 1989 1990 1985 -1 1990 1989 1991 -1 1989 1992 1991 -1 1992 1989 1993 -1 1987 1994 1988 -1 1994 1987 1995 -1 1988 1993 1989 -1 1993 1988 1994 -1 1996 1976 1977 -1 1976 1996 1997 -1 1986 1990 1998 -1 1990 1986 1985 -1 1999 1958 1960 -1 1958 1999 1966 -1 1966 1999 1974 -1 1974 1999 1975 -1 1976 1965 1978 -1 1965 1957 1959 -1 1957 1965 1997 -1 1997 1965 1976 -1 1967 1979 1980 -1 1979 1967 1969 -1 1965 1974 1978 -1 1974 1965 1966 -1 2000 1953 1955 -1 1953 2000 1980 -1 1980 2000 1967 -1 1967 2000 1972 -1 1970 1979 1969 -1 1979 1954 1956 -1 1954 1979 2001 -1 2001 1979 1970 -1 1987 1962 1995 -1 1962 1987 2002 -1 1962 2002 1971 -1 1995 1964 2003 -1 1964 1995 1962 -1 2003 1964 1973 -1 1986 2004 1983 -1 2004 1986 2005 -1 2004 2005 1993 -1 2004 1993 1994 -1 1992 1990 1991 -1 1990 1992 1998 -1 1983 2006 1981 -1 2006 1983 2004 -1 2006 2004 1994 -1 2006 1994 1995 -1 1998 2005 1986 -1 2005 1998 1992 -1 2005 1992 1993 -1 1981 1961 1984 -1 1961 1981 1996 -1 1961 1996 1977 -1 1984 1963 2007 -1 1963 1984 1961 -1 2007 1963 1968 -1 2002 1954 2001 -1 2000 1984 2007 -1 1984 2000 1955 -1 1984 1955 1987 -1 1987 1955 1954 -1 1987 1954 2002 -1 2006 1957 1981 -1 1957 2006 1960 -1 1960 2006 1999 -1 1999 2006 2003 -1 2003 2006 1995 -1 1981 1997 1996 -1 1997 1981 1957 -1 1970 2002 2001 -1 2002 1970 1971 -1 1999 1973 1975 -1 1973 1999 2003 -1 1968 2000 2007 -1 2000 1968 1972 -1 1633 2008 2009 -1 2008 1633 2010 -1 2011 2009 2008 -1 2009 2011 2012 -1 2013 2012 2011 -1 2012 2013 1634 -1 2014 2015 2016 -1 2017 1634 2013 -1 1634 2017 2018 -1 1634 2018 2016 -1 1634 2016 2015 -1 1634 2015 2019 -1 2020 2021 2022 -1 2021 2020 2023 -1 2024 2022 2025 -1 2022 2024 2020 -1 2026 2025 2027 -1 2025 2026 2024 -1 2026 1612 2028 -1 1612 2026 2027 -1 2029 2030 2031 -1 2030 2029 2032 -1 2030 2032 2033 -1 2030 2033 2034 -1 2030 2034 2035 -1 2030 2035 2036 -1 2036 2035 2037 -1 2037 2035 2038 -1 2038 2035 2039 -1 2039 2035 2012 -1 2012 2035 2040 -1 2039 2012 2041 -1 2041 2012 2042 -1 2042 2012 1600 -1 2012 2040 2009 -1 2009 2040 2043 -1 2009 2043 1612 -1 2009 1612 1633 -1 2043 2040 2044 -1 2044 2040 2045 -1 2045 2040 2046 -1 2046 2040 2047 -1 2046 2047 2048 -1 2048 2047 2049 -1 2049 2047 2050 -1 2050 2047 2051 -1 2051 2047 2052 -1 2051 2052 2053 -1 2051 2053 2054 -1 1633 2027 2021 -1 2027 1633 1612 -1 2021 2027 2025 -1 2021 2025 2022 -1 2055 2019 2056 -1 2019 2055 1634 -1 1634 2055 2057 -1 1634 2057 1600 -1 1634 1600 2012 -1 2057 2058 1600 -1 2058 2057 2059 -1 2055 2059 2057 -1 2059 2055 2060 -1 2056 2060 2055 -1 2060 2056 2061 -1 2019 2061 2056 -1 2061 2019 2015 -1 2062 2026 2028 -1 2026 2062 2024 -1 2024 2062 2063 -1 2024 2063 2020 -1 2020 2063 2064 -1 2065 2066 2067 -1 2066 2065 2068 -1 2068 2065 2069 -1 2068 2069 2070 -1 2070 2069 2071 -1 2020 2072 2023 -1 2072 2020 2064 -1 2072 2064 2067 -1 2072 2067 2066 -1 2073 2074 2075 -1 2074 2073 2076 -1 2076 2077 2074 -1 2077 2076 2078 -1 2078 2079 2077 -1 2079 2078 2080 -1 2080 2081 2079 -1 2081 2080 2082 -1 2013 2083 2017 -1 2083 2013 2084 -1 2084 2013 2085 -1 2085 2013 2086 -1 2010 2076 2008 -1 2076 2010 2082 -1 2008 2076 2073 -1 2076 2082 2078 -1 2078 2082 2080 -1 2087 2088 2089 -1 2088 2087 2090 -1 2090 2087 2091 -1 2091 2087 2092 -1 2092 2087 2093 -1 2093 2087 2094 -1 2093 2094 2095 -1 2093 2095 2096 -1 2093 2096 2097 -1 2093 2097 2011 -1 2093 2011 2098 -1 2011 2097 2099 -1 2011 2099 2100 -1 2011 2100 2086 -1 2011 2086 2013 -1 2098 2011 2008 -1 2098 2008 2101 -1 2101 2008 2073 -1 2098 2101 2102 -1 2098 2102 2103 -1 2098 2103 2104 -1 2098 2104 2105 -1 2105 2104 2106 -1 2105 2106 2107 -1 2105 2107 2108 -1 2105 2108 2109 -1 2105 2109 2110 -1 2110 2109 2111 -1 2111 2109 2112 -1 2018 2083 2113 -1 2083 2018 2017 -1 2113 2084 2114 -1 2084 2113 2083 -1 2114 2085 2115 -1 2085 2114 2084 -1 2115 2086 2116 -1 2086 2115 2085 -1 2018 2117 2016 -1 2117 2018 2118 -1 2118 2018 2119 -1 2119 2018 2113 -1 2119 2113 2120 -1 2120 2113 2114 -1 2120 2114 2121 -1 2121 2114 2115 -1 2121 2115 2116 -1 2122 2123 2124 -1 2123 2122 2125 -1 2123 2125 2126 -1 2126 2125 2117 -1 2126 2117 2118 -1 2127 2079 2081 -1 2079 2127 2128 -1 2128 2127 2129 -1 2129 2127 2130 -1 2129 2130 2131 -1 2131 2130 2132 -1 2131 2132 2133 -1 2133 2132 2134 -1 2133 2134 2135 -1 2074 2136 2075 -1 2136 2074 2077 -1 2136 2077 2137 -1 2137 2077 2079 -1 2137 2079 2128 -1 2108 2051 2109 -1 2051 2108 2135 -1 2051 2135 2071 -1 2051 2071 2050 -1 2130 2072 2066 -1 2072 2130 2127 -1 2010 2081 2082 -1 2081 2010 1633 -1 2081 1633 2023 -1 2081 2023 2072 -1 2023 1633 2021 -1 2072 2127 2081 -1 2132 2066 2068 -1 2066 2132 2130 -1 2134 2068 2070 -1 2068 2134 2132 -1 2134 2071 2135 -1 2071 2134 2070 -1 2089 2124 2087 -1 2124 2089 2031 -1 2124 2031 2138 -1 2138 2031 2030 -1 2050 2069 2049 -1 2069 2050 2071 -1 2053 2110 2111 -1 2110 2053 2052 -1 2102 2136 2137 -1 2136 2102 2101 -1 2047 2098 2105 -1 2098 2047 2040 -1 2033 2090 2091 -1 2090 2033 2032 -1 2052 2105 2110 -1 2105 2052 2047 -1 2112 2053 2111 -1 2053 2112 2054 -1 2139 2037 2140 -1 2037 2139 2036 -1 2121 2099 2120 -1 2099 2121 2100 -1 2040 2093 2098 -1 2093 2040 2035 -1 2035 2092 2093 -1 2092 2035 2034 -1 2097 2120 2099 -1 2120 2097 2119 -1 1600 2141 2042 -1 2141 1600 2058 -1 2102 2128 2103 -1 2128 2102 2137 -1 2095 2118 2096 -1 2118 2095 2126 -1 2142 2039 2143 -1 2039 2142 2038 -1 2062 2044 2063 -1 2044 2062 2043 -1 2063 2045 2064 -1 2045 2063 2044 -1 2064 2046 2067 -1 2046 2064 2045 -1 2143 2041 2144 -1 2041 2143 2039 -1 2140 2038 2142 -1 2038 2140 2037 -1 2109 2054 2112 -1 2054 2109 2051 -1 2031 2088 2029 -1 2088 2031 2089 -1 2116 2100 2121 -1 2100 2116 2086 -1 2138 2036 2139 -1 2036 2138 2030 -1 2095 2123 2126 -1 2123 2095 2094 -1 2034 2091 2092 -1 2091 2034 2033 -1 2042 2144 2041 -1 2144 2042 2141 -1 2133 2106 2131 -1 2106 2133 2107 -1 2103 2129 2104 -1 2129 2103 2128 -1 2104 2131 2106 -1 2131 2104 2129 -1 2087 2123 2094 -1 2123 2087 2124 -1 2096 2119 2097 -1 2119 2096 2118 -1 2067 2048 2065 -1 2048 2067 2046 -1 2028 2043 2062 -1 2043 2028 1612 -1 2029 2090 2032 -1 2090 2029 2088 -1 2135 2107 2133 -1 2107 2135 2108 -1 2049 2065 2048 -1 2065 2049 2069 -1 2073 2136 2101 -1 2136 2073 2075 -1 2014 2117 2145 -1 2117 2014 2016 -1 2139 2146 2138 -1 2146 2139 2147 -1 2147 2139 2140 -1 2147 2140 2145 -1 2145 2140 2142 -1 2144 2061 2143 -1 2061 2144 2060 -1 2060 2144 2141 -1 2060 2141 2059 -1 2059 2141 2058 -1 2145 2015 2014 -1 2015 2145 2142 -1 2015 2142 2143 -1 2015 2143 2061 -1 2145 2125 2147 -1 2125 2145 2117 -1 2147 2122 2146 -1 2122 2147 2125 -1 2146 2124 2138 -1 2124 2146 2122 -1 1635 1593 2148 -1 1593 1635 1594 -1 1594 1635 2149 -1 2149 1635 1636 -1 1603 2150 1600 -1 2150 1603 2151 -1 1636 1602 1612 -1 1602 1636 1635 -1 1602 1635 1600 -1 1602 1600 2150 -1 2152 1594 1598 -1 1594 2152 1593 -1 2010 2009 2008 -1 2009 2010 2149 -1 2149 2010 2153 -1 1636 2009 2149 -1 1635 2011 2012 -1 2011 1635 2148 -1 2148 2013 2011 -1 2013 2148 2154 -1 2008 2012 2011 -1 2012 2008 2009 -1 2155 2156 2157 -1 2156 2155 2158 -1 2157 2159 2160 -1 2159 2157 2156 -1 2160 2161 2162 -1 2161 2160 2159 -1 2162 2163 2164 -1 2163 2162 2161 -1 2164 2165 2166 -1 2165 2164 2163 -1 2165 1603 2166 -1 1603 2165 2151 -1 2167 2155 2168 -1 2155 2167 2158 -1 2156 2161 2159 -1 2161 2156 2163 -1 2163 2156 2158 -1 2163 2158 2165 -1 2165 2158 2167 -1 2165 2167 2151 -1 2151 2167 2169 -1 2151 2169 2170 -1 2151 2170 2171 -1 2170 2169 2172 -1 2171 2170 2173 -1 2174 1602 2150 -1 1602 2174 2175 -1 2176 2175 2174 -1 2175 2176 2177 -1 2178 2177 2176 -1 2177 2178 2179 -1 2180 2179 2178 -1 2179 2180 2181 -1 2182 2181 2180 -1 2181 2182 2183 -1 2184 2183 2182 -1 2183 2184 2185 -1 2186 2185 2184 -1 2185 2186 2187 -1 2178 2182 2180 -1 2182 2178 2176 -1 2182 2176 2184 -1 2184 2176 2174 -1 2184 2174 2186 -1 2186 2174 2150 -1 2186 2150 2188 -1 2188 2150 2189 -1 2189 2150 2190 -1 2188 2189 2191 -1 2189 2190 2192 -1 2193 2160 2194 -1 2160 2193 2157 -1 2157 2193 2155 -1 2155 2193 2168 -1 2195 1956 2196 -1 1956 2195 1979 -1 1979 2195 2197 -1 1979 2197 2198 -1 1979 2198 1969 -1 1969 2198 2164 -1 1969 2164 1600 -1 2164 2198 2162 -1 2162 2198 2194 -1 2162 2194 2160 -1 1600 2164 2166 -1 1600 2166 1603 -1 2151 2190 2150 -1 2190 2151 2171 -1 2149 2199 1594 -1 2199 2149 2153 -1 1594 2200 1598 -1 2200 1594 2199 -1 2152 2201 1593 -1 2201 2152 2202 -1 1598 2202 2152 -1 2202 1598 2200 -1 2171 2192 2190 -1 2192 2171 2173 -1 1980 1969 1967 -1 1969 1980 1979 -1 1612 2009 1636 -1 1969 2012 1967 -1 2012 1969 1600 -1 2012 1600 1635 -1 1967 2012 2009 -1 1967 2009 1612 -1 2193 2167 2168 -1 2167 2193 2203 -1 2167 2187 2186 -1 2187 2167 2203 -1 2204 1956 1953 -1 1956 2204 2196 -1 1980 1956 1979 -1 1956 1980 1953 -1 2148 2201 2154 -1 2201 2148 1593 -1 1959 2205 2206 -1 2205 1959 1958 -1 2013 2202 2200 -1 2202 2013 2154 -1 2202 2154 2201 -1 1894 2207 2208 -1 2207 1894 2209 -1 2207 2209 1878 -1 2209 1894 2210 -1 2209 2210 2010 -1 2010 2210 2013 -1 2010 2013 2200 -1 2010 2200 2153 -1 2153 2200 2199 -1 2211 2212 2213 -1 2212 2211 2207 -1 2212 2207 2214 -1 2214 2207 1878 -1 2215 2216 2217 -1 2216 2215 2218 -1 2186 2169 2167 -1 2169 2186 2188 -1 2189 2173 2170 -1 2173 2189 2192 -1 2219 2194 2198 -1 2194 2219 2220 -1 2221 2222 2223 -1 2222 2221 2224 -1 2169 2191 2172 -1 2191 2169 2188 -1 2225 2195 2226 -1 2195 2225 2197 -1 2219 2197 2225 -1 2197 2219 2198 -1 2226 2196 2204 -1 2196 2226 2195 -1 2224 2227 2222 -1 2227 2224 2228 -1 2229 2230 2231 -1 2230 2229 2232 -1 2230 2221 2223 -1 2221 2230 2232 -1 2208 2233 2234 -1 2233 2208 2207 -1 2233 2231 2234 -1 2231 2233 2229 -1 2172 2189 2170 -1 2189 2172 2191 -1 2220 2193 2194 -1 2193 2220 2203 -1 2215 2235 2218 -1 2235 2215 2236 -1 2236 2215 2237 -1 2237 2215 2238 -1 2239 1959 2206 -1 1959 2239 1965 -1 1965 2239 2240 -1 1965 2240 2241 -1 1965 2241 1978 -1 1978 2241 2242 -1 1978 2242 2243 -1 1978 2243 2244 -1 1978 2244 2245 -1 1978 2245 1878 -1 2242 2241 2218 -1 2242 2218 2235 -1 1878 2245 2246 -1 1878 2246 2247 -1 1878 2247 2248 -1 1878 2248 2214 -1 1953 2226 2204 -1 2226 1953 1980 -1 2226 1980 2225 -1 2225 1980 2219 -1 1612 1980 1967 -1 1980 1612 2177 -1 1980 2177 2219 -1 2219 2177 2179 -1 2219 2179 2220 -1 2220 2179 2181 -1 2177 1612 2175 -1 2175 1612 1602 -1 2181 2203 2220 -1 2203 2181 2183 -1 2203 2183 2185 -1 2203 2185 2187 -1 1974 2011 1894 -1 2011 1974 1978 -1 1894 2011 2210 -1 2210 2011 2013 -1 2011 1978 2008 -1 2008 1978 2209 -1 2209 1978 1878 -1 2209 2010 2008 -1 2244 2249 2250 -1 2249 2244 2243 -1 2249 2242 2251 -1 2242 2249 2243 -1 2252 2251 2253 -1 2251 2252 2249 -1 2249 2252 2254 -1 2249 2254 2250 -1 2250 2254 2255 -1 2250 2255 2256 -1 2256 2255 2257 -1 2257 2255 2258 -1 2257 2258 2259 -1 2259 2258 2260 -1 2259 2260 2261 -1 2261 2260 2262 -1 2261 2262 2212 -1 2212 2262 2213 -1 2212 2248 2261 -1 2248 2212 2214 -1 2248 2259 2261 -1 2259 2248 2247 -1 2247 2257 2259 -1 2257 2247 2246 -1 2245 2250 2256 -1 2250 2245 2244 -1 2257 2245 2256 -1 2245 2257 2246 -1 2251 2235 2253 -1 2235 2251 2242 -1 2253 2236 2252 -1 2236 2253 2235 -1 2236 2254 2252 -1 2254 2236 2237 -1 2237 2255 2254 -1 2255 2237 2238 -1 2263 2264 2265 -1 2264 2263 2266 -1 2267 2265 2268 -1 2265 2267 2263 -1 2269 2267 2268 -1 2267 2269 2270 -1 2228 2270 2271 -1 2270 2228 2267 -1 2267 2228 2224 -1 2267 2224 2263 -1 2263 2224 2221 -1 2263 2221 2266 -1 2266 2221 2232 -1 2266 2232 2272 -1 2272 2232 2229 -1 2272 2229 2273 -1 2273 2229 2233 -1 2273 2233 2274 -1 2274 2233 2207 -1 2274 2207 2211 -1 2227 2271 2275 -1 2271 2227 2228 -1 2275 2270 2269 -1 2270 2275 2271 -1 2216 2241 2276 -1 2241 2216 2218 -1 2240 2276 2241 -1 2276 2240 2277 -1 2264 2255 2278 -1 2255 2264 2266 -1 2217 2238 2215 -1 2238 2217 2278 -1 2238 2278 2255 -1 2262 2273 2274 -1 2273 2262 2260 -1 1966 2205 1958 -1 2205 1966 2279 -1 2279 1966 2277 -1 2277 1966 2276 -1 1974 2223 1966 -1 2223 1974 1894 -1 1966 2223 2222 -1 1966 2222 2227 -1 1966 2227 2275 -1 1966 2275 2276 -1 2276 2275 2216 -1 2223 1894 2230 -1 2230 1894 2231 -1 2231 1894 2234 -1 2234 1894 2208 -1 2216 2269 2217 -1 2269 2216 2275 -1 2217 2269 2268 -1 2217 2268 2265 -1 2217 2265 2264 -1 2217 2264 2278 -1 2206 2279 2239 -1 2279 2206 2205 -1 2272 2255 2266 -1 2255 2272 2258 -1 2211 2262 2274 -1 2262 2211 2213 -1 2260 2272 2273 -1 2272 2260 2258 -1 2239 2277 2240 -1 2277 2239 2279 -1 "
						                >
							<Coordinate DEF="coords_ME_08-1_001"
							            point="-2.316191 -17.905035 27.834677 -11.019051 19.890242 36.102394 -11.019051 -17.905035 36.102394 -2.316191 19.890242 27.834677 -11.333440 19.890242 36.102394 -11.333440 -17.905035 36.102394 -11.333440 -17.905035 35.314991 -11.333440 19.890242 35.314991 -3.459424 -17.905035 27.834677 -3.459424 19.890242 27.834677 6.383095 -17.905035 35.314991 -0.525626 -17.905035 27.834677 0.477583 -17.905035 27.834677 6.001519 -17.905035 36.102394 6.383095 -17.905035 36.102394 6.001519 19.890242 36.102394 0.477583 19.890242 27.834677 -0.525626 19.890242 27.834677 6.383095 19.890242 35.314991 6.383095 19.890242 36.102394 14.703657 -13.968026 43.582710 9.407461 -13.968026 36.102394 10.320103 -13.968026 36.102394 14.252442 -13.968026 44.370110 14.703657 -13.968026 44.370110 14.252442 15.953233 44.370110 10.320103 15.953233 36.102394 9.407461 15.953233 36.102394 14.703657 15.953233 43.582710 14.703657 15.953233 44.370110 -22.357061 19.890242 36.889793 -14.483047 19.890242 36.102394 -22.357061 19.890242 36.102394 -14.483047 19.890242 36.889793 -22.357061 -17.905035 36.102394 -22.357061 -17.905035 36.889793 -14.483047 -17.905035 36.102394 -14.483047 -17.905035 36.889793 -21.569660 2.961107 30.196882 -21.569660 2.567406 30.196882 -21.569660 2.567406 36.102394 -21.569660 2.961107 36.102394 -15.270448 2.961107 30.196882 -15.270448 2.961107 36.102394 -21.569660 -0.582200 30.196882 -21.569660 -0.975901 30.196882 -21.569660 -0.975901 36.102394 -21.569660 -0.582200 36.102394 -15.270448 -0.975901 30.196882 -15.270448 -0.975901 36.102394 -21.963362 0.402052 30.196882 -21.963362 -0.582200 30.196882 -21.963362 -0.582200 36.102394 -21.963362 0.402052 36.102394 -23.538164 0.205202 36.102394 -23.538164 0.205202 30.196882 -23.538164 1.780005 30.196882 -23.538164 1.780005 36.102394 -21.963362 1.583154 36.102394 -21.963362 1.583154 30.196882 -21.963362 2.567406 30.196882 -21.963362 2.567406 36.102394 -15.270448 -0.582200 36.102394 -15.270448 2.567406 36.102394 -13.642799 -0.582200 36.102394 -13.642799 2.567406 36.102394 -13.642799 -0.582200 38.464600 -13.642799 2.567406 38.464600 -11.333440 -0.975901 30.196882 -11.333440 -0.975901 36.102394 -11.333440 -0.582200 32.165386 -11.333440 2.961107 30.196882 -11.333440 2.567406 32.165386 -11.333440 2.567406 36.102394 -11.333440 2.961107 36.102394 -11.333440 -0.582200 36.102394 -15.270448 -0.582200 32.165386 -15.270448 2.567406 32.165386 -3.459424 2.567406 36.102394 -3.459424 2.961107 36.102394 0.477583 -0.975901 30.196882 0.477583 -0.975901 36.102394 0.477583 -0.582200 32.165386 0.477583 2.961107 30.196882 0.477583 2.567406 32.165386 0.477583 2.567406 36.102394 0.477583 2.961107 36.102394 0.477583 -0.582200 36.102394 -3.459424 2.567406 32.165386 -3.459424 -0.582200 36.102394 -3.459424 -0.975901 36.102394 -3.459424 -0.975901 30.196882 -3.459424 -0.582200 32.165386 -3.459424 2.961107 30.196882 18.640665 -0.975901 36.102394 24.838612 -0.975901 36.102394 24.838612 2.961107 36.102394 18.640665 2.961107 36.102394 18.640665 -0.582200 36.102394 18.640665 2.567406 36.102394 14.703657 -0.582200 36.102394 14.703657 2.567406 36.102394 14.703657 -0.975901 36.102394 14.309957 -0.582200 36.102394 10.320103 -0.975901 36.102394 14.703657 2.961107 36.102394 10.320103 -0.582200 36.102394 10.320103 2.961107 36.102394 14.309957 2.567406 36.102394 10.320103 2.567406 36.102394 10.320103 -0.975901 30.196882 10.320103 -0.582200 32.165386 10.320103 2.961107 30.196882 10.320103 2.567406 32.165386 6.383095 2.961107 36.102394 6.383095 2.567406 36.102394 6.383095 2.567406 32.165386 6.383095 -0.582200 36.102394 6.383095 -0.975901 36.102394 6.383095 -0.975901 30.196882 6.383095 -0.582200 32.165386 6.383095 2.961107 30.196882 8.010744 2.567406 36.102394 8.010744 2.567406 38.464600 14.207558 2.567406 36.697746 13.937398 2.567406 37.238064 13.522555 2.567406 37.677197 13.522555 2.567406 38.464600 14.207558 -0.582200 36.697746 13.937398 -0.582200 37.238064 13.522555 -0.582200 37.677197 13.522555 -0.582200 38.464600 14.113107 -0.975901 30.196882 14.113107 -0.975901 30.984283 14.703657 -0.975901 30.984283 14.703657 2.961107 30.984283 14.113107 2.961107 30.984283 14.113107 2.961107 30.196882 14.703657 -0.582200 32.165386 18.640665 -0.582200 32.165386 26.514681 0.992603 35.371311 22.791367 -0.975901 30.984283 24.759871 0.992603 30.984283 22.476406 0.992603 30.196882 20.507902 -0.975901 30.196882 22.791367 2.961107 30.984283 14.703657 2.567406 32.165386 18.640665 2.961107 30.984283 19.231216 2.961107 30.984283 19.231216 -0.975901 30.984283 18.640665 -0.975901 30.984283 20.507902 2.961107 30.196882 19.231216 2.961107 30.196882 19.231216 -0.975901 30.196882 18.640665 2.567406 32.165386 2.656414 2.961107 51.850426 2.656414 -0.975901 46.732315 2.656414 -0.975901 51.850426 2.656414 2.961107 46.732315 16.672161 2.961107 46.732315 16.672161 -0.975901 46.732315 16.672161 -0.975901 51.850426 16.672161 2.961107 51.850426 16.672161 -0.582200 46.732315 2.656414 -0.582200 44.370110 16.672161 -0.582200 44.370110 2.656414 -0.582200 46.732315 2.656414 2.567406 46.732315 2.656414 2.567406 44.370110 16.672161 2.567406 46.732315 16.672161 2.567406 44.370110 -5.611303 20.677643 51.850426 -5.611303 -18.692436 43.582710 -5.611303 -18.692436 51.850426 -5.611303 -0.582200 44.370110 -5.611303 2.567406 44.370110 -5.611303 2.567406 43.582710 -5.611303 20.677643 43.582710 -5.611303 -0.582200 43.582710 2.656414 20.677643 51.850426 2.656414 -18.692436 51.850426 2.656414 20.677643 43.582710 2.656414 2.567406 43.582710 2.656414 -0.582200 43.582710 2.656414 -18.692436 43.582710 15.097359 1.583154 44.370110 16.672161 1.780005 38.464600 15.097359 1.583154 38.464600 16.672161 1.780005 44.370110 -5.611303 2.961107 43.582710 -5.611303 2.961107 44.370110 2.656414 2.961107 43.582710 2.656414 2.961107 44.370110 -13.642799 2.961107 44.370110 15.097359 2.961107 38.464600 -13.642799 2.961107 38.464600 15.097359 2.961107 44.370110 2.656414 -0.975901 43.582710 2.656414 -0.975901 44.370110 -5.611303 -0.975901 43.582710 -5.611303 -0.975901 44.370110 15.097359 0.402052 38.464600 15.097359 -0.975901 44.370110 15.097359 -0.975901 38.464600 15.097359 0.402052 44.370110 16.672161 0.205202 44.370110 16.672161 0.205202 38.464600 -13.642799 -0.975901 38.464600 -13.642799 -0.975901 44.370110 -21.963362 -0.582200 33.740189 -21.569660 -0.582200 33.740189 -21.569660 -0.975901 33.740189 -21.963362 -0.975901 33.740189 -21.963362 2.961107 33.740189 -21.569660 2.961107 33.740189 -21.569660 2.567406 33.740189 -21.963362 2.567406 33.740189 -21.963362 2.961107 30.196882 -23.538164 1.976855 30.196882 -21.569660 15.953233 36.102394 -21.569660 15.953233 30.196882 -25.506668 15.953233 30.196882 -25.506668 15.953233 36.102394 -21.569660 -13.968027 30.196882 -21.569660 -13.968027 36.102394 -25.506668 -13.968027 30.196882 -25.506668 -13.968027 36.102394 -21.963362 -0.975901 30.196882 16.672161 1.976855 38.464600 18.640665 15.953233 38.464600 14.703657 15.953233 38.464600 18.640665 15.953233 44.370110 14.703657 2.961107 44.370110 14.703657 2.961107 38.464600 14.703657 -0.975901 44.370110 14.703657 -13.968026 38.464600 14.703657 -0.975901 38.464600 18.640665 -13.968026 44.370110 18.640665 -13.968026 38.464600 14.703657 2.961107 40.039402 14.703657 4.535911 38.464600 14.703657 4.535911 40.039402 13.522555 -0.975901 40.039402 13.522555 -0.975901 38.464600 14.703657 -0.975901 40.039402 13.522555 4.535911 37.677197 13.522555 2.961107 38.464600 13.522555 4.535911 40.039402 13.522555 -2.550704 37.677197 13.522555 -2.550704 40.039402 13.522555 2.961107 40.039402 16.672161 -1.763302 36.102394 19.034367 3.748509 36.102394 19.034367 -1.763302 36.102394 16.672161 3.748509 36.102394 14.207558 3.850908 36.697746 13.937398 -2.135861 37.238064 13.937398 4.121067 37.238064 14.207558 -1.865701 36.697746 14.309957 -1.763302 36.102394 14.309957 3.748509 36.102394 19.821768 -2.550704 37.677197 18.640665 -2.550704 38.464600 19.821768 -2.550704 40.039402 18.640665 -2.550704 40.039402 14.703657 -2.550704 38.464600 14.703657 -2.550704 40.039402 19.136765 -1.865701 36.697746 19.136765 3.850908 36.697746 19.406925 4.121067 37.238064 19.821768 4.535911 37.677197 18.640665 4.535911 40.039402 19.821768 4.535911 40.039402 18.640665 4.535911 38.464600 19.406925 -2.135861 37.238064 -21.569660 -1.348391 31.771685 -21.569660 -2.923194 30.196882 -21.569660 -2.923194 31.771685 -21.569660 -1.348391 30.196882 -20.388557 2.588617 31.771685 -21.569660 2.588617 30.196882 -20.388557 2.588617 30.196882 -21.569660 2.588617 31.771685 -20.388557 -2.923194 29.409479 -20.388557 -1.348391 30.196882 -20.388557 -2.923194 31.771685 -20.388557 4.163420 29.409479 -20.388557 4.163420 31.771685 -20.388557 -1.348391 31.771685 -23.538164 3.376019 27.834677 -25.900370 -2.135792 27.834677 -25.900370 3.376019 27.834677 -23.538164 -2.135792 27.834677 -21.073561 -2.238191 28.430031 -20.803402 3.748577 28.970348 -20.803402 -2.508351 28.970348 -21.073561 3.478417 28.430031 -21.175961 3.376019 27.834677 -21.175961 -2.135792 27.834677 -26.687771 4.163420 29.409479 -25.506668 4.163420 30.196882 -26.687771 4.163420 31.771685 -25.506668 4.163420 31.771685 -21.569660 4.163420 30.196882 -21.569660 4.163420 31.771685 -26.002768 3.478417 28.430031 -26.002768 -2.238191 28.430031 -26.272928 -2.508351 28.970348 -26.687771 -2.923194 29.409479 -25.506668 -2.923194 31.771685 -26.687771 -2.923194 31.771685 -25.506668 -2.923194 30.196882 -26.272928 3.748577 28.970348 19.821768 -13.968026 40.039402 18.640665 -8.456216 40.039402 18.640665 -13.968026 40.039402 19.821768 -8.456216 40.039402 13.937398 -8.871058 37.238064 14.207558 -13.283024 36.697746 13.937398 -13.553184 37.238064 14.207558 -9.141218 36.697746 19.821768 -9.243617 37.677197 19.821768 -13.968026 37.677197 19.821768 -8.456216 37.677197 14.309957 -13.180625 36.102394 14.309957 -9.243617 36.102394 13.522555 -8.456216 37.677197 13.522555 -13.968026 37.677197 14.703657 -13.968026 40.039402 13.522555 -8.456216 40.039402 13.522555 -13.968026 40.039402 14.703657 -8.456216 40.039402 14.703657 -8.456216 38.464600 18.640665 -8.456216 38.464600 19.136765 -13.283024 36.697746 19.034367 -13.180625 36.102394 19.406925 -9.243617 37.238064 19.406925 -13.553184 37.238064 19.136765 -9.243617 36.697746 19.136765 -9.141218 36.697746 19.406925 -8.871058 37.238064 19.034367 -9.243617 36.102394 14.703657 15.165832 36.102394 18.640665 11.228824 36.102394 18.640665 15.165832 36.102394 14.703657 11.228824 36.102394 16.672161 10.638272 36.102394 14.703657 -1.134138 35.511841 16.672161 -1.566452 36.102394 16.672161 -1.645571 35.807117 16.672161 -2.232101 35.491718 18.640665 -8.062515 34.921291 18.640665 -2.157003 34.921291 16.672161 -7.987416 35.491718 14.703657 -9.243617 36.102394 16.672161 -8.573947 35.807117 14.703657 -9.085380 35.511841 16.672161 -8.653066 36.102394 14.703657 10.638272 35.079529 16.672161 10.559154 35.807117 14.703657 11.070586 35.511841 16.672161 10.342997 35.590961 16.672161 -1.861727 35.590961 18.640665 -1.566452 35.079529 14.703657 -8.062515 34.921291 14.703657 -2.157003 34.921291 18.640665 11.070586 35.511841 16.672161 3.630777 35.807117 14.703657 3.551658 35.079529 14.703657 3.119345 35.511841 16.672161 3.846934 35.590961 18.640665 7.291816 30.196882 14.703657 9.916488 30.433102 18.640665 9.916488 30.433102 14.703657 7.291816 30.196882 16.672161 3.551658 36.102394 18.640665 3.119345 35.511841 18.640665 -13.180625 33.740189 14.703657 -13.180625 36.102394 14.703657 -13.180625 33.740189 18.640665 -13.180625 36.102394 18.640665 -1.134138 35.511841 14.703657 10.047722 34.921291 16.672161 9.972623 35.491718 14.703657 -8.653066 35.079529 16.672161 -8.357790 35.590961 18.640665 -7.931281 30.433102 14.703657 -5.306609 30.196882 18.640665 -5.306609 30.196882 14.703657 -7.931281 30.433102 18.640665 4.142210 34.921291 16.672161 4.217308 35.491718 18.640665 3.551658 35.079529 14.703657 4.142210 34.921291 14.703657 -1.566452 35.079529 18.640665 -9.243617 36.102394 14.703657 -12.655691 32.559086 18.640665 -12.655691 32.559086 18.640665 -10.031019 30.905542 14.703657 -10.031019 30.905542 18.640665 -11.605822 31.614204 14.703657 -11.605822 31.614204 18.640665 -8.653066 35.079529 18.640665 -9.085380 35.511841 18.640665 10.047722 34.921291 18.640665 10.638272 35.079529 18.640665 15.165832 33.740189 18.640665 12.016225 30.905542 18.640665 13.591028 31.614204 18.640665 14.640897 32.559086 14.703657 15.165832 33.740189 14.703657 14.640897 32.559086 14.703657 13.591028 31.614204 14.703657 12.016225 30.905542 19.821768 10.441422 40.039402 18.640665 15.953233 40.039402 18.640665 10.441422 40.039402 19.821768 15.953233 40.039402 13.937398 15.538390 37.238064 14.207558 11.126425 36.697746 13.937398 10.856265 37.238064 14.207558 15.268230 36.697746 19.821768 15.165832 37.677197 19.821768 10.441422 37.677197 19.821768 15.953233 37.677197 14.309957 11.228824 36.102394 14.309957 15.165832 36.102394 13.522555 15.953233 37.677197 13.522555 10.441422 37.677197 14.703657 10.441422 40.039402 13.522555 15.953233 40.039402 13.522555 10.441422 40.039402 14.703657 15.953233 40.039402 18.640665 10.441422 38.464600 14.703657 10.441422 38.464600 19.136765 11.126425 36.697746 19.034367 11.228824 36.102394 19.406925 15.165832 37.238064 19.406925 10.856265 37.238064 19.136765 15.165832 36.697746 19.136765 15.268230 36.697746 19.406925 15.538390 37.238064 19.034367 15.165832 36.102394 -20.388557 -13.968027 31.771685 -21.569660 -8.456216 31.771685 -21.569660 -13.968027 31.771685 -20.388557 -8.456216 31.771685 -26.272928 -8.871058 28.970348 -26.002768 -13.283024 28.430031 -26.272928 -13.553184 28.970348 -26.002768 -9.141218 28.430031 -20.388557 -9.243617 29.409479 -20.388557 -13.968027 29.409479 -20.388557 -8.456216 29.409479 -25.900370 -13.180625 27.834677 -25.900370 -9.243617 27.834677 -26.687771 -8.456216 29.409479 -26.687771 -13.968027 29.409479 -25.506668 -13.968027 31.771685 -26.687771 -8.456216 31.771685 -26.687771 -13.968027 31.771685 -25.506668 -8.456216 31.771685 -25.506668 -8.456216 30.196882 -21.569660 -8.456216 30.196882 -21.073561 -13.283024 28.430031 -21.175961 -13.180625 27.834677 -20.803402 -9.243617 28.970348 -20.803402 -13.553184 28.970348 -21.073561 -9.243617 28.430031 -21.073561 -9.141218 28.430031 -20.803402 -8.871058 28.970348 -21.175961 -9.243617 27.834677 -20.388557 10.441422 31.771685 -21.569660 15.953233 31.771685 -21.569660 10.441422 31.771685 -20.388557 15.953233 31.771685 -26.272928 15.538390 28.970348 -26.002768 11.126425 28.430031 -26.272928 10.856265 28.970348 -26.002768 15.268230 28.430031 -20.388557 15.165832 29.409479 -20.388557 10.441422 29.409479 -20.388557 15.953233 29.409479 -25.900370 11.228824 27.834677 -25.900370 15.165832 27.834677 -26.687771 15.953233 29.409479 -26.687771 10.441422 29.409479 -25.506668 10.441422 31.771685 -26.687771 15.953233 31.771685 -26.687771 10.441422 31.771685 -25.506668 15.953233 31.771685 -21.569660 10.441422 30.196882 -25.506668 10.441422 30.196882 -21.073561 11.126425 28.430031 -21.175961 11.228824 27.834677 -20.803402 15.165832 28.970348 -20.803402 10.856265 28.970348 -21.073561 15.165832 28.430031 -21.073561 15.268230 28.430031 -20.803402 15.538390 28.970348 -21.175961 15.165832 27.834677 -25.506668 15.165832 27.834677 -21.569660 11.228824 27.834677 -21.569660 15.165832 27.834677 -25.506668 11.228824 27.834677 -23.538164 10.638272 27.834677 -25.506668 -1.134138 27.244125 -23.538164 -1.566452 27.834677 -25.506668 -0.975901 27.834677 -23.538164 -1.645571 27.539402 -23.538164 -2.232101 27.224003 -21.569660 -8.062515 26.653574 -21.569660 -2.157003 26.653574 -23.538164 -7.987416 27.224003 -25.506668 -9.243617 27.834677 -23.538164 -8.573947 27.539402 -25.506668 -9.085380 27.244125 -23.538164 -8.653066 27.834677 -25.506668 10.638272 26.811811 -23.538164 10.559154 27.539402 -25.506668 11.070586 27.244125 -23.538164 10.342997 27.323244 -23.538164 -1.861727 27.323244 -21.569660 -1.566452 26.811811 -25.506668 -8.062515 26.653574 -25.506668 -2.157003 26.653574 -21.569660 11.070586 27.244125 -23.538164 3.630777 27.539402 -25.506668 3.551658 26.811811 -25.506668 3.119345 27.244125 -23.538164 3.846934 27.323244 -21.569660 7.291816 21.929165 -25.506668 9.916488 22.165386 -21.569660 9.916488 22.165386 -25.506668 7.291816 21.929165 -23.538164 3.551658 27.834677 -21.569660 3.119345 27.244125 -21.569660 2.961107 27.834677 -21.569660 -13.180625 25.472471 -25.506668 -13.180625 27.834677 -25.506668 -13.180625 25.472471 -21.569660 -13.180625 27.834677 -21.569660 -0.975901 27.834677 -21.569660 -1.134138 27.244125 -25.506668 10.047722 26.653574 -23.538164 9.972623 27.224003 -25.506668 -0.582200 27.834677 -21.569660 -0.582200 27.834677 -25.506668 -8.653066 26.811811 -23.538164 -8.357790 27.323244 -21.569660 -7.931281 22.165386 -25.506668 -5.306609 21.929165 -21.569660 -5.306609 21.929165 -25.506668 -7.931281 22.165386 -21.569660 4.142210 26.653574 -23.538164 4.217308 27.224003 -21.569660 3.551658 26.811811 -25.506668 4.142210 26.653574 -25.506668 -1.566452 26.811811 -21.569660 -9.243617 27.834677 -25.506668 -12.655691 24.291370 -21.569660 -12.655691 24.291370 -21.569660 -10.031019 22.637827 -25.506668 -10.031019 22.637827 -21.569660 -11.605822 23.346487 -25.506668 -11.605822 23.346487 -21.569660 -8.653066 26.811811 -21.569660 -9.085380 27.244125 -21.569660 10.047722 26.653574 -21.569660 10.638272 26.811811 -21.569660 15.165832 25.472471 -21.569660 12.016225 22.637827 -21.569660 13.591028 23.346487 -21.569660 14.640897 24.291370 -21.569660 2.567406 23.897669 -21.569660 2.567406 27.834677 -21.569660 -0.582200 23.897669 -25.506668 2.961107 27.834677 -25.506668 15.165832 25.472471 -25.506668 14.640897 24.291370 -25.506668 13.591028 23.346487 -25.506668 -0.582200 23.897669 -25.506668 12.016225 22.637827 -25.506668 2.567406 23.897669 -25.506668 2.567406 27.834677 -15.231078 -0.582200 32.165386 -15.231078 -0.582200 36.102394 -15.270448 -17.905035 36.102394 -15.270448 2.173706 32.165386 -11.333440 2.173706 32.165386 -15.270448 -17.905035 30.196882 -11.333440 -17.905035 30.196882 -11.333440 19.890242 30.196882 -15.270448 19.890242 30.196882 -15.270448 19.890242 36.102394 -15.270448 2.173706 36.102394 -11.333440 2.173706 36.102394 6.422465 -0.582200 32.165386 6.422465 -0.582200 36.102394 10.320103 -17.905035 36.102394 6.383095 2.173706 32.165386 10.320103 2.173706 32.165386 6.383095 -17.905035 30.196882 10.320103 -17.905035 30.196882 10.320103 19.890242 30.196882 6.383095 19.890242 30.196882 6.383095 2.173706 36.102394 10.320103 19.890242 36.102394 10.320103 2.173706 36.102394 -3.420054 -0.582200 32.165386 -3.420054 -0.582200 36.102394 -3.459424 -18.692436 36.102394 0.477583 -18.692436 36.102394 -3.459424 2.173706 32.165386 0.477583 2.173706 32.165386 -3.459424 -18.692436 30.196882 0.477583 -18.692436 30.196882 0.477583 20.677643 30.196882 -3.459424 20.677643 30.196882 -3.459424 20.677643 36.102394 -3.459424 2.173706 36.102394 0.477583 20.677643 36.102394 0.477583 2.173706 36.102394 11.501205 -17.905035 31.771685 10.320103 -12.393224 31.771685 10.320103 -17.905035 31.771685 11.501205 -12.393224 31.771685 5.616836 -12.808066 28.970348 5.886996 -17.220032 28.430031 5.616836 -17.490191 28.970348 5.886996 -13.078226 28.430031 11.501205 -13.180625 29.409479 11.501205 -17.905035 29.409479 11.501205 -12.393224 29.409479 5.989395 -17.117634 27.834677 5.989395 -13.180625 27.834677 5.201993 -12.393224 29.409479 5.201993 -17.905035 29.409479 6.383095 -17.905035 31.771685 5.201993 -12.393224 31.771685 5.201993 -17.905035 31.771685 6.383095 -12.393224 31.771685 6.383095 -12.393224 30.196882 10.320103 -12.393224 30.196882 10.816203 -17.220032 28.430031 10.713804 -17.117634 27.834677 11.086362 -13.180625 28.970348 11.086362 -17.490191 28.970348 10.816203 -13.180625 28.430031 10.816203 -13.078226 28.430031 11.086362 -12.808066 28.970348 10.713804 -13.180625 27.834677 1.658686 -18.692436 31.771685 0.477583 -13.180625 31.771685 0.477583 -18.692436 31.771685 1.658686 -13.180625 31.771685 -4.225684 -13.595469 28.970348 -3.955524 -18.007433 28.430031 -4.225684 -18.277594 28.970348 -3.955524 -13.865627 28.430031 1.658686 -13.968027 29.409479 1.658686 -18.692436 29.409479 1.658686 -13.180625 29.409479 -3.853125 -17.905035 27.834677 -3.853125 -13.968027 27.834677 -4.640527 -13.180625 29.409479 -4.640527 -18.692436 29.409479 -3.459424 -18.692436 31.771685 -4.640527 -13.180625 31.771685 -4.640527 -18.692436 31.771685 -3.459424 -13.180625 31.771685 -3.459424 -13.180625 30.196882 0.477583 -13.180625 30.196882 0.973683 -18.007433 28.430031 0.871284 -17.905035 27.834677 1.243843 -13.968027 28.970348 1.243843 -18.277594 28.970348 0.973683 -13.968027 28.430031 0.973683 -13.865627 28.430031 1.243843 -13.595469 28.970348 0.871284 -13.968027 27.834677 -10.152338 -17.905035 31.771685 -11.333440 -12.393224 31.771685 -11.333440 -17.905035 31.771685 -10.152338 -12.393224 31.771685 -16.036707 -12.808066 28.970348 -15.766548 -17.220032 28.430031 -16.036707 -17.490191 28.970348 -15.766548 -13.078226 28.430031 -10.152338 -13.180625 29.409479 -10.152338 -17.905035 29.409479 -10.152338 -12.393224 29.409479 -15.664149 -17.117634 27.834677 -15.664149 -13.180625 27.834677 -16.451550 -12.393224 29.409479 -16.451550 -17.905035 29.409479 -15.270448 -17.905035 31.771685 -16.451550 -12.393224 31.771685 -16.451550 -17.905035 31.771685 -15.270448 -12.393224 31.771685 -15.270448 -12.393224 30.196882 -11.333440 -12.393224 30.196882 -10.837340 -17.220032 28.430031 -10.939739 -17.117634 27.834677 -10.567181 -13.180625 28.970348 -10.567181 -17.490191 28.970348 -10.837340 -13.180625 28.430031 -10.837340 -13.078226 28.430031 -10.567181 -12.808066 28.970348 -10.939739 -13.180625 27.834677 11.501205 14.378430 31.771685 10.320103 19.890242 31.771685 10.320103 14.378430 31.771685 11.501205 19.890242 31.771685 5.616836 19.475397 28.970348 5.886996 15.063433 28.430031 5.616836 14.793273 28.970348 5.886996 19.205238 28.430031 11.501205 19.102840 29.409479 11.501205 14.378430 29.409479 11.501205 19.890242 29.409479 5.989395 15.165832 27.834677 5.989395 19.102840 27.834677 5.201993 19.890242 29.409479 5.201993 14.378430 29.409479 6.383095 14.378430 31.771685 5.201993 19.890242 31.771685 5.201993 14.378430 31.771685 6.383095 19.890242 31.771685 10.320103 14.378430 30.196882 6.383095 14.378430 30.196882 10.816203 15.063433 28.430031 10.713804 15.165832 27.834677 11.086362 19.102840 28.970348 11.086362 14.793273 28.970348 10.816203 19.102840 28.430031 10.816203 19.205238 28.430031 11.086362 19.475397 28.970348 10.713804 19.102840 27.834677 1.658686 15.165832 31.771685 0.477583 20.677643 31.771685 0.477583 15.165832 31.771685 1.658686 20.677643 31.771685 -4.225684 20.262800 28.970348 -3.955524 15.850834 28.430031 -4.225684 15.580675 28.970348 -3.955524 19.992640 28.430031 1.658686 19.890242 29.409479 1.658686 15.165832 29.409479 1.658686 20.677643 29.409479 -3.853125 15.953233 27.834677 -3.853125 19.890242 27.834677 -4.640527 20.677643 29.409479 -4.640527 15.165832 29.409479 -3.459424 15.165832 31.771685 -4.640527 20.677643 31.771685 -4.640527 15.165832 31.771685 -3.459424 20.677643 31.771685 0.477583 15.165832 30.196882 -3.459424 15.165832 30.196882 0.973683 15.850834 28.430031 0.871284 15.953233 27.834677 1.243843 19.890242 28.970348 1.243843 15.580675 28.970348 0.973683 19.890242 28.430031 0.973683 19.992640 28.430031 1.243843 20.262800 28.970348 0.871284 19.890242 27.834677 -10.152338 14.378430 31.771685 -11.333440 19.890242 31.771685 -11.333440 14.378430 31.771685 -10.152338 19.890242 31.771685 -16.036707 19.475397 28.970348 -15.766548 15.063433 28.430031 -16.036707 14.793273 28.970348 -15.766548 19.205238 28.430031 -10.152338 19.102840 29.409479 -10.152338 14.378430 29.409479 -10.152338 19.890242 29.409479 -15.664149 15.165832 27.834677 -15.664149 19.102840 27.834677 -16.451550 19.890242 29.409479 -16.451550 14.378430 29.409479 -15.270448 14.378430 31.771685 -16.451550 19.890242 31.771685 -16.451550 14.378430 31.771685 -15.270448 19.890242 31.771685 -11.333440 14.378430 30.196882 -15.270448 14.378430 30.196882 -10.837340 15.063433 28.430031 -10.939739 15.165832 27.834677 -10.567181 19.102840 28.970348 -10.567181 14.793273 28.970348 -10.837340 19.102840 28.430031 -10.837340 19.205238 28.430031 -10.567181 19.475397 28.970348 -10.939739 19.102840 27.834677 10.320103 -0.582200 21.929165 6.383095 -0.582200 21.929165 10.320103 -0.582200 24.862236 10.320103 0.992603 24.862236 6.383095 2.567406 21.929165 10.320103 2.567406 24.862236 10.320103 2.567406 21.929165 10.320103 -12.393224 21.929165 6.383095 -12.393224 21.929165 6.383095 -11.999523 26.653574 8.351599 -2.232101 27.224003 6.383095 -2.157003 26.653574 8.351599 -11.924424 27.224003 8.351599 -1.645571 27.539402 10.320103 -1.566452 26.811811 10.320103 -1.134138 27.244125 8.351599 -1.861727 27.323244 10.320103 -0.975901 27.834677 8.351599 -1.566452 27.834677 6.383095 -1.566452 26.811811 6.383095 -1.134138 27.244125 10.320103 -2.157003 26.653574 6.383095 -0.975901 27.834677 8.351599 -12.294798 27.323244 10.320103 -11.999523 26.653574 10.320103 -12.590074 26.811811 10.320103 -13.180625 27.834677 8.351599 -12.510955 27.539402 8.351599 -12.590074 27.834677 10.320103 -13.022388 27.244125 6.383095 -13.022388 27.244125 6.383095 -12.590074 26.811811 6.383095 -13.180625 27.834677 10.320103 2.961107 27.834677 8.351599 3.630777 27.539402 8.351599 3.551658 27.834677 10.320103 3.119345 27.244125 10.320103 -17.117634 27.834677 6.383095 -17.117634 27.834677 6.383095 -14.282988 22.283495 6.383095 14.378430 21.929165 6.383095 16.268194 22.283495 6.383095 -15.700310 22.992157 6.383095 17.685516 22.992157 6.383095 -16.645191 24.055149 6.383095 18.630398 24.055149 6.383095 -17.117634 25.472471 6.383095 19.102840 25.472471 6.383095 -0.582200 25.866173 6.383095 -0.582200 27.834677 6.383095 2.567406 25.866173 6.383095 3.551658 26.811811 6.383095 4.142210 26.653574 6.383095 3.119345 27.244125 6.383095 2.567406 27.834677 6.383095 2.961107 27.834677 6.383095 13.984729 26.653574 6.383095 19.102840 27.834677 6.383095 14.575280 26.811811 6.383095 15.007594 27.244125 6.383095 15.165832 27.834677 10.320103 2.567406 27.834677 10.320103 14.378430 21.929165 10.320103 16.268194 22.283495 10.320103 -0.582200 25.866173 10.320103 2.567406 25.866173 10.320103 17.685516 22.992157 10.320103 18.630398 24.055149 10.320103 19.102840 25.472471 10.320103 -14.282988 22.283495 10.320103 -15.700310 22.992157 10.320103 -16.645191 24.055149 10.320103 -17.117634 25.472471 10.320103 13.984729 26.653574 10.320103 19.102840 27.834677 10.320103 14.575280 26.811811 10.320103 15.007594 27.244125 10.320103 15.165832 27.834677 10.320103 3.551658 26.811811 10.320103 4.142210 26.653574 10.320103 -0.582200 27.834677 8.351599 14.575280 27.834677 8.351599 14.496161 27.539402 8.351599 14.280005 27.323244 8.351599 13.909631 27.224003 8.351599 4.217308 27.224003 8.351599 3.846934 27.323244 -11.333440 -0.582200 23.897669 -11.333440 -12.393224 21.929165 -11.333440 -0.582200 21.929165 -11.333440 -14.282988 22.283495 -11.333440 -15.700310 22.992157 -11.333440 -16.645191 24.055149 -11.333440 -2.157003 26.653574 -11.333440 -1.566452 26.811811 -11.333440 -1.134138 27.244125 -11.333440 -0.582200 27.834677 -11.333440 -17.117634 25.472471 -11.333440 -0.975901 27.834677 -11.333440 -11.999523 26.653574 -11.333440 -17.117634 27.834677 -11.333440 -12.590074 26.811811 -11.333440 -13.022388 27.244125 -11.333440 -13.180625 27.834677 -11.333440 2.567406 23.897669 -11.333440 2.567406 21.929165 -15.270448 -11.999523 26.653574 -13.301944 -2.232101 27.224003 -15.270448 -2.157003 26.653574 -13.301944 -11.924424 27.224003 -13.301944 -1.645571 27.539402 -13.301944 -1.861727 27.323244 -13.301944 -1.566452 27.834677 -15.270448 -1.566452 26.811811 -15.270448 -1.134138 27.244125 -15.270448 -0.975901 27.834677 -13.301944 -12.294798 27.323244 -13.301944 -12.510955 27.539402 -13.301944 -12.590074 27.834677 -15.270448 -13.022388 27.244125 -15.270448 -12.590074 26.811811 -15.270448 -13.180625 27.834677 -11.333440 2.961107 27.834677 -13.301944 3.630777 27.539402 -13.301944 3.551658 27.834677 -11.333440 3.119345 27.244125 -15.270448 -17.117634 27.834677 -15.270448 -17.117634 25.472471 -15.270448 -14.282988 22.283495 -15.270448 14.378430 21.929165 -15.270448 -12.393224 21.929165 -15.270448 16.268194 22.283495 -15.270448 -15.700310 22.992157 -15.270448 17.685516 22.992157 -15.270448 -16.645191 24.055149 -15.270448 -0.582200 23.897669 -15.270448 -0.582200 27.834677 -15.270448 2.567406 23.897669 -15.270448 18.630398 24.055149 -15.270448 4.142210 26.653574 -15.270448 3.551658 26.811811 -15.270448 3.119345 27.244125 -15.270448 2.567406 27.834677 -15.270448 19.102840 25.472471 -15.270448 2.961107 27.834677 -15.270448 13.984729 26.653574 -15.270448 19.102840 27.834677 -15.270448 14.575280 26.811811 -15.270448 15.007594 27.244125 -15.270448 15.165832 27.834677 -11.333440 2.567406 27.834677 -11.333440 14.378430 21.929165 -11.333440 16.268194 22.283495 -11.333440 19.102840 27.834677 -11.333440 13.984729 26.653574 -11.333440 19.102840 25.472471 -11.333440 14.575280 26.811811 -11.333440 15.007594 27.244125 -11.333440 15.165832 27.834677 -11.333440 17.685516 22.992157 -11.333440 18.630398 24.055149 -11.333440 4.142210 26.653574 -11.333440 3.551658 26.811811 -13.301944 14.575280 27.834677 -13.301944 14.496161 27.539402 -13.301944 14.280005 27.323244 -13.301944 13.909631 27.224003 -13.301944 4.217308 27.224003 -13.301944 3.846934 27.323244 -10.152338 -11.999523 23.503967 -11.333440 -6.487712 23.503967 -11.333440 -11.999523 23.503967 -10.152338 -6.487712 23.503967 -16.036707 -6.902555 20.702633 -15.766548 -11.314520 20.162313 -16.036707 -11.584680 20.702633 -15.766548 -7.172714 20.162313 -10.152338 -7.275113 21.141764 -10.152338 -11.999523 21.141764 -10.152338 -6.487712 21.141764 -15.664149 -11.212121 19.566961 -15.664149 -7.275113 19.566961 -16.451550 -6.487712 21.141764 -16.451550 -11.999523 21.141764 -15.270448 -11.999523 23.503967 -16.451550 -6.487712 23.503967 -16.451550 -11.999523 23.503967 -15.270448 -6.487712 23.503967 -15.270448 -6.487712 21.929165 -11.333440 -6.487712 21.929165 -11.333440 -11.999523 21.929165 -15.270448 -11.999523 21.929165 -10.837340 -11.314520 20.162313 -10.939739 -11.212121 19.566961 -10.567181 -7.275113 20.702633 -10.567181 -11.584680 20.702633 -10.837340 -7.275113 20.162313 -10.837340 -7.172714 20.162313 -10.567181 -6.902555 20.702633 -10.939739 -7.275113 19.566961 11.501205 -11.999523 23.503967 10.320103 -6.487712 23.503967 10.320103 -11.999523 23.503967 11.501205 -6.487712 23.503967 5.616836 -6.902555 20.702633 5.886996 -11.314520 20.162313 5.616836 -11.584680 20.702633 5.886996 -7.172714 20.162313 11.501205 -7.275113 21.141764 11.501205 -11.999523 21.141764 11.501205 -6.487712 21.141764 5.989395 -11.212121 19.566961 5.989395 -7.275113 19.566961 5.201993 -6.487712 21.141764 5.201993 -11.999523 21.141764 6.383095 -11.999523 23.503967 5.201993 -6.487712 23.503967 5.201993 -11.999523 23.503967 6.383095 -6.487712 23.503967 6.383095 -6.487712 21.929165 10.320103 -6.487712 21.929165 10.320103 -11.999523 21.929165 6.383095 -11.999523 21.929165 10.816203 -11.314520 20.162313 10.713804 -11.212121 19.566961 11.086362 -7.275113 20.702633 11.086362 -11.584680 20.702633 10.816203 -7.275113 20.162313 10.816203 -7.172714 20.162313 11.086362 -6.902555 20.702633 10.713804 -7.275113 19.566961 1.658686 -17.905035 23.503967 0.477583 -12.393224 23.503967 0.477583 -17.905035 23.503967 1.658686 -12.393224 23.503967 -4.225684 -12.808066 20.702633 -3.955524 -17.220032 20.162313 -4.225684 -17.490191 20.702633 -3.955524 -13.078226 20.162313 1.658686 -13.180625 21.141764 1.658686 -17.905035 21.141764 1.658686 -12.393224 21.141764 -3.853125 -17.117634 19.566961 -3.853125 -13.180625 19.566961 -4.640527 -12.393224 21.141764 -4.640527 -17.905035 21.141764 -3.459425 -17.905035 23.503967 -4.640527 -12.393224 23.503967 -4.640527 -17.905035 23.503967 -3.459425 -12.393224 23.503967 -3.459425 -12.393224 21.929165 0.477583 -12.393224 21.929165 0.477583 -17.905035 21.929165 -3.459425 -17.905035 21.929165 0.973683 -17.220032 20.162313 0.871284 -17.117634 19.566961 1.243842 -13.180625 20.702633 1.243842 -17.490191 20.702633 0.973683 -13.180625 20.162313 0.973683 -13.078226 20.162313 1.243842 -12.808066 20.702633 0.871284 -13.180625 19.566961 1.658686 -11.999523 15.236252 0.477583 -6.487712 15.236252 0.477583 -11.999523 15.236252 1.658686 -6.487712 15.236252 -4.225684 -6.902555 12.434916 -3.955524 -11.314520 11.894597 -4.225684 -11.584680 12.434916 -3.955524 -7.172714 11.894597 1.658686 -7.275113 12.874047 1.658686 -11.999523 12.874047 1.658686 -6.487712 12.874047 -3.853125 -11.212121 11.299244 -3.853125 -7.275113 11.299244 -4.640527 -6.487712 12.874047 -4.640527 -11.999523 12.874047 -3.459424 -11.999523 15.236252 -4.640527 -6.487712 15.236252 -4.640527 -11.999523 15.236252 -3.459424 -6.487712 15.236252 -3.459424 -6.487712 13.661448 0.477583 -6.487712 13.661448 0.477583 -11.999523 13.661448 -3.459424 -11.999523 13.661448 0.973683 -11.314520 11.894597 0.871284 -11.212121 11.299244 1.243843 -7.275113 12.434916 1.243843 -11.584680 12.434916 0.973683 -7.275113 11.894597 0.973683 -7.172714 11.894597 1.243843 -6.902555 12.434916 0.871284 -7.275113 11.299244 -10.152338 8.472919 23.503967 -11.333440 13.984729 23.503967 -11.333440 8.472919 23.503967 -10.152338 13.984729 23.503967 -16.036707 13.569886 20.702633 -15.766548 9.157921 20.162313 -16.036707 8.887761 20.702633 -15.766548 13.299726 20.162313 -10.152338 13.197328 21.141764 -10.152338 8.472919 21.141764 -10.152338 13.984729 21.141764 -15.664149 9.260320 19.566961 -15.664149 13.197328 19.566961 -16.451550 13.984729 21.141764 -16.451550 8.472919 21.141764 -15.270448 8.472919 23.503967 -16.451550 13.984729 23.503967 -16.451550 8.472919 23.503967 -15.270448 13.984729 23.503967 -15.270448 13.984729 21.929165 -11.333440 13.984729 21.929165 -11.333440 8.472919 21.929165 -15.270448 8.472919 21.929165 -10.837340 9.157921 20.162313 -10.939739 9.260320 19.566961 -10.567181 13.197328 20.702633 -10.567181 8.887761 20.702633 -10.837340 13.197328 20.162313 -10.837340 13.299726 20.162313 -10.567181 13.569886 20.702633 -10.939739 13.197328 19.566961 11.501205 8.472919 23.503967 10.320103 13.984729 23.503967 10.320103 8.472919 23.503967 11.501205 13.984729 23.503967 5.616836 13.569886 20.702633 5.886996 9.157921 20.162313 5.616836 8.887761 20.702633 5.886996 13.299726 20.162313 11.501205 13.197328 21.141764 11.501205 8.472919 21.141764 11.501205 13.984729 21.141764 5.989395 9.260320 19.566961 5.989395 13.197328 19.566961 5.201993 13.984729 21.141764 5.201993 8.472919 21.141764 6.383095 8.472919 23.503967 5.201993 13.984729 23.503967 5.201993 8.472919 23.503967 6.383095 13.984729 23.503967 6.383095 13.984729 21.929165 10.320103 13.984729 21.929165 10.320103 8.472919 21.929165 6.383095 8.472919 21.929165 10.816203 9.157921 20.162313 10.713804 9.260320 19.566961 11.086362 13.197328 20.702633 11.086362 8.887761 20.702633 10.816203 13.197328 20.162313 10.816203 13.299726 20.162313 11.086362 13.569886 20.702633 10.713804 13.197328 19.566961 1.658686 14.378430 23.503967 0.477583 19.890242 23.503967 0.477583 14.378430 23.503967 1.658686 19.890242 23.503967 -4.225684 19.475397 20.702633 -3.955524 15.063433 20.162313 -4.225684 14.793273 20.702633 -3.955524 19.205238 20.162313 1.658686 19.102840 21.141764 1.658686 14.378430 21.141764 1.658686 19.890242 21.141764 -3.853125 15.165832 19.566961 -3.853125 19.102840 19.566961 -4.640527 19.890242 21.141764 -4.640527 14.378430 21.141764 -3.459425 14.378430 23.503967 -4.640527 19.890242 23.503967 -4.640527 14.378430 23.503967 -3.459425 19.890242 23.503967 -3.459425 19.890242 21.929165 0.477583 19.890242 21.929165 0.477583 14.378430 21.929165 -3.459425 14.378430 21.929165 0.973683 15.063433 20.162313 0.871284 15.165832 19.566961 1.243842 19.102840 20.702633 1.243842 14.793273 20.702633 0.973683 19.102840 20.162313 0.973683 19.205238 20.162313 1.243842 19.475397 20.702633 0.871284 19.102840 19.566961 1.658686 8.472919 15.236252 0.477583 13.984729 15.236252 0.477583 8.472919 15.236252 1.658686 13.984729 15.236252 -4.225684 13.569886 12.434916 -3.955524 9.157921 11.894597 -4.225684 8.887761 12.434916 -3.955524 13.299726 11.894597 1.658686 13.197328 12.874047 1.658686 8.472919 12.874047 1.658686 13.984729 12.874047 -3.853125 9.260320 11.299244 -3.853125 13.197328 11.299244 -4.640527 13.984729 12.874047 -4.640527 8.472919 12.874047 -3.459424 8.472919 15.236252 -4.640527 13.984729 15.236252 -4.640527 8.472919 15.236252 -3.459424 13.984729 15.236252 -3.459424 13.984729 13.661448 0.477583 13.984729 13.661448 0.477583 8.472919 13.661448 -3.459424 8.472919 13.661448 0.973683 9.157921 11.894597 0.871284 9.260320 11.299244 1.243843 13.197328 12.434916 1.243843 8.887761 12.434916 0.973683 13.197328 11.894597 0.973683 13.299726 11.894597 1.243843 13.569886 12.434916 0.871284 13.197328 11.299244 0.477583 -0.582200 17.480347 0.083882 -0.975901 17.187038 0.083882 -0.582200 17.187038 0.477583 -0.975901 17.480347 -3.459425 -0.582200 15.629952 0.083882 -0.582200 15.629952 -3.459425 -0.582200 19.566961 0.477583 -0.582200 19.566961 0.477583 -0.975901 15.629952 0.083882 -0.975901 15.629952 0.477583 2.961107 17.480347 0.083882 2.567406 17.187038 0.083882 2.961107 17.187038 0.477583 2.567406 17.480347 -3.459425 2.567406 15.629952 0.083882 2.567406 15.629952 -3.459425 2.567406 19.566961 0.477583 2.567406 19.566961 0.083882 2.567406 13.661448 0.083882 1.583154 15.629952 0.083882 1.583154 13.661448 -1.490921 0.205202 15.629952 0.083882 0.402052 15.629952 -1.490921 1.780005 15.629952 0.083882 -0.582200 13.661448 0.083882 0.402052 13.661448 -3.459425 -11.999523 18.385859 -1.490921 -2.232101 18.956287 -3.459425 -2.157003 18.385859 -1.490921 -11.924424 18.956287 0.477583 -1.566452 18.544096 -1.490921 -1.645571 19.271685 -1.490921 -1.861727 19.055529 0.477583 -1.134138 18.976410 0.477583 -0.975901 19.566961 -1.490921 -1.566452 19.566961 -3.459425 -1.134138 18.976410 -3.459425 -1.566452 18.544096 0.477583 -2.157003 18.385859 -3.459425 -0.975901 19.566961 0.477583 -12.590074 18.544096 -1.490921 -12.294798 19.055529 0.477583 -11.999523 18.385859 -1.490921 -12.510955 19.271685 0.477583 -13.180625 19.566961 0.477583 -13.022388 18.976410 -1.490921 -12.590074 19.566961 -3.459425 -13.022388 18.976410 -3.459425 -12.590074 18.544096 -3.459425 -13.180625 19.566961 -1.490921 3.630777 19.271685 0.477583 2.961107 19.566961 0.477583 3.119345 18.976410 -1.490921 3.551658 19.566961 -3.459425 -17.117634 19.566961 0.477583 -17.117634 19.566961 -3.459425 2.961107 19.566961 -3.459425 16.268194 14.015779 0.477583 14.378430 13.661448 -3.459425 14.378430 13.661448 0.477583 16.268194 14.015779 -1.490921 14.496161 19.271685 -3.459425 15.165832 19.566961 -3.459425 15.007594 18.976410 -1.490921 14.575280 19.566961 -1.490921 14.280005 19.055529 -3.459425 14.575280 18.544096 -1.490921 13.909631 18.956287 -3.459425 13.984729 18.385859 -1.490921 4.217308 18.956287 -3.459425 4.142210 18.385859 -1.490921 3.846934 19.055529 -3.459425 3.551658 18.544096 -3.459425 3.119345 18.976410 0.477583 3.551658 18.544096 0.477583 13.984729 18.385859 0.477583 14.575280 18.544096 0.477583 15.007594 18.976410 0.477583 15.165832 19.566961 0.477583 4.142210 18.385859 -3.459425 18.630398 15.787433 0.477583 17.685516 14.724441 -3.459425 17.685516 14.724441 0.477583 18.630398 15.787433 -3.459425 19.102840 17.204756 0.477583 19.102840 17.204756 -3.459425 -17.117634 17.204756 0.477583 -17.117634 17.204756 0.477583 19.102840 19.566961 -3.459425 19.102840 19.566961 0.477583 -14.282988 14.015779 -3.459425 -15.700310 14.724441 -3.459425 -14.282988 14.015779 0.477583 -15.700310 14.724441 -3.459425 -16.645191 15.787433 0.477583 -16.645191 15.787433 0.477583 -12.393224 13.661448 -3.459425 -12.393224 13.661448 0.477583 2.961107 15.629952 0.083882 2.961107 13.661448 0.477583 2.961107 13.661448 0.083882 2.961107 15.629952 -1.490921 0.205202 13.661448 -1.490921 1.780005 13.661448 0.083882 -0.975901 13.661448 0.477583 -0.975901 13.661448 16.672161 3.551658 27.834677 14.309957 -1.960153 27.834677 14.309957 3.551658 27.834677 16.672161 -1.960153 27.834677 19.821768 -2.747554 29.409479 19.821768 -1.172751 30.196882 19.821768 -2.747554 31.771685 19.821768 4.339060 29.409479 19.821768 2.764257 30.196882 19.821768 2.764257 31.771685 19.821768 4.339060 31.771685 19.821768 -1.172751 31.771685 19.034367 3.551658 27.834677 19.034367 -1.960153 27.834677 19.136765 -2.062551 28.430031 19.406925 3.924217 28.970348 19.406925 -2.332711 28.970348 19.136765 3.654057 28.430031 14.703657 -1.172751 30.984283 14.113107 2.764257 30.984283 14.113107 -1.172751 30.984283 14.703657 2.764257 30.984283 14.703657 2.764257 31.771685 13.522555 2.764257 30.196882 14.113107 2.764257 30.196882 13.522555 2.764257 31.771685 13.522555 4.339060 29.409479 14.703657 4.339060 30.196882 13.522555 4.339060 31.771685 14.703657 4.339060 31.771685 18.640665 4.339060 30.196882 18.640665 4.339060 31.771685 14.207558 -2.062551 28.430031 13.937398 -2.332711 28.970348 13.522555 -1.172751 31.771685 14.113107 -1.172751 30.196882 13.522555 -1.172751 30.196882 14.703657 -1.172751 31.771685 13.522555 -2.747554 29.409479 13.937398 3.924217 28.970348 18.640665 -1.172751 31.771685 19.231216 -1.172751 30.984283 18.640665 -1.172751 30.984283 19.231216 -1.172751 30.196882 19.231216 2.764257 30.196882 19.231216 2.764257 30.984283 18.640665 2.764257 30.984283 18.640665 2.764257 31.771685 14.207558 3.654057 28.430031 18.640665 -2.747554 30.196882 14.703657 -2.747554 30.196882 18.640665 -2.747554 31.771685 13.522555 -2.747554 31.771685 14.703657 -2.747554 31.771685 -23.538164 3.748509 19.566961 -25.900370 -1.763302 19.566961 -25.900370 3.748509 19.566961 -23.538164 -1.763302 19.566961 -20.388557 -2.550704 21.141764 -20.388557 -0.975901 21.929165 -20.388557 -2.550704 23.503967 -20.388557 4.535911 21.141764 -20.388557 2.961107 21.929165 -20.388557 2.961107 23.503967 -20.388557 4.535911 23.503967 -20.388557 -0.975901 23.503967 -21.175961 3.748509 19.566961 -21.175961 -1.763302 19.566961 -21.073561 -1.865701 20.162313 -20.803402 4.121067 20.702633 -20.803402 -2.135861 20.702633 -21.073561 3.850908 20.162313 -25.506668 -0.975901 22.716566 -26.097219 2.961107 22.716566 -26.097219 -0.975901 22.716566 -25.506668 2.961107 22.716566 -25.506668 2.961107 23.503967 -26.687771 2.961107 21.929165 -26.097219 2.961107 21.929165 -26.687771 2.961107 23.503967 -26.687771 4.535911 21.141764 -25.506668 4.535911 21.929165 -26.687771 4.535911 23.503967 -25.506668 4.535911 23.503967 -21.569660 4.535911 21.929165 -21.569660 4.535911 23.503967 -26.002768 -1.865701 20.162313 -26.272928 -2.135861 20.702633 -26.687771 -0.975901 23.503967 -26.097219 -0.975901 21.929165 -26.687771 -0.975901 21.929165 -25.506668 -0.975901 23.503967 -26.687771 -2.550704 21.141764 -26.272928 4.121067 20.702633 -21.569660 -0.975901 23.503967 -20.979109 -0.975901 22.716566 -21.569660 -0.975901 22.716566 -20.979109 -0.975901 21.929165 -20.979109 2.961107 21.929165 -20.979109 2.961107 22.716566 -21.569660 2.961107 22.716566 -21.569660 2.961107 23.503967 -26.002768 3.850908 20.162313 -21.569660 -2.550704 21.929165 -25.506668 -2.550704 21.929165 -21.569660 -2.550704 23.503967 -26.687771 -2.550704 23.503967 -25.506668 -2.550704 23.503967 -13.301944 3.748509 11.299244 -15.664149 -1.763302 11.299244 -15.664149 3.748509 11.299244 -13.301944 -1.763302 11.299244 -10.152338 -2.550704 12.874047 -10.152338 -0.975901 13.661448 -10.152338 -2.550704 15.236252 -10.152338 4.535911 12.874047 -10.152338 2.961107 13.661448 -10.152338 2.961107 15.236252 -10.152338 4.535911 15.236252 -10.152338 -0.975901 15.236252 -10.939739 3.748509 11.299244 -10.939739 -1.763302 11.299244 -10.837340 -1.865701 11.894597 -10.567181 4.121067 12.434916 -10.567181 -2.135861 12.434916 -10.837340 3.850908 11.894597 -15.270448 -0.975901 14.448850 -15.860999 2.961107 14.448850 -15.860999 -0.975901 14.448850 -15.270448 2.961107 14.448850 -15.270448 2.961107 15.236252 -16.451550 2.961107 13.661448 -15.860999 2.961107 13.661448 -16.451550 2.961107 15.236252 -16.451550 4.535911 12.874047 -15.270448 4.535911 13.661448 -16.451550 4.535911 15.236252 -15.270448 4.535911 15.236252 -11.333440 4.535911 13.661448 -11.333440 4.535911 15.236252 -15.766548 -1.865701 11.894597 -16.036707 -2.135861 12.434916 -16.451550 -0.975901 15.236252 -15.860999 -0.975901 13.661448 -16.451550 -0.975901 13.661448 -15.270448 -0.975901 15.236252 -16.451550 -2.550704 12.874047 -16.036707 4.121067 12.434916 -11.333440 -0.975901 15.236252 -10.742889 -0.975901 14.448850 -11.333440 -0.975901 14.448850 -10.742889 -0.975901 13.661448 -10.742889 2.961107 13.661448 -10.742889 2.961107 14.448850 -11.333440 2.961107 14.448850 -11.333440 2.961107 15.236252 -15.766548 3.850908 11.894597 -11.333440 -2.550704 13.661448 -15.270448 -2.550704 13.661448 -11.333440 -2.550704 15.236252 -16.451550 -2.550704 15.236252 -15.270448 -2.550704 15.236252 -15.270448 -2.157003 18.385859 -13.301944 -1.861727 19.055529 -15.270448 -1.566452 18.544096 -13.301944 -2.232101 18.956287 -13.301944 -1.645571 19.271685 -15.270448 -1.134138 18.976410 -11.333440 -7.275113 19.566961 -13.301944 -6.605443 19.271685 -13.301944 -6.684562 19.566961 -11.333440 -7.116876 18.976410 -11.333440 -2.157003 18.385859 -11.333440 -1.566452 18.544096 -11.333440 -1.134138 18.976410 -11.333440 -6.684562 18.544096 -13.301944 -6.389287 19.055529 -11.333440 -0.975901 19.566961 -13.301944 -1.566452 19.566961 -15.270448 -7.116876 18.976410 -15.270448 -7.275113 19.566961 -15.270448 -0.975901 19.566961 -11.333440 -11.212121 19.566961 -15.270448 -11.212121 19.566961 -15.270448 -6.094011 18.385859 -13.301944 -6.018912 18.956287 -15.270448 9.102082 18.976410 -13.301944 8.669768 19.566961 -15.270448 9.260320 19.566961 -13.301944 8.590650 19.271685 -11.333440 9.260320 19.566961 -11.333440 9.102082 18.976410 -15.270448 8.669768 18.544096 -13.301944 8.374493 19.055529 -11.333440 2.961107 19.566961 -13.301944 3.630777 19.271685 -13.301944 3.551658 19.566961 -11.333440 3.119345 18.976410 -15.270448 3.119345 18.976410 -15.270448 2.961107 19.566961 -15.270448 -6.684562 18.544096 -11.333440 -6.094011 18.385859 -15.270448 -11.212121 17.204756 -15.270448 -7.432593 14.015779 -15.270448 6.898115 13.661448 -15.270448 -4.912909 13.661448 -15.270448 9.417800 14.015779 -15.270448 -9.322357 14.724441 -15.270448 11.307564 14.724441 -15.270448 -10.582200 15.787433 -15.270448 -0.582200 15.629952 -15.270448 -0.582200 19.566961 -15.270448 2.567406 15.629952 -15.270448 12.567407 15.787433 -15.270448 3.551658 18.544096 -15.270448 2.567406 19.566961 -15.270448 4.142210 18.385859 -15.270448 13.197328 17.204756 -15.270448 8.079218 18.385859 -15.270448 13.197328 19.566961 -11.333440 3.551658 18.544096 -13.301944 3.846934 19.055529 -11.333440 -11.212121 17.204756 -11.333440 -0.582200 19.566961 -11.333440 -4.912909 13.661448 -11.333440 6.898115 13.661448 -11.333440 13.197328 19.566961 -11.333440 13.197328 17.204756 -11.333440 12.567407 15.787433 -11.333440 8.079218 18.385859 -11.333440 8.669768 18.544096 -11.333440 9.417800 14.015779 -11.333440 -7.432593 14.015779 -11.333440 -9.322357 14.724441 -11.333440 11.307564 14.724441 -11.333440 2.567406 15.629952 -11.333440 2.567406 19.566961 -11.333440 4.142210 18.385859 -11.333440 -0.582200 15.629952 -11.333440 -10.582200 15.787433 -13.301944 8.004119 18.956287 -13.301944 4.217308 18.956287 10.320103 2.961107 15.629952 7.786678 -0.660940 15.629952 7.786678 2.961107 15.629952 10.320103 -0.660940 15.629952 10.320103 2.961107 17.517355 10.320103 -0.660940 17.517355 5.144391 -0.975901 13.661448 6.383095 2.961107 14.584283 5.144391 2.961107 13.661448 6.383095 -0.975901 14.584283 6.383095 2.961107 13.661448 6.383095 -0.975901 13.661448 14.309957 -0.975901 27.834677 10.320103 -0.975901 24.862236 10.320103 2.961107 24.862236 14.309957 2.961107 27.834677 6.383095 -0.975901 21.929165 1.611118 2.961107 18.374043 1.611118 -0.975901 18.374043 6.383095 2.961107 21.929165 1.611118 2.961107 11.299244 1.611118 -0.975901 11.299244 0.083883 0.402052 17.236252 -1.490921 1.780005 16.063023 -1.490921 0.205202 16.063023 0.083883 1.583154 17.236252 0.083883 -0.975901 17.236252 0.083883 2.961107 17.236252 0.083883 -0.975901 13.661448 0.083883 -0.582200 13.661448 0.083883 -0.582200 11.299244 0.083883 0.402052 11.299244 0.083883 1.583154 11.299244 0.083883 2.567406 13.661448 0.083883 2.961107 13.661448 0.083883 2.567406 11.299244 -1.490921 1.780005 11.299244 -1.490921 0.205202 11.299244 0.477583 -0.975901 11.299244 0.477583 -0.975901 13.661448 1.973646 2.961107 11.299244 1.973646 -0.975901 11.299244 6.383095 2.961107 19.566961 8.351599 2.961107 19.566961 9.650812 2.961107 19.566961 10.320103 2.961107 19.566961 21.737427 2.961107 26.023260 10.320103 2.961107 21.929165 19.034367 2.961107 27.834677 0.477583 2.961107 13.661448 0.477583 2.961107 11.299244 19.034367 -0.975901 27.834677 21.737427 -0.975901 26.023260 10.320103 2.567406 17.517355 10.320103 -0.582200 17.517355 10.320103 -0.975901 17.517355 6.383095 -0.582200 14.584283 6.383095 2.567406 14.584283 8.351599 2.567406 19.566961 9.650812 2.567406 19.566961 10.320103 2.567406 19.566961 6.383095 2.567406 19.566961 9.650812 -0.582200 19.566961 8.351599 -0.975901 19.566961 8.351599 -0.582200 19.566961 9.650812 -0.975901 19.566961 10.320103 -0.975901 21.929165 10.320103 -0.582200 19.566961 10.320103 -0.975901 19.566961 6.383095 -0.975901 19.566961 6.383095 -0.582200 19.566961 0.477583 2.567406 13.661448 0.477583 -0.582200 13.661448 0.477583 -0.582200 11.299244 0.477583 2.567406 11.299244 12.631980 -0.975901 14.257271 10.320103 -0.975901 13.661448 12.288607 -0.975901 13.661448 13.485456 -0.975901 14.281615 13.616096 -0.975901 14.387994 14.147542 -0.975901 14.820740 14.344303 -0.975901 15.651582 15.195937 -0.975901 15.691128 15.924006 -0.975901 16.134703 16.349701 -0.975901 16.873371 16.368473 -0.975901 17.725716 15.975711 -0.975901 18.482407 16.201777 -0.975901 21.899200 16.327497 -0.975901 20.669748 16.597109 -0.975901 19.070982 16.706348 -0.975901 19.750212 16.733015 -0.975901 19.916018 16.672161 -0.975901 21.267811 16.349701 2.961107 16.873371 16.368473 2.961107 17.725716 13.616096 2.961107 14.387994 13.485456 2.961107 14.281615 14.147542 2.961107 14.820740 14.344303 2.961107 15.651582 12.288607 2.961107 13.661448 10.320103 2.961107 13.661448 12.631980 2.961107 14.257271 15.195937 2.961107 15.691128 15.924006 2.961107 16.134703 15.975711 2.961107 18.482407 16.201777 2.961107 21.899200 16.327497 2.961107 20.669748 16.597109 2.961107 19.070982 16.706348 2.961107 19.750212 16.733015 2.961107 19.916018 16.672161 2.961107 21.267811 13.522555 2.961107 29.409479 13.522555 -0.975901 30.196882 13.522555 -0.975901 29.409479 13.522555 2.961107 30.196882 13.937398 2.961107 28.970348 13.937398 -0.975901 28.970348 14.207558 2.961107 28.430031 14.207558 -0.975901 28.430031 0.477583 -0.975901 27.834677 -3.459424 -0.975901 27.834677 -21.175961 -0.975901 27.834677 -15.270448 -0.975901 23.897669 -21.073561 -0.975901 28.430031 -20.803402 -0.975901 28.970348 -20.388557 -0.975901 29.409479 -20.388557 -0.975901 30.196882 -3.459424 -0.975901 23.897669 -11.333440 -0.975901 21.929165 -3.459424 -0.975901 21.929165 0.477583 -0.975901 21.929165 -15.270448 -0.975901 21.929165 -15.270448 2.961107 21.929165 -3.459424 2.961107 21.929165 -3.459424 -0.582200 23.897669 -3.459424 2.567406 23.897669 -3.459424 2.961107 27.834677 -3.459424 2.567406 27.834677 0.477583 2.961107 27.834677 0.477583 2.567406 27.834677 0.477583 2.567406 23.897669 -3.459424 -0.582200 27.834677 0.477583 -0.582200 27.834677 0.477583 -0.582200 23.897669 0.477583 2.961107 21.929165 -11.333440 2.961107 21.929165 -21.175961 2.961107 27.834677 -21.073561 2.961107 28.430031 -20.803402 2.961107 28.970348 -20.388557 2.961107 29.409479 -20.388557 2.961107 30.196882 -33.380684 0.992603 27.103594 -29.657370 -0.975901 22.716566 -31.704615 -0.975901 27.834677 -31.625874 0.992603 22.716566 -29.342409 0.992603 21.929165 -27.373905 -0.975901 21.929165 -29.657370 2.961107 22.716566 -31.704615 2.961107 27.834677 -27.373905 2.961107 21.929165 6.383095 -2.157003 18.385859 8.351599 -1.861727 19.055529 6.383095 -1.566452 18.544096 8.351599 -2.232101 18.956287 8.351599 -1.645571 19.271685 6.383095 -1.134138 18.976410 10.320103 -7.275113 19.566961 8.351599 -6.605443 19.271685 8.351599 -6.684562 19.566961 10.320103 -7.116876 18.976410 10.320103 -2.157003 18.385859 10.320103 -1.566452 18.544096 10.320103 -1.134138 18.976410 10.320103 -6.684562 18.544096 8.351599 -6.389287 19.055529 8.351599 -1.566452 19.566961 6.383095 -7.116876 18.976410 6.383095 -7.275113 19.566961 10.320103 -11.212121 19.566961 6.383095 -11.212121 19.566961 6.383095 -6.094011 18.385859 8.351599 -6.018912 18.956287 6.383095 9.102082 18.976410 8.351599 8.669768 19.566961 6.383095 9.260320 19.566961 8.351599 8.590650 19.271685 10.320103 9.260320 19.566961 10.320103 9.102082 18.976410 6.383095 8.669768 18.544096 8.351599 8.374493 19.055529 8.351599 3.630777 19.271685 8.351599 3.551658 19.566961 10.320103 3.119345 18.976410 6.383095 3.119345 18.976410 6.383095 -6.684562 18.544096 10.320103 -6.094011 18.385859 6.383095 -11.212121 17.204756 6.383095 -7.432593 14.015779 6.383095 6.898115 13.661448 6.383095 -4.912909 13.661448 6.383095 9.417800 14.015779 6.383095 -9.322357 14.724441 6.383095 11.307564 14.724441 6.383095 -10.582200 15.787433 6.383095 -0.582200 15.629952 6.383095 2.567406 15.629952 6.383095 12.567407 15.787433 6.383095 3.551658 18.544096 6.383095 4.142210 18.385859 6.383095 13.197328 17.204756 6.383095 8.079218 18.385859 6.383095 13.197328 19.566961 10.320103 3.551658 18.544096 8.351599 3.846934 19.055529 10.320103 -11.212121 17.204756 10.320103 -4.912909 13.661448 10.320103 6.898115 13.661448 10.320103 13.197328 19.566961 10.320103 13.197328 17.204756 10.320103 12.567407 15.787433 10.320103 8.079218 18.385859 10.320103 8.669768 18.544096 10.320103 9.417800 14.015779 10.320103 -7.432593 14.015779 10.320103 -9.322357 14.724441 10.320103 11.307564 14.724441 10.320103 2.567406 15.629952 10.320103 4.142210 18.385859 10.320103 -0.582200 15.629952 10.320103 -10.582200 15.787433 8.351599 8.004119 18.956287 8.351599 4.217308 18.956287 5.201993 -0.975901 15.236252 5.201993 -0.975901 13.704362 5.201993 -2.550704 15.236252 5.201993 -2.550704 12.874047 5.201993 3.748509 12.874047 5.201993 2.961107 13.704362 5.201993 2.961107 15.236252 5.201993 4.535911 15.236252 5.201993 4.535911 12.874047 6.383095 2.961107 15.236252 6.383095 -0.975901 15.236252 6.383095 4.535911 15.236252 6.383095 -2.550704 15.236252 6.383095 -2.550704 13.661448 6.383095 4.535911 13.661448 10.320103 -2.550704 13.661448 10.320103 -2.550704 15.236252 10.320103 -0.975901 14.448850 10.320103 4.535911 13.661448 10.320103 2.961107 14.448850 10.320103 2.961107 15.236252 10.320103 4.535911 15.236252 10.320103 -0.975901 15.236252 11.501205 -2.550704 15.236252 11.501205 -0.975901 15.236252 10.910654 -0.975901 13.661448 11.501205 -0.975901 13.661448 11.501205 2.961107 13.661448 10.910654 2.961107 13.661448 11.501205 4.535911 12.874047 11.086362 4.121067 12.434916 5.616836 4.121067 12.434916 10.816203 3.850908 11.894597 5.886996 3.850908 11.894597 5.886996 -1.865701 11.894597 5.616836 -2.135861 12.434916 5.616836 3.748509 12.434916 5.886996 3.748509 11.894597 5.989395 -1.763302 11.299244 10.713804 -1.763302 11.299244 10.816203 -1.865701 11.894597 11.086362 -2.135861 12.434916 10.713804 3.748509 11.299244 11.501205 4.535911 15.236252 11.501205 2.961107 15.236252 11.501205 -2.550704 12.874047 5.989395 3.748509 11.299244 10.910654 -0.975901 14.448850 10.910654 2.961107 14.448850 0.477583 2.961107 17.529558 0.477583 -0.582200 17.529558 0.477583 2.567406 17.529558 0.083883 -0.582200 17.236252 0.083883 2.567406 17.236252 0.477583 -0.975901 17.529558 -1.490921 1.780005 15.629952 0.083883 1.583154 15.629952 0.083883 1.583154 17.193325 -1.490921 1.780005 17.193325 -1.490921 0.205202 17.193325 -1.490921 0.205202 15.629952 0.083883 0.402052 15.629952 0.083883 0.402052 17.193325 0.083883 2.567406 15.629952 -3.459424 2.567406 15.629952 0.083883 -0.582200 15.629952 -3.459424 -0.582200 15.629952 -3.459424 2.567406 19.566961 0.477583 -0.975901 19.566961 0.477583 -0.582200 19.566961 -19.601156 2.961107 13.661448 -22.120842 2.961107 14.015779 -24.010605 2.961107 14.724441 -15.766548 2.961107 20.162313 -16.036707 2.961107 20.702633 -16.451550 2.961107 21.141764 -16.451550 2.961107 21.929165 -15.270448 2.961107 15.629952 -25.270449 2.961107 15.787433 -16.254700 2.961107 18.544096 -15.822387 2.961107 18.976410 -16.845251 2.961107 18.385859 -25.900370 2.961107 17.204756 -15.664149 2.961107 19.566961 -3.459424 2.961107 13.661448 -11.333440 2.961107 15.629952 -25.900370 2.961107 19.566961 -19.994858 2.961107 18.385859 -20.585409 2.961107 18.544096 -21.017723 2.961107 18.976410 -21.175961 2.961107 19.566961 -23.538164 2.961107 19.566961 -11.333440 -0.975901 15.629952 -25.900370 -0.975901 19.566961 -25.900370 -0.975901 17.204756 -19.994858 -0.975901 18.385859 -20.585409 -0.975901 18.544096 -21.017723 -0.975901 18.976410 -21.175961 -0.975901 19.566961 -23.538164 -0.975901 19.566961 -3.459424 -0.975901 13.661448 -3.459424 -0.975901 19.566961 -22.120842 -0.975901 14.015779 -19.601156 -0.975901 13.661448 -24.010605 -0.975901 14.724441 -16.254700 -0.975901 18.544096 -15.822387 -0.975901 18.976410 -25.270449 -0.975901 15.787433 -16.845251 -0.975901 18.385859 -15.664149 -0.975901 19.566961 -15.766548 -0.975901 20.162313 -16.036707 -0.975901 20.702633 -16.451550 -0.975901 21.141764 -16.451550 -0.975901 21.929165 -16.451550 -0.582200 21.929165 -16.451550 2.567406 21.929165 -20.388557 2.567406 21.929165 -20.388557 -0.582200 21.929165 -11.727141 -0.582200 15.629952 -11.727141 2.567406 15.629952 -21.175961 2.567406 19.566961 -21.175961 -0.582200 19.566961 -3.459424 -0.582200 19.566961 -15.766548 2.567406 20.162313 -16.036707 2.567406 20.702633 -16.451550 2.567406 21.141764 -21.017723 2.567406 18.976410 -20.585409 2.567406 18.544096 -19.994858 2.567406 18.385859 -16.845251 2.567406 18.385859 -16.254700 2.567406 18.544096 -15.822387 2.567406 18.976410 -15.664149 2.567406 19.566961 -21.073561 2.567406 20.162313 -20.803402 2.567406 20.702633 -20.388557 2.567406 21.141764 -20.803402 -0.582200 20.702633 -20.388557 -0.582200 21.141764 -21.073561 -0.582200 20.162313 -16.451550 -0.582200 21.141764 -16.036707 -0.582200 20.702633 -16.254700 -0.582200 18.544096 -16.845251 -0.582200 18.385859 -20.585409 -0.582200 18.544096 -21.017723 -0.582200 18.976410 -15.766548 -0.582200 20.162313 -15.822387 -0.582200 18.976410 -19.994858 -0.582200 18.385859 -15.664149 -0.582200 19.566961 -3.420054 -0.582200 23.897669 -3.420054 -0.582200 27.834677 -3.459424 2.173706 23.897669 0.477583 2.173706 23.897669 -3.459424 -17.905035 21.929165 0.477583 -17.905035 21.929165 0.477583 19.890242 21.929165 -3.459424 19.890242 21.929165 -3.459424 2.173706 27.834677 0.477583 2.173706 27.834677 1.658686 2.961107 5.393732 4.808292 -0.975901 5.393732 4.808292 2.961107 5.393732 1.658686 -0.975901 5.393732 -7.790133 2.961107 5.393732 -4.640527 -0.975901 5.393732 -4.640527 2.961107 5.393732 -7.790133 -0.975901 5.393732 -3.459424 7.291816 5.393732 0.477583 -5.306609 5.393732 0.477583 7.291816 5.393732 -3.459424 -5.306609 5.393732 -4.640527 2.961107 6.968535 -4.640527 -0.975901 6.968535 0.477583 2.961107 6.968535 0.477583 7.291816 8.543339 0.477583 -0.975901 6.968535 0.477583 -0.975901 8.543339 0.477583 -5.306609 8.543339 0.477583 2.961107 8.543339 -3.459424 -5.306609 8.543339 -3.459424 -0.975901 6.968535 -3.459424 -0.975901 8.543339 -3.459424 2.961107 8.543339 -3.459424 7.291816 8.543339 -3.459424 2.961107 6.968535 1.658686 -0.975901 6.968535 1.658686 2.961107 6.968535 -7.790133 7.291816 3.818929 3.978606 6.462130 2.940667 -6.960447 6.462130 2.940667 4.808292 7.291816 3.818929 3.438287 5.921811 1.860029 -6.420128 5.921811 1.860029 4.808292 -5.306609 3.818929 3.978606 -4.476923 2.940667 3.438287 -3.936604 1.860029 3.233489 5.717013 0.669323 3.233489 -3.731806 0.669323 -6.215330 -3.731806 0.669323 -6.420128 -3.936604 1.860029 -6.960447 -4.476923 2.940667 -7.790133 -5.306609 3.818929 -7.790133 7.291816 8.543339 -7.790133 2.961107 8.543339 -6.215330 5.717013 0.669323 -7.790133 -0.975901 8.543339 4.808292 2.961107 8.543339 4.808292 -0.975901 8.543339 4.808292 -5.306609 8.543339 -7.790133 -5.306609 8.543339 -6.960447 -3.731806 2.940667 -6.420128 -3.731806 1.860029 -7.790133 -3.731806 3.818929 4.808292 7.291816 8.543339 -3.459424 2.173706 7.362236 0.477583 2.567406 7.362236 -3.459424 2.173706 13.661448 -3.459424 -0.188499 7.362236 0.477583 -0.582200 7.362236 -3.459424 -0.188499 13.661448 0.083883 -6.487712 13.661448 0.083883 -1.763302 13.661448 -3.065724 -6.487712 13.661448 -3.459424 -1.763302 13.661448 -3.065724 -1.763302 13.661448 0.477583 -1.763302 13.661448 0.083883 3.748509 12.874047 0.477583 3.748509 13.661448 0.477583 3.748509 12.874047 0.083883 3.748509 13.661448 0.083883 3.333666 12.434916 0.477583 3.333666 12.434916 0.083883 3.063506 11.894597 0.477583 3.063506 11.894597 0.083883 2.961107 11.299244 0.477583 -11.212121 8.937039 0.477583 -7.275113 11.299244 0.477583 -11.212121 11.299244 0.477583 -10.660940 7.519716 0.477583 -9.558578 6.456724 0.477583 -7.905035 5.748063 0.477583 -5.700310 5.393732 0.477583 -7.116876 10.708693 0.477583 -6.684562 10.276380 0.477583 -6.094011 10.118141 0.477583 -2.157003 10.118141 0.477583 7.685517 5.393732 0.477583 -1.566452 10.276380 0.477583 -1.134138 10.708693 0.477583 3.119345 10.708693 0.477583 3.551658 10.276380 0.477583 4.142210 10.118141 0.477583 8.079218 10.118141 0.477583 9.890241 5.748063 0.477583 8.669768 10.276380 0.477583 9.102082 10.708693 0.477583 9.260320 11.299244 0.477583 13.197328 11.299244 0.477583 11.543784 6.456724 0.477583 12.646147 7.519716 0.477583 13.197328 8.937039 0.477583 -1.348459 12.434916 0.477583 -1.763302 12.874047 0.477583 -1.078300 11.894597 0.083883 -0.975901 11.299244 0.083883 -1.078300 11.894597 0.083883 -1.348459 12.434916 0.083883 -1.763302 12.874047 0.083883 3.119345 10.708693 0.083883 3.551658 10.276380 0.083883 4.142210 10.118141 0.083883 8.669768 10.276380 0.083883 8.472919 12.874047 0.083883 8.079218 10.118141 0.083883 8.887761 12.434916 0.083883 9.102082 10.708693 0.083883 9.157921 11.894597 0.083883 9.260320 11.299244 0.083883 8.472919 13.661448 -3.459424 2.961107 11.299244 -3.065724 3.063506 11.894597 -3.065724 2.961107 11.299244 -3.459424 3.063506 11.894597 -3.065724 3.333666 12.434916 -3.459424 3.333666 12.434916 -3.065724 3.748509 12.874047 -3.459424 3.748509 12.874047 -3.065724 3.748509 13.661448 -3.459424 3.748509 13.661448 -3.459424 -1.763302 12.874047 -3.459424 -1.348459 12.434916 -3.459424 -1.078300 11.894597 -3.459424 -0.975901 11.299244 -3.459424 -7.275113 11.299244 -3.459424 -11.212121 8.937039 -3.459424 -11.212121 11.299244 -3.459424 -10.660940 7.519716 -3.459424 -9.558578 6.456724 -3.459424 -7.905035 5.748063 -3.459424 -5.700310 5.393732 -3.459424 -7.116876 10.708693 -3.459424 -6.684562 10.276380 -3.459424 -6.094011 10.118141 -3.459424 -2.157003 10.118141 -3.459424 7.685517 5.393732 -3.459424 -1.566452 10.276380 -3.459424 -1.134138 10.708693 -3.459424 3.119345 10.708693 -3.459424 3.551658 10.276380 -3.459424 4.142210 10.118141 -3.459424 8.079218 10.118141 -3.459424 9.890241 5.748063 -3.459424 8.669768 10.276380 -3.459424 9.102082 10.708693 -3.459424 9.260320 11.299244 -3.459424 13.197328 11.299244 -3.459424 11.543784 6.456724 -3.459424 12.646147 7.519716 -3.459424 13.197328 8.937039 -3.065724 -1.763302 12.874047 -3.065724 -1.348459 12.434916 -3.065724 -1.078300 11.894597 -3.065724 -0.975901 11.299244 -3.065724 -6.487712 12.874047 -3.065724 -6.094011 10.118141 -3.065724 -2.157003 10.118141 -3.065724 -1.566452 10.276380 -3.065724 -1.134138 10.708693 -3.065724 -7.172714 11.894597 -3.065724 -7.116876 10.708693 -3.065724 -7.275113 11.299244 -3.065724 -6.902555 12.434916 -3.065724 -6.684562 10.276380 -3.065724 8.472919 13.661448 -3.065724 4.142210 10.118141 -3.065724 8.079218 10.118141 -3.065724 8.472919 12.874047 -3.065724 8.669768 10.276380 -3.065724 8.887761 12.434916 -3.065724 9.102082 10.708693 -3.065724 9.157921 11.894597 -3.065724 9.260320 11.299244 -3.065724 3.119345 10.708693 -3.065724 3.551658 10.276380 0.083883 -7.275113 11.299244 0.083883 -7.116876 10.708693 0.083883 -6.684562 10.276380 0.083883 -1.134138 10.708693 0.083883 -6.094011 10.118141 0.083883 -2.157003 10.118141 0.083883 -1.566452 10.276380 0.083883 -6.487712 12.874047 0.083883 -7.172714 11.894597 0.083883 -6.902555 12.434916 0.083883 -0.542830 11.299244 0.083883 2.528036 11.299244 1.973646 2.567406 11.299244 1.973646 -0.582200 11.299244 -1.490921 0.205202 11.299244 0.083883 2.528036 13.661448 0.083883 -0.542830 13.661448 5.831157 -0.975901 10.708693 5.398843 -0.582200 10.276380 5.398843 -0.975901 10.276380 5.831157 -0.582200 10.708693 4.808292 -0.582200 10.118141 4.808292 -0.975901 10.118141 3.154749 -0.582200 10.118141 3.154749 -0.975901 10.118141 2.564198 -0.582200 10.276380 2.564198 -0.975901 10.276380 2.131884 -0.582200 10.708693 2.131884 -0.975901 10.708693 5.989395 -0.582200 11.299244 5.989395 -0.975901 11.299244 5.886996 -0.582200 11.894597 5.201993 -0.582200 12.874047 5.144391 -0.582200 13.661448 5.616836 -0.582200 12.434916 5.201993 -0.582200 13.661448 2.131884 2.567406 10.708693 2.131884 2.961107 10.708693 2.564198 2.567406 10.276380 2.564198 2.961107 10.276380 3.154749 2.567406 10.118141 3.154749 2.961107 10.118141 4.808292 2.567406 10.118141 4.808292 2.961107 10.118141 5.398843 2.567406 10.276380 5.398843 2.961107 10.276380 5.831157 2.567406 10.708693 5.831157 2.961107 10.708693 5.989395 2.567406 11.299244 5.989395 2.961107 11.299244 5.886996 2.567406 11.894597 5.201993 2.567406 12.874047 5.144391 2.567406 13.661448 5.616836 2.567406 12.434916 5.201993 2.567406 13.661448 10.713804 -0.975901 11.299244 10.713804 -0.975901 8.937039 6.934277 -0.975901 5.748063 4.414591 -0.975901 5.393732 8.824040 -0.975901 6.456724 10.083882 -0.975901 7.519716 0.083883 1.583154 13.661448 -1.490921 1.780005 13.661448 0.083883 0.402052 13.661448 -1.490921 0.205202 13.661448 10.713804 2.961107 11.299244 4.414591 2.961107 5.393732 -9.364936 -0.975901 5.393732 -9.364936 2.961107 5.393732 -4.640527 -0.582200 13.661448 -4.640527 -0.975901 13.661448 -3.459424 2.567406 13.661448 -3.459424 -0.582200 13.661448 -10.152338 -0.582200 13.661448 -4.640527 2.567406 13.661448 -10.152338 2.567406 13.661448 -4.640527 2.961107 13.661448 -15.664149 2.961107 11.299244 -15.664149 -0.975901 8.937039 -15.664149 -0.975901 11.299244 -15.664149 2.961107 8.937039 10.083882 2.961107 7.519716 10.713804 2.961107 8.937039 -3.853125 -0.582200 11.299244 -4.011363 -0.975901 10.708693 -3.853125 -0.975901 11.299244 -4.011363 -0.582200 10.708693 8.824040 2.961107 6.456724 6.934277 2.961107 5.748063 -4.443676 -0.975901 10.276380 -4.443676 -0.582200 10.276380 -4.225684 -0.582200 12.434916 -3.955524 -0.975901 11.894597 -4.225684 -0.975901 12.434916 -3.955524 -0.582200 11.894597 -4.640527 -0.582200 12.874047 -4.640527 -0.975901 12.874047 -9.758637 2.961107 10.118141 -10.349188 2.961107 10.276380 -10.781502 2.961107 10.708693 -10.939739 2.961107 11.299244 -11.884622 2.961107 5.748063 -13.774385 2.961107 6.456724 -15.034227 2.961107 7.519716 -5.034227 2.961107 10.118141 -4.443676 2.961107 10.276380 -4.011363 2.961107 10.708693 -3.853125 2.961107 11.299244 -3.955524 2.961107 11.894597 -4.225684 2.961107 12.434916 -4.640527 2.961107 12.874047 -4.443676 2.567406 10.276380 -4.011363 2.567406 10.708693 -5.034227 2.567406 10.118141 -10.349188 2.567406 10.276380 -9.758637 2.567406 10.118141 -10.781502 2.567406 10.708693 -10.939739 2.567406 11.299244 -3.853125 2.567406 11.299244 -3.955524 2.567406 11.894597 -10.837340 2.567406 11.894597 -4.225684 2.567406 12.434916 -10.567181 2.567406 12.434916 -4.640527 2.567406 12.874047 -10.152338 2.567406 12.874047 -10.781502 -0.582200 10.708693 -10.939739 -0.975901 11.299244 -10.781502 -0.975901 10.708693 -10.939739 -0.582200 11.299244 -10.349188 -0.582200 10.276380 -10.349188 -0.975901 10.276380 -9.758637 -0.975901 10.118141 -9.758637 -0.582200 10.118141 -5.034227 -0.582200 10.118141 -10.837340 -0.582200 11.894597 -10.567181 -0.582200 12.434916 -10.152338 -0.582200 12.874047 -5.034227 -0.975901 10.118141 -15.034227 -0.975901 7.519716 -13.774385 -0.975901 6.456724 -11.530291 -0.975901 11.299244 -11.884622 -0.975901 5.748063 "
							            />
						</IndexedFaceSet>
					</Shape>
				</Group>
			</Transform>
		</Transform>
	</Scene>
</X3D>