<?xml version="1.0" encoding="UTF-8"?>
<!DOCTYPE X3D PUBLIC "ISO//Web3D//DTD X3D 3.0//EN" "http://www.web3d.org/specifications/x3d-3.0.dtd">
<X3D version="3.0" profile="Immersive" xmlns:xsd="http://www.w3.org/2001/XMLSchema-instance" xsd:noNamespaceSchemaLocation="http://www.web3d.org/specifications/x3d-3.0.xsd">
	<head>
		<meta name="filename" content="10-5.x3d" />
		<meta name="created" content="2026-06-21 15:09:37" />
		<meta name="generator" content="Blender 4.5.4 LTS" />
		<meta name="translator" content="Web3D X3D/VRML2 format v2.5.1" />
	</head>
	<Scene>
		<NavigationInfo headlight="true"
		                visibilityLimit="0.0"
		                type='"EXAMINE", "ANY"'
		                avatarSize="0.25, 1.75, 0.75"
		                />
		<Background DEF="WO_World"
		            groundColor="0.051 0.051 0.051"
		            skyColor="0.051 0.051 0.051"
		            />
		<Transform DEF="_10-5_TRANSFORM"
		           translation="0.000000 0.000000 0.000000"
		           scale="1.000000 1.000000 1.000000"
		           rotation="0.000000 0.707107 0.707107 3.141593"
		           >
			<Transform DEF="_10-5_ifs_TRANSFORM"
			           translation="0.000000 0.000000 0.000000"
			           scale="1.000000 1.000000 1.000000"
			           rotation="0.000000 1.000000 0.000000 0.000000"
			           >
				<Group DEF="group_ME_10-5_001">
					<Shape>
						<Appearance>
						</Appearance>
						<IndexedFaceSet solid="false"
						                coordIndex="0 1 2 -1 1 0 3 -1 4 0 5 -1 0 4 3 -1 4 6 7 -1 6 4 5 -1 1 6 2 -1 6 1 7 -1 1 4 7 -1 4 1 3 -1 0 6 5 -1 6 0 2 -1 8 9 10 -1 10 11 8 -1 8 12 13 -1 13 9 8 -1 14 15 13 -1 13 12 14 -1 16 17 18 -1 18 19 16 -1 20 12 8 -1 8 21 20 -1 18 17 20 -1 20 21 18 -1 22 19 18 -1 18 21 22 -1 21 8 22 -1 8 11 22 -1 11 23 22 -1 10 15 14 -1 14 11 10 -1 24 14 12 -1 12 20 24 -1 20 17 16 -1 16 25 20 -1 25 24 20 -1 26 27 28 -1 28 29 26 -1 30 31 32 -1 32 24 30 -1 24 25 30 -1 33 34 35 -1 35 36 33 -1 34 37 38 -1 38 35 34 -1 39 40 41 -1 41 42 39 -1 41 38 42 -1 41 35 38 -1 39 43 44 -1 44 45 39 -1 40 39 45 -1 45 46 40 -1 40 47 48 -1 48 41 40 -1 48 35 41 -1 48 36 35 -1 37 45 44 -1 44 49 37 -1 50 51 28 -1 32 31 52 -1 52 27 32 -1 52 33 27 -1 33 28 27 -1 33 50 28 -1 23 51 50 -1 50 53 23 -1 53 22 23 -1 34 46 45 -1 45 37 34 -1 37 49 54 -1 54 38 37 -1 15 10 9 -1 9 13 15 -1 47 40 46 -1 46 52 47 -1 54 49 44 -1 44 43 54 -1 33 52 46 -1 46 34 33 -1 30 47 52 -1 52 31 30 -1 47 30 16 -1 16 48 47 -1 16 19 48 -1 19 22 48 -1 22 53 48 -1 53 36 48 -1 25 16 30 -1 50 33 36 -1 36 53 50 -1 43 39 42 -1 42 54 43 -1 42 38 54 -1 32 27 26 -1 26 55 32 -1 55 14 32 -1 14 24 32 -1 56 55 26 -1 26 29 56 -1 23 11 56 -1 56 29 28 -1 28 51 56 -1 51 23 56 -1 14 55 56 -1 56 11 14 -1 57 58 59 -1 58 57 60 -1 60 57 61 -1 62 58 60 -1 58 62 63 -1 64 65 66 -1 65 64 67 -1 68 59 69 -1 59 68 66 -1 59 66 65 -1 69 59 58 -1 69 58 63 -1 69 63 70 -1 57 67 61 -1 67 57 65 -1 65 57 59 -1 62 70 63 -1 70 62 71 -1 72 61 64 -1 61 72 73 -1 61 73 60 -1 60 73 62 -1 62 73 71 -1 67 64 61 -1 69 71 73 -1 71 69 70 -1 74 75 76 -1 75 74 77 -1 78 72 79 -1 72 78 73 -1 79 80 76 -1 80 79 81 -1 76 78 79 -1 78 76 75 -1 82 75 77 -1 75 82 83 -1 72 81 79 -1 81 72 68 -1 83 84 80 -1 84 83 82 -1 69 81 68 -1 81 69 85 -1 82 74 84 -1 74 82 77 -1 85 80 81 -1 80 85 83 -1 76 84 74 -1 84 76 80 -1 64 68 72 -1 68 64 66 -1 83 78 75 -1 78 83 85 -1 85 73 78 -1 73 85 69 -1 86 87 88 -1 87 86 89 -1 90 91 92 -1 91 90 93 -1 94 86 95 -1 86 94 89 -1 89 94 96 -1 93 97 91 -1 97 93 98 -1 99 92 100 -1 92 99 90 -1 101 102 103 -1 102 101 104 -1 99 105 96 -1 105 99 102 -1 105 102 104 -1 96 106 89 -1 106 96 105 -1 89 106 87 -1 87 107 88 -1 107 87 106 -1 107 105 108 -1 105 107 106 -1 109 97 110 -1 97 109 91 -1 109 111 112 -1 111 109 113 -1 111 113 114 -1 111 114 115 -1 112 91 109 -1 91 112 92 -1 105 101 108 -1 101 105 104 -1 112 94 95 -1 94 112 111 -1 94 111 115 -1 94 115 96 -1 90 114 93 -1 114 90 115 -1 99 115 90 -1 115 99 96 -1 110 113 109 -1 113 110 116 -1 113 116 114 -1 95 107 100 -1 107 95 86 -1 107 86 88 -1 100 108 103 -1 108 100 107 -1 103 108 101 -1 116 97 98 -1 97 116 110 -1 95 92 112 -1 92 95 100 -1 102 100 103 -1 100 102 99 -1 93 116 98 -1 116 93 114 -1 117 118 119 -1 118 117 120 -1 118 120 121 -1 122 123 124 -1 123 122 125 -1 126 127 128 -1 127 126 129 -1 130 131 132 -1 131 130 133 -1 134 135 136 -1 135 134 137 -1 138 128 139 -1 128 138 126 -1 140 126 141 -1 126 140 129 -1 135 118 121 -1 118 135 142 -1 143 144 145 -1 144 143 146 -1 147 148 149 -1 148 147 150 -1 151 152 143 -1 152 151 153 -1 154 155 156 -1 155 154 157 -1 135 120 136 -1 120 135 121 -1 125 158 123 -1 158 125 159 -1 160 137 134 -1 137 160 161 -1 162 158 163 -1 158 162 124 -1 158 124 123 -1 164 131 165 -1 131 164 132 -1 166 167 168 -1 167 166 169 -1 146 170 171 -1 170 146 172 -1 173 146 171 -1 146 173 144 -1 140 165 129 -1 165 140 164 -1 141 138 174 -1 138 141 126 -1 125 139 159 -1 139 125 138 -1 173 161 160 -1 161 173 171 -1 130 175 133 -1 175 130 157 -1 157 130 155 -1 176 154 156 -1 154 176 177 -1 178 169 166 -1 169 178 179 -1 180 179 178 -1 179 180 181 -1 131 182 165 -1 182 131 183 -1 143 172 146 -1 172 143 152 -1 174 125 122 -1 125 174 138 -1 137 184 185 -1 184 137 161 -1 168 150 147 -1 150 168 167 -1 165 127 129 -1 127 165 182 -1 177 181 180 -1 181 177 176 -1 137 142 135 -1 142 137 185 -1 119 184 186 -1 184 119 185 -1 185 119 142 -1 142 119 118 -1 149 168 147 -1 168 149 166 -1 166 149 187 -1 166 187 178 -1 178 187 188 -1 178 188 180 -1 180 188 189 -1 180 189 190 -1 190 189 170 -1 190 170 172 -1 190 172 152 -1 190 152 191 -1 170 189 186 -1 170 186 184 -1 191 152 153 -1 180 192 177 -1 192 180 190 -1 177 192 128 -1 128 192 139 -1 139 192 159 -1 159 192 163 -1 177 128 154 -1 159 163 158 -1 154 127 157 -1 127 154 128 -1 157 127 182 -1 157 182 183 -1 157 183 175 -1 161 170 184 -1 170 161 171 -1 133 183 131 -1 183 133 175 -1 151 145 193 -1 145 151 143 -1 119 194 117 -1 194 119 186 -1 188 195 189 -1 195 188 196 -1 186 195 194 -1 195 186 189 -1 163 197 162 -1 197 163 192 -1 155 140 156 -1 140 155 164 -1 164 155 132 -1 132 155 130 -1 169 150 167 -1 150 169 148 -1 148 169 179 -1 148 179 198 -1 198 179 181 -1 198 181 196 -1 196 181 176 -1 196 176 197 -1 197 176 141 -1 197 141 174 -1 197 174 122 -1 197 122 162 -1 141 176 156 -1 141 156 140 -1 162 122 124 -1 196 199 195 -1 199 196 197 -1 195 199 173 -1 173 199 144 -1 144 199 145 -1 145 199 200 -1 195 173 194 -1 145 200 193 -1 194 160 117 -1 160 194 173 -1 117 160 134 -1 117 134 136 -1 117 136 120 -1 193 153 151 -1 153 193 191 -1 191 193 200 -1 149 198 187 -1 198 149 148 -1 199 192 190 -1 192 199 197 -1 187 196 188 -1 196 187 198 -1 199 191 200 -1 191 199 190 -1 201 202 203 -1 202 201 204 -1 205 206 207 -1 206 205 208 -1 209 201 210 -1 201 209 204 -1 204 209 211 -1 208 212 206 -1 212 208 213 -1 214 207 215 -1 207 214 205 -1 216 217 218 -1 217 216 219 -1 214 220 211 -1 220 214 217 -1 220 217 219 -1 211 221 204 -1 221 211 220 -1 204 221 202 -1 202 222 203 -1 222 202 221 -1 222 220 223 -1 220 222 221 -1 224 212 225 -1 212 224 206 -1 224 226 227 -1 226 224 228 -1 226 228 229 -1 226 229 230 -1 227 206 224 -1 206 227 207 -1 220 216 223 -1 216 220 219 -1 227 209 210 -1 209 227 226 -1 209 226 230 -1 209 230 211 -1 205 229 208 -1 229 205 230 -1 214 230 205 -1 230 214 211 -1 225 228 224 -1 228 225 231 -1 228 231 229 -1 210 222 215 -1 222 210 201 -1 222 201 203 -1 215 223 218 -1 223 215 222 -1 218 223 216 -1 231 212 213 -1 212 231 225 -1 210 207 227 -1 207 210 215 -1 217 215 218 -1 215 217 214 -1 208 231 213 -1 231 208 229 -1 232 233 234 -1 233 232 235 -1 234 236 237 -1 236 234 238 -1 238 234 239 -1 239 234 240 -1 240 234 233 -1 239 241 238 -1 242 243 244 -1 243 242 245 -1 245 242 234 -1 234 242 246 -1 246 242 233 -1 233 242 240 -1 240 242 247 -1 247 248 240 -1 248 247 249 -1 248 249 250 -1 251 234 246 -1 234 251 232 -1 251 252 232 -1 253 254 255 -1 254 253 256 -1 256 253 257 -1 257 253 232 -1 232 253 235 -1 235 253 251 -1 258 259 253 -1 259 258 260 -1 260 258 261 -1 252 262 263 -1 262 252 264 -1 264 252 251 -1 264 251 253 -1 264 253 259 -1 251 233 235 -1 233 251 246 -1 252 234 232 -1 234 252 245 -1 247 260 249 -1 260 247 259 -1 249 261 250 -1 261 249 260 -1 250 258 248 -1 258 250 261 -1 257 234 237 -1 234 257 232 -1 252 243 245 -1 243 252 263 -1 256 238 254 -1 238 256 236 -1 255 240 253 -1 240 255 239 -1 239 255 241 -1 241 255 265 -1 255 238 265 -1 238 255 254 -1 258 240 248 -1 240 258 253 -1 238 241 265 -1 262 243 263 -1 243 262 244 -1 244 262 266 -1 244 266 267 -1 267 266 268 -1 267 268 269 -1 257 236 256 -1 236 257 237 -1 270 271 272 -1 271 270 273 -1 242 259 247 -1 259 242 272 -1 259 272 264 -1 264 272 271 -1 267 242 244 -1 242 267 272 -1 270 267 269 -1 267 270 272 -1 266 273 268 -1 273 266 271 -1 262 271 266 -1 271 262 264 -1 268 270 269 -1 270 268 273 -1 274 275 276 -1 275 274 277 -1 278 279 280 -1 279 278 281 -1 282 274 283 -1 274 282 277 -1 277 282 284 -1 281 285 279 -1 285 281 286 -1 287 280 288 -1 280 287 278 -1 289 290 291 -1 290 289 292 -1 287 293 284 -1 293 287 290 -1 293 290 292 -1 284 294 277 -1 294 284 293 -1 277 294 275 -1 275 295 276 -1 295 275 294 -1 295 293 296 -1 293 295 294 -1 297 285 298 -1 285 297 279 -1 297 299 300 -1 299 297 301 -1 299 301 302 -1 299 302 303 -1 300 279 297 -1 279 300 280 -1 293 289 296 -1 289 293 292 -1 300 282 283 -1 282 300 299 -1 282 299 303 -1 282 303 284 -1 278 302 281 -1 302 278 303 -1 287 303 278 -1 303 287 284 -1 298 301 297 -1 301 298 304 -1 301 304 302 -1 283 295 288 -1 295 283 274 -1 295 274 276 -1 288 296 291 -1 296 288 295 -1 291 296 289 -1 304 285 286 -1 285 304 298 -1 283 280 300 -1 280 283 288 -1 290 288 291 -1 288 290 287 -1 281 304 286 -1 304 281 302 -1 305 306 307 -1 306 305 308 -1 309 310 311 -1 310 309 312 -1 309 313 314 -1 313 309 311 -1 315 309 316 -1 309 315 312 -1 307 312 315 -1 312 307 306 -1 312 317 310 -1 317 312 306 -1 316 314 318 -1 314 316 309 -1 319 320 308 -1 320 319 321 -1 322 323 324 -1 323 322 325 -1 326 319 327 -1 319 326 323 -1 324 326 328 -1 326 324 323 -1 323 321 319 -1 321 323 325 -1 329 330 331 -1 330 329 332 -1 328 322 324 -1 322 328 333 -1 333 328 334 -1 334 305 335 -1 305 334 327 -1 327 334 326 -1 326 334 328 -1 336 337 338 -1 337 336 339 -1 339 336 340 -1 339 340 341 -1 341 340 342 -1 341 342 343 -1 343 342 307 -1 343 307 315 -1 343 315 316 -1 343 316 344 -1 307 342 335 -1 307 335 305 -1 344 316 318 -1 341 345 346 -1 345 341 343 -1 346 345 347 -1 347 345 348 -1 348 345 349 -1 349 345 350 -1 346 347 351 -1 349 350 352 -1 351 353 354 -1 353 351 347 -1 354 353 355 -1 354 355 356 -1 354 356 357 -1 306 320 317 -1 320 306 308 -1 305 319 308 -1 319 305 327 -1 352 329 331 -1 329 352 358 -1 358 352 350 -1 359 339 360 -1 339 359 337 -1 345 361 362 -1 361 345 343 -1 362 350 345 -1 350 362 358 -1 363 364 365 -1 364 363 366 -1 366 363 367 -1 367 363 368 -1 360 369 359 -1 369 360 370 -1 370 360 371 -1 370 371 372 -1 372 371 373 -1 372 373 362 -1 362 373 374 -1 362 374 375 -1 362 375 332 -1 362 332 358 -1 374 373 365 -1 374 365 364 -1 358 332 329 -1 372 361 376 -1 361 372 362 -1 376 361 317 -1 317 361 310 -1 310 361 311 -1 311 361 377 -1 376 317 378 -1 311 377 313 -1 378 320 333 -1 320 378 317 -1 333 320 321 -1 333 321 325 -1 333 325 322 -1 344 313 377 -1 313 344 318 -1 313 318 314 -1 377 343 344 -1 343 377 361 -1 356 379 357 -1 379 356 380 -1 355 380 356 -1 380 355 381 -1 353 381 355 -1 381 353 382 -1 347 382 353 -1 382 347 383 -1 347 384 383 -1 384 347 348 -1 330 348 349 -1 348 330 384 -1 330 375 384 -1 375 330 332 -1 381 364 366 -1 364 381 382 -1 366 380 381 -1 380 366 367 -1 380 368 379 -1 368 380 367 -1 331 349 352 -1 349 331 330 -1 384 374 383 -1 374 384 375 -1 382 374 364 -1 374 382 383 -1 346 371 341 -1 371 346 373 -1 360 341 371 -1 341 360 339 -1 351 373 346 -1 373 351 365 -1 378 334 335 -1 334 378 333 -1 354 368 363 -1 368 354 357 -1 368 357 379 -1 369 337 359 -1 337 369 338 -1 363 351 354 -1 351 363 365 -1 372 336 370 -1 336 372 340 -1 370 338 369 -1 338 370 336 -1 376 335 342 -1 335 376 378 -1 372 342 340 -1 342 372 376 -1 385 386 387 -1 386 385 388 -1 389 390 391 -1 390 389 392 -1 393 385 394 -1 385 393 388 -1 388 393 395 -1 392 396 390 -1 396 392 397 -1 398 391 399 -1 391 398 389 -1 400 401 402 -1 401 400 403 -1 398 404 395 -1 404 398 401 -1 404 401 403 -1 395 405 388 -1 405 395 404 -1 388 405 386 -1 386 406 387 -1 406 386 405 -1 406 404 407 -1 404 406 405 -1 408 396 409 -1 396 408 390 -1 408 410 411 -1 410 408 412 -1 410 412 413 -1 410 413 414 -1 411 390 408 -1 390 411 391 -1 404 400 407 -1 400 404 403 -1 411 393 394 -1 393 411 410 -1 393 410 414 -1 393 414 395 -1 389 413 392 -1 413 389 414 -1 398 414 389 -1 414 398 395 -1 409 412 408 -1 412 409 415 -1 412 415 413 -1 394 406 399 -1 406 394 385 -1 406 385 387 -1 399 407 402 -1 407 399 406 -1 402 407 400 -1 415 396 397 -1 396 415 409 -1 394 391 411 -1 391 394 399 -1 401 399 402 -1 399 401 398 -1 392 415 397 -1 415 392 413 -1 416 417 418 -1 417 416 419 -1 420 421 422 -1 421 420 423 -1 424 416 425 -1 416 424 419 -1 419 424 426 -1 423 427 421 -1 427 423 428 -1 429 422 430 -1 422 429 420 -1 431 432 433 -1 432 431 434 -1 429 435 426 -1 435 429 432 -1 435 432 434 -1 426 436 419 -1 436 426 435 -1 419 436 417 -1 417 437 418 -1 437 417 436 -1 437 435 438 -1 435 437 436 -1 439 427 440 -1 427 439 421 -1 439 441 442 -1 441 439 443 -1 441 443 444 -1 441 444 445 -1 442 421 439 -1 421 442 422 -1 435 431 438 -1 431 435 434 -1 442 424 425 -1 424 442 441 -1 424 441 445 -1 424 445 426 -1 420 444 423 -1 444 420 445 -1 429 445 420 -1 445 429 426 -1 440 443 439 -1 443 440 446 -1 443 446 444 -1 425 437 430 -1 437 425 416 -1 437 416 418 -1 430 438 433 -1 438 430 437 -1 433 438 431 -1 446 427 428 -1 427 446 440 -1 425 422 442 -1 422 425 430 -1 432 430 433 -1 430 432 429 -1 423 446 428 -1 446 423 444 -1 447 448 449 -1 449 450 447 -1 450 451 452 -1 452 447 450 -1 447 452 453 -1 453 454 447 -1 453 455 454 -1 456 457 458 -1 458 448 456 -1 448 459 456 -1 459 460 456 -1 449 448 458 -1 458 457 452 -1 452 451 458 -1 451 450 449 -1 449 458 451 -1 456 453 452 -1 452 457 456 -1 454 459 448 -1 448 447 454 -1 455 460 459 -1 459 454 455 -1 453 456 460 -1 460 455 453 -1 461 462 463 -1 462 461 464 -1 465 466 467 -1 466 465 468 -1 469 470 471 -1 470 469 472 -1 473 474 475 -1 474 473 476 -1 469 465 472 -1 465 469 468 -1 468 469 461 -1 468 461 475 -1 475 461 463 -1 475 463 473 -1 475 466 468 -1 466 475 474 -1 472 467 470 -1 467 472 465 -1 469 464 461 -1 464 469 471 -1 477 478 479 -1 478 477 480 -1 481 482 483 -1 482 481 484 -1 482 484 485 -1 485 484 478 -1 485 478 486 -1 486 478 480 -1 483 487 488 -1 487 483 482 -1 489 490 491 -1 490 489 492 -1 490 493 491 -1 493 490 494 -1 494 490 495 -1 495 490 496 -1 497 498 499 -1 498 497 500 -1 500 497 501 -1 500 501 502 -1 502 501 503 -1 502 503 504 -1 504 503 505 -1 504 505 506 -1 504 506 507 -1 505 503 508 -1 508 503 491 -1 508 491 493 -1 507 506 509 -1 502 510 511 -1 510 502 504 -1 511 510 512 -1 512 510 513 -1 513 510 477 -1 511 512 514 -1 511 514 515 -1 513 477 479 -1 515 516 483 -1 516 515 514 -1 483 516 517 -1 483 517 518 -1 483 518 481 -1 488 515 483 -1 515 488 519 -1 520 498 521 -1 498 520 499 -1 522 481 518 -1 481 522 484 -1 506 523 509 -1 523 506 524 -1 510 525 526 -1 525 510 504 -1 527 528 529 -1 528 527 530 -1 531 518 517 -1 518 531 522 -1 532 533 534 -1 533 532 531 -1 531 532 535 -1 531 535 522 -1 522 535 478 -1 522 478 484 -1 536 491 503 -1 491 536 489 -1 537 538 539 -1 538 537 540 -1 529 541 542 -1 541 529 528 -1 543 499 520 -1 499 543 497 -1 505 524 506 -1 524 505 544 -1 478 513 479 -1 513 478 535 -1 516 531 517 -1 531 516 533 -1 510 480 477 -1 480 510 526 -1 545 504 507 -1 504 545 525 -1 546 497 543 -1 497 546 501 -1 514 533 516 -1 533 514 534 -1 547 527 548 -1 527 547 530 -1 512 534 514 -1 534 512 532 -1 493 549 550 -1 549 493 494 -1 495 549 494 -1 549 495 551 -1 549 552 550 -1 552 549 544 -1 544 549 551 -1 544 551 524 -1 524 551 553 -1 524 553 523 -1 505 552 544 -1 552 505 508 -1 539 529 542 -1 529 539 527 -1 527 539 538 -1 527 538 548 -1 548 538 482 -1 548 482 485 -1 486 548 485 -1 548 486 547 -1 542 537 539 -1 537 542 541 -1 508 550 552 -1 550 508 493 -1 496 551 495 -1 551 496 553 -1 536 501 546 -1 501 536 503 -1 540 482 538 -1 482 540 487 -1 535 512 513 -1 512 535 532 -1 554 511 555 -1 511 554 502 -1 488 541 519 -1 541 488 537 -1 537 488 540 -1 540 488 487 -1 556 520 521 -1 520 556 543 -1 543 556 554 -1 543 554 546 -1 546 554 555 -1 546 555 526 -1 526 555 530 -1 526 530 547 -1 526 547 480 -1 530 555 528 -1 528 555 519 -1 528 519 541 -1 480 547 486 -1 546 525 536 -1 525 546 526 -1 536 525 471 -1 471 525 464 -1 464 525 545 -1 536 471 470 -1 536 470 489 -1 464 545 462 -1 489 467 492 -1 467 489 470 -1 492 467 466 -1 492 466 474 -1 492 474 476 -1 515 555 511 -1 555 515 519 -1 507 462 545 -1 462 507 463 -1 463 507 509 -1 463 509 523 -1 523 473 463 -1 473 523 553 -1 473 492 476 -1 492 473 553 -1 492 553 496 -1 492 496 490 -1 556 502 554 -1 502 556 500 -1 521 500 556 -1 500 521 498 -1 557 558 559 -1 558 557 560 -1 560 561 562 -1 561 560 557 -1 557 563 561 -1 563 557 564 -1 563 564 565 -1 566 567 568 -1 567 566 559 -1 559 566 569 -1 569 566 570 -1 558 567 559 -1 567 561 568 -1 561 567 562 -1 562 558 560 -1 558 562 567 -1 566 561 563 -1 561 566 568 -1 564 559 569 -1 559 564 557 -1 565 569 570 -1 569 565 564 -1 563 570 566 -1 570 563 565 -1 571 572 573 -1 572 571 574 -1 575 576 577 -1 576 575 578 -1 579 571 580 -1 571 579 574 -1 574 579 581 -1 578 582 576 -1 582 578 583 -1 584 577 585 -1 577 584 575 -1 586 587 588 -1 587 586 589 -1 584 590 581 -1 590 584 587 -1 590 587 589 -1 581 591 574 -1 591 581 590 -1 574 591 572 -1 572 592 573 -1 592 572 591 -1 592 590 593 -1 590 592 591 -1 594 582 595 -1 582 594 576 -1 594 596 597 -1 596 594 598 -1 596 598 599 -1 596 599 600 -1 597 576 594 -1 576 597 577 -1 590 586 593 -1 586 590 589 -1 597 579 580 -1 579 597 596 -1 579 596 600 -1 579 600 581 -1 575 599 578 -1 599 575 600 -1 584 600 575 -1 600 584 581 -1 595 598 594 -1 598 595 601 -1 598 601 599 -1 580 592 585 -1 592 580 571 -1 592 571 573 -1 585 593 588 -1 593 585 592 -1 588 593 586 -1 601 582 583 -1 582 601 595 -1 580 577 597 -1 577 580 585 -1 587 585 588 -1 585 587 584 -1 578 601 583 -1 601 578 599 -1 602 603 604 -1 603 602 605 -1 606 607 608 -1 607 606 609 -1 610 611 612 -1 611 610 613 -1 607 614 608 -1 614 607 615 -1 612 616 617 -1 616 612 611 -1 616 611 618 -1 618 611 619 -1 619 611 620 -1 621 617 616 -1 622 623 624 -1 625 610 626 -1 610 625 627 -1 610 627 613 -1 613 627 623 -1 613 623 622 -1 628 602 629 -1 602 628 605 -1 630 631 632 -1 631 630 633 -1 632 634 635 -1 634 632 631 -1 636 631 633 -1 631 636 637 -1 637 634 631 -1 634 637 638 -1 638 639 634 -1 639 638 640 -1 638 641 640 -1 641 638 642 -1 636 643 637 -1 643 636 644 -1 637 642 638 -1 642 637 643 -1 645 625 626 -1 625 645 646 -1 635 639 647 -1 639 635 634 -1 648 607 609 -1 607 648 615 -1 615 648 623 -1 623 648 624 -1 625 614 627 -1 614 606 608 -1 606 614 646 -1 646 614 625 -1 616 628 629 -1 628 616 618 -1 614 623 627 -1 623 614 615 -1 649 602 604 -1 602 649 629 -1 629 649 616 -1 616 649 621 -1 619 628 618 -1 628 603 605 -1 603 628 650 -1 650 628 619 -1 636 611 644 -1 611 636 651 -1 611 651 620 -1 644 613 652 -1 613 644 611 -1 652 613 622 -1 635 653 632 -1 653 635 654 -1 653 654 642 -1 653 642 643 -1 641 639 640 -1 639 641 647 -1 632 655 630 -1 655 632 653 -1 655 653 643 -1 655 643 644 -1 647 654 635 -1 654 647 641 -1 654 641 642 -1 630 610 633 -1 610 630 645 -1 610 645 626 -1 633 612 656 -1 612 633 610 -1 656 612 617 -1 651 603 650 -1 649 633 656 -1 633 649 604 -1 633 604 636 -1 636 604 603 -1 636 603 651 -1 655 606 630 -1 606 655 609 -1 609 655 648 -1 648 655 652 -1 652 655 644 -1 630 646 645 -1 646 630 606 -1 619 651 650 -1 651 619 620 -1 648 622 624 -1 622 648 652 -1 617 649 656 -1 649 617 621 -1 657 658 659 -1 658 657 660 -1 661 662 663 -1 662 661 664 -1 665 657 666 -1 657 665 660 -1 660 665 667 -1 664 668 662 -1 668 664 669 -1 670 663 671 -1 663 670 661 -1 672 673 674 -1 673 672 675 -1 670 676 667 -1 676 670 673 -1 676 673 675 -1 667 677 660 -1 677 667 676 -1 660 677 658 -1 658 678 659 -1 678 658 677 -1 678 676 679 -1 676 678 677 -1 680 668 681 -1 668 680 662 -1 680 682 683 -1 682 680 684 -1 682 684 685 -1 682 685 686 -1 683 662 680 -1 662 683 663 -1 676 672 679 -1 672 676 675 -1 683 665 666 -1 665 683 682 -1 665 682 686 -1 665 686 667 -1 661 685 664 -1 685 661 686 -1 670 686 661 -1 686 670 667 -1 681 684 680 -1 684 681 687 -1 684 687 685 -1 666 678 671 -1 678 666 657 -1 678 657 659 -1 671 679 674 -1 679 671 678 -1 674 679 672 -1 687 668 669 -1 668 687 681 -1 666 663 683 -1 663 666 671 -1 673 671 674 -1 671 673 670 -1 664 687 669 -1 687 664 685 -1 688 689 690 -1 689 688 691 -1 692 693 694 -1 693 692 695 -1 691 479 696 -1 479 691 688 -1 479 688 694 -1 697 698 28 -1 698 697 486 -1 698 486 699 -1 699 486 700 -1 700 486 701 -1 701 486 702 -1 702 486 693 -1 693 486 694 -1 694 486 479 -1 702 703 701 -1 704 705 706 -1 707 708 27 -1 708 707 462 -1 462 707 709 -1 462 709 710 -1 462 710 705 -1 462 705 704 -1 462 704 695 -1 462 695 692 -1 462 692 509 -1 509 692 690 -1 711 690 689 -1 690 711 509 -1 545 708 462 -1 708 545 525 -1 708 525 697 -1 697 525 526 -1 697 526 480 -1 697 480 486 -1 486 477 479 -1 477 486 480 -1 477 526 510 -1 526 477 480 -1 711 507 509 -1 507 711 504 -1 504 711 696 -1 504 696 510 -1 510 696 477 -1 477 696 479 -1 545 509 507 -1 509 545 462 -1 692 688 690 -1 688 692 694 -1 28 708 697 -1 708 28 27 -1 691 711 689 -1 711 691 696 -1 526 504 510 -1 504 526 525 -1 703 704 706 -1 704 703 702 -1 28 707 27 -1 707 28 698 -1 700 705 710 -1 705 700 701 -1 699 710 709 -1 710 699 700 -1 704 693 695 -1 693 704 702 -1 701 706 705 -1 706 701 703 -1 698 709 707 -1 709 698 699 -1 712 713 714 -1 713 712 715 -1 712 716 717 -1 716 712 714 -1 718 691 689 -1 691 718 719 -1 719 718 720 -1 721 722 723 -1 722 721 724 -1 724 721 725 -1 720 726 719 -1 726 720 727 -1 726 727 728 -1 728 727 729 -1 729 727 730 -1 729 730 722 -1 722 730 723 -1 731 691 719 -1 691 732 689 -1 732 691 733 -1 718 734 735 -1 734 718 689 -1 736 732 737 -1 732 736 689 -1 689 736 734 -1 738 739 740 -1 739 738 741 -1 728 742 726 -1 742 728 743 -1 738 719 741 -1 719 738 731 -1 741 726 742 -1 726 741 719 -1 733 744 745 -1 744 733 691 -1 744 691 740 -1 740 691 738 -1 738 691 731 -1 746 747 748 -1 747 746 749 -1 727 747 730 -1 747 727 748 -1 750 718 735 -1 718 750 720 -1 727 750 748 -1 750 727 720 -1 739 751 752 -1 751 739 741 -1 751 741 742 -1 753 751 742 -1 754 755 756 -1 755 754 757 -1 755 757 758 -1 728 759 743 -1 759 728 760 -1 760 728 761 -1 761 728 762 -1 762 728 763 -1 763 728 729 -1 764 712 717 -1 712 764 715 -1 715 764 765 -1 715 765 757 -1 757 765 758 -1 758 765 766 -1 766 765 767 -1 767 765 768 -1 768 765 769 -1 769 765 759 -1 766 767 770 -1 769 759 760 -1 771 772 773 -1 770 774 775 -1 774 770 767 -1 775 774 776 -1 775 776 773 -1 775 773 772 -1 737 777 736 -1 777 737 745 -1 777 745 752 -1 752 745 744 -1 743 753 742 -1 753 743 759 -1 756 778 754 -1 778 756 779 -1 764 716 780 -1 716 764 717 -1 753 765 751 -1 765 753 759 -1 752 781 777 -1 781 752 751 -1 781 780 782 -1 780 781 764 -1 764 781 751 -1 764 751 765 -1 733 737 732 -1 737 733 745 -1 783 784 785 -1 784 783 786 -1 786 787 784 -1 787 786 788 -1 789 790 791 -1 790 789 792 -1 790 723 791 -1 723 790 721 -1 793 792 789 -1 792 793 794 -1 795 796 797 -1 796 795 798 -1 799 793 800 -1 793 799 794 -1 797 801 802 -1 801 797 796 -1 787 803 804 -1 803 787 788 -1 804 798 795 -1 798 804 803 -1 801 800 802 -1 800 801 799 -1 803 796 798 -1 796 803 788 -1 796 788 801 -1 801 788 786 -1 801 786 799 -1 799 786 783 -1 799 783 794 -1 794 783 805 -1 794 805 792 -1 792 805 806 -1 792 806 790 -1 790 806 807 -1 790 807 721 -1 721 807 725 -1 766 808 809 -1 808 766 770 -1 756 810 779 -1 810 756 755 -1 755 811 810 -1 811 755 758 -1 758 809 811 -1 809 758 766 -1 757 713 715 -1 713 757 812 -1 757 778 812 -1 778 757 754 -1 808 775 813 -1 775 808 770 -1 814 815 816 -1 815 814 817 -1 817 814 818 -1 817 818 819 -1 819 818 820 -1 819 820 821 -1 821 820 822 -1 821 822 823 -1 823 822 824 -1 823 824 825 -1 825 824 826 -1 825 826 827 -1 827 826 722 -1 827 722 724 -1 817 774 815 -1 774 817 776 -1 815 767 816 -1 767 815 774 -1 816 768 814 -1 768 816 767 -1 760 822 820 -1 822 760 761 -1 813 783 785 -1 783 813 771 -1 771 813 772 -1 772 813 775 -1 771 821 783 -1 821 805 783 -1 805 821 823 -1 805 825 806 -1 825 805 823 -1 806 827 807 -1 827 806 825 -1 827 725 807 -1 725 827 724 -1 822 762 824 -1 762 822 761 -1 769 820 818 -1 820 769 760 -1 810 778 779 -1 778 810 812 -1 812 810 811 -1 812 811 713 -1 808 804 795 -1 804 808 813 -1 804 813 787 -1 787 813 784 -1 784 813 785 -1 713 716 714 -1 716 713 780 -1 780 713 782 -1 782 713 811 -1 782 811 809 -1 782 809 795 -1 782 795 797 -1 782 797 802 -1 782 802 749 -1 795 809 808 -1 749 802 800 -1 749 800 793 -1 749 730 747 -1 730 749 793 -1 730 793 789 -1 730 789 791 -1 730 791 723 -1 771 819 821 -1 819 771 773 -1 773 817 819 -1 817 773 776 -1 768 818 814 -1 818 768 769 -1 824 763 826 -1 763 824 762 -1 763 722 826 -1 722 763 729 -1 746 777 781 -1 777 746 828 -1 828 746 748 -1 828 748 750 -1 750 734 828 -1 734 750 735 -1 746 782 749 -1 782 746 781 -1 736 828 734 -1 828 736 777 -1 744 739 752 -1 739 744 740 -1 829 830 831 -1 830 829 832 -1 833 834 835 -1 834 833 836 -1 837 835 834 -1 835 837 838 -1 833 839 836 -1 840 841 842 -1 618 839 616 -1 839 618 836 -1 616 839 841 -1 616 841 840 -1 843 839 844 -1 839 843 841 -1 608 845 846 -1 845 608 607 -1 732 847 733 -1 847 732 848 -1 848 732 849 -1 848 849 850 -1 848 850 851 -1 851 850 838 -1 851 852 853 -1 852 851 838 -1 854 838 837 -1 838 854 855 -1 838 855 852 -1 855 854 856 -1 856 857 855 -1 857 856 858 -1 830 608 846 -1 608 830 614 -1 614 830 832 -1 614 832 627 -1 627 832 859 -1 859 832 860 -1 860 832 847 -1 847 832 733 -1 861 615 623 -1 849 861 862 -1 861 849 829 -1 829 849 732 -1 615 845 607 -1 845 615 831 -1 831 615 829 -1 829 615 861 -1 840 863 864 -1 863 840 842 -1 853 863 851 -1 863 853 864 -1 860 865 859 -1 865 860 866 -1 866 847 848 -1 847 866 860 -1 623 844 861 -1 844 623 627 -1 844 627 843 -1 843 627 859 -1 859 865 843 -1 867 861 844 -1 867 862 861 -1 862 867 868 -1 868 849 862 -1 849 868 850 -1 629 618 616 -1 618 629 628 -1 833 844 839 -1 844 833 868 -1 868 833 835 -1 868 835 850 -1 850 835 838 -1 867 844 868 -1 869 870 871 -1 870 869 872 -1 873 858 874 -1 858 873 857 -1 875 876 877 -1 876 875 878 -1 869 879 880 -1 879 869 871 -1 879 871 881 -1 879 881 882 -1 870 883 884 -1 883 870 872 -1 885 886 887 -1 886 885 888 -1 875 888 885 -1 888 875 877 -1 887 889 890 -1 889 887 886 -1 890 605 602 -1 605 890 889 -1 882 891 876 -1 891 882 892 -1 892 882 893 -1 893 882 881 -1 886 605 889 -1 605 886 628 -1 628 886 888 -1 628 888 877 -1 628 877 618 -1 618 877 894 -1 618 894 895 -1 618 895 896 -1 618 896 836 -1 894 877 876 -1 894 876 891 -1 836 896 897 -1 836 897 834 -1 834 897 837 -1 837 897 898 -1 837 898 899 -1 837 899 900 -1 837 900 854 -1 884 873 874 -1 873 884 883 -1 878 882 876 -1 882 878 879 -1 602 887 890 -1 887 602 629 -1 887 629 885 -1 885 629 875 -1 853 840 864 -1 840 853 901 -1 901 853 902 -1 902 853 903 -1 903 853 852 -1 840 629 616 -1 629 840 904 -1 629 904 905 -1 629 905 906 -1 629 906 875 -1 875 906 878 -1 904 840 907 -1 907 840 901 -1 878 908 879 -1 908 878 906 -1 879 908 909 -1 879 909 910 -1 879 910 880 -1 911 907 912 -1 907 911 904 -1 913 904 911 -1 904 913 905 -1 913 906 905 -1 906 913 914 -1 914 908 906 -1 908 914 915 -1 915 909 908 -1 909 915 916 -1 917 909 916 -1 909 917 910 -1 869 910 917 -1 910 869 880 -1 918 903 919 -1 903 918 902 -1 865 841 843 -1 841 865 863 -1 863 865 866 -1 863 866 851 -1 851 866 848 -1 842 841 863 -1 881 920 893 -1 920 881 871 -1 891 921 922 -1 921 891 892 -1 895 923 896 -1 923 895 924 -1 925 854 900 -1 854 925 856 -1 896 926 897 -1 926 896 923 -1 898 927 899 -1 927 898 928 -1 895 929 924 -1 929 895 894 -1 894 922 929 -1 922 894 891 -1 899 925 900 -1 925 899 927 -1 907 930 912 -1 930 907 901 -1 930 902 918 -1 902 930 901 -1 732 832 829 -1 832 732 733 -1 846 831 830 -1 831 846 845 -1 629 605 628 -1 605 629 602 -1 921 929 922 -1 929 921 924 -1 924 921 920 -1 924 920 923 -1 923 920 871 -1 923 871 926 -1 926 871 870 -1 926 870 928 -1 928 870 884 -1 928 884 927 -1 927 884 874 -1 927 874 925 -1 925 874 856 -1 856 874 858 -1 926 898 897 -1 898 926 928 -1 893 921 892 -1 921 893 920 -1 903 855 919 -1 855 903 852 -1 913 915 914 -1 915 913 916 -1 916 913 911 -1 916 911 917 -1 917 911 912 -1 917 912 869 -1 869 912 930 -1 869 930 872 -1 872 930 918 -1 872 918 883 -1 883 918 919 -1 883 919 873 -1 873 919 855 -1 873 855 857 -1 931 932 933 -1 932 931 934 -1 933 935 931 -1 935 933 936 -1 936 937 938 -1 937 936 933 -1 933 939 937 -1 939 933 932 -1 939 932 940 -1 939 940 941 -1 942 943 944 -1 943 942 945 -1 943 946 947 -1 946 943 945 -1 948 932 934 -1 932 948 940 -1 949 950 951 -1 950 949 952 -1 953 950 954 -1 950 953 955 -1 950 955 951 -1 951 955 956 -1 952 957 958 -1 957 952 959 -1 959 952 949 -1 959 949 960 -1 953 961 962 -1 961 953 954 -1 963 959 960 -1 959 963 964 -1 965 958 966 -1 958 965 952 -1 955 962 967 -1 962 955 953 -1 968 958 957 -1 958 968 966 -1 966 968 969 -1 950 961 954 -1 961 950 970 -1 971 961 970 -1 961 971 962 -1 946 972 947 -1 972 946 951 -1 951 946 949 -1 949 946 960 -1 960 946 963 -1 956 972 951 -1 963 942 973 -1 942 963 946 -1 942 946 945 -1 973 939 974 -1 939 973 942 -1 974 939 941 -1 948 941 940 -1 941 948 974 -1 975 937 972 -1 937 975 976 -1 937 976 938 -1 972 944 947 -1 944 972 937 -1 947 944 943 -1 976 936 938 -1 936 976 935 -1 964 977 969 -1 977 964 978 -1 963 978 964 -1 978 963 973 -1 964 957 959 -1 957 964 968 -1 968 964 969 -1 979 973 975 -1 973 979 978 -1 975 967 979 -1 967 975 972 -1 937 942 944 -1 942 937 939 -1 969 965 966 -1 965 969 977 -1 971 978 979 -1 978 971 977 -1 975 931 976 -1 931 975 973 -1 931 973 934 -1 934 973 948 -1 948 973 974 -1 935 976 931 -1 970 977 971 -1 977 970 950 -1 977 950 952 -1 977 952 965 -1 956 967 972 -1 967 956 955 -1 979 962 971 -1 962 979 967 -1 980 981 712 -1 712 715 980 -1 980 982 983 -1 983 981 980 -1 713 714 983 -1 983 982 713 -1 984 716 717 -1 717 985 984 -1 986 982 980 -1 980 987 986 -1 717 716 986 -1 986 987 717 -1 988 985 717 -1 717 987 988 -1 987 980 988 -1 980 715 988 -1 715 989 988 -1 990 713 982 -1 982 986 990 -1 986 716 984 -1 984 991 986 -1 991 990 986 -1 778 992 993 -1 993 754 778 -1 994 995 996 -1 996 990 994 -1 990 991 994 -1 997 998 999 -1 999 1000 997 -1 998 1001 1002 -1 1002 999 998 -1 1003 1004 1005 -1 1005 1006 1003 -1 1005 1002 1006 -1 1005 999 1002 -1 1003 1007 1008 -1 1008 1009 1003 -1 1004 1003 1009 -1 1009 1010 1004 -1 1004 1011 1012 -1 1012 1005 1004 -1 1012 999 1005 -1 1012 1000 999 -1 1001 1009 1008 -1 1008 1013 1001 -1 1014 1015 993 -1 996 995 1016 -1 1016 992 996 -1 1016 997 992 -1 997 993 992 -1 997 1014 993 -1 989 1015 1014 -1 1014 1017 989 -1 1017 988 989 -1 998 1010 1009 -1 1009 1001 998 -1 1001 1013 1018 -1 1018 1002 1001 -1 714 712 981 -1 981 983 714 -1 1011 1004 1010 -1 1010 1016 1011 -1 1018 1013 1008 -1 1008 1007 1018 -1 997 1016 1010 -1 1010 998 997 -1 994 1011 1016 -1 1016 995 994 -1 1011 994 984 -1 984 1012 1011 -1 984 985 1012 -1 985 988 1012 -1 988 1017 1012 -1 1017 1000 1012 -1 991 984 994 -1 1014 997 1000 -1 1000 1017 1014 -1 1007 1003 1006 -1 1006 1018 1007 -1 1006 1002 1018 -1 996 992 778 -1 778 812 996 -1 812 713 996 -1 713 990 996 -1 989 715 757 -1 757 754 993 -1 993 1015 757 -1 1015 989 757 -1 1019 1020 1021 -1 1020 1019 1022 -1 1023 1024 1025 -1 1024 1023 1026 -1 1027 1028 1029 -1 1028 1027 1030 -1 1020 1027 1021 -1 1027 1020 1030 -1 1031 1032 1033 -1 1032 1031 1034 -1 1027 1035 1032 -1 1035 1027 1029 -1 1036 1037 1038 -1 1037 1036 1039 -1 1037 1039 1040 -1 1040 1039 1041 -1 1033 1042 1043 -1 1042 1033 1044 -1 1044 1033 1032 -1 1044 1032 1035 -1 1044 1038 1042 -1 1038 1044 1036 -1 1045 1046 1047 -1 1046 1045 1048 -1 1045 1028 1030 -1 1028 1045 1049 -1 1049 1045 1048 -1 1050 1051 1052 -1 1051 1050 1053 -1 1048 1050 1046 -1 1050 1048 1053 -1 1022 1047 1020 -1 1047 1022 1054 -1 1047 1054 1046 -1 1046 1054 1048 -1 1048 1054 1055 -1 1055 1054 1056 -1 1056 1054 1057 -1 1056 1057 1058 -1 1058 1057 1059 -1 1055 1049 1048 -1 1041 1060 1040 -1 1060 1041 1061 -1 1061 1062 1060 -1 1062 1061 1063 -1 1041 1064 1040 -1 1064 1041 1065 -1 1041 1066 1065 -1 1066 1041 1039 -1 1067 1065 1066 -1 1065 1067 1068 -1 1062 1040 1060 -1 1040 1062 1064 -1 1064 1062 1069 -1 1065 1061 1041 -1 1061 1065 1063 -1 1063 1065 1068 -1 1069 1062 1070 -1 1067 1063 1068 -1 1063 1067 1071 -1 1072 1062 1071 -1 1062 1072 1070 -1 1071 1062 1063 -1 1040 1073 1037 -1 1073 1040 1064 -1 1064 1070 1073 -1 1070 1064 1069 -1 1074 1024 1026 -1 1024 1074 1075 -1 1047 1030 1020 -1 1030 1047 1045 -1 1023 1034 1031 -1 1034 1023 1025 -1 1074 1076 1075 -1 1076 1074 1077 -1 1076 1077 1078 -1 1079 1080 1081 -1 1080 1079 1082 -1 1081 1083 1084 -1 1083 1081 1080 -1 1083 1077 1084 -1 1077 1083 1078 -1 1052 1085 1050 -1 1050 1047 1046 -1 1047 1050 1084 -1 1047 1084 1020 -1 1020 1084 1021 -1 1084 1050 1081 -1 1081 1050 1079 -1 1079 1050 1085 -1 1077 1026 1084 -1 1026 1077 1074 -1 1021 1031 1033 -1 1031 1021 1084 -1 1031 1084 1026 -1 1031 1026 1023 -1 1021 1032 1033 -1 1032 1021 1027 -1 1043 1021 1033 -1 1021 1043 1019 -1 1045 1053 1048 -1 1053 1045 1083 -1 1083 1045 1030 -1 1083 1030 1027 -1 1053 1083 1080 -1 1053 1080 1082 -1 1053 1082 1051 -1 1034 1027 1032 -1 1027 1034 1083 -1 1083 1034 1025 -1 1024 1075 1025 -1 1083 1076 1078 -1 1076 1083 1075 -1 1075 1083 1025 -1 1085 1082 1079 -1 1082 1085 1051 -1 1051 1085 1052 -1 1036 1066 1039 -1 1066 1036 1044 -1 1066 1044 1035 -1 1066 1035 1067 -1 1067 1035 153 -1 153 1035 1029 -1 153 1086 932 -1 1086 153 1087 -1 1086 1087 1088 -1 1087 153 1089 -1 1089 153 1090 -1 1090 153 1091 -1 1091 153 1055 -1 1055 153 1029 -1 1055 1029 1028 -1 1055 1028 1049 -1 1067 1092 1071 -1 1092 1067 193 -1 193 1067 153 -1 124 1093 1094 -1 1093 124 1072 -1 1072 124 1070 -1 1070 124 158 -1 1095 158 933 -1 158 1095 1096 -1 1096 1095 1097 -1 158 1096 1098 -1 158 1098 1099 -1 158 1099 1100 -1 158 1100 1054 -1 158 1054 1022 -1 1073 1038 1037 -1 1038 1073 1042 -1 1042 1073 1043 -1 1043 1073 1070 -1 1043 1070 158 -1 1043 158 1022 -1 1043 1022 1019 -1 1071 1093 1072 -1 1093 1071 1092 -1 1093 1092 1094 -1 200 190 199 -1 190 200 191 -1 1094 197 124 -1 197 1094 1092 -1 124 197 162 -1 197 1092 199 -1 199 1092 200 -1 200 1092 193 -1 933 192 932 -1 192 933 158 -1 192 158 163 -1 932 192 190 -1 932 190 191 -1 932 191 153 -1 192 162 197 -1 162 192 163 -1 1095 1101 1097 -1 1101 1095 1086 -1 1101 1086 1102 -1 1102 1086 1103 -1 1103 1086 1104 -1 1104 1086 1088 -1 1105 1058 1059 -1 1058 1105 1106 -1 1107 1059 1057 -1 1059 1107 1105 -1 1108 1055 1056 -1 1055 1108 1091 -1 1106 1056 1058 -1 1056 1106 1108 -1 1100 1057 1054 -1 1057 1100 1107 -1 1091 1099 1100 -1 1099 1091 1090 -1 1108 1090 1091 -1 1090 1108 1109 -1 1106 1109 1108 -1 1109 1106 1110 -1 1111 1106 1105 -1 1106 1111 1110 -1 1112 1105 1107 -1 1105 1112 1111 -1 1099 1107 1100 -1 1107 1099 1112 -1 1090 1098 1099 -1 1098 1090 1089 -1 1109 1089 1090 -1 1089 1109 1113 -1 1110 1113 1109 -1 1113 1110 1114 -1 1115 1110 1111 -1 1110 1115 1114 -1 1116 1111 1112 -1 1111 1116 1115 -1 1098 1112 1099 -1 1112 1098 1116 -1 1087 1098 1089 -1 1098 1087 1096 -1 1113 1087 1089 -1 1087 1113 1117 -1 1114 1117 1113 -1 1117 1114 1118 -1 1119 1114 1115 -1 1114 1119 1118 -1 1120 1115 1116 -1 1115 1120 1119 -1 1096 1116 1098 -1 1116 1096 1120 -1 1117 1088 1087 -1 1088 1117 1104 -1 1118 1104 1117 -1 1104 1118 1103 -1 1102 1118 1119 -1 1118 1102 1103 -1 1101 1119 1120 -1 1119 1101 1102 -1 1097 1120 1096 -1 1120 1097 1101 -1 932 1095 933 -1 1095 932 1086 -1 1121 1122 1123 -1 1124 1125 1126 -1 1125 1124 1127 -1 1127 1124 1128 -1 1128 1124 1129 -1 1128 1129 1130 -1 1130 1129 1131 -1 1131 1129 1132 -1 1132 1129 1133 -1 1133 1129 1134 -1 1135 1123 1136 -1 1123 1135 1121 -1 1121 1135 1129 -1 1129 1135 1134 -1 1134 1135 1137 -1 1137 1135 1138 -1 1138 1135 1139 -1 1139 1135 1140 -1 1139 1140 1141 -1 1139 1141 1142 -1 1139 1143 1138 -1 1143 1139 1144 -1 1145 1132 1133 -1 1146 1147 1148 -1 1147 1146 1149 -1 1150 1151 1152 -1 1151 1150 1153 -1 1151 1153 1154 -1 1148 1150 1152 -1 1150 1148 1147 -1 1129 1155 1121 -1 1155 1129 1156 -1 1129 1157 1156 -1 1157 1129 1124 -1 1158 1159 1160 -1 1159 1158 1161 -1 1158 1162 1161 -1 1162 1158 1163 -1 1162 1163 1126 -1 1126 1163 1157 -1 1126 1157 1124 -1 1135 1164 1165 -1 1164 1135 1136 -1 1166 1167 1168 -1 1167 1166 1169 -1 1170 1171 1172 -1 1169 1162 1173 -1 1162 1169 1161 -1 1161 1169 1166 -1 1161 1166 1174 -1 1161 1174 1175 -1 1161 1175 1176 -1 1161 1176 1172 -1 1161 1172 1171 -1 1161 1171 1177 -1 1178 1179 1180 -1 1179 1178 1181 -1 1182 1164 1183 -1 1164 1182 1165 -1 1165 1182 1159 -1 1165 1159 1161 -1 1165 1161 1177 -1 1165 1177 1184 -1 1165 1184 1180 -1 1165 1180 1179 -1 1165 1179 1185 -1 1165 1185 1186 -1 1165 1186 1187 -1 1187 1141 1140 -1 1141 1187 1186 -1 1186 1142 1141 -1 1142 1186 1185 -1 1123 1182 1183 -1 1182 1123 1122 -1 1182 1122 1077 -1 1077 1122 1078 -1 1187 1135 1165 -1 1135 1187 1140 -1 1181 1139 1179 -1 1139 1181 1144 -1 1179 1142 1185 -1 1142 1179 1139 -1 1078 1121 1155 -1 1121 1078 1122 -1 1078 1157 1188 -1 1157 1078 1155 -1 1157 1155 1156 -1 1188 1163 1189 -1 1163 1188 1157 -1 1078 1189 1077 -1 1189 1078 1188 -1 1156 1163 1158 -1 1163 1156 1157 -1 1182 1160 1159 -1 1160 1182 1077 -1 1163 1077 1189 -1 1077 1163 1160 -1 1160 1163 1158 -1 1077 1155 1160 -1 1155 1077 1078 -1 1155 1158 1160 -1 1158 1155 1156 -1 1190 1145 1133 -1 1145 1190 1191 -1 1192 1143 1193 -1 1143 1192 1138 -1 1194 1138 1192 -1 1138 1194 1137 -1 1134 1194 1195 -1 1194 1134 1137 -1 1190 1134 1195 -1 1134 1190 1133 -1 1195 1191 1190 -1 1191 1195 1194 -1 1191 1194 1192 -1 1191 1192 1193 -1 1180 1196 1178 -1 1196 1180 1197 -1 1198 1184 1177 -1 1184 1198 1199 -1 1184 1197 1180 -1 1197 1184 1199 -1 1171 1198 1177 -1 1198 1171 1200 -1 1170 1200 1171 -1 1200 1170 1201 -1 1202 1201 1170 -1 1178 1144 1181 -1 1144 1178 1143 -1 1143 1178 1196 -1 1143 1196 1193 -1 1193 1196 1201 -1 1193 1201 1191 -1 1191 1201 1145 -1 1145 1201 1203 -1 1203 1201 1202 -1 1203 1202 1204 -1 1203 1204 1205 -1 1201 1198 1200 -1 1198 1201 1199 -1 1199 1201 1197 -1 1197 1201 1196 -1 1126 1173 1162 -1 1173 1126 1125 -1 1173 1125 1169 -1 1169 1125 1167 -1 1167 1125 1168 -1 1136 1183 1164 -1 1183 1136 1123 -1 1168 1206 1166 -1 1206 1168 1125 -1 1206 1125 1207 -1 1207 1125 1208 -1 1208 1125 1209 -1 1209 1125 1127 -1 1210 1205 1204 -1 1205 1210 1211 -1 1212 1204 1202 -1 1204 1212 1210 -1 1213 1145 1203 -1 1145 1213 1132 -1 1211 1203 1205 -1 1203 1211 1213 -1 1172 1202 1170 -1 1202 1172 1212 -1 1131 1172 1132 -1 1172 1131 1176 -1 1213 1131 1132 -1 1131 1213 1214 -1 1211 1214 1213 -1 1214 1211 1215 -1 1216 1211 1210 -1 1211 1216 1215 -1 1217 1210 1212 -1 1210 1217 1216 -1 1176 1212 1172 -1 1212 1176 1217 -1 1130 1176 1131 -1 1176 1130 1175 -1 1214 1130 1131 -1 1130 1214 1218 -1 1215 1218 1214 -1 1218 1215 1219 -1 1220 1215 1216 -1 1215 1220 1219 -1 1221 1216 1217 -1 1216 1221 1220 -1 1175 1217 1176 -1 1217 1175 1221 -1 1128 1175 1130 -1 1175 1128 1174 -1 1218 1128 1130 -1 1128 1218 1222 -1 1219 1222 1218 -1 1222 1219 1223 -1 1224 1219 1220 -1 1219 1224 1223 -1 1225 1220 1221 -1 1220 1225 1224 -1 1174 1221 1175 -1 1221 1174 1225 -1 1222 1127 1128 -1 1127 1222 1209 -1 1223 1209 1222 -1 1209 1223 1208 -1 1207 1223 1224 -1 1223 1207 1208 -1 1206 1224 1225 -1 1224 1206 1207 -1 1166 1225 1174 -1 1225 1166 1206 -1 1226 1135 1165 -1 1135 1226 1227 -1 1228 1229 1230 -1 1229 1228 1231 -1 1231 1232 1233 -1 1232 1231 1234 -1 1234 1231 1235 -1 1235 1231 1236 -1 1236 1231 1237 -1 1237 1231 1228 -1 1237 1228 1141 -1 1237 1141 1140 -1 1237 1140 1135 -1 1237 1135 1227 -1 1238 1239 1240 -1 1239 1238 1241 -1 1241 1238 1242 -1 1242 1238 1243 -1 1243 1238 1244 -1 1243 1244 1245 -1 1245 1244 1186 -1 1186 1244 1187 -1 1187 1244 1165 -1 1165 1244 1226 -1 1246 1247 1248 -1 1247 1246 1249 -1 1244 1227 1226 -1 1227 1244 1237 -1 1237 1244 1248 -1 1237 1248 1247 -1 1140 1165 1135 -1 1165 1140 1187 -1 1229 1245 1230 -1 1245 1229 1243 -1 1228 1186 1141 -1 1186 1228 1245 -1 1245 1228 1230 -1 1232 1242 1233 -1 1242 1232 1241 -1 1231 1243 1229 -1 1243 1231 1242 -1 1242 1231 1233 -1 1235 1239 1234 -1 1239 1235 1240 -1 1236 1247 271 -1 1247 1236 1237 -1 1247 273 271 -1 273 1247 1249 -1 272 1244 1238 -1 1244 272 1248 -1 1246 272 270 -1 272 1246 1248 -1 1234 1241 1232 -1 1241 1234 1239 -1 273 1246 270 -1 1246 273 1249 -1 273 272 271 -1 272 273 270 -1 1236 1240 1235 -1 1240 1236 1238 -1 1238 1236 271 -1 1238 271 272 -1 1250 1143 1251 -1 1143 1252 1178 -1 1252 1143 1250 -1 1143 1253 1251 -1 1253 1143 1178 -1 1252 1253 1178 -1 1253 1250 1251 -1 1250 1253 1252 -1 1254 1250 1252 -1 1250 1254 1255 -1 1256 1257 1258 -1 1257 1256 1259 -1 1260 1261 1262 -1 1261 1260 1263 -1 1264 1257 1259 -1 1257 1264 1265 -1 1263 1258 1261 -1 1258 1263 1256 -1 1266 1257 1265 -1 1257 1266 1258 -1 1267 1250 1268 -1 1269 1262 1270 -1 1262 1269 1252 -1 1262 1252 1260 -1 1260 1252 1250 -1 1260 1250 1267 -1 1267 1271 1260 -1 1271 1267 1272 -1 1273 1267 1268 -1 1267 1273 1272 -1 1274 1262 1275 -1 1262 1274 1270 -1 1269 1254 1252 -1 1254 1269 1276 -1 1263 1277 1256 -1 1277 1263 1278 -1 1260 1278 1263 -1 1278 1260 1271 -1 1274 1269 1270 -1 1269 1274 1276 -1 1279 1271 1275 -1 1271 1279 1278 -1 1275 1261 1279 -1 1261 1275 1262 -1 1256 1264 1259 -1 1264 1256 1277 -1 1266 1278 1279 -1 1278 1266 1277 -1 1275 1254 1274 -1 1254 1275 1271 -1 1254 1271 1255 -1 1255 1271 1273 -1 1273 1271 1272 -1 1276 1274 1254 -1 1265 1277 1266 -1 1277 1265 1264 -1 1279 1258 1266 -1 1258 1279 1261 -1 1255 1268 1250 -1 1268 1255 1273 -1 1280 1281 1282 -1 1281 1181 1253 -1 1181 1281 1280 -1 1283 1280 1284 -1 1280 1283 1181 -1 1181 1283 1185 -1 1185 1283 1285 -1 1185 1285 1286 -1 1286 1285 1287 -1 1286 1287 1288 -1 1286 1288 1289 -1 1286 1289 1290 -1 1286 1290 1291 -1 1291 1290 1292 -1 1292 1290 1293 -1 1293 1290 1294 -1 1295 1286 1291 -1 1294 1296 1293 -1 1296 1294 1297 -1 1144 1298 1251 -1 1298 1144 1299 -1 1299 1144 1300 -1 1300 1144 1301 -1 1301 1144 1302 -1 1302 1144 1142 -1 1302 1142 1303 -1 1304 1303 1142 -1 1303 1304 1305 -1 1305 1304 1306 -1 1306 1304 1307 -1 1307 1304 1308 -1 1308 1309 1307 -1 1309 1308 1310 -1 1309 1310 1296 -1 1309 1296 1297 -1 1142 1181 1185 -1 1181 1142 1144 -1 1292 1308 1291 -1 1308 1292 1310 -1 1251 1181 1144 -1 1181 1251 1253 -1 1295 1304 1311 -1 1304 1295 1308 -1 1308 1295 1291 -1 1293 1310 1292 -1 1310 1293 1296 -1 1251 1281 1253 -1 1281 1251 1298 -1 1304 1286 1311 -1 1286 1304 1142 -1 1286 1142 1185 -1 1295 1311 1286 -1 1290 1297 1294 -1 1297 1290 1309 -1 1298 1282 1281 -1 1282 1298 1299 -1 1307 1290 1289 -1 1290 1307 1309 -1 1306 1289 1288 -1 1289 1306 1307 -1 1305 1288 1287 -1 1288 1305 1306 -1 1303 1287 1285 -1 1287 1303 1305 -1 1312 1313 1314 -1 1313 1312 1315 -1 1312 1316 1315 -1 1316 1312 1317 -1 1300 1284 1280 -1 1284 1300 1301 -1 1299 1280 1282 -1 1280 1299 1300 -1 1284 1318 1283 -1 1318 1284 1301 -1 1318 1301 1319 -1 1319 1301 1320 -1 1320 1301 1302 -1 1321 1283 1318 -1 1322 1323 1324 -1 1325 1313 1326 -1 1313 1325 1327 -1 1313 1327 1314 -1 1314 1327 1323 -1 1314 1323 1322 -1 1323 1318 1319 -1 1318 1323 1327 -1 1328 1316 1317 -1 1316 1328 1329 -1 1329 1328 1330 -1 1325 1318 1327 -1 1318 1325 1321 -1 1320 1323 1319 -1 1323 1320 1324 -1 1322 1312 1314 -1 1317 1331 1328 -1 1331 1317 1312 -1 1331 1312 1332 -1 1332 1312 1322 -1 1331 1330 1328 -1 1330 1331 1333 -1 1330 1334 1329 -1 1334 1330 1333 -1 1332 1333 1331 -1 1333 1332 1335 -1 1333 1336 1334 -1 1336 1333 1335 -1 1334 1316 1329 -1 1316 1334 1315 -1 1315 1334 1336 -1 1315 1326 1313 -1 1326 1315 1336 -1 1335 1332 1336 -1 1336 1325 1326 -1 1325 1336 1324 -1 1324 1336 1322 -1 1322 1336 1332 -1 1325 1320 1321 -1 1320 1325 1324 -1 1283 1303 1285 -1 1303 1283 1302 -1 1302 1283 1321 -1 1302 1321 1320 -1 1337 1338 1339 -1 1338 1337 1340 -1 1341 1342 1343 -1 1342 1341 1344 -1 1345 1337 1346 -1 1337 1345 1340 -1 1340 1345 1347 -1 1344 1348 1342 -1 1348 1344 1349 -1 1350 1343 1351 -1 1343 1350 1341 -1 1352 1353 1354 -1 1353 1352 1355 -1 1350 1356 1347 -1 1356 1350 1353 -1 1356 1353 1355 -1 1347 1357 1340 -1 1357 1347 1356 -1 1340 1357 1338 -1 1338 1358 1339 -1 1358 1338 1357 -1 1358 1356 1359 -1 1356 1358 1357 -1 1360 1348 1361 -1 1348 1360 1342 -1 1360 1362 1363 -1 1362 1360 1364 -1 1362 1364 1365 -1 1362 1365 1366 -1 1363 1342 1360 -1 1342 1363 1343 -1 1356 1352 1359 -1 1352 1356 1355 -1 1363 1345 1346 -1 1345 1363 1362 -1 1345 1362 1366 -1 1345 1366 1347 -1 1341 1365 1344 -1 1365 1341 1366 -1 1350 1366 1341 -1 1366 1350 1347 -1 1361 1364 1360 -1 1364 1361 1367 -1 1364 1367 1365 -1 1346 1358 1351 -1 1358 1346 1337 -1 1358 1337 1339 -1 1351 1359 1354 -1 1359 1351 1358 -1 1354 1359 1352 -1 1367 1348 1349 -1 1348 1367 1361 -1 1346 1343 1363 -1 1343 1346 1351 -1 1353 1351 1354 -1 1351 1353 1350 -1 1344 1367 1349 -1 1367 1344 1365 -1 694 1368 1369 -1 1369 1370 1371 -1 1370 1369 1368 -1 692 1371 1370 -1 1371 694 1369 -1 694 1371 692 -1 694 1370 1368 -1 1370 694 692 -1 1372 1373 1374 -1 1373 1372 1375 -1 1376 1377 1378 -1 1377 1376 1379 -1 1380 1381 1382 -1 1381 1380 1383 -1 1378 1384 1385 -1 1384 1378 1377 -1 1372 1377 1386 -1 1377 1372 1384 -1 1387 1388 1389 -1 1388 1387 1390 -1 1388 1390 1391 -1 1389 1392 1380 -1 1392 1389 1388 -1 1380 1392 1383 -1 1393 1394 1395 -1 1382 1389 1380 -1 1389 1382 1396 -1 1396 1382 1397 -1 1396 1397 1376 -1 1376 1397 1394 -1 1376 1394 1393 -1 1398 1399 1400 -1 1399 1398 1401 -1 1387 1402 1386 -1 1402 1387 1389 -1 1399 1394 1400 -1 1394 1399 1395 -1 1403 1383 1392 -1 1383 1403 1381 -1 1379 1390 1387 -1 1390 1379 1404 -1 1382 1403 1397 -1 1403 1382 1381 -1 1376 1398 1379 -1 1398 1376 1393 -1 1398 1393 1401 -1 1379 1405 1404 -1 1405 1379 1398 -1 1404 1405 1406 -1 1397 1400 1394 -1 1400 1397 1403 -1 1400 1405 1398 -1 1405 1400 1403 -1 1405 1403 1392 -1 1405 1392 1388 -1 1395 1401 1393 -1 1401 1395 1399 -1 1407 1373 1408 -1 1373 1407 1374 -1 1406 1388 1391 -1 1388 1406 1405 -1 1374 1384 1372 -1 1384 1374 1407 -1 1391 1404 1406 -1 1404 1391 1390 -1 1385 1407 1408 -1 1407 1385 1384 -1 1409 1373 1375 -1 1373 1409 1385 -1 1373 1385 1408 -1 1386 1375 1372 -1 1375 1386 1402 -1 1396 1402 1389 -1 1402 1396 1410 -1 1410 1396 1376 -1 1410 1376 1378 -1 1410 1375 1402 -1 1375 1410 1409 -1 1409 1410 1378 -1 1409 1378 1385 -1 1386 1379 1387 -1 1379 1386 1377 -1 1411 1412 1413 -1 1412 1411 1414 -1 1412 1414 1415 -1 1416 1417 1418 -1 1417 1416 1419 -1 1420 1413 1421 -1 1413 1420 1411 -1 1421 1413 1422 -1 1421 1422 1417 -1 1421 1417 1419 -1 1423 1421 1424 -1 1421 1423 1420 -1 1424 1425 1423 -1 1425 1424 1426 -1 1422 1248 1244 -1 1248 1422 1247 -1 1247 1422 1237 -1 1237 1422 1413 -1 1248 1249 1246 -1 1249 1248 1247 -1 1420 1425 1411 -1 1425 1420 1423 -1 1427 1417 1428 -1 1417 1427 1418 -1 1412 1429 1430 -1 1429 1412 1415 -1 1237 1412 1430 -1 1412 1237 1413 -1 1430 1247 1237 -1 1247 1430 1429 -1 1247 1429 1431 -1 1249 1432 1433 -1 1432 1249 1431 -1 1431 1249 1247 -1 1433 1246 1249 -1 1246 1433 1434 -1 1435 1246 1434 -1 1246 1435 1248 -1 1427 1248 1435 -1 1248 1427 1244 -1 1244 1427 1428 -1 1417 1244 1428 -1 1244 1417 1422 -1 1432 1436 1433 -1 1434 1436 1435 -1 1436 1434 1433 -1 1424 1419 1426 -1 1419 1424 1421 -1 1415 1431 1429 -1 1431 1415 1435 -1 1435 1415 1427 -1 1427 1415 1418 -1 1432 1435 1436 -1 1435 1432 1431 -1 1437 1415 1414 -1 1415 1437 1429 -1 1432 266 1438 -1 266 1432 1431 -1 267 1436 1439 -1 1436 267 1435 -1 1418 1440 1416 -1 1440 1418 1427 -1 1438 1436 1432 -1 1436 1438 1439 -1 1419 1425 1426 -1 1425 1419 1439 -1 1439 1419 1440 -1 1439 1440 267 -1 1440 1419 1416 -1 266 1437 1438 -1 1425 1438 1411 -1 1438 1425 1439 -1 1411 1438 1437 -1 1411 1437 1414 -1 1441 1442 1443 -1 1442 1441 1444 -1 1445 1446 1447 -1 1446 1445 1448 -1 1449 1441 1450 -1 1441 1449 1444 -1 1444 1449 1451 -1 1448 1452 1446 -1 1452 1448 1453 -1 1454 1447 1455 -1 1447 1454 1445 -1 1456 1457 1458 -1 1457 1456 1459 -1 1454 1460 1451 -1 1460 1454 1457 -1 1460 1457 1459 -1 1451 1461 1444 -1 1461 1451 1460 -1 1444 1461 1442 -1 1442 1426 1443 -1 1426 1442 1461 -1 1426 1460 1419 -1 1460 1426 1461 -1 1462 1452 1463 -1 1452 1462 1446 -1 1462 1464 1465 -1 1464 1462 1466 -1 1464 1466 1467 -1 1464 1467 1468 -1 1465 1446 1462 -1 1446 1465 1447 -1 1460 1456 1419 -1 1456 1460 1459 -1 1465 1449 1450 -1 1449 1465 1464 -1 1449 1464 1468 -1 1449 1468 1451 -1 1445 1467 1448 -1 1467 1445 1468 -1 1454 1468 1445 -1 1468 1454 1451 -1 1463 1466 1462 -1 1466 1463 1469 -1 1466 1469 1467 -1 1450 1426 1455 -1 1426 1450 1441 -1 1426 1441 1443 -1 1455 1419 1458 -1 1419 1455 1426 -1 1458 1419 1456 -1 1469 1452 1453 -1 1452 1469 1463 -1 1450 1447 1465 -1 1447 1450 1455 -1 1457 1455 1458 -1 1455 1457 1454 -1 1448 1469 1453 -1 1469 1448 1467 -1 1470 1471 1472 -1 1471 1470 1473 -1 1471 1473 1474 -1 1475 1476 1283 -1 1476 1475 1477 -1 1478 1479 1480 -1 1479 1478 1481 -1 1482 1483 1484 -1 1483 1482 1485 -1 1486 1487 1488 -1 1487 1486 1489 -1 1490 1480 1491 -1 1480 1490 1478 -1 1492 1478 1493 -1 1478 1492 1481 -1 1487 1471 1474 -1 1471 1487 1494 -1 1495 1496 1497 -1 1496 1495 1498 -1 1499 1500 1501 -1 1500 1499 1502 -1 1503 1504 1495 -1 1504 1503 1322 -1 1505 1506 1507 -1 1506 1505 1508 -1 1487 1473 1488 -1 1473 1487 1474 -1 1477 1326 1476 -1 1326 1477 1509 -1 1510 1489 1486 -1 1489 1510 1511 -1 1321 1326 1325 -1 1326 1321 1283 -1 1326 1283 1476 -1 1512 1483 1513 -1 1483 1512 1484 -1 1514 1515 1516 -1 1515 1514 1517 -1 1498 1518 1519 -1 1518 1498 1520 -1 1521 1498 1519 -1 1498 1521 1496 -1 1492 1513 1481 -1 1513 1492 1512 -1 1493 1490 1522 -1 1490 1493 1478 -1 1477 1491 1509 -1 1491 1477 1490 -1 1521 1511 1510 -1 1511 1521 1519 -1 1482 1523 1485 -1 1523 1482 1508 -1 1508 1482 1506 -1 1524 1505 1507 -1 1505 1524 1525 -1 1526 1517 1514 -1 1517 1526 1527 -1 1528 1527 1526 -1 1527 1528 1529 -1 1483 1530 1513 -1 1530 1483 1531 -1 1495 1520 1498 -1 1520 1495 1504 -1 1522 1477 1475 -1 1477 1522 1490 -1 1489 1532 1533 -1 1532 1489 1511 -1 1516 1502 1499 -1 1502 1516 1515 -1 1513 1479 1481 -1 1479 1513 1530 -1 1525 1529 1528 -1 1529 1525 1524 -1 1489 1494 1487 -1 1494 1489 1533 -1 1472 1532 1534 -1 1532 1472 1533 -1 1533 1472 1494 -1 1494 1472 1471 -1 1501 1516 1499 -1 1516 1501 1514 -1 1514 1501 1535 -1 1514 1535 1526 -1 1526 1535 1536 -1 1526 1536 1528 -1 1528 1536 1537 -1 1528 1537 1323 -1 1323 1537 1518 -1 1323 1518 1520 -1 1323 1520 1504 -1 1323 1504 1324 -1 1518 1537 1534 -1 1518 1534 1532 -1 1324 1504 1322 -1 1528 1327 1525 -1 1327 1528 1323 -1 1525 1327 1480 -1 1480 1327 1491 -1 1491 1327 1509 -1 1509 1327 1325 -1 1525 1480 1505 -1 1509 1325 1326 -1 1505 1479 1508 -1 1479 1505 1480 -1 1508 1479 1530 -1 1508 1530 1531 -1 1508 1531 1523 -1 1511 1518 1532 -1 1518 1511 1519 -1 1485 1531 1483 -1 1531 1485 1523 -1 1503 1497 1302 -1 1497 1503 1495 -1 1472 1538 1470 -1 1538 1472 1534 -1 1536 1539 1537 -1 1539 1536 1540 -1 1534 1539 1538 -1 1539 1534 1537 -1 1506 1492 1507 -1 1492 1506 1512 -1 1512 1506 1484 -1 1484 1506 1482 -1 1517 1502 1515 -1 1502 1517 1500 -1 1500 1517 1527 -1 1500 1527 1541 -1 1541 1527 1529 -1 1541 1529 1540 -1 1540 1529 1524 -1 1540 1524 1318 -1 1318 1524 1493 -1 1318 1493 1522 -1 1318 1522 1475 -1 1318 1475 1321 -1 1493 1524 1507 -1 1493 1507 1492 -1 1321 1475 1283 -1 1540 1319 1539 -1 1319 1540 1318 -1 1539 1319 1521 -1 1521 1319 1496 -1 1496 1319 1497 -1 1497 1319 1320 -1 1539 1521 1538 -1 1497 1320 1302 -1 1538 1510 1470 -1 1510 1538 1521 -1 1470 1510 1486 -1 1470 1486 1488 -1 1470 1488 1473 -1 1302 1322 1503 -1 1322 1302 1324 -1 1324 1302 1320 -1 1501 1541 1535 -1 1541 1501 1500 -1 1319 1327 1323 -1 1327 1319 1318 -1 1535 1540 1536 -1 1540 1535 1541 -1 1319 1324 1320 -1 1324 1319 1323 -1 1542 1543 1544 -1 1543 1542 1545 -1 1546 1547 1548 -1 1547 1546 1549 -1 1550 1542 1551 -1 1542 1550 1545 -1 1545 1550 1552 -1 1549 1553 1547 -1 1553 1549 1554 -1 1555 1548 1556 -1 1548 1555 1546 -1 1557 1558 1559 -1 1558 1557 1560 -1 1555 1411 1552 -1 1411 1555 1558 -1 1411 1558 1560 -1 1552 1425 1545 -1 1425 1552 1411 -1 1545 1425 1543 -1 1543 1561 1544 -1 1561 1543 1425 -1 1561 1411 1562 -1 1411 1561 1425 -1 1563 1553 1564 -1 1553 1563 1547 -1 1563 1565 1566 -1 1565 1563 1567 -1 1565 1567 1568 -1 1565 1568 1569 -1 1566 1547 1563 -1 1547 1566 1548 -1 1411 1557 1562 -1 1557 1411 1560 -1 1566 1550 1551 -1 1550 1566 1565 -1 1550 1565 1569 -1 1550 1569 1552 -1 1546 1568 1549 -1 1568 1546 1569 -1 1555 1569 1546 -1 1569 1555 1552 -1 1564 1567 1563 -1 1567 1564 1570 -1 1567 1570 1568 -1 1551 1561 1556 -1 1561 1551 1542 -1 1561 1542 1544 -1 1556 1562 1559 -1 1562 1556 1561 -1 1559 1562 1557 -1 1570 1553 1554 -1 1553 1570 1564 -1 1551 1548 1566 -1 1548 1551 1556 -1 1558 1556 1559 -1 1556 1558 1555 -1 1549 1570 1554 -1 1570 1549 1568 -1 2 1571 1572 -1 1571 2 1573 -1 1574 1061 1575 -1 1061 1574 1060 -1 1576 1575 1061 -1 1575 1576 1577 -1 1575 1577 1578 -1 1574 1579 1060 -1 1579 1574 1580 -1 1580 1574 1581 -1 1582 1583 1584 -1 1583 1582 1585 -1 1572 1579 2 -1 1579 1572 1583 -1 1579 1583 1576 -1 1576 1583 1577 -1 1577 1583 1585 -1 1580 2 1579 -1 1573 1580 1581 -1 1580 1573 2 -1 1578 1585 1582 -1 1585 1578 1577 -1 1583 1571 1584 -1 1571 1583 1572 -1 1581 1571 1573 -1 1571 1581 1574 -1 1582 1575 1578 -1 1575 1582 1584 -1 1574 1584 1571 -1 1584 1574 1575 -1 1060 1576 1061 -1 1576 1060 1579 -1 1586 690 1587 -1 690 1586 688 -1 1588 690 1589 -1 690 1588 1587 -1 1589 1590 1588 -1 1590 1589 1591 -1 1590 1591 1592 -1 688 1592 1591 -1 1592 688 1586 -1 1587 1592 1586 -1 1592 1587 1588 -1 1592 1588 1590 -1 1591 690 688 -1 690 1591 1589 -1 1593 1594 1595 -1 1594 1593 1596 -1 1597 1598 1599 -1 1598 1597 1600 -1 1598 1600 1601 -1 1601 1600 1602 -1 1601 1602 1040 -1 1593 1603 1604 -1 1603 1593 1597 -1 1597 1593 1600 -1 1600 1593 1605 -1 1605 1593 1606 -1 1605 1606 1607 -1 1606 1593 1595 -1 1605 1608 1609 -1 1608 1605 1607 -1 1610 1611 1612 -1 1611 1610 1613 -1 1613 1610 1614 -1 1606 1615 1607 -1 1615 1606 1616 -1 1599 1617 1598 -1 1617 1599 1612 -1 1612 1599 1597 -1 1612 1597 1610 -1 1610 1597 1614 -1 1614 1597 1618 -1 1618 1597 1603 -1 1618 1603 1619 -1 1619 1603 1604 -1 1619 1604 1620 -1 1620 1604 1621 -1 1621 1604 1622 -1 1623 1624 1625 -1 1624 1623 1614 -1 1614 1623 1610 -1 1618 1626 1627 -1 1626 1618 1619 -1 1628 1629 1630 -1 1631 1592 1586 -1 1592 1631 352 -1 352 1631 329 -1 329 1631 1632 -1 1632 1631 1633 -1 1633 1631 1634 -1 1634 1631 1626 -1 1626 1631 1611 -1 1626 1611 1613 -1 1626 1613 1627 -1 329 1635 1369 -1 1635 329 1630 -1 1630 329 1628 -1 1628 329 1636 -1 1636 329 1637 -1 1637 329 1638 -1 1638 329 1639 -1 1639 329 1640 -1 1640 329 1641 -1 1641 329 1632 -1 1642 1639 1640 -1 1630 1643 1635 -1 1643 1630 1644 -1 1645 1599 1646 -1 1599 1645 1597 -1 1647 1597 1645 -1 1597 1647 1603 -1 1648 1649 1650 -1 1651 313 1371 -1 313 1651 1652 -1 313 1652 1653 -1 313 1653 1654 -1 313 1654 1655 -1 313 1655 1650 -1 313 1650 1649 -1 313 1649 1656 -1 313 1656 1657 -1 1658 1646 1659 -1 1646 1658 1647 -1 1646 1647 1645 -1 318 1587 1588 -1 1587 318 1660 -1 1660 318 313 -1 1660 313 1657 -1 1660 1657 1659 -1 1660 1659 1646 -1 1601 1617 1598 -1 1617 1601 1661 -1 1612 1631 1617 -1 1631 1612 1611 -1 1586 1588 1587 -1 1588 1586 1662 -1 1662 1586 1592 -1 1662 1592 1590 -1 1590 1663 1662 -1 1663 1590 1664 -1 1660 1586 1587 -1 1586 1660 1598 -1 1586 1598 1617 -1 1586 1617 1631 -1 1601 1041 1661 -1 1041 1601 1040 -1 1665 1605 1609 -1 1605 1665 1666 -1 1605 1667 1600 -1 1667 1605 1666 -1 1667 1602 1600 -1 1602 1667 1668 -1 1602 1041 1040 -1 1041 1602 1668 -1 952 959 960 -1 952 960 1621 -1 955 950 956 -1 956 950 1622 -1 1622 952 1621 -1 952 1622 950 -1 1622 1593 1604 -1 1593 1622 1596 -1 1596 1622 1621 -1 1596 1621 1620 -1 954 952 958 -1 952 954 950 -1 1641 959 957 -1 959 1641 1632 -1 1633 1621 960 -1 1621 1633 1620 -1 1620 1633 1634 -1 959 1633 960 -1 1633 959 1632 -1 958 1641 957 -1 1641 958 1640 -1 1648 954 1649 -1 954 1648 950 -1 958 1642 1640 -1 1642 958 952 -1 1649 953 1656 -1 953 1649 954 -1 953 1657 1656 -1 1657 953 955 -1 1657 956 1659 -1 956 1657 955 -1 1659 1604 1658 -1 1604 1659 956 -1 1604 956 1622 -1 1669 950 1648 -1 950 1669 1670 -1 1670 1669 1671 -1 1671 1669 1672 -1 952 1670 1642 -1 1670 952 950 -1 950 1650 1648 -1 1650 950 1639 -1 1639 950 952 -1 1639 952 1642 -1 1652 1673 1653 -1 1673 1652 1674 -1 1675 1676 1677 -1 1676 1675 1678 -1 1674 1677 1673 -1 1677 1674 1675 -1 1679 1670 1671 -1 1670 1679 1680 -1 1681 1672 1669 -1 1672 1681 1682 -1 1682 1671 1672 -1 1671 1682 1679 -1 1680 1642 1670 -1 1642 1680 1639 -1 1650 1669 1648 -1 1669 1650 1681 -1 1638 1650 1639 -1 1650 1638 1655 -1 1680 1638 1639 -1 1638 1680 1683 -1 1679 1683 1680 -1 1683 1679 1684 -1 1685 1679 1682 -1 1679 1685 1684 -1 1686 1682 1681 -1 1682 1686 1685 -1 1655 1681 1650 -1 1681 1655 1686 -1 1637 1655 1638 -1 1655 1637 1654 -1 1683 1637 1638 -1 1637 1683 1687 -1 1684 1687 1683 -1 1687 1684 1688 -1 1689 1684 1685 -1 1684 1689 1688 -1 1690 1685 1686 -1 1685 1690 1689 -1 1654 1686 1655 -1 1686 1654 1690 -1 1636 1654 1637 -1 1654 1636 1653 -1 1687 1636 1637 -1 1636 1687 1691 -1 1688 1691 1687 -1 1691 1688 1676 -1 1689 1676 1688 -1 1676 1689 1677 -1 1673 1689 1690 -1 1689 1673 1677 -1 1653 1690 1654 -1 1690 1653 1673 -1 1691 1628 1636 -1 1628 1691 1692 -1 1676 1692 1691 -1 1692 1676 1678 -1 1629 1652 1651 -1 1652 1629 1674 -1 1674 1629 1675 -1 1675 1629 1678 -1 1678 1629 1692 -1 1692 1629 1628 -1 1658 1603 1647 -1 1603 1658 1604 -1 1608 1665 1609 -1 1665 1608 1615 -1 1615 1608 1607 -1 361 1662 1663 -1 1662 361 344 -1 344 361 377 -1 1617 1667 1612 -1 1667 1617 1661 -1 1612 1667 1610 -1 1610 1667 1614 -1 1614 1667 1618 -1 1618 1667 1619 -1 1667 1661 1668 -1 1668 1661 1041 -1 1665 1615 1666 -1 1619 1596 1620 -1 1596 1619 1667 -1 1596 1667 1666 -1 1596 1666 1616 -1 1616 1666 1615 -1 1596 1616 1594 -1 1629 1644 1630 -1 1644 1629 1651 -1 1369 1651 1371 -1 1651 1369 1643 -1 1643 1369 1635 -1 1651 1643 1644 -1 1664 361 1663 -1 361 1664 362 -1 1662 318 1588 -1 318 1662 344 -1 377 361 313 -1 1371 361 1369 -1 361 1371 313 -1 1369 361 362 -1 1369 362 358 -1 1369 358 329 -1 1590 362 1664 -1 362 1590 350 -1 1592 350 1590 -1 350 1592 352 -1 1660 1599 1598 -1 1599 1660 1646 -1 1618 1613 1614 -1 1613 1618 1627 -1 1619 1634 1626 -1 1634 1619 1620 -1 1693 1644 1643 -1 1595 1616 1606 -1 1616 1595 1594 -1 1694 1695 1696 -1 1696 1697 1694 -1 1697 1698 1699 -1 1699 1694 1697 -1 1694 1699 1700 -1 1700 1701 1694 -1 1700 1702 1701 -1 1703 1704 1705 -1 1705 1695 1703 -1 1695 1706 1703 -1 1706 1707 1703 -1 1696 1695 1705 -1 1705 1704 1699 -1 1699 1698 1705 -1 1698 1697 1696 -1 1696 1705 1698 -1 1703 1700 1699 -1 1699 1704 1703 -1 1701 1706 1695 -1 1695 1694 1701 -1 1702 1707 1706 -1 1706 1701 1702 -1 1700 1703 1707 -1 1707 1702 1700 -1 1708 836 1709 -1 836 1708 1710 -1 1711 1712 1713 -1 1712 1711 1714 -1 1715 1716 1717 -1 1716 1715 1718 -1 1719 1720 1721 -1 1720 1719 1722 -1 1715 1711 1718 -1 1711 1715 1714 -1 1714 1715 1708 -1 1714 1708 1721 -1 1721 1708 1709 -1 1721 1709 1719 -1 1721 1712 1714 -1 1712 1721 1720 -1 1718 1713 1716 -1 1713 1718 1711 -1 1715 1710 1708 -1 1710 1715 1717 -1 865 1723 859 -1 1723 865 842 -1 1724 1725 1726 -1 1725 1724 1727 -1 1725 1727 1728 -1 1728 1727 1723 -1 1728 1723 840 -1 840 1723 842 -1 1726 1729 1730 -1 1729 1726 1725 -1 1731 1732 1733 -1 1732 1731 1734 -1 1732 1735 1733 -1 1735 1732 1736 -1 1736 1732 1737 -1 1737 1732 1738 -1 1739 1740 1741 -1 1740 1739 1742 -1 1742 1739 1743 -1 1742 1743 1744 -1 1744 1743 1745 -1 1744 1745 844 -1 844 1745 1746 -1 844 1746 1747 -1 844 1747 867 -1 1746 1745 1748 -1 1748 1745 1733 -1 1748 1733 1735 -1 867 1747 861 -1 1744 843 1749 -1 843 1744 844 -1 1749 843 1750 -1 1750 843 1751 -1 1751 843 865 -1 1749 1750 1752 -1 1749 1752 1753 -1 1751 865 859 -1 1753 1754 1726 -1 1754 1753 1752 -1 1726 1754 1755 -1 1726 1755 1756 -1 1726 1756 1724 -1 1730 1753 1726 -1 1753 1730 1757 -1 1758 1740 1759 -1 1740 1758 1741 -1 1760 1724 1756 -1 1724 1760 1727 -1 1747 1761 861 -1 1761 1747 1762 -1 1763 1764 1765 -1 1764 1763 1766 -1 1767 1756 1755 -1 1756 1767 1760 -1 1768 1769 1770 -1 1769 1768 1767 -1 1767 1768 1771 -1 1767 1771 1760 -1 1760 1771 1723 -1 1760 1723 1727 -1 1772 1733 1745 -1 1733 1772 1731 -1 1773 1774 1775 -1 1774 1773 1776 -1 1765 1777 1778 -1 1777 1765 1764 -1 1779 1741 1758 -1 1741 1779 1739 -1 1746 1762 1747 -1 1762 1746 1780 -1 1723 1751 859 -1 1751 1723 1771 -1 1754 1767 1755 -1 1767 1754 1769 -1 843 842 865 -1 842 843 841 -1 833 844 867 -1 1781 1739 1779 -1 1739 1781 1743 -1 1752 1769 1754 -1 1769 1752 1770 -1 1782 1763 1783 -1 1763 1782 1766 -1 1750 1770 1752 -1 1770 1750 1768 -1 1735 1784 1785 -1 1784 1735 1736 -1 1737 1784 1736 -1 1784 1737 1786 -1 1784 1787 1785 -1 1787 1784 1780 -1 1780 1784 1786 -1 1780 1786 1762 -1 1762 1786 1788 -1 1762 1788 1761 -1 1746 1787 1780 -1 1787 1746 1748 -1 1775 1765 1778 -1 1765 1775 1763 -1 1763 1775 1774 -1 1763 1774 1783 -1 1783 1774 1725 -1 1783 1725 1728 -1 840 1783 1728 -1 1783 840 1782 -1 1778 1773 1775 -1 1773 1778 1777 -1 1748 1785 1787 -1 1785 1748 1735 -1 1738 1786 1737 -1 1786 1738 1788 -1 1772 1743 1781 -1 1743 1772 1745 -1 1776 1725 1774 -1 1725 1776 1729 -1 1771 1750 1751 -1 1750 1771 1768 -1 1789 1749 1790 -1 1749 1789 1744 -1 1730 1777 1757 -1 1777 1730 1773 -1 1773 1730 1776 -1 1776 1730 1729 -1 1791 1758 1759 -1 1758 1791 1779 -1 1779 1791 1789 -1 1779 1789 1781 -1 1781 1789 1790 -1 1781 1790 841 -1 841 1790 1766 -1 841 1766 1782 -1 841 1782 842 -1 1766 1790 1764 -1 1764 1790 1757 -1 1764 1757 1777 -1 842 1782 840 -1 1781 839 1772 -1 839 1781 841 -1 1772 839 1717 -1 1717 839 1710 -1 1710 839 833 -1 1772 1717 1716 -1 1772 1716 1731 -1 1710 833 836 -1 1731 1713 1734 -1 1713 1731 1716 -1 1734 1713 1712 -1 1734 1712 1720 -1 1734 1720 1722 -1 1753 1790 1749 -1 1790 1753 1757 -1 867 836 833 -1 836 867 1709 -1 1709 867 861 -1 1709 861 1761 -1 1761 1719 1709 -1 1719 1761 1788 -1 1719 1734 1722 -1 1734 1719 1788 -1 1734 1788 1738 -1 1734 1738 1732 -1 1791 1744 1789 -1 1744 1791 1742 -1 1759 1742 1791 -1 1742 1759 1740 -1 1792 1793 1794 -1 1793 1792 1795 -1 1795 1796 1797 -1 1796 1795 1792 -1 1792 1798 1796 -1 1798 1792 1799 -1 1798 1799 1800 -1 1801 1802 1803 -1 1802 1801 1794 -1 1794 1801 1804 -1 1804 1801 1805 -1 1793 1802 1794 -1 1802 1796 1803 -1 1796 1802 1797 -1 1797 1793 1795 -1 1793 1797 1802 -1 1801 1796 1798 -1 1796 1801 1803 -1 1799 1794 1804 -1 1794 1799 1792 -1 1800 1804 1805 -1 1804 1800 1799 -1 1798 1805 1801 -1 1805 1798 1800 -1 1806 1807 1808 -1 1807 1806 1809 -1 1810 1811 1812 -1 1811 1810 1813 -1 1814 1815 1816 -1 1815 1814 1817 -1 1818 1812 1819 -1 1812 1818 1815 -1 1812 1815 1808 -1 1808 1815 1806 -1 1806 1815 1817 -1 1811 1819 1812 -1 1819 1820 1818 -1 1820 1819 1821 -1 1821 1811 1813 -1 1811 1821 1819 -1 1809 1817 1814 -1 1817 1809 1806 -1 1815 1820 1816 -1 1820 1815 1818 -1 1813 1820 1821 -1 1820 1813 1810 -1 1814 1807 1809 -1 1807 1814 1816 -1 1810 1816 1820 -1 1816 1810 1807 -1 1812 1807 1810 -1 1807 1812 1808 -1 1822 1823 1824 -1 1823 1822 1825 -1 1826 1823 1827 -1 1823 1826 1824 -1 1827 1828 1826 -1 1828 1827 1829 -1 1829 1830 5 -1 1830 1829 1827 -1 1827 1831 1830 -1 1831 1827 1823 -1 1831 1823 1825 -1 1831 1825 1832 -1 5 1828 1829 -1 1828 5 1833 -1 1832 1834 1831 -1 1834 1832 1835 -1 1834 1830 1831 -1 1830 1834 1836 -1 1836 1826 1833 -1 1826 1836 1834 -1 1826 1834 1824 -1 1824 1834 1822 -1 1822 1834 1835 -1 1828 1833 1826 -1 1822 1832 1825 -1 1832 1822 1835 -1 1833 1830 1836 -1 1830 1833 5 -1 1837 1838 1839 -1 1838 1837 1840 -1 1841 1842 1843 -1 1842 1841 1844 -1 1845 1837 1846 -1 1837 1845 1840 -1 1840 1845 1847 -1 1844 1848 1842 -1 1848 1844 1849 -1 1850 1843 1851 -1 1843 1850 1841 -1 1852 1853 1854 -1 1853 1852 1855 -1 1850 1856 1847 -1 1856 1850 1853 -1 1856 1853 1855 -1 1847 1857 1840 -1 1857 1847 1856 -1 1840 1857 1838 -1 1838 1858 1839 -1 1858 1838 1857 -1 1858 1856 1859 -1 1856 1858 1857 -1 1860 1848 1861 -1 1848 1860 1842 -1 1860 1862 1863 -1 1862 1860 1864 -1 1862 1864 1865 -1 1862 1865 1866 -1 1863 1842 1860 -1 1842 1863 1843 -1 1856 1852 1859 -1 1852 1856 1855 -1 1863 1845 1846 -1 1845 1863 1862 -1 1845 1862 1866 -1 1845 1866 1847 -1 1841 1865 1844 -1 1865 1841 1866 -1 1850 1866 1841 -1 1866 1850 1847 -1 1861 1864 1860 -1 1864 1861 1867 -1 1864 1867 1865 -1 1846 1858 1851 -1 1858 1846 1837 -1 1858 1837 1839 -1 1851 1859 1854 -1 1859 1851 1858 -1 1854 1859 1852 -1 1867 1848 1849 -1 1848 1867 1861 -1 1846 1843 1863 -1 1843 1846 1851 -1 1853 1851 1854 -1 1851 1853 1850 -1 1844 1867 1849 -1 1867 1844 1865 -1 "
						                >
							<Coordinate DEF="coords_ME_10-5_001"
							            point="27.778986 -17.433498 45.449173 -0.487302 16.424768 45.449173 -0.487302 -17.433498 45.449173 27.778986 16.424768 45.449173 27.778986 16.424768 44.661774 27.778986 -17.433498 44.661774 -0.487302 -17.433498 44.661774 -0.487302 16.424768 44.661774 17.542767 3.432643 23.804533 17.542767 3.432643 23.017132 21.479774 3.432643 23.017132 21.479774 3.432643 23.804533 17.542767 -0.504364 23.804533 17.542767 -0.504364 23.017132 21.479774 -0.504364 23.804533 21.479774 -0.504364 23.017132 16.361664 -0.504364 23.017132 16.952215 -0.504364 23.017132 16.952215 3.432643 23.017132 16.361664 3.432643 23.017132 16.952215 -0.504364 23.804533 16.952215 3.432643 23.804533 16.361664 3.432643 24.591934 21.479774 3.432643 24.591934 21.479774 -0.504364 24.591934 16.361664 -0.504364 24.591934 22.070326 -0.504364 23.017132 22.660877 -0.504364 23.017132 22.660877 3.432643 23.017132 22.070326 3.432643 23.017132 16.361664 -2.079168 24.591934 22.660877 -2.079168 24.591934 22.660877 -0.504364 24.591934 22.660877 5.007446 22.229729 22.246033 4.592603 21.790598 16.776506 4.592603 21.790598 16.361664 5.007446 22.229729 21.975874 4.322444 21.250278 17.046667 4.322444 21.250278 17.046667 -1.394165 21.250278 16.776506 -1.664325 21.790598 16.776506 4.220045 21.790598 17.046667 4.220045 21.250278 17.149065 -1.291766 20.654926 21.873474 -1.291766 20.654926 21.975874 -1.394165 21.250278 22.246033 -1.664325 21.790598 16.361664 -2.079168 22.229729 16.361664 4.220045 22.229729 21.873474 4.220045 20.654926 22.660877 5.007446 24.591934 22.660877 3.432643 24.591934 22.660877 -2.079168 22.229729 16.361664 5.007446 24.591934 17.149065 4.220045 20.654926 22.070326 -0.504364 23.804533 22.070326 3.432643 23.804533 37.331329 -0.504364 38.017437 37.103725 3.432643 38.086163 37.103725 -0.504364 38.086163 43.134033 3.432643 36.265324 43.134033 -0.504364 36.265324 43.134033 3.432643 37.910351 37.103725 3.432643 39.731190 43.134033 -2.079168 37.910351 37.103725 -0.504364 39.731190 37.103725 -2.079168 39.731190 43.134033 -0.504364 37.910351 37.103725 -2.079168 37.263649 37.103725 5.007446 37.263649 37.103725 5.007446 39.731190 43.134033 5.007446 37.910351 43.134033 -2.079168 35.442810 43.134033 5.007446 35.442810 41.925034 -1.291766 34.162838 42.195156 4.322444 34.703178 42.195156 -1.394165 34.703178 41.925034 4.220045 34.162838 42.609966 4.592603 35.142338 42.609966 -1.664325 35.142338 37.476368 -1.394165 36.128006 37.373924 -1.664325 36.723351 37.402306 4.220045 35.528469 37.476368 4.322444 36.128006 37.402306 -1.291766 35.528469 37.373924 4.592603 36.723351 32.897099 -13.496490 40.339966 31.715994 -7.984680 40.339966 31.715994 -13.496490 40.339966 32.897099 -7.984680 40.339966 27.012728 -8.399523 37.538631 27.282887 -12.811488 36.998310 27.012728 -13.081647 37.538631 27.282887 -8.669683 36.998310 32.897099 -8.772081 37.977760 32.897099 -13.496490 37.977760 32.897099 -7.984680 37.977760 27.385286 -12.709089 36.402958 27.385286 -8.772081 36.402958 26.597885 -7.984680 37.977760 26.597885 -13.496490 37.977760 27.778986 -13.496490 40.339966 26.597885 -7.984680 40.339966 26.597885 -13.496490 40.339966 27.778986 -7.984680 40.339966 27.778986 -7.984680 38.765163 31.715994 -7.984680 38.765163 31.715994 -13.496490 38.765163 27.778986 -13.496490 38.765163 32.212093 -12.811488 36.998310 32.109695 -12.709089 36.402958 32.482254 -8.772081 37.538631 32.482254 -13.081647 37.538631 32.212093 -8.772081 36.998310 32.212093 -8.669683 36.998310 32.482254 -8.399523 37.538631 32.109695 -8.772081 36.402958 27.778986 15.637368 36.402958 31.715994 11.700360 36.402958 31.715994 15.637368 36.402958 27.778986 11.700360 36.402958 29.747490 11.109809 36.402958 27.778986 -0.662602 35.812408 29.747490 -1.094916 36.402958 27.778986 -0.504364 36.402958 29.747490 -1.174035 36.107681 29.747490 -1.760565 35.792286 31.715994 -7.590979 35.221855 31.715994 -1.685467 35.221855 29.747490 -7.515880 35.792286 27.778986 -8.772081 36.402958 29.747490 -8.102411 36.107681 27.778986 -8.613843 35.812408 29.747490 -8.181530 36.402958 27.778986 11.109809 35.380093 29.747490 11.030690 36.107681 27.778986 11.542122 35.812408 29.747490 10.814533 35.891525 29.747490 -1.390191 35.891525 31.715994 -1.094916 35.380093 27.778986 -7.590979 35.221855 27.778986 -1.685467 35.221855 31.715994 11.542122 35.812408 29.747490 4.102314 36.107681 27.778986 4.023194 35.380093 27.778986 3.590881 35.812408 29.747490 4.318470 35.891525 31.715994 7.763352 30.497446 27.778986 10.388024 30.733667 31.715994 10.388024 30.733667 27.778986 7.763352 30.497446 29.747490 4.023194 36.402958 31.715994 3.590881 35.812408 31.715994 3.432643 36.402958 31.715994 -12.709089 34.040752 27.778986 -12.709089 36.402958 27.778986 -12.709089 34.040752 31.715994 -12.709089 36.402958 31.715994 -0.504364 36.402958 31.715994 -0.662602 35.812408 27.778986 10.519258 35.221855 29.747490 10.444160 35.792286 27.778986 -0.110664 36.402958 31.715994 -0.110664 36.402958 27.778986 -8.181530 35.380093 29.747490 -7.886254 35.891525 31.715994 -7.459745 30.733667 27.778986 -4.835073 30.497446 31.715994 -4.835073 30.497446 27.778986 -7.459745 30.733667 31.715994 4.613746 35.221855 29.747490 4.688844 35.792286 31.715994 4.023194 35.380093 27.778986 4.613746 35.221855 27.778986 -1.094916 35.380093 31.715994 -8.772081 36.402958 27.778986 -12.184155 32.859650 31.715994 -12.184155 32.859650 31.715994 -9.559483 31.206108 27.778986 -9.559483 31.206108 31.715994 -11.134286 31.914768 27.778986 -11.134286 31.914768 31.715994 -8.181530 35.380093 31.715994 -8.613843 35.812408 31.715994 10.519258 35.221855 31.715994 11.109809 35.380093 31.715994 15.637368 34.040752 31.715994 12.487761 31.206108 31.715994 14.062565 31.914768 31.715994 15.112433 32.859650 31.715994 3.038943 32.465950 31.715994 3.038943 36.402958 31.715994 -0.110664 32.465950 27.778986 3.432643 36.402958 27.778986 15.637368 34.040752 27.778986 15.112433 32.859650 27.778986 14.062565 31.914768 27.778986 -0.110664 32.465950 27.778986 12.487761 31.206108 27.778986 3.038943 32.465950 27.778986 3.038943 36.402958 32.897099 10.912958 40.339966 31.715994 16.424768 40.339966 31.715994 10.912958 40.339966 32.897099 16.424768 40.339966 27.012728 16.009926 37.538631 27.282887 11.597961 36.998310 27.012728 11.327802 37.538631 27.282887 15.739767 36.998310 32.897099 15.637368 37.977760 32.897099 10.912958 37.977760 32.897099 16.424768 37.977760 27.385286 11.700360 36.402958 27.385286 15.637368 36.402958 26.597885 16.424768 37.977760 26.597885 10.912958 37.977760 27.778986 10.912958 40.339966 26.597885 16.424768 40.339966 26.597885 10.912958 40.339966 27.778986 16.424768 40.339966 27.778986 16.424768 38.765163 31.715994 16.424768 38.765163 31.715994 10.912958 38.765163 27.778986 10.912958 38.765163 32.212093 11.597961 36.998310 32.109695 11.700360 36.402958 32.482254 15.637368 37.538631 32.482254 11.327802 37.538631 32.212093 15.637368 36.998310 32.212093 15.739767 36.998310 32.482254 16.009926 37.538631 32.109695 15.637368 36.402958 38.015205 3.038943 50.216259 38.011883 -0.110664 50.570969 38.015205 -0.110664 50.216259 38.011883 3.038943 50.570969 27.778986 -0.110664 50.211044 38.015205 -0.110664 50.211044 17.528265 -0.110664 50.211044 17.374340 -0.110664 50.211044 8.518705 -0.110664 52.884983 17.409534 -0.110664 50.200417 48.641804 -0.110664 52.927578 41.952213 -0.110664 50.211044 48.641804 -0.110664 50.211044 41.952213 -0.110664 50.216259 38.015205 -0.110664 50.570969 41.952213 -0.110664 52.927578 8.531567 -0.110664 52.927578 38.015205 -0.110664 52.927578 27.778986 -0.110664 52.927578 38.015205 3.038943 50.570969 41.952213 3.038943 50.216259 8.518705 3.038943 52.884983 17.528265 3.038943 50.211044 17.515404 3.038943 50.168449 27.778986 3.038943 50.211044 38.015205 3.038943 50.211044 8.531567 3.038943 52.927578 41.952213 3.038943 52.927578 38.015205 3.038943 52.927578 27.778986 3.038943 52.927578 48.641804 3.038943 50.211044 41.952213 3.038943 50.211044 48.641804 3.038943 52.927578 17.515404 -0.110664 50.168449 48.641804 2.054691 50.211044 48.641804 0.873588 50.211044 50.216606 2.251541 50.211044 50.216606 0.676738 50.211044 50.216606 0.676738 52.927578 48.641804 2.054691 52.927578 48.641804 0.873588 52.927578 50.216606 2.251541 52.927578 0.613633 -17.433498 41.127369 -0.567470 -11.921687 41.127369 -0.567470 -17.433498 41.127369 0.613633 -11.921687 41.127369 -5.270737 -12.336531 38.326031 -5.000577 -16.748495 37.785713 -5.270737 -17.018656 38.326031 -5.000577 -12.606690 37.785713 0.613633 -12.709089 38.765163 0.613633 -17.433498 38.765163 0.613633 -11.921687 38.765163 -4.898179 -16.646097 37.190361 -4.898179 -12.709089 37.190361 -5.685580 -11.921687 38.765163 -5.685580 -17.433498 38.765163 -4.504478 -17.433498 41.127369 -5.685580 -11.921687 41.127369 -5.685580 -17.433498 41.127369 -4.504478 -11.921687 41.127369 -4.504478 -11.921687 39.552563 -0.567470 -11.921687 39.552563 -0.567470 -17.433498 39.552563 -4.504478 -17.433498 39.552563 -0.071370 -16.748495 37.785713 -0.173769 -16.646097 37.190361 0.198789 -12.709089 38.326031 0.198789 -17.018656 38.326031 -0.071370 -12.709089 37.785713 -0.071370 -12.606690 37.785713 0.198789 -12.336531 38.326031 -0.173769 -12.709089 37.190361 -4.504478 -11.527987 36.009258 -2.535974 -1.760565 36.579685 -4.504478 -1.685467 36.009258 -2.535974 -11.452888 36.579685 -2.535974 -1.174035 36.895084 -0.567470 -1.094916 36.167496 -0.567470 -0.662602 36.599808 -2.535974 -1.390191 36.678928 -0.567470 -0.504364 37.190361 -2.535974 -1.094916 37.190361 -4.504478 -1.094916 36.167496 -4.504478 -0.662602 36.599808 -0.567470 -1.685467 36.009258 -4.504478 -0.504364 37.190361 -2.535974 -11.823262 36.678928 -0.567470 -11.527987 36.009258 -0.567470 -12.118538 36.167496 -0.567470 -12.709089 37.190361 -2.535974 -12.039419 36.895084 -2.535974 -12.118538 37.190361 -0.567470 -12.550851 36.599808 -4.504478 -12.550851 36.599808 -4.504478 -12.118538 36.167496 -4.504478 -12.709089 37.190361 -0.567470 3.432643 37.190361 -2.535974 4.102314 36.895084 -2.535974 4.023194 37.190361 -0.567470 3.590881 36.599808 -0.567470 -16.646097 37.190361 -4.504478 -16.646097 37.190361 -4.504478 -16.646097 34.828156 -4.504478 -13.811451 31.639177 -4.504478 14.849966 31.284847 -4.504478 -11.921687 31.284847 -4.504478 16.739731 31.639177 -4.504478 -15.228774 32.347839 -4.504478 18.157053 32.347839 -4.504478 -16.173656 33.410831 -4.504478 -0.110664 33.253353 -4.504478 -0.110664 37.190361 -4.504478 3.038943 33.253353 -4.504478 19.101934 33.410831 -4.504478 4.613746 36.009258 -4.504478 4.023194 36.167496 -4.504478 3.590881 36.599808 -4.504478 3.038943 37.190361 -4.504478 19.574375 34.828156 -4.504478 3.432643 37.190361 -4.504478 14.456265 36.009258 -4.504478 19.574375 37.190361 -4.504478 15.046817 36.167496 -4.504478 15.479130 36.599808 -4.504478 15.637368 37.190361 -0.567470 3.038943 37.190361 -0.567470 14.849966 31.284847 -0.567470 16.739731 31.639177 -0.567470 -0.110664 33.253353 -0.567470 3.038943 33.253353 -0.567470 19.574375 37.190361 -0.567470 14.456265 36.009258 -0.567470 19.574375 34.828156 -0.567470 15.046817 36.167496 -0.567470 15.479130 36.599808 -0.567470 15.637368 37.190361 -0.567470 -11.921687 31.284847 -0.567470 -13.811451 31.639177 -0.567470 18.157053 32.347839 -0.567470 -15.228774 32.347839 -0.567470 19.101934 33.410831 -0.567470 4.613746 36.009258 -0.567470 4.023194 36.167496 -0.567470 -16.173656 33.410831 -0.567470 -0.110664 37.190361 -0.567470 -16.646097 34.828156 -2.535974 15.046817 37.190361 -2.535974 14.967698 36.895084 -2.535974 14.751541 36.678928 -2.535974 14.381167 36.579685 -2.535974 4.688844 36.579685 -2.535974 4.318470 36.678928 0.613633 14.849966 41.127369 -0.567470 20.361776 41.127369 -0.567470 14.849966 41.127369 0.613633 20.361776 41.127369 -5.270737 19.946934 38.326031 -5.000577 15.534969 37.785713 -5.270737 15.264810 38.326031 -5.000577 19.676775 37.785713 0.613633 19.574375 38.765163 0.613633 14.849966 38.765163 0.613633 20.361776 38.765163 -4.898179 15.637368 37.190361 -4.898179 19.574375 37.190361 -5.685580 20.361776 38.765163 -5.685580 14.849966 38.765163 -4.504478 14.849966 41.127369 -5.685580 20.361776 41.127369 -5.685580 14.849966 41.127369 -4.504478 20.361776 41.127369 -4.504478 20.361776 39.552563 -0.567470 20.361776 39.552563 -0.567470 14.849966 39.552563 -4.504478 14.849966 39.552563 -0.071370 15.534969 37.785713 -0.173769 15.637368 37.190361 0.198789 19.574375 38.326031 0.198789 15.264810 38.326031 -0.071370 19.574375 37.785713 -0.071370 19.676775 37.785713 0.198789 19.946934 38.326031 -0.173769 19.574375 37.190361 0.613633 8.944454 32.859650 -0.567470 14.456265 32.859650 -0.567470 8.944454 32.859650 0.613633 14.456265 32.859650 -5.270737 14.041422 30.058315 -5.000577 9.629457 29.517996 -5.270737 9.359298 30.058315 -5.000577 13.771263 29.517996 0.613633 13.668864 30.497446 0.613633 8.944454 30.497446 0.613633 14.456265 30.497446 -4.898179 9.731856 28.922644 -4.898179 13.668864 28.922644 -5.685580 14.456265 30.497446 -5.685580 8.944454 30.497446 -4.504478 8.944454 32.859650 -5.685580 14.456265 32.859650 -5.685580 8.944454 32.859650 -4.504478 14.456265 32.859650 -4.504478 14.456265 31.284847 -0.567470 14.456265 31.284847 -0.567470 8.944454 31.284847 -4.504478 8.944454 31.284847 -0.071370 9.629457 29.517996 -0.173769 9.731856 28.922644 0.198789 13.668864 30.058315 0.198789 9.359298 30.058315 -0.071370 13.668864 29.517996 -0.071370 13.771263 29.517996 0.198789 14.041422 30.058315 -0.173769 13.668864 28.922644 -3.323375 -6.016176 30.497446 -1.748572 -6.016176 30.497446 -1.748572 -6.016176 31.284847 -3.323375 -6.016176 31.284847 -3.323375 -0.110664 31.284847 -3.323375 -0.110664 28.922644 -3.323375 -6.803577 28.922644 -3.323375 -6.431019 30.058315 -3.323375 -6.701178 29.517996 -1.748572 -6.803577 28.922644 -1.748572 -0.110664 28.922644 -1.748572 -0.110664 31.284847 -1.748572 -6.431019 30.058315 -1.748572 -6.701178 29.517996 -0.961171 -0.662602 28.332092 -0.567470 -0.504364 28.922644 -0.961171 -0.504364 28.922644 -0.567470 -0.662602 28.332092 -0.961171 -5.622475 27.741541 -0.567470 -6.213026 27.899778 -0.567470 -5.622475 27.741541 -0.961171 -6.213026 27.899778 -0.961171 -1.094916 27.899778 -0.567470 -1.685467 27.741541 -0.567470 -1.094916 27.899778 -0.961171 -1.685467 27.741541 -0.961171 -6.803577 28.922644 -0.567470 -6.645339 28.332092 -0.961171 -6.645339 28.332092 -0.567470 -6.803577 28.922644 -4.504478 3.038943 28.922644 -4.110777 3.432643 28.922644 -4.504478 3.432643 28.922644 -0.567470 3.038943 28.922644 -4.504478 9.731856 28.922644 -0.961171 9.731856 28.922644 -4.504478 13.668864 28.922644 -4.110777 9.731856 28.922644 -0.961171 3.432643 28.922644 -0.567470 3.432643 28.922644 -0.567470 9.731856 28.922644 -0.567470 13.668864 28.922644 -0.567470 -10.740585 26.560438 -4.504478 -10.740585 28.922644 -4.504478 -10.740585 26.560438 -0.567470 -10.740585 28.922644 -4.504478 -5.622475 27.741541 -4.504478 -6.213026 27.899778 -4.504478 -6.645339 28.332092 -4.504478 -6.803577 28.922644 -4.504478 -7.433498 23.371462 -4.504478 8.157053 23.017132 -4.504478 -5.228774 23.017132 -4.504478 10.361777 23.371462 -4.504478 -9.087042 24.080124 -4.504478 12.015321 24.080124 -4.504478 -10.189404 25.143116 -4.504478 -0.110664 24.985636 -4.504478 -1.094916 27.899778 -4.504478 -0.662602 28.332092 -4.504478 -0.110664 28.922644 -4.504478 -1.685467 27.741541 -4.504478 -0.504364 28.922644 -4.504478 3.038943 24.985636 -4.504478 13.117682 25.143116 -4.504478 4.023194 27.899778 -4.504478 3.590881 28.332092 -4.504478 4.613746 27.741541 -4.504478 13.668864 26.560438 -4.504478 8.550754 27.741541 -4.504478 9.141305 27.899778 -4.504478 9.573618 28.332092 -0.567470 13.668864 26.560438 -0.567470 -5.228774 23.017132 -0.567470 8.157053 23.017132 -4.110777 9.573618 28.332092 -4.110777 -0.504364 28.922644 -4.110777 -0.662602 28.332092 -0.567470 -0.110664 24.985636 -0.567470 3.038943 24.985636 -0.961171 4.023194 27.899778 -0.567470 4.613746 27.741541 -0.961171 4.613746 27.741541 -0.567470 4.023194 27.899778 -4.110777 9.141305 27.899778 -4.110777 4.023194 27.899778 -4.110777 8.550754 27.741541 -4.110777 4.613746 27.741541 -4.110777 3.590881 28.332092 -0.567470 -10.189404 25.143116 -0.567470 9.141305 27.899778 -0.961171 9.573618 28.332092 -0.961171 9.141305 27.899778 -0.567470 9.573618 28.332092 -0.567470 8.550754 27.741541 -0.961171 8.550754 27.741541 -0.567470 -7.433498 23.371462 -4.110777 -1.094916 27.899778 -0.567470 -0.110664 28.922644 -0.567470 -9.087042 24.080124 -0.567470 3.590881 28.332092 -0.961171 3.590881 28.332092 -4.110777 -6.213026 27.899778 -4.110777 -5.622475 27.741541 -4.110777 -6.645339 28.332092 -4.110777 -1.685467 27.741541 -4.110777 -6.803577 28.922644 -0.567470 12.015321 24.080124 -0.567470 13.117682 25.143116 -0.567470 10.361777 23.371462 -3.323375 8.944454 30.497446 -1.748572 8.944454 31.284847 -1.748572 8.944454 30.497446 -3.323375 8.944454 31.284847 -3.323375 3.038943 28.922644 -3.323375 3.038943 31.284847 -3.323375 9.731856 28.922644 -3.323375 9.359298 30.058315 -3.323375 9.629457 29.517996 -1.748572 9.731856 28.922644 -1.748572 3.038943 31.284847 -1.748572 3.038943 28.922644 -1.748572 9.359298 30.058315 -1.748572 9.629457 29.517996 0.613633 -11.527987 32.859650 -0.567470 -6.016176 32.859650 -0.567470 -11.527987 32.859650 0.613633 -6.016176 32.859650 -5.270737 -6.431019 30.058315 -5.000577 -10.842984 29.517996 -5.270737 -11.113143 30.058315 -5.000577 -6.701178 29.517996 0.613633 -6.803577 30.497446 0.613633 -11.527987 30.497446 0.613633 -6.016176 30.497446 -4.898179 -10.740585 28.922644 -4.898179 -6.803577 28.922644 -5.685580 -6.016176 30.497446 -5.685580 -11.527987 30.497446 -4.504478 -11.527987 32.859650 -5.685580 -6.016176 32.859650 -5.685580 -11.527987 32.859650 -4.504478 -6.016176 32.859650 -4.504478 -6.016176 31.284847 -0.567470 -6.016176 31.284847 -0.567470 -11.527987 31.284847 -4.504478 -11.527987 31.284847 -0.071370 -10.842984 29.517996 -0.173769 -10.740585 28.922644 0.198789 -6.803577 30.058315 0.198789 -11.113143 30.058315 -0.071370 -6.803577 29.517996 -0.071370 -6.701178 29.517996 0.198789 -6.431019 30.058315 -0.173769 -6.803577 28.922644 0.613633 3.432643 6.481698 3.763239 -0.504364 6.481698 3.763239 3.432643 6.481698 0.613633 -0.504364 6.481698 -8.835186 3.432643 6.481698 -5.685580 -0.504364 6.481698 -5.685580 3.432643 6.481698 -8.835186 -0.504364 6.481698 -4.504478 7.763352 6.481698 -0.567470 -4.835073 6.481698 -0.567470 7.763352 6.481698 -4.504478 -4.835073 6.481698 -5.685580 3.432643 8.056501 -5.685580 -0.504364 8.056501 -0.567470 3.432643 8.056501 -0.567470 7.763352 9.631304 -0.567470 -0.504364 8.056501 -0.567470 -0.504364 9.631304 -0.567470 -4.835073 9.631304 -0.567470 3.432643 9.631304 -4.504478 -4.835073 9.631304 -4.504478 -0.504364 8.056501 -4.504478 -0.504364 9.631304 -4.504478 3.432643 9.631304 -4.504478 7.763352 9.631304 -4.504478 3.432643 8.056501 0.613633 -0.504364 8.056501 0.613633 3.432643 8.056501 -8.835186 7.763352 4.906895 2.933553 6.933666 4.028633 -8.005500 6.933666 4.028633 3.763239 7.763352 4.906895 2.393233 6.393347 2.947995 -7.465181 6.393347 2.947995 3.763239 -4.835073 4.906895 2.933553 -4.005387 4.028633 2.393233 -3.465068 2.947995 2.188436 6.188549 1.757288 2.188436 -3.260270 1.757288 -7.260383 -3.260270 1.757288 -7.465181 -3.465068 2.947995 -8.005500 -4.005387 4.028633 -8.835186 -4.835073 4.906895 -8.835186 7.763352 9.631304 -8.835186 3.432643 9.631304 -7.260383 6.188549 1.757288 -8.835186 -0.504364 9.631304 3.763239 3.432643 9.631304 3.763239 -0.504364 9.631304 3.763239 -4.835073 9.631304 -8.835186 -4.835073 9.631304 -8.005500 -3.260270 4.028633 -7.465181 -3.260270 2.947995 -8.835186 -3.260270 4.906895 3.763239 7.763352 9.631304 32.897099 14.849966 48.607681 31.715994 20.361776 48.607681 31.715994 14.849966 48.607681 32.897099 20.361776 48.607681 27.012728 19.946934 45.806347 27.282887 15.534969 45.266026 27.012728 15.264810 45.806347 27.282887 19.676775 45.266026 32.897099 19.574375 46.245476 32.897099 14.849966 46.245476 32.897099 20.361776 46.245476 27.385286 15.637368 44.670673 27.385286 19.574375 44.670673 26.597885 20.361776 46.245476 26.597885 14.849966 46.245476 27.778986 14.849966 48.607681 26.597885 20.361776 48.607681 26.597885 14.849966 48.607681 27.778986 20.361776 48.607681 27.778986 20.361776 47.032879 31.715994 20.361776 47.032879 31.715994 14.849966 47.032879 27.778986 14.849966 47.032879 32.212093 15.534969 45.266026 32.109695 15.637368 44.670673 32.482254 19.574375 45.806347 32.482254 15.264810 45.806347 32.212093 19.574375 45.266026 32.212093 19.676775 45.266026 32.482254 19.946934 45.806347 32.109695 19.574375 44.670673 -10.409989 3.432643 31.284847 -10.409989 -0.504364 23.017132 -10.409989 -0.504364 31.284847 -10.409989 3.432643 23.017132 2.419986 -0.504364 31.284847 26.045849 3.432643 24.151064 2.419986 3.432643 31.284847 26.045849 -0.504364 24.151064 -4.504478 3.432643 23.017132 -0.567470 3.432643 23.017132 23.331419 3.432643 23.041470 23.966913 3.432643 23.256796 24.432529 3.432643 23.587175 24.514137 3.432643 23.645081 25.958929 3.432643 23.887428 25.282427 3.432643 23.492657 25.958929 -0.504364 23.887428 24.514137 -0.504364 23.645081 25.282427 -0.504364 23.492657 23.331419 -0.504364 23.041470 -0.567470 -0.504364 23.017132 23.966913 -0.504364 23.256796 24.432529 -0.504364 23.587175 -4.504478 -0.504364 23.017132 11.243554 3.432643 14.749414 11.243554 -0.504364 15.536816 11.243554 -0.504364 14.749414 11.243554 3.432643 15.536816 6.715995 -0.504364 14.749414 6.715995 3.432643 14.749414 -3.323375 -0.504364 23.017132 -3.323376 3.038943 23.017132 -3.323375 -0.110664 23.017132 0.613633 -0.110664 23.017132 0.613633 3.038943 23.017132 0.613633 -0.504364 23.017132 16.361664 3.038943 23.017132 16.361664 -0.110664 23.017132 -1.748572 3.038943 23.017132 -1.748572 -0.110664 23.017132 -1.748572 3.432643 23.017132 0.613633 3.432643 23.017132 -1.748572 -0.504364 23.017132 -3.323376 3.432643 23.017132 -10.409989 -0.504364 14.749414 -10.409989 3.432643 14.749414 -4.504478 -0.504364 20.654926 -3.323375 -0.504364 20.654926 -4.504478 -0.504364 16.717918 -4.504478 -0.504364 14.749414 -3.323376 3.432643 20.654926 -4.504478 3.038943 20.654926 -4.504478 3.432643 20.654926 -3.323376 3.038943 20.654926 -1.748572 3.038943 20.654926 -1.748572 3.432643 20.654926 -4.504478 3.432643 16.717918 -4.504478 3.432643 14.749414 -0.567470 -0.110664 20.654926 -1.748572 -0.504364 20.654926 -1.748572 -0.110664 20.654926 -0.567470 -0.504364 20.654926 -3.323375 -0.110664 20.654926 -0.567470 3.038943 16.717918 -4.504478 3.038943 16.717918 -0.567470 3.038943 20.654926 11.834105 3.432643 14.749414 18.093948 3.432643 15.103745 15.574263 3.432643 14.749414 11.834105 3.432643 15.536816 19.983711 3.432643 15.812407 -0.567470 3.432643 20.654926 -0.173769 3.432643 20.654926 -0.071370 3.432643 21.250278 0.198789 3.432643 21.790598 0.613633 3.432643 22.229729 -0.567470 3.432643 14.749414 -0.567470 3.432643 16.717918 21.243553 3.432643 16.875399 1.007333 3.432643 19.473824 0.416782 3.432643 19.632061 -0.015531 3.432643 20.064375 21.873474 3.432643 18.292721 17.149065 3.432643 20.654926 21.479774 3.432643 20.654926 16.990828 3.432643 20.064375 15.967963 3.432643 19.473824 21.873474 3.432643 20.654926 16.558514 3.432643 19.632061 -4.504478 -0.110664 16.717918 11.834105 -0.504364 14.749414 15.574263 -0.504364 14.749414 -0.567470 -0.504364 14.749414 -0.567470 -0.110664 16.717918 -0.567470 -0.504364 16.717918 17.149065 -0.110664 20.654926 16.990828 -0.504364 20.064375 17.149065 -0.504364 20.654926 16.990828 -0.110664 20.064375 16.558514 -0.504364 19.632061 16.558514 -0.110664 19.632061 0.198789 -0.504364 21.790598 0.613633 -0.110664 22.229729 0.613633 -0.504364 22.229729 0.198789 -0.110664 21.790598 -0.071370 -0.504364 21.250278 -0.071370 -0.110664 21.250278 1.007333 -0.504364 19.473824 0.416782 -0.110664 19.632061 0.416782 -0.504364 19.632061 1.007333 -0.110664 19.473824 -0.173769 -0.110664 20.654926 -0.173769 -0.504364 20.654926 -0.015531 -0.110664 20.064375 -0.015531 -0.504364 20.064375 15.967963 -0.110664 19.473824 15.967963 -0.504364 19.473824 17.046667 -0.110664 21.250278 16.776506 -0.110664 21.790598 16.361664 -0.110664 22.229729 21.873474 -0.504364 18.292721 21.243553 -0.504364 16.875399 18.093948 -0.504364 15.103745 19.983711 -0.504364 15.812407 11.834105 -0.504364 15.536816 21.873474 -0.504364 20.654926 0.416782 3.038943 19.632061 15.967963 3.038943 19.473824 1.007333 3.038943 19.473824 16.558514 3.038943 19.632061 -0.015531 3.038943 20.064375 16.990828 3.038943 20.064375 -0.173769 3.038943 20.654926 17.149065 3.038943 20.654926 -0.071370 3.038943 21.250278 17.046667 3.038943 21.250278 0.198789 3.038943 21.790598 16.776506 3.038943 21.790598 0.613633 3.038943 22.229729 16.361664 3.038943 22.229729 -4.504478 -0.110664 20.654926 -10.409989 -0.504364 13.962013 -10.409989 3.432643 6.592426 -10.409989 -0.504364 6.592426 -10.409989 3.432643 13.962013 -0.567470 -0.110664 12.387210 -1.748572 -0.504364 12.387210 -1.748572 -0.110664 12.387210 -0.567470 -0.504364 12.387210 -1.748572 -0.504364 14.749414 -1.748572 -0.110664 14.749414 -0.567470 -0.110664 8.450202 -0.567470 3.432643 12.387210 -0.567470 3.038943 8.450202 -0.567470 3.038943 12.387210 -4.504478 3.038943 8.450202 -4.504478 -0.110664 8.450202 -9.622588 -0.504364 6.481698 -9.622588 3.432643 6.481698 -3.323375 3.432643 14.749414 -3.323375 3.038943 14.749414 -3.323375 -0.504364 14.749414 -3.323375 -0.110664 14.749414 -1.748572 3.038943 14.749414 0.613633 3.432643 14.749414 -1.748572 3.432643 14.749414 0.613633 -0.504364 14.749414 0.613633 3.038943 14.749414 0.613633 -0.110664 14.749414 6.125443 3.038943 14.749414 6.125443 -0.110664 14.749414 -4.504478 3.432643 12.387210 -3.323375 3.432643 12.387210 -4.504478 -0.504364 12.387210 -3.323375 -0.504364 12.387210 -1.748572 3.038943 12.387210 -1.748572 3.432643 12.387210 -4.504478 3.038943 12.387210 -3.323375 3.038943 12.387210 -4.504478 -0.110664 12.387210 -3.323375 -0.110664 12.387210 6.912845 3.038943 12.387210 6.810446 -0.110664 12.982563 6.912845 -0.110664 12.387210 6.810446 3.038943 12.982563 6.125443 3.038943 13.962013 6.125443 -0.110664 13.962013 11.007333 3.432643 8.607682 11.637255 -0.504364 10.025005 11.007333 -0.504364 8.607682 11.637255 3.432643 10.025005 11.637255 3.432643 12.387210 6.912845 3.432643 12.387210 6.912845 -0.504364 12.387210 11.637255 -0.504364 12.387210 6.540287 3.038943 13.522882 6.540287 -0.110664 13.522882 9.747491 3.432643 7.544690 7.857727 -0.504364 6.836029 7.857727 3.432643 6.836029 9.747491 -0.504364 7.544690 5.338042 -0.504364 6.481698 5.338042 3.432643 6.481698 5.731743 -0.504364 11.206107 6.322294 -0.504364 11.364346 6.754607 -0.504364 11.796659 1.007333 -0.504364 11.206107 0.416782 -0.504364 11.364346 -0.015531 -0.504364 11.796659 -0.173769 -0.504364 12.387210 -0.071370 -0.504364 12.982563 0.198789 -0.504364 13.522882 0.613633 -0.504364 13.962013 -0.071370 3.432643 12.982563 0.198789 3.432643 13.522882 0.613633 3.432643 13.962013 -0.015531 3.432643 11.796659 0.416782 3.432643 11.364346 1.007333 3.432643 11.206107 -0.173769 3.432643 12.387210 5.731743 3.432643 11.206107 6.322294 3.432643 11.364346 6.754607 3.432643 11.796659 -0.015531 3.038943 11.796659 -0.173769 3.038943 12.387210 0.416782 3.038943 11.364346 1.007333 3.038943 11.206107 5.731743 3.038943 11.206107 6.322294 3.038943 11.364346 6.754607 3.038943 11.796659 0.198789 3.038943 13.522882 0.613633 3.038943 13.962013 6.754607 -0.110664 11.796659 6.322294 -0.110664 11.364346 5.731743 -0.110664 11.206107 -0.015531 -0.110664 11.796659 0.416782 -0.110664 11.364346 0.613633 -0.110664 13.962013 -0.173769 -0.110664 12.387210 0.198789 -0.110664 13.522882 -0.071370 -0.110664 12.982563 1.007333 -0.110664 11.206107 -0.071370 3.038943 12.982563 32.897099 -0.504364 30.718735 31.715994 3.432643 31.075365 31.715994 -0.504364 31.075365 32.897099 3.432643 30.718735 32.897099 -0.504364 32.072250 31.715994 -0.504364 32.072250 31.715994 -2.079168 30.497446 31.715994 -2.079168 32.072250 31.715994 5.007446 30.497446 31.715994 3.432643 32.072250 31.715994 5.007446 32.072250 27.778986 5.007446 30.497446 27.778986 -2.079168 32.072250 27.778986 -2.079168 30.497446 27.778986 5.007446 32.072250 26.597885 5.007446 32.072250 26.597885 -2.079168 32.072250 32.897099 3.432643 32.072250 26.597885 2.645242 29.799522 32.109695 0.283037 28.135241 26.597885 0.283037 29.799522 32.109695 2.645242 28.135241 27.282887 0.283037 28.730595 27.385286 0.283037 28.135241 27.012728 0.283037 29.270914 26.597885 0.283037 29.710045 27.282887 2.645242 28.730595 27.385286 2.645242 28.135241 27.012728 2.645242 29.270914 26.597885 2.645242 29.710045 27.385286 -1.291766 28.135241 27.282887 -1.394165 28.730595 26.597885 5.007446 29.710045 27.012728 4.592603 29.270914 32.109695 4.220045 28.135241 27.385286 4.220045 28.135241 27.012728 -1.664325 29.270914 27.282887 4.220045 28.730595 27.282887 4.322444 28.730595 32.109695 -1.291766 28.135241 32.212093 -1.394165 28.730595 26.597885 -2.079168 29.710045 32.897099 5.007446 29.710045 32.897099 5.007446 32.072250 32.897099 -2.079168 29.710045 32.897099 -2.079168 32.072250 32.212093 4.322444 28.730595 32.482254 4.592603 29.270914 32.482254 -1.664325 29.270914 7.306546 3.432643 15.536816 7.306546 3.432643 14.749414 7.306546 -0.504364 15.536816 7.306546 -0.504364 14.749414 6.125443 -0.504364 14.749414 6.125443 3.432643 14.749414 6.715995 -0.504364 15.536816 6.715995 3.432643 15.536816 6.125443 3.432643 16.324217 11.243554 3.432643 16.324217 11.243554 -0.504364 16.324217 6.125443 -0.504364 16.324217 12.424656 -0.504364 14.749414 12.424656 3.432643 14.749414 6.125443 -2.079168 16.324217 12.424656 -2.079168 16.324217 12.424656 -0.504364 16.324217 12.424656 5.007446 13.962013 12.009813 4.592603 13.522882 6.540287 4.592603 13.522882 6.125443 5.007446 13.962013 11.739654 4.322444 12.982563 6.810446 4.322444 12.982563 6.810446 -1.394165 12.982563 6.540287 -1.664325 13.522882 6.540287 4.220045 13.522882 6.810446 4.220045 12.982563 6.912845 -1.291766 12.387210 11.637255 -1.291766 12.387210 11.739654 -1.394165 12.982563 12.009813 -1.664325 13.522882 6.125443 -2.079168 13.962013 6.125443 4.220045 13.962013 11.637255 4.220045 12.387210 12.424656 5.007446 16.324217 12.424656 3.432643 16.324217 12.424656 -2.079168 13.962013 6.125443 5.007446 16.324217 6.912845 4.220045 12.387210 17.542767 -0.504364 41.523796 21.479774 -0.110664 40.335022 17.542767 -0.110664 41.523796 21.479774 -0.504364 40.335022 17.542767 -0.110664 43.991337 19.204523 3.038943 43.489571 17.542767 3.038943 43.991337 19.204523 -0.110664 43.489571 17.542767 3.038943 41.523796 21.479774 3.432643 40.335022 17.542767 3.432643 41.523796 21.479774 3.038943 40.335022 -10.409989 -0.110664 52.431618 -10.409989 3.038943 49.964077 -10.409989 -0.110664 49.964077 -10.409989 3.038943 52.431618 -10.409989 3.432643 49.964077 -10.409989 3.432643 43.795223 -4.504478 -0.504364 42.012066 -10.409989 -0.504364 43.795223 -4.504478 3.432643 42.012066 -4.504478 -0.110664 42.012066 -4.504478 3.038943 42.012066 -10.409989 -0.504364 46.406425 -10.409989 -0.504364 49.964077 -10.409989 3.432643 46.406425 36.085899 3.038943 35.924732 37.922123 -0.110664 35.370289 36.085899 -0.110664 35.924732 37.922123 3.038943 35.370289 36.830780 3.432643 35.699818 37.922123 -0.110664 37.837830 36.768715 3.038943 38.186100 36.768715 -0.110664 38.186100 37.922123 3.038943 37.837830 42.342590 -0.504364 34.035538 42.342590 3.432643 34.035538 42.647537 2.665184 33.943459 42.647537 0.263094 33.943459 42.801929 1.867837 33.896839 42.801929 1.060442 33.896839 -2.878373 -0.110664 41.521069 -2.878373 3.038943 41.521069 -0.567470 -0.110664 41.521069 -0.567470 3.038943 41.521069 -4.504478 -0.110664 45.458076 -4.504478 3.038943 45.458076 -4.504478 3.432643 45.458076 -0.567470 3.432643 45.458076 -0.567470 3.038943 45.458076 -0.567470 -0.110664 45.458076 -0.567470 -0.504364 45.458076 -0.567470 3.432643 40.823296 -0.567470 -0.504364 40.823296 -4.504478 -0.504364 45.458076 21.479774 -0.110664 42.802563 21.479774 3.038943 42.802563 22.563929 3.038943 42.475204 27.778986 -0.110664 40.900528 27.778986 3.038943 40.900528 31.715994 -0.110664 39.711758 31.715994 3.038943 38.765163 31.715994 -0.110664 38.765163 31.715994 3.038943 39.711758 27.778986 3.038943 38.765163 27.778986 -0.110664 38.765163 36.655647 -0.110664 38.220238 49.080009 3.432643 25.832336 47.413063 3.432643 27.512558 49.307613 3.432643 26.586124 45.717602 3.432643 28.766750 44.277287 3.432643 30.307234 43.139748 3.432643 32.083069 27.778986 3.432643 32.264137 21.479774 -0.504364 34.166172 27.778986 -0.504364 32.264137 49.080009 -0.504364 25.832336 47.413063 -0.504364 27.512558 49.307613 -0.504364 26.586124 45.717602 -0.504364 28.766750 44.277287 -0.504364 30.307234 43.139748 -0.504364 32.083069 49.380104 0.263094 26.826202 49.416805 1.060442 26.947754 49.416805 1.867837 26.947754 49.380104 2.665184 26.826202 43.472054 1.060442 32.255508 43.472054 1.867837 32.255508 43.360359 0.263094 32.197548 43.360359 2.665184 32.197548 44.473522 2.665184 30.459770 44.572876 1.867837 30.537001 44.572876 1.060442 30.537001 44.473522 0.263094 30.459770 45.882969 2.665184 28.952301 45.966694 1.867837 29.046246 45.966694 1.060442 29.046246 45.882969 0.263094 28.952301 47.542099 2.665184 27.724987 47.607426 1.867837 27.832539 47.607426 1.060442 27.832539 47.542099 0.263094 27.724987 27.778986 3.432643 44.670673 27.778986 3.432643 40.900528 21.479774 3.432643 42.802563 31.715994 3.432643 40.733665 59.316227 3.432643 31.377920 31.715994 3.432643 39.711758 59.543835 3.432643 32.131710 57.649284 3.432643 33.058144 31.715994 3.432643 44.670673 55.953823 3.432643 34.312336 54.513508 3.432643 35.852818 53.375965 3.432643 37.628654 47.854401 3.432643 39.581120 47.752003 3.432643 40.176476 -10.409989 3.432643 58.600468 -10.409989 3.432643 52.431618 47.481842 3.432643 40.716793 47.067001 3.432643 41.155926 27.778986 3.432643 47.032879 -6.392814 3.432643 57.387489 -2.059640 3.432643 56.079094 27.778986 3.432643 47.069382 47.067001 3.432643 41.245403 27.899872 3.432643 47.032879 52.578812 3.432643 39.581120 38.015205 3.038943 41.948544 41.952213 3.038943 38.366245 38.015205 3.038943 38.366245 41.952213 3.038943 41.948544 41.952213 -0.110664 38.366245 38.015205 -0.110664 42.303253 38.015205 -0.110664 38.366245 41.952213 -0.110664 41.948544 41.948891 -0.110664 42.303253 27.778986 3.038943 44.670673 31.715994 3.038943 44.670673 31.715994 3.038943 40.733665 31.715994 -0.110664 44.670673 27.778986 -0.504364 44.670673 27.778986 -0.110664 44.670673 31.715994 -0.504364 44.670673 31.715994 -0.504364 39.711758 31.715994 -0.110664 40.733665 -10.409989 -0.504364 52.431618 -10.409989 -0.504364 58.600468 59.543835 -0.504364 32.131710 43.842758 -0.504364 36.050106 59.316227 -0.504364 31.377920 43.129993 -0.504364 36.265324 52.578812 -0.504364 39.581120 47.854401 -0.504364 39.581120 53.375965 -0.504364 37.628654 36.606388 -0.504364 38.235111 57.649284 -0.504364 33.058144 55.953823 -0.504364 34.312336 54.513508 -0.504364 35.852818 47.752003 -0.504364 40.176476 47.067001 -0.504364 41.245403 27.778986 -0.504364 47.032879 47.067001 -0.504364 41.155926 27.899872 -0.504364 47.032879 27.778986 -0.504364 40.900528 21.479774 -0.504364 42.802563 47.481842 -0.504364 40.716793 27.778986 -0.504364 47.069382 -2.059640 -0.504364 56.079094 -6.392814 -0.504364 57.387489 28.331608 3.038943 40.733665 28.331608 -0.110664 40.733665 47.854401 2.645242 39.581120 52.578812 2.645242 39.581120 47.067001 2.645242 41.155926 47.067001 2.645242 41.245403 47.481842 2.645242 40.716793 47.752003 2.645242 40.176476 47.067001 0.283037 41.245403 47.067001 0.283037 41.155926 47.752003 0.283037 40.176476 47.481842 0.283037 40.716793 47.854401 0.283037 39.581120 52.578812 0.283037 39.581120 52.883759 0.263094 39.489044 52.883759 2.665184 39.489044 53.038151 1.060442 39.442425 53.038151 1.867837 39.442425 59.616325 0.263094 32.371788 59.653027 1.060442 32.493340 59.653027 1.867837 32.493340 59.616325 2.665184 32.371788 53.708275 1.060442 37.801094 53.708275 1.867837 37.801094 53.596581 0.263094 37.743134 53.596581 2.665184 37.743134 54.709743 2.665184 36.005356 54.809097 1.867837 36.082584 54.809097 1.060442 36.082584 54.709743 0.263094 36.005356 56.119190 2.665184 34.497887 56.202915 1.867837 34.591831 56.202915 1.060442 34.591831 56.119190 0.263094 34.497887 57.778316 2.665184 33.270573 57.843647 1.867837 33.378124 57.843647 1.060442 33.378124 57.778316 0.263094 33.270573 -10.409989 -0.504364 58.833092 -10.409989 3.432643 58.833092 -1.700993 3.432643 55.970802 9.035503 3.432643 52.927578 8.377643 3.432643 52.927578 9.720936 3.432643 52.927578 30.137865 3.432643 52.927578 26.200857 3.432643 52.927578 36.437080 3.432643 52.927578 38.015205 3.432643 52.927578 48.641804 3.432643 52.927578 48.641804 3.432643 58.833092 48.641804 -0.504364 52.927578 36.437080 -0.504364 52.927578 38.015205 -0.504364 52.927578 30.137865 -0.504364 52.927578 26.200857 -0.504364 52.927578 9.035503 -0.504364 52.927578 48.641804 -0.504364 58.833092 8.377643 -0.504364 52.927578 50.216606 0.676738 58.833092 48.641804 2.054691 58.833092 48.641804 0.873588 58.833092 50.216606 2.251541 58.833092 47.067001 3.432643 41.943325 44.755596 3.432643 41.943325 47.067001 -0.504364 41.943325 44.755596 -0.504364 41.943325 53.366211 -0.504364 41.943325 53.366211 3.432643 41.943325 47.752003 4.322444 40.176476 47.854401 -1.291766 39.581120 47.752003 -1.394165 40.176476 47.854401 4.220045 39.581120 47.067001 5.007446 41.155926 47.481842 -1.664325 40.716793 47.067001 -2.079168 41.155926 47.481842 4.592603 40.716793 52.578812 4.220045 39.581120 52.578812 -1.291766 39.581120 52.681210 -1.394165 40.176476 47.067001 5.007446 43.518127 47.067001 3.432643 43.518127 47.067001 -0.504364 43.518127 47.067001 -2.079168 43.518127 53.366211 5.007446 41.155926 53.366211 5.007446 43.518127 53.366211 3.432643 43.518127 53.366211 -2.079168 43.518127 53.366211 -2.079168 41.155926 53.366211 -0.504364 43.518127 52.681210 4.322444 40.176476 52.951370 4.592603 40.716793 52.951370 -1.664325 40.716793 47.657551 -0.504364 42.730728 45.413456 -0.504364 41.943325 47.657551 -0.504364 41.943325 48.248100 -0.504364 47.848839 48.248100 -0.504364 42.730728 47.854401 -0.504364 47.848839 17.542767 -0.504364 50.160187 47.752003 -0.504364 48.444191 47.481842 -0.504364 48.984509 47.067001 -0.504364 49.423641 47.067001 -0.504364 50.211044 27.778986 -0.504364 50.211044 31.715994 -0.504364 50.211044 38.015205 -0.504364 50.211044 41.952213 -0.504364 50.211044 17.542767 -0.504364 50.211044 38.015205 3.432643 50.211044 41.952213 3.432643 50.211044 45.413456 3.432643 41.943325 47.657551 3.432643 41.943325 47.657551 3.432643 42.730728 48.248100 3.432643 42.730728 48.248100 3.432643 47.848839 47.854401 3.432643 47.848839 17.374340 3.432643 50.211044 47.752003 3.432643 48.444191 47.481842 3.432643 48.984509 47.067001 3.432643 49.423641 27.778986 3.432643 50.211044 47.067001 3.432643 50.211044 31.715994 3.432643 50.211044 17.374340 -0.504364 50.211044 52.775661 3.432643 42.730728 52.185108 -0.504364 42.730728 52.185108 3.432643 42.730728 52.775661 -0.504364 42.730728 52.775661 -0.504364 41.943325 52.775661 3.432643 41.943325 48.248100 -0.110664 43.911831 48.248100 3.038943 43.911831 48.248100 3.038943 47.848839 48.248100 -0.110664 47.848839 52.185108 3.432643 47.848839 52.185108 3.038943 43.911831 52.185108 3.038943 47.848839 52.185108 -0.110664 47.848839 52.185108 -0.504364 47.848839 52.185108 -0.110664 43.911831 54.052345 3.432643 41.943325 54.052345 -0.504364 41.943325 56.020851 1.464139 41.943325 56.335812 3.432643 42.730728 58.383057 3.432643 47.848839 58.304314 1.464139 42.730728 56.335812 -0.504364 42.730728 60.059124 1.464139 47.117752 58.383057 -0.504364 47.848839 0.613633 -11.527987 16.324217 -0.567470 -6.016176 16.324217 -0.567470 -11.527987 16.324217 0.613633 -6.016176 16.324217 -5.270737 -6.431019 13.522882 -5.000577 -10.842984 12.982563 -5.270737 -11.113143 13.522882 -5.000577 -6.701178 12.982563 0.613633 -6.803577 13.962013 0.613633 -11.527987 13.962013 0.613633 -6.016176 13.962013 -4.898179 -10.740585 12.387210 -4.898179 -6.803577 12.387210 -5.685580 -6.016176 13.962013 -5.685580 -11.527987 13.962013 -4.504478 -11.527987 16.324217 -5.685580 -6.016176 16.324217 -5.685580 -11.527987 16.324217 -4.504478 -6.016176 16.324217 -4.504478 -6.016176 14.749414 -0.567470 -6.016176 14.749414 -0.567470 -11.527987 14.749414 -4.504478 -11.527987 14.749414 -0.071370 -10.842984 12.982563 -0.173769 -10.740585 12.387210 0.198789 -6.803577 13.522882 0.198789 -11.113143 13.522882 -0.071370 -6.803577 12.982563 -0.071370 -6.701178 12.982563 0.198789 -6.431019 13.522882 -0.173769 -6.803577 12.387210 -0.567470 3.432643 31.284847 -0.567470 3.432643 32.186905 -0.567470 -0.504364 31.284847 -0.567470 -0.504364 32.186905 52.681210 -1.394165 48.444191 47.854401 -1.291766 47.848839 52.578812 -1.291766 47.848839 47.752003 -1.394165 48.444191 47.067001 5.007446 49.423641 52.951370 4.592603 48.984509 47.481842 4.592603 48.984509 53.366211 5.007446 49.423641 47.067001 -2.079168 51.785847 48.248100 -0.110664 51.785847 47.067001 -0.110664 51.785847 48.248100 -2.079168 51.785847 52.681210 4.322444 48.444191 47.752003 4.322444 48.444191 52.951370 -1.664325 48.984509 53.366211 -2.079168 49.423641 52.185108 -2.079168 50.211044 47.067001 -2.079168 49.423641 53.366211 -2.079168 51.785847 52.185108 -2.079168 51.785847 48.248100 -2.079168 50.211044 47.067001 5.007446 51.785847 47.067001 3.038943 50.211044 47.067001 3.038943 51.785847 47.067001 -1.291766 49.423641 47.067001 -0.110664 50.211044 48.248100 5.007446 50.211044 48.248100 3.038943 51.785847 48.248100 3.038943 50.211044 48.248100 5.007446 51.785847 47.481842 -1.664325 48.984509 48.248100 -0.110664 50.211044 53.366211 5.007446 51.785847 52.185108 5.007446 50.211044 52.185108 5.007446 51.785847 52.578812 4.220045 47.848839 47.854401 4.220045 47.848839 47.752003 -1.291766 48.444191 47.481842 -1.291766 48.984509 48.248100 16.424768 50.211044 48.248100 3.432643 50.214127 48.248100 3.432643 58.833092 48.248100 2.251541 50.211044 48.248100 2.251541 50.214127 48.248100 0.676738 50.211044 48.248100 -0.504364 50.214127 48.248100 0.676738 50.214127 48.248100 -13.496490 50.211044 48.248100 16.424768 61.242214 48.248100 -13.496490 61.242214 48.248100 -0.504364 58.833092 52.185108 16.424768 60.053562 52.185108 -13.496490 60.053562 52.185108 16.424768 50.211044 52.185108 -13.496490 50.211044 48.641804 0.676738 50.214127 48.641804 -0.504364 50.214127 48.641804 2.251541 50.214127 48.641804 3.432643 50.214127 48.641804 2.054691 50.214127 49.035503 2.103903 50.214127 50.216606 2.251541 50.214127 50.216606 0.676738 50.214127 48.641804 0.873588 50.214127 49.035503 0.873588 50.214127 48.641804 2.251541 50.211044 49.035503 2.103903 50.211044 49.035503 0.873588 50.211044 48.641804 0.676738 50.211044 53.366211 -13.496490 51.785847 52.185108 -7.984680 51.785847 52.185108 -13.496490 51.785847 53.366211 -7.984680 51.785847 47.481842 -8.399523 48.984509 47.752003 -12.811488 48.444191 47.481842 -13.081647 48.984509 47.752003 -8.669683 48.444191 53.366211 -8.772081 49.423641 53.366211 -13.496490 49.423641 53.366211 -7.984680 49.423641 47.854401 -12.709089 47.848839 47.854401 -8.772081 47.848839 47.067001 -7.984680 49.423641 47.067001 -13.496490 49.423641 48.248100 -13.496490 51.785847 47.067001 -7.984680 51.785847 47.067001 -13.496490 51.785847 48.248100 -7.984680 51.785847 48.248100 -7.984680 50.211044 52.185108 -7.984680 50.211044 52.681210 -12.811488 48.444191 52.578812 -12.709089 47.848839 52.951370 -8.772081 48.984509 52.951370 -13.081647 48.984509 52.681210 -8.772081 48.444191 52.681210 -8.669683 48.444191 52.951370 -8.399523 48.984509 52.578812 -8.772081 47.848839 48.248100 15.637368 47.848839 52.185108 11.700360 47.848839 52.185108 15.637368 47.848839 48.248100 11.700360 47.848839 50.216606 11.109809 47.848839 48.248100 -0.662602 47.258286 50.216606 -1.094916 47.848839 50.216606 -1.174035 47.553562 50.216606 -1.760565 47.238163 52.185108 -7.590979 46.667736 52.185108 -1.685467 46.667736 50.216606 -7.515880 47.238163 48.248100 -8.772081 47.848839 50.216606 -8.102411 47.553562 48.248100 -8.613843 47.258286 50.216606 -8.181530 47.848839 48.248100 11.109809 46.825974 50.216606 11.030690 47.553562 48.248100 11.542122 47.258286 50.216606 10.814533 47.337406 50.216606 -1.390191 47.337406 52.185108 -1.094916 46.825974 48.248100 -7.590979 46.667736 48.248100 -1.685467 46.667736 52.185108 11.542122 47.258286 50.216606 4.102314 47.553562 48.248100 4.023194 46.825974 48.248100 3.590881 47.258286 50.216606 4.318470 47.337406 52.185108 7.763352 41.943325 48.248100 10.388024 42.179546 52.185108 10.388024 42.179546 48.248100 7.763352 41.943325 50.216606 4.023194 47.848839 52.185108 3.590881 47.258286 52.185108 -12.709089 45.486633 48.248100 -12.709089 47.848839 48.248100 -12.709089 45.486633 52.185108 -12.709089 47.848839 52.185108 -0.662602 47.258286 48.248100 10.519258 46.667736 50.216606 10.444160 47.238163 48.248100 -8.181530 46.825974 50.216606 -7.886254 47.337406 52.185108 -7.459745 42.179546 48.248100 -4.835073 41.943325 52.185108 -4.835073 41.943325 48.248100 -7.459745 42.179546 52.185108 4.613746 46.667736 50.216606 4.688844 47.238163 52.185108 4.023194 46.825974 48.248100 4.613746 46.667736 48.248100 -1.094916 46.825974 52.185108 -8.772081 47.848839 48.248100 -12.184155 44.305531 52.185108 -12.184155 44.305531 52.185108 -9.559483 42.651989 48.248100 -9.559483 42.651989 52.185108 -11.134286 43.360649 48.248100 -11.134286 43.360649 52.185108 -8.181530 46.825974 52.185108 -8.613843 47.258286 52.185108 10.519258 46.667736 52.185108 11.109809 46.825974 52.185108 15.637368 45.486633 52.185108 12.487761 42.651989 52.185108 14.062565 43.360649 52.185108 15.112433 44.305531 48.248100 15.637368 45.486633 48.248100 15.112433 44.305531 48.248100 14.062565 43.360649 48.248100 12.487761 42.651989 53.366211 10.912958 51.785847 52.185108 16.424768 51.785847 52.185108 10.912958 51.785847 53.366211 16.424768 51.785847 47.481842 16.009926 48.984509 47.752003 11.597961 48.444191 47.481842 11.327802 48.984509 47.752003 15.739767 48.444191 53.366211 15.637368 49.423641 53.366211 10.912958 49.423641 53.366211 16.424768 49.423641 47.854401 11.700360 47.848839 47.854401 15.637368 47.848839 47.067001 16.424768 49.423641 47.067001 10.912958 49.423641 48.248100 10.912958 51.785847 47.067001 16.424768 51.785847 47.067001 10.912958 51.785847 48.248100 16.424768 51.785847 52.185108 10.912958 50.211044 48.248100 10.912958 50.211044 52.681210 11.597961 48.444191 52.578812 11.700360 47.848839 52.951370 15.637368 48.984509 52.951370 11.327802 48.984509 52.681210 15.637368 48.444191 52.681210 15.739767 48.444191 52.951370 16.009926 48.984509 52.578812 15.637368 47.848839 -4.424310 -17.433498 39.552563 -0.487302 -17.433498 39.552563 -4.424310 -17.433498 45.449173 -4.424310 -0.110664 41.987862 -4.424310 3.038943 41.987862 -0.487302 3.038943 41.521069 -0.487302 3.038943 45.449173 -4.424310 3.038943 45.449173 -0.487302 -0.110664 41.521069 -0.487302 -0.110664 45.449173 -4.424310 -0.110664 45.449173 -4.424310 20.361778 45.449173 -0.487302 20.361778 39.552563 -4.424310 20.361778 39.552563 -0.487302 20.361778 45.449173 -10.409989 3.432643 35.158833 -10.409989 -0.504364 35.158833 -4.504478 -0.504364 33.375675 -4.504478 -0.504364 31.284847 -4.504478 3.038943 33.375675 -4.504478 3.432643 31.284847 -4.504478 3.432643 33.375675 26.594063 -0.110664 32.621922 17.542767 3.038943 35.354946 17.542767 -0.110664 35.354946 26.594063 3.038943 32.621922 17.542767 -0.110664 32.887405 -10.409989 -0.110664 41.327686 7.306546 -0.110664 35.978210 -4.504478 -0.110664 39.552563 -10.409989 -0.110664 43.795223 -4.504478 -0.110664 41.091934 21.479774 -0.110664 31.698633 26.597303 -0.110664 30.153404 -0.567470 -0.110664 39.552563 11.243554 -0.110664 37.256981 7.306546 -0.110664 38.445751 6.741204 -0.110664 38.616455 -0.567470 -0.110664 40.823296 9.811466 3.038943 35.221855 7.306546 3.432643 35.978210 7.306546 3.038943 35.978210 11.243554 3.432643 34.789440 11.243554 3.038943 34.789440 7.306546 3.038943 38.445751 11.243554 3.038943 37.256981 -10.409989 3.038943 41.327686 17.542767 3.038943 32.887405 21.479774 3.038943 31.698633 26.597303 3.038943 30.153404 26.597303 2.645242 30.153404 26.597303 0.283037 30.153404 7.306546 3.038943 35.221855 11.243554 3.038943 31.284847 7.306546 3.038943 31.284847 21.479774 3.432643 31.698633 17.542767 3.432643 32.887405 39.030212 3.432643 21.052975 38.802608 3.432643 20.299185 11.243554 3.432643 28.620588 -10.409989 3.432643 41.327686 27.012728 3.432643 29.270914 26.597885 3.432643 29.710045 26.597885 3.432643 30.153229 10.243201 3.432643 28.922644 37.158707 3.432643 21.893824 35.476555 3.432643 23.068525 34.042622 3.432643 24.535973 32.907089 3.432643 26.244810 27.385286 3.432643 28.135241 27.282887 3.432643 28.730595 32.109695 3.432643 28.135241 10.243201 3.038943 28.922644 11.243554 3.038943 28.620588 17.542767 -0.504364 32.887405 7.306546 -0.504364 35.978210 21.479774 -0.504364 31.698633 32.109695 -0.504364 28.135241 27.385286 -0.504364 28.135241 32.907089 -0.504364 26.244810 38.802608 -0.504364 20.299185 39.030212 -0.504364 21.052975 37.158707 -0.504364 21.893824 35.476555 -0.504364 23.068525 34.042622 -0.504364 24.535973 27.282887 -0.504364 28.730595 27.012728 -0.504364 29.270914 26.597885 -0.504364 30.153229 26.597885 -0.504364 29.710045 -10.409989 -0.504364 41.327686 -10.409989 3.038943 43.795223 -4.504478 -0.110664 33.375675 -4.099361 -0.110664 33.253353 -4.099361 3.038943 33.253353 -0.567470 3.038943 40.823296 -0.567470 3.038943 39.552563 -4.504478 3.038943 39.552563 -4.504478 3.038943 41.091934 32.419010 0.263094 28.041845 32.419010 2.665184 28.041845 32.575615 1.867837 27.994558 32.575615 1.060442 27.994558 37.281944 0.263094 22.111101 39.102703 0.263094 21.293051 39.139408 1.060442 21.414602 37.344337 1.867837 22.221109 37.344337 1.060442 22.221109 39.139408 1.867837 21.414602 33.238579 1.867837 26.422831 33.127155 2.665184 26.362995 33.127155 0.263094 26.362995 33.238579 1.060442 26.422831 34.236828 2.665184 24.693075 34.335152 1.867837 24.772615 34.335152 1.060442 24.772615 34.236828 0.263094 24.693075 35.638100 2.665184 23.259050 35.719894 1.867837 23.355513 35.719894 1.060442 23.355513 35.638100 0.263094 23.259050 37.281944 2.665184 22.111101 39.102703 2.665184 21.293051 11.243554 3.038943 28.922644 -3.323375 -6.016176 13.962013 -1.748572 -6.016176 13.962013 -1.748572 -6.016176 14.749414 -3.323375 -6.016176 14.749414 -3.323375 -0.110664 14.749414 -3.323375 -0.110664 12.387210 -3.323375 -6.803577 12.387210 -3.323375 -6.431019 13.522882 -3.323375 -6.701178 12.982563 -1.748572 -6.803577 12.387210 -1.748572 -0.110664 12.387210 -1.748572 -0.110664 14.749414 -1.748572 -6.431019 13.522882 -1.748572 -6.701178 12.982563 -0.961171 -0.662602 11.796659 -0.961171 -0.504364 12.387210 -0.567470 -0.662602 11.796659 -0.961171 -5.622475 11.206107 -0.567470 -6.213026 11.364346 -0.567470 -5.622475 11.206107 -0.961171 -6.213026 11.364346 -0.961171 -1.094916 11.364346 -0.567470 -1.685467 11.206107 -0.567470 -1.094916 11.364346 -0.961171 -1.685467 11.206107 -0.961171 -6.803577 12.387210 -0.567470 -6.645339 11.796659 -0.961171 -6.645339 11.796659 -0.567470 -6.803577 12.387210 -4.110777 3.432643 12.387210 -4.504478 9.731856 12.387210 -0.961171 9.731856 12.387210 -4.504478 13.668864 12.387210 -4.110777 9.731856 12.387210 -0.961171 3.432643 12.387210 -0.567470 9.731856 12.387210 -0.567470 13.668864 12.387210 -0.567470 -10.740585 10.025005 -4.504478 -10.740585 12.387210 -4.504478 -10.740585 10.025005 -0.567470 -10.740585 12.387210 -4.504478 -5.622475 11.206107 -4.504478 -6.213026 11.364346 -4.504478 -6.645339 11.796659 -4.504478 -6.803577 12.387210 -4.504478 -7.433498 6.836029 -4.504478 8.157053 6.481698 -4.504478 -5.228774 6.481698 -4.504478 10.361777 6.836029 -4.504478 -9.087042 7.544690 -4.504478 12.015321 7.544690 -4.504478 -10.189404 8.607682 -4.504478 -1.094916 11.364346 -4.504478 -0.662602 11.796659 -4.504478 -1.685467 11.206107 -4.504478 13.117682 8.607682 -4.504478 4.023194 11.364346 -4.504478 3.590881 11.796659 -4.504478 4.613746 11.206107 -4.504478 13.668864 10.025005 -4.504478 8.550754 11.206107 -4.504478 9.141305 11.364346 -4.504478 9.573618 11.796659 -0.567470 13.668864 10.025005 -0.567470 -5.228774 6.481698 -0.567470 8.157053 6.481698 -4.110777 9.573618 11.796659 -4.110777 -0.504364 12.387210 -4.110777 -0.662602 11.796659 -0.961171 4.023194 11.364346 -0.567470 4.613746 11.206107 -0.961171 4.613746 11.206107 -0.567470 4.023194 11.364346 -4.110777 9.141305 11.364346 -4.110777 4.023194 11.364346 -4.110777 8.550754 11.206107 -4.110777 4.613746 11.206107 -4.110777 3.590881 11.796659 -0.567470 -10.189404 8.607682 -0.567470 9.141305 11.364346 -0.961171 9.573618 11.796659 -0.961171 9.141305 11.364346 -0.567470 9.573618 11.796659 -0.567470 8.550754 11.206107 -0.961171 8.550754 11.206107 -0.567470 -7.433498 6.836029 -4.110777 -1.094916 11.364346 -0.567470 -9.087042 7.544690 -0.567470 3.590881 11.796659 -0.961171 3.590881 11.796659 -4.110777 -6.213026 11.364346 -4.110777 -5.622475 11.206107 -4.110777 -6.645339 11.796659 -4.110777 -1.685467 11.206107 -4.110777 -6.803577 12.387210 -0.567470 12.015321 7.544690 -0.567470 13.117682 8.607682 -0.567470 10.361777 6.836029 -3.323375 8.944454 13.962013 -1.748572 8.944454 14.749414 -1.748572 8.944454 13.962013 -3.323375 8.944454 14.749414 -3.323375 3.038943 12.387210 -3.323375 3.038943 14.749414 -3.323375 9.731856 12.387210 -3.323375 9.359298 13.522882 -3.323375 9.629457 12.982563 -1.748572 9.731856 12.387210 -1.748572 3.038943 14.749414 -1.748572 3.038943 12.387210 -1.748572 9.359298 13.522882 -1.748572 9.629457 12.982563 -0.567470 3.038942 20.646025 -4.504478 3.038942 16.717918 -0.567470 3.038942 16.717918 -4.504478 3.038942 20.646025 -4.504478 -0.110664 16.717918 -0.567470 -0.110664 20.646025 -0.567470 -0.110664 16.717918 -4.504478 -0.110664 20.646025 -4.504478 20.361776 20.646025 -0.567470 20.361776 14.749414 -4.504478 20.361776 14.749414 -0.567470 20.361776 20.646025 -0.567470 -17.433498 14.749414 -0.567470 -17.433498 20.646025 -4.504478 -17.433498 14.749414 -4.504478 -17.433498 20.646025 31.715994 3.038943 44.661774 27.778986 3.038943 40.724766 31.715994 3.038943 40.724766 27.778986 3.038943 44.661774 31.715994 -0.110664 40.724766 27.778986 -0.110664 40.724766 31.715994 -0.110664 44.661774 27.778986 -0.110664 44.661774 27.778986 -17.433498 38.765163 27.778986 20.361776 38.765163 27.778986 20.361776 44.661774 31.715994 -17.433498 44.661774 31.715994 20.361776 38.765163 31.715994 20.361776 44.661774 31.715994 -17.433498 38.765163 0.613633 8.944454 16.324217 -0.567470 14.456265 16.324217 -0.567470 8.944454 16.324217 0.613633 14.456265 16.324217 -5.270737 14.041422 13.522882 -5.000577 9.629457 12.982563 -5.270737 9.359298 13.522882 -5.000577 13.771263 12.982563 0.613633 13.668864 13.962013 0.613633 8.944454 13.962013 0.613633 14.456265 13.962013 -4.898179 9.731856 12.387210 -4.898179 13.668864 12.387210 -5.685580 14.456265 13.962013 -5.685580 8.944454 13.962013 -4.504478 8.944454 16.324217 -5.685580 14.456265 16.324217 -5.685580 8.944454 16.324217 -4.504478 14.456265 16.324217 -4.504478 14.456265 14.749414 -0.567470 14.456265 14.749414 -0.567470 8.944454 14.749414 -4.504478 8.944454 14.749414 -0.071370 9.629457 12.982563 -0.173769 9.731856 12.387210 0.198789 13.668864 13.522882 0.198789 9.359298 13.522882 -0.071370 13.668864 12.982563 -0.071370 13.771263 12.982563 0.198789 14.041422 13.522882 -0.173769 13.668864 12.387210 "
							            />
						</IndexedFaceSet>
					</Shape>
				</Group>
			</Transform>
		</Transform>
	</Scene>
</X3D>