<?xml version="1.0" encoding="UTF-8"?>
<!DOCTYPE X3D PUBLIC "ISO//Web3D//DTD X3D 3.0//EN" "http://www.web3d.org/specifications/x3d-3.0.dtd">
<X3D version="3.0" profile="Immersive" xmlns:xsd="http://www.w3.org/2001/XMLSchema-instance" xsd:noNamespaceSchemaLocation="http://www.web3d.org/specifications/x3d-3.0.xsd">
	<head>
		<meta name="filename" content="22-2.x3d" />
		<meta name="created" content="2026-06-21 15:09:40" />
		<meta name="generator" content="Blender 4.5.4 LTS" />
		<meta name="translator" content="Web3D X3D/VRML2 format v2.5.1" />
	</head>
	<Scene>
		<NavigationInfo headlight="true"
		                visibilityLimit="0.0"
		                type='"EXAMINE", "ANY"'
		                avatarSize="0.25, 1.75, 0.75"
		                />
		<Background DEF="WO_World"
		            groundColor="0.051 0.051 0.051"
		            skyColor="0.051 0.051 0.051"
		            />
		<Transform DEF="_22-2_TRANSFORM"
		           translation="0.000000 0.000000 0.000000"
		           scale="1.000000 1.000000 1.000000"
		           rotation="0.000000 0.707107 0.707107 3.141593"
		           >
			<Transform DEF="_22-2_ifs_TRANSFORM"
			           translation="0.000000 0.000000 0.000000"
			           scale="1.000000 1.000000 1.000000"
			           rotation="0.000000 1.000000 0.000000 0.000000"
			           >
				<Group DEF="group_ME_22-2_001">
					<Shape>
						<Appearance>
						</Appearance>
						<IndexedFaceSet solid="false"
						                coordIndex="0 1 2 -1 1 0 3 -1 3 0 4 -1 3 4 5 -1 6 7 8 -1 7 6 9 -1 9 6 10 -1 9 10 11 -1 5 11 10 -1 11 5 4 -1 12 0 2 -1 0 12 13 -1 0 13 4 -1 4 13 14 -1 4 14 7 -1 7 14 15 -1 7 11 4 -1 11 7 9 -1 13 16 17 -1 16 13 12 -1 16 12 1 -1 1 12 2 -1 14 17 18 -1 17 14 13 -1 18 15 14 -1 15 18 19 -1 15 19 7 -1 7 19 8 -1 3 16 1 -1 16 3 5 -1 16 5 17 -1 17 5 10 -1 17 10 8 -1 8 10 6 -1 8 18 17 -1 18 8 19 -1 20 21 22 -1 21 20 23 -1 21 23 24 -1 24 23 25 -1 25 23 26 -1 27 28 29 -1 28 27 30 -1 30 27 31 -1 29 22 32 -1 22 29 28 -1 22 28 20 -1 33 34 35 -1 34 33 36 -1 28 23 20 -1 23 28 37 -1 38 39 40 -1 39 38 41 -1 26 42 25 -1 25 43 24 -1 43 25 44 -1 44 25 36 -1 36 25 42 -1 36 42 34 -1 34 42 39 -1 34 39 41 -1 24 45 21 -1 45 24 43 -1 45 29 32 -1 29 45 33 -1 33 45 43 -1 33 43 44 -1 33 44 36 -1 37 26 23 -1 26 37 42 -1 30 37 28 -1 37 30 40 -1 37 40 42 -1 42 40 39 -1 35 31 27 -1 31 35 38 -1 38 35 34 -1 38 34 41 -1 21 32 22 -1 32 21 45 -1 31 40 30 -1 40 31 38 -1 29 35 27 -1 35 29 33 -1 46 47 48 -1 47 46 49 -1 47 50 48 -1 50 47 51 -1 51 47 52 -1 51 52 53 -1 53 54 55 -1 54 53 52 -1 47 54 52 -1 54 47 49 -1 53 56 51 -1 56 53 55 -1 46 50 57 -1 50 46 48 -1 57 49 46 -1 49 57 58 -1 49 58 56 -1 49 56 54 -1 54 56 55 -1 56 58 51 -1 51 57 50 -1 57 51 58 -1 59 60 61 -1 60 59 62 -1 60 63 61 -1 63 60 64 -1 64 65 63 -1 65 64 66 -1 66 67 65 -1 67 66 68 -1 68 69 67 -1 69 68 70 -1 70 71 69 -1 71 70 72 -1 72 73 71 -1 73 72 74 -1 74 75 73 -1 75 74 76 -1 76 77 75 -1 77 76 78 -1 78 79 77 -1 79 78 80 -1 80 81 79 -1 81 80 82 -1 82 83 81 -1 83 82 84 -1 84 85 83 -1 85 84 86 -1 86 87 85 -1 87 86 88 -1 88 89 87 -1 89 88 90 -1 90 91 89 -1 91 90 92 -1 92 93 91 -1 93 92 94 -1 94 95 93 -1 95 94 96 -1 96 97 95 -1 97 96 98 -1 98 99 97 -1 99 98 100 -1 100 101 99 -1 101 100 102 -1 101 103 104 -1 103 101 102 -1 104 105 106 -1 105 104 103 -1 106 107 108 -1 107 106 105 -1 108 109 110 -1 109 108 107 -1 109 111 110 -1 111 109 112 -1 112 113 111 -1 113 112 114 -1 115 62 59 -1 62 115 116 -1 83 79 81 -1 79 83 85 -1 79 85 87 -1 95 91 93 -1 117 111 113 -1 111 117 118 -1 118 117 119 -1 75 71 73 -1 71 75 69 -1 69 75 77 -1 69 77 67 -1 67 77 79 -1 67 79 65 -1 65 79 63 -1 63 79 120 -1 120 79 121 -1 121 79 87 -1 121 87 89 -1 121 89 91 -1 121 91 122 -1 122 91 95 -1 122 95 97 -1 122 97 99 -1 122 99 101 -1 122 101 104 -1 122 104 106 -1 122 106 108 -1 122 108 118 -1 118 108 110 -1 118 110 111 -1 59 123 115 -1 123 59 120 -1 120 59 61 -1 120 61 63 -1 114 117 113 -1 117 114 124 -1 119 125 118 -1 125 119 126 -1 125 122 118 -1 122 125 127 -1 122 128 121 -1 128 122 127 -1 121 129 120 -1 129 121 128 -1 129 123 120 -1 123 129 130 -1 117 126 119 -1 126 117 124 -1 130 115 123 -1 115 130 116 -1 130 62 116 -1 62 130 129 -1 62 129 60 -1 60 129 64 -1 72 76 74 -1 76 72 70 -1 76 70 78 -1 78 70 68 -1 78 68 80 -1 80 68 66 -1 80 66 64 -1 80 64 129 -1 80 129 128 -1 80 128 88 -1 88 128 90 -1 90 128 92 -1 92 128 127 -1 92 127 96 -1 96 127 98 -1 98 127 100 -1 100 127 102 -1 102 127 103 -1 103 127 105 -1 105 127 107 -1 107 127 125 -1 107 125 109 -1 109 125 112 -1 112 124 114 -1 124 112 125 -1 124 125 126 -1 96 94 92 -1 80 84 82 -1 84 80 86 -1 86 80 88 -1 131 132 133 -1 133 134 131 -1 133 132 135 -1 135 136 133 -1 136 135 137 -1 137 138 136 -1 138 137 139 -1 139 140 138 -1 140 139 141 -1 141 142 140 -1 142 141 143 -1 143 144 142 -1 144 143 145 -1 145 146 144 -1 145 147 148 -1 148 146 145 -1 147 149 150 -1 150 148 147 -1 149 151 152 -1 152 150 149 -1 151 153 154 -1 154 152 151 -1 153 155 156 -1 156 154 153 -1 132 131 157 -1 157 135 132 -1 157 137 135 -1 157 139 137 -1 157 141 139 -1 157 143 141 -1 157 145 143 -1 157 147 145 -1 157 149 147 -1 157 151 149 -1 157 153 151 -1 157 155 153 -1 157 158 156 -1 156 155 157 -1 158 157 131 -1 131 134 158 -1 158 134 133 -1 133 136 158 -1 136 138 158 -1 138 140 158 -1 140 142 158 -1 142 144 158 -1 144 146 158 -1 146 148 158 -1 148 150 158 -1 150 152 158 -1 152 154 158 -1 154 156 158 -1 159 160 161 -1 160 159 162 -1 160 163 161 -1 163 160 164 -1 164 165 163 -1 165 164 166 -1 166 167 165 -1 167 166 168 -1 168 169 167 -1 169 168 170 -1 170 171 169 -1 171 170 172 -1 172 173 171 -1 173 172 174 -1 173 175 176 -1 175 173 174 -1 176 177 178 -1 177 176 175 -1 178 179 180 -1 179 178 177 -1 180 181 182 -1 181 180 179 -1 182 183 184 -1 183 182 181 -1 161 185 159 -1 185 161 163 -1 185 163 165 -1 185 165 167 -1 185 167 169 -1 185 169 171 -1 185 171 173 -1 185 173 176 -1 185 176 178 -1 185 178 180 -1 185 180 182 -1 185 182 184 -1 185 183 186 -1 183 185 184 -1 186 159 185 -1 159 186 162 -1 186 160 162 -1 160 186 164 -1 164 186 166 -1 166 186 168 -1 168 186 170 -1 170 186 172 -1 172 186 174 -1 174 186 175 -1 175 186 177 -1 177 186 179 -1 179 186 181 -1 181 186 183 -1 187 188 189 -1 188 187 190 -1 188 190 191 -1 191 190 192 -1 192 190 193 -1 194 195 196 -1 195 194 197 -1 197 194 198 -1 196 189 199 -1 189 196 195 -1 189 195 187 -1 200 201 202 -1 201 200 203 -1 195 190 187 -1 190 195 204 -1 205 206 207 -1 206 205 208 -1 193 209 192 -1 192 210 191 -1 210 192 211 -1 211 192 203 -1 203 192 209 -1 203 209 201 -1 201 209 206 -1 201 206 208 -1 191 212 188 -1 212 191 210 -1 212 196 199 -1 196 212 200 -1 200 212 210 -1 200 210 211 -1 200 211 203 -1 204 193 190 -1 193 204 209 -1 197 204 195 -1 204 197 207 -1 204 207 209 -1 209 207 206 -1 202 198 194 -1 198 202 205 -1 205 202 201 -1 205 201 208 -1 188 199 189 -1 199 188 212 -1 198 207 197 -1 207 198 205 -1 196 202 194 -1 202 196 200 -1 213 214 215 -1 214 213 216 -1 214 217 215 -1 217 214 218 -1 218 214 219 -1 218 219 220 -1 220 221 222 -1 221 220 219 -1 214 221 219 -1 221 214 216 -1 220 223 218 -1 223 220 222 -1 213 217 224 -1 217 213 215 -1 224 216 213 -1 216 224 225 -1 216 225 223 -1 216 223 221 -1 221 223 222 -1 223 225 218 -1 218 224 217 -1 224 218 225 -1 226 227 228 -1 227 226 229 -1 227 230 228 -1 230 227 231 -1 231 232 230 -1 232 231 233 -1 233 234 232 -1 234 233 235 -1 235 236 234 -1 236 235 237 -1 237 238 236 -1 238 237 239 -1 239 240 238 -1 240 239 241 -1 241 242 240 -1 242 241 243 -1 243 244 242 -1 244 243 245 -1 245 246 244 -1 246 245 247 -1 247 248 246 -1 248 247 249 -1 249 250 248 -1 250 249 251 -1 251 252 250 -1 252 251 253 -1 253 254 252 -1 254 253 255 -1 255 256 254 -1 256 255 257 -1 257 258 256 -1 258 257 259 -1 259 260 258 -1 260 259 261 -1 261 262 260 -1 262 261 263 -1 263 264 262 -1 264 263 265 -1 265 266 264 -1 266 265 267 -1 267 268 266 -1 268 267 269 -1 268 270 271 -1 270 268 269 -1 271 272 273 -1 272 271 270 -1 273 274 275 -1 274 273 272 -1 275 276 277 -1 276 275 274 -1 276 278 277 -1 278 276 279 -1 279 280 278 -1 280 279 281 -1 282 229 226 -1 229 282 283 -1 250 246 248 -1 246 250 252 -1 246 252 254 -1 262 258 260 -1 284 278 280 -1 278 284 285 -1 285 284 286 -1 242 238 240 -1 238 242 236 -1 236 242 244 -1 236 244 234 -1 234 244 246 -1 234 246 232 -1 232 246 230 -1 230 246 287 -1 287 246 288 -1 288 246 254 -1 288 254 256 -1 288 256 258 -1 288 258 289 -1 289 258 262 -1 289 262 264 -1 289 264 266 -1 289 266 268 -1 289 268 271 -1 289 271 273 -1 289 273 275 -1 289 275 285 -1 285 275 277 -1 285 277 278 -1 226 290 282 -1 290 226 287 -1 287 226 228 -1 287 228 230 -1 281 284 280 -1 284 281 291 -1 286 292 285 -1 292 286 293 -1 292 289 285 -1 289 292 294 -1 289 295 288 -1 295 289 294 -1 288 296 287 -1 296 288 295 -1 296 290 287 -1 290 296 297 -1 284 293 286 -1 293 284 291 -1 297 282 290 -1 282 297 283 -1 297 229 283 -1 229 297 296 -1 229 296 227 -1 227 296 231 -1 239 243 241 -1 243 239 237 -1 243 237 245 -1 245 237 235 -1 245 235 247 -1 247 235 233 -1 247 233 231 -1 247 231 296 -1 247 296 295 -1 247 295 255 -1 255 295 257 -1 257 295 259 -1 259 295 294 -1 259 294 263 -1 263 294 265 -1 265 294 267 -1 267 294 269 -1 269 294 270 -1 270 294 272 -1 272 294 274 -1 274 294 292 -1 274 292 276 -1 276 292 279 -1 279 291 281 -1 291 279 292 -1 291 292 293 -1 263 261 259 -1 247 251 249 -1 251 247 253 -1 253 247 255 -1 298 299 300 -1 300 301 298 -1 300 299 302 -1 302 303 300 -1 303 302 304 -1 304 305 303 -1 305 304 306 -1 306 307 305 -1 307 306 308 -1 308 309 307 -1 309 308 310 -1 310 311 309 -1 311 310 312 -1 312 313 311 -1 312 314 315 -1 315 313 312 -1 314 316 317 -1 317 315 314 -1 316 318 319 -1 319 317 316 -1 318 320 321 -1 321 319 318 -1 320 322 323 -1 323 321 320 -1 299 298 324 -1 324 302 299 -1 324 304 302 -1 324 306 304 -1 324 308 306 -1 324 310 308 -1 324 312 310 -1 324 314 312 -1 324 316 314 -1 324 318 316 -1 324 320 318 -1 324 322 320 -1 324 325 323 -1 323 322 324 -1 325 324 298 -1 298 301 325 -1 325 301 300 -1 300 303 325 -1 303 305 325 -1 305 307 325 -1 307 309 325 -1 309 311 325 -1 311 313 325 -1 313 315 325 -1 315 317 325 -1 317 319 325 -1 319 321 325 -1 321 323 325 -1 326 327 328 -1 327 326 329 -1 327 330 328 -1 330 327 331 -1 331 332 330 -1 332 331 333 -1 333 334 332 -1 334 333 335 -1 335 336 334 -1 336 335 337 -1 337 338 336 -1 338 337 339 -1 339 340 338 -1 340 339 341 -1 340 342 343 -1 342 340 341 -1 343 344 345 -1 344 343 342 -1 345 346 347 -1 346 345 344 -1 347 348 349 -1 348 347 346 -1 349 350 351 -1 350 349 348 -1 328 352 326 -1 352 328 330 -1 352 330 332 -1 352 332 334 -1 352 334 336 -1 352 336 338 -1 352 338 340 -1 352 340 343 -1 352 343 345 -1 352 345 347 -1 352 347 349 -1 352 349 351 -1 352 350 353 -1 350 352 351 -1 353 326 352 -1 326 353 329 -1 353 327 329 -1 327 353 331 -1 331 353 333 -1 333 353 335 -1 335 353 337 -1 337 353 339 -1 339 353 341 -1 341 353 342 -1 342 353 344 -1 344 353 346 -1 346 353 348 -1 348 353 350 -1 354 355 356 -1 355 354 357 -1 358 359 360 -1 359 358 361 -1 361 358 362 -1 361 362 363 -1 364 365 366 -1 365 364 367 -1 367 364 368 -1 367 368 369 -1 370 371 372 -1 371 370 373 -1 373 370 369 -1 373 369 374 -1 374 369 368 -1 374 368 375 -1 375 368 376 -1 375 376 377 -1 377 376 363 -1 377 363 362 -1 377 362 378 -1 379 366 380 -1 366 379 364 -1 364 379 376 -1 364 376 368 -1 357 381 355 -1 381 357 382 -1 381 382 377 -1 377 382 375 -1 383 355 384 -1 355 383 356 -1 367 385 365 -1 385 367 386 -1 386 367 369 -1 386 369 370 -1 384 358 360 -1 358 384 378 -1 378 384 387 -1 378 362 358 -1 388 389 390 -1 389 388 391 -1 389 391 374 -1 374 391 373 -1 359 392 393 -1 392 359 380 -1 394 391 388 -1 391 394 395 -1 391 395 373 -1 373 395 371 -1 390 382 357 -1 382 390 389 -1 382 389 375 -1 375 389 374 -1 366 396 397 -1 396 366 365 -1 398 399 400 -1 399 398 401 -1 399 401 396 -1 396 401 402 -1 396 402 397 -1 397 402 354 -1 397 354 392 -1 392 354 356 -1 392 356 393 -1 393 356 403 -1 403 356 383 -1 361 380 359 -1 380 361 379 -1 379 361 363 -1 379 363 376 -1 371 404 372 -1 404 371 405 -1 405 371 394 -1 394 371 395 -1 403 384 360 -1 384 403 383 -1 380 397 392 -1 397 380 366 -1 394 400 405 -1 400 394 398 -1 402 357 354 -1 357 402 390 -1 393 360 359 -1 360 393 403 -1 372 386 370 -1 386 372 385 -1 385 372 405 -1 405 372 404 -1 401 390 402 -1 390 401 388 -1 394 401 398 -1 401 394 388 -1 355 387 384 -1 387 355 377 -1 377 355 381 -1 377 378 387 -1 365 399 396 -1 399 365 385 -1 405 399 385 -1 399 405 400 -1 406 407 408 -1 407 406 409 -1 410 411 412 -1 411 410 413 -1 413 410 414 -1 413 414 415 -1 416 417 418 -1 417 416 419 -1 419 416 420 -1 419 420 421 -1 422 423 424 -1 423 422 425 -1 425 422 421 -1 425 421 426 -1 426 421 420 -1 426 420 427 -1 427 420 428 -1 427 428 429 -1 429 428 415 -1 429 415 414 -1 429 414 430 -1 431 418 432 -1 418 431 416 -1 416 431 428 -1 416 428 420 -1 409 433 407 -1 433 409 434 -1 433 434 429 -1 429 434 427 -1 435 407 436 -1 407 435 408 -1 419 437 417 -1 437 419 438 -1 438 419 421 -1 438 421 422 -1 436 410 412 -1 410 436 430 -1 430 436 439 -1 430 414 410 -1 440 441 442 -1 441 440 443 -1 441 443 426 -1 426 443 425 -1 411 444 445 -1 444 411 432 -1 446 443 440 -1 443 446 447 -1 443 447 425 -1 425 447 423 -1 442 434 409 -1 434 442 441 -1 434 441 427 -1 427 441 426 -1 418 448 449 -1 448 418 417 -1 450 451 452 -1 451 450 453 -1 451 453 448 -1 448 453 454 -1 448 454 449 -1 449 454 406 -1 449 406 444 -1 444 406 408 -1 444 408 445 -1 445 408 455 -1 455 408 435 -1 413 432 411 -1 432 413 431 -1 431 413 415 -1 431 415 428 -1 423 456 424 -1 456 423 457 -1 457 423 446 -1 446 423 447 -1 455 436 412 -1 436 455 435 -1 432 449 444 -1 449 432 418 -1 446 452 457 -1 452 446 450 -1 454 409 406 -1 409 454 442 -1 445 412 411 -1 412 445 455 -1 424 438 422 -1 438 424 437 -1 437 424 457 -1 457 424 456 -1 453 442 454 -1 442 453 440 -1 446 453 450 -1 453 446 440 -1 407 439 436 -1 439 407 429 -1 429 407 433 -1 429 430 439 -1 417 451 448 -1 451 417 437 -1 457 451 437 -1 451 457 452 -1 458 459 460 -1 459 458 461 -1 462 463 464 -1 463 462 465 -1 465 462 466 -1 465 466 467 -1 468 469 470 -1 469 468 471 -1 471 468 472 -1 471 472 473 -1 474 475 476 -1 475 474 477 -1 477 474 473 -1 477 473 478 -1 478 473 472 -1 478 472 479 -1 479 472 480 -1 479 480 481 -1 481 480 467 -1 481 467 466 -1 481 466 482 -1 483 470 484 -1 470 483 468 -1 468 483 480 -1 468 480 472 -1 461 485 459 -1 485 461 486 -1 485 486 481 -1 481 486 479 -1 487 459 488 -1 459 487 460 -1 471 489 469 -1 489 471 490 -1 490 471 473 -1 490 473 474 -1 488 462 464 -1 462 488 482 -1 482 488 491 -1 482 466 462 -1 492 493 494 -1 493 492 495 -1 493 495 478 -1 478 495 477 -1 463 496 497 -1 496 463 484 -1 498 495 492 -1 495 498 499 -1 495 499 477 -1 477 499 475 -1 494 486 461 -1 486 494 493 -1 486 493 479 -1 479 493 478 -1 470 500 501 -1 500 470 469 -1 502 503 504 -1 503 502 505 -1 503 505 500 -1 500 505 506 -1 500 506 501 -1 501 506 458 -1 501 458 496 -1 496 458 460 -1 496 460 497 -1 497 460 507 -1 507 460 487 -1 465 484 463 -1 484 465 483 -1 483 465 467 -1 483 467 480 -1 475 508 476 -1 508 475 509 -1 509 475 498 -1 498 475 499 -1 507 488 464 -1 488 507 487 -1 484 501 496 -1 501 484 470 -1 498 504 509 -1 504 498 502 -1 506 461 458 -1 461 506 494 -1 497 464 463 -1 464 497 507 -1 476 490 474 -1 490 476 489 -1 489 476 509 -1 509 476 508 -1 505 494 506 -1 494 505 492 -1 498 505 502 -1 505 498 492 -1 459 491 488 -1 491 459 481 -1 481 459 485 -1 481 482 491 -1 469 503 500 -1 503 469 489 -1 509 503 489 -1 503 509 504 -1 510 511 512 -1 511 510 513 -1 514 515 516 -1 515 514 517 -1 517 514 518 -1 517 518 519 -1 520 521 522 -1 521 520 523 -1 523 520 524 -1 523 524 525 -1 526 527 528 -1 527 526 529 -1 529 526 525 -1 529 525 530 -1 530 525 524 -1 530 524 531 -1 531 524 532 -1 531 532 533 -1 533 532 519 -1 533 519 518 -1 533 518 534 -1 535 522 536 -1 522 535 520 -1 520 535 532 -1 520 532 524 -1 513 537 511 -1 537 513 538 -1 537 538 533 -1 533 538 531 -1 539 511 540 -1 511 539 512 -1 523 541 521 -1 541 523 542 -1 542 523 525 -1 542 525 526 -1 540 514 516 -1 514 540 534 -1 534 540 543 -1 534 518 514 -1 544 545 546 -1 545 544 547 -1 545 547 530 -1 530 547 529 -1 515 548 549 -1 548 515 536 -1 550 547 544 -1 547 550 551 -1 547 551 529 -1 529 551 527 -1 546 538 513 -1 538 546 545 -1 538 545 531 -1 531 545 530 -1 522 552 553 -1 552 522 521 -1 554 555 556 -1 555 554 557 -1 555 557 552 -1 552 557 558 -1 552 558 553 -1 553 558 510 -1 553 510 548 -1 548 510 512 -1 548 512 549 -1 549 512 559 -1 559 512 539 -1 517 536 515 -1 536 517 535 -1 535 517 519 -1 535 519 532 -1 527 560 528 -1 560 527 561 -1 561 527 550 -1 550 527 551 -1 559 540 516 -1 540 559 539 -1 536 553 548 -1 553 536 522 -1 550 556 561 -1 556 550 554 -1 558 513 510 -1 513 558 546 -1 549 516 515 -1 516 549 559 -1 528 542 526 -1 542 528 541 -1 541 528 561 -1 561 528 560 -1 557 546 558 -1 546 557 544 -1 550 557 554 -1 557 550 544 -1 511 543 540 -1 543 511 533 -1 533 511 537 -1 533 534 543 -1 521 555 552 -1 555 521 541 -1 561 555 541 -1 555 561 556 -1 562 563 564 -1 563 562 565 -1 566 567 568 -1 567 566 569 -1 569 566 570 -1 569 570 571 -1 572 573 574 -1 573 572 575 -1 575 572 576 -1 575 576 577 -1 578 579 580 -1 579 578 581 -1 581 578 577 -1 581 577 582 -1 582 577 576 -1 582 576 583 -1 583 576 584 -1 583 584 585 -1 585 584 571 -1 585 571 570 -1 585 570 586 -1 587 574 588 -1 574 587 572 -1 572 587 584 -1 572 584 576 -1 565 589 563 -1 589 565 590 -1 589 590 585 -1 585 590 583 -1 591 563 592 -1 563 591 564 -1 575 593 573 -1 593 575 594 -1 594 575 577 -1 594 577 578 -1 592 566 568 -1 566 592 586 -1 586 592 595 -1 586 570 566 -1 596 597 598 -1 597 596 599 -1 597 599 582 -1 582 599 581 -1 567 600 601 -1 600 567 588 -1 602 599 596 -1 599 602 603 -1 599 603 581 -1 581 603 579 -1 598 590 565 -1 590 598 597 -1 590 597 583 -1 583 597 582 -1 574 604 605 -1 604 574 573 -1 606 607 608 -1 607 606 609 -1 607 609 604 -1 604 609 610 -1 604 610 605 -1 605 610 562 -1 605 562 600 -1 600 562 564 -1 600 564 601 -1 601 564 611 -1 611 564 591 -1 569 588 567 -1 588 569 587 -1 587 569 571 -1 587 571 584 -1 579 612 580 -1 612 579 613 -1 613 579 602 -1 602 579 603 -1 611 592 568 -1 592 611 591 -1 588 605 600 -1 605 588 574 -1 602 608 613 -1 608 602 606 -1 610 565 562 -1 565 610 598 -1 601 568 567 -1 568 601 611 -1 580 594 578 -1 594 580 593 -1 593 580 613 -1 613 580 612 -1 609 598 610 -1 598 609 596 -1 602 609 606 -1 609 602 596 -1 563 595 592 -1 595 563 585 -1 585 563 589 -1 585 586 595 -1 573 607 604 -1 607 573 593 -1 613 607 593 -1 607 613 608 -1 614 615 616 -1 615 614 617 -1 618 619 620 -1 619 618 621 -1 621 618 622 -1 621 622 623 -1 624 625 626 -1 625 624 627 -1 627 624 628 -1 627 628 629 -1 630 631 632 -1 631 630 633 -1 633 630 629 -1 633 629 634 -1 634 629 628 -1 634 628 635 -1 635 628 636 -1 635 636 637 -1 637 636 623 -1 637 623 622 -1 637 622 638 -1 639 626 640 -1 626 639 624 -1 624 639 636 -1 624 636 628 -1 617 641 615 -1 641 617 642 -1 641 642 637 -1 637 642 635 -1 643 615 644 -1 615 643 616 -1 627 645 625 -1 645 627 646 -1 646 627 629 -1 646 629 630 -1 644 618 620 -1 618 644 638 -1 638 644 647 -1 638 622 618 -1 648 649 650 -1 649 648 651 -1 649 651 634 -1 634 651 633 -1 619 652 653 -1 652 619 640 -1 654 651 648 -1 651 654 655 -1 651 655 633 -1 633 655 631 -1 650 642 617 -1 642 650 649 -1 642 649 635 -1 635 649 634 -1 626 656 657 -1 656 626 625 -1 658 659 660 -1 659 658 661 -1 659 661 656 -1 656 661 662 -1 656 662 657 -1 657 662 614 -1 657 614 652 -1 652 614 616 -1 652 616 653 -1 653 616 663 -1 663 616 643 -1 621 640 619 -1 640 621 639 -1 639 621 623 -1 639 623 636 -1 631 664 632 -1 664 631 665 -1 665 631 654 -1 654 631 655 -1 663 644 620 -1 644 663 643 -1 640 657 652 -1 657 640 626 -1 654 660 665 -1 660 654 658 -1 662 617 614 -1 617 662 650 -1 653 620 619 -1 620 653 663 -1 632 646 630 -1 646 632 645 -1 645 632 665 -1 665 632 664 -1 661 650 662 -1 650 661 648 -1 654 661 658 -1 661 654 648 -1 615 647 644 -1 647 615 637 -1 637 615 641 -1 637 638 647 -1 625 659 656 -1 659 625 645 -1 665 659 645 -1 659 665 660 -1 666 667 668 -1 667 666 669 -1 670 671 672 -1 671 670 673 -1 673 670 674 -1 673 674 675 -1 676 677 678 -1 677 676 679 -1 679 676 680 -1 679 680 681 -1 682 683 684 -1 683 682 685 -1 685 682 681 -1 685 681 686 -1 686 681 680 -1 686 680 687 -1 687 680 688 -1 687 688 689 -1 689 688 675 -1 689 675 674 -1 689 674 690 -1 691 678 692 -1 678 691 676 -1 676 691 688 -1 676 688 680 -1 669 693 667 -1 693 669 694 -1 693 694 689 -1 689 694 687 -1 695 667 696 -1 667 695 668 -1 679 697 677 -1 697 679 698 -1 698 679 681 -1 698 681 682 -1 696 670 672 -1 670 696 690 -1 690 696 699 -1 690 674 670 -1 700 701 702 -1 701 700 703 -1 701 703 686 -1 686 703 685 -1 671 704 705 -1 704 671 692 -1 706 703 700 -1 703 706 707 -1 703 707 685 -1 685 707 683 -1 702 694 669 -1 694 702 701 -1 694 701 687 -1 687 701 686 -1 678 708 709 -1 708 678 677 -1 710 711 712 -1 711 710 713 -1 711 713 708 -1 708 713 714 -1 708 714 709 -1 709 714 666 -1 709 666 704 -1 704 666 668 -1 704 668 705 -1 705 668 715 -1 715 668 695 -1 673 692 671 -1 692 673 691 -1 691 673 675 -1 691 675 688 -1 683 716 684 -1 716 683 717 -1 717 683 706 -1 706 683 707 -1 715 696 672 -1 696 715 695 -1 692 709 704 -1 709 692 678 -1 706 712 717 -1 712 706 710 -1 714 669 666 -1 669 714 702 -1 705 672 671 -1 672 705 715 -1 684 698 682 -1 698 684 697 -1 697 684 717 -1 717 684 716 -1 713 702 714 -1 702 713 700 -1 706 713 710 -1 713 706 700 -1 667 699 696 -1 699 667 689 -1 689 667 693 -1 689 690 699 -1 677 711 708 -1 711 677 697 -1 717 711 697 -1 711 717 712 -1 718 719 720 -1 719 718 721 -1 719 721 722 -1 722 721 723 -1 722 723 724 -1 724 723 725 -1 724 725 726 -1 726 725 727 -1 726 727 728 -1 728 727 729 -1 728 729 730 -1 726 731 724 -1 731 726 732 -1 733 722 734 -1 722 733 719 -1 728 735 736 -1 735 728 730 -1 731 722 724 -1 722 731 734 -1 729 737 738 -1 737 729 727 -1 739 723 721 -1 723 739 740 -1 741 719 733 -1 719 741 720 -1 723 742 725 -1 742 723 740 -1 730 738 735 -1 738 730 729 -1 739 718 743 -1 718 739 721 -1 726 736 732 -1 736 726 728 -1 743 720 741 -1 720 743 718 -1 727 742 737 -1 742 727 725 -1 731 744 734 -1 744 731 745 -1 736 746 732 -1 746 736 747 -1 737 748 738 -1 748 737 749 -1 750 740 739 -1 740 750 751 -1 751 742 740 -1 742 751 752 -1 735 747 736 -1 747 735 753 -1 738 753 735 -1 753 738 748 -1 742 749 737 -1 749 742 752 -1 744 733 734 -1 733 744 754 -1 755 739 743 -1 739 755 750 -1 754 755 756 -1 755 754 750 -1 750 754 744 -1 750 744 751 -1 751 744 745 -1 751 745 752 -1 752 745 746 -1 752 746 749 -1 749 746 747 -1 749 747 748 -1 748 747 753 -1 754 741 733 -1 741 754 756 -1 756 743 741 -1 743 756 755 -1 732 745 731 -1 745 732 746 -1 757 758 759 -1 758 757 760 -1 758 761 759 -1 761 758 762 -1 762 763 761 -1 763 762 764 -1 764 765 763 -1 765 764 766 -1 766 767 765 -1 767 766 768 -1 768 769 767 -1 769 768 770 -1 770 771 769 -1 771 770 772 -1 771 773 774 -1 773 771 772 -1 774 775 776 -1 775 774 773 -1 776 777 778 -1 777 776 775 -1 778 779 780 -1 779 778 777 -1 780 781 782 -1 781 780 779 -1 759 783 757 -1 783 759 761 -1 783 761 763 -1 783 763 765 -1 783 765 767 -1 783 767 769 -1 783 769 771 -1 783 771 774 -1 783 774 776 -1 783 776 778 -1 783 778 780 -1 783 780 782 -1 783 781 784 -1 781 783 782 -1 784 757 783 -1 757 784 760 -1 784 758 760 -1 758 784 762 -1 762 784 764 -1 764 784 766 -1 766 784 768 -1 768 784 770 -1 770 784 772 -1 772 784 773 -1 773 784 775 -1 775 784 777 -1 777 784 779 -1 779 784 781 -1 785 786 787 -1 787 788 785 -1 787 786 789 -1 789 790 787 -1 790 789 791 -1 791 792 790 -1 792 791 793 -1 793 794 792 -1 794 793 795 -1 795 796 794 -1 796 795 797 -1 797 798 796 -1 798 797 799 -1 799 800 798 -1 799 801 802 -1 802 800 799 -1 801 803 804 -1 804 802 801 -1 803 805 806 -1 806 804 803 -1 805 807 808 -1 808 806 805 -1 807 809 810 -1 810 808 807 -1 786 785 811 -1 811 789 786 -1 811 791 789 -1 811 793 791 -1 811 795 793 -1 811 797 795 -1 811 799 797 -1 811 801 799 -1 811 803 801 -1 811 805 803 -1 811 807 805 -1 811 809 807 -1 811 812 810 -1 810 809 811 -1 812 811 785 -1 785 788 812 -1 812 788 787 -1 787 790 812 -1 790 792 812 -1 792 794 812 -1 794 796 812 -1 796 798 812 -1 798 800 812 -1 800 802 812 -1 802 804 812 -1 804 806 812 -1 806 808 812 -1 808 810 812 -1 813 814 815 -1 814 813 816 -1 814 817 815 -1 817 814 818 -1 818 819 817 -1 819 818 820 -1 820 821 819 -1 821 820 822 -1 822 823 821 -1 823 822 824 -1 824 825 823 -1 825 824 826 -1 826 827 825 -1 827 826 828 -1 827 829 830 -1 829 827 828 -1 830 831 832 -1 831 830 829 -1 832 833 834 -1 833 832 831 -1 834 835 836 -1 835 834 833 -1 836 837 838 -1 837 836 835 -1 815 839 813 -1 839 815 817 -1 839 817 819 -1 839 819 821 -1 839 821 823 -1 839 823 825 -1 839 825 827 -1 839 827 830 -1 839 830 832 -1 839 832 834 -1 839 834 836 -1 839 836 838 -1 839 837 840 -1 837 839 838 -1 840 813 839 -1 813 840 816 -1 840 814 816 -1 814 840 818 -1 818 840 820 -1 820 840 822 -1 822 840 824 -1 824 840 826 -1 826 840 828 -1 828 840 829 -1 829 840 831 -1 831 840 833 -1 833 840 835 -1 835 840 837 -1 841 842 843 -1 842 841 844 -1 842 845 843 -1 845 842 846 -1 846 847 845 -1 847 846 848 -1 848 849 847 -1 849 848 850 -1 850 851 849 -1 851 850 852 -1 852 853 851 -1 853 852 854 -1 854 855 853 -1 855 854 856 -1 855 857 858 -1 857 855 856 -1 858 859 860 -1 859 858 857 -1 860 861 862 -1 861 860 859 -1 862 863 864 -1 863 862 861 -1 864 865 866 -1 865 864 863 -1 843 867 841 -1 867 843 845 -1 867 845 847 -1 867 847 849 -1 867 849 851 -1 867 851 853 -1 867 853 855 -1 867 855 858 -1 867 858 860 -1 867 860 862 -1 867 862 864 -1 867 864 866 -1 867 865 868 -1 865 867 866 -1 868 841 867 -1 841 868 844 -1 868 842 844 -1 842 868 846 -1 846 868 848 -1 848 868 850 -1 850 868 852 -1 852 868 854 -1 854 868 856 -1 856 868 857 -1 857 868 859 -1 859 868 861 -1 861 868 863 -1 863 868 865 -1 869 870 871 -1 870 869 872 -1 870 873 871 -1 873 870 874 -1 874 875 873 -1 875 874 876 -1 876 877 875 -1 877 876 878 -1 878 879 877 -1 879 878 880 -1 880 881 879 -1 881 880 882 -1 882 883 881 -1 883 882 884 -1 883 885 886 -1 885 883 884 -1 886 887 888 -1 887 886 885 -1 888 889 890 -1 889 888 887 -1 890 891 892 -1 891 890 889 -1 892 893 894 -1 893 892 891 -1 871 895 869 -1 895 871 873 -1 895 873 875 -1 895 875 877 -1 895 877 879 -1 895 879 881 -1 895 881 883 -1 895 883 886 -1 895 886 888 -1 895 888 890 -1 895 890 892 -1 895 892 894 -1 895 893 896 -1 893 895 894 -1 896 869 895 -1 869 896 872 -1 896 870 872 -1 870 896 874 -1 874 896 876 -1 876 896 878 -1 878 896 880 -1 880 896 882 -1 882 896 884 -1 884 896 885 -1 885 896 887 -1 887 896 889 -1 889 896 891 -1 891 896 893 -1 897 898 899 -1 898 897 900 -1 898 901 899 -1 901 898 902 -1 902 903 901 -1 903 902 904 -1 904 905 903 -1 905 904 906 -1 906 907 905 -1 907 906 908 -1 908 909 907 -1 909 908 910 -1 910 911 909 -1 911 910 912 -1 911 913 914 -1 913 911 912 -1 914 915 916 -1 915 914 913 -1 916 917 918 -1 917 916 915 -1 918 919 920 -1 919 918 917 -1 920 921 922 -1 921 920 919 -1 899 923 897 -1 923 899 901 -1 923 901 903 -1 923 903 905 -1 923 905 907 -1 923 907 909 -1 923 909 911 -1 923 911 914 -1 923 914 916 -1 923 916 918 -1 923 918 920 -1 923 920 922 -1 923 921 924 -1 921 923 922 -1 924 897 923 -1 897 924 900 -1 924 898 900 -1 898 924 902 -1 902 924 904 -1 904 924 906 -1 906 924 908 -1 908 924 910 -1 910 924 912 -1 912 924 913 -1 913 924 915 -1 915 924 917 -1 917 924 919 -1 919 924 921 -1 925 926 927 -1 926 925 928 -1 926 929 927 -1 929 926 930 -1 930 931 929 -1 931 930 932 -1 932 933 931 -1 933 932 934 -1 934 935 933 -1 935 934 936 -1 936 937 935 -1 937 936 938 -1 938 939 937 -1 939 938 940 -1 939 941 942 -1 941 939 940 -1 942 943 944 -1 943 942 941 -1 944 945 946 -1 945 944 943 -1 946 947 948 -1 947 946 945 -1 948 949 950 -1 949 948 947 -1 927 951 925 -1 951 927 929 -1 951 929 931 -1 951 931 933 -1 951 933 935 -1 951 935 937 -1 951 937 939 -1 951 939 942 -1 951 942 944 -1 951 944 946 -1 951 946 948 -1 951 948 950 -1 951 949 952 -1 949 951 950 -1 952 925 951 -1 925 952 928 -1 952 926 928 -1 926 952 930 -1 930 952 932 -1 932 952 934 -1 934 952 936 -1 936 952 938 -1 938 952 940 -1 940 952 941 -1 941 952 943 -1 943 952 945 -1 945 952 947 -1 947 952 949 -1 953 954 955 -1 954 953 956 -1 954 957 955 -1 957 954 958 -1 958 959 957 -1 959 958 960 -1 960 961 959 -1 961 960 962 -1 962 963 961 -1 963 962 964 -1 964 965 963 -1 965 964 966 -1 966 967 965 -1 967 966 968 -1 967 969 970 -1 969 967 968 -1 970 971 972 -1 971 970 969 -1 972 973 974 -1 973 972 971 -1 974 975 976 -1 975 974 973 -1 976 977 978 -1 977 976 975 -1 955 979 953 -1 979 955 957 -1 979 957 959 -1 979 959 961 -1 979 961 963 -1 979 963 965 -1 979 965 967 -1 979 967 970 -1 979 970 972 -1 979 972 974 -1 979 974 976 -1 979 976 978 -1 979 977 980 -1 977 979 978 -1 980 953 979 -1 953 980 956 -1 980 954 956 -1 954 980 958 -1 958 980 960 -1 960 980 962 -1 962 980 964 -1 964 980 966 -1 966 980 968 -1 968 980 969 -1 969 980 971 -1 971 980 973 -1 973 980 975 -1 975 980 977 -1 981 982 983 -1 982 981 984 -1 982 985 983 -1 985 982 986 -1 986 987 985 -1 987 986 988 -1 988 989 987 -1 989 988 990 -1 990 991 989 -1 991 990 992 -1 992 993 991 -1 993 992 994 -1 994 995 993 -1 995 994 996 -1 995 997 998 -1 997 995 996 -1 998 999 1000 -1 999 998 997 -1 1000 1001 1002 -1 1001 1000 999 -1 1002 1003 1004 -1 1003 1002 1001 -1 1004 1005 1006 -1 1005 1004 1003 -1 983 1007 981 -1 1007 983 985 -1 1007 985 987 -1 1007 987 989 -1 1007 989 991 -1 1007 991 993 -1 1007 993 995 -1 1007 995 998 -1 1007 998 1000 -1 1007 1000 1002 -1 1007 1002 1004 -1 1007 1004 1006 -1 1007 1005 1008 -1 1005 1007 1006 -1 1008 981 1007 -1 981 1008 984 -1 1008 982 984 -1 982 1008 986 -1 986 1008 988 -1 988 1008 990 -1 990 1008 992 -1 992 1008 994 -1 994 1008 996 -1 996 1008 997 -1 997 1008 999 -1 999 1008 1001 -1 1001 1008 1003 -1 1003 1008 1005 -1 1009 1010 1011 -1 1011 1012 1009 -1 1013 1014 1015 -1 1015 1016 1013 -1 1016 1017 1013 -1 1017 1018 1013 -1 1018 1019 1013 -1 1018 1012 1019 -1 1012 1011 1019 -1 1016 1015 1020 -1 1014 1021 1022 -1 1022 1023 1014 -1 1022 1024 1023 -1 1023 1025 1014 -1 1026 1027 1028 -1 1021 1029 1030 -1 1030 1027 1021 -1 1027 1022 1021 -1 1030 1028 1027 -1 1030 1031 1028 -1 1032 1021 1014 -1 1014 1013 1032 -1 1016 1020 1033 -1 1034 1035 1036 -1 1036 1020 1034 -1 1020 1037 1034 -1 1020 1025 1037 -1 1020 1014 1025 -1 1020 1015 1014 -1 1033 1021 1032 -1 1032 1038 1033 -1 1032 1039 1038 -1 1032 1040 1039 -1 1040 1009 1039 -1 1040 1010 1009 -1 1017 1038 1039 -1 1039 1012 1017 -1 1012 1018 1017 -1 1012 1039 1009 -1 1011 1010 1040 -1 1040 1032 1011 -1 1032 1013 1011 -1 1013 1019 1011 -1 1016 1033 1038 -1 1038 1017 1016 -1 1041 1042 1043 -1 1043 1044 1041 -1 1044 1045 1034 -1 1034 1041 1044 -1 1034 1046 1041 -1 1034 1037 1046 -1 1035 1030 1029 -1 1029 1047 1035 -1 1047 1036 1035 -1 1027 1043 1042 -1 1042 1022 1027 -1 1045 1028 1031 -1 1031 1034 1045 -1 1028 1045 1044 -1 1044 1026 1028 -1 1043 1027 1026 -1 1026 1044 1043 -1 1024 1022 1042 -1 1042 1041 1024 -1 1024 1041 1046 -1 1046 1023 1024 -1 1037 1025 1023 -1 1023 1046 1037 -1 1036 1047 1033 -1 1033 1016 1036 -1 1016 1020 1036 -1 1031 1030 1035 -1 1035 1034 1031 -1 1047 1029 1021 -1 1021 1033 1047 -1 1048 1049 1050 -1 1050 1051 1048 -1 1050 1052 1051 -1 1052 1053 1051 -1 1052 1054 1053 -1 1054 1055 1053 -1 1054 1056 1055 -1 1056 1057 1055 -1 1056 1058 1057 -1 1058 1059 1057 -1 1058 1060 1059 -1 1060 1061 1059 -1 1060 1062 1061 -1 1062 1063 1061 -1 1062 1064 1063 -1 1064 1065 1063 -1 1064 1066 1065 -1 1066 1067 1065 -1 1066 1068 1067 -1 1068 1069 1067 -1 1068 1070 1069 -1 1070 1071 1069 -1 1072 1073 1074 -1 1074 1075 1072 -1 1072 1076 1077 -1 1077 1073 1072 -1 1076 1078 1079 -1 1079 1077 1076 -1 1080 1081 1082 -1 1082 1083 1080 -1 1084 1072 1075 -1 1075 1085 1084 -1 1084 1086 1076 -1 1076 1072 1084 -1 1086 1087 1078 -1 1078 1076 1086 -1 1081 1088 1089 -1 1089 1082 1081 -1 1090 1084 1085 -1 1085 1091 1090 -1 1092 1086 1084 -1 1084 1090 1092 -1 1092 1093 1087 -1 1087 1086 1092 -1 1088 1094 1095 -1 1095 1089 1088 -1 1096 1090 1091 -1 1091 1097 1096 -1 1098 1092 1090 -1 1090 1096 1098 -1 1098 1099 1093 -1 1093 1092 1098 -1 1100 1101 1095 -1 1095 1094 1100 -1 1102 1096 1097 -1 1097 1103 1102 -1 1102 1104 1098 -1 1098 1096 1102 -1 1104 1105 1099 -1 1099 1098 1104 -1 1106 1107 1101 -1 1101 1100 1106 -1 1108 1102 1103 -1 1103 1109 1108 -1 1110 1083 1082 -1 1082 1111 1110 -1 1082 1089 1111 -1 1089 1095 1111 -1 1095 1112 1111 -1 1095 1101 1112 -1 1101 1113 1112 -1 1101 1107 1113 -1 1107 1114 1113 -1 1107 1115 1114 -1 1115 1116 1114 -1 1115 1117 1116 -1 1117 1118 1116 -1 1117 1119 1118 -1 1119 1120 1118 -1 1119 1121 1120 -1 1121 1122 1120 -1 1121 1123 1122 -1 1123 1124 1122 -1 1123 1125 1124 -1 1125 1126 1124 -1 1125 1127 1126 -1 1128 1115 1107 -1 1107 1106 1128 -1 1108 1129 1104 -1 1104 1102 1108 -1 1129 1130 1105 -1 1105 1104 1129 -1 1131 1117 1115 -1 1115 1128 1131 -1 1132 1133 1129 -1 1129 1108 1132 -1 1133 1134 1130 -1 1130 1129 1133 -1 1132 1108 1109 -1 1109 1135 1132 -1 1081 1080 1136 -1 1136 1079 1081 -1 1079 1078 1081 -1 1078 1088 1081 -1 1078 1087 1088 -1 1087 1094 1088 -1 1087 1093 1094 -1 1093 1100 1094 -1 1093 1099 1100 -1 1099 1106 1100 -1 1099 1105 1106 -1 1105 1128 1106 -1 1105 1130 1128 -1 1130 1131 1128 -1 1130 1134 1131 -1 1134 1137 1131 -1 1137 1138 1131 -1 1137 1139 1138 -1 1139 1140 1138 -1 1139 1141 1140 -1 1141 1142 1140 -1 1141 1143 1142 -1 1143 1144 1142 -1 1143 1145 1144 -1 1136 1146 1147 -1 1147 1079 1136 -1 1146 1148 1147 -1 1146 1149 1148 -1 1149 1150 1148 -1 1149 1151 1150 -1 1151 1152 1150 -1 1151 1153 1152 -1 1153 1154 1152 -1 1153 1155 1154 -1 1155 1156 1154 -1 1155 1157 1156 -1 1155 1158 1157 -1 1158 1159 1157 -1 1158 1160 1159 -1 1160 1161 1159 -1 1160 1162 1161 -1 1162 1163 1161 -1 1162 1164 1163 -1 1164 1165 1163 -1 1164 1166 1165 -1 1166 1145 1165 -1 1166 1144 1145 -1 1166 1167 1144 -1 1075 1074 1168 -1 1168 1085 1075 -1 1168 1049 1085 -1 1049 1048 1085 -1 1048 1051 1085 -1 1051 1091 1085 -1 1051 1053 1091 -1 1053 1097 1091 -1 1053 1055 1097 -1 1055 1103 1097 -1 1055 1057 1103 -1 1057 1109 1103 -1 1057 1059 1109 -1 1059 1135 1109 -1 1059 1061 1135 -1 1061 1063 1135 -1 1063 1169 1135 -1 1063 1065 1169 -1 1065 1170 1169 -1 1065 1067 1170 -1 1067 1171 1170 -1 1067 1069 1171 -1 1069 1172 1171 -1 1069 1071 1172 -1 1049 1168 1173 -1 1173 1050 1049 -1 1173 1052 1050 -1 1173 1174 1052 -1 1174 1054 1052 -1 1174 1175 1054 -1 1175 1056 1054 -1 1175 1176 1056 -1 1176 1058 1056 -1 1176 1177 1058 -1 1177 1060 1058 -1 1177 1062 1060 -1 1177 1178 1062 -1 1178 1064 1062 -1 1178 1179 1064 -1 1179 1066 1064 -1 1179 1180 1066 -1 1180 1068 1066 -1 1180 1181 1068 -1 1181 1070 1068 -1 1181 1182 1070 -1 1182 1071 1070 -1 1182 1172 1071 -1 1182 1183 1172 -1 1184 1169 1170 -1 1170 1185 1184 -1 1186 1184 1185 -1 1185 1187 1186 -1 1187 1139 1137 -1 1137 1186 1187 -1 1140 1121 1119 -1 1119 1138 1140 -1 1185 1170 1171 -1 1171 1188 1185 -1 1187 1185 1188 -1 1188 1189 1187 -1 1141 1139 1187 -1 1187 1189 1141 -1 1123 1121 1140 -1 1140 1142 1123 -1 1132 1135 1169 -1 1169 1184 1132 -1 1186 1137 1134 -1 1134 1133 1186 -1 1184 1186 1133 -1 1133 1132 1184 -1 1138 1119 1117 -1 1117 1131 1138 -1 1158 1118 1120 -1 1120 1160 1158 -1 1190 1157 1159 -1 1159 1191 1190 -1 1192 1190 1191 -1 1191 1193 1192 -1 1179 1178 1192 -1 1192 1193 1179 -1 1125 1123 1142 -1 1142 1144 1125 -1 1194 1189 1188 -1 1188 1195 1194 -1 1143 1141 1189 -1 1189 1194 1143 -1 1183 1182 1196 -1 1196 1197 1183 -1 1198 1199 1197 -1 1197 1196 1198 -1 1165 1145 1199 -1 1199 1198 1165 -1 1126 1127 1167 -1 1167 1166 1126 -1 1181 1180 1200 -1 1200 1201 1181 -1 1201 1200 1202 -1 1202 1203 1201 -1 1163 1203 1202 -1 1202 1161 1163 -1 1122 1124 1164 -1 1164 1162 1122 -1 1182 1181 1201 -1 1201 1196 1182 -1 1198 1196 1201 -1 1201 1203 1198 -1 1165 1198 1203 -1 1203 1163 1165 -1 1124 1126 1166 -1 1166 1164 1124 -1 1188 1171 1172 -1 1172 1195 1188 -1 1199 1194 1195 -1 1195 1197 1199 -1 1145 1143 1194 -1 1194 1199 1145 -1 1127 1125 1144 -1 1144 1167 1127 -1 1195 1172 1183 -1 1183 1197 1195 -1 1180 1179 1193 -1 1193 1200 1180 -1 1200 1193 1191 -1 1191 1202 1200 -1 1191 1159 1161 -1 1161 1202 1191 -1 1160 1120 1122 -1 1122 1162 1160 -1 1136 1080 1083 -1 1083 1110 1136 -1 1204 1077 1079 -1 1079 1147 1204 -1 1205 1073 1077 -1 1077 1204 1205 -1 1074 1073 1205 -1 1205 1168 1074 -1 1146 1136 1110 -1 1110 1111 1146 -1 1206 1204 1147 -1 1147 1148 1206 -1 1207 1205 1204 -1 1204 1206 1207 -1 1168 1205 1207 -1 1207 1173 1168 -1 1149 1146 1111 -1 1111 1112 1149 -1 1208 1206 1148 -1 1148 1150 1208 -1 1207 1206 1208 -1 1208 1209 1207 -1 1173 1207 1209 -1 1209 1174 1173 -1 1149 1112 1113 -1 1113 1151 1149 -1 1208 1150 1152 -1 1152 1210 1208 -1 1209 1208 1210 -1 1210 1211 1209 -1 1174 1209 1211 -1 1211 1175 1174 -1 1151 1113 1114 -1 1114 1153 1151 -1 1210 1152 1154 -1 1154 1212 1210 -1 1211 1210 1212 -1 1212 1213 1211 -1 1175 1211 1213 -1 1213 1176 1175 -1 1153 1114 1116 -1 1116 1155 1153 -1 1212 1154 1156 -1 1156 1214 1212 -1 1213 1212 1214 -1 1214 1215 1213 -1 1176 1213 1215 -1 1215 1177 1176 -1 1155 1116 1118 -1 1118 1158 1155 -1 1214 1156 1157 -1 1157 1190 1214 -1 1215 1214 1190 -1 1190 1192 1215 -1 1177 1215 1192 -1 1192 1178 1177 -1 1216 1217 1218 -1 1217 1216 1219 -1 1219 1216 1220 -1 1220 1216 1221 -1 1222 1216 1218 -1 1216 1222 1223 -1 1224 1225 1226 -1 1225 1224 1227 -1 1225 1228 1226 -1 1228 1225 1229 -1 1230 1231 1232 -1 1231 1230 1233 -1 1231 1234 1232 -1 1234 1231 1235 -1 1236 1237 1238 -1 1237 1236 1239 -1 1240 1238 1241 -1 1238 1240 1236 -1 1240 1242 1243 -1 1242 1240 1241 -1 1243 1244 1245 -1 1244 1243 1242 -1 1245 1246 1247 -1 1246 1245 1244 -1 1247 1248 1249 -1 1248 1247 1246 -1 1249 1250 1251 -1 1250 1249 1248 -1 1252 1253 1254 -1 1253 1252 1255 -1 1254 1224 1256 -1 1224 1254 1253 -1 1256 1226 1257 -1 1226 1256 1224 -1 1226 1258 1257 -1 1258 1226 1228 -1 1259 1230 1232 -1 1230 1259 1260 -1 1232 1261 1259 -1 1261 1232 1234 -1 1262 1239 1236 -1 1239 1262 1263 -1 1264 1236 1240 -1 1236 1264 1262 -1 1264 1243 1265 -1 1243 1264 1240 -1 1265 1245 1266 -1 1245 1265 1243 -1 1266 1247 1267 -1 1247 1266 1245 -1 1267 1249 1223 -1 1249 1267 1247 -1 1223 1251 1216 -1 1251 1223 1249 -1 1268 1254 1269 -1 1254 1268 1252 -1 1269 1256 1270 -1 1256 1269 1254 -1 1270 1257 1271 -1 1257 1270 1256 -1 1257 1272 1271 -1 1272 1257 1258 -1 1273 1260 1259 -1 1260 1273 1274 -1 1259 1275 1273 -1 1275 1259 1261 -1 1276 1263 1262 -1 1263 1276 1277 -1 1278 1262 1264 -1 1262 1278 1276 -1 1278 1265 1279 -1 1265 1278 1264 -1 1279 1266 1280 -1 1266 1279 1265 -1 1280 1267 1281 -1 1267 1280 1266 -1 1281 1223 1222 -1 1223 1281 1267 -1 1282 1269 1283 -1 1269 1282 1268 -1 1283 1270 1284 -1 1270 1283 1269 -1 1284 1271 1285 -1 1271 1284 1270 -1 1285 1272 1286 -1 1272 1285 1271 -1 1287 1274 1273 -1 1274 1287 1288 -1 1287 1275 1289 -1 1275 1287 1273 -1 1290 1277 1276 -1 1277 1290 1291 -1 1292 1276 1278 -1 1276 1292 1290 -1 1292 1279 1293 -1 1279 1292 1278 -1 1293 1280 1294 -1 1280 1293 1279 -1 1294 1281 1295 -1 1281 1294 1280 -1 1295 1222 1296 -1 1222 1295 1281 -1 1296 1218 1297 -1 1218 1296 1222 -1 1298 1283 1299 -1 1283 1298 1282 -1 1299 1284 1300 -1 1284 1299 1283 -1 1300 1285 1301 -1 1285 1300 1284 -1 1301 1286 1302 -1 1286 1301 1285 -1 1303 1288 1287 -1 1288 1303 1304 -1 1303 1289 1305 -1 1289 1303 1287 -1 1306 1307 1308 -1 1307 1306 1309 -1 1306 1310 1311 -1 1310 1306 1308 -1 1311 1312 1313 -1 1312 1311 1310 -1 1313 1314 1315 -1 1314 1313 1312 -1 1315 1316 1317 -1 1316 1315 1314 -1 1316 1297 1318 -1 1297 1316 1296 -1 1312 1295 1314 -1 1295 1312 1294 -1 1308 1290 1292 -1 1290 1308 1307 -1 1307 1291 1290 -1 1291 1307 1319 -1 1317 1318 1320 -1 1318 1317 1316 -1 1309 1319 1307 -1 1319 1309 1321 -1 1322 1305 1323 -1 1305 1322 1303 -1 1324 1303 1322 -1 1303 1324 1304 -1 1314 1296 1316 -1 1296 1314 1295 -1 1325 1301 1326 -1 1301 1325 1300 -1 1326 1302 1327 -1 1302 1326 1301 -1 1310 1294 1312 -1 1294 1310 1293 -1 1328 1300 1325 -1 1300 1328 1299 -1 1308 1293 1310 -1 1293 1308 1292 -1 1329 1299 1328 -1 1299 1329 1298 -1 1330 1331 1332 -1 1331 1330 1333 -1 1334 1335 1336 -1 1335 1334 1337 -1 1337 1334 1338 -1 1338 1334 1339 -1 1255 1340 1341 -1 1340 1255 1342 -1 1342 1255 1252 -1 1342 1252 1220 -1 1220 1252 1268 -1 1220 1268 1219 -1 1219 1268 1282 -1 1219 1282 1343 -1 1343 1282 1298 -1 1343 1298 1344 -1 1344 1298 1329 -1 1344 1329 1345 -1 1345 1329 1346 -1 1345 1346 1347 -1 1347 1346 1348 -1 1348 1346 1349 -1 1348 1349 1350 -1 1350 1349 1351 -1 1350 1351 1352 -1 1352 1351 1353 -1 1352 1353 1354 -1 1354 1353 1355 -1 1354 1355 1356 -1 1356 1355 1357 -1 1340 1358 1341 -1 1358 1340 1359 -1 1358 1359 1360 -1 1360 1359 1361 -1 1360 1361 1362 -1 1362 1361 1363 -1 1362 1363 1364 -1 1364 1363 1365 -1 1364 1365 1366 -1 1366 1365 1367 -1 1366 1367 1368 -1 1368 1367 1369 -1 1368 1369 1370 -1 1368 1370 1371 -1 1371 1370 1372 -1 1371 1372 1373 -1 1373 1372 1334 -1 1373 1334 1374 -1 1374 1334 1336 -1 1374 1336 1375 -1 1375 1336 1376 -1 1375 1376 1377 -1 1377 1376 1356 -1 1377 1356 1357 -1 1378 1379 1250 -1 1379 1378 1340 -1 1340 1378 1359 -1 1359 1378 1380 -1 1381 1311 1382 -1 1311 1381 1306 -1 1383 1315 1384 -1 1315 1383 1313 -1 1385 1345 1347 -1 1345 1385 1386 -1 1386 1385 1387 -1 1386 1387 1320 -1 1382 1313 1383 -1 1313 1382 1311 -1 1384 1317 1388 -1 1317 1384 1315 -1 1388 1320 1387 -1 1320 1388 1317 -1 1389 1334 1372 -1 1334 1389 1339 -1 1339 1389 1390 -1 1339 1390 1338 -1 1391 1347 1348 -1 1347 1391 1385 -1 1385 1391 1392 -1 1385 1392 1387 -1 1393 1372 1370 -1 1372 1393 1389 -1 1389 1393 1394 -1 1389 1394 1390 -1 1381 1395 1396 -1 1395 1381 1397 -1 1397 1382 1398 -1 1382 1397 1381 -1 1396 1321 1309 -1 1321 1396 1399 -1 1381 1309 1306 -1 1309 1381 1396 -1 1386 1344 1345 -1 1344 1386 1400 -1 1400 1386 1320 -1 1400 1320 1318 -1 1230 1229 1233 -1 1229 1230 1228 -1 1228 1230 1260 -1 1228 1260 1258 -1 1258 1260 1274 -1 1258 1274 1272 -1 1272 1274 1288 -1 1272 1288 1286 -1 1286 1288 1304 -1 1286 1304 1302 -1 1302 1304 1324 -1 1302 1324 1327 -1 1327 1324 1401 -1 1327 1401 1402 -1 1402 1401 1403 -1 1403 1401 1404 -1 1403 1404 1405 -1 1405 1404 1406 -1 1405 1406 1407 -1 1407 1406 1408 -1 1407 1408 1409 -1 1409 1408 1410 -1 1409 1410 1411 -1 1411 1410 1412 -1 1229 1413 1233 -1 1413 1229 1414 -1 1413 1414 1415 -1 1415 1414 1416 -1 1415 1416 1417 -1 1417 1416 1418 -1 1417 1418 1419 -1 1419 1418 1420 -1 1419 1420 1421 -1 1421 1420 1422 -1 1421 1422 1423 -1 1423 1422 1424 -1 1423 1424 1425 -1 1423 1425 1426 -1 1426 1425 1427 -1 1426 1427 1428 -1 1428 1427 1429 -1 1428 1429 1430 -1 1430 1429 1431 -1 1430 1431 1432 -1 1432 1431 1433 -1 1432 1433 1434 -1 1434 1433 1411 -1 1434 1411 1412 -1 1435 1365 1363 -1 1365 1435 1436 -1 1436 1435 1437 -1 1436 1437 1438 -1 1401 1322 1439 -1 1322 1401 1324 -1 1439 1323 1440 -1 1323 1439 1322 -1 1441 1327 1402 -1 1327 1441 1326 -1 1442 1325 1443 -1 1325 1442 1328 -1 1443 1326 1441 -1 1326 1443 1325 -1 1346 1328 1442 -1 1328 1346 1329 -1 1437 1444 1445 -1 1444 1437 1361 -1 1361 1437 1363 -1 1363 1437 1435 -1 1250 1446 1251 -1 1446 1250 1342 -1 1342 1250 1340 -1 1340 1250 1379 -1 1239 1447 1237 -1 1447 1239 1263 -1 1447 1263 1448 -1 1448 1263 1277 -1 1448 1277 1449 -1 1449 1277 1291 -1 1449 1291 1450 -1 1450 1291 1319 -1 1450 1319 1451 -1 1451 1319 1321 -1 1451 1321 1452 -1 1452 1321 1399 -1 1452 1399 1453 -1 1453 1399 1454 -1 1453 1454 1455 -1 1455 1454 1456 -1 1455 1456 1457 -1 1457 1456 1458 -1 1457 1458 1459 -1 1459 1458 1460 -1 1459 1460 1461 -1 1461 1460 1462 -1 1251 1221 1216 -1 1221 1251 1220 -1 1220 1251 1342 -1 1342 1251 1446 -1 1463 1369 1367 -1 1369 1463 1464 -1 1464 1463 1465 -1 1464 1465 1466 -1 1398 1383 1467 -1 1383 1398 1382 -1 1467 1384 1468 -1 1384 1467 1383 -1 1468 1388 1469 -1 1388 1468 1384 -1 1469 1387 1392 -1 1387 1469 1388 -1 1351 1470 1471 -1 1470 1351 1349 -1 1471 1472 1473 -1 1472 1471 1470 -1 1473 1474 1475 -1 1474 1473 1472 -1 1475 1403 1405 -1 1403 1475 1474 -1 1476 1406 1404 -1 1406 1476 1477 -1 1477 1478 1479 -1 1478 1477 1476 -1 1395 1456 1454 -1 1456 1395 1480 -1 1397 1480 1395 -1 1480 1397 1481 -1 1481 1398 1482 -1 1398 1481 1397 -1 1482 1467 1483 -1 1467 1482 1398 -1 1483 1468 1484 -1 1468 1483 1467 -1 1484 1469 1485 -1 1469 1484 1468 -1 1485 1392 1486 -1 1392 1485 1469 -1 1352 1487 1350 -1 1487 1352 1486 -1 1486 1352 1488 -1 1488 1352 1489 -1 1490 1351 1471 -1 1351 1490 1353 -1 1491 1471 1473 -1 1471 1491 1490 -1 1492 1473 1475 -1 1473 1492 1491 -1 1407 1475 1405 -1 1475 1407 1492 -1 1477 1408 1406 -1 1408 1477 1331 -1 1332 1477 1479 -1 1477 1332 1331 -1 1487 1348 1350 -1 1348 1487 1391 -1 1391 1487 1486 -1 1391 1486 1392 -1 1480 1458 1456 -1 1458 1480 1493 -1 1481 1493 1480 -1 1493 1481 1494 -1 1495 1481 1482 -1 1481 1495 1494 -1 1496 1482 1483 -1 1482 1496 1495 -1 1497 1483 1484 -1 1483 1497 1496 -1 1498 1484 1485 -1 1484 1498 1497 -1 1488 1485 1486 -1 1485 1488 1498 -1 1499 1353 1490 -1 1353 1499 1355 -1 1500 1490 1491 -1 1490 1500 1499 -1 1501 1491 1492 -1 1491 1501 1500 -1 1409 1492 1407 -1 1492 1409 1501 -1 1331 1410 1408 -1 1410 1331 1333 -1 1472 1441 1474 -1 1441 1472 1443 -1 1349 1442 1470 -1 1442 1349 1346 -1 1470 1443 1472 -1 1443 1470 1442 -1 1464 1370 1369 -1 1370 1464 1393 -1 1393 1464 1466 -1 1393 1466 1394 -1 1474 1402 1403 -1 1402 1474 1441 -1 1439 1404 1401 -1 1404 1439 1476 -1 1476 1440 1478 -1 1440 1476 1439 -1 1354 1489 1352 -1 1489 1354 1488 -1 1488 1354 1502 -1 1502 1354 1503 -1 1436 1367 1365 -1 1367 1436 1463 -1 1463 1436 1438 -1 1463 1438 1465 -1 1445 1380 1378 -1 1380 1445 1359 -1 1359 1445 1361 -1 1361 1445 1444 -1 1396 1454 1399 -1 1454 1396 1395 -1 1504 1505 1506 -1 1505 1504 1507 -1 1508 1462 1460 -1 1462 1508 1509 -1 1510 1246 1244 -1 1246 1510 1511 -1 1512 1513 1514 -1 1513 1512 1515 -1 1509 1516 1517 -1 1516 1509 1515 -1 1462 1517 1461 -1 1517 1462 1509 -1 1518 1390 1394 -1 1390 1518 1519 -1 1368 1520 1521 -1 1520 1368 1371 -1 1521 1522 1523 -1 1522 1521 1520 -1 1524 1525 1526 -1 1525 1524 1527 -1 1528 1527 1524 -1 1527 1528 1529 -1 1530 1528 1531 -1 1528 1530 1529 -1 1455 1531 1453 -1 1531 1455 1530 -1 1532 1533 1534 -1 1533 1532 1535 -1 1428 1532 1426 -1 1532 1428 1535 -1 1511 1248 1246 -1 1248 1511 1536 -1 1537 1355 1499 -1 1355 1537 1357 -1 1253 1227 1224 -1 1227 1253 1538 -1 1539 1244 1242 -1 1244 1539 1510 -1 1540 1242 1241 -1 1242 1540 1539 -1 1541 1497 1498 -1 1497 1541 1542 -1 1543 1512 1544 -1 1512 1543 1545 -1 1255 1538 1253 -1 1538 1255 1341 -1 1546 1544 1547 -1 1544 1546 1543 -1 1430 1535 1428 -1 1535 1430 1548 -1 1545 1515 1512 -1 1515 1545 1516 -1 1507 1547 1505 -1 1547 1507 1546 -1 1526 1549 1550 -1 1549 1526 1525 -1 1550 1519 1518 -1 1519 1550 1549 -1 1505 1542 1541 -1 1542 1505 1547 -1 1506 1541 1502 -1 1541 1506 1505 -1 1551 1357 1537 -1 1357 1551 1377 -1 1552 1537 1553 -1 1537 1552 1551 -1 1554 1553 1555 -1 1553 1554 1552 -1 1433 1555 1411 -1 1555 1433 1554 -1 1556 1412 1557 -1 1412 1556 1434 -1 1558 1557 1559 -1 1557 1558 1556 -1 1543 1560 1545 -1 1560 1543 1561 -1 1546 1561 1543 -1 1561 1546 1562 -1 1507 1562 1546 -1 1562 1507 1563 -1 1504 1563 1507 -1 1563 1504 1337 -1 1564 1374 1375 -1 1374 1564 1565 -1 1566 1565 1564 -1 1565 1566 1567 -1 1568 1567 1566 -1 1567 1568 1569 -1 1429 1568 1431 -1 1568 1429 1569 -1 1432 1548 1430 -1 1548 1432 1570 -1 1571 1570 1572 -1 1570 1571 1548 -1 1459 1573 1457 -1 1573 1459 1574 -1 1574 1575 1573 -1 1575 1574 1576 -1 1560 1575 1576 -1 1575 1560 1577 -1 1561 1577 1560 -1 1577 1561 1578 -1 1562 1578 1561 -1 1578 1562 1579 -1 1563 1579 1562 -1 1579 1563 1580 -1 1337 1580 1563 -1 1580 1337 1338 -1 1373 1565 1581 -1 1565 1373 1374 -1 1581 1567 1582 -1 1567 1581 1565 -1 1582 1569 1583 -1 1569 1582 1567 -1 1583 1429 1427 -1 1429 1583 1569 -1 1551 1375 1377 -1 1375 1551 1564 -1 1552 1564 1551 -1 1564 1552 1566 -1 1554 1566 1552 -1 1566 1554 1568 -1 1431 1554 1433 -1 1554 1431 1568 -1 1434 1570 1432 -1 1570 1434 1556 -1 1572 1556 1558 -1 1556 1572 1570 -1 1461 1574 1459 -1 1574 1461 1517 -1 1517 1576 1574 -1 1576 1517 1516 -1 1545 1576 1516 -1 1576 1545 1560 -1 1502 1498 1488 -1 1498 1502 1541 -1 1584 1495 1496 -1 1495 1584 1514 -1 1494 1508 1493 -1 1508 1494 1513 -1 1542 1496 1497 -1 1496 1542 1584 -1 1493 1460 1458 -1 1460 1493 1508 -1 1557 1410 1333 -1 1410 1557 1412 -1 1559 1333 1330 -1 1333 1559 1557 -1 1513 1509 1508 -1 1509 1513 1515 -1 1553 1499 1500 -1 1499 1553 1537 -1 1514 1494 1495 -1 1494 1514 1513 -1 1238 1540 1241 -1 1540 1238 1585 -1 1555 1500 1501 -1 1500 1555 1553 -1 1411 1501 1409 -1 1501 1411 1555 -1 1544 1514 1584 -1 1514 1544 1512 -1 1547 1584 1542 -1 1584 1547 1544 -1 1535 1571 1533 -1 1571 1535 1548 -1 1457 1530 1455 -1 1530 1457 1573 -1 1573 1529 1530 -1 1529 1573 1575 -1 1529 1577 1527 -1 1577 1529 1575 -1 1527 1578 1525 -1 1578 1527 1577 -1 1525 1579 1549 -1 1579 1525 1578 -1 1549 1580 1519 -1 1580 1549 1579 -1 1519 1338 1390 -1 1338 1519 1580 -1 1371 1581 1520 -1 1581 1371 1373 -1 1520 1582 1522 -1 1582 1520 1581 -1 1522 1583 1586 -1 1583 1522 1582 -1 1586 1427 1425 -1 1427 1586 1583 -1 1536 1250 1248 -1 1250 1536 1378 -1 1237 1585 1238 -1 1585 1237 1447 -1 1587 1235 1231 -1 1235 1587 1588 -1 1413 1231 1233 -1 1231 1413 1587 -1 1589 1229 1225 -1 1229 1589 1414 -1 1590 1225 1227 -1 1225 1590 1589 -1 1591 1227 1538 -1 1227 1591 1590 -1 1358 1538 1341 -1 1538 1358 1591 -1 1592 1378 1536 -1 1378 1592 1445 -1 1593 1536 1511 -1 1536 1593 1592 -1 1594 1511 1510 -1 1511 1594 1593 -1 1595 1510 1539 -1 1510 1595 1594 -1 1596 1539 1540 -1 1539 1596 1595 -1 1585 1596 1540 -1 1596 1585 1597 -1 1447 1597 1585 -1 1597 1447 1448 -1 1598 1588 1587 -1 1588 1598 1599 -1 1413 1598 1587 -1 1598 1413 1415 -1 1600 1414 1589 -1 1414 1600 1416 -1 1601 1589 1590 -1 1589 1601 1600 -1 1602 1590 1591 -1 1590 1602 1601 -1 1360 1591 1358 -1 1591 1360 1602 -1 1603 1445 1592 -1 1445 1603 1437 -1 1604 1592 1593 -1 1592 1604 1603 -1 1605 1593 1594 -1 1593 1605 1604 -1 1606 1594 1595 -1 1594 1606 1605 -1 1607 1595 1596 -1 1595 1607 1606 -1 1597 1607 1596 -1 1607 1597 1608 -1 1448 1608 1597 -1 1608 1448 1449 -1 1609 1599 1598 -1 1599 1609 1610 -1 1415 1609 1598 -1 1609 1415 1417 -1 1611 1416 1600 -1 1416 1611 1418 -1 1612 1600 1601 -1 1600 1612 1611 -1 1613 1601 1602 -1 1601 1613 1612 -1 1362 1602 1360 -1 1602 1362 1613 -1 1603 1438 1437 -1 1438 1603 1614 -1 1604 1614 1603 -1 1614 1604 1615 -1 1605 1615 1604 -1 1615 1605 1616 -1 1606 1616 1605 -1 1616 1606 1617 -1 1607 1617 1606 -1 1617 1607 1618 -1 1608 1618 1607 -1 1618 1608 1619 -1 1449 1619 1608 -1 1619 1449 1450 -1 1609 1620 1610 -1 1620 1609 1621 -1 1417 1621 1609 -1 1621 1417 1419 -1 1611 1420 1418 -1 1420 1611 1622 -1 1612 1622 1611 -1 1622 1612 1623 -1 1613 1623 1612 -1 1623 1613 1624 -1 1362 1624 1613 -1 1624 1362 1364 -1 1614 1465 1438 -1 1465 1614 1625 -1 1615 1625 1614 -1 1625 1615 1626 -1 1616 1626 1615 -1 1626 1616 1627 -1 1617 1627 1616 -1 1627 1617 1628 -1 1618 1628 1617 -1 1628 1618 1629 -1 1619 1629 1618 -1 1629 1619 1630 -1 1450 1630 1619 -1 1630 1450 1451 -1 1621 1631 1620 -1 1631 1621 1632 -1 1419 1632 1621 -1 1632 1419 1421 -1 1622 1422 1420 -1 1422 1622 1633 -1 1623 1633 1622 -1 1633 1623 1634 -1 1624 1634 1623 -1 1634 1624 1635 -1 1364 1635 1624 -1 1635 1364 1366 -1 1625 1466 1465 -1 1466 1625 1636 -1 1626 1636 1625 -1 1636 1626 1637 -1 1627 1637 1626 -1 1637 1627 1638 -1 1628 1638 1627 -1 1638 1628 1639 -1 1629 1639 1628 -1 1639 1629 1640 -1 1630 1640 1629 -1 1640 1630 1641 -1 1451 1641 1630 -1 1641 1451 1452 -1 1632 1642 1631 -1 1642 1632 1643 -1 1421 1643 1632 -1 1643 1421 1423 -1 1633 1424 1422 -1 1424 1633 1644 -1 1634 1644 1633 -1 1644 1634 1523 -1 1635 1523 1634 -1 1523 1635 1521 -1 1366 1521 1635 -1 1521 1366 1368 -1 1636 1394 1466 -1 1394 1636 1518 -1 1637 1518 1636 -1 1518 1637 1550 -1 1638 1550 1637 -1 1550 1638 1526 -1 1639 1526 1638 -1 1526 1639 1524 -1 1640 1524 1639 -1 1524 1640 1528 -1 1531 1640 1641 -1 1640 1531 1528 -1 1453 1641 1452 -1 1641 1453 1531 -1 1643 1534 1642 -1 1534 1643 1532 -1 1423 1532 1643 -1 1532 1423 1426 -1 1644 1425 1424 -1 1425 1644 1586 -1 1523 1586 1644 -1 1586 1523 1522 -1 1645 1219 1343 -1 1219 1645 1217 -1 1217 1645 1297 -1 1217 1297 1218 -1 1400 1343 1344 -1 1343 1400 1645 -1 1645 1400 1318 -1 1645 1318 1297 -1 1356 1503 1354 -1 1503 1356 1502 -1 1502 1356 1506 -1 1506 1356 1646 -1 1376 1646 1356 -1 1646 1376 1506 -1 1506 1376 1504 -1 1504 1376 1647 -1 1336 1647 1376 -1 1647 1336 1504 -1 1504 1336 1337 -1 1337 1336 1335 -1 1648 1649 1650 -1 1649 1648 1651 -1 1648 1652 1653 -1 1652 1648 1650 -1 1653 1654 1655 -1 1654 1653 1652 -1 1656 1657 1658 -1 1657 1656 1659 -1 1660 1651 1648 -1 1651 1660 1661 -1 1660 1653 1662 -1 1653 1660 1648 -1 1662 1655 1663 -1 1655 1662 1653 -1 1658 1664 1665 -1 1664 1658 1657 -1 1666 1661 1660 -1 1661 1666 1667 -1 1668 1660 1662 -1 1660 1668 1666 -1 1668 1663 1669 -1 1663 1668 1662 -1 1665 1670 1671 -1 1670 1665 1664 -1 1672 1667 1666 -1 1667 1672 1673 -1 1674 1666 1668 -1 1666 1674 1672 -1 1674 1669 1675 -1 1669 1674 1668 -1 1676 1670 1677 -1 1670 1676 1671 -1 1678 1673 1672 -1 1673 1678 1679 -1 1678 1674 1680 -1 1674 1678 1672 -1 1680 1675 1681 -1 1675 1680 1674 -1 1682 1677 1683 -1 1677 1682 1676 -1 1684 1679 1678 -1 1679 1684 1685 -1 1686 1657 1659 -1 1657 1686 1664 -1 1664 1686 1687 -1 1664 1687 1670 -1 1670 1687 1688 -1 1670 1688 1677 -1 1677 1688 1689 -1 1677 1689 1683 -1 1683 1689 1690 -1 1683 1690 1691 -1 1691 1690 1692 -1 1691 1692 1693 -1 1693 1692 1694 -1 1693 1694 1695 -1 1695 1694 1696 -1 1695 1696 1697 -1 1697 1696 1698 -1 1697 1698 1699 -1 1699 1698 1700 -1 1699 1700 1701 -1 1701 1700 1702 -1 1701 1702 1703 -1 1704 1683 1691 -1 1683 1704 1682 -1 1684 1680 1705 -1 1680 1684 1678 -1 1705 1681 1706 -1 1681 1705 1680 -1 1707 1691 1693 -1 1691 1707 1704 -1 1708 1705 1709 -1 1705 1708 1684 -1 1709 1706 1710 -1 1706 1709 1705 -1 1708 1685 1684 -1 1685 1708 1711 -1 1658 1712 1656 -1 1712 1658 1654 -1 1654 1658 1655 -1 1655 1658 1665 -1 1655 1665 1663 -1 1663 1665 1671 -1 1663 1671 1669 -1 1669 1671 1676 -1 1669 1676 1675 -1 1675 1676 1682 -1 1675 1682 1681 -1 1681 1682 1704 -1 1681 1704 1706 -1 1706 1704 1707 -1 1706 1707 1710 -1 1710 1707 1713 -1 1713 1707 1714 -1 1713 1714 1715 -1 1715 1714 1716 -1 1715 1716 1717 -1 1717 1716 1718 -1 1717 1718 1719 -1 1719 1718 1720 -1 1719 1720 1721 -1 1712 1722 1723 -1 1722 1712 1654 -1 1723 1722 1724 -1 1723 1724 1725 -1 1725 1724 1726 -1 1725 1726 1727 -1 1727 1726 1728 -1 1727 1728 1729 -1 1729 1728 1730 -1 1729 1730 1731 -1 1731 1730 1732 -1 1731 1732 1733 -1 1731 1733 1734 -1 1734 1733 1735 -1 1734 1735 1736 -1 1736 1735 1737 -1 1736 1737 1738 -1 1738 1737 1739 -1 1738 1739 1740 -1 1740 1739 1741 -1 1740 1741 1742 -1 1742 1741 1721 -1 1742 1721 1720 -1 1742 1720 1743 -1 1651 1744 1649 -1 1744 1651 1661 -1 1744 1661 1235 -1 1235 1661 1234 -1 1234 1661 1261 -1 1261 1661 1667 -1 1261 1667 1275 -1 1275 1667 1673 -1 1275 1673 1289 -1 1289 1673 1679 -1 1289 1679 1305 -1 1305 1679 1685 -1 1305 1685 1323 -1 1323 1685 1711 -1 1323 1711 1440 -1 1440 1711 1478 -1 1478 1711 1745 -1 1478 1745 1479 -1 1479 1745 1746 -1 1479 1746 1332 -1 1332 1746 1747 -1 1332 1747 1330 -1 1330 1747 1748 -1 1330 1748 1559 -1 1235 1749 1744 -1 1749 1235 1588 -1 1749 1588 1599 -1 1749 1599 1750 -1 1750 1599 1610 -1 1750 1610 1751 -1 1751 1610 1620 -1 1751 1620 1752 -1 1752 1620 1631 -1 1752 1631 1753 -1 1753 1631 1642 -1 1753 1642 1534 -1 1753 1534 1754 -1 1754 1534 1533 -1 1754 1533 1755 -1 1755 1533 1571 -1 1755 1571 1756 -1 1756 1571 1572 -1 1756 1572 1757 -1 1757 1572 1558 -1 1757 1558 1758 -1 1758 1558 1559 -1 1758 1559 1748 -1 1758 1748 1759 -1 1760 1746 1745 -1 1746 1760 1761 -1 1762 1761 1760 -1 1761 1762 1763 -1 1763 1713 1715 -1 1713 1763 1762 -1 1716 1695 1697 -1 1695 1716 1714 -1 1761 1747 1746 -1 1747 1761 1764 -1 1763 1764 1761 -1 1764 1763 1765 -1 1717 1763 1715 -1 1763 1717 1765 -1 1699 1716 1697 -1 1716 1699 1718 -1 1708 1745 1711 -1 1745 1708 1760 -1 1762 1710 1713 -1 1710 1762 1709 -1 1760 1709 1762 -1 1709 1760 1708 -1 1714 1693 1695 -1 1693 1714 1707 -1 1734 1696 1694 -1 1696 1734 1736 -1 1766 1735 1733 -1 1735 1766 1767 -1 1768 1767 1766 -1 1767 1768 1769 -1 1755 1768 1754 -1 1768 1755 1769 -1 1701 1718 1699 -1 1718 1701 1720 -1 1770 1764 1765 -1 1764 1770 1771 -1 1719 1765 1717 -1 1765 1719 1770 -1 1759 1772 1758 -1 1772 1759 1773 -1 1774 1773 1775 -1 1773 1774 1772 -1 1741 1775 1721 -1 1775 1741 1774 -1 1702 1743 1703 -1 1743 1702 1742 -1 1757 1776 1756 -1 1776 1757 1777 -1 1777 1778 1776 -1 1778 1777 1779 -1 1739 1778 1779 -1 1778 1739 1737 -1 1698 1740 1700 -1 1740 1698 1738 -1 1758 1777 1757 -1 1777 1758 1772 -1 1774 1777 1772 -1 1777 1774 1779 -1 1741 1779 1774 -1 1779 1741 1739 -1 1702 1740 1742 -1 1740 1702 1700 -1 1764 1748 1747 -1 1748 1764 1771 -1 1775 1771 1770 -1 1771 1775 1773 -1 1721 1770 1719 -1 1770 1721 1775 -1 1703 1720 1701 -1 1720 1703 1743 -1 1771 1759 1748 -1 1759 1771 1773 -1 1756 1769 1755 -1 1769 1756 1776 -1 1776 1767 1769 -1 1767 1776 1778 -1 1767 1737 1735 -1 1737 1767 1778 -1 1736 1698 1696 -1 1698 1736 1738 -1 1712 1659 1656 -1 1659 1712 1686 -1 1780 1654 1652 -1 1654 1780 1722 -1 1781 1652 1650 -1 1652 1781 1780 -1 1649 1781 1650 -1 1781 1649 1744 -1 1723 1686 1712 -1 1686 1723 1687 -1 1782 1722 1780 -1 1722 1782 1724 -1 1783 1780 1781 -1 1780 1783 1782 -1 1744 1783 1781 -1 1783 1744 1749 -1 1725 1687 1723 -1 1687 1725 1688 -1 1784 1724 1782 -1 1724 1784 1726 -1 1783 1784 1782 -1 1784 1783 1785 -1 1749 1785 1783 -1 1785 1749 1750 -1 1725 1689 1688 -1 1689 1725 1727 -1 1784 1728 1726 -1 1728 1784 1786 -1 1785 1786 1784 -1 1786 1785 1787 -1 1750 1787 1785 -1 1787 1750 1751 -1 1727 1690 1689 -1 1690 1727 1729 -1 1786 1730 1728 -1 1730 1786 1788 -1 1787 1788 1786 -1 1788 1787 1789 -1 1751 1789 1787 -1 1789 1751 1752 -1 1729 1692 1690 -1 1692 1729 1731 -1 1788 1732 1730 -1 1732 1788 1790 -1 1789 1790 1788 -1 1790 1789 1791 -1 1752 1791 1789 -1 1791 1752 1753 -1 1731 1694 1692 -1 1694 1731 1734 -1 1790 1733 1732 -1 1733 1790 1766 -1 1791 1766 1790 -1 1766 1791 1768 -1 1754 1791 1753 -1 1791 1754 1768 -1 1792 1793 1794 -1 1794 1795 1792 -1 1795 1796 1792 -1 1796 1797 1792 -1 1798 1793 1792 -1 1792 1799 1798 -1 1800 1801 1802 -1 1802 1803 1800 -1 1802 1801 1804 -1 1804 1805 1802 -1 1806 1807 1808 -1 1808 1809 1806 -1 1808 1807 1810 -1 1810 1811 1808 -1 1812 1813 1814 -1 1814 1815 1812 -1 1816 1817 1813 -1 1813 1812 1816 -1 1816 1818 1819 -1 1819 1817 1816 -1 1818 1820 1821 -1 1821 1819 1818 -1 1820 1822 1823 -1 1823 1821 1820 -1 1822 1824 1825 -1 1825 1823 1822 -1 1824 1826 1827 -1 1827 1825 1824 -1 1828 1829 1830 -1 1830 1831 1828 -1 1829 1832 1800 -1 1800 1830 1829 -1 1832 1833 1801 -1 1801 1800 1832 -1 1801 1833 1834 -1 1834 1804 1801 -1 1835 1807 1806 -1 1806 1836 1835 -1 1807 1835 1837 -1 1837 1810 1807 -1 1838 1812 1815 -1 1815 1839 1838 -1 1840 1816 1812 -1 1812 1838 1840 -1 1840 1841 1818 -1 1818 1816 1840 -1 1841 1842 1820 -1 1820 1818 1841 -1 1842 1843 1822 -1 1822 1820 1842 -1 1843 1799 1824 -1 1824 1822 1843 -1 1799 1792 1826 -1 1826 1824 1799 -1 1844 1845 1829 -1 1829 1828 1844 -1 1845 1846 1832 -1 1832 1829 1845 -1 1846 1847 1833 -1 1833 1832 1846 -1 1833 1847 1848 -1 1848 1834 1833 -1 1849 1835 1836 -1 1836 1850 1849 -1 1835 1849 1851 -1 1851 1837 1835 -1 1852 1838 1839 -1 1839 1853 1852 -1 1854 1840 1838 -1 1838 1852 1854 -1 1854 1855 1841 -1 1841 1840 1854 -1 1855 1856 1842 -1 1842 1841 1855 -1 1856 1857 1843 -1 1843 1842 1856 -1 1857 1798 1799 -1 1799 1843 1857 -1 1858 1859 1845 -1 1845 1844 1858 -1 1859 1860 1846 -1 1846 1845 1859 -1 1860 1861 1847 -1 1847 1846 1860 -1 1861 1862 1848 -1 1848 1847 1861 -1 1863 1849 1850 -1 1850 1864 1863 -1 1863 1865 1851 -1 1851 1849 1863 -1 1866 1852 1853 -1 1853 1867 1866 -1 1868 1854 1852 -1 1852 1866 1868 -1 1868 1869 1855 -1 1855 1854 1868 -1 1869 1870 1856 -1 1856 1855 1869 -1 1870 1871 1857 -1 1857 1856 1870 -1 1871 1872 1798 -1 1798 1857 1871 -1 1872 1873 1793 -1 1793 1798 1872 -1 1874 1875 1859 -1 1859 1858 1874 -1 1875 1876 1860 -1 1860 1859 1875 -1 1876 1877 1861 -1 1861 1860 1876 -1 1877 1878 1862 -1 1862 1861 1877 -1 1879 1863 1864 -1 1864 1880 1879 -1 1879 1881 1865 -1 1865 1863 1879 -1 1882 1883 1884 -1 1884 1885 1882 -1 1882 1886 1887 -1 1887 1883 1882 -1 1886 1888 1889 -1 1889 1887 1886 -1 1888 1890 1891 -1 1891 1889 1888 -1 1890 1892 1893 -1 1893 1891 1890 -1 1893 1894 1873 -1 1873 1872 1893 -1 1889 1891 1871 -1 1871 1870 1889 -1 1883 1868 1866 -1 1866 1884 1883 -1 1884 1866 1867 -1 1867 1895 1884 -1 1892 1896 1894 -1 1894 1893 1892 -1 1885 1884 1895 -1 1895 1897 1885 -1 1898 1899 1881 -1 1881 1879 1898 -1 1900 1898 1879 -1 1879 1880 1900 -1 1891 1893 1872 -1 1872 1871 1891 -1 1901 1902 1877 -1 1877 1876 1901 -1 1902 1903 1878 -1 1878 1877 1902 -1 1887 1889 1870 -1 1870 1869 1887 -1 1904 1901 1876 -1 1876 1875 1904 -1 1883 1887 1869 -1 1869 1868 1883 -1 1905 1904 1875 -1 1875 1874 1905 -1 1906 1907 1908 -1 1908 1909 1906 -1 1910 1911 1912 -1 1912 1913 1910 -1 1913 1914 1910 -1 1914 1915 1910 -1 1831 1916 1917 -1 1917 1918 1831 -1 1918 1828 1831 -1 1918 1796 1828 -1 1796 1844 1828 -1 1796 1795 1844 -1 1795 1858 1844 -1 1795 1919 1858 -1 1919 1874 1858 -1 1919 1920 1874 -1 1920 1905 1874 -1 1920 1921 1905 -1 1921 1922 1905 -1 1921 1923 1922 -1 1923 1924 1922 -1 1924 1925 1922 -1 1924 1926 1925 -1 1926 1927 1925 -1 1926 1928 1927 -1 1928 1929 1927 -1 1928 1930 1929 -1 1930 1931 1929 -1 1930 1932 1931 -1 1932 1933 1931 -1 1917 1916 1934 -1 1934 1935 1917 -1 1934 1936 1935 -1 1936 1937 1935 -1 1936 1938 1937 -1 1938 1939 1937 -1 1938 1940 1939 -1 1940 1941 1939 -1 1940 1942 1941 -1 1942 1943 1941 -1 1942 1944 1943 -1 1944 1945 1943 -1 1944 1946 1945 -1 1944 1947 1946 -1 1947 1948 1946 -1 1947 1949 1948 -1 1949 1910 1948 -1 1949 1950 1910 -1 1950 1911 1910 -1 1950 1951 1911 -1 1951 1952 1911 -1 1951 1953 1952 -1 1953 1932 1952 -1 1953 1933 1932 -1 1954 1827 1955 -1 1955 1917 1954 -1 1917 1935 1954 -1 1935 1956 1954 -1 1957 1958 1886 -1 1886 1882 1957 -1 1959 1960 1890 -1 1890 1888 1959 -1 1961 1923 1921 -1 1921 1962 1961 -1 1962 1963 1961 -1 1962 1896 1963 -1 1958 1959 1888 -1 1888 1886 1958 -1 1960 1964 1892 -1 1892 1890 1960 -1 1964 1963 1896 -1 1896 1892 1964 -1 1965 1948 1910 -1 1910 1915 1965 -1 1915 1966 1965 -1 1915 1914 1966 -1 1967 1924 1923 -1 1923 1961 1967 -1 1961 1968 1967 -1 1961 1963 1968 -1 1969 1946 1948 -1 1948 1965 1969 -1 1965 1970 1969 -1 1965 1966 1970 -1 1957 1971 1972 -1 1972 1973 1957 -1 1973 1974 1958 -1 1958 1957 1973 -1 1971 1885 1897 -1 1897 1975 1971 -1 1957 1882 1885 -1 1885 1971 1957 -1 1962 1921 1920 -1 1920 1976 1962 -1 1976 1896 1962 -1 1976 1894 1896 -1 1806 1809 1805 -1 1805 1804 1806 -1 1804 1836 1806 -1 1804 1834 1836 -1 1834 1850 1836 -1 1834 1848 1850 -1 1848 1864 1850 -1 1848 1862 1864 -1 1862 1880 1864 -1 1862 1878 1880 -1 1878 1900 1880 -1 1878 1903 1900 -1 1903 1977 1900 -1 1903 1978 1977 -1 1978 1979 1977 -1 1979 1980 1977 -1 1979 1981 1980 -1 1981 1982 1980 -1 1981 1983 1982 -1 1983 1984 1982 -1 1983 1985 1984 -1 1985 1986 1984 -1 1985 1987 1986 -1 1987 1988 1986 -1 1805 1809 1989 -1 1989 1990 1805 -1 1989 1991 1990 -1 1991 1992 1990 -1 1991 1993 1992 -1 1993 1994 1992 -1 1993 1995 1994 -1 1995 1996 1994 -1 1995 1997 1996 -1 1997 1998 1996 -1 1997 1999 1998 -1 1999 2000 1998 -1 1999 2001 2000 -1 1999 2002 2001 -1 2002 2003 2001 -1 2002 2004 2003 -1 2004 2005 2003 -1 2004 2006 2005 -1 2006 2007 2005 -1 2006 2008 2007 -1 2008 2009 2007 -1 2008 2010 2009 -1 2010 1987 2009 -1 2010 1988 1987 -1 2011 1939 1941 -1 1941 2012 2011 -1 2012 2013 2011 -1 2012 2014 2013 -1 1977 2015 1898 -1 1898 1900 1977 -1 2015 2016 1899 -1 1899 1898 2015 -1 2017 1978 1903 -1 1903 1902 2017 -1 2018 2019 1901 -1 1901 1904 2018 -1 2019 2017 1902 -1 1902 1901 2019 -1 1922 2018 1904 -1 1904 1905 1922 -1 2013 2020 2021 -1 2021 1937 2013 -1 1937 1939 2013 -1 1939 2011 2013 -1 1827 1826 2022 -1 2022 1918 1827 -1 1918 1917 1827 -1 1917 1955 1827 -1 1815 1814 2023 -1 2023 1839 1815 -1 2023 2024 1839 -1 2024 1853 1839 -1 2024 2025 1853 -1 2025 1867 1853 -1 2025 2026 1867 -1 2026 1895 1867 -1 2026 2027 1895 -1 2027 1897 1895 -1 2027 2028 1897 -1 2028 1975 1897 -1 2028 2029 1975 -1 2029 2030 1975 -1 2029 2031 2030 -1 2031 2032 2030 -1 2031 2033 2032 -1 2033 2034 2032 -1 2033 2035 2034 -1 2035 2036 2034 -1 2035 2037 2036 -1 2037 2038 2036 -1 1826 1792 1797 -1 1797 1796 1826 -1 1796 1918 1826 -1 1918 2022 1826 -1 2039 1943 1945 -1 1945 2040 2039 -1 2040 2041 2039 -1 2040 2042 2041 -1 1974 2043 1959 -1 1959 1958 1974 -1 2043 2044 1960 -1 1960 1959 2043 -1 2044 2045 1964 -1 1964 1960 2044 -1 2045 1968 1963 -1 1963 1964 2045 -1 1927 2046 2047 -1 2047 1925 1927 -1 2046 2048 2049 -1 2049 2047 2046 -1 2048 2050 2051 -1 2051 2049 2048 -1 2050 1981 1979 -1 1979 2051 2050 -1 2052 1980 1982 -1 1982 2053 2052 -1 2053 2054 2055 -1 2055 2052 2053 -1 1972 2030 2032 -1 2032 2056 1972 -1 1973 1972 2056 -1 2056 2057 1973 -1 2057 2058 1974 -1 1974 1973 2057 -1 2058 2059 2043 -1 2043 1974 2058 -1 2059 2060 2044 -1 2044 2043 2059 -1 2060 2061 2045 -1 2045 2044 2060 -1 2061 2062 1968 -1 1968 2045 2061 -1 1928 1926 2063 -1 2063 2062 1928 -1 2062 2064 1928 -1 2064 2065 1928 -1 2066 2046 1927 -1 1927 1929 2066 -1 2067 2048 2046 -1 2046 2066 2067 -1 2068 2050 2048 -1 2048 2067 2068 -1 1983 1981 2050 -1 2050 2068 1983 -1 2053 1982 1984 -1 1984 1908 2053 -1 1907 2054 2053 -1 2053 1908 1907 -1 2063 1926 1924 -1 1924 1967 2063 -1 1967 2062 2063 -1 1967 1968 2062 -1 2056 2032 2034 -1 2034 2069 2056 -1 2057 2056 2069 -1 2069 2070 2057 -1 2071 2058 2057 -1 2057 2070 2071 -1 2072 2059 2058 -1 2058 2071 2072 -1 2073 2060 2059 -1 2059 2072 2073 -1 2074 2061 2060 -1 2060 2073 2074 -1 2064 2062 2061 -1 2061 2074 2064 -1 2075 2066 1929 -1 1929 1931 2075 -1 2076 2067 2066 -1 2066 2075 2076 -1 2077 2068 2067 -1 2067 2076 2077 -1 1985 1983 2068 -1 2068 2077 1985 -1 1908 1984 1986 -1 1986 1909 1908 -1 2049 2051 2017 -1 2017 2019 2049 -1 1925 2047 2018 -1 2018 1922 1925 -1 2047 2049 2019 -1 2019 2018 2047 -1 2040 1945 1946 -1 1946 1969 2040 -1 1969 2042 2040 -1 1969 1970 2042 -1 2051 1979 1978 -1 1978 2017 2051 -1 2015 1977 1980 -1 1980 2052 2015 -1 2052 2055 2016 -1 2016 2015 2052 -1 1930 1928 2065 -1 2065 2064 1930 -1 2064 2078 1930 -1 2078 2079 1930 -1 2012 1941 1943 -1 1943 2039 2012 -1 2039 2014 2012 -1 2039 2041 2014 -1 2020 1954 1956 -1 1956 1935 2020 -1 1935 1937 2020 -1 1937 2021 2020 -1 1971 1975 2030 -1 2030 1972 1971 -1 2080 2081 2082 -1 2082 2083 2080 -1 2084 2036 2038 -1 2038 2085 2084 -1 2086 1821 1823 -1 1823 2087 2086 -1 2088 2089 2090 -1 2090 2091 2088 -1 2085 2092 2093 -1 2093 2091 2085 -1 2038 2037 2092 -1 2092 2085 2038 -1 2094 1970 1966 -1 1966 2095 2094 -1 1944 2096 2097 -1 2097 1947 1944 -1 2096 2098 2099 -1 2099 2097 2096 -1 2100 2101 2102 -1 2102 2103 2100 -1 2104 2100 2103 -1 2103 2105 2104 -1 2106 2107 2104 -1 2104 2105 2106 -1 2031 2029 2107 -1 2107 2106 2031 -1 2108 2109 2110 -1 2110 2111 2108 -1 2004 2002 2108 -1 2108 2111 2004 -1 2087 1823 1825 -1 1825 2112 2087 -1 2113 2075 1931 -1 1931 1933 2113 -1 1830 1800 1803 -1 1803 2114 1830 -1 2115 1819 1821 -1 1821 2086 2115 -1 2116 1817 1819 -1 1819 2115 2116 -1 2117 2074 2073 -1 2073 2118 2117 -1 2119 2120 2088 -1 2088 2121 2119 -1 1831 1830 2114 -1 2114 1916 1831 -1 2122 2123 2120 -1 2120 2119 2122 -1 2006 2004 2111 -1 2111 2124 2006 -1 2121 2088 2091 -1 2091 2093 2121 -1 2083 2082 2123 -1 2123 2122 2083 -1 2101 2125 2126 -1 2126 2102 2101 -1 2125 2094 2095 -1 2095 2126 2125 -1 2082 2117 2118 -1 2118 2123 2082 -1 2081 2078 2117 -1 2117 2082 2081 -1 2127 2113 1933 -1 1933 1953 2127 -1 2128 2129 2113 -1 2113 2127 2128 -1 2130 2131 2129 -1 2129 2128 2130 -1 2009 1987 2131 -1 2131 2130 2009 -1 2132 2133 1988 -1 1988 2010 2132 -1 2134 2135 2133 -1 2133 2132 2134 -1 2119 2121 2136 -1 2136 2137 2119 -1 2122 2119 2137 -1 2137 2138 2122 -1 2083 2122 2138 -1 2138 2139 2083 -1 2080 2083 2139 -1 2139 1913 2080 -1 2140 1951 1950 -1 1950 2141 2140 -1 2142 2140 2141 -1 2141 2143 2142 -1 2144 2142 2143 -1 2143 2145 2144 -1 2005 2007 2144 -1 2144 2145 2005 -1 2008 2006 2124 -1 2124 2146 2008 -1 2147 2148 2146 -1 2146 2124 2147 -1 2035 2033 2149 -1 2149 2150 2035 -1 2150 2149 2151 -1 2151 2152 2150 -1 2136 2152 2151 -1 2151 2153 2136 -1 2137 2136 2153 -1 2153 2154 2137 -1 2138 2137 2154 -1 2154 2155 2138 -1 2139 2138 2155 -1 2155 2156 2139 -1 1913 2139 2156 -1 2156 1914 1913 -1 1949 2157 2141 -1 2141 1950 1949 -1 2157 2158 2143 -1 2143 2141 2157 -1 2158 2159 2145 -1 2145 2143 2158 -1 2159 2003 2005 -1 2005 2145 2159 -1 2127 1953 1951 -1 1951 2140 2127 -1 2128 2127 2140 -1 2140 2142 2128 -1 2130 2128 2142 -1 2142 2144 2130 -1 2007 2009 2130 -1 2130 2144 2007 -1 2010 2008 2146 -1 2146 2132 2010 -1 2148 2134 2132 -1 2132 2146 2148 -1 2037 2035 2150 -1 2150 2092 2037 -1 2092 2150 2152 -1 2152 2093 2092 -1 2121 2093 2152 -1 2152 2136 2121 -1 2078 2064 2074 -1 2074 2117 2078 -1 2160 2072 2071 -1 2071 2089 2160 -1 2070 2069 2084 -1 2084 2090 2070 -1 2118 2073 2072 -1 2072 2160 2118 -1 2069 2034 2036 -1 2036 2084 2069 -1 2133 1909 1986 -1 1986 1988 2133 -1 2135 1906 1909 -1 1909 2133 2135 -1 2090 2084 2085 -1 2085 2091 2090 -1 2129 2076 2075 -1 2075 2113 2129 -1 2089 2071 2070 -1 2070 2090 2089 -1 1813 1817 2116 -1 2116 2161 1813 -1 2131 2077 2076 -1 2076 2129 2131 -1 1987 1985 2077 -1 2077 2131 1987 -1 2120 2160 2089 -1 2089 2088 2120 -1 2123 2118 2160 -1 2160 2120 2123 -1 2111 2110 2147 -1 2147 2124 2111 -1 2033 2031 2106 -1 2106 2149 2033 -1 2149 2106 2105 -1 2105 2151 2149 -1 2105 2103 2153 -1 2153 2151 2105 -1 2103 2102 2154 -1 2154 2153 2103 -1 2102 2126 2155 -1 2155 2154 2102 -1 2126 2095 2156 -1 2156 2155 2126 -1 2095 1966 1914 -1 1914 2156 2095 -1 1947 2097 2157 -1 2157 1949 1947 -1 2097 2099 2158 -1 2158 2157 2097 -1 2099 2162 2159 -1 2159 2158 2099 -1 2162 2001 2003 -1 2003 2159 2162 -1 2112 1825 1827 -1 1827 1954 2112 -1 1814 1813 2161 -1 2161 2023 1814 -1 2163 1808 1811 -1 1811 2164 2163 -1 1989 1809 1808 -1 1808 2163 1989 -1 2165 1802 1805 -1 1805 1990 2165 -1 2166 1803 1802 -1 1802 2165 2166 -1 2167 2114 1803 -1 1803 2166 2167 -1 1934 1916 2114 -1 2114 2167 1934 -1 2168 2112 1954 -1 1954 2020 2168 -1 2169 2087 2112 -1 2112 2168 2169 -1 2170 2086 2087 -1 2087 2169 2170 -1 2171 2115 2086 -1 2086 2170 2171 -1 2172 2116 2115 -1 2115 2171 2172 -1 2161 2116 2172 -1 2172 2173 2161 -1 2023 2161 2173 -1 2173 2024 2023 -1 2174 2163 2164 -1 2164 2175 2174 -1 1989 2163 2174 -1 2174 1991 1989 -1 2176 2165 1990 -1 1990 1992 2176 -1 2177 2166 2165 -1 2165 2176 2177 -1 2178 2167 2166 -1 2166 2177 2178 -1 1936 1934 2167 -1 2167 2178 1936 -1 2179 2168 2020 -1 2020 2013 2179 -1 2180 2169 2168 -1 2168 2179 2180 -1 2181 2170 2169 -1 2169 2180 2181 -1 2182 2171 2170 -1 2170 2181 2182 -1 2183 2172 2171 -1 2171 2182 2183 -1 2173 2172 2183 -1 2183 2184 2173 -1 2024 2173 2184 -1 2184 2025 2024 -1 2185 2174 2175 -1 2175 2186 2185 -1 1991 2174 2185 -1 2185 1993 1991 -1 2187 2176 1992 -1 1992 1994 2187 -1 2188 2177 2176 -1 2176 2187 2188 -1 2189 2178 2177 -1 2177 2188 2189 -1 1938 1936 2178 -1 2178 2189 1938 -1 2179 2013 2014 -1 2014 2190 2179 -1 2180 2179 2190 -1 2190 2191 2180 -1 2181 2180 2191 -1 2191 2192 2181 -1 2182 2181 2192 -1 2192 2193 2182 -1 2183 2182 2193 -1 2193 2194 2183 -1 2184 2183 2194 -1 2194 2195 2184 -1 2025 2184 2195 -1 2195 2026 2025 -1 2185 2186 2196 -1 2196 2197 2185 -1 1993 2185 2197 -1 2197 1995 1993 -1 2187 1994 1996 -1 1996 2198 2187 -1 2188 2187 2198 -1 2198 2199 2188 -1 2189 2188 2199 -1 2199 2200 2189 -1 1938 2189 2200 -1 2200 1940 1938 -1 2190 2014 2041 -1 2041 2201 2190 -1 2191 2190 2201 -1 2201 2202 2191 -1 2192 2191 2202 -1 2202 2203 2192 -1 2193 2192 2203 -1 2203 2204 2193 -1 2194 2193 2204 -1 2204 2205 2194 -1 2195 2194 2205 -1 2205 2206 2195 -1 2026 2195 2206 -1 2206 2027 2026 -1 2197 2196 2207 -1 2207 2208 2197 -1 1995 2197 2208 -1 2208 1997 1995 -1 2198 1996 1998 -1 1998 2209 2198 -1 2199 2198 2209 -1 2209 2210 2199 -1 2200 2199 2210 -1 2210 2211 2200 -1 1940 2200 2211 -1 2211 1942 1940 -1 2201 2041 2042 -1 2042 2212 2201 -1 2202 2201 2212 -1 2212 2213 2202 -1 2203 2202 2213 -1 2213 2214 2203 -1 2204 2203 2214 -1 2214 2215 2204 -1 2205 2204 2215 -1 2215 2216 2205 -1 2206 2205 2216 -1 2216 2217 2206 -1 2027 2206 2217 -1 2217 2028 2027 -1 2208 2207 2218 -1 2218 2219 2208 -1 1997 2208 2219 -1 2219 1999 1997 -1 2209 1998 2000 -1 2000 2220 2209 -1 2210 2209 2220 -1 2220 2098 2210 -1 2211 2210 2098 -1 2098 2096 2211 -1 1942 2211 2096 -1 2096 1944 1942 -1 2212 2042 1970 -1 1970 2094 2212 -1 2213 2212 2094 -1 2094 2125 2213 -1 2214 2213 2125 -1 2125 2101 2214 -1 2215 2214 2101 -1 2101 2100 2215 -1 2216 2215 2100 -1 2100 2104 2216 -1 2107 2217 2216 -1 2216 2104 2107 -1 2029 2028 2217 -1 2217 2107 2029 -1 2219 2218 2109 -1 2109 2108 2219 -1 1999 2219 2108 -1 2108 2002 1999 -1 2220 2000 2001 -1 2001 2162 2220 -1 2098 2220 2162 -1 2162 2099 2098 -1 2221 1919 1795 -1 1795 1794 2221 -1 1794 1873 2221 -1 1794 1793 1873 -1 1976 1920 1919 -1 1919 2221 1976 -1 2221 1894 1976 -1 2221 1873 1894 -1 1932 1930 2079 -1 2079 2078 1932 -1 2078 2081 1932 -1 2081 2222 1932 -1 1952 1932 2222 -1 2222 2081 1952 -1 2081 2080 1952 -1 2080 2223 1952 -1 1911 1952 2223 -1 2223 2080 1911 -1 2080 1913 1911 -1 1913 1912 1911 -1 2224 2225 2226 -1 2226 2227 2224 -1 2224 2228 2229 -1 2229 2225 2224 -1 2228 2230 2231 -1 2231 2229 2228 -1 2232 2233 2234 -1 2234 2235 2232 -1 2236 2224 2227 -1 2227 2237 2236 -1 2236 2238 2228 -1 2228 2224 2236 -1 2238 2239 2230 -1 2230 2228 2238 -1 2233 2240 2241 -1 2241 2234 2233 -1 2242 2236 2237 -1 2237 2243 2242 -1 2244 2238 2236 -1 2236 2242 2244 -1 2244 2245 2239 -1 2239 2238 2244 -1 2240 2246 2247 -1 2247 2241 2240 -1 2248 2242 2243 -1 2243 2249 2248 -1 2250 2244 2242 -1 2242 2248 2250 -1 2250 2251 2245 -1 2245 2244 2250 -1 2252 2253 2247 -1 2247 2246 2252 -1 2254 2248 2249 -1 2249 2255 2254 -1 2254 2256 2250 -1 2250 2248 2254 -1 2256 2257 2251 -1 2251 2250 2256 -1 2258 2259 2253 -1 2253 2252 2258 -1 2260 2254 2255 -1 2255 2261 2260 -1 2262 2235 2234 -1 2234 2241 2262 -1 2241 2263 2262 -1 2241 2247 2263 -1 2247 2264 2263 -1 2247 2253 2264 -1 2253 2265 2264 -1 2253 2259 2265 -1 2259 2266 2265 -1 2259 2267 2266 -1 2267 2268 2266 -1 2267 2269 2268 -1 2269 2270 2268 -1 2269 2271 2270 -1 2271 2272 2270 -1 2271 2273 2272 -1 2273 2274 2272 -1 2273 2275 2274 -1 2275 2276 2274 -1 2275 2277 2276 -1 2277 2278 2276 -1 2277 2279 2278 -1 2280 2267 2259 -1 2259 2258 2280 -1 2260 2281 2256 -1 2256 2254 2260 -1 2281 2282 2257 -1 2257 2256 2281 -1 2283 2269 2267 -1 2267 2280 2283 -1 2284 2285 2281 -1 2281 2260 2284 -1 2285 2286 2282 -1 2282 2281 2285 -1 2284 2260 2261 -1 2261 2287 2284 -1 2233 2232 2288 -1 2288 2231 2233 -1 2231 2230 2233 -1 2230 2240 2233 -1 2230 2239 2240 -1 2239 2246 2240 -1 2239 2245 2246 -1 2245 2252 2246 -1 2245 2251 2252 -1 2251 2258 2252 -1 2251 2257 2258 -1 2257 2280 2258 -1 2257 2282 2280 -1 2282 2283 2280 -1 2282 2286 2283 -1 2286 2289 2283 -1 2289 2290 2283 -1 2289 2291 2290 -1 2291 2292 2290 -1 2291 2293 2292 -1 2293 2294 2292 -1 2293 2295 2294 -1 2295 2296 2294 -1 2295 2297 2296 -1 2288 2298 2299 -1 2299 2231 2288 -1 2298 2300 2299 -1 2298 2301 2300 -1 2301 2302 2300 -1 2301 2303 2302 -1 2303 2304 2302 -1 2303 2305 2304 -1 2305 2306 2304 -1 2305 2307 2306 -1 2307 2308 2306 -1 2307 2309 2308 -1 2307 2310 2309 -1 2310 2311 2309 -1 2310 2312 2311 -1 2312 2313 2311 -1 2312 2314 2313 -1 2314 2315 2313 -1 2314 2316 2315 -1 2316 2317 2315 -1 2316 2318 2317 -1 2318 2297 2317 -1 2318 2296 2297 -1 2318 2319 2296 -1 2227 2226 2320 -1 2320 2237 2227 -1 2320 1811 2237 -1 1811 1810 2237 -1 1810 1837 2237 -1 1837 2243 2237 -1 1837 1851 2243 -1 1851 2249 2243 -1 1851 1865 2249 -1 1865 2255 2249 -1 1865 1881 2255 -1 1881 2261 2255 -1 1881 1899 2261 -1 1899 2287 2261 -1 1899 2016 2287 -1 2016 2055 2287 -1 2055 2321 2287 -1 2055 2054 2321 -1 2054 2322 2321 -1 2054 1907 2322 -1 1907 2323 2322 -1 1907 1906 2323 -1 1906 2324 2323 -1 1906 2135 2324 -1 1811 2320 2325 -1 2325 2164 1811 -1 2325 2175 2164 -1 2325 2326 2175 -1 2326 2186 2175 -1 2326 2327 2186 -1 2327 2196 2186 -1 2327 2328 2196 -1 2328 2207 2196 -1 2328 2329 2207 -1 2329 2218 2207 -1 2329 2109 2218 -1 2329 2330 2109 -1 2330 2110 2109 -1 2330 2331 2110 -1 2331 2147 2110 -1 2331 2332 2147 -1 2332 2148 2147 -1 2332 2333 2148 -1 2333 2134 2148 -1 2333 2334 2134 -1 2334 2135 2134 -1 2334 2324 2135 -1 2334 2335 2324 -1 2336 2321 2322 -1 2322 2337 2336 -1 2338 2336 2337 -1 2337 2339 2338 -1 2339 2291 2289 -1 2289 2338 2339 -1 2292 2273 2271 -1 2271 2290 2292 -1 2337 2322 2323 -1 2323 2340 2337 -1 2339 2337 2340 -1 2340 2341 2339 -1 2293 2291 2339 -1 2339 2341 2293 -1 2275 2273 2292 -1 2292 2294 2275 -1 2284 2287 2321 -1 2321 2336 2284 -1 2338 2289 2286 -1 2286 2285 2338 -1 2336 2338 2285 -1 2285 2284 2336 -1 2290 2271 2269 -1 2269 2283 2290 -1 2310 2270 2272 -1 2272 2312 2310 -1 2342 2309 2311 -1 2311 2343 2342 -1 2344 2342 2343 -1 2343 2345 2344 -1 2331 2330 2344 -1 2344 2345 2331 -1 2277 2275 2294 -1 2294 2296 2277 -1 2346 2341 2340 -1 2340 2347 2346 -1 2295 2293 2341 -1 2341 2346 2295 -1 2335 2334 2348 -1 2348 2349 2335 -1 2350 2351 2349 -1 2349 2348 2350 -1 2317 2297 2351 -1 2351 2350 2317 -1 2278 2279 2319 -1 2319 2318 2278 -1 2333 2332 2352 -1 2352 2353 2333 -1 2353 2352 2354 -1 2354 2355 2353 -1 2315 2355 2354 -1 2354 2313 2315 -1 2274 2276 2316 -1 2316 2314 2274 -1 2334 2333 2353 -1 2353 2348 2334 -1 2350 2348 2353 -1 2353 2355 2350 -1 2317 2350 2355 -1 2355 2315 2317 -1 2278 2318 2316 -1 2316 2276 2278 -1 2340 2323 2324 -1 2324 2347 2340 -1 2351 2346 2347 -1 2347 2349 2351 -1 2297 2295 2346 -1 2346 2351 2297 -1 2279 2277 2296 -1 2296 2319 2279 -1 2347 2324 2335 -1 2335 2349 2347 -1 2332 2331 2345 -1 2345 2352 2332 -1 2352 2345 2343 -1 2343 2354 2352 -1 2343 2311 2313 -1 2313 2354 2343 -1 2312 2272 2274 -1 2274 2314 2312 -1 2288 2232 2235 -1 2235 2262 2288 -1 2356 2229 2231 -1 2231 2299 2356 -1 2357 2225 2229 -1 2229 2356 2357 -1 2226 2225 2357 -1 2357 2320 2226 -1 2298 2288 2262 -1 2262 2263 2298 -1 2358 2356 2299 -1 2299 2300 2358 -1 2359 2357 2356 -1 2356 2358 2359 -1 2320 2357 2359 -1 2359 2325 2320 -1 2301 2298 2263 -1 2263 2264 2301 -1 2360 2358 2300 -1 2300 2302 2360 -1 2359 2358 2360 -1 2360 2361 2359 -1 2325 2359 2361 -1 2361 2326 2325 -1 2301 2264 2265 -1 2265 2303 2301 -1 2360 2302 2304 -1 2304 2362 2360 -1 2361 2360 2362 -1 2362 2363 2361 -1 2326 2361 2363 -1 2363 2327 2326 -1 2303 2265 2266 -1 2266 2305 2303 -1 2362 2304 2306 -1 2306 2364 2362 -1 2363 2362 2364 -1 2364 2365 2363 -1 2327 2363 2365 -1 2365 2328 2327 -1 2305 2266 2268 -1 2268 2307 2305 -1 2364 2306 2308 -1 2308 2366 2364 -1 2365 2364 2366 -1 2366 2367 2365 -1 2328 2365 2367 -1 2367 2329 2328 -1 2307 2268 2270 -1 2270 2310 2307 -1 2366 2308 2309 -1 2309 2342 2366 -1 2367 2366 2342 -1 2342 2344 2367 -1 2330 2329 2367 -1 2367 2344 2330 -1 2368 2369 2370 -1 2369 2368 2371 -1 2371 2368 2372 -1 2372 2368 2373 -1 2374 2368 2370 -1 2368 2374 2375 -1 2376 2377 2378 -1 2377 2376 2379 -1 2377 2380 2378 -1 2380 2377 2381 -1 2382 2383 2384 -1 2383 2382 2385 -1 2383 2386 2384 -1 2386 2383 2387 -1 2388 2389 2390 -1 2389 2388 2391 -1 2392 2390 2393 -1 2390 2392 2388 -1 2392 2394 2395 -1 2394 2392 2393 -1 2395 2396 2397 -1 2396 2395 2394 -1 2397 2398 2399 -1 2398 2397 2396 -1 2399 2400 2401 -1 2400 2399 2398 -1 2401 2402 2403 -1 2402 2401 2400 -1 2404 2405 2406 -1 2405 2404 2407 -1 2406 2376 2408 -1 2376 2406 2405 -1 2408 2378 2409 -1 2378 2408 2376 -1 2378 2410 2409 -1 2410 2378 2380 -1 2411 2382 2384 -1 2382 2411 2412 -1 2384 2413 2411 -1 2413 2384 2386 -1 2414 2391 2388 -1 2391 2414 2415 -1 2416 2388 2392 -1 2388 2416 2414 -1 2416 2395 2417 -1 2395 2416 2392 -1 2417 2397 2418 -1 2397 2417 2395 -1 2418 2399 2419 -1 2399 2418 2397 -1 2419 2401 2375 -1 2401 2419 2399 -1 2375 2403 2368 -1 2403 2375 2401 -1 2420 2406 2421 -1 2406 2420 2404 -1 2421 2408 2422 -1 2408 2421 2406 -1 2422 2409 2423 -1 2409 2422 2408 -1 2409 2424 2423 -1 2424 2409 2410 -1 2425 2412 2411 -1 2412 2425 2426 -1 2411 2427 2425 -1 2427 2411 2413 -1 2428 2415 2414 -1 2415 2428 2429 -1 2430 2414 2416 -1 2414 2430 2428 -1 2430 2417 2431 -1 2417 2430 2416 -1 2431 2418 2432 -1 2418 2431 2417 -1 2432 2419 2433 -1 2419 2432 2418 -1 2433 2375 2374 -1 2375 2433 2419 -1 2434 2421 2435 -1 2421 2434 2420 -1 2435 2422 2436 -1 2422 2435 2421 -1 2436 2423 2437 -1 2423 2436 2422 -1 2437 2424 2438 -1 2424 2437 2423 -1 2439 2426 2425 -1 2426 2439 2440 -1 2439 2427 2441 -1 2427 2439 2425 -1 2442 2429 2428 -1 2429 2442 2443 -1 2444 2428 2430 -1 2428 2444 2442 -1 2444 2431 2445 -1 2431 2444 2430 -1 2445 2432 2446 -1 2432 2445 2431 -1 2446 2433 2447 -1 2433 2446 2432 -1 2447 2374 2448 -1 2374 2447 2433 -1 2448 2370 2449 -1 2370 2448 2374 -1 2450 2435 2451 -1 2435 2450 2434 -1 2451 2436 2452 -1 2436 2451 2435 -1 2452 2437 2453 -1 2437 2452 2436 -1 2453 2438 2454 -1 2438 2453 2437 -1 2455 2440 2439 -1 2440 2455 2456 -1 2455 2441 2457 -1 2441 2455 2439 -1 2458 2459 2460 -1 2459 2458 2461 -1 2458 2462 2463 -1 2462 2458 2460 -1 2463 2464 2465 -1 2464 2463 2462 -1 2465 2466 2467 -1 2466 2465 2464 -1 2467 2468 2469 -1 2468 2467 2466 -1 2468 2449 2470 -1 2449 2468 2448 -1 2464 2447 2466 -1 2447 2464 2446 -1 2460 2442 2444 -1 2442 2460 2459 -1 2459 2443 2442 -1 2443 2459 2471 -1 2469 2470 2472 -1 2470 2469 2468 -1 2461 2471 2459 -1 2471 2461 2473 -1 2474 2457 2475 -1 2457 2474 2455 -1 2476 2455 2474 -1 2455 2476 2456 -1 2466 2448 2468 -1 2448 2466 2447 -1 2477 2453 2478 -1 2453 2477 2452 -1 2478 2454 2479 -1 2454 2478 2453 -1 2462 2446 2464 -1 2446 2462 2445 -1 2480 2452 2477 -1 2452 2480 2451 -1 2460 2445 2462 -1 2445 2460 2444 -1 2481 2451 2480 -1 2451 2481 2450 -1 2482 2483 2484 -1 2483 2482 2485 -1 2486 2487 2488 -1 2487 2486 2489 -1 2489 2486 2490 -1 2490 2486 2491 -1 2407 2492 2493 -1 2492 2407 2494 -1 2494 2407 2404 -1 2494 2404 2372 -1 2372 2404 2420 -1 2372 2420 2371 -1 2371 2420 2434 -1 2371 2434 2495 -1 2495 2434 2450 -1 2495 2450 2496 -1 2496 2450 2481 -1 2496 2481 2497 -1 2497 2481 2498 -1 2497 2498 2499 -1 2499 2498 2500 -1 2500 2498 2501 -1 2500 2501 2502 -1 2502 2501 2503 -1 2502 2503 2504 -1 2504 2503 2505 -1 2504 2505 2506 -1 2506 2505 2507 -1 2506 2507 2508 -1 2508 2507 2509 -1 2492 2510 2493 -1 2510 2492 2511 -1 2510 2511 2512 -1 2512 2511 2513 -1 2512 2513 2514 -1 2514 2513 2515 -1 2514 2515 2516 -1 2516 2515 2517 -1 2516 2517 2518 -1 2518 2517 2519 -1 2518 2519 2520 -1 2520 2519 2521 -1 2520 2521 2522 -1 2520 2522 2523 -1 2523 2522 2524 -1 2523 2524 2525 -1 2525 2524 2486 -1 2525 2486 2526 -1 2526 2486 2488 -1 2526 2488 2527 -1 2527 2488 2528 -1 2527 2528 2529 -1 2529 2528 2508 -1 2529 2508 2509 -1 2530 2531 2402 -1 2531 2530 2492 -1 2492 2530 2511 -1 2511 2530 2532 -1 2533 2463 2534 -1 2463 2533 2458 -1 2535 2467 2536 -1 2467 2535 2465 -1 2537 2497 2499 -1 2497 2537 2538 -1 2538 2537 2539 -1 2538 2539 2472 -1 2534 2465 2535 -1 2465 2534 2463 -1 2536 2469 2540 -1 2469 2536 2467 -1 2540 2472 2539 -1 2472 2540 2469 -1 2541 2486 2524 -1 2486 2541 2491 -1 2491 2541 2542 -1 2491 2542 2490 -1 2543 2499 2500 -1 2499 2543 2537 -1 2537 2543 2544 -1 2537 2544 2539 -1 2545 2524 2522 -1 2524 2545 2541 -1 2541 2545 2546 -1 2541 2546 2542 -1 2533 2547 2548 -1 2547 2533 2549 -1 2549 2534 2550 -1 2534 2549 2533 -1 2548 2473 2461 -1 2473 2548 2551 -1 2533 2461 2458 -1 2461 2533 2548 -1 2538 2496 2497 -1 2496 2538 2552 -1 2552 2538 2472 -1 2552 2472 2470 -1 2382 2381 2385 -1 2381 2382 2380 -1 2380 2382 2412 -1 2380 2412 2410 -1 2410 2412 2426 -1 2410 2426 2424 -1 2424 2426 2440 -1 2424 2440 2438 -1 2438 2440 2456 -1 2438 2456 2454 -1 2454 2456 2476 -1 2454 2476 2479 -1 2479 2476 2553 -1 2479 2553 2554 -1 2554 2553 2555 -1 2555 2553 2556 -1 2555 2556 2557 -1 2557 2556 2558 -1 2557 2558 2559 -1 2559 2558 2560 -1 2559 2560 2561 -1 2561 2560 2562 -1 2561 2562 2563 -1 2563 2562 2564 -1 2381 2565 2385 -1 2565 2381 2566 -1 2565 2566 2567 -1 2567 2566 2568 -1 2567 2568 2569 -1 2569 2568 2570 -1 2569 2570 2571 -1 2571 2570 2572 -1 2571 2572 2573 -1 2573 2572 2574 -1 2573 2574 2575 -1 2575 2574 2576 -1 2575 2576 2577 -1 2575 2577 2578 -1 2578 2577 2579 -1 2578 2579 2580 -1 2580 2579 2581 -1 2580 2581 2582 -1 2582 2581 2583 -1 2582 2583 2584 -1 2584 2583 2585 -1 2584 2585 2586 -1 2586 2585 2563 -1 2586 2563 2564 -1 2587 2517 2515 -1 2517 2587 2588 -1 2588 2587 2589 -1 2588 2589 2590 -1 2553 2474 2591 -1 2474 2553 2476 -1 2591 2475 2592 -1 2475 2591 2474 -1 2593 2479 2554 -1 2479 2593 2478 -1 2594 2477 2595 -1 2477 2594 2480 -1 2595 2478 2593 -1 2478 2595 2477 -1 2498 2480 2594 -1 2480 2498 2481 -1 2589 2596 2597 -1 2596 2589 2513 -1 2513 2589 2515 -1 2515 2589 2587 -1 2402 2598 2403 -1 2598 2402 2494 -1 2494 2402 2492 -1 2492 2402 2531 -1 2391 2599 2389 -1 2599 2391 2415 -1 2599 2415 2600 -1 2600 2415 2429 -1 2600 2429 2601 -1 2601 2429 2443 -1 2601 2443 2602 -1 2602 2443 2471 -1 2602 2471 2603 -1 2603 2471 2473 -1 2603 2473 2604 -1 2604 2473 2551 -1 2604 2551 2605 -1 2605 2551 2606 -1 2605 2606 2607 -1 2607 2606 2608 -1 2607 2608 2609 -1 2609 2608 2610 -1 2609 2610 2611 -1 2611 2610 2612 -1 2611 2612 2613 -1 2613 2612 2614 -1 2403 2373 2368 -1 2373 2403 2372 -1 2372 2403 2494 -1 2494 2403 2598 -1 2615 2521 2519 -1 2521 2615 2616 -1 2616 2615 2617 -1 2616 2617 2618 -1 2550 2535 2619 -1 2535 2550 2534 -1 2619 2536 2620 -1 2536 2619 2535 -1 2620 2540 2621 -1 2540 2620 2536 -1 2621 2539 2544 -1 2539 2621 2540 -1 2503 2622 2623 -1 2622 2503 2501 -1 2623 2624 2625 -1 2624 2623 2622 -1 2625 2626 2627 -1 2626 2625 2624 -1 2627 2555 2557 -1 2555 2627 2626 -1 2628 2558 2556 -1 2558 2628 2629 -1 2629 2630 2631 -1 2630 2629 2628 -1 2547 2608 2606 -1 2608 2547 2632 -1 2549 2632 2547 -1 2632 2549 2633 -1 2633 2550 2634 -1 2550 2633 2549 -1 2634 2619 2635 -1 2619 2634 2550 -1 2635 2620 2636 -1 2620 2635 2619 -1 2636 2621 2637 -1 2621 2636 2620 -1 2637 2544 2638 -1 2544 2637 2621 -1 2504 2639 2502 -1 2639 2504 2638 -1 2638 2504 2640 -1 2640 2504 2641 -1 2642 2503 2623 -1 2503 2642 2505 -1 2643 2623 2625 -1 2623 2643 2642 -1 2644 2625 2627 -1 2625 2644 2643 -1 2559 2627 2557 -1 2627 2559 2644 -1 2629 2560 2558 -1 2560 2629 2483 -1 2484 2629 2631 -1 2629 2484 2483 -1 2639 2500 2502 -1 2500 2639 2543 -1 2543 2639 2638 -1 2543 2638 2544 -1 2632 2610 2608 -1 2610 2632 2645 -1 2633 2645 2632 -1 2645 2633 2646 -1 2647 2633 2634 -1 2633 2647 2646 -1 2648 2634 2635 -1 2634 2648 2647 -1 2649 2635 2636 -1 2635 2649 2648 -1 2650 2636 2637 -1 2636 2650 2649 -1 2640 2637 2638 -1 2637 2640 2650 -1 2651 2505 2642 -1 2505 2651 2507 -1 2652 2642 2643 -1 2642 2652 2651 -1 2653 2643 2644 -1 2643 2653 2652 -1 2561 2644 2559 -1 2644 2561 2653 -1 2483 2562 2560 -1 2562 2483 2485 -1 2624 2593 2626 -1 2593 2624 2595 -1 2501 2594 2622 -1 2594 2501 2498 -1 2622 2595 2624 -1 2595 2622 2594 -1 2616 2522 2521 -1 2522 2616 2545 -1 2545 2616 2618 -1 2545 2618 2546 -1 2626 2554 2555 -1 2554 2626 2593 -1 2591 2556 2553 -1 2556 2591 2628 -1 2628 2592 2630 -1 2592 2628 2591 -1 2506 2641 2504 -1 2641 2506 2640 -1 2640 2506 2654 -1 2654 2506 2655 -1 2588 2519 2517 -1 2519 2588 2615 -1 2615 2588 2590 -1 2615 2590 2617 -1 2597 2532 2530 -1 2532 2597 2511 -1 2511 2597 2513 -1 2513 2597 2596 -1 2548 2606 2551 -1 2606 2548 2547 -1 2656 2657 2658 -1 2657 2656 2659 -1 2660 2614 2612 -1 2614 2660 2661 -1 2662 2398 2396 -1 2398 2662 2663 -1 2664 2665 2666 -1 2665 2664 2667 -1 2661 2668 2669 -1 2668 2661 2667 -1 2614 2669 2613 -1 2669 2614 2661 -1 2670 2542 2546 -1 2542 2670 2671 -1 2520 2672 2673 -1 2672 2520 2523 -1 2673 2674 2675 -1 2674 2673 2672 -1 2676 2677 2678 -1 2677 2676 2679 -1 2680 2679 2676 -1 2679 2680 2681 -1 2682 2680 2683 -1 2680 2682 2681 -1 2607 2683 2605 -1 2683 2607 2682 -1 2684 2685 2686 -1 2685 2684 2687 -1 2580 2684 2578 -1 2684 2580 2687 -1 2663 2400 2398 -1 2400 2663 2688 -1 2689 2507 2651 -1 2507 2689 2509 -1 2405 2379 2376 -1 2379 2405 2690 -1 2691 2396 2394 -1 2396 2691 2662 -1 2692 2394 2393 -1 2394 2692 2691 -1 2693 2649 2650 -1 2649 2693 2694 -1 2695 2664 2696 -1 2664 2695 2697 -1 2407 2690 2405 -1 2690 2407 2493 -1 2698 2696 2699 -1 2696 2698 2695 -1 2582 2687 2580 -1 2687 2582 2700 -1 2697 2667 2664 -1 2667 2697 2668 -1 2659 2699 2657 -1 2699 2659 2698 -1 2678 2701 2702 -1 2701 2678 2677 -1 2702 2671 2670 -1 2671 2702 2701 -1 2657 2694 2693 -1 2694 2657 2699 -1 2658 2693 2654 -1 2693 2658 2657 -1 2703 2509 2689 -1 2509 2703 2529 -1 2704 2689 2705 -1 2689 2704 2703 -1 2706 2705 2707 -1 2705 2706 2704 -1 2585 2707 2563 -1 2707 2585 2706 -1 2708 2564 2709 -1 2564 2708 2586 -1 2710 2709 2711 -1 2709 2710 2708 -1 2695 2712 2697 -1 2712 2695 2713 -1 2698 2713 2695 -1 2713 2698 2714 -1 2659 2714 2698 -1 2714 2659 2715 -1 2656 2715 2659 -1 2715 2656 2489 -1 2716 2526 2527 -1 2526 2716 2717 -1 2718 2717 2716 -1 2717 2718 2719 -1 2720 2719 2718 -1 2719 2720 2721 -1 2581 2720 2583 -1 2720 2581 2721 -1 2584 2700 2582 -1 2700 2584 2722 -1 2723 2722 2724 -1 2722 2723 2700 -1 2611 2725 2609 -1 2725 2611 2726 -1 2726 2727 2725 -1 2727 2726 2728 -1 2712 2727 2728 -1 2727 2712 2729 -1 2713 2729 2712 -1 2729 2713 2730 -1 2714 2730 2713 -1 2730 2714 2731 -1 2715 2731 2714 -1 2731 2715 2732 -1 2489 2732 2715 -1 2732 2489 2490 -1 2525 2717 2733 -1 2717 2525 2526 -1 2733 2719 2734 -1 2719 2733 2717 -1 2734 2721 2735 -1 2721 2734 2719 -1 2735 2581 2579 -1 2581 2735 2721 -1 2703 2527 2529 -1 2527 2703 2716 -1 2704 2716 2703 -1 2716 2704 2718 -1 2706 2718 2704 -1 2718 2706 2720 -1 2583 2706 2585 -1 2706 2583 2720 -1 2586 2722 2584 -1 2722 2586 2708 -1 2724 2708 2710 -1 2708 2724 2722 -1 2613 2726 2611 -1 2726 2613 2669 -1 2669 2728 2726 -1 2728 2669 2668 -1 2697 2728 2668 -1 2728 2697 2712 -1 2654 2650 2640 -1 2650 2654 2693 -1 2736 2647 2648 -1 2647 2736 2666 -1 2646 2660 2645 -1 2660 2646 2665 -1 2694 2648 2649 -1 2648 2694 2736 -1 2645 2612 2610 -1 2612 2645 2660 -1 2709 2562 2485 -1 2562 2709 2564 -1 2711 2485 2482 -1 2485 2711 2709 -1 2665 2661 2660 -1 2661 2665 2667 -1 2705 2651 2652 -1 2651 2705 2689 -1 2666 2646 2647 -1 2646 2666 2665 -1 2390 2692 2393 -1 2692 2390 2737 -1 2707 2652 2653 -1 2652 2707 2705 -1 2563 2653 2561 -1 2653 2563 2707 -1 2696 2666 2736 -1 2666 2696 2664 -1 2699 2736 2694 -1 2736 2699 2696 -1 2687 2723 2685 -1 2723 2687 2700 -1 2609 2682 2607 -1 2682 2609 2725 -1 2725 2681 2682 -1 2681 2725 2727 -1 2681 2729 2679 -1 2729 2681 2727 -1 2679 2730 2677 -1 2730 2679 2729 -1 2677 2731 2701 -1 2731 2677 2730 -1 2701 2732 2671 -1 2732 2701 2731 -1 2671 2490 2542 -1 2490 2671 2732 -1 2523 2733 2672 -1 2733 2523 2525 -1 2672 2734 2674 -1 2734 2672 2733 -1 2674 2735 2738 -1 2735 2674 2734 -1 2738 2579 2577 -1 2579 2738 2735 -1 2688 2402 2400 -1 2402 2688 2530 -1 2389 2737 2390 -1 2737 2389 2599 -1 2739 2387 2383 -1 2387 2739 2740 -1 2565 2383 2385 -1 2383 2565 2739 -1 2741 2381 2377 -1 2381 2741 2566 -1 2742 2377 2379 -1 2377 2742 2741 -1 2743 2379 2690 -1 2379 2743 2742 -1 2510 2690 2493 -1 2690 2510 2743 -1 2744 2530 2688 -1 2530 2744 2597 -1 2745 2688 2663 -1 2688 2745 2744 -1 2746 2663 2662 -1 2663 2746 2745 -1 2747 2662 2691 -1 2662 2747 2746 -1 2748 2691 2692 -1 2691 2748 2747 -1 2737 2748 2692 -1 2748 2737 2749 -1 2599 2749 2737 -1 2749 2599 2600 -1 2750 2740 2739 -1 2740 2750 2751 -1 2565 2750 2739 -1 2750 2565 2567 -1 2752 2566 2741 -1 2566 2752 2568 -1 2753 2741 2742 -1 2741 2753 2752 -1 2754 2742 2743 -1 2742 2754 2753 -1 2512 2743 2510 -1 2743 2512 2754 -1 2755 2597 2744 -1 2597 2755 2589 -1 2756 2744 2745 -1 2744 2756 2755 -1 2757 2745 2746 -1 2745 2757 2756 -1 2758 2746 2747 -1 2746 2758 2757 -1 2759 2747 2748 -1 2747 2759 2758 -1 2749 2759 2748 -1 2759 2749 2760 -1 2600 2760 2749 -1 2760 2600 2601 -1 2761 2751 2750 -1 2751 2761 2762 -1 2567 2761 2750 -1 2761 2567 2569 -1 2763 2568 2752 -1 2568 2763 2570 -1 2764 2752 2753 -1 2752 2764 2763 -1 2765 2753 2754 -1 2753 2765 2764 -1 2514 2754 2512 -1 2754 2514 2765 -1 2755 2590 2589 -1 2590 2755 2766 -1 2756 2766 2755 -1 2766 2756 2767 -1 2757 2767 2756 -1 2767 2757 2768 -1 2758 2768 2757 -1 2768 2758 2769 -1 2759 2769 2758 -1 2769 2759 2770 -1 2760 2770 2759 -1 2770 2760 2771 -1 2601 2771 2760 -1 2771 2601 2602 -1 2761 2772 2762 -1 2772 2761 2773 -1 2569 2773 2761 -1 2773 2569 2571 -1 2763 2572 2570 -1 2572 2763 2774 -1 2764 2774 2763 -1 2774 2764 2775 -1 2765 2775 2764 -1 2775 2765 2776 -1 2514 2776 2765 -1 2776 2514 2516 -1 2766 2617 2590 -1 2617 2766 2777 -1 2767 2777 2766 -1 2777 2767 2778 -1 2768 2778 2767 -1 2778 2768 2779 -1 2769 2779 2768 -1 2779 2769 2780 -1 2770 2780 2769 -1 2780 2770 2781 -1 2771 2781 2770 -1 2781 2771 2782 -1 2602 2782 2771 -1 2782 2602 2603 -1 2773 2783 2772 -1 2783 2773 2784 -1 2571 2784 2773 -1 2784 2571 2573 -1 2774 2574 2572 -1 2574 2774 2785 -1 2775 2785 2774 -1 2785 2775 2786 -1 2776 2786 2775 -1 2786 2776 2787 -1 2516 2787 2776 -1 2787 2516 2518 -1 2777 2618 2617 -1 2618 2777 2788 -1 2778 2788 2777 -1 2788 2778 2789 -1 2779 2789 2778 -1 2789 2779 2790 -1 2780 2790 2779 -1 2790 2780 2791 -1 2781 2791 2780 -1 2791 2781 2792 -1 2782 2792 2781 -1 2792 2782 2793 -1 2603 2793 2782 -1 2793 2603 2604 -1 2784 2794 2783 -1 2794 2784 2795 -1 2573 2795 2784 -1 2795 2573 2575 -1 2785 2576 2574 -1 2576 2785 2796 -1 2786 2796 2785 -1 2796 2786 2675 -1 2787 2675 2786 -1 2675 2787 2673 -1 2518 2673 2787 -1 2673 2518 2520 -1 2788 2546 2618 -1 2546 2788 2670 -1 2789 2670 2788 -1 2670 2789 2702 -1 2790 2702 2789 -1 2702 2790 2678 -1 2791 2678 2790 -1 2678 2791 2676 -1 2792 2676 2791 -1 2676 2792 2680 -1 2683 2792 2793 -1 2792 2683 2680 -1 2605 2793 2604 -1 2793 2605 2683 -1 2795 2686 2794 -1 2686 2795 2684 -1 2575 2684 2795 -1 2684 2575 2578 -1 2796 2577 2576 -1 2577 2796 2738 -1 2675 2738 2796 -1 2738 2675 2674 -1 2797 2371 2495 -1 2371 2797 2369 -1 2369 2797 2449 -1 2369 2449 2370 -1 2552 2495 2496 -1 2495 2552 2797 -1 2797 2552 2470 -1 2797 2470 2449 -1 2508 2655 2506 -1 2655 2508 2654 -1 2654 2508 2658 -1 2658 2508 2798 -1 2528 2798 2508 -1 2798 2528 2658 -1 2658 2528 2656 -1 2656 2528 2799 -1 2488 2799 2528 -1 2799 2488 2656 -1 2656 2488 2489 -1 2489 2488 2487 -1 2800 2801 2802 -1 2801 2800 2803 -1 2800 2804 2805 -1 2804 2800 2802 -1 2805 2806 2807 -1 2806 2805 2804 -1 2808 2809 2810 -1 2809 2808 2811 -1 2812 2803 2800 -1 2803 2812 2813 -1 2812 2805 2814 -1 2805 2812 2800 -1 2814 2807 2815 -1 2807 2814 2805 -1 2810 2816 2817 -1 2816 2810 2809 -1 2818 2813 2812 -1 2813 2818 2819 -1 2820 2812 2814 -1 2812 2820 2818 -1 2820 2815 2821 -1 2815 2820 2814 -1 2817 2822 2823 -1 2822 2817 2816 -1 2824 2819 2818 -1 2819 2824 2825 -1 2826 2818 2820 -1 2818 2826 2824 -1 2826 2821 2827 -1 2821 2826 2820 -1 2828 2822 2829 -1 2822 2828 2823 -1 2830 2825 2824 -1 2825 2830 2831 -1 2830 2826 2832 -1 2826 2830 2824 -1 2832 2827 2833 -1 2827 2832 2826 -1 2834 2829 2835 -1 2829 2834 2828 -1 2836 2831 2830 -1 2831 2836 2837 -1 2838 2809 2811 -1 2809 2838 2816 -1 2816 2838 2839 -1 2816 2839 2822 -1 2822 2839 2840 -1 2822 2840 2829 -1 2829 2840 2841 -1 2829 2841 2835 -1 2835 2841 2842 -1 2835 2842 2843 -1 2843 2842 2844 -1 2843 2844 2845 -1 2845 2844 2846 -1 2845 2846 2847 -1 2847 2846 2848 -1 2847 2848 2849 -1 2849 2848 2850 -1 2849 2850 2851 -1 2851 2850 2852 -1 2851 2852 2853 -1 2853 2852 2854 -1 2853 2854 2855 -1 2856 2835 2843 -1 2835 2856 2834 -1 2836 2832 2857 -1 2832 2836 2830 -1 2857 2833 2858 -1 2833 2857 2832 -1 2859 2843 2845 -1 2843 2859 2856 -1 2860 2857 2861 -1 2857 2860 2836 -1 2861 2858 2862 -1 2858 2861 2857 -1 2860 2837 2836 -1 2837 2860 2863 -1 2810 2864 2808 -1 2864 2810 2806 -1 2806 2810 2807 -1 2807 2810 2817 -1 2807 2817 2815 -1 2815 2817 2823 -1 2815 2823 2821 -1 2821 2823 2828 -1 2821 2828 2827 -1 2827 2828 2834 -1 2827 2834 2833 -1 2833 2834 2856 -1 2833 2856 2858 -1 2858 2856 2859 -1 2858 2859 2862 -1 2862 2859 2865 -1 2865 2859 2866 -1 2865 2866 2867 -1 2867 2866 2868 -1 2867 2868 2869 -1 2869 2868 2870 -1 2869 2870 2871 -1 2871 2870 2872 -1 2871 2872 2873 -1 2864 2874 2875 -1 2874 2864 2806 -1 2875 2874 2876 -1 2875 2876 2877 -1 2877 2876 2878 -1 2877 2878 2879 -1 2879 2878 2880 -1 2879 2880 2881 -1 2881 2880 2882 -1 2881 2882 2883 -1 2883 2882 2884 -1 2883 2884 2885 -1 2883 2885 2886 -1 2886 2885 2887 -1 2886 2887 2888 -1 2888 2887 2889 -1 2888 2889 2890 -1 2890 2889 2891 -1 2890 2891 2892 -1 2892 2891 2893 -1 2892 2893 2894 -1 2894 2893 2873 -1 2894 2873 2872 -1 2894 2872 2895 -1 2803 2896 2801 -1 2896 2803 2813 -1 2896 2813 2387 -1 2387 2813 2386 -1 2386 2813 2413 -1 2413 2813 2819 -1 2413 2819 2427 -1 2427 2819 2825 -1 2427 2825 2441 -1 2441 2825 2831 -1 2441 2831 2457 -1 2457 2831 2837 -1 2457 2837 2475 -1 2475 2837 2863 -1 2475 2863 2592 -1 2592 2863 2630 -1 2630 2863 2897 -1 2630 2897 2631 -1 2631 2897 2898 -1 2631 2898 2484 -1 2484 2898 2899 -1 2484 2899 2482 -1 2482 2899 2900 -1 2482 2900 2711 -1 2387 2901 2896 -1 2901 2387 2740 -1 2901 2740 2751 -1 2901 2751 2902 -1 2902 2751 2762 -1 2902 2762 2903 -1 2903 2762 2772 -1 2903 2772 2904 -1 2904 2772 2783 -1 2904 2783 2905 -1 2905 2783 2794 -1 2905 2794 2686 -1 2905 2686 2906 -1 2906 2686 2685 -1 2906 2685 2907 -1 2907 2685 2723 -1 2907 2723 2908 -1 2908 2723 2724 -1 2908 2724 2909 -1 2909 2724 2710 -1 2909 2710 2910 -1 2910 2710 2711 -1 2910 2711 2900 -1 2910 2900 2911 -1 2912 2898 2897 -1 2898 2912 2913 -1 2914 2913 2912 -1 2913 2914 2915 -1 2915 2865 2867 -1 2865 2915 2914 -1 2868 2847 2849 -1 2847 2868 2866 -1 2913 2899 2898 -1 2899 2913 2916 -1 2915 2916 2913 -1 2916 2915 2917 -1 2869 2915 2867 -1 2915 2869 2917 -1 2851 2868 2849 -1 2868 2851 2870 -1 2860 2897 2863 -1 2897 2860 2912 -1 2914 2862 2865 -1 2862 2914 2861 -1 2912 2861 2914 -1 2861 2912 2860 -1 2866 2845 2847 -1 2845 2866 2859 -1 2886 2848 2846 -1 2848 2886 2888 -1 2918 2887 2885 -1 2887 2918 2919 -1 2920 2919 2918 -1 2919 2920 2921 -1 2907 2920 2906 -1 2920 2907 2921 -1 2853 2870 2851 -1 2870 2853 2872 -1 2922 2916 2917 -1 2916 2922 2923 -1 2871 2917 2869 -1 2917 2871 2922 -1 2911 2924 2910 -1 2924 2911 2925 -1 2926 2925 2927 -1 2925 2926 2924 -1 2893 2927 2873 -1 2927 2893 2926 -1 2854 2895 2855 -1 2895 2854 2894 -1 2909 2928 2908 -1 2928 2909 2929 -1 2929 2930 2928 -1 2930 2929 2931 -1 2891 2930 2931 -1 2930 2891 2889 -1 2850 2892 2852 -1 2892 2850 2890 -1 2910 2929 2909 -1 2929 2910 2924 -1 2926 2929 2924 -1 2929 2926 2931 -1 2893 2931 2926 -1 2931 2893 2891 -1 2854 2892 2894 -1 2892 2854 2852 -1 2916 2900 2899 -1 2900 2916 2923 -1 2927 2923 2922 -1 2923 2927 2925 -1 2873 2922 2871 -1 2922 2873 2927 -1 2855 2872 2853 -1 2872 2855 2895 -1 2923 2911 2900 -1 2911 2923 2925 -1 2908 2921 2907 -1 2921 2908 2928 -1 2928 2919 2921 -1 2919 2928 2930 -1 2919 2889 2887 -1 2889 2919 2930 -1 2888 2850 2848 -1 2850 2888 2890 -1 2864 2811 2808 -1 2811 2864 2838 -1 2932 2806 2804 -1 2806 2932 2874 -1 2933 2804 2802 -1 2804 2933 2932 -1 2801 2933 2802 -1 2933 2801 2896 -1 2875 2838 2864 -1 2838 2875 2839 -1 2934 2874 2932 -1 2874 2934 2876 -1 2935 2932 2933 -1 2932 2935 2934 -1 2896 2935 2933 -1 2935 2896 2901 -1 2877 2839 2875 -1 2839 2877 2840 -1 2936 2876 2934 -1 2876 2936 2878 -1 2935 2936 2934 -1 2936 2935 2937 -1 2901 2937 2935 -1 2937 2901 2902 -1 2877 2841 2840 -1 2841 2877 2879 -1 2936 2880 2878 -1 2880 2936 2938 -1 2937 2938 2936 -1 2938 2937 2939 -1 2902 2939 2937 -1 2939 2902 2903 -1 2879 2842 2841 -1 2842 2879 2881 -1 2938 2882 2880 -1 2882 2938 2940 -1 2939 2940 2938 -1 2940 2939 2941 -1 2903 2941 2939 -1 2941 2903 2904 -1 2881 2844 2842 -1 2844 2881 2883 -1 2940 2884 2882 -1 2884 2940 2942 -1 2941 2942 2940 -1 2942 2941 2943 -1 2904 2943 2941 -1 2943 2904 2905 -1 2883 2846 2844 -1 2846 2883 2886 -1 2942 2885 2884 -1 2885 2942 2918 -1 2943 2918 2942 -1 2918 2943 2920 -1 2906 2943 2905 -1 2943 2906 2920 -1 2944 2945 2946 -1 2945 2944 2947 -1 2947 2944 2948 -1 2948 2944 2949 -1 2950 2944 2946 -1 2944 2950 2951 -1 2952 2953 2954 -1 2953 2952 2955 -1 2953 2956 2954 -1 2956 2953 2957 -1 2958 2959 2960 -1 2959 2958 2961 -1 2959 2962 2960 -1 2962 2959 2963 -1 2964 2965 2966 -1 2965 2964 2967 -1 2968 2966 2969 -1 2966 2968 2964 -1 2968 2970 2971 -1 2970 2968 2969 -1 2971 2972 2973 -1 2972 2971 2970 -1 2973 2974 2975 -1 2974 2973 2972 -1 2975 2976 2977 -1 2976 2975 2974 -1 2977 2978 2979 -1 2978 2977 2976 -1 2980 2981 2982 -1 2981 2980 2983 -1 2982 2952 2984 -1 2952 2982 2981 -1 2984 2954 2985 -1 2954 2984 2952 -1 2954 2986 2985 -1 2986 2954 2956 -1 2987 2958 2960 -1 2958 2987 2988 -1 2960 2989 2987 -1 2989 2960 2962 -1 2990 2967 2964 -1 2967 2990 2991 -1 2992 2964 2968 -1 2964 2992 2990 -1 2992 2971 2993 -1 2971 2992 2968 -1 2993 2973 2994 -1 2973 2993 2971 -1 2994 2975 2995 -1 2975 2994 2973 -1 2995 2977 2951 -1 2977 2995 2975 -1 2951 2979 2944 -1 2979 2951 2977 -1 2996 2982 2997 -1 2982 2996 2980 -1 2997 2984 2998 -1 2984 2997 2982 -1 2998 2985 2999 -1 2985 2998 2984 -1 2985 3000 2999 -1 3000 2985 2986 -1 3001 2988 2987 -1 2988 3001 3002 -1 2987 3003 3001 -1 3003 2987 2989 -1 3004 2991 2990 -1 2991 3004 3005 -1 3006 2990 2992 -1 2990 3006 3004 -1 3006 2993 3007 -1 2993 3006 2992 -1 3007 2994 3008 -1 2994 3007 2993 -1 3008 2995 3009 -1 2995 3008 2994 -1 3009 2951 2950 -1 2951 3009 2995 -1 3010 2997 3011 -1 2997 3010 2996 -1 3011 2998 3012 -1 2998 3011 2997 -1 3012 2999 3013 -1 2999 3012 2998 -1 3013 3000 3014 -1 3000 3013 2999 -1 3015 3002 3001 -1 3002 3015 3016 -1 3015 3003 3017 -1 3003 3015 3001 -1 3018 3005 3004 -1 3005 3018 3019 -1 3020 3004 3006 -1 3004 3020 3018 -1 3020 3007 3021 -1 3007 3020 3006 -1 3021 3008 3022 -1 3008 3021 3007 -1 3022 3009 3023 -1 3009 3022 3008 -1 3023 2950 3024 -1 2950 3023 3009 -1 3024 2946 3025 -1 2946 3024 2950 -1 3026 3011 3027 -1 3011 3026 3010 -1 3027 3012 3028 -1 3012 3027 3011 -1 3028 3013 3029 -1 3013 3028 3012 -1 3029 3014 3030 -1 3014 3029 3013 -1 3031 3016 3015 -1 3016 3031 3032 -1 3031 3017 3033 -1 3017 3031 3015 -1 3034 3035 3036 -1 3035 3034 3037 -1 3034 3038 3039 -1 3038 3034 3036 -1 3039 3040 3041 -1 3040 3039 3038 -1 3041 3042 3043 -1 3042 3041 3040 -1 3043 3044 3045 -1 3044 3043 3042 -1 3044 3025 3046 -1 3025 3044 3024 -1 3040 3023 3042 -1 3023 3040 3022 -1 3036 3018 3020 -1 3018 3036 3035 -1 3035 3019 3018 -1 3019 3035 3047 -1 3045 3046 3048 -1 3046 3045 3044 -1 3037 3047 3035 -1 3047 3037 3049 -1 3050 3033 3051 -1 3033 3050 3031 -1 3052 3031 3050 -1 3031 3052 3032 -1 3042 3024 3044 -1 3024 3042 3023 -1 3053 3029 3054 -1 3029 3053 3028 -1 3054 3030 3055 -1 3030 3054 3029 -1 3038 3022 3040 -1 3022 3038 3021 -1 3056 3028 3053 -1 3028 3056 3027 -1 3036 3021 3038 -1 3021 3036 3020 -1 3057 3027 3056 -1 3027 3057 3026 -1 3058 3059 3060 -1 3059 3058 3061 -1 3062 3063 3064 -1 3063 3062 3065 -1 3065 3062 3066 -1 3066 3062 3067 -1 2983 3068 3069 -1 3068 2983 3070 -1 3070 2983 2980 -1 3070 2980 2948 -1 2948 2980 2996 -1 2948 2996 2947 -1 2947 2996 3010 -1 2947 3010 3071 -1 3071 3010 3026 -1 3071 3026 3072 -1 3072 3026 3057 -1 3072 3057 3073 -1 3073 3057 3074 -1 3073 3074 3075 -1 3075 3074 3076 -1 3076 3074 3077 -1 3076 3077 3078 -1 3078 3077 3079 -1 3078 3079 3080 -1 3080 3079 3081 -1 3080 3081 3082 -1 3082 3081 3083 -1 3082 3083 3084 -1 3084 3083 3085 -1 3068 3086 3069 -1 3086 3068 3087 -1 3086 3087 3088 -1 3088 3087 3089 -1 3088 3089 3090 -1 3090 3089 3091 -1 3090 3091 3092 -1 3092 3091 3093 -1 3092 3093 3094 -1 3094 3093 3095 -1 3094 3095 3096 -1 3096 3095 3097 -1 3096 3097 3098 -1 3096 3098 3099 -1 3099 3098 3100 -1 3099 3100 3101 -1 3101 3100 3062 -1 3101 3062 3102 -1 3102 3062 3064 -1 3102 3064 3103 -1 3103 3064 3104 -1 3103 3104 3105 -1 3105 3104 3084 -1 3105 3084 3085 -1 3106 3107 2978 -1 3107 3106 3068 -1 3068 3106 3087 -1 3087 3106 3108 -1 3109 3039 3110 -1 3039 3109 3034 -1 3111 3043 3112 -1 3043 3111 3041 -1 3113 3073 3075 -1 3073 3113 3114 -1 3114 3113 3115 -1 3114 3115 3048 -1 3110 3041 3111 -1 3041 3110 3039 -1 3112 3045 3116 -1 3045 3112 3043 -1 3116 3048 3115 -1 3048 3116 3045 -1 3117 3062 3100 -1 3062 3117 3067 -1 3067 3117 3118 -1 3067 3118 3066 -1 3119 3075 3076 -1 3075 3119 3113 -1 3113 3119 3120 -1 3113 3120 3115 -1 3121 3100 3098 -1 3100 3121 3117 -1 3117 3121 3122 -1 3117 3122 3118 -1 3109 3123 3124 -1 3123 3109 3125 -1 3125 3110 3126 -1 3110 3125 3109 -1 3124 3049 3037 -1 3049 3124 3127 -1 3109 3037 3034 -1 3037 3109 3124 -1 3114 3072 3073 -1 3072 3114 3128 -1 3128 3114 3048 -1 3128 3048 3046 -1 2958 2957 2961 -1 2957 2958 2956 -1 2956 2958 2988 -1 2956 2988 2986 -1 2986 2988 3002 -1 2986 3002 3000 -1 3000 3002 3016 -1 3000 3016 3014 -1 3014 3016 3032 -1 3014 3032 3030 -1 3030 3032 3052 -1 3030 3052 3055 -1 3055 3052 3129 -1 3055 3129 3130 -1 3130 3129 3131 -1 3131 3129 3132 -1 3131 3132 3133 -1 3133 3132 3134 -1 3133 3134 3135 -1 3135 3134 3136 -1 3135 3136 3137 -1 3137 3136 3138 -1 3137 3138 3139 -1 3139 3138 3140 -1 2957 3141 2961 -1 3141 2957 3142 -1 3141 3142 3143 -1 3143 3142 3144 -1 3143 3144 3145 -1 3145 3144 3146 -1 3145 3146 3147 -1 3147 3146 3148 -1 3147 3148 3149 -1 3149 3148 3150 -1 3149 3150 3151 -1 3151 3150 3152 -1 3151 3152 3153 -1 3151 3153 3154 -1 3154 3153 3155 -1 3154 3155 3156 -1 3156 3155 3157 -1 3156 3157 3158 -1 3158 3157 3159 -1 3158 3159 3160 -1 3160 3159 3161 -1 3160 3161 3162 -1 3162 3161 3139 -1 3162 3139 3140 -1 3163 3093 3091 -1 3093 3163 3164 -1 3164 3163 3165 -1 3164 3165 3166 -1 3129 3050 3167 -1 3050 3129 3052 -1 3167 3051 3168 -1 3051 3167 3050 -1 3169 3055 3130 -1 3055 3169 3054 -1 3170 3053 3171 -1 3053 3170 3056 -1 3171 3054 3169 -1 3054 3171 3053 -1 3074 3056 3170 -1 3056 3074 3057 -1 3165 3172 3173 -1 3172 3165 3089 -1 3089 3165 3091 -1 3091 3165 3163 -1 2978 3174 2979 -1 3174 2978 3070 -1 3070 2978 3068 -1 3068 2978 3107 -1 2967 3175 2965 -1 3175 2967 2991 -1 3175 2991 3176 -1 3176 2991 3005 -1 3176 3005 3177 -1 3177 3005 3019 -1 3177 3019 3178 -1 3178 3019 3047 -1 3178 3047 3179 -1 3179 3047 3049 -1 3179 3049 3180 -1 3180 3049 3127 -1 3180 3127 3181 -1 3181 3127 3182 -1 3181 3182 3183 -1 3183 3182 3184 -1 3183 3184 3185 -1 3185 3184 3186 -1 3185 3186 3187 -1 3187 3186 3188 -1 3187 3188 3189 -1 3189 3188 3190 -1 2979 2949 2944 -1 2949 2979 2948 -1 2948 2979 3070 -1 3070 2979 3174 -1 3191 3097 3095 -1 3097 3191 3192 -1 3192 3191 3193 -1 3192 3193 3194 -1 3126 3111 3195 -1 3111 3126 3110 -1 3195 3112 3196 -1 3112 3195 3111 -1 3196 3116 3197 -1 3116 3196 3112 -1 3197 3115 3120 -1 3115 3197 3116 -1 3079 3198 3199 -1 3198 3079 3077 -1 3199 3200 3201 -1 3200 3199 3198 -1 3201 3202 3203 -1 3202 3201 3200 -1 3203 3131 3133 -1 3131 3203 3202 -1 3204 3134 3132 -1 3134 3204 3205 -1 3205 3206 3207 -1 3206 3205 3204 -1 3123 3184 3182 -1 3184 3123 3208 -1 3125 3208 3123 -1 3208 3125 3209 -1 3209 3126 3210 -1 3126 3209 3125 -1 3210 3195 3211 -1 3195 3210 3126 -1 3211 3196 3212 -1 3196 3211 3195 -1 3212 3197 3213 -1 3197 3212 3196 -1 3213 3120 3214 -1 3120 3213 3197 -1 3080 3215 3078 -1 3215 3080 3214 -1 3214 3080 3216 -1 3216 3080 3217 -1 3218 3079 3199 -1 3079 3218 3081 -1 3219 3199 3201 -1 3199 3219 3218 -1 3220 3201 3203 -1 3201 3220 3219 -1 3135 3203 3133 -1 3203 3135 3220 -1 3205 3136 3134 -1 3136 3205 3059 -1 3060 3205 3207 -1 3205 3060 3059 -1 3215 3076 3078 -1 3076 3215 3119 -1 3119 3215 3214 -1 3119 3214 3120 -1 3208 3186 3184 -1 3186 3208 3221 -1 3209 3221 3208 -1 3221 3209 3222 -1 3223 3209 3210 -1 3209 3223 3222 -1 3224 3210 3211 -1 3210 3224 3223 -1 3225 3211 3212 -1 3211 3225 3224 -1 3226 3212 3213 -1 3212 3226 3225 -1 3216 3213 3214 -1 3213 3216 3226 -1 3227 3081 3218 -1 3081 3227 3083 -1 3228 3218 3219 -1 3218 3228 3227 -1 3229 3219 3220 -1 3219 3229 3228 -1 3137 3220 3135 -1 3220 3137 3229 -1 3059 3138 3136 -1 3138 3059 3061 -1 3200 3169 3202 -1 3169 3200 3171 -1 3077 3170 3198 -1 3170 3077 3074 -1 3198 3171 3200 -1 3171 3198 3170 -1 3192 3098 3097 -1 3098 3192 3121 -1 3121 3192 3194 -1 3121 3194 3122 -1 3202 3130 3131 -1 3130 3202 3169 -1 3167 3132 3129 -1 3132 3167 3204 -1 3204 3168 3206 -1 3168 3204 3167 -1 3082 3217 3080 -1 3217 3082 3216 -1 3216 3082 3230 -1 3230 3082 3231 -1 3164 3095 3093 -1 3095 3164 3191 -1 3191 3164 3166 -1 3191 3166 3193 -1 3173 3108 3106 -1 3108 3173 3087 -1 3087 3173 3089 -1 3089 3173 3172 -1 3124 3182 3127 -1 3182 3124 3123 -1 3232 3233 3234 -1 3233 3232 3235 -1 3236 3190 3188 -1 3190 3236 3237 -1 3238 2974 2972 -1 2974 3238 3239 -1 3240 3241 3242 -1 3241 3240 3243 -1 3237 3244 3245 -1 3244 3237 3243 -1 3190 3245 3189 -1 3245 3190 3237 -1 3246 3118 3122 -1 3118 3246 3247 -1 3096 3248 3249 -1 3248 3096 3099 -1 3249 3250 3251 -1 3250 3249 3248 -1 3252 3253 3254 -1 3253 3252 3255 -1 3256 3255 3252 -1 3255 3256 3257 -1 3258 3256 3259 -1 3256 3258 3257 -1 3183 3259 3181 -1 3259 3183 3258 -1 3260 3261 3262 -1 3261 3260 3263 -1 3156 3260 3154 -1 3260 3156 3263 -1 3239 2976 2974 -1 2976 3239 3264 -1 3265 3083 3227 -1 3083 3265 3085 -1 2981 2955 2952 -1 2955 2981 3266 -1 3267 2972 2970 -1 2972 3267 3238 -1 3268 2970 2969 -1 2970 3268 3267 -1 3269 3225 3226 -1 3225 3269 3270 -1 3271 3240 3272 -1 3240 3271 3273 -1 2983 3266 2981 -1 3266 2983 3069 -1 3274 3272 3275 -1 3272 3274 3271 -1 3158 3263 3156 -1 3263 3158 3276 -1 3273 3243 3240 -1 3243 3273 3244 -1 3235 3275 3233 -1 3275 3235 3274 -1 3254 3277 3278 -1 3277 3254 3253 -1 3278 3247 3246 -1 3247 3278 3277 -1 3233 3270 3269 -1 3270 3233 3275 -1 3234 3269 3230 -1 3269 3234 3233 -1 3279 3085 3265 -1 3085 3279 3105 -1 3280 3265 3281 -1 3265 3280 3279 -1 3282 3281 3283 -1 3281 3282 3280 -1 3161 3283 3139 -1 3283 3161 3282 -1 3284 3140 3285 -1 3140 3284 3162 -1 3286 3285 3287 -1 3285 3286 3284 -1 3271 3288 3273 -1 3288 3271 3289 -1 3274 3289 3271 -1 3289 3274 3290 -1 3235 3290 3274 -1 3290 3235 3291 -1 3232 3291 3235 -1 3291 3232 3065 -1 3292 3102 3103 -1 3102 3292 3293 -1 3294 3293 3292 -1 3293 3294 3295 -1 3296 3295 3294 -1 3295 3296 3297 -1 3157 3296 3159 -1 3296 3157 3297 -1 3160 3276 3158 -1 3276 3160 3298 -1 3299 3298 3300 -1 3298 3299 3276 -1 3187 3301 3185 -1 3301 3187 3302 -1 3302 3303 3301 -1 3303 3302 3304 -1 3288 3303 3304 -1 3303 3288 3305 -1 3289 3305 3288 -1 3305 3289 3306 -1 3290 3306 3289 -1 3306 3290 3307 -1 3291 3307 3290 -1 3307 3291 3308 -1 3065 3308 3291 -1 3308 3065 3066 -1 3101 3293 3309 -1 3293 3101 3102 -1 3309 3295 3310 -1 3295 3309 3293 -1 3310 3297 3311 -1 3297 3310 3295 -1 3311 3157 3155 -1 3157 3311 3297 -1 3279 3103 3105 -1 3103 3279 3292 -1 3280 3292 3279 -1 3292 3280 3294 -1 3282 3294 3280 -1 3294 3282 3296 -1 3159 3282 3161 -1 3282 3159 3296 -1 3162 3298 3160 -1 3298 3162 3284 -1 3300 3284 3286 -1 3284 3300 3298 -1 3189 3302 3187 -1 3302 3189 3245 -1 3245 3304 3302 -1 3304 3245 3244 -1 3273 3304 3244 -1 3304 3273 3288 -1 3230 3226 3216 -1 3226 3230 3269 -1 3312 3223 3224 -1 3223 3312 3242 -1 3222 3236 3221 -1 3236 3222 3241 -1 3270 3224 3225 -1 3224 3270 3312 -1 3221 3188 3186 -1 3188 3221 3236 -1 3285 3138 3061 -1 3138 3285 3140 -1 3287 3061 3058 -1 3061 3287 3285 -1 3241 3237 3236 -1 3237 3241 3243 -1 3281 3227 3228 -1 3227 3281 3265 -1 3242 3222 3223 -1 3222 3242 3241 -1 2966 3268 2969 -1 3268 2966 3313 -1 3283 3228 3229 -1 3228 3283 3281 -1 3139 3229 3137 -1 3229 3139 3283 -1 3272 3242 3312 -1 3242 3272 3240 -1 3275 3312 3270 -1 3312 3275 3272 -1 3263 3299 3261 -1 3299 3263 3276 -1 3185 3258 3183 -1 3258 3185 3301 -1 3301 3257 3258 -1 3257 3301 3303 -1 3257 3305 3255 -1 3305 3257 3303 -1 3255 3306 3253 -1 3306 3255 3305 -1 3253 3307 3277 -1 3307 3253 3306 -1 3277 3308 3247 -1 3308 3277 3307 -1 3247 3066 3118 -1 3066 3247 3308 -1 3099 3309 3248 -1 3309 3099 3101 -1 3248 3310 3250 -1 3310 3248 3309 -1 3250 3311 3314 -1 3311 3250 3310 -1 3314 3155 3153 -1 3155 3314 3311 -1 3264 2978 2976 -1 2978 3264 3106 -1 2965 3313 2966 -1 3313 2965 3175 -1 3315 2963 2959 -1 2963 3315 3316 -1 3141 2959 2961 -1 2959 3141 3315 -1 3317 2957 2953 -1 2957 3317 3142 -1 3318 2953 2955 -1 2953 3318 3317 -1 3319 2955 3266 -1 2955 3319 3318 -1 3086 3266 3069 -1 3266 3086 3319 -1 3320 3106 3264 -1 3106 3320 3173 -1 3321 3264 3239 -1 3264 3321 3320 -1 3322 3239 3238 -1 3239 3322 3321 -1 3323 3238 3267 -1 3238 3323 3322 -1 3324 3267 3268 -1 3267 3324 3323 -1 3313 3324 3268 -1 3324 3313 3325 -1 3175 3325 3313 -1 3325 3175 3176 -1 3326 3316 3315 -1 3316 3326 3327 -1 3141 3326 3315 -1 3326 3141 3143 -1 3328 3142 3317 -1 3142 3328 3144 -1 3329 3317 3318 -1 3317 3329 3328 -1 3330 3318 3319 -1 3318 3330 3329 -1 3088 3319 3086 -1 3319 3088 3330 -1 3331 3173 3320 -1 3173 3331 3165 -1 3332 3320 3321 -1 3320 3332 3331 -1 3333 3321 3322 -1 3321 3333 3332 -1 3334 3322 3323 -1 3322 3334 3333 -1 3335 3323 3324 -1 3323 3335 3334 -1 3325 3335 3324 -1 3335 3325 3336 -1 3176 3336 3325 -1 3336 3176 3177 -1 3337 3327 3326 -1 3327 3337 3338 -1 3143 3337 3326 -1 3337 3143 3145 -1 3339 3144 3328 -1 3144 3339 3146 -1 3340 3328 3329 -1 3328 3340 3339 -1 3341 3329 3330 -1 3329 3341 3340 -1 3090 3330 3088 -1 3330 3090 3341 -1 3331 3166 3165 -1 3166 3331 3342 -1 3332 3342 3331 -1 3342 3332 3343 -1 3333 3343 3332 -1 3343 3333 3344 -1 3334 3344 3333 -1 3344 3334 3345 -1 3335 3345 3334 -1 3345 3335 3346 -1 3336 3346 3335 -1 3346 3336 3347 -1 3177 3347 3336 -1 3347 3177 3178 -1 3337 3348 3338 -1 3348 3337 3349 -1 3145 3349 3337 -1 3349 3145 3147 -1 3339 3148 3146 -1 3148 3339 3350 -1 3340 3350 3339 -1 3350 3340 3351 -1 3341 3351 3340 -1 3351 3341 3352 -1 3090 3352 3341 -1 3352 3090 3092 -1 3342 3193 3166 -1 3193 3342 3353 -1 3343 3353 3342 -1 3353 3343 3354 -1 3344 3354 3343 -1 3354 3344 3355 -1 3345 3355 3344 -1 3355 3345 3356 -1 3346 3356 3345 -1 3356 3346 3357 -1 3347 3357 3346 -1 3357 3347 3358 -1 3178 3358 3347 -1 3358 3178 3179 -1 3349 3359 3348 -1 3359 3349 3360 -1 3147 3360 3349 -1 3360 3147 3149 -1 3350 3150 3148 -1 3150 3350 3361 -1 3351 3361 3350 -1 3361 3351 3362 -1 3352 3362 3351 -1 3362 3352 3363 -1 3092 3363 3352 -1 3363 3092 3094 -1 3353 3194 3193 -1 3194 3353 3364 -1 3354 3364 3353 -1 3364 3354 3365 -1 3355 3365 3354 -1 3365 3355 3366 -1 3356 3366 3355 -1 3366 3356 3367 -1 3357 3367 3356 -1 3367 3357 3368 -1 3358 3368 3357 -1 3368 3358 3369 -1 3179 3369 3358 -1 3369 3179 3180 -1 3360 3370 3359 -1 3370 3360 3371 -1 3149 3371 3360 -1 3371 3149 3151 -1 3361 3152 3150 -1 3152 3361 3372 -1 3362 3372 3361 -1 3372 3362 3251 -1 3363 3251 3362 -1 3251 3363 3249 -1 3094 3249 3363 -1 3249 3094 3096 -1 3364 3122 3194 -1 3122 3364 3246 -1 3365 3246 3364 -1 3246 3365 3278 -1 3366 3278 3365 -1 3278 3366 3254 -1 3367 3254 3366 -1 3254 3367 3252 -1 3368 3252 3367 -1 3252 3368 3256 -1 3259 3368 3369 -1 3368 3259 3256 -1 3181 3369 3180 -1 3369 3181 3259 -1 3371 3262 3370 -1 3262 3371 3260 -1 3151 3260 3371 -1 3260 3151 3154 -1 3372 3153 3152 -1 3153 3372 3314 -1 3251 3314 3372 -1 3314 3251 3250 -1 3373 2947 3071 -1 2947 3373 2945 -1 2945 3373 3025 -1 2945 3025 2946 -1 3128 3071 3072 -1 3071 3128 3373 -1 3373 3128 3046 -1 3373 3046 3025 -1 3084 3231 3082 -1 3231 3084 3230 -1 3230 3084 3234 -1 3234 3084 3374 -1 3104 3374 3084 -1 3374 3104 3234 -1 3234 3104 3232 -1 3232 3104 3375 -1 3064 3375 3104 -1 3375 3064 3232 -1 3232 3064 3065 -1 3065 3064 3063 -1 3376 3377 3378 -1 3377 3376 3379 -1 3376 3380 3381 -1 3380 3376 3378 -1 3381 3382 3383 -1 3382 3381 3380 -1 3384 3385 3386 -1 3385 3384 3387 -1 3388 3379 3376 -1 3379 3388 3389 -1 3388 3381 3390 -1 3381 3388 3376 -1 3390 3383 3391 -1 3383 3390 3381 -1 3386 3392 3393 -1 3392 3386 3385 -1 3394 3389 3388 -1 3389 3394 3395 -1 3396 3388 3390 -1 3388 3396 3394 -1 3396 3391 3397 -1 3391 3396 3390 -1 3393 3398 3399 -1 3398 3393 3392 -1 3400 3395 3394 -1 3395 3400 3401 -1 3402 3394 3396 -1 3394 3402 3400 -1 3402 3397 3403 -1 3397 3402 3396 -1 3404 3398 3405 -1 3398 3404 3399 -1 3406 3401 3400 -1 3401 3406 3407 -1 3406 3402 3408 -1 3402 3406 3400 -1 3408 3403 3409 -1 3403 3408 3402 -1 3410 3405 3411 -1 3405 3410 3404 -1 3412 3407 3406 -1 3407 3412 3413 -1 3414 3385 3387 -1 3385 3414 3392 -1 3392 3414 3415 -1 3392 3415 3398 -1 3398 3415 3416 -1 3398 3416 3405 -1 3405 3416 3417 -1 3405 3417 3411 -1 3411 3417 3418 -1 3411 3418 3419 -1 3419 3418 3420 -1 3419 3420 3421 -1 3421 3420 3422 -1 3421 3422 3423 -1 3423 3422 3424 -1 3423 3424 3425 -1 3425 3424 3426 -1 3425 3426 3427 -1 3427 3426 3428 -1 3427 3428 3429 -1 3429 3428 3430 -1 3429 3430 3431 -1 3432 3411 3419 -1 3411 3432 3410 -1 3412 3408 3433 -1 3408 3412 3406 -1 3433 3409 3434 -1 3409 3433 3408 -1 3435 3419 3421 -1 3419 3435 3432 -1 3436 3433 3437 -1 3433 3436 3412 -1 3437 3434 3438 -1 3434 3437 3433 -1 3436 3413 3412 -1 3413 3436 3439 -1 3386 3440 3384 -1 3440 3386 3382 -1 3382 3386 3383 -1 3383 3386 3393 -1 3383 3393 3391 -1 3391 3393 3399 -1 3391 3399 3397 -1 3397 3399 3404 -1 3397 3404 3403 -1 3403 3404 3410 -1 3403 3410 3409 -1 3409 3410 3432 -1 3409 3432 3434 -1 3434 3432 3435 -1 3434 3435 3438 -1 3438 3435 3441 -1 3441 3435 3442 -1 3441 3442 3443 -1 3443 3442 3444 -1 3443 3444 3445 -1 3445 3444 3446 -1 3445 3446 3447 -1 3447 3446 3448 -1 3447 3448 3449 -1 3440 3450 3451 -1 3450 3440 3382 -1 3451 3450 3452 -1 3451 3452 3453 -1 3453 3452 3454 -1 3453 3454 3455 -1 3455 3454 3456 -1 3455 3456 3457 -1 3457 3456 3458 -1 3457 3458 3459 -1 3459 3458 3460 -1 3459 3460 3461 -1 3459 3461 3462 -1 3462 3461 3463 -1 3462 3463 3464 -1 3464 3463 3465 -1 3464 3465 3466 -1 3466 3465 3467 -1 3466 3467 3468 -1 3468 3467 3469 -1 3468 3469 3470 -1 3470 3469 3449 -1 3470 3449 3448 -1 3470 3448 3471 -1 3379 3472 3377 -1 3472 3379 3389 -1 3472 3389 2963 -1 2963 3389 2962 -1 2962 3389 2989 -1 2989 3389 3395 -1 2989 3395 3003 -1 3003 3395 3401 -1 3003 3401 3017 -1 3017 3401 3407 -1 3017 3407 3033 -1 3033 3407 3413 -1 3033 3413 3051 -1 3051 3413 3439 -1 3051 3439 3168 -1 3168 3439 3206 -1 3206 3439 3473 -1 3206 3473 3207 -1 3207 3473 3474 -1 3207 3474 3060 -1 3060 3474 3475 -1 3060 3475 3058 -1 3058 3475 3476 -1 3058 3476 3287 -1 2963 3477 3472 -1 3477 2963 3316 -1 3477 3316 3327 -1 3477 3327 3478 -1 3478 3327 3338 -1 3478 3338 3479 -1 3479 3338 3348 -1 3479 3348 3480 -1 3480 3348 3359 -1 3480 3359 3481 -1 3481 3359 3370 -1 3481 3370 3262 -1 3481 3262 3482 -1 3482 3262 3261 -1 3482 3261 3483 -1 3483 3261 3299 -1 3483 3299 3484 -1 3484 3299 3300 -1 3484 3300 3485 -1 3485 3300 3286 -1 3485 3286 3486 -1 3486 3286 3287 -1 3486 3287 3476 -1 3486 3476 3487 -1 3488 3474 3473 -1 3474 3488 3489 -1 3490 3489 3488 -1 3489 3490 3491 -1 3491 3441 3443 -1 3441 3491 3490 -1 3444 3423 3425 -1 3423 3444 3442 -1 3489 3475 3474 -1 3475 3489 3492 -1 3491 3492 3489 -1 3492 3491 3493 -1 3445 3491 3443 -1 3491 3445 3493 -1 3427 3444 3425 -1 3444 3427 3446 -1 3436 3473 3439 -1 3473 3436 3488 -1 3490 3438 3441 -1 3438 3490 3437 -1 3488 3437 3490 -1 3437 3488 3436 -1 3442 3421 3423 -1 3421 3442 3435 -1 3462 3424 3422 -1 3424 3462 3464 -1 3494 3463 3461 -1 3463 3494 3495 -1 3496 3495 3494 -1 3495 3496 3497 -1 3483 3496 3482 -1 3496 3483 3497 -1 3429 3446 3427 -1 3446 3429 3448 -1 3498 3492 3493 -1 3492 3498 3499 -1 3447 3493 3445 -1 3493 3447 3498 -1 3487 3500 3486 -1 3500 3487 3501 -1 3502 3501 3503 -1 3501 3502 3500 -1 3469 3503 3449 -1 3503 3469 3502 -1 3430 3471 3431 -1 3471 3430 3470 -1 3485 3504 3484 -1 3504 3485 3505 -1 3505 3506 3504 -1 3506 3505 3507 -1 3467 3506 3507 -1 3506 3467 3465 -1 3426 3468 3428 -1 3468 3426 3466 -1 3486 3505 3485 -1 3505 3486 3500 -1 3502 3505 3500 -1 3505 3502 3507 -1 3469 3507 3502 -1 3507 3469 3467 -1 3430 3468 3470 -1 3468 3430 3428 -1 3492 3476 3475 -1 3476 3492 3499 -1 3503 3499 3498 -1 3499 3503 3501 -1 3449 3498 3447 -1 3498 3449 3503 -1 3431 3448 3429 -1 3448 3431 3471 -1 3499 3487 3476 -1 3487 3499 3501 -1 3484 3497 3483 -1 3497 3484 3504 -1 3504 3495 3497 -1 3495 3504 3506 -1 3495 3465 3463 -1 3465 3495 3506 -1 3464 3426 3424 -1 3426 3464 3466 -1 3440 3387 3384 -1 3387 3440 3414 -1 3508 3382 3380 -1 3382 3508 3450 -1 3509 3380 3378 -1 3380 3509 3508 -1 3377 3509 3378 -1 3509 3377 3472 -1 3451 3414 3440 -1 3414 3451 3415 -1 3510 3450 3508 -1 3450 3510 3452 -1 3511 3508 3509 -1 3508 3511 3510 -1 3472 3511 3509 -1 3511 3472 3477 -1 3453 3415 3451 -1 3415 3453 3416 -1 3512 3452 3510 -1 3452 3512 3454 -1 3511 3512 3510 -1 3512 3511 3513 -1 3477 3513 3511 -1 3513 3477 3478 -1 3453 3417 3416 -1 3417 3453 3455 -1 3512 3456 3454 -1 3456 3512 3514 -1 3513 3514 3512 -1 3514 3513 3515 -1 3478 3515 3513 -1 3515 3478 3479 -1 3455 3418 3417 -1 3418 3455 3457 -1 3514 3458 3456 -1 3458 3514 3516 -1 3515 3516 3514 -1 3516 3515 3517 -1 3479 3517 3515 -1 3517 3479 3480 -1 3457 3420 3418 -1 3420 3457 3459 -1 3516 3460 3458 -1 3460 3516 3518 -1 3517 3518 3516 -1 3518 3517 3519 -1 3480 3519 3517 -1 3519 3480 3481 -1 3459 3422 3420 -1 3422 3459 3462 -1 3518 3461 3460 -1 3461 3518 3494 -1 3519 3494 3518 -1 3494 3519 3496 -1 3482 3519 3481 -1 3519 3482 3496 -1 3520 3521 3522 -1 3521 3520 3523 -1 3523 3520 3524 -1 3524 3520 3525 -1 3526 3520 3522 -1 3520 3526 3527 -1 3528 3529 3530 -1 3529 3528 3531 -1 3529 3532 3530 -1 3532 3529 3533 -1 3534 3535 3536 -1 3535 3534 3537 -1 3535 3538 3536 -1 3538 3535 3539 -1 3540 3541 3542 -1 3541 3540 3543 -1 3544 3542 3545 -1 3542 3544 3540 -1 3544 3546 3547 -1 3546 3544 3545 -1 3547 3548 3549 -1 3548 3547 3546 -1 3549 3550 3551 -1 3550 3549 3548 -1 3551 3552 3553 -1 3552 3551 3550 -1 3553 3554 3555 -1 3554 3553 3552 -1 3556 3557 3558 -1 3557 3556 3559 -1 3558 3528 3560 -1 3528 3558 3557 -1 3560 3530 3561 -1 3530 3560 3528 -1 3530 3562 3561 -1 3562 3530 3532 -1 3563 3534 3536 -1 3534 3563 3564 -1 3536 3565 3563 -1 3565 3536 3538 -1 3566 3543 3540 -1 3543 3566 3567 -1 3568 3540 3544 -1 3540 3568 3566 -1 3568 3547 3569 -1 3547 3568 3544 -1 3569 3549 3570 -1 3549 3569 3547 -1 3570 3551 3571 -1 3551 3570 3549 -1 3571 3553 3527 -1 3553 3571 3551 -1 3527 3555 3520 -1 3555 3527 3553 -1 3572 3558 3573 -1 3558 3572 3556 -1 3573 3560 3574 -1 3560 3573 3558 -1 3574 3561 3575 -1 3561 3574 3560 -1 3561 3576 3575 -1 3576 3561 3562 -1 3577 3564 3563 -1 3564 3577 3578 -1 3563 3579 3577 -1 3579 3563 3565 -1 3580 3567 3566 -1 3567 3580 3581 -1 3582 3566 3568 -1 3566 3582 3580 -1 3582 3569 3583 -1 3569 3582 3568 -1 3583 3570 3584 -1 3570 3583 3569 -1 3584 3571 3585 -1 3571 3584 3570 -1 3585 3527 3526 -1 3527 3585 3571 -1 3586 3573 3587 -1 3573 3586 3572 -1 3587 3574 3588 -1 3574 3587 3573 -1 3588 3575 3589 -1 3575 3588 3574 -1 3589 3576 3590 -1 3576 3589 3575 -1 3591 3578 3577 -1 3578 3591 3592 -1 3591 3579 3593 -1 3579 3591 3577 -1 3594 3581 3580 -1 3581 3594 3595 -1 3596 3580 3582 -1 3580 3596 3594 -1 3596 3583 3597 -1 3583 3596 3582 -1 3597 3584 3598 -1 3584 3597 3583 -1 3598 3585 3599 -1 3585 3598 3584 -1 3599 3526 3600 -1 3526 3599 3585 -1 3600 3522 3601 -1 3522 3600 3526 -1 3602 3587 3603 -1 3587 3602 3586 -1 3603 3588 3604 -1 3588 3603 3587 -1 3604 3589 3605 -1 3589 3604 3588 -1 3605 3590 3606 -1 3590 3605 3589 -1 3607 3592 3591 -1 3592 3607 3608 -1 3607 3593 3609 -1 3593 3607 3591 -1 3610 3611 3612 -1 3611 3610 3613 -1 3610 3614 3615 -1 3614 3610 3612 -1 3615 3616 3617 -1 3616 3615 3614 -1 3617 3618 3619 -1 3618 3617 3616 -1 3619 3620 3621 -1 3620 3619 3618 -1 3620 3601 3622 -1 3601 3620 3600 -1 3616 3599 3618 -1 3599 3616 3598 -1 3612 3594 3596 -1 3594 3612 3611 -1 3611 3595 3594 -1 3595 3611 3623 -1 3621 3622 3624 -1 3622 3621 3620 -1 3613 3623 3611 -1 3623 3613 3625 -1 3626 3609 3627 -1 3609 3626 3607 -1 3628 3607 3626 -1 3607 3628 3608 -1 3618 3600 3620 -1 3600 3618 3599 -1 3629 3605 3630 -1 3605 3629 3604 -1 3630 3606 3631 -1 3606 3630 3605 -1 3614 3598 3616 -1 3598 3614 3597 -1 3632 3604 3629 -1 3604 3632 3603 -1 3612 3597 3614 -1 3597 3612 3596 -1 3633 3603 3632 -1 3603 3633 3602 -1 3634 3635 3636 -1 3635 3634 3637 -1 3638 3639 3640 -1 3639 3638 3641 -1 3641 3638 3642 -1 3642 3638 3643 -1 3559 3644 3645 -1 3644 3559 3646 -1 3646 3559 3556 -1 3646 3556 3524 -1 3524 3556 3572 -1 3524 3572 3523 -1 3523 3572 3586 -1 3523 3586 3647 -1 3647 3586 3602 -1 3647 3602 3648 -1 3648 3602 3633 -1 3648 3633 3649 -1 3649 3633 3650 -1 3649 3650 3651 -1 3651 3650 3652 -1 3652 3650 3653 -1 3652 3653 3654 -1 3654 3653 3655 -1 3654 3655 3656 -1 3656 3655 3657 -1 3656 3657 3658 -1 3658 3657 3659 -1 3658 3659 3660 -1 3660 3659 3661 -1 3644 3662 3645 -1 3662 3644 3663 -1 3662 3663 3664 -1 3664 3663 3665 -1 3664 3665 3666 -1 3666 3665 3667 -1 3666 3667 3668 -1 3668 3667 3669 -1 3668 3669 3670 -1 3670 3669 3671 -1 3670 3671 3672 -1 3672 3671 3673 -1 3672 3673 3674 -1 3672 3674 3675 -1 3675 3674 3676 -1 3675 3676 3677 -1 3677 3676 3638 -1 3677 3638 3678 -1 3678 3638 3640 -1 3678 3640 3679 -1 3679 3640 3680 -1 3679 3680 3681 -1 3681 3680 3660 -1 3681 3660 3661 -1 3682 3683 3554 -1 3683 3682 3644 -1 3644 3682 3663 -1 3663 3682 3684 -1 3685 3615 3686 -1 3615 3685 3610 -1 3687 3619 3688 -1 3619 3687 3617 -1 3689 3649 3651 -1 3649 3689 3690 -1 3690 3689 3691 -1 3690 3691 3624 -1 3686 3617 3687 -1 3617 3686 3615 -1 3688 3621 3692 -1 3621 3688 3619 -1 3692 3624 3691 -1 3624 3692 3621 -1 3693 3638 3676 -1 3638 3693 3643 -1 3643 3693 3694 -1 3643 3694 3642 -1 3695 3651 3652 -1 3651 3695 3689 -1 3689 3695 3696 -1 3689 3696 3691 -1 3697 3676 3674 -1 3676 3697 3693 -1 3693 3697 3698 -1 3693 3698 3694 -1 3685 3699 3700 -1 3699 3685 3701 -1 3701 3686 3702 -1 3686 3701 3685 -1 3700 3625 3613 -1 3625 3700 3703 -1 3685 3613 3610 -1 3613 3685 3700 -1 3690 3648 3649 -1 3648 3690 3704 -1 3704 3690 3624 -1 3704 3624 3622 -1 3534 3533 3537 -1 3533 3534 3532 -1 3532 3534 3564 -1 3532 3564 3562 -1 3562 3564 3578 -1 3562 3578 3576 -1 3576 3578 3592 -1 3576 3592 3590 -1 3590 3592 3608 -1 3590 3608 3606 -1 3606 3608 3628 -1 3606 3628 3631 -1 3631 3628 3705 -1 3631 3705 3706 -1 3706 3705 3707 -1 3707 3705 3708 -1 3707 3708 3709 -1 3709 3708 3710 -1 3709 3710 3711 -1 3711 3710 3712 -1 3711 3712 3713 -1 3713 3712 3714 -1 3713 3714 3715 -1 3715 3714 3716 -1 3533 3717 3537 -1 3717 3533 3718 -1 3717 3718 3719 -1 3719 3718 3720 -1 3719 3720 3721 -1 3721 3720 3722 -1 3721 3722 3723 -1 3723 3722 3724 -1 3723 3724 3725 -1 3725 3724 3726 -1 3725 3726 3727 -1 3727 3726 3728 -1 3727 3728 3729 -1 3727 3729 3730 -1 3730 3729 3731 -1 3730 3731 3732 -1 3732 3731 3733 -1 3732 3733 3734 -1 3734 3733 3735 -1 3734 3735 3736 -1 3736 3735 3737 -1 3736 3737 3738 -1 3738 3737 3715 -1 3738 3715 3716 -1 3739 3669 3667 -1 3669 3739 3740 -1 3740 3739 3741 -1 3740 3741 3742 -1 3705 3626 3743 -1 3626 3705 3628 -1 3743 3627 3744 -1 3627 3743 3626 -1 3745 3631 3706 -1 3631 3745 3630 -1 3746 3629 3747 -1 3629 3746 3632 -1 3747 3630 3745 -1 3630 3747 3629 -1 3650 3632 3746 -1 3632 3650 3633 -1 3741 3748 3749 -1 3748 3741 3665 -1 3665 3741 3667 -1 3667 3741 3739 -1 3554 3750 3555 -1 3750 3554 3646 -1 3646 3554 3644 -1 3644 3554 3683 -1 3543 3751 3541 -1 3751 3543 3567 -1 3751 3567 3752 -1 3752 3567 3581 -1 3752 3581 3753 -1 3753 3581 3595 -1 3753 3595 3754 -1 3754 3595 3623 -1 3754 3623 3755 -1 3755 3623 3625 -1 3755 3625 3756 -1 3756 3625 3703 -1 3756 3703 3757 -1 3757 3703 3758 -1 3757 3758 3759 -1 3759 3758 3760 -1 3759 3760 3761 -1 3761 3760 3762 -1 3761 3762 3763 -1 3763 3762 3764 -1 3763 3764 3765 -1 3765 3764 3766 -1 3555 3525 3520 -1 3525 3555 3524 -1 3524 3555 3646 -1 3646 3555 3750 -1 3767 3673 3671 -1 3673 3767 3768 -1 3768 3767 3769 -1 3768 3769 3770 -1 3702 3687 3771 -1 3687 3702 3686 -1 3771 3688 3772 -1 3688 3771 3687 -1 3772 3692 3773 -1 3692 3772 3688 -1 3773 3691 3696 -1 3691 3773 3692 -1 3655 3774 3775 -1 3774 3655 3653 -1 3775 3776 3777 -1 3776 3775 3774 -1 3777 3778 3779 -1 3778 3777 3776 -1 3779 3707 3709 -1 3707 3779 3778 -1 3780 3710 3708 -1 3710 3780 3781 -1 3781 3782 3783 -1 3782 3781 3780 -1 3699 3760 3758 -1 3760 3699 3784 -1 3701 3784 3699 -1 3784 3701 3785 -1 3785 3702 3786 -1 3702 3785 3701 -1 3786 3771 3787 -1 3771 3786 3702 -1 3787 3772 3788 -1 3772 3787 3771 -1 3788 3773 3789 -1 3773 3788 3772 -1 3789 3696 3790 -1 3696 3789 3773 -1 3656 3791 3654 -1 3791 3656 3790 -1 3790 3656 3792 -1 3792 3656 3793 -1 3794 3655 3775 -1 3655 3794 3657 -1 3795 3775 3777 -1 3775 3795 3794 -1 3796 3777 3779 -1 3777 3796 3795 -1 3711 3779 3709 -1 3779 3711 3796 -1 3781 3712 3710 -1 3712 3781 3635 -1 3636 3781 3783 -1 3781 3636 3635 -1 3791 3652 3654 -1 3652 3791 3695 -1 3695 3791 3790 -1 3695 3790 3696 -1 3784 3762 3760 -1 3762 3784 3797 -1 3785 3797 3784 -1 3797 3785 3798 -1 3799 3785 3786 -1 3785 3799 3798 -1 3800 3786 3787 -1 3786 3800 3799 -1 3801 3787 3788 -1 3787 3801 3800 -1 3802 3788 3789 -1 3788 3802 3801 -1 3792 3789 3790 -1 3789 3792 3802 -1 3803 3657 3794 -1 3657 3803 3659 -1 3804 3794 3795 -1 3794 3804 3803 -1 3805 3795 3796 -1 3795 3805 3804 -1 3713 3796 3711 -1 3796 3713 3805 -1 3635 3714 3712 -1 3714 3635 3637 -1 3776 3745 3778 -1 3745 3776 3747 -1 3653 3746 3774 -1 3746 3653 3650 -1 3774 3747 3776 -1 3747 3774 3746 -1 3768 3674 3673 -1 3674 3768 3697 -1 3697 3768 3770 -1 3697 3770 3698 -1 3778 3706 3707 -1 3706 3778 3745 -1 3743 3708 3705 -1 3708 3743 3780 -1 3780 3744 3782 -1 3744 3780 3743 -1 3658 3793 3656 -1 3793 3658 3792 -1 3792 3658 3806 -1 3806 3658 3807 -1 3740 3671 3669 -1 3671 3740 3767 -1 3767 3740 3742 -1 3767 3742 3769 -1 3749 3684 3682 -1 3684 3749 3663 -1 3663 3749 3665 -1 3665 3749 3748 -1 3700 3758 3703 -1 3758 3700 3699 -1 3808 3809 3810 -1 3809 3808 3811 -1 3812 3766 3764 -1 3766 3812 3813 -1 3814 3550 3548 -1 3550 3814 3815 -1 3816 3817 3818 -1 3817 3816 3819 -1 3813 3820 3821 -1 3820 3813 3819 -1 3766 3821 3765 -1 3821 3766 3813 -1 3822 3694 3698 -1 3694 3822 3823 -1 3672 3824 3825 -1 3824 3672 3675 -1 3825 3826 3827 -1 3826 3825 3824 -1 3828 3829 3830 -1 3829 3828 3831 -1 3832 3831 3828 -1 3831 3832 3833 -1 3834 3832 3835 -1 3832 3834 3833 -1 3759 3835 3757 -1 3835 3759 3834 -1 3836 3837 3838 -1 3837 3836 3839 -1 3732 3836 3730 -1 3836 3732 3839 -1 3815 3552 3550 -1 3552 3815 3840 -1 3841 3659 3803 -1 3659 3841 3661 -1 3557 3531 3528 -1 3531 3557 3842 -1 3843 3548 3546 -1 3548 3843 3814 -1 3844 3546 3545 -1 3546 3844 3843 -1 3845 3801 3802 -1 3801 3845 3846 -1 3847 3816 3848 -1 3816 3847 3849 -1 3559 3842 3557 -1 3842 3559 3645 -1 3850 3848 3851 -1 3848 3850 3847 -1 3734 3839 3732 -1 3839 3734 3852 -1 3849 3819 3816 -1 3819 3849 3820 -1 3811 3851 3809 -1 3851 3811 3850 -1 3830 3853 3854 -1 3853 3830 3829 -1 3854 3823 3822 -1 3823 3854 3853 -1 3809 3846 3845 -1 3846 3809 3851 -1 3810 3845 3806 -1 3845 3810 3809 -1 3855 3661 3841 -1 3661 3855 3681 -1 3856 3841 3857 -1 3841 3856 3855 -1 3858 3857 3859 -1 3857 3858 3856 -1 3737 3859 3715 -1 3859 3737 3858 -1 3860 3716 3861 -1 3716 3860 3738 -1 3862 3861 3863 -1 3861 3862 3860 -1 3847 3864 3849 -1 3864 3847 3865 -1 3850 3865 3847 -1 3865 3850 3866 -1 3811 3866 3850 -1 3866 3811 3867 -1 3808 3867 3811 -1 3867 3808 3641 -1 3868 3678 3679 -1 3678 3868 3869 -1 3870 3869 3868 -1 3869 3870 3871 -1 3872 3871 3870 -1 3871 3872 3873 -1 3733 3872 3735 -1 3872 3733 3873 -1 3736 3852 3734 -1 3852 3736 3874 -1 3875 3874 3876 -1 3874 3875 3852 -1 3763 3877 3761 -1 3877 3763 3878 -1 3878 3879 3877 -1 3879 3878 3880 -1 3864 3879 3880 -1 3879 3864 3881 -1 3865 3881 3864 -1 3881 3865 3882 -1 3866 3882 3865 -1 3882 3866 3883 -1 3867 3883 3866 -1 3883 3867 3884 -1 3641 3884 3867 -1 3884 3641 3642 -1 3677 3869 3885 -1 3869 3677 3678 -1 3885 3871 3886 -1 3871 3885 3869 -1 3886 3873 3887 -1 3873 3886 3871 -1 3887 3733 3731 -1 3733 3887 3873 -1 3855 3679 3681 -1 3679 3855 3868 -1 3856 3868 3855 -1 3868 3856 3870 -1 3858 3870 3856 -1 3870 3858 3872 -1 3735 3858 3737 -1 3858 3735 3872 -1 3738 3874 3736 -1 3874 3738 3860 -1 3876 3860 3862 -1 3860 3876 3874 -1 3765 3878 3763 -1 3878 3765 3821 -1 3821 3880 3878 -1 3880 3821 3820 -1 3849 3880 3820 -1 3880 3849 3864 -1 3806 3802 3792 -1 3802 3806 3845 -1 3888 3799 3800 -1 3799 3888 3818 -1 3798 3812 3797 -1 3812 3798 3817 -1 3846 3800 3801 -1 3800 3846 3888 -1 3797 3764 3762 -1 3764 3797 3812 -1 3861 3714 3637 -1 3714 3861 3716 -1 3863 3637 3634 -1 3637 3863 3861 -1 3817 3813 3812 -1 3813 3817 3819 -1 3857 3803 3804 -1 3803 3857 3841 -1 3818 3798 3799 -1 3798 3818 3817 -1 3542 3844 3545 -1 3844 3542 3889 -1 3859 3804 3805 -1 3804 3859 3857 -1 3715 3805 3713 -1 3805 3715 3859 -1 3848 3818 3888 -1 3818 3848 3816 -1 3851 3888 3846 -1 3888 3851 3848 -1 3839 3875 3837 -1 3875 3839 3852 -1 3761 3834 3759 -1 3834 3761 3877 -1 3877 3833 3834 -1 3833 3877 3879 -1 3833 3881 3831 -1 3881 3833 3879 -1 3831 3882 3829 -1 3882 3831 3881 -1 3829 3883 3853 -1 3883 3829 3882 -1 3853 3884 3823 -1 3884 3853 3883 -1 3823 3642 3694 -1 3642 3823 3884 -1 3675 3885 3824 -1 3885 3675 3677 -1 3824 3886 3826 -1 3886 3824 3885 -1 3826 3887 3890 -1 3887 3826 3886 -1 3890 3731 3729 -1 3731 3890 3887 -1 3840 3554 3552 -1 3554 3840 3682 -1 3541 3889 3542 -1 3889 3541 3751 -1 3891 3539 3535 -1 3539 3891 3892 -1 3717 3535 3537 -1 3535 3717 3891 -1 3893 3533 3529 -1 3533 3893 3718 -1 3894 3529 3531 -1 3529 3894 3893 -1 3895 3531 3842 -1 3531 3895 3894 -1 3662 3842 3645 -1 3842 3662 3895 -1 3896 3682 3840 -1 3682 3896 3749 -1 3897 3840 3815 -1 3840 3897 3896 -1 3898 3815 3814 -1 3815 3898 3897 -1 3899 3814 3843 -1 3814 3899 3898 -1 3900 3843 3844 -1 3843 3900 3899 -1 3889 3900 3844 -1 3900 3889 3901 -1 3751 3901 3889 -1 3901 3751 3752 -1 3902 3892 3891 -1 3892 3902 3903 -1 3717 3902 3891 -1 3902 3717 3719 -1 3904 3718 3893 -1 3718 3904 3720 -1 3905 3893 3894 -1 3893 3905 3904 -1 3906 3894 3895 -1 3894 3906 3905 -1 3664 3895 3662 -1 3895 3664 3906 -1 3907 3749 3896 -1 3749 3907 3741 -1 3908 3896 3897 -1 3896 3908 3907 -1 3909 3897 3898 -1 3897 3909 3908 -1 3910 3898 3899 -1 3898 3910 3909 -1 3911 3899 3900 -1 3899 3911 3910 -1 3901 3911 3900 -1 3911 3901 3912 -1 3752 3912 3901 -1 3912 3752 3753 -1 3913 3903 3902 -1 3903 3913 3914 -1 3719 3913 3902 -1 3913 3719 3721 -1 3915 3720 3904 -1 3720 3915 3722 -1 3916 3904 3905 -1 3904 3916 3915 -1 3917 3905 3906 -1 3905 3917 3916 -1 3666 3906 3664 -1 3906 3666 3917 -1 3907 3742 3741 -1 3742 3907 3918 -1 3908 3918 3907 -1 3918 3908 3919 -1 3909 3919 3908 -1 3919 3909 3920 -1 3910 3920 3909 -1 3920 3910 3921 -1 3911 3921 3910 -1 3921 3911 3922 -1 3912 3922 3911 -1 3922 3912 3923 -1 3753 3923 3912 -1 3923 3753 3754 -1 3913 3924 3914 -1 3924 3913 3925 -1 3721 3925 3913 -1 3925 3721 3723 -1 3915 3724 3722 -1 3724 3915 3926 -1 3916 3926 3915 -1 3926 3916 3927 -1 3917 3927 3916 -1 3927 3917 3928 -1 3666 3928 3917 -1 3928 3666 3668 -1 3918 3769 3742 -1 3769 3918 3929 -1 3919 3929 3918 -1 3929 3919 3930 -1 3920 3930 3919 -1 3930 3920 3931 -1 3921 3931 3920 -1 3931 3921 3932 -1 3922 3932 3921 -1 3932 3922 3933 -1 3923 3933 3922 -1 3933 3923 3934 -1 3754 3934 3923 -1 3934 3754 3755 -1 3925 3935 3924 -1 3935 3925 3936 -1 3723 3936 3925 -1 3936 3723 3725 -1 3926 3726 3724 -1 3726 3926 3937 -1 3927 3937 3926 -1 3937 3927 3938 -1 3928 3938 3927 -1 3938 3928 3939 -1 3668 3939 3928 -1 3939 3668 3670 -1 3929 3770 3769 -1 3770 3929 3940 -1 3930 3940 3929 -1 3940 3930 3941 -1 3931 3941 3930 -1 3941 3931 3942 -1 3932 3942 3931 -1 3942 3932 3943 -1 3933 3943 3932 -1 3943 3933 3944 -1 3934 3944 3933 -1 3944 3934 3945 -1 3755 3945 3934 -1 3945 3755 3756 -1 3936 3946 3935 -1 3946 3936 3947 -1 3725 3947 3936 -1 3947 3725 3727 -1 3937 3728 3726 -1 3728 3937 3948 -1 3938 3948 3937 -1 3948 3938 3827 -1 3939 3827 3938 -1 3827 3939 3825 -1 3670 3825 3939 -1 3825 3670 3672 -1 3940 3698 3770 -1 3698 3940 3822 -1 3941 3822 3940 -1 3822 3941 3854 -1 3942 3854 3941 -1 3854 3942 3830 -1 3943 3830 3942 -1 3830 3943 3828 -1 3944 3828 3943 -1 3828 3944 3832 -1 3835 3944 3945 -1 3944 3835 3832 -1 3757 3945 3756 -1 3945 3757 3835 -1 3947 3838 3946 -1 3838 3947 3836 -1 3727 3836 3947 -1 3836 3727 3730 -1 3948 3729 3728 -1 3729 3948 3890 -1 3827 3890 3948 -1 3890 3827 3826 -1 3949 3523 3647 -1 3523 3949 3521 -1 3521 3949 3601 -1 3521 3601 3522 -1 3704 3647 3648 -1 3647 3704 3949 -1 3949 3704 3622 -1 3949 3622 3601 -1 3660 3807 3658 -1 3807 3660 3806 -1 3806 3660 3810 -1 3810 3660 3950 -1 3680 3950 3660 -1 3950 3680 3810 -1 3810 3680 3808 -1 3808 3680 3951 -1 3640 3951 3680 -1 3951 3640 3808 -1 3808 3640 3641 -1 3641 3640 3639 -1 3952 3953 3954 -1 3953 3952 3955 -1 3952 3956 3957 -1 3956 3952 3954 -1 3957 3958 3959 -1 3958 3957 3956 -1 3960 3961 3962 -1 3961 3960 3963 -1 3964 3955 3952 -1 3955 3964 3965 -1 3964 3957 3966 -1 3957 3964 3952 -1 3966 3959 3967 -1 3959 3966 3957 -1 3962 3968 3969 -1 3968 3962 3961 -1 3970 3965 3964 -1 3965 3970 3971 -1 3972 3964 3966 -1 3964 3972 3970 -1 3972 3967 3973 -1 3967 3972 3966 -1 3969 3974 3975 -1 3974 3969 3968 -1 3976 3971 3970 -1 3971 3976 3977 -1 3978 3970 3972 -1 3970 3978 3976 -1 3978 3973 3979 -1 3973 3978 3972 -1 3980 3974 3981 -1 3974 3980 3975 -1 3982 3977 3976 -1 3977 3982 3983 -1 3982 3978 3984 -1 3978 3982 3976 -1 3984 3979 3985 -1 3979 3984 3978 -1 3986 3981 3987 -1 3981 3986 3980 -1 3988 3983 3982 -1 3983 3988 3989 -1 3990 3961 3963 -1 3961 3990 3968 -1 3968 3990 3991 -1 3968 3991 3974 -1 3974 3991 3992 -1 3974 3992 3981 -1 3981 3992 3993 -1 3981 3993 3987 -1 3987 3993 3994 -1 3987 3994 3995 -1 3995 3994 3996 -1 3995 3996 3997 -1 3997 3996 3998 -1 3997 3998 3999 -1 3999 3998 4000 -1 3999 4000 4001 -1 4001 4000 4002 -1 4001 4002 4003 -1 4003 4002 4004 -1 4003 4004 4005 -1 4005 4004 4006 -1 4005 4006 4007 -1 4008 3987 3995 -1 3987 4008 3986 -1 3988 3984 4009 -1 3984 3988 3982 -1 4009 3985 4010 -1 3985 4009 3984 -1 4011 3995 3997 -1 3995 4011 4008 -1 4012 4009 4013 -1 4009 4012 3988 -1 4013 4010 4014 -1 4010 4013 4009 -1 4012 3989 3988 -1 3989 4012 4015 -1 3962 4016 3960 -1 4016 3962 3958 -1 3958 3962 3959 -1 3959 3962 3969 -1 3959 3969 3967 -1 3967 3969 3975 -1 3967 3975 3973 -1 3973 3975 3980 -1 3973 3980 3979 -1 3979 3980 3986 -1 3979 3986 3985 -1 3985 3986 4008 -1 3985 4008 4010 -1 4010 4008 4011 -1 4010 4011 4014 -1 4014 4011 4017 -1 4017 4011 4018 -1 4017 4018 4019 -1 4019 4018 4020 -1 4019 4020 4021 -1 4021 4020 4022 -1 4021 4022 4023 -1 4023 4022 4024 -1 4023 4024 4025 -1 4016 4026 4027 -1 4026 4016 3958 -1 4027 4026 4028 -1 4027 4028 4029 -1 4029 4028 4030 -1 4029 4030 4031 -1 4031 4030 4032 -1 4031 4032 4033 -1 4033 4032 4034 -1 4033 4034 4035 -1 4035 4034 4036 -1 4035 4036 4037 -1 4035 4037 4038 -1 4038 4037 4039 -1 4038 4039 4040 -1 4040 4039 4041 -1 4040 4041 4042 -1 4042 4041 4043 -1 4042 4043 4044 -1 4044 4043 4045 -1 4044 4045 4046 -1 4046 4045 4025 -1 4046 4025 4024 -1 4046 4024 4047 -1 3955 4048 3953 -1 4048 3955 3965 -1 4048 3965 3539 -1 3539 3965 3538 -1 3538 3965 3565 -1 3565 3965 3971 -1 3565 3971 3579 -1 3579 3971 3977 -1 3579 3977 3593 -1 3593 3977 3983 -1 3593 3983 3609 -1 3609 3983 3989 -1 3609 3989 3627 -1 3627 3989 4015 -1 3627 4015 3744 -1 3744 4015 3782 -1 3782 4015 4049 -1 3782 4049 3783 -1 3783 4049 4050 -1 3783 4050 3636 -1 3636 4050 4051 -1 3636 4051 3634 -1 3634 4051 4052 -1 3634 4052 3863 -1 3539 4053 4048 -1 4053 3539 3892 -1 4053 3892 3903 -1 4053 3903 4054 -1 4054 3903 3914 -1 4054 3914 4055 -1 4055 3914 3924 -1 4055 3924 4056 -1 4056 3924 3935 -1 4056 3935 4057 -1 4057 3935 3946 -1 4057 3946 3838 -1 4057 3838 4058 -1 4058 3838 3837 -1 4058 3837 4059 -1 4059 3837 3875 -1 4059 3875 4060 -1 4060 3875 3876 -1 4060 3876 4061 -1 4061 3876 3862 -1 4061 3862 4062 -1 4062 3862 3863 -1 4062 3863 4052 -1 4062 4052 4063 -1 4064 4050 4049 -1 4050 4064 4065 -1 4066 4065 4064 -1 4065 4066 4067 -1 4067 4017 4019 -1 4017 4067 4066 -1 4020 3999 4001 -1 3999 4020 4018 -1 4065 4051 4050 -1 4051 4065 4068 -1 4067 4068 4065 -1 4068 4067 4069 -1 4021 4067 4019 -1 4067 4021 4069 -1 4003 4020 4001 -1 4020 4003 4022 -1 4012 4049 4015 -1 4049 4012 4064 -1 4066 4014 4017 -1 4014 4066 4013 -1 4064 4013 4066 -1 4013 4064 4012 -1 4018 3997 3999 -1 3997 4018 4011 -1 4038 4000 3998 -1 4000 4038 4040 -1 4070 4039 4037 -1 4039 4070 4071 -1 4072 4071 4070 -1 4071 4072 4073 -1 4059 4072 4058 -1 4072 4059 4073 -1 4005 4022 4003 -1 4022 4005 4024 -1 4074 4068 4069 -1 4068 4074 4075 -1 4023 4069 4021 -1 4069 4023 4074 -1 4063 4076 4062 -1 4076 4063 4077 -1 4078 4077 4079 -1 4077 4078 4076 -1 4045 4079 4025 -1 4079 4045 4078 -1 4006 4047 4007 -1 4047 4006 4046 -1 4061 4080 4060 -1 4080 4061 4081 -1 4081 4082 4080 -1 4082 4081 4083 -1 4043 4082 4083 -1 4082 4043 4041 -1 4002 4044 4004 -1 4044 4002 4042 -1 4062 4081 4061 -1 4081 4062 4076 -1 4078 4081 4076 -1 4081 4078 4083 -1 4045 4083 4078 -1 4083 4045 4043 -1 4006 4044 4046 -1 4044 4006 4004 -1 4068 4052 4051 -1 4052 4068 4075 -1 4079 4075 4074 -1 4075 4079 4077 -1 4025 4074 4023 -1 4074 4025 4079 -1 4007 4024 4005 -1 4024 4007 4047 -1 4075 4063 4052 -1 4063 4075 4077 -1 4060 4073 4059 -1 4073 4060 4080 -1 4080 4071 4073 -1 4071 4080 4082 -1 4071 4041 4039 -1 4041 4071 4082 -1 4040 4002 4000 -1 4002 4040 4042 -1 4016 3963 3960 -1 3963 4016 3990 -1 4084 3958 3956 -1 3958 4084 4026 -1 4085 3956 3954 -1 3956 4085 4084 -1 3953 4085 3954 -1 4085 3953 4048 -1 4027 3990 4016 -1 3990 4027 3991 -1 4086 4026 4084 -1 4026 4086 4028 -1 4087 4084 4085 -1 4084 4087 4086 -1 4048 4087 4085 -1 4087 4048 4053 -1 4029 3991 4027 -1 3991 4029 3992 -1 4088 4028 4086 -1 4028 4088 4030 -1 4087 4088 4086 -1 4088 4087 4089 -1 4053 4089 4087 -1 4089 4053 4054 -1 4029 3993 3992 -1 3993 4029 4031 -1 4088 4032 4030 -1 4032 4088 4090 -1 4089 4090 4088 -1 4090 4089 4091 -1 4054 4091 4089 -1 4091 4054 4055 -1 4031 3994 3993 -1 3994 4031 4033 -1 4090 4034 4032 -1 4034 4090 4092 -1 4091 4092 4090 -1 4092 4091 4093 -1 4055 4093 4091 -1 4093 4055 4056 -1 4033 3996 3994 -1 3996 4033 4035 -1 4092 4036 4034 -1 4036 4092 4094 -1 4093 4094 4092 -1 4094 4093 4095 -1 4056 4095 4093 -1 4095 4056 4057 -1 4035 3998 3996 -1 3998 4035 4038 -1 4094 4037 4036 -1 4037 4094 4070 -1 4095 4070 4094 -1 4070 4095 4072 -1 4058 4095 4057 -1 4095 4058 4072 -1 4096 4097 4098 -1 4097 4096 4099 -1 4099 4096 4100 -1 4100 4096 4101 -1 4102 4096 4098 -1 4096 4102 4103 -1 4104 4105 4106 -1 4105 4104 4107 -1 4105 4108 4106 -1 4108 4105 4109 -1 4110 4111 4112 -1 4111 4110 4113 -1 4111 4114 4112 -1 4114 4111 4115 -1 4116 4117 4118 -1 4117 4116 4119 -1 4120 4118 4121 -1 4118 4120 4116 -1 4120 4122 4123 -1 4122 4120 4121 -1 4123 4124 4125 -1 4124 4123 4122 -1 4125 4126 4127 -1 4126 4125 4124 -1 4127 4128 4129 -1 4128 4127 4126 -1 4129 4130 4131 -1 4130 4129 4128 -1 4132 4133 4134 -1 4133 4132 4135 -1 4134 4104 4136 -1 4104 4134 4133 -1 4136 4106 4137 -1 4106 4136 4104 -1 4106 4138 4137 -1 4138 4106 4108 -1 4139 4110 4112 -1 4110 4139 4140 -1 4112 4141 4139 -1 4141 4112 4114 -1 4142 4119 4116 -1 4119 4142 4143 -1 4144 4116 4120 -1 4116 4144 4142 -1 4144 4123 4145 -1 4123 4144 4120 -1 4145 4125 4146 -1 4125 4145 4123 -1 4146 4127 4147 -1 4127 4146 4125 -1 4147 4129 4103 -1 4129 4147 4127 -1 4103 4131 4096 -1 4131 4103 4129 -1 4148 4134 4149 -1 4134 4148 4132 -1 4149 4136 4150 -1 4136 4149 4134 -1 4150 4137 4151 -1 4137 4150 4136 -1 4137 4152 4151 -1 4152 4137 4138 -1 4153 4140 4139 -1 4140 4153 4154 -1 4139 4155 4153 -1 4155 4139 4141 -1 4156 4143 4142 -1 4143 4156 4157 -1 4158 4142 4144 -1 4142 4158 4156 -1 4158 4145 4159 -1 4145 4158 4144 -1 4159 4146 4160 -1 4146 4159 4145 -1 4160 4147 4161 -1 4147 4160 4146 -1 4161 4103 4102 -1 4103 4161 4147 -1 4162 4149 4163 -1 4149 4162 4148 -1 4163 4150 4164 -1 4150 4163 4149 -1 4164 4151 4165 -1 4151 4164 4150 -1 4165 4152 4166 -1 4152 4165 4151 -1 4167 4154 4153 -1 4154 4167 4168 -1 4167 4155 4169 -1 4155 4167 4153 -1 4170 4157 4156 -1 4157 4170 4171 -1 4172 4156 4158 -1 4156 4172 4170 -1 4172 4159 4173 -1 4159 4172 4158 -1 4173 4160 4174 -1 4160 4173 4159 -1 4174 4161 4175 -1 4161 4174 4160 -1 4175 4102 4176 -1 4102 4175 4161 -1 4176 4098 4177 -1 4098 4176 4102 -1 4178 4163 4179 -1 4163 4178 4162 -1 4179 4164 4180 -1 4164 4179 4163 -1 4180 4165 4181 -1 4165 4180 4164 -1 4181 4166 4182 -1 4166 4181 4165 -1 4183 4168 4167 -1 4168 4183 4184 -1 4183 4169 4185 -1 4169 4183 4167 -1 4186 4187 4188 -1 4187 4186 4189 -1 4186 4190 4191 -1 4190 4186 4188 -1 4191 4192 4193 -1 4192 4191 4190 -1 4193 4194 4195 -1 4194 4193 4192 -1 4195 4196 4197 -1 4196 4195 4194 -1 4196 4177 4198 -1 4177 4196 4176 -1 4192 4175 4194 -1 4175 4192 4174 -1 4188 4170 4172 -1 4170 4188 4187 -1 4187 4171 4170 -1 4171 4187 4199 -1 4197 4198 4200 -1 4198 4197 4196 -1 4189 4199 4187 -1 4199 4189 4201 -1 4202 4185 4203 -1 4185 4202 4183 -1 4204 4183 4202 -1 4183 4204 4184 -1 4194 4176 4196 -1 4176 4194 4175 -1 4205 4181 4206 -1 4181 4205 4180 -1 4206 4182 4207 -1 4182 4206 4181 -1 4190 4174 4192 -1 4174 4190 4173 -1 4208 4180 4205 -1 4180 4208 4179 -1 4188 4173 4190 -1 4173 4188 4172 -1 4209 4179 4208 -1 4179 4209 4178 -1 4210 4211 4212 -1 4211 4210 4213 -1 4214 4215 4216 -1 4215 4214 4217 -1 4217 4214 4218 -1 4218 4214 4219 -1 4135 4220 4221 -1 4220 4135 4222 -1 4222 4135 4132 -1 4222 4132 4100 -1 4100 4132 4148 -1 4100 4148 4099 -1 4099 4148 4162 -1 4099 4162 4223 -1 4223 4162 4178 -1 4223 4178 4224 -1 4224 4178 4209 -1 4224 4209 4225 -1 4225 4209 4226 -1 4225 4226 4227 -1 4227 4226 4228 -1 4228 4226 4229 -1 4228 4229 4230 -1 4230 4229 4231 -1 4230 4231 4232 -1 4232 4231 4233 -1 4232 4233 4234 -1 4234 4233 4235 -1 4234 4235 4236 -1 4236 4235 4237 -1 4220 4238 4221 -1 4238 4220 4239 -1 4238 4239 4240 -1 4240 4239 4241 -1 4240 4241 4242 -1 4242 4241 4243 -1 4242 4243 4244 -1 4244 4243 4245 -1 4244 4245 4246 -1 4246 4245 4247 -1 4246 4247 4248 -1 4248 4247 4249 -1 4248 4249 4250 -1 4248 4250 4251 -1 4251 4250 4252 -1 4251 4252 4253 -1 4253 4252 4214 -1 4253 4214 4254 -1 4254 4214 4216 -1 4254 4216 4255 -1 4255 4216 4256 -1 4255 4256 4257 -1 4257 4256 4236 -1 4257 4236 4237 -1 4258 4259 4130 -1 4259 4258 4220 -1 4220 4258 4239 -1 4239 4258 4260 -1 4261 4191 4262 -1 4191 4261 4186 -1 4263 4195 4264 -1 4195 4263 4193 -1 4265 4225 4227 -1 4225 4265 4266 -1 4266 4265 4267 -1 4266 4267 4200 -1 4262 4193 4263 -1 4193 4262 4191 -1 4264 4197 4268 -1 4197 4264 4195 -1 4268 4200 4267 -1 4200 4268 4197 -1 4269 4214 4252 -1 4214 4269 4219 -1 4219 4269 4270 -1 4219 4270 4218 -1 4271 4227 4228 -1 4227 4271 4265 -1 4265 4271 4272 -1 4265 4272 4267 -1 4273 4252 4250 -1 4252 4273 4269 -1 4269 4273 4274 -1 4269 4274 4270 -1 4261 4275 4276 -1 4275 4261 4277 -1 4277 4262 4278 -1 4262 4277 4261 -1 4276 4201 4189 -1 4201 4276 4279 -1 4261 4189 4186 -1 4189 4261 4276 -1 4266 4224 4225 -1 4224 4266 4280 -1 4280 4266 4200 -1 4280 4200 4198 -1 4110 4109 4113 -1 4109 4110 4108 -1 4108 4110 4140 -1 4108 4140 4138 -1 4138 4140 4154 -1 4138 4154 4152 -1 4152 4154 4168 -1 4152 4168 4166 -1 4166 4168 4184 -1 4166 4184 4182 -1 4182 4184 4204 -1 4182 4204 4207 -1 4207 4204 4281 -1 4207 4281 4282 -1 4282 4281 4283 -1 4283 4281 4284 -1 4283 4284 4285 -1 4285 4284 4286 -1 4285 4286 4287 -1 4287 4286 4288 -1 4287 4288 4289 -1 4289 4288 4290 -1 4289 4290 4291 -1 4291 4290 4292 -1 4109 4293 4113 -1 4293 4109 4294 -1 4293 4294 4295 -1 4295 4294 4296 -1 4295 4296 4297 -1 4297 4296 4298 -1 4297 4298 4299 -1 4299 4298 4300 -1 4299 4300 4301 -1 4301 4300 4302 -1 4301 4302 4303 -1 4303 4302 4304 -1 4303 4304 4305 -1 4303 4305 4306 -1 4306 4305 4307 -1 4306 4307 4308 -1 4308 4307 4309 -1 4308 4309 4310 -1 4310 4309 4311 -1 4310 4311 4312 -1 4312 4311 4313 -1 4312 4313 4314 -1 4314 4313 4291 -1 4314 4291 4292 -1 4315 4245 4243 -1 4245 4315 4316 -1 4316 4315 4317 -1 4316 4317 4318 -1 4281 4202 4319 -1 4202 4281 4204 -1 4319 4203 4320 -1 4203 4319 4202 -1 4321 4207 4282 -1 4207 4321 4206 -1 4322 4205 4323 -1 4205 4322 4208 -1 4323 4206 4321 -1 4206 4323 4205 -1 4226 4208 4322 -1 4208 4226 4209 -1 4317 4324 4325 -1 4324 4317 4241 -1 4241 4317 4243 -1 4243 4317 4315 -1 4130 4326 4131 -1 4326 4130 4222 -1 4222 4130 4220 -1 4220 4130 4259 -1 4119 4327 4117 -1 4327 4119 4143 -1 4327 4143 4328 -1 4328 4143 4157 -1 4328 4157 4329 -1 4329 4157 4171 -1 4329 4171 4330 -1 4330 4171 4199 -1 4330 4199 4331 -1 4331 4199 4201 -1 4331 4201 4332 -1 4332 4201 4279 -1 4332 4279 4333 -1 4333 4279 4334 -1 4333 4334 4335 -1 4335 4334 4336 -1 4335 4336 4337 -1 4337 4336 4338 -1 4337 4338 4339 -1 4339 4338 4340 -1 4339 4340 4341 -1 4341 4340 4342 -1 4131 4101 4096 -1 4101 4131 4100 -1 4100 4131 4222 -1 4222 4131 4326 -1 4343 4249 4247 -1 4249 4343 4344 -1 4344 4343 4345 -1 4344 4345 4346 -1 4278 4263 4347 -1 4263 4278 4262 -1 4347 4264 4348 -1 4264 4347 4263 -1 4348 4268 4349 -1 4268 4348 4264 -1 4349 4267 4272 -1 4267 4349 4268 -1 4231 4350 4351 -1 4350 4231 4229 -1 4351 4352 4353 -1 4352 4351 4350 -1 4353 4354 4355 -1 4354 4353 4352 -1 4355 4283 4285 -1 4283 4355 4354 -1 4356 4286 4284 -1 4286 4356 4357 -1 4357 4358 4359 -1 4358 4357 4356 -1 4275 4336 4334 -1 4336 4275 4360 -1 4277 4360 4275 -1 4360 4277 4361 -1 4361 4278 4362 -1 4278 4361 4277 -1 4362 4347 4363 -1 4347 4362 4278 -1 4363 4348 4364 -1 4348 4363 4347 -1 4364 4349 4365 -1 4349 4364 4348 -1 4365 4272 4366 -1 4272 4365 4349 -1 4232 4367 4230 -1 4367 4232 4366 -1 4366 4232 4368 -1 4368 4232 4369 -1 4370 4231 4351 -1 4231 4370 4233 -1 4371 4351 4353 -1 4351 4371 4370 -1 4372 4353 4355 -1 4353 4372 4371 -1 4287 4355 4285 -1 4355 4287 4372 -1 4357 4288 4286 -1 4288 4357 4211 -1 4212 4357 4359 -1 4357 4212 4211 -1 4367 4228 4230 -1 4228 4367 4271 -1 4271 4367 4366 -1 4271 4366 4272 -1 4360 4338 4336 -1 4338 4360 4373 -1 4361 4373 4360 -1 4373 4361 4374 -1 4375 4361 4362 -1 4361 4375 4374 -1 4376 4362 4363 -1 4362 4376 4375 -1 4377 4363 4364 -1 4363 4377 4376 -1 4378 4364 4365 -1 4364 4378 4377 -1 4368 4365 4366 -1 4365 4368 4378 -1 4379 4233 4370 -1 4233 4379 4235 -1 4380 4370 4371 -1 4370 4380 4379 -1 4381 4371 4372 -1 4371 4381 4380 -1 4289 4372 4287 -1 4372 4289 4381 -1 4211 4290 4288 -1 4290 4211 4213 -1 4352 4321 4354 -1 4321 4352 4323 -1 4229 4322 4350 -1 4322 4229 4226 -1 4350 4323 4352 -1 4323 4350 4322 -1 4344 4250 4249 -1 4250 4344 4273 -1 4273 4344 4346 -1 4273 4346 4274 -1 4354 4282 4283 -1 4282 4354 4321 -1 4319 4284 4281 -1 4284 4319 4356 -1 4356 4320 4358 -1 4320 4356 4319 -1 4234 4369 4232 -1 4369 4234 4368 -1 4368 4234 4382 -1 4382 4234 4383 -1 4316 4247 4245 -1 4247 4316 4343 -1 4343 4316 4318 -1 4343 4318 4345 -1 4325 4260 4258 -1 4260 4325 4239 -1 4239 4325 4241 -1 4241 4325 4324 -1 4276 4334 4279 -1 4334 4276 4275 -1 4384 4385 4386 -1 4385 4384 4387 -1 4388 4342 4340 -1 4342 4388 4389 -1 4390 4126 4124 -1 4126 4390 4391 -1 4392 4393 4394 -1 4393 4392 4395 -1 4389 4396 4397 -1 4396 4389 4395 -1 4342 4397 4341 -1 4397 4342 4389 -1 4398 4270 4274 -1 4270 4398 4399 -1 4248 4400 4401 -1 4400 4248 4251 -1 4401 4402 4403 -1 4402 4401 4400 -1 4404 4405 4406 -1 4405 4404 4407 -1 4408 4407 4404 -1 4407 4408 4409 -1 4410 4408 4411 -1 4408 4410 4409 -1 4335 4411 4333 -1 4411 4335 4410 -1 4412 4413 4414 -1 4413 4412 4415 -1 4308 4412 4306 -1 4412 4308 4415 -1 4391 4128 4126 -1 4128 4391 4416 -1 4417 4235 4379 -1 4235 4417 4237 -1 4133 4107 4104 -1 4107 4133 4418 -1 4419 4124 4122 -1 4124 4419 4390 -1 4420 4122 4121 -1 4122 4420 4419 -1 4421 4377 4378 -1 4377 4421 4422 -1 4423 4392 4424 -1 4392 4423 4425 -1 4135 4418 4133 -1 4418 4135 4221 -1 4426 4424 4427 -1 4424 4426 4423 -1 4310 4415 4308 -1 4415 4310 4428 -1 4425 4395 4392 -1 4395 4425 4396 -1 4387 4427 4385 -1 4427 4387 4426 -1 4406 4429 4430 -1 4429 4406 4405 -1 4430 4399 4398 -1 4399 4430 4429 -1 4385 4422 4421 -1 4422 4385 4427 -1 4386 4421 4382 -1 4421 4386 4385 -1 4431 4237 4417 -1 4237 4431 4257 -1 4432 4417 4433 -1 4417 4432 4431 -1 4434 4433 4435 -1 4433 4434 4432 -1 4313 4435 4291 -1 4435 4313 4434 -1 4436 4292 4437 -1 4292 4436 4314 -1 4438 4437 4439 -1 4437 4438 4436 -1 4423 4440 4425 -1 4440 4423 4441 -1 4426 4441 4423 -1 4441 4426 4442 -1 4387 4442 4426 -1 4442 4387 4443 -1 4384 4443 4387 -1 4443 4384 4217 -1 4444 4254 4255 -1 4254 4444 4445 -1 4446 4445 4444 -1 4445 4446 4447 -1 4448 4447 4446 -1 4447 4448 4449 -1 4309 4448 4311 -1 4448 4309 4449 -1 4312 4428 4310 -1 4428 4312 4450 -1 4451 4450 4452 -1 4450 4451 4428 -1 4339 4453 4337 -1 4453 4339 4454 -1 4454 4455 4453 -1 4455 4454 4456 -1 4440 4455 4456 -1 4455 4440 4457 -1 4441 4457 4440 -1 4457 4441 4458 -1 4442 4458 4441 -1 4458 4442 4459 -1 4443 4459 4442 -1 4459 4443 4460 -1 4217 4460 4443 -1 4460 4217 4218 -1 4253 4445 4461 -1 4445 4253 4254 -1 4461 4447 4462 -1 4447 4461 4445 -1 4462 4449 4463 -1 4449 4462 4447 -1 4463 4309 4307 -1 4309 4463 4449 -1 4431 4255 4257 -1 4255 4431 4444 -1 4432 4444 4431 -1 4444 4432 4446 -1 4434 4446 4432 -1 4446 4434 4448 -1 4311 4434 4313 -1 4434 4311 4448 -1 4314 4450 4312 -1 4450 4314 4436 -1 4452 4436 4438 -1 4436 4452 4450 -1 4341 4454 4339 -1 4454 4341 4397 -1 4397 4456 4454 -1 4456 4397 4396 -1 4425 4456 4396 -1 4456 4425 4440 -1 4382 4378 4368 -1 4378 4382 4421 -1 4464 4375 4376 -1 4375 4464 4394 -1 4374 4388 4373 -1 4388 4374 4393 -1 4422 4376 4377 -1 4376 4422 4464 -1 4373 4340 4338 -1 4340 4373 4388 -1 4437 4290 4213 -1 4290 4437 4292 -1 4439 4213 4210 -1 4213 4439 4437 -1 4393 4389 4388 -1 4389 4393 4395 -1 4433 4379 4380 -1 4379 4433 4417 -1 4394 4374 4375 -1 4374 4394 4393 -1 4118 4420 4121 -1 4420 4118 4465 -1 4435 4380 4381 -1 4380 4435 4433 -1 4291 4381 4289 -1 4381 4291 4435 -1 4424 4394 4464 -1 4394 4424 4392 -1 4427 4464 4422 -1 4464 4427 4424 -1 4415 4451 4413 -1 4451 4415 4428 -1 4337 4410 4335 -1 4410 4337 4453 -1 4453 4409 4410 -1 4409 4453 4455 -1 4409 4457 4407 -1 4457 4409 4455 -1 4407 4458 4405 -1 4458 4407 4457 -1 4405 4459 4429 -1 4459 4405 4458 -1 4429 4460 4399 -1 4460 4429 4459 -1 4399 4218 4270 -1 4218 4399 4460 -1 4251 4461 4400 -1 4461 4251 4253 -1 4400 4462 4402 -1 4462 4400 4461 -1 4402 4463 4466 -1 4463 4402 4462 -1 4466 4307 4305 -1 4307 4466 4463 -1 4416 4130 4128 -1 4130 4416 4258 -1 4117 4465 4118 -1 4465 4117 4327 -1 4467 4115 4111 -1 4115 4467 4468 -1 4293 4111 4113 -1 4111 4293 4467 -1 4469 4109 4105 -1 4109 4469 4294 -1 4470 4105 4107 -1 4105 4470 4469 -1 4471 4107 4418 -1 4107 4471 4470 -1 4238 4418 4221 -1 4418 4238 4471 -1 4472 4258 4416 -1 4258 4472 4325 -1 4473 4416 4391 -1 4416 4473 4472 -1 4474 4391 4390 -1 4391 4474 4473 -1 4475 4390 4419 -1 4390 4475 4474 -1 4476 4419 4420 -1 4419 4476 4475 -1 4465 4476 4420 -1 4476 4465 4477 -1 4327 4477 4465 -1 4477 4327 4328 -1 4478 4468 4467 -1 4468 4478 4479 -1 4293 4478 4467 -1 4478 4293 4295 -1 4480 4294 4469 -1 4294 4480 4296 -1 4481 4469 4470 -1 4469 4481 4480 -1 4482 4470 4471 -1 4470 4482 4481 -1 4240 4471 4238 -1 4471 4240 4482 -1 4483 4325 4472 -1 4325 4483 4317 -1 4484 4472 4473 -1 4472 4484 4483 -1 4485 4473 4474 -1 4473 4485 4484 -1 4486 4474 4475 -1 4474 4486 4485 -1 4487 4475 4476 -1 4475 4487 4486 -1 4477 4487 4476 -1 4487 4477 4488 -1 4328 4488 4477 -1 4488 4328 4329 -1 4489 4479 4478 -1 4479 4489 4490 -1 4295 4489 4478 -1 4489 4295 4297 -1 4491 4296 4480 -1 4296 4491 4298 -1 4492 4480 4481 -1 4480 4492 4491 -1 4493 4481 4482 -1 4481 4493 4492 -1 4242 4482 4240 -1 4482 4242 4493 -1 4483 4318 4317 -1 4318 4483 4494 -1 4484 4494 4483 -1 4494 4484 4495 -1 4485 4495 4484 -1 4495 4485 4496 -1 4486 4496 4485 -1 4496 4486 4497 -1 4487 4497 4486 -1 4497 4487 4498 -1 4488 4498 4487 -1 4498 4488 4499 -1 4329 4499 4488 -1 4499 4329 4330 -1 4489 4500 4490 -1 4500 4489 4501 -1 4297 4501 4489 -1 4501 4297 4299 -1 4491 4300 4298 -1 4300 4491 4502 -1 4492 4502 4491 -1 4502 4492 4503 -1 4493 4503 4492 -1 4503 4493 4504 -1 4242 4504 4493 -1 4504 4242 4244 -1 4494 4345 4318 -1 4345 4494 4505 -1 4495 4505 4494 -1 4505 4495 4506 -1 4496 4506 4495 -1 4506 4496 4507 -1 4497 4507 4496 -1 4507 4497 4508 -1 4498 4508 4497 -1 4508 4498 4509 -1 4499 4509 4498 -1 4509 4499 4510 -1 4330 4510 4499 -1 4510 4330 4331 -1 4501 4511 4500 -1 4511 4501 4512 -1 4299 4512 4501 -1 4512 4299 4301 -1 4502 4302 4300 -1 4302 4502 4513 -1 4503 4513 4502 -1 4513 4503 4514 -1 4504 4514 4503 -1 4514 4504 4515 -1 4244 4515 4504 -1 4515 4244 4246 -1 4505 4346 4345 -1 4346 4505 4516 -1 4506 4516 4505 -1 4516 4506 4517 -1 4507 4517 4506 -1 4517 4507 4518 -1 4508 4518 4507 -1 4518 4508 4519 -1 4509 4519 4508 -1 4519 4509 4520 -1 4510 4520 4509 -1 4520 4510 4521 -1 4331 4521 4510 -1 4521 4331 4332 -1 4512 4522 4511 -1 4522 4512 4523 -1 4301 4523 4512 -1 4523 4301 4303 -1 4513 4304 4302 -1 4304 4513 4524 -1 4514 4524 4513 -1 4524 4514 4403 -1 4515 4403 4514 -1 4403 4515 4401 -1 4246 4401 4515 -1 4401 4246 4248 -1 4516 4274 4346 -1 4274 4516 4398 -1 4517 4398 4516 -1 4398 4517 4430 -1 4518 4430 4517 -1 4430 4518 4406 -1 4519 4406 4518 -1 4406 4519 4404 -1 4520 4404 4519 -1 4404 4520 4408 -1 4411 4520 4521 -1 4520 4411 4408 -1 4333 4521 4332 -1 4521 4333 4411 -1 4523 4414 4522 -1 4414 4523 4412 -1 4303 4412 4523 -1 4412 4303 4306 -1 4524 4305 4304 -1 4305 4524 4466 -1 4403 4466 4524 -1 4466 4403 4402 -1 4525 4099 4223 -1 4099 4525 4097 -1 4097 4525 4177 -1 4097 4177 4098 -1 4280 4223 4224 -1 4223 4280 4525 -1 4525 4280 4198 -1 4525 4198 4177 -1 4236 4383 4234 -1 4383 4236 4382 -1 4382 4236 4386 -1 4386 4236 4526 -1 4256 4526 4236 -1 4526 4256 4386 -1 4386 4256 4384 -1 4384 4256 4527 -1 4216 4527 4256 -1 4527 4216 4384 -1 4384 4216 4217 -1 4217 4216 4215 -1 4528 4529 4530 -1 4529 4528 4531 -1 4528 4532 4533 -1 4532 4528 4530 -1 4533 4534 4535 -1 4534 4533 4532 -1 4536 4537 4538 -1 4537 4536 4539 -1 4540 4531 4528 -1 4531 4540 4541 -1 4540 4533 4542 -1 4533 4540 4528 -1 4542 4535 4543 -1 4535 4542 4533 -1 4538 4544 4545 -1 4544 4538 4537 -1 4546 4541 4540 -1 4541 4546 4547 -1 4548 4540 4542 -1 4540 4548 4546 -1 4548 4543 4549 -1 4543 4548 4542 -1 4545 4550 4551 -1 4550 4545 4544 -1 4552 4547 4546 -1 4547 4552 4553 -1 4554 4546 4548 -1 4546 4554 4552 -1 4554 4549 4555 -1 4549 4554 4548 -1 4556 4550 4557 -1 4550 4556 4551 -1 4558 4553 4552 -1 4553 4558 4559 -1 4558 4554 4560 -1 4554 4558 4552 -1 4560 4555 4561 -1 4555 4560 4554 -1 4562 4557 4563 -1 4557 4562 4556 -1 4564 4559 4558 -1 4559 4564 4565 -1 4566 4537 4539 -1 4537 4566 4544 -1 4544 4566 4567 -1 4544 4567 4550 -1 4550 4567 4568 -1 4550 4568 4557 -1 4557 4568 4569 -1 4557 4569 4563 -1 4563 4569 4570 -1 4563 4570 4571 -1 4571 4570 4572 -1 4571 4572 4573 -1 4573 4572 4574 -1 4573 4574 4575 -1 4575 4574 4576 -1 4575 4576 4577 -1 4577 4576 4578 -1 4577 4578 4579 -1 4579 4578 4580 -1 4579 4580 4581 -1 4581 4580 4582 -1 4581 4582 4583 -1 4584 4563 4571 -1 4563 4584 4562 -1 4564 4560 4585 -1 4560 4564 4558 -1 4585 4561 4586 -1 4561 4585 4560 -1 4587 4571 4573 -1 4571 4587 4584 -1 4588 4585 4589 -1 4585 4588 4564 -1 4589 4586 4590 -1 4586 4589 4585 -1 4588 4565 4564 -1 4565 4588 4591 -1 4538 4592 4536 -1 4592 4538 4534 -1 4534 4538 4535 -1 4535 4538 4545 -1 4535 4545 4543 -1 4543 4545 4551 -1 4543 4551 4549 -1 4549 4551 4556 -1 4549 4556 4555 -1 4555 4556 4562 -1 4555 4562 4561 -1 4561 4562 4584 -1 4561 4584 4586 -1 4586 4584 4587 -1 4586 4587 4590 -1 4590 4587 4593 -1 4593 4587 4594 -1 4593 4594 4595 -1 4595 4594 4596 -1 4595 4596 4597 -1 4597 4596 4598 -1 4597 4598 4599 -1 4599 4598 4600 -1 4599 4600 4601 -1 4592 4602 4603 -1 4602 4592 4534 -1 4603 4602 4604 -1 4603 4604 4605 -1 4605 4604 4606 -1 4605 4606 4607 -1 4607 4606 4608 -1 4607 4608 4609 -1 4609 4608 4610 -1 4609 4610 4611 -1 4611 4610 4612 -1 4611 4612 4613 -1 4611 4613 4614 -1 4614 4613 4615 -1 4614 4615 4616 -1 4616 4615 4617 -1 4616 4617 4618 -1 4618 4617 4619 -1 4618 4619 4620 -1 4620 4619 4621 -1 4620 4621 4622 -1 4622 4621 4601 -1 4622 4601 4600 -1 4622 4600 4623 -1 4531 4624 4529 -1 4624 4531 4541 -1 4624 4541 4115 -1 4115 4541 4114 -1 4114 4541 4141 -1 4141 4541 4547 -1 4141 4547 4155 -1 4155 4547 4553 -1 4155 4553 4169 -1 4169 4553 4559 -1 4169 4559 4185 -1 4185 4559 4565 -1 4185 4565 4203 -1 4203 4565 4591 -1 4203 4591 4320 -1 4320 4591 4358 -1 4358 4591 4625 -1 4358 4625 4359 -1 4359 4625 4626 -1 4359 4626 4212 -1 4212 4626 4627 -1 4212 4627 4210 -1 4210 4627 4628 -1 4210 4628 4439 -1 4115 4629 4624 -1 4629 4115 4468 -1 4629 4468 4479 -1 4629 4479 4630 -1 4630 4479 4490 -1 4630 4490 4631 -1 4631 4490 4500 -1 4631 4500 4632 -1 4632 4500 4511 -1 4632 4511 4633 -1 4633 4511 4522 -1 4633 4522 4414 -1 4633 4414 4634 -1 4634 4414 4413 -1 4634 4413 4635 -1 4635 4413 4451 -1 4635 4451 4636 -1 4636 4451 4452 -1 4636 4452 4637 -1 4637 4452 4438 -1 4637 4438 4638 -1 4638 4438 4439 -1 4638 4439 4628 -1 4638 4628 4639 -1 4640 4626 4625 -1 4626 4640 4641 -1 4642 4641 4640 -1 4641 4642 4643 -1 4643 4593 4595 -1 4593 4643 4642 -1 4596 4575 4577 -1 4575 4596 4594 -1 4641 4627 4626 -1 4627 4641 4644 -1 4643 4644 4641 -1 4644 4643 4645 -1 4597 4643 4595 -1 4643 4597 4645 -1 4579 4596 4577 -1 4596 4579 4598 -1 4588 4625 4591 -1 4625 4588 4640 -1 4642 4590 4593 -1 4590 4642 4589 -1 4640 4589 4642 -1 4589 4640 4588 -1 4594 4573 4575 -1 4573 4594 4587 -1 4614 4576 4574 -1 4576 4614 4616 -1 4646 4615 4613 -1 4615 4646 4647 -1 4648 4647 4646 -1 4647 4648 4649 -1 4635 4648 4634 -1 4648 4635 4649 -1 4581 4598 4579 -1 4598 4581 4600 -1 4650 4644 4645 -1 4644 4650 4651 -1 4599 4645 4597 -1 4645 4599 4650 -1 4639 4652 4638 -1 4652 4639 4653 -1 4654 4653 4655 -1 4653 4654 4652 -1 4621 4655 4601 -1 4655 4621 4654 -1 4582 4623 4583 -1 4623 4582 4622 -1 4637 4656 4636 -1 4656 4637 4657 -1 4657 4658 4656 -1 4658 4657 4659 -1 4619 4658 4659 -1 4658 4619 4617 -1 4578 4620 4580 -1 4620 4578 4618 -1 4638 4657 4637 -1 4657 4638 4652 -1 4654 4657 4652 -1 4657 4654 4659 -1 4621 4659 4654 -1 4659 4621 4619 -1 4582 4620 4622 -1 4620 4582 4580 -1 4644 4628 4627 -1 4628 4644 4651 -1 4655 4651 4650 -1 4651 4655 4653 -1 4601 4650 4599 -1 4650 4601 4655 -1 4583 4600 4581 -1 4600 4583 4623 -1 4651 4639 4628 -1 4639 4651 4653 -1 4636 4649 4635 -1 4649 4636 4656 -1 4656 4647 4649 -1 4647 4656 4658 -1 4647 4617 4615 -1 4617 4647 4658 -1 4616 4578 4576 -1 4578 4616 4618 -1 4592 4539 4536 -1 4539 4592 4566 -1 4660 4534 4532 -1 4534 4660 4602 -1 4661 4532 4530 -1 4532 4661 4660 -1 4529 4661 4530 -1 4661 4529 4624 -1 4603 4566 4592 -1 4566 4603 4567 -1 4662 4602 4660 -1 4602 4662 4604 -1 4663 4660 4661 -1 4660 4663 4662 -1 4624 4663 4661 -1 4663 4624 4629 -1 4605 4567 4603 -1 4567 4605 4568 -1 4664 4604 4662 -1 4604 4664 4606 -1 4663 4664 4662 -1 4664 4663 4665 -1 4629 4665 4663 -1 4665 4629 4630 -1 4605 4569 4568 -1 4569 4605 4607 -1 4664 4608 4606 -1 4608 4664 4666 -1 4665 4666 4664 -1 4666 4665 4667 -1 4630 4667 4665 -1 4667 4630 4631 -1 4607 4570 4569 -1 4570 4607 4609 -1 4666 4610 4608 -1 4610 4666 4668 -1 4667 4668 4666 -1 4668 4667 4669 -1 4631 4669 4667 -1 4669 4631 4632 -1 4609 4572 4570 -1 4572 4609 4611 -1 4668 4612 4610 -1 4612 4668 4670 -1 4669 4670 4668 -1 4670 4669 4671 -1 4632 4671 4669 -1 4671 4632 4633 -1 4611 4574 4572 -1 4574 4611 4614 -1 4670 4613 4612 -1 4613 4670 4646 -1 4671 4646 4670 -1 4646 4671 4648 -1 4634 4671 4633 -1 4671 4634 4648 -1 4672 4673 4674 -1 4673 4672 4675 -1 4676 4677 4678 -1 4677 4676 4679 -1 4679 4676 4680 -1 4680 4676 4681 -1 4681 4676 4682 -1 4681 4682 4675 -1 4675 4682 4673 -1 4679 4683 4677 -1 4678 4684 4685 -1 4684 4678 4686 -1 4684 4686 4687 -1 4686 4678 4688 -1 4689 4690 4691 -1 4685 4692 4693 -1 4692 4685 4691 -1 4691 4685 4684 -1 4692 4691 4690 -1 4692 4690 4694 -1 4695 4678 4685 -1 4678 4695 4676 -1 4679 4696 4683 -1 4697 4698 4699 -1 4698 4697 4683 -1 4683 4697 4700 -1 4683 4700 4688 -1 4683 4688 4678 -1 4683 4678 4677 -1 4696 4695 4685 -1 4695 4696 4701 -1 4695 4701 4702 -1 4695 4702 4703 -1 4703 4702 4672 -1 4703 4672 4674 -1 4680 4702 4701 -1 4702 4680 4675 -1 4675 4680 4681 -1 4675 4672 4702 -1 4673 4703 4674 -1 4703 4673 4695 -1 4695 4673 4676 -1 4676 4673 4682 -1 4679 4701 4696 -1 4701 4679 4680 -1 4704 4705 4706 -1 4705 4704 4707 -1 4707 4697 4708 -1 4697 4707 4704 -1 4697 4704 4709 -1 4697 4709 4700 -1 4699 4693 4692 -1 4693 4699 4710 -1 4710 4699 4698 -1 4691 4706 4705 -1 4706 4691 4684 -1 4708 4694 4690 -1 4694 4708 4697 -1 4690 4707 4708 -1 4707 4690 4689 -1 4705 4689 4691 -1 4689 4705 4707 -1 4687 4706 4684 -1 4706 4687 4704 -1 4687 4709 4704 -1 4709 4687 4686 -1 4700 4686 4688 -1 4686 4700 4709 -1 4698 4696 4710 -1 4696 4698 4679 -1 4679 4698 4683 -1 4694 4699 4692 -1 4699 4694 4697 -1 4710 4685 4693 -1 4685 4710 4696 -1 4711 4712 4713 -1 4712 4711 4714 -1 4714 4711 4715 -1 4715 4711 4716 -1 4717 4711 4713 -1 4711 4717 4718 -1 4719 4720 4721 -1 4720 4719 4722 -1 4720 4723 4721 -1 4723 4720 4724 -1 4725 4726 4727 -1 4726 4725 4728 -1 4726 4729 4727 -1 4729 4726 4730 -1 4731 4732 4733 -1 4732 4731 4734 -1 4735 4733 4736 -1 4733 4735 4731 -1 4735 4737 4738 -1 4737 4735 4736 -1 4738 4739 4740 -1 4739 4738 4737 -1 4740 4741 4742 -1 4741 4740 4739 -1 4742 4743 4744 -1 4743 4742 4741 -1 4744 4745 4746 -1 4745 4744 4743 -1 4747 4748 4749 -1 4748 4747 4750 -1 4749 4719 4751 -1 4719 4749 4748 -1 4751 4721 4752 -1 4721 4751 4719 -1 4721 4753 4752 -1 4753 4721 4723 -1 4754 4725 4727 -1 4725 4754 4755 -1 4727 4756 4754 -1 4756 4727 4729 -1 4757 4734 4731 -1 4734 4757 4758 -1 4759 4731 4735 -1 4731 4759 4757 -1 4759 4738 4760 -1 4738 4759 4735 -1 4760 4740 4761 -1 4740 4760 4738 -1 4761 4742 4762 -1 4742 4761 4740 -1 4762 4744 4718 -1 4744 4762 4742 -1 4718 4746 4711 -1 4746 4718 4744 -1 4763 4749 4764 -1 4749 4763 4747 -1 4764 4751 4765 -1 4751 4764 4749 -1 4765 4752 4766 -1 4752 4765 4751 -1 4752 4767 4766 -1 4767 4752 4753 -1 4768 4755 4754 -1 4755 4768 4769 -1 4754 4770 4768 -1 4770 4754 4756 -1 4771 4758 4757 -1 4758 4771 4772 -1 4773 4757 4759 -1 4757 4773 4771 -1 4773 4760 4774 -1 4760 4773 4759 -1 4774 4761 4775 -1 4761 4774 4760 -1 4775 4762 4776 -1 4762 4775 4761 -1 4776 4718 4717 -1 4718 4776 4762 -1 4777 4764 4778 -1 4764 4777 4763 -1 4778 4765 4779 -1 4765 4778 4764 -1 4779 4766 4780 -1 4766 4779 4765 -1 4780 4767 4781 -1 4767 4780 4766 -1 4782 4769 4768 -1 4769 4782 4783 -1 4782 4770 4784 -1 4770 4782 4768 -1 4785 4772 4771 -1 4772 4785 4786 -1 4787 4771 4773 -1 4771 4787 4785 -1 4787 4774 4788 -1 4774 4787 4773 -1 4788 4775 4789 -1 4775 4788 4774 -1 4789 4776 4790 -1 4776 4789 4775 -1 4790 4717 4791 -1 4717 4790 4776 -1 4791 4713 4792 -1 4713 4791 4717 -1 4793 4778 4794 -1 4778 4793 4777 -1 4794 4779 4795 -1 4779 4794 4778 -1 4795 4780 4796 -1 4780 4795 4779 -1 4796 4781 4797 -1 4781 4796 4780 -1 4798 4783 4782 -1 4783 4798 4799 -1 4798 4784 4800 -1 4784 4798 4782 -1 4801 4802 4803 -1 4802 4801 4804 -1 4801 4805 4806 -1 4805 4801 4803 -1 4806 4807 4808 -1 4807 4806 4805 -1 4808 4809 4810 -1 4809 4808 4807 -1 4810 4811 4812 -1 4811 4810 4809 -1 4811 4792 4813 -1 4792 4811 4791 -1 4807 4790 4809 -1 4790 4807 4789 -1 4803 4785 4787 -1 4785 4803 4802 -1 4802 4786 4785 -1 4786 4802 4814 -1 4812 4813 4815 -1 4813 4812 4811 -1 4804 4814 4802 -1 4814 4804 4816 -1 4817 4800 4818 -1 4800 4817 4798 -1 4819 4798 4817 -1 4798 4819 4799 -1 4809 4791 4811 -1 4791 4809 4790 -1 4820 4796 4821 -1 4796 4820 4795 -1 4821 4797 4822 -1 4797 4821 4796 -1 4805 4789 4807 -1 4789 4805 4788 -1 4823 4795 4820 -1 4795 4823 4794 -1 4803 4788 4805 -1 4788 4803 4787 -1 4824 4794 4823 -1 4794 4824 4793 -1 4825 4826 4827 -1 4826 4825 4828 -1 4829 4830 4831 -1 4830 4829 4832 -1 4832 4829 4833 -1 4833 4829 4834 -1 4750 4835 4836 -1 4835 4750 4837 -1 4837 4750 4747 -1 4837 4747 4715 -1 4715 4747 4763 -1 4715 4763 4714 -1 4714 4763 4777 -1 4714 4777 4838 -1 4838 4777 4793 -1 4838 4793 4839 -1 4839 4793 4824 -1 4839 4824 4840 -1 4840 4824 4841 -1 4840 4841 4842 -1 4842 4841 4843 -1 4843 4841 4844 -1 4843 4844 4845 -1 4845 4844 4846 -1 4845 4846 4847 -1 4847 4846 4848 -1 4847 4848 4849 -1 4849 4848 4850 -1 4849 4850 4851 -1 4851 4850 4852 -1 4835 4853 4836 -1 4853 4835 4854 -1 4853 4854 4855 -1 4855 4854 4856 -1 4855 4856 4857 -1 4857 4856 4858 -1 4857 4858 4859 -1 4859 4858 4860 -1 4859 4860 4861 -1 4861 4860 4862 -1 4861 4862 4863 -1 4863 4862 4864 -1 4863 4864 4865 -1 4863 4865 4866 -1 4866 4865 4867 -1 4866 4867 4868 -1 4868 4867 4829 -1 4868 4829 4869 -1 4869 4829 4831 -1 4869 4831 4870 -1 4870 4831 4871 -1 4870 4871 4872 -1 4872 4871 4851 -1 4872 4851 4852 -1 4873 4874 4745 -1 4874 4873 4835 -1 4835 4873 4854 -1 4854 4873 4875 -1 4876 4806 4877 -1 4806 4876 4801 -1 4878 4810 4879 -1 4810 4878 4808 -1 4880 4840 4842 -1 4840 4880 4881 -1 4881 4880 4882 -1 4881 4882 4815 -1 4877 4808 4878 -1 4808 4877 4806 -1 4879 4812 4883 -1 4812 4879 4810 -1 4883 4815 4882 -1 4815 4883 4812 -1 4884 4829 4867 -1 4829 4884 4834 -1 4834 4884 4885 -1 4834 4885 4833 -1 4886 4842 4843 -1 4842 4886 4880 -1 4880 4886 4887 -1 4880 4887 4882 -1 4888 4867 4865 -1 4867 4888 4884 -1 4884 4888 4889 -1 4884 4889 4885 -1 4876 4890 4891 -1 4890 4876 4892 -1 4892 4877 4893 -1 4877 4892 4876 -1 4891 4816 4804 -1 4816 4891 4894 -1 4876 4804 4801 -1 4804 4876 4891 -1 4881 4839 4840 -1 4839 4881 4895 -1 4895 4881 4815 -1 4895 4815 4813 -1 4725 4724 4728 -1 4724 4725 4723 -1 4723 4725 4755 -1 4723 4755 4753 -1 4753 4755 4769 -1 4753 4769 4767 -1 4767 4769 4783 -1 4767 4783 4781 -1 4781 4783 4799 -1 4781 4799 4797 -1 4797 4799 4819 -1 4797 4819 4822 -1 4822 4819 4896 -1 4822 4896 4897 -1 4897 4896 4898 -1 4898 4896 4899 -1 4898 4899 4900 -1 4900 4899 4901 -1 4900 4901 4902 -1 4902 4901 4903 -1 4902 4903 4904 -1 4904 4903 4905 -1 4904 4905 4906 -1 4906 4905 4907 -1 4724 4908 4728 -1 4908 4724 4909 -1 4908 4909 4910 -1 4910 4909 4911 -1 4910 4911 4912 -1 4912 4911 4913 -1 4912 4913 4914 -1 4914 4913 4915 -1 4914 4915 4916 -1 4916 4915 4917 -1 4916 4917 4918 -1 4918 4917 4919 -1 4918 4919 4920 -1 4918 4920 4921 -1 4921 4920 4922 -1 4921 4922 4923 -1 4923 4922 4924 -1 4923 4924 4925 -1 4925 4924 4926 -1 4925 4926 4927 -1 4927 4926 4928 -1 4927 4928 4929 -1 4929 4928 4906 -1 4929 4906 4907 -1 4930 4860 4858 -1 4860 4930 4931 -1 4931 4930 4932 -1 4931 4932 4933 -1 4896 4817 4934 -1 4817 4896 4819 -1 4934 4818 4935 -1 4818 4934 4817 -1 4936 4822 4897 -1 4822 4936 4821 -1 4937 4820 4938 -1 4820 4937 4823 -1 4938 4821 4936 -1 4821 4938 4820 -1 4841 4823 4937 -1 4823 4841 4824 -1 4932 4939 4940 -1 4939 4932 4856 -1 4856 4932 4858 -1 4858 4932 4930 -1 4745 4941 4746 -1 4941 4745 4837 -1 4837 4745 4835 -1 4835 4745 4874 -1 4734 4942 4732 -1 4942 4734 4758 -1 4942 4758 4943 -1 4943 4758 4772 -1 4943 4772 4944 -1 4944 4772 4786 -1 4944 4786 4945 -1 4945 4786 4814 -1 4945 4814 4946 -1 4946 4814 4816 -1 4946 4816 4947 -1 4947 4816 4894 -1 4947 4894 4948 -1 4948 4894 4949 -1 4948 4949 4950 -1 4950 4949 4951 -1 4950 4951 4952 -1 4952 4951 4953 -1 4952 4953 4954 -1 4954 4953 4955 -1 4954 4955 4956 -1 4956 4955 4957 -1 4746 4716 4711 -1 4716 4746 4715 -1 4715 4746 4837 -1 4837 4746 4941 -1 4958 4864 4862 -1 4864 4958 4959 -1 4959 4958 4960 -1 4959 4960 4961 -1 4893 4878 4962 -1 4878 4893 4877 -1 4962 4879 4963 -1 4879 4962 4878 -1 4963 4883 4964 -1 4883 4963 4879 -1 4964 4882 4887 -1 4882 4964 4883 -1 4846 4965 4966 -1 4965 4846 4844 -1 4966 4967 4968 -1 4967 4966 4965 -1 4968 4969 4970 -1 4969 4968 4967 -1 4970 4898 4900 -1 4898 4970 4969 -1 4971 4901 4899 -1 4901 4971 4972 -1 4972 4973 4974 -1 4973 4972 4971 -1 4890 4951 4949 -1 4951 4890 4975 -1 4892 4975 4890 -1 4975 4892 4976 -1 4976 4893 4977 -1 4893 4976 4892 -1 4977 4962 4978 -1 4962 4977 4893 -1 4978 4963 4979 -1 4963 4978 4962 -1 4979 4964 4980 -1 4964 4979 4963 -1 4980 4887 4981 -1 4887 4980 4964 -1 4847 4982 4845 -1 4982 4847 4981 -1 4981 4847 4983 -1 4983 4847 4984 -1 4985 4846 4966 -1 4846 4985 4848 -1 4986 4966 4968 -1 4966 4986 4985 -1 4987 4968 4970 -1 4968 4987 4986 -1 4902 4970 4900 -1 4970 4902 4987 -1 4972 4903 4901 -1 4903 4972 4826 -1 4827 4972 4974 -1 4972 4827 4826 -1 4982 4843 4845 -1 4843 4982 4886 -1 4886 4982 4981 -1 4886 4981 4887 -1 4975 4953 4951 -1 4953 4975 4988 -1 4976 4988 4975 -1 4988 4976 4989 -1 4990 4976 4977 -1 4976 4990 4989 -1 4991 4977 4978 -1 4977 4991 4990 -1 4992 4978 4979 -1 4978 4992 4991 -1 4993 4979 4980 -1 4979 4993 4992 -1 4983 4980 4981 -1 4980 4983 4993 -1 4994 4848 4985 -1 4848 4994 4850 -1 4995 4985 4986 -1 4985 4995 4994 -1 4996 4986 4987 -1 4986 4996 4995 -1 4904 4987 4902 -1 4987 4904 4996 -1 4826 4905 4903 -1 4905 4826 4828 -1 4967 4936 4969 -1 4936 4967 4938 -1 4844 4937 4965 -1 4937 4844 4841 -1 4965 4938 4967 -1 4938 4965 4937 -1 4959 4865 4864 -1 4865 4959 4888 -1 4888 4959 4961 -1 4888 4961 4889 -1 4969 4897 4898 -1 4897 4969 4936 -1 4934 4899 4896 -1 4899 4934 4971 -1 4971 4935 4973 -1 4935 4971 4934 -1 4849 4984 4847 -1 4984 4849 4983 -1 4983 4849 4997 -1 4997 4849 4998 -1 4931 4862 4860 -1 4862 4931 4958 -1 4958 4931 4933 -1 4958 4933 4960 -1 4940 4875 4873 -1 4875 4940 4854 -1 4854 4940 4856 -1 4856 4940 4939 -1 4891 4949 4894 -1 4949 4891 4890 -1 4999 5000 5001 -1 5000 4999 5002 -1 5003 4957 4955 -1 4957 5003 5004 -1 5005 4741 4739 -1 4741 5005 5006 -1 5007 5008 5009 -1 5008 5007 5010 -1 5004 5011 5012 -1 5011 5004 5010 -1 4957 5012 4956 -1 5012 4957 5004 -1 5013 4885 4889 -1 4885 5013 5014 -1 4863 5015 5016 -1 5015 4863 4866 -1 5016 5017 5018 -1 5017 5016 5015 -1 5019 5020 5021 -1 5020 5019 5022 -1 5023 5022 5019 -1 5022 5023 5024 -1 5025 5023 5026 -1 5023 5025 5024 -1 4950 5026 4948 -1 5026 4950 5025 -1 5027 5028 5029 -1 5028 5027 5030 -1 4923 5027 4921 -1 5027 4923 5030 -1 5006 4743 4741 -1 4743 5006 5031 -1 5032 4850 4994 -1 4850 5032 4852 -1 4748 4722 4719 -1 4722 4748 5033 -1 5034 4739 4737 -1 4739 5034 5005 -1 5035 4737 4736 -1 4737 5035 5034 -1 5036 4992 4993 -1 4992 5036 5037 -1 5038 5007 5039 -1 5007 5038 5040 -1 4750 5033 4748 -1 5033 4750 4836 -1 5041 5039 5042 -1 5039 5041 5038 -1 4925 5030 4923 -1 5030 4925 5043 -1 5040 5010 5007 -1 5010 5040 5011 -1 5002 5042 5000 -1 5042 5002 5041 -1 5021 5044 5045 -1 5044 5021 5020 -1 5045 5014 5013 -1 5014 5045 5044 -1 5000 5037 5036 -1 5037 5000 5042 -1 5001 5036 4997 -1 5036 5001 5000 -1 5046 4852 5032 -1 4852 5046 4872 -1 5047 5032 5048 -1 5032 5047 5046 -1 5049 5048 5050 -1 5048 5049 5047 -1 4928 5050 4906 -1 5050 4928 5049 -1 5051 4907 5052 -1 4907 5051 4929 -1 5053 5052 5054 -1 5052 5053 5051 -1 5038 5055 5040 -1 5055 5038 5056 -1 5041 5056 5038 -1 5056 5041 5057 -1 5002 5057 5041 -1 5057 5002 5058 -1 4999 5058 5002 -1 5058 4999 4832 -1 5059 4869 4870 -1 4869 5059 5060 -1 5061 5060 5059 -1 5060 5061 5062 -1 5063 5062 5061 -1 5062 5063 5064 -1 4924 5063 4926 -1 5063 4924 5064 -1 4927 5043 4925 -1 5043 4927 5065 -1 5066 5065 5067 -1 5065 5066 5043 -1 4954 5068 4952 -1 5068 4954 5069 -1 5069 5070 5068 -1 5070 5069 5071 -1 5055 5070 5071 -1 5070 5055 5072 -1 5056 5072 5055 -1 5072 5056 5073 -1 5057 5073 5056 -1 5073 5057 5074 -1 5058 5074 5057 -1 5074 5058 5075 -1 4832 5075 5058 -1 5075 4832 4833 -1 4868 5060 5076 -1 5060 4868 4869 -1 5076 5062 5077 -1 5062 5076 5060 -1 5077 5064 5078 -1 5064 5077 5062 -1 5078 4924 4922 -1 4924 5078 5064 -1 5046 4870 4872 -1 4870 5046 5059 -1 5047 5059 5046 -1 5059 5047 5061 -1 5049 5061 5047 -1 5061 5049 5063 -1 4926 5049 4928 -1 5049 4926 5063 -1 4929 5065 4927 -1 5065 4929 5051 -1 5067 5051 5053 -1 5051 5067 5065 -1 4956 5069 4954 -1 5069 4956 5012 -1 5012 5071 5069 -1 5071 5012 5011 -1 5040 5071 5011 -1 5071 5040 5055 -1 4997 4993 4983 -1 4993 4997 5036 -1 5079 4990 4991 -1 4990 5079 5009 -1 4989 5003 4988 -1 5003 4989 5008 -1 5037 4991 4992 -1 4991 5037 5079 -1 4988 4955 4953 -1 4955 4988 5003 -1 5052 4905 4828 -1 4905 5052 4907 -1 5054 4828 4825 -1 4828 5054 5052 -1 5008 5004 5003 -1 5004 5008 5010 -1 5048 4994 4995 -1 4994 5048 5032 -1 5009 4989 4990 -1 4989 5009 5008 -1 4733 5035 4736 -1 5035 4733 5080 -1 5050 4995 4996 -1 4995 5050 5048 -1 4906 4996 4904 -1 4996 4906 5050 -1 5039 5009 5079 -1 5009 5039 5007 -1 5042 5079 5037 -1 5079 5042 5039 -1 5030 5066 5028 -1 5066 5030 5043 -1 4952 5025 4950 -1 5025 4952 5068 -1 5068 5024 5025 -1 5024 5068 5070 -1 5024 5072 5022 -1 5072 5024 5070 -1 5022 5073 5020 -1 5073 5022 5072 -1 5020 5074 5044 -1 5074 5020 5073 -1 5044 5075 5014 -1 5075 5044 5074 -1 5014 4833 4885 -1 4833 5014 5075 -1 4866 5076 5015 -1 5076 4866 4868 -1 5015 5077 5017 -1 5077 5015 5076 -1 5017 5078 5081 -1 5078 5017 5077 -1 5081 4922 4920 -1 4922 5081 5078 -1 5031 4745 4743 -1 4745 5031 4873 -1 4732 5080 4733 -1 5080 4732 4942 -1 5082 4730 4726 -1 4730 5082 5083 -1 4908 4726 4728 -1 4726 4908 5082 -1 5084 4724 4720 -1 4724 5084 4909 -1 5085 4720 4722 -1 4720 5085 5084 -1 5086 4722 5033 -1 4722 5086 5085 -1 4853 5033 4836 -1 5033 4853 5086 -1 5087 4873 5031 -1 4873 5087 4940 -1 5088 5031 5006 -1 5031 5088 5087 -1 5089 5006 5005 -1 5006 5089 5088 -1 5090 5005 5034 -1 5005 5090 5089 -1 5091 5034 5035 -1 5034 5091 5090 -1 5080 5091 5035 -1 5091 5080 5092 -1 4942 5092 5080 -1 5092 4942 4943 -1 5093 5083 5082 -1 5083 5093 5094 -1 4908 5093 5082 -1 5093 4908 4910 -1 5095 4909 5084 -1 4909 5095 4911 -1 5096 5084 5085 -1 5084 5096 5095 -1 5097 5085 5086 -1 5085 5097 5096 -1 4855 5086 4853 -1 5086 4855 5097 -1 5098 4940 5087 -1 4940 5098 4932 -1 5099 5087 5088 -1 5087 5099 5098 -1 5100 5088 5089 -1 5088 5100 5099 -1 5101 5089 5090 -1 5089 5101 5100 -1 5102 5090 5091 -1 5090 5102 5101 -1 5092 5102 5091 -1 5102 5092 5103 -1 4943 5103 5092 -1 5103 4943 4944 -1 5104 5094 5093 -1 5094 5104 5105 -1 4910 5104 5093 -1 5104 4910 4912 -1 5106 4911 5095 -1 4911 5106 4913 -1 5107 5095 5096 -1 5095 5107 5106 -1 5108 5096 5097 -1 5096 5108 5107 -1 4857 5097 4855 -1 5097 4857 5108 -1 5098 4933 4932 -1 4933 5098 5109 -1 5099 5109 5098 -1 5109 5099 5110 -1 5100 5110 5099 -1 5110 5100 5111 -1 5101 5111 5100 -1 5111 5101 5112 -1 5102 5112 5101 -1 5112 5102 5113 -1 5103 5113 5102 -1 5113 5103 5114 -1 4944 5114 5103 -1 5114 4944 4945 -1 5104 5115 5105 -1 5115 5104 5116 -1 4912 5116 5104 -1 5116 4912 4914 -1 5106 4915 4913 -1 4915 5106 5117 -1 5107 5117 5106 -1 5117 5107 5118 -1 5108 5118 5107 -1 5118 5108 5119 -1 4857 5119 5108 -1 5119 4857 4859 -1 5109 4960 4933 -1 4960 5109 5120 -1 5110 5120 5109 -1 5120 5110 5121 -1 5111 5121 5110 -1 5121 5111 5122 -1 5112 5122 5111 -1 5122 5112 5123 -1 5113 5123 5112 -1 5123 5113 5124 -1 5114 5124 5113 -1 5124 5114 5125 -1 4945 5125 5114 -1 5125 4945 4946 -1 5116 5126 5115 -1 5126 5116 5127 -1 4914 5127 5116 -1 5127 4914 4916 -1 5117 4917 4915 -1 4917 5117 5128 -1 5118 5128 5117 -1 5128 5118 5129 -1 5119 5129 5118 -1 5129 5119 5130 -1 4859 5130 5119 -1 5130 4859 4861 -1 5120 4961 4960 -1 4961 5120 5131 -1 5121 5131 5120 -1 5131 5121 5132 -1 5122 5132 5121 -1 5132 5122 5133 -1 5123 5133 5122 -1 5133 5123 5134 -1 5124 5134 5123 -1 5134 5124 5135 -1 5125 5135 5124 -1 5135 5125 5136 -1 4946 5136 5125 -1 5136 4946 4947 -1 5127 5137 5126 -1 5137 5127 5138 -1 4916 5138 5127 -1 5138 4916 4918 -1 5128 4919 4917 -1 4919 5128 5139 -1 5129 5139 5128 -1 5139 5129 5018 -1 5130 5018 5129 -1 5018 5130 5016 -1 4861 5016 5130 -1 5016 4861 4863 -1 5131 4889 4961 -1 4889 5131 5013 -1 5132 5013 5131 -1 5013 5132 5045 -1 5133 5045 5132 -1 5045 5133 5021 -1 5134 5021 5133 -1 5021 5134 5019 -1 5135 5019 5134 -1 5019 5135 5023 -1 5026 5135 5136 -1 5135 5026 5023 -1 4948 5136 4947 -1 5136 4948 5026 -1 5138 5029 5137 -1 5029 5138 5027 -1 4918 5027 5138 -1 5027 4918 4921 -1 5139 4920 4919 -1 4920 5139 5081 -1 5018 5081 5139 -1 5081 5018 5017 -1 5140 4714 4838 -1 4714 5140 4712 -1 4712 5140 4792 -1 4712 4792 4713 -1 4895 4838 4839 -1 4838 4895 5140 -1 5140 4895 4813 -1 5140 4813 4792 -1 4851 4998 4849 -1 4998 4851 4997 -1 4997 4851 5001 -1 5001 4851 5141 -1 4871 5141 4851 -1 5141 4871 5001 -1 5001 4871 4999 -1 4999 4871 5142 -1 4831 5142 4871 -1 5142 4831 4999 -1 4999 4831 4832 -1 4832 4831 4830 -1 5143 5144 5145 -1 5144 5143 5146 -1 5143 5147 5148 -1 5147 5143 5145 -1 5148 5149 5150 -1 5149 5148 5147 -1 5151 5152 5153 -1 5152 5151 5154 -1 5155 5146 5143 -1 5146 5155 5156 -1 5155 5148 5157 -1 5148 5155 5143 -1 5157 5150 5158 -1 5150 5157 5148 -1 5153 5159 5160 -1 5159 5153 5152 -1 5161 5156 5155 -1 5156 5161 5162 -1 5163 5155 5157 -1 5155 5163 5161 -1 5163 5158 5164 -1 5158 5163 5157 -1 5160 5165 5166 -1 5165 5160 5159 -1 5167 5162 5161 -1 5162 5167 5168 -1 5169 5161 5163 -1 5161 5169 5167 -1 5169 5164 5170 -1 5164 5169 5163 -1 5171 5165 5172 -1 5165 5171 5166 -1 5173 5168 5167 -1 5168 5173 5174 -1 5173 5169 5175 -1 5169 5173 5167 -1 5175 5170 5176 -1 5170 5175 5169 -1 5177 5172 5178 -1 5172 5177 5171 -1 5179 5174 5173 -1 5174 5179 5180 -1 5181 5152 5154 -1 5152 5181 5159 -1 5159 5181 5182 -1 5159 5182 5165 -1 5165 5182 5183 -1 5165 5183 5172 -1 5172 5183 5184 -1 5172 5184 5178 -1 5178 5184 5185 -1 5178 5185 5186 -1 5186 5185 5187 -1 5186 5187 5188 -1 5188 5187 5189 -1 5188 5189 5190 -1 5190 5189 5191 -1 5190 5191 5192 -1 5192 5191 5193 -1 5192 5193 5194 -1 5194 5193 5195 -1 5194 5195 5196 -1 5196 5195 5197 -1 5196 5197 5198 -1 5199 5178 5186 -1 5178 5199 5177 -1 5179 5175 5200 -1 5175 5179 5173 -1 5200 5176 5201 -1 5176 5200 5175 -1 5202 5186 5188 -1 5186 5202 5199 -1 5203 5200 5204 -1 5200 5203 5179 -1 5204 5201 5205 -1 5201 5204 5200 -1 5203 5180 5179 -1 5180 5203 5206 -1 5153 5207 5151 -1 5207 5153 5149 -1 5149 5153 5150 -1 5150 5153 5160 -1 5150 5160 5158 -1 5158 5160 5166 -1 5158 5166 5164 -1 5164 5166 5171 -1 5164 5171 5170 -1 5170 5171 5177 -1 5170 5177 5176 -1 5176 5177 5199 -1 5176 5199 5201 -1 5201 5199 5202 -1 5201 5202 5205 -1 5205 5202 5208 -1 5208 5202 5209 -1 5208 5209 5210 -1 5210 5209 5211 -1 5210 5211 5212 -1 5212 5211 5213 -1 5212 5213 5214 -1 5214 5213 5215 -1 5214 5215 5216 -1 5207 5217 5218 -1 5217 5207 5149 -1 5218 5217 5219 -1 5218 5219 5220 -1 5220 5219 5221 -1 5220 5221 5222 -1 5222 5221 5223 -1 5222 5223 5224 -1 5224 5223 5225 -1 5224 5225 5226 -1 5226 5225 5227 -1 5226 5227 5228 -1 5226 5228 5229 -1 5229 5228 5230 -1 5229 5230 5231 -1 5231 5230 5232 -1 5231 5232 5233 -1 5233 5232 5234 -1 5233 5234 5235 -1 5235 5234 5236 -1 5235 5236 5237 -1 5237 5236 5216 -1 5237 5216 5215 -1 5237 5215 5238 -1 5146 5239 5144 -1 5239 5146 5156 -1 5239 5156 4730 -1 4730 5156 4729 -1 4729 5156 4756 -1 4756 5156 5162 -1 4756 5162 4770 -1 4770 5162 5168 -1 4770 5168 4784 -1 4784 5168 5174 -1 4784 5174 4800 -1 4800 5174 5180 -1 4800 5180 4818 -1 4818 5180 5206 -1 4818 5206 4935 -1 4935 5206 4973 -1 4973 5206 5240 -1 4973 5240 4974 -1 4974 5240 5241 -1 4974 5241 4827 -1 4827 5241 5242 -1 4827 5242 4825 -1 4825 5242 5243 -1 4825 5243 5054 -1 4730 5244 5239 -1 5244 4730 5083 -1 5244 5083 5094 -1 5244 5094 5245 -1 5245 5094 5105 -1 5245 5105 5246 -1 5246 5105 5115 -1 5246 5115 5247 -1 5247 5115 5126 -1 5247 5126 5248 -1 5248 5126 5137 -1 5248 5137 5029 -1 5248 5029 5249 -1 5249 5029 5028 -1 5249 5028 5250 -1 5250 5028 5066 -1 5250 5066 5251 -1 5251 5066 5067 -1 5251 5067 5252 -1 5252 5067 5053 -1 5252 5053 5253 -1 5253 5053 5054 -1 5253 5054 5243 -1 5253 5243 5254 -1 5255 5241 5240 -1 5241 5255 5256 -1 5257 5256 5255 -1 5256 5257 5258 -1 5258 5208 5210 -1 5208 5258 5257 -1 5211 5190 5192 -1 5190 5211 5209 -1 5256 5242 5241 -1 5242 5256 5259 -1 5258 5259 5256 -1 5259 5258 5260 -1 5212 5258 5210 -1 5258 5212 5260 -1 5194 5211 5192 -1 5211 5194 5213 -1 5203 5240 5206 -1 5240 5203 5255 -1 5257 5205 5208 -1 5205 5257 5204 -1 5255 5204 5257 -1 5204 5255 5203 -1 5209 5188 5190 -1 5188 5209 5202 -1 5229 5191 5189 -1 5191 5229 5231 -1 5261 5230 5228 -1 5230 5261 5262 -1 5263 5262 5261 -1 5262 5263 5264 -1 5250 5263 5249 -1 5263 5250 5264 -1 5196 5213 5194 -1 5213 5196 5215 -1 5265 5259 5260 -1 5259 5265 5266 -1 5214 5260 5212 -1 5260 5214 5265 -1 5254 5267 5253 -1 5267 5254 5268 -1 5269 5268 5270 -1 5268 5269 5267 -1 5236 5270 5216 -1 5270 5236 5269 -1 5197 5238 5198 -1 5238 5197 5237 -1 5252 5271 5251 -1 5271 5252 5272 -1 5272 5273 5271 -1 5273 5272 5274 -1 5234 5273 5274 -1 5273 5234 5232 -1 5193 5235 5195 -1 5235 5193 5233 -1 5253 5272 5252 -1 5272 5253 5267 -1 5269 5272 5267 -1 5272 5269 5274 -1 5236 5274 5269 -1 5274 5236 5234 -1 5197 5235 5237 -1 5235 5197 5195 -1 5259 5243 5242 -1 5243 5259 5266 -1 5270 5266 5265 -1 5266 5270 5268 -1 5216 5265 5214 -1 5265 5216 5270 -1 5198 5215 5196 -1 5215 5198 5238 -1 5266 5254 5243 -1 5254 5266 5268 -1 5251 5264 5250 -1 5264 5251 5271 -1 5271 5262 5264 -1 5262 5271 5273 -1 5262 5232 5230 -1 5232 5262 5273 -1 5231 5193 5191 -1 5193 5231 5233 -1 5207 5154 5151 -1 5154 5207 5181 -1 5275 5149 5147 -1 5149 5275 5217 -1 5276 5147 5145 -1 5147 5276 5275 -1 5144 5276 5145 -1 5276 5144 5239 -1 5218 5181 5207 -1 5181 5218 5182 -1 5277 5217 5275 -1 5217 5277 5219 -1 5278 5275 5276 -1 5275 5278 5277 -1 5239 5278 5276 -1 5278 5239 5244 -1 5220 5182 5218 -1 5182 5220 5183 -1 5279 5219 5277 -1 5219 5279 5221 -1 5278 5279 5277 -1 5279 5278 5280 -1 5244 5280 5278 -1 5280 5244 5245 -1 5220 5184 5183 -1 5184 5220 5222 -1 5279 5223 5221 -1 5223 5279 5281 -1 5280 5281 5279 -1 5281 5280 5282 -1 5245 5282 5280 -1 5282 5245 5246 -1 5222 5185 5184 -1 5185 5222 5224 -1 5281 5225 5223 -1 5225 5281 5283 -1 5282 5283 5281 -1 5283 5282 5284 -1 5246 5284 5282 -1 5284 5246 5247 -1 5224 5187 5185 -1 5187 5224 5226 -1 5283 5227 5225 -1 5227 5283 5285 -1 5284 5285 5283 -1 5285 5284 5286 -1 5247 5286 5284 -1 5286 5247 5248 -1 5226 5189 5187 -1 5189 5226 5229 -1 5285 5228 5227 -1 5228 5285 5261 -1 5286 5261 5285 -1 5261 5286 5263 -1 5249 5286 5248 -1 5286 5249 5263 -1 5287 5288 5289 -1 5288 5287 5290 -1 5290 5287 5291 -1 5290 5291 5292 -1 5293 5294 5295 -1 5294 5293 5296 -1 5296 5293 5297 -1 5296 5297 5298 -1 5292 5298 5297 -1 5298 5292 5291 -1 5299 5287 5289 -1 5287 5299 5300 -1 5287 5300 5291 -1 5291 5300 5301 -1 5291 5301 5294 -1 5294 5301 5302 -1 5294 5298 5291 -1 5298 5294 5296 -1 5300 5303 5304 -1 5303 5300 5299 -1 5303 5299 5288 -1 5288 5299 5289 -1 5301 5304 5305 -1 5304 5301 5300 -1 5305 5302 5301 -1 5302 5305 5306 -1 5302 5306 5294 -1 5294 5306 5295 -1 5290 5303 5288 -1 5303 5290 5292 -1 5303 5292 5304 -1 5304 5292 5297 -1 5304 5297 5295 -1 5295 5297 5293 -1 5295 5305 5304 -1 5305 5295 5306 -1 5307 5308 5309 -1 5308 5307 5310 -1 5308 5310 5311 -1 5311 5310 5312 -1 5312 5310 5313 -1 5314 5315 5316 -1 5315 5314 5317 -1 5317 5314 5318 -1 5316 5309 5319 -1 5309 5316 5315 -1 5309 5315 5307 -1 5320 5321 5322 -1 5321 5320 5323 -1 5315 5310 5307 -1 5310 5315 5324 -1 5325 5326 5327 -1 5326 5325 5328 -1 5313 5329 5312 -1 5312 5330 5311 -1 5330 5312 5331 -1 5331 5312 5323 -1 5323 5312 5329 -1 5323 5329 5321 -1 5321 5329 5326 -1 5321 5326 5328 -1 5311 5332 5308 -1 5332 5311 5330 -1 5332 5316 5319 -1 5316 5332 5320 -1 5320 5332 5330 -1 5320 5330 5331 -1 5320 5331 5323 -1 5324 5313 5310 -1 5313 5324 5329 -1 5317 5324 5315 -1 5324 5317 5327 -1 5324 5327 5329 -1 5329 5327 5326 -1 5322 5318 5314 -1 5318 5322 5325 -1 5325 5322 5321 -1 5325 5321 5328 -1 5308 5319 5309 -1 5319 5308 5332 -1 5318 5327 5317 -1 5327 5318 5325 -1 5316 5322 5314 -1 5322 5316 5320 -1 5333 5334 5335 -1 5334 5333 5336 -1 5334 5337 5335 -1 5337 5334 5338 -1 5338 5334 5339 -1 5338 5339 5340 -1 5340 5341 5342 -1 5341 5340 5339 -1 5334 5341 5339 -1 5341 5334 5336 -1 5340 5343 5338 -1 5343 5340 5342 -1 5333 5337 5344 -1 5337 5333 5335 -1 5344 5336 5333 -1 5336 5344 5345 -1 5336 5345 5343 -1 5336 5343 5341 -1 5341 5343 5342 -1 5343 5345 5338 -1 5338 5344 5337 -1 5344 5338 5345 -1 5346 5347 5348 -1 5347 5346 5349 -1 5347 5350 5348 -1 5350 5347 5351 -1 5351 5352 5350 -1 5352 5351 5353 -1 5353 5354 5352 -1 5354 5353 5355 -1 5355 5356 5354 -1 5356 5355 5357 -1 5357 5358 5356 -1 5358 5357 5359 -1 5359 5360 5358 -1 5360 5359 5361 -1 5361 5362 5360 -1 5362 5361 5363 -1 5363 5364 5362 -1 5364 5363 5365 -1 5365 5366 5364 -1 5366 5365 5367 -1 5367 5368 5366 -1 5368 5367 5369 -1 5369 5370 5368 -1 5370 5369 5371 -1 5371 5372 5370 -1 5372 5371 5373 -1 5373 5374 5372 -1 5374 5373 5375 -1 5375 5376 5374 -1 5376 5375 5377 -1 5377 5378 5376 -1 5378 5377 5379 -1 5379 5380 5378 -1 5380 5379 5381 -1 5381 5382 5380 -1 5382 5381 5383 -1 5383 5384 5382 -1 5384 5383 5385 -1 5385 5386 5384 -1 5386 5385 5387 -1 5387 5388 5386 -1 5388 5387 5389 -1 5388 5390 5391 -1 5390 5388 5389 -1 5391 5392 5393 -1 5392 5391 5390 -1 5393 5394 5395 -1 5394 5393 5392 -1 5395 5396 5397 -1 5396 5395 5394 -1 5396 5398 5397 -1 5398 5396 5399 -1 5399 5400 5398 -1 5400 5399 5401 -1 5402 5349 5346 -1 5349 5402 5403 -1 5370 5366 5368 -1 5366 5370 5372 -1 5366 5372 5374 -1 5382 5378 5380 -1 5404 5398 5400 -1 5398 5404 5405 -1 5405 5404 5406 -1 5362 5358 5360 -1 5358 5362 5356 -1 5356 5362 5364 -1 5356 5364 5354 -1 5354 5364 5366 -1 5354 5366 5352 -1 5352 5366 5350 -1 5350 5366 5407 -1 5407 5366 5408 -1 5408 5366 5374 -1 5408 5374 5376 -1 5408 5376 5378 -1 5408 5378 5409 -1 5409 5378 5382 -1 5409 5382 5384 -1 5409 5384 5386 -1 5409 5386 5388 -1 5409 5388 5391 -1 5409 5391 5393 -1 5409 5393 5395 -1 5409 5395 5405 -1 5405 5395 5397 -1 5405 5397 5398 -1 5346 5410 5402 -1 5410 5346 5407 -1 5407 5346 5348 -1 5407 5348 5350 -1 5401 5404 5400 -1 5404 5401 5411 -1 5406 5412 5405 -1 5412 5406 5413 -1 5412 5409 5405 -1 5409 5412 5414 -1 5409 5415 5408 -1 5415 5409 5414 -1 5408 5416 5407 -1 5416 5408 5415 -1 5416 5410 5407 -1 5410 5416 5417 -1 5404 5413 5406 -1 5413 5404 5411 -1 5417 5402 5410 -1 5402 5417 5403 -1 5417 5349 5403 -1 5349 5417 5416 -1 5349 5416 5347 -1 5347 5416 5351 -1 5359 5363 5361 -1 5363 5359 5357 -1 5363 5357 5365 -1 5365 5357 5355 -1 5365 5355 5367 -1 5367 5355 5353 -1 5367 5353 5351 -1 5367 5351 5416 -1 5367 5416 5415 -1 5367 5415 5375 -1 5375 5415 5377 -1 5377 5415 5379 -1 5379 5415 5414 -1 5379 5414 5383 -1 5383 5414 5385 -1 5385 5414 5387 -1 5387 5414 5389 -1 5389 5414 5390 -1 5390 5414 5392 -1 5392 5414 5394 -1 5394 5414 5412 -1 5394 5412 5396 -1 5396 5412 5399 -1 5399 5411 5401 -1 5411 5399 5412 -1 5411 5412 5413 -1 5383 5381 5379 -1 5367 5371 5369 -1 5371 5367 5373 -1 5373 5367 5375 -1 5418 5419 5420 -1 5420 5421 5418 -1 5420 5419 5422 -1 5422 5423 5420 -1 5423 5422 5424 -1 5424 5425 5423 -1 5425 5424 5426 -1 5426 5427 5425 -1 5427 5426 5428 -1 5428 5429 5427 -1 5429 5428 5430 -1 5430 5431 5429 -1 5431 5430 5432 -1 5432 5433 5431 -1 5432 5434 5435 -1 5435 5433 5432 -1 5434 5436 5437 -1 5437 5435 5434 -1 5436 5438 5439 -1 5439 5437 5436 -1 5438 5440 5441 -1 5441 5439 5438 -1 5440 5442 5443 -1 5443 5441 5440 -1 5419 5418 5444 -1 5444 5422 5419 -1 5444 5424 5422 -1 5444 5426 5424 -1 5444 5428 5426 -1 5444 5430 5428 -1 5444 5432 5430 -1 5444 5434 5432 -1 5444 5436 5434 -1 5444 5438 5436 -1 5444 5440 5438 -1 5444 5442 5440 -1 5444 5445 5443 -1 5443 5442 5444 -1 5445 5444 5418 -1 5418 5421 5445 -1 5445 5421 5420 -1 5420 5423 5445 -1 5423 5425 5445 -1 5425 5427 5445 -1 5427 5429 5445 -1 5429 5431 5445 -1 5431 5433 5445 -1 5433 5435 5445 -1 5435 5437 5445 -1 5437 5439 5445 -1 5439 5441 5445 -1 5441 5443 5445 -1 5446 5447 5448 -1 5447 5446 5449 -1 5447 5450 5448 -1 5450 5447 5451 -1 5451 5452 5450 -1 5452 5451 5453 -1 5453 5454 5452 -1 5454 5453 5455 -1 5455 5456 5454 -1 5456 5455 5457 -1 5457 5458 5456 -1 5458 5457 5459 -1 5459 5460 5458 -1 5460 5459 5461 -1 5460 5462 5463 -1 5462 5460 5461 -1 5463 5464 5465 -1 5464 5463 5462 -1 5465 5466 5467 -1 5466 5465 5464 -1 5467 5468 5469 -1 5468 5467 5466 -1 5469 5470 5471 -1 5470 5469 5468 -1 5448 5472 5446 -1 5472 5448 5450 -1 5472 5450 5452 -1 5472 5452 5454 -1 5472 5454 5456 -1 5472 5456 5458 -1 5472 5458 5460 -1 5472 5460 5463 -1 5472 5463 5465 -1 5472 5465 5467 -1 5472 5467 5469 -1 5472 5469 5471 -1 5472 5470 5473 -1 5470 5472 5471 -1 5473 5446 5472 -1 5446 5473 5449 -1 5473 5447 5449 -1 5447 5473 5451 -1 5451 5473 5453 -1 5453 5473 5455 -1 5455 5473 5457 -1 5457 5473 5459 -1 5459 5473 5461 -1 5461 5473 5462 -1 5462 5473 5464 -1 5464 5473 5466 -1 5466 5473 5468 -1 5468 5473 5470 -1 5474 5475 5476 -1 5475 5474 5477 -1 5475 5477 5478 -1 5478 5477 5479 -1 5479 5477 5480 -1 5481 5482 5483 -1 5482 5481 5484 -1 5484 5481 5485 -1 5483 5476 5486 -1 5476 5483 5482 -1 5476 5482 5474 -1 5487 5488 5489 -1 5488 5487 5490 -1 5482 5477 5474 -1 5477 5482 5491 -1 5492 5493 5494 -1 5493 5492 5495 -1 5480 5496 5479 -1 5479 5497 5478 -1 5497 5479 5498 -1 5498 5479 5490 -1 5490 5479 5496 -1 5490 5496 5488 -1 5488 5496 5493 -1 5488 5493 5495 -1 5478 5499 5475 -1 5499 5478 5497 -1 5499 5483 5486 -1 5483 5499 5487 -1 5487 5499 5497 -1 5487 5497 5498 -1 5487 5498 5490 -1 5491 5480 5477 -1 5480 5491 5496 -1 5484 5491 5482 -1 5491 5484 5494 -1 5491 5494 5496 -1 5496 5494 5493 -1 5489 5485 5481 -1 5485 5489 5492 -1 5492 5489 5488 -1 5492 5488 5495 -1 5475 5486 5476 -1 5486 5475 5499 -1 5485 5494 5484 -1 5494 5485 5492 -1 5483 5489 5481 -1 5489 5483 5487 -1 5500 5501 5502 -1 5501 5500 5503 -1 5501 5504 5502 -1 5504 5501 5505 -1 5505 5501 5506 -1 5505 5506 5507 -1 5507 5508 5509 -1 5508 5507 5506 -1 5501 5508 5506 -1 5508 5501 5503 -1 5507 5510 5505 -1 5510 5507 5509 -1 5500 5504 5511 -1 5504 5500 5502 -1 5511 5503 5500 -1 5503 5511 5512 -1 5503 5512 5510 -1 5503 5510 5508 -1 5508 5510 5509 -1 5510 5512 5505 -1 5505 5511 5504 -1 5511 5505 5512 -1 5513 5514 5515 -1 5514 5513 5516 -1 5514 5517 5515 -1 5517 5514 5518 -1 5518 5519 5517 -1 5519 5518 5520 -1 5520 5521 5519 -1 5521 5520 5522 -1 5522 5523 5521 -1 5523 5522 5524 -1 5524 5525 5523 -1 5525 5524 5526 -1 5526 5527 5525 -1 5527 5526 5528 -1 5528 5529 5527 -1 5529 5528 5530 -1 5530 5531 5529 -1 5531 5530 5532 -1 5532 5533 5531 -1 5533 5532 5534 -1 5534 5535 5533 -1 5535 5534 5536 -1 5536 5537 5535 -1 5537 5536 5538 -1 5538 5539 5537 -1 5539 5538 5540 -1 5540 5541 5539 -1 5541 5540 5542 -1 5542 5543 5541 -1 5543 5542 5544 -1 5544 5545 5543 -1 5545 5544 5546 -1 5546 5547 5545 -1 5547 5546 5548 -1 5548 5549 5547 -1 5549 5548 5550 -1 5550 5551 5549 -1 5551 5550 5552 -1 5552 5553 5551 -1 5553 5552 5554 -1 5554 5555 5553 -1 5555 5554 5556 -1 5555 5557 5558 -1 5557 5555 5556 -1 5558 5559 5560 -1 5559 5558 5557 -1 5560 5561 5562 -1 5561 5560 5559 -1 5562 5563 5564 -1 5563 5562 5561 -1 5563 5565 5564 -1 5565 5563 5566 -1 5566 5567 5565 -1 5567 5566 5568 -1 5569 5516 5513 -1 5516 5569 5570 -1 5537 5533 5535 -1 5533 5537 5539 -1 5533 5539 5541 -1 5549 5545 5547 -1 5571 5565 5567 -1 5565 5571 5572 -1 5572 5571 5573 -1 5529 5525 5527 -1 5525 5529 5523 -1 5523 5529 5531 -1 5523 5531 5521 -1 5521 5531 5533 -1 5521 5533 5519 -1 5519 5533 5517 -1 5517 5533 5574 -1 5574 5533 5575 -1 5575 5533 5541 -1 5575 5541 5543 -1 5575 5543 5545 -1 5575 5545 5576 -1 5576 5545 5549 -1 5576 5549 5551 -1 5576 5551 5553 -1 5576 5553 5555 -1 5576 5555 5558 -1 5576 5558 5560 -1 5576 5560 5562 -1 5576 5562 5572 -1 5572 5562 5564 -1 5572 5564 5565 -1 5513 5577 5569 -1 5577 5513 5574 -1 5574 5513 5515 -1 5574 5515 5517 -1 5568 5571 5567 -1 5571 5568 5578 -1 5573 5579 5572 -1 5579 5573 5580 -1 5579 5576 5572 -1 5576 5579 5581 -1 5576 5582 5575 -1 5582 5576 5581 -1 5575 5583 5574 -1 5583 5575 5582 -1 5583 5577 5574 -1 5577 5583 5584 -1 5571 5580 5573 -1 5580 5571 5578 -1 5584 5569 5577 -1 5569 5584 5570 -1 5584 5516 5570 -1 5516 5584 5583 -1 5516 5583 5514 -1 5514 5583 5518 -1 5526 5530 5528 -1 5530 5526 5524 -1 5530 5524 5532 -1 5532 5524 5522 -1 5532 5522 5534 -1 5534 5522 5520 -1 5534 5520 5518 -1 5534 5518 5583 -1 5534 5583 5582 -1 5534 5582 5542 -1 5542 5582 5544 -1 5544 5582 5546 -1 5546 5582 5581 -1 5546 5581 5550 -1 5550 5581 5552 -1 5552 5581 5554 -1 5554 5581 5556 -1 5556 5581 5557 -1 5557 5581 5559 -1 5559 5581 5561 -1 5561 5581 5579 -1 5561 5579 5563 -1 5563 5579 5566 -1 5566 5578 5568 -1 5578 5566 5579 -1 5578 5579 5580 -1 5550 5548 5546 -1 5534 5538 5536 -1 5538 5534 5540 -1 5540 5534 5542 -1 5585 5586 5587 -1 5587 5588 5585 -1 5587 5586 5589 -1 5589 5590 5587 -1 5590 5589 5591 -1 5591 5592 5590 -1 5592 5591 5593 -1 5593 5594 5592 -1 5594 5593 5595 -1 5595 5596 5594 -1 5596 5595 5597 -1 5597 5598 5596 -1 5598 5597 5599 -1 5599 5600 5598 -1 5599 5601 5602 -1 5602 5600 5599 -1 5601 5603 5604 -1 5604 5602 5601 -1 5603 5605 5606 -1 5606 5604 5603 -1 5605 5607 5608 -1 5608 5606 5605 -1 5607 5609 5610 -1 5610 5608 5607 -1 5586 5585 5611 -1 5611 5589 5586 -1 5611 5591 5589 -1 5611 5593 5591 -1 5611 5595 5593 -1 5611 5597 5595 -1 5611 5599 5597 -1 5611 5601 5599 -1 5611 5603 5601 -1 5611 5605 5603 -1 5611 5607 5605 -1 5611 5609 5607 -1 5611 5612 5610 -1 5610 5609 5611 -1 5612 5611 5585 -1 5585 5588 5612 -1 5612 5588 5587 -1 5587 5590 5612 -1 5590 5592 5612 -1 5592 5594 5612 -1 5594 5596 5612 -1 5596 5598 5612 -1 5598 5600 5612 -1 5600 5602 5612 -1 5602 5604 5612 -1 5604 5606 5612 -1 5606 5608 5612 -1 5608 5610 5612 -1 5613 5614 5615 -1 5614 5613 5616 -1 5614 5617 5615 -1 5617 5614 5618 -1 5618 5619 5617 -1 5619 5618 5620 -1 5620 5621 5619 -1 5621 5620 5622 -1 5622 5623 5621 -1 5623 5622 5624 -1 5624 5625 5623 -1 5625 5624 5626 -1 5626 5627 5625 -1 5627 5626 5628 -1 5627 5629 5630 -1 5629 5627 5628 -1 5630 5631 5632 -1 5631 5630 5629 -1 5632 5633 5634 -1 5633 5632 5631 -1 5634 5635 5636 -1 5635 5634 5633 -1 5636 5637 5638 -1 5637 5636 5635 -1 5615 5639 5613 -1 5639 5615 5617 -1 5639 5617 5619 -1 5639 5619 5621 -1 5639 5621 5623 -1 5639 5623 5625 -1 5639 5625 5627 -1 5639 5627 5630 -1 5639 5630 5632 -1 5639 5632 5634 -1 5639 5634 5636 -1 5639 5636 5638 -1 5639 5637 5640 -1 5637 5639 5638 -1 5640 5613 5639 -1 5613 5640 5616 -1 5640 5614 5616 -1 5614 5640 5618 -1 5618 5640 5620 -1 5620 5640 5622 -1 5622 5640 5624 -1 5624 5640 5626 -1 5626 5640 5628 -1 5628 5640 5629 -1 5629 5640 5631 -1 5631 5640 5633 -1 5633 5640 5635 -1 5635 5640 5637 -1 5641 5642 5643 -1 5642 5641 5644 -1 5645 5646 5647 -1 5646 5645 5648 -1 5648 5645 5649 -1 5648 5649 5650 -1 5651 5652 5653 -1 5652 5651 5654 -1 5654 5651 5655 -1 5654 5655 5656 -1 5657 5658 5659 -1 5658 5657 5660 -1 5660 5657 5656 -1 5660 5656 5661 -1 5661 5656 5655 -1 5661 5655 5662 -1 5662 5655 5663 -1 5662 5663 5664 -1 5664 5663 5650 -1 5664 5650 5649 -1 5664 5649 5665 -1 5666 5653 5667 -1 5653 5666 5651 -1 5651 5666 5663 -1 5651 5663 5655 -1 5644 5668 5642 -1 5668 5644 5669 -1 5668 5669 5664 -1 5664 5669 5662 -1 5670 5642 5671 -1 5642 5670 5643 -1 5654 5672 5652 -1 5672 5654 5673 -1 5673 5654 5656 -1 5673 5656 5657 -1 5671 5645 5647 -1 5645 5671 5665 -1 5665 5671 5674 -1 5665 5649 5645 -1 5675 5676 5677 -1 5676 5675 5678 -1 5676 5678 5661 -1 5661 5678 5660 -1 5646 5679 5680 -1 5679 5646 5667 -1 5681 5678 5675 -1 5678 5681 5682 -1 5678 5682 5660 -1 5660 5682 5658 -1 5677 5669 5644 -1 5669 5677 5676 -1 5669 5676 5662 -1 5662 5676 5661 -1 5653 5683 5684 -1 5683 5653 5652 -1 5685 5686 5687 -1 5686 5685 5688 -1 5686 5688 5683 -1 5683 5688 5689 -1 5683 5689 5684 -1 5684 5689 5641 -1 5684 5641 5679 -1 5679 5641 5643 -1 5679 5643 5680 -1 5680 5643 5690 -1 5690 5643 5670 -1 5648 5667 5646 -1 5667 5648 5666 -1 5666 5648 5650 -1 5666 5650 5663 -1 5658 5691 5659 -1 5691 5658 5692 -1 5692 5658 5681 -1 5681 5658 5682 -1 5690 5671 5647 -1 5671 5690 5670 -1 5667 5684 5679 -1 5684 5667 5653 -1 5681 5687 5692 -1 5687 5681 5685 -1 5689 5644 5641 -1 5644 5689 5677 -1 5680 5647 5646 -1 5647 5680 5690 -1 5659 5673 5657 -1 5673 5659 5672 -1 5672 5659 5692 -1 5692 5659 5691 -1 5688 5677 5689 -1 5677 5688 5675 -1 5681 5688 5685 -1 5688 5681 5675 -1 5642 5674 5671 -1 5674 5642 5664 -1 5664 5642 5668 -1 5664 5665 5674 -1 5652 5686 5683 -1 5686 5652 5672 -1 5692 5686 5672 -1 5686 5692 5687 -1 5693 5694 5695 -1 5694 5693 5696 -1 5697 5698 5699 -1 5698 5697 5700 -1 5700 5697 5701 -1 5700 5701 5702 -1 5703 5704 5705 -1 5704 5703 5706 -1 5706 5703 5707 -1 5706 5707 5708 -1 5709 5710 5711 -1 5710 5709 5712 -1 5712 5709 5708 -1 5712 5708 5713 -1 5713 5708 5707 -1 5713 5707 5714 -1 5714 5707 5715 -1 5714 5715 5716 -1 5716 5715 5702 -1 5716 5702 5701 -1 5716 5701 5717 -1 5718 5705 5719 -1 5705 5718 5703 -1 5703 5718 5715 -1 5703 5715 5707 -1 5696 5720 5694 -1 5720 5696 5721 -1 5720 5721 5716 -1 5716 5721 5714 -1 5722 5694 5723 -1 5694 5722 5695 -1 5706 5724 5704 -1 5724 5706 5725 -1 5725 5706 5708 -1 5725 5708 5709 -1 5723 5697 5699 -1 5697 5723 5717 -1 5717 5723 5726 -1 5717 5701 5697 -1 5727 5728 5729 -1 5728 5727 5730 -1 5728 5730 5713 -1 5713 5730 5712 -1 5698 5731 5732 -1 5731 5698 5719 -1 5733 5730 5727 -1 5730 5733 5734 -1 5730 5734 5712 -1 5712 5734 5710 -1 5729 5721 5696 -1 5721 5729 5728 -1 5721 5728 5714 -1 5714 5728 5713 -1 5705 5735 5736 -1 5735 5705 5704 -1 5737 5738 5739 -1 5738 5737 5740 -1 5738 5740 5735 -1 5735 5740 5741 -1 5735 5741 5736 -1 5736 5741 5693 -1 5736 5693 5731 -1 5731 5693 5695 -1 5731 5695 5732 -1 5732 5695 5742 -1 5742 5695 5722 -1 5700 5719 5698 -1 5719 5700 5718 -1 5718 5700 5702 -1 5718 5702 5715 -1 5710 5743 5711 -1 5743 5710 5744 -1 5744 5710 5733 -1 5733 5710 5734 -1 5742 5723 5699 -1 5723 5742 5722 -1 5719 5736 5731 -1 5736 5719 5705 -1 5733 5739 5744 -1 5739 5733 5737 -1 5741 5696 5693 -1 5696 5741 5729 -1 5732 5699 5698 -1 5699 5732 5742 -1 5711 5725 5709 -1 5725 5711 5724 -1 5724 5711 5744 -1 5744 5711 5743 -1 5740 5729 5741 -1 5729 5740 5727 -1 5733 5740 5737 -1 5740 5733 5727 -1 5694 5726 5723 -1 5726 5694 5716 -1 5716 5694 5720 -1 5716 5717 5726 -1 5704 5738 5735 -1 5738 5704 5724 -1 5744 5738 5724 -1 5738 5744 5739 -1 5745 5746 5747 -1 5746 5745 5748 -1 5749 5750 5751 -1 5750 5749 5752 -1 5752 5749 5753 -1 5752 5753 5754 -1 5755 5756 5757 -1 5756 5755 5758 -1 5758 5755 5759 -1 5758 5759 5760 -1 5761 5762 5763 -1 5762 5761 5764 -1 5764 5761 5760 -1 5764 5760 5765 -1 5765 5760 5759 -1 5765 5759 5766 -1 5766 5759 5767 -1 5766 5767 5768 -1 5768 5767 5754 -1 5768 5754 5753 -1 5768 5753 5769 -1 5770 5757 5771 -1 5757 5770 5755 -1 5755 5770 5767 -1 5755 5767 5759 -1 5748 5772 5746 -1 5772 5748 5773 -1 5772 5773 5768 -1 5768 5773 5766 -1 5774 5746 5775 -1 5746 5774 5747 -1 5758 5776 5756 -1 5776 5758 5777 -1 5777 5758 5760 -1 5777 5760 5761 -1 5775 5749 5751 -1 5749 5775 5769 -1 5769 5775 5778 -1 5769 5753 5749 -1 5779 5780 5781 -1 5780 5779 5782 -1 5780 5782 5765 -1 5765 5782 5764 -1 5750 5783 5784 -1 5783 5750 5771 -1 5785 5782 5779 -1 5782 5785 5786 -1 5782 5786 5764 -1 5764 5786 5762 -1 5781 5773 5748 -1 5773 5781 5780 -1 5773 5780 5766 -1 5766 5780 5765 -1 5757 5787 5788 -1 5787 5757 5756 -1 5789 5790 5791 -1 5790 5789 5792 -1 5790 5792 5787 -1 5787 5792 5793 -1 5787 5793 5788 -1 5788 5793 5745 -1 5788 5745 5783 -1 5783 5745 5747 -1 5783 5747 5784 -1 5784 5747 5794 -1 5794 5747 5774 -1 5752 5771 5750 -1 5771 5752 5770 -1 5770 5752 5754 -1 5770 5754 5767 -1 5762 5795 5763 -1 5795 5762 5796 -1 5796 5762 5785 -1 5785 5762 5786 -1 5794 5775 5751 -1 5775 5794 5774 -1 5771 5788 5783 -1 5788 5771 5757 -1 5785 5791 5796 -1 5791 5785 5789 -1 5793 5748 5745 -1 5748 5793 5781 -1 5784 5751 5750 -1 5751 5784 5794 -1 5763 5777 5761 -1 5777 5763 5776 -1 5776 5763 5796 -1 5796 5763 5795 -1 5792 5781 5793 -1 5781 5792 5779 -1 5785 5792 5789 -1 5792 5785 5779 -1 5746 5778 5775 -1 5778 5746 5768 -1 5768 5746 5772 -1 5768 5769 5778 -1 5756 5790 5787 -1 5790 5756 5776 -1 5796 5790 5776 -1 5790 5796 5791 -1 5797 5798 5799 -1 5798 5797 5800 -1 5801 5802 5803 -1 5802 5801 5804 -1 5804 5801 5805 -1 5804 5805 5806 -1 5807 5808 5809 -1 5808 5807 5810 -1 5810 5807 5811 -1 5810 5811 5812 -1 5813 5814 5815 -1 5814 5813 5816 -1 5816 5813 5812 -1 5816 5812 5817 -1 5817 5812 5811 -1 5817 5811 5818 -1 5818 5811 5819 -1 5818 5819 5820 -1 5820 5819 5806 -1 5820 5806 5805 -1 5820 5805 5821 -1 5822 5809 5823 -1 5809 5822 5807 -1 5807 5822 5819 -1 5807 5819 5811 -1 5800 5824 5798 -1 5824 5800 5825 -1 5824 5825 5820 -1 5820 5825 5818 -1 5826 5798 5827 -1 5798 5826 5799 -1 5810 5828 5808 -1 5828 5810 5829 -1 5829 5810 5812 -1 5829 5812 5813 -1 5827 5801 5803 -1 5801 5827 5821 -1 5821 5827 5830 -1 5821 5805 5801 -1 5831 5832 5833 -1 5832 5831 5834 -1 5832 5834 5817 -1 5817 5834 5816 -1 5802 5835 5836 -1 5835 5802 5823 -1 5837 5834 5831 -1 5834 5837 5838 -1 5834 5838 5816 -1 5816 5838 5814 -1 5833 5825 5800 -1 5825 5833 5832 -1 5825 5832 5818 -1 5818 5832 5817 -1 5809 5839 5840 -1 5839 5809 5808 -1 5841 5842 5843 -1 5842 5841 5844 -1 5842 5844 5839 -1 5839 5844 5845 -1 5839 5845 5840 -1 5840 5845 5797 -1 5840 5797 5835 -1 5835 5797 5799 -1 5835 5799 5836 -1 5836 5799 5846 -1 5846 5799 5826 -1 5804 5823 5802 -1 5823 5804 5822 -1 5822 5804 5806 -1 5822 5806 5819 -1 5814 5847 5815 -1 5847 5814 5848 -1 5848 5814 5837 -1 5837 5814 5838 -1 5846 5827 5803 -1 5827 5846 5826 -1 5823 5840 5835 -1 5840 5823 5809 -1 5837 5843 5848 -1 5843 5837 5841 -1 5845 5800 5797 -1 5800 5845 5833 -1 5836 5803 5802 -1 5803 5836 5846 -1 5815 5829 5813 -1 5829 5815 5828 -1 5828 5815 5848 -1 5848 5815 5847 -1 5844 5833 5845 -1 5833 5844 5831 -1 5837 5844 5841 -1 5844 5837 5831 -1 5798 5830 5827 -1 5830 5798 5820 -1 5820 5798 5824 -1 5820 5821 5830 -1 5808 5842 5839 -1 5842 5808 5828 -1 5848 5842 5828 -1 5842 5848 5843 -1 5849 5850 5851 -1 5850 5849 5852 -1 5853 5854 5855 -1 5854 5853 5856 -1 5856 5853 5857 -1 5856 5857 5858 -1 5859 5860 5861 -1 5860 5859 5862 -1 5862 5859 5863 -1 5862 5863 5864 -1 5865 5866 5867 -1 5866 5865 5868 -1 5868 5865 5864 -1 5868 5864 5869 -1 5869 5864 5863 -1 5869 5863 5870 -1 5870 5863 5871 -1 5870 5871 5872 -1 5872 5871 5858 -1 5872 5858 5857 -1 5872 5857 5873 -1 5874 5861 5875 -1 5861 5874 5859 -1 5859 5874 5871 -1 5859 5871 5863 -1 5852 5876 5850 -1 5876 5852 5877 -1 5876 5877 5872 -1 5872 5877 5870 -1 5878 5850 5879 -1 5850 5878 5851 -1 5862 5880 5860 -1 5880 5862 5881 -1 5881 5862 5864 -1 5881 5864 5865 -1 5879 5853 5855 -1 5853 5879 5873 -1 5873 5879 5882 -1 5873 5857 5853 -1 5883 5884 5885 -1 5884 5883 5886 -1 5884 5886 5869 -1 5869 5886 5868 -1 5854 5887 5888 -1 5887 5854 5875 -1 5889 5886 5883 -1 5886 5889 5890 -1 5886 5890 5868 -1 5868 5890 5866 -1 5885 5877 5852 -1 5877 5885 5884 -1 5877 5884 5870 -1 5870 5884 5869 -1 5861 5891 5892 -1 5891 5861 5860 -1 5893 5894 5895 -1 5894 5893 5896 -1 5894 5896 5891 -1 5891 5896 5897 -1 5891 5897 5892 -1 5892 5897 5849 -1 5892 5849 5887 -1 5887 5849 5851 -1 5887 5851 5888 -1 5888 5851 5898 -1 5898 5851 5878 -1 5856 5875 5854 -1 5875 5856 5874 -1 5874 5856 5858 -1 5874 5858 5871 -1 5866 5899 5867 -1 5899 5866 5900 -1 5900 5866 5889 -1 5889 5866 5890 -1 5898 5879 5855 -1 5879 5898 5878 -1 5875 5892 5887 -1 5892 5875 5861 -1 5889 5895 5900 -1 5895 5889 5893 -1 5897 5852 5849 -1 5852 5897 5885 -1 5888 5855 5854 -1 5855 5888 5898 -1 5867 5881 5865 -1 5881 5867 5880 -1 5880 5867 5900 -1 5900 5867 5899 -1 5896 5885 5897 -1 5885 5896 5883 -1 5889 5896 5893 -1 5896 5889 5883 -1 5850 5882 5879 -1 5882 5850 5872 -1 5872 5850 5876 -1 5872 5873 5882 -1 5860 5894 5891 -1 5894 5860 5880 -1 5900 5894 5880 -1 5894 5900 5895 -1 5901 5902 5903 -1 5902 5901 5904 -1 5905 5906 5907 -1 5906 5905 5908 -1 5908 5905 5909 -1 5908 5909 5910 -1 5911 5912 5913 -1 5912 5911 5914 -1 5914 5911 5915 -1 5914 5915 5916 -1 5917 5918 5919 -1 5918 5917 5920 -1 5920 5917 5916 -1 5920 5916 5921 -1 5921 5916 5915 -1 5921 5915 5922 -1 5922 5915 5923 -1 5922 5923 5924 -1 5924 5923 5910 -1 5924 5910 5909 -1 5924 5909 5925 -1 5926 5913 5927 -1 5913 5926 5911 -1 5911 5926 5923 -1 5911 5923 5915 -1 5904 5928 5902 -1 5928 5904 5929 -1 5928 5929 5924 -1 5924 5929 5922 -1 5930 5902 5931 -1 5902 5930 5903 -1 5914 5932 5912 -1 5932 5914 5933 -1 5933 5914 5916 -1 5933 5916 5917 -1 5931 5905 5907 -1 5905 5931 5925 -1 5925 5931 5934 -1 5925 5909 5905 -1 5935 5936 5937 -1 5936 5935 5938 -1 5936 5938 5921 -1 5921 5938 5920 -1 5906 5939 5940 -1 5939 5906 5927 -1 5941 5938 5935 -1 5938 5941 5942 -1 5938 5942 5920 -1 5920 5942 5918 -1 5937 5929 5904 -1 5929 5937 5936 -1 5929 5936 5922 -1 5922 5936 5921 -1 5913 5943 5944 -1 5943 5913 5912 -1 5945 5946 5947 -1 5946 5945 5948 -1 5946 5948 5943 -1 5943 5948 5949 -1 5943 5949 5944 -1 5944 5949 5901 -1 5944 5901 5939 -1 5939 5901 5903 -1 5939 5903 5940 -1 5940 5903 5950 -1 5950 5903 5930 -1 5908 5927 5906 -1 5927 5908 5926 -1 5926 5908 5910 -1 5926 5910 5923 -1 5918 5951 5919 -1 5951 5918 5952 -1 5952 5918 5941 -1 5941 5918 5942 -1 5950 5931 5907 -1 5931 5950 5930 -1 5927 5944 5939 -1 5944 5927 5913 -1 5941 5947 5952 -1 5947 5941 5945 -1 5949 5904 5901 -1 5904 5949 5937 -1 5940 5907 5906 -1 5907 5940 5950 -1 5919 5933 5917 -1 5933 5919 5932 -1 5932 5919 5952 -1 5952 5919 5951 -1 5948 5937 5949 -1 5937 5948 5935 -1 5941 5948 5945 -1 5948 5941 5935 -1 5902 5934 5931 -1 5934 5902 5924 -1 5924 5902 5928 -1 5924 5925 5934 -1 5912 5946 5943 -1 5946 5912 5932 -1 5952 5946 5932 -1 5946 5952 5947 -1 5953 5954 5955 -1 5954 5953 5956 -1 5957 5958 5959 -1 5958 5957 5960 -1 5960 5957 5961 -1 5960 5961 5962 -1 5963 5964 5965 -1 5964 5963 5966 -1 5966 5963 5967 -1 5966 5967 5968 -1 5969 5970 5971 -1 5970 5969 5972 -1 5972 5969 5968 -1 5972 5968 5973 -1 5973 5968 5967 -1 5973 5967 5974 -1 5974 5967 5975 -1 5974 5975 5976 -1 5976 5975 5962 -1 5976 5962 5961 -1 5976 5961 5977 -1 5978 5965 5979 -1 5965 5978 5963 -1 5963 5978 5975 -1 5963 5975 5967 -1 5956 5980 5954 -1 5980 5956 5981 -1 5980 5981 5976 -1 5976 5981 5974 -1 5982 5954 5983 -1 5954 5982 5955 -1 5966 5984 5964 -1 5984 5966 5985 -1 5985 5966 5968 -1 5985 5968 5969 -1 5983 5957 5959 -1 5957 5983 5977 -1 5977 5983 5986 -1 5977 5961 5957 -1 5987 5988 5989 -1 5988 5987 5990 -1 5988 5990 5973 -1 5973 5990 5972 -1 5958 5991 5992 -1 5991 5958 5979 -1 5993 5990 5987 -1 5990 5993 5994 -1 5990 5994 5972 -1 5972 5994 5970 -1 5989 5981 5956 -1 5981 5989 5988 -1 5981 5988 5974 -1 5974 5988 5973 -1 5965 5995 5996 -1 5995 5965 5964 -1 5997 5998 5999 -1 5998 5997 6000 -1 5998 6000 5995 -1 5995 6000 6001 -1 5995 6001 5996 -1 5996 6001 5953 -1 5996 5953 5991 -1 5991 5953 5955 -1 5991 5955 5992 -1 5992 5955 6002 -1 6002 5955 5982 -1 5960 5979 5958 -1 5979 5960 5978 -1 5978 5960 5962 -1 5978 5962 5975 -1 5970 6003 5971 -1 6003 5970 6004 -1 6004 5970 5993 -1 5993 5970 5994 -1 6002 5983 5959 -1 5983 6002 5982 -1 5979 5996 5991 -1 5996 5979 5965 -1 5993 5999 6004 -1 5999 5993 5997 -1 6001 5956 5953 -1 5956 6001 5989 -1 5992 5959 5958 -1 5959 5992 6002 -1 5971 5985 5969 -1 5985 5971 5984 -1 5984 5971 6004 -1 6004 5971 6003 -1 6000 5989 6001 -1 5989 6000 5987 -1 5993 6000 5997 -1 6000 5993 5987 -1 5954 5986 5983 -1 5986 5954 5976 -1 5976 5954 5980 -1 5976 5977 5986 -1 5964 5998 5995 -1 5998 5964 5984 -1 6004 5998 5984 -1 5998 6004 5999 -1 6005 6006 6007 -1 6006 6005 6008 -1 6006 6008 6009 -1 6009 6008 6010 -1 6009 6010 6011 -1 6011 6010 6012 -1 6011 6012 6013 -1 6013 6012 6014 -1 6013 6014 6015 -1 6015 6014 6016 -1 6015 6016 6017 -1 6013 6018 6011 -1 6018 6013 6019 -1 6020 6009 6021 -1 6009 6020 6006 -1 6015 6022 6023 -1 6022 6015 6017 -1 6018 6009 6011 -1 6009 6018 6021 -1 6016 6024 6025 -1 6024 6016 6014 -1 6026 6010 6008 -1 6010 6026 6027 -1 6028 6006 6020 -1 6006 6028 6007 -1 6010 6029 6012 -1 6029 6010 6027 -1 6017 6025 6022 -1 6025 6017 6016 -1 6026 6005 6030 -1 6005 6026 6008 -1 6013 6023 6019 -1 6023 6013 6015 -1 6030 6007 6028 -1 6007 6030 6005 -1 6014 6029 6024 -1 6029 6014 6012 -1 6018 6031 6021 -1 6031 6018 6032 -1 6023 6033 6019 -1 6033 6023 6034 -1 6024 6035 6025 -1 6035 6024 6036 -1 6037 6027 6026 -1 6027 6037 6038 -1 6038 6029 6027 -1 6029 6038 6039 -1 6022 6034 6023 -1 6034 6022 6040 -1 6025 6040 6022 -1 6040 6025 6035 -1 6029 6036 6024 -1 6036 6029 6039 -1 6031 6020 6021 -1 6020 6031 6041 -1 6042 6026 6030 -1 6026 6042 6037 -1 6041 6042 6043 -1 6042 6041 6037 -1 6037 6041 6031 -1 6037 6031 6038 -1 6038 6031 6032 -1 6038 6032 6039 -1 6039 6032 6033 -1 6039 6033 6036 -1 6036 6033 6034 -1 6036 6034 6035 -1 6035 6034 6040 -1 6041 6028 6020 -1 6028 6041 6043 -1 6043 6030 6028 -1 6030 6043 6042 -1 6019 6032 6018 -1 6032 6019 6033 -1 6044 6045 6046 -1 6045 6044 6047 -1 6045 6048 6046 -1 6048 6045 6049 -1 6049 6050 6048 -1 6050 6049 6051 -1 6051 6052 6050 -1 6052 6051 6053 -1 6053 6054 6052 -1 6054 6053 6055 -1 6055 6056 6054 -1 6056 6055 6057 -1 6057 6058 6056 -1 6058 6057 6059 -1 6058 6060 6061 -1 6060 6058 6059 -1 6061 6062 6063 -1 6062 6061 6060 -1 6063 6064 6065 -1 6064 6063 6062 -1 6065 6066 6067 -1 6066 6065 6064 -1 6067 6068 6069 -1 6068 6067 6066 -1 6046 6070 6044 -1 6070 6046 6048 -1 6070 6048 6050 -1 6070 6050 6052 -1 6070 6052 6054 -1 6070 6054 6056 -1 6070 6056 6058 -1 6070 6058 6061 -1 6070 6061 6063 -1 6070 6063 6065 -1 6070 6065 6067 -1 6070 6067 6069 -1 6070 6068 6071 -1 6068 6070 6069 -1 6071 6044 6070 -1 6044 6071 6047 -1 6071 6045 6047 -1 6045 6071 6049 -1 6049 6071 6051 -1 6051 6071 6053 -1 6053 6071 6055 -1 6055 6071 6057 -1 6057 6071 6059 -1 6059 6071 6060 -1 6060 6071 6062 -1 6062 6071 6064 -1 6064 6071 6066 -1 6066 6071 6068 -1 6072 6073 6074 -1 6074 6075 6072 -1 6074 6073 6076 -1 6076 6077 6074 -1 6077 6076 6078 -1 6078 6079 6077 -1 6079 6078 6080 -1 6080 6081 6079 -1 6081 6080 6082 -1 6082 6083 6081 -1 6083 6082 6084 -1 6084 6085 6083 -1 6085 6084 6086 -1 6086 6087 6085 -1 6086 6088 6089 -1 6089 6087 6086 -1 6088 6090 6091 -1 6091 6089 6088 -1 6090 6092 6093 -1 6093 6091 6090 -1 6092 6094 6095 -1 6095 6093 6092 -1 6094 6096 6097 -1 6097 6095 6094 -1 6073 6072 6098 -1 6098 6076 6073 -1 6098 6078 6076 -1 6098 6080 6078 -1 6098 6082 6080 -1 6098 6084 6082 -1 6098 6086 6084 -1 6098 6088 6086 -1 6098 6090 6088 -1 6098 6092 6090 -1 6098 6094 6092 -1 6098 6096 6094 -1 6098 6099 6097 -1 6097 6096 6098 -1 6099 6098 6072 -1 6072 6075 6099 -1 6099 6075 6074 -1 6074 6077 6099 -1 6077 6079 6099 -1 6079 6081 6099 -1 6081 6083 6099 -1 6083 6085 6099 -1 6085 6087 6099 -1 6087 6089 6099 -1 6089 6091 6099 -1 6091 6093 6099 -1 6093 6095 6099 -1 6095 6097 6099 -1 6100 6101 6102 -1 6101 6100 6103 -1 6101 6104 6102 -1 6104 6101 6105 -1 6105 6106 6104 -1 6106 6105 6107 -1 6107 6108 6106 -1 6108 6107 6109 -1 6109 6110 6108 -1 6110 6109 6111 -1 6111 6112 6110 -1 6112 6111 6113 -1 6113 6114 6112 -1 6114 6113 6115 -1 6114 6116 6117 -1 6116 6114 6115 -1 6117 6118 6119 -1 6118 6117 6116 -1 6119 6120 6121 -1 6120 6119 6118 -1 6121 6122 6123 -1 6122 6121 6120 -1 6123 6124 6125 -1 6124 6123 6122 -1 6102 6126 6100 -1 6126 6102 6104 -1 6126 6104 6106 -1 6126 6106 6108 -1 6126 6108 6110 -1 6126 6110 6112 -1 6126 6112 6114 -1 6126 6114 6117 -1 6126 6117 6119 -1 6126 6119 6121 -1 6126 6121 6123 -1 6126 6123 6125 -1 6126 6124 6127 -1 6124 6126 6125 -1 6127 6100 6126 -1 6100 6127 6103 -1 6127 6101 6103 -1 6101 6127 6105 -1 6105 6127 6107 -1 6107 6127 6109 -1 6109 6127 6111 -1 6111 6127 6113 -1 6113 6127 6115 -1 6115 6127 6116 -1 6116 6127 6118 -1 6118 6127 6120 -1 6120 6127 6122 -1 6122 6127 6124 -1 6128 6129 6130 -1 6129 6128 6131 -1 6129 6132 6130 -1 6132 6129 6133 -1 6133 6134 6132 -1 6134 6133 6135 -1 6135 6136 6134 -1 6136 6135 6137 -1 6137 6138 6136 -1 6138 6137 6139 -1 6139 6140 6138 -1 6140 6139 6141 -1 6141 6142 6140 -1 6142 6141 6143 -1 6142 6144 6145 -1 6144 6142 6143 -1 6145 6146 6147 -1 6146 6145 6144 -1 6147 6148 6149 -1 6148 6147 6146 -1 6149 6150 6151 -1 6150 6149 6148 -1 6151 6152 6153 -1 6152 6151 6150 -1 6130 6154 6128 -1 6154 6130 6132 -1 6154 6132 6134 -1 6154 6134 6136 -1 6154 6136 6138 -1 6154 6138 6140 -1 6154 6140 6142 -1 6154 6142 6145 -1 6154 6145 6147 -1 6154 6147 6149 -1 6154 6149 6151 -1 6154 6151 6153 -1 6154 6152 6155 -1 6152 6154 6153 -1 6155 6128 6154 -1 6128 6155 6131 -1 6155 6129 6131 -1 6129 6155 6133 -1 6133 6155 6135 -1 6135 6155 6137 -1 6137 6155 6139 -1 6139 6155 6141 -1 6141 6155 6143 -1 6143 6155 6144 -1 6144 6155 6146 -1 6146 6155 6148 -1 6148 6155 6150 -1 6150 6155 6152 -1 6156 6157 6158 -1 6157 6156 6159 -1 6157 6160 6158 -1 6160 6157 6161 -1 6161 6162 6160 -1 6162 6161 6163 -1 6163 6164 6162 -1 6164 6163 6165 -1 6165 6166 6164 -1 6166 6165 6167 -1 6167 6168 6166 -1 6168 6167 6169 -1 6169 6170 6168 -1 6170 6169 6171 -1 6170 6172 6173 -1 6172 6170 6171 -1 6173 6174 6175 -1 6174 6173 6172 -1 6175 6176 6177 -1 6176 6175 6174 -1 6177 6178 6179 -1 6178 6177 6176 -1 6179 6180 6181 -1 6180 6179 6178 -1 6158 6182 6156 -1 6182 6158 6160 -1 6182 6160 6162 -1 6182 6162 6164 -1 6182 6164 6166 -1 6182 6166 6168 -1 6182 6168 6170 -1 6182 6170 6173 -1 6182 6173 6175 -1 6182 6175 6177 -1 6182 6177 6179 -1 6182 6179 6181 -1 6182 6180 6183 -1 6180 6182 6181 -1 6183 6156 6182 -1 6156 6183 6159 -1 6183 6157 6159 -1 6157 6183 6161 -1 6161 6183 6163 -1 6163 6183 6165 -1 6165 6183 6167 -1 6167 6183 6169 -1 6169 6183 6171 -1 6171 6183 6172 -1 6172 6183 6174 -1 6174 6183 6176 -1 6176 6183 6178 -1 6178 6183 6180 -1 6184 6185 6186 -1 6185 6184 6187 -1 6185 6188 6186 -1 6188 6185 6189 -1 6189 6190 6188 -1 6190 6189 6191 -1 6191 6192 6190 -1 6192 6191 6193 -1 6193 6194 6192 -1 6194 6193 6195 -1 6195 6196 6194 -1 6196 6195 6197 -1 6197 6198 6196 -1 6198 6197 6199 -1 6198 6200 6201 -1 6200 6198 6199 -1 6201 6202 6203 -1 6202 6201 6200 -1 6203 6204 6205 -1 6204 6203 6202 -1 6205 6206 6207 -1 6206 6205 6204 -1 6207 6208 6209 -1 6208 6207 6206 -1 6186 6210 6184 -1 6210 6186 6188 -1 6210 6188 6190 -1 6210 6190 6192 -1 6210 6192 6194 -1 6210 6194 6196 -1 6210 6196 6198 -1 6210 6198 6201 -1 6210 6201 6203 -1 6210 6203 6205 -1 6210 6205 6207 -1 6210 6207 6209 -1 6210 6208 6211 -1 6208 6210 6209 -1 6211 6184 6210 -1 6184 6211 6187 -1 6211 6185 6187 -1 6185 6211 6189 -1 6189 6211 6191 -1 6191 6211 6193 -1 6193 6211 6195 -1 6195 6211 6197 -1 6197 6211 6199 -1 6199 6211 6200 -1 6200 6211 6202 -1 6202 6211 6204 -1 6204 6211 6206 -1 6206 6211 6208 -1 6212 6213 6214 -1 6213 6212 6215 -1 6213 6216 6214 -1 6216 6213 6217 -1 6217 6218 6216 -1 6218 6217 6219 -1 6219 6220 6218 -1 6220 6219 6221 -1 6221 6222 6220 -1 6222 6221 6223 -1 6223 6224 6222 -1 6224 6223 6225 -1 6225 6226 6224 -1 6226 6225 6227 -1 6226 6228 6229 -1 6228 6226 6227 -1 6229 6230 6231 -1 6230 6229 6228 -1 6231 6232 6233 -1 6232 6231 6230 -1 6233 6234 6235 -1 6234 6233 6232 -1 6235 6236 6237 -1 6236 6235 6234 -1 6214 6238 6212 -1 6238 6214 6216 -1 6238 6216 6218 -1 6238 6218 6220 -1 6238 6220 6222 -1 6238 6222 6224 -1 6238 6224 6226 -1 6238 6226 6229 -1 6238 6229 6231 -1 6238 6231 6233 -1 6238 6233 6235 -1 6238 6235 6237 -1 6238 6236 6239 -1 6236 6238 6237 -1 6239 6212 6238 -1 6212 6239 6215 -1 6239 6213 6215 -1 6213 6239 6217 -1 6217 6239 6219 -1 6219 6239 6221 -1 6221 6239 6223 -1 6223 6239 6225 -1 6225 6239 6227 -1 6227 6239 6228 -1 6228 6239 6230 -1 6230 6239 6232 -1 6232 6239 6234 -1 6234 6239 6236 -1 6240 6241 6242 -1 6241 6240 6243 -1 6241 6244 6242 -1 6244 6241 6245 -1 6245 6246 6244 -1 6246 6245 6247 -1 6247 6248 6246 -1 6248 6247 6249 -1 6249 6250 6248 -1 6250 6249 6251 -1 6251 6252 6250 -1 6252 6251 6253 -1 6253 6254 6252 -1 6254 6253 6255 -1 6254 6256 6257 -1 6256 6254 6255 -1 6257 6258 6259 -1 6258 6257 6256 -1 6259 6260 6261 -1 6260 6259 6258 -1 6261 6262 6263 -1 6262 6261 6260 -1 6263 6264 6265 -1 6264 6263 6262 -1 6242 6266 6240 -1 6266 6242 6244 -1 6266 6244 6246 -1 6266 6246 6248 -1 6266 6248 6250 -1 6266 6250 6252 -1 6266 6252 6254 -1 6266 6254 6257 -1 6266 6257 6259 -1 6266 6259 6261 -1 6266 6261 6263 -1 6266 6263 6265 -1 6266 6264 6267 -1 6264 6266 6265 -1 6267 6240 6266 -1 6240 6267 6243 -1 6267 6241 6243 -1 6241 6267 6245 -1 6245 6267 6247 -1 6247 6267 6249 -1 6249 6267 6251 -1 6251 6267 6253 -1 6253 6267 6255 -1 6255 6267 6256 -1 6256 6267 6258 -1 6258 6267 6260 -1 6260 6267 6262 -1 6262 6267 6264 -1 6268 6269 6270 -1 6269 6268 6271 -1 6269 6272 6270 -1 6272 6269 6273 -1 6273 6274 6272 -1 6274 6273 6275 -1 6275 6276 6274 -1 6276 6275 6277 -1 6277 6278 6276 -1 6278 6277 6279 -1 6279 6280 6278 -1 6280 6279 6281 -1 6281 6282 6280 -1 6282 6281 6283 -1 6282 6284 6285 -1 6284 6282 6283 -1 6285 6286 6287 -1 6286 6285 6284 -1 6287 6288 6289 -1 6288 6287 6286 -1 6289 6290 6291 -1 6290 6289 6288 -1 6291 6292 6293 -1 6292 6291 6290 -1 6270 6294 6268 -1 6294 6270 6272 -1 6294 6272 6274 -1 6294 6274 6276 -1 6294 6276 6278 -1 6294 6278 6280 -1 6294 6280 6282 -1 6294 6282 6285 -1 6294 6285 6287 -1 6294 6287 6289 -1 6294 6289 6291 -1 6294 6291 6293 -1 6294 6292 6295 -1 6292 6294 6293 -1 6295 6268 6294 -1 6268 6295 6271 -1 6295 6269 6271 -1 6269 6295 6273 -1 6273 6295 6275 -1 6275 6295 6277 -1 6277 6295 6279 -1 6279 6295 6281 -1 6281 6295 6283 -1 6283 6295 6284 -1 6284 6295 6286 -1 6286 6295 6288 -1 6288 6295 6290 -1 6290 6295 6292 -1 6296 6297 6298 -1 6298 6299 6296 -1 6300 6301 6302 -1 6302 6303 6300 -1 6303 6304 6300 -1 6304 6305 6300 -1 6305 6306 6300 -1 6305 6299 6306 -1 6299 6298 6306 -1 6303 6302 6307 -1 6301 6308 6309 -1 6309 6310 6301 -1 6309 6311 6310 -1 6310 6312 6301 -1 6313 6314 6315 -1 6308 6316 6317 -1 6317 6314 6308 -1 6314 6309 6308 -1 6317 6315 6314 -1 6317 6318 6315 -1 6319 6308 6301 -1 6301 6300 6319 -1 6303 6307 6320 -1 6321 6322 6323 -1 6323 6307 6321 -1 6307 6324 6321 -1 6307 6312 6324 -1 6307 6301 6312 -1 6307 6302 6301 -1 6320 6308 6319 -1 6319 6325 6320 -1 6319 6326 6325 -1 6319 6327 6326 -1 6327 6296 6326 -1 6327 6297 6296 -1 6304 6325 6326 -1 6326 6299 6304 -1 6299 6305 6304 -1 6299 6326 6296 -1 6298 6297 6327 -1 6327 6319 6298 -1 6319 6300 6298 -1 6300 6306 6298 -1 6303 6320 6325 -1 6325 6304 6303 -1 6328 6329 6330 -1 6330 6331 6328 -1 6331 6332 6321 -1 6321 6328 6331 -1 6321 6333 6328 -1 6321 6324 6333 -1 6322 6317 6316 -1 6316 6334 6322 -1 6334 6323 6322 -1 6314 6330 6329 -1 6329 6309 6314 -1 6332 6315 6318 -1 6318 6321 6332 -1 6315 6332 6331 -1 6331 6313 6315 -1 6330 6314 6313 -1 6313 6331 6330 -1 6311 6309 6329 -1 6329 6328 6311 -1 6311 6328 6333 -1 6333 6310 6311 -1 6324 6312 6310 -1 6310 6333 6324 -1 6323 6334 6320 -1 6320 6303 6323 -1 6303 6307 6323 -1 6318 6317 6322 -1 6322 6321 6318 -1 6334 6316 6308 -1 6308 6320 6334 -1 6335 6336 6337 -1 6336 6335 6338 -1 6339 6340 6341 -1 6340 6339 6342 -1 6342 6339 6343 -1 6343 6339 6344 -1 6344 6339 6345 -1 6344 6345 6338 -1 6338 6345 6336 -1 6342 6346 6340 -1 6341 6347 6348 -1 6347 6341 6349 -1 6347 6349 6350 -1 6349 6341 6351 -1 6352 6353 6354 -1 6348 6355 6356 -1 6355 6348 6354 -1 6354 6348 6347 -1 6355 6354 6353 -1 6355 6353 6357 -1 6358 6341 6348 -1 6341 6358 6339 -1 6342 6359 6346 -1 6360 6361 6362 -1 6361 6360 6346 -1 6346 6360 6363 -1 6346 6363 6351 -1 6346 6351 6341 -1 6346 6341 6340 -1 6359 6358 6348 -1 6358 6359 6364 -1 6358 6364 6365 -1 6358 6365 6366 -1 6366 6365 6335 -1 6366 6335 6337 -1 6343 6365 6364 -1 6365 6343 6338 -1 6338 6343 6344 -1 6338 6335 6365 -1 6336 6366 6337 -1 6366 6336 6358 -1 6358 6336 6339 -1 6339 6336 6345 -1 6342 6364 6359 -1 6364 6342 6343 -1 6367 6368 6369 -1 6368 6367 6370 -1 6370 6360 6371 -1 6360 6370 6367 -1 6360 6367 6372 -1 6360 6372 6363 -1 6362 6356 6355 -1 6356 6362 6373 -1 6373 6362 6361 -1 6354 6369 6368 -1 6369 6354 6347 -1 6371 6357 6353 -1 6357 6371 6360 -1 6353 6370 6371 -1 6370 6353 6352 -1 6368 6352 6354 -1 6352 6368 6370 -1 6350 6369 6347 -1 6369 6350 6367 -1 6350 6372 6367 -1 6372 6350 6349 -1 6363 6349 6351 -1 6349 6363 6372 -1 6361 6359 6373 -1 6359 6361 6342 -1 6342 6361 6346 -1 6357 6362 6355 -1 6362 6357 6360 -1 6373 6348 6356 -1 6348 6373 6359 -1 "
						                >
							<Coordinate DEF="coords_ME_22-2_001"
							            point="36.668194 65.314133 401.966217 40.605202 66.427086 301.398529 36.668194 66.427086 301.398529 40.605202 65.314133 401.966217 36.668194 64.050797 516.123291 40.605202 64.050797 516.123291 40.605202 54.008415 401.841095 36.668194 56.552906 301.398529 40.605202 55.119976 301.398529 36.668194 55.441166 401.856964 40.605202 52.745075 515.998169 36.668194 54.177826 516.014038 36.668194 65.314133 200.830872 36.668194 64.050797 86.673805 36.668194 54.177826 86.783066 36.668194 55.441166 200.940140 40.605202 65.314133 200.830872 40.605202 64.050797 86.673805 40.605202 52.745075 86.798920 40.605202 54.008415 200.955994 140.882446 6.618998 197.735046 93.131538 35.065632 149.984146 142.121002 11.845087 198.973602 91.892982 29.839542 148.745590 68.519569 42.083324 125.372177 68.036842 38.697350 124.889450 67.755226 36.722019 124.607834 136.149841 6.618998 202.467651 140.604050 6.618998 198.013443 135.871445 6.618998 202.746048 140.338638 5.499122 197.748032 135.884430 5.499122 202.202240 137.110001 11.845087 203.984604 86.881989 29.839542 153.756577 63.022621 36.722019 129.340439 87.160378 29.839542 153.478195 62.744232 36.722019 129.618820 91.614594 29.839542 149.023987 86.894974 28.719666 153.212784 67.313049 35.573170 124.722435 91.349190 28.719666 148.758575 62.858833 35.573170 129.176651 67.476837 36.722019 124.886223 63.508575 42.083324 130.383163 63.025848 38.697350 129.900436 88.120552 35.065632 154.995148 62.580444 35.573170 129.455032 9.675528 44.971901 66.528137 67.591438 35.573170 124.444046 4.664535 44.971901 71.539131 67.774612 37.126518 124.627228 8.983179 50.992466 65.835785 -9.622351 43.787579 47.230259 -9.895353 46.469513 46.957256 -14.633344 43.787579 52.241249 -14.906346 46.469513 51.968246 3.972187 50.992466 70.846779 62.763622 37.126518 129.638214 49.047131 40.361549 115.921730 10.138981 60.118294 77.570351 15.465770 59.721825 71.761604 9.898000 59.721825 77.329369 15.706751 60.118294 72.002579 9.544656 59.568127 76.976028 15.112425 59.568127 71.408257 9.248626 59.681274 76.680000 14.816396 59.681274 71.112228 9.187778 59.704533 76.619148 14.755548 59.704533 71.051376 8.937290 60.089031 76.368660 14.505060 60.089031 70.800888 8.686802 60.473530 76.118172 14.254572 60.473530 70.550400 8.329926 60.609940 75.761299 13.897696 60.609940 70.193527 7.976581 60.456238 75.407951 13.544351 60.456238 69.840179 7.735600 60.059772 75.166969 13.303370 60.059772 69.599205 7.681207 59.542656 75.112579 13.248977 59.542656 69.544807 7.069483 60.554718 74.500854 12.637253 60.554718 68.933083 6.134987 60.716335 73.566360 11.702757 60.716335 67.998589 5.751911 60.329456 73.183281 11.319681 60.329456 67.615509 5.368835 59.942574 72.800209 10.936605 59.942574 67.232437 5.173673 58.640072 72.605042 10.741444 58.640072 67.037277 5.652066 57.493351 73.083435 11.219836 57.493351 67.515671 5.288546 57.588406 72.719917 10.856316 57.588406 67.152145 4.945172 57.394711 72.376541 10.512942 57.394711 66.808777 4.727706 56.971928 72.159081 10.295476 56.971928 66.591309 4.703128 56.450275 72.134499 10.270898 56.450275 66.566727 4.879008 55.990429 72.310379 10.446777 55.990429 66.742607 10.688291 55.512154 66.984123 5.120521 55.512154 72.551895 10.765536 55.013851 67.061371 5.197766 55.013851 72.629135 10.635962 54.537762 66.931793 5.068193 54.537762 72.499565 10.342411 54.241295 66.638245 4.774641 54.241295 72.206009 4.414166 54.222466 71.845535 9.981936 54.222466 66.277763 4.105950 54.487503 71.537323 9.673719 54.487503 65.969551 10.193374 60.635410 77.624748 15.761144 60.635410 72.056976 3.693798 50.992466 71.125168 84.131729 33.423553 151.563110 82.072701 32.506821 149.504074 85.092186 41.568188 152.523560 85.902939 38.738876 153.334305 85.547844 35.727657 152.979218 83.354950 43.380272 150.786316 9.261568 50.992466 65.557396 89.699501 33.423553 145.995331 87.640472 32.506821 143.936295 91.115616 35.727657 147.411438 91.470711 38.738876 147.766541 90.659958 41.568188 146.955795 88.922722 43.380272 145.218552 192.946808 56.040333 102.508095 180.250809 55.768417 102.508095 180.250809 55.768417 98.571083 192.946808 56.040333 98.571083 167.547058 55.430794 102.508095 167.547058 55.430794 98.571083 154.845215 55.027580 102.508095 154.845215 55.027580 98.571083 142.145615 54.558781 102.508095 142.145615 54.558781 98.571083 129.448608 54.024414 102.508095 129.448608 54.024414 98.571083 116.754539 53.424488 102.508095 116.754539 53.424488 98.571083 104.063736 52.759022 102.508095 104.063736 52.759022 98.571083 91.376534 52.028034 102.508095 91.376534 52.028034 98.571083 78.693275 51.231541 102.508095 78.693275 51.231541 98.571083 66.014305 50.369568 102.508095 66.014305 50.369568 98.571083 53.339947 49.442135 102.508095 53.339947 49.442135 98.571083 40.670551 48.449268 102.508095 40.670551 48.449268 98.571083 40.605202 54.354416 102.508095 40.605202 54.354416 98.571083 40.605202 56.038898 254.849701 36.668194 55.766983 242.153702 40.605202 55.766983 242.153702 36.668194 56.038898 254.849701 40.605202 55.429363 229.449951 36.668194 55.429363 229.449951 40.605202 55.026150 216.748108 36.668194 55.026150 216.748108 40.605202 54.557350 204.048508 36.668194 54.557350 204.048508 40.605202 54.022980 191.351517 36.668194 54.022980 191.351517 40.605202 53.423058 178.657440 36.668194 53.423058 178.657440 40.605202 52.757591 165.966629 36.668194 52.757591 165.966629 36.668194 52.026600 153.279434 40.605202 52.026600 153.279434 36.668194 51.230110 140.596176 40.605202 51.230110 140.596176 36.668194 50.368134 127.917198 40.605202 50.368134 127.917198 36.668194 49.440701 115.242844 40.605202 49.440701 115.242844 36.668194 48.447834 102.573448 40.605202 48.447834 102.573448 40.605202 54.352985 102.508095 36.668194 54.352985 102.508095 135.832153 6.617939 399.875488 88.081253 35.064571 447.626404 137.070709 11.844028 398.636932 86.842697 29.838482 448.864960 63.469284 42.082264 472.238373 62.986557 38.696289 472.721100 62.704941 36.720963 473.002716 140.564758 6.617939 404.608093 136.110535 6.617939 400.153870 140.843140 6.617939 404.886475 135.845139 5.498063 400.419281 140.299347 5.498063 404.873505 142.081711 11.844028 403.647919 91.853691 29.838482 453.875946 67.437546 36.720963 477.735321 91.575302 29.838482 453.597565 67.715935 36.720963 478.013702 87.121086 29.838482 449.143341 91.309898 28.718605 453.862976 62.819542 35.572109 473.444885 86.855682 28.718605 449.408752 67.273758 35.572109 477.899109 62.983330 36.720963 473.281097 68.480278 42.082264 477.249359 67.997551 38.696289 477.732086 93.092247 35.064571 452.637390 67.552147 35.572109 478.177490 4.625242 44.970840 531.082397 62.541153 35.572109 473.166504 9.636235 44.970840 536.093384 62.724331 37.125462 472.983307 3.932894 50.991405 531.774780 -14.672636 43.786518 550.380310 -14.945639 46.468452 550.653259 -9.661643 43.786518 555.391296 -9.934646 46.468452 555.664307 8.943887 50.991405 536.785767 67.735321 37.125462 477.994324 54.018833 40.360493 491.710815 15.667458 60.117233 530.618958 9.858707 59.720768 525.292175 15.426477 59.720768 530.859924 10.099688 60.117233 525.051208 15.073133 59.567066 531.213257 9.505363 59.567066 525.645508 14.777103 59.680218 531.509338 9.209333 59.680218 525.941528 14.716256 59.703472 531.570129 9.148486 59.703472 526.002380 14.465768 60.087975 531.820618 8.897998 60.087975 526.252869 14.215280 60.472473 532.071106 8.647510 60.472473 526.503357 13.858403 60.608879 532.428040 8.290633 60.608879 526.860229 13.505058 60.455177 532.781372 7.937288 60.455177 527.213562 13.264077 60.058712 533.022339 7.696308 60.058712 527.454590 13.209684 59.541595 533.076721 7.641914 59.541595 527.508972 12.597960 60.553658 533.688477 7.030190 60.553658 528.120667 11.663465 60.715279 534.622925 6.095695 60.715279 529.055176 11.280389 60.328396 535.006042 5.712619 60.328396 529.438232 10.897313 59.941513 535.389099 5.329543 59.941513 529.821350 10.702150 58.639011 535.584290 5.134381 58.639011 530.016479 11.180543 57.492290 535.105896 5.612773 57.492290 529.538086 10.817023 57.587345 535.469360 5.249253 57.587345 529.901611 10.473650 57.393650 535.812744 4.905879 57.393650 530.244995 10.256183 56.970867 536.030212 4.688413 56.970867 530.462463 10.231605 56.449215 536.054810 4.663835 56.449215 530.487061 10.407485 55.989368 535.878906 4.839715 55.989368 530.311157 5.081228 55.511093 530.069641 10.648997 55.511093 535.637390 5.158473 55.012791 529.992371 10.726243 55.012791 535.560181 5.028900 54.536705 530.121948 10.596670 54.536705 535.689758 4.735348 54.240234 530.415527 10.303118 54.240234 535.983276 9.942643 54.221405 536.343750 4.374873 54.221405 530.776001 9.634427 54.486443 536.651978 4.066657 54.486443 531.084229 15.721851 60.634350 530.564575 10.154081 60.634350 524.996765 9.222276 50.991405 537.064148 89.660210 33.422493 456.626190 87.601173 32.505760 458.685242 90.620667 41.567127 455.665741 91.431419 38.737820 454.854980 91.076317 35.726601 455.210083 88.883430 43.379211 457.402985 3.654505 50.991405 531.496338 84.092438 33.422493 451.058441 82.033409 32.505760 453.117462 85.508553 35.726601 449.642334 85.863647 38.737820 449.287231 85.052895 41.567127 450.097992 83.315659 43.379211 451.835205 40.605202 56.039272 347.811127 40.605202 55.767357 360.507111 36.668194 55.767357 360.507111 36.668194 56.039272 347.811127 40.605202 55.429737 373.210876 36.668194 55.429737 373.210876 40.605202 55.026520 385.912720 36.668194 55.026520 385.912720 40.605202 54.557724 398.612305 36.668194 54.557724 398.612305 40.605202 54.023354 411.309326 36.668194 54.023354 411.309326 40.605202 53.423428 424.003387 36.668194 53.423428 424.003387 40.605202 52.757961 436.694214 36.668194 52.757961 436.694214 40.605202 52.026974 449.381409 36.668194 52.026974 449.381409 40.605202 51.230484 462.064667 36.668194 51.230484 462.064667 40.605202 50.368507 474.743622 36.668194 50.368507 474.743622 40.605202 49.441074 487.417999 36.668194 49.441074 487.417999 40.605202 48.448208 500.087372 36.668194 48.448208 500.087372 40.605202 54.353359 500.152740 36.668194 54.353359 500.152740 192.946808 56.037838 500.152740 180.250809 55.765926 504.089752 180.250809 55.765926 500.152740 192.946808 56.037838 504.089752 167.547058 55.428303 500.152740 167.547058 55.428303 504.089752 154.845215 55.025089 500.152740 154.845215 55.025089 504.089752 142.145615 54.556290 500.152740 142.145615 54.556290 504.089752 129.448608 54.021923 500.152740 129.448608 54.021923 504.089752 116.754539 53.421997 500.152740 116.754539 53.421997 504.089752 104.063736 52.756531 500.152740 104.063736 52.756531 504.089752 91.376534 52.025543 504.089752 91.376534 52.025543 500.152740 78.693275 51.229050 504.089752 78.693275 51.229050 500.152740 66.014305 50.367077 504.089752 66.014305 50.367077 500.152740 53.339947 49.439644 504.089752 53.339947 49.439644 500.152740 40.670551 48.446777 504.089752 40.670551 48.446777 500.152740 40.605202 54.351925 500.152740 40.605202 54.351925 504.089752 425.409241 37.096077 455.504425 375.254517 35.582981 453.991302 425.409241 35.582981 453.991302 375.246124 37.096077 455.504425 257.147888 34.275936 449.857452 375.250854 36.239628 449.200806 375.254517 35.582981 449.857452 257.140625 34.932541 449.200806 77.480988 32.287621 449.857452 77.473724 32.944225 449.200806 257.108276 37.855743 447.790527 375.223267 41.229939 448.344360 375.234680 39.163010 447.790527 257.085419 39.922546 448.344360 77.441376 35.867428 447.790527 77.418503 37.934231 448.344360 77.401756 39.447235 449.857452 77.401756 39.447235 453.991302 77.395630 40.001034 451.924377 77.418503 37.934231 455.504425 77.441376 35.867428 456.058258 77.464249 33.800625 455.504425 77.464249 33.800625 448.344360 77.480988 32.287621 453.991302 77.487122 31.733824 451.924377 257.131165 35.788940 448.344360 375.246124 37.096077 448.344360 257.147888 34.275936 453.991302 257.131165 35.788940 455.504425 425.409241 35.029148 451.924377 375.257568 35.029148 451.924377 375.214874 42.743034 449.857452 257.068665 41.435551 449.857452 257.154022 33.722137 451.924377 375.223267 41.229939 455.504425 257.108276 37.855743 456.058258 375.234680 39.163010 456.058258 257.085419 39.922546 455.504425 425.409241 37.096077 448.344360 425.409241 36.239628 449.200806 375.214874 42.743034 453.991302 257.068665 41.435551 453.991302 425.409241 41.229939 448.344360 425.409241 39.163010 447.790527 425.409241 42.743034 453.991302 425.409241 42.743034 449.857452 425.409241 43.296867 451.924377 425.409241 41.229939 455.504425 425.409241 39.163010 456.058258 425.409241 35.582981 449.857452 257.062531 41.989346 451.924377 375.211823 43.296867 451.924377 425.409241 8.093454 405.307556 375.254517 6.580357 403.794464 425.409241 6.580357 403.794464 375.246124 8.093454 405.307556 257.147888 5.273311 399.660614 375.250854 7.237003 399.003967 375.254517 6.580357 399.660614 257.140625 5.929916 399.003967 105.359283 3.593517 399.660614 105.352013 4.250122 399.003967 257.108276 8.853118 397.593689 375.223267 12.227312 398.147522 375.234680 10.160383 397.593689 257.085419 10.919920 398.147522 105.319664 7.173324 397.593689 105.296791 9.240127 398.147522 105.280045 10.753131 399.660614 105.280045 10.753131 403.794464 105.273918 11.306929 401.727539 105.296791 9.240127 405.307556 105.319664 7.173324 405.861389 105.342537 5.106521 405.307556 105.342537 5.106521 398.147522 105.359283 3.593517 403.794464 105.365410 3.039718 401.727539 257.131165 6.786315 398.147522 375.246124 8.093454 398.147522 257.147888 5.273311 403.794464 257.131165 6.786315 405.307556 425.409241 6.026525 401.727539 375.257568 6.026525 401.727539 375.214874 13.740410 399.660614 257.068665 12.432924 399.660614 257.154022 4.719512 401.727539 375.223267 12.227312 405.307556 257.108276 8.853118 405.861389 375.234680 10.160383 405.861389 257.085419 10.919920 405.307556 425.409241 8.093454 398.147522 425.409241 7.237003 399.003967 375.214874 13.740410 403.794464 257.068665 12.432924 403.794464 425.409241 12.227312 398.147522 425.409241 10.160383 397.593689 425.409241 13.740410 403.794464 425.409241 13.740410 399.660614 425.409241 14.294242 401.727539 425.409241 12.227312 405.307556 425.409241 10.160383 405.861389 425.409241 6.580357 399.660614 257.062531 12.986723 401.727539 375.211823 14.294242 401.727539 425.409241 -27.602083 355.110718 375.254517 -29.115181 353.597626 425.409241 -29.115181 353.597626 375.246124 -27.602083 355.110718 257.147888 -30.422228 349.463745 375.250854 -28.458536 348.807098 375.254517 -29.115181 349.463745 257.140625 -29.765621 348.807098 105.754265 -32.097649 349.463745 105.746994 -31.441046 348.807098 257.108276 -26.842421 347.396820 375.223267 -23.468225 347.950653 375.234680 -25.535154 347.396820 257.085419 -24.775618 347.950653 105.714645 -28.517843 347.396820 105.691772 -26.451040 347.950653 105.675034 -24.938036 349.463745 105.675034 -24.938036 353.597626 105.668900 -24.384237 351.530701 105.691772 -26.451040 355.110718 105.714645 -28.517843 355.664551 105.737518 -30.584646 355.110718 105.737518 -30.584646 347.950653 105.754265 -32.097649 353.597626 105.760391 -32.651447 351.530701 257.131165 -28.909224 347.950653 375.246124 -27.602083 347.950653 257.147888 -30.422228 353.597626 257.131165 -28.909224 355.110718 425.409241 -29.669014 351.530701 375.257568 -29.669014 351.530701 375.214874 -21.955128 349.463745 257.068665 -23.262613 349.463745 257.154022 -30.976027 351.530701 375.223267 -23.468225 355.110718 257.108276 -26.842421 355.664551 375.234680 -25.535154 355.664551 257.085419 -24.775618 355.110718 425.409241 -27.602083 347.950653 425.409241 -28.458536 348.807098 375.214874 -21.955128 353.597626 257.068665 -23.262613 353.597626 425.409241 -23.468225 347.950653 425.409241 -25.535154 347.396820 425.409241 -21.955128 353.597626 425.409241 -21.955128 349.463745 425.409241 -21.401297 351.530701 425.409241 -23.468225 355.110718 425.409241 -25.535154 355.664551 425.409241 -29.115181 349.463745 257.062531 -22.708815 351.530701 375.211823 -21.401297 351.530701 425.409241 -74.452477 304.913849 375.889465 -75.965576 303.400757 425.409241 -75.965576 303.400757 375.881073 -74.452477 304.913849 257.782837 -77.272621 299.266907 375.885803 -75.308929 298.610260 375.889465 -75.965576 299.266907 257.775574 -76.616013 298.610260 106.272758 -78.949333 299.266907 106.265488 -78.292725 298.610260 257.743225 -73.692818 297.199982 375.858215 -70.318619 297.753815 375.869629 -72.385551 297.199982 257.720367 -71.626015 297.753815 106.233139 -75.369522 297.199982 106.210266 -73.302727 297.753815 106.193520 -71.789719 299.266907 106.193520 -71.789719 303.400757 106.187393 -71.235924 301.333832 106.210266 -73.302727 304.913849 106.233139 -75.369522 305.467682 106.256012 -77.436325 304.913849 106.256012 -77.436325 297.753815 106.272758 -78.949333 303.400757 106.278885 -79.503128 301.333832 257.766113 -75.759613 297.753815 375.881073 -74.452477 297.753815 257.782837 -77.272621 303.400757 257.766113 -75.759613 304.913849 425.409241 -76.519409 301.333832 375.892517 -76.519409 301.333832 375.849823 -68.805519 299.266907 257.703613 -70.113007 299.266907 257.788971 -77.826416 301.333832 375.858215 -70.318619 304.913849 257.743225 -73.692818 305.467682 375.869629 -72.385551 305.467682 257.720367 -71.626015 304.913849 425.409241 -74.452477 297.753815 425.409241 -75.308929 298.610260 375.849823 -68.805519 303.400757 257.703613 -70.113007 303.400757 425.409241 -70.318619 297.753815 425.409241 -72.385551 297.199982 425.409241 -68.805519 303.400757 425.409241 -68.805519 299.266907 425.409241 -68.251694 301.333832 425.409241 -70.318619 304.913849 425.409241 -72.385551 305.467682 425.409241 -75.965576 299.266907 257.697479 -69.559212 301.333832 375.846771 -68.251694 301.333832 425.409241 -27.602083 254.717010 375.254517 -29.115181 253.203918 425.409241 -29.115181 253.203918 375.246124 -27.602083 254.717010 257.147888 -30.422228 249.070053 375.250854 -28.458536 248.413406 375.254517 -29.115181 249.070053 257.140625 -29.765621 248.413406 105.754265 -32.097649 249.070053 105.746994 -31.441046 248.413406 257.108276 -26.842421 247.003128 375.223267 -23.468225 247.556961 375.234680 -25.535154 247.003128 257.085419 -24.775618 247.556961 105.714645 -28.517843 247.003128 105.691772 -26.451040 247.556961 105.675034 -24.938036 249.070053 105.675034 -24.938036 253.203918 105.668900 -24.384237 251.136993 105.691772 -26.451040 254.717010 105.714645 -28.517843 255.270844 105.737518 -30.584646 254.717010 105.737518 -30.584646 247.556961 105.754265 -32.097649 253.203918 105.760391 -32.651447 251.136993 257.131165 -28.909224 247.556961 375.246124 -27.602083 247.556961 257.147888 -30.422228 253.203918 257.131165 -28.909224 254.717010 425.409241 -29.669014 251.136993 375.257568 -29.669014 251.136993 375.214874 -21.955128 249.070053 257.068665 -23.262613 249.070053 257.154022 -30.976027 251.136993 375.223267 -23.468225 254.717010 257.108276 -26.842421 255.270844 375.234680 -25.535154 255.270844 257.085419 -24.775618 254.717010 425.409241 -27.602083 247.556961 425.409241 -28.458536 248.413406 375.214874 -21.955128 253.203918 257.068665 -23.262613 253.203918 425.409241 -23.468225 247.556961 425.409241 -25.535154 247.003128 425.409241 -21.955128 253.203918 425.409241 -21.955128 249.070053 425.409241 -21.401297 251.136993 425.409241 -23.468225 254.717010 425.409241 -25.535154 255.270844 425.409241 -29.115181 249.070053 257.062531 -22.708815 251.136993 375.211823 -21.401297 251.136993 425.409241 8.093454 204.520157 375.254517 6.580357 203.007065 425.409241 6.580357 203.007065 375.246124 8.093454 204.520157 257.147888 5.273311 198.873215 375.250854 7.237003 198.216568 375.254517 6.580357 198.873215 257.140625 5.929916 198.216568 105.359283 3.593517 198.873215 105.352013 4.250122 198.216568 257.108276 8.853118 196.806274 375.223267 12.227312 197.360107 375.234680 10.160383 196.806274 257.085419 10.919920 197.360107 105.319664 7.173324 196.806274 105.296791 9.240127 197.360107 105.280045 10.753131 198.873215 105.280045 10.753131 203.007065 105.273918 11.306929 200.940140 105.296791 9.240127 204.520157 105.319664 7.173324 205.073990 105.342537 5.106521 204.520157 105.342537 5.106521 197.360107 105.359283 3.593517 203.007065 105.365410 3.039718 200.940140 257.131165 6.786315 197.360107 375.246124 8.093454 197.360107 257.147888 5.273311 203.007065 257.131165 6.786315 204.520157 425.409241 6.026525 200.940140 375.257568 6.026525 200.940140 375.214874 13.740410 198.873215 257.068665 12.432924 198.873215 257.154022 4.719512 200.940140 375.223267 12.227312 204.520157 257.108276 8.853118 205.073990 375.234680 10.160383 205.073990 257.085419 10.919920 204.520157 425.409241 8.093454 197.360107 425.409241 7.237003 198.216568 375.214874 13.740410 203.007065 257.068665 12.432924 203.007065 425.409241 12.227312 197.360107 425.409241 10.160383 196.806274 425.409241 13.740410 203.007065 425.409241 13.740410 198.873215 425.409241 14.294242 200.940140 425.409241 12.227312 204.520157 425.409241 10.160383 205.073990 425.409241 6.580357 198.873215 257.062531 12.986723 200.940140 375.211823 14.294242 200.940140 425.409241 37.096077 154.323318 375.254517 35.582981 152.810211 425.409241 35.582981 152.810211 375.246124 37.096077 154.323318 257.147888 34.275936 148.676361 375.250854 36.239628 148.019714 375.254517 35.582981 148.676361 257.140625 34.932541 148.019714 77.480988 32.287621 148.676361 77.473724 32.944225 148.019714 257.108276 37.855743 146.609421 375.223267 41.229939 147.163254 375.234680 39.163010 146.609421 257.085419 39.922546 147.163254 77.441376 35.867428 146.609421 77.418503 37.934231 147.163254 77.401756 39.447235 148.676361 77.401756 39.447235 152.810211 77.395630 40.001034 150.743286 77.418503 37.934231 154.323318 77.441376 35.867428 154.877151 77.464249 33.800625 154.323318 77.464249 33.800625 147.163254 77.480988 32.287621 152.810211 77.487122 31.733824 150.743286 257.131165 35.788940 147.163254 375.246124 37.096077 147.163254 257.147888 34.275936 152.810211 257.131165 35.788940 154.323318 425.409241 35.029148 150.743286 375.257568 35.029148 150.743286 375.214874 42.743034 148.676361 257.068665 41.435551 148.676361 257.154022 33.722137 150.743286 375.223267 41.229939 154.323318 257.108276 37.855743 154.877151 375.234680 39.163010 154.877151 257.085419 39.922546 154.323318 425.409241 37.096077 147.163254 425.409241 36.239628 148.019714 375.214874 42.743034 152.810211 257.068665 41.435551 152.810211 425.409241 41.229939 147.163254 425.409241 39.163010 146.609421 425.409241 42.743034 152.810211 425.409241 42.743034 148.676361 425.409241 43.296867 150.743286 425.409241 41.229939 154.323318 425.409241 39.163010 154.877151 425.409241 35.582981 148.676361 257.062531 41.989346 150.743286 375.211823 43.296867 150.743286 92.413574 33.800625 139.373993 92.413574 37.934231 139.328247 92.967407 35.867428 139.351120 90.900475 32.287621 139.390732 90.900475 39.447235 139.311493 88.833549 31.733824 139.396866 88.833549 40.001034 139.305374 86.766617 32.287621 139.390732 86.766617 39.447235 139.311493 86.109970 32.944225 139.383469 85.253517 37.934231 139.328247 85.253517 33.800625 139.373993 84.699692 35.867428 139.351120 88.833549 41.794865 301.398529 86.766617 41.240997 301.398529 92.413574 39.727810 301.398529 90.900475 41.240997 301.398529 84.699692 37.660755 301.398529 85.253517 39.727810 301.398529 86.109970 34.737194 301.398529 85.253517 35.593697 301.398529 90.900475 34.080509 301.398529 88.833549 33.526642 301.398529 92.967407 37.660755 301.398529 86.766617 34.080509 301.398529 92.413574 35.593697 301.398529 90.900475 39.447235 463.485596 88.833549 40.001034 463.491730 86.766617 39.447235 463.485596 85.253517 37.934231 463.468842 85.253517 33.800625 463.423096 86.109970 32.944225 463.413635 90.900475 32.287621 463.406372 88.833549 31.733824 463.400238 86.766617 32.287621 463.406372 84.699692 35.867428 463.445984 92.413574 37.934231 463.468842 92.413574 33.800625 463.423096 92.967407 35.867428 463.445984 86.896645 34.243664 295.318420 90.833649 33.971752 308.014404 86.896645 33.971752 308.014404 90.833649 34.243664 295.318420 86.896645 33.634129 320.718170 90.833649 33.634129 320.718170 86.896645 33.230915 333.420013 90.833649 33.230915 333.420013 86.896645 32.762115 346.119598 90.833649 32.762115 346.119598 86.896645 32.227749 358.816589 90.833649 32.227749 358.816589 86.896645 31.627823 371.510681 90.833649 31.627823 371.510681 86.896645 30.962357 384.201477 90.833649 30.962357 384.201477 90.833649 30.231367 396.888672 86.896645 30.231367 396.888672 90.833649 29.434875 409.571930 86.896645 29.434875 409.571930 90.833649 28.572903 422.250916 86.896645 28.572903 422.250916 90.833649 27.645470 434.925262 86.896645 27.645470 434.925262 90.833649 26.652601 447.594666 86.896645 26.652601 447.594666 86.896645 32.557751 447.660034 90.833649 32.557751 447.660034 86.896645 34.243664 307.478668 86.896645 33.971752 294.782684 90.833649 33.971752 294.782684 90.833649 34.243664 307.478668 86.896645 33.634129 282.078918 90.833649 33.634129 282.078918 86.896645 33.230915 269.377075 90.833649 33.230915 269.377075 86.896645 32.762115 256.677490 90.833649 32.762115 256.677490 86.896645 32.227749 243.980484 90.833649 32.227749 243.980484 86.896645 31.627823 231.286407 90.833649 31.627823 231.286407 86.896645 30.962357 218.595596 90.833649 30.962357 218.595596 86.896645 30.231367 205.908401 90.833649 30.231367 205.908401 86.896645 29.434875 193.225143 90.833649 29.434875 193.225143 86.896645 28.572903 180.546173 90.833649 28.572903 180.546173 86.896645 27.645470 167.871811 90.833649 27.645470 167.871811 86.896645 26.652601 155.202423 90.833649 26.652601 155.202423 86.896645 32.557751 155.137070 90.833649 32.557751 155.137070 245.568939 34.243664 449.987488 232.872940 33.971752 453.924500 232.872940 33.971752 449.987488 245.568939 34.243664 453.924500 220.169174 33.634129 449.987488 220.169174 33.634129 453.924500 207.467331 33.230915 449.987488 207.467331 33.230915 453.924500 194.767746 32.762115 449.987488 194.767746 32.762115 453.924500 182.070740 32.227749 449.987488 182.070740 32.227749 453.924500 169.376678 31.627823 449.987488 169.376678 31.627823 453.924500 156.685867 30.962357 449.987488 156.685867 30.962357 453.924500 143.998657 30.231367 453.924500 143.998657 30.231367 449.987488 131.315399 29.434875 453.924500 131.315399 29.434875 449.987488 118.636429 28.572903 453.924500 118.636429 28.572903 449.987488 105.962074 27.645470 453.924500 105.962074 27.645470 449.987488 93.292679 26.652601 453.924500 93.292679 26.652601 449.987488 93.227325 32.557751 449.987488 93.227325 32.557751 453.924500 257.700897 5.244592 399.790649 245.004883 4.972678 403.727631 245.004883 4.972678 399.790649 257.700897 5.244592 403.727631 232.301132 4.635057 399.790649 232.301132 4.635057 403.727631 219.599289 4.231842 399.790649 219.599289 4.231842 403.727631 206.899689 3.763044 399.790649 206.899689 3.763044 403.727631 194.202698 3.228675 399.790649 194.202698 3.228675 403.727631 181.508621 2.628750 399.790649 181.508621 2.628750 403.727631 168.817810 1.963284 399.790649 168.817810 1.963284 403.727631 156.130615 1.232295 403.727631 156.130615 1.232295 399.790649 143.447357 0.435803 403.727631 143.447357 0.435803 399.790649 130.768372 -0.426171 403.727631 130.768372 -0.426171 399.790649 118.094025 -1.353604 403.727631 118.094025 -1.353604 399.790649 105.424629 -2.346472 403.727631 105.424629 -2.346472 399.790649 105.359276 3.558678 399.790649 105.359276 3.558678 403.727631 258.095856 -30.446575 349.593781 245.399872 -30.718489 353.530792 245.399872 -30.718489 349.593781 258.095856 -30.446575 353.530792 232.696106 -31.056110 349.593781 232.696106 -31.056110 353.530792 219.994263 -31.459326 349.593781 219.994263 -31.459326 353.530792 207.294678 -31.928123 349.593781 207.294678 -31.928123 353.530792 194.597672 -32.462494 349.593781 194.597672 -32.462494 353.530792 181.903595 -33.062416 349.593781 181.903595 -33.062416 353.530792 169.212799 -33.727882 349.593781 169.212799 -33.727882 353.530792 156.525589 -34.458874 353.530792 156.525589 -34.458874 349.593781 143.842331 -35.255363 353.530792 143.842331 -35.255363 349.593781 131.163361 -36.117336 353.530792 131.163361 -36.117336 349.593781 118.489006 -37.044773 353.530792 118.489006 -37.044773 349.593781 105.819611 -38.037640 353.530792 105.819611 -38.037640 349.593781 105.754257 -32.132488 349.593781 105.754257 -32.132488 353.530792 258.614349 -77.298256 299.396942 245.918365 -77.570175 303.333954 245.918365 -77.570175 299.396942 258.614349 -77.298256 303.333954 233.214600 -77.907791 299.396942 233.214600 -77.907791 303.333954 220.512756 -78.311005 299.396942 220.512756 -78.311005 303.333954 207.813171 -78.779808 299.396942 207.813171 -78.779808 303.333954 195.116165 -79.314171 299.396942 195.116165 -79.314171 303.333954 182.422089 -79.914101 299.396942 182.422089 -79.914101 303.333954 169.731293 -80.579567 299.396942 169.731293 -80.579567 303.333954 157.044083 -81.310555 303.333954 157.044083 -81.310555 299.396942 144.360825 -82.107048 303.333954 144.360825 -82.107048 299.396942 131.681854 -82.969017 303.333954 131.681854 -82.969017 299.396942 119.007500 -83.896454 303.333954 119.007500 -83.896454 299.396942 106.338097 -84.889320 303.333954 106.338097 -84.889320 299.396942 106.272751 -78.984169 299.396942 106.272751 -78.984169 303.333954 258.095856 -30.446575 249.200089 245.399872 -30.718489 253.137085 245.399872 -30.718489 249.200089 258.095856 -30.446575 253.137085 232.696106 -31.056110 249.200089 232.696106 -31.056110 253.137085 219.994263 -31.459326 249.200089 219.994263 -31.459326 253.137085 207.294678 -31.928123 249.200089 207.294678 -31.928123 253.137085 194.597672 -32.462494 249.200089 194.597672 -32.462494 253.137085 181.903595 -33.062416 249.200089 181.903595 -33.062416 253.137085 169.212799 -33.727882 249.200089 169.212799 -33.727882 253.137085 156.525589 -34.458874 253.137085 156.525589 -34.458874 249.200089 143.842331 -35.255363 253.137085 143.842331 -35.255363 249.200089 131.163361 -36.117336 253.137085 131.163361 -36.117336 249.200089 118.489006 -37.044773 253.137085 118.489006 -37.044773 249.200089 105.819611 -38.037640 253.137085 105.819611 -38.037640 249.200089 105.754257 -32.132488 249.200089 105.754257 -32.132488 253.137085 257.700897 5.244592 199.003235 245.004883 4.972678 202.940247 245.004883 4.972678 199.003235 257.700897 5.244592 202.940247 232.301132 4.635057 199.003235 232.301132 4.635057 202.940247 219.599289 4.231842 199.003235 219.599289 4.231842 202.940247 206.899689 3.763044 199.003235 206.899689 3.763044 202.940247 194.202698 3.228675 199.003235 194.202698 3.228675 202.940247 181.508621 2.628750 199.003235 181.508621 2.628750 202.940247 168.817810 1.963284 199.003235 168.817810 1.963284 202.940247 156.130615 1.232295 202.940247 156.130615 1.232295 199.003235 143.447357 0.435803 202.940247 143.447357 0.435803 199.003235 130.768372 -0.426171 202.940247 130.768372 -0.426171 199.003235 118.094025 -1.353604 202.940247 118.094025 -1.353604 199.003235 105.424629 -2.346472 202.940247 105.424629 -2.346472 199.003235 105.359276 3.558678 199.003235 105.359276 3.558678 202.940247 245.569656 34.112965 148.806381 232.873657 33.841049 152.743393 232.873657 33.841049 148.806381 245.569656 34.112965 152.743393 220.169907 33.503429 148.806381 220.169907 33.503429 152.743393 207.468063 33.100216 148.806381 207.468063 33.100216 152.743393 194.768463 32.631416 148.806381 194.768463 32.631416 152.743393 182.071472 32.097046 148.806381 182.071472 32.097046 152.743393 169.377396 31.497122 148.806381 169.377396 31.497122 152.743393 156.686584 30.831656 148.806381 156.686584 30.831656 152.743393 143.999390 30.100668 152.743393 143.999390 30.100668 148.806381 131.316132 29.304174 152.743393 131.316132 29.304174 148.806381 118.637154 28.442202 152.743393 118.637154 28.442202 148.806381 105.962799 27.514769 152.743393 105.962799 27.514769 148.806381 93.293404 26.521900 152.743393 93.293404 26.521900 148.806381 93.228050 32.427052 148.806381 93.228050 32.427052 152.743393 24.873327 54.177826 504.089752 24.764067 64.050797 504.089752 24.764067 64.050797 500.152740 24.889183 52.745075 500.152740 257.023438 66.621132 500.152740 360.290253 67.929703 500.152740 360.290253 58.055336 500.152740 360.290253 56.622383 500.152740 257.157654 55.315514 500.152740 139.046249 54.008415 500.152740 138.921143 65.314133 500.152740 360.308380 56.622616 500.152740 360.290253 67.929703 504.089752 374.660309 67.929703 500.940125 373.282379 67.929703 500.546448 374.660309 67.929703 500.546448 373.282379 67.929703 500.152740 375.841431 67.929703 500.546448 375.890625 67.929703 500.940125 377.219360 67.929703 500.546448 425.409241 67.929703 504.089752 425.409241 67.929703 500.152740 377.219360 67.929703 500.152740 257.023438 66.621132 504.089752 360.290253 58.055336 504.089752 377.219360 62.024193 500.152740 425.409241 62.024193 500.152740 425.409241 56.622383 500.152740 373.282379 62.024193 500.152740 257.140625 56.748253 504.089752 139.030396 55.441166 504.089752 138.921143 65.314133 504.089752 374.660309 62.024193 500.546448 374.660309 62.024193 500.940125 375.890625 62.024193 500.940125 375.841431 62.024193 500.546448 377.219360 62.024193 500.546448 373.282379 62.024193 500.546448 425.409241 58.055336 504.089752 42.294243 203.804169 303.583252 42.006618 203.804169 301.398529 42.294243 203.804169 299.213837 43.137512 203.804169 305.619080 43.137512 203.804169 297.177979 44.478962 203.804169 307.367310 44.478962 203.804169 295.429779 46.227169 203.804169 308.708740 46.227169 203.804169 294.088348 48.263000 203.804169 309.552032 48.263000 203.804169 293.245056 50.447720 203.804169 309.839630 50.447720 203.804169 292.957428 52.632439 203.804169 309.552032 52.632439 203.804169 293.245056 54.668270 203.804169 308.708740 54.668270 203.804169 294.088348 56.416481 203.804169 307.367310 56.416481 203.804169 295.429779 57.757927 203.804169 305.619080 57.757927 203.804169 297.177979 58.601196 203.804169 303.583252 58.601196 203.804169 299.213837 58.888821 203.804169 301.398529 40.895084 204.361191 303.958160 40.558102 204.361191 301.398529 41.333679 203.804169 301.398529 41.644234 203.804169 303.757446 40.274895 205.080704 304.124359 39.916039 205.080704 301.398529 39.813061 205.928604 304.248108 39.437908 205.928604 301.398529 38.649883 205.928604 301.398529 39.051884 205.928604 304.452057 39.051884 206.408447 304.452057 38.649883 206.408447 301.398529 41.883060 204.361191 306.343353 42.554729 203.804169 305.955566 41.327015 205.080704 306.664398 40.912945 205.928604 306.903442 40.230492 205.928604 307.297455 40.230492 206.408447 307.297455 43.454704 204.361191 308.391571 44.003120 203.804169 307.843140 43.000694 205.080704 308.845581 42.662609 205.928604 309.183655 42.105389 205.928604 309.740875 42.105389 206.408447 309.740875 45.502911 204.361191 309.963196 45.890701 203.804169 309.291534 45.181877 205.080704 310.519257 44.942814 205.928604 310.933319 44.548801 205.928604 311.615784 44.548801 206.408447 311.615784 47.888100 204.361191 310.951172 48.088833 203.804169 310.202026 47.721920 205.080704 311.571381 47.598171 205.928604 312.033203 47.394215 205.928604 312.794373 47.394215 206.408447 312.794373 50.447720 204.361191 311.288147 50.447720 203.804169 310.512573 39.051884 206.408447 298.345032 40.230492 206.408447 295.499634 42.105389 206.408447 293.056213 44.548801 206.408447 291.181305 47.394215 206.408447 290.002716 50.447720 206.408447 313.196381 50.447720 206.408447 289.600708 53.501225 206.408447 312.794373 53.501225 206.408447 290.002716 56.346638 206.408447 311.615784 56.346638 206.408447 291.181305 58.790051 206.408447 309.740875 58.790051 206.408447 293.056213 60.664948 206.408447 307.297455 60.664948 206.408447 295.499634 61.843555 206.408447 304.452057 61.843555 206.408447 298.345032 62.245560 206.408447 301.398529 50.447720 205.928604 313.196381 50.447720 205.080704 311.930237 50.447720 205.928604 312.408356 53.501225 205.928604 312.794373 53.007343 204.361191 310.951172 53.173519 205.080704 311.571381 53.297268 205.928604 312.033203 52.806606 203.804169 310.202026 39.051884 205.928604 298.345032 55.952625 205.928604 310.933319 56.346638 205.928604 311.615784 58.232834 205.928604 309.183655 58.790051 205.928604 309.740875 59.982494 205.928604 306.903442 60.664948 205.928604 307.297455 61.082382 205.928604 304.248108 61.843555 205.928604 304.452057 61.457531 205.928604 301.398529 40.230492 205.928604 295.499634 39.813061 205.928604 298.548981 40.912945 205.928604 295.893646 42.105389 205.928604 293.056213 42.662609 205.928604 293.613434 44.548801 205.928604 291.181305 44.942814 205.928604 291.863770 47.394215 205.928604 290.002716 47.598171 205.928604 290.763885 50.447720 205.928604 289.600708 50.447720 205.928604 290.388733 53.297268 205.928604 290.763885 53.501225 205.928604 290.002716 55.952625 205.928604 291.863770 56.346638 205.928604 291.181305 58.232834 205.928604 293.613434 58.790051 205.928604 293.056213 59.982494 205.928604 295.893646 60.664948 205.928604 295.499634 61.082382 205.928604 298.548981 61.843555 205.928604 298.345032 62.245560 205.928604 301.398529 41.644234 203.804169 299.039642 55.004742 203.804169 309.291534 56.892319 203.804169 307.843140 58.340710 203.804169 305.955566 59.251209 203.804169 303.757446 42.554729 203.804169 296.841522 44.003120 203.804169 294.953949 45.890701 203.804169 293.505554 48.088833 203.804169 292.595062 50.447720 203.804169 292.284515 52.806606 203.804169 292.595062 55.004742 203.804169 293.505554 56.892319 203.804169 294.953949 58.340710 203.804169 296.841522 59.251209 203.804169 299.039642 59.561760 203.804169 301.398529 55.392529 204.361191 309.963196 57.440735 204.361191 308.391571 55.713562 205.080704 310.519257 57.894745 205.080704 308.845581 59.012383 204.361191 306.343353 59.568424 205.080704 306.664398 53.173519 205.080704 291.225708 55.713562 205.080704 292.277832 53.007343 204.361191 291.845917 55.392529 204.361191 292.833893 60.620544 205.080704 304.124359 60.000359 204.361191 303.958160 60.000359 204.361191 298.838928 60.337337 204.361191 301.398529 60.620544 205.080704 298.672729 60.979404 205.080704 301.398529 57.440735 204.361191 294.405518 59.012383 204.361191 296.453735 57.894745 205.080704 293.951508 59.568424 205.080704 296.132690 40.274895 205.080704 298.672729 40.895084 204.361191 298.838928 41.327015 205.080704 296.132690 41.883060 204.361191 296.453735 43.000694 205.080704 293.951508 43.454704 204.361191 294.405518 45.181877 205.080704 292.277832 45.502911 204.361191 292.833893 47.721920 205.080704 291.225708 47.888100 204.361191 291.845917 50.447720 205.080704 290.866852 50.447720 204.361191 291.508911 44.310532 125.491692 398.313660 45.436726 164.408005 396.845947 45.436726 125.491692 396.845947 45.436726 199.874634 396.845947 44.310532 199.874634 398.313660 44.310532 164.408005 398.313660 45.529522 106.033531 396.938751 44.424183 106.033531 398.379272 43.196785 201.465195 399.914062 42.465000 202.125534 401.856964 42.737003 202.125534 399.790863 42.940998 201.465195 401.856964 42.737003 202.599182 399.790863 42.465000 202.599182 401.856964 42.626312 202.599182 399.761200 42.006618 202.961746 401.856964 42.294243 202.961746 399.672241 42.350403 202.599182 401.856964 42.294243 203.324326 399.672241 42.006618 203.324326 401.856964 45.269058 86.656334 400.469330 45.723312 86.575371 401.856964 45.086376 86.656334 401.856964 45.884293 86.575371 400.634186 44.738445 86.995766 400.327148 44.537045 86.995766 401.856964 44.170753 87.534706 401.856964 44.384636 87.534706 400.232361 44.051136 88.179527 401.856964 44.269096 88.179527 400.201385 43.754807 93.061424 401.856964 43.982861 93.061424 400.124695 43.492340 106.033531 401.856964 43.729340 106.033531 400.056763 43.361107 125.491692 401.856964 43.602577 125.491692 400.022797 44.290771 199.874634 398.302246 43.484489 200.697479 399.991150 44.204659 200.697479 398.252502 43.580536 199.874634 400.016907 43.946709 201.465195 398.103577 43.534481 202.125534 397.865601 43.534481 202.599182 397.865601 43.137512 202.961746 397.636414 43.435238 202.599182 397.808289 43.137512 203.324326 397.636414 45.804661 86.656334 399.176270 46.356262 86.575371 399.494751 45.328926 86.995766 398.901611 45.011707 87.534706 398.718475 44.908115 88.179527 398.658661 44.651485 93.061424 398.510498 45.420593 199.874634 396.829834 45.350281 200.697479 396.759521 45.139668 201.465195 396.548889 44.803085 202.125534 396.212311 44.803085 202.599182 396.212311 44.478962 202.961746 395.888184 44.722054 202.599182 396.131287 44.478962 203.324326 395.888184 46.656677 86.656334 398.065918 47.107059 86.575371 398.516296 46.268242 86.995766 397.677460 46.009235 87.534706 397.418457 45.924652 88.179527 397.333893 45.715115 93.061424 397.124359 46.893005 199.874634 395.700012 46.843285 200.697479 395.613892 46.694359 201.465195 395.355927 46.456360 202.125534 394.943726 46.456360 202.599182 394.943726 46.227169 202.961746 394.546753 46.399063 202.599182 394.844482 46.227169 203.324326 394.546753 47.767048 86.656334 397.213898 48.085514 86.575371 397.765503 47.492382 86.995766 396.738159 47.309235 87.534706 396.420929 47.249428 88.179527 396.317352 47.101265 93.061424 396.060730 46.970032 106.033531 395.833405 46.904411 125.491692 395.719757 48.607662 199.874634 394.989777 48.581928 200.697479 394.893707 48.504837 201.465195 394.606018 48.381641 202.125534 394.146240 48.381641 202.599182 394.146240 48.263000 202.961746 393.703461 48.351982 202.599182 394.035553 48.263000 203.324326 393.703461 50.447720 86.995766 395.946289 49.060101 86.656334 396.678284 48.917923 86.995766 396.147675 50.447720 86.656334 396.495605 48.823120 87.534706 395.793854 50.447720 87.534706 395.579987 48.792164 88.179527 395.678314 50.447720 88.179527 395.460358 48.715466 93.061424 395.392090 50.447720 93.061424 395.164032 48.647533 106.033531 395.138580 50.447720 106.033531 394.901581 48.613571 125.491692 395.011810 49.224953 86.575371 397.293518 50.447720 125.491692 394.770325 50.447720 86.575371 397.132538 50.447720 202.961746 393.415863 50.447720 203.324326 393.415863 50.447720 202.599182 393.759644 50.447720 201.465195 394.350220 50.447720 202.125534 393.874237 50.447720 202.599182 393.874237 50.447720 200.697479 394.648071 50.447720 199.874634 394.747528 58.601196 203.324326 399.672241 57.757927 202.961746 397.636414 57.757927 203.324326 397.636414 58.601196 202.961746 399.672241 55.458714 199.874634 406.867950 56.584908 164.408005 405.400269 56.584908 199.874634 405.400269 56.584908 125.491692 405.400269 55.458714 125.491692 406.867950 55.458714 164.408005 406.867950 43.361107 199.874634 401.856964 43.338291 199.874634 401.856964 43.602577 199.874634 400.022797 46.904411 199.874634 395.719757 48.613571 199.874634 395.011810 50.447720 199.874634 394.770325 52.287777 199.874634 394.989777 52.281872 199.874634 395.011810 53.991028 199.874634 395.719757 54.002434 199.874634 395.700012 55.458714 199.874634 396.845947 55.474846 199.874634 396.829834 56.584908 199.874634 398.313660 56.604668 199.874634 398.302246 57.292862 199.874634 400.022797 57.314903 199.874634 400.016907 57.534336 199.874634 401.856964 57.557152 199.874634 401.856964 43.580536 199.874634 403.697021 43.602577 199.874634 403.691101 44.290771 199.874634 405.411682 44.310532 199.874634 405.400269 45.420593 199.874634 406.884064 45.436726 199.874634 406.867950 46.893005 199.874634 408.013885 46.904411 199.874634 407.994141 48.607662 199.874634 408.724121 48.613571 199.874634 408.702087 50.447720 199.874634 408.966370 50.447720 199.874634 408.943573 52.281872 199.874634 408.702087 52.287777 199.874634 408.724121 53.991028 199.874634 407.994141 54.002434 199.874634 408.013885 55.474846 199.874634 406.884064 56.604668 199.874634 405.411682 57.292862 199.874634 403.691101 57.314903 199.874634 403.697021 43.602577 125.491692 403.691101 43.361107 164.408005 401.856964 43.602577 164.408005 403.691101 51.977516 86.995766 396.147675 52.072319 87.534706 395.793854 52.103279 88.179527 395.678314 52.179974 93.061424 395.392090 52.281872 164.408005 395.011810 50.447720 164.408005 394.770325 52.281872 125.491692 395.011810 52.247906 106.033531 395.138580 53.991028 164.408005 407.994141 53.991028 125.491692 407.994141 53.991028 164.408005 395.719757 53.991028 125.491692 395.719757 52.281872 164.408005 408.702087 52.281872 125.491692 408.702087 53.128391 86.656334 397.213898 51.835339 86.656334 396.678284 53.403057 86.995766 396.738159 53.586205 87.534706 396.420929 51.670486 86.575371 397.293518 48.613571 164.408005 395.011810 52.543461 202.599182 394.035553 52.513802 202.599182 394.146240 54.439079 202.599182 394.943726 54.496376 202.599182 394.844482 56.092358 202.599182 396.212311 56.173386 202.599182 396.131287 57.360958 202.599182 397.865601 57.460201 202.599182 397.808289 58.158436 202.599182 399.790863 58.269127 202.599182 399.761200 58.430439 202.599182 401.856964 58.545036 202.599182 401.856964 42.626312 202.599182 403.952698 42.737003 202.599182 403.923035 43.435238 202.599182 405.905609 43.534481 202.599182 405.848297 44.722054 202.599182 407.582611 44.803085 202.599182 407.501587 46.399063 202.599182 408.869446 46.456360 202.599182 408.770203 48.351982 202.599182 409.678345 48.381641 202.599182 409.567657 50.447720 202.599182 409.954254 50.447720 202.599182 409.839661 52.513802 202.599182 409.567657 52.543461 202.599182 409.678345 54.439079 202.599182 408.770203 54.496376 202.599182 408.869446 56.092358 202.599182 407.501587 56.173386 202.599182 407.582611 57.360958 202.599182 405.848297 57.460201 202.599182 405.905609 58.158436 202.599182 403.923035 58.269127 202.599182 403.952698 45.436726 164.408005 406.867950 46.904411 164.408005 407.994141 45.436726 125.491692 406.867950 46.904411 125.491692 407.994141 52.632439 202.961746 393.703461 52.632439 203.324326 393.703461 52.513802 202.125534 394.146240 52.313511 200.697479 394.893707 52.390602 201.465195 394.606018 44.310532 164.408005 405.400269 44.310532 125.491692 405.400269 43.602577 164.408005 400.022797 45.884293 86.575371 403.079712 46.356262 86.575371 404.219147 47.107059 86.575371 405.197601 48.085514 86.575371 405.948425 49.224953 86.575371 406.420380 50.447720 86.575371 406.581360 51.670486 86.575371 406.420380 52.809925 86.575371 397.765503 52.809925 86.575371 405.948425 53.788383 86.575371 398.516296 53.788383 86.575371 405.197601 54.539177 86.575371 399.494751 54.539177 86.575371 404.219147 55.011150 86.575371 400.634186 55.011150 86.575371 403.079712 55.172131 86.575371 401.856964 48.613571 164.408005 408.702087 50.447720 164.408005 408.943573 48.613571 125.491692 408.702087 50.447720 125.491692 408.943573 53.646011 88.179527 396.317352 53.794178 93.061424 396.060730 53.925411 106.033531 395.833405 54.052155 200.697479 395.613892 55.545158 200.697479 396.759521 54.201080 201.465195 395.355927 55.755775 201.465195 396.548889 54.439079 202.125534 394.943726 56.092358 202.125534 396.212311 54.668270 202.961746 394.546753 56.416481 202.961746 395.888184 54.668270 203.324326 394.546753 56.416481 203.324326 395.888184 54.238762 86.656334 398.065918 54.627197 86.995766 397.677460 54.886208 87.534706 397.418457 54.970787 88.179527 397.333893 55.180325 93.061424 397.124359 55.365917 106.033531 396.938751 55.458714 125.491692 396.845947 55.458714 164.408005 396.845947 56.584908 125.491692 398.313660 56.584908 164.408005 398.313660 56.690784 200.697479 398.252502 56.948730 201.465195 398.103577 57.360958 202.125534 397.865601 55.090778 86.656334 399.176270 55.566517 86.995766 398.901611 55.883732 87.534706 398.718475 55.987324 88.179527 398.658661 56.243954 93.061424 398.510498 56.471256 106.033531 398.379272 57.410954 200.697479 399.991150 57.698658 201.465195 399.914062 58.158436 202.125534 399.790863 57.292862 125.491692 400.022797 57.292862 164.408005 400.022797 57.292862 125.491692 403.691101 57.403099 106.033531 401.856964 57.534336 125.491692 401.856964 57.166103 106.033531 403.657135 55.626381 86.656334 400.469330 55.809063 86.656334 401.856964 44.269096 88.179527 403.512512 43.982861 93.061424 403.589203 56.724689 87.534706 401.856964 56.156994 86.995766 400.327148 56.510807 87.534706 400.232361 56.358395 86.995766 401.856964 56.156994 86.995766 403.386749 55.626381 86.656334 403.244568 52.247906 106.033531 408.575348 53.925411 106.033531 407.880493 52.313511 200.697479 408.820190 50.447720 200.697479 409.065826 52.390602 201.465195 409.107880 50.447720 201.465195 409.363678 52.072319 87.534706 407.920044 53.646011 88.179527 407.396545 52.103279 88.179527 408.035583 53.586205 87.534706 407.292969 51.977516 86.995766 407.566223 53.403057 86.995766 406.975739 53.128391 86.656334 406.500000 51.835339 86.656334 407.035614 52.632439 202.961746 410.010437 54.668270 203.324326 409.167145 52.632439 203.324326 410.010437 54.668270 202.961746 409.167145 43.729340 106.033531 403.657135 57.656590 200.697479 401.856964 43.238853 200.697479 401.856964 44.384636 87.534706 403.481537 44.738445 86.995766 403.386749 57.166103 106.033531 400.056763 56.912579 93.061424 400.124695 56.626347 88.179527 403.512512 56.844303 88.179527 401.856964 56.510807 87.534706 403.481537 56.912579 93.061424 403.589203 57.140633 93.061424 401.856964 56.416481 202.961746 407.825714 53.794178 93.061424 407.653198 52.179974 93.061424 408.321808 57.410954 200.697479 403.722748 57.698658 201.465195 403.799835 57.954441 201.465195 401.856964 58.158436 202.125534 403.923035 58.430439 202.125534 401.856964 58.601196 202.961746 404.041656 58.888821 202.961746 401.856964 58.601196 203.324326 404.041656 58.888821 203.324326 401.856964 55.883732 87.534706 404.995422 55.987324 88.179527 405.055237 56.243954 93.061424 405.203400 56.471256 106.033531 405.334656 56.690784 200.697479 405.461395 55.545158 200.697479 406.954376 56.948730 201.465195 405.610321 55.755775 201.465195 407.165009 57.360958 202.125534 405.848297 56.092358 202.125534 407.501587 57.757927 202.961746 406.077515 56.416481 203.324326 407.825714 57.757927 203.324326 406.077515 54.238762 86.656334 405.647980 55.090778 86.656334 404.537628 54.627197 86.995766 406.036438 55.566517 86.995766 404.812286 54.886208 87.534706 406.295441 54.970787 88.179527 406.380005 55.180325 93.061424 406.589569 55.365917 106.033531 406.775146 54.052155 200.697479 408.100006 54.201080 201.465195 408.357971 54.439079 202.125534 408.770203 56.626347 88.179527 400.201385 45.269058 86.656334 403.244568 52.513802 202.125534 409.567657 42.294243 202.961746 404.041656 42.294243 203.324326 404.041656 42.737003 202.125534 403.923035 43.196785 201.465195 403.799835 43.484489 200.697479 403.722748 44.424183 106.033531 405.334656 44.651485 93.061424 405.203400 44.908115 88.179527 405.055237 45.011707 87.534706 404.995422 45.328926 86.995766 404.812286 45.804661 86.656334 404.537628 43.137512 202.961746 406.077515 43.137512 203.324326 406.077515 43.534481 202.125534 405.848297 43.946709 201.465195 405.610321 44.204659 200.697479 405.461395 45.529522 106.033531 406.775146 45.715115 93.061424 406.589569 45.924652 88.179527 406.380005 46.009235 87.534706 406.295441 46.268242 86.995766 406.036438 46.656677 86.656334 405.647980 44.478962 202.961746 407.825714 44.478962 203.324326 407.825714 44.803085 202.125534 407.501587 45.139668 201.465195 407.165009 45.350281 200.697479 406.954376 46.970032 106.033531 407.880493 47.101265 93.061424 407.653198 47.249428 88.179527 407.396545 47.309235 87.534706 407.292969 47.492382 86.995766 406.975739 47.767048 86.656334 406.500000 46.227169 203.324326 409.167145 46.227169 202.961746 409.167145 46.456360 202.125534 408.770203 46.694359 201.465195 408.357971 46.843285 200.697479 408.100006 48.647533 106.033531 408.575348 48.715466 93.061424 408.321808 48.792164 88.179527 408.035583 48.823120 87.534706 407.920044 48.917923 86.995766 407.566223 49.060101 86.656334 407.035614 48.263000 203.324326 410.010437 48.263000 202.961746 410.010437 48.381641 202.125534 409.567657 48.504837 201.465195 409.107880 48.581928 200.697479 408.820190 50.447720 106.033531 408.812347 50.447720 93.061424 408.549866 50.447720 88.179527 408.253540 50.447720 87.534706 408.133911 50.447720 86.995766 407.767639 50.447720 86.656334 407.218292 50.447720 203.324326 410.298065 50.447720 202.961746 410.298065 50.447720 202.125534 409.839661 46.904411 164.408005 395.719757 57.534336 164.408005 401.856964 57.292862 164.408005 403.691101 40.895084 203.881348 399.297333 41.333679 203.324326 401.856964 40.558102 203.881348 401.856964 41.644234 203.324326 399.498077 39.916039 204.600845 401.856964 40.274895 204.600845 399.131165 39.437908 205.448746 401.856964 39.813061 205.448746 399.007416 38.649883 205.448746 401.856964 39.051884 205.928604 398.803436 39.051884 205.448746 398.803436 38.649883 205.928604 401.856964 41.883060 203.881348 396.912140 42.554729 203.324326 397.299927 41.327015 204.600845 396.591125 40.912945 205.448746 396.352051 40.230492 205.928604 395.958038 40.230492 205.448746 395.958038 43.454704 203.881348 394.863922 44.003120 203.324326 395.412354 43.000694 204.600845 394.409943 42.662609 205.448746 394.071838 42.105389 205.928604 393.514618 42.105389 205.448746 393.514618 45.502911 203.881348 393.292297 45.890701 203.324326 393.963959 45.181877 204.600845 392.736237 44.942814 205.448746 392.322174 44.548801 205.448746 391.639709 44.548801 205.928604 391.639709 47.888100 203.881348 392.304321 48.088833 203.324326 393.053467 47.721920 204.600845 391.684113 47.598171 205.448746 391.222290 47.394215 205.448746 390.461121 47.394215 205.928604 390.461121 50.447720 203.881348 391.967346 50.447720 203.324326 392.742920 39.051884 205.928604 404.910461 40.230492 205.928604 407.755859 42.105389 205.928604 410.199280 44.548801 205.928604 412.074188 47.394215 205.928604 413.252777 50.447720 205.928604 390.059113 50.447720 205.928604 413.654785 53.501225 205.928604 390.461121 53.501225 205.928604 413.252777 56.346638 205.928604 391.639709 56.346638 205.928604 412.074188 58.790051 205.928604 393.514618 58.790051 205.928604 410.199280 60.664948 205.928604 395.958038 60.664948 205.928604 407.755859 61.843555 205.928604 398.803436 61.843555 205.928604 404.910461 62.245560 205.928604 401.856964 50.447720 205.448746 390.059113 50.447720 204.600845 391.325256 50.447720 205.448746 390.847137 53.501225 205.448746 390.461121 53.007343 203.881348 392.304321 53.173519 204.600845 391.684113 53.297268 205.448746 391.222290 52.806606 203.324326 393.053467 39.051884 205.448746 404.910461 55.952625 205.448746 392.322174 56.346638 205.448746 391.639709 58.232834 205.448746 394.071838 58.790051 205.448746 393.514618 59.982494 205.448746 396.352051 60.664948 205.448746 395.958038 61.082382 205.448746 399.007416 61.843555 205.448746 398.803436 61.457531 205.448746 401.856964 39.813061 205.448746 404.706512 40.230492 205.448746 407.755859 40.912945 205.448746 407.361847 42.105389 205.448746 410.199280 42.662609 205.448746 409.642059 44.548801 205.448746 412.074188 44.942814 205.448746 411.391724 47.394215 205.448746 413.252777 47.598171 205.448746 412.491608 50.447720 205.448746 413.654785 50.447720 205.448746 412.866760 53.297268 205.448746 412.491608 53.501225 205.448746 413.252777 55.952625 205.448746 411.391724 56.346638 205.448746 412.074188 58.232834 205.448746 409.642059 58.790051 205.448746 410.199280 59.982494 205.448746 407.361847 60.664948 205.448746 407.755859 61.082382 205.448746 404.706512 61.843555 205.448746 404.910461 62.245560 205.448746 401.856964 41.644234 203.324326 404.215851 55.004742 203.324326 393.963959 56.892319 203.324326 395.412354 58.340710 203.324326 397.299927 59.251209 203.324326 399.498077 42.554729 203.324326 406.413971 44.003120 203.324326 408.301544 45.890701 203.324326 409.749939 48.088833 203.324326 410.660431 50.447720 203.324326 410.970978 52.806606 203.324326 410.660431 55.004742 203.324326 409.749939 56.892319 203.324326 408.301544 58.340710 203.324326 406.413971 59.251209 203.324326 404.215851 59.561760 203.324326 401.856964 55.392529 203.881348 393.292297 57.440735 203.881348 394.863922 55.713562 204.600845 392.736237 57.894745 204.600845 394.409943 59.012383 203.881348 396.912140 59.568424 204.600845 396.591125 53.173519 204.600845 412.029785 55.713562 204.600845 410.977661 53.007343 203.881348 411.409576 55.392529 203.881348 410.421600 60.620544 204.600845 399.131165 60.000359 203.881348 399.297333 60.000359 203.881348 404.416565 60.337337 203.881348 401.856964 60.620544 204.600845 404.582764 60.979404 204.600845 401.856964 57.440735 203.881348 408.849976 59.012383 203.881348 406.801758 57.894745 204.600845 409.303986 59.568424 204.600845 407.122803 40.274895 204.600845 404.582764 40.895084 203.881348 404.416565 41.327015 204.600845 407.122803 41.883060 203.881348 406.801758 43.000694 204.600845 409.303986 43.454704 203.881348 408.849976 45.181877 204.600845 410.977661 45.502911 203.881348 410.421600 47.721920 204.600845 412.029785 47.888100 203.881348 411.409576 50.447720 204.600845 412.388641 50.447720 203.881348 411.746582 44.310532 125.491692 204.483444 45.436726 125.491692 205.951126 45.436726 164.408005 205.951126 45.436726 199.874634 205.951126 44.310532 199.874634 204.483444 44.310532 164.408005 204.483444 45.529522 106.033531 205.858337 44.424183 106.033531 204.417831 43.196785 201.465195 202.883026 42.737003 202.125534 203.006210 42.465000 202.125534 200.940140 42.940998 201.465195 200.940140 42.737003 202.599182 203.006210 42.465000 202.599182 200.940140 42.626312 202.599182 203.035873 42.294243 202.961746 203.124847 42.006618 202.961746 200.940140 42.350403 202.599182 200.940140 42.294243 203.324326 203.124847 42.006618 203.324326 200.940140 45.269058 86.656334 202.327759 45.086376 86.656334 200.940140 45.723312 86.575371 200.940140 45.884293 86.575371 202.162903 44.738445 86.995766 202.469925 44.537045 86.995766 200.940140 44.384636 87.534706 202.564728 44.170753 87.534706 200.940140 44.269096 88.179527 202.595688 44.051136 88.179527 200.940140 43.982861 93.061424 202.672394 43.754807 93.061424 200.940140 43.729340 106.033531 202.740326 43.492340 106.033531 200.940140 43.602577 125.491692 202.774292 43.361107 125.491692 200.940140 44.290771 199.874634 204.494858 44.204659 200.697479 204.544571 43.484489 200.697479 202.805923 43.580536 199.874634 202.780197 43.946709 201.465195 204.693497 43.534481 202.125534 204.931503 43.534481 202.599182 204.931503 43.137512 202.961746 205.160690 43.435238 202.599182 204.988800 43.137512 203.324326 205.160690 45.804661 86.656334 203.620804 46.356262 86.575371 203.302338 45.328926 86.995766 203.895477 45.011707 87.534706 204.078613 44.908115 88.179527 204.138428 44.651485 93.061424 204.286591 45.420593 199.874634 205.967270 45.350281 200.697479 206.037582 45.139668 201.465195 206.248184 44.803085 202.125534 206.584778 44.803085 202.599182 206.584778 44.478962 202.961746 206.908890 44.722054 202.599182 206.665802 44.478962 203.324326 206.908890 46.656677 86.656334 204.731186 47.107059 86.575371 204.280792 46.268242 86.995766 205.119614 46.009235 87.534706 205.378616 45.924652 88.179527 205.463211 45.715115 93.061424 205.672745 46.893005 199.874634 207.097076 46.843285 200.697479 207.183197 46.694359 201.465195 207.441147 46.456360 202.125534 207.853378 46.456360 202.599182 207.853378 46.227169 202.961746 208.250351 46.399063 202.599182 207.952621 46.227169 203.324326 208.250351 47.767048 86.656334 205.583191 48.085514 86.575371 205.031601 47.492382 86.995766 206.058929 47.309235 87.534706 206.376144 47.249428 88.179527 206.479736 47.101265 93.061424 206.736374 46.970032 106.033531 206.963669 46.904411 125.491692 207.077332 48.607662 199.874634 207.807312 48.581928 200.697479 207.903366 48.504837 201.465195 208.191071 48.381641 202.125534 208.650848 48.381641 202.599182 208.650848 48.263000 202.961746 209.093613 48.351982 202.599182 208.761536 48.263000 203.324326 209.093613 50.447720 86.995766 206.850815 48.917923 86.995766 206.649414 49.060101 86.656334 206.118790 50.447720 86.656334 206.301483 50.447720 87.534706 207.217102 48.823120 87.534706 207.003220 50.447720 88.179527 207.336716 48.792164 88.179527 207.118759 50.447720 93.061424 207.633057 48.715466 93.061424 207.404999 50.447720 106.033531 207.895523 48.647533 106.033531 207.658524 48.613571 125.491692 207.785278 49.224953 86.575371 205.503571 50.447720 125.491692 208.026749 50.447720 86.575371 205.664551 50.447720 202.961746 209.381241 50.447720 203.324326 209.381241 50.447720 202.599182 209.037445 50.447720 201.465195 208.446854 50.447720 202.125534 208.922852 50.447720 202.599182 208.922852 50.447720 200.697479 208.149002 50.447720 199.874634 208.049561 58.601196 203.324326 203.124847 57.757927 203.324326 205.160690 57.757927 202.961746 205.160690 58.601196 202.961746 203.124847 55.458714 199.874634 195.929138 56.584908 199.874634 197.396835 56.584908 164.408005 197.396835 56.584908 125.491692 197.396835 55.458714 125.491692 195.929138 55.458714 164.408005 195.929138 43.338291 199.874634 200.940140 43.361107 199.874634 200.940140 43.602577 199.874634 202.774292 46.904411 199.874634 207.077332 48.613571 199.874634 207.785278 50.447720 199.874634 208.026749 52.287777 199.874634 207.807312 52.281872 199.874634 207.785278 53.991028 199.874634 207.077332 54.002434 199.874634 207.097076 55.458714 199.874634 205.951126 55.474846 199.874634 205.967270 56.584908 199.874634 204.483444 56.604668 199.874634 204.494858 57.292862 199.874634 202.774292 57.314903 199.874634 202.780197 57.534336 199.874634 200.940140 57.557152 199.874634 200.940140 43.580536 199.874634 199.100082 43.602577 199.874634 199.105988 44.290771 199.874634 197.385422 44.310532 199.874634 197.396835 45.420593 199.874634 195.913010 45.436726 199.874634 195.929138 46.893005 199.874634 194.783188 46.904411 199.874634 194.802948 48.607662 199.874634 194.072952 48.613571 199.874634 194.094986 50.447720 199.874634 193.830704 50.447720 199.874634 193.853516 52.281872 199.874634 194.094986 52.287777 199.874634 194.072952 53.991028 199.874634 194.802948 54.002434 199.874634 194.783188 55.474846 199.874634 195.913010 56.604668 199.874634 197.385422 57.292862 199.874634 199.105988 57.314903 199.874634 199.100082 43.602577 125.491692 199.105988 43.361107 164.408005 200.940140 43.602577 164.408005 199.105988 51.977516 86.995766 206.649414 52.072319 87.534706 207.003220 52.103279 88.179527 207.118759 52.179974 93.061424 207.404999 52.281872 164.408005 207.785278 50.447720 164.408005 208.026749 52.281872 125.491692 207.785278 52.247906 106.033531 207.658524 53.991028 164.408005 194.802948 53.991028 125.491692 194.802948 53.991028 164.408005 207.077332 53.991028 125.491692 207.077332 52.281872 164.408005 194.094986 52.281872 125.491692 194.094986 51.835339 86.656334 206.118790 53.128391 86.656334 205.583191 53.403057 86.995766 206.058929 53.586205 87.534706 206.376144 51.670486 86.575371 205.503571 48.613571 164.408005 207.785278 52.543461 202.599182 208.761536 52.513802 202.599182 208.650848 54.439079 202.599182 207.853378 54.496376 202.599182 207.952621 56.092358 202.599182 206.584778 56.173386 202.599182 206.665802 57.360958 202.599182 204.931503 57.460201 202.599182 204.988800 58.158436 202.599182 203.006210 58.269127 202.599182 203.035873 58.430439 202.599182 200.940140 58.545036 202.599182 200.940140 42.626312 202.599182 198.844391 42.737003 202.599182 198.874054 43.435238 202.599182 196.891479 43.534481 202.599182 196.948776 44.722054 202.599182 195.214462 44.803085 202.599182 195.295502 46.399063 202.599182 193.927658 46.456360 202.599182 194.026901 48.351982 202.599182 193.118729 48.381641 202.599182 193.229416 50.447720 202.599182 192.842819 50.447720 202.599182 192.957413 52.513802 202.599182 193.229416 52.543461 202.599182 193.118729 54.439079 202.599182 194.026901 54.496376 202.599182 193.927658 56.092358 202.599182 195.295502 56.173386 202.599182 195.214462 57.360958 202.599182 196.948776 57.460201 202.599182 196.891479 58.158436 202.599182 198.874054 58.269127 202.599182 198.844391 45.436726 164.408005 195.929138 46.904411 164.408005 194.802948 45.436726 125.491692 195.929138 46.904411 125.491692 194.802948 52.632439 202.961746 209.093613 52.632439 203.324326 209.093613 52.513802 202.125534 208.650848 52.313511 200.697479 207.903366 52.390602 201.465195 208.191071 44.310532 125.491692 197.396835 44.310532 164.408005 197.396835 43.602577 164.408005 202.774292 45.884293 86.575371 199.717377 46.356262 86.575371 198.577927 47.107059 86.575371 197.599472 48.085514 86.575371 196.848679 49.224953 86.575371 196.376709 50.447720 86.575371 196.215729 51.670486 86.575371 196.376709 52.809925 86.575371 205.031601 52.809925 86.575371 196.848679 53.788383 86.575371 204.280792 53.788383 86.575371 197.599472 54.539177 86.575371 203.302338 54.539177 86.575371 198.577927 55.011150 86.575371 202.162903 55.011150 86.575371 199.717377 55.172131 86.575371 200.940140 48.613571 164.408005 194.094986 50.447720 164.408005 193.853516 48.613571 125.491692 194.094986 50.447720 125.491692 193.853516 53.646011 88.179527 206.479736 53.794178 93.061424 206.736374 53.925411 106.033531 206.963669 55.545158 200.697479 206.037582 54.052155 200.697479 207.183197 55.755775 201.465195 206.248184 54.201080 201.465195 207.441147 56.092358 202.125534 206.584778 54.439079 202.125534 207.853378 54.668270 202.961746 208.250351 56.416481 202.961746 206.908890 56.416481 203.324326 206.908890 54.668270 203.324326 208.250351 54.238762 86.656334 204.731186 54.627197 86.995766 205.119614 54.886208 87.534706 205.378616 54.970787 88.179527 205.463211 55.180325 93.061424 205.672745 55.365917 106.033531 205.858337 55.458714 125.491692 205.951126 55.458714 164.408005 205.951126 56.584908 125.491692 204.483444 56.584908 164.408005 204.483444 56.690784 200.697479 204.544571 56.948730 201.465195 204.693497 57.360958 202.125534 204.931503 55.090778 86.656334 203.620804 55.566517 86.995766 203.895477 55.883732 87.534706 204.078613 55.987324 88.179527 204.138428 56.243954 93.061424 204.286591 56.471256 106.033531 204.417831 57.410954 200.697479 202.805923 57.698658 201.465195 202.883026 58.158436 202.125534 203.006210 57.292862 125.491692 202.774292 57.292862 164.408005 202.774292 57.292862 125.491692 199.105988 57.534336 125.491692 200.940140 57.403099 106.033531 200.940140 57.166103 106.033531 199.139954 55.626381 86.656334 202.327759 55.809063 86.656334 200.940140 44.269096 88.179527 199.284576 43.982861 93.061424 199.207886 56.724689 87.534706 200.940140 56.510807 87.534706 202.564728 56.156994 86.995766 202.469925 56.358395 86.995766 200.940140 55.626381 86.656334 199.552521 56.156994 86.995766 199.410339 52.247906 106.033531 194.221756 53.925411 106.033531 194.916595 50.447720 200.697479 193.731262 52.313511 200.697479 193.976898 50.447720 201.465195 193.433411 52.390602 201.465195 193.689194 52.072319 87.534706 194.877045 52.103279 88.179527 194.761505 53.646011 88.179527 195.400528 53.586205 87.534706 195.504120 51.977516 86.995766 195.230865 53.403057 86.995766 195.821335 53.128391 86.656334 196.297073 51.835339 86.656334 195.761475 52.632439 202.961746 192.786652 52.632439 203.324326 192.786652 54.668270 203.324326 193.629929 54.668270 202.961746 193.629929 43.729340 106.033531 199.139954 57.656590 200.697479 200.940140 43.238853 200.697479 200.940140 44.384636 87.534706 199.315536 44.738445 86.995766 199.410339 57.166103 106.033531 202.740326 56.912579 93.061424 202.672394 56.626347 88.179527 199.284576 56.844303 88.179527 200.940140 56.510807 87.534706 199.315536 56.912579 93.061424 199.207886 57.140633 93.061424 200.940140 56.416481 202.961746 194.971375 52.179974 93.061424 194.475281 53.794178 93.061424 195.143906 57.410954 200.697479 199.074341 57.698658 201.465195 198.997253 57.954441 201.465195 200.940140 58.158436 202.125534 198.874054 58.430439 202.125534 200.940140 58.601196 202.961746 198.755417 58.888821 202.961746 200.940140 58.601196 203.324326 198.755417 58.888821 203.324326 200.940140 55.883732 87.534706 197.801651 55.987324 88.179527 197.741852 56.243954 93.061424 197.593674 56.471256 106.033531 197.462448 56.690784 200.697479 197.335709 55.545158 200.697479 195.842697 56.948730 201.465195 197.186783 55.755775 201.465195 195.632080 57.360958 202.125534 196.948776 56.092358 202.125534 195.295502 57.757927 202.961746 196.719589 56.416481 203.324326 194.971375 57.757927 203.324326 196.719589 54.238762 86.656334 197.149094 55.090778 86.656334 198.259460 54.627197 86.995766 196.760651 55.566517 86.995766 197.984802 54.886208 87.534706 196.501648 54.970787 88.179527 196.417068 55.180325 93.061424 196.207535 55.365917 106.033531 196.021942 54.052155 200.697479 194.697067 54.201080 201.465195 194.439117 54.439079 202.125534 194.026901 56.626347 88.179527 202.595688 45.269058 86.656334 199.552521 52.513802 202.125534 193.229416 42.294243 202.961746 198.755417 42.294243 203.324326 198.755417 42.737003 202.125534 198.874054 43.196785 201.465195 198.997253 43.484489 200.697479 199.074341 44.424183 106.033531 197.462448 44.651485 93.061424 197.593674 44.908115 88.179527 197.741852 45.011707 87.534706 197.801651 45.328926 86.995766 197.984802 45.804661 86.656334 198.259460 43.137512 202.961746 196.719589 43.137512 203.324326 196.719589 43.534481 202.125534 196.948776 43.946709 201.465195 197.186783 44.204659 200.697479 197.335709 45.529522 106.033531 196.021942 45.715115 93.061424 196.207535 45.924652 88.179527 196.417068 46.009235 87.534706 196.501648 46.268242 86.995766 196.760651 46.656677 86.656334 197.149094 44.478962 202.961746 194.971375 44.478962 203.324326 194.971375 44.803085 202.125534 195.295502 45.139668 201.465195 195.632080 45.350281 200.697479 195.842697 46.970032 106.033531 194.916595 47.101265 93.061424 195.143906 47.249428 88.179527 195.400528 47.309235 87.534706 195.504120 47.492382 86.995766 195.821335 47.767048 86.656334 196.297073 46.227169 203.324326 193.629929 46.227169 202.961746 193.629929 46.456360 202.125534 194.026901 46.694359 201.465195 194.439117 46.843285 200.697479 194.697067 48.647533 106.033531 194.221756 48.715466 93.061424 194.475281 48.792164 88.179527 194.761505 48.823120 87.534706 194.877045 48.917923 86.995766 195.230865 49.060101 86.656334 195.761475 48.263000 203.324326 192.786652 48.263000 202.961746 192.786652 48.381641 202.125534 193.229416 48.504837 201.465195 193.689194 48.581928 200.697479 193.976898 50.447720 106.033531 193.984756 50.447720 93.061424 194.247223 50.447720 88.179527 194.543549 50.447720 87.534706 194.663162 50.447720 86.995766 195.029465 50.447720 86.656334 195.578796 50.447720 203.324326 192.499039 50.447720 202.961746 192.499039 50.447720 202.125534 192.957413 46.904411 164.408005 207.077332 57.534336 164.408005 200.940140 57.292862 164.408005 199.105988 40.895084 203.881348 203.499756 40.558102 203.881348 200.940140 41.333679 203.324326 200.940140 41.644234 203.324326 203.299026 40.274895 204.600845 203.665939 39.916039 204.600845 200.940140 39.813061 205.448746 203.789688 39.437908 205.448746 200.940140 38.649883 205.448746 200.940140 39.051884 205.448746 203.993637 39.051884 205.928604 203.993637 38.649883 205.928604 200.940140 41.883060 203.881348 205.884949 42.554729 203.324326 205.497162 41.327015 204.600845 206.205978 40.912945 205.448746 206.445038 40.230492 205.448746 206.839050 40.230492 205.928604 206.839050 43.454704 203.881348 207.933151 44.003120 203.324326 207.384735 43.000694 204.600845 208.387161 42.662609 205.448746 208.725250 42.105389 205.448746 209.282471 42.105389 205.928604 209.282471 45.502911 203.881348 209.504791 45.890701 203.324326 208.833130 45.181877 204.600845 210.060837 44.942814 205.448746 210.474915 44.548801 205.448746 211.157364 44.548801 205.928604 211.157364 47.888100 203.881348 210.492767 48.088833 203.324326 209.743622 47.721920 204.600845 211.112961 47.598171 205.448746 211.574799 47.394215 205.448746 212.335968 47.394215 205.928604 212.335968 50.447720 203.881348 210.829758 50.447720 203.324326 210.054184 39.051884 205.928604 197.886627 40.230492 205.928604 195.041214 42.105389 205.928604 192.597809 44.548801 205.928604 190.722916 47.394215 205.928604 189.544296 50.447720 205.928604 212.737976 50.447720 205.928604 189.142303 53.501225 205.928604 212.335968 53.501225 205.928604 189.544296 56.346638 205.928604 211.157364 56.346638 205.928604 190.722916 58.790051 205.928604 209.282471 58.790051 205.928604 192.597809 60.664948 205.928604 206.839050 60.664948 205.928604 195.041214 61.843555 205.928604 203.993637 61.843555 205.928604 197.886627 62.245560 205.928604 200.940140 50.447720 205.448746 212.737976 50.447720 204.600845 211.471817 50.447720 205.448746 211.949951 53.501225 205.448746 212.335968 53.007343 203.881348 210.492767 53.173519 204.600845 211.112961 53.297268 205.448746 211.574799 52.806606 203.324326 209.743622 39.051884 205.448746 197.886627 55.952625 205.448746 210.474915 56.346638 205.448746 211.157364 58.232834 205.448746 208.725250 58.790051 205.448746 209.282471 59.982494 205.448746 206.445038 60.664948 205.448746 206.839050 61.082382 205.448746 203.789688 61.843555 205.448746 203.993637 61.457531 205.448746 200.940140 40.230492 205.448746 195.041214 39.813061 205.448746 198.090591 40.912945 205.448746 195.435226 42.105389 205.448746 192.597809 42.662609 205.448746 193.155029 44.548801 205.448746 190.722916 44.942814 205.448746 191.405365 47.394215 205.448746 189.544296 47.598171 205.448746 190.305481 50.447720 205.448746 189.142303 50.447720 205.448746 189.930328 53.297268 205.448746 190.305481 53.501225 205.448746 189.544296 55.952625 205.448746 191.405365 56.346638 205.448746 190.722916 58.232834 205.448746 193.155029 58.790051 205.448746 192.597809 59.982494 205.448746 195.435226 60.664948 205.448746 195.041214 61.082382 205.448746 198.090591 61.843555 205.448746 197.886627 62.245560 205.448746 200.940140 41.644234 203.324326 198.581253 55.004742 203.324326 208.833130 56.892319 203.324326 207.384735 58.340710 203.324326 205.497162 59.251209 203.324326 203.299026 42.554729 203.324326 196.383118 44.003120 203.324326 194.495529 45.890701 203.324326 193.047150 48.088833 203.324326 192.136642 50.447720 203.324326 191.826096 52.806606 203.324326 192.136642 55.004742 203.324326 193.047150 56.892319 203.324326 194.495529 58.340710 203.324326 196.383118 59.251209 203.324326 198.581253 59.561760 203.324326 200.940140 55.392529 203.881348 209.504791 57.440735 203.881348 207.933151 55.713562 204.600845 210.060837 57.894745 204.600845 208.387161 59.012383 203.881348 205.884949 59.568424 204.600845 206.205978 53.173519 204.600845 190.767319 55.713562 204.600845 191.819427 53.007343 203.881348 191.387497 55.392529 203.881348 192.375473 60.620544 204.600845 203.665939 60.000359 203.881348 203.499756 60.000359 203.881348 198.380508 60.337337 203.881348 200.940140 60.620544 204.600845 198.214340 60.979404 204.600845 200.940140 57.440735 203.881348 193.947113 59.012383 203.881348 195.995331 57.894745 204.600845 193.493118 59.568424 204.600845 195.674301 40.274895 204.600845 198.214340 40.895084 203.881348 198.380508 41.327015 204.600845 195.674301 41.883060 203.881348 195.995331 43.000694 204.600845 193.493118 43.454704 203.881348 193.947113 45.181877 204.600845 191.819427 45.502911 203.881348 192.375473 47.721920 204.600845 190.767319 47.888100 203.881348 191.387497 50.447720 204.600845 190.408447 50.447720 203.881348 191.050522 53.991028 124.825050 484.173035 55.458714 164.063889 485.299225 55.458714 124.825050 485.299225 55.458714 199.824463 485.299225 53.991028 199.824463 484.173035 53.991028 164.063889 484.173035 55.365917 105.205620 485.392029 53.925411 105.205620 484.286682 52.390602 201.428192 483.059265 50.447720 202.094009 482.327484 52.513802 202.094009 482.599487 50.447720 201.428192 482.803497 52.513802 202.571579 482.599487 50.447720 202.571579 482.327484 52.543461 202.571579 482.488800 50.447720 202.937164 481.869110 52.632439 202.937164 482.156738 50.447720 202.571579 482.212891 52.632439 203.302734 482.156738 50.447720 203.302734 481.869110 51.835339 85.667824 485.131561 50.447720 85.586197 485.585815 50.447720 85.667824 484.948883 51.670486 85.586197 485.746796 51.977516 86.010078 484.600952 50.447720 86.010078 484.399536 50.447720 86.553482 484.033234 52.072319 86.553482 484.247131 50.447720 87.203644 483.913635 52.103279 87.203644 484.131592 50.447720 92.126007 483.617310 52.179974 92.126007 483.845367 50.447720 105.205620 483.354828 52.247906 105.205620 483.591827 50.447720 124.825050 483.223602 52.281872 124.825050 483.465057 54.002434 199.824463 484.153259 52.313511 200.654129 483.346985 54.052155 200.654129 484.067139 52.287777 199.824463 483.443024 54.201080 201.428192 483.809204 54.439079 202.094009 483.396973 54.439079 202.571579 483.396973 54.668270 202.937164 483.000000 54.496376 202.571579 483.297729 54.668270 203.302734 483.000000 53.128391 85.667824 485.667145 52.809925 85.586197 486.218750 53.403057 86.010078 485.191406 53.586205 86.553482 484.874207 53.646011 87.203644 484.770599 53.794178 92.126007 484.513977 55.474846 199.824463 485.283081 55.545158 200.654129 485.212769 55.755775 201.428192 485.002167 56.092358 202.094009 484.665588 56.092358 202.571579 484.665588 56.416481 202.937164 484.341461 56.173386 202.571579 484.584534 56.416481 203.302734 484.341461 54.238762 85.667824 486.519165 53.788383 85.586197 486.969543 54.627197 86.010078 486.130737 54.886208 86.553482 485.871735 54.970787 87.203644 485.787140 55.180325 92.126007 485.577606 56.604668 199.824463 486.755493 56.690784 200.654129 486.705780 56.948730 201.428192 486.556854 57.360958 202.094009 486.318848 57.360958 202.571579 486.318848 57.757927 202.937164 486.089661 57.460201 202.571579 486.261566 57.757927 203.302734 486.089661 55.090778 85.667824 487.629547 54.539177 85.586197 487.947998 55.566517 86.010078 487.354889 55.883732 86.553482 487.171722 55.987324 87.203644 487.111908 56.243954 92.126007 486.963745 56.471256 105.205620 486.832520 56.584908 124.825050 486.766907 57.314903 199.824463 488.470154 57.410954 200.654129 488.444427 57.698658 201.428192 488.367340 58.158436 202.094009 488.244141 58.158436 202.571579 488.244141 58.601196 202.937164 488.125488 58.269127 202.571579 488.214478 58.601196 203.302734 488.125488 56.358395 86.010078 490.310211 55.626381 85.667824 488.922607 56.156994 86.010078 488.780426 55.809063 85.667824 490.310211 56.510807 86.553482 488.685608 56.724689 86.553482 490.310211 56.626347 87.203644 488.654663 56.844303 87.203644 490.310211 56.912579 92.126007 488.577972 57.140633 92.126007 490.310211 57.166103 105.205620 488.510040 57.403099 105.205620 490.310211 57.292862 124.825050 488.476074 55.011150 85.586197 489.087433 57.534336 124.825050 490.310211 55.172131 85.586197 490.310211 58.888821 202.937164 490.310211 58.888821 203.302734 490.310211 58.545036 202.571579 490.310211 57.954441 201.428192 490.310211 58.430439 202.094009 490.310211 58.430439 202.571579 490.310211 57.656590 200.654129 490.310211 57.557152 199.824463 490.310211 52.632439 203.302734 498.463684 54.668270 202.937164 497.620422 54.668270 203.302734 497.620422 52.632439 202.937164 498.463684 45.436726 199.824463 495.321198 46.904411 164.063889 496.447418 46.904411 199.824463 496.447418 46.904411 124.825050 496.447418 45.436726 124.825050 495.321198 45.436726 164.063889 495.321198 50.447720 199.824463 483.223602 50.447720 199.824463 483.200775 52.281872 199.824463 483.465057 56.584908 199.824463 486.766907 57.292862 199.824463 488.476074 57.534336 199.824463 490.310211 57.314903 199.824463 492.150269 57.292862 199.824463 492.144379 56.584908 199.824463 493.853516 56.604668 199.824463 493.864929 55.458714 199.824463 495.321198 55.474846 199.824463 495.337341 53.991028 199.824463 496.447418 54.002434 199.824463 496.467163 52.281872 199.824463 497.155365 52.287777 199.824463 497.177399 50.447720 199.824463 497.396820 50.447720 199.824463 497.419647 48.607662 199.824463 483.443024 48.613571 199.824463 483.465057 46.893005 199.824463 484.153259 46.904411 199.824463 484.173035 45.420593 199.824463 485.283081 45.436726 199.824463 485.299225 44.290771 199.824463 486.755493 44.310532 199.824463 486.766907 43.580536 199.824463 488.470154 43.602577 199.824463 488.476074 43.338291 199.824463 490.310211 43.361107 199.824463 490.310211 43.602577 199.824463 492.144379 43.580536 199.824463 492.150269 44.310532 199.824463 493.853516 44.290771 199.824463 493.864929 45.420593 199.824463 495.337341 46.893005 199.824463 496.467163 48.613571 199.824463 497.155365 48.607662 199.824463 497.177399 48.613571 124.825050 483.465057 50.447720 164.063889 483.223602 48.613571 164.063889 483.465057 56.156994 86.010078 491.839996 56.510807 86.553482 491.934814 56.626347 87.203644 491.965759 56.912579 92.126007 492.042480 57.292862 164.063889 492.144379 57.534336 164.063889 490.310211 57.292862 124.825050 492.144379 57.166103 105.205620 492.110413 44.310532 164.063889 493.853516 44.310532 124.825050 493.853516 56.584908 164.063889 493.853516 56.584908 124.825050 493.853516 43.602577 164.063889 492.144379 43.602577 124.825050 492.144379 55.090778 85.667824 492.990875 55.626381 85.667824 491.697845 55.566517 86.010078 493.265564 55.883732 86.553482 493.448700 55.011150 85.586197 491.532990 57.292862 164.063889 488.476074 58.269127 202.571579 492.405945 58.158436 202.571579 492.376282 57.360958 202.571579 494.301575 57.460201 202.571579 494.358887 56.092358 202.571579 495.954865 56.173386 202.571579 496.035889 54.439079 202.571579 497.223450 54.496376 202.571579 497.322693 52.513802 202.571579 498.020935 52.543461 202.571579 498.131622 50.447720 202.571579 498.292938 50.447720 202.571579 498.407532 48.351982 202.571579 482.488800 48.381641 202.571579 482.599487 46.399063 202.571579 483.297729 46.456360 202.571579 483.396973 44.722054 202.571579 484.584534 44.803085 202.571579 484.665588 43.435238 202.571579 486.261566 43.534481 202.571579 486.318848 42.626312 202.571579 488.214478 42.737003 202.571579 488.244141 42.350403 202.571579 490.310211 42.465000 202.571579 490.310211 42.737003 202.571579 492.376282 42.626312 202.571579 492.405945 43.534481 202.571579 494.301575 43.435238 202.571579 494.358887 44.803085 202.571579 495.954865 44.722054 202.571579 496.035889 46.456360 202.571579 497.223450 46.399063 202.571579 497.322693 48.381641 202.571579 498.020935 48.351982 202.571579 498.131622 45.436726 164.063889 485.299225 44.310532 164.063889 486.766907 45.436726 124.825050 485.299225 44.310532 124.825050 486.766907 58.601196 202.937164 492.494934 58.601196 203.302734 492.494934 58.158436 202.094009 492.376282 57.410954 200.654129 492.175995 57.698658 201.428192 492.253113 46.904411 164.063889 484.173035 46.904411 124.825050 484.173035 52.281872 164.063889 483.465057 49.224953 85.586197 485.746796 48.085514 85.586197 486.218750 47.107059 85.586197 486.969543 46.356262 85.586197 487.947998 45.884293 85.586197 489.087433 45.723312 85.586197 490.310211 45.884293 85.586197 491.532990 54.539177 85.586197 492.672424 46.356262 85.586197 492.672424 53.788383 85.586197 493.650879 47.107059 85.586197 493.650879 52.809925 85.586197 494.401672 48.085514 85.586197 494.401672 51.670486 85.586197 494.873657 49.224953 85.586197 494.873657 50.447720 85.586197 495.034637 43.602577 164.063889 488.476074 43.361107 164.063889 490.310211 43.602577 124.825050 488.476074 43.361107 124.825050 490.310211 55.987324 87.203644 493.508514 56.243954 92.126007 493.656677 56.471256 105.205620 493.787903 56.690784 200.654129 493.914642 55.545158 200.654129 495.407654 56.948730 201.428192 494.063568 55.755775 201.428192 495.618256 57.360958 202.094009 494.301575 56.092358 202.094009 495.954865 57.757927 202.937164 494.530762 56.416481 202.937164 496.278961 57.757927 203.302734 494.530762 56.416481 203.302734 496.278961 54.238762 85.667824 494.101257 54.627197 86.010078 494.489685 54.886208 86.553482 494.748688 54.970787 87.203644 494.833282 55.180325 92.126007 495.042816 55.365917 105.205620 495.228424 55.458714 124.825050 495.321198 55.458714 164.063889 495.321198 53.991028 124.825050 496.447418 53.991028 164.063889 496.447418 54.052155 200.654129 496.553284 54.201080 201.428192 496.811218 54.439079 202.094009 497.223450 53.128391 85.667824 494.953278 53.403057 86.010078 495.429016 53.586205 86.553482 495.746216 53.646011 87.203644 495.849823 53.794178 92.126007 496.106445 53.925411 105.205620 496.333740 52.313511 200.654129 497.273438 52.390602 201.428192 497.561157 52.513802 202.094009 498.020935 52.281872 124.825050 497.155365 52.281872 164.063889 497.155365 48.613571 124.825050 497.155365 50.447720 105.205620 497.265594 50.447720 124.825050 497.396820 48.647533 105.205620 497.028595 51.835339 85.667824 495.488861 50.447720 85.667824 495.671570 48.792164 87.203644 484.131592 48.715466 92.126007 483.845367 50.447720 86.553482 496.587189 51.977516 86.010078 496.019501 52.072319 86.553482 496.373291 50.447720 86.010078 496.220886 48.917923 86.010078 496.019501 49.060101 85.667824 495.488861 43.729340 105.205620 492.110413 44.424183 105.205620 493.787903 43.484489 200.654129 492.175995 43.238853 200.654129 490.310211 43.196785 201.428192 492.253113 42.940998 201.428192 490.310211 44.384636 86.553482 491.934814 44.908115 87.203644 493.508514 44.269096 87.203644 491.965759 45.011707 86.553482 493.448700 44.738445 86.010078 491.839996 45.328926 86.010078 493.265564 45.804661 85.667824 492.990875 45.269058 85.667824 491.697845 42.294243 202.937164 492.494934 43.137512 203.302734 494.530762 42.294243 203.302734 492.494934 43.137512 202.937164 494.530762 48.647533 105.205620 483.591827 50.447720 200.654129 497.519073 50.447720 200.654129 483.101349 48.823120 86.553482 484.247131 48.917923 86.010078 484.600952 52.247906 105.205620 497.028595 52.179974 92.126007 496.775085 48.792164 87.203644 496.488831 50.447720 87.203644 496.706787 48.823120 86.553482 496.373291 48.715466 92.126007 496.775085 50.447720 92.126007 497.003143 44.478962 202.937164 496.278961 44.651485 92.126007 493.656677 43.982861 92.126007 492.042480 48.581928 200.654129 497.273438 48.504837 201.428192 497.561157 50.447720 201.428192 497.816925 48.381641 202.094009 498.020935 50.447720 202.094009 498.292938 48.263000 202.937164 498.463684 50.447720 202.937164 498.751312 48.263000 203.302734 498.463684 50.447720 203.302734 498.751312 47.309235 86.553482 495.746216 47.249428 87.203644 495.849823 47.101265 92.126007 496.106445 46.970032 105.205620 496.333740 46.843285 200.654129 496.553284 45.350281 200.654129 495.407654 46.694359 201.428192 496.811218 45.139668 201.428192 495.618256 46.456360 202.094009 497.223450 44.803085 202.094009 495.954865 46.227169 202.937164 497.620422 44.478962 203.302734 496.278961 46.227169 203.302734 497.620422 46.656677 85.667824 494.101257 47.767048 85.667824 494.953278 46.268242 86.010078 494.489685 47.492382 86.010078 495.429016 46.009235 86.553482 494.748688 45.924652 87.203644 494.833282 45.715115 92.126007 495.042816 45.529522 105.205620 495.228424 44.204659 200.654129 493.914642 43.946709 201.428192 494.063568 43.534481 202.094009 494.301575 52.103279 87.203644 496.488831 49.060101 85.667824 485.131561 42.737003 202.094009 492.376282 48.263000 202.937164 482.156738 48.263000 203.302734 482.156738 48.381641 202.094009 482.599487 48.504837 201.428192 483.059265 48.581928 200.654129 483.346985 46.970032 105.205620 484.286682 47.101265 92.126007 484.513977 47.249428 87.203644 484.770599 47.309235 86.553482 484.874207 47.492382 86.010078 485.191406 47.767048 85.667824 485.667145 46.227169 202.937164 483.000000 46.227169 203.302734 483.000000 46.456360 202.094009 483.396973 46.694359 201.428192 483.809204 46.843285 200.654129 484.067139 45.529522 105.205620 485.392029 45.715115 92.126007 485.577606 45.924652 87.203644 485.787140 46.009235 86.553482 485.871735 46.268242 86.010078 486.130737 46.656677 85.667824 486.519165 44.478962 202.937164 484.341461 44.478962 203.302734 484.341461 44.803085 202.094009 484.665588 45.139668 201.428192 485.002167 45.350281 200.654129 485.212769 44.424183 105.205620 486.832520 44.651485 92.126007 486.963745 44.908115 87.203644 487.111908 45.011707 86.553482 487.171722 45.328926 86.010078 487.354889 45.804661 85.667824 487.629547 43.137512 203.302734 486.089661 43.137512 202.937164 486.089661 43.534481 202.094009 486.318848 43.946709 201.428192 486.556854 44.204659 200.654129 486.705780 43.729340 105.205620 488.510040 43.982861 92.126007 488.577972 44.269096 87.203644 488.654663 44.384636 86.553482 488.685608 44.738445 86.010078 488.780426 45.269058 85.667824 488.922607 42.294243 203.302734 488.125488 42.294243 202.937164 488.125488 42.737003 202.094009 488.244141 43.196785 201.428192 488.367340 43.484489 200.654129 488.444427 43.492340 105.205620 490.310211 43.754807 92.126007 490.310211 44.051136 87.203644 490.310211 44.170753 86.553482 490.310211 44.537045 86.010078 490.310211 45.086376 85.667824 490.310211 42.006618 203.302734 490.310211 42.006618 202.937164 490.310211 42.465000 202.094009 490.310211 56.584908 164.063889 486.766907 50.447720 164.063889 497.396820 48.613571 164.063889 497.155365 53.007343 203.864380 480.757568 50.447720 203.302734 481.196167 50.447720 203.864380 480.420593 52.806606 203.302734 481.506714 50.447720 204.589844 479.778534 53.173519 204.589844 480.137390 50.447720 205.444778 479.300415 53.297268 205.444778 479.675568 50.447720 205.444778 478.512390 53.501225 205.928604 478.914368 53.501225 205.444778 478.914368 50.447720 205.928604 478.512390 55.392529 203.864380 481.745544 55.004742 203.302734 482.417236 55.713562 204.589844 481.189514 55.952625 205.444778 480.775452 56.346638 205.928604 480.092987 56.346638 205.444778 480.092987 57.440735 203.864380 483.317200 56.892319 203.302734 483.865601 57.894745 204.589844 482.863190 58.232834 205.444778 482.525116 58.790051 205.928604 481.967896 58.790051 205.444778 481.967896 59.012383 203.864380 485.365417 58.340710 203.302734 485.753204 59.568424 204.589844 485.044373 59.982494 205.444778 484.805298 60.664948 205.444778 484.411285 60.664948 205.928604 484.411285 60.000359 203.864380 487.750580 59.251209 203.302734 487.951324 60.620544 204.589844 487.584412 61.082382 205.444778 487.460663 61.843555 205.444778 487.256714 61.843555 205.928604 487.256714 60.337337 203.864380 490.310211 59.561760 203.302734 490.310211 47.394215 205.928604 478.914368 44.548801 205.928604 480.092987 42.105389 205.928604 481.967896 40.230492 205.928604 484.411285 39.051884 205.928604 487.256714 62.245560 205.928604 490.310211 38.649883 205.928604 490.310211 61.843555 205.928604 493.363708 39.051884 205.928604 493.363708 60.664948 205.928604 496.209137 40.230492 205.928604 496.209137 58.790051 205.928604 498.652557 42.105389 205.928604 498.652557 56.346638 205.928604 500.527435 44.548801 205.928604 500.527435 53.501225 205.928604 501.706055 47.394215 205.928604 501.706055 50.447720 205.928604 502.108063 62.245560 205.444778 490.310211 60.979404 204.589844 490.310211 61.457531 205.444778 490.310211 61.843555 205.444778 493.363708 60.000359 203.864380 492.869843 60.620544 204.589844 493.036011 61.082382 205.444778 493.159760 59.251209 203.302734 492.669098 47.394215 205.444778 478.914368 59.982494 205.444778 495.815125 60.664948 205.444778 496.209137 58.232834 205.444778 498.095337 58.790051 205.444778 498.652557 55.952625 205.444778 499.845001 56.346638 205.444778 500.527435 53.297268 205.444778 500.944885 53.501225 205.444778 501.706055 50.447720 205.444778 501.320038 47.598171 205.444778 479.675568 44.548801 205.444778 480.092987 44.942814 205.444778 480.775452 42.105389 205.444778 481.967896 42.662609 205.444778 482.525116 40.230492 205.444778 484.411285 40.912945 205.444778 484.805298 39.051884 205.444778 487.256714 39.813061 205.444778 487.460663 38.649883 205.444778 490.310211 39.437908 205.444778 490.310211 39.813061 205.444778 493.159760 39.051884 205.444778 493.363708 40.912945 205.444778 495.815125 40.230492 205.444778 496.209137 42.662609 205.444778 498.095337 42.105389 205.444778 498.652557 44.942814 205.444778 499.845001 44.548801 205.444778 500.527435 47.598171 205.444778 500.944885 47.394215 205.444778 501.706055 50.447720 205.444778 502.108063 48.088833 203.302734 481.506714 58.340710 203.302734 494.867249 56.892319 203.302734 496.754822 55.004742 203.302734 498.203217 52.806606 203.302734 499.113708 45.890701 203.302734 482.417236 44.003120 203.302734 483.865601 42.554729 203.302734 485.753204 41.644234 203.302734 487.951324 41.333679 203.302734 490.310211 41.644234 203.302734 492.669098 42.554729 203.302734 494.867249 44.003120 203.302734 496.754822 45.890701 203.302734 498.203217 48.088833 203.302734 499.113708 50.447720 203.302734 499.424255 59.012383 203.864380 495.255035 57.440735 203.864380 497.303223 59.568424 204.589844 495.576050 57.894745 204.589844 497.757233 55.392529 203.864380 498.874878 55.713562 204.589844 499.430908 40.274895 204.589844 493.036011 41.327015 204.589844 495.576050 40.895084 203.864380 492.869843 41.883060 203.864380 495.255035 53.173519 204.589844 500.483032 53.007343 203.864380 499.862854 47.888100 203.864380 499.862854 50.447720 203.864380 500.199829 47.721920 204.589844 500.483032 50.447720 204.589844 500.841888 43.454704 203.864380 497.303223 45.502911 203.864380 498.874878 43.000694 204.589844 497.757233 45.181877 204.589844 499.430908 47.721920 204.589844 480.137390 47.888100 203.864380 480.757568 45.181877 204.589844 481.189514 45.502911 203.864380 481.745544 43.000694 204.589844 482.863190 43.454704 203.864380 483.317200 41.327015 204.589844 485.044373 41.883060 203.864380 485.365417 40.274895 204.589844 487.584412 40.895084 203.864380 487.750580 39.916039 204.589844 490.310211 40.558102 203.864380 490.310211 53.991028 124.825050 106.220268 55.458714 164.063889 107.346466 55.458714 124.825050 107.346466 55.458714 199.824463 107.346466 53.991028 199.824463 106.220268 53.991028 164.063889 106.220268 55.365917 105.205620 107.439262 53.925411 105.205620 106.333923 52.390602 201.428192 105.106522 50.447720 202.094009 104.374741 52.513802 202.094009 104.646744 50.447720 201.428192 104.850739 52.513802 202.571579 104.646744 50.447720 202.571579 104.374741 52.543461 202.571579 104.536057 50.447720 202.937164 103.916359 52.632439 202.937164 104.203979 50.447720 202.571579 104.260147 52.632439 203.302734 104.203979 50.447720 203.302734 103.916359 51.835339 85.667824 107.178802 50.447720 85.586197 107.633049 50.447720 85.667824 106.996117 51.670486 85.586197 107.794029 51.977516 86.010078 106.648186 50.447720 86.010078 106.446785 50.447720 86.553482 106.080490 52.072319 86.553482 106.294373 50.447720 87.203644 105.960876 52.103279 87.203644 106.178833 50.447720 92.126007 105.664543 52.179974 92.126007 105.892601 50.447720 105.205620 105.402077 52.247906 105.205620 105.639076 50.447720 124.825050 105.270844 52.281872 124.825050 105.512314 54.002434 199.824463 106.200508 52.313511 200.654129 105.394226 54.052155 200.654129 106.114395 52.287777 199.824463 105.490280 54.201080 201.428192 105.856445 54.439079 202.094009 105.444221 54.439079 202.571579 105.444221 54.668270 202.937164 105.047249 54.496376 202.571579 105.344978 54.668270 203.302734 105.047249 53.128391 85.667824 107.714401 52.809925 85.586197 108.265999 53.403057 86.010078 107.238663 53.586205 86.553482 106.921448 53.646011 87.203644 106.817856 53.794178 92.126007 106.561226 55.474846 199.824463 107.330330 55.545158 200.654129 107.260017 55.755775 201.428192 107.049408 56.092358 202.094009 106.712822 56.092358 202.571579 106.712822 56.416481 202.937164 106.388702 56.173386 202.571579 106.631790 56.416481 203.302734 106.388702 54.238762 85.667824 108.566414 53.788383 85.586197 109.016800 54.627197 86.010078 108.177979 54.886208 86.553482 107.918976 54.970787 87.203644 107.834389 55.180325 92.126007 107.624855 56.604668 199.824463 108.802742 56.690784 200.654129 108.753029 56.948730 201.428192 108.604095 57.360958 202.094009 108.366096 57.360958 202.571579 108.366096 57.757927 202.937164 108.136909 57.460201 202.571579 108.308800 57.757927 203.302734 108.136909 55.090778 85.667824 109.676788 54.539177 85.586197 109.995255 55.566517 86.010078 109.402122 55.883732 86.553482 109.218979 55.987324 87.203644 109.159164 56.243954 92.126007 109.011002 56.471256 105.205620 108.879768 56.584908 124.825050 108.814156 57.314903 199.824463 110.517403 57.410954 200.654129 110.491669 57.698658 201.428192 110.414574 58.158436 202.094009 110.291382 58.158436 202.571579 110.291382 58.601196 202.937164 110.172745 58.269127 202.571579 110.261719 58.601196 203.302734 110.172745 56.358395 86.010078 112.357460 55.626381 85.667824 110.969841 56.156994 86.010078 110.827667 55.809063 85.667824 112.357460 56.510807 86.553482 110.732857 56.724689 86.553482 112.357460 56.626347 87.203644 110.701904 56.844303 87.203644 112.357460 56.912579 92.126007 110.625206 57.140633 92.126007 112.357460 57.166103 105.205620 110.557274 57.403099 105.205620 112.357460 57.292862 124.825050 110.523308 55.011150 85.586197 111.134689 57.534336 124.825050 112.357460 55.172131 85.586197 112.357460 58.888821 202.937164 112.357460 58.888821 203.302734 112.357460 58.545036 202.571579 112.357460 57.954441 201.428192 112.357460 58.430439 202.094009 112.357460 58.430439 202.571579 112.357460 57.656590 200.654129 112.357460 57.557152 199.824463 112.357460 52.632439 203.302734 120.510941 54.668270 202.937164 119.667664 54.668270 203.302734 119.667664 52.632439 202.937164 120.510941 45.436726 199.824463 117.368454 46.904411 164.063889 118.494644 46.904411 199.824463 118.494644 46.904411 124.825050 118.494644 45.436726 124.825050 117.368454 45.436726 164.063889 117.368454 50.447720 199.824463 105.270844 50.447720 199.824463 105.248032 52.281872 199.824463 105.512314 56.584908 199.824463 108.814156 57.292862 199.824463 110.523308 57.534336 199.824463 112.357460 57.314903 199.824463 114.197517 57.292862 199.824463 114.191612 56.584908 199.824463 115.900764 56.604668 199.824463 115.912178 55.458714 199.824463 117.368454 55.474846 199.824463 117.384583 53.991028 199.824463 118.494644 54.002434 199.824463 118.514404 52.281872 199.824463 119.202606 52.287777 199.824463 119.224640 50.447720 199.824463 119.444077 50.447720 199.824463 119.466888 48.607662 199.824463 105.490280 48.613571 199.824463 105.512314 46.893005 199.824463 106.200508 46.904411 199.824463 106.220268 45.420593 199.824463 107.330330 45.436726 199.824463 107.346466 44.290771 199.824463 108.802742 44.310532 199.824463 108.814156 43.580536 199.824463 110.517403 43.602577 199.824463 110.523308 43.338291 199.824463 112.357460 43.361107 199.824463 112.357460 43.602577 199.824463 114.191612 43.580536 199.824463 114.197517 44.310532 199.824463 115.900764 44.290771 199.824463 115.912178 45.420593 199.824463 117.384583 46.893005 199.824463 118.514404 48.613571 199.824463 119.202606 48.607662 199.824463 119.224640 48.613571 124.825050 105.512314 50.447720 164.063889 105.270844 48.613571 164.063889 105.512314 56.156994 86.010078 113.887253 56.510807 86.553482 113.982056 56.626347 87.203644 114.013016 56.912579 92.126007 114.089714 57.292862 164.063889 114.191612 57.534336 164.063889 112.357460 57.292862 124.825050 114.191612 57.166103 105.205620 114.157646 44.310532 164.063889 115.900764 44.310532 124.825050 115.900764 56.584908 164.063889 115.900764 56.584908 124.825050 115.900764 43.602577 164.063889 114.191612 43.602577 124.825050 114.191612 55.090778 85.667824 115.038132 55.626381 85.667824 113.745079 55.566517 86.010078 115.312798 55.883732 86.553482 115.495941 55.011150 85.586197 113.580223 57.292862 164.063889 110.523308 58.269127 202.571579 114.453201 58.158436 202.571579 114.423538 57.360958 202.571579 116.348816 57.460201 202.571579 116.406120 56.092358 202.571579 118.002098 56.173386 202.571579 118.083122 54.439079 202.571579 119.270699 54.496376 202.571579 119.369942 52.513802 202.571579 120.068176 52.543461 202.571579 120.178864 50.447720 202.571579 120.340179 50.447720 202.571579 120.454773 48.351982 202.571579 104.536057 48.381641 202.571579 104.646744 46.399063 202.571579 105.344978 46.456360 202.571579 105.444221 44.722054 202.571579 106.631790 44.803085 202.571579 106.712822 43.435238 202.571579 108.308800 43.534481 202.571579 108.366096 42.626312 202.571579 110.261719 42.737003 202.571579 110.291382 42.350403 202.571579 112.357460 42.465000 202.571579 112.357460 42.737003 202.571579 114.423538 42.626312 202.571579 114.453201 43.534481 202.571579 116.348816 43.435238 202.571579 116.406120 44.803085 202.571579 118.002098 44.722054 202.571579 118.083122 46.456360 202.571579 119.270699 46.399063 202.571579 119.369942 48.381641 202.571579 120.068176 48.351982 202.571579 120.178864 45.436726 164.063889 107.346466 44.310532 164.063889 108.814156 45.436726 124.825050 107.346466 44.310532 124.825050 108.814156 58.601196 202.937164 114.542175 58.601196 203.302734 114.542175 58.158436 202.094009 114.423538 57.410954 200.654129 114.223251 57.698658 201.428192 114.300339 46.904411 164.063889 106.220268 46.904411 124.825050 106.220268 52.281872 164.063889 105.512314 49.224953 85.586197 107.794029 48.085514 85.586197 108.265999 47.107059 85.586197 109.016800 46.356262 85.586197 109.995255 45.884293 85.586197 111.134689 45.723312 85.586197 112.357460 45.884293 85.586197 113.580223 54.539177 85.586197 114.719666 46.356262 85.586197 114.719666 53.788383 85.586197 115.698120 47.107059 85.586197 115.698120 52.809925 85.586197 116.448921 48.085514 85.586197 116.448921 51.670486 85.586197 116.920891 49.224953 85.586197 116.920891 50.447720 85.586197 117.081871 43.602577 164.063889 110.523308 43.361107 164.063889 112.357460 43.602577 124.825050 110.523308 43.361107 124.825050 112.357460 55.987324 87.203644 115.555748 56.243954 92.126007 115.703918 56.471256 105.205620 115.835152 56.690784 200.654129 115.961891 55.545158 200.654129 117.454903 56.948730 201.428192 116.110817 55.755775 201.428192 117.665512 57.360958 202.094009 116.348816 56.092358 202.094009 118.002098 57.757927 202.937164 116.578011 56.416481 202.937164 118.326218 57.757927 203.302734 116.578011 56.416481 203.302734 118.326218 54.238762 85.667824 116.148499 54.627197 86.010078 116.536942 54.886208 86.553482 116.795944 54.970787 87.203644 116.880524 55.180325 92.126007 117.090065 55.365917 105.205620 117.275658 55.458714 124.825050 117.368454 55.458714 164.063889 117.368454 53.991028 124.825050 118.494644 53.991028 164.063889 118.494644 54.052155 200.654129 118.600525 54.201080 201.428192 118.858475 54.439079 202.094009 119.270699 53.128391 85.667824 117.000519 53.403057 86.010078 117.476257 53.586205 86.553482 117.793472 53.646011 87.203644 117.897064 53.794178 92.126007 118.153694 53.925411 105.205620 118.380997 52.313511 200.654129 119.320694 52.390602 201.428192 119.608398 52.513802 202.094009 120.068176 52.281872 124.825050 119.202606 52.281872 164.063889 119.202606 48.613571 124.825050 119.202606 50.447720 105.205620 119.312843 50.447720 124.825050 119.444077 48.647533 105.205620 119.075844 51.835339 85.667824 117.536118 50.447720 85.667824 117.718803 48.792164 87.203644 106.178833 48.715466 92.126007 105.892601 50.447720 86.553482 118.634430 51.977516 86.010078 118.066734 52.072319 86.553482 118.420547 50.447720 86.010078 118.268135 48.917923 86.010078 118.066734 49.060101 85.667824 117.536118 43.729340 105.205620 114.157646 44.424183 105.205620 115.835152 43.484489 200.654129 114.223251 43.238853 200.654129 112.357460 43.196785 201.428192 114.300339 42.940998 201.428192 112.357460 44.384636 86.553482 113.982056 44.908115 87.203644 115.555748 44.269096 87.203644 114.013016 45.011707 86.553482 115.495941 44.738445 86.010078 113.887253 45.328926 86.010078 115.312798 45.804661 85.667824 115.038132 45.269058 85.667824 113.745079 42.294243 202.937164 114.542175 43.137512 203.302734 116.578011 42.294243 203.302734 114.542175 43.137512 202.937164 116.578011 48.647533 105.205620 105.639076 50.447720 200.654129 119.566330 50.447720 200.654129 105.148590 48.823120 86.553482 106.294373 48.917923 86.010078 106.648186 52.247906 105.205620 119.075844 52.179974 92.126007 118.822319 48.792164 87.203644 118.536087 50.447720 87.203644 118.754044 48.823120 86.553482 118.420547 48.715466 92.126007 118.822319 50.447720 92.126007 119.050369 44.478962 202.937164 118.326218 44.651485 92.126007 115.703918 43.982861 92.126007 114.089714 48.581928 200.654129 119.320694 48.504837 201.428192 119.608398 50.447720 201.428192 119.864182 48.381641 202.094009 120.068176 50.447720 202.094009 120.340179 48.263000 202.937164 120.510941 50.447720 202.937164 120.798561 48.263000 203.302734 120.510941 50.447720 203.302734 120.798561 47.309235 86.553482 117.793472 47.249428 87.203644 117.897064 47.101265 92.126007 118.153694 46.970032 105.205620 118.380997 46.843285 200.654129 118.600525 45.350281 200.654129 117.454903 46.694359 201.428192 118.858475 45.139668 201.428192 117.665512 46.456360 202.094009 119.270699 44.803085 202.094009 118.002098 46.227169 202.937164 119.667664 44.478962 203.302734 118.326218 46.227169 203.302734 119.667664 46.656677 85.667824 116.148499 47.767048 85.667824 117.000519 46.268242 86.010078 116.536942 47.492382 86.010078 117.476257 46.009235 86.553482 116.795944 45.924652 87.203644 116.880524 45.715115 92.126007 117.090065 45.529522 105.205620 117.275658 44.204659 200.654129 115.961891 43.946709 201.428192 116.110817 43.534481 202.094009 116.348816 52.103279 87.203644 118.536087 49.060101 85.667824 107.178802 42.737003 202.094009 114.423538 48.263000 202.937164 104.203979 48.263000 203.302734 104.203979 48.381641 202.094009 104.646744 48.504837 201.428192 105.106522 48.581928 200.654129 105.394226 46.970032 105.205620 106.333923 47.101265 92.126007 106.561226 47.249428 87.203644 106.817856 47.309235 86.553482 106.921448 47.492382 86.010078 107.238663 47.767048 85.667824 107.714401 46.227169 202.937164 105.047249 46.227169 203.302734 105.047249 46.456360 202.094009 105.444221 46.694359 201.428192 105.856445 46.843285 200.654129 106.114395 45.529522 105.205620 107.439262 45.715115 92.126007 107.624855 45.924652 87.203644 107.834389 46.009235 86.553482 107.918976 46.268242 86.010078 108.177979 46.656677 85.667824 108.566414 44.478962 202.937164 106.388702 44.478962 203.302734 106.388702 44.803085 202.094009 106.712822 45.139668 201.428192 107.049408 45.350281 200.654129 107.260017 44.424183 105.205620 108.879768 44.651485 92.126007 109.011002 44.908115 87.203644 109.159164 45.011707 86.553482 109.218979 45.328926 86.010078 109.402122 45.804661 85.667824 109.676788 43.137512 203.302734 108.136909 43.137512 202.937164 108.136909 43.534481 202.094009 108.366096 43.946709 201.428192 108.604095 44.204659 200.654129 108.753029 43.729340 105.205620 110.557274 43.982861 92.126007 110.625206 44.269096 87.203644 110.701904 44.384636 86.553482 110.732857 44.738445 86.010078 110.827667 45.269058 85.667824 110.969841 42.294243 203.302734 110.172745 42.294243 202.937164 110.172745 42.737003 202.094009 110.291382 43.196785 201.428192 110.414574 43.484489 200.654129 110.491669 43.492340 105.205620 112.357460 43.754807 92.126007 112.357460 44.051136 87.203644 112.357460 44.170753 86.553482 112.357460 44.537045 86.010078 112.357460 45.086376 85.667824 112.357460 42.006618 203.302734 112.357460 42.006618 202.937164 112.357460 42.465000 202.094009 112.357460 56.584908 164.063889 108.814156 50.447720 164.063889 119.444077 48.613571 164.063889 119.202606 53.007343 203.864380 102.804825 50.447720 203.302734 103.243416 50.447720 203.864380 102.467842 52.806606 203.302734 103.553970 50.447720 204.589844 101.825775 53.173519 204.589844 102.184631 50.447720 205.444778 101.347649 53.297268 205.444778 101.722801 50.447720 205.444778 100.559624 53.501225 205.928604 100.961624 53.501225 205.444778 100.961624 50.447720 205.928604 100.559624 55.392529 203.864380 103.792801 55.004742 203.302734 104.464470 55.713562 204.589844 103.236755 55.952625 205.444778 102.822685 56.346638 205.928604 102.140228 56.346638 205.444778 102.140228 57.440735 203.864380 105.364441 56.892319 203.302734 105.912857 57.894745 204.589844 104.910439 58.232834 205.444778 104.572350 58.790051 205.928604 104.015129 58.790051 205.444778 104.015129 59.012383 203.864380 107.412651 58.340710 203.302734 107.800438 59.568424 204.589844 107.091621 59.982494 205.444778 106.852554 60.664948 205.444778 106.458542 60.664948 205.928604 106.458542 60.000359 203.864380 109.797836 59.251209 203.302734 109.998573 60.620544 204.589844 109.631660 61.082382 205.444778 109.507912 61.843555 205.444778 109.303955 61.843555 205.928604 109.303955 60.337337 203.864380 112.357460 59.561760 203.302734 112.357460 47.394215 205.928604 100.961624 44.548801 205.928604 102.140228 42.105389 205.928604 104.015129 40.230492 205.928604 106.458542 39.051884 205.928604 109.303955 62.245560 205.928604 112.357460 38.649883 205.928604 112.357460 61.843555 205.928604 115.410965 39.051884 205.928604 115.410965 60.664948 205.928604 118.256378 40.230492 205.928604 118.256378 58.790051 205.928604 120.699791 42.105389 205.928604 120.699791 56.346638 205.928604 122.574684 44.548801 205.928604 122.574684 53.501225 205.928604 123.753296 47.394215 205.928604 123.753296 50.447720 205.928604 124.155296 62.245560 205.444778 112.357460 60.979404 204.589844 112.357460 61.457531 205.444778 112.357460 61.843555 205.444778 115.410965 60.000359 203.864380 114.917084 60.620544 204.589844 115.083260 61.082382 205.444778 115.207008 59.251209 203.302734 114.716347 47.394215 205.444778 100.961624 59.982494 205.444778 117.862366 60.664948 205.444778 118.256378 58.232834 205.444778 120.142570 58.790051 205.444778 120.699791 55.952625 205.444778 121.892235 56.346638 205.444778 122.574684 53.297268 205.444778 122.992119 53.501225 205.444778 123.753296 50.447720 205.444778 123.367271 47.598171 205.444778 101.722801 44.548801 205.444778 102.140228 44.942814 205.444778 102.822685 42.105389 205.444778 104.015129 42.662609 205.444778 104.572350 40.230492 205.444778 106.458542 40.912945 205.444778 106.852554 39.051884 205.444778 109.303955 39.813061 205.444778 109.507912 38.649883 205.444778 112.357460 39.437908 205.444778 112.357460 39.813061 205.444778 115.207008 39.051884 205.444778 115.410965 40.912945 205.444778 117.862366 40.230492 205.444778 118.256378 42.662609 205.444778 120.142570 42.105389 205.444778 120.699791 44.942814 205.444778 121.892235 44.548801 205.444778 122.574684 47.598171 205.444778 122.992119 47.394215 205.444778 123.753296 50.447720 205.444778 124.155296 48.088833 203.302734 103.553970 58.340710 203.302734 116.914482 56.892319 203.302734 118.802063 55.004742 203.302734 120.250450 52.806606 203.302734 121.160950 45.890701 203.302734 104.464470 44.003120 203.302734 105.912857 42.554729 203.302734 107.800438 41.644234 203.302734 109.998573 41.333679 203.302734 112.357460 41.644234 203.302734 114.716347 42.554729 203.302734 116.914482 44.003120 203.302734 118.802063 45.890701 203.302734 120.250450 48.088833 203.302734 121.160950 50.447720 203.302734 121.471497 59.012383 203.864380 117.302269 57.440735 203.864380 119.350471 59.568424 204.589844 117.623299 57.894745 204.589844 119.804482 55.392529 203.864380 120.922119 55.713562 204.589844 121.478165 40.274895 204.589844 115.083260 41.327015 204.589844 117.623299 40.895084 203.864380 114.917084 41.883060 203.864380 117.302269 53.173519 204.589844 122.530281 53.007343 203.864380 121.910095 47.888100 203.864380 121.910095 50.447720 203.864380 122.247078 47.721920 204.589844 122.530281 50.447720 204.589844 122.889145 43.454704 203.864380 119.350471 45.502911 203.864380 120.922119 43.000694 204.589844 119.804482 45.181877 204.589844 121.478165 47.721920 204.589844 102.184631 47.888100 203.864380 102.804825 45.181877 204.589844 103.236755 45.502911 203.864380 103.792801 43.000694 204.589844 104.910439 43.454704 203.864380 105.364441 41.327015 204.589844 107.091621 41.883060 203.864380 107.412651 40.274895 204.589844 109.631660 40.895084 203.864380 109.797836 39.916039 204.589844 112.357460 40.558102 203.864380 112.357460 260.683929 126.369492 106.220268 262.151611 164.856522 107.346466 262.151611 126.369492 107.346466 262.151611 199.931915 107.346466 260.683929 199.931915 106.220268 260.683929 164.856522 106.220268 262.058838 107.125977 107.439262 260.618317 107.125977 106.333923 259.083527 201.504929 105.106522 257.140625 202.157974 104.374741 259.206726 202.157974 104.646744 257.140625 201.504929 104.850739 259.206726 202.626404 104.646744 257.140625 202.626404 104.374741 259.236359 202.626404 104.536057 257.140625 202.984970 103.916359 259.325348 202.984970 104.203979 257.140625 202.626404 104.260147 259.325348 203.343552 104.203979 257.140625 203.343552 103.916359 258.528259 87.962524 107.178802 257.140625 87.882462 107.633049 257.140625 87.962524 106.996117 258.363403 87.882462 107.794029 258.670441 88.298218 106.648186 257.140625 88.298218 106.446785 257.140625 88.831215 106.080490 258.765228 88.831215 106.294373 257.140625 89.468918 105.960876 258.796204 89.468918 106.178833 257.140625 94.296967 105.664543 258.872894 94.296967 105.892601 257.140625 107.125977 105.402077 258.940826 107.125977 105.639076 257.140625 126.369492 105.270844 258.974792 126.369492 105.512314 260.695343 199.931915 106.200508 259.006439 200.745682 105.394226 260.745056 200.745682 106.114395 258.980682 199.931915 105.490280 260.893982 201.504929 105.856445 261.131989 202.157974 105.444221 261.131989 202.626404 105.444221 261.361176 202.984970 105.047249 261.189301 202.626404 105.344978 261.361176 203.343552 105.047249 259.821320 87.962524 107.714401 259.502838 87.882462 108.265999 260.095978 88.298218 107.238663 260.279114 88.831215 106.921448 260.338928 89.468918 106.817856 260.487091 94.296967 106.561226 262.167755 199.931915 107.330330 262.238068 200.745682 107.260017 262.448700 201.504929 107.049408 262.785278 202.157974 106.712822 262.785278 202.626404 106.712822 263.109406 202.984970 106.388702 262.866302 202.626404 106.631790 263.109406 203.343552 106.388702 260.931671 87.962524 108.566414 260.481293 87.882462 109.016800 261.320099 88.298218 108.177979 261.579132 88.831215 107.918976 261.663696 89.468918 107.834389 261.873230 94.296967 107.624855 263.297577 199.931915 108.802742 263.383698 200.745682 108.753029 263.641632 201.504929 108.604095 264.053864 202.157974 108.366096 264.053864 202.626404 108.366096 264.450836 202.984970 108.136909 264.153107 202.626404 108.308800 264.450836 203.343552 108.136909 261.783691 87.962524 109.676788 261.232086 87.882462 109.995255 262.259430 88.298218 109.402122 262.576660 88.831215 109.218979 262.680237 89.468918 109.159164 262.936859 94.296967 109.011002 263.164185 107.125977 108.879768 263.277832 126.369492 108.814156 264.007812 199.931915 110.517403 264.103851 200.745682 110.491669 264.391571 201.504929 110.414574 264.851349 202.157974 110.291382 264.851349 202.626404 110.291382 265.294098 202.984970 110.172745 264.962036 202.626404 110.261719 265.294098 203.343552 110.172745 263.051300 88.298218 112.357460 262.319305 87.962524 110.969841 262.849915 88.298218 110.827667 262.501984 87.962524 112.357460 263.203705 88.831215 110.732857 263.417603 88.831215 112.357460 263.319244 89.468918 110.701904 263.537231 89.468918 112.357460 263.605499 94.296967 110.625206 263.833557 94.296967 112.357460 263.859009 107.125977 110.557274 264.096008 107.125977 112.357460 263.985779 126.369492 110.523308 261.704071 87.882462 111.134689 264.227234 126.369492 112.357460 261.865051 87.882462 112.357460 265.581726 202.984970 112.357460 265.581726 203.343552 112.357460 265.237946 202.626404 112.357460 264.647369 201.504929 112.357460 265.123352 202.157974 112.357460 265.123352 202.626404 112.357460 264.349487 200.745682 112.357460 264.250061 199.931915 112.357460 259.325348 203.343552 120.510941 261.361176 202.984970 119.667664 261.361176 203.343552 119.667664 259.325348 202.984970 120.510941 252.129639 199.931915 117.368454 253.597321 164.856522 118.494644 253.597321 199.931915 118.494644 253.597321 126.369492 118.494644 252.129639 126.369492 117.368454 252.129639 164.856522 117.368454 257.140625 199.931915 105.270844 257.140625 199.931915 105.248032 258.974792 199.931915 105.512314 263.277832 199.931915 108.814156 263.985779 199.931915 110.523308 264.227234 199.931915 112.357460 264.007812 199.931915 114.197517 263.985779 199.931915 114.191612 263.277832 199.931915 115.900764 263.297577 199.931915 115.912178 262.151611 199.931915 117.368454 262.167755 199.931915 117.384583 260.683929 199.931915 118.494644 260.695343 199.931915 118.514404 258.974792 199.931915 119.202606 258.980682 199.931915 119.224640 257.140625 199.931915 119.444077 257.140625 199.931915 119.466888 255.300583 199.931915 105.490280 255.306488 199.931915 105.512314 253.585922 199.931915 106.200508 253.597321 199.931915 106.220268 252.113510 199.931915 107.330330 252.129639 199.931915 107.346466 250.983688 199.931915 108.802742 251.003448 199.931915 108.814156 250.273453 199.931915 110.517403 250.295486 199.931915 110.523308 250.031204 199.931915 112.357460 250.054016 199.931915 112.357460 250.295486 199.931915 114.191612 250.273453 199.931915 114.197517 251.003448 199.931915 115.900764 250.983688 199.931915 115.912178 252.113510 199.931915 117.384583 253.585922 199.931915 118.514404 255.306488 199.931915 119.202606 255.300583 199.931915 119.224640 255.306488 126.369492 105.512314 257.140625 164.856522 105.270844 255.306488 164.856522 105.512314 262.849915 88.298218 113.887253 263.203705 88.831215 113.982056 263.319244 89.468918 114.013016 263.605499 94.296967 114.089714 263.985779 164.856522 114.191612 264.227234 164.856522 112.357460 263.985779 126.369492 114.191612 263.859009 107.125977 114.157646 251.003448 164.856522 115.900764 251.003448 126.369492 115.900764 263.277832 164.856522 115.900764 263.277832 126.369492 115.900764 250.295486 164.856522 114.191612 250.295486 126.369492 114.191612 261.783691 87.962524 115.038132 262.319305 87.962524 113.745079 262.259430 88.298218 115.312798 262.576660 88.831215 115.495941 261.704071 87.882462 113.580223 263.985779 164.856522 110.523308 264.962036 202.626404 114.453201 264.851349 202.626404 114.423538 264.053864 202.626404 116.348816 264.153107 202.626404 116.406120 262.785278 202.626404 118.002098 262.866302 202.626404 118.083122 261.131989 202.626404 119.270699 261.189301 202.626404 119.369942 259.206726 202.626404 120.068176 259.236359 202.626404 120.178864 257.140625 202.626404 120.340179 257.140625 202.626404 120.454773 255.044891 202.626404 104.536057 255.074554 202.626404 104.646744 253.091980 202.626404 105.344978 253.149277 202.626404 105.444221 251.414963 202.626404 106.631790 251.496002 202.626404 106.712822 250.128159 202.626404 108.308800 250.227402 202.626404 108.366096 249.319229 202.626404 110.261719 249.429916 202.626404 110.291382 249.043320 202.626404 112.357460 249.157913 202.626404 112.357460 249.429916 202.626404 114.423538 249.319229 202.626404 114.453201 250.227402 202.626404 116.348816 250.128159 202.626404 116.406120 251.496002 202.626404 118.002098 251.414963 202.626404 118.083122 253.149277 202.626404 119.270699 253.091980 202.626404 119.369942 255.074554 202.626404 120.068176 255.044891 202.626404 120.178864 252.129639 164.856522 107.346466 251.003448 164.856522 108.814156 252.129639 126.369492 107.346466 251.003448 126.369492 108.814156 265.294098 202.984970 114.542175 265.294098 203.343552 114.542175 264.851349 202.157974 114.423538 264.103851 200.745682 114.223251 264.391571 201.504929 114.300339 253.597321 164.856522 106.220268 253.597321 126.369492 106.220268 258.974792 164.856522 105.512314 255.917862 87.882462 107.794029 254.778427 87.882462 108.265999 253.799973 87.882462 109.016800 253.049179 87.882462 109.995255 252.577209 87.882462 111.134689 252.416229 87.882462 112.357460 252.577209 87.882462 113.580223 261.232086 87.882462 114.719666 253.049179 87.882462 114.719666 260.481293 87.882462 115.698120 253.799973 87.882462 115.698120 259.502838 87.882462 116.448921 254.778427 87.882462 116.448921 258.363403 87.882462 116.920891 255.917862 87.882462 116.920891 257.140625 87.882462 117.081871 250.295486 164.856522 110.523308 250.054016 164.856522 112.357460 250.295486 126.369492 110.523308 250.054016 126.369492 112.357460 262.680237 89.468918 115.555748 262.936859 94.296967 115.703918 263.164185 107.125977 115.835152 263.383698 200.745682 115.961891 262.238068 200.745682 117.454903 263.641632 201.504929 116.110817 262.448700 201.504929 117.665512 264.053864 202.157974 116.348816 262.785278 202.157974 118.002098 264.450836 202.984970 116.578011 263.109406 202.984970 118.326218 264.450836 203.343552 116.578011 263.109406 203.343552 118.326218 260.931671 87.962524 116.148499 261.320099 88.298218 116.536942 261.579132 88.831215 116.795944 261.663696 89.468918 116.880524 261.873230 94.296967 117.090065 262.058838 107.125977 117.275658 262.151611 126.369492 117.368454 262.151611 164.856522 117.368454 260.683929 126.369492 118.494644 260.683929 164.856522 118.494644 260.745056 200.745682 118.600525 260.893982 201.504929 118.858475 261.131989 202.157974 119.270699 259.821320 87.962524 117.000519 260.095978 88.298218 117.476257 260.279114 88.831215 117.793472 260.338928 89.468918 117.897064 260.487091 94.296967 118.153694 260.618317 107.125977 118.380997 259.006439 200.745682 119.320694 259.083527 201.504929 119.608398 259.206726 202.157974 120.068176 258.974792 126.369492 119.202606 258.974792 164.856522 119.202606 255.306488 126.369492 119.202606 257.140625 107.125977 119.312843 257.140625 126.369492 119.444077 255.340454 107.125977 119.075844 258.528259 87.962524 117.536118 257.140625 87.962524 117.718803 255.485077 89.468918 106.178833 255.408386 94.296967 105.892601 257.140625 88.831215 118.634430 258.670441 88.298218 118.066734 258.765228 88.831215 118.420547 257.140625 88.298218 118.268135 255.610840 88.298218 118.066734 255.753021 87.962524 117.536118 250.422256 107.125977 114.157646 251.117096 107.125977 115.835152 250.177399 200.745682 114.223251 249.931763 200.745682 112.357460 249.889694 201.504929 114.300339 249.633911 201.504929 112.357460 251.077545 88.831215 113.982056 251.601028 89.468918 115.555748 250.962006 89.468918 114.013016 251.704620 88.831215 115.495941 251.431366 88.298218 113.887253 252.021835 88.298218 115.312798 252.497574 87.962524 115.038132 251.961975 87.962524 113.745079 248.987152 202.984970 114.542175 249.830429 203.343552 116.578011 248.987152 203.343552 114.542175 249.830429 202.984970 116.578011 255.340454 107.125977 105.639076 257.140625 200.745682 119.566330 257.140625 200.745682 105.148590 255.516037 88.831215 106.294373 255.610840 88.298218 106.648186 258.940826 107.125977 119.075844 258.872894 94.296967 118.822319 255.485077 89.468918 118.536087 257.140625 89.468918 118.754044 255.516037 88.831215 118.420547 255.408386 94.296967 118.822319 257.140625 94.296967 119.050369 251.171875 202.984970 118.326218 251.344406 94.296967 115.703918 250.675781 94.296967 114.089714 255.274841 200.745682 119.320694 255.197754 201.504929 119.608398 257.140625 201.504929 119.864182 255.074554 202.157974 120.068176 257.140625 202.157974 120.340179 254.955917 202.984970 120.510941 257.140625 202.984970 120.798561 254.955917 203.343552 120.510941 257.140625 203.343552 120.798561 254.002151 88.831215 117.793472 253.942337 89.468918 117.897064 253.794174 94.296967 118.153694 253.662949 107.125977 118.380997 253.536194 200.745682 118.600525 252.043198 200.745682 117.454903 253.387268 201.504929 118.858475 251.832581 201.504929 117.665512 253.149277 202.157974 119.270699 251.496002 202.157974 118.002098 252.920090 202.984970 119.667664 251.171875 203.343552 118.326218 252.920090 203.343552 119.667664 253.349594 87.962524 116.148499 254.459961 87.962524 117.000519 252.961151 88.298218 116.536942 254.185303 88.298218 117.476257 252.702148 88.831215 116.795944 252.617569 89.468918 116.880524 252.408035 94.296967 117.090065 252.222443 107.125977 117.275658 250.897568 200.745682 115.961891 250.639618 201.504929 116.110817 250.227402 202.157974 116.348816 258.796204 89.468918 118.536087 255.753021 87.962524 107.178802 249.429916 202.157974 114.423538 254.955917 202.984970 104.203979 254.955917 203.343552 104.203979 255.074554 202.157974 104.646744 255.197754 201.504929 105.106522 255.274841 200.745682 105.394226 253.662949 107.125977 106.333923 253.794174 94.296967 106.561226 253.942337 89.468918 106.817856 254.002151 88.831215 106.921448 254.185303 88.298218 107.238663 254.459961 87.962524 107.714401 252.920090 202.984970 105.047249 252.920090 203.343552 105.047249 253.149277 202.157974 105.444221 253.387268 201.504929 105.856445 253.536194 200.745682 106.114395 252.222443 107.125977 107.439262 252.408035 94.296967 107.624855 252.617569 89.468918 107.834389 252.702148 88.831215 107.918976 252.961151 88.298218 108.177979 253.349594 87.962524 108.566414 251.171875 202.984970 106.388702 251.171875 203.343552 106.388702 251.496002 202.157974 106.712822 251.832581 201.504929 107.049408 252.043198 200.745682 107.260017 251.117096 107.125977 108.879768 251.344406 94.296967 109.011002 251.601028 89.468918 109.159164 251.704620 88.831215 109.218979 252.021835 88.298218 109.402122 252.497574 87.962524 109.676788 249.830429 203.343552 108.136909 249.830429 202.984970 108.136909 250.227402 202.157974 108.366096 250.639618 201.504929 108.604095 250.897568 200.745682 108.753029 250.422256 107.125977 110.557274 250.675781 94.296967 110.625206 250.962006 89.468918 110.701904 251.077545 88.831215 110.732857 251.431366 88.298218 110.827667 251.961975 87.962524 110.969841 248.987152 203.343552 110.172745 248.987152 202.984970 110.172745 249.429916 202.157974 110.291382 249.889694 201.504929 110.414574 250.177399 200.745682 110.491669 250.185257 107.125977 112.357460 250.447723 94.296967 112.357460 250.744049 89.468918 112.357460 250.863663 88.831215 112.357460 251.229965 88.298218 112.357460 251.779297 87.962524 112.357460 248.699539 203.343552 112.357460 248.699539 202.984970 112.357460 249.157913 202.157974 112.357460 263.277832 164.856522 108.814156 257.140625 164.856522 119.444077 255.306488 164.856522 119.202606 259.700256 203.896454 102.804825 257.140625 203.343552 103.243416 257.140625 203.896454 102.467842 259.499512 203.343552 103.553970 257.140625 204.610657 101.825775 259.866425 204.610657 102.184631 257.140625 205.452286 101.347649 259.990173 205.452286 101.722801 257.140625 205.452286 100.559624 260.194153 205.928604 100.961624 260.194153 205.452286 100.961624 257.140625 205.928604 100.559624 262.085449 203.896454 103.792801 261.697662 203.343552 104.464470 262.406464 204.610657 103.236755 262.645538 205.452286 102.822685 263.039551 205.928604 102.140228 263.039551 205.452286 102.140228 264.133636 203.896454 105.364441 263.585236 203.343552 105.912857 264.587646 204.610657 104.910439 264.925751 205.452286 104.572350 265.482971 205.928604 104.015129 265.482971 205.452286 104.015129 265.705292 203.896454 107.412651 265.033630 203.343552 107.800438 266.261353 204.610657 107.091621 266.675415 205.452286 106.852554 267.357849 205.452286 106.458542 267.357849 205.928604 106.458542 266.693268 203.896454 109.797836 265.944122 203.343552 109.998573 267.313446 204.610657 109.631660 267.775299 205.452286 109.507912 268.536469 205.452286 109.303955 268.536469 205.928604 109.303955 267.030243 203.896454 112.357460 266.254669 203.343552 112.357460 254.087128 205.928604 100.961624 251.241714 205.928604 102.140228 248.798309 205.928604 104.015129 246.923401 205.928604 106.458542 245.744797 205.928604 109.303955 268.938477 205.928604 112.357460 245.342789 205.928604 112.357460 268.536469 205.928604 115.410965 245.744797 205.928604 115.410965 267.357849 205.928604 118.256378 246.923401 205.928604 118.256378 265.482971 205.928604 120.699791 248.798309 205.928604 120.699791 263.039551 205.928604 122.574684 251.241714 205.928604 122.574684 260.194153 205.928604 123.753296 254.087128 205.928604 123.753296 257.140625 205.928604 124.155296 268.938477 205.452286 112.357460 267.672302 204.610657 112.357460 268.150452 205.452286 112.357460 268.536469 205.452286 115.410965 266.693268 203.896454 114.917084 267.313446 204.610657 115.083260 267.775299 205.452286 115.207008 265.944122 203.343552 114.716347 254.087128 205.452286 100.961624 266.675415 205.452286 117.862366 267.357849 205.452286 118.256378 264.925751 205.452286 120.142570 265.482971 205.452286 120.699791 262.645538 205.452286 121.892235 263.039551 205.452286 122.574684 259.990173 205.452286 122.992119 260.194153 205.452286 123.753296 257.140625 205.452286 123.367271 254.291092 205.452286 101.722801 251.241714 205.452286 102.140228 251.635727 205.452286 102.822685 248.798309 205.452286 104.015129 249.355515 205.452286 104.572350 246.923401 205.452286 106.458542 247.605850 205.452286 106.852554 245.744797 205.452286 109.303955 246.505966 205.452286 109.507912 245.342789 205.452286 112.357460 246.130829 205.452286 112.357460 246.505966 205.452286 115.207008 245.744797 205.452286 115.410965 247.605850 205.452286 117.862366 246.923401 205.452286 118.256378 249.355515 205.452286 120.142570 248.798309 205.452286 120.699791 251.635727 205.452286 121.892235 251.241714 205.452286 122.574684 254.291092 205.452286 122.992119 254.087128 205.452286 123.753296 257.140625 205.452286 124.155296 254.781754 203.343552 103.553970 265.033630 203.343552 116.914482 263.585236 203.343552 118.802063 261.697662 203.343552 120.250450 259.499512 203.343552 121.160950 252.583618 203.343552 104.464470 250.696030 203.343552 105.912857 249.247635 203.343552 107.800438 248.337143 203.343552 109.998573 248.026596 203.343552 112.357460 248.337143 203.343552 114.716347 249.247635 203.343552 116.914482 250.696030 203.343552 118.802063 252.583618 203.343552 120.250450 254.781754 203.343552 121.160950 257.140625 203.343552 121.471497 265.705292 203.896454 117.302269 264.133636 203.896454 119.350471 266.261353 204.610657 117.623299 264.587646 204.610657 119.804482 262.085449 203.896454 120.922119 262.406464 204.610657 121.478165 246.967804 204.610657 115.083260 248.019928 204.610657 117.623299 247.587997 203.896454 114.917084 248.575974 203.896454 117.302269 259.866425 204.610657 122.530281 259.700256 203.896454 121.910095 254.581009 203.896454 121.910095 257.140625 203.896454 122.247078 254.414841 204.610657 122.530281 257.140625 204.610657 122.889145 250.147614 203.896454 119.350471 252.195831 203.896454 120.922119 249.693604 204.610657 119.804482 251.874786 204.610657 121.478165 254.414841 204.610657 102.184631 254.581009 203.896454 102.804825 251.874786 204.610657 103.236755 252.195831 203.896454 103.792801 249.693604 204.610657 104.910439 250.147614 203.896454 105.364441 248.019928 204.610657 107.091621 248.575974 203.896454 107.412651 246.967804 204.610657 109.631660 247.587997 203.896454 109.797836 246.608948 204.610657 112.357460 247.251022 203.896454 112.357460 378.794189 127.247292 106.220268 380.261871 165.305038 107.346466 380.261871 127.247292 107.346466 380.261871 199.989197 107.346466 378.794189 199.989197 106.220268 378.794189 165.305038 106.220268 380.169067 108.218422 107.439262 378.728546 108.218422 106.333923 377.193756 201.544662 105.106522 375.250854 202.190430 104.374741 377.316956 202.190430 104.646744 375.250854 201.544662 104.850739 377.316956 202.653625 104.646744 375.250854 202.653625 104.374741 377.346619 202.653625 104.536057 375.250854 203.008209 103.916359 377.435577 203.008209 104.203979 375.250854 202.653625 104.260147 377.435577 203.362778 104.203979 375.250854 203.362778 103.916359 376.638489 89.268715 107.178802 375.250854 89.189545 107.633049 375.250854 89.268715 106.996117 376.473633 89.189545 107.794029 376.780670 89.600662 106.648186 375.250854 89.600662 106.446785 375.250854 90.127716 106.080490 376.875458 90.127716 106.294373 375.250854 90.758308 105.960876 376.906433 90.758308 106.178833 375.250854 95.532501 105.664543 376.983124 95.532501 105.892601 375.250854 108.218422 105.402077 377.051056 108.218422 105.639076 375.250854 127.247292 105.270844 377.085022 127.247292 105.512314 378.805573 199.989197 106.200508 377.116669 200.793884 105.394226 378.855316 200.793884 106.114395 377.090912 199.989197 105.490280 379.004242 201.544662 105.856445 379.242218 202.190430 105.444221 379.242218 202.653625 105.444221 379.471436 203.008209 105.047249 379.299530 202.653625 105.344978 379.471436 203.362778 105.047249 377.931549 89.268715 107.714401 377.613068 89.189545 108.265999 378.206207 89.600662 107.238663 378.389343 90.127716 106.921448 378.449158 90.758308 106.817856 378.597321 95.532501 106.561226 380.277985 199.989197 107.330330 380.348297 200.793884 107.260017 380.558929 201.544662 107.049408 380.895508 202.190430 106.712822 380.895508 202.653625 106.712822 381.219635 203.008209 106.388702 380.976532 202.653625 106.631790 381.219635 203.362778 106.388702 379.041901 89.268715 108.566414 378.591522 89.189545 109.016800 379.430359 89.600662 108.177979 379.689362 90.127716 107.918976 379.773926 90.758308 107.834389 379.983459 95.532501 107.624855 381.407806 199.989197 108.802742 381.493927 200.793884 108.753029 381.751892 201.544662 108.604095 382.164093 202.190430 108.366096 382.164093 202.653625 108.366096 382.561066 203.008209 108.136909 382.263336 202.653625 108.308800 382.561066 203.362778 108.136909 379.893921 89.268715 109.676788 379.342316 89.189545 109.995255 380.369659 89.600662 109.402122 380.686890 90.127716 109.218979 380.790466 90.758308 109.159164 381.047089 95.532501 109.011002 381.274414 108.218422 108.879768 381.388062 127.247292 108.814156 382.118042 199.989197 110.517403 382.214111 200.793884 110.491669 382.501801 201.544662 110.414574 382.961578 202.190430 110.291382 382.961578 202.653625 110.291382 383.404358 203.008209 110.172745 383.072266 202.653625 110.261719 383.404358 203.362778 110.172745 381.161560 89.600662 112.357460 380.429535 89.268715 110.969841 380.960144 89.600662 110.827667 380.612213 89.268715 112.357460 381.313965 90.127716 110.732857 381.527832 90.127716 112.357460 381.429504 90.758308 110.701904 381.647461 90.758308 112.357460 381.715729 95.532501 110.625206 381.943787 95.532501 112.357460 381.969238 108.218422 110.557274 382.206238 108.218422 112.357460 382.096008 127.247292 110.523308 379.814301 89.189545 111.134689 382.337494 127.247292 112.357460 379.975281 89.189545 112.357460 383.691986 203.008209 112.357460 383.691986 203.362778 112.357460 383.348175 202.653625 112.357460 382.757599 201.544662 112.357460 383.233582 202.190430 112.357460 383.233582 202.653625 112.357460 382.459747 200.793884 112.357460 382.360291 199.989197 112.357460 377.435577 203.362778 120.510941 379.471436 203.008209 119.667664 379.471436 203.362778 119.667664 377.435577 203.008209 120.510941 370.239868 199.989197 117.368454 371.707550 165.305038 118.494644 371.707550 199.989197 118.494644 371.707550 127.247292 118.494644 370.239868 127.247292 117.368454 370.239868 165.305038 117.368454 375.250854 199.989197 105.270844 375.250854 199.989197 105.248032 377.085022 199.989197 105.512314 381.388062 199.989197 108.814156 382.096008 199.989197 110.523308 382.337494 199.989197 112.357460 382.118042 199.989197 114.197517 382.096008 199.989197 114.191612 381.388062 199.989197 115.900764 381.407806 199.989197 115.912178 380.261871 199.989197 117.368454 380.277985 199.989197 117.384583 378.794189 199.989197 118.494644 378.805573 199.989197 118.514404 377.085022 199.989197 119.202606 377.090912 199.989197 119.224640 375.250854 199.989197 119.444077 375.250854 199.989197 119.466888 373.410828 199.989197 105.490280 373.416718 199.989197 105.512314 371.696167 199.989197 106.200508 371.707550 199.989197 106.220268 370.223755 199.989197 107.330330 370.239868 199.989197 107.346466 369.093933 199.989197 108.802742 369.113678 199.989197 108.814156 368.383698 199.989197 110.517403 368.405731 199.989197 110.523308 368.141449 199.989197 112.357460 368.164246 199.989197 112.357460 368.405731 199.989197 114.191612 368.383698 199.989197 114.197517 369.113678 199.989197 115.900764 369.093933 199.989197 115.912178 370.223755 199.989197 117.384583 371.696167 199.989197 118.514404 373.416718 199.989197 119.202606 373.410828 199.989197 119.224640 373.416718 127.247292 105.512314 375.250854 165.305038 105.270844 373.416718 165.305038 105.512314 380.960144 89.600662 113.887253 381.313965 90.127716 113.982056 381.429504 90.758308 114.013016 381.715729 95.532501 114.089714 382.096008 165.305038 114.191612 382.337494 165.305038 112.357460 382.096008 127.247292 114.191612 381.969238 108.218422 114.157646 369.113678 165.305038 115.900764 369.113678 127.247292 115.900764 381.388062 165.305038 115.900764 381.388062 127.247292 115.900764 368.405731 165.305038 114.191612 368.405731 127.247292 114.191612 379.893921 89.268715 115.038132 380.429535 89.268715 113.745079 380.369659 89.600662 115.312798 380.686890 90.127716 115.495941 379.814301 89.189545 113.580223 382.096008 165.305038 110.523308 383.072266 202.653625 114.453201 382.961578 202.653625 114.423538 382.164093 202.653625 116.348816 382.263336 202.653625 116.406120 380.895508 202.653625 118.002098 380.976532 202.653625 118.083122 379.242218 202.653625 119.270699 379.299530 202.653625 119.369942 377.316956 202.653625 120.068176 377.346619 202.653625 120.178864 375.250854 202.653625 120.340179 375.250854 202.653625 120.454773 373.155121 202.653625 104.536057 373.184784 202.653625 104.646744 371.202209 202.653625 105.344978 371.259521 202.653625 105.444221 369.525208 202.653625 106.631790 369.606232 202.653625 106.712822 368.238403 202.653625 108.308800 368.337616 202.653625 108.366096 367.429474 202.653625 110.261719 367.540161 202.653625 110.291382 367.153564 202.653625 112.357460 367.268158 202.653625 112.357460 367.540161 202.653625 114.423538 367.429474 202.653625 114.453201 368.337616 202.653625 116.348816 368.238403 202.653625 116.406120 369.606232 202.653625 118.002098 369.525208 202.653625 118.083122 371.259521 202.653625 119.270699 371.202209 202.653625 119.369942 373.184784 202.653625 120.068176 373.155121 202.653625 120.178864 370.239868 165.305038 107.346466 369.113678 165.305038 108.814156 370.239868 127.247292 107.346466 369.113678 127.247292 108.814156 383.404358 203.008209 114.542175 383.404358 203.362778 114.542175 382.961578 202.190430 114.423538 382.214111 200.793884 114.223251 382.501801 201.544662 114.300339 371.707550 165.305038 106.220268 371.707550 127.247292 106.220268 377.085022 165.305038 105.512314 374.028107 89.189545 107.794029 372.888672 89.189545 108.265999 371.910217 89.189545 109.016800 371.159424 89.189545 109.995255 370.687439 89.189545 111.134689 370.526459 89.189545 112.357460 370.687439 89.189545 113.580223 379.342316 89.189545 114.719666 371.159424 89.189545 114.719666 378.591522 89.189545 115.698120 371.910217 89.189545 115.698120 377.613068 89.189545 116.448921 372.888672 89.189545 116.448921 376.473633 89.189545 116.920891 374.028107 89.189545 116.920891 375.250854 89.189545 117.081871 368.405731 165.305038 110.523308 368.164246 165.305038 112.357460 368.405731 127.247292 110.523308 368.164246 127.247292 112.357460 380.790466 90.758308 115.555748 381.047089 95.532501 115.703918 381.274414 108.218422 115.835152 381.493927 200.793884 115.961891 380.348297 200.793884 117.454903 381.751892 201.544662 116.110817 380.558929 201.544662 117.665512 382.164093 202.190430 116.348816 380.895508 202.190430 118.002098 382.561066 203.008209 116.578011 381.219635 203.008209 118.326218 382.561066 203.362778 116.578011 381.219635 203.362778 118.326218 379.041901 89.268715 116.148499 379.430359 89.600662 116.536942 379.689362 90.127716 116.795944 379.773926 90.758308 116.880524 379.983459 95.532501 117.090065 380.169067 108.218422 117.275658 380.261871 127.247292 117.368454 380.261871 165.305038 117.368454 378.794189 127.247292 118.494644 378.794189 165.305038 118.494644 378.855316 200.793884 118.600525 379.004242 201.544662 118.858475 379.242218 202.190430 119.270699 377.931549 89.268715 117.000519 378.206207 89.600662 117.476257 378.389343 90.127716 117.793472 378.449158 90.758308 117.897064 378.597321 95.532501 118.153694 378.728546 108.218422 118.380997 377.116669 200.793884 119.320694 377.193756 201.544662 119.608398 377.316956 202.190430 120.068176 377.085022 127.247292 119.202606 377.085022 165.305038 119.202606 373.416718 127.247292 119.202606 375.250854 108.218422 119.312843 375.250854 127.247292 119.444077 373.450684 108.218422 119.075844 376.638489 89.268715 117.536118 375.250854 89.268715 117.718803 373.595306 90.758308 106.178833 373.518616 95.532501 105.892601 375.250854 90.127716 118.634430 376.780670 89.600662 118.066734 376.875458 90.127716 118.420547 375.250854 89.600662 118.268135 373.721069 89.600662 118.066734 373.863251 89.268715 117.536118 368.532501 108.218422 114.157646 369.227325 108.218422 115.835152 368.287628 200.793884 114.223251 368.041992 200.793884 112.357460 367.999939 201.544662 114.300339 367.744141 201.544662 112.357460 369.187775 90.127716 113.982056 369.711273 90.758308 115.555748 369.072235 90.758308 114.013016 369.814850 90.127716 115.495941 369.541595 89.600662 113.887253 370.132080 89.600662 115.312798 370.607819 89.268715 115.038132 370.072205 89.268715 113.745079 367.097382 203.008209 114.542175 367.940674 203.362778 116.578011 367.097382 203.362778 114.542175 367.940674 203.008209 116.578011 373.450684 108.218422 105.639076 375.250854 200.793884 119.566330 375.250854 200.793884 105.148590 373.626282 90.127716 106.294373 373.721069 89.600662 106.648186 377.051056 108.218422 119.075844 376.983124 95.532501 118.822319 373.595306 90.758308 118.536087 375.250854 90.758308 118.754044 373.626282 90.127716 118.420547 373.518616 95.532501 118.822319 375.250854 95.532501 119.050369 369.282104 203.008209 118.326218 369.454651 95.532501 115.703918 368.786011 95.532501 114.089714 373.385071 200.793884 119.320694 373.307983 201.544662 119.608398 375.250854 201.544662 119.864182 373.184784 202.190430 120.068176 375.250854 202.190430 120.340179 373.066162 203.008209 120.510941 375.250854 203.008209 120.798561 373.066162 203.362778 120.510941 375.250854 203.362778 120.798561 372.112396 90.127716 117.793472 372.052582 90.758308 117.897064 371.904419 95.532501 118.153694 371.773193 108.218422 118.380997 371.646423 200.793884 118.600525 370.153442 200.793884 117.454903 371.497498 201.544662 118.858475 369.942810 201.544662 117.665512 371.259521 202.190430 119.270699 369.606232 202.190430 118.002098 371.030304 203.008209 119.667664 369.282104 203.362778 118.326218 371.030304 203.362778 119.667664 371.459839 89.268715 116.148499 372.570190 89.268715 117.000519 371.071381 89.600662 116.536942 372.295532 89.600662 117.476257 370.812378 90.127716 116.795944 370.727814 90.758308 116.880524 370.518280 95.532501 117.090065 370.332672 108.218422 117.275658 369.007812 200.793884 115.961891 368.749847 201.544662 116.110817 368.337616 202.190430 116.348816 376.906433 90.758308 118.536087 373.863251 89.268715 107.178802 367.540161 202.190430 114.423538 373.066162 203.008209 104.203979 373.066162 203.362778 104.203979 373.184784 202.190430 104.646744 373.307983 201.544662 105.106522 373.385071 200.793884 105.394226 371.773193 108.218422 106.333923 371.904419 95.532501 106.561226 372.052582 90.758308 106.817856 372.112396 90.127716 106.921448 372.295532 89.600662 107.238663 372.570190 89.268715 107.714401 371.030304 203.008209 105.047249 371.030304 203.362778 105.047249 371.259521 202.190430 105.444221 371.497498 201.544662 105.856445 371.646423 200.793884 106.114395 370.332672 108.218422 107.439262 370.518280 95.532501 107.624855 370.727814 90.758308 107.834389 370.812378 90.127716 107.918976 371.071381 89.600662 108.177979 371.459839 89.268715 108.566414 369.282104 203.008209 106.388702 369.282104 203.362778 106.388702 369.606232 202.190430 106.712822 369.942810 201.544662 107.049408 370.153442 200.793884 107.260017 369.227325 108.218422 108.879768 369.454651 95.532501 109.011002 369.711273 90.758308 109.159164 369.814850 90.127716 109.218979 370.132080 89.600662 109.402122 370.607819 89.268715 109.676788 367.940674 203.362778 108.136909 367.940674 203.008209 108.136909 368.337616 202.190430 108.366096 368.749847 201.544662 108.604095 369.007812 200.793884 108.753029 368.532501 108.218422 110.557274 368.786011 95.532501 110.625206 369.072235 90.758308 110.701904 369.187775 90.127716 110.732857 369.541595 89.600662 110.827667 370.072205 89.268715 110.969841 367.097382 203.362778 110.172745 367.097382 203.008209 110.172745 367.540161 202.190430 110.291382 367.999939 201.544662 110.414574 368.287628 200.793884 110.491669 368.295502 108.218422 112.357460 368.557953 95.532501 112.357460 368.854279 90.758308 112.357460 368.973907 90.127716 112.357460 369.340179 89.600662 112.357460 369.889526 89.268715 112.357460 366.809753 203.362778 112.357460 366.809753 203.008209 112.357460 367.268158 202.190430 112.357460 381.388062 165.305038 108.814156 375.250854 165.305038 119.444077 373.416718 165.305038 119.202606 377.810486 203.911575 102.804825 375.250854 203.362778 103.243416 375.250854 203.911575 102.467842 377.609772 203.362778 103.553970 375.250854 204.620453 101.825775 377.976685 204.620453 102.184631 375.250854 205.455841 101.347649 378.100433 205.455841 101.722801 375.250854 205.455841 100.559624 378.304382 205.928604 100.961624 378.304382 205.455841 100.961624 375.250854 205.928604 100.559624 380.195679 203.911575 103.792801 379.807892 203.362778 104.464470 380.516724 204.620453 103.236755 380.755768 205.455841 102.822685 381.149780 205.928604 102.140228 381.149780 205.455841 102.140228 382.243896 203.911575 105.364441 381.695465 203.362778 105.912857 382.697906 204.620453 104.910439 383.035980 205.455841 104.572350 383.593201 205.928604 104.015129 383.593201 205.455841 104.015129 383.815521 203.911575 107.412651 383.143860 203.362778 107.800438 384.371582 204.620453 107.091621 384.785645 205.455841 106.852554 385.468109 205.455841 106.458542 385.468109 205.928604 106.458542 384.803497 203.911575 109.797836 384.054352 203.362778 109.998573 385.423706 204.620453 109.631660 385.885529 205.455841 109.507912 386.646698 205.455841 109.303955 386.646698 205.928604 109.303955 385.140503 203.911575 112.357460 384.364899 203.362778 112.357460 372.197357 205.928604 100.961624 369.351959 205.928604 102.140228 366.908539 205.928604 104.015129 365.033630 205.928604 106.458542 363.855042 205.928604 109.303955 387.048706 205.928604 112.357460 363.453033 205.928604 112.357460 386.646698 205.928604 115.410965 363.855042 205.928604 115.410965 385.468109 205.928604 118.256378 365.033630 205.928604 118.256378 383.593201 205.928604 120.699791 366.908539 205.928604 120.699791 381.149780 205.928604 122.574684 369.351959 205.928604 122.574684 378.304382 205.928604 123.753296 372.197357 205.928604 123.753296 375.250854 205.928604 124.155296 387.048706 205.455841 112.357460 385.782562 204.620453 112.357460 386.260681 205.455841 112.357460 386.646698 205.455841 115.410965 384.803497 203.911575 114.917084 385.423706 204.620453 115.083260 385.885529 205.455841 115.207008 384.054352 203.362778 114.716347 372.197357 205.455841 100.961624 384.785645 205.455841 117.862366 385.468109 205.455841 118.256378 383.035980 205.455841 120.142570 383.593201 205.455841 120.699791 380.755768 205.455841 121.892235 381.149780 205.455841 122.574684 378.100433 205.455841 122.992119 378.304382 205.455841 123.753296 375.250854 205.455841 123.367271 372.401306 205.455841 101.722801 369.351959 205.455841 102.140228 369.745972 205.455841 102.822685 366.908539 205.455841 104.015129 367.465759 205.455841 104.572350 365.033630 205.455841 106.458542 365.716095 205.455841 106.852554 363.855042 205.455841 109.303955 364.616211 205.455841 109.507912 363.453033 205.455841 112.357460 364.241058 205.455841 112.357460 364.616211 205.455841 115.207008 363.855042 205.455841 115.410965 365.716095 205.455841 117.862366 365.033630 205.455841 118.256378 367.465759 205.455841 120.142570 366.908539 205.455841 120.699791 369.745972 205.455841 121.892235 369.351959 205.455841 122.574684 372.401306 205.455841 122.992119 372.197357 205.455841 123.753296 375.250854 205.455841 124.155296 372.891968 203.362778 103.553970 383.143860 203.362778 116.914482 381.695465 203.362778 118.802063 379.807892 203.362778 120.250450 377.609772 203.362778 121.160950 370.693848 203.362778 104.464470 368.806274 203.362778 105.912857 367.357880 203.362778 107.800438 366.447388 203.362778 109.998573 366.136841 203.362778 112.357460 366.447388 203.362778 114.716347 367.357880 203.362778 116.914482 368.806274 203.362778 118.802063 370.693848 203.362778 120.250450 372.891968 203.362778 121.160950 375.250854 203.362778 121.471497 383.815521 203.911575 117.302269 382.243896 203.911575 119.350471 384.371582 204.620453 117.623299 382.697906 204.620453 119.804482 380.195679 203.911575 120.922119 380.516724 204.620453 121.478165 365.078033 204.620453 115.083260 366.130157 204.620453 117.623299 365.698242 203.911575 114.917084 366.686218 203.911575 117.302269 377.976685 204.620453 122.530281 377.810486 203.911575 121.910095 372.691254 203.911575 121.910095 375.250854 203.911575 122.247078 372.525055 204.620453 122.530281 375.250854 204.620453 122.889145 368.257843 203.911575 119.350471 370.306061 203.911575 120.922119 367.803833 204.620453 119.804482 369.985016 204.620453 121.478165 372.525055 204.620453 102.184631 372.691254 203.911575 102.804825 369.985016 204.620453 103.236755 370.306061 203.911575 103.792801 367.803833 204.620453 104.910439 368.257843 203.911575 105.364441 366.130157 204.620453 107.091621 366.686218 203.911575 107.412651 365.078033 204.620453 109.631660 365.698242 203.911575 109.797836 364.719177 204.620453 112.357460 365.361237 203.911575 112.357460 24.873327 54.177826 98.577934 24.764067 64.050797 102.514938 24.764067 64.050797 98.577934 24.889183 52.745075 102.514938 257.023438 66.621132 102.514938 360.290253 58.055336 102.514938 360.290253 67.929703 102.514938 360.290253 56.622383 102.514938 257.157654 55.315514 102.514938 139.046249 54.008415 102.514938 138.921143 65.314133 102.514938 360.308380 56.622616 102.514938 374.660309 67.929703 101.727539 360.290253 67.929703 98.577934 373.282379 67.929703 102.121239 374.660309 67.929703 102.121239 373.282379 67.929703 102.514938 375.841431 67.929703 102.121239 377.219360 67.929703 102.121239 375.890625 67.929703 101.727539 425.409241 67.929703 102.514938 425.409241 67.929703 98.577934 377.219360 67.929703 102.514938 257.023438 66.621132 98.577934 360.290253 58.055336 98.577934 377.219360 62.024193 102.514938 425.409241 56.622383 102.514938 425.409241 62.024193 102.514938 373.282379 62.024193 102.514938 257.140625 56.748253 98.577934 139.030396 55.441166 98.577934 138.921143 65.314133 98.577934 374.660309 62.024193 102.121239 375.890625 62.024193 101.727539 374.660309 62.024193 101.727539 375.841431 62.024193 102.121239 377.219360 62.024193 102.121239 373.282379 62.024193 102.121239 425.409241 58.055336 98.577934 142.573700 125.491692 106.220268 144.041397 164.408005 107.346466 144.041397 125.491692 107.346466 144.041397 199.874634 107.346466 142.573700 199.874634 106.220268 142.573700 164.408005 106.220268 143.948593 106.033531 107.439262 142.508087 106.033531 106.333923 140.973282 201.465195 105.106522 139.030396 202.125534 104.374741 141.096481 202.125534 104.646744 139.030396 201.465195 104.850739 141.096481 202.599182 104.646744 139.030396 202.599182 104.374741 141.126129 202.599182 104.536057 139.030396 202.961746 103.916359 141.215118 202.961746 104.203979 139.030396 202.599182 104.260147 141.215118 203.324326 104.203979 139.030396 203.324326 103.916359 140.418015 86.656334 107.178802 139.030396 86.575371 107.633049 139.030396 86.656334 106.996117 140.253159 86.575371 107.794029 140.560196 86.995766 106.648186 139.030396 86.995766 106.446785 139.030396 87.534706 106.080490 140.654999 87.534706 106.294373 139.030396 88.179527 105.960876 140.685959 88.179527 106.178833 139.030396 93.061424 105.664543 140.762650 93.061424 105.892601 139.030396 106.033531 105.402077 140.830582 106.033531 105.639076 139.030396 125.491692 105.270844 140.864548 125.491692 105.512314 142.585114 199.874634 106.200508 140.896194 200.697479 105.394226 142.634827 200.697479 106.114395 140.870453 199.874634 105.490280 142.783752 201.465195 105.856445 143.021759 202.125534 105.444221 143.021759 202.599182 105.444221 143.250946 202.961746 105.047249 143.079056 202.599182 105.344978 143.250946 203.324326 105.047249 141.711075 86.656334 107.714401 141.392609 86.575371 108.265999 141.985733 86.995766 107.238663 142.168884 87.534706 106.921448 142.228683 88.179527 106.817856 142.376862 93.061424 106.561226 144.057526 199.874634 107.330330 144.127838 200.697479 107.260017 144.338455 201.465195 107.049408 144.675034 202.125534 106.712822 144.675034 202.599182 106.712822 144.999161 202.961746 106.388702 144.756058 202.599182 106.631790 144.999161 203.324326 106.388702 142.821442 86.656334 108.566414 142.371063 86.575371 109.016800 143.209869 86.995766 108.177979 143.468887 87.534706 107.918976 143.553467 88.179527 107.834389 143.763000 93.061424 107.624855 145.187347 199.874634 108.802742 145.273453 200.697479 108.753029 145.531403 201.465195 108.604095 145.943634 202.125534 108.366096 145.943634 202.599182 108.366096 146.340607 202.961746 108.136909 146.042877 202.599182 108.308800 146.340607 203.324326 108.136909 143.673462 86.656334 109.676788 143.121857 86.575371 109.995255 144.149185 86.995766 109.402122 144.466415 87.534706 109.218979 144.570007 88.179527 109.159164 144.826630 93.061424 109.011002 145.053940 106.033531 108.879768 145.167587 125.491692 108.814156 145.897583 199.874634 110.517403 145.993622 200.697479 110.491669 146.281326 201.465195 110.414574 146.741119 202.125534 110.291382 146.741119 202.599182 110.291382 147.183868 202.961746 110.172745 146.851807 202.599182 110.261719 147.183868 203.324326 110.172745 144.941071 86.995766 112.357460 144.209061 86.656334 110.969841 144.739670 86.995766 110.827667 144.391739 86.656334 112.357460 145.093475 87.534706 110.732857 145.307358 87.534706 112.357460 145.209030 88.179527 110.701904 145.426987 88.179527 112.357460 145.495255 93.061424 110.625206 145.723312 93.061424 112.357460 145.748779 106.033531 110.557274 145.985779 106.033531 112.357460 145.875534 125.491692 110.523308 143.593826 86.575371 111.134689 146.117004 125.491692 112.357460 143.754807 86.575371 112.357460 147.471497 202.961746 112.357460 147.471497 203.324326 112.357460 147.127716 202.599182 112.357460 146.537125 201.465195 112.357460 147.013123 202.125534 112.357460 147.013123 202.599182 112.357460 146.239273 200.697479 112.357460 146.139832 199.874634 112.357460 141.215118 203.324326 120.510941 143.250946 202.961746 119.667664 143.250946 203.324326 119.667664 141.215118 202.961746 120.510941 134.019409 199.874634 117.368454 135.487091 164.408005 118.494644 135.487091 199.874634 118.494644 135.487091 125.491692 118.494644 134.019409 125.491692 117.368454 134.019409 164.408005 117.368454 139.030396 199.874634 105.270844 139.030396 199.874634 105.248032 140.864548 199.874634 105.512314 145.167587 199.874634 108.814156 145.875534 199.874634 110.523308 146.117004 199.874634 112.357460 145.897583 199.874634 114.197517 145.875534 199.874634 114.191612 145.167587 199.874634 115.900764 145.187347 199.874634 115.912178 144.041397 199.874634 117.368454 144.057526 199.874634 117.384583 142.573700 199.874634 118.494644 142.585114 199.874634 118.514404 140.864548 199.874634 119.202606 140.870453 199.874634 119.224640 139.030396 199.874634 119.444077 139.030396 199.874634 119.466888 137.190338 199.874634 105.490280 137.196243 199.874634 105.512314 135.475677 199.874634 106.200508 135.487091 199.874634 106.220268 134.003265 199.874634 107.330330 134.019409 199.874634 107.346466 132.873444 199.874634 108.802742 132.893204 199.874634 108.814156 132.163208 199.874634 110.517403 132.185257 199.874634 110.523308 131.920959 199.874634 112.357460 131.943787 199.874634 112.357460 132.185257 199.874634 114.191612 132.163208 199.874634 114.197517 132.893204 199.874634 115.900764 132.873444 199.874634 115.912178 134.003265 199.874634 117.384583 135.475677 199.874634 118.514404 137.196243 199.874634 119.202606 137.190338 199.874634 119.224640 137.196243 125.491692 105.512314 139.030396 164.408005 105.270844 137.196243 164.408005 105.512314 144.739670 86.995766 113.887253 145.093475 87.534706 113.982056 145.209030 88.179527 114.013016 145.495255 93.061424 114.089714 145.875534 164.408005 114.191612 146.117004 164.408005 112.357460 145.875534 125.491692 114.191612 145.748779 106.033531 114.157646 132.893204 164.408005 115.900764 132.893204 125.491692 115.900764 145.167587 164.408005 115.900764 145.167587 125.491692 115.900764 132.185257 164.408005 114.191612 132.185257 125.491692 114.191612 143.673462 86.656334 115.038132 144.209061 86.656334 113.745079 144.149185 86.995766 115.312798 144.466415 87.534706 115.495941 143.593826 86.575371 113.580223 145.875534 164.408005 110.523308 146.851807 202.599182 114.453201 146.741119 202.599182 114.423538 145.943634 202.599182 116.348816 146.042877 202.599182 116.406120 144.675034 202.599182 118.002098 144.756058 202.599182 118.083122 143.021759 202.599182 119.270699 143.079056 202.599182 119.369942 141.096481 202.599182 120.068176 141.126129 202.599182 120.178864 139.030396 202.599182 120.340179 139.030396 202.599182 120.454773 136.934662 202.599182 104.536057 136.964310 202.599182 104.646744 134.981735 202.599182 105.344978 135.039032 202.599182 105.444221 133.304733 202.599182 106.631790 133.385757 202.599182 106.712822 132.017914 202.599182 108.308800 132.117157 202.599182 108.366096 131.208984 202.599182 110.261719 131.319687 202.599182 110.291382 130.933075 202.599182 112.357460 131.047684 202.599182 112.357460 131.319687 202.599182 114.423538 131.208984 202.599182 114.453201 132.117157 202.599182 116.348816 132.017914 202.599182 116.406120 133.385757 202.599182 118.002098 133.304733 202.599182 118.083122 135.039032 202.599182 119.270699 134.981735 202.599182 119.369942 136.964310 202.599182 120.068176 136.934662 202.599182 120.178864 134.019409 164.408005 107.346466 132.893204 164.408005 108.814156 134.019409 125.491692 107.346466 132.893204 125.491692 108.814156 147.183868 202.961746 114.542175 147.183868 203.324326 114.542175 146.741119 202.125534 114.423538 145.993622 200.697479 114.223251 146.281326 201.465195 114.300339 135.487091 164.408005 106.220268 135.487091 125.491692 106.220268 140.864548 164.408005 105.512314 137.807632 86.575371 107.794029 136.668198 86.575371 108.265999 135.689728 86.575371 109.016800 134.938934 86.575371 109.995255 134.466965 86.575371 111.134689 134.305984 86.575371 112.357460 134.466965 86.575371 113.580223 143.121857 86.575371 114.719666 134.938934 86.575371 114.719666 142.371063 86.575371 115.698120 135.689728 86.575371 115.698120 141.392609 86.575371 116.448921 136.668198 86.575371 116.448921 140.253159 86.575371 116.920891 137.807632 86.575371 116.920891 139.030396 86.575371 117.081871 132.185257 164.408005 110.523308 131.943787 164.408005 112.357460 132.185257 125.491692 110.523308 131.943787 125.491692 112.357460 144.570007 88.179527 115.555748 144.826630 93.061424 115.703918 145.053940 106.033531 115.835152 145.273453 200.697479 115.961891 144.127838 200.697479 117.454903 145.531403 201.465195 116.110817 144.338455 201.465195 117.665512 145.943634 202.125534 116.348816 144.675034 202.125534 118.002098 146.340607 202.961746 116.578011 144.999161 202.961746 118.326218 146.340607 203.324326 116.578011 144.999161 203.324326 118.326218 142.821442 86.656334 116.148499 143.209869 86.995766 116.536942 143.468887 87.534706 116.795944 143.553467 88.179527 116.880524 143.763000 93.061424 117.090065 143.948593 106.033531 117.275658 144.041397 125.491692 117.368454 144.041397 164.408005 117.368454 142.573700 125.491692 118.494644 142.573700 164.408005 118.494644 142.634827 200.697479 118.600525 142.783752 201.465195 118.858475 143.021759 202.125534 119.270699 141.711075 86.656334 117.000519 141.985733 86.995766 117.476257 142.168884 87.534706 117.793472 142.228683 88.179527 117.897064 142.376862 93.061424 118.153694 142.508087 106.033531 118.380997 140.896194 200.697479 119.320694 140.973282 201.465195 119.608398 141.096481 202.125534 120.068176 140.864548 125.491692 119.202606 140.864548 164.408005 119.202606 137.196243 125.491692 119.202606 139.030396 106.033531 119.312843 139.030396 125.491692 119.444077 137.230209 106.033531 119.075844 140.418015 86.656334 117.536118 139.030396 86.656334 117.718803 137.374832 88.179527 106.178833 137.298141 93.061424 105.892601 139.030396 87.534706 118.634430 140.560196 86.995766 118.066734 140.654999 87.534706 118.420547 139.030396 86.995766 118.268135 137.500595 86.995766 118.066734 137.642776 86.656334 117.536118 132.312012 106.033531 114.157646 133.006866 106.033531 115.835152 132.067169 200.697479 114.223251 131.821533 200.697479 112.357460 131.779465 201.465195 114.300339 131.523682 201.465195 112.357460 132.967316 87.534706 113.982056 133.490799 88.179527 115.555748 132.851776 88.179527 114.013016 133.594391 87.534706 115.495941 133.321121 86.995766 113.887253 133.911606 86.995766 115.312798 134.387344 86.656334 115.038132 133.851730 86.656334 113.745079 130.876923 202.961746 114.542175 131.720184 203.324326 116.578011 130.876923 203.324326 114.542175 131.720184 202.961746 116.578011 137.230209 106.033531 105.639076 139.030396 200.697479 119.566330 139.030396 200.697479 105.148590 137.405792 87.534706 106.294373 137.500595 86.995766 106.648186 140.830582 106.033531 119.075844 140.762650 93.061424 118.822319 137.374832 88.179527 118.536087 139.030396 88.179527 118.754044 137.405792 87.534706 118.420547 137.298141 93.061424 118.822319 139.030396 93.061424 119.050369 133.061630 202.961746 118.326218 133.234161 93.061424 115.703918 132.565536 93.061424 114.089714 137.164612 200.697479 119.320694 137.087509 201.465195 119.608398 139.030396 201.465195 119.864182 136.964310 202.125534 120.068176 139.030396 202.125534 120.340179 136.845673 202.961746 120.510941 139.030396 202.961746 120.798561 136.845673 203.324326 120.510941 139.030396 203.324326 120.798561 135.891907 87.534706 117.793472 135.832108 88.179527 117.897064 135.683945 93.061424 118.153694 135.552704 106.033531 118.380997 135.425964 200.697479 118.600525 133.932953 200.697479 117.454903 135.277039 201.465195 118.858475 133.722336 201.465195 117.665512 135.039032 202.125534 119.270699 133.385757 202.125534 118.002098 134.809845 202.961746 119.667664 133.061630 203.324326 118.326218 134.809845 203.324326 119.667664 135.239349 86.656334 116.148499 136.349731 86.656334 117.000519 134.850922 86.995766 116.536942 136.075058 86.995766 117.476257 134.591904 87.534706 116.795944 134.507324 88.179527 116.880524 134.297791 93.061424 117.090065 134.112198 106.033531 117.275658 132.787338 200.697479 115.961891 132.529388 201.465195 116.110817 132.117157 202.125534 116.348816 140.685959 88.179527 118.536087 137.642776 86.656334 107.178802 131.319687 202.125534 114.423538 136.845673 202.961746 104.203979 136.845673 203.324326 104.203979 136.964310 202.125534 104.646744 137.087509 201.465195 105.106522 137.164612 200.697479 105.394226 135.552704 106.033531 106.333923 135.683945 93.061424 106.561226 135.832108 88.179527 106.817856 135.891907 87.534706 106.921448 136.075058 86.995766 107.238663 136.349731 86.656334 107.714401 134.809845 202.961746 105.047249 134.809845 203.324326 105.047249 135.039032 202.125534 105.444221 135.277039 201.465195 105.856445 135.425964 200.697479 106.114395 134.112198 106.033531 107.439262 134.297791 93.061424 107.624855 134.507324 88.179527 107.834389 134.591904 87.534706 107.918976 134.850922 86.995766 108.177979 135.239349 86.656334 108.566414 133.061630 202.961746 106.388702 133.061630 203.324326 106.388702 133.385757 202.125534 106.712822 133.722336 201.465195 107.049408 133.932953 200.697479 107.260017 133.006866 106.033531 108.879768 133.234161 93.061424 109.011002 133.490799 88.179527 109.159164 133.594391 87.534706 109.218979 133.911606 86.995766 109.402122 134.387344 86.656334 109.676788 131.720184 203.324326 108.136909 131.720184 202.961746 108.136909 132.117157 202.125534 108.366096 132.529388 201.465195 108.604095 132.787338 200.697479 108.753029 132.312012 106.033531 110.557274 132.565536 93.061424 110.625206 132.851776 88.179527 110.701904 132.967316 87.534706 110.732857 133.321121 86.995766 110.827667 133.851730 86.656334 110.969841 130.876923 203.324326 110.172745 130.876923 202.961746 110.172745 131.319687 202.125534 110.291382 131.779465 201.465195 110.414574 132.067169 200.697479 110.491669 132.075012 106.033531 112.357460 132.337479 93.061424 112.357460 132.633820 88.179527 112.357460 132.753433 87.534706 112.357460 133.119720 86.995766 112.357460 133.669052 86.656334 112.357460 130.589294 203.324326 112.357460 130.589294 202.961746 112.357460 131.047684 202.125534 112.357460 145.167587 164.408005 108.814156 139.030396 164.408005 119.444077 137.196243 164.408005 119.202606 141.590012 203.881348 102.804825 139.030396 203.324326 103.243416 139.030396 203.881348 102.467842 141.389282 203.324326 103.553970 139.030396 204.600845 101.825775 141.756195 204.600845 102.184631 139.030396 205.448746 101.347649 141.879944 205.448746 101.722801 139.030396 205.448746 100.559624 142.083908 205.928604 100.961624 142.083908 205.448746 100.961624 139.030396 205.928604 100.559624 143.975204 203.881348 103.792801 143.587418 203.324326 104.464470 144.296234 204.600845 103.236755 144.535309 205.448746 102.822685 144.929321 205.928604 102.140228 144.929321 205.448746 102.140228 146.023407 203.881348 105.364441 145.474991 203.324326 105.912857 146.477417 204.600845 104.910439 146.815506 205.448746 104.572350 147.372726 205.928604 104.015129 147.372726 205.448746 104.015129 147.595062 203.881348 107.412651 146.923386 203.324326 107.800438 148.151108 204.600845 107.091621 148.565170 205.448746 106.852554 149.247620 205.448746 106.458542 149.247620 205.928604 106.458542 148.583038 203.881348 109.797836 147.833878 203.324326 109.998573 149.203217 204.600845 109.631660 149.665054 205.448746 109.507912 150.426239 205.448746 109.303955 150.426239 205.928604 109.303955 148.920013 203.881348 112.357460 148.144440 203.324326 112.357460 135.976898 205.928604 100.961624 133.131485 205.928604 102.140228 130.688065 205.928604 104.015129 128.813171 205.928604 106.458542 127.634560 205.928604 109.303955 150.828232 205.928604 112.357460 127.232559 205.928604 112.357460 150.426239 205.928604 115.410965 127.634560 205.928604 115.410965 149.247620 205.928604 118.256378 128.813171 205.928604 118.256378 147.372726 205.928604 120.699791 130.688065 205.928604 120.699791 144.929321 205.928604 122.574684 133.131485 205.928604 122.574684 142.083908 205.928604 123.753296 135.976898 205.928604 123.753296 139.030396 205.928604 124.155296 150.828232 205.448746 112.357460 149.562073 204.600845 112.357460 150.040207 205.448746 112.357460 150.426239 205.448746 115.410965 148.583038 203.881348 114.917084 149.203217 204.600845 115.083260 149.665054 205.448746 115.207008 147.833878 203.324326 114.716347 135.976898 205.448746 100.961624 148.565170 205.448746 117.862366 149.247620 205.448746 118.256378 146.815506 205.448746 120.142570 147.372726 205.448746 120.699791 144.535309 205.448746 121.892235 144.929321 205.448746 122.574684 141.879944 205.448746 122.992119 142.083908 205.448746 123.753296 139.030396 205.448746 123.367271 136.180847 205.448746 101.722801 133.131485 205.448746 102.140228 133.525497 205.448746 102.822685 130.688065 205.448746 104.015129 131.245285 205.448746 104.572350 128.813171 205.448746 106.458542 129.495621 205.448746 106.852554 127.634560 205.448746 109.303955 128.395737 205.448746 109.507912 127.232559 205.448746 112.357460 128.020584 205.448746 112.357460 128.395737 205.448746 115.207008 127.634560 205.448746 115.410965 129.495621 205.448746 117.862366 128.813171 205.448746 118.256378 131.245285 205.448746 120.142570 130.688065 205.448746 120.699791 133.525497 205.448746 121.892235 133.131485 205.448746 122.574684 136.180847 205.448746 122.992119 135.976898 205.448746 123.753296 139.030396 205.448746 124.155296 136.671509 203.324326 103.553970 146.923386 203.324326 116.914482 145.474991 203.324326 118.802063 143.587418 203.324326 120.250450 141.389282 203.324326 121.160950 134.473373 203.324326 104.464470 132.585800 203.324326 105.912857 131.137405 203.324326 107.800438 130.226913 203.324326 109.998573 129.916351 203.324326 112.357460 130.226913 203.324326 114.716347 131.137405 203.324326 116.914482 132.585800 203.324326 118.802063 134.473373 203.324326 120.250450 136.671509 203.324326 121.160950 139.030396 203.324326 121.471497 147.595062 203.881348 117.302269 146.023407 203.881348 119.350471 148.151108 204.600845 117.623299 146.477417 204.600845 119.804482 143.975204 203.881348 120.922119 144.296234 204.600845 121.478165 128.857574 204.600845 115.083260 129.909698 204.600845 117.623299 129.477753 203.881348 114.917084 130.465744 203.881348 117.302269 141.756195 204.600845 122.530281 141.590012 203.881348 121.910095 136.470779 203.881348 121.910095 139.030396 203.881348 122.247078 136.304596 204.600845 122.530281 139.030396 204.600845 122.889145 132.037384 203.881348 119.350471 134.085587 203.881348 120.922119 131.583374 204.600845 119.804482 133.764557 204.600845 121.478165 136.304596 204.600845 102.184631 136.470779 203.881348 102.804825 133.764557 204.600845 103.236755 134.085587 203.881348 103.792801 131.583374 204.600845 104.910439 132.037384 203.881348 105.364441 129.909698 204.600845 107.091621 130.465744 203.881348 107.412651 128.857574 204.600845 109.631660 129.477753 203.881348 109.797836 128.498718 204.600845 112.357460 129.140778 203.881348 112.357460 36.668194 161.415009 756.874329 40.605202 60.847340 755.761353 36.668194 60.847340 755.761353 40.605202 161.415009 756.874329 36.668194 275.572083 758.137634 40.605202 275.572083 758.137634 40.605202 161.289886 768.180054 36.668194 60.847340 765.635559 40.605202 60.847340 767.068481 36.668194 161.305740 766.747253 40.605202 275.446960 769.443359 36.668194 275.462830 768.010620 36.668194 -39.720329 756.874329 36.668194 -153.877396 758.137634 36.668194 -153.768143 768.010620 36.668194 -39.611069 766.747253 40.605202 -39.720329 756.874329 40.605202 -153.877396 758.137634 40.605202 -153.752274 769.443359 40.605202 -39.595211 768.180054 140.882446 -42.816154 815.569458 93.131538 -90.567055 787.122803 142.121002 -41.577599 810.343384 91.892982 -91.805611 792.348877 68.519569 -115.179024 780.105103 68.036842 -115.661751 783.491089 67.755226 -115.943367 785.466431 136.149841 -38.083553 815.569458 140.604050 -42.537769 815.569458 135.871445 -37.805164 815.569458 140.338638 -42.803173 816.689331 135.884430 -38.348957 816.689331 137.110001 -36.566605 810.343384 86.881989 -86.794617 792.348877 63.022621 -111.210770 785.466431 87.160378 -87.073006 792.348877 62.744232 -110.932381 785.466431 91.614594 -91.527222 792.348877 86.894974 -87.338417 793.468750 67.313049 -115.828766 786.615295 91.349190 -91.792633 793.468750 62.858833 -111.374557 786.615295 67.476837 -115.664986 785.466431 63.508575 -110.168037 780.105103 63.025848 -110.650764 783.491089 88.120552 -85.556061 787.122803 62.580444 -111.096169 786.615295 9.675528 -174.023071 777.216553 67.591438 -116.107155 786.615295 4.664535 -169.012070 777.216553 67.774612 -115.923981 785.061951 8.983179 -174.715424 771.195984 -9.622351 -193.320953 778.400879 -9.895353 -193.593948 775.718933 -14.633344 -188.309952 778.400879 -14.906346 -188.582962 775.718933 3.972187 -169.704422 771.195984 62.763622 -110.912987 785.061951 49.047131 -124.629478 781.826904 10.138981 -162.980850 762.070129 15.465770 -168.789597 762.466614 9.898000 -163.221832 762.466614 15.706751 -168.548615 762.070129 9.544656 -163.575180 762.620300 15.112425 -169.142944 762.620300 9.248626 -163.871201 762.507141 14.816396 -169.438980 762.507141 9.187778 -163.932053 762.483887 14.755548 -169.499817 762.483887 8.937290 -164.182541 762.099426 14.505060 -169.750305 762.099426 8.686802 -164.433029 761.714905 14.254572 -170.000793 761.714905 8.329926 -164.789902 761.578491 13.897696 -170.357681 761.578491 7.976581 -165.143250 761.732178 13.544351 -170.711029 761.732178 7.735600 -165.384232 762.128662 13.303370 -170.951996 762.128662 7.681207 -165.438629 762.645813 13.248977 -171.006393 762.645813 7.069483 -166.050354 761.633728 12.637253 -171.618118 761.633728 6.134987 -166.984848 761.472107 11.702757 -172.552612 761.472107 5.751911 -167.367920 761.859009 11.319681 -172.935684 761.859009 5.368835 -167.750992 762.245850 10.936605 -173.318771 762.245850 5.173673 -167.946152 763.548401 10.741444 -173.513931 763.548401 5.652066 -167.467773 764.695068 11.219836 -173.035538 764.695068 5.288546 -167.831284 764.600037 10.856316 -173.399063 764.600037 4.945172 -168.174667 764.793762 10.512942 -173.742432 764.793762 4.727706 -168.392120 765.216492 10.295476 -173.959900 765.216492 4.703128 -168.416702 765.738159 10.270898 -173.984482 765.738159 4.879008 -168.240829 766.197998 10.446777 -173.808594 766.197998 10.688291 -173.567078 766.676270 5.120521 -167.999313 766.676270 10.765536 -173.489838 767.174622 5.197766 -167.922073 767.174622 10.635962 -173.619415 767.650696 5.068193 -168.051636 767.650696 10.342411 -173.912964 767.947144 4.774641 -168.345184 767.947144 4.414166 -168.705673 767.966003 9.981936 -174.273438 767.966003 4.105950 -169.013885 767.700928 9.673719 -174.581650 767.700928 10.193374 -162.926453 761.553040 15.761144 -168.494232 761.553040 3.693798 -169.426041 771.195984 84.131729 -88.988098 788.764893 82.072701 -91.047134 789.681641 85.092186 -88.027641 780.620239 85.902939 -87.216888 783.449585 85.547844 -87.571991 786.460754 83.354950 -89.764885 778.808167 9.261568 -174.993805 771.195984 89.699501 -94.555870 788.764893 87.640472 -96.614906 789.681641 91.115616 -93.139763 786.460754 91.470711 -92.784660 783.449585 90.659958 -93.595413 780.620239 88.922722 -95.332649 778.808167 192.946808 -138.043106 766.148132 180.250809 -138.043106 766.420044 180.250809 -141.980118 766.420044 192.946808 -141.980118 766.148132 167.547058 -138.043106 766.757629 167.547058 -141.980118 766.757629 154.845215 -138.043106 767.160889 154.845215 -141.980118 767.160889 142.145615 -138.043106 767.629639 142.145615 -141.980118 767.629639 129.448608 -138.043106 768.164001 129.448608 -141.980118 768.164001 116.754539 -138.043106 768.763977 116.754539 -141.980118 768.763977 104.063736 -138.043106 769.429443 104.063736 -141.980118 769.429443 91.376534 -138.043106 770.160400 91.376534 -141.980118 770.160400 78.693275 -138.043106 770.956909 78.693275 -141.980118 770.956909 66.014305 -138.043106 771.818848 66.014305 -141.980118 771.818848 53.339947 -138.043106 772.746338 53.339947 -141.980118 772.746338 40.670551 -138.043106 773.739197 40.670551 -141.980118 773.739197 40.605202 -138.043106 767.834045 40.605202 -141.980118 767.834045 40.605202 14.298501 766.149536 36.668194 1.602500 766.421448 40.605202 1.602500 766.421448 36.668194 14.298501 766.149536 40.605202 -11.101256 766.759094 36.668194 -11.101256 766.759094 40.605202 -23.803101 767.162292 36.668194 -23.803101 767.162292 40.605202 -36.502693 767.631104 36.668194 -36.502693 767.631104 40.605202 -49.199696 768.165466 36.668194 -49.199696 768.165466 40.605202 -61.893768 768.765381 36.668194 -61.893768 768.765381 40.605202 -74.584572 769.430847 36.668194 -74.584572 769.430847 36.668194 -87.271774 770.161865 40.605202 -87.271774 770.161865 36.668194 -99.955032 770.958313 40.605202 -99.955032 770.958313 36.668194 -112.634010 771.820312 40.605202 -112.634010 771.820312 36.668194 -125.308365 772.747742 40.605202 -125.308365 772.747742 36.668194 -137.977753 773.740601 40.605202 -137.977753 773.740601 40.605202 -138.043106 767.835449 36.668194 -138.043106 767.835449 135.832153 159.324295 815.570496 88.081253 207.075195 787.123901 137.070709 158.085739 810.344421 86.842697 208.313751 792.349976 63.469284 231.687164 780.106201 62.986557 232.169891 783.492126 62.704941 232.451508 785.467468 140.564758 164.056900 815.570496 136.110535 159.602676 815.570496 140.843140 164.335281 815.570496 135.845139 159.868088 816.690369 140.299347 164.322296 816.690369 142.081711 163.096725 810.344421 91.853691 213.324738 792.349976 67.437546 237.184113 785.467468 91.575302 213.046356 792.349976 67.715935 237.462494 785.467468 87.121086 208.592133 792.349976 91.309898 213.311752 793.469849 62.819542 232.893677 786.616333 86.855682 208.857544 793.469849 67.273758 237.347900 786.616333 62.983330 232.729889 785.467468 68.480278 236.698151 780.106201 67.997551 237.180878 783.492126 93.092247 212.086182 787.123901 67.552147 237.626282 786.616333 4.625242 290.531189 777.217590 62.541153 232.615295 786.616333 9.636235 295.542206 777.217590 62.724331 232.432114 785.062988 3.932894 291.223541 771.197021 -14.672636 309.829071 778.401917 -14.945639 310.102081 775.719971 -9.661643 314.840088 778.401917 -9.934646 315.113068 775.719971 8.943887 296.234558 771.197021 67.735321 237.443115 785.062988 54.018833 251.159592 781.827942 15.667458 290.067749 762.071228 9.858707 284.740967 762.467651 15.426477 290.308746 762.467651 10.099688 284.499969 762.071228 15.073133 290.662079 762.621399 9.505363 285.094299 762.621399 14.777103 290.958099 762.508240 9.209333 285.390350 762.508240 14.716256 291.018951 762.484985 9.148486 285.451172 762.484985 14.465768 291.269440 762.100464 8.897998 285.701660 762.100464 14.215280 291.519928 761.715942 8.647510 285.952148 761.715942 13.858403 291.876801 761.579590 8.290633 286.309021 761.579590 13.505058 292.230164 761.733276 7.937288 286.662384 761.733276 13.264077 292.471130 762.129700 7.696308 286.903351 762.129700 13.209684 292.525513 762.646851 7.641914 286.957764 762.646851 12.597960 293.137238 761.634766 7.030190 287.569489 761.634766 11.663465 294.071747 761.473145 6.095695 288.503967 761.473145 11.280389 294.454834 761.860046 5.712619 288.887054 761.860046 10.897313 294.837891 762.246948 5.329543 289.270111 762.246948 10.702150 295.033051 763.549438 5.134381 289.465302 763.549438 11.180543 294.554657 764.696167 5.612773 288.986908 764.696167 10.817023 294.918182 764.601074 5.249253 289.350403 764.601074 10.473650 295.261566 764.794800 4.905879 289.693787 764.794800 10.256183 295.479034 765.217590 4.688413 289.911255 765.217590 10.231605 295.503601 765.739197 4.663835 289.935822 765.739197 10.407485 295.327728 766.199097 4.839715 289.759949 766.199097 5.081228 289.518433 766.677368 10.648997 295.086212 766.677368 5.158473 289.441193 767.175659 10.726243 295.008972 767.175659 5.028900 289.570770 767.651733 10.596670 295.138550 767.651733 4.735348 289.864319 767.948181 10.303118 295.432098 767.948181 9.942643 295.792572 767.967041 4.374873 290.224792 767.967041 9.634427 296.100769 767.702026 4.066657 290.533020 767.702026 15.721851 290.013367 761.554077 10.154081 284.445587 761.554077 9.222276 296.512939 771.197021 89.660210 216.074997 788.765930 87.601173 218.134033 789.682678 90.620667 215.114548 780.621338 91.431419 214.303787 783.450623 91.076317 214.658890 786.461853 88.883430 216.851776 778.809204 3.654505 290.945160 771.197021 84.092438 210.507233 788.765930 82.033409 212.566269 789.682678 85.508553 209.091125 786.461853 85.863647 208.736023 783.450623 85.052895 209.546768 780.621338 83.315659 211.284012 778.809204 40.605202 107.259918 766.149170 40.605202 119.955925 766.421082 36.668194 119.955925 766.421082 36.668194 107.259918 766.149170 40.605202 132.659683 766.758728 36.668194 132.659683 766.758728 40.605202 145.361526 767.161926 36.668194 145.361526 767.161926 40.605202 158.061111 767.630737 36.668194 158.061111 767.630737 40.605202 170.758118 768.165100 36.668194 170.758118 768.165100 40.605202 183.452194 768.765015 36.668194 183.452194 768.765015 40.605202 196.142990 769.430481 36.668194 196.142990 769.430481 40.605202 208.830200 770.161499 36.668194 208.830200 770.161499 40.605202 221.513458 770.957947 36.668194 221.513458 770.957947 40.605202 234.192429 771.819946 36.668194 234.192429 771.819946 40.605202 246.866791 772.747375 36.668194 246.866791 772.747375 40.605202 259.536194 773.740234 36.668194 259.536194 773.740234 40.605202 259.601532 767.835083 36.668194 259.601532 767.835083 192.946808 259.601532 766.150574 180.250809 263.538544 766.422546 180.250809 259.601532 766.422546 192.946808 263.538544 766.150574 167.547058 259.601532 766.760132 167.547058 263.538544 766.760132 154.845215 259.601532 767.163330 154.845215 263.538544 767.163330 142.145615 259.601532 767.632141 142.145615 263.538544 767.632141 129.448608 259.601532 768.166504 129.448608 263.538544 768.166504 116.754539 259.601532 768.766418 116.754539 263.538544 768.766418 104.063736 259.601532 769.431885 104.063736 263.538544 769.431885 91.376534 263.538544 770.162903 91.376534 259.601532 770.162903 78.693275 263.538544 770.959412 78.693275 259.601532 770.959412 66.014305 263.538544 771.821350 66.014305 259.601532 771.821350 53.339947 263.538544 772.748779 53.339947 259.601532 772.748779 40.670551 263.538544 773.741638 40.670551 259.601532 773.741638 40.605202 259.601532 767.836487 40.605202 263.538544 767.836487 425.409241 214.953217 785.092346 375.254517 213.440109 786.605469 425.409241 213.440109 786.605469 375.246124 214.953217 785.092346 257.147888 209.306259 787.912537 375.250854 208.649612 785.948792 375.254517 209.306259 786.605469 257.140625 208.649612 787.255920 77.480988 209.306259 789.900818 77.473724 208.649612 789.244202 257.108276 207.239319 784.332703 375.223267 207.793152 780.958496 375.234680 207.239319 783.025452 257.085419 207.793152 782.265869 77.441376 207.239319 786.321045 77.418503 207.793152 784.254211 77.401756 209.306259 782.741211 77.401756 213.440109 782.741211 77.395630 211.373184 782.187439 77.418503 214.953217 784.254211 77.441376 215.507050 786.321045 77.464249 214.953217 788.387817 77.464249 207.793152 788.387817 77.480988 213.440109 789.900818 77.487122 211.373184 790.454590 257.131165 207.793152 786.399475 375.246124 207.793152 785.092346 257.147888 213.440109 787.912537 257.131165 214.953217 786.399475 425.409241 211.373184 787.159302 375.257568 211.373184 787.159302 375.214874 209.306259 779.445435 257.068665 209.306259 780.752869 257.154022 211.373184 788.466309 375.223267 214.953217 780.958496 257.108276 215.507050 784.332703 375.234680 215.507050 783.025452 257.085419 214.953217 782.265869 425.409241 207.793152 785.092346 425.409241 208.649612 785.948792 375.214874 213.440109 779.445435 257.068665 213.440109 780.752869 425.409241 207.793152 780.958496 425.409241 207.239319 783.025452 425.409241 213.440109 779.445435 425.409241 209.306259 779.445435 425.409241 211.373184 778.891602 425.409241 214.953217 780.958496 425.409241 215.507050 783.025452 425.409241 209.306259 786.605469 257.062531 211.373184 780.199097 375.211823 211.373184 778.891602 425.409241 164.756363 814.094971 375.254517 163.243271 815.608093 425.409241 163.243271 815.608093 375.246124 164.756363 814.094971 257.147888 159.109406 816.915161 375.250854 158.452759 814.951416 375.254517 159.109406 815.608093 257.140625 158.452759 816.258545 105.359283 159.109406 818.594910 105.352013 158.452759 817.938293 257.108276 157.042480 813.335327 375.223267 157.596313 809.961121 375.234680 157.042480 812.028076 257.085419 157.596313 811.268494 105.319664 157.042480 815.015137 105.296791 157.596313 812.948303 105.280045 159.109406 811.435303 105.280045 163.243271 811.435303 105.273918 161.176331 810.881531 105.296791 164.756363 812.948303 105.319664 165.310196 815.015137 105.342537 164.756363 817.081909 105.342537 157.596313 817.081909 105.359283 163.243271 818.594910 105.365410 161.176331 819.148743 257.131165 157.596313 815.402100 375.246124 157.596313 814.094971 257.147888 163.243271 816.915161 257.131165 164.756363 815.402100 425.409241 161.176331 816.161926 375.257568 161.176331 816.161926 375.214874 159.109406 808.448059 257.068665 159.109406 809.755493 257.154022 161.176331 817.468933 375.223267 164.756363 809.961121 257.108276 165.310196 813.335327 375.234680 165.310196 812.028076 257.085419 164.756363 811.268494 425.409241 157.596313 814.094971 425.409241 158.452759 814.951416 375.214874 163.243271 808.448059 257.068665 163.243271 809.755493 425.409241 157.596313 809.961121 425.409241 157.042480 812.028076 425.409241 163.243271 808.448059 425.409241 159.109406 808.448059 425.409241 161.176331 807.894226 425.409241 164.756363 809.961121 425.409241 165.310196 812.028076 425.409241 159.109406 815.608093 257.062531 161.176331 809.201721 375.211823 161.176331 807.894226 425.409241 114.559509 849.790527 375.254517 113.046410 851.303650 425.409241 113.046410 851.303650 375.246124 114.559509 849.790527 257.147888 108.912552 852.610657 375.250854 108.255913 850.646973 375.254517 108.912552 851.303650 257.140625 108.255913 851.954041 105.754265 108.912552 854.286072 105.746994 108.255913 853.629517 257.108276 106.845627 849.030884 375.223267 107.399460 845.656677 375.234680 106.845627 847.723572 257.085419 107.399460 846.964050 105.714645 106.845627 850.706299 105.691772 107.399460 848.639465 105.675034 108.912552 847.126465 105.675034 113.046410 847.126465 105.668900 110.979485 846.572693 105.691772 114.559509 848.639465 105.714645 115.113342 850.706299 105.737518 114.559509 852.773071 105.737518 107.399460 852.773071 105.754265 113.046410 854.286072 105.760391 110.979485 854.839905 257.131165 107.399460 851.097656 375.246124 107.399460 849.790527 257.147888 113.046410 852.610657 257.131165 114.559509 851.097656 425.409241 110.979485 851.857483 375.257568 110.979485 851.857483 375.214874 108.912552 844.143555 257.068665 108.912552 845.451050 257.154022 110.979485 853.164490 375.223267 114.559509 845.656677 257.108276 115.113342 849.030884 375.234680 115.113342 847.723572 257.085419 114.559509 846.964050 425.409241 107.399460 849.790527 425.409241 108.255913 850.646973 375.214874 113.046410 844.143555 257.068665 113.046410 845.451050 425.409241 107.399460 845.656677 425.409241 106.845627 847.723572 425.409241 113.046410 844.143555 425.409241 108.912552 844.143555 425.409241 110.979485 843.589722 425.409241 114.559509 845.656677 425.409241 115.113342 847.723572 425.409241 108.912552 851.303650 257.062531 110.979485 844.897278 375.211823 110.979485 843.589722 425.409241 64.362663 896.640930 375.889465 62.849564 898.153992 425.409241 62.849564 898.153992 375.881073 64.362663 896.640930 257.782837 58.715706 899.461060 375.885803 58.059059 897.497375 375.889465 58.715706 898.153992 257.775574 58.059059 898.804443 106.272758 58.715706 901.137756 106.265488 58.059059 900.481140 257.743225 56.648777 895.881287 375.858215 57.202606 892.507080 375.869629 56.648777 894.573975 257.720367 57.202606 893.814453 106.233139 56.648777 897.557983 106.210266 57.202606 895.491150 106.193520 58.715706 893.978149 106.193520 62.849564 893.978149 106.187393 60.782635 893.424377 106.210266 64.362663 895.491150 106.233139 64.916489 897.557983 106.256012 64.362663 899.624756 106.256012 57.202606 899.624756 106.272758 62.849564 901.137756 106.278885 60.782635 901.691589 257.766113 57.202606 897.948059 375.881073 57.202606 896.640930 257.782837 62.849564 899.461060 257.766113 64.362663 897.948059 425.409241 60.782635 898.707825 375.892517 60.782635 898.707825 375.849823 58.715706 890.993958 257.703613 58.715706 892.301453 257.788971 60.782635 900.014893 375.858215 64.362663 892.507080 257.743225 64.916489 895.881287 375.869629 64.916489 894.573975 257.720367 64.362663 893.814453 425.409241 57.202606 896.640930 425.409241 58.059059 897.497375 375.849823 62.849564 890.993958 257.703613 62.849564 892.301453 425.409241 57.202606 892.507080 425.409241 56.648777 894.573975 425.409241 62.849564 890.993958 425.409241 58.715706 890.993958 425.409241 60.782635 890.440125 425.409241 64.362663 892.507080 425.409241 64.916489 894.573975 425.409241 58.715706 898.153992 257.697479 60.782635 891.747681 375.846771 60.782635 890.440125 425.409241 14.165810 849.790527 375.254517 12.652712 851.303650 425.409241 12.652712 851.303650 375.246124 14.165810 849.790527 257.147888 8.518854 852.610657 375.250854 7.862208 850.646973 375.254517 8.518854 851.303650 257.140625 7.862208 851.954041 105.754265 8.518854 854.286072 105.746994 7.862208 853.629517 257.108276 6.451925 849.030884 375.223267 7.005757 845.656677 375.234680 6.451925 847.723572 257.085419 7.005757 846.964050 105.714645 6.451925 850.706299 105.691772 7.005757 848.639465 105.675034 8.518854 847.126465 105.675034 12.652712 847.126465 105.668900 10.585783 846.572693 105.691772 14.165810 848.639465 105.714645 14.719642 850.706299 105.737518 14.165810 852.773071 105.737518 7.005757 852.773071 105.754265 12.652712 854.286072 105.760391 10.585783 854.839905 257.131165 7.005757 851.097656 375.246124 7.005757 849.790527 257.147888 12.652712 852.610657 257.131165 14.165810 851.097656 425.409241 10.585783 851.857483 375.257568 10.585783 851.857483 375.214874 8.518854 844.143555 257.068665 8.518854 845.451050 257.154022 10.585783 853.164490 375.223267 14.165810 845.656677 257.108276 14.719642 849.030884 375.234680 14.719642 847.723572 257.085419 14.165810 846.964050 425.409241 7.005757 849.790527 425.409241 7.862208 850.646973 375.214874 12.652712 844.143555 257.068665 12.652712 845.451050 425.409241 7.005757 845.656677 425.409241 6.451925 847.723572 425.409241 12.652712 844.143555 425.409241 8.518854 844.143555 425.409241 10.585783 843.589722 425.409241 14.165810 845.656677 425.409241 14.719642 847.723572 425.409241 8.518854 851.303650 257.062531 10.585783 844.897278 375.211823 10.585783 843.589722 425.409241 -36.031040 814.094971 375.254517 -37.544140 815.608093 425.409241 -37.544140 815.608093 375.246124 -36.031040 814.094971 257.147888 -41.677998 816.915161 375.250854 -42.334641 814.951416 375.254517 -41.677998 815.608093 257.140625 -42.334641 816.258545 105.359283 -41.677998 818.594910 105.352013 -42.334641 817.938293 257.108276 -43.744926 813.335327 375.223267 -43.191093 809.961121 375.234680 -43.744926 812.028076 257.085419 -43.191093 811.268494 105.319664 -43.744926 815.015137 105.296791 -43.191093 812.948303 105.280045 -41.677998 811.435303 105.280045 -37.544140 811.435303 105.273918 -39.611069 810.881531 105.296791 -36.031040 812.948303 105.319664 -35.477207 815.015137 105.342537 -36.031040 817.081909 105.342537 -43.191093 817.081909 105.359283 -37.544140 818.594910 105.365410 -39.611069 819.148743 257.131165 -43.191093 815.402100 375.246124 -43.191093 814.094971 257.147888 -37.544140 816.915161 257.131165 -36.031040 815.402100 425.409241 -39.611069 816.161926 375.257568 -39.611069 816.161926 375.214874 -41.677998 808.448059 257.068665 -41.677998 809.755493 257.154022 -39.611069 817.468933 375.223267 -36.031040 809.961121 257.108276 -35.477207 813.335327 375.234680 -35.477207 812.028076 257.085419 -36.031040 811.268494 425.409241 -43.191093 814.094971 425.409241 -42.334641 814.951416 375.214874 -37.544140 808.448059 257.068665 -37.544140 809.755493 425.409241 -43.191093 809.961121 425.409241 -43.744926 812.028076 425.409241 -37.544140 808.448059 425.409241 -41.677998 808.448059 425.409241 -39.611069 807.894226 425.409241 -36.031040 809.961121 425.409241 -35.477207 812.028076 425.409241 -41.677998 815.608093 257.062531 -39.611069 809.201721 375.211823 -39.611069 807.894226 425.409241 -86.227890 785.092346 375.254517 -87.740990 786.605469 425.409241 -87.740990 786.605469 375.246124 -86.227890 785.092346 257.147888 -91.874847 787.912537 375.250854 -92.531494 785.948792 375.254517 -91.874847 786.605469 257.140625 -92.531494 787.255920 77.480988 -91.874847 789.900818 77.473724 -92.531494 789.244202 257.108276 -93.941772 784.332703 375.223267 -93.387947 780.958496 375.234680 -93.941772 783.025452 257.085419 -93.387947 782.265869 77.441376 -93.941772 786.321045 77.418503 -93.387947 784.254211 77.401756 -91.874847 782.741211 77.401756 -87.740990 782.741211 77.395630 -89.807915 782.187439 77.418503 -86.227890 784.254211 77.441376 -85.674057 786.321045 77.464249 -86.227890 788.387817 77.464249 -93.387947 788.387817 77.480988 -87.740990 789.900818 77.487122 -89.807915 790.454590 257.131165 -93.387947 786.399475 375.246124 -93.387947 785.092346 257.147888 -87.740990 787.912537 257.131165 -86.227890 786.399475 425.409241 -89.807915 787.159302 375.257568 -89.807915 787.159302 375.214874 -91.874847 779.445435 257.068665 -91.874847 780.752869 257.154022 -89.807915 788.466309 375.223267 -86.227890 780.958496 257.108276 -85.674057 784.332703 375.234680 -85.674057 783.025452 257.085419 -86.227890 782.265869 425.409241 -93.387947 785.092346 425.409241 -92.531494 785.948792 375.214874 -87.740990 779.445435 257.068665 -87.740990 780.752869 425.409241 -93.387947 780.958496 425.409241 -93.941772 783.025452 425.409241 -87.740990 779.445435 425.409241 -91.874847 779.445435 425.409241 -89.807915 778.891602 425.409241 -86.227890 780.958496 425.409241 -85.674057 783.025452 425.409241 -91.874847 786.605469 257.062531 -89.807915 780.199097 375.211823 -89.807915 778.891602 92.413574 -101.177216 788.387817 92.413574 -101.222961 784.254211 92.967407 -101.200089 786.321045 90.900475 -101.160477 789.900818 90.900475 -101.239708 782.741211 88.833549 -101.154343 790.454590 88.833549 -101.245834 782.187439 86.766617 -101.160477 789.900818 86.766617 -101.239708 782.741211 86.109970 -101.167740 789.244202 85.253517 -101.222961 784.254211 85.253517 -101.177216 788.387817 84.699692 -101.200089 786.321045 88.833549 60.847340 780.393555 86.766617 60.847340 780.947449 92.413574 60.847340 782.460632 90.900475 60.847340 780.947449 84.699692 60.847340 784.527710 85.253517 60.847340 782.460632 86.109970 60.847340 787.451233 85.253517 60.847340 786.594727 90.900475 60.847340 788.107910 88.833549 60.847340 788.661804 92.967407 60.847340 784.527710 86.766617 60.847340 788.107910 92.413574 60.847340 786.594727 90.900475 222.934387 782.741211 88.833549 222.940521 782.187439 86.766617 222.934387 782.741211 85.253517 222.917648 784.254211 85.253517 222.871902 788.387817 86.109970 222.862427 789.244202 90.900475 222.855148 789.900818 88.833549 222.849030 790.454590 86.766617 222.855148 789.900818 84.699692 222.894775 786.321045 92.413574 222.917648 784.254211 92.413574 222.871902 788.387817 92.967407 222.894775 786.321045 86.896645 54.767204 787.944763 90.833649 67.463203 788.216675 86.896645 67.463203 788.216675 90.833649 54.767204 787.944763 86.896645 80.166962 788.554321 90.833649 80.166962 788.554321 86.896645 92.868805 788.957520 90.833649 92.868805 788.957520 86.896645 105.568398 789.426331 90.833649 105.568398 789.426331 86.896645 118.265404 789.960693 90.833649 118.265404 789.960693 86.896645 130.959473 790.560608 90.833649 130.959473 790.560608 86.896645 143.650284 791.226074 90.833649 143.650284 791.226074 90.833649 156.337479 791.957092 86.896645 156.337479 791.957092 90.833649 169.020737 792.753540 86.896645 169.020737 792.753540 90.833649 181.699707 793.615540 86.896645 181.699707 793.615540 90.833649 194.374069 794.542969 86.896645 194.374069 794.542969 90.833649 207.043472 795.535828 86.896645 207.043472 795.535828 86.896645 207.108810 789.630676 90.833649 207.108810 789.630676 86.896645 66.927475 787.944763 86.896645 54.231472 788.216675 90.833649 54.231472 788.216675 90.833649 66.927475 787.944763 86.896645 41.527718 788.554321 90.833649 41.527718 788.554321 86.896645 28.825874 788.957520 90.833649 28.825874 788.957520 86.896645 16.126282 789.426331 90.833649 16.126282 789.426331 86.896645 3.429280 789.960693 90.833649 3.429280 789.960693 86.896645 -9.264793 790.560608 90.833649 -9.264793 790.560608 86.896645 -21.955601 791.226074 90.833649 -21.955601 791.226074 86.896645 -34.642799 791.957092 90.833649 -34.642799 791.957092 86.896645 -47.326057 792.753540 90.833649 -47.326057 792.753540 86.896645 -60.005032 793.615540 90.833649 -60.005032 793.615540 86.896645 -72.679390 794.542969 90.833649 -72.679390 794.542969 86.896645 -85.348785 795.535828 90.833649 -85.348785 795.535828 86.896645 -85.414139 789.630676 90.833649 -85.414139 789.630676 245.568939 209.436279 787.944763 232.872940 213.373291 788.216675 232.872940 209.436279 788.216675 245.568939 213.373291 787.944763 220.169174 209.436279 788.554321 220.169174 213.373291 788.554321 207.467331 209.436279 788.957520 207.467331 213.373291 788.957520 194.767746 209.436279 789.426331 194.767746 213.373291 789.426331 182.070740 209.436279 789.960693 182.070740 213.373291 789.960693 169.376678 209.436279 790.560608 169.376678 213.373291 790.560608 156.685867 209.436279 791.226074 156.685867 213.373291 791.226074 143.998657 213.373291 791.957092 143.998657 209.436279 791.957092 131.315399 213.373291 792.753540 131.315399 209.436279 792.753540 118.636429 213.373291 793.615540 118.636429 209.436279 793.615540 105.962074 213.373291 794.542969 105.962074 209.436279 794.542969 93.292679 213.373291 795.535828 93.292679 209.436279 795.535828 93.227325 209.436279 789.630676 93.227325 213.373291 789.630676 257.700897 159.239426 816.943848 245.004883 163.176437 817.215759 245.004883 159.239426 817.215759 257.700897 163.176437 816.943848 232.301132 159.239426 817.553406 232.301132 163.176437 817.553406 219.599289 159.239426 817.956604 219.599289 163.176437 817.956604 206.899689 159.239426 818.425415 206.899689 163.176437 818.425415 194.202698 159.239426 818.959778 194.202698 163.176437 818.959778 181.508621 159.239426 819.559692 181.508621 163.176437 819.559692 168.817810 159.239426 820.225159 168.817810 163.176437 820.225159 156.130615 163.176437 820.956177 156.130615 159.239426 820.956177 143.447357 163.176437 821.752625 143.447357 159.239426 821.752625 130.768372 163.176437 822.614624 130.768372 159.239426 822.614624 118.094025 163.176437 823.542053 118.094025 159.239426 823.542053 105.424629 163.176437 824.534912 105.424629 159.239426 824.534912 105.359276 159.239426 818.629761 105.359276 163.176437 818.629761 258.095856 109.042580 852.635010 245.399872 112.979591 852.906921 245.399872 109.042580 852.906921 258.095856 112.979591 852.635010 232.696106 109.042580 853.244568 232.696106 112.979591 853.244568 219.994263 109.042580 853.647766 219.994263 112.979591 853.647766 207.294678 109.042580 854.116577 207.294678 112.979591 854.116577 194.597672 109.042580 854.650940 194.597672 112.979591 854.650940 181.903595 109.042580 855.250854 181.903595 112.979591 855.250854 169.212799 109.042580 855.916321 169.212799 112.979591 855.916321 156.525589 112.979591 856.647339 156.525589 109.042580 856.647339 143.842331 112.979591 857.443787 143.842331 109.042580 857.443787 131.163361 112.979591 858.305786 131.163361 109.042580 858.305786 118.489006 112.979591 859.233215 118.489006 109.042580 859.233215 105.819611 112.979591 860.226074 105.819611 109.042580 860.226074 105.754257 109.042580 854.320923 105.754257 112.979591 854.320923 258.614349 58.845730 899.486694 245.918365 62.782738 899.758606 245.918365 58.845730 899.758606 258.614349 62.782738 899.486694 233.214600 58.845730 900.096252 233.214600 62.782738 900.096252 220.512756 58.845730 900.499451 220.512756 62.782738 900.499451 207.813171 58.845730 900.968262 207.813171 62.782738 900.968262 195.116165 58.845730 901.502625 195.116165 62.782738 901.502625 182.422089 58.845730 902.102539 182.422089 62.782738 902.102539 169.731293 58.845730 902.768005 169.731293 62.782738 902.768005 157.044083 62.782738 903.499023 157.044083 58.845730 903.499023 144.360825 62.782738 904.295471 144.360825 58.845730 904.295471 131.681854 62.782738 905.157471 131.681854 58.845730 905.157471 119.007500 62.782738 906.084900 119.007500 58.845730 906.084900 106.338097 62.782738 907.077759 106.338097 58.845730 907.077759 106.272751 58.845730 901.172607 106.272751 62.782738 901.172607 258.095856 8.648881 852.635010 245.399872 12.585889 852.906921 245.399872 8.648881 852.906921 258.095856 12.585889 852.635010 232.696106 8.648881 853.244568 232.696106 12.585889 853.244568 219.994263 8.648881 853.647766 219.994263 12.585889 853.647766 207.294678 8.648881 854.116577 207.294678 12.585889 854.116577 194.597672 8.648881 854.650940 194.597672 12.585889 854.650940 181.903595 8.648881 855.250854 181.903595 12.585889 855.250854 169.212799 8.648881 855.916321 169.212799 12.585889 855.916321 156.525589 12.585889 856.647339 156.525589 8.648881 856.647339 143.842331 12.585889 857.443787 143.842331 8.648881 857.443787 131.163361 12.585889 858.305786 131.163361 8.648881 858.305786 118.489006 12.585889 859.233215 118.489006 8.648881 859.233215 105.819611 12.585889 860.226074 105.819611 8.648881 860.226074 105.754257 8.648881 854.320923 105.754257 12.585889 854.320923 257.700897 -41.547970 816.943848 245.004883 -37.610962 817.215759 245.004883 -41.547970 817.215759 257.700897 -37.610962 816.943848 232.301132 -41.547970 817.553406 232.301132 -37.610962 817.553406 219.599289 -41.547970 817.956604 219.599289 -37.610962 817.956604 206.899689 -41.547970 818.425415 206.899689 -37.610962 818.425415 194.202698 -41.547970 818.959778 194.202698 -37.610962 818.959778 181.508621 -41.547970 819.559692 181.508621 -37.610962 819.559692 168.817810 -41.547970 820.225159 168.817810 -37.610962 820.225159 156.130615 -37.610962 820.956177 156.130615 -41.547970 820.956177 143.447357 -37.610962 821.752625 143.447357 -41.547970 821.752625 130.768372 -37.610962 822.614624 130.768372 -41.547970 822.614624 118.094025 -37.610962 823.542053 118.094025 -41.547970 823.542053 105.424629 -37.610962 824.534912 105.424629 -41.547970 824.534912 105.359276 -41.547970 818.629761 105.359276 -37.610962 818.629761 245.569656 -91.744820 788.075500 232.873657 -87.807816 788.347412 232.873657 -91.744820 788.347412 245.569656 -87.807816 788.075500 220.169907 -91.744820 788.684998 220.169907 -87.807816 788.684998 207.468063 -91.744820 789.088257 207.468063 -87.807816 789.088257 194.768463 -91.744820 789.557007 194.768463 -87.807816 789.557007 182.071472 -91.744820 790.091370 182.071472 -87.807816 790.091370 169.377396 -91.744820 790.691345 169.377396 -87.807816 790.691345 156.686584 -91.744820 791.356812 156.686584 -87.807816 791.356812 143.999390 -87.807816 792.087769 143.999390 -91.744820 792.087769 131.316132 -87.807816 792.884277 131.316132 -91.744820 792.884277 118.637154 -87.807816 793.746216 118.637154 -91.744820 793.746216 105.962799 -87.807816 794.673645 105.962799 -91.744820 794.673645 93.293404 -87.807816 795.666565 93.293404 -91.744820 795.666565 93.228050 -91.744820 789.761414 93.228050 -87.807816 789.761414 24.873327 263.538544 768.010620 24.764067 263.538544 758.137634 24.764067 259.601532 758.137634 24.889183 259.601532 769.443359 257.023438 259.601532 755.567322 360.290253 259.601532 754.258728 360.290253 259.601532 764.133118 360.290253 259.601532 765.566040 257.157654 259.601532 766.872925 139.046249 259.601532 768.180054 138.921143 259.601532 756.874329 360.308380 259.601532 765.565857 360.290253 263.538544 754.258728 374.660309 260.388947 754.258728 373.282379 259.995239 754.258728 374.660309 259.995239 754.258728 373.282379 259.601532 754.258728 375.841431 259.995239 754.258728 375.890625 260.388947 754.258728 377.219360 259.995239 754.258728 425.409241 263.538544 754.258728 425.409241 259.601532 754.258728 377.219360 259.601532 754.258728 257.023438 263.538544 755.567322 360.290253 263.538544 764.133118 377.219360 259.601532 760.164246 425.409241 259.601532 760.164246 425.409241 259.601532 765.566040 373.282379 259.601532 760.164246 257.140625 263.538544 765.440186 139.030396 263.538544 766.747253 138.921143 263.538544 756.874329 374.660309 259.995239 760.164246 374.660309 260.388947 760.164246 375.890625 260.388947 760.164246 375.841431 259.995239 760.164246 377.219360 259.995239 760.164246 373.282379 259.995239 760.164246 425.409241 263.538544 764.133118 24.873327 -141.973267 768.010620 24.764067 -138.036270 758.137634 24.764067 -141.973267 758.137634 24.889183 -138.036270 769.443359 257.023438 -138.036270 755.567322 360.290253 -138.036270 764.133118 360.290253 -138.036270 754.258728 360.290253 -138.036270 765.566040 257.157654 -138.036270 766.872925 139.046249 -138.036270 768.180054 138.921143 -138.036270 756.874329 360.308380 -138.036270 765.565857 374.660309 -138.823669 754.258728 360.290253 -141.973267 754.258728 373.282379 -138.429962 754.258728 374.660309 -138.429962 754.258728 373.282379 -138.036270 754.258728 375.841431 -138.429962 754.258728 377.219360 -138.429962 754.258728 375.890625 -138.823669 754.258728 425.409241 -138.036270 754.258728 425.409241 -141.973267 754.258728 377.219360 -138.036270 754.258728 257.023438 -141.973267 755.567322 360.290253 -141.973267 764.133118 377.219360 -138.036270 760.164246 425.409241 -138.036270 765.566040 425.409241 -138.036270 760.164246 373.282379 -138.036270 760.164246 257.140625 -141.973267 765.440186 139.030396 -141.973267 766.747253 138.921143 -141.973267 756.874329 374.660309 -138.429962 760.164246 375.890625 -138.823669 760.164246 374.660309 -138.823669 760.164246 375.841431 -138.429962 760.164246 377.219360 -138.429962 760.164246 373.282379 -138.429962 760.164246 425.409241 -141.973267 764.133118 "
							            />
						</IndexedFaceSet>
					</Shape>
				</Group>
			</Transform>
		</Transform>
	</Scene>
</X3D>