<?xml version="1.0" encoding="UTF-8"?>
<!DOCTYPE X3D PUBLIC "ISO//Web3D//DTD X3D 3.0//EN" "http://www.web3d.org/specifications/x3d-3.0.dtd">
<X3D version="3.0" profile="Immersive" xmlns:xsd="http://www.w3.org/2001/XMLSchema-instance" xsd:noNamespaceSchemaLocation="http://www.web3d.org/specifications/x3d-3.0.xsd">
	<head>
		<meta name="filename" content="26.x3d" />
		<meta name="created" content="2026-06-21 15:09:41" />
		<meta name="generator" content="Blender 4.5.4 LTS" />
		<meta name="translator" content="Web3D X3D/VRML2 format v2.5.1" />
	</head>
	<Scene>
		<NavigationInfo headlight="true"
		                visibilityLimit="0.0"
		                type='"EXAMINE", "ANY"'
		                avatarSize="0.25, 1.75, 0.75"
		                />
		<Background DEF="WO_World"
		            groundColor="0.051 0.051 0.051"
		            skyColor="0.051 0.051 0.051"
		            />
		<Transform DEF="_26_TRANSFORM"
		           translation="0.000000 0.000000 0.000000"
		           scale="1.000000 1.000000 1.000000"
		           rotation="0.000000 0.707107 0.707107 3.141593"
		           >
			<Transform DEF="_26_ifs_TRANSFORM"
			           translation="0.000000 0.000000 0.000000"
			           scale="1.000000 1.000000 1.000000"
			           rotation="0.000000 1.000000 0.000000 0.000000"
			           >
				<Group DEF="group_ME_26_001">
					<Shape>
						<Appearance>
						</Appearance>
						<IndexedFaceSet solid="false"
						                coordIndex="0 1 2 -1 2 3 0 -1 4 5 6 -1 6 7 4 -1 0 7 6 -1 6 1 0 -1 2 1 6 -1 6 5 2 -1 4 7 0 -1 0 3 4 -1 2 5 4 -1 4 3 2 -1 8 9 10 -1 10 11 8 -1 10 12 11 -1 12 13 11 -1 13 14 11 -1 15 10 9 -1 16 17 18 -1 18 19 16 -1 14 20 21 -1 21 22 14 -1 22 23 14 -1 23 24 14 -1 24 11 14 -1 24 25 11 -1 25 26 11 -1 27 28 29 -1 29 30 27 -1 30 26 27 -1 30 11 26 -1 31 32 33 -1 33 34 31 -1 33 17 34 -1 33 18 17 -1 16 35 36 -1 36 13 12 -1 12 16 36 -1 12 17 16 -1 12 34 17 -1 10 15 37 -1 37 38 10 -1 38 31 10 -1 31 38 39 -1 39 32 31 -1 31 34 12 -1 12 10 31 -1 40 41 42 -1 42 43 40 -1 8 11 30 -1 30 44 8 -1 30 41 44 -1 30 42 41 -1 45 46 47 -1 47 44 45 -1 47 48 44 -1 48 49 44 -1 50 51 52 -1 52 53 50 -1 53 54 50 -1 54 9 50 -1 9 8 50 -1 8 49 50 -1 8 44 49 -1 39 55 33 -1 33 32 39 -1 55 19 18 -1 18 33 55 -1 26 56 57 -1 57 27 26 -1 26 25 58 -1 58 56 26 -1 24 59 58 -1 58 25 24 -1 58 59 57 -1 57 56 58 -1 60 50 49 -1 49 61 60 -1 62 61 49 -1 49 48 62 -1 62 48 47 -1 47 63 62 -1 62 63 60 -1 60 61 62 -1 23 51 50 -1 50 60 23 -1 60 59 23 -1 59 24 23 -1 57 59 60 -1 60 63 57 -1 63 47 46 -1 46 28 63 -1 28 57 63 -1 28 27 57 -1 36 35 38 -1 38 37 36 -1 19 55 39 -1 39 16 19 -1 39 38 16 -1 38 35 16 -1 21 20 54 -1 54 53 21 -1 20 14 13 -1 13 15 20 -1 15 9 20 -1 9 54 20 -1 13 36 37 -1 37 15 13 -1 23 22 52 -1 52 51 23 -1 29 64 42 -1 42 30 29 -1 42 64 65 -1 65 43 42 -1 66 45 44 -1 44 41 66 -1 40 67 66 -1 66 41 40 -1 22 21 53 -1 53 52 22 -1 65 67 40 -1 40 43 65 -1 65 64 66 -1 66 67 65 -1 29 28 46 -1 46 45 29 -1 45 64 29 -1 45 66 64 -1 68 69 70 -1 70 71 68 -1 72 73 74 -1 74 75 72 -1 76 77 71 -1 71 70 76 -1 70 78 76 -1 70 79 78 -1 68 80 81 -1 81 69 68 -1 81 82 69 -1 82 83 69 -1 76 84 85 -1 85 77 76 -1 86 83 82 -1 82 87 86 -1 88 89 80 -1 80 68 88 -1 78 90 84 -1 84 76 78 -1 91 81 80 -1 80 89 91 -1 89 92 91 -1 77 85 93 -1 93 71 77 -1 94 93 85 -1 85 84 94 -1 95 96 97 -1 97 70 95 -1 70 69 95 -1 69 83 95 -1 83 86 95 -1 79 70 97 -1 86 98 99 -1 99 95 86 -1 99 100 95 -1 98 101 102 -1 102 99 98 -1 101 103 102 -1 104 73 72 -1 72 105 104 -1 106 107 103 -1 103 101 106 -1 108 97 109 -1 109 110 108 -1 109 111 110 -1 97 96 112 -1 112 109 97 -1 96 113 112 -1 103 107 74 -1 104 111 109 -1 109 73 104 -1 109 102 73 -1 102 74 73 -1 102 103 74 -1 99 112 113 -1 113 100 99 -1 110 111 104 -1 104 105 110 -1 87 92 114 -1 114 115 87 -1 86 87 115 -1 115 98 86 -1 87 82 81 -1 81 91 87 -1 91 92 87 -1 75 74 107 -1 107 106 75 -1 116 108 98 -1 98 115 116 -1 108 116 90 -1 90 97 108 -1 109 112 99 -1 99 102 109 -1 92 89 88 -1 88 114 92 -1 94 116 115 -1 115 114 94 -1 108 110 72 -1 72 98 108 -1 72 75 98 -1 75 106 98 -1 106 101 98 -1 105 72 110 -1 93 94 114 -1 114 71 93 -1 114 68 71 -1 114 88 68 -1 79 97 90 -1 90 78 79 -1 116 94 84 -1 84 90 116 -1 113 96 95 -1 95 100 113 -1 117 118 119 -1 119 120 117 -1 121 122 119 -1 119 123 121 -1 119 118 123 -1 118 124 123 -1 120 125 126 -1 126 127 120 -1 127 117 120 -1 127 128 117 -1 121 129 130 -1 130 122 121 -1 131 128 127 -1 127 132 131 -1 133 134 125 -1 125 120 133 -1 123 135 129 -1 129 121 123 -1 136 126 125 -1 125 134 136 -1 134 137 136 -1 119 122 130 -1 130 138 119 -1 139 138 130 -1 130 129 139 -1 140 141 142 -1 142 143 118 -1 118 117 142 -1 117 128 142 -1 128 131 142 -1 131 140 142 -1 144 145 146 -1 146 143 144 -1 146 124 143 -1 124 118 143 -1 131 147 148 -1 148 140 131 -1 148 149 140 -1 147 150 151 -1 151 148 147 -1 150 152 151 -1 153 154 155 -1 155 156 157 -1 157 158 155 -1 158 153 155 -1 159 160 152 -1 152 150 159 -1 161 146 162 -1 162 163 161 -1 162 164 163 -1 146 145 165 -1 165 162 146 -1 145 166 165 -1 152 160 167 -1 153 164 162 -1 162 154 153 -1 162 151 154 -1 151 167 154 -1 151 152 167 -1 168 169 166 -1 165 166 169 -1 169 148 165 -1 169 170 148 -1 170 171 148 -1 171 149 148 -1 144 143 172 -1 172 173 144 -1 173 169 144 -1 169 168 144 -1 157 156 174 -1 174 175 157 -1 163 164 153 -1 153 158 163 -1 132 137 176 -1 176 177 132 -1 131 132 177 -1 177 147 131 -1 132 127 126 -1 126 136 132 -1 136 137 132 -1 166 145 144 -1 144 168 166 -1 155 154 167 -1 167 178 155 -1 159 175 174 -1 174 178 159 -1 178 167 159 -1 167 160 159 -1 174 156 155 -1 155 178 174 -1 179 161 147 -1 147 177 179 -1 161 179 135 -1 135 146 161 -1 162 165 148 -1 148 151 162 -1 137 134 133 -1 133 176 137 -1 139 179 177 -1 177 176 139 -1 171 141 140 -1 140 149 171 -1 161 163 157 -1 157 147 161 -1 157 175 147 -1 175 159 147 -1 159 150 147 -1 158 157 163 -1 138 139 176 -1 176 119 138 -1 176 120 119 -1 176 133 120 -1 124 146 135 -1 135 123 124 -1 179 139 129 -1 129 135 179 -1 171 170 180 -1 180 181 142 -1 142 141 180 -1 141 171 180 -1 180 173 172 -1 172 181 180 -1 169 173 180 -1 180 170 169 -1 172 143 142 -1 142 181 172 -1 182 183 184 -1 184 185 182 -1 186 187 188 -1 188 189 186 -1 188 190 191 -1 191 189 188 -1 191 190 182 -1 182 185 191 -1 192 193 194 -1 194 195 192 -1 195 196 192 -1 196 197 192 -1 197 198 192 -1 198 188 192 -1 188 187 192 -1 198 199 200 -1 200 201 198 -1 201 202 198 -1 202 190 198 -1 190 188 198 -1 202 182 190 -1 202 183 182 -1 196 203 204 -1 204 197 196 -1 201 200 205 -1 206 203 196 -1 196 207 206 -1 208 195 194 -1 194 209 208 -1 210 211 198 -1 198 197 210 -1 199 198 211 -1 211 212 199 -1 212 213 200 -1 200 199 212 -1 214 215 202 -1 202 201 214 -1 201 205 214 -1 205 216 214 -1 214 216 200 -1 200 213 214 -1 184 183 202 -1 202 215 184 -1 200 216 205 -1 217 209 194 -1 194 218 217 -1 218 194 193 -1 193 219 218 -1 219 220 218 -1 219 221 220 -1 208 207 196 -1 196 195 208 -1 206 222 204 -1 204 203 206 -1 210 197 204 -1 204 222 210 -1 67 66 64 -1 64 65 67 -1 192 187 186 -1 186 66 192 -1 186 223 66 -1 223 64 66 -1 210 222 206 -1 206 207 210 -1 207 208 210 -1 215 214 213 -1 213 212 215 -1 212 211 215 -1 211 210 215 -1 210 191 215 -1 191 185 215 -1 185 184 215 -1 208 209 217 -1 217 223 208 -1 223 210 208 -1 223 189 210 -1 189 191 210 -1 223 186 189 -1 219 193 192 -1 192 66 219 -1 67 221 219 -1 219 66 67 -1 218 220 65 -1 65 64 218 -1 217 218 64 -1 64 223 217 -1 220 221 67 -1 67 65 220 -1 224 225 226 -1 226 227 224 -1 226 228 227 -1 228 229 227 -1 229 230 227 -1 231 226 225 -1 232 233 234 -1 235 236 234 -1 234 233 235 -1 236 237 234 -1 236 238 237 -1 236 239 238 -1 238 229 228 -1 228 237 238 -1 230 240 241 -1 241 242 230 -1 241 181 242 -1 181 180 242 -1 180 170 242 -1 242 243 230 -1 243 227 230 -1 244 245 246 -1 246 247 244 -1 247 248 244 -1 248 249 244 -1 249 250 244 -1 170 251 245 -1 245 242 170 -1 251 246 245 -1 252 253 254 -1 254 236 252 -1 236 235 252 -1 226 234 237 -1 237 228 226 -1 173 172 255 -1 256 169 173 -1 173 257 256 -1 173 258 257 -1 257 259 256 -1 257 260 259 -1 260 261 259 -1 260 262 261 -1 260 263 262 -1 260 264 263 -1 255 265 225 -1 225 266 255 -1 266 173 255 -1 266 258 173 -1 225 267 266 -1 225 224 267 -1 224 227 243 -1 243 267 224 -1 254 239 236 -1 226 231 232 -1 232 234 226 -1 235 233 268 -1 268 252 235 -1 240 265 255 -1 255 241 240 -1 254 253 268 -1 268 239 254 -1 268 232 239 -1 268 233 232 -1 232 238 239 -1 232 231 238 -1 231 229 238 -1 240 230 229 -1 229 265 240 -1 231 225 265 -1 265 229 231 -1 269 270 271 -1 271 272 269 -1 260 257 272 -1 272 244 260 -1 272 273 244 -1 273 274 244 -1 274 245 244 -1 269 272 257 -1 252 268 253 -1 274 275 242 -1 242 245 274 -1 258 266 270 -1 270 269 258 -1 269 257 258 -1 272 271 276 -1 276 273 272 -1 264 260 244 -1 244 250 264 -1 242 275 276 -1 267 243 271 -1 271 266 267 -1 271 270 266 -1 243 276 271 -1 243 242 276 -1 276 275 274 -1 274 273 276 -1 181 241 255 -1 255 172 181 -1 249 263 264 -1 264 250 249 -1 248 262 263 -1 263 249 248 -1 247 261 262 -1 262 248 247 -1 246 259 261 -1 261 247 246 -1 178 167 154 -1 154 155 178 -1 178 155 156 -1 156 174 178 -1 170 180 173 -1 173 169 170 -1 181 172 173 -1 173 180 181 -1 169 256 277 -1 277 170 169 -1 277 278 170 -1 278 279 170 -1 279 251 170 -1 280 277 256 -1 281 282 283 -1 284 285 154 -1 154 286 284 -1 154 167 286 -1 167 283 286 -1 167 281 283 -1 283 278 277 -1 277 286 283 -1 287 174 156 -1 156 288 287 -1 288 289 287 -1 284 286 277 -1 277 280 284 -1 279 278 283 -1 283 282 279 -1 281 167 178 -1 174 287 290 -1 290 178 174 -1 290 291 178 -1 291 281 178 -1 290 287 289 -1 289 292 290 -1 289 288 293 -1 293 292 289 -1 291 290 292 -1 292 294 291 -1 292 293 295 -1 295 294 292 -1 293 288 156 -1 156 155 293 -1 155 295 293 -1 155 154 285 -1 285 295 155 -1 294 295 291 -1 295 285 284 -1 284 282 295 -1 282 281 295 -1 281 291 295 -1 280 256 279 -1 279 282 280 -1 282 284 280 -1 256 259 246 -1 246 251 256 -1 251 279 256 -1 296 297 298 -1 298 299 296 -1 300 298 297 -1 297 301 300 -1 296 299 302 -1 303 304 305 -1 306 307 302 -1 302 299 306 -1 307 305 302 -1 307 303 305 -1 308 309 302 -1 302 305 308 -1 310 311 312 -1 312 313 310 -1 314 315 316 -1 316 317 314 -1 316 318 317 -1 317 319 314 -1 317 320 319 -1 320 301 319 -1 320 321 322 -1 322 301 320 -1 323 324 325 -1 325 316 323 -1 325 326 316 -1 326 318 316 -1 327 300 301 -1 301 328 327 -1 301 322 328 -1 328 329 327 -1 329 328 330 -1 330 331 329 -1 332 333 334 -1 334 335 332 -1 334 336 335 -1 336 337 335 -1 337 338 335 -1 339 311 310 -1 310 340 339 -1 340 341 339 -1 340 342 341 -1 340 343 342 -1 343 344 342 -1 343 345 344 -1 343 346 345 -1 344 333 342 -1 333 332 342 -1 346 347 345 -1 346 348 347 -1 348 349 347 -1 348 318 349 -1 318 350 349 -1 318 351 350 -1 318 326 351 -1 352 353 354 -1 354 355 352 -1 354 356 355 -1 356 357 355 -1 356 358 357 -1 358 359 357 -1 358 360 359 -1 360 361 359 -1 360 362 361 -1 362 363 361 -1 362 364 363 -1 364 365 363 -1 364 325 365 -1 325 324 365 -1 353 352 334 -1 334 333 353 -1 366 367 368 -1 368 369 366 -1 369 370 366 -1 369 371 370 -1 371 372 370 -1 371 373 372 -1 373 374 372 -1 373 375 374 -1 375 376 374 -1 375 377 376 -1 377 378 376 -1 377 379 378 -1 379 316 378 -1 379 323 316 -1 380 381 368 -1 368 367 380 -1 382 313 312 -1 312 383 382 -1 383 384 382 -1 384 385 382 -1 314 386 387 -1 387 388 314 -1 388 389 314 -1 389 390 314 -1 390 391 314 -1 391 315 314 -1 387 392 382 -1 382 393 387 -1 382 394 393 -1 382 385 394 -1 385 380 394 -1 385 395 380 -1 393 388 387 -1 395 396 381 -1 381 380 395 -1 396 397 381 -1 396 398 397 -1 396 399 398 -1 303 400 401 -1 401 304 303 -1 321 320 401 -1 401 400 321 -1 348 346 402 -1 402 403 348 -1 403 317 318 -1 318 348 403 -1 392 387 309 -1 309 343 392 -1 309 308 343 -1 308 346 343 -1 346 308 402 -1 404 309 387 -1 404 387 386 -1 386 405 404 -1 405 386 314 -1 314 319 405 -1 340 382 392 -1 392 343 340 -1 406 307 306 -1 306 407 406 -1 296 302 309 -1 309 405 296 -1 405 297 296 -1 405 319 297 -1 319 301 297 -1 404 405 309 -1 335 396 395 -1 395 332 335 -1 408 409 410 -1 410 411 408 -1 412 413 331 -1 331 330 412 -1 414 415 416 -1 416 417 414 -1 372 388 393 -1 393 370 372 -1 408 418 419 -1 419 409 408 -1 419 420 409 -1 419 421 420 -1 410 422 423 -1 423 411 410 -1 424 425 426 -1 426 427 424 -1 414 424 427 -1 427 415 414 -1 425 428 429 -1 429 426 425 -1 428 430 431 -1 431 429 428 -1 370 393 394 -1 394 366 370 -1 376 390 389 -1 389 374 376 -1 421 416 432 -1 432 433 421 -1 433 434 421 -1 434 420 421 -1 426 429 431 -1 431 407 426 -1 407 427 426 -1 407 415 427 -1 407 306 415 -1 306 435 415 -1 306 436 435 -1 306 437 436 -1 306 299 437 -1 435 416 415 -1 435 432 416 -1 299 438 437 -1 299 298 438 -1 298 300 438 -1 300 439 438 -1 300 440 439 -1 300 441 440 -1 300 327 441 -1 389 388 372 -1 372 374 389 -1 315 391 378 -1 378 316 315 -1 378 391 390 -1 390 376 378 -1 422 413 412 -1 412 423 422 -1 417 416 421 -1 421 419 417 -1 430 428 425 -1 425 406 430 -1 425 424 406 -1 424 414 406 -1 321 400 303 -1 303 442 321 -1 442 443 321 -1 443 444 321 -1 444 322 321 -1 303 307 406 -1 406 445 303 -1 406 446 445 -1 406 447 446 -1 406 414 447 -1 414 417 447 -1 445 448 303 -1 448 442 303 -1 417 419 449 -1 449 447 417 -1 419 450 449 -1 419 451 450 -1 419 418 451 -1 452 453 448 -1 448 445 452 -1 454 452 445 -1 445 446 454 -1 454 446 447 -1 447 455 454 -1 455 447 449 -1 449 456 455 -1 456 449 450 -1 450 457 456 -1 458 457 450 -1 450 451 458 -1 408 458 451 -1 451 418 408 -1 459 460 444 -1 444 443 459 -1 402 308 305 -1 305 401 402 -1 401 403 402 -1 401 320 403 -1 320 317 403 -1 304 401 305 -1 420 434 461 -1 461 409 420 -1 432 462 463 -1 463 433 432 -1 436 437 464 -1 464 465 436 -1 466 441 327 -1 327 329 466 -1 437 438 467 -1 467 464 437 -1 439 440 468 -1 468 469 439 -1 436 465 470 -1 470 435 436 -1 435 470 462 -1 462 432 435 -1 440 441 466 -1 466 468 440 -1 337 357 359 -1 359 338 337 -1 336 355 357 -1 357 337 336 -1 371 398 399 -1 399 373 371 -1 397 398 371 -1 371 369 397 -1 360 358 347 -1 347 349 360 -1 352 355 336 -1 336 334 352 -1 345 356 354 -1 354 344 345 -1 354 353 333 -1 333 344 354 -1 448 453 471 -1 471 442 448 -1 471 459 443 -1 443 442 471 -1 347 358 356 -1 356 345 347 -1 325 364 351 -1 351 326 325 -1 351 364 362 -1 362 350 351 -1 350 362 360 -1 360 349 350 -1 375 373 359 -1 359 361 375 -1 339 341 384 -1 384 383 339 -1 363 377 375 -1 375 361 363 -1 341 342 385 -1 385 384 341 -1 313 382 340 -1 340 310 313 -1 323 379 365 -1 365 324 323 -1 311 339 383 -1 383 312 311 -1 365 379 377 -1 377 363 365 -1 394 380 367 -1 367 366 394 -1 395 385 342 -1 342 332 395 -1 406 407 431 -1 431 430 406 -1 381 397 369 -1 369 368 381 -1 463 462 470 -1 470 465 463 -1 465 461 463 -1 465 464 461 -1 464 409 461 -1 464 467 409 -1 467 469 409 -1 469 410 409 -1 469 468 410 -1 468 422 410 -1 468 413 422 -1 468 466 413 -1 466 329 413 -1 329 331 413 -1 399 396 359 -1 359 373 399 -1 396 335 338 -1 338 359 396 -1 467 438 439 -1 439 469 467 -1 434 433 463 -1 463 461 434 -1 444 460 328 -1 328 322 444 -1 454 455 456 -1 456 457 454 -1 457 452 454 -1 457 458 452 -1 458 453 452 -1 458 408 453 -1 408 471 453 -1 408 411 471 -1 411 459 471 -1 411 423 459 -1 423 460 459 -1 423 412 460 -1 412 328 460 -1 412 330 328 -1 472 473 474 -1 474 475 472 -1 476 477 478 -1 478 479 476 -1 472 475 480 -1 480 481 472 -1 475 478 477 -1 477 480 475 -1 482 483 484 -1 484 485 482 -1 485 486 482 -1 486 487 482 -1 488 489 490 -1 490 491 488 -1 491 492 488 -1 491 493 492 -1 493 494 492 -1 494 495 492 -1 494 496 495 -1 494 497 496 -1 494 498 497 -1 496 499 495 -1 499 483 495 -1 499 484 483 -1 498 500 497 -1 498 501 500 -1 498 502 501 -1 502 503 501 -1 503 473 501 -1 473 472 501 -1 472 481 501 -1 481 504 501 -1 481 505 504 -1 481 506 505 -1 507 508 509 -1 509 510 507 -1 510 473 507 -1 473 503 507 -1 511 512 510 -1 510 509 511 -1 513 514 515 -1 515 516 513 -1 517 518 515 -1 515 514 517 -1 519 520 521 -1 521 522 519 -1 517 514 519 -1 519 522 517 -1 523 524 525 -1 525 526 523 -1 526 527 523 -1 521 520 528 -1 528 529 521 -1 529 530 521 -1 530 531 521 -1 531 532 521 -1 532 533 521 -1 533 534 521 -1 534 535 521 -1 536 537 523 -1 523 527 536 -1 527 538 536 -1 538 539 536 -1 539 540 536 -1 540 530 536 -1 538 541 539 -1 538 542 541 -1 540 531 530 -1 543 544 545 -1 545 546 543 -1 546 547 543 -1 547 548 543 -1 548 528 543 -1 548 529 528 -1 542 549 550 -1 550 541 542 -1 549 551 550 -1 549 552 551 -1 549 553 552 -1 474 554 555 -1 555 475 474 -1 555 478 475 -1 556 478 555 -1 490 489 525 -1 525 524 490 -1 482 549 542 -1 542 483 482 -1 557 558 559 -1 559 560 557 -1 559 561 560 -1 476 479 562 -1 562 563 476 -1 563 564 476 -1 564 565 476 -1 565 566 476 -1 566 567 476 -1 567 568 476 -1 568 569 476 -1 570 571 560 -1 560 561 570 -1 561 572 570 -1 572 573 570 -1 573 574 570 -1 574 564 570 -1 572 575 573 -1 572 576 575 -1 574 565 564 -1 577 578 579 -1 579 580 577 -1 579 581 580 -1 581 582 580 -1 582 563 580 -1 563 562 580 -1 583 584 585 -1 576 586 587 -1 587 575 576 -1 586 588 587 -1 586 584 588 -1 586 585 584 -1 546 545 511 -1 511 509 546 -1 544 543 589 -1 589 512 544 -1 589 554 512 -1 554 510 512 -1 524 523 491 -1 491 490 524 -1 479 478 556 -1 556 562 479 -1 537 536 590 -1 590 493 537 -1 590 591 493 -1 591 494 493 -1 558 557 592 -1 592 593 558 -1 594 595 596 -1 596 581 594 -1 596 597 581 -1 597 582 581 -1 598 599 600 -1 600 571 598 -1 571 601 598 -1 571 570 601 -1 577 602 603 -1 603 578 577 -1 556 555 580 -1 580 562 556 -1 554 589 604 -1 604 555 554 -1 601 597 596 -1 596 598 601 -1 604 605 602 -1 602 577 604 -1 577 555 604 -1 577 580 555 -1 606 534 533 -1 533 607 606 -1 552 553 608 -1 608 609 552 -1 607 533 532 -1 532 610 607 -1 551 611 612 -1 612 550 551 -1 550 612 613 -1 613 541 550 -1 512 511 545 -1 545 544 512 -1 551 552 609 -1 609 611 551 -1 535 534 606 -1 606 614 535 -1 541 613 615 -1 615 539 541 -1 615 613 612 -1 612 611 615 -1 611 616 615 -1 611 609 616 -1 609 617 616 -1 609 608 617 -1 608 610 617 -1 608 618 610 -1 618 607 610 -1 618 619 607 -1 619 606 607 -1 619 620 606 -1 620 614 606 -1 620 621 614 -1 531 540 616 -1 616 617 531 -1 532 531 617 -1 617 610 532 -1 540 539 615 -1 615 616 540 -1 622 499 496 -1 496 623 622 -1 624 625 487 -1 487 486 624 -1 626 627 622 -1 622 623 626 -1 623 624 626 -1 623 628 624 -1 628 625 624 -1 628 629 625 -1 629 630 625 -1 629 631 630 -1 631 632 630 -1 631 633 632 -1 633 634 632 -1 633 635 634 -1 635 636 634 -1 635 637 636 -1 553 549 482 -1 482 608 553 -1 608 482 487 -1 487 625 608 -1 627 484 499 -1 499 622 627 -1 629 628 497 -1 497 500 629 -1 626 624 486 -1 486 485 626 -1 637 635 505 -1 505 506 637 -1 631 629 500 -1 500 501 631 -1 626 485 484 -1 484 627 626 -1 505 635 633 -1 633 504 505 -1 504 633 631 -1 631 501 504 -1 628 623 496 -1 496 497 628 -1 542 538 495 -1 495 483 542 -1 492 495 538 -1 538 527 492 -1 488 492 527 -1 527 526 488 -1 489 488 526 -1 526 525 489 -1 638 639 640 -1 640 641 638 -1 641 640 642 -1 642 643 641 -1 644 645 646 -1 646 647 644 -1 646 645 648 -1 648 649 646 -1 650 644 647 -1 647 651 650 -1 652 653 654 -1 654 655 652 -1 656 657 650 -1 650 651 656 -1 654 653 658 -1 658 659 654 -1 642 660 661 -1 661 643 642 -1 660 652 655 -1 655 661 660 -1 659 658 657 -1 657 656 659 -1 643 661 655 -1 655 654 643 -1 654 641 643 -1 654 659 641 -1 659 638 641 -1 659 656 638 -1 656 662 638 -1 656 651 662 -1 651 663 662 -1 651 647 663 -1 647 664 663 -1 647 646 664 -1 646 665 664 -1 646 649 665 -1 595 594 666 -1 667 668 669 -1 669 516 667 -1 516 518 667 -1 518 516 515 -1 666 603 602 -1 602 605 666 -1 605 595 666 -1 605 669 595 -1 605 516 669 -1 578 603 666 -1 666 579 578 -1 572 670 671 -1 671 576 572 -1 558 593 672 -1 672 559 558 -1 581 579 666 -1 666 594 581 -1 559 672 673 -1 673 561 559 -1 561 673 670 -1 670 572 561 -1 560 571 600 -1 600 674 560 -1 560 674 592 -1 592 557 560 -1 671 675 586 -1 586 576 671 -1 676 677 678 -1 678 679 676 -1 679 680 676 -1 679 681 680 -1 681 682 680 -1 681 683 682 -1 683 684 682 -1 683 685 684 -1 685 686 684 -1 685 687 686 -1 687 688 686 -1 687 689 688 -1 689 690 688 -1 689 691 690 -1 679 678 587 -1 587 588 679 -1 678 677 575 -1 575 587 678 -1 677 676 573 -1 573 575 677 -1 565 682 684 -1 684 566 565 -1 675 639 638 -1 638 585 675 -1 585 586 675 -1 638 683 583 -1 583 585 638 -1 683 638 662 -1 662 685 683 -1 662 663 687 -1 687 685 662 -1 663 664 689 -1 689 687 663 -1 689 664 665 -1 665 691 689 -1 684 686 567 -1 567 566 684 -1 574 680 682 -1 682 565 574 -1 675 671 660 -1 660 642 675 -1 642 640 675 -1 640 639 675 -1 672 593 592 -1 592 674 672 -1 674 673 672 -1 674 600 673 -1 600 599 673 -1 599 670 673 -1 599 653 670 -1 599 658 653 -1 599 668 658 -1 653 652 670 -1 652 671 670 -1 652 660 671 -1 668 657 658 -1 668 650 657 -1 668 667 650 -1 667 644 650 -1 667 645 644 -1 667 648 645 -1 583 683 681 -1 681 584 583 -1 584 681 679 -1 679 588 584 -1 573 676 680 -1 680 574 573 -1 686 688 568 -1 568 567 686 -1 568 688 690 -1 690 569 568 -1 614 621 636 -1 636 637 614 -1 637 535 614 -1 637 521 535 -1 637 480 521 -1 480 522 521 -1 648 667 690 -1 690 649 648 -1 690 691 649 -1 691 665 649 -1 522 480 477 -1 477 517 522 -1 477 476 517 -1 476 569 517 -1 569 518 517 -1 569 667 518 -1 569 690 667 -1 637 506 481 -1 481 480 637 -1 692 601 570 -1 570 564 692 -1 564 563 693 -1 693 692 564 -1 693 597 601 -1 601 692 693 -1 694 591 695 -1 695 696 694 -1 696 697 694 -1 696 695 507 -1 507 503 696 -1 582 597 693 -1 693 563 582 -1 503 502 697 -1 697 696 503 -1 502 498 694 -1 694 697 502 -1 513 604 589 -1 589 698 513 -1 698 514 513 -1 698 519 514 -1 699 598 596 -1 596 700 699 -1 699 700 669 -1 669 668 699 -1 595 669 700 -1 700 596 595 -1 699 668 599 -1 599 598 699 -1 701 702 590 -1 590 703 701 -1 519 698 528 -1 528 520 519 -1 494 591 694 -1 694 498 494 -1 701 703 530 -1 530 529 701 -1 536 530 703 -1 703 590 536 -1 513 516 605 -1 605 604 513 -1 543 528 698 -1 698 589 543 -1 701 529 548 -1 548 702 701 -1 702 548 547 -1 547 508 702 -1 508 695 702 -1 508 507 695 -1 695 591 590 -1 590 702 695 -1 621 620 634 -1 634 636 621 -1 632 619 618 -1 618 630 632 -1 634 620 619 -1 619 632 634 -1 618 608 625 -1 625 630 618 -1 509 508 547 -1 547 546 509 -1 510 554 474 -1 474 473 510 -1 493 491 523 -1 523 537 493 -1 704 705 706 -1 706 707 704 -1 706 708 709 -1 709 707 706 -1 709 710 707 -1 709 711 710 -1 712 713 714 -1 714 704 712 -1 704 715 712 -1 714 705 704 -1 716 710 711 -1 711 717 716 -1 717 711 718 -1 718 719 717 -1 718 720 719 -1 720 721 719 -1 721 722 719 -1 721 723 722 -1 707 724 725 -1 725 726 707 -1 726 704 707 -1 711 727 728 -1 728 718 711 -1 719 729 730 -1 730 717 719 -1 731 732 733 -1 733 734 731 -1 733 735 734 -1 735 709 734 -1 709 708 734 -1 735 733 736 -1 737 738 739 -1 739 740 737 -1 740 741 737 -1 741 742 737 -1 742 743 737 -1 720 744 737 -1 737 745 720 -1 745 721 720 -1 743 746 745 -1 745 737 743 -1 747 748 749 -1 750 751 752 -1 752 753 750 -1 753 754 750 -1 754 755 750 -1 756 757 758 -1 758 749 756 -1 758 747 749 -1 758 759 747 -1 758 760 759 -1 761 762 763 -1 763 764 761 -1 764 765 761 -1 764 766 765 -1 766 767 765 -1 767 768 765 -1 767 769 768 -1 767 770 769 -1 767 771 770 -1 769 772 768 -1 772 751 768 -1 772 752 751 -1 771 773 770 -1 771 774 773 -1 771 775 774 -1 775 759 774 -1 759 776 774 -1 777 778 779 -1 779 780 777 -1 779 781 780 -1 781 714 780 -1 714 713 780 -1 713 776 780 -1 713 774 776 -1 713 782 774 -1 713 783 782 -1 713 784 783 -1 785 786 776 -1 776 760 785 -1 776 759 760 -1 704 726 787 -1 787 715 704 -1 788 716 717 -1 717 730 788 -1 714 781 789 -1 789 705 714 -1 735 727 711 -1 711 709 735 -1 790 791 792 -1 792 793 790 -1 793 794 790 -1 794 722 790 -1 722 723 790 -1 795 796 797 -1 797 793 795 -1 793 798 795 -1 793 799 798 -1 793 792 799 -1 788 800 801 -1 801 802 667 -1 667 803 801 -1 803 788 801 -1 803 716 788 -1 803 710 716 -1 804 805 806 -1 806 807 804 -1 806 785 807 -1 785 808 807 -1 785 809 808 -1 785 760 809 -1 810 811 812 -1 812 813 810 -1 813 814 810 -1 712 715 787 -1 787 815 712 -1 815 816 712 -1 816 817 712 -1 817 818 712 -1 818 819 712 -1 819 820 712 -1 821 806 805 -1 805 816 821 -1 805 822 816 -1 822 823 816 -1 823 824 816 -1 824 825 816 -1 825 817 816 -1 826 827 810 -1 810 814 826 -1 814 828 826 -1 828 829 826 -1 829 830 826 -1 830 824 826 -1 828 831 829 -1 828 832 831 -1 830 825 824 -1 833 834 835 -1 835 815 833 -1 815 787 833 -1 822 836 837 -1 837 838 822 -1 838 839 822 -1 839 840 822 -1 840 823 822 -1 832 841 842 -1 842 831 832 -1 841 843 842 -1 841 844 843 -1 841 845 844 -1 719 722 794 -1 794 729 719 -1 794 744 729 -1 744 728 729 -1 744 718 728 -1 744 720 718 -1 846 815 835 -1 835 847 846 -1 835 777 847 -1 777 848 847 -1 777 849 848 -1 777 780 849 -1 789 850 851 -1 851 706 789 -1 706 705 789 -1 706 851 734 -1 734 708 706 -1 779 850 789 -1 789 781 779 -1 780 776 852 -1 852 849 780 -1 852 853 848 -1 848 849 852 -1 854 855 856 -1 856 857 854 -1 857 858 854 -1 857 856 747 -1 747 759 857 -1 833 787 726 -1 726 725 833 -1 707 710 803 -1 803 724 707 -1 821 816 859 -1 859 860 821 -1 860 786 821 -1 860 853 786 -1 853 852 786 -1 852 776 786 -1 759 775 858 -1 858 857 759 -1 775 771 854 -1 854 858 775 -1 807 861 862 -1 862 804 807 -1 846 847 860 -1 860 859 846 -1 846 859 816 -1 816 815 846 -1 863 864 865 -1 865 866 863 -1 804 862 822 -1 822 805 804 -1 767 855 854 -1 854 771 767 -1 737 744 794 -1 794 793 737 -1 863 866 824 -1 824 823 863 -1 736 733 801 -1 801 800 736 -1 826 824 866 -1 866 865 826 -1 732 802 801 -1 801 733 732 -1 863 823 840 -1 840 864 863 -1 793 797 738 -1 738 737 793 -1 732 731 667 -1 667 802 732 -1 736 800 788 -1 788 730 736 -1 730 727 736 -1 727 735 736 -1 728 727 730 -1 730 729 728 -1 778 834 833 -1 833 725 778 -1 725 850 778 -1 850 779 778 -1 724 803 667 -1 667 731 724 -1 731 851 724 -1 731 734 851 -1 739 738 797 -1 797 796 739 -1 851 850 725 -1 725 724 851 -1 864 840 839 -1 839 748 864 -1 748 856 864 -1 748 747 856 -1 856 855 865 -1 865 864 856 -1 867 868 869 -1 869 870 867 -1 871 872 873 -1 873 874 871 -1 869 868 872 -1 872 871 869 -1 873 875 876 -1 876 874 873 -1 749 748 839 -1 839 838 749 -1 836 822 862 -1 862 861 836 -1 861 757 836 -1 861 877 757 -1 877 878 757 -1 878 758 757 -1 766 764 810 -1 810 827 766 -1 878 877 808 -1 808 809 878 -1 763 762 812 -1 812 811 763 -1 879 867 870 -1 870 880 879 -1 880 820 879 -1 880 712 820 -1 880 713 712 -1 713 880 784 -1 750 841 832 -1 832 751 750 -1 838 837 756 -1 756 749 838 -1 811 810 764 -1 764 763 811 -1 760 758 878 -1 878 809 760 -1 827 826 865 -1 865 766 827 -1 865 855 766 -1 855 767 766 -1 778 777 835 -1 835 834 778 -1 785 806 821 -1 821 786 785 -1 877 861 807 -1 807 808 877 -1 848 853 860 -1 860 847 848 -1 881 819 818 -1 818 882 881 -1 844 845 875 -1 875 883 844 -1 746 791 790 -1 790 745 746 -1 882 818 817 -1 817 884 882 -1 739 796 795 -1 795 740 739 -1 742 799 792 -1 792 743 742 -1 741 798 799 -1 799 742 741 -1 843 885 886 -1 886 842 843 -1 842 886 887 -1 887 831 842 -1 790 723 721 -1 721 745 790 -1 743 792 791 -1 791 746 743 -1 757 756 837 -1 837 836 757 -1 843 844 883 -1 883 885 843 -1 820 819 881 -1 881 879 820 -1 831 887 888 -1 888 829 831 -1 888 887 886 -1 886 885 888 -1 885 889 888 -1 885 883 889 -1 883 890 889 -1 883 875 890 -1 875 884 890 -1 875 873 884 -1 873 882 884 -1 873 872 882 -1 872 881 882 -1 872 868 881 -1 868 879 881 -1 868 867 879 -1 740 795 798 -1 798 741 740 -1 825 830 889 -1 889 890 825 -1 817 825 890 -1 890 884 817 -1 830 829 888 -1 888 889 830 -1 891 772 769 -1 769 892 891 -1 893 876 755 -1 755 754 893 -1 894 895 891 -1 891 892 894 -1 892 893 894 -1 892 896 893 -1 896 876 893 -1 896 897 876 -1 897 874 876 -1 897 898 874 -1 898 871 874 -1 898 899 871 -1 899 869 871 -1 899 900 869 -1 900 870 869 -1 900 880 870 -1 845 841 750 -1 750 875 845 -1 875 750 755 -1 755 876 875 -1 895 752 772 -1 772 891 895 -1 897 896 770 -1 770 773 897 -1 894 893 754 -1 754 753 894 -1 880 900 783 -1 783 784 880 -1 898 897 773 -1 773 774 898 -1 894 753 752 -1 752 895 894 -1 783 900 899 -1 899 782 783 -1 782 899 898 -1 898 774 782 -1 896 892 769 -1 769 770 896 -1 832 828 768 -1 768 751 832 -1 765 768 828 -1 828 814 765 -1 761 765 814 -1 814 813 761 -1 762 761 813 -1 813 812 762 -1 901 902 903 -1 903 904 901 -1 905 906 907 -1 907 908 905 -1 909 910 901 -1 901 904 909 -1 904 911 909 -1 908 907 912 -1 912 913 908 -1 914 915 906 -1 906 905 914 -1 916 917 918 -1 918 919 916 -1 914 911 920 -1 920 918 914 -1 920 919 918 -1 911 904 921 -1 921 920 911 -1 904 903 921 -1 903 902 922 -1 922 921 903 -1 922 923 920 -1 920 921 922 -1 924 925 912 -1 912 907 924 -1 924 926 927 -1 927 928 924 -1 927 929 928 -1 927 930 929 -1 926 924 907 -1 907 906 926 -1 920 923 916 -1 916 919 920 -1 926 910 909 -1 909 927 926 -1 909 930 927 -1 909 911 930 -1 905 908 929 -1 929 930 905 -1 914 905 930 -1 930 911 914 -1 925 924 928 -1 928 931 925 -1 928 929 931 -1 910 915 922 -1 922 901 910 -1 922 902 901 -1 915 917 923 -1 923 922 915 -1 917 916 923 -1 931 913 912 -1 912 925 931 -1 910 926 906 -1 906 915 910 -1 918 917 915 -1 915 914 918 -1 908 913 931 -1 931 929 908 -1 430 932 933 -1 933 431 430 -1 934 310 313 -1 313 935 934 -1 936 937 938 -1 938 939 936 -1 937 940 307 -1 307 938 937 -1 307 306 938 -1 306 941 938 -1 941 942 938 -1 943 307 940 -1 944 945 392 -1 946 947 936 -1 936 343 946 -1 936 939 343 -1 939 392 343 -1 939 944 392 -1 407 406 430 -1 430 431 407 -1 948 949 950 -1 950 951 948 -1 949 952 953 -1 953 950 949 -1 954 951 950 -1 950 955 954 -1 955 950 953 -1 953 956 955 -1 956 953 957 -1 957 958 956 -1 956 958 959 -1 959 960 956 -1 954 955 961 -1 961 962 954 -1 955 956 960 -1 960 961 955 -1 963 947 946 -1 946 964 963 -1 952 965 957 -1 957 953 952 -1 966 935 313 -1 313 382 966 -1 382 392 966 -1 392 945 966 -1 946 343 340 -1 340 310 934 -1 934 964 340 -1 964 946 340 -1 307 406 407 -1 407 306 307 -1 967 932 430 -1 430 406 967 -1 406 307 967 -1 307 943 967 -1 941 306 407 -1 407 431 933 -1 933 968 407 -1 968 941 407 -1 954 962 938 -1 938 969 954 -1 938 942 969 -1 962 970 939 -1 939 938 962 -1 970 944 939 -1 952 949 971 -1 971 972 952 -1 971 960 972 -1 971 961 960 -1 959 958 957 -1 957 965 959 -1 949 948 973 -1 973 971 949 -1 973 961 971 -1 973 962 961 -1 965 952 972 -1 972 959 965 -1 972 960 959 -1 948 951 936 -1 936 963 948 -1 936 947 963 -1 951 974 937 -1 937 936 951 -1 974 940 937 -1 969 968 933 -1 967 974 951 -1 951 932 967 -1 951 954 932 -1 954 933 932 -1 954 969 933 -1 973 948 934 -1 934 935 973 -1 935 966 973 -1 966 970 973 -1 970 962 973 -1 948 963 964 -1 964 934 948 -1 941 968 969 -1 969 942 941 -1 966 945 944 -1 944 970 966 -1 940 974 967 -1 967 943 940 -1 975 976 977 -1 977 978 975 -1 979 980 981 -1 981 982 979 -1 983 984 975 -1 975 978 983 -1 978 985 983 -1 982 981 986 -1 986 987 982 -1 988 989 980 -1 980 979 988 -1 990 991 992 -1 992 993 990 -1 988 985 994 -1 994 992 988 -1 994 993 992 -1 985 978 995 -1 995 994 985 -1 978 977 995 -1 977 976 996 -1 996 995 977 -1 996 997 994 -1 994 995 996 -1 998 999 986 -1 986 981 998 -1 998 1000 1001 -1 1001 1002 998 -1 1001 1003 1002 -1 1001 1004 1003 -1 1000 998 981 -1 981 980 1000 -1 994 997 990 -1 990 993 994 -1 1000 984 983 -1 983 1001 1000 -1 983 1004 1001 -1 983 985 1004 -1 979 982 1003 -1 1003 1004 979 -1 988 979 1004 -1 1004 985 988 -1 999 998 1002 -1 1002 1005 999 -1 1002 1003 1005 -1 984 989 996 -1 996 975 984 -1 996 976 975 -1 989 991 997 -1 997 996 989 -1 991 990 997 -1 1005 987 986 -1 986 999 1005 -1 984 1000 980 -1 980 989 984 -1 992 991 989 -1 989 988 992 -1 982 987 1005 -1 1005 1003 982 -1 1006 1007 1008 -1 1008 1009 1006 -1 1010 1011 1012 -1 1012 1013 1010 -1 1014 1015 1006 -1 1006 1009 1014 -1 1009 1016 1014 -1 1013 1012 1017 -1 1017 1018 1013 -1 1019 1020 1011 -1 1011 1010 1019 -1 1021 1022 1023 -1 1023 1024 1021 -1 1019 1016 1025 -1 1025 1023 1019 -1 1025 1024 1023 -1 1016 1009 1026 -1 1026 1025 1016 -1 1009 1008 1026 -1 1008 1007 1027 -1 1027 1026 1008 -1 1027 1028 1025 -1 1025 1026 1027 -1 1029 1030 1017 -1 1017 1012 1029 -1 1029 1031 1032 -1 1032 1033 1029 -1 1032 1034 1033 -1 1032 1035 1034 -1 1031 1029 1012 -1 1012 1011 1031 -1 1025 1028 1021 -1 1021 1024 1025 -1 1031 1015 1014 -1 1014 1032 1031 -1 1014 1035 1032 -1 1014 1016 1035 -1 1010 1013 1034 -1 1034 1035 1010 -1 1019 1010 1035 -1 1035 1016 1019 -1 1030 1029 1033 -1 1033 1036 1030 -1 1033 1034 1036 -1 1015 1020 1027 -1 1027 1006 1015 -1 1027 1007 1006 -1 1020 1022 1028 -1 1028 1027 1020 -1 1022 1021 1028 -1 1036 1018 1017 -1 1017 1030 1036 -1 1015 1031 1011 -1 1011 1020 1015 -1 1023 1022 1020 -1 1020 1019 1023 -1 1013 1018 1036 -1 1036 1034 1013 -1 1037 1038 1039 -1 1038 1037 1040 -1 1040 519 522 -1 519 1040 1037 -1 1037 1041 519 -1 1041 1037 1042 -1 1041 1042 1043 -1 1044 517 514 -1 517 1044 1039 -1 1039 1044 1045 -1 1045 1044 1046 -1 1038 517 1039 -1 522 1038 1040 -1 1038 522 517 -1 1044 519 1041 -1 519 1044 514 -1 1042 1039 1045 -1 1039 1042 1037 -1 1043 1045 1046 -1 1045 1043 1042 -1 1041 1046 1044 -1 1046 1041 1043 -1 1047 1048 1049 -1 1049 1050 1047 -1 1050 480 475 -1 475 1047 1050 -1 1047 475 1051 -1 1051 1052 1047 -1 1051 1053 1052 -1 1054 1055 1056 -1 1056 1048 1054 -1 1048 1057 1054 -1 1057 1058 1054 -1 1049 1048 1056 -1 1056 1055 475 -1 475 480 1056 -1 480 1050 1049 -1 1049 1056 480 -1 1054 1051 475 -1 475 1055 1054 -1 1052 1057 1048 -1 1048 1047 1052 -1 1053 1058 1057 -1 1057 1052 1053 -1 1051 1054 1058 -1 1058 1053 1051 -1 1059 1060 1061 -1 1061 1062 1059 -1 1061 1063 1064 -1 1064 1062 1061 -1 1065 1066 1067 -1 1067 1068 1065 -1 474 473 1069 -1 1069 1070 474 -1 1071 1072 1073 -1 1073 1074 1071 -1 1073 1075 1074 -1 1075 1069 1074 -1 1075 562 1069 -1 562 1070 1069 -1 1072 1076 1077 -1 1077 1073 1072 -1 1068 1067 1064 -1 1064 1063 1068 -1 1078 1079 1068 -1 1068 1063 1078 -1 1063 1061 1078 -1 1061 1060 1078 -1 1080 1081 1082 -1 1082 1083 1080 -1 1083 1084 1080 -1 1083 1085 1084 -1 1085 1086 1084 -1 1085 589 1086 -1 589 1065 1086 -1 589 1087 1065 -1 589 1088 1087 -1 589 698 1088 -1 1065 1079 1086 -1 1065 1068 1079 -1 698 528 1088 -1 1085 1089 554 -1 554 589 1085 -1 1089 1090 554 -1 1090 1091 554 -1 1091 1092 554 -1 1092 474 554 -1 1089 1093 1090 -1 1092 473 474 -1 1093 1072 1094 -1 1094 1090 1093 -1 1072 1095 1094 -1 1072 1096 1095 -1 1072 1071 1096 -1 1097 1098 1083 -1 1083 1082 1097 -1 554 1099 604 -1 1099 554 474 -1 474 1070 1099 -1 1076 1100 1101 -1 1101 1102 1076 -1 1102 1103 1076 -1 1103 1077 1076 -1 1098 1097 1104 -1 1104 1105 1098 -1 1105 1106 1098 -1 1105 1107 1106 -1 1107 1108 1106 -1 1107 1099 1108 -1 1099 1109 1108 -1 1099 1110 1109 -1 1099 1111 1110 -1 1099 1070 1111 -1 1109 1100 1108 -1 1109 1101 1100 -1 1070 562 1111 -1 1107 1112 604 -1 604 1099 1107 -1 1112 1113 604 -1 1113 1114 604 -1 1114 1115 604 -1 1115 513 604 -1 1112 1116 1113 -1 1115 1117 513 -1 1116 1118 1119 -1 1119 1113 1116 -1 1118 1120 1119 -1 1118 1121 1120 -1 1118 1122 1121 -1 698 513 1117 -1 1117 1123 698 -1 1123 528 698 -1 1123 1124 528 -1 1124 1123 1125 -1 1125 1059 1124 -1 1125 1122 1118 -1 1118 1059 1125 -1 1118 1060 1059 -1 1118 1078 1060 -1 1089 1085 1106 -1 1106 1108 1089 -1 1098 1106 1085 -1 1085 1083 1098 -1 1091 1090 1126 -1 1126 1127 1091 -1 1128 1092 1091 -1 1091 1127 1128 -1 1129 1130 1131 -1 1131 1132 1129 -1 1132 1133 1129 -1 1132 1134 1133 -1 1134 1073 1133 -1 1134 1075 1073 -1 1069 473 1092 -1 1092 1128 1069 -1 1090 1094 1135 -1 1135 1126 1090 -1 1093 1089 1108 -1 1108 1100 1093 -1 1116 1079 1078 -1 1078 1118 1116 -1 1104 1097 1082 -1 1082 1081 1104 -1 1076 1072 1093 -1 1093 1100 1076 -1 1107 1105 1080 -1 1080 1084 1107 -1 1105 1104 1081 -1 1081 1080 1105 -1 1112 1086 1079 -1 1079 1116 1112 -1 1107 1084 1086 -1 1086 1112 1107 -1 1131 1130 1101 -1 1101 1109 1131 -1 562 1075 1134 -1 1134 1111 562 -1 1111 1134 1132 -1 1132 1110 1111 -1 1130 1129 1102 -1 1102 1101 1130 -1 1132 1131 1109 -1 1109 1110 1132 -1 1102 1129 1133 -1 1133 1103 1102 -1 1133 1073 1077 -1 1077 1103 1133 -1 1122 1125 1136 -1 1136 1121 1122 -1 1136 1137 1120 -1 1120 1121 1136 -1 1138 1139 1140 -1 1140 1137 1138 -1 1137 1141 1138 -1 1137 1136 1141 -1 1136 1123 1141 -1 1136 1125 1123 -1 1140 1119 1120 -1 1120 1137 1140 -1 1138 1114 1113 -1 1113 1139 1138 -1 1087 1088 1142 -1 1142 1143 1087 -1 1141 1123 1117 -1 1117 1115 1141 -1 1139 1113 1119 -1 1119 1140 1139 -1 1088 528 1124 -1 1124 1142 1088 -1 1087 1143 1066 -1 1066 1065 1087 -1 1138 1141 1115 -1 1115 1114 1138 -1 1064 1067 1066 -1 1066 1143 1064 -1 1143 1062 1064 -1 1143 1142 1062 -1 1142 1059 1062 -1 1142 1124 1059 -1 1127 1126 1135 -1 1135 1144 1127 -1 1144 1128 1127 -1 1144 1145 1128 -1 1145 1069 1128 -1 1145 1074 1069 -1 1096 1071 1074 -1 1074 1145 1096 -1 1144 1095 1096 -1 1096 1145 1144 -1 1094 1095 1144 -1 1144 1135 1094 -1 1146 1147 1148 -1 1148 1149 1146 -1 1148 1150 1149 -1 1151 1152 1153 -1 1153 1154 1151 -1 1155 1156 1147 -1 1147 1146 1155 -1 1156 1157 1147 -1 1156 1153 1157 -1 1156 1154 1153 -1 1158 1159 1156 -1 1156 1155 1158 -1 1159 1158 1160 -1 1160 1161 1159 -1 1157 44 41 -1 41 42 1157 -1 42 30 1157 -1 30 1147 1157 -1 41 40 43 -1 43 42 41 -1 1155 1146 1160 -1 1160 1158 1155 -1 1162 1163 1153 -1 1153 1152 1162 -1 1148 1164 1165 -1 1165 1150 1148 -1 30 1164 1148 -1 1148 1147 30 -1 1164 30 42 -1 42 1165 1164 -1 42 1166 1165 -1 43 1167 1168 -1 1168 1166 43 -1 1166 42 43 -1 1167 43 40 -1 40 1169 1167 -1 1170 1169 40 -1 40 41 1170 -1 1162 1170 41 -1 41 44 1162 -1 44 1163 1162 -1 1153 1163 44 -1 44 1157 1153 -1 1168 1167 1171 -1 1169 1170 1171 -1 1171 1167 1169 -1 1159 1161 1154 -1 1154 1156 1159 -1 1150 1165 1166 -1 1166 1170 1150 -1 1170 1162 1150 -1 1162 1152 1150 -1 1168 1171 1170 -1 1170 1166 1168 -1 1172 1149 1150 -1 1150 1165 1172 -1 1168 1173 218 -1 218 1166 1168 -1 219 1174 1171 -1 1171 1170 219 -1 1152 1151 1175 -1 1175 1162 1152 -1 1173 1168 1171 -1 1171 1174 1173 -1 1154 1161 1160 -1 1160 1174 1154 -1 1174 1175 1154 -1 1174 219 1175 -1 1175 1151 1154 -1 218 1173 1172 -1 1160 1146 1173 -1 1173 1174 1160 -1 1146 1172 1173 -1 1146 1149 1172 -1 1176 1177 1178 -1 1177 1176 1179 -1 1180 1177 1181 -1 1177 1180 1178 -1 1182 1181 1183 -1 1181 1182 1180 -1 1183 1184 1182 -1 1184 1183 1185 -1 1185 1186 1187 -1 1186 1185 1183 -1 1183 1188 1186 -1 1188 1183 1181 -1 1188 1181 1177 -1 1188 1177 1179 -1 1188 1179 1189 -1 1187 1184 1185 -1 1184 1187 1190 -1 1189 1191 1188 -1 1191 1189 1192 -1 1191 1186 1188 -1 1186 1191 1193 -1 1193 1182 1190 -1 1182 1193 1191 -1 1182 1191 1180 -1 1180 1191 1178 -1 1178 1191 1176 -1 1176 1191 1192 -1 1184 1190 1182 -1 1176 1189 1179 -1 1189 1176 1192 -1 1190 1186 1193 -1 1186 1190 1187 -1 1194 1195 1196 -1 1195 1194 1197 -1 1198 1195 1199 -1 1195 1198 1196 -1 1199 1200 1198 -1 1200 1199 1201 -1 1201 1202 1203 -1 1202 1201 1199 -1 1199 1204 1202 -1 1204 1199 1195 -1 1204 1195 1197 -1 1204 1197 1205 -1 1203 1200 1201 -1 1200 1203 1206 -1 1205 1207 1204 -1 1207 1205 1208 -1 1207 1202 1204 -1 1202 1207 1209 -1 1209 1198 1206 -1 1198 1209 1207 -1 1198 1207 1196 -1 1196 1207 1194 -1 1194 1207 1208 -1 1200 1206 1198 -1 1194 1205 1197 -1 1205 1194 1208 -1 1206 1202 1209 -1 1202 1206 1203 -1 1210 1211 1212 -1 1212 1213 1210 -1 1214 1215 1216 -1 1216 1217 1214 -1 1218 1219 1215 -1 1215 1214 1218 -1 1211 1219 1218 -1 1218 1212 1211 -1 1220 1216 1215 -1 1211 1210 1221 -1 1221 1219 1211 -1 1221 1222 1219 -1 1222 1215 1219 -1 1222 1220 1215 -1 1216 1220 1223 -1 1223 1217 1216 -1 1224 1222 1221 -1 1221 1225 1224 -1 1225 1213 1218 -1 1218 1224 1225 -1 1218 1214 1224 -1 1214 1217 1224 -1 1217 1223 1224 -1 1212 1218 1213 -1 1222 1224 1223 -1 1223 1220 1222 -1 1213 1225 1221 -1 1221 1210 1213 -1 1226 1227 1228 -1 1228 1229 1226 -1 1230 1231 1232 -1 1232 1233 1230 -1 1232 1234 1231 -1 1228 1231 1230 -1 1230 1229 1228 -1 1226 1229 1235 -1 1236 1237 1229 -1 1229 1230 1236 -1 1237 1235 1229 -1 1237 1238 1235 -1 1239 1236 1230 -1 1230 1240 1239 -1 1230 1241 1240 -1 1230 1233 1241 -1 1241 1242 1240 -1 1243 1227 1226 -1 1226 1235 1243 -1 1236 1244 1245 -1 1245 1237 1236 -1 1245 1246 1238 -1 1238 1237 1245 -1 1247 1248 1240 -1 1240 1242 1247 -1 1238 1246 1243 -1 1243 1235 1238 -1 1232 1249 1241 -1 1241 1233 1232 -1 1241 1249 1247 -1 1247 1242 1241 -1 1250 1248 1231 -1 1231 1244 1250 -1 1231 1228 1244 -1 1248 1249 1231 -1 1249 1232 1231 -1 1248 1247 1249 -1 1245 1244 1228 -1 1228 1243 1245 -1 1243 1246 1245 -1 1227 1243 1228 -1 1236 1239 1250 -1 1250 1244 1236 -1 1240 1248 1250 -1 1250 1239 1240 -1 1251 1252 1253 -1 1253 1254 1251 -1 1255 1256 1257 -1 1257 1258 1255 -1 1259 1260 1251 -1 1251 1254 1259 -1 1254 1261 1259 -1 1258 1257 1262 -1 1262 1263 1258 -1 1264 1265 1256 -1 1256 1255 1264 -1 1266 1267 1268 -1 1268 1269 1266 -1 1264 1261 1270 -1 1270 1268 1264 -1 1270 1269 1268 -1 1261 1254 1271 -1 1271 1270 1261 -1 1254 1253 1271 -1 1253 1252 1161 -1 1161 1271 1253 -1 1161 1154 1270 -1 1270 1271 1161 -1 1272 1273 1262 -1 1262 1257 1272 -1 1272 1274 1275 -1 1275 1276 1272 -1 1275 1277 1276 -1 1275 1278 1277 -1 1274 1272 1257 -1 1257 1256 1274 -1 1270 1154 1266 -1 1266 1269 1270 -1 1274 1260 1259 -1 1259 1275 1274 -1 1259 1278 1275 -1 1259 1261 1278 -1 1255 1258 1277 -1 1277 1278 1255 -1 1264 1255 1278 -1 1278 1261 1264 -1 1273 1272 1276 -1 1276 1279 1273 -1 1276 1277 1279 -1 1260 1265 1161 -1 1161 1251 1260 -1 1161 1252 1251 -1 1265 1267 1154 -1 1154 1161 1265 -1 1267 1266 1154 -1 1279 1263 1262 -1 1262 1273 1279 -1 1260 1274 1256 -1 1256 1265 1260 -1 1268 1267 1265 -1 1265 1264 1268 -1 1258 1263 1279 -1 1279 1277 1258 -1 1280 1281 1282 -1 1282 1283 1280 -1 1282 1284 1283 -1 1285 256 1286 -1 1286 1287 1285 -1 1288 1289 1290 -1 1290 1291 1288 -1 1292 1293 1294 -1 1294 1295 1292 -1 1296 1297 1298 -1 1298 1299 1296 -1 1300 1301 1289 -1 1289 1288 1300 -1 1302 1303 1288 -1 1288 1291 1302 -1 1298 1284 1282 -1 1282 1304 1298 -1 1305 1306 1307 -1 1307 1308 1305 -1 1309 1310 1311 -1 1311 1312 1309 -1 1313 1305 1314 -1 1314 281 1313 -1 1315 1316 1317 -1 1317 1318 1315 -1 1298 1297 1283 -1 1283 1284 1298 -1 1287 1286 285 -1 285 1319 1287 -1 1320 1296 1299 -1 1299 1321 1320 -1 280 284 285 -1 285 256 280 -1 285 1286 256 -1 1322 1323 1294 -1 1294 1293 1322 -1 1324 1325 1326 -1 1326 1327 1324 -1 1308 1328 1329 -1 1329 1330 1308 -1 1331 1328 1308 -1 1308 1307 1331 -1 1302 1291 1323 -1 1323 1322 1302 -1 1303 1332 1300 -1 1300 1288 1303 -1 1287 1319 1301 -1 1301 1300 1287 -1 1331 1320 1321 -1 1321 1328 1331 -1 1292 1295 1333 -1 1333 1318 1292 -1 1318 1317 1292 -1 1334 1316 1315 -1 1315 1335 1334 -1 1336 1324 1327 -1 1327 1337 1336 -1 1338 1336 1337 -1 1337 1339 1338 -1 1294 1323 1340 -1 1340 1341 1294 -1 1305 1308 1330 -1 1330 1314 1305 -1 1332 1285 1287 -1 1287 1300 1332 -1 1299 1342 1343 -1 1343 1321 1299 -1 1325 1309 1312 -1 1312 1326 1325 -1 1323 1291 1290 -1 1290 1340 1323 -1 1335 1338 1339 -1 1339 1334 1335 -1 1299 1298 1304 -1 1304 1342 1299 -1 1281 1344 1343 -1 1343 1342 1281 -1 1342 1304 1281 -1 1304 1282 1281 -1 1310 1309 1325 -1 1325 1324 1310 -1 1324 1345 1310 -1 1324 1336 1345 -1 1336 1346 1345 -1 1336 1338 1346 -1 1338 1347 1346 -1 1338 283 1347 -1 283 1329 1347 -1 283 1330 1329 -1 283 1314 1330 -1 283 282 1314 -1 1329 1344 1347 -1 1329 1343 1344 -1 282 281 1314 -1 1338 1335 286 -1 286 283 1338 -1 1335 1289 286 -1 1289 1301 286 -1 1301 1319 286 -1 1319 284 286 -1 1335 1315 1289 -1 1319 285 284 -1 1315 1318 1290 -1 1290 1289 1315 -1 1318 1340 1290 -1 1318 1341 1340 -1 1318 1333 1341 -1 1321 1343 1329 -1 1329 1328 1321 -1 1295 1294 1341 -1 1341 1333 1295 -1 1313 251 1306 -1 1306 1305 1313 -1 1281 1280 1348 -1 1348 1344 1281 -1 1346 1347 1349 -1 1349 1350 1346 -1 1344 1348 1349 -1 1349 1347 1344 -1 1317 1316 1302 -1 1302 1322 1317 -1 1322 1293 1317 -1 1293 1292 1317 -1 1327 1326 1312 -1 1312 1311 1327 -1 1311 1337 1327 -1 1311 1351 1337 -1 1351 1339 1337 -1 1351 1350 1339 -1 1350 1334 1339 -1 1350 277 1334 -1 277 1303 1334 -1 277 1332 1303 -1 277 1285 1332 -1 277 280 1285 -1 1303 1316 1334 -1 1303 1302 1316 -1 280 256 1285 -1 1350 1349 278 -1 278 277 1350 -1 1349 1331 278 -1 1331 1307 278 -1 1307 1306 278 -1 1306 279 278 -1 1349 1348 1331 -1 1306 251 279 -1 1348 1280 1320 -1 1320 1331 1348 -1 1280 1296 1320 -1 1280 1297 1296 -1 1280 1283 1297 -1 251 1313 281 -1 281 282 251 -1 282 279 251 -1 1310 1345 1351 -1 1351 1311 1310 -1 278 283 286 -1 286 277 278 -1 1345 1346 1350 -1 1350 1351 1345 -1 278 279 282 -1 282 283 278 -1 1352 1353 1354 -1 1354 1355 1352 -1 1356 1357 1358 -1 1358 1359 1356 -1 1360 1361 1352 -1 1352 1355 1360 -1 1355 1362 1360 -1 1359 1358 1363 -1 1363 1364 1359 -1 1365 1366 1357 -1 1357 1356 1365 -1 1367 1368 1369 -1 1369 1370 1367 -1 1365 1362 1146 -1 1146 1369 1365 -1 1146 1370 1369 -1 1362 1355 1160 -1 1160 1146 1362 -1 1355 1354 1160 -1 1354 1353 1371 -1 1371 1160 1354 -1 1371 1372 1146 -1 1146 1160 1371 -1 1373 1374 1363 -1 1363 1358 1373 -1 1373 1375 1376 -1 1376 1377 1373 -1 1376 1378 1377 -1 1376 1379 1378 -1 1375 1373 1358 -1 1358 1357 1375 -1 1146 1372 1367 -1 1367 1370 1146 -1 1375 1361 1360 -1 1360 1376 1375 -1 1360 1379 1376 -1 1360 1362 1379 -1 1356 1359 1378 -1 1378 1379 1356 -1 1365 1356 1379 -1 1379 1362 1365 -1 1374 1373 1377 -1 1377 1380 1374 -1 1377 1378 1380 -1 1361 1366 1371 -1 1371 1352 1361 -1 1371 1353 1352 -1 1366 1368 1372 -1 1372 1371 1366 -1 1368 1367 1372 -1 1380 1364 1363 -1 1363 1374 1380 -1 1361 1375 1357 -1 1357 1366 1361 -1 1369 1368 1366 -1 1366 1365 1369 -1 1359 1364 1380 -1 1380 1378 1359 -1 1381 1382 1383 -1 1383 1384 1381 -1 1383 1385 1384 -1 1386 1387 1388 -1 1388 1389 1386 -1 1390 1391 1392 -1 1392 1393 1390 -1 1394 1395 1396 -1 1396 1397 1394 -1 1398 1399 1400 -1 1400 1401 1398 -1 1402 1403 1391 -1 1391 1390 1402 -1 1404 1405 1390 -1 1390 1393 1404 -1 1400 1385 1383 -1 1383 1406 1400 -1 1407 1408 1409 -1 1409 1410 1407 -1 1411 1412 1413 -1 1413 1414 1411 -1 1415 1407 1416 -1 1416 1417 1415 -1 1418 1419 1420 -1 1420 1421 1418 -1 1400 1399 1384 -1 1384 1385 1400 -1 1389 1388 1422 -1 1422 1423 1389 -1 1424 1398 1401 -1 1401 1425 1424 -1 1426 1427 1422 -1 1422 1387 1426 -1 1422 1388 1387 -1 1428 1429 1396 -1 1396 1395 1428 -1 1430 1431 1432 -1 1432 1433 1430 -1 1410 1434 1435 -1 1435 1436 1410 -1 1437 1434 1410 -1 1410 1409 1437 -1 1404 1393 1429 -1 1429 1428 1404 -1 1405 1438 1402 -1 1402 1390 1405 -1 1389 1423 1403 -1 1403 1402 1389 -1 1437 1424 1425 -1 1425 1434 1437 -1 1394 1397 1439 -1 1439 1421 1394 -1 1421 1420 1394 -1 1440 1419 1418 -1 1418 1441 1440 -1 1442 1430 1433 -1 1433 1443 1442 -1 1444 1442 1443 -1 1443 1445 1444 -1 1396 1429 1446 -1 1446 1447 1396 -1 1407 1410 1436 -1 1436 1416 1407 -1 1438 1386 1389 -1 1389 1402 1438 -1 1401 1448 1449 -1 1449 1425 1401 -1 1431 1411 1414 -1 1414 1432 1431 -1 1429 1393 1392 -1 1392 1446 1429 -1 1441 1444 1445 -1 1445 1440 1441 -1 1401 1400 1406 -1 1406 1448 1401 -1 1382 1450 1449 -1 1449 1448 1382 -1 1448 1406 1382 -1 1406 1383 1382 -1 1412 1411 1431 -1 1431 1430 1412 -1 1430 1451 1412 -1 1430 1442 1451 -1 1442 1452 1451 -1 1442 1444 1452 -1 1444 1453 1452 -1 1444 1454 1453 -1 1454 1435 1453 -1 1454 1436 1435 -1 1454 1416 1436 -1 1454 1455 1416 -1 1435 1450 1453 -1 1435 1449 1450 -1 1455 1417 1416 -1 1444 1441 1456 -1 1456 1454 1444 -1 1441 1391 1456 -1 1391 1403 1456 -1 1403 1423 1456 -1 1423 1427 1456 -1 1441 1418 1391 -1 1423 1422 1427 -1 1418 1421 1392 -1 1392 1391 1418 -1 1421 1446 1392 -1 1421 1447 1446 -1 1421 1439 1447 -1 1425 1449 1435 -1 1435 1434 1425 -1 1397 1396 1447 -1 1447 1439 1397 -1 1415 1457 1408 -1 1408 1407 1415 -1 1382 1381 1458 -1 1458 1450 1382 -1 1452 1453 1459 -1 1459 1460 1452 -1 1450 1458 1459 -1 1459 1453 1450 -1 1427 1426 1461 -1 1461 1456 1427 -1 1420 1419 1404 -1 1404 1428 1420 -1 1428 1395 1420 -1 1395 1394 1420 -1 1433 1432 1414 -1 1414 1413 1433 -1 1413 1443 1433 -1 1413 1462 1443 -1 1462 1445 1443 -1 1462 1460 1445 -1 1460 1440 1445 -1 1460 1461 1440 -1 1461 1405 1440 -1 1461 1438 1405 -1 1461 1386 1438 -1 1461 1426 1386 -1 1405 1419 1440 -1 1405 1404 1419 -1 1426 1387 1386 -1 1460 1459 1463 -1 1463 1461 1460 -1 1459 1437 1463 -1 1437 1409 1463 -1 1409 1408 1463 -1 1408 1464 1463 -1 1459 1458 1437 -1 1408 1457 1464 -1 1458 1381 1424 -1 1424 1437 1458 -1 1381 1398 1424 -1 1381 1399 1398 -1 1381 1384 1399 -1 1457 1415 1417 -1 1417 1455 1457 -1 1455 1464 1457 -1 1412 1451 1462 -1 1462 1413 1412 -1 1463 1454 1456 -1 1456 1461 1463 -1 1451 1452 1460 -1 1460 1462 1451 -1 1463 1464 1455 -1 1455 1454 1463 -1 1465 1466 1467 -1 1467 1468 1465 -1 1469 1470 1471 -1 1471 1472 1469 -1 1473 1474 1465 -1 1465 1468 1473 -1 1468 1475 1473 -1 1472 1471 1476 -1 1476 1477 1472 -1 1478 1479 1470 -1 1470 1469 1478 -1 1480 1481 1482 -1 1482 1483 1480 -1 1478 1475 1484 -1 1484 1482 1478 -1 1484 1483 1482 -1 1475 1468 1485 -1 1485 1484 1475 -1 1468 1467 1485 -1 1467 1466 1486 -1 1486 1485 1467 -1 1486 1487 1484 -1 1484 1485 1486 -1 1488 1489 1476 -1 1476 1471 1488 -1 1488 1490 1491 -1 1491 1492 1488 -1 1491 1493 1492 -1 1491 1494 1493 -1 1490 1488 1471 -1 1471 1470 1490 -1 1484 1487 1480 -1 1480 1483 1484 -1 1490 1474 1473 -1 1473 1491 1490 -1 1473 1494 1491 -1 1473 1475 1494 -1 1469 1472 1493 -1 1493 1494 1469 -1 1478 1469 1494 -1 1494 1475 1478 -1 1489 1488 1492 -1 1492 1495 1489 -1 1492 1493 1495 -1 1474 1479 1486 -1 1486 1465 1474 -1 1486 1466 1465 -1 1479 1481 1487 -1 1487 1486 1479 -1 1481 1480 1487 -1 1495 1477 1476 -1 1476 1489 1495 -1 1474 1490 1470 -1 1470 1479 1474 -1 1482 1481 1479 -1 1479 1478 1482 -1 1472 1477 1495 -1 1495 1493 1472 -1 1496 1497 1498 -1 1498 1499 1496 -1 1500 1501 1502 -1 1502 1503 1500 -1 1504 1505 1496 -1 1496 1499 1504 -1 1499 1506 1504 -1 1503 1502 1507 -1 1507 1508 1503 -1 1509 1510 1501 -1 1501 1500 1509 -1 1511 1512 1513 -1 1513 1514 1511 -1 1509 1506 1515 -1 1515 1513 1509 -1 1515 1514 1513 -1 1506 1499 1516 -1 1516 1515 1506 -1 1499 1498 1516 -1 1498 1497 1517 -1 1517 1516 1498 -1 1517 1518 1515 -1 1515 1516 1517 -1 1519 1520 1507 -1 1507 1502 1519 -1 1519 1521 1522 -1 1522 1523 1519 -1 1522 1524 1523 -1 1522 1525 1524 -1 1521 1519 1502 -1 1502 1501 1521 -1 1515 1518 1511 -1 1511 1514 1515 -1 1521 1505 1504 -1 1504 1522 1521 -1 1504 1525 1522 -1 1504 1506 1525 -1 1500 1503 1524 -1 1524 1525 1500 -1 1509 1500 1525 -1 1525 1506 1509 -1 1520 1519 1523 -1 1523 1526 1520 -1 1523 1524 1526 -1 1505 1510 1517 -1 1517 1496 1505 -1 1517 1497 1496 -1 1510 1512 1518 -1 1518 1517 1510 -1 1512 1511 1518 -1 1526 1508 1507 -1 1507 1520 1526 -1 1505 1521 1501 -1 1501 1510 1505 -1 1513 1512 1510 -1 1510 1509 1513 -1 1503 1508 1526 -1 1526 1524 1503 -1 1527 1528 1529 -1 1529 1530 1527 -1 1531 1532 1533 -1 1533 1534 1531 -1 1535 1536 1537 -1 1537 1538 1535 -1 1532 1539 1540 -1 1540 1533 1532 -1 1527 1541 1533 -1 1533 1540 1527 -1 1542 1543 1544 -1 1544 1545 1542 -1 1544 1546 1545 -1 1543 1535 1547 -1 1547 1544 1543 -1 1535 1538 1547 -1 1548 1549 1550 -1 1536 1535 1543 -1 1543 1551 1536 -1 1551 1552 1536 -1 1551 1531 1552 -1 1531 1550 1552 -1 1531 1548 1550 -1 1553 1554 1555 -1 1555 1556 1553 -1 1542 1541 1557 -1 1557 1543 1542 -1 1555 1554 1550 -1 1550 1549 1555 -1 1558 1547 1538 -1 1538 1537 1558 -1 1534 1542 1545 -1 1545 1559 1534 -1 1536 1552 1558 -1 1558 1537 1536 -1 1531 1534 1553 -1 1553 1548 1531 -1 1553 1556 1548 -1 1534 1559 1560 -1 1560 1553 1534 -1 1559 1561 1560 -1 1552 1550 1554 -1 1554 1558 1552 -1 1554 1553 1560 -1 1560 1558 1554 -1 1560 1547 1558 -1 1560 1544 1547 -1 1549 1548 1556 -1 1556 1555 1549 -1 1562 1563 1529 -1 1529 1528 1562 -1 1561 1546 1544 -1 1544 1560 1561 -1 1528 1527 1540 -1 1540 1562 1528 -1 1546 1561 1559 -1 1559 1545 1546 -1 1539 1563 1562 -1 1562 1540 1539 -1 1564 1530 1529 -1 1529 1539 1564 -1 1529 1563 1539 -1 1541 1527 1530 -1 1530 1557 1541 -1 1551 1543 1557 -1 1557 1565 1551 -1 1565 1531 1551 -1 1565 1532 1531 -1 1565 1557 1530 -1 1530 1564 1565 -1 1564 1532 1565 -1 1564 1539 1532 -1 1541 1542 1534 -1 1534 1533 1541 -1 1566 1567 1568 -1 1568 1569 1566 -1 1570 1571 1572 -1 1572 1573 1570 -1 1574 1575 1576 -1 1576 1577 1574 -1 1571 1578 1579 -1 1579 1572 1571 -1 1566 1580 1572 -1 1572 1579 1566 -1 1581 1582 1583 -1 1583 1584 1581 -1 1583 1585 1584 -1 1582 1574 1586 -1 1586 1583 1582 -1 1574 1577 1586 -1 1587 1588 1589 -1 1575 1574 1582 -1 1582 1590 1575 -1 1590 1591 1575 -1 1590 1570 1591 -1 1570 1589 1591 -1 1570 1587 1589 -1 1592 1593 1594 -1 1594 1595 1592 -1 1581 1580 1596 -1 1596 1582 1581 -1 1594 1593 1589 -1 1589 1588 1594 -1 1597 1586 1577 -1 1577 1576 1597 -1 1573 1581 1584 -1 1584 1598 1573 -1 1575 1591 1597 -1 1597 1576 1575 -1 1570 1573 1592 -1 1592 1587 1570 -1 1592 1595 1587 -1 1573 1598 1599 -1 1599 1592 1573 -1 1598 1600 1599 -1 1591 1589 1593 -1 1593 1597 1591 -1 1593 1592 1599 -1 1599 1597 1593 -1 1599 1586 1597 -1 1599 1583 1586 -1 1588 1587 1595 -1 1595 1594 1588 -1 1601 1602 1568 -1 1568 1567 1601 -1 1600 1585 1583 -1 1583 1599 1600 -1 1567 1566 1579 -1 1579 1601 1567 -1 1585 1600 1598 -1 1598 1584 1585 -1 1578 1602 1601 -1 1601 1579 1578 -1 1603 1569 1568 -1 1568 1578 1603 -1 1568 1602 1578 -1 1580 1566 1569 -1 1569 1596 1580 -1 1590 1582 1596 -1 1596 1604 1590 -1 1604 1570 1590 -1 1604 1571 1570 -1 1604 1596 1569 -1 1569 1603 1604 -1 1603 1571 1604 -1 1603 1578 1571 -1 1580 1581 1573 -1 1573 1572 1580 -1 1605 578 603 -1 578 1605 1606 -1 1607 578 1606 -1 578 1607 579 -1 579 1607 581 -1 581 1607 1608 -1 1609 581 1608 -1 1610 1611 1612 -1 1611 1610 594 -1 1611 594 1613 -1 1613 594 581 -1 1613 581 1609 -1 1614 600 1615 -1 600 1614 1616 -1 600 1616 571 -1 571 1616 1617 -1 1617 1616 1618 -1 1619 1615 600 -1 1615 1620 1621 -1 1620 1615 1619 -1 1610 666 594 -1 666 1605 603 -1 1605 666 1622 -1 1622 666 1610 -1 592 1623 1624 -1 1623 592 557 -1 1625 1610 1612 -1 1610 1625 1622 -1 1626 1627 1628 -1 1627 1626 1629 -1 1628 1630 1631 -1 1630 1628 1627 -1 1632 1633 1634 -1 1633 1632 1635 -1 1633 1635 1630 -1 1633 1630 1627 -1 1632 1636 1637 -1 1636 1632 1638 -1 1634 1638 1632 -1 1638 1634 1639 -1 1634 1640 1641 -1 1640 1634 1633 -1 1640 1633 1627 -1 1640 1627 1629 -1 1631 1636 1638 -1 1636 1631 1642 -1 1643 1623 1644 -1 1620 1645 1621 -1 1645 1620 1624 -1 1645 1624 1626 -1 1626 1624 1623 -1 1626 1623 1643 -1 1607 1609 1608 -1 1609 1607 1646 -1 1628 1638 1639 -1 1638 1628 1631 -1 1631 1647 1642 -1 1647 1631 1630 -1 1611 1616 1614 -1 1616 1611 1613 -1 1641 1639 1634 -1 1639 1641 1645 -1 1647 1636 1642 -1 1636 1647 1637 -1 1626 1639 1645 -1 1639 1626 1628 -1 1617 1643 1644 -1 1643 1617 1618 -1 1641 1611 1645 -1 1611 1641 1625 -1 1611 1625 1612 -1 1645 1614 1621 -1 1614 1645 1611 -1 1621 1614 1615 -1 1641 1605 1625 -1 1605 1641 1640 -1 1605 1640 1606 -1 1606 1640 1607 -1 1607 1640 1646 -1 1646 1640 1629 -1 1622 1625 1605 -1 1626 1616 1629 -1 1616 1626 1643 -1 1616 1643 1618 -1 1629 1613 1646 -1 1613 1629 1616 -1 1646 1613 1609 -1 1637 1635 1632 -1 1635 1637 1647 -1 1635 1647 1630 -1 1620 592 1624 -1 592 1620 674 -1 674 1620 600 -1 600 1620 1619 -1 1617 560 571 -1 560 1623 557 -1 1623 560 1644 -1 1644 560 1617 -1 1648 1649 1650 -1 1650 1651 1648 -1 1652 1653 1654 -1 1654 1655 1652 -1 1656 1657 1648 -1 1648 1651 1656 -1 1651 1658 1656 -1 1655 1654 1659 -1 1659 1660 1655 -1 1661 1662 1653 -1 1653 1652 1661 -1 1663 1664 1665 -1 1665 1666 1663 -1 1661 1658 1667 -1 1667 1665 1661 -1 1667 1666 1665 -1 1658 1651 1668 -1 1668 1667 1658 -1 1651 1650 1668 -1 1650 1649 1669 -1 1669 1668 1650 -1 1669 1670 1667 -1 1667 1668 1669 -1 1671 1672 1659 -1 1659 1654 1671 -1 1671 1673 1674 -1 1674 1675 1671 -1 1674 1676 1675 -1 1674 1677 1676 -1 1673 1671 1654 -1 1654 1653 1673 -1 1667 1670 1663 -1 1663 1666 1667 -1 1673 1657 1656 -1 1656 1674 1673 -1 1656 1677 1674 -1 1656 1658 1677 -1 1652 1655 1676 -1 1676 1677 1652 -1 1661 1652 1677 -1 1677 1658 1661 -1 1672 1671 1675 -1 1675 1678 1672 -1 1675 1676 1678 -1 1657 1662 1669 -1 1669 1648 1657 -1 1669 1649 1648 -1 1662 1664 1670 -1 1670 1669 1662 -1 1664 1663 1670 -1 1678 1660 1659 -1 1659 1672 1678 -1 1657 1673 1653 -1 1653 1662 1657 -1 1665 1664 1662 -1 1662 1661 1665 -1 1655 1660 1678 -1 1678 1676 1655 -1 1679 1680 1681 -1 1681 1682 1679 -1 1683 1684 1685 -1 1685 1686 1683 -1 1687 1688 1679 -1 1679 1682 1687 -1 1682 1689 1687 -1 1686 1685 1690 -1 1690 1691 1686 -1 1692 1693 1684 -1 1684 1683 1692 -1 1694 1695 1696 -1 1696 1697 1694 -1 1692 1689 1698 -1 1698 1696 1692 -1 1698 1697 1696 -1 1689 1682 1699 -1 1699 1698 1689 -1 1682 1681 1699 -1 1681 1680 1700 -1 1700 1699 1681 -1 1700 1701 1698 -1 1698 1699 1700 -1 1702 1703 1690 -1 1690 1685 1702 -1 1702 1704 1705 -1 1705 1706 1702 -1 1705 1707 1706 -1 1705 1708 1707 -1 1704 1702 1685 -1 1685 1684 1704 -1 1698 1701 1694 -1 1694 1697 1698 -1 1704 1688 1687 -1 1687 1705 1704 -1 1687 1708 1705 -1 1687 1689 1708 -1 1683 1686 1707 -1 1707 1708 1683 -1 1692 1683 1708 -1 1708 1689 1692 -1 1703 1702 1706 -1 1706 1709 1703 -1 1706 1707 1709 -1 1688 1693 1700 -1 1700 1679 1688 -1 1700 1680 1679 -1 1693 1695 1701 -1 1701 1700 1693 -1 1695 1694 1701 -1 1709 1691 1690 -1 1690 1703 1709 -1 1688 1704 1684 -1 1684 1693 1688 -1 1696 1695 1693 -1 1693 1692 1696 -1 1686 1691 1709 -1 1709 1707 1686 -1 1710 1711 1712 -1 1712 1713 1710 -1 1711 1714 1715 -1 1715 1712 1711 -1 1716 1717 1718 -1 1718 1719 1716 -1 1712 1720 1721 -1 1721 1713 1712 -1 1715 1722 1720 -1 1720 1712 1715 -1 1718 1723 1724 -1 1724 1719 1718 -1 1715 1725 668 -1 668 1722 1715 -1 1717 1726 1727 -1 1727 1718 1717 -1 1714 669 1725 -1 1725 1715 1714 -1 1726 1717 1716 -1 1716 1728 1726 -1 1728 1729 1726 -1 1730 1710 1713 -1 1713 1731 1730 -1 1732 1733 1734 -1 1734 1735 1732 -1 1735 1734 1736 -1 1736 1737 1735 -1 1738 1732 1735 -1 1735 1739 1738 -1 564 1740 1741 -1 1741 1742 564 -1 1740 563 1743 -1 1743 1741 1740 -1 1718 1727 1744 -1 1744 1723 1718 -1 1713 1721 1745 -1 1745 1731 1713 -1 1723 1731 1745 -1 1745 1724 1723 -1 1730 1731 1723 -1 1723 1744 1730 -1 1729 1746 1730 -1 1730 1744 1729 -1 1744 1727 1729 -1 1727 1726 1729 -1 1747 1748 1749 -1 1749 1750 1747 -1 1750 1751 1747 -1 1750 1752 1751 -1 1752 1753 1751 -1 1752 596 1753 -1 596 1711 1753 -1 596 1714 1711 -1 596 700 1714 -1 1711 1710 1753 -1 1710 1746 1753 -1 1710 1730 1746 -1 700 669 1714 -1 1752 1754 597 -1 597 596 1752 -1 1754 1755 597 -1 1755 1743 597 -1 1743 693 597 -1 1754 1756 1755 -1 1754 1757 1756 -1 1743 563 693 -1 1757 1758 1759 -1 1759 1756 1757 -1 1758 1738 1759 -1 1758 1732 1738 -1 1758 1733 1732 -1 1741 1760 1761 -1 1761 1742 1741 -1 1762 1746 1729 -1 1729 1728 1762 -1 700 699 668 -1 668 669 700 -1 668 1725 669 -1 1763 1764 1749 -1 1749 1748 1763 -1 1765 1758 1757 -1 1757 1766 1765 -1 1757 1754 1767 -1 1767 1766 1757 -1 1765 1766 1768 -1 1768 1769 1765 -1 1769 1737 1765 -1 1737 1736 1765 -1 1770 1764 1763 -1 1763 1771 1770 -1 1771 1772 1770 -1 1772 1773 1770 -1 1772 1767 1773 -1 1772 601 1767 -1 601 1761 1767 -1 601 1742 1761 -1 601 692 1742 -1 1761 1774 1767 -1 1774 1766 1767 -1 1774 1768 1766 -1 692 564 1742 -1 1772 1775 598 -1 598 601 1772 -1 1775 1720 598 -1 1720 1722 598 -1 1722 699 598 -1 1775 1721 1720 -1 1775 1762 1721 -1 1722 668 699 -1 1762 1728 1745 -1 1745 1721 1762 -1 1728 1724 1745 -1 1728 1719 1724 -1 1728 1716 1719 -1 1764 1770 1750 -1 1750 1749 1764 -1 1770 1773 1752 -1 1752 1750 1770 -1 1758 1765 1736 -1 1736 1733 1758 -1 1736 1734 1733 -1 1772 1771 1747 -1 1747 1751 1772 -1 1773 1767 1754 -1 1754 1752 1773 -1 597 601 598 -1 598 596 597 -1 563 1740 564 -1 564 692 563 -1 692 693 563 -1 1775 1772 1751 -1 1751 1753 1775 -1 1775 1753 1746 -1 1746 1762 1775 -1 1771 1763 1748 -1 1748 1747 1771 -1 597 693 692 -1 692 601 597 -1 1759 1738 1739 -1 1739 1776 1759 -1 1735 1737 1769 -1 1769 1739 1735 -1 1756 1759 1776 -1 1776 1777 1756 -1 1739 1769 1768 -1 1768 1776 1739 -1 1756 1777 1760 -1 1760 1755 1756 -1 1760 1777 1774 -1 1774 1761 1760 -1 1776 1768 1774 -1 1774 1777 1776 -1 1741 1743 1755 -1 1755 1760 1741 -1 1778 1779 1780 -1 1780 1781 1778 -1 1782 1783 1784 -1 1784 1785 1782 -1 1786 1787 1778 -1 1778 1781 1786 -1 1781 1788 1786 -1 1785 1784 1789 -1 1789 1790 1785 -1 1791 1792 1783 -1 1783 1782 1791 -1 1793 1794 1795 -1 1795 1796 1793 -1 1791 1788 1205 -1 1205 1795 1791 -1 1205 1796 1795 -1 1788 1781 1208 -1 1208 1205 1788 -1 1781 1780 1208 -1 1780 1779 1797 -1 1797 1208 1780 -1 1797 1798 1205 -1 1205 1208 1797 -1 1799 1800 1789 -1 1789 1784 1799 -1 1799 1801 1802 -1 1802 1803 1799 -1 1802 1804 1803 -1 1802 1805 1804 -1 1801 1799 1784 -1 1784 1783 1801 -1 1205 1798 1793 -1 1793 1796 1205 -1 1801 1787 1786 -1 1786 1802 1801 -1 1786 1805 1802 -1 1786 1788 1805 -1 1782 1785 1804 -1 1804 1805 1782 -1 1791 1782 1805 -1 1805 1788 1791 -1 1800 1799 1803 -1 1803 1806 1800 -1 1803 1804 1806 -1 1787 1792 1797 -1 1797 1778 1787 -1 1797 1779 1778 -1 1792 1794 1798 -1 1798 1797 1792 -1 1794 1793 1798 -1 1806 1790 1789 -1 1789 1800 1806 -1 1787 1801 1783 -1 1783 1792 1787 -1 1795 1794 1792 -1 1792 1791 1795 -1 1785 1790 1806 -1 1806 1804 1785 -1 1807 1808 1809 -1 1809 1810 1807 -1 1811 1812 1813 -1 1813 1814 1811 -1 1815 1816 1807 -1 1807 1810 1815 -1 1810 1817 1815 -1 1814 1813 1818 -1 1818 1819 1814 -1 1820 1821 1812 -1 1812 1811 1820 -1 1822 1823 1824 -1 1824 1825 1822 -1 1820 1817 1826 -1 1826 1824 1820 -1 1826 1825 1824 -1 1817 1810 1827 -1 1827 1826 1817 -1 1810 1809 1827 -1 1809 1808 1206 -1 1206 1827 1809 -1 1206 1203 1826 -1 1826 1827 1206 -1 1828 1829 1818 -1 1818 1813 1828 -1 1828 1830 1831 -1 1831 1832 1828 -1 1831 1833 1832 -1 1831 1834 1833 -1 1830 1828 1813 -1 1813 1812 1830 -1 1826 1203 1822 -1 1822 1825 1826 -1 1830 1816 1815 -1 1815 1831 1830 -1 1815 1834 1831 -1 1815 1817 1834 -1 1811 1814 1833 -1 1833 1834 1811 -1 1820 1811 1834 -1 1834 1817 1820 -1 1829 1828 1832 -1 1832 1835 1829 -1 1832 1833 1835 -1 1816 1821 1206 -1 1206 1807 1816 -1 1206 1808 1807 -1 1821 1823 1203 -1 1203 1206 1821 -1 1823 1822 1203 -1 1835 1819 1818 -1 1818 1829 1835 -1 1816 1830 1812 -1 1812 1821 1816 -1 1824 1823 1821 -1 1821 1820 1824 -1 1814 1819 1835 -1 1835 1833 1814 -1 1836 1837 1838 -1 1838 1839 1836 -1 1840 1841 1842 -1 1842 1843 1840 -1 1840 1844 1845 -1 1845 1841 1840 -1 1846 1847 1840 -1 1840 1843 1846 -1 1837 1846 1843 -1 1843 1838 1837 -1 1843 1842 1848 -1 1848 1838 1843 -1 1847 787 1844 -1 1844 1840 1847 -1 1849 1839 1850 -1 1850 1851 1849 -1 1852 1853 1854 -1 1854 1855 1852 -1 1856 1857 1849 -1 1849 1854 1856 -1 1853 1858 1856 -1 1856 1854 1853 -1 1854 1849 1851 -1 1851 1855 1854 -1 1859 1860 1861 -1 1861 1862 1859 -1 1858 1853 1852 -1 1852 1863 1858 -1 1863 1864 1858 -1 1864 1865 1836 -1 1836 1857 1864 -1 1857 1856 1864 -1 1856 1858 1864 -1 1866 1867 1868 -1 1868 1869 1866 -1 1869 1870 1866 -1 1869 1871 1870 -1 1871 1872 1870 -1 1871 725 1872 -1 725 1837 1872 -1 725 1846 1837 -1 725 1847 1846 -1 725 726 1847 -1 1837 1865 1872 -1 1837 1836 1865 -1 726 787 1847 -1 1871 1873 850 -1 850 725 1871 -1 1873 1874 850 -1 1874 1875 850 -1 1875 1876 850 -1 1876 789 850 -1 1873 1877 1874 -1 1876 781 789 -1 1877 1878 1879 -1 1879 1874 1877 -1 1878 1880 1879 -1 1878 1881 1880 -1 1878 1882 1881 -1 1838 1848 1850 -1 1850 1839 1838 -1 1836 1839 1849 -1 1849 1857 1836 -1 781 1860 1859 -1 1859 1883 781 -1 1883 789 781 -1 1884 1885 1869 -1 1869 1868 1884 -1 850 851 724 -1 724 725 850 -1 789 1883 851 -1 1886 1887 1888 -1 1888 1889 1886 -1 1889 1890 1886 -1 1890 1891 1886 -1 1885 1884 1892 -1 1892 1893 1885 -1 1893 1894 1885 -1 1893 1895 1894 -1 1895 1896 1894 -1 1895 851 1896 -1 851 1897 1896 -1 851 1898 1897 -1 851 1862 1898 -1 851 1883 1862 -1 1897 1887 1896 -1 1897 1888 1887 -1 1883 1859 1862 -1 1895 1899 724 -1 724 851 1895 -1 1899 1848 724 -1 1848 1842 724 -1 1842 1841 724 -1 1841 1900 724 -1 1899 1901 1848 -1 1841 1845 1900 -1 1901 1863 1850 -1 1850 1848 1901 -1 1863 1851 1850 -1 1863 1855 1851 -1 1863 1852 1855 -1 726 1900 1845 -1 1845 787 726 -1 1845 1844 787 -1 1900 726 725 -1 725 724 1900 -1 1881 1882 1902 -1 1902 1903 1881 -1 1880 1881 1903 -1 1903 1904 1880 -1 1879 1880 1904 -1 1904 1905 1879 -1 1874 1879 1905 -1 1905 1906 1874 -1 1874 1906 1907 -1 1907 1875 1874 -1 1861 1876 1875 -1 1875 1907 1861 -1 1861 1907 1898 -1 1898 1862 1861 -1 1904 1889 1888 -1 1888 1905 1904 -1 1889 1904 1903 -1 1903 1890 1889 -1 1903 1902 1891 -1 1891 1890 1903 -1 1860 781 1876 -1 1876 1861 1860 -1 1907 1906 1897 -1 1897 1898 1907 -1 1905 1888 1897 -1 1897 1906 1905 -1 1873 1871 1894 -1 1894 1896 1873 -1 1885 1894 1871 -1 1871 1869 1885 -1 1877 1873 1896 -1 1896 1887 1877 -1 1901 1865 1864 -1 1864 1863 1901 -1 1878 1886 1891 -1 1891 1882 1878 -1 1891 1902 1882 -1 1892 1884 1868 -1 1868 1867 1892 -1 1886 1878 1877 -1 1877 1887 1886 -1 1895 1893 1866 -1 1866 1870 1895 -1 1893 1892 1867 -1 1867 1866 1893 -1 1899 1872 1865 -1 1865 1901 1899 -1 1895 1870 1872 -1 1872 1899 1895 -1 1908 1909 1910 -1 1910 1911 1908 -1 1912 1913 1914 -1 1914 1915 1912 -1 1916 1917 1908 -1 1908 1911 1916 -1 1911 1918 1916 -1 1915 1914 1919 -1 1919 1920 1915 -1 1921 1922 1913 -1 1913 1912 1921 -1 1923 1924 1925 -1 1925 1926 1923 -1 1921 1918 1927 -1 1927 1925 1921 -1 1927 1926 1925 -1 1918 1911 1928 -1 1928 1927 1918 -1 1911 1910 1928 -1 1910 1909 1929 -1 1929 1928 1910 -1 1929 1930 1927 -1 1927 1928 1929 -1 1931 1932 1919 -1 1919 1914 1931 -1 1931 1933 1934 -1 1934 1935 1931 -1 1934 1936 1935 -1 1934 1937 1936 -1 1933 1931 1914 -1 1914 1913 1933 -1 1927 1930 1923 -1 1923 1926 1927 -1 1933 1917 1916 -1 1916 1934 1933 -1 1916 1937 1934 -1 1916 1918 1937 -1 1912 1915 1936 -1 1936 1937 1912 -1 1921 1912 1937 -1 1937 1918 1921 -1 1932 1931 1935 -1 1935 1938 1932 -1 1935 1936 1938 -1 1917 1922 1929 -1 1929 1908 1917 -1 1929 1909 1908 -1 1922 1924 1930 -1 1930 1929 1922 -1 1924 1923 1930 -1 1938 1920 1919 -1 1919 1932 1938 -1 1917 1933 1913 -1 1913 1922 1917 -1 1925 1924 1922 -1 1922 1921 1925 -1 1915 1920 1938 -1 1938 1936 1915 -1 1939 1940 1941 -1 1941 1942 1939 -1 1943 1944 1945 -1 1945 1946 1943 -1 1947 1948 1939 -1 1939 1942 1947 -1 1942 1949 1947 -1 1946 1945 1950 -1 1950 1951 1946 -1 1952 1953 1944 -1 1944 1943 1952 -1 1954 1955 1956 -1 1956 1957 1954 -1 1952 1949 1958 -1 1958 1956 1952 -1 1958 1957 1956 -1 1949 1942 1959 -1 1959 1958 1949 -1 1942 1941 1959 -1 1941 1940 1960 -1 1960 1959 1941 -1 1960 1961 1958 -1 1958 1959 1960 -1 1962 1963 1950 -1 1950 1945 1962 -1 1962 1964 1965 -1 1965 1966 1962 -1 1965 1967 1966 -1 1965 1968 1967 -1 1964 1962 1945 -1 1945 1944 1964 -1 1958 1961 1954 -1 1954 1957 1958 -1 1964 1948 1947 -1 1947 1965 1964 -1 1947 1968 1965 -1 1947 1949 1968 -1 1943 1946 1967 -1 1967 1968 1943 -1 1952 1943 1968 -1 1968 1949 1952 -1 1963 1962 1966 -1 1966 1969 1963 -1 1966 1967 1969 -1 1948 1953 1960 -1 1960 1939 1948 -1 1960 1940 1939 -1 1953 1955 1961 -1 1961 1960 1953 -1 1955 1954 1961 -1 1969 1951 1950 -1 1950 1963 1969 -1 1948 1964 1944 -1 1944 1953 1948 -1 1956 1955 1953 -1 1953 1952 1956 -1 1946 1951 1969 -1 1969 1967 1946 -1 1235 1243 1246 -1 1246 1970 1235 -1 1970 1238 1235 -1 1235 1226 1227 -1 1227 1243 1235 -1 1971 1972 1973 -1 1249 1241 1973 -1 1973 1974 1249 -1 1973 1975 1974 -1 1973 1972 1975 -1 1241 1242 1973 -1 1233 1241 1249 -1 1249 1232 1233 -1 1976 1977 1973 -1 1973 1242 1976 -1 1978 1979 1977 -1 1977 1976 1978 -1 1976 1980 1981 -1 1981 1978 1976 -1 1981 1982 1978 -1 1233 1230 1980 -1 1980 1241 1233 -1 1241 1980 1976 -1 1976 1242 1241 -1 68 82 81 -1 68 83 82 -1 68 1983 83 -1 76 78 71 -1 78 79 71 -1 79 1984 71 -1 1984 1983 68 -1 68 71 1984 -1 1984 1985 1986 -1 1986 1987 1984 -1 1987 1983 1984 -1 1987 1988 1983 -1 77 80 68 -1 68 71 77 -1 1989 81 82 -1 82 1990 1989 -1 1991 83 1983 -1 1983 1988 1991 -1 1988 1992 1991 -1 82 83 1991 -1 1991 1990 82 -1 1993 80 81 -1 81 1989 1993 -1 1994 77 71 -1 71 1995 1994 -1 80 1993 1996 -1 1996 68 80 -1 1994 1997 76 -1 76 77 1994 -1 1997 1998 78 -1 78 76 1997 -1 1998 1999 79 -1 79 78 1998 -1 1999 2000 1985 -1 1985 79 1999 -1 1985 1984 79 -1 2001 2002 2003 -1 2003 2004 2001 -1 2003 2005 2004 -1 2005 2006 2004 -1 2006 2007 2004 -1 2007 2008 714 -1 714 2009 2007 -1 714 1859 2009 -1 2009 2010 2007 -1 2010 2004 2007 -1 2010 2011 2004 -1 2010 2012 2011 -1 2013 2014 2006 -1 2006 2005 2013 -1 708 709 2015 -1 2015 1859 708 -1 2015 2009 1859 -1 2015 2016 2009 -1 2015 2017 2016 -1 2017 2018 2016 -1 2017 2019 2018 -1 2017 2020 2019 -1 2020 1993 2019 -1 2019 2021 2018 -1 2019 1993 1989 -1 1989 2022 2019 -1 1989 1990 2022 -1 1990 1991 2022 -1 1991 1992 2022 -1 1992 2023 2022 -1 1996 1993 2020 -1 720 2024 2025 -1 2025 2017 720 -1 2025 2026 2017 -1 2026 2027 2017 -1 2027 2028 2017 -1 2028 2020 2017 -1 71 68 1996 -1 1996 1995 71 -1 1996 2029 1995 -1 1996 2030 2029 -1 2030 2031 2029 -1 2031 2032 2029 -1 71 1995 2033 -1 2033 2020 71 -1 2020 68 71 -1 2020 1996 68 -1 1229 1228 1227 -1 1227 1226 1229 -1 2034 2035 2036 -1 2036 2037 2034 -1 2038 2039 2040 -1 2040 2041 2038 -1 2037 2036 2038 -1 2038 2041 2037 -1 2042 2031 2030 -1 2030 2043 2042 -1 2044 2029 2032 -1 2032 2045 2044 -1 2045 2032 2031 -1 2031 2042 2045 -1 2043 2030 1996 -1 1996 2020 2043 -1 2033 1995 2029 -1 2029 2044 2033 -1 2028 2020 2033 -1 2033 2046 2028 -1 2043 2020 2028 -1 2028 2047 2043 -1 2042 2043 2047 -1 2047 2048 2042 -1 2049 2045 2042 -1 2042 2048 2049 -1 2050 2044 2045 -1 2045 2049 2050 -1 2046 2033 2044 -1 2044 2050 2046 -1 2027 2028 2046 -1 2046 2051 2027 -1 2047 2028 2027 -1 2027 2052 2047 -1 2048 2047 2052 -1 2052 2053 2048 -1 2049 2048 2053 -1 2053 2054 2049 -1 2055 2050 2049 -1 2049 2054 2055 -1 2051 2046 2050 -1 2050 2055 2051 -1 2026 2027 2051 -1 2051 2035 2026 -1 2052 2027 2026 -1 2026 2056 2052 -1 2053 2052 2056 -1 2056 2039 2053 -1 2054 2053 2039 -1 2039 2038 2054 -1 2036 2055 2054 -1 2054 2038 2036 -1 2035 2051 2055 -1 2055 2036 2035 -1 2056 2026 2025 -1 2025 2057 2056 -1 2039 2056 2057 -1 2057 2040 2039 -1 2058 2034 2037 -1 2037 2024 2058 -1 2037 2041 2024 -1 2041 2040 2024 -1 2040 2057 2024 -1 2057 2025 2024 -1 2000 2059 2060 -1 2060 1985 2000 -1 2061 2062 2063 -1 2063 2064 2061 -1 2002 2001 2065 -1 2001 2066 2067 -1 2067 2065 2001 -1 2067 2068 2065 -1 2068 2069 2065 -1 2068 2070 2069 -1 2071 2072 2073 -1 2073 2074 2071 -1 2070 2075 2076 -1 2076 2069 2070 -1 2076 2013 2069 -1 2076 2072 2013 -1 2072 2014 2013 -1 2072 2071 2014 -1 2077 1981 1980 -1 1980 1230 2077 -1 2062 2061 2077 -1 2077 1230 2062 -1 1230 1231 2062 -1 1231 1229 2062 -1 1229 2078 2062 -1 1229 2079 2078 -1 2079 2080 2078 -1 1228 1229 1231 -1 2081 2079 1229 -1 1229 1235 2081 -1 1235 1238 2081 -1 1238 1970 2082 -1 2082 2081 1238 -1 2064 2083 2084 -1 2084 2085 2064 -1 2086 1219 1211 -1 1211 2087 2086 -1 1211 1218 2087 -1 1211 2088 1218 -1 1211 2089 2088 -1 2089 2085 2088 -1 2089 2077 2085 -1 2077 2061 2085 -1 2061 2064 2085 -1 2090 2073 2072 -1 2072 2091 2090 -1 2091 2092 2090 -1 2093 2088 2085 -1 2085 2094 2093 -1 2095 2096 2004 -1 2004 2011 2095 -1 1970 1246 2097 -1 2097 2098 1970 -1 2097 1972 1971 -1 1971 2098 2097 -1 2099 2095 2011 -1 2011 2012 2099 -1 2066 2001 1218 -1 1218 2093 2066 -1 1218 2088 2093 -1 2001 1214 1218 -1 2001 2096 1214 -1 2001 2004 2096 -1 1986 2100 2101 -1 2101 1987 1986 -1 2102 1198 1196 -1 1196 2103 2102 -1 2104 2105 2106 -1 2106 2083 2104 -1 2083 1199 2104 -1 2083 1195 1199 -1 2083 2064 1195 -1 2064 2063 1195 -1 2063 2107 1195 -1 2063 2108 2107 -1 2108 2009 2107 -1 2108 2010 2009 -1 2109 2110 2111 -1 2111 2112 2109 -1 1195 2107 2113 -1 2113 2114 1195 -1 2114 1196 1195 -1 2114 2115 1196 -1 2115 2109 1196 -1 2109 2103 1196 -1 2109 2112 2103 -1 1215 1219 2086 -1 2086 2116 1215 -1 2109 2115 2117 -1 2117 1988 1987 -1 1987 2109 2117 -1 1987 2101 2109 -1 2062 2078 2118 -1 2118 2096 2062 -1 2096 2108 2062 -1 2108 2063 2062 -1 2096 2095 2099 -1 2099 2108 2096 -1 1216 1215 2116 -1 2116 2119 1216 -1 2119 1214 1216 -1 1214 2096 1216 -1 2096 2118 1216 -1 2008 2120 715 -1 715 704 2008 -1 714 2008 704 -1 704 707 705 -1 707 706 705 -1 2024 720 718 -1 718 2058 2024 -1 706 717 709 -1 717 711 709 -1 717 719 711 -1 719 718 711 -1 719 722 718 -1 722 2058 718 -1 707 710 716 -1 716 706 707 -1 716 717 706 -1 2121 2082 1970 -1 1970 2098 2121 -1 2089 1211 1978 -1 1978 1982 2089 -1 2122 1216 2118 -1 2118 2123 2122 -1 2034 2058 722 -1 722 2124 2034 -1 2124 2035 2034 -1 2124 2051 2035 -1 2124 2046 2051 -1 2124 2033 2046 -1 1995 2033 1994 -1 1997 1994 2125 -1 2125 2126 1997 -1 2126 1998 1997 -1 2126 1999 1998 -1 2126 2000 1999 -1 2126 2059 2000 -1 2127 716 710 -1 710 1845 2127 -1 1845 2105 2127 -1 2105 2128 2127 -1 2128 2124 2127 -1 2128 2129 2124 -1 2129 2125 2124 -1 2125 2033 2124 -1 2125 1994 2033 -1 2129 2130 2125 -1 2131 2076 2075 -1 2075 2132 2131 -1 715 2120 2133 -1 2133 2105 715 -1 2105 1845 715 -1 2133 2106 2105 -1 2134 2106 2094 -1 2067 2066 2093 -1 2093 2135 2067 -1 2093 2132 2135 -1 2093 2131 2132 -1 2093 2133 2131 -1 2093 2094 2133 -1 2094 2106 2133 -1 1971 1979 1978 -1 1978 1211 1971 -1 1211 1219 1971 -1 1219 2098 1971 -1 1219 1215 2098 -1 1215 2121 2098 -1 1215 1216 2121 -1 1216 2122 2121 -1 1971 1973 1977 -1 1977 1979 1971 -1 2119 2087 1218 -1 1218 1214 2119 -1 2136 2104 1199 -1 1199 2137 2136 -1 1199 1198 2137 -1 2116 2086 2087 -1 2087 2119 2116 -1 2100 2110 2109 -1 2109 2101 2100 -1 2074 2073 2090 -1 2090 2138 2074 -1 2078 2080 2123 -1 2123 2118 2078 -1 1981 2077 2089 -1 2089 1982 1981 -1 2080 2079 2081 -1 2081 2122 2080 -1 2122 2123 2080 -1 2081 2082 2121 -1 2121 2122 2081 -1 2068 2067 2135 -1 2135 2139 2068 -1 2139 2135 2132 -1 2132 2140 2139 -1 2132 2075 2070 -1 2070 2140 2132 -1 2140 2070 2068 -1 2068 2139 2140 -1 2072 2076 2131 -1 2131 2091 2072 -1 2091 2131 2133 -1 2133 2092 2091 -1 2137 2129 2128 -1 2128 2136 2137 -1 2128 2105 2104 -1 2104 2136 2128 -1 2130 2129 2137 -1 2137 2141 2130 -1 2060 2059 2126 -1 2126 2142 2060 -1 2092 2133 2090 -1 2120 2008 2090 -1 2090 2133 2120 -1 2008 2138 2090 -1 2008 2143 2138 -1 2008 2007 2143 -1 2126 2125 2144 -1 2144 2142 2126 -1 2144 2125 2130 -1 2130 2141 2144 -1 2006 2145 2143 -1 2143 2007 2006 -1 2146 2065 2069 -1 2069 2147 2146 -1 2002 2065 2146 -1 2146 2003 2002 -1 2003 2146 2147 -1 2147 2005 2003 -1 2147 2069 2013 -1 2013 2005 2147 -1 2071 2074 2138 -1 2138 2145 2071 -1 2138 2143 2145 -1 2014 2071 2145 -1 2145 2006 2014 -1 2142 2144 2141 -1 2141 2060 2142 -1 2117 2148 2022 -1 2022 2023 2117 -1 2115 2149 2148 -1 2148 2117 2115 -1 2094 2085 2084 -1 2084 2134 2094 -1 2113 2107 2009 -1 2009 2016 2113 -1 2134 2084 2083 -1 2083 2106 2134 -1 2115 2114 2018 -1 2018 2021 2115 -1 1228 1231 1232 -1 1232 1227 1228 -1 1232 1249 1974 -1 1974 1227 1232 -1 1974 1243 1227 -1 1974 1246 1243 -1 1974 2097 1246 -1 1974 1975 2097 -1 1975 1972 2097 -1 1988 2117 2023 -1 2023 1992 1988 -1 2017 2150 718 -1 718 720 2017 -1 2017 2015 2151 -1 2151 2150 2017 -1 711 2151 2015 -1 2015 709 711 -1 2151 711 718 -1 718 2150 2151 -1 1859 1883 706 -1 706 708 1859 -1 1859 714 705 -1 705 1883 1859 -1 1883 705 706 -1 716 2127 2152 -1 2152 717 716 -1 1900 704 715 -1 715 1845 1900 -1 1900 1845 710 -1 710 707 1900 -1 1900 707 704 -1 2153 2152 2127 -1 2127 2124 2153 -1 2153 2124 722 -1 722 719 2153 -1 2153 719 717 -1 717 2152 2153 -1 2148 2149 2019 -1 2019 2022 2148 -1 2111 2102 2103 -1 2103 2112 2111 -1 2019 2149 2115 -1 2115 2021 2019 -1 2018 2114 2113 -1 2113 2016 2018 -1 1198 2141 2137 -1 1986 1985 2060 -1 2060 2141 1986 -1 2141 1198 1986 -1 1198 2110 1986 -1 2110 2100 1986 -1 2110 1198 2102 -1 2102 2111 2110 -1 2108 2099 2012 -1 2012 2010 2108 -1 713 2008 2154 -1 2008 2120 2155 -1 2155 2154 2008 -1 712 2155 2120 -1 2120 2008 713 -1 713 712 2120 -1 713 2154 2155 -1 2155 712 713 -1 2156 16 19 -1 19 2157 2156 -1 2156 2157 2158 -1 2158 35 2156 -1 35 16 2156 -1 2159 2160 38 -1 38 2161 2159 -1 2159 2162 2163 -1 2163 2160 2159 -1 2163 38 2160 -1 2164 2165 2166 -1 2166 2167 2164 -1 2168 2169 2170 -1 2171 73 2172 -1 2172 2173 2171 -1 2173 2174 2171 -1 2172 2175 2173 -1 2172 2176 2175 -1 2172 2170 2176 -1 2170 2169 2176 -1 2172 2177 2170 -1 2172 2178 2177 -1 2172 2179 2178 -1 2179 225 2178 -1 225 2180 2178 -1 225 2181 2180 -1 2172 2167 2182 -1 2182 2179 2172 -1 233 2182 2159 -1 2159 2161 233 -1 2183 2184 2185 -1 2185 2186 2183 -1 2185 2166 2186 -1 2185 2159 2166 -1 2159 2182 2166 -1 2182 2167 2166 -1 2185 2162 2159 -1 2187 2188 2189 -1 2189 2190 2187 -1 2191 2189 2192 -1 2192 2193 2191 -1 2192 74 2194 -1 2194 2195 2192 -1 2194 2196 2195 -1 2195 2197 2192 -1 2197 2198 2192 -1 2198 2199 2192 -1 2198 2200 2199 -1 2199 2201 2192 -1 2201 2202 2192 -1 2202 2193 2192 -1 2202 230 2193 -1 2202 2203 230 -1 2203 2204 230 -1 2205 2206 2207 -1 2207 2208 2205 -1 2208 2190 2205 -1 2190 2157 2205 -1 2190 2191 2157 -1 2190 2189 2191 -1 2157 19 2205 -1 2157 2191 239 -1 239 2158 2157 -1 2200 2209 2210 -1 2210 2199 2200 -1 120 125 2199 -1 2199 2210 120 -1 2210 2209 120 -1 128 117 2204 -1 2204 2203 128 -1 127 128 2203 -1 2203 2202 127 -1 126 127 2202 -1 2202 2201 126 -1 125 126 2201 -1 2201 2199 125 -1 120 128 127 -1 120 117 128 -1 2180 2181 118 -1 118 124 2180 -1 2177 2178 123 -1 123 121 2177 -1 2178 2180 124 -1 124 123 2178 -1 2170 2177 121 -1 121 122 2170 -1 2168 2170 122 -1 122 119 2168 -1 2162 2185 2163 -1 2185 2205 19 -1 19 2163 2185 -1 19 16 2163 -1 16 38 2163 -1 35 2161 38 -1 35 233 2161 -1 35 232 233 -1 2211 2168 119 -1 120 2209 119 -1 2209 2212 119 -1 2212 2211 119 -1 2212 2213 2211 -1 2212 2214 2213 -1 229 225 231 -1 229 2181 225 -1 229 230 2181 -1 230 118 2181 -1 230 2204 118 -1 2204 117 118 -1 35 2158 239 -1 239 232 35 -1 123 124 119 -1 124 118 119 -1 2205 2185 2184 -1 2184 2206 2205 -1 2215 2165 2164 -1 2164 2187 2215 -1 2164 2188 2187 -1 2207 2206 2184 -1 2184 2183 2207 -1 2216 2217 2218 -1 2218 2219 2216 -1 2220 2216 2219 -1 2219 2221 2220 -1 2191 1179 238 -1 238 239 2191 -1 1176 1179 2191 -1 2191 2193 1176 -1 230 229 1176 -1 1176 2193 230 -1 238 1179 1176 -1 1176 229 238 -1 2190 2222 2215 -1 2215 2187 2190 -1 2208 2223 2222 -1 2222 2190 2208 -1 2189 2220 2221 -1 2221 2192 2189 -1 231 225 2179 -1 2179 1184 231 -1 2182 1185 1184 -1 1184 2179 2182 -1 2182 233 232 -1 232 1185 2182 -1 1184 1185 232 -1 232 231 1184 -1 2207 2183 2186 -1 2186 2223 2207 -1 2223 2208 2207 -1 2223 2186 2166 -1 2166 2222 2223 -1 2222 2166 2165 -1 2165 2215 2222 -1 2164 2167 2217 -1 2217 2188 2164 -1 2167 2224 2217 -1 2217 2216 2188 -1 2216 2220 2188 -1 2220 2189 2188 -1 2224 2167 2172 -1 2172 2225 2224 -1 73 74 2218 -1 2218 2172 73 -1 2218 2225 2172 -1 74 2219 2218 -1 74 2221 2219 -1 74 2192 2221 -1 2218 2217 2224 -1 2224 2225 2218 -1 2171 2174 2226 -1 2226 2194 2171 -1 2226 2227 2194 -1 2227 2228 2194 -1 2228 2229 2194 -1 2229 2196 2194 -1 2230 2213 2214 -1 2214 2231 2230 -1 2232 2211 2213 -1 2213 2230 2232 -1 2233 2212 2209 -1 2209 2200 2233 -1 2231 2214 2212 -1 2212 2233 2231 -1 2169 2168 2211 -1 2211 2232 2169 -1 2198 2200 2169 -1 2169 2176 2198 -1 2233 2200 2198 -1 2198 2234 2233 -1 2231 2233 2234 -1 2234 2235 2231 -1 2236 2230 2231 -1 2231 2235 2236 -1 2237 2232 2230 -1 2230 2236 2237 -1 2176 2169 2232 -1 2232 2237 2176 -1 2197 2198 2176 -1 2176 2175 2197 -1 2234 2198 2197 -1 2197 2238 2234 -1 2235 2234 2238 -1 2238 2239 2235 -1 2240 2236 2235 -1 2235 2239 2240 -1 2241 2237 2236 -1 2236 2240 2241 -1 2175 2176 2237 -1 2237 2241 2175 -1 2197 2175 2173 -1 2173 2195 2197 -1 2238 2197 2195 -1 2195 2242 2238 -1 2239 2238 2242 -1 2242 2243 2239 -1 2244 2240 2239 -1 2239 2243 2244 -1 2245 2241 2240 -1 2240 2244 2245 -1 2173 2175 2241 -1 2241 2245 2173 -1 2242 2195 2196 -1 2196 2229 2242 -1 2243 2242 2229 -1 2229 2228 2243 -1 2227 2244 2243 -1 2243 2228 2227 -1 2226 2245 2244 -1 2244 2227 2226 -1 2174 2173 2245 -1 2245 2226 2174 -1 74 73 2171 -1 2171 2194 74 -1 2246 2247 2248 -1 2248 2249 2246 -1 2249 2248 2102 -1 2102 2103 2249 -1 2102 2248 2247 -1 2247 2064 2102 -1 2063 2246 2249 -1 2249 2103 2063 -1 2102 2064 2063 -1 2063 2103 2102 -1 2064 2247 2246 -1 2246 2063 2064 -1 2250 2251 2252 -1 2252 2253 2250 -1 2251 2254 2255 -1 2255 2252 2251 -1 2256 2257 2258 -1 2258 2259 2256 -1 2252 2260 2261 -1 2261 2253 2252 -1 2255 2262 2260 -1 2260 2252 2255 -1 2258 2263 2264 -1 2264 2259 2258 -1 2255 2265 823 -1 823 2262 2255 -1 2257 2266 2267 -1 2267 2258 2257 -1 2254 824 2265 -1 2265 2255 2254 -1 2266 2257 2256 -1 2256 2268 2266 -1 2268 2269 2266 -1 2270 2250 2253 -1 2253 2271 2270 -1 2272 2273 2274 -1 2274 2275 2272 -1 2275 2274 2276 -1 2276 2277 2275 -1 2278 2272 2275 -1 2275 2279 2278 -1 759 2280 2281 -1 2281 2282 759 -1 2280 771 2283 -1 2283 2281 2280 -1 2258 2267 2284 -1 2284 2263 2258 -1 2253 2261 2285 -1 2285 2271 2253 -1 2263 2271 2285 -1 2285 2264 2263 -1 2270 2271 2263 -1 2263 2284 2270 -1 2269 2286 2270 -1 2270 2284 2269 -1 2284 2267 2269 -1 2267 2266 2269 -1 2287 2288 2289 -1 2289 2290 2287 -1 2290 2291 2287 -1 2290 2292 2291 -1 2292 2293 2291 -1 2292 865 2293 -1 865 2251 2293 -1 865 2254 2251 -1 865 866 2254 -1 2251 2250 2293 -1 2250 2286 2293 -1 2250 2270 2286 -1 866 824 2254 -1 2292 2294 855 -1 855 865 2292 -1 2294 2295 855 -1 2295 2283 855 -1 2283 854 855 -1 2294 2296 2295 -1 2294 2297 2296 -1 2283 771 854 -1 2297 2298 2299 -1 2299 2296 2297 -1 2298 2278 2299 -1 2298 2272 2278 -1 2298 2273 2272 -1 2281 2300 2301 -1 2301 2282 2281 -1 2302 2286 2269 -1 2269 2268 2302 -1 866 863 823 -1 823 824 866 -1 823 2265 824 -1 2303 2304 2289 -1 2289 2288 2303 -1 2305 2298 2297 -1 2297 2306 2305 -1 2297 2294 2307 -1 2307 2306 2297 -1 2305 2306 2308 -1 2308 2309 2305 -1 2309 2277 2305 -1 2277 2276 2305 -1 2310 2304 2303 -1 2303 2311 2310 -1 2311 2312 2310 -1 2312 2313 2310 -1 2312 2307 2313 -1 2312 856 2307 -1 856 2301 2307 -1 856 2282 2301 -1 856 857 2282 -1 2301 2314 2307 -1 2314 2306 2307 -1 2314 2308 2306 -1 857 759 2282 -1 2312 2315 864 -1 864 856 2312 -1 2315 2260 864 -1 2260 2262 864 -1 2262 863 864 -1 2315 2261 2260 -1 2315 2302 2261 -1 2262 823 863 -1 2302 2268 2285 -1 2285 2261 2302 -1 2268 2264 2285 -1 2268 2259 2264 -1 2268 2256 2259 -1 2304 2310 2290 -1 2290 2289 2304 -1 2310 2313 2292 -1 2292 2290 2310 -1 2298 2305 2276 -1 2276 2273 2298 -1 2276 2274 2273 -1 2312 2311 2287 -1 2287 2291 2312 -1 2313 2307 2294 -1 2294 2292 2313 -1 855 856 864 -1 864 865 855 -1 771 2280 759 -1 759 857 771 -1 857 854 771 -1 2315 2312 2291 -1 2291 2293 2315 -1 2315 2293 2286 -1 2286 2302 2315 -1 2311 2303 2288 -1 2288 2287 2311 -1 855 854 857 -1 857 856 855 -1 2299 2278 2279 -1 2279 2316 2299 -1 2275 2277 2309 -1 2309 2279 2275 -1 2296 2299 2316 -1 2316 2317 2296 -1 2279 2309 2308 -1 2308 2316 2279 -1 2296 2317 2300 -1 2300 2295 2296 -1 2300 2317 2314 -1 2314 2301 2300 -1 2316 2308 2314 -1 2314 2317 2316 -1 2281 2283 2295 -1 2295 2300 2281 -1 2318 2319 2320 -1 2320 2321 2318 -1 2322 2323 2324 -1 2324 2325 2322 -1 2326 2327 2318 -1 2318 2321 2326 -1 2321 2328 2326 -1 2325 2324 2329 -1 2329 2330 2325 -1 2331 2332 2323 -1 2323 2322 2331 -1 2333 2334 2335 -1 2335 2336 2333 -1 2331 2328 2337 -1 2337 2335 2331 -1 2337 2336 2335 -1 2328 2321 2338 -1 2338 2337 2328 -1 2321 2320 2338 -1 2320 2319 2339 -1 2339 2338 2320 -1 2339 2340 2337 -1 2337 2338 2339 -1 2341 2342 2329 -1 2329 2324 2341 -1 2341 2343 2344 -1 2344 2345 2341 -1 2344 2346 2345 -1 2344 2347 2346 -1 2343 2341 2324 -1 2324 2323 2343 -1 2337 2340 2333 -1 2333 2336 2337 -1 2343 2327 2326 -1 2326 2344 2343 -1 2326 2347 2344 -1 2326 2328 2347 -1 2322 2325 2346 -1 2346 2347 2322 -1 2331 2322 2347 -1 2347 2328 2331 -1 2342 2341 2345 -1 2345 2348 2342 -1 2345 2346 2348 -1 2327 2332 2339 -1 2339 2318 2327 -1 2339 2319 2318 -1 2332 2334 2340 -1 2340 2339 2332 -1 2334 2333 2340 -1 2348 2330 2329 -1 2329 2342 2348 -1 2327 2343 2323 -1 2323 2332 2327 -1 2335 2334 2332 -1 2332 2331 2335 -1 2325 2330 2348 -1 2348 2346 2325 -1 2349 2350 2351 -1 2351 2352 2349 -1 2353 2354 2355 -1 2355 2356 2353 -1 2357 2358 2349 -1 2349 2352 2357 -1 2352 2359 2357 -1 2356 2355 2360 -1 2360 2361 2356 -1 2362 2363 2354 -1 2354 2353 2362 -1 2364 2365 2366 -1 2366 2367 2364 -1 2362 2359 2368 -1 2368 2366 2362 -1 2368 2367 2366 -1 2359 2352 2369 -1 2369 2368 2359 -1 2352 2351 2369 -1 2351 2350 2370 -1 2370 2369 2351 -1 2370 2371 2368 -1 2368 2369 2370 -1 2372 2373 2360 -1 2360 2355 2372 -1 2372 2374 2375 -1 2375 2376 2372 -1 2375 2377 2376 -1 2375 2378 2377 -1 2374 2372 2355 -1 2355 2354 2374 -1 2368 2371 2364 -1 2364 2367 2368 -1 2374 2358 2357 -1 2357 2375 2374 -1 2357 2378 2375 -1 2357 2359 2378 -1 2353 2356 2377 -1 2377 2378 2353 -1 2362 2353 2378 -1 2378 2359 2362 -1 2373 2372 2376 -1 2376 2379 2373 -1 2376 2377 2379 -1 2358 2363 2370 -1 2370 2349 2358 -1 2370 2350 2349 -1 2363 2365 2371 -1 2371 2370 2363 -1 2365 2364 2371 -1 2379 2361 2360 -1 2360 2373 2379 -1 2358 2374 2354 -1 2354 2363 2358 -1 2366 2365 2363 -1 2363 2362 2366 -1 2356 2361 2379 -1 2379 2377 2356 -1 2380 2381 2382 -1 2382 2383 2380 -1 2384 2385 2386 -1 2386 2387 2384 -1 2384 2388 2389 -1 2389 2385 2384 -1 2390 2391 2384 -1 2384 2387 2390 -1 2381 2390 2387 -1 2387 2382 2381 -1 2387 2386 2392 -1 2392 2382 2387 -1 2391 2393 2388 -1 2388 2384 2391 -1 2394 2383 2395 -1 2395 2396 2394 -1 2397 2398 2399 -1 2399 2400 2397 -1 2401 2402 2394 -1 2394 2399 2401 -1 2398 2403 2401 -1 2401 2399 2398 -1 2399 2394 2396 -1 2396 2400 2399 -1 2404 2405 2406 -1 2406 2407 2404 -1 2403 2398 2397 -1 2397 2408 2403 -1 2408 2409 2403 -1 2409 2410 2380 -1 2380 2402 2409 -1 2402 2401 2409 -1 2401 2403 2409 -1 2411 2412 2413 -1 2413 2414 2411 -1 2414 2415 2411 -1 2414 2416 2415 -1 2416 2417 2415 -1 2416 2418 2417 -1 2418 2381 2417 -1 2418 2390 2381 -1 2418 2391 2390 -1 2418 2419 2391 -1 2381 2410 2417 -1 2381 2380 2410 -1 2419 2393 2391 -1 2416 2420 2421 -1 2421 2418 2416 -1 2420 2422 2421 -1 2422 2423 2421 -1 2423 2424 2421 -1 2424 2425 2421 -1 2420 2426 2422 -1 2424 2427 2425 -1 2426 2428 2429 -1 2429 2422 2426 -1 2428 2430 2429 -1 2428 2431 2430 -1 2428 2432 2431 -1 2382 2392 2395 -1 2395 2383 2382 -1 2380 2383 2394 -1 2394 2402 2380 -1 2427 2405 2404 -1 2404 2433 2427 -1 2433 2425 2427 -1 2434 2435 2414 -1 2414 2413 2434 -1 2421 2436 2437 -1 2437 2418 2421 -1 2436 2421 2425 -1 2425 2433 2436 -1 2438 2439 2440 -1 2440 2441 2438 -1 2441 2442 2438 -1 2442 2443 2438 -1 2435 2434 2444 -1 2444 2445 2435 -1 2445 2446 2435 -1 2445 2447 2446 -1 2447 2448 2446 -1 2447 2436 2448 -1 2436 2449 2448 -1 2436 2450 2449 -1 2436 2407 2450 -1 2436 2433 2407 -1 2449 2439 2448 -1 2449 2440 2439 -1 2433 2404 2407 -1 2447 2451 2437 -1 2437 2436 2447 -1 2451 2392 2437 -1 2392 2386 2437 -1 2386 2385 2437 -1 2385 2452 2437 -1 2451 2453 2392 -1 2385 2389 2452 -1 2453 2408 2395 -1 2395 2392 2453 -1 2408 2396 2395 -1 2408 2400 2396 -1 2408 2397 2400 -1 2419 2452 2389 -1 2389 2393 2419 -1 2389 2388 2393 -1 2452 2419 2418 -1 2418 2437 2452 -1 2431 2432 2454 -1 2454 2455 2431 -1 2430 2431 2455 -1 2455 2456 2430 -1 2429 2430 2456 -1 2456 2457 2429 -1 2422 2429 2457 -1 2457 2458 2422 -1 2422 2458 2459 -1 2459 2423 2422 -1 2406 2424 2423 -1 2423 2459 2406 -1 2406 2459 2450 -1 2450 2407 2406 -1 2456 2441 2440 -1 2440 2457 2456 -1 2441 2456 2455 -1 2455 2442 2441 -1 2455 2454 2443 -1 2443 2442 2455 -1 2405 2427 2424 -1 2424 2406 2405 -1 2459 2458 2449 -1 2449 2450 2459 -1 2457 2440 2449 -1 2449 2458 2457 -1 2420 2416 2446 -1 2446 2448 2420 -1 2435 2446 2416 -1 2416 2414 2435 -1 2426 2420 2448 -1 2448 2439 2426 -1 2453 2410 2409 -1 2409 2408 2453 -1 2428 2438 2443 -1 2443 2432 2428 -1 2443 2454 2432 -1 2444 2434 2413 -1 2413 2412 2444 -1 2438 2428 2426 -1 2426 2439 2438 -1 2447 2445 2411 -1 2411 2415 2447 -1 2445 2444 2412 -1 2412 2411 2445 -1 2451 2417 2410 -1 2410 2453 2451 -1 2447 2415 2417 -1 2417 2451 2447 -1 2460 2461 2462 -1 2462 2463 2460 -1 2464 2465 2466 -1 2466 2467 2464 -1 2468 2469 2460 -1 2460 2463 2468 -1 2463 2470 2468 -1 2467 2466 2471 -1 2471 2472 2467 -1 2473 2474 2465 -1 2465 2464 2473 -1 2475 2476 2477 -1 2477 2478 2475 -1 2473 2470 2479 -1 2479 2477 2473 -1 2479 2478 2477 -1 2470 2463 2480 -1 2480 2479 2470 -1 2463 2462 2480 -1 2462 2461 2481 -1 2481 2480 2462 -1 2481 2482 2479 -1 2479 2480 2481 -1 2483 2484 2471 -1 2471 2466 2483 -1 2483 2485 2486 -1 2486 2487 2483 -1 2486 2488 2487 -1 2486 2489 2488 -1 2485 2483 2466 -1 2466 2465 2485 -1 2479 2482 2475 -1 2475 2478 2479 -1 2485 2469 2468 -1 2468 2486 2485 -1 2468 2489 2486 -1 2468 2470 2489 -1 2464 2467 2488 -1 2488 2489 2464 -1 2473 2464 2489 -1 2489 2470 2473 -1 2484 2483 2487 -1 2487 2490 2484 -1 2487 2488 2490 -1 2469 2474 2481 -1 2481 2460 2469 -1 2481 2461 2460 -1 2474 2476 2482 -1 2482 2481 2474 -1 2476 2475 2482 -1 2490 2472 2471 -1 2471 2484 2490 -1 2469 2485 2465 -1 2465 2474 2469 -1 2477 2476 2474 -1 2474 2473 2477 -1 2467 2472 2490 -1 2490 2488 2467 -1 2491 2492 2493 -1 2493 2494 2491 -1 2495 2496 2497 -1 2497 2498 2495 -1 2499 2500 2491 -1 2491 2494 2499 -1 2494 2501 2499 -1 2498 2497 2502 -1 2502 2503 2498 -1 2504 2505 2496 -1 2496 2495 2504 -1 2506 2507 2508 -1 2508 2509 2506 -1 2504 2501 2510 -1 2510 2508 2504 -1 2510 2509 2508 -1 2501 2494 2511 -1 2511 2510 2501 -1 2494 2493 2511 -1 2493 2492 2512 -1 2512 2511 2493 -1 2512 2513 2510 -1 2510 2511 2512 -1 2514 2515 2502 -1 2502 2497 2514 -1 2514 2516 2517 -1 2517 2518 2514 -1 2517 2519 2518 -1 2517 2520 2519 -1 2516 2514 2497 -1 2497 2496 2516 -1 2510 2513 2506 -1 2506 2509 2510 -1 2516 2500 2499 -1 2499 2517 2516 -1 2499 2520 2517 -1 2499 2501 2520 -1 2495 2498 2519 -1 2519 2520 2495 -1 2504 2495 2520 -1 2520 2501 2504 -1 2515 2514 2518 -1 2518 2521 2515 -1 2518 2519 2521 -1 2500 2505 2512 -1 2512 2491 2500 -1 2512 2492 2491 -1 2505 2507 2513 -1 2513 2512 2505 -1 2507 2506 2513 -1 2521 2503 2502 -1 2502 2515 2521 -1 2500 2516 2496 -1 2496 2505 2500 -1 2508 2507 2505 -1 2505 2504 2508 -1 2498 2503 2521 -1 2521 2519 2498 -1 2522 2523 2524 -1 2524 2525 2522 -1 2523 2526 2527 -1 2527 2524 2523 -1 2528 2529 2530 -1 2530 2531 2528 -1 2524 2532 2533 -1 2533 2525 2524 -1 2527 2534 2532 -1 2532 2524 2527 -1 2530 2535 2536 -1 2536 2531 2530 -1 2527 2537 529 -1 529 2534 2527 -1 2529 2538 2539 -1 2539 2530 2529 -1 2526 530 2537 -1 2537 2527 2526 -1 2538 2529 2528 -1 2528 2540 2538 -1 2540 2541 2538 -1 2542 2522 2525 -1 2525 2543 2542 -1 2544 2545 2546 -1 2546 2547 2544 -1 2547 2546 2548 -1 2548 2549 2547 -1 2550 2544 2547 -1 2547 2551 2550 -1 503 2552 2553 -1 2553 2554 503 -1 2552 498 2555 -1 2555 2553 2552 -1 2530 2539 2556 -1 2556 2535 2530 -1 2525 2533 2557 -1 2557 2543 2525 -1 2535 2543 2557 -1 2557 2536 2535 -1 2542 2543 2535 -1 2535 2556 2542 -1 2541 2558 2542 -1 2542 2556 2541 -1 2556 2539 2541 -1 2539 2538 2541 -1 2559 2560 2561 -1 2561 2562 2559 -1 2562 2563 2559 -1 2562 2564 2563 -1 2564 2565 2563 -1 2564 590 2565 -1 590 2523 2565 -1 590 2526 2523 -1 590 703 2526 -1 2523 2522 2565 -1 2522 2558 2565 -1 2522 2542 2558 -1 703 530 2526 -1 2564 2566 591 -1 591 590 2564 -1 2566 2567 591 -1 2567 2555 591 -1 2555 694 591 -1 2566 2568 2567 -1 2566 2569 2568 -1 2555 498 694 -1 2569 2570 2571 -1 2571 2568 2569 -1 2570 2550 2571 -1 2570 2544 2550 -1 2570 2545 2544 -1 2553 2572 2573 -1 2573 2554 2553 -1 2574 2558 2541 -1 2541 2540 2574 -1 703 701 529 -1 529 530 703 -1 529 2537 530 -1 2575 2576 2561 -1 2561 2560 2575 -1 2577 2570 2569 -1 2569 2578 2577 -1 2569 2566 2579 -1 2579 2578 2569 -1 2577 2578 2580 -1 2580 2581 2577 -1 2581 2549 2577 -1 2549 2548 2577 -1 2582 2576 2575 -1 2575 2583 2582 -1 2583 2584 2582 -1 2584 2585 2582 -1 2584 2579 2585 -1 2584 695 2579 -1 695 2573 2579 -1 695 2554 2573 -1 695 696 2554 -1 2573 2586 2579 -1 2586 2578 2579 -1 2586 2580 2578 -1 696 503 2554 -1 2584 2587 702 -1 702 695 2584 -1 2587 2532 702 -1 2532 2534 702 -1 2534 701 702 -1 2587 2533 2532 -1 2587 2574 2533 -1 2534 529 701 -1 2574 2540 2557 -1 2557 2533 2574 -1 2540 2536 2557 -1 2540 2531 2536 -1 2540 2528 2531 -1 2576 2582 2562 -1 2562 2561 2576 -1 2582 2585 2564 -1 2564 2562 2582 -1 2570 2577 2548 -1 2548 2545 2570 -1 2548 2546 2545 -1 2584 2583 2559 -1 2559 2563 2584 -1 2585 2579 2566 -1 2566 2564 2585 -1 591 695 702 -1 702 590 591 -1 498 2552 503 -1 503 696 498 -1 696 694 498 -1 2587 2584 2563 -1 2563 2565 2587 -1 2587 2565 2558 -1 2558 2574 2587 -1 2583 2575 2560 -1 2560 2559 2583 -1 591 694 696 -1 696 695 591 -1 2571 2550 2551 -1 2551 2588 2571 -1 2547 2549 2581 -1 2581 2551 2547 -1 2568 2571 2588 -1 2588 2589 2568 -1 2551 2581 2580 -1 2580 2588 2551 -1 2568 2589 2572 -1 2572 2567 2568 -1 2572 2589 2586 -1 2586 2573 2572 -1 2588 2580 2586 -1 2586 2589 2588 -1 2553 2555 2567 -1 2567 2572 2553 -1 2590 2591 2592 -1 2592 2593 2590 -1 2594 2595 2596 -1 2596 2597 2594 -1 2598 2599 2590 -1 2590 2593 2598 -1 2593 2600 2598 -1 2597 2596 2601 -1 2601 2602 2597 -1 2603 2604 2595 -1 2595 2594 2603 -1 2605 2606 2607 -1 2607 2608 2605 -1 2603 2600 2609 -1 2609 2607 2603 -1 2609 2608 2607 -1 2600 2593 2610 -1 2610 2609 2600 -1 2593 2592 2610 -1 2592 2591 2611 -1 2611 2610 2592 -1 2611 2612 2609 -1 2609 2610 2611 -1 2613 2614 2601 -1 2601 2596 2613 -1 2613 2615 2616 -1 2616 2617 2613 -1 2616 2618 2617 -1 2616 2619 2618 -1 2615 2613 2596 -1 2596 2595 2615 -1 2609 2612 2605 -1 2605 2608 2609 -1 2615 2599 2598 -1 2598 2616 2615 -1 2598 2619 2616 -1 2598 2600 2619 -1 2594 2597 2618 -1 2618 2619 2594 -1 2603 2594 2619 -1 2619 2600 2603 -1 2614 2613 2617 -1 2617 2620 2614 -1 2617 2618 2620 -1 2599 2604 2611 -1 2611 2590 2599 -1 2611 2591 2590 -1 2604 2606 2612 -1 2612 2611 2604 -1 2606 2605 2612 -1 2620 2602 2601 -1 2601 2614 2620 -1 2599 2615 2595 -1 2595 2604 2599 -1 2607 2606 2604 -1 2604 2603 2607 -1 2597 2602 2620 -1 2620 2618 2597 -1 2621 2622 2623 -1 2623 2624 2621 -1 2625 2626 2627 -1 2627 2628 2625 -1 2629 2630 2621 -1 2621 2624 2629 -1 2624 2631 2629 -1 2628 2627 2632 -1 2632 2633 2628 -1 2634 2635 2626 -1 2626 2625 2634 -1 2636 2637 2638 -1 2638 2639 2636 -1 2634 2631 2640 -1 2640 2638 2634 -1 2640 2639 2638 -1 2631 2624 2641 -1 2641 2640 2631 -1 2624 2623 2641 -1 2623 2622 2642 -1 2642 2641 2623 -1 2642 2643 2640 -1 2640 2641 2642 -1 2644 2645 2632 -1 2632 2627 2644 -1 2644 2646 2647 -1 2647 2648 2644 -1 2647 2649 2648 -1 2647 2650 2649 -1 2646 2644 2627 -1 2627 2626 2646 -1 2640 2643 2636 -1 2636 2639 2640 -1 2646 2630 2629 -1 2629 2647 2646 -1 2629 2650 2647 -1 2629 2631 2650 -1 2625 2628 2649 -1 2649 2650 2625 -1 2634 2625 2650 -1 2650 2631 2634 -1 2645 2644 2648 -1 2648 2651 2645 -1 2648 2649 2651 -1 2630 2635 2642 -1 2642 2621 2630 -1 2642 2622 2621 -1 2635 2637 2643 -1 2643 2642 2635 -1 2637 2636 2643 -1 2651 2633 2632 -1 2632 2645 2651 -1 2630 2646 2626 -1 2626 2635 2630 -1 2638 2637 2635 -1 2635 2634 2638 -1 2628 2633 2651 -1 2651 2649 2628 -1 2652 2653 2654 -1 2654 2655 2652 -1 2656 2657 2658 -1 2658 2659 2656 -1 2656 2660 805 -1 805 2657 2656 -1 2661 2662 2656 -1 2656 2659 2661 -1 2653 2661 2659 -1 2659 2654 2653 -1 2659 2658 2663 -1 2663 2654 2659 -1 2662 822 2660 -1 2660 2656 2662 -1 2664 2655 2665 -1 2665 2666 2664 -1 2667 2668 2669 -1 2669 2670 2667 -1 2671 2672 2664 -1 2664 2669 2671 -1 2668 2673 2671 -1 2671 2669 2668 -1 2669 2664 2666 -1 2666 2670 2669 -1 760 2674 2675 -1 2675 2676 760 -1 2673 2668 2667 -1 2667 2677 2673 -1 2677 2678 2673 -1 2678 2679 2652 -1 2652 2672 2678 -1 2672 2671 2678 -1 2671 2673 2678 -1 2680 2681 2682 -1 2682 2683 2680 -1 2683 2684 2680 -1 2683 2685 2684 -1 2685 2686 2684 -1 2685 861 2686 -1 861 2653 2686 -1 861 2661 2653 -1 861 2662 2661 -1 861 862 2662 -1 2653 2679 2686 -1 2653 2652 2679 -1 862 822 2662 -1 2685 2687 877 -1 877 861 2685 -1 2687 2688 877 -1 2688 2689 877 -1 2689 2690 877 -1 2690 878 877 -1 2687 2691 2688 -1 2690 758 878 -1 2691 2692 2693 -1 2693 2688 2691 -1 2692 2694 2693 -1 2692 2695 2694 -1 2692 2696 2695 -1 2654 2663 2665 -1 2665 2655 2654 -1 2652 2655 2664 -1 2664 2672 2652 -1 758 2674 760 -1 760 809 758 -1 809 878 758 -1 2697 2698 2683 -1 2683 2682 2697 -1 2699 2700 2701 -1 2701 2702 2699 -1 2702 2703 2699 -1 2703 2704 2699 -1 2698 2697 2705 -1 2705 2706 2698 -1 2706 2707 2698 -1 2706 2708 2707 -1 2708 2709 2707 -1 2708 808 2709 -1 808 2710 2709 -1 808 2711 2710 -1 808 2676 2711 -1 808 809 2676 -1 2710 2700 2709 -1 2710 2701 2700 -1 809 760 2676 -1 2708 2712 807 -1 807 808 2708 -1 2712 2663 807 -1 2663 2658 807 -1 2658 2657 807 -1 2657 804 807 -1 2712 2713 2663 -1 2657 805 804 -1 2713 2677 2665 -1 2665 2663 2713 -1 2677 2666 2665 -1 2677 2670 2666 -1 2677 2667 2670 -1 862 804 805 -1 805 822 862 -1 805 2660 822 -1 804 862 861 -1 861 807 804 -1 2695 2696 2714 -1 2714 2715 2695 -1 2694 2695 2715 -1 2715 2716 2694 -1 2693 2694 2716 -1 2716 2717 2693 -1 2688 2693 2717 -1 2717 2718 2688 -1 2688 2718 2719 -1 2719 2689 2688 -1 2675 2690 2689 -1 2689 2719 2675 -1 2675 2719 2711 -1 2711 2676 2675 -1 2716 2702 2701 -1 2701 2717 2716 -1 2702 2716 2715 -1 2715 2703 2702 -1 2715 2714 2704 -1 2704 2703 2715 -1 2674 758 2690 -1 2690 2675 2674 -1 2719 2718 2710 -1 2710 2711 2719 -1 2717 2701 2710 -1 2710 2718 2717 -1 2687 2685 2707 -1 2707 2709 2687 -1 2698 2707 2685 -1 2685 2683 2698 -1 2691 2687 2709 -1 2709 2700 2691 -1 2713 2679 2678 -1 2678 2677 2713 -1 2692 2699 2704 -1 2704 2696 2692 -1 2704 2714 2696 -1 2705 2697 2682 -1 2682 2681 2705 -1 2699 2692 2691 -1 2691 2700 2699 -1 2708 2706 2680 -1 2680 2684 2708 -1 2706 2705 2681 -1 2681 2680 2706 -1 2712 2686 2679 -1 2679 2713 2712 -1 2708 2684 2686 -1 2686 2712 2708 -1 2720 2721 2722 -1 2722 2723 2720 -1 2724 2725 2726 -1 2726 2727 2724 -1 2728 2609 2610 -1 2610 2729 2728 -1 2642 2730 2725 -1 2725 2610 2642 -1 2725 2721 2610 -1 2721 2720 2610 -1 2720 2729 2610 -1 2726 2725 2730 -1 2730 2642 2643 -1 2643 2731 2730 -1 2731 2727 2726 -1 2726 2730 2731 -1 2723 2728 2729 -1 2729 2720 2723 -1 2610 2609 2643 -1 2643 2642 2610 -1 2727 2731 2643 -1 2643 2724 2727 -1 2728 2723 2722 -1 2722 2609 2728 -1 2724 2643 2609 -1 2609 2722 2724 -1 2725 2724 2722 -1 2722 2721 2725 -1 2732 2733 2734 -1 2734 2735 2732 -1 2736 2737 2738 -1 2738 2739 2736 -1 2740 994 995 -1 995 2741 2740 -1 1027 2742 2737 -1 2737 995 1027 -1 2737 2733 995 -1 2733 2732 995 -1 2732 2741 995 -1 2738 2737 2742 -1 2742 1027 1028 -1 1028 2743 2742 -1 2743 2739 2738 -1 2738 2742 2743 -1 2735 2740 2741 -1 2741 2732 2735 -1 995 994 1028 -1 1028 1027 995 -1 2739 2743 1028 -1 1028 2736 2739 -1 2740 2735 2734 -1 2734 994 2740 -1 2736 1028 994 -1 994 2734 2736 -1 2737 2736 2734 -1 2734 2733 2737 -1 2744 2745 2746 -1 2746 2747 2744 -1 2748 2749 2750 -1 2750 2751 2748 -1 2752 1667 1668 -1 1668 2753 2752 -1 1700 2754 2749 -1 2749 1668 1700 -1 2749 2745 1668 -1 2745 2744 1668 -1 2744 2753 1668 -1 2750 2749 2754 -1 2754 1700 1701 -1 1701 2755 2754 -1 2755 2751 2750 -1 2750 2754 2755 -1 2747 2752 2753 -1 2753 2744 2747 -1 1668 1667 1701 -1 1701 1700 1668 -1 2751 2755 1701 -1 1701 2748 2751 -1 2752 2747 2746 -1 2746 1667 2752 -1 2748 1701 1667 -1 1667 2746 2748 -1 2749 2748 2746 -1 2746 2745 2749 -1 2756 57 59 -1 59 2757 2756 -1 63 60 59 -1 59 57 63 -1 60 63 2758 -1 2758 2759 60 -1 2759 2760 2761 -1 2761 60 2759 -1 60 2761 2762 -1 2762 59 60 -1 2762 2757 59 -1 2762 2763 2757 -1 2760 2759 2758 -1 2758 2764 2760 -1 2763 2762 2765 -1 2765 2766 2763 -1 2765 2762 2761 -1 2761 2767 2765 -1 2767 2764 63 -1 63 2765 2767 -1 63 57 2765 -1 57 2756 2765 -1 2756 2766 2765 -1 2758 63 2764 -1 2756 2757 2763 -1 2763 2766 2756 -1 2764 2767 2761 -1 2761 2760 2764 -1 2768 2769 2770 -1 2769 2768 2771 -1 2771 405 319 -1 405 2771 2768 -1 2768 2772 405 -1 2772 2768 2773 -1 2772 2773 2774 -1 2775 301 297 -1 301 2775 2770 -1 2770 2775 2776 -1 2776 2775 2777 -1 2769 301 2770 -1 301 405 297 -1 405 301 319 -1 319 2769 2771 -1 2769 319 301 -1 2775 405 2772 -1 405 2775 297 -1 2773 2770 2776 -1 2770 2773 2768 -1 2774 2776 2777 -1 2776 2774 2773 -1 2772 2777 2775 -1 2777 2772 2774 -1 2778 2779 299 -1 299 2780 2778 -1 2781 2782 2783 -1 2783 2784 2781 -1 2785 2786 2787 -1 2787 2788 2785 -1 2789 2790 2791 -1 2791 2792 2789 -1 2785 2788 2781 -1 2781 2784 2785 -1 2784 2778 2785 -1 2784 2790 2778 -1 2790 2779 2778 -1 2790 2789 2779 -1 2790 2784 2783 -1 2783 2791 2790 -1 2788 2787 2782 -1 2782 2781 2788 -1 2785 2778 2780 -1 2780 2786 2785 -1 402 346 2793 -1 2793 304 402 -1 2794 2795 2796 -1 2796 2797 2794 -1 2796 2798 2797 -1 2798 2793 2797 -1 2798 303 2793 -1 303 304 2793 -1 2795 2799 2800 -1 2800 2796 2795 -1 2801 2802 2803 -1 2803 2804 2801 -1 2803 2802 2805 -1 2805 2806 2803 -1 2806 2807 2803 -1 2807 2808 2803 -1 2809 2810 2811 -1 2811 2812 2809 -1 2812 2813 2809 -1 2812 2814 2813 -1 2814 2815 2813 -1 2814 309 2815 -1 309 2816 2815 -1 309 2817 2816 -1 309 404 2817 -1 2816 2818 2815 -1 2818 2802 2815 -1 2818 2805 2802 -1 404 387 2817 -1 2814 2819 308 -1 308 309 2814 -1 2819 2820 308 -1 2820 2821 308 -1 2821 402 308 -1 2819 2822 2820 -1 2819 2823 2822 -1 2821 346 402 -1 2823 2795 2824 -1 2824 2822 2823 -1 2795 2825 2824 -1 2795 2826 2825 -1 2795 2794 2826 -1 2799 2795 2823 -1 2823 2827 2799 -1 2828 2829 2811 -1 2811 2810 2828 -1 2830 2826 2794 -1 2794 2797 2830 -1 2817 387 2831 -1 2831 2832 2817 -1 2833 2834 2835 -1 2835 2836 2833 -1 2837 2825 2826 -1 2826 2830 2837 -1 2838 2839 2840 -1 2840 2837 2838 -1 2837 2841 2838 -1 2837 2830 2841 -1 2830 2793 2841 -1 2830 2797 2793 -1 2842 2815 2802 -1 2802 2801 2842 -1 2843 2844 2845 -1 2845 2846 2843 -1 2834 2847 2848 -1 2848 2835 2834 -1 2849 2828 2810 -1 2810 2809 2849 -1 2816 2817 2832 -1 2832 2850 2816 -1 2793 346 2821 -1 2821 2841 2793 -1 2824 2825 2837 -1 2837 2840 2824 -1 308 402 304 -1 304 305 308 -1 296 404 309 -1 2851 2849 2809 -1 2809 2813 2851 -1 2822 2824 2840 -1 2840 2839 2822 -1 2852 2853 2833 -1 2833 2836 2852 -1 2820 2822 2839 -1 2839 2838 2820 -1 2805 2854 2855 -1 2855 2806 2805 -1 2807 2806 2855 -1 2855 2856 2807 -1 2855 2854 2857 -1 2857 2850 2855 -1 2850 2856 2855 -1 2850 2832 2856 -1 2832 2858 2856 -1 2832 2831 2858 -1 2816 2850 2857 -1 2857 2818 2816 -1 2844 2847 2834 -1 2834 2833 2844 -1 2833 2845 2844 -1 2833 2853 2845 -1 2853 2796 2845 -1 2853 2798 2796 -1 303 2798 2853 -1 2853 2852 303 -1 2847 2844 2843 -1 2843 2848 2847 -1 2818 2857 2854 -1 2854 2805 2818 -1 2808 2807 2856 -1 2856 2858 2808 -1 2842 2851 2813 -1 2813 2815 2842 -1 2846 2845 2796 -1 2796 2800 2846 -1 2841 2821 2820 -1 2820 2838 2841 -1 2859 2860 2819 -1 2819 2814 2859 -1 2799 2827 2848 -1 2848 2843 2799 -1 2843 2846 2799 -1 2846 2800 2799 -1 2861 2829 2828 -1 2828 2849 2861 -1 2849 2859 2861 -1 2849 2851 2859 -1 2851 2860 2859 -1 2851 305 2860 -1 305 2836 2860 -1 305 2852 2836 -1 305 304 2852 -1 2836 2835 2860 -1 2835 2827 2860 -1 2835 2848 2827 -1 304 303 2852 -1 2851 2842 302 -1 302 305 2851 -1 2842 2786 302 -1 2786 2780 302 -1 2780 296 302 -1 2842 2787 2786 -1 2842 2801 2787 -1 2780 299 296 -1 2801 2804 2782 -1 2782 2787 2801 -1 2804 2783 2782 -1 2804 2791 2783 -1 2804 2792 2791 -1 2823 2819 2860 -1 2860 2827 2823 -1 404 296 299 -1 299 2779 404 -1 2779 387 404 -1 2779 2831 387 -1 2831 2779 2789 -1 2789 2858 2831 -1 2789 2792 2804 -1 2804 2858 2789 -1 2804 2808 2858 -1 2804 2803 2808 -1 2861 2859 2814 -1 2814 2812 2861 -1 2829 2861 2812 -1 2812 2811 2829 -1 2862 2863 2864 -1 2864 2865 2862 -1 2865 317 403 -1 403 2862 2865 -1 2862 403 2866 -1 2866 2867 2862 -1 2866 2868 2867 -1 2869 401 320 -1 320 2863 2869 -1 2863 2870 2869 -1 2870 2871 2869 -1 2864 2863 320 -1 317 2865 2864 -1 2864 320 317 -1 2869 2866 403 -1 403 401 2869 -1 2867 2870 2863 -1 2863 2862 2867 -1 2868 2871 2870 -1 2870 2867 2868 -1 2866 2869 2871 -1 2871 2868 2866 -1 2872 2873 2874 -1 2874 2875 2872 -1 2876 2877 2878 -1 2878 2879 2876 -1 2880 2881 2872 -1 2872 2875 2880 -1 2875 2882 2880 -1 2879 2878 2883 -1 2883 2884 2879 -1 2885 2886 2877 -1 2877 2876 2885 -1 2887 2888 2889 -1 2889 2890 2887 -1 2885 2882 2891 -1 2891 2889 2885 -1 2891 2890 2889 -1 2882 2875 2892 -1 2892 2891 2882 -1 2875 2874 2892 -1 2874 2873 2893 -1 2893 2892 2874 -1 2893 2894 2891 -1 2891 2892 2893 -1 2895 2896 2883 -1 2883 2878 2895 -1 2895 2897 2898 -1 2898 2899 2895 -1 2898 2900 2899 -1 2898 2901 2900 -1 2897 2895 2878 -1 2878 2877 2897 -1 2891 2894 2887 -1 2887 2890 2891 -1 2897 2881 2880 -1 2880 2898 2897 -1 2880 2901 2898 -1 2880 2882 2901 -1 2876 2879 2900 -1 2900 2901 2876 -1 2885 2876 2901 -1 2901 2882 2885 -1 2896 2895 2899 -1 2899 2902 2896 -1 2899 2900 2902 -1 2881 2886 2893 -1 2893 2872 2881 -1 2893 2873 2872 -1 2886 2888 2894 -1 2894 2893 2886 -1 2888 2887 2894 -1 2902 2884 2883 -1 2883 2896 2902 -1 2881 2897 2877 -1 2877 2886 2881 -1 2889 2888 2886 -1 2886 2885 2889 -1 2879 2884 2902 -1 2902 2900 2879 -1 2903 2904 2905 -1 2905 2906 2903 -1 2907 2908 2909 -1 2909 2910 2907 -1 2911 2912 2903 -1 2903 2906 2911 -1 2906 2913 2911 -1 2910 2909 2914 -1 2914 2915 2910 -1 2916 2917 2908 -1 2908 2907 2916 -1 2918 2919 2920 -1 2920 2921 2918 -1 2916 2913 2922 -1 2922 2920 2916 -1 2922 2921 2920 -1 2913 2906 2923 -1 2923 2922 2913 -1 2906 2905 2923 -1 2905 2904 2924 -1 2924 2923 2905 -1 2924 2925 2922 -1 2922 2923 2924 -1 2926 2927 2914 -1 2914 2909 2926 -1 2926 2928 2929 -1 2929 2930 2926 -1 2929 2931 2930 -1 2929 2932 2931 -1 2928 2926 2909 -1 2909 2908 2928 -1 2922 2925 2918 -1 2918 2921 2922 -1 2928 2912 2911 -1 2911 2929 2928 -1 2911 2932 2929 -1 2911 2913 2932 -1 2907 2910 2931 -1 2931 2932 2907 -1 2916 2907 2932 -1 2932 2913 2916 -1 2927 2926 2930 -1 2930 2933 2927 -1 2930 2931 2933 -1 2912 2917 2924 -1 2924 2903 2912 -1 2924 2904 2903 -1 2917 2919 2925 -1 2925 2924 2917 -1 2919 2918 2925 -1 2933 2915 2914 -1 2914 2927 2933 -1 2912 2928 2908 -1 2908 2917 2912 -1 2920 2919 2917 -1 2917 2916 2920 -1 2910 2915 2933 -1 2933 2931 2910 -1 2934 2935 2936 -1 2936 2937 2934 -1 2935 2938 2939 -1 2939 2936 2935 -1 2940 2941 2942 -1 2942 2943 2940 -1 2936 2944 2945 -1 2945 2937 2936 -1 2939 2946 2944 -1 2944 2936 2939 -1 2942 2947 2948 -1 2948 2943 2942 -1 2939 2949 2172 -1 2172 2946 2939 -1 2941 2950 2951 -1 2951 2942 2941 -1 2938 2167 2949 -1 2949 2939 2938 -1 2950 2941 2940 -1 2940 2952 2950 -1 2952 2953 2950 -1 2954 2934 2937 -1 2937 2955 2954 -1 2956 2957 2958 -1 2958 2959 2956 -1 2959 2958 2960 -1 2960 2961 2959 -1 2962 2956 2959 -1 2959 2963 2962 -1 2192 2964 2965 -1 2965 2966 2192 -1 2964 2189 2967 -1 2967 2965 2964 -1 2942 2951 2968 -1 2968 2947 2942 -1 2937 2945 2969 -1 2969 2955 2937 -1 2947 2955 2969 -1 2969 2948 2947 -1 2954 2955 2947 -1 2947 2968 2954 -1 2953 2970 2954 -1 2954 2968 2953 -1 2968 2951 2953 -1 2951 2950 2953 -1 2971 2972 2973 -1 2973 2974 2971 -1 2974 2975 2971 -1 2974 2976 2975 -1 2976 2977 2975 -1 2976 2217 2977 -1 2217 2935 2977 -1 2217 2938 2935 -1 2217 2224 2938 -1 2935 2934 2977 -1 2934 2970 2977 -1 2934 2954 2970 -1 2224 2167 2938 -1 2976 2978 2216 -1 2216 2217 2976 -1 2978 2979 2216 -1 2979 2967 2216 -1 2967 2220 2216 -1 2978 2980 2979 -1 2978 2981 2980 -1 2967 2189 2220 -1 2981 2982 2983 -1 2983 2980 2981 -1 2982 2962 2983 -1 2982 2956 2962 -1 2982 2957 2956 -1 2965 2984 2985 -1 2985 2966 2965 -1 2986 2970 2953 -1 2953 2952 2986 -1 2172 2949 2167 -1 2987 2988 2973 -1 2973 2972 2987 -1 2989 2982 2981 -1 2981 2990 2989 -1 2981 2978 2991 -1 2991 2990 2981 -1 2989 2990 2992 -1 2992 2993 2989 -1 2993 2961 2989 -1 2961 2960 2989 -1 2994 2988 2987 -1 2987 2995 2994 -1 2995 2996 2994 -1 2996 2997 2994 -1 2996 2991 2997 -1 2996 2219 2991 -1 2219 2985 2991 -1 2219 2966 2985 -1 2219 2221 2966 -1 2985 2998 2991 -1 2998 2990 2991 -1 2998 2992 2990 -1 2221 2192 2966 -1 2996 2999 2218 -1 2218 2219 2996 -1 2999 2944 2218 -1 2944 2946 2218 -1 2946 2225 2218 -1 2999 2945 2944 -1 2999 2986 2945 -1 2946 2172 2225 -1 2986 2952 2969 -1 2969 2945 2986 -1 2952 2948 2969 -1 2952 2943 2948 -1 2952 2940 2943 -1 2988 2994 2974 -1 2974 2973 2988 -1 2994 2997 2976 -1 2976 2974 2994 -1 2982 2989 2960 -1 2960 2957 2982 -1 2960 2958 2957 -1 2996 2995 2971 -1 2971 2975 2996 -1 2997 2991 2978 -1 2978 2976 2997 -1 2225 2224 2217 -1 2217 2218 2225 -1 2189 2964 2192 -1 2999 2996 2975 -1 2975 2977 2999 -1 2999 2977 2970 -1 2970 2986 2999 -1 2995 2987 2972 -1 2972 2971 2995 -1 2216 2220 2221 -1 2221 2219 2216 -1 2983 2962 2963 -1 2963 3000 2983 -1 2959 2961 2993 -1 2993 2963 2959 -1 2980 2983 3000 -1 3000 3001 2980 -1 2963 2993 2992 -1 2992 3000 2963 -1 2980 3001 2984 -1 2984 2979 2980 -1 2984 3001 2998 -1 2998 2985 2984 -1 3000 2992 2998 -1 2998 3001 3000 -1 2965 2967 2979 -1 2979 2984 2965 -1 3002 3003 3004 -1 3004 3005 3002 -1 3006 3007 3008 -1 3008 3009 3006 -1 3010 3011 3002 -1 3002 3005 3010 -1 3005 3012 3010 -1 3009 3008 3013 -1 3013 3014 3009 -1 3015 3016 3007 -1 3007 3006 3015 -1 3017 3018 3019 -1 3019 3020 3017 -1 3015 3012 2762 -1 2762 3019 3015 -1 2762 3020 3019 -1 3012 3005 2765 -1 2765 2762 3012 -1 3005 3004 2765 -1 3004 3003 3021 -1 3021 2765 3004 -1 3021 3022 2762 -1 2762 2765 3021 -1 3023 3024 3013 -1 3013 3008 3023 -1 3023 3025 3026 -1 3026 3027 3023 -1 3026 3028 3027 -1 3026 3029 3028 -1 3025 3023 3008 -1 3008 3007 3025 -1 2762 3022 3017 -1 3017 3020 2762 -1 3025 3011 3010 -1 3010 3026 3025 -1 3010 3029 3026 -1 3010 3012 3029 -1 3006 3009 3028 -1 3028 3029 3006 -1 3015 3006 3029 -1 3029 3012 3015 -1 3024 3023 3027 -1 3027 3030 3024 -1 3027 3028 3030 -1 3011 3016 3021 -1 3021 3002 3011 -1 3021 3003 3002 -1 3016 3018 3022 -1 3022 3021 3016 -1 3018 3017 3022 -1 3030 3014 3013 -1 3013 3024 3030 -1 3011 3025 3007 -1 3007 3016 3011 -1 3019 3018 3016 -1 3016 3015 3019 -1 3009 3014 3030 -1 3030 3028 3009 -1 270 269 272 -1 272 271 270 -1 273 276 271 -1 271 272 273 -1 269 270 3031 -1 3031 3032 269 -1 3033 274 273 -1 273 3034 3033 -1 273 3035 3034 -1 273 3036 3035 -1 3034 3037 3033 -1 3037 3038 3033 -1 3038 3039 3033 -1 3039 3040 3033 -1 3039 3041 3040 -1 3041 3042 3040 -1 3042 3043 3040 -1 3043 3044 3040 -1 3043 3045 3044 -1 3043 3046 3045 -1 3047 3048 3049 -1 3049 3050 3047 -1 3050 3051 3047 -1 3050 3052 3051 -1 3050 3032 3052 -1 3050 3053 3032 -1 3053 3054 3032 -1 3054 3055 3032 -1 3055 269 3032 -1 3055 3056 269 -1 3056 3057 269 -1 3057 3058 269 -1 3058 3059 269 -1 3059 272 269 -1 3059 3036 272 -1 3036 273 272 -1 3060 3061 3062 -1 3062 3063 3060 -1 3063 3064 3060 -1 3064 3065 3060 -1 3065 3031 3060 -1 3031 3066 3060 -1 3031 3067 3066 -1 3031 3068 3067 -1 3031 270 3068 -1 270 3069 3068 -1 270 3070 3069 -1 270 3071 3070 -1 270 3072 3071 -1 270 271 3072 -1 271 3073 3072 -1 271 276 3073 -1 276 275 3073 -1 275 3074 3073 -1 275 3075 3074 -1 275 3076 3075 -1 3076 3077 3075 -1 3076 3078 3077 -1 3076 3079 3078 -1 3076 3080 3079 -1 3080 3081 3079 -1 3080 3082 3081 -1 3080 3083 3082 -1 3080 3084 3083 -1 3084 3085 3083 -1 3085 3086 3083 -1 3068 3069 3087 -1 3087 3088 3068 -1 3057 3089 3090 -1 3090 3058 3057 -1 3059 3058 3090 -1 3090 3091 3059 -1 3089 3070 3071 -1 3071 3090 3089 -1 3069 3070 3089 -1 3089 3087 3069 -1 3056 3087 3089 -1 3089 3057 3056 -1 3090 3071 3072 -1 3072 3091 3090 -1 3054 3092 3088 -1 3088 3055 3054 -1 3093 3053 3050 -1 3050 3094 3093 -1 3066 3067 3092 -1 3092 3093 3066 -1 3060 3066 3093 -1 3093 3094 3060 -1 3053 3093 3092 -1 3092 3054 3053 -1 3095 3035 3036 -1 3036 3096 3095 -1 3061 3060 3094 -1 3094 3049 3061 -1 3094 3050 3049 -1 3055 3088 3087 -1 3087 3056 3055 -1 3067 3068 3088 -1 3088 3092 3067 -1 3080 3076 3033 -1 3033 3040 3080 -1 3091 3072 3073 -1 3073 3096 3091 -1 3096 3059 3091 -1 3096 3036 3059 -1 3097 3081 3082 -1 3082 3098 3097 -1 3099 3079 3081 -1 3081 3097 3099 -1 3100 3078 3079 -1 3079 3099 3100 -1 3101 3077 3078 -1 3078 3100 3101 -1 3102 3075 3077 -1 3077 3101 3102 -1 3074 3075 3102 -1 3102 3095 3074 -1 3035 3095 3102 -1 3102 3034 3035 -1 3038 3100 3099 -1 3099 3039 3038 -1 3041 3039 3099 -1 3099 3097 3041 -1 3042 3041 3097 -1 3097 3098 3042 -1 3073 3074 3095 -1 3095 3096 3073 -1 3034 3102 3101 -1 3101 3037 3034 -1 3037 3101 3100 -1 3100 3038 3037 -1 3085 3084 3044 -1 3044 3045 3085 -1 3084 3080 3040 -1 3040 3044 3084 -1 3086 3085 3045 -1 3045 3046 3086 -1 3049 3048 3062 -1 3062 3061 3049 -1 3082 3083 3043 -1 3043 3098 3082 -1 3043 3042 3098 -1 3076 275 274 -1 274 3033 3076 -1 3083 3086 3046 -1 3046 3043 3083 -1 3052 3065 3064 -1 3064 3051 3052 -1 3032 3031 3065 -1 3065 3052 3032 -1 3048 3047 3063 -1 3063 3062 3048 -1 3047 3051 3064 -1 3064 3063 3047 -1 3103 3104 3105 -1 3105 3106 3103 -1 3107 3108 3109 -1 3109 3110 3107 -1 3111 3112 3103 -1 3103 3106 3111 -1 3106 3113 3111 -1 3110 3109 3114 -1 3114 3115 3110 -1 3116 3117 3108 -1 3108 3107 3116 -1 3118 3119 3120 -1 3120 3121 3118 -1 3116 3113 3122 -1 3122 3120 3116 -1 3122 3121 3120 -1 3113 3106 3123 -1 3123 3122 3113 -1 3106 3105 3123 -1 3105 3104 2767 -1 2767 3123 3105 -1 2767 2761 3122 -1 3122 3123 2767 -1 3124 3125 3114 -1 3114 3109 3124 -1 3124 3126 3127 -1 3127 3128 3124 -1 3127 3129 3128 -1 3127 3130 3129 -1 3126 3124 3109 -1 3109 3108 3126 -1 3122 2761 3118 -1 3118 3121 3122 -1 3126 3112 3111 -1 3111 3127 3126 -1 3111 3130 3127 -1 3111 3113 3130 -1 3107 3110 3129 -1 3129 3130 3107 -1 3116 3107 3130 -1 3130 3113 3116 -1 3125 3124 3128 -1 3128 3131 3125 -1 3128 3129 3131 -1 3112 3117 2767 -1 2767 3103 3112 -1 2767 3104 3103 -1 3117 3119 2761 -1 2761 2767 3117 -1 3119 3118 2761 -1 3131 3115 3114 -1 3114 3125 3131 -1 3112 3126 3108 -1 3108 3117 3112 -1 3120 3119 3117 -1 3117 3116 3120 -1 3110 3115 3131 -1 3131 3129 3110 -1 3132 3133 3134 -1 3134 3135 3132 -1 3136 3137 3138 -1 3138 3139 3136 -1 3140 3141 3132 -1 3132 3135 3140 -1 3135 3142 3140 -1 3139 3138 3143 -1 3143 3144 3139 -1 3145 3146 3137 -1 3137 3136 3145 -1 3147 3148 3149 -1 3149 3150 3147 -1 3145 3142 3151 -1 3151 3149 3145 -1 3151 3150 3149 -1 3142 3135 3152 -1 3152 3151 3142 -1 3135 3134 3152 -1 3134 3133 3153 -1 3153 3152 3134 -1 3153 3154 3151 -1 3151 3152 3153 -1 3155 3156 3143 -1 3143 3138 3155 -1 3155 3157 3158 -1 3158 3159 3155 -1 3158 3160 3159 -1 3158 3161 3160 -1 3157 3155 3138 -1 3138 3137 3157 -1 3151 3154 3147 -1 3147 3150 3151 -1 3157 3141 3140 -1 3140 3158 3157 -1 3140 3161 3158 -1 3140 3142 3161 -1 3136 3139 3160 -1 3160 3161 3136 -1 3145 3136 3161 -1 3161 3142 3145 -1 3156 3155 3159 -1 3159 3162 3156 -1 3159 3160 3162 -1 3141 3146 3153 -1 3153 3132 3141 -1 3153 3133 3132 -1 3146 3148 3154 -1 3154 3153 3146 -1 3148 3147 3154 -1 3162 3144 3143 -1 3143 3156 3162 -1 3141 3157 3137 -1 3137 3146 3141 -1 3149 3148 3146 -1 3146 3145 3149 -1 3139 3144 3162 -1 3162 3160 3139 -1 3163 3164 3165 -1 3165 3166 3163 -1 3167 3168 3169 -1 3169 3170 3167 -1 3171 3172 3163 -1 3163 3166 3171 -1 3166 3173 3171 -1 3170 3169 3174 -1 3174 3175 3170 -1 3176 3177 3168 -1 3168 3167 3176 -1 3178 3179 3180 -1 3180 3181 3178 -1 3176 3173 3182 -1 3182 3180 3176 -1 3182 3181 3180 -1 3173 3166 3183 -1 3183 3182 3173 -1 3166 3165 3183 -1 3165 3164 3184 -1 3184 3183 3165 -1 3184 3185 3182 -1 3182 3183 3184 -1 3186 3187 3174 -1 3174 3169 3186 -1 3186 3188 3189 -1 3189 3190 3186 -1 3189 3191 3190 -1 3189 3192 3191 -1 3188 3186 3169 -1 3169 3168 3188 -1 3182 3185 3178 -1 3178 3181 3182 -1 3188 3172 3171 -1 3171 3189 3188 -1 3171 3192 3189 -1 3171 3173 3192 -1 3167 3170 3191 -1 3191 3192 3167 -1 3176 3167 3192 -1 3192 3173 3176 -1 3187 3186 3190 -1 3190 3193 3187 -1 3190 3191 3193 -1 3172 3177 3184 -1 3184 3163 3172 -1 3184 3164 3163 -1 3177 3179 3185 -1 3185 3184 3177 -1 3179 3178 3185 -1 3193 3175 3174 -1 3174 3187 3193 -1 3172 3188 3168 -1 3168 3177 3172 -1 3180 3179 3177 -1 3177 3176 3180 -1 3170 3175 3193 -1 3193 3191 3170 -1 3194 3195 3196 -1 3196 3197 3194 -1 3195 3198 3199 -1 3199 3196 3195 -1 3200 3201 3202 -1 3202 3203 3200 -1 3196 3204 3205 -1 3205 3197 3196 -1 3199 3206 3204 -1 3204 3196 3199 -1 3202 3207 3208 -1 3208 3203 3202 -1 3199 3209 2124 -1 2124 3206 3199 -1 3201 3210 3211 -1 3211 3202 3201 -1 3198 2127 3209 -1 3209 3199 3198 -1 3210 3201 3200 -1 3200 3212 3210 -1 3212 3213 3210 -1 3214 3194 3197 -1 3197 3215 3214 -1 3216 3217 3218 -1 3218 3219 3216 -1 3219 3218 3220 -1 3220 3221 3219 -1 3222 3216 3219 -1 3219 3223 3222 -1 2017 3224 3225 -1 3225 3226 2017 -1 3224 2015 3227 -1 3227 3225 3224 -1 3202 3211 3228 -1 3228 3207 3202 -1 3197 3205 3229 -1 3229 3215 3197 -1 3207 3215 3229 -1 3229 3208 3207 -1 3214 3215 3207 -1 3207 3228 3214 -1 3213 3230 3214 -1 3214 3228 3213 -1 3228 3211 3213 -1 3211 3210 3213 -1 3231 3232 3233 -1 3233 3234 3231 -1 3234 3235 3231 -1 3234 3236 3235 -1 3236 3237 3235 -1 3236 730 3237 -1 730 3195 3237 -1 730 3198 3195 -1 730 2152 3198 -1 3195 3194 3237 -1 3194 3230 3237 -1 3194 3214 3230 -1 2152 2127 3198 -1 3236 3238 727 -1 727 730 3236 -1 3238 3239 727 -1 3239 3227 727 -1 3227 2151 727 -1 3238 3240 3239 -1 3238 3241 3240 -1 3227 2015 2151 -1 3241 3242 3243 -1 3243 3240 3241 -1 3242 3222 3243 -1 3242 3216 3222 -1 3242 3217 3216 -1 3225 3244 3245 -1 3245 3226 3225 -1 3246 3230 3213 -1 3213 3212 3246 -1 2152 2153 2124 -1 2124 2127 2152 -1 2124 3209 2127 -1 3247 3248 3233 -1 3233 3232 3247 -1 3249 3242 3241 -1 3241 3250 3249 -1 3241 3238 3251 -1 3251 3250 3241 -1 3249 3250 3252 -1 3252 3253 3249 -1 3253 3221 3249 -1 3221 3220 3249 -1 3254 3248 3247 -1 3247 3255 3254 -1 3255 3256 3254 -1 3256 3257 3254 -1 3256 3251 3257 -1 3256 728 3251 -1 728 3245 3251 -1 728 3226 3245 -1 728 2150 3226 -1 3245 3258 3251 -1 3258 3250 3251 -1 3258 3252 3250 -1 2150 2017 3226 -1 3256 3259 729 -1 729 728 3256 -1 3259 3204 729 -1 3204 3206 729 -1 3206 2153 729 -1 3259 3205 3204 -1 3259 3246 3205 -1 3206 2124 2153 -1 3246 3212 3229 -1 3229 3205 3246 -1 3212 3208 3229 -1 3212 3203 3208 -1 3212 3200 3203 -1 3248 3254 3234 -1 3234 3233 3248 -1 3254 3257 3236 -1 3236 3234 3254 -1 3242 3249 3220 -1 3220 3217 3242 -1 3220 3218 3217 -1 3256 3255 3231 -1 3231 3235 3256 -1 3257 3251 3238 -1 3238 3236 3257 -1 2153 2152 730 -1 730 729 2153 -1 727 728 729 -1 729 730 727 -1 2015 3224 2017 -1 2017 2150 2015 -1 2150 2151 2015 -1 3259 3256 3235 -1 3235 3237 3259 -1 3259 3237 3230 -1 3230 3246 3259 -1 3255 3247 3232 -1 3232 3231 3255 -1 727 2151 2150 -1 2150 728 727 -1 3243 3222 3223 -1 3223 3260 3243 -1 3219 3221 3253 -1 3253 3223 3219 -1 3240 3243 3260 -1 3260 3261 3240 -1 3223 3253 3252 -1 3252 3260 3223 -1 3240 3261 3244 -1 3244 3239 3240 -1 3244 3261 3258 -1 3258 3245 3244 -1 3260 3252 3258 -1 3258 3261 3260 -1 3225 3227 3239 -1 3239 3244 3225 -1 3262 3263 3264 -1 3264 3265 3262 -1 3266 3267 3268 -1 3268 3269 3266 -1 3270 3271 3262 -1 3262 3265 3270 -1 3265 3272 3270 -1 3269 3268 3273 -1 3273 3274 3269 -1 3275 3276 3267 -1 3267 3266 3275 -1 3277 3278 3279 -1 3279 3280 3277 -1 3275 3272 1189 -1 1189 3279 3275 -1 1189 3280 3279 -1 3272 3265 1192 -1 1192 1189 3272 -1 3265 3264 1192 -1 3264 3263 3281 -1 3281 1192 3264 -1 3281 3282 1189 -1 1189 1192 3281 -1 3283 3284 3273 -1 3273 3268 3283 -1 3283 3285 3286 -1 3286 3287 3283 -1 3286 3288 3287 -1 3286 3289 3288 -1 3285 3283 3268 -1 3268 3267 3285 -1 1189 3282 3277 -1 3277 3280 1189 -1 3285 3271 3270 -1 3270 3286 3285 -1 3270 3289 3286 -1 3270 3272 3289 -1 3266 3269 3288 -1 3288 3289 3266 -1 3275 3266 3289 -1 3289 3272 3275 -1 3284 3283 3287 -1 3287 3290 3284 -1 3287 3288 3290 -1 3271 3276 3281 -1 3281 3262 3271 -1 3281 3263 3262 -1 3276 3278 3282 -1 3282 3281 3276 -1 3278 3277 3282 -1 3290 3274 3273 -1 3273 3284 3290 -1 3271 3285 3267 -1 3267 3276 3271 -1 3279 3278 3276 -1 3276 3275 3279 -1 3269 3274 3290 -1 3290 3288 3269 -1 2110 2144 2142 -1 2142 2215 2110 -1 2215 3291 2110 -1 3291 3292 2110 -1 3292 2100 2110 -1 3293 2148 2149 -1 2149 2109 3293 -1 2109 3294 3293 -1 2109 3295 3294 -1 2109 2101 3295 -1 2101 2109 2110 -1 2110 2100 2101 -1 3295 2101 2100 -1 2100 3292 3295 -1 3294 3295 3292 -1 3292 3291 3294 -1 3293 3294 3291 -1 3291 2215 3293 -1 2142 2144 3296 -1 3296 3297 2142 -1 3298 2148 3293 -1 3293 3299 3298 -1 3293 3300 3299 -1 3293 2190 3300 -1 3299 3301 3298 -1 3301 3302 3298 -1 3302 3303 3298 -1 3303 3304 3298 -1 3303 3305 3304 -1 3305 3306 3304 -1 3306 3307 3304 -1 3307 3308 3304 -1 3307 3309 3308 -1 3307 3310 3309 -1 2215 2166 2190 -1 2190 3293 2215 -1 3311 3312 3313 -1 3313 3314 3311 -1 3314 3315 3311 -1 3314 3316 3315 -1 3314 3297 3316 -1 3314 3317 3297 -1 3317 3318 3297 -1 3318 3319 3297 -1 3319 2142 3297 -1 3319 3320 2142 -1 3320 3321 2142 -1 3321 3322 2142 -1 3322 2166 2142 -1 2166 2215 2142 -1 2208 2186 2110 -1 2110 2109 2208 -1 2109 2149 2208 -1 2149 3323 2208 -1 2149 3324 3323 -1 2149 3325 3324 -1 3325 3326 3324 -1 3325 3327 3326 -1 3325 3328 3327 -1 3325 3329 3328 -1 3329 3330 3328 -1 3329 3331 3330 -1 3329 3332 3331 -1 3329 3333 3332 -1 3333 3334 3332 -1 3334 3335 3332 -1 3336 3337 3338 -1 3338 3339 3336 -1 3339 3340 3336 -1 3340 3341 3336 -1 3341 3296 3336 -1 3296 3342 3336 -1 3296 3343 3342 -1 3296 3344 3343 -1 3296 2144 3344 -1 2144 3345 3344 -1 2144 3346 3345 -1 2144 3347 3346 -1 2144 2186 3347 -1 2144 2110 2186 -1 3344 3345 3348 -1 3348 3349 3344 -1 3321 3350 3351 -1 3351 3322 3321 -1 2166 3322 3351 -1 3351 3352 2166 -1 3350 3346 3347 -1 3347 3351 3350 -1 3345 3346 3350 -1 3350 3348 3345 -1 3320 3348 3350 -1 3350 3321 3320 -1 3351 3347 2186 -1 2186 3352 3351 -1 3318 3353 3349 -1 3349 3319 3318 -1 3354 3317 3314 -1 3314 3355 3354 -1 3342 3343 3353 -1 3353 3354 3342 -1 3336 3342 3354 -1 3354 3355 3336 -1 3317 3354 3353 -1 3353 3318 3317 -1 3356 3300 2190 -1 2190 3357 3356 -1 3337 3336 3355 -1 3355 3313 3337 -1 3355 3314 3313 -1 3319 3349 3348 -1 3348 3320 3319 -1 3343 3344 3349 -1 3349 3353 3343 -1 3329 3325 3298 -1 3298 3304 3329 -1 3352 2186 2208 -1 2208 3357 3352 -1 3357 2166 3352 -1 3357 2190 2166 -1 3358 3330 3331 -1 3331 3359 3358 -1 3360 3328 3330 -1 3330 3358 3360 -1 3361 3327 3328 -1 3328 3360 3361 -1 3362 3326 3327 -1 3327 3361 3362 -1 3363 3324 3326 -1 3326 3362 3363 -1 3323 3324 3363 -1 3363 3356 3323 -1 3300 3356 3363 -1 3363 3299 3300 -1 3302 3361 3360 -1 3360 3303 3302 -1 3305 3303 3360 -1 3360 3358 3305 -1 3306 3305 3358 -1 3358 3359 3306 -1 2208 3323 3356 -1 3356 3357 2208 -1 3299 3363 3362 -1 3362 3301 3299 -1 3301 3362 3361 -1 3361 3302 3301 -1 3334 3333 3308 -1 3308 3309 3334 -1 3333 3329 3304 -1 3304 3308 3333 -1 3335 3334 3309 -1 3309 3310 3335 -1 3313 3312 3338 -1 3338 3337 3313 -1 3331 3332 3307 -1 3307 3359 3331 -1 3307 3306 3359 -1 3325 2149 2148 -1 2148 3298 3325 -1 3332 3335 3310 -1 3310 3307 3332 -1 3316 3341 3340 -1 3340 3315 3316 -1 3297 3296 3341 -1 3341 3316 3297 -1 3312 3311 3339 -1 3339 3338 3312 -1 3311 3315 3340 -1 3340 3339 3311 -1 3364 3365 3366 -1 3366 3367 3364 -1 3368 3369 3370 -1 3370 3371 3368 -1 3372 3373 3364 -1 3364 3367 3372 -1 3367 3374 3372 -1 3371 3370 3375 -1 3375 3376 3371 -1 3377 3378 3369 -1 3369 3368 3377 -1 3379 3380 3381 -1 3381 3382 3379 -1 3377 3374 3383 -1 3383 3381 3377 -1 3383 3382 3381 -1 3374 3367 3384 -1 3384 3383 3374 -1 3367 3366 3384 -1 3366 3365 1190 -1 1190 3384 3366 -1 1190 1187 3383 -1 3383 3384 1190 -1 3385 3386 3375 -1 3375 3370 3385 -1 3385 3387 3388 -1 3388 3389 3385 -1 3388 3390 3389 -1 3388 3391 3390 -1 3387 3385 3370 -1 3370 3369 3387 -1 3383 1187 3379 -1 3379 3382 3383 -1 3387 3373 3372 -1 3372 3388 3387 -1 3372 3391 3388 -1 3372 3374 3391 -1 3368 3371 3390 -1 3390 3391 3368 -1 3377 3368 3391 -1 3391 3374 3377 -1 3386 3385 3389 -1 3389 3392 3386 -1 3389 3390 3392 -1 3373 3378 1190 -1 1190 3364 3373 -1 1190 3365 3364 -1 3378 3380 1187 -1 1187 1190 3378 -1 3380 3379 1187 -1 3392 3376 3375 -1 3375 3386 3392 -1 3373 3387 3369 -1 3369 3378 3373 -1 3381 3380 3378 -1 3378 3377 3381 -1 3371 3376 3392 -1 3392 3390 3371 -1 3393 3394 3395 -1 3395 3396 3393 -1 3397 3398 3399 -1 3399 3400 3397 -1 3401 3402 3393 -1 3393 3396 3401 -1 3396 3403 3401 -1 3400 3399 3404 -1 3404 3405 3400 -1 3406 3407 3398 -1 3398 3397 3406 -1 3408 3409 3410 -1 3410 3411 3408 -1 3406 3403 3412 -1 3412 3410 3406 -1 3412 3411 3410 -1 3403 3396 3413 -1 3413 3412 3403 -1 3396 3395 3413 -1 3395 3394 3414 -1 3414 3413 3395 -1 3414 3415 3412 -1 3412 3413 3414 -1 3416 3417 3404 -1 3404 3399 3416 -1 3416 3418 3419 -1 3419 3420 3416 -1 3419 3421 3420 -1 3419 3422 3421 -1 3418 3416 3399 -1 3399 3398 3418 -1 3412 3415 3408 -1 3408 3411 3412 -1 3418 3402 3401 -1 3401 3419 3418 -1 3401 3422 3419 -1 3401 3403 3422 -1 3397 3400 3421 -1 3421 3422 3397 -1 3406 3397 3422 -1 3422 3403 3406 -1 3417 3416 3420 -1 3420 3423 3417 -1 3420 3421 3423 -1 3402 3407 3414 -1 3414 3393 3402 -1 3414 3394 3393 -1 3407 3409 3415 -1 3415 3414 3407 -1 3409 3408 3415 -1 3423 3405 3404 -1 3404 3417 3423 -1 3402 3418 3398 -1 3398 3407 3402 -1 3410 3409 3407 -1 3407 3406 3410 -1 3400 3405 3423 -1 3423 3421 3400 -1 3424 3425 3426 -1 3426 3427 3424 -1 3428 3429 3430 -1 3430 3431 3428 -1 3432 3433 3424 -1 3424 3427 3432 -1 3427 3434 3432 -1 3431 3430 3435 -1 3435 3436 3431 -1 3437 3438 3429 -1 3429 3428 3437 -1 3439 3440 3441 -1 3441 3442 3439 -1 3437 3434 3443 -1 3443 3441 3437 -1 3443 3442 3441 -1 3434 3427 3444 -1 3444 3443 3434 -1 3427 3426 3444 -1 3426 3425 3445 -1 3445 3444 3426 -1 3445 3446 3443 -1 3443 3444 3445 -1 3447 3448 3435 -1 3435 3430 3447 -1 3447 3449 3450 -1 3450 3451 3447 -1 3450 3452 3451 -1 3450 3453 3452 -1 3449 3447 3430 -1 3430 3429 3449 -1 3443 3446 3439 -1 3439 3442 3443 -1 3449 3433 3432 -1 3432 3450 3449 -1 3432 3453 3450 -1 3432 3434 3453 -1 3428 3431 3452 -1 3452 3453 3428 -1 3437 3428 3453 -1 3453 3434 3437 -1 3448 3447 3451 -1 3451 3454 3448 -1 3451 3452 3454 -1 3433 3438 3445 -1 3445 3424 3433 -1 3445 3425 3424 -1 3438 3440 3446 -1 3446 3445 3438 -1 3440 3439 3446 -1 3454 3436 3435 -1 3435 3448 3454 -1 3433 3449 3429 -1 3429 3438 3433 -1 3441 3440 3438 -1 3438 3437 3441 -1 3431 3436 3454 -1 3454 3452 3431 -1 3455 490 524 -1 490 3455 3456 -1 490 523 524 -1 523 490 491 -1 3457 490 3456 -1 490 3457 491 -1 491 3457 493 -1 493 3457 3458 -1 3459 493 3458 -1 3460 3461 3462 -1 3461 3460 537 -1 3461 537 3463 -1 3463 537 493 -1 3463 493 3459 -1 3464 547 3465 -1 547 3464 3466 -1 547 3466 508 -1 508 3466 3467 -1 3467 3466 3468 -1 3469 3465 547 -1 3465 3470 3471 -1 3470 3465 3469 -1 3460 523 537 -1 523 3455 524 -1 3455 523 3472 -1 3472 523 3460 -1 545 3473 3474 -1 3473 545 511 -1 3475 3460 3462 -1 3460 3475 3472 -1 3476 3477 3478 -1 3477 3476 3479 -1 3478 3480 3481 -1 3480 3478 3477 -1 3482 3483 3484 -1 3483 3482 3485 -1 3483 3485 3480 -1 3483 3480 3477 -1 3482 3486 3487 -1 3486 3482 3488 -1 3484 3488 3482 -1 3488 3484 3489 -1 3484 3490 3491 -1 3490 3484 3483 -1 3490 3483 3477 -1 3490 3477 3479 -1 3481 3486 3488 -1 3486 3481 3492 -1 3493 3473 3494 -1 3470 3495 3471 -1 3495 3470 3474 -1 3495 3474 3476 -1 3476 3474 3473 -1 3476 3473 3493 -1 3457 3459 3458 -1 3459 3457 3496 -1 3478 3488 3489 -1 3488 3478 3481 -1 3481 3497 3492 -1 3497 3481 3480 -1 3461 3466 3464 -1 3466 3461 3463 -1 3491 3489 3484 -1 3489 3491 3495 -1 3497 3486 3492 -1 3486 3497 3487 -1 3476 3489 3495 -1 3489 3476 3478 -1 3467 3493 3494 -1 3493 3467 3468 -1 3491 3461 3495 -1 3461 3491 3475 -1 3461 3475 3462 -1 3495 3464 3471 -1 3464 3495 3461 -1 3471 3464 3465 -1 3491 3455 3475 -1 3455 3491 3490 -1 3455 3490 3456 -1 3456 3490 3457 -1 3457 3490 3496 -1 3496 3490 3479 -1 3472 3475 3455 -1 3476 3466 3479 -1 3466 3476 3493 -1 3466 3493 3468 -1 3479 3463 3496 -1 3463 3479 3466 -1 3496 3463 3459 -1 3487 3485 3482 -1 3485 3487 3497 -1 3485 3497 3480 -1 3470 545 3474 -1 545 3470 546 -1 546 3470 547 -1 547 3470 3469 -1 509 545 546 -1 545 509 511 -1 3467 509 508 -1 509 3473 511 -1 3473 509 3494 -1 3494 509 3467 -1 3498 3499 3500 -1 3499 3498 3501 -1 3502 3503 3504 -1 3503 3502 3505 -1 3499 3502 3500 -1 3502 3499 3505 -1 3506 3499 3501 -1 3499 3506 3505 -1 3505 3506 3503 -1 3503 3506 3507 -1 3508 3503 3507 -1 3509 3510 3511 -1 3510 3509 3504 -1 3510 3504 3512 -1 3512 3504 3503 -1 3512 3503 3508 -1 3513 3514 3515 -1 3514 3513 3516 -1 3514 3516 3517 -1 3517 3516 3518 -1 3518 3516 3519 -1 3520 3515 3514 -1 3515 3521 3522 -1 3521 3515 3520 -1 3509 3502 3504 -1 3502 3498 3500 -1 3498 3502 3523 -1 3523 3502 3509 -1 3524 3525 3526 -1 3525 3524 3527 -1 3528 3509 3511 -1 3509 3528 3523 -1 3529 3530 3531 -1 3530 3529 3532 -1 3531 3533 3534 -1 3533 3531 3530 -1 3535 3536 3537 -1 3536 3535 3538 -1 3536 3538 3533 -1 3536 3533 3530 -1 3535 3539 3540 -1 3539 3535 3541 -1 3537 3541 3535 -1 3541 3537 3542 -1 3537 3543 3544 -1 3543 3537 3536 -1 3543 3536 3530 -1 3543 3530 3532 -1 3534 3539 3541 -1 3539 3534 3545 -1 3546 3525 3547 -1 3521 3548 3522 -1 3548 3521 3526 -1 3548 3526 3529 -1 3529 3526 3525 -1 3529 3525 3546 -1 3506 3508 3507 -1 3508 3506 3549 -1 3531 3541 3542 -1 3541 3531 3534 -1 3534 3550 3545 -1 3550 3534 3533 -1 3510 3516 3513 -1 3516 3510 3512 -1 3544 3542 3537 -1 3542 3544 3548 -1 3550 3539 3545 -1 3539 3550 3540 -1 3529 3542 3548 -1 3542 3529 3531 -1 3518 3546 3547 -1 3546 3518 3519 -1 3544 3510 3548 -1 3510 3544 3528 -1 3510 3528 3511 -1 3548 3513 3522 -1 3513 3548 3510 -1 3522 3513 3515 -1 3544 3498 3528 -1 3498 3544 3543 -1 3498 3543 3501 -1 3501 3543 3506 -1 3506 3543 3549 -1 3549 3543 3532 -1 3523 3528 3498 -1 3529 3516 3532 -1 3516 3529 3546 -1 3516 3546 3519 -1 3532 3512 3549 -1 3512 3532 3516 -1 3549 3512 3508 -1 3540 3538 3535 -1 3538 3540 3550 -1 3538 3550 3533 -1 3521 3524 3526 -1 3524 3521 3551 -1 3551 3521 3514 -1 3514 3521 3520 -1 3552 3524 3551 -1 3524 3552 3527 -1 3518 3552 3517 -1 3552 3525 3527 -1 3525 3552 3547 -1 3547 3552 3518 -1 3514 3552 3551 -1 3552 3514 3517 -1 3553 732 802 -1 732 3553 3554 -1 3555 732 3554 -1 732 3555 733 -1 733 3555 736 -1 736 3555 3556 -1 3557 736 3556 -1 3558 3559 3560 -1 3559 3558 800 -1 3559 800 3561 -1 3561 800 736 -1 3561 736 3557 -1 3562 794 3563 -1 794 3562 3564 -1 794 3564 744 -1 744 3564 3565 -1 3565 3564 3566 -1 3567 3563 794 -1 3563 3568 3569 -1 3568 3563 3567 -1 3558 801 800 -1 801 3553 802 -1 3553 801 3570 -1 3570 801 3558 -1 3571 3558 3560 -1 3558 3571 3570 -1 3572 3573 3574 -1 3573 3572 3575 -1 3574 3576 3577 -1 3576 3574 3573 -1 3578 3579 3580 -1 3579 3578 3581 -1 3579 3581 3576 -1 3579 3576 3573 -1 3578 3582 3583 -1 3582 3578 3584 -1 3580 3584 3578 -1 3584 3580 3585 -1 3580 3586 3587 -1 3586 3580 3579 -1 3586 3579 3573 -1 3586 3573 3575 -1 3577 3582 3584 -1 3582 3577 3588 -1 3589 739 3590 -1 3568 3591 3569 -1 3591 3568 796 -1 3591 796 3572 -1 3572 796 739 -1 3572 739 3589 -1 3555 3557 3556 -1 3557 3555 3592 -1 3574 3584 3585 -1 3584 3574 3577 -1 3577 3593 3588 -1 3593 3577 3576 -1 3559 3564 3562 -1 3564 3559 3561 -1 3587 3585 3580 -1 3585 3587 3591 -1 3593 3582 3588 -1 3582 3593 3583 -1 3572 3585 3591 -1 3585 3572 3574 -1 3565 3589 3590 -1 3589 3565 3566 -1 3587 3559 3591 -1 3559 3587 3571 -1 3559 3571 3560 -1 3591 3562 3569 -1 3562 3591 3559 -1 3569 3562 3563 -1 3587 3553 3571 -1 3553 3587 3586 -1 3553 3586 3554 -1 3554 3586 3555 -1 3555 3586 3592 -1 3592 3586 3575 -1 3570 3571 3553 -1 3572 3564 3575 -1 3564 3572 3589 -1 3564 3589 3566 -1 3575 3561 3592 -1 3561 3575 3564 -1 3592 3561 3557 -1 3583 3581 3578 -1 3581 3583 3593 -1 3581 3593 3576 -1 3568 797 796 -1 797 3568 793 -1 793 3568 794 -1 794 3568 3567 -1 737 797 793 -1 797 737 738 -1 3565 737 744 -1 739 737 3590 -1 3590 737 3565 -1 3594 763 811 -1 763 3594 3595 -1 763 810 811 -1 810 763 764 -1 3596 763 3595 -1 763 3596 764 -1 764 3596 766 -1 766 3596 3597 -1 3598 766 3597 -1 3599 3600 3601 -1 3600 3599 827 -1 3600 827 3602 -1 3602 827 766 -1 3602 766 3598 -1 3603 839 3604 -1 839 3603 3605 -1 839 3605 748 -1 748 3605 3606 -1 3606 3605 3607 -1 3608 3604 839 -1 3604 3609 3610 -1 3609 3604 3608 -1 3599 810 827 -1 810 3594 811 -1 3594 810 3611 -1 3611 810 3599 -1 837 3612 3613 -1 3612 837 756 -1 3614 3599 3601 -1 3599 3614 3611 -1 3615 3616 3617 -1 3616 3615 3618 -1 3617 3619 3620 -1 3619 3617 3616 -1 3621 3622 3623 -1 3622 3621 3624 -1 3622 3624 3619 -1 3622 3619 3616 -1 3621 3625 3626 -1 3625 3621 3627 -1 3623 3627 3621 -1 3627 3623 3628 -1 3623 3629 3630 -1 3629 3623 3622 -1 3629 3622 3616 -1 3629 3616 3618 -1 3620 3625 3627 -1 3625 3620 3631 -1 3632 3612 3633 -1 3609 3634 3610 -1 3634 3609 3613 -1 3634 3613 3615 -1 3615 3613 3612 -1 3615 3612 3632 -1 3596 3598 3597 -1 3598 3596 3635 -1 3617 3627 3628 -1 3627 3617 3620 -1 3620 3636 3631 -1 3636 3620 3619 -1 3600 3605 3603 -1 3605 3600 3602 -1 3630 3628 3623 -1 3628 3630 3634 -1 3636 3625 3631 -1 3625 3636 3626 -1 3615 3628 3634 -1 3628 3615 3617 -1 3606 3632 3633 -1 3632 3606 3607 -1 3630 3600 3634 -1 3600 3630 3614 -1 3600 3614 3601 -1 3634 3603 3610 -1 3603 3634 3600 -1 3610 3603 3604 -1 3630 3594 3614 -1 3594 3630 3629 -1 3594 3629 3595 -1 3595 3629 3596 -1 3596 3629 3635 -1 3635 3629 3618 -1 3611 3614 3594 -1 3615 3605 3618 -1 3605 3615 3632 -1 3605 3632 3607 -1 3618 3602 3635 -1 3602 3618 3605 -1 3635 3602 3598 -1 3626 3624 3621 -1 3624 3626 3636 -1 3624 3636 3619 -1 3609 837 3613 -1 837 3609 838 -1 838 3609 839 -1 839 3609 3608 -1 749 837 838 -1 837 749 756 -1 3606 749 748 -1 749 3612 756 -1 3612 749 3633 -1 3633 749 3606 -1 3637 2076 2071 -1 2071 3638 3637 -1 2071 2014 3638 -1 2065 3639 3640 -1 3640 2069 2065 -1 2013 3641 3638 -1 3638 2014 2013 -1 3642 3643 3644 -1 3644 3645 3642 -1 3645 3639 3642 -1 3639 2065 3642 -1 2065 2002 3642 -1 3646 3647 2002 -1 2002 2068 3646 -1 2068 2067 3646 -1 2002 2065 2068 -1 2069 2013 2014 -1 2014 2070 2069 -1 2014 2075 2070 -1 2014 2076 2075 -1 2014 2071 2076 -1 2076 3637 3648 -1 3648 2075 2076 -1 2393 3649 3524 -1 3524 3551 2393 -1 3551 3514 2393 -1 3514 3650 2393 -1 3650 3651 2393 -1 3644 3643 3652 -1 3652 3653 3644 -1 3653 2067 3644 -1 3653 2389 2067 -1 2389 3646 2067 -1 2389 2393 3646 -1 2393 3651 3646 -1 3651 3654 3646 -1 3654 3655 3646 -1 3655 3656 3646 -1 3656 3657 3646 -1 3658 3517 3552 -1 3552 3527 3659 -1 3659 2427 3552 -1 2427 3660 3552 -1 3660 3658 3552 -1 2427 3661 3660 -1 2427 2404 3661 -1 2404 3662 3642 -1 3642 2002 2404 -1 2002 3647 2404 -1 3647 3661 2404 -1 3647 3663 3661 -1 3647 3664 3663 -1 3647 3665 3664 -1 3638 3641 3648 -1 3648 3637 3638 -1 2013 2069 3640 -1 2070 2075 3648 -1 3648 3666 2070 -1 3648 3641 3666 -1 3641 3640 3666 -1 3641 2013 3640 -1 3644 2067 2068 -1 2068 3645 3644 -1 2070 3666 3645 -1 3645 2068 2070 -1 3640 3639 3645 -1 3645 3666 3640 -1 3642 3662 3652 -1 3652 3643 3642 -1 2404 2433 2436 -1 2437 3653 3652 -1 3652 3662 2437 -1 3662 2436 2437 -1 3662 2404 2436 -1 2404 2427 2425 -1 2425 2433 2404 -1 2452 2389 3653 -1 3653 2437 2452 -1 3649 2393 2418 -1 2418 3659 3649 -1 2418 2421 3659 -1 2421 2425 3659 -1 2425 2427 3659 -1 2419 2418 2393 -1 2452 2419 2393 -1 2393 2389 2452 -1 2436 2421 2418 -1 2418 2437 2436 -1 3527 3524 3649 -1 3649 3659 3527 -1 3646 3657 3665 -1 3665 3647 3646 -1 3664 3656 3655 -1 3655 3663 3664 -1 3665 3657 3656 -1 3656 3664 3665 -1 3667 3668 3669 -1 3669 3670 3667 -1 3517 3514 3551 -1 3551 3552 3517 -1 3671 3672 3673 -1 3673 3674 3671 -1 3675 3674 3673 -1 3673 3676 3675 -1 3671 3674 3677 -1 3677 3678 3671 -1 3658 3679 3680 -1 3667 3650 3514 -1 3514 3668 3667 -1 3514 3517 3668 -1 3517 3680 3668 -1 3517 3658 3680 -1 3677 3681 3499 -1 3499 3505 3677 -1 3505 3678 3677 -1 3505 3503 3682 -1 3682 3678 3505 -1 3661 3654 3651 -1 3651 3660 3661 -1 3677 3674 3675 -1 3675 3681 3677 -1 3683 3684 3680 -1 3680 3679 3683 -1 3667 3670 3683 -1 3683 3679 3667 -1 3679 3650 3667 -1 3679 3651 3650 -1 3679 3658 3651 -1 3658 3660 3651 -1 3685 3672 3678 -1 3678 3682 3685 -1 3682 3670 3685 -1 3682 3683 3670 -1 3678 3672 3671 -1 3681 3675 3676 -1 3676 3499 3681 -1 3676 3500 3499 -1 3680 3684 3669 -1 3669 3668 3680 -1 3663 3655 3654 -1 3654 3661 3663 -1 3504 3685 3669 -1 3669 3503 3504 -1 3669 3684 3503 -1 3684 3683 3503 -1 3683 3682 3503 -1 3670 3669 3685 -1 3685 3504 3502 -1 3500 3676 3673 -1 3673 3502 3500 -1 3673 3672 3502 -1 3672 3685 3502 -1 3686 2066 3646 -1 3687 3647 2001 -1 3646 3647 3687 -1 3687 3686 3646 -1 2001 2066 3686 -1 3686 3687 2001 -1 2001 3647 3646 -1 3646 2066 2001 -1 3688 3689 3690 -1 3690 3691 3688 -1 3692 3693 3694 -1 3694 3695 3692 -1 3696 3697 3688 -1 3688 3691 3696 -1 3691 3698 3696 -1 3695 3694 3699 -1 3699 3700 3695 -1 3701 3702 3693 -1 3693 3692 3701 -1 3703 3704 3705 -1 3705 3706 3703 -1 3701 3698 3707 -1 3707 3705 3701 -1 3707 3706 3705 -1 3698 3691 3708 -1 3708 3707 3698 -1 3691 3690 3708 -1 3690 3689 3709 -1 3709 3708 3690 -1 3709 3710 3707 -1 3707 3708 3709 -1 3711 3712 3699 -1 3699 3694 3711 -1 3711 3713 3714 -1 3714 3715 3711 -1 3714 3716 3715 -1 3714 3717 3716 -1 3713 3711 3694 -1 3694 3693 3713 -1 3707 3710 3703 -1 3703 3706 3707 -1 3713 3697 3696 -1 3696 3714 3713 -1 3696 3717 3714 -1 3696 3698 3717 -1 3692 3695 3716 -1 3716 3717 3692 -1 3701 3692 3717 -1 3717 3698 3701 -1 3712 3711 3715 -1 3715 3718 3712 -1 3715 3716 3718 -1 3697 3702 3709 -1 3709 3688 3697 -1 3709 3689 3688 -1 3702 3704 3710 -1 3710 3709 3702 -1 3704 3703 3710 -1 3718 3700 3699 -1 3699 3712 3718 -1 3697 3713 3693 -1 3693 3702 3697 -1 3705 3704 3702 -1 3702 3701 3705 -1 3695 3700 3718 -1 3718 3716 3695 -1 3719 3720 3721 -1 3720 3719 3722 -1 3723 3724 3725 -1 3724 3723 3726 -1 3719 3724 3726 -1 3724 3719 3721 -1 3720 3724 3721 -1 3724 3720 3725 -1 3723 3719 3726 -1 3719 3723 3722 -1 3720 3723 3725 -1 3723 3720 3722 -1 3727 3728 3729 -1 3728 3727 3730 -1 3728 3730 3731 -1 3731 3730 3732 -1 3732 3730 3733 -1 3734 3729 3728 -1 3735 3736 3737 -1 3736 3735 3738 -1 3733 3739 3740 -1 3739 3733 3741 -1 3741 3733 3742 -1 3742 3733 3743 -1 3743 3733 3730 -1 3743 3730 3744 -1 3744 3730 3745 -1 3746 3747 3748 -1 3747 3746 3749 -1 3749 3746 3745 -1 3749 3745 3730 -1 3750 3751 3752 -1 3751 3750 3753 -1 3751 3753 3737 -1 3751 3737 3736 -1 3735 3754 3755 -1 3754 3731 3732 -1 3731 3754 3735 -1 3731 3735 3737 -1 3731 3737 3753 -1 3728 3756 3734 -1 3756 3728 3757 -1 3757 3728 3750 -1 3750 3758 3757 -1 3758 3750 3752 -1 3750 3731 3753 -1 3731 3750 3728 -1 3759 3760 3761 -1 3760 3759 3762 -1 3727 3749 3730 -1 3749 3727 3763 -1 3749 3763 3761 -1 3749 3761 3760 -1 3764 3765 3766 -1 3765 3764 3763 -1 3765 3763 3767 -1 3767 3763 3768 -1 3769 3770 3771 -1 3770 3769 3772 -1 3772 3769 3773 -1 3773 3769 3729 -1 3729 3769 3727 -1 3727 3769 3768 -1 3727 3768 3763 -1 3758 3751 3774 -1 3751 3758 3752 -1 3774 3736 3738 -1 3736 3774 3751 -1 3745 3775 3776 -1 3775 3745 3746 -1 3745 3777 3744 -1 3777 3745 3776 -1 3743 3777 3778 -1 3777 3743 3744 -1 3777 3775 3778 -1 3775 3777 3776 -1 3779 3768 3769 -1 3768 3779 3780 -1 3781 3768 3780 -1 3768 3781 3767 -1 3781 3765 3767 -1 3765 3781 3782 -1 3781 3779 3782 -1 3779 3781 3780 -1 3742 3769 3771 -1 3769 3742 3779 -1 3779 3742 3778 -1 3778 3742 3743 -1 3775 3779 3778 -1 3779 3775 3782 -1 3782 3766 3765 -1 3766 3782 3748 -1 3748 3782 3775 -1 3748 3775 3746 -1 3754 3757 3755 -1 3757 3754 3756 -1 3738 3758 3774 -1 3758 3738 3735 -1 3758 3735 3757 -1 3757 3735 3755 -1 3739 3773 3740 -1 3773 3739 3772 -1 3740 3732 3733 -1 3732 3740 3734 -1 3734 3740 3729 -1 3729 3740 3773 -1 3732 3756 3754 -1 3756 3732 3734 -1 3742 3770 3741 -1 3770 3742 3771 -1 3747 3760 3783 -1 3760 3747 3749 -1 3760 3784 3783 -1 3784 3760 3762 -1 3785 3763 3764 -1 3763 3785 3761 -1 3759 3785 3786 -1 3785 3759 3761 -1 3741 3772 3739 -1 3772 3741 3770 -1 3784 3759 3786 -1 3759 3784 3762 -1 3784 3785 3783 -1 3785 3784 3786 -1 3747 3766 3748 -1 3766 3747 3764 -1 3764 3747 3783 -1 3764 3783 3785 -1 3787 3788 3789 -1 3788 3787 3790 -1 3791 3792 3793 -1 3792 3791 3794 -1 3795 3790 3796 -1 3790 3795 3788 -1 3788 3795 3797 -1 3788 3797 3798 -1 3787 3799 3800 -1 3799 3787 3789 -1 3799 3789 3801 -1 3801 3789 3802 -1 3795 3803 3804 -1 3803 3795 3796 -1 3805 3801 3802 -1 3801 3805 3806 -1 3807 3800 3808 -1 3800 3807 3787 -1 3797 3804 3809 -1 3804 3797 3795 -1 3810 3800 3799 -1 3800 3810 3808 -1 3808 3810 3811 -1 3796 3812 3803 -1 3812 3796 3790 -1 3813 3803 3812 -1 3803 3813 3804 -1 3814 3815 3816 -1 3815 3814 3788 -1 3788 3814 3789 -1 3789 3814 3802 -1 3802 3814 3805 -1 3798 3815 3788 -1 3805 3817 3818 -1 3817 3805 3814 -1 3817 3814 3819 -1 3818 3820 3821 -1 3820 3818 3817 -1 3821 3820 3822 -1 3823 3791 3793 -1 3791 3823 3824 -1 3825 3822 3826 -1 3822 3825 3821 -1 3827 3828 3815 -1 3828 3827 3829 -1 3828 3829 3830 -1 3815 3831 3816 -1 3831 3815 3828 -1 3816 3831 3832 -1 3822 3792 3826 -1 3823 3828 3830 -1 3828 3823 3793 -1 3828 3793 3820 -1 3820 3793 3792 -1 3820 3792 3822 -1 3817 3832 3831 -1 3832 3817 3819 -1 3829 3823 3830 -1 3823 3829 3824 -1 3806 3833 3811 -1 3833 3806 3834 -1 3805 3834 3806 -1 3834 3805 3818 -1 3806 3799 3801 -1 3799 3806 3810 -1 3810 3806 3811 -1 3794 3826 3792 -1 3826 3794 3825 -1 3835 3818 3827 -1 3818 3835 3834 -1 3827 3809 3835 -1 3809 3827 3815 -1 3828 3817 3831 -1 3817 3828 3820 -1 3811 3807 3808 -1 3807 3811 3833 -1 3813 3834 3835 -1 3834 3813 3833 -1 3827 3791 3829 -1 3791 3827 3818 -1 3791 3818 3794 -1 3794 3818 3825 -1 3825 3818 3821 -1 3824 3829 3791 -1 3812 3833 3813 -1 3833 3812 3790 -1 3833 3790 3787 -1 3833 3787 3807 -1 3798 3809 3815 -1 3809 3798 3797 -1 3835 3804 3813 -1 3804 3835 3809 -1 3832 3814 3816 -1 3814 3832 3819 -1 3836 3837 3838 -1 3837 3836 3839 -1 3840 3837 3841 -1 3837 3840 3842 -1 3837 3842 3838 -1 3838 3842 3843 -1 3839 3844 3845 -1 3844 3839 3846 -1 3846 3839 3836 -1 3846 3836 3847 -1 3840 3848 3849 -1 3848 3840 3841 -1 3850 3846 3847 -1 3846 3850 3851 -1 3852 3845 3853 -1 3845 3852 3839 -1 3842 3849 3854 -1 3849 3842 3840 -1 3855 3845 3844 -1 3845 3855 3853 -1 3853 3855 3856 -1 3837 3848 3841 -1 3848 3837 3857 -1 3858 3848 3857 -1 3848 3858 3849 -1 3859 3860 3861 -1 3860 3838 3862 -1 3838 3860 3836 -1 3836 3860 3847 -1 3847 3860 3850 -1 3850 3860 3859 -1 3863 3864 3865 -1 3864 3863 3862 -1 3864 3862 3843 -1 3843 3862 3838 -1 3850 3866 3867 -1 3866 3850 3859 -1 3866 3859 3868 -1 3867 3869 3870 -1 3869 3867 3866 -1 3870 3869 3871 -1 3872 3873 3874 -1 3873 3875 3876 -1 3875 3873 3877 -1 3877 3873 3872 -1 3878 3871 3879 -1 3871 3878 3870 -1 3880 3881 3864 -1 3881 3880 3882 -1 3881 3882 3883 -1 3864 3884 3865 -1 3884 3864 3881 -1 3865 3884 3885 -1 3871 3886 3879 -1 3872 3881 3883 -1 3881 3872 3874 -1 3881 3874 3869 -1 3869 3874 3886 -1 3869 3886 3871 -1 3887 3885 3888 -1 3884 3888 3885 -1 3888 3884 3866 -1 3888 3866 3889 -1 3889 3866 3890 -1 3890 3866 3868 -1 3863 3891 3862 -1 3891 3863 3892 -1 3892 3863 3888 -1 3888 3863 3887 -1 3875 3893 3876 -1 3893 3875 3894 -1 3882 3872 3883 -1 3872 3882 3877 -1 3851 3895 3856 -1 3895 3851 3896 -1 3850 3896 3851 -1 3896 3850 3867 -1 3851 3844 3846 -1 3844 3851 3855 -1 3855 3851 3856 -1 3885 3863 3865 -1 3863 3885 3887 -1 3873 3886 3874 -1 3886 3873 3897 -1 3878 3893 3894 -1 3893 3878 3897 -1 3897 3878 3886 -1 3886 3878 3879 -1 3893 3873 3876 -1 3873 3893 3897 -1 3898 3867 3880 -1 3867 3898 3896 -1 3880 3854 3898 -1 3854 3880 3864 -1 3881 3866 3884 -1 3866 3881 3869 -1 3856 3852 3853 -1 3852 3856 3895 -1 3858 3896 3898 -1 3896 3858 3895 -1 3890 3859 3861 -1 3859 3890 3868 -1 3880 3875 3882 -1 3875 3880 3867 -1 3875 3867 3894 -1 3894 3867 3878 -1 3878 3867 3870 -1 3877 3882 3875 -1 3857 3895 3858 -1 3895 3857 3837 -1 3895 3837 3839 -1 3895 3839 3852 -1 3843 3854 3864 -1 3854 3843 3842 -1 3898 3849 3858 -1 3849 3898 3854 -1 3890 3899 3889 -1 3899 3860 3900 -1 3860 3899 3861 -1 3861 3899 3890 -1 3899 3891 3892 -1 3891 3899 3900 -1 3888 3899 3892 -1 3899 3888 3889 -1 3891 3860 3862 -1 3860 3891 3900 -1 3901 3902 3903 -1 3902 3901 3904 -1 3905 3906 3907 -1 3906 3905 3908 -1 3906 3909 3910 -1 3909 3906 3908 -1 3909 3901 3910 -1 3901 3909 3904 -1 3911 3912 3913 -1 3912 3911 3914 -1 3914 3911 3915 -1 3915 3911 3916 -1 3916 3911 3917 -1 3917 3911 3906 -1 3906 3911 3907 -1 3917 3918 3919 -1 3918 3917 3920 -1 3920 3917 3921 -1 3921 3917 3910 -1 3910 3917 3906 -1 3921 3910 3901 -1 3921 3901 3903 -1 3915 3922 3923 -1 3922 3915 3916 -1 3920 3924 3918 -1 3925 3915 3923 -1 3915 3925 3926 -1 3927 3912 3914 -1 3912 3927 3928 -1 3929 3917 3930 -1 3917 3929 3916 -1 3919 3930 3917 -1 3930 3919 3931 -1 3931 3918 3932 -1 3918 3931 3919 -1 3933 3921 3934 -1 3921 3933 3920 -1 3920 3933 3924 -1 3924 3933 3935 -1 3933 3918 3935 -1 3918 3933 3932 -1 3902 3921 3903 -1 3921 3902 3934 -1 3918 3924 3935 -1 3936 3912 3928 -1 3912 3936 3937 -1 3937 3913 3912 -1 3913 3937 3938 -1 3938 3937 3939 -1 3938 3939 3940 -1 3927 3915 3926 -1 3915 3927 3914 -1 3925 3922 3941 -1 3922 3925 3923 -1 3929 3922 3916 -1 3922 3929 3941 -1 3786 3783 3785 -1 3783 3786 3784 -1 3911 3905 3907 -1 3905 3911 3785 -1 3905 3785 3942 -1 3942 3785 3783 -1 3929 3925 3941 -1 3925 3929 3926 -1 3926 3929 3927 -1 3934 3932 3933 -1 3932 3934 3931 -1 3931 3934 3930 -1 3930 3934 3929 -1 3929 3934 3909 -1 3909 3934 3904 -1 3904 3934 3902 -1 3927 3936 3928 -1 3936 3927 3942 -1 3942 3927 3929 -1 3942 3929 3908 -1 3908 3929 3909 -1 3942 3908 3905 -1 3938 3911 3913 -1 3911 3938 3785 -1 3786 3938 3940 -1 3938 3786 3785 -1 3937 3784 3939 -1 3784 3937 3783 -1 3936 3783 3937 -1 3783 3936 3942 -1 3939 3786 3940 -1 3786 3939 3784 -1 3943 3944 3945 -1 3944 3943 3946 -1 3944 3946 3947 -1 3947 3946 3948 -1 3948 3946 3949 -1 3950 3945 3944 -1 3951 3952 3953 -1 3954 3952 3955 -1 3952 3954 3953 -1 3955 3952 3956 -1 3955 3956 3957 -1 3955 3957 3958 -1 3957 3947 3948 -1 3947 3957 3956 -1 3949 3959 3960 -1 3959 3949 3961 -1 3959 3961 3900 -1 3900 3961 3899 -1 3899 3961 3889 -1 3961 3949 3962 -1 3962 3949 3946 -1 3963 3964 3965 -1 3964 3963 3966 -1 3966 3963 3967 -1 3967 3963 3968 -1 3968 3963 3969 -1 3889 3965 3970 -1 3965 3889 3961 -1 3970 3965 3964 -1 3971 3972 3973 -1 3972 3971 3955 -1 3955 3971 3954 -1 3944 3956 3952 -1 3956 3944 3947 -1 3892 3974 3891 -1 3975 3892 3888 -1 3892 3975 3976 -1 3892 3976 3977 -1 3976 3975 3978 -1 3976 3978 3979 -1 3979 3978 3980 -1 3979 3980 3981 -1 3979 3981 3982 -1 3979 3982 3983 -1 3974 3945 3984 -1 3945 3974 3985 -1 3985 3974 3892 -1 3985 3892 3977 -1 3945 3985 3986 -1 3945 3986 3943 -1 3943 3962 3946 -1 3962 3943 3986 -1 3972 3955 3958 -1 3944 3951 3950 -1 3951 3944 3952 -1 3954 3987 3953 -1 3987 3954 3971 -1 3960 3974 3984 -1 3974 3960 3959 -1 3972 3987 3973 -1 3987 3972 3958 -1 3987 3958 3951 -1 3987 3951 3953 -1 3951 3958 3957 -1 3951 3957 3950 -1 3950 3957 3948 -1 3960 3948 3949 -1 3948 3960 3984 -1 3950 3984 3945 -1 3984 3950 3948 -1 3988 3989 3990 -1 3989 3988 3991 -1 3979 3991 3976 -1 3991 3979 3963 -1 3991 3963 3992 -1 3992 3963 3993 -1 3993 3963 3965 -1 3988 3976 3991 -1 3971 3973 3987 -1 3993 3961 3994 -1 3961 3993 3965 -1 3977 3990 3985 -1 3990 3977 3988 -1 3988 3977 3976 -1 3991 3995 3989 -1 3995 3991 3992 -1 3983 3963 3979 -1 3963 3983 3969 -1 3961 3995 3994 -1 3986 3989 3962 -1 3989 3986 3985 -1 3989 3985 3990 -1 3962 3989 3995 -1 3962 3995 3961 -1 3995 3993 3994 -1 3993 3995 3992 -1 3900 3974 3959 -1 3974 3900 3891 -1 3968 3983 3982 -1 3983 3968 3969 -1 3967 3982 3981 -1 3982 3967 3968 -1 3966 3981 3980 -1 3981 3966 3967 -1 3964 3980 3978 -1 3980 3964 3966 -1 3897 3874 3886 -1 3874 3897 3873 -1 3897 3876 3873 -1 3876 3897 3893 -1 3889 3892 3899 -1 3892 3889 3888 -1 3900 3892 3891 -1 3892 3900 3899 -1 3888 3996 3975 -1 3996 3888 3889 -1 3996 3889 3997 -1 3997 3889 3998 -1 3998 3889 3970 -1 3999 3975 3996 -1 4000 4001 4002 -1 4003 3874 4004 -1 3874 4003 4005 -1 3874 4005 3886 -1 3886 4005 4001 -1 3886 4001 4000 -1 4001 3996 3997 -1 3996 4001 4005 -1 4006 3876 3893 -1 3876 4006 4007 -1 4007 4006 4008 -1 4003 3996 4005 -1 3996 4003 3999 -1 3998 4001 3997 -1 4001 3998 4002 -1 4000 3897 3886 -1 3893 4009 4006 -1 4009 3893 3897 -1 4009 3897 4010 -1 4010 3897 4000 -1 4009 4008 4006 -1 4008 4009 4011 -1 4008 4012 4007 -1 4012 4008 4011 -1 4010 4011 4009 -1 4011 4010 4013 -1 4011 4014 4012 -1 4014 4011 4013 -1 4012 3876 4007 -1 3876 4012 3873 -1 3873 4012 4014 -1 3873 4004 3874 -1 4004 3873 4014 -1 4013 4010 4014 -1 4014 4003 4004 -1 4003 4014 4002 -1 4002 4014 4000 -1 4000 4014 4010 -1 3999 3998 3975 -1 3998 3999 4002 -1 4002 3999 4003 -1 3975 3964 3978 -1 3964 3975 3970 -1 3970 3975 3998 -1 4015 4016 4017 -1 4016 4015 4018 -1 4019 4017 4016 -1 4017 4019 4020 -1 4015 4021 4018 -1 4022 4023 4024 -1 4025 4021 4026 -1 4021 4025 4018 -1 4026 4021 4023 -1 4026 4023 4022 -1 4027 4021 4028 -1 4021 4027 4023 -1 4029 4030 4031 -1 4030 4029 4032 -1 4033 4034 4035 -1 4034 4033 4036 -1 4034 4036 4037 -1 4036 4033 4038 -1 4036 4038 4039 -1 4039 4038 4020 -1 4039 4040 4041 -1 4040 4039 4020 -1 4042 4043 4044 -1 4043 4042 4034 -1 4043 4034 4045 -1 4045 4034 4037 -1 4046 4020 4019 -1 4020 4046 4047 -1 4020 4047 4040 -1 4047 4046 4048 -1 4048 4049 4047 -1 4049 4048 4050 -1 4051 4052 4053 -1 4052 4051 4054 -1 4052 4054 4055 -1 4055 4054 4056 -1 4056 4054 4057 -1 4058 4029 4031 -1 4029 4058 4059 -1 4059 4058 4060 -1 4059 4060 4061 -1 4059 4061 4062 -1 4062 4061 4063 -1 4062 4063 4064 -1 4062 4064 4065 -1 4063 4061 4053 -1 4053 4061 4051 -1 4065 4064 4066 -1 4065 4066 4067 -1 4067 4066 4068 -1 4067 4068 4037 -1 4037 4068 4069 -1 4037 4069 4070 -1 4037 4070 4045 -1 4071 4072 4073 -1 4072 4071 4074 -1 4072 4074 4075 -1 4075 4074 4076 -1 4075 4076 4077 -1 4077 4076 4078 -1 4077 4078 4079 -1 4079 4078 4080 -1 4079 4080 4081 -1 4081 4080 4082 -1 4081 4082 4083 -1 4083 4082 4084 -1 4083 4084 4043 -1 4043 4084 4044 -1 4073 4052 4071 -1 4052 4073 4053 -1 4085 4086 4087 -1 4086 4085 4088 -1 4088 4085 4089 -1 4088 4089 4090 -1 4090 4089 4091 -1 4090 4091 4092 -1 4092 4091 4093 -1 4092 4093 4094 -1 4094 4093 4095 -1 4094 4095 4096 -1 4096 4095 4097 -1 4096 4097 4098 -1 4098 4097 4034 -1 4098 4034 4042 -1 4099 4086 4100 -1 4086 4099 4087 -1 4101 4030 4032 -1 4030 4101 4102 -1 4102 4101 4103 -1 4103 4101 4104 -1 4033 4105 4106 -1 4105 4033 4107 -1 4107 4033 4108 -1 4108 4033 4109 -1 4109 4033 4110 -1 4110 4033 4035 -1 4105 4101 4111 -1 4101 4105 4112 -1 4101 4112 4113 -1 4101 4113 4104 -1 4104 4113 4099 -1 4104 4099 4114 -1 4112 4105 4107 -1 4114 4100 4115 -1 4100 4114 4099 -1 4115 4100 4116 -1 4115 4116 4117 -1 4115 4117 4118 -1 4022 4119 4120 -1 4119 4022 4024 -1 4041 4119 4039 -1 4119 4041 4120 -1 4067 4121 4065 -1 4121 4067 4122 -1 4122 4037 4036 -1 4037 4122 4067 -1 4111 4028 4105 -1 4028 4111 4062 -1 4028 4062 4027 -1 4027 4062 4065 -1 4065 4121 4027 -1 4123 4105 4028 -1 4123 4106 4105 -1 4106 4123 4124 -1 4124 4033 4106 -1 4033 4124 4038 -1 4059 4111 4101 -1 4111 4059 4062 -1 4125 4025 4026 -1 4025 4125 4126 -1 4015 4028 4021 -1 4028 4015 4124 -1 4124 4015 4017 -1 4124 4017 4038 -1 4038 4017 4020 -1 4123 4028 4124 -1 4054 4114 4115 -1 4114 4054 4051 -1 4127 4128 4129 -1 4128 4127 4130 -1 4131 4050 4132 -1 4050 4131 4049 -1 4133 4134 4135 -1 4134 4133 4136 -1 4091 4112 4107 -1 4112 4091 4089 -1 4127 4137 4138 -1 4137 4127 4129 -1 4137 4129 4139 -1 4137 4139 4140 -1 4128 4141 4142 -1 4141 4128 4130 -1 4143 4144 4145 -1 4144 4143 4146 -1 4133 4146 4143 -1 4146 4133 4135 -1 4145 4147 4148 -1 4147 4145 4144 -1 4148 4149 4150 -1 4149 4148 4147 -1 4089 4113 4112 -1 4113 4089 4085 -1 4095 4108 4109 -1 4108 4095 4093 -1 4140 4151 4134 -1 4151 4140 4152 -1 4152 4140 4153 -1 4153 4140 4139 -1 4144 4149 4147 -1 4149 4144 4126 -1 4126 4144 4146 -1 4126 4146 4135 -1 4126 4135 4025 -1 4025 4135 4154 -1 4025 4154 4155 -1 4025 4155 4156 -1 4025 4156 4018 -1 4154 4135 4134 -1 4154 4134 4151 -1 4018 4156 4157 -1 4018 4157 4016 -1 4016 4157 4019 -1 4019 4157 4158 -1 4019 4158 4159 -1 4019 4159 4160 -1 4019 4160 4046 -1 4108 4091 4107 -1 4091 4108 4093 -1 4035 4097 4110 -1 4097 4035 4034 -1 4097 4109 4110 -1 4109 4097 4095 -1 4142 4131 4132 -1 4131 4142 4141 -1 4136 4140 4134 -1 4140 4136 4137 -1 4150 4145 4148 -1 4145 4150 4125 -1 4145 4125 4143 -1 4143 4125 4133 -1 4041 4022 4120 -1 4022 4041 4161 -1 4161 4041 4162 -1 4162 4041 4163 -1 4163 4041 4040 -1 4022 4125 4026 -1 4125 4022 4164 -1 4125 4164 4165 -1 4125 4165 4166 -1 4125 4166 4133 -1 4133 4166 4136 -1 4164 4022 4167 -1 4167 4022 4161 -1 4136 4168 4137 -1 4168 4136 4166 -1 4137 4168 4169 -1 4137 4169 4170 -1 4137 4170 4138 -1 4171 4167 4172 -1 4167 4171 4164 -1 4173 4164 4171 -1 4164 4173 4165 -1 4173 4166 4165 -1 4166 4173 4174 -1 4174 4168 4166 -1 4168 4174 4175 -1 4175 4169 4168 -1 4169 4175 4176 -1 4177 4169 4176 -1 4169 4177 4170 -1 4127 4170 4177 -1 4170 4127 4138 -1 4178 4163 4179 -1 4163 4178 4162 -1 4121 4023 4027 -1 4023 4121 4119 -1 4119 4121 4122 -1 4119 4122 4039 -1 4039 4122 4036 -1 4024 4023 4119 -1 4139 4180 4153 -1 4180 4139 4129 -1 4151 4181 4182 -1 4181 4151 4152 -1 4155 4183 4156 -1 4183 4155 4184 -1 4185 4046 4160 -1 4046 4185 4048 -1 4156 4186 4157 -1 4186 4156 4183 -1 4158 4187 4159 -1 4187 4158 4188 -1 4155 4189 4184 -1 4189 4155 4154 -1 4154 4182 4189 -1 4182 4154 4151 -1 4159 4185 4160 -1 4185 4159 4187 -1 4056 4078 4076 -1 4078 4056 4057 -1 4055 4076 4074 -1 4076 4055 4056 -1 4090 4118 4117 -1 4118 4090 4092 -1 4116 4090 4117 -1 4090 4116 4088 -1 4079 4066 4077 -1 4066 4079 4068 -1 4071 4055 4074 -1 4055 4071 4052 -1 4064 4072 4075 -1 4072 4064 4063 -1 4072 4053 4073 -1 4053 4072 4063 -1 4167 4190 4172 -1 4190 4167 4161 -1 4190 4162 4178 -1 4162 4190 4161 -1 4066 4075 4077 -1 4075 4066 4064 -1 4043 4070 4083 -1 4070 4043 4045 -1 4070 4081 4083 -1 4081 4070 4069 -1 4069 4079 4081 -1 4079 4069 4068 -1 4094 4078 4092 -1 4078 4094 4080 -1 4058 4103 4060 -1 4103 4058 4102 -1 4082 4094 4096 -1 4094 4082 4080 -1 4060 4104 4061 -1 4104 4060 4103 -1 4032 4059 4101 -1 4059 4032 4029 -1 4042 4084 4098 -1 4084 4042 4044 -1 4031 4102 4058 -1 4102 4031 4030 -1 4084 4096 4098 -1 4096 4084 4082 -1 4113 4087 4099 -1 4087 4113 4085 -1 4114 4061 4104 -1 4061 4114 4051 -1 4125 4149 4126 -1 4149 4125 4150 -1 4100 4088 4116 -1 4088 4100 4086 -1 4181 4189 4182 -1 4189 4181 4184 -1 4184 4181 4180 -1 4184 4180 4183 -1 4183 4180 4129 -1 4183 4129 4186 -1 4186 4129 4188 -1 4188 4129 4128 -1 4188 4128 4187 -1 4187 4128 4142 -1 4187 4142 4132 -1 4187 4132 4185 -1 4185 4132 4048 -1 4048 4132 4050 -1 4118 4078 4115 -1 4078 4118 4092 -1 4115 4057 4054 -1 4057 4115 4078 -1 4186 4158 4157 -1 4158 4186 4188 -1 4153 4181 4152 -1 4181 4153 4180 -1 4163 4047 4179 -1 4047 4163 4040 -1 4173 4175 4174 -1 4175 4173 4176 -1 4176 4173 4171 -1 4176 4171 4177 -1 4177 4171 4172 -1 4177 4172 4127 -1 4127 4172 4190 -1 4127 4190 4130 -1 4130 4190 4178 -1 4130 4178 4141 -1 4141 4178 4179 -1 4141 4179 4131 -1 4131 4179 4047 -1 4131 4047 4049 -1 4191 4192 4193 -1 4192 4191 4194 -1 4195 4196 4197 -1 4196 4195 4198 -1 4191 4199 4194 -1 4199 4191 4200 -1 4194 4197 4196 -1 4197 4194 4199 -1 4201 4202 4203 -1 4202 4201 4204 -1 4204 4201 4205 -1 4205 4201 4206 -1 4207 4208 4209 -1 4208 4207 4210 -1 4210 4207 4211 -1 4210 4211 4212 -1 4212 4211 4213 -1 4213 4211 4214 -1 4213 4214 4215 -1 4213 4215 4216 -1 4213 4216 4217 -1 4215 4214 4218 -1 4218 4214 4203 -1 4218 4203 4202 -1 4217 4216 4219 -1 4217 4219 4220 -1 4217 4220 4221 -1 4221 4220 4222 -1 4222 4220 4193 -1 4193 4220 4191 -1 4191 4220 4200 -1 4200 4220 4223 -1 4200 4223 4224 -1 4200 4224 4225 -1 4226 4227 4228 -1 4227 4226 4229 -1 4229 4226 4193 -1 4193 4226 4222 -1 4230 4229 4231 -1 4229 4230 4227 -1 4232 4233 4234 -1 4233 4232 4235 -1 4236 4233 4237 -1 4233 4236 4234 -1 4238 4239 4240 -1 4239 4238 4241 -1 4236 4238 4234 -1 4238 4236 4241 -1 4242 4243 4244 -1 4243 4242 4245 -1 4245 4242 4246 -1 4239 4247 4240 -1 4247 4239 4248 -1 4248 4239 4249 -1 4249 4239 4250 -1 4250 4239 4251 -1 4251 4239 4252 -1 4252 4239 4253 -1 4253 4239 4254 -1 4255 4242 4256 -1 4242 4255 4246 -1 4246 4255 4257 -1 4257 4255 4258 -1 4258 4255 4259 -1 4259 4255 4249 -1 4257 4258 4260 -1 4257 4260 4261 -1 4259 4249 4250 -1 4262 4263 4264 -1 4263 4262 4265 -1 4265 4262 4266 -1 4266 4262 4267 -1 4267 4262 4247 -1 4267 4247 4248 -1 4261 4268 4269 -1 4268 4261 4260 -1 4269 4268 4270 -1 4269 4270 4271 -1 4269 4271 4272 -1 4192 4273 4274 -1 4273 4192 4194 -1 4273 4194 4196 -1 4275 4273 4196 -1 4208 4243 4209 -1 4243 4208 4244 -1 4201 4261 4269 -1 4261 4201 4203 -1 4276 4277 4278 -1 4277 4276 4279 -1 4277 4279 4280 -1 4195 4281 4198 -1 4281 4195 4282 -1 4282 4195 4283 -1 4283 4195 4284 -1 4284 4195 4285 -1 4285 4195 4286 -1 4286 4195 4287 -1 4287 4195 4288 -1 4289 4279 4290 -1 4279 4289 4280 -1 4280 4289 4291 -1 4291 4289 4292 -1 4292 4289 4293 -1 4293 4289 4283 -1 4291 4292 4294 -1 4291 4294 4295 -1 4293 4283 4284 -1 4296 4297 4298 -1 4297 4296 4299 -1 4297 4299 4300 -1 4300 4299 4301 -1 4301 4299 4282 -1 4282 4299 4281 -1 4302 4303 4304 -1 4295 4305 4306 -1 4305 4295 4294 -1 4306 4305 4307 -1 4306 4307 4304 -1 4306 4304 4303 -1 4265 4230 4263 -1 4230 4265 4227 -1 4264 4308 4262 -1 4308 4264 4231 -1 4308 4231 4274 -1 4274 4231 4229 -1 4244 4210 4242 -1 4210 4244 4208 -1 4198 4275 4196 -1 4275 4198 4281 -1 4256 4309 4255 -1 4309 4256 4212 -1 4309 4212 4310 -1 4310 4212 4213 -1 4278 4311 4276 -1 4311 4278 4312 -1 4313 4314 4315 -1 4314 4313 4300 -1 4314 4300 4316 -1 4316 4300 4301 -1 4317 4318 4319 -1 4318 4317 4290 -1 4290 4317 4320 -1 4290 4320 4289 -1 4296 4321 4322 -1 4321 4296 4298 -1 4275 4299 4273 -1 4299 4275 4281 -1 4274 4323 4308 -1 4323 4274 4273 -1 4320 4314 4316 -1 4314 4320 4317 -1 4323 4322 4324 -1 4322 4323 4296 -1 4296 4323 4273 -1 4296 4273 4299 -1 4325 4252 4253 -1 4252 4325 4326 -1 4271 4327 4272 -1 4327 4271 4328 -1 4326 4251 4252 -1 4251 4326 4329 -1 4270 4330 4331 -1 4330 4270 4268 -1 4268 4332 4330 -1 4332 4268 4260 -1 4231 4263 4230 -1 4263 4231 4264 -1 4270 4328 4271 -1 4328 4270 4331 -1 4254 4325 4253 -1 4325 4254 4333 -1 4260 4334 4332 -1 4334 4260 4258 -1 4334 4330 4332 -1 4330 4334 4331 -1 4331 4334 4335 -1 4331 4335 4328 -1 4328 4335 4336 -1 4328 4336 4327 -1 4327 4336 4329 -1 4327 4329 4337 -1 4337 4329 4326 -1 4337 4326 4338 -1 4338 4326 4325 -1 4338 4325 4339 -1 4339 4325 4333 -1 4339 4333 4340 -1 4250 4335 4259 -1 4335 4250 4336 -1 4251 4336 4250 -1 4336 4251 4329 -1 4259 4334 4258 -1 4334 4259 4335 -1 4341 4215 4218 -1 4215 4341 4342 -1 4343 4206 4344 -1 4206 4343 4205 -1 4345 4341 4346 -1 4341 4345 4342 -1 4342 4345 4343 -1 4342 4343 4347 -1 4347 4343 4344 -1 4347 4344 4348 -1 4348 4344 4349 -1 4348 4349 4350 -1 4350 4349 4351 -1 4350 4351 4352 -1 4352 4351 4353 -1 4352 4353 4354 -1 4354 4353 4355 -1 4354 4355 4356 -1 4272 4201 4269 -1 4201 4272 4327 -1 4327 4206 4201 -1 4206 4327 4344 -1 4346 4218 4202 -1 4218 4346 4341 -1 4348 4216 4347 -1 4216 4348 4219 -1 4345 4205 4343 -1 4205 4345 4204 -1 4356 4224 4354 -1 4224 4356 4225 -1 4350 4219 4348 -1 4219 4350 4220 -1 4345 4202 4204 -1 4202 4345 4346 -1 4224 4352 4354 -1 4352 4224 4223 -1 4223 4350 4352 -1 4350 4223 4220 -1 4347 4215 4342 -1 4215 4347 4216 -1 4261 4214 4257 -1 4214 4261 4203 -1 4211 4257 4214 -1 4257 4211 4246 -1 4207 4246 4211 -1 4246 4207 4245 -1 4209 4245 4207 -1 4245 4209 4243 -1 4357 4358 4359 -1 4358 4357 4360 -1 4360 4361 4358 -1 4361 4360 4362 -1 4363 4364 4365 -1 4364 4363 4366 -1 4364 4367 4365 -1 4367 4364 4368 -1 4369 4366 4363 -1 4366 4369 4370 -1 4371 4372 4373 -1 4372 4371 4374 -1 4375 4369 4376 -1 4369 4375 4370 -1 4372 4377 4373 -1 4377 4372 4378 -1 4361 4379 4380 -1 4379 4361 4362 -1 4380 4374 4371 -1 4374 4380 4379 -1 4378 4376 4377 -1 4376 4378 4375 -1 4362 4374 4379 -1 4374 4362 4372 -1 4372 4362 4360 -1 4372 4360 4378 -1 4378 4360 4357 -1 4378 4357 4375 -1 4375 4357 4381 -1 4375 4381 4370 -1 4370 4381 4382 -1 4370 4382 4366 -1 4366 4382 4383 -1 4366 4383 4364 -1 4364 4383 4384 -1 4364 4384 4368 -1 4315 4385 4313 -1 4386 4387 4388 -1 4387 4386 4235 -1 4235 4386 4237 -1 4237 4233 4235 -1 4385 4322 4321 -1 4322 4385 4324 -1 4324 4385 4315 -1 4324 4315 4387 -1 4324 4387 4235 -1 4298 4385 4321 -1 4385 4298 4297 -1 4291 4389 4390 -1 4389 4291 4295 -1 4278 4391 4312 -1 4391 4278 4277 -1 4300 4385 4297 -1 4385 4300 4313 -1 4277 4392 4391 -1 4392 4277 4280 -1 4280 4390 4392 -1 4390 4280 4291 -1 4279 4318 4290 -1 4318 4279 4393 -1 4279 4311 4393 -1 4311 4279 4276 -1 4389 4306 4394 -1 4306 4389 4295 -1 4395 4396 4397 -1 4396 4395 4398 -1 4398 4395 4399 -1 4398 4399 4400 -1 4400 4399 4401 -1 4400 4401 4402 -1 4402 4401 4403 -1 4402 4403 4404 -1 4404 4403 4405 -1 4404 4405 4406 -1 4406 4405 4407 -1 4406 4407 4408 -1 4408 4407 4409 -1 4408 4409 4410 -1 4398 4305 4396 -1 4305 4398 4307 -1 4396 4294 4397 -1 4294 4396 4305 -1 4397 4292 4395 -1 4292 4397 4294 -1 4284 4403 4401 -1 4403 4284 4285 -1 4394 4357 4359 -1 4357 4394 4303 -1 4303 4394 4306 -1 4357 4302 4402 -1 4302 4357 4303 -1 4402 4381 4357 -1 4381 4402 4404 -1 4381 4406 4382 -1 4406 4381 4404 -1 4382 4408 4383 -1 4408 4382 4406 -1 4408 4384 4383 -1 4384 4408 4410 -1 4403 4286 4405 -1 4286 4403 4285 -1 4293 4401 4399 -1 4401 4293 4284 -1 4394 4380 4389 -1 4380 4394 4361 -1 4361 4394 4358 -1 4358 4394 4359 -1 4391 4311 4312 -1 4311 4391 4393 -1 4393 4391 4392 -1 4393 4392 4318 -1 4318 4392 4319 -1 4319 4392 4390 -1 4319 4390 4373 -1 4319 4373 4377 -1 4319 4377 4388 -1 4373 4390 4371 -1 4371 4390 4389 -1 4371 4389 4380 -1 4388 4377 4376 -1 4388 4376 4369 -1 4388 4369 4386 -1 4386 4369 4363 -1 4386 4363 4365 -1 4386 4365 4367 -1 4302 4400 4402 -1 4400 4302 4304 -1 4304 4398 4400 -1 4398 4304 4307 -1 4292 4399 4395 -1 4399 4292 4293 -1 4405 4287 4407 -1 4287 4405 4286 -1 4287 4409 4407 -1 4409 4287 4288 -1 4333 4355 4340 -1 4355 4333 4356 -1 4356 4333 4254 -1 4356 4254 4239 -1 4356 4239 4199 -1 4199 4239 4241 -1 4367 4409 4386 -1 4409 4367 4368 -1 4409 4368 4410 -1 4410 4368 4384 -1 4241 4197 4199 -1 4197 4241 4236 -1 4197 4236 4195 -1 4195 4236 4288 -1 4288 4236 4237 -1 4288 4237 4386 -1 4288 4386 4409 -1 4356 4200 4225 -1 4200 4356 4199 -1 4411 4289 4320 -1 4289 4411 4283 -1 4283 4412 4282 -1 4412 4283 4411 -1 4412 4320 4316 -1 4320 4412 4411 -1 4413 4414 4310 -1 4414 4413 4415 -1 4415 4413 4416 -1 4415 4226 4414 -1 4226 4415 4222 -1 4301 4412 4316 -1 4412 4301 4282 -1 4222 4416 4221 -1 4416 4222 4415 -1 4221 4413 4217 -1 4413 4221 4416 -1 4232 4308 4323 -1 4308 4232 4417 -1 4417 4232 4234 -1 4417 4234 4238 -1 4418 4314 4317 -1 4314 4418 4419 -1 4418 4387 4419 -1 4387 4418 4388 -1 4315 4419 4387 -1 4419 4315 4314 -1 4418 4319 4388 -1 4319 4418 4317 -1 4420 4309 4421 -1 4309 4420 4422 -1 4238 4247 4417 -1 4247 4238 4240 -1 4213 4413 4310 -1 4413 4213 4217 -1 4420 4249 4422 -1 4249 4420 4248 -1 4255 4422 4249 -1 4422 4255 4309 -1 4232 4324 4235 -1 4324 4232 4323 -1 4262 4417 4247 -1 4417 4262 4308 -1 4420 4267 4248 -1 4267 4420 4421 -1 4421 4266 4267 -1 4266 4421 4228 -1 4228 4421 4414 -1 4228 4414 4226 -1 4414 4309 4310 -1 4309 4414 4421 -1 4340 4353 4339 -1 4353 4340 4355 -1 4351 4337 4338 -1 4337 4351 4349 -1 4353 4338 4339 -1 4338 4353 4351 -1 4337 4344 4327 -1 4344 4337 4349 -1 4227 4266 4228 -1 4266 4227 4265 -1 4229 4192 4274 -1 4192 4229 4193 -1 4212 4242 4210 -1 4242 4212 4256 -1 4423 4424 4425 -1 4424 4423 4426 -1 4424 4427 4428 -1 4427 4424 4426 -1 4427 4426 4429 -1 4427 4429 4430 -1 4431 4432 4433 -1 4432 4431 4423 -1 4423 4431 4434 -1 4432 4423 4425 -1 4435 4430 4429 -1 4430 4435 4436 -1 4436 4437 4430 -1 4437 4436 4438 -1 4437 4438 4439 -1 4439 4438 4440 -1 4440 4438 4441 -1 4440 4441 4442 -1 4426 4443 4444 -1 4443 4426 4445 -1 4445 4426 4423 -1 4430 4446 4447 -1 4446 4430 4437 -1 4438 4448 4449 -1 4448 4438 4436 -1 4450 4451 4452 -1 4451 4450 4453 -1 4451 4453 4454 -1 4454 4453 4427 -1 4427 4453 4428 -1 4454 4455 4451 -1 4456 4457 4458 -1 4457 4456 4459 -1 4459 4456 4460 -1 4460 4456 4461 -1 4461 4456 4462 -1 4439 4456 4463 -1 4456 4439 4464 -1 4464 4439 4440 -1 4462 4464 4465 -1 4464 4462 4456 -1 4466 4467 4468 -1 4469 4470 4471 -1 4470 4469 4472 -1 4472 4469 4473 -1 4473 4469 4474 -1 4475 4476 4477 -1 4476 4475 4467 -1 4476 4467 4466 -1 4476 4466 4478 -1 4476 4478 4479 -1 4480 4481 4482 -1 4481 4480 4483 -1 4483 4480 4484 -1 4483 4484 4485 -1 4485 4484 4486 -1 4486 4484 4487 -1 4486 4487 4488 -1 4486 4488 4489 -1 4486 4489 4490 -1 4488 4487 4491 -1 4491 4487 4471 -1 4491 4471 4470 -1 4490 4489 4492 -1 4490 4492 4493 -1 4490 4493 4494 -1 4494 4493 4478 -1 4478 4493 4495 -1 4496 4497 4498 -1 4497 4496 4499 -1 4497 4499 4500 -1 4500 4499 4432 -1 4432 4499 4433 -1 4433 4499 4495 -1 4433 4495 4493 -1 4433 4493 4501 -1 4433 4501 4502 -1 4433 4502 4503 -1 4504 4495 4505 -1 4495 4504 4479 -1 4495 4479 4478 -1 4423 4506 4445 -1 4506 4423 4434 -1 4507 4436 4435 -1 4436 4507 4448 -1 4432 4508 4500 -1 4508 4432 4425 -1 4454 4430 4447 -1 4430 4454 4427 -1 4509 4510 4511 -1 4510 4509 4512 -1 4512 4509 4513 -1 4513 4509 4441 -1 4441 4509 4442 -1 4514 4515 4516 -1 4515 4514 4512 -1 4512 4514 4517 -1 4512 4517 4518 -1 4512 4518 4510 -1 4507 4519 4520 -1 4519 4386 4521 -1 4386 4519 4522 -1 4522 4519 4507 -1 4522 4507 4435 -1 4522 4435 4429 -1 4523 4524 4525 -1 4524 4523 4526 -1 4524 4526 4504 -1 4504 4526 4527 -1 4504 4527 4528 -1 4504 4528 4479 -1 4529 4530 4531 -1 4530 4529 4532 -1 4532 4529 4533 -1 4431 4506 4434 -1 4506 4431 4534 -1 4534 4431 4535 -1 4535 4431 4536 -1 4536 4431 4537 -1 4537 4431 4538 -1 4538 4431 4539 -1 4540 4525 4524 -1 4525 4540 4535 -1 4525 4535 4541 -1 4541 4535 4542 -1 4542 4535 4543 -1 4543 4535 4544 -1 4544 4535 4536 -1 4545 4529 4546 -1 4529 4545 4533 -1 4533 4545 4547 -1 4547 4545 4548 -1 4548 4545 4549 -1 4549 4545 4543 -1 4547 4548 4550 -1 4547 4550 4551 -1 4549 4543 4544 -1 4552 4553 4554 -1 4553 4552 4534 -1 4534 4552 4506 -1 4541 4555 4556 -1 4555 4541 4557 -1 4557 4541 4558 -1 4558 4541 4559 -1 4559 4541 4542 -1 4551 4560 4561 -1 4560 4551 4550 -1 4561 4560 4562 -1 4561 4562 4563 -1 4561 4563 4564 -1 4438 4513 4441 -1 4513 4438 4449 -1 4513 4449 4463 -1 4463 4449 4446 -1 4463 4446 4437 -1 4463 4437 4439 -1 4565 4553 4534 -1 4553 4565 4566 -1 4553 4566 4496 -1 4496 4566 4567 -1 4496 4567 4568 -1 4496 4568 4499 -1 4508 4569 4570 -1 4569 4508 4424 -1 4424 4508 4425 -1 4424 4453 4569 -1 4453 4424 4428 -1 4497 4508 4570 -1 4508 4497 4500 -1 4499 4571 4495 -1 4571 4499 4568 -1 4571 4567 4572 -1 4567 4571 4568 -1 4573 4574 4575 -1 4574 4573 4576 -1 4576 4573 4577 -1 4576 4466 4574 -1 4466 4576 4478 -1 4552 4445 4506 -1 4445 4552 4443 -1 4426 4522 4429 -1 4522 4426 4444 -1 4540 4578 4535 -1 4578 4540 4579 -1 4579 4540 4505 -1 4579 4505 4572 -1 4572 4505 4571 -1 4571 4505 4495 -1 4478 4577 4494 -1 4577 4478 4576 -1 4494 4573 4490 -1 4573 4494 4577 -1 4526 4580 4581 -1 4580 4526 4523 -1 4565 4579 4566 -1 4579 4565 4578 -1 4565 4535 4578 -1 4535 4565 4534 -1 4582 4583 4584 -1 4583 4582 4585 -1 4523 4541 4580 -1 4541 4523 4525 -1 4486 4573 4575 -1 4573 4486 4490 -1 4456 4513 4463 -1 4513 4456 4512 -1 4582 4543 4585 -1 4543 4582 4542 -1 4455 4519 4451 -1 4519 4455 4520 -1 4545 4585 4543 -1 4585 4545 4583 -1 4452 4519 4521 -1 4519 4452 4451 -1 4582 4559 4542 -1 4559 4582 4584 -1 4512 4458 4515 -1 4458 4512 4456 -1 4452 4386 4450 -1 4386 4452 4521 -1 4455 4507 4520 -1 4507 4455 4448 -1 4448 4455 4447 -1 4447 4455 4454 -1 4446 4448 4447 -1 4448 4446 4449 -1 4498 4552 4554 -1 4552 4498 4443 -1 4443 4498 4570 -1 4570 4498 4497 -1 4444 4386 4522 -1 4386 4444 4450 -1 4450 4444 4569 -1 4450 4569 4453 -1 4457 4515 4458 -1 4515 4457 4516 -1 4569 4443 4570 -1 4443 4569 4444 -1 4584 4558 4559 -1 4558 4584 4468 -1 4468 4584 4574 -1 4468 4574 4466 -1 4574 4583 4575 -1 4583 4574 4584 -1 4586 4587 4588 -1 4587 4586 4589 -1 4590 4591 4592 -1 4591 4590 4593 -1 4587 4592 4588 -1 4592 4587 4590 -1 4591 4594 4595 -1 4594 4591 4593 -1 4467 4558 4468 -1 4558 4467 4557 -1 4556 4580 4541 -1 4580 4556 4581 -1 4581 4556 4477 -1 4581 4477 4596 -1 4596 4477 4597 -1 4597 4477 4476 -1 4485 4529 4483 -1 4529 4485 4546 -1 4597 4527 4596 -1 4527 4597 4528 -1 4481 4530 4482 -1 4530 4481 4531 -1 4598 4589 4586 -1 4589 4598 4599 -1 4599 4598 4539 -1 4599 4539 4431 -1 4599 4431 4433 -1 4433 4503 4599 -1 4469 4551 4561 -1 4551 4469 4471 -1 4557 4475 4555 -1 4475 4557 4467 -1 4531 4483 4529 -1 4483 4531 4481 -1 4479 4597 4476 -1 4597 4479 4528 -1 4546 4583 4545 -1 4583 4546 4485 -1 4583 4485 4575 -1 4575 4485 4486 -1 4498 4553 4496 -1 4553 4498 4554 -1 4504 4540 4524 -1 4540 4504 4505 -1 4596 4526 4581 -1 4526 4596 4527 -1 4567 4579 4572 -1 4579 4567 4566 -1 4600 4537 4538 -1 4537 4600 4601 -1 4563 4595 4564 -1 4595 4563 4602 -1 4465 4509 4511 -1 4509 4465 4464 -1 4601 4536 4537 -1 4536 4601 4603 -1 4457 4514 4516 -1 4514 4457 4459 -1 4461 4510 4518 -1 4510 4461 4462 -1 4460 4518 4517 -1 4518 4460 4461 -1 4562 4604 4605 -1 4604 4562 4560 -1 4560 4606 4604 -1 4606 4560 4550 -1 4509 4440 4442 -1 4440 4509 4464 -1 4462 4511 4510 -1 4511 4462 4465 -1 4477 4555 4475 -1 4555 4477 4556 -1 4562 4602 4563 -1 4602 4562 4605 -1 4539 4600 4538 -1 4600 4539 4598 -1 4550 4607 4606 -1 4607 4550 4548 -1 4607 4604 4606 -1 4604 4607 4605 -1 4605 4607 4608 -1 4605 4608 4602 -1 4602 4608 4609 -1 4602 4609 4595 -1 4595 4609 4603 -1 4595 4603 4591 -1 4591 4603 4601 -1 4591 4601 4592 -1 4592 4601 4600 -1 4592 4600 4588 -1 4588 4600 4598 -1 4588 4598 4586 -1 4459 4517 4514 -1 4517 4459 4460 -1 4544 4608 4549 -1 4608 4544 4609 -1 4536 4609 4544 -1 4609 4536 4603 -1 4549 4607 4548 -1 4607 4549 4608 -1 4610 4488 4491 -1 4488 4610 4611 -1 4612 4474 4594 -1 4474 4612 4473 -1 4613 4610 4614 -1 4610 4613 4611 -1 4611 4613 4612 -1 4611 4612 4615 -1 4615 4612 4594 -1 4615 4594 4616 -1 4616 4594 4593 -1 4616 4593 4617 -1 4617 4593 4590 -1 4617 4590 4618 -1 4618 4590 4587 -1 4618 4587 4619 -1 4619 4587 4589 -1 4619 4589 4599 -1 4564 4469 4561 -1 4469 4564 4595 -1 4595 4474 4469 -1 4474 4595 4594 -1 4614 4491 4470 -1 4491 4614 4610 -1 4616 4489 4615 -1 4489 4616 4492 -1 4613 4473 4612 -1 4473 4613 4472 -1 4599 4502 4619 -1 4502 4599 4503 -1 4617 4492 4616 -1 4492 4617 4493 -1 4613 4470 4472 -1 4470 4613 4614 -1 4502 4618 4619 -1 4618 4502 4501 -1 4501 4617 4618 -1 4617 4501 4493 -1 4615 4488 4611 -1 4488 4615 4489 -1 4551 4487 4547 -1 4487 4551 4471 -1 4484 4547 4487 -1 4547 4484 4533 -1 4480 4533 4484 -1 4533 4480 4532 -1 4482 4532 4480 -1 4532 4482 4530 -1 4620 4621 4622 -1 4621 4620 4623 -1 4624 4625 4626 -1 4625 4624 4627 -1 4628 4620 4629 -1 4620 4628 4623 -1 4623 4628 4630 -1 4627 4631 4625 -1 4631 4627 4632 -1 4633 4626 4634 -1 4626 4633 4624 -1 4635 4636 4637 -1 4636 4635 4638 -1 4633 4639 4630 -1 4639 4633 4636 -1 4639 4636 4638 -1 4630 4640 4623 -1 4640 4630 4639 -1 4623 4640 4621 -1 4621 4641 4622 -1 4641 4621 4640 -1 4641 4639 4642 -1 4639 4641 4640 -1 4643 4631 4644 -1 4631 4643 4625 -1 4643 4645 4646 -1 4645 4643 4647 -1 4645 4647 4648 -1 4645 4648 4649 -1 4646 4625 4643 -1 4625 4646 4626 -1 4639 4635 4642 -1 4635 4639 4638 -1 4646 4628 4629 -1 4628 4646 4645 -1 4628 4645 4649 -1 4628 4649 4630 -1 4624 4648 4627 -1 4648 4624 4649 -1 4633 4649 4624 -1 4649 4633 4630 -1 4644 4647 4643 -1 4647 4644 4650 -1 4647 4650 4648 -1 4629 4641 4634 -1 4641 4629 4620 -1 4641 4620 4622 -1 4634 4642 4637 -1 4642 4634 4641 -1 4637 4642 4635 -1 4650 4631 4632 -1 4631 4650 4644 -1 4629 4626 4646 -1 4626 4629 4634 -1 4636 4634 4637 -1 4634 4636 4633 -1 4627 4650 4632 -1 4650 4627 4648 -1 4150 4651 4652 -1 4651 4150 4149 -1 4653 4032 4029 -1 4032 4653 4654 -1 4655 4656 4657 -1 4656 4655 4658 -1 4657 4026 4659 -1 4026 4657 4656 -1 4026 4656 4025 -1 4025 4656 4660 -1 4660 4656 4661 -1 4662 4659 4026 -1 4663 4111 4664 -1 4665 4655 4666 -1 4655 4665 4062 -1 4655 4062 4658 -1 4658 4062 4111 -1 4658 4111 4663 -1 4126 4150 4125 -1 4150 4126 4149 -1 4667 4668 4669 -1 4668 4667 4670 -1 4669 4671 4672 -1 4671 4669 4668 -1 4673 4668 4670 -1 4668 4673 4674 -1 4674 4671 4668 -1 4671 4674 4675 -1 4675 4676 4671 -1 4676 4675 4677 -1 4675 4678 4677 -1 4678 4675 4679 -1 4673 4680 4674 -1 4680 4673 4681 -1 4674 4679 4675 -1 4679 4674 4680 -1 4682 4665 4666 -1 4665 4682 4683 -1 4672 4676 4684 -1 4676 4672 4671 -1 4685 4032 4654 -1 4032 4685 4101 -1 4101 4685 4111 -1 4111 4685 4664 -1 4665 4059 4062 -1 4059 4653 4029 -1 4653 4059 4683 -1 4683 4059 4665 -1 4026 4126 4125 -1 4126 4026 4025 -1 4686 4150 4652 -1 4150 4686 4125 -1 4125 4686 4026 -1 4026 4686 4662 -1 4660 4126 4025 -1 4126 4651 4149 -1 4651 4126 4687 -1 4687 4126 4660 -1 4673 4656 4681 -1 4656 4673 4688 -1 4656 4688 4661 -1 4681 4658 4689 -1 4658 4681 4656 -1 4689 4658 4663 -1 4672 4690 4669 -1 4690 4672 4691 -1 4690 4691 4679 -1 4690 4679 4680 -1 4678 4676 4677 -1 4676 4678 4684 -1 4669 4692 4667 -1 4692 4669 4690 -1 4692 4690 4680 -1 4692 4680 4681 -1 4684 4691 4672 -1 4691 4684 4678 -1 4691 4678 4679 -1 4667 4655 4670 -1 4655 4667 4682 -1 4655 4682 4666 -1 4670 4657 4693 -1 4657 4670 4655 -1 4693 4657 4659 -1 4688 4651 4687 -1 4686 4670 4693 -1 4670 4686 4652 -1 4670 4652 4673 -1 4673 4652 4651 -1 4673 4651 4688 -1 4692 4653 4667 -1 4653 4692 4654 -1 4654 4692 4685 -1 4685 4692 4689 -1 4689 4692 4681 -1 4667 4683 4682 -1 4683 4667 4653 -1 4660 4688 4687 -1 4688 4660 4661 -1 4685 4663 4664 -1 4663 4685 4689 -1 4659 4686 4693 -1 4686 4659 4662 -1 4694 4695 4696 -1 4695 4694 4697 -1 4698 4699 4700 -1 4699 4698 4701 -1 4702 4694 4703 -1 4694 4702 4697 -1 4697 4702 4704 -1 4701 4705 4699 -1 4705 4701 4706 -1 4707 4700 4708 -1 4700 4707 4698 -1 4709 4710 4711 -1 4710 4709 4712 -1 4707 4713 4704 -1 4713 4707 4710 -1 4713 4710 4712 -1 4704 4714 4697 -1 4714 4704 4713 -1 4697 4714 4695 -1 4695 4715 4696 -1 4715 4695 4714 -1 4715 4713 4716 -1 4713 4715 4714 -1 4717 4705 4718 -1 4705 4717 4699 -1 4717 4719 4720 -1 4719 4717 4721 -1 4719 4721 4722 -1 4719 4722 4723 -1 4720 4699 4717 -1 4699 4720 4700 -1 4713 4709 4716 -1 4709 4713 4712 -1 4720 4702 4703 -1 4702 4720 4719 -1 4702 4719 4723 -1 4702 4723 4704 -1 4698 4722 4701 -1 4722 4698 4723 -1 4707 4723 4698 -1 4723 4707 4704 -1 4718 4721 4717 -1 4721 4718 4724 -1 4721 4724 4722 -1 4703 4715 4708 -1 4715 4703 4694 -1 4715 4694 4696 -1 4708 4716 4711 -1 4716 4708 4715 -1 4711 4716 4709 -1 4724 4705 4706 -1 4705 4724 4718 -1 4703 4700 4720 -1 4700 4703 4708 -1 4710 4708 4711 -1 4708 4710 4707 -1 4701 4724 4706 -1 4724 4701 4722 -1 4725 4726 4727 -1 4726 4725 4728 -1 4729 4730 4731 -1 4730 4729 4732 -1 4733 4725 4734 -1 4725 4733 4728 -1 4728 4733 4735 -1 4732 4736 4730 -1 4736 4732 4737 -1 4738 4731 4739 -1 4731 4738 4729 -1 4740 4741 4742 -1 4741 4740 4743 -1 4738 4744 4735 -1 4744 4738 4741 -1 4744 4741 4743 -1 4735 4745 4728 -1 4745 4735 4744 -1 4728 4745 4726 -1 4726 4746 4727 -1 4746 4726 4745 -1 4746 4744 4747 -1 4744 4746 4745 -1 4748 4736 4749 -1 4736 4748 4730 -1 4748 4750 4751 -1 4750 4748 4752 -1 4750 4752 4753 -1 4750 4753 4754 -1 4751 4730 4748 -1 4730 4751 4731 -1 4744 4740 4747 -1 4740 4744 4743 -1 4751 4733 4734 -1 4733 4751 4750 -1 4733 4750 4754 -1 4733 4754 4735 -1 4729 4753 4732 -1 4753 4729 4754 -1 4738 4754 4729 -1 4754 4738 4735 -1 4749 4752 4748 -1 4752 4749 4755 -1 4752 4755 4753 -1 4734 4746 4739 -1 4746 4734 4725 -1 4746 4725 4727 -1 4739 4747 4742 -1 4747 4739 4746 -1 4742 4747 4740 -1 4755 4736 4737 -1 4736 4755 4749 -1 4734 4731 4751 -1 4731 4734 4739 -1 4741 4739 4742 -1 4739 4741 4738 -1 4732 4755 4737 -1 4755 4732 4753 -1 4756 4757 4758 -1 4758 4759 4756 -1 4759 4241 4238 -1 4238 4756 4759 -1 4756 4238 4760 -1 4760 4761 4756 -1 4760 4762 4761 -1 4763 4234 4236 -1 4236 4757 4763 -1 4757 4764 4763 -1 4764 4765 4763 -1 4758 4757 4236 -1 4241 4759 4758 -1 4758 4236 4241 -1 4763 4760 4238 -1 4238 4234 4763 -1 4761 4764 4757 -1 4757 4756 4761 -1 4762 4765 4764 -1 4764 4761 4762 -1 4760 4763 4765 -1 4765 4762 4760 -1 4766 4767 4768 -1 4767 4766 4769 -1 4769 4194 4199 -1 4194 4769 4766 -1 4766 4770 4194 -1 4770 4766 4771 -1 4770 4771 4772 -1 4773 4774 4775 -1 4774 4773 4768 -1 4768 4773 4776 -1 4776 4773 4777 -1 4767 4774 4768 -1 4774 4194 4775 -1 4194 4774 4199 -1 4199 4767 4769 -1 4767 4199 4774 -1 4773 4194 4770 -1 4194 4773 4775 -1 4771 4768 4776 -1 4768 4771 4766 -1 4772 4776 4777 -1 4776 4772 4771 -1 4770 4777 4773 -1 4777 4770 4772 -1 4778 4779 4780 -1 4779 4778 4781 -1 4779 4782 4783 -1 4782 4779 4781 -1 4784 4785 4786 -1 4785 4784 4787 -1 4192 4788 4193 -1 4788 4192 4789 -1 4790 4791 4792 -1 4791 4790 4793 -1 4791 4793 4794 -1 4794 4793 4788 -1 4794 4788 4281 -1 4281 4788 4789 -1 4792 4795 4796 -1 4795 4792 4791 -1 4787 4782 4785 -1 4782 4787 4783 -1 4797 4787 4798 -1 4787 4797 4783 -1 4783 4797 4779 -1 4779 4797 4780 -1 4799 4800 4801 -1 4800 4799 4802 -1 4802 4799 4803 -1 4802 4803 4804 -1 4804 4803 4805 -1 4804 4805 4308 -1 4308 4805 4784 -1 4308 4784 4806 -1 4308 4806 4807 -1 4308 4807 4417 -1 4784 4805 4798 -1 4784 4798 4787 -1 4417 4807 4247 -1 4804 4274 4808 -1 4274 4804 4308 -1 4808 4274 4809 -1 4809 4274 4810 -1 4810 4274 4811 -1 4811 4274 4192 -1 4808 4809 4812 -1 4811 4192 4193 -1 4812 4813 4792 -1 4813 4812 4809 -1 4792 4813 4814 -1 4792 4814 4815 -1 4792 4815 4790 -1 4816 4802 4817 -1 4802 4816 4800 -1 4274 4323 4818 -1 4818 4192 4274 -1 4192 4818 4789 -1 4796 4819 4820 -1 4819 4796 4821 -1 4821 4796 4822 -1 4822 4796 4795 -1 4817 4823 4816 -1 4823 4817 4824 -1 4824 4817 4825 -1 4824 4825 4826 -1 4826 4825 4827 -1 4826 4827 4818 -1 4818 4827 4828 -1 4818 4828 4829 -1 4818 4829 4830 -1 4818 4830 4789 -1 4828 4827 4820 -1 4828 4820 4819 -1 4789 4830 4281 -1 4826 4323 4831 -1 4323 4826 4818 -1 4831 4323 4832 -1 4832 4323 4833 -1 4833 4323 4834 -1 4834 4323 4232 -1 4831 4832 4835 -1 4834 4232 4836 -1 4835 4837 4838 -1 4837 4835 4832 -1 4838 4837 4839 -1 4838 4839 4840 -1 4838 4840 4841 -1 4417 4836 4232 -1 4836 4417 4842 -1 4842 4417 4247 -1 4842 4247 4843 -1 4843 4844 4842 -1 4844 4843 4778 -1 4844 4838 4841 -1 4838 4844 4778 -1 4838 4778 4780 -1 4838 4780 4797 -1 4808 4825 4804 -1 4825 4808 4827 -1 4817 4804 4825 -1 4804 4817 4802 -1 4810 4845 4809 -1 4845 4810 4846 -1 4847 4810 4811 -1 4810 4847 4846 -1 4848 4849 4850 -1 4849 4848 4851 -1 4851 4848 4852 -1 4851 4852 4853 -1 4853 4852 4791 -1 4853 4791 4794 -1 4788 4811 4193 -1 4811 4788 4847 -1 4809 4854 4813 -1 4854 4809 4845 -1 4812 4827 4808 -1 4827 4812 4820 -1 4835 4797 4798 -1 4797 4835 4838 -1 4823 4800 4816 -1 4800 4823 4801 -1 4796 4812 4792 -1 4812 4796 4820 -1 4826 4799 4824 -1 4799 4826 4803 -1 4824 4801 4823 -1 4801 4824 4799 -1 4831 4798 4805 -1 4798 4831 4835 -1 4826 4805 4803 -1 4805 4826 4831 -1 4849 4819 4850 -1 4819 4849 4828 -1 4281 4853 4794 -1 4853 4281 4830 -1 4830 4851 4853 -1 4851 4830 4829 -1 4850 4821 4848 -1 4821 4850 4819 -1 4851 4828 4849 -1 4828 4851 4829 -1 4821 4852 4848 -1 4852 4821 4822 -1 4852 4795 4791 -1 4795 4852 4822 -1 4841 4855 4844 -1 4855 4841 4840 -1 4855 4839 4856 -1 4839 4855 4840 -1 4857 4858 4859 -1 4858 4857 4856 -1 4856 4857 4860 -1 4856 4860 4855 -1 4855 4860 4842 -1 4855 4842 4844 -1 4858 4839 4837 -1 4839 4858 4856 -1 4857 4832 4833 -1 4832 4857 4859 -1 4806 4861 4807 -1 4861 4806 4862 -1 4860 4836 4842 -1 4836 4860 4834 -1 4859 4837 4832 -1 4837 4859 4858 -1 4807 4843 4247 -1 4843 4807 4861 -1 4806 4786 4862 -1 4786 4806 4784 -1 4857 4834 4860 -1 4834 4857 4833 -1 4782 4786 4785 -1 4786 4782 4862 -1 4862 4782 4781 -1 4862 4781 4861 -1 4861 4781 4778 -1 4861 4778 4843 -1 4846 4854 4845 -1 4854 4846 4863 -1 4863 4846 4847 -1 4863 4847 4864 -1 4864 4847 4788 -1 4864 4788 4793 -1 4815 4793 4790 -1 4793 4815 4864 -1 4863 4815 4814 -1 4815 4863 4864 -1 4813 4863 4814 -1 4863 4813 4854 -1 4865 4866 4867 -1 4866 4865 4868 -1 4866 4868 4869 -1 4870 4871 4872 -1 4871 4870 4873 -1 4874 4867 4875 -1 4867 4874 4865 -1 4875 4867 4876 -1 4875 4876 4871 -1 4875 4871 4873 -1 4877 4875 4878 -1 4875 4877 4874 -1 4878 4879 4877 -1 4879 4878 4880 -1 4876 3761 3763 -1 3761 4876 3760 -1 3760 4876 3749 -1 3749 4876 4867 -1 3761 3762 3759 -1 3762 3761 3760 -1 4874 4879 4865 -1 4879 4874 4877 -1 4881 4871 4882 -1 4871 4881 4872 -1 4866 4883 4884 -1 4883 4866 4869 -1 3749 4866 4884 -1 4866 3749 4867 -1 4884 3760 3749 -1 3760 4884 4883 -1 3760 4883 4885 -1 3762 4886 4887 -1 4886 3762 4885 -1 4885 3762 3760 -1 4887 3759 3762 -1 3759 4887 4888 -1 4889 3759 4888 -1 3759 4889 3761 -1 4881 3761 4889 -1 3761 4881 3763 -1 3763 4881 4882 -1 4871 3763 4882 -1 3763 4871 4876 -1 4886 4890 4887 -1 4888 4890 4889 -1 4890 4888 4887 -1 4878 4873 4880 -1 4873 4878 4875 -1 4869 4885 4883 -1 4885 4869 4889 -1 4889 4869 4881 -1 4881 4869 4872 -1 4886 4889 4890 -1 4889 4886 4885 -1 4891 4869 4868 -1 4869 4891 4883 -1 4886 3937 4892 -1 3937 4886 4885 -1 3938 4890 4893 -1 4890 3938 4889 -1 4872 4894 4870 -1 4894 4872 4881 -1 4892 4890 4886 -1 4890 4892 4893 -1 4873 4879 4880 -1 4879 4873 4893 -1 4893 4873 4894 -1 4893 4894 3938 -1 4894 4873 4870 -1 3937 4891 4892 -1 4879 4892 4865 -1 4892 4879 4893 -1 4865 4892 4891 -1 4865 4891 4868 -1 4895 4896 4897 -1 4897 4898 4895 -1 4899 4900 4897 -1 4897 4896 4899 -1 4901 4902 4900 -1 4900 4899 4901 -1 4902 4901 4903 -1 4903 4904 4902 -1 4904 4905 4906 -1 4906 4902 4904 -1 4902 4906 4907 -1 4907 4900 4902 -1 4907 4897 4900 -1 4907 4898 4897 -1 4907 4908 4898 -1 4905 4904 4903 -1 4903 4909 4905 -1 4908 4907 4910 -1 4910 4911 4908 -1 4910 4907 4906 -1 4906 4912 4910 -1 4912 4909 4901 -1 4901 4910 4912 -1 4901 4899 4910 -1 4899 4896 4910 -1 4896 4895 4910 -1 4895 4911 4910 -1 4903 4901 4909 -1 4895 4898 4908 -1 4908 4911 4895 -1 4909 4912 4906 -1 4906 4905 4909 -1 4913 4914 4915 -1 4915 4916 4913 -1 4917 4918 4915 -1 4915 4914 4917 -1 4918 4917 4919 -1 4919 4920 4918 -1 4920 4921 4922 -1 4922 4918 4920 -1 4918 4922 4923 -1 4923 4915 4918 -1 4923 4916 4915 -1 4923 4924 4916 -1 4921 4920 4919 -1 4919 4925 4921 -1 4924 4923 4926 -1 4926 4927 4924 -1 4926 4923 4922 -1 4922 4928 4926 -1 4928 4925 4917 -1 4917 4926 4928 -1 4917 4914 4926 -1 4914 4913 4926 -1 4913 4927 4926 -1 4919 4917 4925 -1 4913 4916 4924 -1 4924 4927 4913 -1 4925 4928 4922 -1 4922 4921 4925 -1 4929 4930 4931 -1 4930 4929 4932 -1 4933 4934 4935 -1 4934 4933 4936 -1 4937 4935 4938 -1 4935 4937 4933 -1 4931 4937 4938 -1 4937 4931 4930 -1 4939 4935 4934 -1 4931 4940 4929 -1 4940 4931 4938 -1 4940 4938 4941 -1 4941 4938 4935 -1 4941 4935 4939 -1 4934 4942 4939 -1 4942 4934 4936 -1 4943 4940 4941 -1 4940 4943 4944 -1 4944 4937 4932 -1 4937 4944 4943 -1 4937 4943 4933 -1 4933 4943 4936 -1 4936 4943 4942 -1 4930 4932 4937 -1 4941 4942 4943 -1 4942 4941 4939 -1 4932 4940 4944 -1 4940 4932 4929 -1 4945 4946 4947 -1 4946 4945 4948 -1 4949 4950 4951 -1 4950 4949 4952 -1 4950 4951 4953 -1 4946 4949 4951 -1 4949 4946 4948 -1 4945 4954 4948 -1 4955 4948 4956 -1 4948 4955 4949 -1 4956 4948 4954 -1 4956 4954 4957 -1 4958 4949 4955 -1 4949 4958 4959 -1 4949 4959 4960 -1 4949 4960 4952 -1 4960 4959 4961 -1 4962 4945 4947 -1 4945 4962 4954 -1 4955 4963 4964 -1 4963 4955 4956 -1 4963 4957 4965 -1 4957 4963 4956 -1 4966 4959 4967 -1 4959 4966 4961 -1 4957 4962 4965 -1 4962 4957 4954 -1 4950 4960 4968 -1 4960 4950 4952 -1 4960 4966 4968 -1 4966 4960 4961 -1 4969 4951 4967 -1 4951 4969 4964 -1 4951 4964 4946 -1 4967 4951 4968 -1 4968 4951 4950 -1 4967 4968 4966 -1 4963 4946 4964 -1 4946 4963 4962 -1 4962 4963 4965 -1 4947 4946 4962 -1 4955 4969 4958 -1 4969 4955 4964 -1 4959 4969 4967 -1 4969 4959 4958 -1 4970 4971 4972 -1 4971 4970 4973 -1 4974 4975 4976 -1 4975 4974 4977 -1 4978 4970 4979 -1 4970 4978 4973 -1 4973 4978 4980 -1 4977 4981 4975 -1 4981 4977 4982 -1 4983 4976 4984 -1 4976 4983 4974 -1 4985 4986 4987 -1 4986 4985 4988 -1 4983 4989 4980 -1 4989 4983 4986 -1 4989 4986 4988 -1 4980 4990 4973 -1 4990 4980 4989 -1 4973 4990 4971 -1 4971 4880 4972 -1 4880 4971 4990 -1 4880 4989 4873 -1 4989 4880 4990 -1 4991 4981 4992 -1 4981 4991 4975 -1 4991 4993 4994 -1 4993 4991 4995 -1 4993 4995 4996 -1 4993 4996 4997 -1 4994 4975 4991 -1 4975 4994 4976 -1 4989 4985 4873 -1 4985 4989 4988 -1 4994 4978 4979 -1 4978 4994 4993 -1 4978 4993 4997 -1 4978 4997 4980 -1 4974 4996 4977 -1 4996 4974 4997 -1 4983 4997 4974 -1 4997 4983 4980 -1 4992 4995 4991 -1 4995 4992 4998 -1 4995 4998 4996 -1 4979 4880 4984 -1 4880 4979 4970 -1 4880 4970 4972 -1 4984 4873 4987 -1 4873 4984 4880 -1 4987 4873 4985 -1 4998 4981 4982 -1 4981 4998 4992 -1 4979 4976 4994 -1 4976 4979 4984 -1 4986 4984 4987 -1 4984 4986 4983 -1 4977 4998 4982 -1 4998 4977 4996 -1 4999 5000 5001 -1 5000 4999 5002 -1 5000 5002 5003 -1 5004 5005 3975 -1 5005 5004 5006 -1 5007 5008 5009 -1 5008 5007 5010 -1 5011 5012 5013 -1 5012 5011 5014 -1 5015 5016 5017 -1 5016 5015 5018 -1 5019 5009 5020 -1 5009 5019 5007 -1 5021 5007 5022 -1 5007 5021 5010 -1 5016 5000 5003 -1 5000 5016 5023 -1 5024 5025 5026 -1 5025 5024 5027 -1 5028 5029 5030 -1 5029 5028 5031 -1 5032 5033 5024 -1 5033 5032 4000 -1 5034 5035 5036 -1 5035 5034 5037 -1 5016 5002 5017 -1 5002 5016 5003 -1 5006 4004 5005 -1 4004 5006 5038 -1 5039 5018 5015 -1 5018 5039 5040 -1 3999 4004 4003 -1 4004 3999 3975 -1 4004 3975 5005 -1 5041 5012 5042 -1 5012 5041 5013 -1 5043 5044 5045 -1 5044 5043 5046 -1 5027 5047 5048 -1 5047 5027 5049 -1 5050 5027 5048 -1 5027 5050 5025 -1 5021 5042 5010 -1 5042 5021 5041 -1 5022 5019 5051 -1 5019 5022 5007 -1 5006 5020 5038 -1 5020 5006 5019 -1 5050 5040 5039 -1 5040 5050 5048 -1 5011 5052 5014 -1 5052 5011 5037 -1 5037 5011 5035 -1 5053 5034 5036 -1 5034 5053 5054 -1 5055 5046 5043 -1 5046 5055 5056 -1 5057 5056 5055 -1 5056 5057 5058 -1 5012 5059 5042 -1 5059 5012 5060 -1 5024 5049 5027 -1 5049 5024 5033 -1 5051 5006 5004 -1 5006 5051 5019 -1 5018 5061 5062 -1 5061 5018 5040 -1 5045 5031 5028 -1 5031 5045 5044 -1 5042 5008 5010 -1 5008 5042 5059 -1 5054 5058 5057 -1 5058 5054 5053 -1 5018 5023 5016 -1 5023 5018 5062 -1 5001 5061 5063 -1 5061 5001 5062 -1 5062 5001 5023 -1 5023 5001 5000 -1 5030 5045 5028 -1 5045 5030 5043 -1 5043 5030 5064 -1 5043 5064 5055 -1 5055 5064 5065 -1 5055 5065 5057 -1 5057 5065 5066 -1 5057 5066 4001 -1 4001 5066 5047 -1 4001 5047 5049 -1 4001 5049 5033 -1 4001 5033 4002 -1 5047 5066 5063 -1 5047 5063 5061 -1 4002 5033 4000 -1 5057 4005 5054 -1 4005 5057 4001 -1 5054 4005 5009 -1 5009 4005 5020 -1 5020 4005 5038 -1 5038 4005 4003 -1 5054 5009 5034 -1 5038 4003 4004 -1 5034 5008 5037 -1 5008 5034 5009 -1 5037 5008 5059 -1 5037 5059 5060 -1 5037 5060 5052 -1 5040 5047 5061 -1 5047 5040 5048 -1 5014 5060 5012 -1 5060 5014 5052 -1 5032 5026 3970 -1 5026 5032 5024 -1 5001 5067 4999 -1 5067 5001 5063 -1 5065 5068 5066 -1 5068 5065 5069 -1 5063 5068 5067 -1 5068 5063 5066 -1 5035 5021 5036 -1 5021 5035 5041 -1 5041 5035 5013 -1 5013 5035 5011 -1 5046 5031 5044 -1 5031 5046 5029 -1 5029 5046 5056 -1 5029 5056 5070 -1 5070 5056 5058 -1 5070 5058 5069 -1 5069 5058 5053 -1 5069 5053 3996 -1 3996 5053 5022 -1 3996 5022 5051 -1 3996 5051 5004 -1 3996 5004 3999 -1 5022 5053 5036 -1 5022 5036 5021 -1 3999 5004 3975 -1 5069 3997 5068 -1 3997 5069 3996 -1 5068 3997 5050 -1 5050 3997 5025 -1 5025 3997 5026 -1 5026 3997 3998 -1 5068 5050 5067 -1 5026 3998 3970 -1 5067 5039 4999 -1 5039 5067 5050 -1 4999 5039 5015 -1 4999 5015 5017 -1 4999 5017 5002 -1 3970 4000 5032 -1 4000 3970 4002 -1 4002 3970 3998 -1 5030 5070 5064 -1 5070 5030 5029 -1 3997 4005 4001 -1 4005 3997 3996 -1 5064 5069 5065 -1 5069 5064 5070 -1 3997 4002 3998 -1 4002 3997 4001 -1 5071 5072 5073 -1 5072 5071 5074 -1 5075 5076 5077 -1 5076 5075 5078 -1 5079 5071 5080 -1 5071 5079 5074 -1 5074 5079 5081 -1 5078 5082 5076 -1 5082 5078 5083 -1 5084 5077 5085 -1 5077 5084 5075 -1 5086 5087 5088 -1 5087 5086 5089 -1 5084 4865 5081 -1 4865 5084 5087 -1 4865 5087 5089 -1 5081 4879 5074 -1 4879 5081 4865 -1 5074 4879 5072 -1 5072 5090 5073 -1 5090 5072 4879 -1 5090 4865 5091 -1 4865 5090 4879 -1 5092 5082 5093 -1 5082 5092 5076 -1 5092 5094 5095 -1 5094 5092 5096 -1 5094 5096 5097 -1 5094 5097 5098 -1 5095 5076 5092 -1 5076 5095 5077 -1 4865 5086 5091 -1 5086 4865 5089 -1 5095 5079 5080 -1 5079 5095 5094 -1 5079 5094 5098 -1 5079 5098 5081 -1 5075 5097 5078 -1 5097 5075 5098 -1 5084 5098 5075 -1 5098 5084 5081 -1 5093 5096 5092 -1 5096 5093 5099 -1 5096 5099 5097 -1 5080 5090 5085 -1 5090 5080 5071 -1 5090 5071 5073 -1 5085 5091 5088 -1 5091 5085 5090 -1 5088 5091 5086 -1 5099 5082 5083 -1 5082 5099 5093 -1 5080 5077 5095 -1 5077 5080 5085 -1 5087 5085 5088 -1 5085 5087 5084 -1 5078 5099 5083 -1 5099 5078 5097 -1 5100 5101 5102 -1 5101 5100 5103 -1 5101 5103 5104 -1 5105 5106 5107 -1 5106 5105 5108 -1 5109 5110 5111 -1 5110 5109 5112 -1 5113 5114 5115 -1 5114 5113 5116 -1 5117 5118 5119 -1 5118 5117 5120 -1 5121 5111 5122 -1 5111 5121 5109 -1 5123 5109 5124 -1 5109 5123 5112 -1 5118 5101 5104 -1 5101 5118 5125 -1 5126 5127 5128 -1 5127 5126 5129 -1 5130 5131 5132 -1 5131 5130 5133 -1 5134 5135 5126 -1 5135 5134 5136 -1 5137 5138 5139 -1 5138 5137 5140 -1 5118 5103 5119 -1 5103 5118 5104 -1 5108 5141 5106 -1 5141 5108 5142 -1 5143 5120 5117 -1 5120 5143 5144 -1 5145 5141 5146 -1 5141 5145 5107 -1 5141 5107 5106 -1 5147 5114 5148 -1 5114 5147 5115 -1 5149 5150 5151 -1 5150 5149 5152 -1 5129 5153 5154 -1 5153 5129 5155 -1 5156 5129 5154 -1 5129 5156 5127 -1 5123 5148 5112 -1 5148 5123 5147 -1 5124 5121 5157 -1 5121 5124 5109 -1 5108 5122 5142 -1 5122 5108 5121 -1 5156 5144 5143 -1 5144 5156 5154 -1 5113 5158 5116 -1 5158 5113 5140 -1 5140 5113 5138 -1 5159 5137 5139 -1 5137 5159 5160 -1 5161 5152 5149 -1 5152 5161 5162 -1 5163 5162 5161 -1 5162 5163 5164 -1 5114 5165 5148 -1 5165 5114 5166 -1 5126 5155 5129 -1 5155 5126 5135 -1 5157 5108 5105 -1 5108 5157 5121 -1 5120 5167 5168 -1 5167 5120 5144 -1 5151 5133 5130 -1 5133 5151 5150 -1 5148 5110 5112 -1 5110 5148 5165 -1 5160 5164 5163 -1 5164 5160 5159 -1 5120 5125 5118 -1 5125 5120 5168 -1 5102 5167 5169 -1 5167 5102 5168 -1 5168 5102 5125 -1 5125 5102 5101 -1 5132 5151 5130 -1 5151 5132 5149 -1 5149 5132 5170 -1 5149 5170 5161 -1 5161 5170 5171 -1 5161 5171 5163 -1 5163 5171 5172 -1 5163 5172 5173 -1 5173 5172 5153 -1 5173 5153 5155 -1 5173 5155 5135 -1 5173 5135 5174 -1 5153 5172 5169 -1 5153 5169 5167 -1 5174 5135 5136 -1 5163 5175 5160 -1 5175 5163 5173 -1 5160 5175 5111 -1 5111 5175 5122 -1 5122 5175 5142 -1 5142 5175 5146 -1 5160 5111 5137 -1 5142 5146 5141 -1 5137 5110 5140 -1 5110 5137 5111 -1 5140 5110 5165 -1 5140 5165 5166 -1 5140 5166 5158 -1 5144 5153 5167 -1 5153 5144 5154 -1 5116 5166 5114 -1 5166 5116 5158 -1 5134 5128 5176 -1 5128 5134 5126 -1 5102 5177 5100 -1 5177 5102 5169 -1 5171 5178 5172 -1 5178 5171 5179 -1 5169 5178 5177 -1 5178 5169 5172 -1 5146 5180 5145 -1 5180 5146 5175 -1 5138 5123 5139 -1 5123 5138 5147 -1 5147 5138 5115 -1 5115 5138 5113 -1 5152 5133 5150 -1 5133 5152 5131 -1 5131 5152 5162 -1 5131 5162 5181 -1 5181 5162 5164 -1 5181 5164 5179 -1 5179 5164 5159 -1 5179 5159 5180 -1 5180 5159 5124 -1 5180 5124 5157 -1 5180 5157 5105 -1 5180 5105 5145 -1 5124 5159 5139 -1 5124 5139 5123 -1 5145 5105 5107 -1 5179 5182 5178 -1 5182 5179 5180 -1 5178 5182 5156 -1 5156 5182 5127 -1 5127 5182 5128 -1 5128 5182 5183 -1 5178 5156 5177 -1 5128 5183 5176 -1 5177 5143 5100 -1 5143 5177 5156 -1 5100 5143 5117 -1 5100 5117 5119 -1 5100 5119 5103 -1 5176 5136 5134 -1 5136 5176 5174 -1 5174 5176 5183 -1 5132 5181 5170 -1 5181 5132 5131 -1 5182 5175 5173 -1 5175 5182 5180 -1 5170 5179 5171 -1 5179 5170 5181 -1 5182 5174 5183 -1 5174 5182 5173 -1 5184 5185 5186 -1 5185 5184 5187 -1 5188 5189 5190 -1 5189 5188 5191 -1 5192 5184 5193 -1 5184 5192 5187 -1 5187 5192 5194 -1 5191 5195 5189 -1 5195 5191 5196 -1 5197 5190 5198 -1 5190 5197 5188 -1 5199 5200 5201 -1 5200 5199 5202 -1 5197 5203 5194 -1 5203 5197 5200 -1 5203 5200 5202 -1 5194 5204 5187 -1 5204 5194 5203 -1 5187 5204 5185 -1 5185 5205 5186 -1 5205 5185 5204 -1 5205 5203 5206 -1 5203 5205 5204 -1 5207 5195 5208 -1 5195 5207 5189 -1 5207 5209 5210 -1 5209 5207 5211 -1 5209 5211 5212 -1 5209 5212 5213 -1 5210 5189 5207 -1 5189 5210 5190 -1 5203 5199 5206 -1 5199 5203 5202 -1 5210 5192 5193 -1 5192 5210 5209 -1 5192 5209 5213 -1 5192 5213 5194 -1 5188 5212 5191 -1 5212 5188 5213 -1 5197 5213 5188 -1 5213 5197 5194 -1 5208 5211 5207 -1 5211 5208 5214 -1 5211 5214 5212 -1 5193 5205 5198 -1 5205 5193 5184 -1 5205 5184 5186 -1 5198 5206 5201 -1 5206 5198 5205 -1 5201 5206 5199 -1 5214 5195 5196 -1 5195 5214 5208 -1 5193 5190 5210 -1 5190 5193 5198 -1 5200 5198 5201 -1 5198 5200 5197 -1 5191 5214 5196 -1 5214 5191 5212 -1 5215 5216 5217 -1 5216 5215 5218 -1 5219 5220 5221 -1 5220 5219 5222 -1 5223 5215 5224 -1 5215 5223 5218 -1 5218 5223 5225 -1 5222 5226 5220 -1 5226 5222 5227 -1 5228 5221 5229 -1 5221 5228 5219 -1 5230 5231 5232 -1 5231 5230 5233 -1 5228 5234 5225 -1 5234 5228 5231 -1 5234 5231 5233 -1 5225 5235 5218 -1 5235 5225 5234 -1 5218 5235 5216 -1 5216 5236 5217 -1 5236 5216 5235 -1 5236 5234 5237 -1 5234 5236 5235 -1 5238 5226 5239 -1 5226 5238 5220 -1 5238 5240 5241 -1 5240 5238 5242 -1 5240 5242 5243 -1 5240 5243 5244 -1 5241 5220 5238 -1 5220 5241 5221 -1 5234 5230 5237 -1 5230 5234 5233 -1 5241 5223 5224 -1 5223 5241 5240 -1 5223 5240 5244 -1 5223 5244 5225 -1 5219 5243 5222 -1 5243 5219 5244 -1 5228 5244 5219 -1 5244 5228 5225 -1 5239 5242 5238 -1 5242 5239 5245 -1 5242 5245 5243 -1 5224 5236 5229 -1 5236 5224 5215 -1 5236 5215 5217 -1 5229 5237 5232 -1 5237 5229 5236 -1 5232 5237 5230 -1 5245 5226 5227 -1 5226 5245 5239 -1 5224 5221 5241 -1 5221 5224 5229 -1 5231 5229 5232 -1 5229 5231 5228 -1 5222 5245 5227 -1 5245 5222 5243 -1 5246 5247 5248 -1 5247 5246 5249 -1 5250 5251 5252 -1 5251 5250 5253 -1 5254 5255 5256 -1 5255 5254 5257 -1 5252 5258 5259 -1 5258 5252 5251 -1 5246 5251 5260 -1 5251 5246 5258 -1 5261 5262 5263 -1 5262 5261 5264 -1 5262 5264 5265 -1 5263 5266 5254 -1 5266 5263 5262 -1 5254 5266 5257 -1 5267 5268 5269 -1 5256 5263 5254 -1 5263 5256 5270 -1 5270 5256 5271 -1 5270 5271 5250 -1 5250 5271 5268 -1 5250 5268 5267 -1 5272 5273 5274 -1 5273 5272 5275 -1 5261 5276 5260 -1 5276 5261 5263 -1 5273 5268 5274 -1 5268 5273 5269 -1 5277 5257 5266 -1 5257 5277 5255 -1 5253 5264 5261 -1 5264 5253 5278 -1 5256 5277 5271 -1 5277 5256 5255 -1 5250 5272 5253 -1 5272 5250 5267 -1 5272 5267 5275 -1 5253 5279 5278 -1 5279 5253 5272 -1 5278 5279 5280 -1 5271 5274 5268 -1 5274 5271 5277 -1 5274 5279 5272 -1 5279 5274 5277 -1 5279 5277 5266 -1 5279 5266 5262 -1 5269 5275 5267 -1 5275 5269 5273 -1 5281 5247 5282 -1 5247 5281 5248 -1 5280 5262 5265 -1 5262 5280 5279 -1 5248 5258 5246 -1 5258 5248 5281 -1 5265 5278 5280 -1 5278 5265 5264 -1 5259 5281 5282 -1 5281 5259 5258 -1 5283 5247 5249 -1 5247 5283 5259 -1 5247 5259 5282 -1 5260 5249 5246 -1 5249 5260 5276 -1 5270 5276 5263 -1 5276 5270 5284 -1 5284 5270 5250 -1 5284 5250 5252 -1 5284 5249 5276 -1 5249 5284 5283 -1 5283 5284 5252 -1 5283 5252 5259 -1 5260 5253 5261 -1 5253 5260 5251 -1 5285 5286 5287 -1 5286 5285 5288 -1 5289 5290 5291 -1 5290 5289 5292 -1 5293 5294 5295 -1 5294 5293 5296 -1 5291 5297 5298 -1 5297 5291 5290 -1 5285 5290 5299 -1 5290 5285 5297 -1 5300 5301 5302 -1 5301 5300 5303 -1 5301 5303 5304 -1 5302 5305 5293 -1 5305 5302 5301 -1 5293 5305 5296 -1 5306 5307 5308 -1 5295 5302 5293 -1 5302 5295 5309 -1 5309 5295 5310 -1 5309 5310 5289 -1 5289 5310 5307 -1 5289 5307 5306 -1 5311 5312 5313 -1 5312 5311 5314 -1 5300 5315 5299 -1 5315 5300 5302 -1 5312 5307 5313 -1 5307 5312 5308 -1 5316 5296 5305 -1 5296 5316 5294 -1 5292 5303 5300 -1 5303 5292 5317 -1 5295 5316 5310 -1 5316 5295 5294 -1 5289 5311 5292 -1 5311 5289 5306 -1 5311 5306 5314 -1 5292 5318 5317 -1 5318 5292 5311 -1 5317 5318 5319 -1 5310 5313 5307 -1 5313 5310 5316 -1 5313 5318 5311 -1 5318 5313 5316 -1 5318 5316 5305 -1 5318 5305 5301 -1 5308 5314 5306 -1 5314 5308 5312 -1 5320 5286 5321 -1 5286 5320 5287 -1 5319 5301 5304 -1 5301 5319 5318 -1 5287 5297 5285 -1 5297 5287 5320 -1 5304 5317 5319 -1 5317 5304 5303 -1 5298 5320 5321 -1 5320 5298 5297 -1 5322 5286 5288 -1 5286 5322 5298 -1 5286 5298 5321 -1 5299 5288 5285 -1 5288 5299 5315 -1 5309 5315 5302 -1 5315 5309 5323 -1 5323 5309 5289 -1 5323 5289 5291 -1 5323 5288 5315 -1 5288 5323 5322 -1 5322 5323 5291 -1 5322 5291 5298 -1 5299 5292 5300 -1 5292 5299 5290 -1 5324 4321 4298 -1 4298 5325 5324 -1 5326 5325 4298 -1 4298 4297 5326 -1 4297 4300 5326 -1 4300 5327 5326 -1 5328 5327 4300 -1 5329 5330 5331 -1 5331 4313 5329 -1 5331 5332 4313 -1 5332 4300 4313 -1 5332 5328 4300 -1 5333 5334 4318 -1 4318 5335 5333 -1 4318 4290 5335 -1 4290 5336 5335 -1 5336 5337 5335 -1 5338 4318 5334 -1 5334 5339 5340 -1 5340 5338 5334 -1 5329 4313 4385 -1 4385 4321 5324 -1 5324 5341 4385 -1 5341 5329 4385 -1 4311 5342 5343 -1 5343 4276 4311 -1 5344 5330 5329 -1 5329 5341 5344 -1 5345 5346 5347 -1 5347 5348 5345 -1 5346 5349 5350 -1 5350 5347 5346 -1 5351 5352 5353 -1 5353 5354 5351 -1 5353 5350 5354 -1 5353 5347 5350 -1 5351 5355 5356 -1 5356 5357 5351 -1 5352 5351 5357 -1 5357 5358 5352 -1 5352 5359 5360 -1 5360 5353 5352 -1 5360 5347 5353 -1 5360 5348 5347 -1 5349 5357 5356 -1 5356 5361 5349 -1 5362 5363 5343 -1 5340 5339 5364 -1 5364 5342 5340 -1 5364 5345 5342 -1 5345 5343 5342 -1 5345 5362 5343 -1 5326 5327 5328 -1 5328 5365 5326 -1 5346 5358 5357 -1 5357 5349 5346 -1 5349 5361 5366 -1 5366 5350 5349 -1 5331 5333 5335 -1 5335 5332 5331 -1 5359 5352 5358 -1 5358 5364 5359 -1 5366 5361 5356 -1 5356 5355 5366 -1 5345 5364 5358 -1 5358 5346 5345 -1 5336 5363 5362 -1 5362 5337 5336 -1 5359 5364 5331 -1 5331 5344 5359 -1 5331 5330 5344 -1 5364 5339 5333 -1 5333 5331 5364 -1 5339 5334 5333 -1 5359 5344 5324 -1 5324 5360 5359 -1 5324 5325 5360 -1 5325 5326 5360 -1 5326 5365 5360 -1 5365 5348 5360 -1 5341 5324 5344 -1 5345 5348 5335 -1 5335 5362 5345 -1 5335 5337 5362 -1 5348 5365 5332 -1 5332 5335 5348 -1 5365 5328 5332 -1 5355 5351 5354 -1 5354 5366 5355 -1 5354 5350 5366 -1 5340 5342 4311 -1 4311 4393 5340 -1 4393 4318 5340 -1 4318 5338 5340 -1 5336 4290 4279 -1 4279 4276 5343 -1 5343 5363 4279 -1 5363 5336 4279 -1 5367 5368 5369 -1 5368 5367 5370 -1 5371 5372 5373 -1 5372 5371 5374 -1 5375 5367 5376 -1 5367 5375 5370 -1 5370 5375 5377 -1 5374 5378 5372 -1 5378 5374 5379 -1 5380 5373 5381 -1 5373 5380 5371 -1 5382 5383 5384 -1 5383 5382 5385 -1 5380 5386 5377 -1 5386 5380 5383 -1 5386 5383 5385 -1 5377 5387 5370 -1 5387 5377 5386 -1 5370 5387 5368 -1 5368 5388 5369 -1 5388 5368 5387 -1 5388 5386 5389 -1 5386 5388 5387 -1 5390 5378 5391 -1 5378 5390 5372 -1 5390 5392 5393 -1 5392 5390 5394 -1 5392 5394 5395 -1 5392 5395 5396 -1 5393 5372 5390 -1 5372 5393 5373 -1 5386 5382 5389 -1 5382 5386 5385 -1 5393 5375 5376 -1 5375 5393 5392 -1 5375 5392 5396 -1 5375 5396 5377 -1 5371 5395 5374 -1 5395 5371 5396 -1 5380 5396 5371 -1 5396 5380 5377 -1 5391 5394 5390 -1 5394 5391 5397 -1 5394 5397 5395 -1 5376 5388 5381 -1 5388 5376 5367 -1 5388 5367 5369 -1 5381 5389 5384 -1 5389 5381 5388 -1 5384 5389 5382 -1 5397 5378 5379 -1 5378 5397 5391 -1 5376 5373 5393 -1 5373 5376 5381 -1 5383 5381 5384 -1 5381 5383 5380 -1 5374 5397 5379 -1 5397 5374 5395 -1 5398 5399 5400 -1 5399 5398 5401 -1 5402 5403 5404 -1 5403 5402 5405 -1 5406 5398 5407 -1 5398 5406 5401 -1 5401 5406 5408 -1 5405 5409 5403 -1 5409 5405 5410 -1 5411 5404 5412 -1 5404 5411 5402 -1 5413 5414 5415 -1 5414 5413 5416 -1 5411 5417 5408 -1 5417 5411 5414 -1 5417 5414 5416 -1 5408 5418 5401 -1 5418 5408 5417 -1 5401 5418 5399 -1 5399 5419 5400 -1 5419 5399 5418 -1 5419 5417 5420 -1 5417 5419 5418 -1 5421 5409 5422 -1 5409 5421 5403 -1 5421 5423 5424 -1 5423 5421 5425 -1 5423 5425 5426 -1 5423 5426 5427 -1 5424 5403 5421 -1 5403 5424 5404 -1 5417 5413 5420 -1 5413 5417 5416 -1 5424 5406 5407 -1 5406 5424 5423 -1 5406 5423 5427 -1 5406 5427 5408 -1 5402 5426 5405 -1 5426 5402 5427 -1 5411 5427 5402 -1 5427 5411 5408 -1 5422 5425 5421 -1 5425 5422 5428 -1 5425 5428 5426 -1 5407 5419 5412 -1 5419 5407 5398 -1 5419 5398 5400 -1 5412 5420 5415 -1 5420 5412 5419 -1 5415 5420 5413 -1 5428 5409 5410 -1 5409 5428 5422 -1 5407 5404 5424 -1 5404 5407 5412 -1 5414 5412 5415 -1 5412 5414 5411 -1 5405 5428 5410 -1 5428 5405 5426 -1 5429 5430 5431 -1 5430 5429 5432 -1 5431 5433 5434 -1 5433 5431 5430 -1 5435 5436 5437 -1 5436 5435 5438 -1 5430 5439 5440 -1 5439 5430 5432 -1 5433 5440 5441 -1 5440 5433 5430 -1 5436 5442 5443 -1 5442 5436 5438 -1 5433 4388 5444 -1 4388 5433 5441 -1 5437 5445 5446 -1 5445 5437 5436 -1 5434 5444 4387 -1 5444 5434 5433 -1 5446 5435 5437 -1 5435 5446 5447 -1 5447 5446 5448 -1 5449 5432 5429 -1 5432 5449 5450 -1 5451 5452 5453 -1 5452 5451 5454 -1 5454 5455 5452 -1 5455 5454 5456 -1 5457 5454 5451 -1 5454 5457 5458 -1 4283 5459 5460 -1 5459 4283 5461 -1 5460 5462 4282 -1 5462 5460 5459 -1 5436 5463 5445 -1 5463 5436 5443 -1 5432 5464 5439 -1 5464 5432 5450 -1 5443 5464 5450 -1 5464 5443 5442 -1 5449 5443 5450 -1 5443 5449 5463 -1 5448 5449 5465 -1 5449 5448 5463 -1 5463 5448 5445 -1 5445 5448 5446 -1 5466 5467 5468 -1 5467 5466 5469 -1 5469 5466 5470 -1 5469 5470 5471 -1 5471 5470 5472 -1 5471 5472 4314 -1 4314 5472 5431 -1 4314 5431 5434 -1 4314 5434 4419 -1 5431 5472 5429 -1 5429 5472 5465 -1 5429 5465 5449 -1 4419 5434 4387 -1 5471 4316 5473 -1 4316 5471 4314 -1 5473 4316 5474 -1 5474 4316 5462 -1 5462 4316 4412 -1 5473 5474 5475 -1 5473 5475 5476 -1 5462 4412 4282 -1 5476 5477 5478 -1 5477 5476 5475 -1 5478 5477 5457 -1 5478 5457 5451 -1 5478 5451 5453 -1 5459 5479 5480 -1 5479 5459 5461 -1 5481 5448 5465 -1 5448 5481 5447 -1 4419 4388 4418 -1 4388 4419 4387 -1 4388 4387 5444 -1 5482 5467 5483 -1 5467 5482 5468 -1 5484 5476 5478 -1 5476 5484 5485 -1 5476 5486 5473 -1 5486 5476 5485 -1 5484 5487 5485 -1 5487 5484 5488 -1 5488 5484 5456 -1 5456 5484 5455 -1 5489 5482 5483 -1 5482 5489 5490 -1 5490 5489 5491 -1 5491 5489 5492 -1 5491 5492 5486 -1 5491 5486 4320 -1 4320 5486 5479 -1 4320 5479 5461 -1 4320 5461 4411 -1 5479 5486 5493 -1 5493 5486 5485 -1 5493 5485 5487 -1 4411 5461 4283 -1 5491 4317 5494 -1 4317 5491 4320 -1 5494 4317 5440 -1 5440 4317 5441 -1 5441 4317 4418 -1 5494 5440 5439 -1 5494 5439 5481 -1 5441 4418 4388 -1 5481 5464 5447 -1 5464 5481 5439 -1 5447 5464 5442 -1 5447 5442 5438 -1 5447 5438 5435 -1 5483 5469 5489 -1 5469 5483 5467 -1 5489 5471 5492 -1 5471 5489 5469 -1 5478 5455 5484 -1 5455 5478 5453 -1 5455 5453 5452 -1 5491 5466 5490 -1 5466 5491 5470 -1 5492 5473 5486 -1 5473 5492 5471 -1 4316 4317 4320 -1 4317 4316 4314 -1 4282 4283 5460 -1 4283 4282 4411 -1 4411 4282 4412 -1 5494 5470 5491 -1 5470 5494 5472 -1 5494 5465 5472 -1 5465 5494 5481 -1 5490 5468 5482 -1 5468 5490 5466 -1 4316 4411 4412 -1 4411 4316 4320 -1 5477 5458 5457 -1 5458 5477 5495 -1 5454 5488 5456 -1 5488 5454 5458 -1 5475 5495 5477 -1 5495 5475 5496 -1 5458 5487 5488 -1 5487 5458 5495 -1 5475 5480 5496 -1 5480 5475 5474 -1 5480 5493 5496 -1 5493 5480 5479 -1 5495 5493 5487 -1 5493 5495 5496 -1 5459 5474 5462 -1 5474 5459 5480 -1 5497 5498 5499 -1 5498 5497 5500 -1 5501 5502 5503 -1 5502 5501 5504 -1 5505 5497 5506 -1 5497 5505 5500 -1 5500 5505 5507 -1 5504 5508 5502 -1 5508 5504 5509 -1 5510 5503 5511 -1 5503 5510 5501 -1 5512 5513 5514 -1 5513 5512 5515 -1 5510 4924 5507 -1 4924 5510 5513 -1 4924 5513 5515 -1 5507 4927 5500 -1 4927 5507 4924 -1 5500 4927 5498 -1 5498 5516 5499 -1 5516 5498 4927 -1 5516 4924 5517 -1 4924 5516 4927 -1 5518 5508 5519 -1 5508 5518 5502 -1 5518 5520 5521 -1 5520 5518 5522 -1 5520 5522 5523 -1 5520 5523 5524 -1 5521 5502 5518 -1 5502 5521 5503 -1 4924 5512 5517 -1 5512 4924 5515 -1 5521 5505 5506 -1 5505 5521 5520 -1 5505 5520 5524 -1 5505 5524 5507 -1 5501 5523 5504 -1 5523 5501 5524 -1 5510 5524 5501 -1 5524 5510 5507 -1 5519 5522 5518 -1 5522 5519 5525 -1 5522 5525 5523 -1 5506 5516 5511 -1 5516 5506 5497 -1 5516 5497 5499 -1 5511 5517 5514 -1 5517 5511 5516 -1 5514 5517 5512 -1 5525 5508 5509 -1 5508 5525 5519 -1 5506 5503 5521 -1 5503 5506 5511 -1 5513 5511 5514 -1 5511 5513 5510 -1 5504 5525 5509 -1 5525 5504 5523 -1 5526 5527 5528 -1 5527 5526 5529 -1 5530 5531 5532 -1 5531 5530 5533 -1 5534 5526 5535 -1 5526 5534 5529 -1 5529 5534 5536 -1 5533 5537 5531 -1 5537 5533 5538 -1 5539 5532 5540 -1 5532 5539 5530 -1 5541 5542 5543 -1 5542 5541 5544 -1 5539 5545 5536 -1 5545 5539 5542 -1 5545 5542 5544 -1 5536 5546 5529 -1 5546 5536 5545 -1 5529 5546 5527 -1 5527 4925 5528 -1 4925 5527 5546 -1 4925 5545 4921 -1 5545 4925 5546 -1 5547 5537 5548 -1 5537 5547 5531 -1 5547 5549 5550 -1 5549 5547 5551 -1 5549 5551 5552 -1 5549 5552 5553 -1 5550 5531 5547 -1 5531 5550 5532 -1 5545 5541 4921 -1 5541 5545 5544 -1 5550 5534 5535 -1 5534 5550 5549 -1 5534 5549 5553 -1 5534 5553 5536 -1 5530 5552 5533 -1 5552 5530 5553 -1 5539 5553 5530 -1 5553 5539 5536 -1 5548 5551 5547 -1 5551 5548 5554 -1 5551 5554 5552 -1 5535 4925 5540 -1 4925 5535 5526 -1 4925 5526 5528 -1 5540 4921 5543 -1 4921 5540 4925 -1 5543 4921 5541 -1 5554 5537 5538 -1 5537 5554 5548 -1 5535 5532 5550 -1 5532 5535 5540 -1 5542 5540 5543 -1 5540 5542 5539 -1 5533 5554 5538 -1 5554 5533 5552 -1 5555 5556 5557 -1 5556 5555 5558 -1 5559 5560 5561 -1 5560 5559 5562 -1 5559 5563 5564 -1 5563 5559 5561 -1 5565 5559 5566 -1 5559 5565 5562 -1 5557 5562 5565 -1 5562 5557 5556 -1 5562 5567 5560 -1 5567 5562 5556 -1 5566 5564 4506 -1 5564 5566 5559 -1 5568 5569 5558 -1 5569 5568 5570 -1 5571 5572 5573 -1 5572 5571 5574 -1 5575 5568 5576 -1 5568 5575 5572 -1 5573 5575 5577 -1 5575 5573 5572 -1 5572 5570 5568 -1 5570 5572 5574 -1 5578 5579 5580 -1 5579 5578 5581 -1 5577 5571 5573 -1 5571 5577 5582 -1 5582 5577 5583 -1 5583 5555 5584 -1 5555 5583 5576 -1 5576 5583 5575 -1 5575 5583 5577 -1 5585 5586 5587 -1 5586 5585 5588 -1 5588 5585 5589 -1 5588 5589 5590 -1 5590 5589 5591 -1 5590 5591 4443 -1 4443 5591 5557 -1 4443 5557 5565 -1 4443 5565 5566 -1 4443 5566 4445 -1 5557 5591 5584 -1 5557 5584 5555 -1 4445 5566 4506 -1 5590 4570 5592 -1 4570 5590 4443 -1 5592 4570 5593 -1 5593 4570 5594 -1 5594 4570 5595 -1 5595 4570 4508 -1 5592 5593 5596 -1 5595 4508 4500 -1 5596 5597 5598 -1 5597 5596 5593 -1 5598 5597 5599 -1 5598 5599 5600 -1 5598 5600 5601 -1 5556 5569 5567 -1 5569 5556 5558 -1 5555 5568 5558 -1 5568 5555 5576 -1 4500 5578 5580 -1 5578 4500 5602 -1 5602 4500 4508 -1 5603 5588 5604 -1 5588 5603 5586 -1 4570 4444 4569 -1 4444 4570 4443 -1 4508 4569 5602 -1 5605 5606 5607 -1 5606 5605 5608 -1 5608 5605 5609 -1 5609 5605 5610 -1 5604 5611 5603 -1 5611 5604 5612 -1 5612 5604 5613 -1 5612 5613 5614 -1 5614 5613 5615 -1 5614 5615 4569 -1 4569 5615 5616 -1 4569 5616 5617 -1 4569 5617 5581 -1 4569 5581 5602 -1 5616 5615 5607 -1 5616 5607 5606 -1 5602 5581 5578 -1 5614 4444 5618 -1 4444 5614 4569 -1 5618 4444 5567 -1 5567 4444 5560 -1 5560 4444 5561 -1 5561 4444 5619 -1 5618 5567 5620 -1 5561 5619 5563 -1 5620 5569 5582 -1 5569 5620 5567 -1 5582 5569 5570 -1 5582 5570 5574 -1 5582 5574 5571 -1 4445 5563 5619 -1 5563 4445 4506 -1 5563 4506 5564 -1 5619 4443 4445 -1 4443 5619 4444 -1 5600 5621 5601 -1 5621 5600 5622 -1 5599 5622 5600 -1 5622 5599 5623 -1 5597 5623 5599 -1 5623 5597 5624 -1 5593 5624 5597 -1 5624 5593 5625 -1 5593 5626 5625 -1 5626 5593 5594 -1 5579 5594 5595 -1 5594 5579 5626 -1 5579 5617 5626 -1 5617 5579 5581 -1 5623 5606 5608 -1 5606 5623 5624 -1 5608 5622 5623 -1 5622 5608 5609 -1 5622 5610 5621 -1 5610 5622 5609 -1 5580 5595 4500 -1 5595 5580 5579 -1 5626 5616 5625 -1 5616 5626 5617 -1 5624 5616 5606 -1 5616 5624 5625 -1 5592 5613 5590 -1 5613 5592 5615 -1 5604 5590 5613 -1 5590 5604 5588 -1 5596 5615 5592 -1 5615 5596 5607 -1 5620 5583 5584 -1 5583 5620 5582 -1 5598 5610 5605 -1 5610 5598 5601 -1 5610 5601 5621 -1 5611 5586 5603 -1 5586 5611 5587 -1 5605 5596 5598 -1 5596 5605 5607 -1 5614 5585 5612 -1 5585 5614 5589 -1 5612 5587 5611 -1 5587 5612 5585 -1 5618 5584 5591 -1 5584 5618 5620 -1 5614 5591 5589 -1 5591 5614 5618 -1 5627 5628 5629 -1 5628 5627 5630 -1 5631 5632 5633 -1 5632 5631 5634 -1 5635 5627 5636 -1 5627 5635 5630 -1 5630 5635 5637 -1 5634 5638 5632 -1 5638 5634 5639 -1 5640 5633 5641 -1 5633 5640 5631 -1 5642 5643 5644 -1 5643 5642 5645 -1 5640 5646 5637 -1 5646 5640 5643 -1 5646 5643 5645 -1 5637 5647 5630 -1 5647 5637 5646 -1 5630 5647 5628 -1 5628 5648 5629 -1 5648 5628 5647 -1 5648 5646 5649 -1 5646 5648 5647 -1 5650 5638 5651 -1 5638 5650 5632 -1 5650 5652 5653 -1 5652 5650 5654 -1 5652 5654 5655 -1 5652 5655 5656 -1 5653 5632 5650 -1 5632 5653 5633 -1 5646 5642 5649 -1 5642 5646 5645 -1 5653 5635 5636 -1 5635 5653 5652 -1 5635 5652 5656 -1 5635 5656 5637 -1 5631 5655 5634 -1 5655 5631 5656 -1 5640 5656 5631 -1 5656 5640 5637 -1 5651 5654 5650 -1 5654 5651 5657 -1 5654 5657 5655 -1 5636 5648 5641 -1 5648 5636 5627 -1 5648 5627 5629 -1 5641 5649 5644 -1 5649 5641 5648 -1 5644 5649 5642 -1 5657 5638 5639 -1 5638 5657 5651 -1 5636 5633 5653 -1 5633 5636 5641 -1 5643 5641 5644 -1 5641 5643 5640 -1 5634 5657 5639 -1 5657 5634 5655 -1 5658 5659 5660 -1 5659 5658 5661 -1 5662 5663 5664 -1 5663 5662 5665 -1 5666 5658 5667 -1 5658 5666 5661 -1 5661 5666 5668 -1 5665 5669 5663 -1 5669 5665 5670 -1 5671 5664 5672 -1 5664 5671 5662 -1 5673 5674 5675 -1 5674 5673 5676 -1 5671 5677 5668 -1 5677 5671 5674 -1 5677 5674 5676 -1 5668 5678 5661 -1 5678 5668 5677 -1 5661 5678 5659 -1 5659 5679 5660 -1 5679 5659 5678 -1 5679 5677 5680 -1 5677 5679 5678 -1 5681 5669 5682 -1 5669 5681 5663 -1 5681 5683 5684 -1 5683 5681 5685 -1 5683 5685 5686 -1 5683 5686 5687 -1 5684 5663 5681 -1 5663 5684 5664 -1 5677 5673 5680 -1 5673 5677 5676 -1 5684 5666 5667 -1 5666 5684 5683 -1 5666 5683 5687 -1 5666 5687 5668 -1 5662 5686 5665 -1 5686 5662 5687 -1 5671 5687 5662 -1 5687 5671 5668 -1 5682 5685 5681 -1 5685 5682 5688 -1 5685 5688 5686 -1 5667 5679 5672 -1 5679 5667 5658 -1 5679 5658 5660 -1 5672 5680 5675 -1 5680 5672 5679 -1 5675 5680 5673 -1 5688 5669 5670 -1 5669 5688 5682 -1 5667 5664 5684 -1 5664 5667 5672 -1 5674 5672 5675 -1 5672 5674 5671 -1 5665 5688 5670 -1 5688 5665 5686 -1 4954 4965 4962 -1 4965 4954 5689 -1 5689 4954 4957 -1 4954 4947 4945 -1 4947 4954 4962 -1 5690 5691 5692 -1 4968 5691 4960 -1 5691 4968 5693 -1 5691 5693 5694 -1 5691 5694 5692 -1 4960 5691 4961 -1 4952 4968 4960 -1 4968 4952 4950 -1 5695 5691 5696 -1 5691 5695 4961 -1 5697 5696 5698 -1 5696 5697 5695 -1 5695 5699 5700 -1 5699 5695 5697 -1 5699 5697 5701 -1 4952 5700 4949 -1 5700 4952 4960 -1 4960 5695 5700 -1 5695 4960 4961 -1 3787 3799 3801 -1 3787 3801 3802 -1 3787 3802 5702 -1 3795 3790 3797 -1 3797 3790 3798 -1 3798 3790 5703 -1 5703 3787 5702 -1 3787 5703 3790 -1 5703 5704 5705 -1 5704 5703 5706 -1 5706 5703 5702 -1 5706 5702 5707 -1 3796 3787 3800 -1 3787 3796 3790 -1 5708 3801 3799 -1 3801 5708 5709 -1 5710 5702 3802 -1 5702 5710 5707 -1 5707 5710 5711 -1 3801 5710 3802 -1 5710 3801 5709 -1 5712 3799 3800 -1 3799 5712 5708 -1 5713 3790 3796 -1 3790 5713 5714 -1 3800 5715 5712 -1 5715 3800 3787 -1 5713 3795 5716 -1 3795 5713 3796 -1 5716 3797 5717 -1 3797 5716 3795 -1 5717 3798 5718 -1 3798 5717 3797 -1 5718 5705 5719 -1 5705 5718 3798 -1 5705 3798 5703 -1 5720 5721 5722 -1 5721 5720 5723 -1 5721 5723 5724 -1 5724 5723 5725 -1 5725 5723 5726 -1 5726 4432 5727 -1 4432 5726 5728 -1 4432 5728 5578 -1 5728 5726 5729 -1 5729 5726 5723 -1 5729 5723 5730 -1 5729 5730 5731 -1 5732 5725 5733 -1 5725 5732 5724 -1 4428 5734 4427 -1 5734 4428 5578 -1 5734 5578 5728 -1 5734 5728 5735 -1 5734 5735 5736 -1 5736 5735 5737 -1 5736 5737 5738 -1 5736 5738 5739 -1 5739 5738 5712 -1 5738 5737 5740 -1 5738 5708 5712 -1 5708 5738 5741 -1 5708 5741 5709 -1 5709 5741 5710 -1 5710 5741 5711 -1 5711 5741 5742 -1 5715 5739 5712 -1 4439 5743 5744 -1 5743 4439 5736 -1 5743 5736 5745 -1 5745 5736 5746 -1 5746 5736 5747 -1 5747 5736 5739 -1 3790 5715 3787 -1 5715 3790 5714 -1 5715 5714 5748 -1 5715 5748 5749 -1 5749 5748 5750 -1 5750 5748 5751 -1 3790 5752 5714 -1 5752 3790 5739 -1 5739 3790 3787 -1 5739 3787 5715 -1 4948 4947 4946 -1 4947 4948 4945 -1 5753 5754 5755 -1 5754 5753 5756 -1 5757 5758 5759 -1 5758 5757 5760 -1 5756 5757 5754 -1 5757 5756 5760 -1 5761 5749 5750 -1 5749 5761 5762 -1 5763 5751 5748 -1 5751 5763 5764 -1 5764 5750 5751 -1 5750 5764 5761 -1 5762 5715 5749 -1 5715 5762 5739 -1 5752 5748 5714 -1 5748 5752 5763 -1 5747 5752 5739 -1 5752 5747 5765 -1 5762 5747 5739 -1 5747 5762 5766 -1 5761 5766 5762 -1 5766 5761 5767 -1 5768 5761 5764 -1 5761 5768 5767 -1 5769 5764 5763 -1 5764 5769 5768 -1 5765 5763 5752 -1 5763 5765 5769 -1 5746 5765 5747 -1 5765 5746 5770 -1 5766 5746 5747 -1 5746 5766 5771 -1 5767 5771 5766 -1 5771 5767 5772 -1 5768 5772 5767 -1 5772 5768 5773 -1 5774 5768 5769 -1 5768 5774 5773 -1 5770 5769 5765 -1 5769 5770 5774 -1 5745 5770 5746 -1 5770 5745 5755 -1 5771 5745 5746 -1 5745 5771 5775 -1 5772 5775 5771 -1 5775 5772 5759 -1 5773 5759 5772 -1 5759 5773 5757 -1 5754 5773 5774 -1 5773 5754 5757 -1 5755 5774 5770 -1 5774 5755 5754 -1 5775 5743 5745 -1 5743 5775 5776 -1 5759 5776 5775 -1 5776 5759 5758 -1 5777 5756 5753 -1 5756 5777 5744 -1 5756 5744 5760 -1 5760 5744 5758 -1 5758 5744 5776 -1 5776 5744 5743 -1 5719 5778 5779 -1 5778 5719 5705 -1 5780 5781 5782 -1 5781 5780 5783 -1 5722 5784 5720 -1 5720 5785 5786 -1 5785 5720 5784 -1 5785 5784 5787 -1 5787 5784 5788 -1 5787 5788 5789 -1 5790 5791 5792 -1 5791 5790 5793 -1 5789 5794 5795 -1 5794 5789 5788 -1 5794 5788 5732 -1 5794 5732 5792 -1 5792 5732 5733 -1 5792 5733 5790 -1 5796 5700 5699 -1 5700 5796 4949 -1 5782 5796 5780 -1 5796 5782 4949 -1 4949 5782 4951 -1 4951 5782 4948 -1 4948 5782 5797 -1 4948 5797 5798 -1 5798 5797 5799 -1 4946 4951 4948 -1 5800 4948 5798 -1 4948 5800 4954 -1 4954 5800 4957 -1 4957 5801 5689 -1 5801 4957 5800 -1 5783 5802 5803 -1 5802 5783 5804 -1 5805 4931 4938 -1 4931 5805 5806 -1 4931 5806 4937 -1 4931 4937 5807 -1 4931 5807 5808 -1 5808 5807 5804 -1 5808 5804 5796 -1 5796 5804 5780 -1 5780 5804 5783 -1 5809 5792 5791 -1 5792 5809 5810 -1 5810 5809 5811 -1 5812 5804 5807 -1 5804 5812 5813 -1 5814 5723 5815 -1 5723 5814 5730 -1 5689 5816 4965 -1 5816 5689 5817 -1 5816 5690 5692 -1 5690 5816 5817 -1 5818 5730 5814 -1 5730 5818 5731 -1 5786 4937 5720 -1 4937 5786 5812 -1 4937 5812 5807 -1 5720 4937 4933 -1 5720 4933 5815 -1 5720 5815 5723 -1 5704 5819 5820 -1 5819 5704 5706 -1 5821 4914 4917 -1 4914 5821 5822 -1 5823 5824 5825 -1 5824 5823 5803 -1 5803 5823 4918 -1 5803 4918 4915 -1 5803 4915 5783 -1 5783 4915 5781 -1 5781 4915 5826 -1 5781 5826 5827 -1 5827 5826 5728 -1 5827 5728 5729 -1 5828 5829 5830 -1 5829 5828 5831 -1 4915 5832 5826 -1 5832 4915 5833 -1 5833 4915 4914 -1 5833 4914 5834 -1 5834 4914 5828 -1 5828 4914 5822 -1 5828 5822 5831 -1 4935 5805 4938 -1 5805 4935 5835 -1 5828 5836 5834 -1 5836 5706 5707 -1 5706 5836 5828 -1 5706 5828 5819 -1 5782 5837 5797 -1 5837 5782 5815 -1 5815 5782 5827 -1 5827 5782 5781 -1 5815 5818 5814 -1 5818 5815 5827 -1 4934 5835 4935 -1 5835 4934 5838 -1 5838 4934 4933 -1 4933 4934 5815 -1 5815 4934 5837 -1 5727 4434 5839 -1 4434 5727 4423 -1 4432 4423 5727 -1 4423 4425 4426 -1 4426 4425 4424 -1 5744 4437 4439 -1 4437 5744 5777 -1 4424 4427 4436 -1 4436 4427 4430 -1 4436 4430 4438 -1 4438 4430 4437 -1 4438 4437 4441 -1 4441 4437 5777 -1 4426 4435 4429 -1 4435 4426 4424 -1 4435 4424 4436 -1 5840 5689 5801 -1 5689 5840 5817 -1 5808 5697 4931 -1 5697 5808 5701 -1 5841 5837 4934 -1 5837 5841 5842 -1 5753 4441 5777 -1 4441 5753 5843 -1 5843 5753 5755 -1 5843 5755 5770 -1 5843 5770 5765 -1 5843 5765 5752 -1 5714 5713 5752 -1 5716 5844 5713 -1 5844 5716 5845 -1 5845 5716 5717 -1 5845 5717 5718 -1 5845 5718 5719 -1 5845 5719 5779 -1 5846 4429 4435 -1 4429 5846 5563 -1 5563 5846 5825 -1 5825 5846 5847 -1 5847 5846 5843 -1 5847 5843 5848 -1 5848 5843 5844 -1 5844 5843 5752 -1 5844 5752 5713 -1 5848 5844 5849 -1 5850 5795 5794 -1 5795 5850 5851 -1 4434 5852 5839 -1 5852 4434 5825 -1 5825 4434 5563 -1 5852 5825 5824 -1 5853 5813 5824 -1 5785 5812 5786 -1 5812 5785 5854 -1 5812 5854 5851 -1 5812 5851 5850 -1 5812 5850 5852 -1 5812 5852 5813 -1 5813 5852 5824 -1 5690 5697 5698 -1 5697 5690 4931 -1 4931 5690 4938 -1 4938 5690 5817 -1 4938 5817 4935 -1 4935 5817 5840 -1 4935 5840 4934 -1 4934 5840 5841 -1 5690 5696 5691 -1 5696 5690 5698 -1 5838 4937 5806 -1 4937 5838 4933 -1 5855 4918 5823 -1 4918 5855 5856 -1 4918 5856 4917 -1 5835 5806 5805 -1 5806 5835 5838 -1 5820 5828 5830 -1 5828 5820 5819 -1 5793 5809 5791 -1 5809 5793 5857 -1 5797 5842 5799 -1 5842 5797 5837 -1 5699 5808 5796 -1 5808 5699 5701 -1 5799 5800 5798 -1 5800 5799 5841 -1 5841 5799 5842 -1 5800 5840 5801 -1 5840 5800 5841 -1 5787 5854 5785 -1 5854 5787 5858 -1 5858 5851 5854 -1 5851 5858 5859 -1 5851 5789 5795 -1 5789 5851 5859 -1 5859 5787 5789 -1 5787 5859 5858 -1 5792 5850 5794 -1 5850 5792 5810 -1 5810 5852 5850 -1 5852 5810 5811 -1 5856 5847 5848 -1 5847 5856 5855 -1 5847 5823 5825 -1 5823 5847 5855 -1 5849 5856 5848 -1 5856 5849 5860 -1 5778 5845 5779 -1 5845 5778 5861 -1 5811 5809 5852 -1 5839 5809 5727 -1 5809 5839 5852 -1 5727 5809 5857 -1 5727 5857 5862 -1 5727 5862 5726 -1 5845 5863 5844 -1 5863 5845 5861 -1 5863 5849 5844 -1 5849 5863 5860 -1 5725 5862 5864 -1 5862 5725 5726 -1 5865 5788 5784 -1 5788 5865 5866 -1 5722 5865 5784 -1 5865 5722 5721 -1 5721 5866 5865 -1 5866 5721 5724 -1 5866 5732 5788 -1 5732 5866 5724 -1 5790 5857 5793 -1 5857 5790 5864 -1 5857 5864 5862 -1 5733 5864 5790 -1 5864 5733 5725 -1 5861 5860 5863 -1 5860 5861 5778 -1 5836 5741 5867 -1 5741 5836 5742 -1 5834 5867 5868 -1 5867 5834 5836 -1 5813 5802 5804 -1 5802 5813 5853 -1 5832 5728 5826 -1 5728 5832 5735 -1 5853 5803 5802 -1 5803 5853 5824 -1 5834 5737 5833 -1 5737 5834 5740 -1 4946 4950 4951 -1 4950 4946 4947 -1 4950 5693 4968 -1 5693 4950 4947 -1 5693 4947 4962 -1 5693 4962 4965 -1 5693 4965 5816 -1 5693 5816 5694 -1 5694 5816 5692 -1 5707 5742 5836 -1 5742 5707 5711 -1 5736 4437 5869 -1 4437 5736 4439 -1 5736 5870 5734 -1 5870 5736 5869 -1 4430 5734 5870 -1 5734 4430 4427 -1 5870 4437 4430 -1 4437 5870 5869 -1 5578 4424 5602 -1 4424 5578 4428 -1 5578 4425 4432 -1 4425 5578 5602 -1 5602 4424 4425 -1 4435 5871 5846 -1 5871 4435 4436 -1 5619 4434 4423 -1 4434 5619 5563 -1 5619 4429 5563 -1 4429 5619 4426 -1 5619 4423 4426 -1 5872 5846 5871 -1 5846 5872 5843 -1 5872 4441 5843 -1 4441 5872 4438 -1 5872 4436 4438 -1 4436 5872 5871 -1 5867 5738 5868 -1 5738 5867 5741 -1 5829 5822 5821 -1 5822 5829 5831 -1 5738 5834 5868 -1 5834 5738 5740 -1 5737 5832 5833 -1 5832 5737 5735 -1 4917 5856 5860 -1 5704 5778 5705 -1 5778 5704 5860 -1 5860 5704 4917 -1 4917 5704 5830 -1 5830 5704 5820 -1 5830 5821 4917 -1 5821 5830 5829 -1 5827 5731 5818 -1 5731 5827 5729 -1 4433 5873 5727 -1 5727 5874 5839 -1 5874 5727 5873 -1 4431 5839 5874 -1 5839 4433 5727 -1 4433 5839 4431 -1 4433 5874 5873 -1 5874 4433 4431 -1 5875 3738 3735 -1 3738 5875 5876 -1 5875 5877 5876 -1 5877 5875 3755 -1 3755 5875 3735 -1 5878 3757 5879 -1 3757 5878 5880 -1 5878 5881 5882 -1 5881 5878 5879 -1 5881 5879 3757 -1 5883 5884 5885 -1 5884 5883 5886 -1 5887 5888 5889 -1 5890 5891 3793 -1 5891 5890 5892 -1 5892 5890 5893 -1 5891 5892 5894 -1 5891 5894 5895 -1 5891 5895 5888 -1 5888 5895 5889 -1 5891 5888 5896 -1 5891 5896 5897 -1 5891 5897 5898 -1 5898 5897 3945 -1 3945 5897 5899 -1 3945 5899 5900 -1 5891 5901 5886 -1 5901 5891 5898 -1 3953 5878 5901 -1 5878 3953 5880 -1 5902 5903 5904 -1 5903 5902 5905 -1 5903 5905 5884 -1 5903 5884 5878 -1 5878 5884 5901 -1 5901 5884 5886 -1 5903 5878 5882 -1 5906 5907 5908 -1 5907 5906 5909 -1 5910 5911 5907 -1 5911 5910 5912 -1 5911 5913 3792 -1 5913 5911 5914 -1 5913 5914 5915 -1 5914 5911 5916 -1 5916 5911 5917 -1 5917 5911 5918 -1 5917 5918 5919 -1 5918 5911 5920 -1 5920 5911 5921 -1 5921 5911 5912 -1 5921 5912 3949 -1 5921 3949 5922 -1 5922 3949 5923 -1 5924 5925 5926 -1 5925 5924 5927 -1 5927 5924 5909 -1 5909 5924 5876 -1 5909 5876 5910 -1 5909 5910 5907 -1 5876 5924 3738 -1 5876 3958 5910 -1 3958 5876 5877 -1 5919 5928 5929 -1 5928 5919 5918 -1 3839 5918 3845 -1 5918 3839 5928 -1 5928 3839 5929 -1 3847 5923 3836 -1 5923 3847 5922 -1 3846 5922 3847 -1 5922 3846 5921 -1 3844 5921 3846 -1 5921 3844 5920 -1 3845 5920 3844 -1 5920 3845 5918 -1 3839 3846 3847 -1 3839 3847 3836 -1 5899 3838 5900 -1 3838 5899 3843 -1 5896 3842 5897 -1 3842 5896 3840 -1 5897 3843 5899 -1 3843 5897 3842 -1 5888 3840 5896 -1 3840 5888 3841 -1 5887 3841 5888 -1 3841 5887 3837 -1 5882 5881 5903 -1 5903 3738 5924 -1 3738 5903 5881 -1 3738 5881 3735 -1 3735 5881 3757 -1 3755 3757 5880 -1 3755 5880 3953 -1 3755 3953 3951 -1 5930 3837 5887 -1 3839 3837 5929 -1 5929 3837 5931 -1 5931 3837 5930 -1 5931 5930 5932 -1 5931 5932 5933 -1 3948 3950 3945 -1 3948 3945 5900 -1 3948 5900 3949 -1 3949 5900 3838 -1 3949 3838 5923 -1 5923 3838 3836 -1 3755 3958 5877 -1 3958 3755 3951 -1 3842 3837 3843 -1 3843 3837 3838 -1 5924 5904 5903 -1 5904 5924 5926 -1 5934 5883 5885 -1 5883 5934 5906 -1 5883 5906 5908 -1 5925 5904 5926 -1 5904 5925 5902 -1 5935 5936 5937 -1 5936 5935 5938 -1 5939 5938 5935 -1 5938 5939 5940 -1 5910 3957 4898 -1 3957 5910 3958 -1 4895 5910 4898 -1 5910 4895 5912 -1 3949 4895 3948 -1 4895 3949 5912 -1 3957 4895 4898 -1 4895 3957 3948 -1 5909 5934 5941 -1 5934 5909 5906 -1 5927 5941 5942 -1 5941 5927 5909 -1 5907 5940 5939 -1 5940 5907 5911 -1 3950 5898 3945 -1 5898 3950 4903 -1 5901 4903 4904 -1 4903 5901 5898 -1 5901 3951 3953 -1 3951 5901 4904 -1 4903 3951 4904 -1 3951 4903 3950 -1 5925 5905 5902 -1 5905 5925 5942 -1 5942 5925 5927 -1 5942 5884 5905 -1 5884 5942 5941 -1 5941 5885 5884 -1 5885 5941 5934 -1 5883 5937 5886 -1 5937 5883 5908 -1 5886 5937 5943 -1 5937 5908 5935 -1 5935 5908 5939 -1 5939 5908 5907 -1 5943 5891 5886 -1 5891 5943 5944 -1 3793 5936 3792 -1 5936 3793 5891 -1 5936 5891 5944 -1 3792 5936 5938 -1 3792 5938 5940 -1 3792 5940 5911 -1 5936 5943 5937 -1 5943 5936 5944 -1 5890 5945 5893 -1 5945 5890 5913 -1 5945 5913 5946 -1 5946 5913 5947 -1 5947 5913 5948 -1 5948 5913 5915 -1 5949 5933 5932 -1 5933 5949 5950 -1 5951 5932 5930 -1 5932 5951 5949 -1 5952 5929 5931 -1 5929 5952 5919 -1 5950 5931 5933 -1 5931 5950 5952 -1 5889 5930 5887 -1 5930 5889 5951 -1 5917 5889 5919 -1 5889 5917 5895 -1 5952 5917 5919 -1 5917 5952 5953 -1 5950 5953 5952 -1 5953 5950 5954 -1 5955 5950 5949 -1 5950 5955 5954 -1 5956 5949 5951 -1 5949 5956 5955 -1 5895 5951 5889 -1 5951 5895 5956 -1 5916 5895 5917 -1 5895 5916 5894 -1 5953 5916 5917 -1 5916 5953 5957 -1 5954 5957 5953 -1 5957 5954 5958 -1 5959 5954 5955 -1 5954 5959 5958 -1 5960 5955 5956 -1 5955 5960 5959 -1 5894 5956 5895 -1 5956 5894 5960 -1 5916 5892 5894 -1 5892 5916 5914 -1 5957 5914 5916 -1 5914 5957 5961 -1 5958 5961 5957 -1 5961 5958 5962 -1 5963 5958 5959 -1 5958 5963 5962 -1 5964 5959 5960 -1 5959 5964 5963 -1 5892 5960 5894 -1 5960 5892 5964 -1 5961 5915 5914 -1 5915 5961 5948 -1 5962 5948 5961 -1 5948 5962 5947 -1 5946 5962 5963 -1 5962 5946 5947 -1 5945 5963 5964 -1 5963 5945 5946 -1 5893 5964 5892 -1 5964 5893 5945 -1 3792 5890 3793 -1 5890 3792 5913 -1 5965 5966 5967 -1 5966 5965 5968 -1 5968 5821 5966 -1 5821 5968 5822 -1 5821 5967 5966 -1 5967 5821 5783 -1 5781 5968 5965 -1 5968 5781 5822 -1 5821 5781 5783 -1 5781 5821 5822 -1 5783 5965 5967 -1 5965 5783 5781 -1 5969 5970 5971 -1 5970 5969 5972 -1 5971 5973 5974 -1 5973 5971 5970 -1 5975 5976 5977 -1 5976 5975 5978 -1 5970 5979 5980 -1 5979 5970 5972 -1 5973 5980 5981 -1 5980 5973 5970 -1 5976 5982 5983 -1 5982 5976 5978 -1 5973 4542 5984 -1 4542 5973 5981 -1 5977 5985 5986 -1 5985 5977 5976 -1 5974 5984 4543 -1 5984 5974 5973 -1 5986 5975 5977 -1 5975 5986 5987 -1 5987 5986 5988 -1 5989 5972 5969 -1 5972 5989 5990 -1 5991 5992 5993 -1 5992 5991 5994 -1 5994 5995 5992 -1 5995 5994 5996 -1 5997 5994 5991 -1 5994 5997 5998 -1 4478 5999 6000 -1 5999 4478 6001 -1 6000 6002 4490 -1 6002 6000 5999 -1 5976 6003 5985 -1 6003 5976 5983 -1 5972 6004 5979 -1 6004 5972 5990 -1 5983 6004 5990 -1 6004 5983 5982 -1 5989 5983 5990 -1 5983 5989 6003 -1 5988 5989 6005 -1 5989 5988 6003 -1 6003 5988 5985 -1 5985 5988 5986 -1 6006 6007 6008 -1 6007 6006 6009 -1 6009 6006 6010 -1 6009 6010 6011 -1 6011 6010 6012 -1 6011 6012 4583 -1 4583 6012 5971 -1 4583 5971 5974 -1 4583 5974 4585 -1 5971 6012 5969 -1 5969 6012 6005 -1 5969 6005 5989 -1 4585 5974 4543 -1 6011 4575 6013 -1 4575 6011 4583 -1 6013 4575 6014 -1 6014 4575 6002 -1 6002 4575 4573 -1 6013 6014 6015 -1 6013 6015 6016 -1 6002 4573 4490 -1 6016 6017 6018 -1 6017 6016 6015 -1 6018 6017 5997 -1 6018 5997 5991 -1 6018 5991 5993 -1 5999 6019 6020 -1 6019 5999 6001 -1 6021 5988 6005 -1 5988 6021 5987 -1 4585 4542 4582 -1 4542 4585 4543 -1 4542 4543 5984 -1 6022 6007 6023 -1 6007 6022 6008 -1 6024 6016 6018 -1 6016 6024 6025 -1 6016 6026 6013 -1 6026 6016 6025 -1 6024 6027 6025 -1 6027 6024 6028 -1 6028 6024 5996 -1 5996 6024 5995 -1 6029 6022 6023 -1 6022 6029 6030 -1 6030 6029 6031 -1 6031 6029 6032 -1 6031 6032 6026 -1 6031 6026 4574 -1 4574 6026 6019 -1 4574 6019 6001 -1 4574 6001 4576 -1 6019 6026 6033 -1 6033 6026 6025 -1 6033 6025 6027 -1 4576 6001 4478 -1 6031 4584 6034 -1 4584 6031 4574 -1 6034 4584 5980 -1 5980 4584 5981 -1 5981 4584 4582 -1 6034 5980 5979 -1 6034 5979 6021 -1 5981 4582 4542 -1 6021 6004 5987 -1 6004 6021 5979 -1 5987 6004 5982 -1 5987 5982 5978 -1 5987 5978 5975 -1 6023 6009 6029 -1 6009 6023 6007 -1 6029 6011 6032 -1 6011 6029 6009 -1 6018 5995 6024 -1 5995 6018 5993 -1 5995 5993 5992 -1 6031 6006 6030 -1 6006 6031 6010 -1 6032 6013 6026 -1 6013 6032 6011 -1 4575 4584 4574 -1 4584 4575 4583 -1 4490 4478 6000 -1 4478 4490 4576 -1 4576 4490 4573 -1 6034 6010 6031 -1 6010 6034 6012 -1 6034 6005 6012 -1 6005 6034 6021 -1 6030 6008 6022 -1 6008 6030 6006 -1 4575 4576 4573 -1 4576 4575 4574 -1 6017 5998 5997 -1 5998 6017 6035 -1 5994 6028 5996 -1 6028 5994 5998 -1 6015 6035 6017 -1 6035 6015 6036 -1 5998 6027 6028 -1 6027 5998 6035 -1 6015 6020 6036 -1 6020 6015 6014 -1 6020 6033 6036 -1 6033 6020 6019 -1 6035 6033 6027 -1 6033 6035 6036 -1 5999 6014 6002 -1 6014 5999 6020 -1 6037 6038 6039 -1 6038 6037 6040 -1 6041 6042 6043 -1 6042 6041 6044 -1 6045 6037 6046 -1 6037 6045 6040 -1 6040 6045 6047 -1 6044 6048 6042 -1 6048 6044 6049 -1 6050 6043 6051 -1 6043 6050 6041 -1 6052 6053 6054 -1 6053 6052 6055 -1 6050 6056 6047 -1 6056 6050 6053 -1 6056 6053 6055 -1 6047 6057 6040 -1 6057 6047 6056 -1 6040 6057 6038 -1 6038 6058 6039 -1 6058 6038 6057 -1 6058 6056 6059 -1 6056 6058 6057 -1 6060 6048 6061 -1 6048 6060 6042 -1 6060 6062 6063 -1 6062 6060 6064 -1 6062 6064 6065 -1 6062 6065 6066 -1 6063 6042 6060 -1 6042 6063 6043 -1 6056 6052 6059 -1 6052 6056 6055 -1 6063 6045 6046 -1 6045 6063 6062 -1 6045 6062 6066 -1 6045 6066 6047 -1 6041 6065 6044 -1 6065 6041 6066 -1 6050 6066 6041 -1 6066 6050 6047 -1 6061 6064 6060 -1 6064 6061 6067 -1 6064 6067 6065 -1 6046 6058 6051 -1 6058 6046 6037 -1 6058 6037 6039 -1 6051 6059 6054 -1 6059 6051 6058 -1 6054 6059 6052 -1 6067 6048 6049 -1 6048 6067 6061 -1 6046 6043 6063 -1 6043 6046 6051 -1 6053 6051 6054 -1 6051 6053 6050 -1 6044 6067 6049 -1 6067 6044 6065 -1 6068 6069 6070 -1 6069 6068 6071 -1 6072 6073 6074 -1 6073 6072 6075 -1 6076 6068 6077 -1 6068 6076 6071 -1 6071 6076 6078 -1 6075 6079 6073 -1 6079 6075 6080 -1 6081 6074 6082 -1 6074 6081 6072 -1 6083 6084 6085 -1 6084 6083 6086 -1 6081 6087 6078 -1 6087 6081 6084 -1 6087 6084 6086 -1 6078 6088 6071 -1 6088 6078 6087 -1 6071 6088 6069 -1 6069 6089 6070 -1 6089 6069 6088 -1 6089 6087 6090 -1 6087 6089 6088 -1 6091 6079 6092 -1 6079 6091 6073 -1 6091 6093 6094 -1 6093 6091 6095 -1 6093 6095 6096 -1 6093 6096 6097 -1 6094 6073 6091 -1 6073 6094 6074 -1 6087 6083 6090 -1 6083 6087 6086 -1 6094 6076 6077 -1 6076 6094 6093 -1 6076 6093 6097 -1 6076 6097 6078 -1 6072 6096 6075 -1 6096 6072 6097 -1 6081 6097 6072 -1 6097 6081 6078 -1 6092 6095 6091 -1 6095 6092 6098 -1 6095 6098 6096 -1 6077 6089 6082 -1 6089 6077 6068 -1 6089 6068 6070 -1 6082 6090 6085 -1 6090 6082 6089 -1 6085 6090 6083 -1 6098 6079 6080 -1 6079 6098 6092 -1 6077 6074 6094 -1 6074 6077 6082 -1 6084 6082 6085 -1 6082 6084 6081 -1 6075 6098 6080 -1 6098 6075 6096 -1 6099 6100 6101 -1 6100 6099 6102 -1 6103 6104 6105 -1 6104 6103 6106 -1 6103 6107 6108 -1 6107 6103 6105 -1 6109 6103 6110 -1 6103 6109 6106 -1 6101 6106 6109 -1 6106 6101 6100 -1 6106 6111 6104 -1 6111 6106 6100 -1 6110 6108 6112 -1 6108 6110 6103 -1 6113 6114 6102 -1 6114 6113 6115 -1 6116 6117 6118 -1 6117 6116 6119 -1 6120 6113 6121 -1 6113 6120 6117 -1 6118 6120 6122 -1 6120 6118 6117 -1 6117 6115 6113 -1 6115 6117 6119 -1 6123 6124 6125 -1 6124 6123 6126 -1 6122 6116 6118 -1 6116 6122 6127 -1 6127 6122 6128 -1 6128 6099 6129 -1 6099 6128 6121 -1 6121 6128 6120 -1 6120 6128 6122 -1 6130 6131 6132 -1 6131 6130 6133 -1 6133 6130 6134 -1 6133 6134 6135 -1 6135 6134 6136 -1 6135 6136 6137 -1 6137 6136 6101 -1 6137 6101 6109 -1 6137 6109 6110 -1 6137 6110 6138 -1 6101 6136 6129 -1 6101 6129 6099 -1 6138 6110 6112 -1 6135 6139 6140 -1 6139 6135 6137 -1 6140 6139 6141 -1 6141 6139 6142 -1 6142 6139 6143 -1 6143 6139 6144 -1 6140 6141 6145 -1 6143 6144 6146 -1 6145 6147 6148 -1 6147 6145 6141 -1 6148 6147 6149 -1 6148 6149 6150 -1 6148 6150 6151 -1 6100 6114 6111 -1 6114 6100 6102 -1 6099 6113 6102 -1 6113 6099 6121 -1 6146 6123 6125 -1 6123 6146 6152 -1 6152 6146 6144 -1 6153 6133 6154 -1 6133 6153 6131 -1 6139 6155 6156 -1 6155 6139 6137 -1 6156 6144 6139 -1 6144 6156 6152 -1 6157 6158 6159 -1 6158 6157 6160 -1 6160 6157 6161 -1 6161 6157 6162 -1 6154 6163 6153 -1 6163 6154 6164 -1 6164 6154 6165 -1 6164 6165 6166 -1 6166 6165 6167 -1 6166 6167 6156 -1 6156 6167 6168 -1 6156 6168 6169 -1 6156 6169 6126 -1 6156 6126 6152 -1 6168 6167 6159 -1 6168 6159 6158 -1 6152 6126 6123 -1 6166 6155 6170 -1 6155 6166 6156 -1 6170 6155 6111 -1 6111 6155 6104 -1 6104 6155 6105 -1 6105 6155 6171 -1 6170 6111 6172 -1 6105 6171 6107 -1 6172 6114 6127 -1 6114 6172 6111 -1 6127 6114 6115 -1 6127 6115 6119 -1 6127 6119 6116 -1 6138 6107 6171 -1 6107 6138 6112 -1 6107 6112 6108 -1 6171 6137 6138 -1 6137 6171 6155 -1 6150 6173 6151 -1 6173 6150 6174 -1 6149 6174 6150 -1 6174 6149 6175 -1 6147 6175 6149 -1 6175 6147 6176 -1 6141 6176 6147 -1 6176 6141 6177 -1 6141 6178 6177 -1 6178 6141 6142 -1 6124 6142 6143 -1 6142 6124 6178 -1 6124 6169 6178 -1 6169 6124 6126 -1 6175 6158 6160 -1 6158 6175 6176 -1 6160 6174 6175 -1 6174 6160 6161 -1 6174 6162 6173 -1 6162 6174 6161 -1 6125 6143 6146 -1 6143 6125 6124 -1 6178 6168 6177 -1 6168 6178 6169 -1 6176 6168 6158 -1 6168 6176 6177 -1 6140 6165 6135 -1 6165 6140 6167 -1 6154 6135 6165 -1 6135 6154 6133 -1 6145 6167 6140 -1 6167 6145 6159 -1 6172 6128 6129 -1 6128 6172 6127 -1 6148 6162 6157 -1 6162 6148 6151 -1 6162 6151 6173 -1 6163 6131 6153 -1 6131 6163 6132 -1 6157 6145 6148 -1 6145 6157 6159 -1 6166 6130 6164 -1 6130 6166 6134 -1 6164 6132 6163 -1 6132 6164 6130 -1 6170 6129 6136 -1 6129 6170 6172 -1 6166 6136 6134 -1 6136 6166 6170 -1 6179 6180 6181 -1 6180 6179 6182 -1 6183 6184 6185 -1 6184 6183 6186 -1 6187 6179 6188 -1 6179 6187 6182 -1 6182 6187 6189 -1 6186 6190 6184 -1 6190 6186 6191 -1 6192 6185 6193 -1 6185 6192 6183 -1 6194 6195 6196 -1 6195 6194 6197 -1 6192 6198 6189 -1 6198 6192 6195 -1 6198 6195 6197 -1 6189 6199 6182 -1 6199 6189 6198 -1 6182 6199 6180 -1 6180 6200 6181 -1 6200 6180 6199 -1 6200 6198 6201 -1 6198 6200 6199 -1 6202 6190 6203 -1 6190 6202 6184 -1 6202 6204 6205 -1 6204 6202 6206 -1 6204 6206 6207 -1 6204 6207 6208 -1 6205 6184 6202 -1 6184 6205 6185 -1 6198 6194 6201 -1 6194 6198 6197 -1 6205 6187 6188 -1 6187 6205 6204 -1 6187 6204 6208 -1 6187 6208 6189 -1 6183 6207 6186 -1 6207 6183 6208 -1 6192 6208 6183 -1 6208 6192 6189 -1 6203 6206 6202 -1 6206 6203 6209 -1 6206 6209 6207 -1 6188 6200 6193 -1 6200 6188 6179 -1 6200 6179 6181 -1 6193 6201 6196 -1 6201 6193 6200 -1 6196 6201 6194 -1 6209 6190 6191 -1 6190 6209 6203 -1 6188 6185 6205 -1 6185 6188 6193 -1 6195 6193 6196 -1 6193 6195 6192 -1 6186 6209 6191 -1 6209 6186 6207 -1 6210 6211 6212 -1 6211 6210 6213 -1 6214 6215 6216 -1 6215 6214 6217 -1 6218 6210 6219 -1 6210 6218 6213 -1 6213 6218 6220 -1 6217 6221 6215 -1 6221 6217 6222 -1 6223 6216 6224 -1 6216 6223 6214 -1 6225 6226 6227 -1 6226 6225 6228 -1 6223 6229 6220 -1 6229 6223 6226 -1 6229 6226 6228 -1 6220 6230 6213 -1 6230 6220 6229 -1 6213 6230 6211 -1 6211 6231 6212 -1 6231 6211 6230 -1 6231 6229 6232 -1 6229 6231 6230 -1 6233 6221 6234 -1 6221 6233 6215 -1 6233 6235 6236 -1 6235 6233 6237 -1 6235 6237 6238 -1 6235 6238 6239 -1 6236 6215 6233 -1 6215 6236 6216 -1 6229 6225 6232 -1 6225 6229 6228 -1 6236 6218 6219 -1 6218 6236 6235 -1 6218 6235 6239 -1 6218 6239 6220 -1 6214 6238 6217 -1 6238 6214 6239 -1 6223 6239 6214 -1 6239 6223 6220 -1 6234 6237 6233 -1 6237 6234 6240 -1 6237 6240 6238 -1 6219 6231 6224 -1 6231 6219 6210 -1 6231 6210 6212 -1 6224 6232 6227 -1 6232 6224 6231 -1 6227 6232 6225 -1 6240 6221 6222 -1 6221 6240 6234 -1 6219 6216 6236 -1 6216 6219 6224 -1 6226 6224 6227 -1 6224 6226 6223 -1 6217 6240 6222 -1 6240 6217 6238 -1 6241 6242 6243 -1 6242 6241 6244 -1 6243 6245 6246 -1 6245 6243 6242 -1 6247 6248 6249 -1 6248 6247 6250 -1 6242 6251 6252 -1 6251 6242 6244 -1 6245 6252 6253 -1 6252 6245 6242 -1 6248 6254 6255 -1 6254 6248 6250 -1 6245 4248 6256 -1 4248 6245 6253 -1 6249 6257 6258 -1 6257 6249 6248 -1 6246 6256 4249 -1 6256 6246 6245 -1 6258 6247 6249 -1 6247 6258 6259 -1 6259 6258 6260 -1 6261 6244 6241 -1 6244 6261 6262 -1 6263 6264 6265 -1 6264 6263 6266 -1 6266 6267 6264 -1 6267 6266 6268 -1 6269 6266 6263 -1 6266 6269 6270 -1 4222 6271 6272 -1 6271 4222 6273 -1 6272 6274 4217 -1 6274 6272 6271 -1 6248 6275 6257 -1 6275 6248 6255 -1 6244 6276 6251 -1 6276 6244 6262 -1 6255 6276 6262 -1 6276 6255 6254 -1 6261 6255 6262 -1 6255 6261 6275 -1 6260 6261 6277 -1 6261 6260 6275 -1 6275 6260 6257 -1 6257 6260 6258 -1 6278 6279 6280 -1 6279 6278 6281 -1 6281 6278 6282 -1 6281 6282 6283 -1 6283 6282 6284 -1 6283 6284 4309 -1 4309 6284 6243 -1 4309 6243 6246 -1 4309 6246 4422 -1 6243 6284 6241 -1 6241 6284 6277 -1 6241 6277 6261 -1 4422 6246 4249 -1 6283 4310 6285 -1 4310 6283 4309 -1 6285 4310 6286 -1 6286 4310 6274 -1 6274 4310 4413 -1 6285 6286 6287 -1 6285 6287 6288 -1 6274 4413 4217 -1 6288 6289 6290 -1 6289 6288 6287 -1 6290 6289 6269 -1 6290 6269 6263 -1 6290 6263 6265 -1 6271 6291 6292 -1 6291 6271 6273 -1 6293 6260 6277 -1 6260 6293 6259 -1 4422 4248 4420 -1 4248 4422 4249 -1 4248 4249 6256 -1 6294 6279 6295 -1 6279 6294 6280 -1 6296 6288 6290 -1 6288 6296 6297 -1 6288 6298 6285 -1 6298 6288 6297 -1 6296 6299 6297 -1 6299 6296 6300 -1 6300 6296 6268 -1 6268 6296 6267 -1 6301 6294 6295 -1 6294 6301 6302 -1 6302 6301 6303 -1 6303 6301 6304 -1 6303 6304 6298 -1 6303 6298 4414 -1 4414 6298 6291 -1 4414 6291 6273 -1 4414 6273 4415 -1 6291 6298 6305 -1 6305 6298 6297 -1 6305 6297 6299 -1 4415 6273 4222 -1 6303 4421 6306 -1 4421 6303 4414 -1 6306 4421 6252 -1 6252 4421 6253 -1 6253 4421 4420 -1 6306 6252 6251 -1 6306 6251 6293 -1 6253 4420 4248 -1 6293 6276 6259 -1 6276 6293 6251 -1 6259 6276 6254 -1 6259 6254 6250 -1 6259 6250 6247 -1 6295 6281 6301 -1 6281 6295 6279 -1 6301 6283 6304 -1 6283 6301 6281 -1 6290 6267 6296 -1 6267 6290 6265 -1 6267 6265 6264 -1 6303 6278 6302 -1 6278 6303 6282 -1 6304 6285 6298 -1 6285 6304 6283 -1 4310 4421 4414 -1 4421 4310 4309 -1 4217 4222 6272 -1 4222 4217 4415 -1 4415 4217 4413 -1 6306 6282 6303 -1 6282 6306 6284 -1 6306 6277 6284 -1 6277 6306 6293 -1 6302 6280 6294 -1 6280 6302 6278 -1 4310 4415 4413 -1 4415 4310 4414 -1 6289 6270 6269 -1 6270 6289 6307 -1 6266 6300 6268 -1 6300 6266 6270 -1 6287 6307 6289 -1 6307 6287 6308 -1 6270 6299 6300 -1 6299 6270 6307 -1 6287 6292 6308 -1 6292 6287 6286 -1 6292 6305 6308 -1 6305 6292 6291 -1 6307 6305 6299 -1 6305 6307 6308 -1 6271 6286 6274 -1 6286 6271 6292 -1 6309 6310 6311 -1 6310 6309 6312 -1 6313 6314 6315 -1 6314 6313 6316 -1 6317 6309 6318 -1 6309 6317 6312 -1 6312 6317 6319 -1 6316 6320 6314 -1 6320 6316 6321 -1 6322 6315 6323 -1 6315 6322 6313 -1 6324 6325 6326 -1 6325 6324 6327 -1 6322 6328 6319 -1 6328 6322 6325 -1 6328 6325 6327 -1 6319 6329 6312 -1 6329 6319 6328 -1 6312 6329 6310 -1 6310 6330 6311 -1 6330 6310 6329 -1 6330 6328 6331 -1 6328 6330 6329 -1 6332 6320 6333 -1 6320 6332 6314 -1 6332 6334 6335 -1 6334 6332 6336 -1 6334 6336 6337 -1 6334 6337 6338 -1 6335 6314 6332 -1 6314 6335 6315 -1 6328 6324 6331 -1 6324 6328 6327 -1 6335 6317 6318 -1 6317 6335 6334 -1 6317 6334 6338 -1 6317 6338 6319 -1 6313 6337 6316 -1 6337 6313 6338 -1 6322 6338 6313 -1 6338 6322 6319 -1 6333 6336 6332 -1 6336 6333 6339 -1 6336 6339 6337 -1 6318 6330 6323 -1 6330 6318 6309 -1 6330 6309 6311 -1 6323 6331 6326 -1 6331 6323 6330 -1 6326 6331 6324 -1 6339 6320 6321 -1 6320 6339 6333 -1 6318 6315 6335 -1 6315 6318 6323 -1 6325 6323 6326 -1 6323 6325 6322 -1 6316 6339 6321 -1 6339 6316 6337 -1 6340 6341 6342 -1 6341 6340 6343 -1 6344 6345 6346 -1 6345 6344 6347 -1 6348 6340 6349 -1 6340 6348 6343 -1 6343 6348 6350 -1 6347 6351 6345 -1 6351 6347 6352 -1 6353 6346 6354 -1 6346 6353 6344 -1 6355 6356 6357 -1 6356 6355 6358 -1 6353 6359 6350 -1 6359 6353 6356 -1 6359 6356 6358 -1 6350 6360 6343 -1 6360 6350 6359 -1 6343 6360 6341 -1 6341 6361 6342 -1 6361 6341 6360 -1 6361 6359 6362 -1 6359 6361 6360 -1 6363 6351 6364 -1 6351 6363 6345 -1 6363 6365 6366 -1 6365 6363 6367 -1 6365 6367 6368 -1 6365 6368 6369 -1 6366 6345 6363 -1 6345 6366 6346 -1 6359 6355 6362 -1 6355 6359 6358 -1 6366 6348 6349 -1 6348 6366 6365 -1 6348 6365 6369 -1 6348 6369 6350 -1 6344 6368 6347 -1 6368 6344 6369 -1 6353 6369 6344 -1 6369 6353 6350 -1 6364 6367 6363 -1 6367 6364 6370 -1 6367 6370 6368 -1 6349 6361 6354 -1 6361 6349 6340 -1 6361 6340 6342 -1 6354 6362 6357 -1 6362 6354 6361 -1 6357 6362 6355 -1 6370 6351 6352 -1 6351 6370 6364 -1 6349 6346 6366 -1 6346 6349 6354 -1 6356 6354 6357 -1 6354 6356 6353 -1 6347 6370 6352 -1 6370 6347 6368 -1 6371 6372 6373 -1 6372 6371 6374 -1 6375 6376 6377 -1 6376 6375 6378 -1 6375 4525 6379 -1 4525 6375 6377 -1 6380 6375 6381 -1 6375 6380 6378 -1 6373 6378 6380 -1 6378 6373 6372 -1 6378 6382 6376 -1 6382 6378 6372 -1 6381 6379 4541 -1 6379 6381 6375 -1 6383 6384 6374 -1 6384 6383 6385 -1 6386 6387 6388 -1 6387 6386 6389 -1 6390 6383 6391 -1 6383 6390 6387 -1 6388 6390 6392 -1 6390 6388 6387 -1 6387 6385 6383 -1 6385 6387 6389 -1 4479 6393 6394 -1 6393 4479 6395 -1 6392 6386 6388 -1 6386 6392 6396 -1 6396 6392 6397 -1 6397 6371 6398 -1 6371 6397 6391 -1 6391 6397 6390 -1 6390 6397 6392 -1 6399 6400 6401 -1 6400 6399 6402 -1 6402 6399 6403 -1 6402 6403 6404 -1 6404 6403 6405 -1 6404 6405 4581 -1 4581 6405 6373 -1 4581 6373 6380 -1 4581 6380 6381 -1 4581 6381 4580 -1 6373 6405 6398 -1 6373 6398 6371 -1 4580 6381 4541 -1 6404 4596 6406 -1 4596 6404 4581 -1 6406 4596 6407 -1 6407 4596 6408 -1 6408 4596 6409 -1 6409 4596 4597 -1 6406 6407 6410 -1 6409 4597 4476 -1 6410 6411 6412 -1 6411 6410 6407 -1 6412 6411 6413 -1 6412 6413 6414 -1 6412 6414 6415 -1 6372 6384 6382 -1 6384 6372 6374 -1 6371 6383 6374 -1 6383 6371 6391 -1 4476 4479 6394 -1 4479 4476 4528 -1 4528 4476 4597 -1 6416 6402 6417 -1 6402 6416 6400 -1 6418 6419 6420 -1 6419 6418 6421 -1 6421 6418 6422 -1 6422 6418 6423 -1 6417 6424 6416 -1 6424 6417 6425 -1 6425 6417 6426 -1 6425 6426 6427 -1 6427 6426 6428 -1 6427 6428 4527 -1 4527 6428 6429 -1 4527 6429 6430 -1 4527 6430 6395 -1 4527 6395 4528 -1 6429 6428 6420 -1 6429 6420 6419 -1 4528 6395 4479 -1 6427 4526 6431 -1 4526 6427 4527 -1 6431 4526 6382 -1 6382 4526 6376 -1 6376 4526 6377 -1 6377 4526 4523 -1 6431 6382 6432 -1 6377 4523 4525 -1 6432 6384 6396 -1 6384 6432 6382 -1 6396 6384 6385 -1 6396 6385 6389 -1 6396 6389 6386 -1 4580 4525 4523 -1 4525 4580 4541 -1 4525 4541 6379 -1 4523 4581 4580 -1 4581 4523 4526 -1 6414 6433 6415 -1 6433 6414 6434 -1 6413 6434 6414 -1 6434 6413 6435 -1 6411 6435 6413 -1 6435 6411 6436 -1 6407 6436 6411 -1 6436 6407 6437 -1 6407 6438 6437 -1 6438 6407 6408 -1 6393 6408 6409 -1 6408 6393 6438 -1 6393 6430 6438 -1 6430 6393 6395 -1 6435 6419 6421 -1 6419 6435 6436 -1 6421 6434 6435 -1 6434 6421 6422 -1 6434 6423 6433 -1 6423 6434 6422 -1 6394 6409 4476 -1 6409 6394 6393 -1 6438 6429 6437 -1 6429 6438 6430 -1 6436 6429 6419 -1 6429 6436 6437 -1 6406 6426 6404 -1 6426 6406 6428 -1 6417 6404 6426 -1 6404 6417 6402 -1 6410 6428 6406 -1 6428 6410 6420 -1 6432 6397 6398 -1 6397 6432 6396 -1 6412 6423 6418 -1 6423 6412 6415 -1 6423 6415 6433 -1 6424 6400 6416 -1 6400 6424 6401 -1 6418 6410 6412 -1 6410 6418 6420 -1 6427 6399 6425 -1 6399 6427 6403 -1 6425 6401 6424 -1 6401 6425 6399 -1 6431 6398 6405 -1 6398 6431 6432 -1 6427 6405 6403 -1 6405 6427 6431 -1 6439 6440 6441 -1 6440 6439 6442 -1 6443 6444 6445 -1 6444 6443 6446 -1 6447 6329 6328 -1 6329 6447 6448 -1 6361 6445 6449 -1 6445 6361 6329 -1 6445 6329 6441 -1 6441 6329 6439 -1 6439 6329 6448 -1 6444 6449 6445 -1 6449 6362 6361 -1 6362 6449 6450 -1 6450 6444 6446 -1 6444 6450 6449 -1 6442 6448 6447 -1 6448 6442 6439 -1 6329 6362 6328 -1 6362 6329 6361 -1 6446 6362 6450 -1 6362 6446 6443 -1 6447 6440 6442 -1 6440 6447 6328 -1 6443 6328 6362 -1 6328 6443 6440 -1 6445 6440 6443 -1 6440 6445 6441 -1 6451 6452 6453 -1 6452 6451 6454 -1 6455 6456 6457 -1 6456 6455 6458 -1 6459 4714 4713 -1 4714 6459 6460 -1 4746 6457 6461 -1 6457 4746 4714 -1 6457 4714 6453 -1 6453 4714 6451 -1 6451 4714 6460 -1 6456 6461 6457 -1 6461 4747 4746 -1 4747 6461 6462 -1 6462 6456 6458 -1 6456 6462 6461 -1 6454 6460 6459 -1 6460 6454 6451 -1 4714 4747 4713 -1 4747 4714 4746 -1 6458 4747 6462 -1 4747 6458 6455 -1 6459 6452 6454 -1 6452 6459 4713 -1 6455 4713 4747 -1 4713 6455 6452 -1 6457 6452 6455 -1 6452 6457 6453 -1 6463 6464 6465 -1 6464 6463 6466 -1 6467 6468 6469 -1 6468 6467 6470 -1 6471 5387 5386 -1 5387 6471 6472 -1 5419 6469 6473 -1 6469 5419 5387 -1 6469 5387 6465 -1 6465 5387 6463 -1 6463 5387 6472 -1 6468 6473 6469 -1 6473 5420 5419 -1 5420 6473 6474 -1 6474 6468 6470 -1 6468 6474 6473 -1 6466 6472 6471 -1 6472 6466 6463 -1 5387 5420 5386 -1 5420 5387 5419 -1 6470 5420 6474 -1 5420 6470 6467 -1 6471 6464 6466 -1 6464 6471 5386 -1 6467 5386 5420 -1 5386 6467 6464 -1 6469 6464 6467 -1 6464 6469 6465 -1 6475 3778 3775 -1 3778 6475 6476 -1 3782 3778 3779 -1 3778 3782 3775 -1 3779 6477 3782 -1 6477 3779 6478 -1 6478 6479 6480 -1 6479 6478 3779 -1 3779 6481 6479 -1 6481 3779 3778 -1 6481 3778 6476 -1 6481 6476 6482 -1 6480 6477 6478 -1 6477 6480 6483 -1 6482 6484 6481 -1 6484 6482 6485 -1 6484 6479 6481 -1 6479 6484 6486 -1 6486 3782 6483 -1 3782 6486 6484 -1 3782 6484 3775 -1 3775 6484 6475 -1 6475 6484 6485 -1 6477 6483 3782 -1 6475 6482 6476 -1 6482 6475 6485 -1 6483 6479 6486 -1 6479 6483 6480 -1 6487 6488 6489 -1 6489 6490 6487 -1 6490 4038 4124 -1 4124 6487 6490 -1 6487 4124 6491 -1 6491 6492 6487 -1 6491 6493 6492 -1 6494 4017 4020 -1 4020 6488 6494 -1 6488 6495 6494 -1 6495 6496 6494 -1 6489 6488 4020 -1 4020 4017 4124 -1 4124 4038 4020 -1 4038 6490 6489 -1 6489 4020 4038 -1 6494 6491 4124 -1 4124 4017 6494 -1 6492 6495 6488 -1 6488 6487 6492 -1 6493 6496 6495 -1 6495 6492 6493 -1 6491 6494 6496 -1 6496 6493 6491 -1 6497 4018 6498 -1 4018 6497 6499 -1 6500 6501 6502 -1 6501 6500 6503 -1 6504 6505 6506 -1 6505 6504 6507 -1 6508 6509 6510 -1 6509 6508 6511 -1 6504 6500 6507 -1 6500 6504 6503 -1 6503 6504 6497 -1 6503 6497 6510 -1 6510 6497 6498 -1 6510 6498 6508 -1 6510 6501 6503 -1 6501 6510 6509 -1 6507 6502 6505 -1 6502 6507 6500 -1 6504 6499 6497 -1 6499 6504 6506 -1 4121 6512 4065 -1 6512 4121 4024 -1 6513 6514 6515 -1 6514 6513 6516 -1 6514 6516 6517 -1 6517 6516 6512 -1 6517 6512 4022 -1 4022 6512 4024 -1 6515 6518 6519 -1 6518 6515 6514 -1 6520 6521 6522 -1 6521 6520 6523 -1 6521 6524 6522 -1 6524 6521 6525 -1 6525 6521 6526 -1 6526 6521 6527 -1 6528 6529 6530 -1 6529 6528 6531 -1 6531 6528 6532 -1 6531 6532 6533 -1 6533 6532 6534 -1 6533 6534 4028 -1 4028 6534 6535 -1 4028 6535 6536 -1 4028 6536 4123 -1 6535 6534 6537 -1 6537 6534 6522 -1 6537 6522 6524 -1 4123 6536 4105 -1 6533 4027 6538 -1 4027 6533 4028 -1 6538 4027 6539 -1 6539 4027 6540 -1 6540 4027 4121 -1 6538 6539 6541 -1 6538 6541 6542 -1 6540 4121 4065 -1 6542 6543 6515 -1 6543 6542 6541 -1 6515 6543 6544 -1 6515 6544 6545 -1 6515 6545 6513 -1 6519 6542 6515 -1 6542 6519 6546 -1 6547 6529 6548 -1 6529 6547 6530 -1 6549 6513 6545 -1 6513 6549 6516 -1 6536 6550 4105 -1 6550 6536 6551 -1 6552 6553 6554 -1 6553 6552 6555 -1 6556 6545 6544 -1 6545 6556 6549 -1 6557 6558 6559 -1 6558 6557 6556 -1 6556 6557 6560 -1 6556 6560 6549 -1 6549 6560 6512 -1 6549 6512 6516 -1 6561 6522 6534 -1 6522 6561 6520 -1 6562 6563 6564 -1 6563 6562 6565 -1 6554 6566 6567 -1 6566 6554 6553 -1 6568 6530 6547 -1 6530 6568 6528 -1 6535 6551 6536 -1 6551 6535 6569 -1 6512 6540 4065 -1 6540 6512 6560 -1 6543 6556 6544 -1 6556 6543 6558 -1 4027 4024 4121 -1 4024 4027 4023 -1 4015 4028 4123 -1 6570 6528 6568 -1 6528 6570 6532 -1 6541 6558 6543 -1 6558 6541 6559 -1 6571 6552 6572 -1 6552 6571 6555 -1 6539 6559 6541 -1 6559 6539 6557 -1 6524 6573 6574 -1 6573 6524 6525 -1 6526 6573 6525 -1 6573 6526 6575 -1 6573 6576 6574 -1 6576 6573 6569 -1 6569 6573 6575 -1 6569 6575 6551 -1 6551 6575 6577 -1 6551 6577 6550 -1 6535 6576 6569 -1 6576 6535 6537 -1 6564 6554 6567 -1 6554 6564 6552 -1 6552 6564 6563 -1 6552 6563 6572 -1 6572 6563 6514 -1 6572 6514 6517 -1 4022 6572 6517 -1 6572 4022 6571 -1 6567 6562 6564 -1 6562 6567 6566 -1 6537 6574 6576 -1 6574 6537 6524 -1 6527 6575 6526 -1 6575 6527 6577 -1 6561 6532 6570 -1 6532 6561 6534 -1 6565 6514 6563 -1 6514 6565 6518 -1 6560 6539 6540 -1 6539 6560 6557 -1 6578 6538 6579 -1 6538 6578 6533 -1 6519 6566 6546 -1 6566 6519 6562 -1 6562 6519 6565 -1 6565 6519 6518 -1 6580 6547 6548 -1 6547 6580 6568 -1 6568 6580 6578 -1 6568 6578 6570 -1 6570 6578 6579 -1 6570 6579 4023 -1 4023 6579 6555 -1 4023 6555 6571 -1 4023 6571 4024 -1 6555 6579 6553 -1 6553 6579 6546 -1 6553 6546 6566 -1 4024 6571 4022 -1 6570 4021 6561 -1 4021 6570 4023 -1 6561 4021 6506 -1 6506 4021 6499 -1 6499 4021 4015 -1 6561 6506 6505 -1 6561 6505 6520 -1 6499 4015 4018 -1 6520 6502 6523 -1 6502 6520 6505 -1 6523 6502 6501 -1 6523 6501 6509 -1 6523 6509 6511 -1 6542 6579 6538 -1 6579 6542 6546 -1 4123 4018 4015 -1 4018 4123 6498 -1 6498 4123 4105 -1 6498 4105 6550 -1 6550 6508 6498 -1 6508 6550 6577 -1 6508 6523 6511 -1 6523 6508 6577 -1 6523 6577 6527 -1 6523 6527 6521 -1 6580 6533 6578 -1 6533 6580 6531 -1 6548 6531 6580 -1 6531 6548 6529 -1 6581 6582 6583 -1 6582 6581 6584 -1 6584 4122 4036 -1 4122 6584 6581 -1 6581 6585 4122 -1 6585 6581 6586 -1 6585 6586 6587 -1 6588 4039 4119 -1 4039 6588 6583 -1 6583 6588 6589 -1 6589 6588 6590 -1 6582 4039 6583 -1 4036 6582 6584 -1 6582 4036 4039 -1 6588 4122 6585 -1 4122 6588 4119 -1 6586 6583 6589 -1 6583 6586 6581 -1 6587 6589 6590 -1 6589 6587 6586 -1 6585 6590 6588 -1 6590 6585 6587 -1 6591 6592 6593 -1 6592 6591 6594 -1 6595 6596 6597 -1 6596 6595 6598 -1 6599 6591 6600 -1 6591 6599 6594 -1 6594 6599 6601 -1 6598 6602 6596 -1 6602 6598 6603 -1 6604 6597 6605 -1 6597 6604 6595 -1 6606 6607 6608 -1 6607 6606 6609 -1 6604 6610 6601 -1 6610 6604 6607 -1 6610 6607 6609 -1 6601 6611 6594 -1 6611 6601 6610 -1 6594 6611 6592 -1 6592 6612 6593 -1 6612 6592 6611 -1 6612 6610 6613 -1 6610 6612 6611 -1 6614 6602 6615 -1 6602 6614 6596 -1 6614 6616 6617 -1 6616 6614 6618 -1 6616 6618 6619 -1 6616 6619 6620 -1 6617 6596 6614 -1 6596 6617 6597 -1 6610 6606 6613 -1 6606 6610 6609 -1 6617 6599 6600 -1 6599 6617 6616 -1 6599 6616 6620 -1 6599 6620 6601 -1 6595 6619 6598 -1 6619 6595 6620 -1 6604 6620 6595 -1 6620 6604 6601 -1 6615 6618 6614 -1 6618 6615 6621 -1 6618 6621 6619 -1 6600 6612 6605 -1 6612 6600 6591 -1 6612 6591 6593 -1 6605 6613 6608 -1 6613 6605 6612 -1 6608 6613 6606 -1 6621 6602 6603 -1 6602 6621 6615 -1 6600 6597 6617 -1 6597 6600 6605 -1 6607 6605 6608 -1 6605 6607 6604 -1 6598 6621 6603 -1 6621 6598 6619 -1 6622 6623 6624 -1 6623 6622 6625 -1 6626 6627 6628 -1 6627 6626 6629 -1 6630 6622 6631 -1 6622 6630 6625 -1 6625 6630 6632 -1 6629 6633 6627 -1 6633 6629 6634 -1 6635 6628 6636 -1 6628 6635 6626 -1 6637 6638 6639 -1 6638 6637 6640 -1 6635 6641 6632 -1 6641 6635 6638 -1 6641 6638 6640 -1 6632 6642 6625 -1 6642 6632 6641 -1 6625 6642 6623 -1 6623 6643 6624 -1 6643 6623 6642 -1 6643 6641 6644 -1 6641 6643 6642 -1 6645 6633 6646 -1 6633 6645 6627 -1 6645 6647 6648 -1 6647 6645 6649 -1 6647 6649 6650 -1 6647 6650 6651 -1 6648 6627 6645 -1 6627 6648 6628 -1 6641 6637 6644 -1 6637 6641 6640 -1 6648 6630 6631 -1 6630 6648 6647 -1 6630 6647 6651 -1 6630 6651 6632 -1 6626 6650 6629 -1 6650 6626 6651 -1 6635 6651 6626 -1 6651 6635 6632 -1 6646 6649 6645 -1 6649 6646 6652 -1 6649 6652 6650 -1 6631 6643 6636 -1 6643 6631 6622 -1 6643 6622 6624 -1 6636 6644 6639 -1 6644 6636 6643 -1 6639 6644 6637 -1 6652 6633 6634 -1 6633 6652 6646 -1 6631 6628 6648 -1 6628 6631 6636 -1 6638 6636 6639 -1 6636 6638 6635 -1 6629 6652 6634 -1 6652 6629 6650 -1 6653 6654 6655 -1 6654 6653 6656 -1 6655 6657 6658 -1 6657 6655 6654 -1 6659 6660 6661 -1 6660 6659 6662 -1 6654 6663 6664 -1 6663 6654 6656 -1 6657 6664 6665 -1 6664 6657 6654 -1 6660 6666 6667 -1 6666 6660 6662 -1 6657 5891 6668 -1 5891 6657 6665 -1 6661 6669 6670 -1 6669 6661 6660 -1 6658 6668 5886 -1 6668 6658 6657 -1 6670 6659 6661 -1 6659 6670 6671 -1 6671 6670 6672 -1 6673 6656 6653 -1 6656 6673 6674 -1 6675 6676 6677 -1 6676 6675 6678 -1 6678 6679 6676 -1 6679 6678 6680 -1 6681 6678 6675 -1 6678 6681 6682 -1 5911 6683 6684 -1 6683 5911 6685 -1 6684 6686 5907 -1 6686 6684 6683 -1 6660 6687 6669 -1 6687 6660 6667 -1 6656 6688 6663 -1 6688 6656 6674 -1 6667 6688 6674 -1 6688 6667 6666 -1 6673 6667 6674 -1 6667 6673 6687 -1 6672 6673 6689 -1 6673 6672 6687 -1 6687 6672 6669 -1 6669 6672 6670 -1 6690 6691 6692 -1 6691 6690 6693 -1 6693 6690 6694 -1 6693 6694 6695 -1 6695 6694 6696 -1 6695 6696 5937 -1 5937 6696 6655 -1 5937 6655 6658 -1 5937 6658 5943 -1 6655 6696 6653 -1 6653 6696 6689 -1 6653 6689 6673 -1 5943 6658 5886 -1 6695 5935 6697 -1 5935 6695 5937 -1 6697 5935 6698 -1 6698 5935 6686 -1 6686 5935 5939 -1 6697 6698 6699 -1 6697 6699 6700 -1 6686 5939 5907 -1 6700 6701 6702 -1 6701 6700 6699 -1 6702 6701 6681 -1 6702 6681 6675 -1 6702 6675 6677 -1 6683 6703 6704 -1 6703 6683 6685 -1 6705 6672 6689 -1 6672 6705 6671 -1 5891 5886 6668 -1 6706 6691 6707 -1 6691 6706 6692 -1 6708 6700 6702 -1 6700 6708 6709 -1 6700 6710 6697 -1 6710 6700 6709 -1 6708 6711 6709 -1 6711 6708 6712 -1 6712 6708 6680 -1 6680 6708 6679 -1 6713 6706 6707 -1 6706 6713 6714 -1 6714 6713 6715 -1 6715 6713 6716 -1 6715 6716 6710 -1 6715 6710 5938 -1 5938 6710 6703 -1 5938 6703 6685 -1 5938 6685 5940 -1 6703 6710 6717 -1 6717 6710 6709 -1 6717 6709 6711 -1 5940 6685 5911 -1 6715 5936 6718 -1 5936 6715 5938 -1 6718 5936 6664 -1 6664 5936 6665 -1 6665 5936 5944 -1 6718 6664 6663 -1 6718 6663 6705 -1 6665 5944 5891 -1 6705 6688 6671 -1 6688 6705 6663 -1 6671 6688 6666 -1 6671 6666 6662 -1 6671 6662 6659 -1 6707 6693 6713 -1 6693 6707 6691 -1 6713 6695 6716 -1 6695 6713 6693 -1 6702 6679 6708 -1 6679 6702 6677 -1 6679 6677 6676 -1 6715 6690 6714 -1 6690 6715 6694 -1 6716 6697 6710 -1 6697 6716 6695 -1 5944 5937 5943 -1 5937 5944 5936 -1 5907 5911 6684 -1 6718 6694 6715 -1 6694 6718 6696 -1 6718 6689 6696 -1 6689 6718 6705 -1 6714 6692 6706 -1 6692 6714 6690 -1 5935 5940 5939 -1 5940 5935 5938 -1 6701 6682 6681 -1 6682 6701 6719 -1 6678 6712 6680 -1 6712 6678 6682 -1 6699 6719 6701 -1 6719 6699 6720 -1 6682 6711 6712 -1 6711 6682 6719 -1 6699 6704 6720 -1 6704 6699 6698 -1 6704 6717 6720 -1 6717 6704 6703 -1 6719 6717 6711 -1 6717 6719 6720 -1 6683 6698 6686 -1 6698 6683 6704 -1 6721 6722 6723 -1 6722 6721 6724 -1 6725 6726 6727 -1 6726 6725 6728 -1 6729 6721 6730 -1 6721 6729 6724 -1 6724 6729 6731 -1 6728 6732 6726 -1 6732 6728 6733 -1 6734 6727 6735 -1 6727 6734 6725 -1 6736 6737 6738 -1 6737 6736 6739 -1 6734 6481 6731 -1 6481 6734 6737 -1 6481 6737 6739 -1 6731 6484 6724 -1 6484 6731 6481 -1 6724 6484 6722 -1 6722 6740 6723 -1 6740 6722 6484 -1 6740 6481 6741 -1 6481 6740 6484 -1 6742 6732 6743 -1 6732 6742 6726 -1 6742 6744 6745 -1 6744 6742 6746 -1 6744 6746 6747 -1 6744 6747 6748 -1 6745 6726 6742 -1 6726 6745 6727 -1 6481 6736 6741 -1 6736 6481 6739 -1 6745 6729 6730 -1 6729 6745 6744 -1 6729 6744 6748 -1 6729 6748 6731 -1 6725 6747 6728 -1 6747 6725 6748 -1 6734 6748 6725 -1 6748 6734 6731 -1 6743 6746 6742 -1 6746 6743 6749 -1 6746 6749 6747 -1 6730 6740 6735 -1 6740 6730 6721 -1 6740 6721 6723 -1 6735 6741 6738 -1 6741 6735 6740 -1 6738 6741 6736 -1 6749 6732 6733 -1 6732 6749 6743 -1 6730 6727 6745 -1 6727 6730 6735 -1 6737 6735 6738 -1 6735 6737 6734 -1 6728 6749 6733 -1 6749 6728 6747 -1 3990 3991 3988 -1 3991 3990 3989 -1 3992 3989 3995 -1 3989 3992 3991 -1 3988 6750 3990 -1 6750 3988 6751 -1 6752 3992 3993 -1 3992 6752 6753 -1 3992 6753 6754 -1 3992 6754 6755 -1 6753 6752 6756 -1 6756 6752 6757 -1 6757 6752 6758 -1 6758 6752 6759 -1 6758 6759 6760 -1 6760 6759 6761 -1 6761 6759 6762 -1 6762 6759 6763 -1 6762 6763 6764 -1 6762 6764 6765 -1 6766 6767 6768 -1 6767 6766 6769 -1 6769 6766 6770 -1 6769 6770 6771 -1 6769 6771 6751 -1 6769 6751 6772 -1 6772 6751 6773 -1 6773 6751 6774 -1 6774 6751 3988 -1 6774 3988 6775 -1 6775 3988 6776 -1 6776 3988 6777 -1 6777 3988 6778 -1 6778 3988 3991 -1 6778 3991 6755 -1 6755 3991 3992 -1 6779 6780 6781 -1 6780 6779 6782 -1 6782 6779 6783 -1 6783 6779 6784 -1 6784 6779 6750 -1 6750 6779 6785 -1 6750 6785 6786 -1 6750 6786 6787 -1 6750 6787 3990 -1 3990 6787 6788 -1 3990 6788 6789 -1 3990 6789 6790 -1 3990 6790 6791 -1 3990 6791 3989 -1 3989 6791 6792 -1 3989 6792 3995 -1 3995 6792 3994 -1 3994 6792 6793 -1 3994 6793 6794 -1 3994 6794 6795 -1 6795 6794 6796 -1 6795 6796 6797 -1 6795 6797 6798 -1 6795 6798 6799 -1 6799 6798 6800 -1 6799 6800 6801 -1 6799 6801 6802 -1 6799 6802 6803 -1 6803 6802 6804 -1 6804 6802 6805 -1 6787 6806 6788 -1 6806 6787 6807 -1 6776 6808 6809 -1 6808 6776 6777 -1 6778 6808 6777 -1 6808 6778 6810 -1 6809 6790 6789 -1 6790 6809 6808 -1 6788 6809 6789 -1 6809 6788 6806 -1 6775 6809 6806 -1 6809 6775 6776 -1 6808 6791 6790 -1 6791 6808 6810 -1 6773 6807 6811 -1 6807 6773 6774 -1 6812 6769 6772 -1 6769 6812 6813 -1 6785 6811 6786 -1 6811 6785 6812 -1 6779 6812 6785 -1 6812 6779 6813 -1 6772 6811 6812 -1 6811 6772 6773 -1 6814 6755 6754 -1 6755 6814 6815 -1 6781 6813 6779 -1 6813 6781 6767 -1 6813 6767 6769 -1 6774 6806 6807 -1 6806 6774 6775 -1 6786 6807 6787 -1 6807 6786 6811 -1 6799 6752 6795 -1 6752 6799 6759 -1 6810 6792 6791 -1 6792 6810 6815 -1 6815 6810 6778 -1 6815 6778 6755 -1 6816 6801 6800 -1 6801 6816 6817 -1 6818 6800 6798 -1 6800 6818 6816 -1 6819 6798 6797 -1 6798 6819 6818 -1 6820 6797 6796 -1 6797 6820 6819 -1 6821 6796 6794 -1 6796 6821 6820 -1 6793 6821 6794 -1 6821 6793 6814 -1 6754 6821 6814 -1 6821 6754 6753 -1 6757 6818 6819 -1 6818 6757 6758 -1 6760 6818 6758 -1 6818 6760 6816 -1 6761 6816 6760 -1 6816 6761 6817 -1 6792 6814 6793 -1 6814 6792 6815 -1 6753 6820 6821 -1 6820 6753 6756 -1 6756 6819 6820 -1 6819 6756 6757 -1 6804 6763 6803 -1 6763 6804 6764 -1 6803 6759 6799 -1 6759 6803 6763 -1 6805 6764 6804 -1 6764 6805 6765 -1 6767 6780 6768 -1 6780 6767 6781 -1 6801 6762 6802 -1 6762 6801 6817 -1 6762 6817 6761 -1 6795 3993 3994 -1 3993 6795 6752 -1 6802 6765 6805 -1 6765 6802 6762 -1 6771 6783 6784 -1 6783 6771 6770 -1 6751 6784 6750 -1 6784 6751 6771 -1 6768 6782 6766 -1 6782 6768 6780 -1 6766 6783 6770 -1 6783 6766 6782 -1 6822 6823 6824 -1 6823 6822 6825 -1 6826 6827 6828 -1 6827 6826 6829 -1 6830 6822 6831 -1 6822 6830 6825 -1 6825 6830 6832 -1 6829 6833 6827 -1 6833 6829 6834 -1 6835 6828 6836 -1 6828 6835 6826 -1 6837 6838 6839 -1 6838 6837 6840 -1 6835 6841 6832 -1 6841 6835 6838 -1 6841 6838 6840 -1 6832 6842 6825 -1 6842 6832 6841 -1 6825 6842 6823 -1 6823 6486 6824 -1 6486 6823 6842 -1 6486 6841 6479 -1 6841 6486 6842 -1 6843 6833 6844 -1 6833 6843 6827 -1 6843 6845 6846 -1 6845 6843 6847 -1 6845 6847 6848 -1 6845 6848 6849 -1 6846 6827 6843 -1 6827 6846 6828 -1 6841 6837 6479 -1 6837 6841 6840 -1 6846 6830 6831 -1 6830 6846 6845 -1 6830 6845 6849 -1 6830 6849 6832 -1 6826 6848 6829 -1 6848 6826 6849 -1 6835 6849 6826 -1 6849 6835 6832 -1 6844 6847 6843 -1 6847 6844 6850 -1 6847 6850 6848 -1 6831 6486 6836 -1 6486 6831 6822 -1 6486 6822 6824 -1 6836 6479 6839 -1 6479 6836 6486 -1 6839 6479 6837 -1 6850 6833 6834 -1 6833 6850 6844 -1 6831 6828 6846 -1 6828 6831 6836 -1 6838 6836 6839 -1 6836 6838 6835 -1 6829 6850 6834 -1 6850 6829 6848 -1 6851 6852 6853 -1 6852 6851 6854 -1 6855 6856 6857 -1 6856 6855 6858 -1 6859 6851 6860 -1 6851 6859 6854 -1 6854 6859 6861 -1 6858 6862 6856 -1 6862 6858 6863 -1 6864 6857 6865 -1 6857 6864 6855 -1 6866 6867 6868 -1 6867 6866 6869 -1 6864 6870 6861 -1 6870 6864 6867 -1 6870 6867 6869 -1 6861 6871 6854 -1 6871 6861 6870 -1 6854 6871 6852 -1 6852 6872 6853 -1 6872 6852 6871 -1 6872 6870 6873 -1 6870 6872 6871 -1 6874 6862 6875 -1 6862 6874 6856 -1 6874 6876 6877 -1 6876 6874 6878 -1 6876 6878 6879 -1 6876 6879 6880 -1 6877 6856 6874 -1 6856 6877 6857 -1 6870 6866 6873 -1 6866 6870 6869 -1 6877 6859 6860 -1 6859 6877 6876 -1 6859 6876 6880 -1 6859 6880 6861 -1 6855 6879 6858 -1 6879 6855 6880 -1 6864 6880 6855 -1 6880 6864 6861 -1 6875 6878 6874 -1 6878 6875 6881 -1 6878 6881 6879 -1 6860 6872 6865 -1 6872 6860 6851 -1 6872 6851 6853 -1 6865 6873 6868 -1 6873 6865 6872 -1 6868 6873 6866 -1 6881 6862 6863 -1 6862 6881 6875 -1 6860 6857 6877 -1 6857 6860 6865 -1 6867 6865 6868 -1 6865 6867 6864 -1 6858 6881 6863 -1 6881 6858 6879 -1 6882 6883 6884 -1 6883 6882 6885 -1 6886 6887 6888 -1 6887 6886 6889 -1 6890 6882 6891 -1 6882 6890 6885 -1 6885 6890 6892 -1 6889 6893 6887 -1 6893 6889 6894 -1 6895 6888 6896 -1 6888 6895 6886 -1 6897 6898 6899 -1 6898 6897 6900 -1 6895 6901 6892 -1 6901 6895 6898 -1 6901 6898 6900 -1 6892 6902 6885 -1 6902 6892 6901 -1 6885 6902 6883 -1 6883 6903 6884 -1 6903 6883 6902 -1 6903 6901 6904 -1 6901 6903 6902 -1 6905 6893 6906 -1 6893 6905 6887 -1 6905 6907 6908 -1 6907 6905 6909 -1 6907 6909 6910 -1 6907 6910 6911 -1 6908 6887 6905 -1 6887 6908 6888 -1 6901 6897 6904 -1 6897 6901 6900 -1 6908 6890 6891 -1 6890 6908 6907 -1 6890 6907 6911 -1 6890 6911 6892 -1 6886 6910 6889 -1 6910 6886 6911 -1 6895 6911 6886 -1 6911 6895 6892 -1 6906 6909 6905 -1 6909 6906 6912 -1 6909 6912 6910 -1 6891 6903 6896 -1 6903 6891 6882 -1 6903 6882 6884 -1 6896 6904 6899 -1 6904 6896 6903 -1 6899 6904 6897 -1 6912 6893 6894 -1 6893 6912 6906 -1 6891 6888 6908 -1 6888 6891 6896 -1 6898 6896 6899 -1 6896 6898 6895 -1 6889 6912 6894 -1 6912 6889 6910 -1 6913 6914 6915 -1 6914 6913 6916 -1 6915 6917 6918 -1 6917 6915 6914 -1 6919 6920 6921 -1 6920 6919 6922 -1 6914 6923 6924 -1 6923 6914 6916 -1 6917 6924 6925 -1 6924 6917 6914 -1 6920 6926 6927 -1 6926 6920 6922 -1 6917 5843 6928 -1 5843 6917 6925 -1 6921 6929 6930 -1 6929 6921 6920 -1 6918 6928 5846 -1 6928 6918 6917 -1 6930 6919 6921 -1 6919 6930 6931 -1 6931 6930 6932 -1 6933 6916 6913 -1 6916 6933 6934 -1 6935 6936 6937 -1 6936 6935 6938 -1 6938 6939 6936 -1 6939 6938 6940 -1 6941 6938 6935 -1 6938 6941 6942 -1 5736 6943 6944 -1 6943 5736 6945 -1 6944 6946 5734 -1 6946 6944 6943 -1 6920 6947 6929 -1 6947 6920 6927 -1 6916 6948 6923 -1 6948 6916 6934 -1 6927 6948 6934 -1 6948 6927 6926 -1 6933 6927 6934 -1 6927 6933 6947 -1 6932 6933 6949 -1 6933 6932 6947 -1 6947 6932 6929 -1 6929 6932 6930 -1 6950 6951 6952 -1 6951 6950 6953 -1 6953 6950 6954 -1 6953 6954 6955 -1 6955 6954 6956 -1 6955 6956 4448 -1 4448 6956 6915 -1 4448 6915 6918 -1 4448 6918 5871 -1 6915 6956 6913 -1 6913 6956 6949 -1 6913 6949 6933 -1 5871 6918 5846 -1 6955 4447 6957 -1 4447 6955 4448 -1 6957 4447 6958 -1 6958 4447 6946 -1 6946 4447 5870 -1 6957 6958 6959 -1 6957 6959 6960 -1 6946 5870 5734 -1 6960 6961 6962 -1 6961 6960 6959 -1 6962 6961 6941 -1 6962 6941 6935 -1 6962 6935 6937 -1 6943 6963 6964 -1 6963 6943 6945 -1 6965 6932 6949 -1 6932 6965 6931 -1 5871 5843 5872 -1 5843 5871 5846 -1 5843 5846 6928 -1 6966 6951 6967 -1 6951 6966 6952 -1 6968 6960 6962 -1 6960 6968 6969 -1 6960 6970 6957 -1 6970 6960 6969 -1 6968 6971 6969 -1 6971 6968 6972 -1 6972 6968 6940 -1 6940 6968 6939 -1 6973 6966 6967 -1 6966 6973 6974 -1 6974 6973 6975 -1 6975 6973 6976 -1 6975 6976 6970 -1 6975 6970 4446 -1 4446 6970 6963 -1 4446 6963 6945 -1 4446 6945 5869 -1 6963 6970 6977 -1 6977 6970 6969 -1 6977 6969 6971 -1 5869 6945 5736 -1 6975 4449 6978 -1 4449 6975 4446 -1 6978 4449 6924 -1 6924 4449 6925 -1 6925 4449 5872 -1 6978 6924 6923 -1 6978 6923 6965 -1 6925 5872 5843 -1 6965 6948 6931 -1 6948 6965 6923 -1 6931 6948 6926 -1 6931 6926 6922 -1 6931 6922 6919 -1 6967 6953 6973 -1 6953 6967 6951 -1 6973 6955 6976 -1 6955 6973 6953 -1 6962 6939 6968 -1 6939 6962 6937 -1 6939 6937 6936 -1 6975 6950 6974 -1 6950 6975 6954 -1 6976 6957 6970 -1 6957 6976 6955 -1 5872 4448 5871 -1 4448 5872 4449 -1 4447 4449 4446 -1 4449 4447 4448 -1 5734 5736 6944 -1 5736 5734 5869 -1 5869 5734 5870 -1 6978 6954 6975 -1 6954 6978 6956 -1 6978 6949 6956 -1 6949 6978 6965 -1 6974 6952 6966 -1 6952 6974 6950 -1 4447 5869 5870 -1 5869 4447 4446 -1 6961 6942 6941 -1 6942 6961 6979 -1 6938 6972 6940 -1 6972 6938 6942 -1 6959 6979 6961 -1 6979 6959 6980 -1 6942 6971 6972 -1 6971 6942 6979 -1 6959 6964 6980 -1 6964 6959 6958 -1 6964 6977 6980 -1 6977 6964 6963 -1 6979 6977 6971 -1 6977 6979 6980 -1 6943 6958 6946 -1 6958 6943 6964 -1 6981 6982 6983 -1 6982 6981 6984 -1 6985 6986 6987 -1 6986 6985 6988 -1 6989 6981 6990 -1 6981 6989 6984 -1 6984 6989 6991 -1 6988 6992 6986 -1 6992 6988 6993 -1 6994 6987 6995 -1 6987 6994 6985 -1 6996 6997 6998 -1 6997 6996 6999 -1 6994 4908 6991 -1 4908 6994 6997 -1 4908 6997 6999 -1 6991 4911 6984 -1 4911 6991 4908 -1 6984 4911 6982 -1 6982 7000 6983 -1 7000 6982 4911 -1 7000 4908 7001 -1 4908 7000 4911 -1 7002 6992 7003 -1 6992 7002 6986 -1 7002 7004 7005 -1 7004 7002 7006 -1 7004 7006 7007 -1 7004 7007 7008 -1 7005 6986 7002 -1 6986 7005 6987 -1 4908 6996 7001 -1 6996 4908 6999 -1 7005 6989 6990 -1 6989 7005 7004 -1 6989 7004 7008 -1 6989 7008 6991 -1 6985 7007 6988 -1 7007 6985 7008 -1 6994 7008 6985 -1 7008 6994 6991 -1 7003 7006 7002 -1 7006 7003 7009 -1 7006 7009 7007 -1 6990 7000 6995 -1 7000 6990 6981 -1 7000 6981 6983 -1 6995 7001 6998 -1 7001 6995 7000 -1 6998 7001 6996 -1 7009 6992 6993 -1 6992 7009 7003 -1 6990 6987 7005 -1 6987 6990 6995 -1 6997 6995 6998 -1 6995 6997 6994 -1 6988 7009 6993 -1 7009 6988 7007 -1 5830 5861 5863 -1 5861 5830 5934 -1 5934 5830 7010 -1 7010 5830 7011 -1 7011 5830 5820 -1 7012 5868 5867 -1 5868 7012 5828 -1 5828 7012 7013 -1 5828 7013 7014 -1 5828 7014 5819 -1 5819 5830 5828 -1 5830 5819 5820 -1 7014 5820 5819 -1 5820 7014 7011 -1 7013 7011 7014 -1 7011 7013 7010 -1 7012 7010 7013 -1 7010 7012 5934 -1 5861 7015 5863 -1 7015 5861 7016 -1 7017 7012 5867 -1 7012 7017 7018 -1 7012 7018 7019 -1 7012 7019 5909 -1 7018 7017 7020 -1 7020 7017 7021 -1 7021 7017 7022 -1 7022 7017 7023 -1 7022 7023 7024 -1 7024 7023 7025 -1 7025 7023 7026 -1 7026 7023 7027 -1 7026 7027 7028 -1 7026 7028 7029 -1 5934 5909 5884 -1 5909 5934 7012 -1 7030 7031 7032 -1 7031 7030 7033 -1 7033 7030 7034 -1 7033 7034 7035 -1 7033 7035 7016 -1 7033 7016 7036 -1 7036 7016 7037 -1 7037 7016 7038 -1 7038 7016 5861 -1 7038 5861 7039 -1 7039 5861 7040 -1 7040 5861 7041 -1 7041 5861 5884 -1 5884 5861 5934 -1 5927 5830 5905 -1 5830 5927 5828 -1 5828 5927 5868 -1 5868 5927 7042 -1 5868 7042 7043 -1 5868 7043 7044 -1 7044 7043 7045 -1 7044 7045 7046 -1 7044 7046 7047 -1 7044 7047 7048 -1 7048 7047 7049 -1 7048 7049 7050 -1 7048 7050 7051 -1 7048 7051 7052 -1 7052 7051 7053 -1 7053 7051 7054 -1 7055 7056 7057 -1 7056 7055 7058 -1 7058 7055 7059 -1 7059 7055 7060 -1 7060 7055 7015 -1 7015 7055 7061 -1 7015 7061 7062 -1 7015 7062 7063 -1 7015 7063 5863 -1 5863 7063 7064 -1 5863 7064 7065 -1 5863 7065 7066 -1 5863 7066 5905 -1 5863 5905 5830 -1 7063 7067 7064 -1 7067 7063 7068 -1 7040 7069 7070 -1 7069 7040 7041 -1 5884 7069 7041 -1 7069 5884 7071 -1 7070 7066 7065 -1 7066 7070 7069 -1 7064 7070 7065 -1 7070 7064 7067 -1 7039 7070 7067 -1 7070 7039 7040 -1 7069 5905 7066 -1 5905 7069 7071 -1 7037 7068 7072 -1 7068 7037 7038 -1 7073 7033 7036 -1 7033 7073 7074 -1 7061 7072 7062 -1 7072 7061 7073 -1 7055 7073 7061 -1 7073 7055 7074 -1 7036 7072 7073 -1 7072 7036 7037 -1 7075 5909 7019 -1 5909 7075 7076 -1 7057 7074 7055 -1 7074 7057 7031 -1 7074 7031 7033 -1 7038 7067 7068 -1 7067 7038 7039 -1 7062 7068 7063 -1 7068 7062 7072 -1 7048 7017 7044 -1 7017 7048 7023 -1 7071 5927 5905 -1 5927 7071 7076 -1 7076 7071 5884 -1 7076 5884 5909 -1 7077 7050 7049 -1 7050 7077 7078 -1 7079 7049 7047 -1 7049 7079 7077 -1 7080 7047 7046 -1 7047 7080 7079 -1 7081 7046 7045 -1 7046 7081 7080 -1 7082 7045 7043 -1 7045 7082 7081 -1 7042 7082 7043 -1 7082 7042 7075 -1 7019 7082 7075 -1 7082 7019 7018 -1 7021 7079 7080 -1 7079 7021 7022 -1 7024 7079 7022 -1 7079 7024 7077 -1 7025 7077 7024 -1 7077 7025 7078 -1 5927 7075 7042 -1 7075 5927 7076 -1 7018 7081 7082 -1 7081 7018 7020 -1 7020 7080 7081 -1 7080 7020 7021 -1 7053 7027 7052 -1 7027 7053 7028 -1 7052 7023 7048 -1 7023 7052 7027 -1 7054 7028 7053 -1 7028 7054 7029 -1 7031 7056 7032 -1 7056 7031 7057 -1 7050 7026 7051 -1 7026 7050 7078 -1 7026 7078 7025 -1 7044 5867 5868 -1 5867 7044 7017 -1 7051 7029 7054 -1 7029 7051 7026 -1 7035 7059 7060 -1 7059 7035 7034 -1 7016 7060 7015 -1 7060 7016 7035 -1 7032 7058 7030 -1 7058 7032 7056 -1 7030 7059 7034 -1 7059 7030 7058 -1 7083 7084 7085 -1 7084 7083 7086 -1 7087 7088 7089 -1 7088 7087 7090 -1 7091 7083 7092 -1 7083 7091 7086 -1 7086 7091 7093 -1 7090 7094 7088 -1 7094 7090 7095 -1 7096 7089 7097 -1 7089 7096 7087 -1 7098 7099 7100 -1 7099 7098 7101 -1 7096 7102 7093 -1 7102 7096 7099 -1 7102 7099 7101 -1 7093 7103 7086 -1 7103 7093 7102 -1 7086 7103 7084 -1 7084 4909 7085 -1 4909 7084 7103 -1 4909 7102 4905 -1 7102 4909 7103 -1 7104 7094 7105 -1 7094 7104 7088 -1 7104 7106 7107 -1 7106 7104 7108 -1 7106 7108 7109 -1 7106 7109 7110 -1 7107 7088 7104 -1 7088 7107 7089 -1 7102 7098 4905 -1 7098 7102 7101 -1 7107 7091 7092 -1 7091 7107 7106 -1 7091 7106 7110 -1 7091 7110 7093 -1 7087 7109 7090 -1 7109 7087 7110 -1 7096 7110 7087 -1 7110 7096 7093 -1 7105 7108 7104 -1 7108 7105 7111 -1 7108 7111 7109 -1 7092 4909 7097 -1 4909 7092 7083 -1 4909 7083 7085 -1 7097 4905 7100 -1 4905 7097 4909 -1 7100 4905 7098 -1 7111 7094 7095 -1 7094 7111 7105 -1 7092 7089 7107 -1 7089 7092 7097 -1 7099 7097 7100 -1 7097 7099 7096 -1 7090 7111 7095 -1 7111 7090 7109 -1 7112 7113 7114 -1 7113 7112 7115 -1 7116 7117 7118 -1 7117 7116 7119 -1 7120 7112 7121 -1 7112 7120 7115 -1 7115 7120 7122 -1 7119 7123 7117 -1 7123 7119 7124 -1 7125 7118 7126 -1 7118 7125 7116 -1 7127 7128 7129 -1 7128 7127 7130 -1 7125 7131 7122 -1 7131 7125 7128 -1 7131 7128 7130 -1 7122 7132 7115 -1 7132 7122 7131 -1 7115 7132 7113 -1 7113 7133 7114 -1 7133 7113 7132 -1 7133 7131 7134 -1 7131 7133 7132 -1 7135 7123 7136 -1 7123 7135 7117 -1 7135 7137 7138 -1 7137 7135 7139 -1 7137 7139 7140 -1 7137 7140 7141 -1 7138 7117 7135 -1 7117 7138 7118 -1 7131 7127 7134 -1 7127 7131 7130 -1 7138 7120 7121 -1 7120 7138 7137 -1 7120 7137 7141 -1 7120 7141 7122 -1 7116 7140 7119 -1 7140 7116 7141 -1 7125 7141 7116 -1 7141 7125 7122 -1 7136 7139 7135 -1 7139 7136 7142 -1 7139 7142 7140 -1 7121 7133 7126 -1 7133 7121 7112 -1 7133 7112 7114 -1 7126 7134 7129 -1 7134 7126 7133 -1 7129 7134 7127 -1 7142 7123 7124 -1 7123 7142 7136 -1 7121 7118 7138 -1 7118 7121 7126 -1 7128 7126 7129 -1 7126 7128 7125 -1 7119 7142 7124 -1 7142 7119 7140 -1 7143 7144 7145 -1 7144 7143 7146 -1 7147 7148 7149 -1 7148 7147 7150 -1 7151 7143 7152 -1 7143 7151 7146 -1 7146 7151 7153 -1 7150 7154 7148 -1 7154 7150 7155 -1 7156 7149 7157 -1 7149 7156 7147 -1 7158 7159 7160 -1 7159 7158 7161 -1 7156 7162 7153 -1 7162 7156 7159 -1 7162 7159 7161 -1 7153 7163 7146 -1 7163 7153 7162 -1 7146 7163 7144 -1 7144 7164 7145 -1 7164 7144 7163 -1 7164 7162 7165 -1 7162 7164 7163 -1 7166 7154 7167 -1 7154 7166 7148 -1 7166 7168 7169 -1 7168 7166 7170 -1 7168 7170 7171 -1 7168 7171 7172 -1 7169 7148 7166 -1 7148 7169 7149 -1 7162 7158 7165 -1 7158 7162 7161 -1 7169 7151 7152 -1 7151 7169 7168 -1 7151 7168 7172 -1 7151 7172 7153 -1 7147 7171 7150 -1 7171 7147 7172 -1 7156 7172 7147 -1 7172 7156 7153 -1 7167 7170 7166 -1 7170 7167 7173 -1 7170 7173 7171 -1 7152 7164 7157 -1 7164 7152 7143 -1 7164 7143 7145 -1 7157 7165 7160 -1 7165 7157 7164 -1 7160 7165 7158 -1 7173 7154 7155 -1 7154 7173 7167 -1 7152 7149 7169 -1 7149 7152 7157 -1 7159 7157 7160 -1 7157 7159 7156 -1 7150 7173 7155 -1 7173 7150 7171 -1 7174 4244 4208 -1 4208 7175 7174 -1 4208 4244 4242 -1 4242 4210 4208 -1 7176 7175 4208 -1 4208 4210 7176 -1 4210 4212 7176 -1 4212 7177 7176 -1 7178 7177 4212 -1 7179 7180 7181 -1 7181 4256 7179 -1 7181 7182 4256 -1 7182 4212 4256 -1 7182 7178 4212 -1 7183 7184 4266 -1 4266 7185 7183 -1 4266 4228 7185 -1 4228 7186 7185 -1 7186 7187 7185 -1 7188 4266 7184 -1 7184 7189 7190 -1 7190 7188 7184 -1 7179 4256 4242 -1 4242 4244 7174 -1 7174 7191 4242 -1 7191 7179 4242 -1 4263 7192 7193 -1 7193 4230 4263 -1 7194 7180 7179 -1 7179 7191 7194 -1 7195 7196 7197 -1 7197 7198 7195 -1 7196 7199 7200 -1 7200 7197 7196 -1 7201 7202 7203 -1 7203 7204 7201 -1 7203 7200 7204 -1 7203 7197 7200 -1 7201 7205 7206 -1 7206 7207 7201 -1 7202 7201 7207 -1 7207 7208 7202 -1 7202 7209 7210 -1 7210 7203 7202 -1 7210 7197 7203 -1 7210 7198 7197 -1 7199 7207 7206 -1 7206 7211 7199 -1 7212 7213 7193 -1 7190 7189 7214 -1 7214 7192 7190 -1 7214 7195 7192 -1 7195 7193 7192 -1 7195 7212 7193 -1 7176 7177 7178 -1 7178 7215 7176 -1 7196 7208 7207 -1 7207 7199 7196 -1 7199 7211 7216 -1 7216 7200 7199 -1 7181 7183 7185 -1 7185 7182 7181 -1 7209 7202 7208 -1 7208 7214 7209 -1 7216 7211 7206 -1 7206 7205 7216 -1 7195 7214 7208 -1 7208 7196 7195 -1 7186 7213 7212 -1 7212 7187 7186 -1 7209 7214 7181 -1 7181 7194 7209 -1 7181 7180 7194 -1 7214 7189 7183 -1 7183 7181 7214 -1 7189 7184 7183 -1 7209 7194 7174 -1 7174 7210 7209 -1 7174 7175 7210 -1 7175 7176 7210 -1 7176 7215 7210 -1 7215 7198 7210 -1 7191 7174 7194 -1 7195 7198 7185 -1 7185 7212 7195 -1 7185 7187 7212 -1 7198 7215 7182 -1 7182 7185 7198 -1 7215 7178 7182 -1 7205 7201 7204 -1 7204 7216 7205 -1 7204 7200 7216 -1 7190 7192 4263 -1 4263 4265 7190 -1 4265 4266 7190 -1 4266 7188 7190 -1 4227 4265 4263 -1 4263 4230 4227 -1 7186 4228 4227 -1 4227 4230 7193 -1 7193 7213 4227 -1 7213 7186 4227 -1 7217 7218 7219 -1 7219 7220 7217 -1 7221 7222 7223 -1 7223 7224 7221 -1 7219 7218 7221 -1 7221 7224 7219 -1 7225 7220 7219 -1 7219 7224 7225 -1 7224 7223 7225 -1 7223 7226 7225 -1 7227 7226 7223 -1 7228 7229 7230 -1 7230 7222 7228 -1 7230 7231 7222 -1 7231 7223 7222 -1 7231 7227 7223 -1 7232 7233 7234 -1 7234 7235 7232 -1 7234 7236 7235 -1 7236 7237 7235 -1 7237 7238 7235 -1 7239 7234 7233 -1 7233 7240 7241 -1 7241 7239 7233 -1 7228 7222 7221 -1 7221 7218 7217 -1 7217 7242 7221 -1 7242 7228 7221 -1 7243 7244 7245 -1 7245 7246 7243 -1 7247 7229 7228 -1 7228 7242 7247 -1 7248 7249 7250 -1 7250 7251 7248 -1 7249 7252 7253 -1 7253 7250 7249 -1 7254 7255 7256 -1 7256 7257 7254 -1 7256 7253 7257 -1 7256 7250 7253 -1 7254 7258 7259 -1 7259 7260 7254 -1 7255 7254 7260 -1 7260 7261 7255 -1 7255 7262 7263 -1 7263 7256 7255 -1 7263 7250 7256 -1 7263 7251 7250 -1 7252 7260 7259 -1 7259 7264 7252 -1 7265 7266 7245 -1 7241 7240 7267 -1 7267 7244 7241 -1 7267 7248 7244 -1 7248 7245 7244 -1 7248 7265 7245 -1 7225 7226 7227 -1 7227 7268 7225 -1 7249 7261 7260 -1 7260 7252 7249 -1 7252 7264 7269 -1 7269 7253 7252 -1 7230 7232 7235 -1 7235 7231 7230 -1 7262 7255 7261 -1 7261 7267 7262 -1 7269 7264 7259 -1 7259 7258 7269 -1 7248 7267 7261 -1 7261 7249 7248 -1 7237 7266 7265 -1 7265 7238 7237 -1 7262 7267 7230 -1 7230 7247 7262 -1 7230 7229 7247 -1 7267 7240 7232 -1 7232 7230 7267 -1 7240 7233 7232 -1 7262 7247 7217 -1 7217 7263 7262 -1 7217 7220 7263 -1 7220 7225 7263 -1 7225 7268 7263 -1 7268 7251 7263 -1 7242 7217 7247 -1 7248 7251 7235 -1 7235 7265 7248 -1 7235 7238 7265 -1 7251 7268 7231 -1 7231 7235 7251 -1 7268 7227 7231 -1 7258 7254 7257 -1 7257 7269 7258 -1 7257 7253 7269 -1 7241 7244 7243 -1 7243 7270 7241 -1 7270 7234 7241 -1 7234 7239 7241 -1 7271 7270 7243 -1 7243 7246 7271 -1 7237 7236 7271 -1 7271 7246 7245 -1 7245 7266 7271 -1 7266 7237 7271 -1 7234 7270 7271 -1 7271 7236 7234 -1 7272 4521 4452 -1 4452 7273 7272 -1 7274 7273 4452 -1 4452 4451 7274 -1 4451 4455 7274 -1 4455 7275 7274 -1 7276 7275 4455 -1 7277 7278 7279 -1 7279 4520 7277 -1 7279 7280 4520 -1 7280 4455 4520 -1 7280 7276 4455 -1 7281 7282 4513 -1 4513 7283 7281 -1 4513 4463 7283 -1 4463 7284 7283 -1 7284 7285 7283 -1 7286 4513 7282 -1 7282 7287 7288 -1 7288 7286 7282 -1 7277 4520 4519 -1 4519 4521 7272 -1 7272 7289 4519 -1 7289 7277 4519 -1 7290 7278 7277 -1 7277 7289 7290 -1 7291 7292 7293 -1 7293 7294 7291 -1 7292 7295 7296 -1 7296 7293 7292 -1 7297 7298 7299 -1 7299 7300 7297 -1 7299 7296 7300 -1 7299 7293 7296 -1 7297 7301 7302 -1 7302 7303 7297 -1 7298 7297 7303 -1 7303 7304 7298 -1 7298 7305 7306 -1 7306 7299 7298 -1 7306 7293 7299 -1 7306 7294 7293 -1 7295 7303 7302 -1 7302 7307 7295 -1 7308 7309 4457 -1 7288 7287 7310 -1 7310 4516 7288 -1 7310 7291 4516 -1 7291 4457 4516 -1 7291 7308 4457 -1 7274 7275 7276 -1 7276 7311 7274 -1 7292 7304 7303 -1 7303 7295 7292 -1 7295 7307 7312 -1 7312 7296 7295 -1 7279 7281 7283 -1 7283 7280 7279 -1 7305 7298 7304 -1 7304 7310 7305 -1 7312 7307 7302 -1 7302 7301 7312 -1 7291 7310 7304 -1 7304 7292 7291 -1 7284 7309 7308 -1 7308 7285 7284 -1 7305 7310 7279 -1 7279 7290 7305 -1 7279 7278 7290 -1 7310 7287 7281 -1 7281 7279 7310 -1 7287 7282 7281 -1 7305 7290 7272 -1 7272 7306 7305 -1 7272 7273 7306 -1 7273 7274 7306 -1 7274 7311 7306 -1 7311 7294 7306 -1 7289 7272 7290 -1 7291 7294 7283 -1 7283 7308 7291 -1 7283 7285 7308 -1 7294 7311 7280 -1 7280 7283 7294 -1 7311 7276 7280 -1 7301 7297 7300 -1 7300 7312 7301 -1 7300 7296 7312 -1 7288 4516 4515 -1 4515 4512 7288 -1 4512 4513 7288 -1 4513 7286 7288 -1 4456 4512 4515 -1 4515 4458 4456 -1 7284 4463 4456 -1 4457 7309 4456 -1 7309 7284 4456 -1 7313 4531 4481 -1 4481 7314 7313 -1 4481 4531 4529 -1 4529 4483 4481 -1 7315 7314 4481 -1 4481 4483 7315 -1 4483 4485 7315 -1 4485 7316 7315 -1 7317 7316 4485 -1 7318 7319 7320 -1 7320 4546 7318 -1 7320 7321 4546 -1 7321 4485 4546 -1 7321 7317 4485 -1 7322 7323 4558 -1 4558 7324 7322 -1 4558 4468 7324 -1 4468 7325 7324 -1 7325 7326 7324 -1 7327 4558 7323 -1 7323 7328 7329 -1 7329 7327 7323 -1 7318 4546 4529 -1 4529 4531 7313 -1 7313 7330 4529 -1 7330 7318 4529 -1 4555 7331 7332 -1 7332 4475 4555 -1 7333 7319 7318 -1 7318 7330 7333 -1 7334 7335 7336 -1 7336 7337 7334 -1 7335 7338 7339 -1 7339 7336 7335 -1 7340 7341 7342 -1 7342 7343 7340 -1 7342 7339 7343 -1 7342 7336 7339 -1 7340 7344 7345 -1 7345 7346 7340 -1 7341 7340 7346 -1 7346 7347 7341 -1 7341 7348 7349 -1 7349 7342 7341 -1 7349 7336 7342 -1 7349 7337 7336 -1 7338 7346 7345 -1 7345 7350 7338 -1 7351 7352 7332 -1 7329 7328 7353 -1 7353 7331 7329 -1 7353 7334 7331 -1 7334 7332 7331 -1 7334 7351 7332 -1 7315 7316 7317 -1 7317 7354 7315 -1 7335 7347 7346 -1 7346 7338 7335 -1 7338 7350 7355 -1 7355 7339 7338 -1 7320 7322 7324 -1 7324 7321 7320 -1 7348 7341 7347 -1 7347 7353 7348 -1 7355 7350 7345 -1 7345 7344 7355 -1 7334 7353 7347 -1 7347 7335 7334 -1 7325 7352 7351 -1 7351 7326 7325 -1 7348 7353 7320 -1 7320 7333 7348 -1 7320 7319 7333 -1 7353 7328 7322 -1 7322 7320 7353 -1 7328 7323 7322 -1 7348 7333 7313 -1 7313 7349 7348 -1 7313 7314 7349 -1 7314 7315 7349 -1 7315 7354 7349 -1 7354 7337 7349 -1 7330 7313 7333 -1 7334 7337 7324 -1 7324 7351 7334 -1 7324 7326 7351 -1 7337 7354 7321 -1 7321 7324 7337 -1 7354 7317 7321 -1 7344 7340 7343 -1 7343 7355 7344 -1 7343 7339 7355 -1 7329 7331 4555 -1 4555 4557 7329 -1 4557 4558 7329 -1 4558 7327 7329 -1 4467 4557 4555 -1 4555 4475 4467 -1 7325 4468 4467 -1 4467 4475 7332 -1 7332 7352 4467 -1 7352 7325 4467 -1 7356 5790 5794 -1 5790 7356 7357 -1 5790 7357 5733 -1 5784 7358 7359 -1 7358 5784 5788 -1 5732 7357 7360 -1 7357 5732 5733 -1 7361 7362 7363 -1 7362 7361 7364 -1 7364 7361 7359 -1 7359 7361 5784 -1 5784 7361 5722 -1 7365 5722 7366 -1 5722 7365 5787 -1 5787 7365 5785 -1 5722 5787 5784 -1 5788 5733 5732 -1 5733 5788 5789 -1 5733 5789 5795 -1 5733 5795 5794 -1 5733 5794 5790 -1 5794 7367 7356 -1 7367 5794 5795 -1 6112 7243 7368 -1 7243 6112 7270 -1 7270 6112 7234 -1 7234 6112 7369 -1 7369 6112 7370 -1 7362 7371 7363 -1 7371 7362 7372 -1 7372 7362 5785 -1 7372 5785 6107 -1 6107 5785 7365 -1 6107 7365 6112 -1 6112 7365 7370 -1 7370 7365 7373 -1 7373 7365 7374 -1 7374 7365 7375 -1 7375 7365 7376 -1 7377 7271 7236 -1 7271 7378 7246 -1 7378 7271 6146 -1 6146 7271 7379 -1 7379 7271 7377 -1 6146 7379 7380 -1 6146 7380 6123 -1 6123 7361 7381 -1 7361 6123 5722 -1 5722 6123 7366 -1 7366 6123 7380 -1 7366 7380 7382 -1 7366 7382 7383 -1 7366 7383 7384 -1 7357 7367 7360 -1 7367 7357 7356 -1 5732 7358 5788 -1 5789 7367 5795 -1 7367 5789 7385 -1 7367 7385 7360 -1 7360 7385 7358 -1 7360 7358 5732 -1 7362 5787 5785 -1 5787 7362 7364 -1 5789 7364 7385 -1 7364 5789 5787 -1 7358 7364 7359 -1 7364 7358 7385 -1 7361 7371 7381 -1 7371 7361 7363 -1 6123 6156 6152 -1 6155 7371 7372 -1 7371 6155 7381 -1 7381 6155 6156 -1 7381 6156 6123 -1 6123 6144 6146 -1 6144 6123 6152 -1 6171 7372 6107 -1 7372 6171 6155 -1 7368 6137 6112 -1 6137 7368 7378 -1 6137 7378 6139 -1 6139 7378 6144 -1 6144 7378 6146 -1 6138 6112 6137 -1 6171 6112 6138 -1 6112 6171 6107 -1 6156 6137 6139 -1 6137 6156 6155 -1 7246 7368 7243 -1 7368 7246 7378 -1 7365 7384 7376 -1 7384 7365 7366 -1 7383 7374 7375 -1 7374 7383 7382 -1 7384 7375 7376 -1 7375 7384 7383 -1 7386 7387 7388 -1 7387 7386 7389 -1 7236 7270 7234 -1 7270 7236 7271 -1 7390 7391 7392 -1 7391 7390 7393 -1 7394 7391 7393 -1 7391 7394 7395 -1 7390 7396 7393 -1 7396 7390 7397 -1 7377 7398 7399 -1 7386 7234 7369 -1 7234 7386 7388 -1 7234 7388 7236 -1 7236 7388 7398 -1 7236 7398 7377 -1 7396 7219 7400 -1 7219 7396 7224 -1 7224 7396 7397 -1 7224 7401 7223 -1 7401 7224 7397 -1 7380 7370 7373 -1 7370 7380 7379 -1 7396 7394 7393 -1 7394 7396 7400 -1 7402 7398 7403 -1 7398 7402 7399 -1 7386 7402 7389 -1 7402 7386 7399 -1 7399 7386 7369 -1 7399 7369 7370 -1 7399 7370 7377 -1 7377 7370 7379 -1 7404 7397 7392 -1 7397 7404 7401 -1 7401 7404 7389 -1 7401 7389 7402 -1 7397 7390 7392 -1 7400 7395 7394 -1 7395 7400 7219 -1 7395 7219 7218 -1 7398 7387 7403 -1 7387 7398 7388 -1 7382 7373 7374 -1 7373 7382 7380 -1 7222 7387 7404 -1 7387 7222 7223 -1 7387 7223 7403 -1 7403 7223 7402 -1 7402 7223 7401 -1 7389 7404 7387 -1 7404 7221 7222 -1 7218 7391 7395 -1 7391 7218 7221 -1 7391 7221 7392 -1 7392 7221 7404 -1 7405 7365 5786 -1 7406 5720 7366 -1 7365 7406 7366 -1 7406 7365 7405 -1 5720 7405 5786 -1 7405 5720 7406 -1 5720 7365 7366 -1 7365 5720 5786 -1 7407 7408 7409 -1 7408 7407 7410 -1 7411 7412 7413 -1 7412 7411 7414 -1 7415 7407 7416 -1 7407 7415 7410 -1 7410 7415 7417 -1 7414 7418 7412 -1 7418 7414 7419 -1 7420 7413 7421 -1 7413 7420 7411 -1 7422 7423 7424 -1 7423 7422 7425 -1 7420 7426 7417 -1 7426 7420 7423 -1 7426 7423 7425 -1 7417 7427 7410 -1 7427 7417 7426 -1 7410 7427 7408 -1 7408 7428 7409 -1 7428 7408 7427 -1 7428 7426 7429 -1 7426 7428 7427 -1 7430 7418 7431 -1 7418 7430 7412 -1 7430 7432 7433 -1 7432 7430 7434 -1 7432 7434 7435 -1 7432 7435 7436 -1 7433 7412 7430 -1 7412 7433 7413 -1 7426 7422 7429 -1 7422 7426 7425 -1 7433 7415 7416 -1 7415 7433 7432 -1 7415 7432 7436 -1 7415 7436 7417 -1 7411 7435 7414 -1 7435 7411 7436 -1 7420 7436 7411 -1 7436 7420 7417 -1 7431 7434 7430 -1 7434 7431 7437 -1 7434 7437 7435 -1 7416 7428 7421 -1 7428 7416 7407 -1 7428 7407 7409 -1 7421 7429 7424 -1 7429 7421 7428 -1 7424 7429 7422 -1 7437 7418 7419 -1 7418 7437 7431 -1 7416 7413 7433 -1 7413 7416 7421 -1 7423 7421 7424 -1 7421 7423 7420 -1 7414 7437 7419 -1 7437 7414 7435 -1 7438 7439 7440 -1 7439 7438 7441 -1 7441 7442 7439 -1 7442 7441 7443 -1 7443 7444 7442 -1 7444 7443 7445 -1 7445 7446 7444 -1 7446 7445 7447 -1 7448 7449 7450 -1 7449 7448 7451 -1 7451 7448 7452 -1 7451 7452 7438 -1 7438 7452 7453 -1 7438 7453 7441 -1 7441 7453 7454 -1 7441 7454 7443 -1 7443 7454 7455 -1 7443 7455 7445 -1 7445 7455 7456 -1 7445 7456 7457 -1 7445 7457 7447 -1 7447 7457 7458 -1 7458 7457 7459 -1 7458 7459 7460 -1 7460 7459 7461 -1 7460 7461 7462 -1 7460 7462 7463 -1 7463 7462 7464 -1 7463 7464 7465 -1 7465 7464 7466 -1 7448 7467 7452 -1 7467 7448 7468 -1 7450 7468 7448 -1 7468 7450 7469 -1 7449 7469 7450 -1 7469 7449 7470 -1 7451 7470 7449 -1 7470 7451 7471 -1 7438 7471 7451 -1 7471 7438 7440 -1 7457 7472 7473 -1 7472 7457 7456 -1 7456 7474 7472 -1 7474 7456 7455 -1 7455 7475 7474 -1 7475 7455 7454 -1 7454 7476 7475 -1 7476 7454 7453 -1 7452 7476 7453 -1 7476 7452 7467 -1 7477 7464 7478 -1 7464 7477 7466 -1 7478 7462 7479 -1 7462 7478 7464 -1 7479 7461 7480 -1 7461 7479 7462 -1 7461 7481 7480 -1 7481 7461 7459 -1 7459 7473 7481 -1 7473 7459 7457 -1 7447 7482 7446 -1 7482 7447 7458 -1 7458 7483 7482 -1 7483 7458 7460 -1 7484 7466 7477 -1 7466 7484 7465 -1 7485 7465 7484 -1 7465 7485 7463 -1 7470 7468 7469 -1 7468 7470 7471 -1 7468 7471 7467 -1 7467 7471 7440 -1 7467 7440 7476 -1 7476 7440 7439 -1 7476 7439 7475 -1 7475 7439 7442 -1 7475 7442 7474 -1 7474 7442 7444 -1 7474 7444 7472 -1 7472 7444 7446 -1 7472 7446 7473 -1 7473 7446 7482 -1 7473 7482 7481 -1 7481 7482 7483 -1 7481 7483 7480 -1 7480 7483 7485 -1 7480 7485 7479 -1 7479 7485 7484 -1 7479 7484 7478 -1 7478 7484 7477 -1 7483 7463 7485 -1 7463 7483 7460 -1 7486 7487 7488 -1 7487 7486 7489 -1 7489 7490 7487 -1 7490 7489 7491 -1 7491 7492 7490 -1 7492 7491 7493 -1 7493 7494 7492 -1 7494 7493 7495 -1 7496 7497 7498 -1 7497 7496 7499 -1 7499 7496 7500 -1 7499 7500 7486 -1 7486 7500 7501 -1 7486 7501 7489 -1 7489 7501 7502 -1 7489 7502 7491 -1 7491 7502 7503 -1 7491 7503 7493 -1 7493 7503 7504 -1 7493 7504 7505 -1 7493 7505 7495 -1 7495 7505 7506 -1 7506 7505 7507 -1 7506 7507 7508 -1 7508 7507 7509 -1 7508 7509 7510 -1 7508 7510 7511 -1 7511 7510 7512 -1 7511 7512 7513 -1 7513 7512 7514 -1 7496 7515 7500 -1 7515 7496 7516 -1 7498 7516 7496 -1 7516 7498 7517 -1 7497 7517 7498 -1 7517 7497 7518 -1 7499 7518 7497 -1 7518 7499 7519 -1 7486 7519 7499 -1 7519 7486 7488 -1 7505 7520 7521 -1 7520 7505 7504 -1 7504 7522 7520 -1 7522 7504 7503 -1 7503 7523 7522 -1 7523 7503 7502 -1 7502 7524 7523 -1 7524 7502 7501 -1 7500 7524 7501 -1 7524 7500 7515 -1 7525 7512 7526 -1 7512 7525 7514 -1 7526 7510 7527 -1 7510 7526 7512 -1 7527 7509 7528 -1 7509 7527 7510 -1 7509 7529 7528 -1 7529 7509 7507 -1 7507 7521 7529 -1 7521 7507 7505 -1 7495 7530 7494 -1 7530 7495 7506 -1 7506 7531 7530 -1 7531 7506 7508 -1 7532 7514 7525 -1 7514 7532 7513 -1 7533 7513 7532 -1 7513 7533 7511 -1 7518 7516 7517 -1 7516 7518 7519 -1 7516 7519 7515 -1 7515 7519 7488 -1 7515 7488 7524 -1 7524 7488 7487 -1 7524 7487 7523 -1 7523 7487 7490 -1 7523 7490 7522 -1 7522 7490 7492 -1 7522 7492 7520 -1 7520 7492 7494 -1 7520 7494 7521 -1 7521 7494 7530 -1 7521 7530 7529 -1 7529 7530 7531 -1 7529 7531 7528 -1 7528 7531 7533 -1 7528 7533 7527 -1 7527 7533 7532 -1 7527 7532 7526 -1 7526 7532 7525 -1 7531 7511 7533 -1 7511 7531 7508 -1 7534 7535 7536 -1 7535 7534 7537 -1 7537 7538 7535 -1 7538 7537 7539 -1 7539 7540 7538 -1 7540 7539 7541 -1 7541 7542 7540 -1 7542 7541 7543 -1 7544 7545 7546 -1 7545 7544 7547 -1 7547 7544 7548 -1 7547 7548 7534 -1 7534 7548 7549 -1 7534 7549 7537 -1 7537 7549 7550 -1 7537 7550 7539 -1 7539 7550 7551 -1 7539 7551 7541 -1 7541 7551 7552 -1 7541 7552 7553 -1 7541 7553 7543 -1 7543 7553 7554 -1 7554 7553 7555 -1 7554 7555 7556 -1 7556 7555 7557 -1 7556 7557 7558 -1 7556 7558 7559 -1 7559 7558 7560 -1 7559 7560 7561 -1 7561 7560 7562 -1 7544 7563 7548 -1 7563 7544 7564 -1 7546 7564 7544 -1 7564 7546 7565 -1 7545 7565 7546 -1 7565 7545 7566 -1 7547 7566 7545 -1 7566 7547 7567 -1 7534 7567 7547 -1 7567 7534 7536 -1 7553 7568 7569 -1 7568 7553 7552 -1 7552 7570 7568 -1 7570 7552 7551 -1 7551 7571 7570 -1 7571 7551 7550 -1 7550 7572 7571 -1 7572 7550 7549 -1 7548 7572 7549 -1 7572 7548 7563 -1 7573 7560 7574 -1 7560 7573 7562 -1 7574 7558 7575 -1 7558 7574 7560 -1 7575 7557 7576 -1 7557 7575 7558 -1 7557 7577 7576 -1 7577 7557 7555 -1 7555 7569 7577 -1 7569 7555 7553 -1 7543 7578 7542 -1 7578 7543 7554 -1 7554 7579 7578 -1 7579 7554 7556 -1 7580 7562 7573 -1 7562 7580 7561 -1 7581 7561 7580 -1 7561 7581 7559 -1 7566 7564 7565 -1 7564 7566 7567 -1 7564 7567 7563 -1 7563 7567 7536 -1 7563 7536 7572 -1 7572 7536 7535 -1 7572 7535 7571 -1 7571 7535 7538 -1 7571 7538 7570 -1 7570 7538 7540 -1 7570 7540 7568 -1 7568 7540 7542 -1 7568 7542 7569 -1 7569 7542 7578 -1 7569 7578 7577 -1 7577 7578 7579 -1 7577 7579 7576 -1 7576 7579 7581 -1 7576 7581 7575 -1 7575 7581 7580 -1 7575 7580 7574 -1 7574 7580 7573 -1 7579 7559 7581 -1 7559 7579 7556 -1 7582 7583 7584 -1 7583 7582 7585 -1 7585 7586 7583 -1 7586 7585 7587 -1 7587 7588 7586 -1 7588 7587 7589 -1 7589 7590 7588 -1 7590 7589 7591 -1 7592 7593 7594 -1 7593 7592 7595 -1 7595 7592 7596 -1 7595 7596 7582 -1 7582 7596 7597 -1 7582 7597 7585 -1 7585 7597 7598 -1 7585 7598 7587 -1 7587 7598 7599 -1 7587 7599 7589 -1 7589 7599 7600 -1 7589 7600 7601 -1 7589 7601 7591 -1 7591 7601 7602 -1 7602 7601 7603 -1 7602 7603 7604 -1 7604 7603 7605 -1 7604 7605 7606 -1 7604 7606 7607 -1 7607 7606 7608 -1 7607 7608 7609 -1 7609 7608 7610 -1 7592 7611 7596 -1 7611 7592 7612 -1 7594 7612 7592 -1 7612 7594 7613 -1 7593 7613 7594 -1 7613 7593 7614 -1 7595 7614 7593 -1 7614 7595 7615 -1 7582 7615 7595 -1 7615 7582 7584 -1 7601 7616 7617 -1 7616 7601 7600 -1 7600 7618 7616 -1 7618 7600 7599 -1 7599 7619 7618 -1 7619 7599 7598 -1 7598 7620 7619 -1 7620 7598 7597 -1 7596 7620 7597 -1 7620 7596 7611 -1 7621 7608 7622 -1 7608 7621 7610 -1 7622 7606 7623 -1 7606 7622 7608 -1 7623 7605 7624 -1 7605 7623 7606 -1 7605 7625 7624 -1 7625 7605 7603 -1 7603 7617 7625 -1 7617 7603 7601 -1 7591 7626 7590 -1 7626 7591 7602 -1 7602 7627 7626 -1 7627 7602 7604 -1 7628 7610 7621 -1 7610 7628 7609 -1 7629 7609 7628 -1 7609 7629 7607 -1 7614 7612 7613 -1 7612 7614 7615 -1 7612 7615 7611 -1 7611 7615 7584 -1 7611 7584 7620 -1 7620 7584 7583 -1 7620 7583 7619 -1 7619 7583 7586 -1 7619 7586 7618 -1 7618 7586 7588 -1 7618 7588 7616 -1 7616 7588 7590 -1 7616 7590 7617 -1 7617 7590 7626 -1 7617 7626 7625 -1 7625 7626 7627 -1 7625 7627 7624 -1 7624 7627 7629 -1 7624 7629 7623 -1 7623 7629 7628 -1 7623 7628 7622 -1 7622 7628 7621 -1 7627 7607 7629 -1 7607 7627 7604 -1 7630 7631 7632 -1 7631 7630 7633 -1 7633 7634 7631 -1 7634 7633 7635 -1 7635 7636 7634 -1 7636 7635 7637 -1 7637 7638 7636 -1 7638 7637 7639 -1 7640 7641 7642 -1 7641 7640 7643 -1 7643 7640 7644 -1 7643 7644 7630 -1 7630 7644 7645 -1 7630 7645 7633 -1 7633 7645 7646 -1 7633 7646 7635 -1 7635 7646 7647 -1 7635 7647 7637 -1 7637 7647 7648 -1 7637 7648 7649 -1 7637 7649 7639 -1 7639 7649 7650 -1 7650 7649 7651 -1 7650 7651 7652 -1 7652 7651 7653 -1 7652 7653 7654 -1 7652 7654 7655 -1 7655 7654 7656 -1 7655 7656 7657 -1 7657 7656 7658 -1 7640 7659 7644 -1 7659 7640 7660 -1 7642 7660 7640 -1 7660 7642 7661 -1 7641 7661 7642 -1 7661 7641 7662 -1 7643 7662 7641 -1 7662 7643 7663 -1 7630 7663 7643 -1 7663 7630 7632 -1 7649 7664 7665 -1 7664 7649 7648 -1 7648 7666 7664 -1 7666 7648 7647 -1 7647 7667 7666 -1 7667 7647 7646 -1 7646 7668 7667 -1 7668 7646 7645 -1 7644 7668 7645 -1 7668 7644 7659 -1 7669 7656 7670 -1 7656 7669 7658 -1 7670 7654 7671 -1 7654 7670 7656 -1 7671 7653 7672 -1 7653 7671 7654 -1 7653 7673 7672 -1 7673 7653 7651 -1 7651 7665 7673 -1 7665 7651 7649 -1 7639 7674 7638 -1 7674 7639 7650 -1 7650 7675 7674 -1 7675 7650 7652 -1 7676 7658 7669 -1 7658 7676 7657 -1 7677 7657 7676 -1 7657 7677 7655 -1 7662 7660 7661 -1 7660 7662 7663 -1 7660 7663 7659 -1 7659 7663 7632 -1 7659 7632 7668 -1 7668 7632 7631 -1 7668 7631 7667 -1 7667 7631 7634 -1 7667 7634 7666 -1 7666 7634 7636 -1 7666 7636 7664 -1 7664 7636 7638 -1 7664 7638 7665 -1 7665 7638 7674 -1 7665 7674 7673 -1 7673 7674 7675 -1 7673 7675 7672 -1 7672 7675 7677 -1 7672 7677 7671 -1 7671 7677 7676 -1 7671 7676 7670 -1 7670 7676 7669 -1 7675 7655 7677 -1 7655 7675 7652 -1 7678 7679 7680 -1 7679 7678 7681 -1 7681 7682 7679 -1 7682 7681 7683 -1 7683 7684 7682 -1 7684 7683 7685 -1 7685 7686 7684 -1 7686 7685 7687 -1 7688 7689 7690 -1 7689 7688 7691 -1 7691 7688 7692 -1 7691 7692 7678 -1 7678 7692 7693 -1 7678 7693 7681 -1 7681 7693 7694 -1 7681 7694 7683 -1 7683 7694 7695 -1 7683 7695 7685 -1 7685 7695 7696 -1 7685 7696 7697 -1 7685 7697 7687 -1 7687 7697 7698 -1 7698 7697 7699 -1 7698 7699 7700 -1 7700 7699 7701 -1 7700 7701 7702 -1 7700 7702 7703 -1 7703 7702 7704 -1 7703 7704 7705 -1 7705 7704 7706 -1 7688 7707 7692 -1 7707 7688 7708 -1 7690 7708 7688 -1 7708 7690 7709 -1 7689 7709 7690 -1 7709 7689 7710 -1 7691 7710 7689 -1 7710 7691 7711 -1 7678 7711 7691 -1 7711 7678 7680 -1 7697 7712 7713 -1 7712 7697 7696 -1 7696 7714 7712 -1 7714 7696 7695 -1 7695 7715 7714 -1 7715 7695 7694 -1 7694 7716 7715 -1 7716 7694 7693 -1 7692 7716 7693 -1 7716 7692 7707 -1 7717 7704 7718 -1 7704 7717 7706 -1 7718 7702 7719 -1 7702 7718 7704 -1 7719 7701 7720 -1 7701 7719 7702 -1 7701 7721 7720 -1 7721 7701 7699 -1 7699 7713 7721 -1 7713 7699 7697 -1 7687 7722 7686 -1 7722 7687 7698 -1 7698 7723 7722 -1 7723 7698 7700 -1 7724 7706 7717 -1 7706 7724 7705 -1 7725 7705 7724 -1 7705 7725 7703 -1 7710 7708 7709 -1 7708 7710 7711 -1 7708 7711 7707 -1 7707 7711 7680 -1 7707 7680 7716 -1 7716 7680 7679 -1 7716 7679 7715 -1 7715 7679 7682 -1 7715 7682 7714 -1 7714 7682 7684 -1 7714 7684 7712 -1 7712 7684 7686 -1 7712 7686 7713 -1 7713 7686 7722 -1 7713 7722 7721 -1 7721 7722 7723 -1 7721 7723 7720 -1 7720 7723 7725 -1 7720 7725 7719 -1 7719 7725 7724 -1 7719 7724 7718 -1 7718 7724 7717 -1 7723 7703 7725 -1 7703 7723 7700 -1 7726 7727 7728 -1 7727 7726 7729 -1 7729 7730 7727 -1 7730 7729 7731 -1 7731 7732 7730 -1 7732 7731 7733 -1 7733 7734 7732 -1 7734 7733 7735 -1 7736 7737 7738 -1 7737 7736 7739 -1 7739 7736 7740 -1 7739 7740 7726 -1 7726 7740 7741 -1 7726 7741 7729 -1 7729 7741 7742 -1 7729 7742 7731 -1 7731 7742 7743 -1 7731 7743 7733 -1 7733 7743 7744 -1 7733 7744 7745 -1 7733 7745 7735 -1 7735 7745 7746 -1 7746 7745 7747 -1 7746 7747 7748 -1 7748 7747 7749 -1 7748 7749 7750 -1 7748 7750 7751 -1 7751 7750 7752 -1 7751 7752 7753 -1 7753 7752 7754 -1 7736 7755 7740 -1 7755 7736 7756 -1 7738 7756 7736 -1 7756 7738 7757 -1 7737 7757 7738 -1 7757 7737 7758 -1 7739 7758 7737 -1 7758 7739 7759 -1 7726 7759 7739 -1 7759 7726 7728 -1 7745 7760 7761 -1 7760 7745 7744 -1 7744 7762 7760 -1 7762 7744 7743 -1 7743 7763 7762 -1 7763 7743 7742 -1 7742 7764 7763 -1 7764 7742 7741 -1 7740 7764 7741 -1 7764 7740 7755 -1 7765 7752 7766 -1 7752 7765 7754 -1 7766 7750 7767 -1 7750 7766 7752 -1 7767 7749 7768 -1 7749 7767 7750 -1 7749 7769 7768 -1 7769 7749 7747 -1 7747 7761 7769 -1 7761 7747 7745 -1 7735 7770 7734 -1 7770 7735 7746 -1 7746 7771 7770 -1 7771 7746 7748 -1 7772 7754 7765 -1 7754 7772 7753 -1 7773 7753 7772 -1 7753 7773 7751 -1 7758 7756 7757 -1 7756 7758 7759 -1 7756 7759 7755 -1 7755 7759 7728 -1 7755 7728 7764 -1 7764 7728 7727 -1 7764 7727 7763 -1 7763 7727 7730 -1 7763 7730 7762 -1 7762 7730 7732 -1 7762 7732 7760 -1 7760 7732 7734 -1 7760 7734 7761 -1 7761 7734 7770 -1 7761 7770 7769 -1 7769 7770 7771 -1 7769 7771 7768 -1 7768 7771 7773 -1 7768 7773 7767 -1 7767 7773 7772 -1 7767 7772 7766 -1 7766 7772 7765 -1 7771 7751 7773 -1 7751 7771 7748 -1 7774 7775 7776 -1 7775 7774 7777 -1 7777 7774 7778 -1 7779 7780 7781 -1 7780 7779 7782 -1 7782 7779 7783 -1 7784 7785 7786 -1 7785 7784 7787 -1 7788 7786 7789 -1 7786 7788 7784 -1 7790 7789 7791 -1 7789 7790 7788 -1 7788 7790 7792 -1 7788 7792 7793 -1 7788 7793 7794 -1 7788 7794 7795 -1 7788 7795 7796 -1 7788 7796 7797 -1 7788 7797 7798 -1 7798 7797 7799 -1 7798 7799 7800 -1 7801 7802 7803 -1 7802 7801 7525 -1 7804 7669 7805 -1 7669 7804 7621 -1 7787 7805 7785 -1 7803 7621 7804 -1 7621 7803 7802 -1 7798 7525 7801 -1 7525 7798 7806 -1 7525 7806 7807 -1 7525 7807 7808 -1 7525 7808 7477 -1 7477 7808 7809 -1 7810 7811 7812 -1 7810 7812 7813 -1 7813 7812 7814 -1 7814 7812 7815 -1 "
						                >
							<Coordinate DEF="coords_ME_26_001"
							            point="285.222717 2.755906 220.626160 285.222717 2.755906 212.358444 189.710892 2.755906 212.358444 189.710892 2.755906 220.626160 189.710892 -6.692914 220.626160 189.710892 -6.692914 212.358444 285.222717 -6.692914 212.358444 285.222717 -6.692914 220.626160 248.611862 1.968504 212.358444 248.611862 1.968504 206.452942 248.611862 1.574803 210.389938 248.611862 -1.968504 212.358444 248.611862 -1.574803 210.389938 248.611862 -1.574803 206.452942 248.611862 -1.968504 206.452942 248.611862 1.574803 206.452942 240.737839 -1.574803 207.846237 240.737839 -1.574803 208.421432 240.737839 -1.968504 208.421432 240.737839 -1.968504 207.846237 263.175476 -1.968504 206.452942 267.112457 -1.968504 206.452942 273.411682 -1.968504 206.452942 274.989807 -1.968504 206.452942 274.989807 -1.968504 208.063416 274.989807 -1.968504 212.000427 278.926819 -1.968504 212.000427 278.926819 -1.968504 208.063416 278.926819 -1.968504 206.452942 285.616394 -1.968504 206.452942 285.616394 -1.968504 212.358444 240.737839 1.574803 210.389938 240.737839 1.574803 212.358444 240.737839 -1.968504 212.358444 240.737839 -1.574803 210.389938 245.352249 -1.574803 206.452942 246.010101 -1.574803 206.452942 246.010101 1.574803 206.452942 245.352249 1.574803 206.452942 225.794205 1.574803 212.358444 287.191223 0.787402 212.358444 285.616394 0.590551 212.358444 285.616394 -0.590551 212.358444 287.191223 -0.787402 212.358444 285.616394 1.968504 212.358444 285.616394 1.968504 206.452942 278.926819 1.968504 206.452942 278.926819 1.968504 208.063416 278.926819 1.968504 212.000427 274.989807 1.968504 212.000427 274.989807 1.968504 208.063416 274.989807 1.968504 206.452942 273.411682 1.968504 206.452942 267.112457 1.968504 206.452942 263.175476 1.968504 206.452942 225.794205 -1.968504 212.358444 278.926819 -1.574803 212.000427 278.926819 -1.574803 208.063416 274.989807 -1.574803 212.000427 274.989807 -1.574803 208.063416 274.989807 1.574803 208.063416 274.989807 1.574803 212.000427 278.926819 1.574803 212.000427 278.926819 1.574803 208.063416 285.616394 -0.590551 206.452942 287.191223 -0.787402 206.452942 285.616394 0.590551 206.452942 287.191223 0.787402 206.452942 279.320526 -1.181102 187.206177 273.808716 -1.181102 189.224350 273.808716 1.181102 189.224350 279.320526 1.181102 187.206177 280.107910 1.968504 190.355789 278.926819 1.968504 190.146301 278.926819 -1.968504 190.146301 280.107910 -1.968504 190.355789 274.493713 1.181102 187.801529 274.596100 1.181102 187.206177 274.223541 1.181102 188.341858 273.808716 1.181102 188.780991 274.596100 -1.181102 187.206177 274.493713 -1.181102 187.801529 274.223541 -1.181102 188.341858 273.808716 -1.181102 188.780991 274.493713 2.858305 187.801529 274.596100 2.755906 187.206177 273.808716 -3.543307 188.780991 274.223541 -3.128464 188.341858 279.320526 -2.755906 187.206177 274.596100 -2.755906 187.206177 274.223541 3.128464 188.341858 274.493713 -2.755906 187.801529 274.493713 -2.858305 187.801529 279.320526 2.755906 187.206177 279.422913 2.858305 187.801529 273.808716 -3.543307 191.143188 273.808716 3.543307 191.143188 273.808716 3.543307 188.780991 280.107910 -3.543307 188.780991 274.989807 -3.543307 189.568390 274.989807 -3.543307 191.143188 280.107910 -3.543307 191.143188 278.926819 -3.543307 189.568390 278.926819 -3.543307 191.143188 278.926819 1.968504 191.143188 280.107910 1.968504 191.143188 280.107910 -1.968504 191.143188 278.926819 -1.968504 191.143188 280.107910 3.543307 188.780991 278.926819 3.543307 189.568390 280.107910 3.543307 191.143188 278.926819 3.543307 191.143188 274.989807 3.543307 189.568390 274.989807 3.543307 191.143188 279.422913 -2.858305 187.801529 279.693085 -3.128464 188.341858 279.693085 3.128464 188.341858 284.041595 -1.181102 194.770752 284.041595 1.181102 194.770752 289.553406 1.181102 193.106476 289.553406 -1.181102 193.106476 284.726593 1.181102 193.701828 284.829010 1.181102 193.106476 284.456451 1.181102 194.242157 284.041595 1.181102 194.681274 284.829010 -1.181102 193.106476 284.726593 -1.181102 193.701828 284.456451 -1.181102 194.242157 284.041595 -1.181102 194.681274 284.726593 2.858305 193.701828 284.829010 2.755906 193.106476 284.041595 -3.543307 194.681274 284.456451 -3.128464 194.242157 289.553406 -2.755906 193.106476 284.829010 -2.755906 193.106476 284.456451 3.128464 194.242157 284.726593 -2.755906 193.701828 284.726593 -2.858305 193.701828 289.553406 2.755906 193.106476 289.655823 2.858305 193.701828 284.041595 -3.543307 197.043488 284.041595 -1.968504 197.043488 284.041595 -1.968504 195.468689 284.041595 1.968504 195.468689 284.041595 1.968504 197.043488 284.041595 3.543307 197.043488 284.041595 3.543307 194.681274 290.340820 -3.543307 194.681274 285.222717 -3.543307 195.468689 285.222717 -3.543307 197.043488 290.340820 -3.543307 197.043488 289.159698 -3.543307 195.468689 289.159698 -3.543307 197.043488 289.159698 1.968504 197.043488 289.159698 1.968504 196.256088 289.750275 1.968504 196.256088 289.750275 1.968504 195.468689 290.340820 1.968504 195.468689 290.340820 1.968504 197.043488 290.340820 -1.968504 197.043488 289.159698 -1.968504 197.043488 290.340820 3.543307 194.681274 289.159698 3.543307 195.468689 290.340820 3.543307 197.043488 289.159698 3.543307 197.043488 285.222717 3.543307 195.468689 285.222717 3.543307 197.043488 289.159698 -1.968504 196.256088 285.222717 1.968504 197.043488 285.222717 1.968504 196.256088 285.222717 -1.968504 196.256088 285.222717 -1.968504 197.043488 284.632141 1.968504 195.468689 284.632141 1.968504 196.256088 289.750275 -1.968504 195.468689 290.340820 -1.968504 195.468689 289.655823 -2.858305 193.701828 289.925964 -3.128464 194.242157 289.750275 -1.968504 196.256088 289.925964 3.128464 194.242157 284.632141 -1.968504 196.256088 284.632141 -1.968504 195.468689 274.989807 1.574803 206.452942 245.506165 1.574803 206.452942 245.506165 -1.574803 206.452942 274.989807 -1.574803 206.452942 278.926819 -1.574803 206.452942 278.926819 1.574803 206.452942 278.926819 1.574803 206.103821 278.926819 -1.574803 206.103821 274.989807 1.574803 206.103821 274.989807 -1.574803 206.103821 285.616394 1.574803 206.452942 285.616394 1.574803 203.736404 278.926819 1.574803 203.736404 278.926819 1.574803 203.741608 274.989807 1.574803 203.741608 268.690613 1.574803 204.529022 264.753601 1.574803 204.529022 264.753601 1.574803 203.736404 254.502869 1.574803 203.736404 254.348938 1.574803 203.736404 245.493301 1.574803 206.410339 274.989807 1.574803 203.736404 268.690613 1.574803 203.736404 254.384140 1.574803 203.725769 274.989807 -1.574803 203.736404 274.989807 -1.574803 203.741608 278.926819 -1.574803 203.741608 278.926819 -1.574803 203.736404 268.690613 -1.574803 204.529022 264.753601 -1.574803 204.529022 264.753601 -1.574803 203.736404 254.502869 -1.574803 203.736404 254.490005 -1.574803 203.693802 245.493301 -1.574803 206.410339 254.490005 1.574803 203.693802 285.616394 -1.574803 203.736404 285.616394 -0.590551 203.736404 285.616394 0.590551 203.736404 287.191223 -0.787402 203.736404 287.191223 0.787402 203.736404 268.690613 -1.574803 203.736404 285.616394 -1.574803 206.452942 268.690613 1.968504 203.736404 268.690613 1.968504 199.405960 268.690613 1.574803 203.248291 268.690613 -1.968504 203.736404 268.690613 -1.574803 203.248291 268.690613 -1.574803 199.405960 268.690613 -1.968504 199.405960 268.690613 1.574803 199.405960 264.753601 1.574803 200.594742 264.753601 1.968504 200.594742 264.753601 1.574803 203.248291 264.753601 1.968504 203.736404 264.753601 -1.968504 203.736404 264.753601 -1.574803 203.248291 264.753601 -1.574803 200.594742 264.753601 -1.968504 200.594742 281.730194 -1.968504 195.468689 282.388062 -1.968504 195.468689 274.989807 -1.968504 197.836105 274.989807 -1.968504 203.736404 278.926819 -1.968504 203.736404 278.926819 -1.968504 197.836105 284.829010 -1.968504 201.374191 284.726593 -1.968504 201.969543 284.456451 -1.968504 202.509872 284.041595 -1.968504 202.948990 284.041595 -1.968504 203.736404 285.222717 -1.968504 201.374191 254.517365 1.968504 203.736404 254.348938 1.968504 203.736404 254.348938 -1.968504 203.736404 282.388062 1.968504 195.468689 285.222717 1.968504 201.374191 278.926819 1.968504 197.836105 276.710297 1.968504 197.836105 284.829010 1.968504 201.374191 278.926819 1.968504 203.736404 284.726593 1.968504 201.969543 284.456451 1.968504 202.509872 284.041595 1.968504 202.948990 284.041595 1.968504 203.736404 281.730194 1.968504 195.468689 274.989807 1.968504 197.836105 274.989807 1.968504 203.736404 254.517365 1.968504 203.685547 278.926819 1.574803 197.836105 274.989807 1.574803 197.836105 274.989807 1.574803 201.773117 278.926819 1.574803 201.773117 278.926819 -1.574803 201.773117 278.926819 -1.574803 197.836105 274.989807 -1.574803 197.836105 274.989807 -1.574803 201.773117 285.222717 1.574803 197.437180 285.222717 -1.574803 197.437180 285.222717 -1.574803 201.374191 285.222717 1.574803 201.374191 289.159698 -1.968504 201.374191 289.159698 -1.574803 201.374191 289.159698 -1.574803 197.437180 289.159698 1.574803 201.374191 289.159698 1.968504 201.374191 289.159698 1.574803 197.437180 291.026947 -1.968504 195.468689 291.026947 1.968504 195.468689 292.995453 -0.000000 195.468689 293.310425 -1.968504 196.256088 295.357666 -1.968504 201.374191 295.278931 -0.000000 196.256088 293.310425 1.968504 196.256088 297.033722 -0.000000 200.643112 295.357666 1.968504 201.374191 246.643356 1.574803 171.458145 245.462250 1.574803 171.458145 245.462250 1.968504 171.458145 246.643356 1.968504 171.458145 245.462250 1.968504 173.820358 245.462250 1.574803 173.820358 246.643356 1.574803 167.521149 246.643356 -1.968504 171.458145 246.643356 -1.574803 171.458145 246.643356 -1.574803 167.521149 246.643356 1.968504 167.127441 246.643356 -1.968504 167.127441 242.706345 -1.574803 167.521149 242.706345 1.574803 167.521149 241.525238 -1.968504 165.552643 237.588242 -1.968504 165.552643 237.588242 1.968504 165.552643 241.525238 1.968504 165.552643 243.887451 1.968504 173.820358 241.525238 1.968504 173.820358 241.525238 1.574803 173.820358 243.887451 -1.574803 173.820358 243.887451 -1.968504 173.820358 243.887451 1.574803 173.820358 245.462250 -1.574803 173.820358 245.462250 -1.968504 173.820358 247.824463 -1.968504 173.820358 236.800827 1.574803 173.820358 236.800827 -1.574803 173.820358 241.525238 -1.574803 173.820358 241.525238 -1.968504 173.820358 247.824463 1.968504 173.820358 247.824463 -1.574803 173.820358 247.824463 1.574803 173.820358 253.336273 -1.574803 173.820358 253.336273 1.574803 173.820358 231.289017 -1.968504 169.095947 241.131546 -1.968504 170.277054 237.194534 -1.968504 170.277054 231.289017 -1.968504 171.458145 236.603989 -1.968504 170.435287 236.171677 -1.968504 170.867599 236.013428 -1.968504 171.458145 235.068558 -1.968504 165.906967 241.525238 -1.968504 167.127441 233.178787 -1.968504 166.615631 231.918945 -1.968504 167.678619 242.706345 -1.968504 167.127441 241.722092 -1.968504 170.435287 242.154404 -1.968504 170.867599 242.706345 -1.968504 171.458145 242.312637 -1.968504 171.458145 243.887451 -1.968504 171.458145 242.210251 -1.968504 172.053497 241.940094 -1.968504 172.593826 241.525238 -1.968504 173.032959 237.194534 -1.574803 170.277054 241.131546 -1.574803 170.277054 241.722092 -1.574803 170.435287 236.603989 -1.574803 170.435287 242.154404 -1.574803 170.867599 236.171677 -1.574803 170.867599 242.312637 -1.574803 171.458145 236.013428 -1.574803 171.458145 242.210251 -1.574803 172.053497 236.115829 -1.574803 172.053497 241.940094 -1.574803 172.593826 236.385986 -1.574803 172.593826 241.525238 -1.574803 173.032959 236.800827 -1.574803 173.032959 241.722092 1.574803 170.435287 241.131546 1.574803 170.277054 237.194534 1.574803 170.277054 236.603989 1.574803 170.435287 242.154404 1.574803 170.867599 236.171677 1.574803 170.867599 242.312637 1.574803 171.458145 236.013428 1.574803 171.458145 242.210251 1.574803 172.053497 236.115829 1.574803 172.053497 241.940094 1.574803 172.593826 236.385986 1.574803 172.593826 241.525238 1.574803 173.032959 236.800827 1.574803 173.032959 241.131546 1.968504 170.277054 237.194534 1.968504 170.277054 241.525238 1.968504 167.127441 235.068558 1.968504 165.906967 233.178787 1.968504 166.615631 231.918945 1.968504 167.678619 243.887451 1.968504 171.458145 242.706345 1.968504 171.458145 242.312637 1.968504 171.458145 242.210251 1.968504 172.053497 241.940094 1.968504 172.593826 241.525238 1.968504 173.032959 242.706345 1.968504 167.127441 242.154404 1.968504 170.867599 241.722092 1.968504 170.435287 231.289017 1.968504 169.095947 231.289017 1.968504 171.458145 236.603989 1.968504 170.435287 236.171677 1.968504 170.867599 236.013428 1.968504 171.458145 245.462250 -1.968504 171.458145 245.462250 -1.574803 171.458145 242.706345 -1.574803 171.458145 243.887451 -1.574803 171.458145 242.706345 1.574803 171.458145 243.887451 1.574803 171.458145 247.824463 -1.968504 167.127441 247.824463 1.968504 167.127441 254.123672 -1.574803 171.458145 254.123672 1.574803 171.458145 254.021271 1.574803 172.053497 254.021271 -1.574803 172.053497 253.336273 -1.574803 173.032959 253.336273 1.574803 173.032959 258.218170 -1.968504 167.678619 258.218170 1.968504 167.678619 258.848083 1.968504 169.095947 258.848083 -1.968504 169.095947 254.123672 -1.968504 171.458145 258.848083 -1.968504 171.458145 254.123672 1.968504 171.458145 258.848083 1.968504 171.458145 253.751114 1.574803 172.593826 253.751114 -1.574803 172.593826 256.958313 -1.968504 166.615631 255.068558 -1.968504 165.906967 255.068558 1.968504 165.906967 256.958313 1.968504 166.615631 252.548859 -1.968504 165.552643 252.548859 1.968504 165.552643 247.824463 -1.968504 165.552643 247.824463 1.968504 165.552643 252.942566 1.968504 170.277054 253.533112 1.968504 170.435287 253.965424 1.968504 170.867599 248.218155 1.968504 170.277054 247.627609 1.968504 170.435287 247.195297 1.968504 170.867599 247.037048 1.968504 171.458145 247.139450 1.968504 172.053497 247.409607 1.968504 172.593826 247.824463 1.968504 173.032959 247.139450 -1.968504 172.053497 247.409607 -1.968504 172.593826 247.824463 -1.968504 173.032959 247.195297 -1.968504 170.867599 247.627609 -1.968504 170.435287 248.218155 -1.968504 170.277054 247.037048 -1.968504 171.458145 252.942566 -1.968504 170.277054 253.533112 -1.968504 170.435287 253.965424 -1.968504 170.867599 247.195297 -1.574803 170.867599 247.037048 -1.574803 171.458145 247.627609 -1.574803 170.435287 248.218155 -1.574803 170.277054 252.942566 -1.574803 170.277054 253.533112 -1.574803 170.435287 253.965424 -1.574803 170.867599 247.409607 -1.574803 172.593826 247.824463 -1.574803 173.032959 253.965424 1.574803 170.867599 252.942566 1.574803 170.277054 253.533112 1.574803 170.435287 247.195297 1.574803 170.867599 247.627609 1.574803 170.435287 247.824463 1.574803 173.032959 247.037048 1.574803 171.458145 247.409607 1.574803 172.593826 247.139450 1.574803 172.053497 248.218155 1.574803 170.277054 247.139450 -1.574803 172.053497 243.887451 -1.968504 179.725861 242.706345 -1.968504 179.725861 242.706345 -1.574803 179.725861 243.887451 -1.574803 179.725861 245.462250 -1.968504 182.088074 245.462250 -1.574803 182.088074 245.462250 -1.574803 179.725861 245.462250 -1.968504 179.725861 243.887451 -1.574803 182.088074 243.887451 -1.968504 182.088074 221.052795 -1.968504 179.725861 221.052795 -1.968504 177.363663 226.958313 -1.968504 178.544769 226.367767 -1.968504 178.703003 225.935455 -1.968504 179.135315 225.777206 -1.968504 179.725861 224.832336 -1.968504 174.174683 227.352020 -1.968504 173.820358 231.092178 -1.968504 173.820358 231.092178 -1.968504 174.607758 222.942566 -1.968504 174.883347 231.682724 -1.968504 174.607758 231.682724 -1.968504 175.788864 221.682724 -1.968504 175.946335 230.698471 -1.968504 178.703003 231.130783 -1.968504 179.135315 231.682724 -1.968504 179.725861 230.107925 -1.968504 178.544769 231.289017 -1.968504 179.725861 231.186630 -1.968504 180.321213 233.651230 -1.968504 179.725861 235.619736 -1.968504 179.725861 230.916458 -1.968504 180.861542 230.501617 -1.968504 181.300674 230.501617 -1.968504 182.088074 235.619736 -1.968504 175.788864 235.619736 -1.968504 174.607758 236.210281 -1.968504 174.607758 242.706345 -1.968504 175.788864 236.210281 -1.968504 173.820358 242.706345 -1.968504 173.820358 246.643356 1.574803 179.725861 245.462250 1.574803 179.725861 245.462250 1.968504 179.725861 246.643356 1.968504 179.725861 245.462250 1.574803 182.088074 245.462250 1.968504 182.088074 243.887451 1.574803 179.725861 243.887451 1.968504 179.725861 243.887451 1.968504 182.088074 243.887451 1.574803 182.088074 231.092178 1.968504 174.607758 231.092178 1.968504 173.820358 227.352020 1.968504 173.820358 224.832336 1.968504 174.174683 222.942566 1.968504 174.883347 242.706345 1.968504 179.725861 235.619736 1.968504 179.725861 231.682724 1.968504 179.725861 231.289017 1.968504 179.725861 231.186630 1.968504 180.321213 230.916458 1.968504 180.861542 230.501617 1.968504 181.300674 230.501617 1.968504 182.088074 231.682724 1.968504 175.788864 231.682724 1.968504 174.607758 221.682724 1.968504 175.946335 230.698471 1.968504 178.703003 231.130783 1.968504 179.135315 230.107925 1.968504 178.544769 221.052795 1.968504 177.363663 242.706345 1.968504 175.788864 242.706345 1.968504 173.820358 236.210281 1.968504 173.820358 236.210281 1.968504 174.607758 235.619736 1.968504 174.607758 235.619736 1.968504 175.788864 221.052795 1.968504 179.725861 226.958313 1.968504 178.544769 226.367767 1.968504 178.703003 225.935455 1.968504 179.135315 225.777206 1.968504 179.725861 242.706345 -1.574803 175.788864 246.643356 -1.574803 175.788864 246.643356 -1.574803 179.725861 259.044922 -1.968504 173.820358 262.785095 -1.968504 173.820358 265.304779 -1.968504 174.174683 259.044922 -1.968504 174.607758 267.194550 -1.968504 174.883347 246.643356 -1.968504 179.725861 254.517365 -1.968504 179.725861 258.454376 -1.968504 179.725861 258.848083 -1.968504 179.725861 258.950470 -1.968504 180.321213 259.220642 -1.968504 180.861542 259.635468 -1.968504 181.300674 259.635468 -1.968504 182.088074 258.454376 -1.968504 175.788864 258.454376 -1.968504 174.607758 268.454376 -1.968504 175.946335 259.438629 -1.968504 178.703003 259.006317 -1.968504 179.135315 260.029175 -1.968504 178.544769 269.084290 -1.968504 177.363663 246.643356 -1.968504 173.820358 253.926819 -1.968504 173.820358 253.926819 -1.968504 174.607758 246.643356 -1.968504 175.788864 254.517365 -1.968504 174.607758 254.517365 -1.968504 175.788864 264.359894 -1.968504 179.725861 264.201660 -1.968504 179.135315 268.690613 -1.968504 179.725861 269.084290 -1.968504 179.725861 263.178772 -1.968504 178.544769 263.769348 -1.968504 178.703003 242.706345 1.574803 175.788864 231.682724 1.574803 175.788864 231.682724 -1.574803 175.788864 259.044922 1.968504 173.820358 262.785095 1.968504 173.820358 254.517365 1.968504 174.607758 254.517365 1.968504 175.788864 254.517365 1.574803 175.788864 254.517365 -1.574803 175.788864 258.454376 1.574803 175.788864 258.454376 1.968504 175.788864 258.454376 1.968504 174.607758 258.454376 -1.574803 175.788864 246.643356 1.968504 173.820358 253.926819 1.968504 173.820358 246.643356 1.574803 175.788864 246.643356 1.968504 175.788864 230.501617 1.574803 181.300674 230.916458 1.574803 180.861542 225.777206 1.574803 179.725861 225.935455 1.574803 179.135315 231.186630 1.574803 180.321213 226.367767 1.574803 178.703003 226.958313 1.574803 178.544769 230.107925 1.574803 178.544769 230.501617 1.574803 182.088074 230.698471 1.574803 178.703003 231.130783 1.574803 179.135315 231.289017 1.574803 179.725861 225.879608 1.574803 180.321213 226.149765 1.574803 180.861542 226.564621 1.574803 181.300674 226.564621 1.574803 182.088074 230.107925 -1.574803 178.544769 230.698471 -1.574803 178.703003 225.935455 -1.574803 179.135315 225.777206 -1.574803 179.725861 226.367767 -1.574803 178.703003 226.958313 -1.574803 178.544769 231.130783 -1.574803 179.135315 231.289017 -1.574803 179.725861 225.879608 -1.574803 180.321213 231.186630 -1.574803 180.321213 226.149765 -1.574803 180.861542 230.916458 -1.574803 180.861542 226.564621 -1.574803 181.300674 230.501617 -1.574803 181.300674 226.564621 -1.574803 182.088074 230.501617 -1.574803 182.088074 264.359894 1.574803 179.725861 264.359894 1.968504 179.725861 264.201660 1.968504 179.135315 264.201660 1.574803 179.135315 263.769348 1.968504 178.703003 263.769348 1.574803 178.703003 259.220642 1.968504 180.861542 259.635468 1.968504 181.300674 259.635468 1.574803 181.300674 259.220642 1.574803 180.861542 259.635468 1.968504 182.088074 259.635468 1.574803 182.088074 258.950470 1.968504 180.321213 258.950470 1.574803 180.321213 260.029175 1.968504 178.544769 259.438629 1.968504 178.703003 259.438629 1.574803 178.703003 260.029175 1.574803 178.544769 258.848083 1.574803 179.725861 258.848083 1.968504 179.725861 259.006317 1.968504 179.135315 259.006317 1.574803 179.135315 263.178772 1.968504 178.544769 263.178772 1.574803 178.544769 264.257477 1.574803 180.321213 263.987335 1.574803 180.861542 263.572479 1.574803 181.300674 263.572479 1.574803 182.088074 253.926819 1.968504 174.607758 258.454376 1.968504 182.088074 258.454376 1.968504 179.725861 254.517365 1.968504 179.725861 268.454376 1.968504 175.946335 269.084290 1.968504 177.363663 265.304779 1.968504 174.174683 267.194550 1.968504 174.883347 259.044922 1.968504 174.607758 269.084290 1.968504 179.725861 259.438629 -1.574803 178.703003 260.029175 -1.574803 178.544769 263.178772 -1.574803 178.544769 263.769348 -1.574803 178.703003 259.006317 -1.574803 179.135315 264.201660 -1.574803 179.135315 258.848083 -1.574803 179.725861 264.359894 -1.574803 179.725861 258.950470 -1.574803 180.321213 264.257477 -1.574803 180.321213 259.220642 -1.574803 180.861542 263.987335 -1.574803 180.861542 259.635468 -1.574803 181.300674 263.572479 -1.574803 181.300674 259.635468 -1.574803 182.088074 263.572479 -1.574803 182.088074 258.454376 -1.574803 179.725861 254.517365 -1.574803 179.725861 231.682724 -1.574803 179.725861 235.619736 -1.574803 175.788864 235.619736 -1.574803 179.725861 233.651230 -1.574803 179.725861 242.706345 1.574803 179.725861 258.454376 1.574803 179.725861 254.517365 1.574803 179.725861 235.619736 1.574803 179.725861 235.619736 1.574803 175.788864 231.682724 1.574803 179.725861 257.454010 1.574803 187.993576 257.454010 -1.574803 187.993576 258.454376 -1.574803 187.691528 258.454376 1.574803 187.691528 258.454376 -1.968504 187.691528 264.753601 -1.968504 185.789490 258.454376 1.968504 187.691528 264.753601 -1.574803 185.789490 249.630814 1.968504 190.355789 249.630814 -1.968504 190.355789 257.454010 -1.968504 187.993576 257.454010 1.968504 187.993576 264.753601 1.968504 185.789490 264.753601 1.574803 185.789490 268.690613 -1.574803 184.600723 268.690613 1.574803 184.600723 268.690613 -1.968504 184.600723 273.256683 -1.968504 183.222000 268.690613 1.968504 184.600723 273.256683 1.968504 183.222000 258.454376 1.574803 184.056580 254.517365 1.574803 184.056580 254.517365 1.574803 187.993576 264.753601 -1.574803 184.056580 268.690613 -1.574803 184.056580 268.690613 1.574803 184.056580 264.753601 1.574803 184.056580 258.454376 -1.968504 182.088074 264.163025 -1.968504 182.088074 264.163025 -1.968504 182.875473 258.454376 -1.968504 184.056580 264.753601 -1.968504 184.056580 264.753601 -1.968504 182.875473 269.281158 -1.968504 182.875473 269.281158 -1.968504 182.088074 269.871704 -1.968504 182.088074 270.542236 -1.968504 182.112411 271.177734 -1.968504 182.327744 271.643341 -1.968504 182.658112 271.724976 -1.968504 182.716019 268.690613 -1.968504 182.875473 273.169739 -1.968504 182.958374 272.493256 -1.968504 182.563599 225.383514 -1.968504 184.056580 225.383514 -1.968504 182.875473 225.974060 -1.968504 182.875473 210.816589 -1.968504 187.993576 210.816589 -1.968504 185.631378 216.722092 -1.968504 186.812485 216.131546 -1.968504 186.970718 215.699234 -1.968504 187.403030 215.540985 -1.968504 187.993576 225.974060 -1.968504 182.088074 231.682724 -1.968504 182.088074 231.682724 -1.968504 187.993576 225.383514 -1.968504 187.993576 235.619736 -1.968504 187.993576 214.596115 -1.968504 182.442398 217.115799 -1.968504 182.088074 220.855957 -1.968504 182.088074 220.855957 -1.968504 182.875473 212.706345 -1.968504 183.151062 221.446503 -1.968504 182.875473 221.446503 -1.968504 184.056580 211.446503 -1.968504 184.214050 220.462250 -1.968504 186.970718 220.894562 -1.968504 187.403030 221.446503 -1.968504 187.993576 219.871704 -1.968504 186.812485 221.052795 -1.968504 187.993576 220.950409 -1.968504 188.588943 223.415009 -1.968504 187.993576 242.706345 -1.968504 187.993576 246.643356 -1.968504 182.088074 254.517365 -1.968504 182.088074 254.517365 -1.968504 184.056580 246.643356 -1.968504 187.993576 254.517365 -1.968504 187.993576 220.680237 -1.968504 189.129257 220.265396 -1.968504 189.568390 220.265396 -1.968504 190.355789 235.619736 -1.968504 182.088074 242.706345 -1.968504 182.088074 254.517365 1.968504 187.993576 264.753601 1.968504 184.056580 254.517365 -1.574803 187.993576 273.169739 1.968504 182.958374 272.493256 1.968504 182.563599 271.724976 1.968504 182.716019 269.281158 1.968504 182.875473 268.690613 1.968504 182.875473 270.542236 1.968504 182.112411 269.871704 1.968504 182.088074 269.281158 1.968504 182.088074 271.177734 1.968504 182.327744 271.643341 1.968504 182.658112 264.753601 1.968504 182.875473 264.163025 1.968504 182.875473 264.163025 1.968504 182.088074 258.454376 1.968504 184.056580 235.619736 1.574803 187.993576 235.619736 1.968504 187.993576 235.619736 1.968504 182.088074 235.619736 1.574803 184.056580 235.619736 -1.574803 184.056580 235.619736 -1.574803 187.993576 220.855957 1.968504 182.875473 220.855957 1.968504 182.088074 217.115799 1.968504 182.088074 214.596115 1.968504 182.442398 212.706345 1.968504 183.151062 246.643356 1.968504 187.993576 242.706345 1.968504 187.993576 220.950409 1.968504 188.588943 220.680237 1.968504 189.129257 220.265396 1.968504 189.568390 220.265396 1.968504 190.355789 242.706345 1.968504 182.088074 231.682724 1.968504 187.993576 225.383514 1.968504 187.993576 221.446503 1.968504 187.993576 221.052795 1.968504 187.993576 221.446503 1.968504 184.056580 221.446503 1.968504 182.875473 211.446503 1.968504 184.214050 220.462250 1.968504 186.970718 220.894562 1.968504 187.403030 219.871704 1.968504 186.812485 210.816589 1.968504 185.631378 254.517365 1.968504 184.056580 254.517365 1.968504 182.088074 246.643356 1.968504 182.088074 231.682724 1.968504 182.088074 225.974060 1.968504 182.088074 225.974060 1.968504 182.875473 225.383514 1.968504 182.875473 225.383514 1.968504 184.056580 210.816589 1.968504 187.993576 216.722092 1.968504 186.812485 216.131546 1.968504 186.970718 215.699234 1.968504 187.403030 215.540985 1.968504 187.993576 246.643356 1.574803 187.993576 246.643356 1.574803 184.056580 246.643356 -1.574803 184.056580 246.643356 -1.574803 187.993576 254.517365 -1.574803 184.056580 258.454376 -1.574803 184.056580 242.706345 -1.574803 187.993576 242.706345 -1.574803 184.056580 221.446503 -1.574803 187.993576 221.446503 -1.574803 184.056580 225.383514 -1.574803 184.056580 225.383514 -1.574803 187.993576 223.415009 -1.574803 187.993576 242.706345 1.574803 187.993576 242.706345 1.574803 184.056580 231.682724 1.574803 184.056580 231.682724 1.574803 187.993576 225.383514 1.574803 187.993576 225.383514 1.574803 184.056580 221.446503 1.574803 184.056580 221.446503 1.574803 187.993576 216.328400 1.574803 190.355789 216.328400 1.574803 189.568390 216.328400 -1.574803 189.568390 216.328400 -1.574803 190.355789 215.913544 -1.574803 189.129257 215.913544 1.574803 189.129257 215.643387 1.574803 188.588943 215.643387 -1.574803 188.588943 215.540985 1.574803 187.993576 215.540985 -1.574803 187.993576 231.682724 -1.574803 184.056580 231.682724 -1.574803 187.993576 220.265396 1.574803 190.355789 220.265396 -1.574803 190.355789 220.265396 1.574803 189.568390 220.680237 1.574803 189.129257 215.699234 1.574803 187.403030 220.950409 1.574803 188.588943 216.131546 1.574803 186.970718 216.722092 1.574803 186.812485 219.871704 1.574803 186.812485 220.462250 1.574803 186.970718 220.894562 1.574803 187.403030 221.052795 1.574803 187.993576 219.871704 -1.574803 186.812485 220.462250 -1.574803 186.970718 215.699234 -1.574803 187.403030 216.131546 -1.574803 186.970718 216.722092 -1.574803 186.812485 220.894562 -1.574803 187.403030 221.052795 -1.574803 187.993576 220.950409 -1.574803 188.588943 220.680237 -1.574803 189.129257 220.265396 -1.574803 189.568390 247.824463 12.992126 175.395157 246.643356 12.992126 175.395157 246.643356 7.480315 175.395157 247.824463 7.480315 175.395157 241.940094 7.895158 172.593826 241.940094 12.577283 172.593826 242.210251 12.307123 172.053497 242.210251 8.165318 172.053497 247.824463 8.267716 173.032959 247.824463 12.992126 173.032959 247.824463 7.480315 173.032959 242.312637 12.204724 171.458145 242.312637 8.267716 171.458145 241.525238 7.480315 173.032959 241.525238 12.992126 173.032959 242.706345 12.992126 175.395157 241.525238 12.992126 175.395157 241.525238 7.480315 175.395157 242.706345 7.480315 175.395157 242.706345 7.480315 173.820358 246.643356 7.480315 173.820358 246.643356 12.992126 173.820358 242.706345 12.992126 173.820358 247.139450 12.307123 172.053497 247.037048 12.204724 171.458145 247.409607 12.577283 172.593826 247.409607 8.267716 172.593826 247.139450 8.267716 172.053497 247.139450 8.165318 172.053497 247.409607 7.895158 172.593826 247.037048 8.267716 171.458145 250.974060 -1.968504 165.552643 250.974060 1.968504 165.552643 238.375641 -1.968504 165.552643 238.375641 1.968504 165.552643 242.706345 -6.299212 165.552643 246.643356 -6.299212 165.552643 246.643356 6.299212 165.552643 242.706345 6.299212 165.552643 246.643356 -6.299212 168.702240 246.643356 1.968504 168.702240 246.643356 6.299212 168.702240 246.643356 -1.968504 168.702240 242.706345 6.299212 168.702240 242.706345 1.968504 168.702240 242.706345 -1.968504 168.702240 242.706345 -6.299212 168.702240 238.375641 -6.299212 163.977829 239.205322 -5.469526 163.099579 250.144379 -5.469526 163.099579 250.974060 -6.299212 163.977829 239.745636 -4.929207 162.018936 249.604050 -4.929207 162.018936 250.974060 6.299212 163.977829 250.144379 5.469526 163.099579 249.604050 4.929207 162.018936 249.399261 -4.724410 160.828232 249.399261 4.724410 160.828232 239.950439 4.724410 160.828232 239.745636 4.929207 162.018936 239.205322 5.469526 163.099579 238.375641 6.299212 163.977829 238.375641 -6.299212 168.702240 238.375641 -1.968504 168.702240 239.950439 -4.724410 160.828232 238.375641 1.968504 168.702240 250.974060 -1.968504 168.702240 250.974060 1.968504 168.702240 250.974060 6.299212 168.702240 238.375641 6.299212 168.702240 239.205322 4.724410 163.099579 239.745636 4.724410 162.018936 238.375641 4.724410 163.977829 250.974060 -6.299212 168.702240 247.824463 -13.385827 183.662872 246.643356 -13.385827 183.662872 246.643356 -18.897638 183.662872 247.824463 -18.897638 183.662872 241.940079 -18.482794 180.861542 241.940079 -13.800670 180.861542 242.210251 -14.070829 180.321213 242.210251 -18.212635 180.321213 247.824463 -18.110237 181.300674 247.824463 -13.385827 181.300674 247.824463 -18.897638 181.300674 242.312637 -14.173228 179.725861 242.312637 -18.110237 179.725861 241.525238 -18.897638 181.300674 241.525238 -13.385827 181.300674 242.706345 -13.385827 183.662872 241.525238 -13.385827 183.662872 241.525238 -18.897638 183.662872 242.706345 -18.897638 183.662872 242.706345 -18.897638 182.088074 246.643356 -18.897638 182.088074 246.643356 -13.385827 182.088074 242.706345 -13.385827 182.088074 247.139450 -14.070829 180.321213 247.037048 -14.173228 179.725861 247.409607 -13.800670 180.861542 247.409607 -18.110237 180.861542 247.139450 -18.110237 180.321213 247.139450 -18.212635 180.321213 247.409607 -18.482794 180.861542 247.037048 -18.110237 179.725861 247.824463 18.897638 183.662872 246.643356 18.897638 183.662872 246.643356 13.385827 183.662872 247.824463 13.385827 183.662872 241.940094 13.800670 180.861542 241.940094 18.482794 180.861542 242.210251 18.212635 180.321213 242.210251 14.070829 180.321213 247.824463 14.173228 181.300674 247.824463 18.897638 181.300674 247.824463 13.385827 181.300674 242.312653 18.110237 179.725861 242.312653 14.173228 179.725861 241.525238 13.385827 181.300674 241.525238 18.897638 181.300674 242.706345 18.897638 183.662872 241.525238 18.897638 183.662872 241.525238 13.385827 183.662872 242.706345 13.385827 183.662872 242.706345 13.385827 182.088074 246.643356 13.385827 182.088074 246.643356 18.897638 182.088074 242.706345 18.897638 182.088074 247.139450 18.212635 180.321213 247.037048 18.110237 179.725861 247.409607 18.482794 180.861542 247.409607 14.173228 180.861542 247.139450 14.173228 180.321213 247.139450 14.070829 180.321213 247.409607 13.800670 180.861542 247.037048 14.173228 179.725861 243.887451 13.385827 181.300674 245.462250 13.385827 182.088074 245.462250 13.385827 181.300674 243.887451 13.385827 182.088074 243.887451 14.173228 179.725861 243.887451 13.800670 180.861542 243.887451 14.070829 180.321213 245.462250 14.173228 179.725861 245.462250 13.800670 180.861542 245.462250 14.070829 180.321213 243.887451 -13.385827 181.300674 245.462250 -13.385827 181.300674 245.462250 -13.385827 182.088074 243.887451 -13.385827 182.088074 243.887451 -14.173228 179.725861 243.887451 -13.800670 180.861542 243.887451 -14.070829 180.321213 245.462250 -14.173228 179.725861 245.462250 -1.574803 179.725861 245.462250 -1.574803 182.088074 245.462250 -13.800670 180.861542 245.462250 -14.070829 180.321213 243.100052 14.173228 179.725861 242.706345 14.173228 179.725861 242.706345 14.014991 179.135315 243.100052 14.014991 179.135315 242.706345 13.582677 178.703003 243.100052 13.582677 178.703003 242.706345 3.149606 178.544769 243.100052 3.149606 178.544769 243.100052 12.992126 178.544769 242.706345 12.992126 178.544769 243.100052 -1.968504 179.725861 246.643356 -1.574803 179.725861 242.706345 -14.173228 179.725861 242.706345 -18.110237 179.725861 246.249649 -14.173228 179.725861 243.100052 -14.173228 179.725861 246.249649 -1.968504 179.725861 246.643356 -18.110237 179.725861 246.643356 -14.173228 179.725861 242.706345 18.110237 179.725861 242.706345 18.110237 177.363663 242.706345 15.275591 174.174683 242.706345 13.385827 173.820358 242.706345 -13.385827 173.820358 242.706345 -15.275591 174.174683 242.706345 16.692913 174.883347 242.706345 -16.692913 174.883347 242.706345 17.637794 175.946335 242.706345 2.559055 178.703003 242.706345 2.126742 179.135315 242.706345 -17.637794 175.946335 242.706345 -3.149606 178.544769 242.706345 -2.559055 178.703003 242.706345 -2.126742 179.135315 242.706345 -18.110237 177.363663 242.706345 -12.992126 178.544769 242.706345 -13.582677 178.703003 242.706345 -14.014991 179.135315 246.643356 -13.385827 173.820358 246.643356 -15.275591 174.174683 246.643356 -1.574803 175.788864 246.643356 -18.110237 177.363663 246.643356 -12.992126 178.544769 246.643356 -13.582677 178.703003 246.643356 -14.014991 179.135315 246.643356 13.385827 173.820358 246.643356 15.275591 174.174683 246.643356 -16.692913 174.883347 246.643356 16.692913 174.883347 246.643356 -17.637794 175.946335 246.643356 -3.149606 178.544769 246.643356 -2.559055 178.703003 246.643356 -2.126742 179.135315 246.643356 17.637794 175.946335 246.643356 3.149606 178.544769 246.643356 2.559055 178.703003 246.643356 2.126742 179.135315 246.643356 18.110235 177.363663 246.643356 1.968504 179.725861 246.643356 18.110235 179.725861 246.643356 12.992126 178.544769 246.643356 13.582677 178.703003 246.643356 14.014991 179.135315 246.643356 14.173228 179.725861 246.249649 1.968504 179.725861 243.100052 1.968504 179.725861 246.249649 14.173228 179.725861 243.100052 -3.149606 178.544769 243.100052 -2.559055 178.703003 243.100052 -2.126742 179.135315 246.249649 -13.582677 178.703003 246.249649 -12.992126 178.544769 246.249649 -3.149606 178.544769 246.249649 -2.559055 178.703003 246.249649 -14.014991 179.135315 246.249649 -2.126742 179.135315 243.100052 -12.992126 178.544769 246.249649 14.014991 179.135315 246.249649 13.582677 178.703003 246.249649 2.559055 178.703003 246.249649 3.149606 178.544769 246.249649 12.992126 178.544769 246.249649 2.126742 179.135315 243.100052 2.126742 179.135315 243.100052 2.559055 178.703003 243.100052 -13.582677 178.703003 243.100052 -14.014991 179.135315 285.222717 -14.960629 203.736404 285.222717 -1.968504 212.358444 285.222717 -1.968504 203.739487 285.222717 -0.787402 203.736404 285.222717 -0.787402 203.739487 285.222717 0.787402 203.736404 285.222717 0.787402 203.739487 285.222717 1.968504 203.739487 285.222717 14.960629 203.736404 285.222717 -14.960629 214.767578 285.222717 14.960629 214.767578 285.222717 1.968504 212.358444 289.159698 -14.960629 213.578918 289.159698 14.960629 213.578918 289.159698 -14.960629 203.736404 289.159698 14.960629 203.736404 285.616394 0.787402 203.739487 285.616394 1.968504 203.739487 285.616394 -1.968504 203.739487 285.616394 -0.787402 203.739487 285.616394 -0.590551 203.739487 287.191223 -0.787402 203.739487 286.010101 -0.639764 203.739487 287.191223 0.787402 203.739487 285.616394 0.590551 203.739487 286.010101 0.590551 203.739487 285.616394 -0.787402 203.736404 286.010101 -0.639764 203.736404 286.010101 0.590551 203.736404 285.616394 0.787402 203.736404 268.690613 -1.574803 198.623505 264.753601 -1.574803 203.248291 268.690613 -1.574803 203.248291 264.753601 -1.574803 198.623505 268.690613 0.000000 203.248291 264.753601 0.000000 203.248291 268.690613 1.574803 203.248291 264.753601 1.574803 203.248291 268.690613 1.574803 198.623505 264.753601 1.574803 198.623505 264.753601 18.897638 204.520111 264.753601 18.897638 198.623505 264.753601 -18.897638 204.520111 264.753601 -18.897638 198.623505 268.690613 18.897638 198.623505 268.690613 -18.897638 204.520111 268.690613 -18.897638 198.623505 268.690613 18.897638 204.520111 258.454376 -1.574803 190.355789 254.517365 -1.574803 194.292801 258.454376 -1.574803 194.292801 254.517365 -1.574803 190.355789 258.454376 1.574803 194.292801 254.517365 1.574803 194.292801 258.454376 1.574803 190.355789 254.517365 1.574803 190.355789 254.517365 18.897638 196.252396 254.517365 18.897638 190.355789 254.517365 -18.897638 196.252396 254.517365 -18.897638 190.355789 258.454376 18.897638 190.355789 258.454376 -18.897638 196.252396 258.454376 -18.897638 190.355789 258.454376 18.897638 196.252396 221.446503 18.897638 204.529022 221.446503 1.574803 204.529022 225.383514 1.574803 204.529022 225.383514 18.897638 204.529022 225.383514 -1.574803 200.592010 221.446503 -1.574803 200.592010 221.446503 -1.574803 204.529022 225.383514 -1.574803 204.529022 225.383514 1.574803 200.592010 221.446503 1.574803 200.592010 221.446503 -18.897638 204.529022 221.446503 18.897638 198.632401 221.446503 -18.897638 198.632401 225.383514 -18.897638 204.529022 225.383514 -18.897638 198.632401 225.383514 18.897638 198.632401 214.753586 -0.629921 204.529022 214.753586 -0.629921 198.623505 213.178787 -0.787402 198.623505 213.178787 -0.787402 204.529022 213.178787 0.787402 204.529022 213.178787 0.787402 198.623505 214.753586 0.629921 198.623505 214.753586 0.629921 204.529022 214.753586 0.590551 198.623505 214.753586 -1.574803 204.529022 211.210281 -14.960630 204.529022 215.147293 -14.960630 204.529022 215.147293 -1.574803 204.529022 211.210281 14.960629 204.529022 215.147293 14.960629 204.529022 214.753586 1.574803 204.529022 215.147293 1.574803 204.529022 214.753586 -1.574803 198.623505 211.210281 -14.960630 198.623505 215.147293 -14.960630 198.623505 215.147293 -1.574803 198.623505 215.147293 1.574803 198.623505 215.147293 14.960629 198.623505 214.753586 1.574803 198.623505 211.210281 14.960629 198.623505 290.340820 14.960629 205.311203 289.159698 14.960629 205.311203 289.159698 9.448819 205.311203 290.340820 9.448819 205.311203 284.456451 9.863662 202.509872 284.456451 14.545787 202.509872 284.726593 14.275627 201.969543 284.726593 10.133821 201.969543 290.340820 10.236220 202.948990 290.340820 14.960629 202.948990 290.340820 9.448819 202.948990 284.829010 14.173228 201.374191 284.829010 10.236220 201.374191 284.041595 9.448819 202.948990 284.041595 14.960629 202.948990 285.222717 14.960629 205.311203 284.041595 14.960629 205.311203 284.041595 9.448819 205.311203 285.222717 9.448819 205.311203 285.222717 9.448819 203.736404 289.159698 9.448819 203.736404 289.655823 14.275627 201.969543 289.553406 14.173228 201.374191 289.925964 14.545787 202.509872 289.925964 10.236220 202.509872 289.655823 10.236220 201.969543 289.655823 10.133821 201.969543 289.925964 9.863662 202.509872 289.553406 10.236220 201.374191 285.222717 -14.173228 201.374191 289.159698 -14.173228 201.374191 289.159698 -10.236220 201.374191 285.222717 -10.236220 201.374191 287.191223 -9.645669 201.374191 285.222717 2.126742 200.783646 287.191223 2.559055 201.374191 287.191223 2.638174 201.078918 287.191223 3.224705 200.763519 289.159698 3.149606 200.193085 289.159698 9.055119 200.193085 287.191223 8.980020 200.763519 285.222717 10.236220 201.374191 285.222717 10.077983 200.783646 287.191223 9.566550 201.078918 287.191223 9.645669 201.374191 285.222717 -9.645669 200.351334 285.222717 -10.077983 200.783646 287.191223 -9.566550 201.078918 287.191223 -9.350393 200.862762 287.191223 2.854331 200.862762 289.159698 2.559055 200.351334 285.222717 9.055119 200.193085 285.222717 3.149606 200.193085 289.159698 -10.077983 200.783646 287.191223 -2.638174 201.078918 285.222717 -2.126742 200.783646 285.222717 -2.559055 200.351334 287.191223 -2.854331 200.862762 289.159698 -6.299212 195.468689 289.159698 -8.923884 195.704910 285.222717 -8.923884 195.704910 285.222717 -6.299212 195.468689 287.191223 -2.559055 201.374191 289.159698 -2.126742 200.783646 289.159698 14.173228 199.011993 285.222717 14.173228 199.011993 285.222717 14.173228 201.374191 289.159698 14.173228 201.374191 289.159698 2.126742 200.783646 285.222717 -9.055119 200.193085 287.191223 -8.980020 200.763519 285.222717 9.645669 200.351334 287.191223 9.350393 200.862762 289.159698 8.923884 195.704910 289.159698 6.299212 195.468689 285.222717 6.299212 195.468689 285.222717 8.923884 195.704910 287.191223 -3.224705 200.763519 289.159698 -3.149606 200.193085 289.159698 -2.559055 200.351334 285.222717 -3.149606 200.193085 285.222717 2.559055 200.351334 289.159698 10.236220 201.374191 285.222717 13.648293 197.830887 289.159698 13.648293 197.830887 289.159698 11.023623 196.177338 285.222717 11.023623 196.177338 289.159698 12.598425 196.886002 285.222717 12.598425 196.886002 289.159698 9.645669 200.351334 289.159698 10.077983 200.783646 289.159698 -9.645669 200.351334 289.159698 -9.055119 200.193085 289.159698 -14.173228 199.011993 289.159698 -11.023623 196.177338 289.159698 -12.598425 196.886002 289.159698 -13.648293 197.830887 285.222717 -14.173228 199.011993 285.222717 -13.648293 197.830887 285.222717 -12.598425 196.886002 285.222717 -11.023623 196.177338 290.340820 -9.448819 205.311203 289.159698 -9.448819 205.311203 289.159698 -14.960629 205.311203 290.340820 -14.960629 205.311203 284.456451 -14.545787 202.509872 284.456451 -9.863662 202.509872 284.726593 -10.133821 201.969543 284.726593 -14.275627 201.969543 290.340820 -14.173228 202.948990 290.340820 -9.448819 202.948990 290.340820 -14.960629 202.948990 284.829010 -10.236220 201.374191 284.829010 -14.173228 201.374191 284.041595 -14.960629 202.948990 284.041595 -9.448819 202.948990 285.222717 -9.448819 205.311203 284.041595 -9.448819 205.311203 284.041595 -14.960629 205.311203 285.222717 -14.960629 205.311203 289.159698 -9.448819 203.736404 285.222717 -9.448819 203.736404 289.655823 -10.133821 201.969543 289.553406 -10.236220 201.374191 289.925964 -9.863662 202.509872 289.925964 -14.173228 202.509872 289.655823 -14.173228 201.969543 289.655823 -14.275627 201.969543 289.925964 -14.545787 202.509872 289.553406 -14.173228 201.374191 211.210281 -14.170601 196.261307 215.147293 -14.170601 196.261307 215.147293 -10.233593 196.261307 211.210281 -10.233593 196.261307 213.178787 -9.643042 196.261307 211.210281 2.129369 195.670746 211.210281 1.971132 196.261307 213.178787 2.561683 196.261307 213.178787 2.640802 195.966019 213.178787 3.227333 195.650620 215.147293 3.152234 195.080200 215.147293 9.057746 195.080200 213.178787 8.982648 195.650620 211.210281 10.238849 196.261307 211.210281 10.080610 195.670746 213.178787 9.569179 195.966019 213.178787 9.648297 196.261307 211.210281 -9.643042 195.238434 211.210281 -10.075355 195.670746 213.178787 -9.563923 195.966019 213.178787 -9.347766 195.749863 213.178787 2.856959 195.749863 215.147293 2.561683 195.238434 211.210281 9.057746 195.080200 211.210281 3.152234 195.080200 215.147293 -10.075355 195.670746 213.178787 -2.635546 195.966019 211.210281 -2.124114 195.670746 211.210281 -2.556427 195.238434 213.178787 -2.851703 195.749863 215.147293 -6.296585 190.355789 215.147293 -8.921257 190.592010 211.210281 -8.921257 190.592010 211.210281 -6.296585 190.355789 213.178787 -2.556427 196.261307 215.147293 -2.124114 195.670746 215.147293 -1.965876 196.261307 215.147293 14.175857 193.899094 211.210281 14.175857 193.899094 211.210281 14.175857 196.261307 215.147293 14.175857 196.261307 215.147293 1.971132 196.261307 215.147293 2.129369 195.670746 211.210281 -9.052490 195.080200 213.178787 -8.977392 195.650620 211.210281 1.577431 196.261307 215.147293 1.577431 196.261307 211.210281 9.648297 195.238434 213.178787 9.353022 195.749863 215.147293 8.926513 190.592010 215.147293 6.301840 190.355789 211.210281 6.301840 190.355789 211.210281 8.926513 190.592010 213.178787 -3.222077 195.650620 215.147293 -3.146978 195.080200 215.147293 -2.556427 195.238434 211.210281 -3.146978 195.080200 211.210281 2.561683 195.238434 215.147293 10.238849 196.261307 211.210281 13.650922 192.717987 215.147293 13.650922 192.717987 215.147293 11.026250 191.064453 211.210281 11.026250 191.064453 215.147293 12.601053 191.773117 211.210281 12.601053 191.773117 215.147293 9.648297 195.238434 215.147293 10.080610 195.670746 215.147293 -9.643042 195.238434 215.147293 -9.052490 195.080200 215.147293 -14.170601 193.899094 215.147293 -11.020994 191.064453 215.147293 -12.595798 191.773117 215.147293 -13.645666 192.717987 215.147293 -1.572175 192.324295 215.147293 -1.572175 196.261307 215.147293 1.577431 192.324295 211.210281 -1.965876 196.261307 211.210281 -14.170601 193.899094 211.210281 -13.645666 192.717987 211.210281 -12.595798 191.773117 211.210281 1.577431 192.324295 211.210281 -11.020994 191.064453 211.210281 -1.572175 192.324295 211.210281 -1.572175 196.261307 216.328400 -9.446191 200.198303 215.147293 -9.446191 200.198303 215.147293 -14.958002 200.198303 216.328400 -14.958002 200.198303 210.444031 -14.543159 197.396973 210.444031 -9.861034 197.396973 210.714188 -10.131194 196.856659 210.714188 -14.273000 196.856659 216.328400 -14.170601 197.836105 216.328400 -9.446191 197.836105 216.328400 -14.958002 197.836105 210.816589 -10.233593 196.261307 210.816589 -14.170601 196.261307 210.029175 -14.958002 197.836105 210.029175 -9.446191 197.836105 211.210281 -9.446191 200.198303 210.029175 -9.446191 200.198303 210.029175 -14.958002 200.198303 211.210281 -14.958002 200.198303 211.210281 -14.958002 198.623505 215.147293 -14.958002 198.623505 215.147293 -9.446191 198.623505 211.210281 -9.446191 198.623505 215.643387 -10.131194 196.856659 215.540985 -10.233593 196.261307 215.913544 -9.861034 197.396973 215.913544 -14.170601 197.396973 215.643387 -14.170601 196.856659 215.643387 -14.273000 196.856659 215.913544 -14.543159 197.396973 215.540985 -14.170601 196.261307 216.328400 14.963258 200.198303 215.147293 14.963258 200.198303 215.147293 9.451447 200.198303 216.328400 9.451447 200.198303 210.444031 9.866290 197.396973 210.444031 14.548414 197.396973 210.714188 14.278255 196.856659 210.714188 10.136450 196.856659 216.328400 10.238849 197.836105 216.328400 14.963258 197.836105 216.328400 9.451447 197.836105 210.816589 14.175857 196.261307 210.816589 10.238849 196.261307 210.029175 9.451447 197.836105 210.029175 14.963258 197.836105 211.210281 14.963258 200.198303 210.029175 14.963258 200.198303 210.029175 9.451447 200.198303 211.210281 9.451447 200.198303 211.210281 9.451447 198.623505 215.147293 9.451447 198.623505 215.147293 14.963258 198.623505 211.210281 14.963258 198.623505 215.643387 14.278255 196.856659 215.540985 14.175857 196.261307 215.913544 14.548414 197.396973 215.913544 10.238849 197.396973 215.643387 10.238849 196.856659 215.643387 10.136450 196.856659 215.913544 9.866290 197.396973 215.540985 10.238849 196.261307 210.714188 -2.855677 196.856659 210.816589 -2.753278 196.261307 215.540985 -2.753278 196.261307 215.643387 -2.855677 196.856659 216.328400 3.545935 197.836105 215.913544 3.131092 197.396973 210.444031 3.131092 197.396973 210.029175 3.545935 197.836105 216.328400 -3.540679 200.198303 216.328400 -1.572175 200.198303 215.147293 -1.572175 200.198303 215.147293 -3.540679 200.198303 215.643387 2.860932 196.856659 210.714188 2.860932 196.856659 210.444031 -3.125836 197.396973 210.029175 -3.540679 197.836105 216.328400 -3.540679 197.836105 211.210281 -3.540679 198.623505 210.029175 -3.540679 200.198303 211.210281 -3.540679 200.198303 215.147293 -3.540679 198.623505 216.328400 3.545935 200.198303 216.328400 1.577431 200.198303 216.328400 1.577431 198.623505 216.328400 -2.753278 197.836105 216.328400 -1.572175 198.623505 215.147293 3.545935 198.623505 215.147293 1.577431 198.623505 215.147293 1.577431 200.198303 215.147293 3.545935 200.198303 215.913544 -3.125836 197.396973 215.147293 -1.572175 198.623505 210.029175 3.545935 200.198303 211.210281 3.545935 198.623505 211.210281 3.545935 200.198303 210.816589 2.758533 196.261307 215.540985 2.758533 196.261307 215.643387 -2.753278 196.856659 215.913544 -2.753278 197.396973 289.655823 2.858305 201.969543 289.553406 2.755906 201.374191 284.829010 2.755906 201.374191 284.726593 2.858305 201.969543 284.041595 -3.543307 202.948990 284.456451 -3.128464 202.509872 289.925964 -3.128464 202.509872 290.340820 -3.543307 202.948990 284.041595 3.543307 205.311203 284.041595 1.574803 205.311203 285.222717 1.574803 205.311203 285.222717 3.543307 205.311203 284.726593 -2.858305 201.969543 289.655823 -2.858305 201.969543 289.925964 3.128464 202.509872 290.340820 3.543307 202.948990 284.041595 3.543307 202.948990 289.159698 3.543307 203.736404 290.340820 3.543307 205.311203 289.159698 3.543307 205.311203 285.222717 3.543307 203.736404 284.041595 -3.543307 205.311203 284.041595 -1.574803 205.311203 284.041595 -1.574803 203.736404 284.041595 2.755906 202.948990 284.041595 1.574803 203.736404 285.222717 -3.543307 203.736404 285.222717 -1.574803 203.736404 285.222717 -1.574803 205.311203 285.222717 -3.543307 205.311203 284.456451 3.128464 202.509872 285.222717 1.574803 203.736404 290.340820 -3.543307 205.311203 289.159698 -3.543307 203.736404 289.159698 -3.543307 205.311203 289.553406 -2.755906 201.374191 284.829010 -2.755906 201.374191 284.726593 2.755906 201.969543 284.456451 2.755906 202.509872 253.336273 1.968504 173.820358 253.336273 -1.968504 173.820358 253.336273 -1.968504 175.395157 254.517365 -1.968504 175.395157 254.517365 -3.543307 175.395157 254.517365 1.968504 175.395157 254.517365 3.543307 173.820358 254.517365 3.543307 175.395157 254.517365 -3.543307 173.820358 258.454376 3.543307 173.820358 258.454376 3.543307 175.395157 258.454376 -3.543307 173.820358 258.454376 -1.968504 175.395157 258.454376 -3.543307 175.395157 258.454376 1.968504 175.395157 259.635468 1.968504 175.395157 259.635468 3.543307 175.395157 253.336273 1.968504 175.395157 259.635468 -1.968504 173.820358 259.635468 1.968504 173.820358 253.336273 3.543307 175.395157 259.635468 -3.543307 173.032959 253.751114 -3.128464 172.593826 259.220642 -3.128464 172.593826 253.336273 -3.543307 173.032959 254.021271 -2.858305 172.053497 258.950470 -2.858305 172.053497 254.021271 2.858305 172.053497 253.751114 -2.755906 172.593826 253.751114 3.128464 172.593826 254.021271 -2.755906 172.053497 258.848083 2.755906 171.458145 254.123672 2.755906 171.458145 258.950470 2.858305 172.053497 259.220642 3.128464 172.593826 253.336273 -2.755906 173.032959 253.336273 3.543307 173.032959 258.848083 -2.755906 171.458145 259.635468 -3.543307 175.395157 259.635468 -1.968504 175.395157 259.635468 3.543307 173.032959 253.336273 -3.543307 175.395157 254.123672 -2.755906 171.458145 247.824463 -14.173228 191.921692 246.643356 -14.173228 191.921692 246.643356 -19.685040 191.921692 247.824463 -19.685040 191.921692 241.940079 -19.270197 189.120346 241.940079 -14.588072 189.120346 242.210251 -14.858232 188.580032 242.210251 -19.000036 188.580032 247.824463 -18.897638 189.559479 247.824463 -14.173228 189.559479 247.824463 -19.685040 189.559479 242.312637 -14.960630 187.984680 242.312637 -18.897638 187.984680 241.525238 -19.685040 189.559479 241.525238 -14.173228 189.559479 242.706345 -14.173228 191.921692 241.525238 -14.173228 191.921692 241.525238 -19.685040 191.921692 242.706345 -19.685040 191.921692 242.706345 -19.685040 190.346893 246.643356 -19.685040 190.346893 246.643356 -14.173228 190.346893 242.706345 -14.173228 190.346893 247.139450 -14.858232 188.580032 247.037048 -14.960630 187.984680 247.409607 -14.588072 189.120346 247.409607 -18.897638 189.120346 247.139450 -18.897638 188.580032 247.139450 -19.000036 188.580032 247.409607 -19.270197 189.120346 247.037048 -18.897638 187.984680 247.824463 19.685040 191.921692 246.643356 19.685040 191.921692 246.643356 14.173228 191.921692 247.824463 14.173228 191.921692 241.940079 14.588072 189.120346 241.940079 19.270197 189.120346 242.210251 19.000036 188.580032 242.210251 14.858232 188.580032 247.824463 14.960630 189.559479 247.824463 19.685040 189.559479 247.824463 14.173228 189.559479 242.312637 18.897638 187.984680 242.312637 14.960630 187.984680 241.525238 14.173228 189.559479 241.525238 19.685040 189.559479 242.706345 19.685040 191.921692 241.525238 19.685040 191.921692 241.525238 14.173228 191.921692 242.706345 14.173228 191.921692 242.706345 14.173228 190.346893 246.643356 14.173228 190.346893 246.643356 19.685040 190.346893 242.706345 19.685040 190.346893 247.139450 19.000036 188.580032 247.037048 18.897638 187.984680 247.409607 19.270197 189.120346 247.409607 14.960630 189.120346 247.139450 14.960630 188.580032 247.139450 14.858232 188.580032 247.409607 14.588072 189.120346 247.037048 14.960630 187.984680 254.517365 3.149606 178.544769 254.517365 2.559055 178.703003 256.485870 2.854331 179.214432 256.485870 3.224705 179.115189 254.517365 2.126742 179.135315 256.485870 2.638174 179.430588 258.454376 8.267716 179.725861 256.485870 7.677166 179.725861 256.485870 7.598046 179.430588 258.454376 8.109479 179.135315 258.454376 2.559055 178.703003 258.454376 3.149606 178.544769 258.454376 2.126742 179.135315 256.485870 7.381890 179.214432 258.454376 7.677166 178.703003 256.485870 2.559055 179.725861 254.517365 8.267716 179.725861 254.517365 8.109479 179.135315 258.454376 12.204724 179.725861 254.517365 12.204724 179.725861 254.517365 7.086614 178.544769 256.485870 7.011516 179.115189 254.517365 -8.109479 179.135315 254.517365 -8.267716 179.725861 256.485870 -7.677166 179.725861 256.485870 -7.598046 179.430588 258.454376 -8.267716 179.725861 258.454376 -8.109479 179.135315 254.517365 -7.677166 178.703003 256.485870 -7.381890 179.214432 256.485870 -2.559055 179.725861 256.485870 -2.638174 179.430588 258.454376 -2.126742 179.135315 254.517365 -2.126742 179.135315 254.517365 7.677166 178.703003 258.454376 7.086614 178.544769 254.517365 12.204724 177.363663 254.517365 8.425197 174.174683 254.517365 5.905512 173.820358 254.517365 -5.905512 173.820358 254.517365 -8.425197 174.174683 254.517365 10.314960 174.883347 254.517365 -10.314960 174.883347 254.517365 11.574803 175.946335 254.517365 -11.574803 175.946335 254.517365 -2.559055 178.703003 254.517365 -3.149606 178.544769 254.517365 -12.204724 177.363663 254.517365 -12.204724 179.725861 254.517365 -7.086614 178.544769 256.485870 -2.854331 179.214432 258.454376 -2.559055 178.703003 258.454376 12.204724 177.363663 258.454376 5.905512 173.820358 258.454376 -5.905512 173.820358 258.454376 -12.204724 179.725861 258.454376 -12.204724 177.363663 258.454376 -11.574803 175.946335 258.454376 -7.086614 178.544769 258.454376 -7.677166 178.703003 258.454376 -8.425197 174.174683 258.454376 8.425197 174.174683 258.454376 10.314960 174.883347 258.454376 -10.314960 174.883347 258.454376 -3.149606 178.544769 258.454376 11.574803 175.946335 256.485870 -7.011516 179.115189 256.485870 -3.224705 179.115189 259.635468 -13.385827 191.930588 258.454376 -13.385827 191.930588 258.454376 -18.897638 191.930588 259.635468 -18.897638 191.930588 253.751114 -18.482794 189.129257 253.751114 -13.800670 189.129257 254.021271 -14.070829 188.588943 254.021271 -18.212635 188.588943 259.635468 -18.110237 189.568390 259.635468 -13.385827 189.568390 259.635468 -18.897638 189.568390 254.123672 -14.173228 187.993576 254.123672 -18.110237 187.993576 253.336273 -18.897638 189.568390 253.336273 -13.385827 189.568390 254.517365 -13.385827 191.930588 253.336273 -13.385827 191.930588 253.336273 -18.897638 191.930588 254.517365 -18.897638 191.930588 258.454376 -13.385827 190.355789 254.517365 -13.385827 190.355789 258.950470 -14.070829 188.588943 258.848083 -14.173228 187.993576 259.220642 -13.800670 189.129257 259.220642 -18.110237 189.129257 258.950470 -18.110237 188.588943 258.950470 -18.212635 188.588943 259.220642 -18.482794 189.129257 258.848083 -18.110237 187.993576 259.635468 18.897638 191.930588 258.454376 18.897638 191.930588 258.454376 13.385827 191.930588 259.635468 13.385827 191.930588 253.751114 13.800670 189.129257 253.751114 18.482794 189.129257 254.021271 18.212635 188.588943 254.021271 14.070829 188.588943 259.635468 14.173228 189.568390 259.635468 18.897638 189.568390 259.635468 13.385827 189.568390 254.123672 18.110237 187.993576 254.123672 14.173228 187.993576 253.336273 13.385827 189.568390 253.336273 18.897638 189.568390 254.517365 18.897638 191.930588 253.336273 18.897638 191.930588 253.336273 13.385827 191.930588 254.517365 13.385827 191.930588 254.517365 13.385827 190.355789 258.454376 13.385827 190.355789 258.950470 18.212635 188.588943 258.848083 18.110237 187.993576 259.220642 18.482794 189.129257 259.220642 14.173228 189.129257 258.950470 14.173228 188.588943 258.950470 14.070829 188.588943 259.220642 13.800670 189.129257 258.848083 14.173228 187.993576 254.517365 12.992126 186.812485 254.517365 3.149606 186.812485 256.485870 3.224705 187.382904 256.485870 12.917027 187.382904 256.485870 2.638174 187.698303 258.454376 2.126742 187.403030 258.454376 2.559055 186.970718 256.485870 2.854331 187.482147 256.485870 2.559055 187.993576 258.454376 1.968504 187.993576 254.517365 2.559055 186.970718 254.517365 2.126742 187.403030 258.454376 3.149606 186.812485 256.485870 13.287401 187.482147 258.454376 12.992126 186.812485 258.454376 13.582677 186.970718 258.454376 14.173228 187.993576 256.485870 13.582677 187.993576 256.485870 13.503558 187.698303 258.454376 14.014991 187.403030 254.517365 14.014991 187.403030 254.517365 13.582677 186.970718 254.517365 14.173228 187.993576 258.454376 -1.968504 187.993576 256.485870 -2.559055 187.993576 256.485870 -2.638174 187.698303 258.454376 -2.126742 187.403030 258.454376 18.110237 187.993576 254.517365 18.110237 187.993576 254.517365 18.110237 185.631378 254.517365 15.275591 182.442398 254.517365 13.385827 182.088074 254.517365 -13.385827 182.088074 254.517365 -15.275591 182.442398 254.517365 16.692913 183.151062 254.517365 -16.692913 183.151062 254.517365 17.637794 184.214050 254.517365 -17.637794 184.214050 254.517365 -3.149606 186.812485 254.517365 -2.559055 186.970718 254.517365 -2.126742 187.403030 254.517365 -18.110237 185.631378 254.517365 -18.110237 187.993576 254.517365 -12.992126 186.812485 254.517365 -13.582677 186.970718 254.517365 -14.014991 187.403030 254.517365 -14.173228 187.993576 258.454376 -1.574803 187.993576 258.454376 -13.385827 182.088074 258.454376 -15.275591 182.442398 258.454376 -18.110237 187.993576 258.454376 -18.110237 185.631378 258.454376 -12.992126 186.812485 258.454376 -13.582677 186.970718 258.454376 -14.014991 187.403030 258.454376 -14.173228 187.993576 258.454376 13.385827 182.088074 258.454376 15.275591 182.442398 258.454376 -16.692913 183.151062 258.454376 16.692913 183.151062 258.454376 -17.637794 184.214050 258.454376 -3.149606 186.812485 258.454376 -2.559055 186.970718 258.454376 17.637794 184.214050 258.454376 1.574803 187.993576 258.454376 18.110237 185.631378 256.485870 -13.582677 187.993576 256.485870 -13.503558 187.698303 256.485870 -13.287401 187.482147 256.485870 -12.917027 187.382904 256.485870 -3.224705 187.382904 256.485870 -2.854331 187.482147 259.635468 -7.480315 183.662872 258.454376 -7.480315 183.662872 258.454376 -12.992126 183.662872 259.635468 -12.992126 183.662872 253.751114 -12.577283 180.861542 253.751114 -7.895158 180.861542 254.021271 -8.165318 180.321213 254.021271 -12.307123 180.321213 259.635468 -12.204724 181.300674 259.635468 -7.480315 181.300674 259.635468 -12.992126 181.300674 254.123672 -8.267716 179.725861 254.123672 -12.204724 179.725861 253.336273 -12.992126 181.300674 253.336273 -7.480315 181.300674 254.517365 -7.480315 183.662872 253.336273 -7.480315 183.662872 253.336273 -12.992126 183.662872 254.517365 -12.992126 183.662872 254.517365 -12.992126 182.088074 258.454376 -12.992126 182.088074 258.454376 -7.480315 182.088074 254.517365 -7.480315 182.088074 258.950470 -8.165318 180.321213 258.848083 -8.267716 179.725861 259.220642 -7.895158 180.861542 259.220642 -12.204724 180.861542 258.950470 -12.204724 180.321213 258.950470 -12.307123 180.321213 259.220642 -12.577283 180.861542 258.848083 -12.204724 179.725861 259.635468 12.992126 183.662872 258.454376 12.992126 183.662872 258.454376 7.480315 183.662872 259.635468 7.480315 183.662872 253.751114 7.895158 180.861542 253.751114 12.577283 180.861542 254.021271 12.307123 180.321213 254.021271 8.165318 180.321213 259.635468 8.267716 181.300674 259.635468 12.992126 181.300674 259.635468 7.480315 181.300674 254.123672 12.204724 179.725861 254.123672 8.267716 179.725861 253.336273 7.480315 181.300674 253.336273 12.992126 181.300674 254.517365 12.992126 183.662872 253.336273 12.992126 183.662872 253.336273 7.480315 183.662872 254.517365 7.480315 183.662872 254.517365 7.480315 182.088074 258.454376 7.480315 182.088074 258.454376 12.992126 182.088074 254.517365 12.992126 182.088074 258.950470 12.307123 180.321213 258.848083 12.204724 179.725861 259.220642 12.577283 180.861542 259.220642 8.267716 180.861542 258.950470 8.267716 180.321213 258.950470 8.165318 180.321213 259.220642 7.895158 180.861542 258.848083 8.267716 179.725861 215.147293 -1.574803 200.768021 221.446503 1.574803 198.865982 221.446503 1.574803 198.623505 215.147293 1.574803 200.768021 215.482712 1.574803 198.623505 215.611862 1.574803 198.623505 215.147293 1.968504 204.529022 215.147293 1.968504 200.768021 221.446503 1.968504 204.529022 221.446503 1.968504 198.865982 213.178787 1.968504 204.529022 213.178787 1.968504 207.531250 223.121689 1.968504 204.529022 273.808136 -1.181102 189.224350 273.808136 1.181102 189.224350 273.808136 1.574803 189.224350 273.804901 1.574803 191.692871 273.804901 -1.574803 191.692871 273.808136 -1.574803 189.224350 274.493713 -1.968504 187.801529 274.223541 -1.968504 188.341858 273.808716 -1.968504 188.780991 273.808716 -1.968504 189.224167 274.596100 -1.968504 187.206177 274.596100 1.968504 187.206177 279.320526 1.968504 187.206177 279.320526 -1.968504 187.206177 274.493713 1.968504 187.801529 274.223541 1.968504 188.341858 273.808716 1.968504 188.780991 273.808716 1.968504 189.224167 225.383514 -1.968504 197.677216 231.682724 -1.968504 195.775177 231.682724 -1.968504 196.261307 225.383514 -1.968504 203.846069 235.619736 -1.968504 196.261307 242.706345 -1.968504 196.261307 246.643356 -1.968504 196.261307 246.643356 -1.968504 191.257843 254.517365 -1.968504 190.355789 254.517365 -1.968504 195.049149 231.682724 -1.968504 201.944031 235.619736 -1.968504 200.755249 235.619736 -1.968504 194.586411 242.706345 -1.968504 192.446609 264.753601 -1.968504 187.993576 258.454376 -1.968504 190.355789 268.690613 -1.968504 187.993576 258.454376 -1.968504 193.860382 264.753601 -1.968504 190.355789 280.117920 -1.968504 185.315750 264.753601 -1.968504 191.958344 268.690613 -1.968504 190.355789 268.690613 -1.968504 190.769577 286.013428 -1.968504 179.370132 286.241028 -1.968504 180.123917 284.369537 -1.968504 180.964767 282.687378 -1.968504 182.139465 281.253448 -1.968504 183.606918 279.629822 1.201045 187.112793 279.629822 -1.201045 187.112793 279.786438 -0.403697 187.065506 279.786438 0.403697 187.065506 280.117920 1.968504 185.315750 286.241028 1.968504 180.123917 284.369537 1.968504 180.964767 284.492767 1.201045 181.182037 286.313538 1.201045 180.363998 284.555145 0.403697 181.292053 284.555145 -0.403697 181.292053 286.350220 -0.403697 180.485550 286.350220 0.403697 180.485550 280.449402 -0.403697 185.493774 280.337982 -1.201045 185.433929 280.337982 1.201045 185.433929 280.449402 0.403697 185.493774 281.253448 1.968504 183.606918 281.447662 -1.201045 183.764023 281.545990 -0.403697 183.843552 281.545990 0.403697 183.843552 281.447662 1.201045 183.764023 282.687378 1.968504 182.139465 282.848938 -1.201045 182.329987 282.930725 -0.403697 182.426453 282.930725 0.403697 182.426453 282.848938 1.201045 182.329987 284.492767 -1.201045 181.182037 286.313538 -1.201045 180.363998 286.013428 1.968504 179.370132 268.690613 1.968504 190.769577 268.690613 1.574803 190.769577 213.178787 1.574803 209.998795 213.178787 -1.574803 209.998795 254.517365 -1.574803 197.516693 254.517365 1.574803 197.516693 231.682724 -1.181102 195.775177 225.383514 1.968504 197.677216 231.682724 1.968504 195.775177 231.682724 1.574803 195.775177 235.619736 -1.181102 194.586411 235.619736 1.574803 194.586411 242.706345 -1.574803 192.446609 242.706345 1.574803 192.446609 243.111465 1.574803 192.324295 243.111465 -1.574803 192.324295 235.619736 1.968504 194.586411 242.706345 1.968504 192.446609 213.178787 1.574803 207.531250 213.178787 -1.574803 207.531250 213.178787 -1.968504 204.529022 213.178787 -1.968504 207.531250 215.147293 -1.968504 204.529022 215.147293 -1.968504 200.768021 254.517365 1.574803 195.049149 235.619736 1.574803 200.755249 231.682724 1.574803 201.944031 222.249557 1.574803 200.592010 225.182724 1.574803 200.592010 225.383514 1.574803 203.846069 223.121689 1.574803 204.529022 246.643356 1.574803 192.324295 242.706345 1.574803 196.261307 246.643356 1.574803 196.261307 225.383514 1.968504 203.846069 231.682724 1.968504 201.944031 231.682724 -1.574803 201.944031 225.383514 -1.574803 203.846069 221.446503 -1.574803 198.623505 221.446503 -1.574803 198.865982 235.619736 -1.574803 200.755249 265.194366 1.574803 194.292801 265.194366 -1.574803 194.292801 258.454376 1.574803 196.327927 258.454376 -1.574803 196.327927 254.517365 1.574803 190.355789 254.517365 1.968504 190.355789 254.517365 1.968504 195.049149 254.517365 -1.574803 190.355789 254.517365 -1.574803 195.049149 264.753601 -1.574803 194.292801 264.753601 1.574803 194.292801 264.753601 1.574803 194.425888 264.753601 -1.574803 194.425888 258.454376 -1.574803 190.355789 258.454376 -1.574803 193.860382 264.753601 -1.574803 191.958344 222.249557 -1.574803 200.592010 268.690613 -1.574803 190.769577 223.121689 -1.574803 204.529022 225.182724 -1.574803 200.592010 246.643356 1.968504 191.257843 221.446503 -1.968504 198.865982 221.446503 -1.968504 204.529022 223.121689 -1.968504 204.529022 268.690613 1.968504 187.993576 264.753601 1.968504 190.355789 268.690613 1.968504 190.355789 264.753601 1.968504 187.993576 258.454376 1.968504 190.355789 258.454376 1.968504 193.860382 264.753601 1.968504 191.958344 242.706345 1.968504 196.261307 235.619736 1.968504 196.261307 246.643356 1.968504 196.261307 235.619736 1.968504 200.755249 231.682724 1.968504 196.261307 258.454376 1.574803 190.355789 258.454376 1.574803 193.860382 246.643356 -1.574803 192.324295 231.682724 1.574803 196.261307 235.619736 1.574803 196.261307 264.753601 1.574803 191.958344 268.690613 1.574803 190.355789 246.643356 -1.574803 196.261307 264.753601 1.574803 190.355789 242.706345 -1.574803 196.261307 231.682724 -1.181102 196.261307 235.619736 -1.181102 196.261307 268.690613 -1.574803 190.355789 264.753601 -1.574803 190.355789 268.690613 -1.574803 187.993576 264.753601 -1.574803 187.993576 264.753601 1.574803 187.993576 268.690613 1.574803 187.993576 246.643356 -1.968504 190.355789 246.643356 1.968504 190.355789 240.737839 -1.574803 206.452942 240.737839 -1.968504 206.452942 245.352249 -1.968504 206.452942 240.737839 1.968504 206.452942 240.737839 1.574803 206.452942 245.352249 1.968504 206.452942 240.737839 1.968504 207.846237 240.737839 1.574803 207.846237 274.989807 1.968504 191.335083 268.690613 1.968504 193.237106 268.690613 1.968504 196.261307 274.989807 1.968504 195.473892 289.553406 1.968504 193.106476 290.350555 1.968504 191.154007 284.829010 1.968504 193.106476 296.290833 1.968504 184.903275 278.926819 1.968504 195.473892 294.623901 1.968504 186.583496 296.518433 1.968504 185.657059 292.928436 1.968504 187.837692 291.488098 1.968504 189.378174 284.726593 1.968504 193.701828 284.456451 1.968504 194.242157 268.690613 1.968504 198.623505 284.041595 1.968504 194.681274 284.041595 1.968504 194.770752 264.753601 1.968504 198.623505 264.753601 1.968504 194.425888 204.328629 1.968504 212.671082 206.035660 1.968504 218.324493 264.753601 1.968504 196.261307 268.690613 -1.968504 193.237106 274.989807 -1.968504 191.335083 274.989807 -1.968504 195.473892 268.690613 -1.968504 196.261307 264.753601 -1.968504 198.623505 278.926819 -1.968504 195.473892 268.690613 -1.968504 198.623505 296.290833 -1.968504 184.903275 294.623901 -1.968504 186.583496 296.518433 -1.968504 185.657059 292.928436 -1.968504 187.837692 291.488098 -1.968504 189.378174 284.829010 -1.968504 193.106476 290.350555 -1.968504 191.154007 284.726593 -1.968504 193.701828 284.456451 -1.968504 194.242157 284.041595 -1.968504 194.681274 284.041595 -1.968504 194.770752 206.035660 -1.968504 218.324493 204.328629 -1.968504 212.671082 264.753601 -1.968504 194.425888 264.753601 -1.968504 196.261307 289.553406 -1.968504 193.106476 288.234528 -1.968504 193.106476 289.858368 1.201045 193.014404 289.858368 -1.201045 193.014404 290.012756 0.403697 192.967773 290.012756 -0.403697 192.967773 268.690613 1.574803 193.237106 274.989807 -1.574803 191.536896 274.989807 1.574803 191.536896 278.926819 1.574803 191.536896 278.926819 -1.574803 191.536896 274.989807 -1.574803 195.473892 278.926819 -1.574803 195.473892 268.690613 1.574803 196.261307 264.753601 1.574803 196.261307 274.989807 1.574803 195.473892 278.926819 1.574803 195.473892 296.590942 1.201045 185.897141 296.627625 0.403697 186.018692 296.627625 -0.403697 186.018692 296.590942 -1.201045 185.897141 290.682892 0.403697 191.326447 290.682892 -0.403697 191.326447 290.571167 1.201045 191.268494 290.571167 -1.201045 191.268494 291.684357 -1.201045 189.530716 291.783691 -0.403697 189.607941 291.783691 0.403697 189.607941 291.684357 1.201045 189.530716 293.093781 -1.201045 188.023239 293.177521 -0.403697 188.117188 293.177521 0.403697 188.117188 293.093781 1.201045 188.023239 294.752930 -1.201045 186.795929 294.818237 -0.403697 186.903473 294.818237 0.403697 186.903473 294.752930 1.201045 186.795929 254.517365 -1.574803 196.252396 254.517365 1.574803 196.252396 258.454376 1.574803 196.252396 258.454376 -1.574803 196.252396 221.446503 3.149606 186.812485 221.446503 2.559055 186.970718 223.415009 2.854331 187.482147 223.415009 3.224705 187.382904 221.446503 2.126742 187.403030 223.415009 2.638174 187.698303 225.383514 8.267716 187.993576 223.415009 7.677166 187.993576 223.415009 7.598046 187.698303 225.383514 8.109479 187.403030 225.383514 2.559055 186.970718 225.383514 3.149606 186.812485 225.383514 2.126742 187.403030 223.415009 7.381890 187.482147 225.383514 7.677166 186.970718 223.415009 2.559055 187.993576 221.446503 8.267716 187.993576 221.446503 8.109479 187.403030 225.383514 12.204724 187.993576 221.446503 12.204724 187.993576 221.446503 7.086614 186.812485 223.415009 7.011516 187.382904 221.446503 -8.109479 187.403030 221.446503 -8.267716 187.993576 223.415009 -7.677166 187.993576 223.415009 -7.598046 187.698303 225.383514 -8.267716 187.993576 225.383514 -8.109479 187.403030 221.446503 -7.677166 186.970718 223.415009 -7.381890 187.482147 223.415009 -2.559055 187.993576 223.415009 -2.638174 187.698303 225.383514 -2.126742 187.403030 221.446503 -2.126742 187.403030 221.446503 7.677166 186.970718 225.383514 7.086614 186.812485 221.446503 12.204724 185.631378 221.446503 8.425197 182.442398 221.446503 5.905512 182.088074 221.446503 -5.905512 182.088074 221.446503 -8.425197 182.442398 221.446503 10.314960 183.151062 221.446503 -10.314960 183.151062 221.446503 11.574803 184.214050 221.446503 -11.574803 184.214050 221.446503 -2.559055 186.970718 221.446503 -3.149606 186.812485 221.446503 -12.204724 185.631378 221.446503 -12.204724 187.993576 221.446503 -7.086614 186.812485 223.415009 -2.854331 187.482147 225.383514 -2.559055 186.970718 225.383514 12.204724 185.631378 225.383514 5.905512 182.088074 225.383514 -5.905512 182.088074 225.383514 -12.204724 187.993576 225.383514 -12.204724 185.631378 225.383514 -11.574803 184.214050 225.383514 -7.086614 186.812485 225.383514 -7.677166 186.970718 225.383514 -8.425197 182.442398 225.383514 8.425197 182.442398 225.383514 10.314960 183.151062 225.383514 -10.314960 183.151062 225.383514 -3.149606 186.812485 225.383514 11.574803 184.214050 223.415009 -7.011516 187.382904 223.415009 -3.224705 187.382904 226.564621 -13.385827 200.198303 225.383514 -13.385827 200.198303 225.383514 -18.897638 200.198303 226.564621 -18.897638 200.198303 220.680237 -18.482794 197.396973 220.680237 -13.800670 197.396973 220.950409 -14.070829 196.856659 220.950409 -18.212635 196.856659 226.564621 -18.110237 197.836105 226.564621 -13.385827 197.836105 226.564621 -18.897638 197.836105 221.052795 -14.173228 196.261307 221.052795 -18.110237 196.261307 220.265396 -18.897638 197.836105 220.265396 -13.385827 197.836105 221.446503 -13.385827 200.198303 220.265396 -13.385827 200.198303 220.265396 -18.897638 200.198303 221.446503 -18.897638 200.198303 221.446503 -18.897638 198.623505 225.383514 -18.897638 198.623505 225.383514 -13.385827 198.623505 221.446503 -13.385827 198.623505 225.879608 -14.070829 196.856659 225.777206 -14.173228 196.261307 226.149765 -13.800670 197.396973 226.149765 -18.110237 197.396973 225.879608 -18.110237 196.856659 225.879608 -18.212635 196.856659 226.149765 -18.482794 197.396973 225.777206 -18.110237 196.261307 226.564621 18.897638 200.198303 225.383514 18.897638 200.198303 225.383514 13.385827 200.198303 226.564621 13.385827 200.198303 220.680237 13.800670 197.396973 220.680237 18.482794 197.396973 220.950409 18.212635 196.856659 220.950409 14.070829 196.856659 226.564621 14.173228 197.836105 226.564621 18.897638 197.836105 226.564621 13.385827 197.836105 221.052795 18.110237 196.261307 221.052795 14.173228 196.261307 220.265396 13.385827 197.836105 220.265396 18.897638 197.836105 221.446503 18.897638 200.198303 220.265396 18.897638 200.198303 220.265396 13.385827 200.198303 221.446503 13.385827 200.198303 221.446503 13.385827 198.623505 225.383514 13.385827 198.623505 225.383514 18.897638 198.623505 221.446503 18.897638 198.623505 225.879608 18.212635 196.856659 225.777206 18.110237 196.261307 226.149765 18.482794 197.396973 226.149765 14.173228 197.396973 225.879608 14.173228 196.856659 225.879608 14.070829 196.856659 226.149765 13.800670 197.396973 225.777206 14.173228 196.261307 221.446503 12.992126 195.080200 221.446503 3.149606 195.080200 223.415009 3.224705 195.650620 223.415009 12.917027 195.650620 223.415009 2.638174 195.966019 225.383514 2.126742 195.670746 225.383514 2.559055 195.238434 223.415009 2.854331 195.749863 223.415009 2.559055 196.261307 225.383514 1.968504 196.261307 221.446503 2.559055 195.238434 221.446503 2.126742 195.670746 225.383514 3.149606 195.080200 221.446503 1.968504 196.261307 223.415009 13.287401 195.749863 225.383514 12.992126 195.080200 225.383514 13.582677 195.238434 225.383514 14.173228 196.261307 223.415009 13.582677 196.261307 223.415009 13.503558 195.966019 225.383514 14.014991 195.670746 221.446503 14.014991 195.670746 221.446503 13.582677 195.238434 221.446503 14.173228 196.261307 225.383514 -1.968504 196.261307 223.415009 -2.559055 196.261307 223.415009 -2.638174 195.966019 225.383514 -2.126742 195.670746 225.383514 18.110237 196.261307 221.446503 18.110237 196.261307 221.446503 18.110237 193.899094 221.446503 15.275591 190.710114 221.446503 13.385827 190.355789 221.446503 -13.385827 190.355789 221.446503 -15.275591 190.710114 221.446503 16.692913 191.418777 221.446503 -16.692913 191.418777 221.446503 17.637794 192.481766 221.446503 1.574803 192.324295 221.446503 1.574803 196.261307 221.446503 -17.637794 192.481766 221.446503 -1.574803 192.324295 221.446503 -3.149606 195.080200 221.446503 -2.559055 195.238434 221.446503 -2.126742 195.670746 221.446503 -1.574803 196.261307 221.446503 -18.110237 193.899094 221.446503 -1.968504 196.261307 221.446503 -18.110237 196.261307 221.446503 -12.992126 195.080200 221.446503 -13.582677 195.238434 221.446503 -14.014991 195.670746 221.446503 -14.173228 196.261307 225.383514 -1.574803 196.261307 225.383514 -13.385827 190.355789 225.383514 -15.275591 190.710114 225.383514 -1.574803 192.324295 225.383514 1.574803 192.324295 225.383514 -18.110237 196.261307 225.383514 -18.110237 193.899094 225.383514 -12.992126 195.080200 225.383514 -13.582677 195.238434 225.383514 -14.014991 195.670746 225.383514 -14.173228 196.261307 225.383514 13.385827 190.355789 225.383514 15.275591 190.710114 225.383514 -16.692913 191.418777 225.383514 16.692913 191.418777 225.383514 -17.637794 192.481766 225.383514 -3.149606 195.080200 225.383514 -2.559055 195.238434 225.383514 17.637794 192.481766 225.383514 1.574803 196.261307 225.383514 18.110237 193.899094 223.415009 -13.582677 196.261307 223.415009 -13.503558 195.966019 223.415009 -13.287401 195.749863 223.415009 -12.917027 195.650620 223.415009 -3.224705 195.650620 223.415009 -2.854331 195.749863 226.564621 -7.480315 191.930588 225.383514 -7.480315 191.930588 225.383514 -12.992126 191.930588 226.564621 -12.992126 191.930588 220.680237 -12.577283 189.129257 220.680237 -7.895158 189.129257 220.950409 -8.165318 188.588943 220.950409 -12.307123 188.588943 226.564621 -12.204724 189.568390 226.564621 -7.480315 189.568390 226.564621 -12.992126 189.568390 221.052795 -8.267716 187.993576 221.052795 -12.204724 187.993576 220.265396 -12.992126 189.568390 220.265396 -7.480315 189.568390 221.446503 -7.480315 191.930588 220.265396 -7.480315 191.930588 220.265396 -12.992126 191.930588 221.446503 -12.992126 191.930588 221.446503 -12.992126 190.355789 225.383514 -12.992126 190.355789 225.383514 -7.480315 190.355789 221.446503 -7.480315 190.355789 225.879608 -8.165318 188.588943 225.777206 -8.267716 187.993576 226.149765 -7.895158 189.129257 226.149765 -12.204724 189.129257 225.879608 -12.204724 188.588943 225.879608 -12.307123 188.588943 226.149765 -12.577283 189.129257 225.777206 -12.204724 187.993576 226.564621 12.992126 191.930588 225.383514 12.992126 191.930588 225.383514 7.480315 191.930588 226.564621 7.480315 191.930588 220.680237 7.895158 189.129257 220.680237 12.577283 189.129257 220.950409 12.307123 188.588943 220.950409 8.165318 188.588943 226.564621 8.267716 189.568390 226.564621 12.992126 189.568390 226.564621 7.480315 189.568390 221.052795 12.204724 187.993576 221.052795 8.267716 187.993576 220.265396 7.480315 189.568390 220.265396 12.992126 189.568390 221.446503 12.992126 191.930588 220.265396 12.992126 191.930588 220.265396 7.480315 191.930588 221.446503 7.480315 191.930588 221.446503 7.480315 190.355789 225.383514 7.480315 190.355789 225.383514 12.992126 190.355789 221.446503 12.992126 190.355789 225.879608 12.307123 188.588943 225.777206 12.204724 187.993576 226.149765 12.577283 189.129257 226.149765 8.267716 189.129257 225.879608 8.267716 188.588943 225.879608 8.165318 188.588943 226.149765 7.895158 189.129257 225.777206 8.267716 187.993576 231.682724 3.149606 178.544769 231.682724 2.559055 178.703003 233.651230 2.854331 179.214432 233.651230 3.224705 179.115189 231.682724 2.126742 179.135315 233.651230 2.638174 179.430588 235.619736 8.267716 179.725861 233.651230 7.677166 179.725861 233.651230 7.598046 179.430588 235.619736 8.109479 179.135315 235.619736 2.559055 178.703003 235.619736 3.149606 178.544769 235.619736 2.126742 179.135315 233.651230 7.381890 179.214432 235.619736 7.677166 178.703003 233.651230 2.559055 179.725861 231.682724 8.267716 179.725861 231.682724 8.109479 179.135315 235.619736 12.204724 179.725861 231.682724 12.204724 179.725861 231.682724 7.086614 178.544769 233.651230 7.011516 179.115189 231.682724 -8.109479 179.135315 231.682724 -8.267716 179.725861 233.651230 -7.677166 179.725861 233.651230 -7.598046 179.430588 235.619736 -8.267716 179.725861 235.619736 -8.109479 179.135315 231.682724 -7.677166 178.703003 233.651230 -7.381890 179.214432 233.651230 -2.559055 179.725861 233.651230 -2.638174 179.430588 235.619736 -2.126742 179.135315 231.682724 -2.126742 179.135315 231.682724 7.677166 178.703003 235.619736 7.086614 178.544769 231.682724 12.204724 177.363663 231.682724 8.425197 174.174683 231.682724 5.905512 173.820358 231.682724 -5.905512 173.820358 231.682724 -8.425197 174.174683 231.682724 10.314960 174.883347 231.682724 -10.314960 174.883347 231.682724 11.574803 175.946335 231.682724 -11.574803 175.946335 231.682724 -2.559055 178.703003 231.682724 -3.149606 178.544769 231.682724 -12.204724 177.363663 231.682724 -12.204724 179.725861 231.682724 -7.086614 178.544769 233.651230 -2.854331 179.214432 235.619736 -2.559055 178.703003 235.619736 12.204724 177.363663 235.619736 5.905512 173.820358 235.619736 -5.905512 173.820358 235.619736 -12.204724 179.725861 235.619736 -12.204724 177.363663 235.619736 -11.574803 175.946335 235.619736 -7.086614 178.544769 235.619736 -7.677166 178.703003 235.619736 -8.425197 174.174683 235.619736 8.425197 174.174683 235.619736 10.314960 174.883347 235.619736 -10.314960 174.883347 235.619736 -3.149606 178.544769 235.619736 11.574803 175.946335 233.651230 -7.011516 179.115189 233.651230 -3.224705 179.115189 236.800827 -13.385827 191.930588 235.619736 -13.385827 191.930588 235.619736 -18.897638 191.930588 236.800827 -18.897638 191.930588 230.916458 -18.482794 189.129257 230.916458 -13.800670 189.129257 231.186630 -14.070829 188.588943 231.186630 -18.212635 188.588943 236.800827 -18.110237 189.568390 236.800827 -13.385827 189.568390 236.800827 -18.897638 189.568390 231.289017 -14.173228 187.993576 231.289017 -18.110237 187.993576 230.501617 -18.897638 189.568390 230.501617 -13.385827 189.568390 231.682724 -13.385827 191.930588 230.501617 -13.385827 191.930588 230.501617 -18.897638 191.930588 231.682724 -18.897638 191.930588 231.682724 -18.897638 190.355789 235.619736 -18.897638 190.355789 235.619736 -13.385827 190.355789 231.682724 -13.385827 190.355789 236.115829 -14.070829 188.588943 236.013428 -14.173228 187.993576 236.385986 -13.800670 189.129257 236.385986 -18.110237 189.129257 236.115829 -18.110237 188.588943 236.115829 -18.212635 188.588943 236.385986 -18.482794 189.129257 236.013428 -18.110237 187.993576 236.800827 18.897638 191.930588 235.619736 18.897638 191.930588 235.619736 13.385827 191.930588 236.800827 13.385827 191.930588 230.916458 13.800670 189.129257 230.916458 18.482794 189.129257 231.186630 18.212635 188.588943 231.186630 14.070829 188.588943 236.800827 14.173228 189.568390 236.800827 18.897638 189.568390 236.800827 13.385827 189.568390 231.289017 18.110237 187.993576 231.289017 14.173228 187.993576 230.501617 13.385827 189.568390 230.501617 18.897638 189.568390 231.682724 18.897638 191.930588 230.501617 18.897638 191.930588 230.501617 13.385827 191.930588 231.682724 13.385827 191.930588 231.682724 13.385827 190.355789 235.619736 13.385827 190.355789 235.619736 18.897638 190.355789 231.682724 18.897638 190.355789 236.115829 18.212635 188.588943 236.013428 18.110237 187.993576 236.385986 18.482794 189.129257 236.385986 14.173228 189.129257 236.115829 14.173228 188.588943 236.115829 14.070829 188.588943 236.385986 13.800670 189.129257 236.013428 14.173228 187.993576 231.682724 12.992126 186.812485 231.682724 3.149606 186.812485 233.651230 3.224705 187.382904 233.651230 12.917027 187.382904 233.651230 2.638174 187.698303 235.619736 2.126742 187.403030 235.619736 2.559055 186.970718 233.651230 2.854331 187.482147 233.651230 2.559055 187.993576 231.682724 2.559055 186.970718 231.682724 2.126742 187.403030 235.619736 3.149606 186.812485 233.651230 13.287401 187.482147 235.619736 12.992126 186.812485 235.619736 13.582677 186.970718 235.619736 14.173228 187.993576 233.651230 13.582677 187.993576 233.651230 13.503558 187.698303 235.619736 14.014991 187.403030 231.682724 14.014991 187.403030 231.682724 13.582677 186.970718 231.682724 14.173228 187.993576 233.651230 -2.559055 187.993576 233.651230 -2.638174 187.698303 235.619736 -2.126742 187.403030 235.619736 18.110237 187.993576 231.682724 18.110237 187.993576 231.682724 18.110237 185.631378 231.682724 15.275591 182.442398 231.682724 13.385827 182.088074 231.682724 -13.385827 182.088074 231.682724 -15.275591 182.442398 231.682724 16.692913 183.151062 231.682724 -16.692913 183.151062 231.682724 17.637794 184.214050 231.682724 -17.637794 184.214050 231.682724 -3.149606 186.812485 231.682724 -2.559055 186.970718 231.682724 -2.126742 187.403030 231.682724 -18.110237 185.631378 231.682724 -18.110237 187.993576 231.682724 -12.992126 186.812485 231.682724 -13.582677 186.970718 231.682724 -14.014991 187.403030 231.682724 -14.173228 187.993576 235.619736 -13.385827 182.088074 235.619736 -15.275591 182.442398 235.619736 -18.110237 187.993576 235.619736 -18.110237 185.631378 235.619736 -12.992126 186.812485 235.619736 -13.582677 186.970718 235.619736 -14.014991 187.403030 235.619736 -14.173228 187.993576 235.619736 13.385827 182.088074 235.619736 15.275591 182.442398 235.619736 -16.692913 183.151062 235.619736 16.692913 183.151062 235.619736 -17.637794 184.214050 235.619736 -3.149606 186.812485 235.619736 -2.559055 186.970718 235.619736 17.637794 184.214050 235.619736 18.110237 185.631378 233.651230 -13.582677 187.993576 233.651230 -13.503558 187.698303 233.651230 -13.287401 187.482147 233.651230 -12.917027 187.382904 233.651230 -3.224705 187.382904 233.651230 -2.854331 187.482147 235.619736 -1.574803 196.252396 235.619736 -1.574803 192.324295 231.682724 -1.574803 192.324295 231.682724 -1.574803 196.252396 231.682724 1.574803 192.324295 235.619736 1.574803 192.324295 235.619736 1.574803 196.252396 231.682724 1.574803 196.252396 231.682724 -18.897638 196.252396 235.619736 -18.897638 196.252396 235.619736 18.897638 196.252396 231.682724 18.897638 196.252396 246.643356 -1.574803 187.984680 246.643356 -1.574803 184.056580 242.706345 -1.574803 184.056580 242.706345 -1.574803 187.984680 242.706345 1.574803 184.056580 246.643356 1.574803 184.056580 246.643356 1.574803 187.984680 242.706345 1.574803 187.984680 242.706345 -18.897638 187.984680 246.643356 -18.897638 187.984680 246.643356 18.897638 187.984680 242.706345 18.897638 187.984680 246.643356 -1.574803 196.243500 246.643356 -1.574803 192.315384 242.706345 -1.574803 192.315384 242.706345 -1.574803 196.243500 242.706345 1.574803 192.315384 246.643356 1.574803 192.315384 246.643356 1.574803 196.243500 242.706345 1.574803 196.243500 242.706345 -19.685040 196.243500 246.643356 -19.685040 196.243500 246.643356 19.685040 196.243500 242.706345 19.685040 196.243500 278.926819 -1.574803 212.000427 274.989807 -1.574803 212.000427 278.926819 1.574803 212.000427 274.989807 1.574803 212.000427 274.989807 18.897638 212.000427 274.989807 18.897638 206.103821 274.989807 -18.897638 206.103821 274.989807 -18.897638 212.000427 278.926819 18.897638 212.000427 278.926819 -18.897638 206.103821 278.926819 -18.897638 212.000427 278.926819 18.897638 206.103821 243.887451 7.480315 173.032959 245.462250 7.480315 173.820358 245.462250 7.480315 173.032959 243.887451 7.480315 173.820358 243.887451 8.267716 171.458145 243.887451 7.895158 172.593826 243.887451 8.165318 172.053497 245.462250 8.267716 171.458145 245.462250 7.895158 172.593826 245.462250 8.165318 172.053497 246.249649 2.126742 170.867599 246.249649 1.968504 171.458145 246.643356 2.126742 170.867599 246.249649 7.086614 170.277054 246.643356 7.086614 170.277054 246.643356 7.677166 170.435287 246.249649 7.677166 170.435287 246.249649 2.559055 170.435287 246.643356 2.559055 170.435287 246.643356 3.149606 170.277054 246.249649 3.149606 170.277054 246.249649 8.267716 171.458145 246.249649 8.109479 170.867599 246.643356 8.109479 170.867599 246.643356 8.267716 171.458145 243.100052 -1.968504 171.458145 242.706345 -8.267716 171.458145 242.706345 -12.204724 171.458145 246.249649 -8.267716 171.458145 243.100052 -8.267716 171.458145 246.249649 -1.968504 171.458145 246.643356 -12.204724 171.458145 246.643356 -8.267716 171.458145 246.643356 12.204724 169.095947 242.706345 12.204724 169.095947 242.706345 12.204724 171.458145 246.643356 12.204724 171.458145 242.706345 7.086614 170.277054 242.706345 7.677166 170.435287 242.706345 8.109479 170.867599 242.706345 8.267716 171.458145 242.706345 8.897637 165.906967 242.706345 6.692914 165.552643 242.706345 -6.692914 165.552643 242.706345 -8.897637 165.906967 242.706345 10.551181 166.615631 242.706345 -10.551181 166.615631 242.706345 11.653543 167.678619 242.706345 2.559055 170.435287 242.706345 2.126742 170.867599 242.706345 3.149606 170.277054 242.706345 -11.653543 167.678619 242.706345 -2.559055 170.435287 242.706345 -2.126742 170.867599 242.706345 -3.149606 170.277054 242.706345 -12.204724 169.095947 242.706345 -7.086614 170.277054 242.706345 -7.677166 170.435287 242.706345 -8.109479 170.867599 246.643356 -12.204724 169.095947 246.643356 6.692914 165.552643 246.643356 -6.692914 165.552643 243.100052 -8.109479 170.867599 243.100052 1.968504 171.458145 243.100052 2.126742 170.867599 246.249649 -2.559055 170.435287 246.249649 -3.149606 170.277054 246.643356 -3.149606 170.277054 246.643356 -2.559055 170.435287 243.100052 -7.677166 170.435287 243.100052 -2.559055 170.435287 243.100052 -3.149606 170.277054 243.100052 -7.086614 170.277054 243.100052 -2.126742 170.867599 246.643356 11.653543 167.678619 246.643356 -7.677166 170.435287 246.249649 -7.677166 170.435287 246.249649 -8.109479 170.867599 246.643356 -8.109479 170.867599 246.249649 -7.086614 170.277054 246.643356 -7.086614 170.277054 246.643356 8.897637 165.906967 243.100052 2.559055 170.435287 246.643356 10.551181 166.615631 246.643356 -2.126742 170.867599 246.249649 -2.126742 170.867599 243.100052 7.086614 170.277054 243.100052 7.677166 170.435287 243.100052 8.109479 170.867599 243.100052 3.149606 170.277054 243.100052 8.267716 171.458145 246.643356 -10.551181 166.615631 246.643356 -11.653543 167.678619 246.643356 -8.897637 165.906967 243.887451 -7.480315 173.032959 245.462250 -7.480315 173.032959 245.462250 -7.480315 173.820358 243.887451 -7.480315 173.820358 243.887451 -8.267716 171.458145 243.887451 -7.895158 172.593826 243.887451 -8.165318 172.053497 245.462250 -8.267716 171.458145 245.462250 -7.895158 172.593826 245.462250 -8.165318 172.053497 247.824463 -7.480315 175.395157 246.643356 -7.480315 175.395157 246.643356 -12.992126 175.395157 247.824463 -12.992126 175.395157 241.940094 -12.577283 172.593826 241.940094 -7.895158 172.593826 242.210251 -8.165318 172.053497 242.210251 -12.307123 172.053497 247.824463 -12.204724 173.032959 247.824463 -7.480315 173.032959 247.824463 -12.992126 173.032959 242.312653 -8.267716 171.458145 242.312653 -12.204724 171.458145 241.525238 -12.992126 173.032959 241.525238 -7.480315 173.032959 242.706345 -7.480315 175.395157 241.525238 -7.480315 175.395157 241.525238 -12.992126 175.395157 242.706345 -12.992126 175.395157 242.706345 -12.992126 173.820358 246.643356 -12.992126 173.820358 246.643356 -7.480315 173.820358 242.706345 -7.480315 173.820358 247.139450 -8.165318 172.053497 247.037048 -8.267716 171.458145 247.409607 -7.895158 172.593826 247.409607 -12.204724 172.593826 247.139450 -12.204724 172.053497 247.139450 -12.307123 172.053497 247.409607 -12.577283 172.593826 247.037048 -12.204724 171.458145 236.800827 12.992126 183.662872 235.619736 12.992126 183.662872 235.619736 7.480315 183.662872 236.800827 7.480315 183.662872 230.916458 7.895158 180.861542 230.916458 12.577283 180.861542 231.186630 12.307123 180.321213 231.186630 8.165318 180.321213 236.800827 8.267716 181.300674 236.800827 12.992126 181.300674 236.800827 7.480315 181.300674 231.289017 12.204724 179.725861 231.289017 8.267716 179.725861 230.501617 7.480315 181.300674 230.501617 12.992126 181.300674 231.682724 12.992126 183.662872 230.501617 12.992126 183.662872 230.501617 7.480315 183.662872 231.682724 7.480315 183.662872 231.682724 7.480315 182.088074 235.619736 7.480315 182.088074 235.619736 12.992126 182.088074 231.682724 12.992126 182.088074 236.115829 12.307123 180.321213 236.013428 12.204724 179.725861 236.385986 12.577283 180.861542 236.385986 8.267716 180.861542 236.115829 8.267716 180.321213 236.115829 8.165318 180.321213 236.385986 7.895158 180.861542 236.013428 8.267716 179.725861 274.989807 3.149606 194.292801 274.989807 2.559055 194.451035 276.958313 2.854331 194.962463 276.958313 3.224705 194.863220 274.989807 2.126742 194.883347 276.958313 2.638174 195.178619 278.926819 8.267716 195.473892 276.958313 7.677166 195.473892 276.958313 7.598046 195.178619 278.926819 8.109479 194.883347 278.926819 2.559055 194.451035 278.926819 3.149606 194.292801 278.926819 2.126742 194.883347 276.958313 7.381890 194.962463 278.926819 7.677166 194.451035 276.958313 2.559055 195.473892 274.989807 8.267716 195.473892 274.989807 8.109479 194.883347 278.926819 12.204724 195.473892 274.989807 12.204724 195.473892 274.989807 7.086614 194.292801 276.958313 7.011516 194.863220 274.989807 -8.109479 194.883347 274.989807 -8.267716 195.473892 276.958313 -7.677166 195.473892 276.958313 -7.598046 195.178619 278.926819 -8.267716 195.473892 278.926819 -8.109479 194.883347 274.989807 -7.677166 194.451035 276.958313 -7.381890 194.962463 276.958313 -2.559055 195.473892 276.958313 -2.638174 195.178619 278.926819 -2.126742 194.883347 274.989807 -2.126742 194.883347 274.989807 7.677166 194.451035 278.926819 7.086614 194.292801 274.989807 12.204724 193.111694 274.989807 8.425197 189.922714 274.989807 5.905512 189.568390 274.989807 -5.905512 189.568390 274.989807 -8.425197 189.922714 274.989807 10.314960 190.631378 274.989807 -10.314960 190.631378 274.989807 11.574803 191.694366 274.989807 -11.574803 191.694366 274.989807 -2.559055 194.451035 274.989807 -3.149606 194.292801 274.989807 -12.204724 193.111694 274.989807 -12.204724 195.473892 274.989807 -7.086614 194.292801 276.958313 -2.854331 194.962463 278.926819 -2.559055 194.451035 278.926819 12.204724 193.111694 278.926819 5.905512 189.568390 278.926819 -5.905512 189.568390 278.926819 -12.204724 195.473892 278.926819 -12.204724 193.111694 278.926819 -11.574803 191.694366 278.926819 -7.086614 194.292801 278.926819 -7.677166 194.451035 278.926819 -8.425197 189.922714 278.926819 8.425197 189.922714 278.926819 10.314960 190.631378 278.926819 -10.314960 190.631378 278.926819 -3.149606 194.292801 278.926819 11.574803 191.694366 276.958313 -7.011516 194.863220 276.958313 -3.224705 194.863220 280.107910 -13.385827 207.678619 278.926819 -13.385827 207.678619 278.926819 -18.897638 207.678619 280.107910 -18.897638 207.678619 274.223541 -18.482794 204.877289 274.223541 -13.800670 204.877289 274.493713 -14.070829 204.336975 274.493713 -18.212635 204.336975 280.107910 -18.110237 205.316422 280.107910 -13.385827 205.316422 280.107910 -18.897638 205.316422 274.596100 -14.173228 203.741608 274.596100 -18.110237 203.741608 273.808716 -18.897638 205.316422 273.808716 -13.385827 205.316422 274.989807 -13.385827 207.678619 273.808716 -13.385827 207.678619 273.808716 -18.897638 207.678619 274.989807 -18.897638 207.678619 278.926819 -13.385827 206.103821 274.989807 -13.385827 206.103821 279.422913 -14.070829 204.336975 279.320526 -14.173228 203.741608 279.693085 -13.800670 204.877289 279.693085 -18.110237 204.877289 279.422913 -18.110237 204.336975 279.422913 -18.212635 204.336975 279.693085 -18.482794 204.877289 279.320526 -18.110237 203.741608 274.989807 13.385827 197.836105 278.926819 13.385827 197.836105 278.926819 -13.385827 197.836105 278.926819 -2.559055 202.718750 278.926819 -2.126742 203.151062 278.926819 -1.968504 203.741608 278.926819 -3.149606 202.560516 278.926819 -12.992126 202.560516 278.926819 -13.582677 202.718750 278.926819 -15.275591 198.190430 278.926819 -14.014991 203.151062 278.926819 -14.173228 203.741608 278.926819 -18.110237 203.741608 278.926819 -16.692913 198.899094 278.926819 -17.637794 199.962082 278.926819 -18.110237 201.379410 278.926819 17.637794 199.962082 278.926819 18.110237 201.379410 278.926819 18.110237 203.741608 278.926819 14.173228 203.741608 278.926819 16.692913 198.899094 278.926819 15.275591 198.190430 278.926819 14.014991 203.151062 278.926819 13.582677 202.718750 278.926819 12.992126 202.560516 278.926819 3.149606 202.560516 278.926819 2.559055 202.718750 278.926819 2.126742 203.151062 278.926819 1.968504 203.741608 274.989807 14.173228 203.741608 274.989807 18.110237 203.741608 274.989807 18.110237 201.379410 274.989807 17.637794 199.962082 274.989807 16.692913 198.899094 274.989807 15.275591 198.190430 274.989807 14.014991 203.151062 274.989807 13.582677 202.718750 274.989807 12.992126 202.560516 274.989807 3.149606 202.560516 274.989807 2.559055 202.718750 274.989807 2.126742 203.151062 274.989807 1.968504 203.741608 274.989807 -1.968504 203.741608 274.989807 -2.126742 203.151062 274.989807 -2.559055 202.718750 274.989807 -13.385827 197.836105 274.989807 -3.149606 202.560516 274.989807 -12.992126 202.560516 274.989807 -13.582677 202.718750 274.989807 -15.275591 198.190430 274.989807 -14.014991 203.151062 274.989807 -14.173228 203.741608 274.989807 -18.110237 203.741608 274.989807 -16.692913 198.899094 274.989807 -17.637794 199.962082 274.989807 -18.110237 201.379410 276.958313 3.224705 203.130936 276.958313 12.917027 203.130936 276.958313 2.854331 203.230179 276.958313 2.638174 203.446335 276.958313 2.559055 203.741608 276.958313 13.287401 203.230179 276.958313 13.503558 203.446335 276.958313 13.582677 203.741608 276.958313 -2.638174 203.446335 276.958313 -2.559055 203.741608 276.958313 -13.503558 203.446335 276.958313 -13.582677 203.741608 276.958313 -13.287401 203.230179 276.958313 -12.917027 203.130936 276.958313 -3.224705 203.130936 276.958313 -2.854331 203.230179 280.107910 18.897638 207.678619 278.926819 18.897638 207.678619 278.926819 13.385827 207.678619 280.107910 13.385827 207.678619 274.223541 13.800670 204.877289 274.223541 18.482794 204.877289 274.493713 18.212635 204.336975 274.493713 14.070829 204.336975 280.107910 14.173228 205.316422 280.107910 18.897638 205.316422 280.107910 13.385827 205.316422 274.596100 18.110237 203.741608 274.596100 14.173228 203.741608 273.808716 13.385827 205.316422 273.808716 18.897638 205.316422 274.989807 18.897638 207.678619 273.808716 18.897638 207.678619 273.808716 13.385827 207.678619 274.989807 13.385827 207.678619 274.989807 13.385827 206.103821 278.926819 13.385827 206.103821 279.422913 18.212635 204.336975 279.320526 18.110237 203.741608 279.693085 18.482794 204.877289 279.693085 14.173228 204.877289 279.422913 14.173228 204.336975 279.422913 14.070829 204.336975 279.693085 13.800670 204.877289 279.320526 14.173228 203.741608 280.107910 -7.480315 199.410904 278.926819 -7.480315 199.410904 278.926819 -12.992126 199.410904 280.107910 -12.992126 199.410904 274.223541 -12.577283 196.609573 274.223541 -7.895158 196.609573 274.493713 -8.165318 196.069244 274.493713 -12.307123 196.069244 280.107910 -12.204724 197.048706 280.107910 -7.480315 197.048706 280.107910 -12.992126 197.048706 274.596100 -8.267716 195.473892 274.596100 -12.204724 195.473892 273.808716 -12.992126 197.048706 273.808716 -7.480315 197.048706 274.989807 -7.480315 199.410904 273.808716 -7.480315 199.410904 273.808716 -12.992126 199.410904 274.989807 -12.992126 199.410904 274.989807 -12.992126 197.836105 278.926819 -12.992126 197.836105 278.926819 -7.480315 197.836105 274.989807 -7.480315 197.836105 279.422913 -8.165318 196.069244 279.320526 -8.267716 195.473892 279.693085 -7.895158 196.609573 279.693085 -12.204724 196.609573 279.422913 -12.204724 196.069244 279.422913 -12.307123 196.069244 279.693085 -12.577283 196.609573 279.320526 -12.204724 195.473892 280.107910 12.992126 199.410904 278.926819 12.992126 199.410904 278.926819 7.480315 199.410904 280.107910 7.480315 199.410904 274.223541 7.895158 196.609573 274.223541 12.577283 196.609573 274.493713 12.307123 196.069244 274.493713 8.165318 196.069244 280.107910 8.267716 197.048706 280.107910 12.992126 197.048706 280.107910 7.480315 197.048706 274.596100 12.204724 195.473892 274.596100 8.267716 195.473892 273.808716 7.480315 197.048706 273.808716 12.992126 197.048706 274.989807 12.992126 199.410904 273.808716 12.992126 199.410904 273.808716 7.480315 199.410904 274.989807 7.480315 199.410904 274.989807 7.480315 197.836105 278.926819 7.480315 197.836105 278.926819 12.992126 197.836105 274.989807 12.992126 197.836105 279.422913 12.307123 196.069244 279.320526 12.204724 195.473892 279.693085 12.577283 196.609573 279.693085 8.267716 196.609573 279.422913 8.267716 196.069244 279.422913 8.165318 196.069244 279.693085 7.895158 196.609573 279.320526 8.267716 195.473892 264.753601 3.149606 186.812485 264.753601 2.559055 186.970718 266.722107 2.854331 187.482147 266.722107 3.224705 187.382904 264.753601 2.126742 187.403030 266.722107 2.638174 187.698303 268.690613 8.267716 187.993576 266.722107 7.677166 187.993576 266.722107 7.598046 187.698303 268.690613 8.109479 187.403030 268.690613 2.559055 186.970718 268.690613 3.149606 186.812485 268.690613 2.126742 187.403030 266.722107 7.381890 187.482147 268.690613 7.677166 186.970718 266.722107 2.559055 187.993576 264.753601 8.267716 187.993576 264.753601 8.109479 187.403030 268.690613 12.204724 187.993576 264.753601 12.204724 187.993576 264.753601 7.086614 186.812485 266.722107 7.011516 187.382904 264.753601 -8.109479 187.403030 264.753601 -8.267716 187.993576 266.722107 -7.677166 187.993576 266.722107 -7.598046 187.698303 268.690613 -8.267716 187.993576 268.690613 -8.109479 187.403030 264.753601 -7.677166 186.970718 266.722107 -7.381890 187.482147 266.722107 -2.559055 187.993576 266.722107 -2.638174 187.698303 268.690613 -2.126742 187.403030 264.753601 -2.126742 187.403030 264.753601 7.677166 186.970718 268.690613 7.086614 186.812485 264.753601 12.204724 185.631378 264.753601 8.425197 182.442398 264.753601 5.905512 182.088074 264.753601 -5.905512 182.088074 264.753601 -8.425197 182.442398 264.753601 10.314960 183.151062 264.753601 -10.314960 183.151062 264.753601 11.574803 184.214050 264.753601 -11.574803 184.214050 264.753601 -2.559055 186.970718 264.753601 -3.149606 186.812485 264.753601 -12.204724 185.631378 264.753601 -12.204724 187.993576 264.753601 -7.086614 186.812485 266.722107 -2.854331 187.482147 268.690613 -2.559055 186.970718 268.690613 12.204724 185.631378 268.690613 5.905512 182.088074 268.690613 -5.905512 182.088074 268.690613 -12.204724 187.993576 268.690613 -12.204724 185.631378 268.690613 -11.574803 184.214050 268.690613 -7.086614 186.812485 268.690613 -7.677166 186.970718 268.690613 -8.425197 182.442398 268.690613 8.425197 182.442398 268.690613 10.314960 183.151062 268.690613 -10.314960 183.151062 268.690613 -3.149606 186.812485 268.690613 11.574803 184.214050 266.722107 -7.011516 187.382904 266.722107 -3.224705 187.382904 269.871704 -13.385827 200.198303 268.690613 -13.385827 200.198303 268.690613 -18.897638 200.198303 269.871704 -18.897638 200.198303 263.987335 -18.482794 197.396973 263.987335 -13.800670 197.396973 264.257477 -14.070829 196.856659 264.257477 -18.212635 196.856659 269.871704 -18.110237 197.836105 269.871704 -13.385827 197.836105 269.871704 -18.897638 197.836105 264.359894 -14.173228 196.261307 264.359894 -18.110237 196.261307 263.572479 -18.897638 197.836105 263.572479 -13.385827 197.836105 264.753601 -13.385827 200.198303 263.572479 -13.385827 200.198303 263.572479 -18.897638 200.198303 264.753601 -18.897638 200.198303 268.690613 -13.385827 198.623505 264.753601 -13.385827 198.623505 269.186707 -14.070829 196.856659 269.084290 -14.173228 196.261307 269.456848 -13.800670 197.396973 269.456848 -18.110237 197.396973 269.186707 -18.110237 196.856659 269.186707 -18.212635 196.856659 269.456848 -18.482794 197.396973 269.084290 -18.110237 196.261307 267.943634 1.574803 193.462662 266.202393 1.574803 193.988419 268.690613 -1.574803 193.237106 267.943634 -1.574803 193.462662 266.202393 -1.574803 193.988419 264.753601 13.385827 190.355789 268.690613 13.385827 190.355789 268.690613 -13.385827 190.355789 268.690613 -2.559055 195.238434 268.690613 -2.126742 195.670746 268.690613 -3.149606 195.080200 268.690613 -12.992126 195.080200 268.690613 -13.582677 195.238434 268.690613 -15.275591 190.710114 268.690613 -14.014991 195.670746 268.690613 -14.173228 196.261307 268.690613 -18.110237 196.261307 268.690613 -16.692913 191.418777 268.690613 -17.637794 192.481766 268.690613 -18.110237 193.899094 268.690613 17.637794 192.481766 268.690613 18.110237 193.899094 268.690613 18.110237 196.261307 268.690613 14.173228 196.261307 268.690613 16.692913 191.418777 268.690613 15.275591 190.710114 268.690613 14.014991 195.670746 268.690613 13.582677 195.238434 268.690613 12.992126 195.080200 268.690613 3.149606 195.080200 268.690613 2.559055 195.238434 268.690613 2.126742 195.670746 264.753601 -2.126742 195.670746 264.753601 -2.559055 195.238434 264.753601 -13.385827 190.355789 264.753601 -3.149606 195.080200 264.753601 -12.992126 195.080200 264.753601 -13.582677 195.238434 264.753601 -15.275591 190.710114 264.753601 -14.014991 195.670746 264.753601 -14.173228 196.261307 264.753601 -18.110237 196.261307 264.753601 -16.692913 191.418777 264.753601 -17.637794 192.481766 264.753601 -18.110237 193.899094 264.753601 14.173228 196.261307 264.753601 18.110237 196.261307 264.753601 18.110237 193.899094 264.753601 17.637794 192.481766 264.753601 16.692913 191.418777 264.753601 15.275591 190.710114 264.753601 14.014991 195.670746 264.753601 13.582677 195.238434 264.753601 12.992126 195.080200 264.753601 3.149606 195.080200 264.753601 2.559055 195.238434 264.753601 2.126742 195.670746 266.722107 3.224705 195.650620 266.722107 12.917027 195.650620 266.722107 2.854331 195.749863 266.722107 2.638174 195.966019 266.722107 2.559055 196.261307 266.722107 13.287401 195.749863 266.722107 13.503558 195.966019 266.722107 13.582677 196.261307 266.722107 -2.638174 195.966019 266.722107 -2.559055 196.261307 266.722107 -13.503558 195.966019 266.722107 -13.582677 196.261307 266.722107 -13.287401 195.749863 266.722107 -12.917027 195.650620 266.722107 -3.224705 195.650620 266.722107 -2.854331 195.749863 269.871704 18.897638 200.198303 268.690613 18.897638 200.198303 268.690613 13.385827 200.198303 269.871704 13.385827 200.198303 263.987335 13.800670 197.396973 263.987335 18.482794 197.396973 264.257477 18.212635 196.856659 264.257477 14.070829 196.856659 269.871704 14.173228 197.836105 269.871704 18.897638 197.836105 269.871704 13.385827 197.836105 264.359894 18.110237 196.261307 264.359894 14.173228 196.261307 263.572479 13.385827 197.836105 263.572479 18.897638 197.836105 264.753601 18.897638 200.198303 263.572479 18.897638 200.198303 263.572479 13.385827 200.198303 264.753601 13.385827 200.198303 264.753601 13.385827 198.623505 268.690613 13.385827 198.623505 269.186707 18.212635 196.856659 269.084290 18.110237 196.261307 269.456848 18.482794 197.396973 269.456848 14.173228 197.396973 269.186707 14.173228 196.856659 269.186707 14.070829 196.856659 269.456848 13.800670 197.396973 269.084290 14.173228 196.261307 269.871704 -7.480315 191.930588 268.690613 -7.480315 191.930588 268.690613 -12.992126 191.930588 269.871704 -12.992126 191.930588 263.987335 -12.577283 189.129257 263.987335 -7.895158 189.129257 264.257477 -8.165318 188.588943 264.257477 -12.307123 188.588943 269.871704 -12.204724 189.568390 269.871704 -7.480315 189.568390 269.871704 -12.992126 189.568390 264.359894 -8.267716 187.993576 264.359894 -12.204724 187.993576 263.572479 -12.992126 189.568390 263.572479 -7.480315 189.568390 264.753601 -7.480315 191.930588 263.572479 -7.480315 191.930588 263.572479 -12.992126 191.930588 264.753601 -12.992126 191.930588 264.753601 -12.992126 190.355789 268.690613 -12.992126 190.355789 268.690613 -7.480315 190.355789 264.753601 -7.480315 190.355789 269.186707 -8.165318 188.588943 269.084290 -8.267716 187.993576 269.456848 -7.895158 189.129257 269.456848 -12.204724 189.129257 269.186707 -12.204724 188.588943 269.186707 -12.307123 188.588943 269.456848 -12.577283 189.129257 269.084290 -12.204724 187.993576 269.871704 12.992126 191.930588 268.690613 12.992126 191.930588 268.690613 7.480315 191.930588 269.871704 7.480315 191.930588 263.987335 7.895158 189.129257 263.987335 12.577283 189.129257 264.257477 12.307123 188.588943 264.257477 8.165318 188.588943 269.871704 8.267716 189.568390 269.871704 12.992126 189.568390 269.871704 7.480315 189.568390 264.359894 12.204724 187.993576 264.359894 8.267716 187.993576 263.572479 7.480315 189.568390 263.572479 12.992126 189.568390 264.753601 12.992126 191.930588 263.572479 12.992126 191.930588 263.572479 7.480315 191.930588 264.753601 7.480315 191.930588 264.753601 7.480315 190.355789 268.690613 7.480315 190.355789 268.690613 12.992126 190.355789 264.753601 12.992126 190.355789 269.186707 12.307123 188.588943 269.084290 12.204724 187.993576 269.456848 12.577283 189.129257 269.456848 8.267716 189.129257 269.186707 8.267716 188.588943 269.186707 8.165318 188.588943 269.456848 7.895158 189.129257 269.084290 8.267716 187.993576 230.501617 1.968504 173.820358 230.501617 -1.968504 173.820358 230.501617 -1.968504 175.395157 231.682724 -1.968504 175.395157 231.682724 -3.543307 175.395157 231.682724 1.968504 175.395157 231.682724 3.543307 173.820358 231.682724 3.543307 175.395157 231.682724 -3.543307 173.820358 235.619736 3.543307 173.820358 235.619736 3.543307 175.395157 235.619736 -3.543307 173.820358 235.619736 -1.968504 175.395157 235.619736 -3.543307 175.395157 235.619736 1.968504 175.395157 236.800827 1.968504 175.395157 236.800827 3.543307 175.395157 230.501617 1.968504 175.395157 236.800827 -1.968504 173.820358 236.800827 1.968504 173.820358 230.501617 3.543307 175.395157 236.800827 -3.543307 173.032959 230.916458 -3.128464 172.593826 236.385986 -3.128464 172.593826 230.501617 -3.543307 173.032959 231.186630 -2.858305 172.053497 236.115829 -2.858305 172.053497 231.186630 2.858305 172.053497 230.916458 -2.755906 172.593826 230.916458 3.128464 172.593826 231.186630 -2.755906 172.053497 236.013428 2.755906 171.458145 231.289017 2.755906 171.458145 236.115829 2.858305 172.053497 236.385986 3.128464 172.593826 230.501617 -2.755906 173.032959 230.501617 3.543307 173.032959 236.013428 -2.755906 171.458145 236.800827 -3.543307 175.395157 236.800827 -1.968504 175.395157 236.800827 3.543307 173.032959 230.501617 -3.543307 175.395157 231.289017 -2.755906 171.458145 210.029175 1.968504 190.355789 210.619736 -1.968504 190.355789 210.619736 1.968504 190.355789 210.029175 -1.968504 190.355789 210.619736 1.968504 191.143188 211.210281 -1.968504 191.143188 211.210281 1.968504 191.143188 210.619736 -1.968504 191.143188 210.029175 -1.968504 191.930588 211.210281 -1.968504 191.930588 211.210281 -3.543307 191.930588 211.210281 1.968504 191.930588 211.210281 3.543307 190.355789 211.210281 3.543307 191.930588 211.210281 -3.543307 190.355789 215.147293 3.543307 190.355789 215.147293 1.968504 191.143188 215.147293 3.543307 191.930588 215.147293 -3.543307 190.355789 215.147293 -1.968504 191.143188 215.147293 -1.968504 191.930588 215.147293 -3.543307 191.930588 215.147293 1.968504 191.930588 216.328400 1.968504 191.930588 216.328400 3.543307 191.930588 210.029175 1.968504 191.930588 215.737839 1.968504 190.355789 216.328400 -1.968504 190.355789 216.328400 1.968504 190.355789 215.737839 -1.968504 190.355789 210.029175 3.543307 191.930588 216.328400 -3.543307 189.568390 210.444031 -3.128464 189.129257 215.913544 -3.128464 189.129257 210.029175 -3.543307 189.568390 210.714188 -2.858305 188.588943 215.643387 -2.858305 188.588943 210.714188 2.858305 188.588943 210.444031 -2.755906 189.129257 210.444031 3.128464 189.129257 210.714188 -2.755906 188.588943 215.540985 2.755906 187.993576 210.816589 2.755906 187.993576 215.643387 2.858305 188.588943 215.913544 3.128464 189.129257 210.029175 -2.755906 189.568390 210.029175 3.543307 189.568390 215.540985 -2.755906 187.993576 216.328400 -3.543307 191.930588 216.328400 -1.968504 191.930588 216.328400 3.543307 189.568390 210.029175 -3.543307 191.930588 210.816589 -2.755906 187.993576 215.737839 1.968504 191.143188 215.737839 -1.968504 191.143188 263.572479 1.968504 182.088074 263.572479 -1.968504 182.088074 263.572479 -1.968504 183.662872 264.753601 -1.968504 183.662872 264.753601 -3.543307 183.662872 264.753601 1.968504 183.662872 264.753601 3.543307 182.088074 264.753601 3.543307 183.662872 264.753601 -3.543307 182.088074 268.690613 3.543307 182.088074 268.690613 3.543307 183.662872 268.690613 -3.543307 182.088074 268.690613 -1.968504 183.662872 268.690613 -3.543307 183.662872 268.690613 1.968504 183.662872 269.871704 1.968504 183.662872 269.871704 3.543307 183.662872 263.572479 1.968504 183.662872 263.572479 3.543307 183.662872 269.871704 -3.543307 181.300674 263.987335 -3.128464 180.861542 269.456848 -3.128464 180.861542 263.572479 -3.543307 181.300674 264.257477 -2.858305 180.321213 269.186707 -2.858305 180.321213 264.257477 2.858305 180.321213 263.987335 -2.755906 180.861542 263.987335 3.128464 180.861542 264.257477 -2.755906 180.321213 269.084290 2.755906 179.725861 264.359894 2.755906 179.725861 269.186707 2.858305 180.321213 269.456848 3.128464 180.861542 263.572479 -2.755906 181.300674 263.572479 3.543307 181.300674 269.084290 -2.755906 179.725861 269.871704 -3.543307 183.662872 269.871704 -1.968504 183.662872 269.871704 3.543307 181.300674 263.572479 -3.543307 183.662872 264.359894 -2.755906 179.725861 220.265396 1.968504 182.088074 220.265396 -1.968504 182.088074 220.265396 -1.968504 183.662872 221.446503 -1.968504 183.662872 221.446503 -3.543307 183.662872 221.446503 1.968504 183.662872 221.446503 3.543307 182.088074 221.446503 3.543307 183.662872 221.446503 -3.543307 182.088074 225.383514 3.543307 182.088074 225.383514 3.543307 183.662872 225.383514 -3.543307 182.088074 225.383514 -1.968504 183.662872 225.383514 -3.543307 183.662872 225.383514 1.968504 183.662872 226.564621 1.968504 183.662872 226.564621 3.543307 183.662872 220.265396 1.968504 183.662872 226.564621 -1.968504 182.088074 226.564621 1.968504 182.088074 220.265396 3.543307 183.662872 226.564621 -3.543307 181.300674 220.680237 -3.128464 180.861542 226.149765 -3.128464 180.861542 220.265396 -3.543307 181.300674 220.950409 -2.858305 180.321213 225.879608 -2.858305 180.321213 220.950409 2.858305 180.321213 220.680237 -2.755906 180.861542 220.680237 3.128464 180.861542 220.950409 -2.755906 180.321213 225.777206 2.755906 179.725861 221.052795 2.755906 179.725861 225.879608 2.858305 180.321213 226.149765 3.128464 180.861542 220.265396 -2.755906 181.300674 220.265396 3.543307 181.300674 225.777206 -2.755906 179.725861 226.564621 -3.543307 183.662872 226.564621 -1.968504 183.662872 226.564621 3.543307 181.300674 220.265396 -3.543307 183.662872 221.052795 -2.755906 179.725861 242.706345 1.968504 190.355789 242.706345 -1.968504 190.355789 231.682724 -1.181102 192.324295 235.619736 -1.181102 192.324295 235.619736 -1.968504 190.355789 231.682724 -1.968504 190.355789 231.682724 1.968504 190.355789 231.682724 1.968504 192.324295 231.682724 1.574803 192.324295 222.249557 1.968504 198.623505 222.249557 -1.968504 198.623505 235.619736 1.968504 190.355789 221.446503 1.968504 190.355789 215.147293 1.968504 196.261307 215.540985 1.968504 196.261307 225.383514 1.968504 190.355789 225.383514 1.968504 192.324295 215.643387 1.968504 196.856659 215.913544 1.968504 197.396973 216.328400 1.968504 197.836105 216.328400 1.968504 198.623505 215.147293 -1.968504 196.261307 221.446503 -1.968504 190.355789 215.540985 -1.968504 196.261307 215.643387 -1.968504 196.856659 225.383514 -1.968504 190.355789 215.913544 -1.968504 197.396973 216.328400 -1.968504 197.836105 216.328400 -1.968504 198.623505 235.619736 1.574803 192.324295 215.147293 1.574803 196.261307 215.147293 1.574803 192.324295 211.210281 1.574803 192.324295 211.210281 1.574803 196.261307 203.336273 0.000000 195.530212 205.012344 1.968504 196.261307 207.059586 1.968504 191.143188 205.091080 0.000000 191.143188 207.374542 0.000000 190.355789 209.343048 1.968504 190.355789 207.059586 -1.968504 191.143188 205.012344 -1.968504 196.261307 215.147293 -1.574803 196.261307 215.147293 -1.574803 192.324295 209.343048 -1.968504 190.355789 211.210281 -1.968504 196.261307 211.210281 -1.574803 196.261307 211.210281 -1.574803 192.324295 211.210281 1.968504 196.261307 225.383514 1.968504 198.632401 225.383514 -1.968504 198.632401 236.800827 -7.480315 183.662872 235.619736 -7.480315 183.662872 235.619736 -12.992126 183.662872 236.800827 -12.992126 183.662872 230.916458 -12.577283 180.861542 230.916458 -7.895158 180.861542 231.186630 -8.165318 180.321213 231.186630 -12.307123 180.321213 236.800827 -12.204724 181.300674 236.800827 -7.480315 181.300674 236.800827 -12.992126 181.300674 231.289017 -8.267716 179.725861 231.289017 -12.204724 179.725861 230.501617 -12.992126 181.300674 230.501617 -7.480315 181.300674 231.682724 -7.480315 183.662872 230.501617 -7.480315 183.662872 230.501617 -12.992126 183.662872 231.682724 -12.992126 183.662872 231.682724 -12.992126 182.088074 235.619736 -12.992126 182.088074 235.619736 -7.480315 182.088074 231.682724 -7.480315 182.088074 236.115829 -8.165318 180.321213 236.013428 -8.267716 179.725861 236.385986 -7.895158 180.861542 236.385986 -12.204724 180.861542 236.115829 -12.204724 180.321213 236.115829 -12.307123 180.321213 236.385986 -12.577283 180.861542 236.013428 -12.204724 179.725861 -287.998993 2.755906 220.626160 -192.487183 2.755906 212.358444 -287.998993 2.755906 212.358444 -192.487183 2.755906 220.626160 -192.487183 -6.692914 220.626160 -287.998993 -6.692914 212.358444 -192.487183 -6.692914 212.358444 -287.998993 -6.692914 220.626160 -251.388138 1.968504 212.358444 -251.388138 1.574803 210.389938 -251.388138 1.968504 206.452942 -251.388138 -1.968504 212.358444 -251.388138 -1.574803 210.389938 -251.388138 -1.574803 206.452942 -251.388138 -1.968504 206.452942 -251.388138 1.574803 206.452942 -243.514130 -1.574803 207.846237 -243.514130 -1.968504 208.421432 -243.514130 -1.574803 208.421432 -243.514130 -1.968504 207.846237 -269.888763 -1.968504 206.452942 -265.951752 -1.968504 206.452942 -276.187958 -1.968504 206.452942 -277.766083 -1.968504 206.452942 -277.766083 -1.968504 208.063416 -277.766083 -1.968504 212.000427 -281.703094 -1.968504 212.000427 -281.703094 -1.968504 208.063416 -288.392700 -1.968504 206.452942 -281.703094 -1.968504 206.452942 -288.392700 -1.968504 212.358444 -243.514130 1.574803 210.389938 -243.514130 -1.968504 212.358444 -243.514130 1.574803 212.358444 -243.514130 -1.574803 210.389938 -248.786392 -1.574803 206.452942 -248.128525 -1.574803 206.452942 -248.786392 1.574803 206.452942 -248.128525 1.574803 206.452942 -228.570496 1.574803 212.358444 -289.967499 0.787402 212.358444 -288.392700 -0.590551 212.358444 -288.392700 0.590551 212.358444 -289.967499 -0.787402 212.358444 -288.392700 1.968504 212.358444 -288.392700 1.968504 206.452942 -281.703094 1.968504 208.063416 -281.703094 1.968504 206.452942 -281.703094 1.968504 212.000427 -277.766083 1.968504 212.000427 -277.766083 1.968504 208.063416 -276.187958 1.968504 206.452942 -277.766083 1.968504 206.452942 -269.888763 1.968504 206.452942 -265.951752 1.968504 206.452942 -228.570496 -1.968504 212.358444 -281.703094 -1.574803 208.063416 -281.703094 -1.574803 212.000427 -277.766083 -1.574803 212.000427 -277.766083 -1.574803 208.063416 -277.766083 1.574803 208.063416 -277.766083 1.574803 212.000427 -281.703094 1.574803 212.000427 -281.703094 1.574803 208.063416 -288.392700 -0.590551 206.452942 -289.967499 -0.787402 206.452942 -288.392700 0.590551 206.452942 -289.967499 0.787402 206.452942 -282.096802 -1.181102 187.206177 -276.584991 1.181102 189.224350 -276.584991 -1.181102 189.224350 -282.096802 1.181102 187.206177 -282.884216 1.968504 190.355789 -281.703094 -1.968504 190.146301 -281.703094 1.968504 190.146301 -282.884216 -1.968504 190.355789 -277.269989 1.181102 187.801529 -277.372406 1.181102 187.206177 -276.999847 1.181102 188.341858 -276.584991 1.181102 188.780991 -277.269989 -1.181102 187.801529 -277.372406 -1.181102 187.206177 -276.999847 -1.181102 188.341858 -276.584991 -1.181102 188.780991 -277.372406 2.755906 187.206177 -277.269989 2.858305 187.801529 -276.584991 -3.543307 188.780991 -276.999847 -3.128464 188.341858 -282.096802 -2.755906 187.206177 -277.372406 -2.755906 187.206177 -276.999847 3.128464 188.341858 -277.269989 -2.755906 187.801529 -277.269989 -2.858305 187.801529 -282.096802 2.755906 187.206177 -282.199188 2.858305 187.801529 -276.584991 -3.543307 191.143188 -276.584991 3.543307 188.780991 -276.584991 3.543307 191.143188 -277.766083 -3.543307 189.568390 -282.884216 -3.543307 188.780991 -277.766083 -3.543307 191.143188 -281.703094 -3.543307 189.568390 -282.884216 -3.543307 191.143188 -281.703094 -3.543307 191.143188 -281.703094 1.968504 191.143188 -282.884216 1.968504 191.143188 -282.884216 -1.968504 191.143188 -281.703094 -1.968504 191.143188 -282.884216 3.543307 188.780991 -281.703094 3.543307 189.568390 -282.884216 3.543307 191.143188 -281.703094 3.543307 191.143188 -277.766083 3.543307 189.568390 -277.766083 3.543307 191.143188 -282.199188 -2.858305 187.801529 -282.469360 -3.128464 188.341858 -282.469360 3.128464 188.341858 -286.817902 -1.181102 194.770752 -292.329712 1.181102 193.106476 -286.817902 1.181102 194.770752 -292.329712 -1.181102 193.106476 -287.502899 1.181102 193.701828 -287.605286 1.181102 193.106476 -287.232727 1.181102 194.242157 -286.817902 1.181102 194.681274 -287.502899 -1.181102 193.701828 -287.605286 -1.181102 193.106476 -287.232727 -1.181102 194.242157 -286.817902 -1.181102 194.681274 -287.605286 2.755906 193.106476 -287.502899 2.858305 193.701828 -286.817902 -3.543307 194.681274 -287.232727 -3.128464 194.242157 -292.329712 -2.755906 193.106476 -287.605286 -2.755906 193.106476 -287.232727 3.128464 194.242157 -287.502899 -2.755906 193.701828 -287.502899 -2.858305 193.701828 -292.329712 2.755906 193.106476 -292.432098 2.858305 193.701828 -286.817902 -3.543307 197.043488 -286.817902 -1.968504 195.468689 -286.817902 -1.968504 197.043488 -286.817902 1.968504 195.468689 -286.817902 1.968504 197.043488 -286.817902 3.543307 194.681274 -286.817902 3.543307 197.043488 -287.998993 -3.543307 195.468689 -293.117096 -3.543307 194.681274 -287.998993 -3.543307 197.043488 -291.936005 -3.543307 195.468689 -293.117096 -3.543307 197.043488 -291.936005 -3.543307 197.043488 -291.936005 1.968504 197.043488 -292.526550 1.968504 196.256088 -291.936005 1.968504 196.256088 -293.117096 1.968504 195.468689 -292.526550 1.968504 195.468689 -293.117096 1.968504 197.043488 -293.117096 -1.968504 197.043488 -291.936005 -1.968504 197.043488 -293.117096 3.543307 194.681274 -291.936005 3.543307 195.468689 -293.117096 3.543307 197.043488 -291.936005 3.543307 197.043488 -287.998993 3.543307 195.468689 -287.998993 3.543307 197.043488 -291.936005 -1.968504 196.256088 -287.998993 1.968504 197.043488 -287.998993 1.968504 196.256088 -287.998993 -1.968504 196.256088 -287.998993 -1.968504 197.043488 -287.408447 1.968504 195.468689 -287.408447 1.968504 196.256088 -292.526550 -1.968504 195.468689 -293.117096 -1.968504 195.468689 -292.432098 -2.858305 193.701828 -292.702271 -3.128464 194.242157 -292.526550 -1.968504 196.256088 -292.702271 3.128464 194.242157 -287.408447 -1.968504 196.256088 -287.408447 -1.968504 195.468689 -277.766083 1.574803 206.452942 -248.282455 -1.574803 206.452942 -248.282455 1.574803 206.452942 -277.766083 -1.574803 206.452942 -281.703094 -1.574803 206.452942 -281.703094 1.574803 206.103821 -281.703094 1.574803 206.452942 -281.703094 -1.574803 206.103821 -277.766083 -1.574803 206.103821 -277.766083 1.574803 206.103821 -288.392700 1.574803 206.452942 -281.703094 1.574803 203.736404 -288.392700 1.574803 203.736404 -281.703094 1.574803 203.741608 -277.766083 1.574803 203.741608 -271.466888 1.574803 204.529022 -267.529877 1.574803 204.529022 -257.279144 1.574803 203.736404 -267.529877 1.574803 203.736404 -257.125214 1.574803 203.736404 -248.269592 1.574803 206.410339 -271.466888 1.574803 203.736404 -277.766083 1.574803 203.736404 -257.160431 1.574803 203.725769 -277.766083 -1.574803 203.736404 -277.766083 -1.574803 203.741608 -281.703094 -1.574803 203.741608 -281.703094 -1.574803 203.736404 -271.466888 -1.574803 204.529022 -267.529877 -1.574803 204.529022 -267.529877 -1.574803 203.736404 -257.279144 -1.574803 203.736404 -257.266296 -1.574803 203.693802 -248.269592 -1.574803 206.410339 -257.266296 1.574803 203.693802 -288.392700 -1.574803 203.736404 -288.392700 -0.590551 203.736404 -288.392700 0.590551 203.736404 -289.967499 -0.787402 203.736404 -289.967499 0.787402 203.736404 -271.466888 -1.574803 203.736404 -288.392700 -1.574803 206.452942 -271.466888 1.968504 203.736404 -271.466888 1.574803 203.248291 -271.466888 1.968504 199.405960 -271.466888 -1.968504 203.736404 -271.466888 -1.574803 203.248291 -271.466888 -1.574803 199.405960 -271.466888 -1.968504 199.405960 -271.466888 1.574803 199.405960 -267.529877 1.574803 200.594742 -267.529877 1.574803 203.248291 -267.529877 1.968504 200.594742 -267.529877 1.968504 203.736404 -267.529877 -1.968504 203.736404 -267.529877 -1.574803 203.248291 -267.529877 -1.574803 200.594742 -267.529877 -1.968504 200.594742 -285.164337 -1.968504 195.468689 -284.506470 -1.968504 195.468689 -277.766083 -1.968504 197.836105 -277.766083 -1.968504 203.736404 -281.703094 -1.968504 203.736404 -287.605286 -1.968504 201.374191 -281.703094 -1.968504 197.836105 -287.502899 -1.968504 201.969543 -287.232727 -1.968504 202.509872 -286.817902 -1.968504 202.948990 -286.817902 -1.968504 203.736404 -287.998993 -1.968504 201.374191 -257.293640 1.968504 203.736404 -257.125214 -1.968504 203.736404 -257.125214 1.968504 203.736404 -285.164337 1.968504 195.468689 -287.998993 1.968504 201.374191 -281.703094 1.968504 197.836105 -279.486572 1.968504 197.836105 -287.605286 1.968504 201.374191 -281.703094 1.968504 203.736404 -287.502899 1.968504 201.969543 -287.232727 1.968504 202.509872 -286.817902 1.968504 202.948990 -286.817902 1.968504 203.736404 -284.506470 1.968504 195.468689 -277.766083 1.968504 197.836105 -277.766083 1.968504 203.736404 -257.293640 1.968504 203.685547 -281.703094 1.574803 197.836105 -277.766083 1.574803 201.773117 -277.766083 1.574803 197.836105 -281.703094 1.574803 201.773117 -281.703094 -1.574803 201.773117 -281.703094 -1.574803 197.836105 -277.766083 -1.574803 197.836105 -277.766083 -1.574803 201.773117 -287.998993 1.574803 197.437180 -287.998993 -1.574803 197.437180 -287.998993 -1.574803 201.374191 -287.998993 1.574803 201.374191 -291.936005 -1.968504 201.374191 -291.936005 -1.574803 197.437180 -291.936005 -1.574803 201.374191 -291.936005 1.574803 201.374191 -291.936005 1.968504 201.374191 -291.936005 1.574803 197.437180 -293.803223 -1.968504 195.468689 -293.803223 1.968504 195.468689 -295.771729 -0.000000 195.468689 -296.086700 -1.968504 196.256088 -298.133942 -1.968504 201.374191 -298.055206 -0.000000 196.256088 -296.086700 1.968504 196.256088 -299.810028 -0.000000 200.643112 -298.133942 1.968504 201.374191 -249.419632 1.574803 171.458145 -248.238541 1.968504 171.458145 -248.238541 1.574803 171.458145 -249.419632 1.968504 171.458145 -248.238541 1.968504 173.820358 -248.238541 1.574803 173.820358 -249.419632 1.574803 167.521149 -249.419632 -1.968504 171.458145 -249.419632 -1.574803 167.521149 -249.419632 -1.574803 171.458145 -249.419632 1.968504 167.127441 -249.419632 -1.968504 167.127441 -245.482635 -1.574803 167.521149 -245.482635 1.574803 167.521149 -244.301529 -1.968504 165.552643 -240.364517 1.968504 165.552643 -240.364517 -1.968504 165.552643 -244.301529 1.968504 165.552643 -246.663727 1.968504 173.820358 -244.301529 1.574803 173.820358 -244.301529 1.968504 173.820358 -246.663727 -1.574803 173.820358 -246.663727 -1.968504 173.820358 -246.663727 1.574803 173.820358 -248.238541 -1.574803 173.820358 -250.600739 -1.968504 173.820358 -248.238541 -1.968504 173.820358 -239.577118 1.574803 173.820358 -244.301529 -1.574803 173.820358 -239.577118 -1.574803 173.820358 -244.301529 -1.968504 173.820358 -250.600739 1.968504 173.820358 -250.600739 -1.574803 173.820358 -250.600739 1.574803 173.820358 -256.112549 -1.574803 173.820358 -256.112549 1.574803 173.820358 -234.065308 -1.968504 169.095947 -239.970825 -1.968504 170.277054 -243.907822 -1.968504 170.277054 -234.065308 -1.968504 171.458145 -239.380264 -1.968504 170.435287 -238.947952 -1.968504 170.867599 -238.789719 -1.968504 171.458145 -237.844833 -1.968504 165.906967 -244.301529 -1.968504 167.127441 -235.955078 -1.968504 166.615631 -234.695236 -1.968504 167.678619 -245.482635 -1.968504 167.127441 -244.498383 -1.968504 170.435287 -244.930695 -1.968504 170.867599 -245.482635 -1.968504 171.458145 -245.088928 -1.968504 171.458145 -246.663727 -1.968504 171.458145 -244.986526 -1.968504 172.053497 -244.716370 -1.968504 172.593826 -244.301529 -1.968504 173.032959 -239.970825 -1.574803 170.277054 -244.498383 -1.574803 170.435287 -243.907822 -1.574803 170.277054 -239.380264 -1.574803 170.435287 -244.930695 -1.574803 170.867599 -238.947952 -1.574803 170.867599 -245.088928 -1.574803 171.458145 -238.789719 -1.574803 171.458145 -244.986526 -1.574803 172.053497 -238.892120 -1.574803 172.053497 -244.716370 -1.574803 172.593826 -239.162277 -1.574803 172.593826 -244.301529 -1.574803 173.032959 -239.577118 -1.574803 173.032959 -244.498383 1.574803 170.435287 -239.970825 1.574803 170.277054 -243.907822 1.574803 170.277054 -239.380264 1.574803 170.435287 -244.930695 1.574803 170.867599 -238.947952 1.574803 170.867599 -245.088928 1.574803 171.458145 -238.789719 1.574803 171.458145 -244.986526 1.574803 172.053497 -238.892120 1.574803 172.053497 -244.716370 1.574803 172.593826 -239.162277 1.574803 172.593826 -244.301529 1.574803 173.032959 -239.577118 1.574803 173.032959 -243.907822 1.968504 170.277054 -239.970825 1.968504 170.277054 -244.301529 1.968504 167.127441 -237.844833 1.968504 165.906967 -235.955078 1.968504 166.615631 -234.695236 1.968504 167.678619 -245.482635 1.968504 171.458145 -246.663727 1.968504 171.458145 -245.088928 1.968504 171.458145 -244.986526 1.968504 172.053497 -244.716370 1.968504 172.593826 -244.301529 1.968504 173.032959 -245.482635 1.968504 167.127441 -244.930695 1.968504 170.867599 -244.498383 1.968504 170.435287 -234.065308 1.968504 169.095947 -234.065308 1.968504 171.458145 -239.380264 1.968504 170.435287 -238.947952 1.968504 170.867599 -238.789719 1.968504 171.458145 -248.238541 -1.574803 171.458145 -248.238541 -1.968504 171.458145 -245.482635 -1.574803 171.458145 -246.663727 -1.574803 171.458145 -245.482635 1.574803 171.458145 -246.663727 1.574803 171.458145 -250.600739 -1.968504 167.127441 -250.600739 1.968504 167.127441 -256.899963 -1.574803 171.458145 -256.797546 1.574803 172.053497 -256.899963 1.574803 171.458145 -256.797546 -1.574803 172.053497 -256.112549 -1.574803 173.032959 -256.112549 1.574803 173.032959 -260.994446 -1.968504 167.678619 -261.624359 1.968504 169.095947 -260.994446 1.968504 167.678619 -261.624359 -1.968504 169.095947 -261.624359 -1.968504 171.458145 -256.899963 -1.968504 171.458145 -256.899963 1.968504 171.458145 -261.624359 1.968504 171.458145 -256.527405 -1.574803 172.593826 -256.527405 1.574803 172.593826 -259.734589 -1.968504 166.615631 -257.844849 1.968504 165.906967 -257.844849 -1.968504 165.906967 -259.734589 1.968504 166.615631 -255.325150 1.968504 165.552643 -255.325150 -1.968504 165.552643 -250.600739 1.968504 165.552643 -250.600739 -1.968504 165.552643 -255.718857 1.968504 170.277054 -256.309387 1.968504 170.435287 -256.741730 1.968504 170.867599 -250.994446 1.968504 170.277054 -250.403885 1.968504 170.435287 -249.971573 1.968504 170.867599 -249.813339 1.968504 171.458145 -249.915741 1.968504 172.053497 -250.185898 1.968504 172.593826 -250.600739 1.968504 173.032959 -249.915741 -1.968504 172.053497 -250.185898 -1.968504 172.593826 -250.600739 -1.968504 173.032959 -249.971573 -1.968504 170.867599 -250.403885 -1.968504 170.435287 -250.994446 -1.968504 170.277054 -249.813339 -1.968504 171.458145 -255.718857 -1.968504 170.277054 -256.309387 -1.968504 170.435287 -256.741730 -1.968504 170.867599 -249.971573 -1.574803 170.867599 -249.813339 -1.574803 171.458145 -250.403885 -1.574803 170.435287 -250.994446 -1.574803 170.277054 -255.718857 -1.574803 170.277054 -256.309387 -1.574803 170.435287 -256.741730 -1.574803 170.867599 -250.185898 -1.574803 172.593826 -250.600739 -1.574803 173.032959 -256.741730 1.574803 170.867599 -256.309387 1.574803 170.435287 -255.718857 1.574803 170.277054 -249.971573 1.574803 170.867599 -250.403885 1.574803 170.435287 -250.600739 1.574803 173.032959 -249.813339 1.574803 171.458145 -250.185898 1.574803 172.593826 -249.915741 1.574803 172.053497 -250.994446 1.574803 170.277054 -249.915741 -1.574803 172.053497 -246.663727 -1.968504 179.725861 -245.482635 -1.574803 179.725861 -245.482635 -1.968504 179.725861 -246.663727 -1.574803 179.725861 -248.238541 -1.968504 182.088074 -248.238541 -1.574803 179.725861 -248.238541 -1.574803 182.088074 -248.238541 -1.968504 179.725861 -246.663727 -1.574803 182.088074 -246.663727 -1.968504 182.088074 -223.829086 -1.968504 179.725861 -229.734604 -1.968504 178.544769 -223.829086 -1.968504 177.363663 -229.144043 -1.968504 178.703003 -228.711731 -1.968504 179.135315 -228.553497 -1.968504 179.725861 -227.608612 -1.968504 174.174683 -233.868454 -1.968504 173.820358 -230.128296 -1.968504 173.820358 -233.868454 -1.968504 174.607758 -225.718857 -1.968504 174.883347 -234.459015 -1.968504 174.607758 -234.459015 -1.968504 175.788864 -224.459015 -1.968504 175.946335 -233.474762 -1.968504 178.703003 -233.907074 -1.968504 179.135315 -234.459015 -1.968504 179.725861 -232.884201 -1.968504 178.544769 -234.065308 -1.968504 179.725861 -233.962906 -1.968504 180.321213 -236.427505 -1.968504 179.725861 -238.396011 -1.968504 179.725861 -233.692749 -1.968504 180.861542 -233.277908 -1.968504 181.300674 -233.277908 -1.968504 182.088074 -238.396011 -1.968504 175.788864 -238.986572 -1.968504 174.607758 -238.396011 -1.968504 174.607758 -245.482635 -1.968504 175.788864 -238.986572 -1.968504 173.820358 -245.482635 -1.968504 173.820358 -249.419632 1.574803 179.725861 -248.238541 1.968504 179.725861 -248.238541 1.574803 179.725861 -249.419632 1.968504 179.725861 -248.238541 1.574803 182.088074 -248.238541 1.968504 182.088074 -246.663727 1.574803 179.725861 -246.663727 1.968504 182.088074 -246.663727 1.968504 179.725861 -246.663727 1.574803 182.088074 -233.868454 1.968504 174.607758 -230.128296 1.968504 173.820358 -233.868454 1.968504 173.820358 -227.608612 1.968504 174.174683 -225.718857 1.968504 174.883347 -245.482635 1.968504 179.725861 -238.396011 1.968504 179.725861 -234.459015 1.968504 179.725861 -234.065308 1.968504 179.725861 -233.962906 1.968504 180.321213 -233.692749 1.968504 180.861542 -233.277908 1.968504 181.300674 -233.277908 1.968504 182.088074 -234.459015 1.968504 175.788864 -234.459015 1.968504 174.607758 -224.459015 1.968504 175.946335 -233.474762 1.968504 178.703003 -233.907074 1.968504 179.135315 -232.884201 1.968504 178.544769 -223.829086 1.968504 177.363663 -245.482635 1.968504 175.788864 -238.986572 1.968504 173.820358 -245.482635 1.968504 173.820358 -238.986572 1.968504 174.607758 -238.396011 1.968504 174.607758 -238.396011 1.968504 175.788864 -229.734604 1.968504 178.544769 -223.829086 1.968504 179.725861 -229.144043 1.968504 178.703003 -228.711731 1.968504 179.135315 -228.553497 1.968504 179.725861 -249.419632 -1.574803 175.788864 -245.482635 -1.574803 175.788864 -249.419632 -1.574803 179.725861 -261.821228 -1.968504 173.820358 -268.081055 -1.968504 174.174683 -265.561371 -1.968504 173.820358 -261.821228 -1.968504 174.607758 -269.970825 -1.968504 174.883347 -249.419632 -1.968504 179.725861 -257.293640 -1.968504 179.725861 -261.230652 -1.968504 179.725861 -261.624359 -1.968504 179.725861 -261.726776 -1.968504 180.321213 -261.996918 -1.968504 180.861542 -262.411774 -1.968504 181.300674 -262.411774 -1.968504 182.088074 -261.230652 -1.968504 175.788864 -261.230652 -1.968504 174.607758 -271.230652 -1.968504 175.946335 -262.214905 -1.968504 178.703003 -261.782593 -1.968504 179.135315 -262.805450 -1.968504 178.544769 -271.860596 -1.968504 177.363663 -249.419632 -1.968504 173.820358 -256.703094 -1.968504 174.607758 -256.703094 -1.968504 173.820358 -249.419632 -1.968504 175.788864 -257.293640 -1.968504 174.607758 -257.293640 -1.968504 175.788864 -267.136169 -1.968504 179.725861 -271.466888 -1.968504 179.725861 -266.977936 -1.968504 179.135315 -265.955078 -1.968504 178.544769 -271.860596 -1.968504 179.725861 -266.545624 -1.968504 178.703003 -245.482635 1.574803 175.788864 -234.459015 1.574803 175.788864 -234.459015 -1.574803 175.788864 -261.821228 1.968504 173.820358 -265.561371 1.968504 173.820358 -257.293640 1.968504 174.607758 -257.293640 1.574803 175.788864 -257.293640 1.968504 175.788864 -257.293640 -1.574803 175.788864 -261.230652 1.574803 175.788864 -261.230652 1.968504 174.607758 -261.230652 1.968504 175.788864 -261.230652 -1.574803 175.788864 -256.703094 1.968504 173.820358 -249.419632 1.968504 173.820358 -249.419632 1.574803 175.788864 -249.419632 1.968504 175.788864 -233.277908 1.574803 181.300674 -233.692749 1.574803 180.861542 -228.553497 1.574803 179.725861 -228.711731 1.574803 179.135315 -233.962906 1.574803 180.321213 -229.734604 1.574803 178.544769 -229.144043 1.574803 178.703003 -232.884201 1.574803 178.544769 -233.277908 1.574803 182.088074 -233.474762 1.574803 178.703003 -233.907074 1.574803 179.135315 -234.065308 1.574803 179.725861 -228.655899 1.574803 180.321213 -228.926056 1.574803 180.861542 -229.340897 1.574803 181.300674 -229.340897 1.574803 182.088074 -232.884201 -1.574803 178.544769 -233.474762 -1.574803 178.703003 -228.711731 -1.574803 179.135315 -228.553497 -1.574803 179.725861 -229.144043 -1.574803 178.703003 -229.734604 -1.574803 178.544769 -233.907074 -1.574803 179.135315 -234.065308 -1.574803 179.725861 -228.655899 -1.574803 180.321213 -233.962906 -1.574803 180.321213 -228.926056 -1.574803 180.861542 -233.692749 -1.574803 180.861542 -229.340897 -1.574803 181.300674 -233.277908 -1.574803 181.300674 -229.340897 -1.574803 182.088074 -233.277908 -1.574803 182.088074 -267.136169 1.574803 179.725861 -266.977936 1.968504 179.135315 -267.136169 1.968504 179.725861 -266.977936 1.574803 179.135315 -266.545624 1.968504 178.703003 -266.545624 1.574803 178.703003 -261.996918 1.968504 180.861542 -262.411774 1.574803 181.300674 -262.411774 1.968504 181.300674 -261.996918 1.574803 180.861542 -262.411774 1.968504 182.088074 -262.411774 1.574803 182.088074 -261.726776 1.968504 180.321213 -261.726776 1.574803 180.321213 -262.805450 1.968504 178.544769 -262.214905 1.574803 178.703003 -262.214905 1.968504 178.703003 -262.805450 1.574803 178.544769 -261.624359 1.574803 179.725861 -261.624359 1.968504 179.725861 -261.782593 1.968504 179.135315 -261.782593 1.574803 179.135315 -265.955078 1.574803 178.544769 -265.955078 1.968504 178.544769 -267.033783 1.574803 180.321213 -266.763611 1.574803 180.861542 -266.348785 1.574803 181.300674 -266.348785 1.574803 182.088074 -256.703094 1.968504 174.607758 -261.230652 1.968504 182.088074 -257.293640 1.968504 179.725861 -261.230652 1.968504 179.725861 -271.860596 1.968504 177.363663 -271.230652 1.968504 175.946335 -268.081055 1.968504 174.174683 -269.970825 1.968504 174.883347 -261.821228 1.968504 174.607758 -271.860596 1.968504 179.725861 -262.214905 -1.574803 178.703003 -265.955078 -1.574803 178.544769 -262.805450 -1.574803 178.544769 -266.545624 -1.574803 178.703003 -261.782593 -1.574803 179.135315 -266.977936 -1.574803 179.135315 -261.624359 -1.574803 179.725861 -267.136169 -1.574803 179.725861 -261.726776 -1.574803 180.321213 -267.033783 -1.574803 180.321213 -261.996918 -1.574803 180.861542 -266.763611 -1.574803 180.861542 -262.411774 -1.574803 181.300674 -266.348785 -1.574803 181.300674 -262.411774 -1.574803 182.088074 -266.348785 -1.574803 182.088074 -261.230652 -1.574803 179.725861 -257.293640 -1.574803 179.725861 -234.459015 -1.574803 179.725861 -238.396011 -1.574803 175.788864 -238.396011 -1.574803 179.725861 -236.427505 -1.574803 179.725861 -245.482635 1.574803 179.725861 -261.230652 1.574803 179.725861 -257.293640 1.574803 179.725861 -238.396011 1.574803 179.725861 -238.396011 1.574803 175.788864 -234.459015 1.574803 179.725861 -260.230316 1.574803 187.993576 -261.230652 -1.574803 187.691528 -260.230316 -1.574803 187.993576 -261.230652 1.574803 187.691528 -267.529877 -1.968504 185.789490 -261.230652 -1.968504 187.691528 -261.230652 1.968504 187.691528 -267.529877 -1.574803 185.789490 -252.407089 1.968504 190.355789 -260.230316 -1.968504 187.993576 -252.407089 -1.968504 190.355789 -260.230316 1.968504 187.993576 -267.529877 1.968504 185.789490 -267.529877 1.574803 185.789490 -271.466888 -1.574803 184.600723 -271.466888 1.574803 184.600723 -271.466888 -1.968504 184.600723 -276.032959 -1.968504 183.222000 -271.466888 1.968504 184.600723 -276.032959 1.968504 183.222000 -257.293640 1.574803 184.056580 -261.230652 1.574803 184.056580 -257.293640 1.574803 187.993576 -271.466888 -1.574803 184.056580 -267.529877 -1.574803 184.056580 -267.529877 1.574803 184.056580 -271.466888 1.574803 184.056580 -261.230652 -1.968504 182.088074 -266.939331 -1.968504 182.875473 -266.939331 -1.968504 182.088074 -261.230652 -1.968504 184.056580 -267.529877 -1.968504 184.056580 -267.529877 -1.968504 182.875473 -272.057434 -1.968504 182.875473 -272.647980 -1.968504 182.088074 -272.057434 -1.968504 182.088074 -273.318512 -1.968504 182.112411 -273.954010 -1.968504 182.327744 -274.419647 -1.968504 182.658112 -274.501251 -1.968504 182.716019 -271.466888 -1.968504 182.875473 -275.946045 -1.968504 182.958374 -275.269531 -1.968504 182.563599 -228.159790 -1.968504 184.056580 -228.750351 -1.968504 182.875473 -228.159790 -1.968504 182.875473 -213.592865 -1.968504 187.993576 -219.498383 -1.968504 186.812485 -213.592865 -1.968504 185.631378 -218.907822 -1.968504 186.970718 -218.475510 -1.968504 187.403030 -218.317276 -1.968504 187.993576 -228.750351 -1.968504 182.088074 -234.459015 -1.968504 187.993576 -234.459015 -1.968504 182.088074 -228.159790 -1.968504 187.993576 -238.396011 -1.968504 187.993576 -217.372391 -1.968504 182.442398 -223.632233 -1.968504 182.088074 -219.892075 -1.968504 182.088074 -223.632233 -1.968504 182.875473 -215.482635 -1.968504 183.151062 -224.222794 -1.968504 182.875473 -224.222794 -1.968504 184.056580 -214.222794 -1.968504 184.214050 -223.238541 -1.968504 186.970718 -223.670853 -1.968504 187.403030 -224.222794 -1.968504 187.993576 -222.647980 -1.968504 186.812485 -223.829086 -1.968504 187.993576 -223.726685 -1.968504 188.588943 -226.191299 -1.968504 187.993576 -245.482635 -1.968504 187.993576 -249.419632 -1.968504 182.088074 -257.293640 -1.968504 184.056580 -257.293640 -1.968504 182.088074 -249.419632 -1.968504 187.993576 -257.293640 -1.968504 187.993576 -223.456528 -1.968504 189.129257 -223.041687 -1.968504 189.568390 -223.041687 -1.968504 190.355789 -238.396011 -1.968504 182.088074 -245.482635 -1.968504 182.088074 -257.293640 1.968504 187.993576 -267.529877 1.968504 184.056580 -257.293640 -1.574803 187.993576 -275.946045 1.968504 182.958374 -274.501251 1.968504 182.716019 -275.269531 1.968504 182.563599 -272.057434 1.968504 182.875473 -271.466888 1.968504 182.875473 -273.318512 1.968504 182.112411 -272.057434 1.968504 182.088074 -272.647980 1.968504 182.088074 -273.954010 1.968504 182.327744 -274.419647 1.968504 182.658112 -266.939331 1.968504 182.875473 -267.529877 1.968504 182.875473 -266.939331 1.968504 182.088074 -261.230652 1.968504 184.056580 -238.396011 1.574803 187.993576 -238.396011 1.968504 182.088074 -238.396011 1.968504 187.993576 -238.396011 1.574803 184.056580 -238.396011 -1.574803 184.056580 -238.396011 -1.574803 187.993576 -223.632233 1.968504 182.875473 -219.892075 1.968504 182.088074 -223.632233 1.968504 182.088074 -217.372391 1.968504 182.442398 -215.482635 1.968504 183.151062 -249.419632 1.968504 187.993576 -245.482635 1.968504 187.993576 -223.726685 1.968504 188.588943 -223.456528 1.968504 189.129257 -223.041687 1.968504 189.568390 -223.041687 1.968504 190.355789 -245.482635 1.968504 182.088074 -234.459015 1.968504 187.993576 -228.159790 1.968504 187.993576 -224.222794 1.968504 187.993576 -223.829086 1.968504 187.993576 -224.222794 1.968504 184.056580 -224.222794 1.968504 182.875473 -214.222794 1.968504 184.214050 -223.238541 1.968504 186.970718 -223.670853 1.968504 187.403030 -222.647980 1.968504 186.812485 -213.592865 1.968504 185.631378 -257.293640 1.968504 184.056580 -249.419632 1.968504 182.088074 -257.293640 1.968504 182.088074 -228.750351 1.968504 182.088074 -234.459015 1.968504 182.088074 -228.750351 1.968504 182.875473 -228.159790 1.968504 182.875473 -228.159790 1.968504 184.056580 -219.498383 1.968504 186.812485 -213.592865 1.968504 187.993576 -218.907822 1.968504 186.970718 -218.475510 1.968504 187.403030 -218.317276 1.968504 187.993576 -249.419632 1.574803 187.993576 -249.419632 1.574803 184.056580 -249.419632 -1.574803 184.056580 -249.419632 -1.574803 187.993576 -261.230652 -1.574803 184.056580 -257.293640 -1.574803 184.056580 -245.482635 -1.574803 187.993576 -245.482635 -1.574803 184.056580 -224.222794 -1.574803 187.993576 -228.159790 -1.574803 184.056580 -224.222794 -1.574803 184.056580 -228.159790 -1.574803 187.993576 -226.191299 -1.574803 187.993576 -245.482635 1.574803 187.993576 -245.482635 1.574803 184.056580 -234.459015 1.574803 187.993576 -234.459015 1.574803 184.056580 -228.159790 1.574803 187.993576 -224.222794 1.574803 184.056580 -228.159790 1.574803 184.056580 -224.222794 1.574803 187.993576 -219.104675 1.574803 190.355789 -219.104675 -1.574803 189.568390 -219.104675 1.574803 189.568390 -219.104675 -1.574803 190.355789 -218.689835 -1.574803 189.129257 -218.419678 1.574803 188.588943 -218.689835 1.574803 189.129257 -218.419678 -1.574803 188.588943 -218.317276 -1.574803 187.993576 -218.317276 1.574803 187.993576 -234.459015 -1.574803 184.056580 -234.459015 -1.574803 187.993576 -223.041687 1.574803 190.355789 -223.041687 -1.574803 190.355789 -223.041687 1.574803 189.568390 -223.456528 1.574803 189.129257 -218.475510 1.574803 187.403030 -223.726685 1.574803 188.588943 -219.498383 1.574803 186.812485 -218.907822 1.574803 186.970718 -222.647980 1.574803 186.812485 -223.238541 1.574803 186.970718 -223.670853 1.574803 187.403030 -223.829086 1.574803 187.993576 -222.647980 -1.574803 186.812485 -223.238541 -1.574803 186.970718 -218.475510 -1.574803 187.403030 -218.907822 -1.574803 186.970718 -219.498383 -1.574803 186.812485 -223.670853 -1.574803 187.403030 -223.829086 -1.574803 187.993576 -223.726685 -1.574803 188.588943 -223.456528 -1.574803 189.129257 -223.041687 -1.574803 189.568390 -250.600739 12.992126 175.395157 -249.419632 7.480315 175.395157 -249.419632 12.992126 175.395157 -250.600739 7.480315 175.395157 -244.716370 7.895158 172.593826 -244.986526 12.307123 172.053497 -244.716370 12.577283 172.593826 -244.986526 8.165318 172.053497 -250.600739 8.267716 173.032959 -250.600739 12.992126 173.032959 -250.600739 7.480315 173.032959 -245.088928 12.204724 171.458145 -245.088928 8.267716 171.458145 -244.301529 7.480315 173.032959 -244.301529 12.992126 173.032959 -245.482635 12.992126 175.395157 -244.301529 7.480315 175.395157 -244.301529 12.992126 175.395157 -245.482635 7.480315 175.395157 -245.482635 7.480315 173.820358 -249.419632 7.480315 173.820358 -249.419632 12.992126 173.820358 -245.482635 12.992126 173.820358 -249.915741 12.307123 172.053497 -249.813339 12.204724 171.458145 -250.185898 8.267716 172.593826 -250.185898 12.577283 172.593826 -249.915741 8.267716 172.053497 -249.915741 8.165318 172.053497 -250.185898 7.895158 172.593826 -249.813339 8.267716 171.458145 -253.750351 1.968504 165.552643 -253.750351 -1.968504 165.552643 -241.151917 -1.968504 165.552643 -241.151917 1.968504 165.552643 -245.482635 -6.299212 165.552643 -249.419632 6.299212 165.552643 -249.419632 -6.299212 165.552643 -245.482635 6.299212 165.552643 -249.419632 -6.299212 168.702240 -249.419632 1.968504 168.702240 -249.419632 6.299212 168.702240 -249.419632 -1.968504 168.702240 -245.482635 6.299212 168.702240 -245.482635 1.968504 168.702240 -245.482635 -1.968504 168.702240 -245.482635 -6.299212 168.702240 -241.151917 -6.299212 163.977829 -252.920654 -5.469526 163.099579 -241.981613 -5.469526 163.099579 -253.750351 -6.299212 163.977829 -252.380341 -4.929207 162.018936 -242.521927 -4.929207 162.018936 -253.750351 6.299212 163.977829 -252.920654 5.469526 163.099579 -252.380341 4.929207 162.018936 -252.175537 -4.724410 160.828232 -252.175537 4.724410 160.828232 -242.726730 4.724410 160.828232 -242.521927 4.929207 162.018936 -241.981613 5.469526 163.099579 -241.151917 6.299212 163.977829 -241.151917 -6.299212 168.702240 -241.151917 -1.968504 168.702240 -242.726730 -4.724410 160.828232 -241.151917 1.968504 168.702240 -253.750351 -1.968504 168.702240 -253.750351 1.968504 168.702240 -253.750351 6.299212 168.702240 -241.151917 6.299212 168.702240 -241.981613 4.724410 163.099579 -242.521927 4.724410 162.018936 -241.151917 4.724410 163.977829 -253.750351 -6.299212 168.702240 -250.600739 -13.385827 183.662872 -249.419632 -18.897638 183.662872 -249.419632 -13.385827 183.662872 -250.600739 -18.897638 183.662872 -244.716370 -18.482794 180.861542 -244.986526 -14.070829 180.321213 -244.716370 -13.800670 180.861542 -244.986526 -18.212635 180.321213 -250.600739 -18.110237 181.300674 -250.600739 -13.385827 181.300674 -250.600739 -18.897638 181.300674 -245.088928 -14.173228 179.725861 -245.088928 -18.110237 179.725861 -244.301529 -18.897638 181.300674 -244.301529 -13.385827 181.300674 -245.482635 -13.385827 183.662872 -244.301529 -18.897638 183.662872 -244.301529 -13.385827 183.662872 -245.482635 -18.897638 183.662872 -245.482635 -18.897638 182.088074 -249.419632 -18.897638 182.088074 -249.419632 -13.385827 182.088074 -245.482635 -13.385827 182.088074 -249.915741 -14.070829 180.321213 -249.813339 -14.173228 179.725861 -250.185898 -18.110237 180.861542 -250.185898 -13.800670 180.861542 -249.915741 -18.110237 180.321213 -249.915741 -18.212635 180.321213 -250.185898 -18.482794 180.861542 -249.813339 -18.110237 179.725861 -250.600739 18.897638 183.662872 -249.419632 13.385827 183.662872 -249.419632 18.897638 183.662872 -250.600739 13.385827 183.662872 -244.716370 13.800670 180.861542 -244.986526 18.212635 180.321213 -244.716370 18.482794 180.861542 -244.986526 14.070829 180.321213 -250.600739 14.173228 181.300674 -250.600739 18.897638 181.300674 -250.600739 13.385827 181.300674 -245.088928 18.110237 179.725861 -245.088928 14.173228 179.725861 -244.301529 13.385827 181.300674 -244.301529 18.897638 181.300674 -245.482635 18.897638 183.662872 -244.301529 13.385827 183.662872 -244.301529 18.897638 183.662872 -245.482635 13.385827 183.662872 -245.482635 13.385827 182.088074 -249.419632 13.385827 182.088074 -249.419632 18.897638 182.088074 -245.482635 18.897638 182.088074 -249.915741 18.212635 180.321213 -249.813339 18.110237 179.725861 -250.185898 14.173228 180.861542 -250.185898 18.482794 180.861542 -249.915741 14.173228 180.321213 -249.915741 14.070829 180.321213 -250.185898 13.800670 180.861542 -249.813339 14.173228 179.725861 -246.663727 13.385827 181.300674 -248.238541 13.385827 181.300674 -248.238541 13.385827 182.088074 -246.663727 13.385827 182.088074 -246.663727 14.173228 179.725861 -246.663727 13.800670 180.861542 -246.663727 14.070829 180.321213 -248.238541 14.173228 179.725861 -248.238541 13.800670 180.861542 -248.238541 14.070829 180.321213 -246.663727 -13.385827 181.300674 -248.238541 -13.385827 182.088074 -248.238541 -13.385827 181.300674 -246.663727 -13.385827 182.088074 -246.663727 -14.173228 179.725861 -246.663727 -13.800670 180.861542 -246.663727 -14.070829 180.321213 -248.238541 -14.173228 179.725861 -248.238541 -1.574803 182.088074 -248.238541 -1.574803 179.725861 -248.238541 -13.800670 180.861542 -248.238541 -14.070829 180.321213 -245.876328 14.173228 179.725861 -245.482635 14.014991 179.135315 -245.482635 14.173228 179.725861 -245.876328 14.014991 179.135315 -245.876328 13.582677 178.703003 -245.482635 13.582677 178.703003 -245.482635 3.149606 178.544769 -245.876328 12.992126 178.544769 -245.876328 3.149606 178.544769 -245.482635 12.992126 178.544769 -245.876328 -1.968504 179.725861 -249.419632 -1.574803 179.725861 -245.482635 -14.173228 179.725861 -249.025940 -14.173228 179.725861 -245.482635 -18.110237 179.725861 -245.876328 -14.173228 179.725861 -249.025940 -1.968504 179.725861 -249.419632 -14.173228 179.725861 -249.419632 -18.110237 179.725861 -245.482635 18.110237 179.725861 -245.482635 18.110237 177.363663 -245.482635 15.275591 174.174683 -245.482635 -13.385827 173.820358 -245.482635 13.385827 173.820358 -245.482635 -15.275591 174.174683 -245.482635 16.692913 174.883347 -245.482635 -16.692913 174.883347 -245.482635 17.637794 175.946335 -245.482635 2.559055 178.703003 -245.482635 2.126742 179.135315 -245.482635 -17.637794 175.946335 -245.482635 -3.149606 178.544769 -245.482635 -2.559055 178.703003 -245.482635 -2.126742 179.135315 -245.482635 -18.110237 177.363663 -245.482635 -12.992126 178.544769 -245.482635 -13.582677 178.703003 -245.482635 -14.014991 179.135315 -249.419632 -13.385827 173.820358 -249.419632 -15.275591 174.174683 -249.419632 -1.574803 175.788864 -249.419632 -12.992126 178.544769 -249.419632 -18.110237 177.363663 -249.419632 -13.582677 178.703003 -249.419632 -14.014991 179.135315 -249.419632 13.385827 173.820358 -249.419632 15.275591 174.174683 -249.419632 -16.692913 174.883347 -249.419632 16.692913 174.883347 -249.419632 -17.637794 175.946335 -249.419632 -3.149606 178.544769 -249.419632 -2.559055 178.703003 -249.419632 -2.126742 179.135315 -249.419632 17.637794 175.946335 -249.419632 3.149606 178.544769 -249.419632 2.559055 178.703003 -249.419632 2.126742 179.135315 -249.419632 18.110235 177.363663 -249.419632 1.968504 179.725861 -249.419632 12.992126 178.544769 -249.419632 18.110235 179.725861 -249.419632 13.582677 178.703003 -249.419632 14.014991 179.135315 -249.419632 14.173228 179.725861 -249.025940 1.968504 179.725861 -245.876328 1.968504 179.725861 -249.025940 14.173228 179.725861 -245.876328 -3.149606 178.544769 -245.876328 -2.559055 178.703003 -245.876328 -2.126742 179.135315 -249.025940 -13.582677 178.703003 -249.025940 -3.149606 178.544769 -249.025940 -12.992126 178.544769 -249.025940 -2.559055 178.703003 -249.025940 -14.014991 179.135315 -249.025940 -2.126742 179.135315 -245.876328 -12.992126 178.544769 -249.025940 14.014991 179.135315 -249.025940 13.582677 178.703003 -249.025940 2.559055 178.703003 -249.025940 12.992126 178.544769 -249.025940 3.149606 178.544769 -249.025940 2.126742 179.135315 -245.876328 2.126742 179.135315 -245.876328 2.559055 178.703003 -245.876328 -13.582677 178.703003 -245.876328 -14.014991 179.135315 -287.998993 -14.960629 203.736404 -287.998993 -1.968504 203.739487 -287.998993 -1.968504 212.358444 -287.998993 -0.787402 203.736404 -287.998993 -0.787402 203.739487 -287.998993 0.787402 203.736404 -287.998993 1.968504 203.739487 -287.998993 0.787402 203.739487 -287.998993 14.960629 203.736404 -287.998993 -14.960629 214.767578 -287.998993 14.960629 214.767578 -287.998993 1.968504 212.358444 -291.936005 -14.960629 213.578918 -291.936005 14.960629 213.578918 -291.936005 -14.960629 203.736404 -291.936005 14.960629 203.736404 -288.392700 0.787402 203.739487 -288.392700 1.968504 203.739487 -288.392700 -0.787402 203.739487 -288.392700 -1.968504 203.739487 -288.392700 -0.590551 203.739487 -288.786377 -0.639764 203.739487 -289.967499 -0.787402 203.739487 -289.967499 0.787402 203.739487 -288.392700 0.590551 203.739487 -288.786377 0.590551 203.739487 -288.392700 -0.787402 203.736404 -288.786377 -0.639764 203.736404 -288.786377 0.590551 203.736404 -288.392700 0.787402 203.736404 -271.466888 -1.574803 198.623505 -271.466888 -1.574803 203.248291 -267.529877 -1.574803 203.248291 -267.529877 -1.574803 198.623505 -271.466888 0.000000 203.248291 -267.529877 0.000000 203.248291 -271.466888 1.574803 203.248291 -267.529877 1.574803 203.248291 -271.466888 1.574803 198.623505 -267.529877 1.574803 198.623505 -267.529877 18.897638 198.623505 -267.529877 18.897638 204.520111 -267.529877 -18.897638 204.520111 -267.529877 -18.897638 198.623505 -271.466888 18.897638 198.623505 -271.466888 -18.897638 204.520111 -271.466888 -18.897638 198.623505 -271.466888 18.897638 204.520111 -261.230652 -1.574803 190.355789 -261.230652 -1.574803 194.292801 -257.293640 -1.574803 194.292801 -257.293640 -1.574803 190.355789 -261.230652 1.574803 194.292801 -257.293640 1.574803 194.292801 -261.230652 1.574803 190.355789 -257.293640 1.574803 190.355789 -257.293640 18.897638 190.355789 -257.293640 18.897638 196.252396 -257.293640 -18.897638 196.252396 -257.293640 -18.897638 190.355789 -261.230652 18.897638 190.355789 -261.230652 -18.897638 196.252396 -261.230652 -18.897638 190.355789 -261.230652 18.897638 196.252396 -224.222794 18.897638 204.529022 -228.159790 1.574803 204.529022 -224.222794 1.574803 204.529022 -228.159790 18.897638 204.529022 -228.159790 -1.574803 200.592010 -224.222794 -1.574803 204.529022 -224.222794 -1.574803 200.592010 -228.159790 -1.574803 204.529022 -228.159790 1.574803 200.592010 -224.222794 1.574803 200.592010 -224.222794 -18.897638 204.529022 -224.222794 18.897638 198.632401 -224.222794 -18.897638 198.632401 -228.159790 -18.897638 204.529022 -228.159790 -18.897638 198.632401 -228.159790 18.897638 198.632401 -217.529877 -0.629921 204.529022 -215.955078 -0.787402 198.623505 -217.529877 -0.629921 198.623505 -215.955078 -0.787402 204.529022 -215.955078 0.787402 204.529022 -217.529877 0.629921 198.623505 -215.955078 0.787402 198.623505 -217.529877 0.629921 204.529022 -217.529877 0.590551 198.623505 -217.529877 -1.574803 204.529022 -213.986572 -14.960630 204.529022 -217.923569 -14.960630 204.529022 -217.923569 -1.574803 204.529022 -213.986572 14.960629 204.529022 -217.923569 14.960629 204.529022 -217.529877 1.574803 204.529022 -217.923569 1.574803 204.529022 -217.529877 -1.574803 198.623505 -217.923569 -14.960630 198.623505 -213.986572 -14.960630 198.623505 -217.923569 -1.574803 198.623505 -217.923569 1.574803 198.623505 -217.923569 14.960629 198.623505 -217.529877 1.574803 198.623505 -213.986572 14.960629 198.623505 -293.117096 14.960629 205.311203 -291.936005 9.448819 205.311203 -291.936005 14.960629 205.311203 -293.117096 9.448819 205.311203 -287.232727 9.863662 202.509872 -287.502899 14.275627 201.969543 -287.232727 14.545787 202.509872 -287.502899 10.133821 201.969543 -293.117096 10.236220 202.948990 -293.117096 14.960629 202.948990 -293.117096 9.448819 202.948990 -287.605286 14.173228 201.374191 -287.605286 10.236220 201.374191 -286.817902 9.448819 202.948990 -286.817902 14.960629 202.948990 -287.998993 14.960629 205.311203 -286.817902 9.448819 205.311203 -286.817902 14.960629 205.311203 -287.998993 9.448819 205.311203 -287.998993 9.448819 203.736404 -291.936005 9.448819 203.736404 -292.432098 14.275627 201.969543 -292.329712 14.173228 201.374191 -292.702271 10.236220 202.509872 -292.702271 14.545787 202.509872 -292.432098 10.236220 201.969543 -292.432098 10.133821 201.969543 -292.702271 9.863662 202.509872 -292.329712 10.236220 201.374191 -287.998993 -14.173228 201.374191 -291.936005 -10.236220 201.374191 -291.936005 -14.173228 201.374191 -287.998993 -10.236220 201.374191 -289.967499 -9.645669 201.374191 -287.998993 2.126742 200.783646 -289.967499 2.559055 201.374191 -289.967499 2.638174 201.078918 -289.967499 3.224705 200.763519 -291.936005 9.055119 200.193085 -291.936005 3.149606 200.193085 -289.967499 8.980020 200.763519 -287.998993 10.236220 201.374191 -289.967499 9.566550 201.078918 -287.998993 10.077983 200.783646 -289.967499 9.645669 201.374191 -287.998993 -9.645669 200.351334 -289.967499 -9.566550 201.078918 -287.998993 -10.077983 200.783646 -289.967499 -9.350393 200.862762 -289.967499 2.854331 200.862762 -291.936005 2.559055 200.351334 -287.998993 9.055119 200.193085 -287.998993 3.149606 200.193085 -291.936005 -10.077983 200.783646 -289.967499 -2.638174 201.078918 -287.998993 -2.559055 200.351334 -287.998993 -2.126742 200.783646 -289.967499 -2.854331 200.862762 -291.936005 -6.299212 195.468689 -287.998993 -8.923884 195.704910 -291.936005 -8.923884 195.704910 -287.998993 -6.299212 195.468689 -289.967499 -2.559055 201.374191 -291.936005 -2.126742 200.783646 -291.936005 14.173228 199.011993 -287.998993 14.173228 201.374191 -287.998993 14.173228 199.011993 -291.936005 14.173228 201.374191 -291.936005 2.126742 200.783646 -287.998993 -9.055119 200.193085 -289.967499 -8.980020 200.763519 -287.998993 9.645669 200.351334 -289.967499 9.350393 200.862762 -291.936005 8.923884 195.704910 -287.998993 6.299212 195.468689 -291.936005 6.299212 195.468689 -287.998993 8.923884 195.704910 -291.936005 -3.149606 200.193085 -289.967499 -3.224705 200.763519 -291.936005 -2.559055 200.351334 -287.998993 -3.149606 200.193085 -287.998993 2.559055 200.351334 -291.936005 10.236220 201.374191 -287.998993 13.648293 197.830887 -291.936005 13.648293 197.830887 -291.936005 11.023623 196.177338 -287.998993 11.023623 196.177338 -291.936005 12.598425 196.886002 -287.998993 12.598425 196.886002 -291.936005 9.645669 200.351334 -291.936005 10.077983 200.783646 -291.936005 -9.055119 200.193085 -291.936005 -9.645669 200.351334 -291.936005 -14.173228 199.011993 -291.936005 -11.023623 196.177338 -291.936005 -12.598425 196.886002 -291.936005 -13.648293 197.830887 -287.998993 -14.173228 199.011993 -287.998993 -13.648293 197.830887 -287.998993 -12.598425 196.886002 -287.998993 -11.023623 196.177338 -293.117096 -9.448819 205.311203 -291.936005 -14.960629 205.311203 -291.936005 -9.448819 205.311203 -293.117096 -14.960629 205.311203 -287.232727 -14.545787 202.509872 -287.502899 -10.133821 201.969543 -287.232727 -9.863662 202.509872 -287.502899 -14.275627 201.969543 -293.117096 -14.173228 202.948990 -293.117096 -9.448819 202.948990 -293.117096 -14.960629 202.948990 -287.605286 -10.236220 201.374191 -287.605286 -14.173228 201.374191 -286.817902 -14.960629 202.948990 -286.817902 -9.448819 202.948990 -287.998993 -9.448819 205.311203 -286.817902 -14.960629 205.311203 -286.817902 -9.448819 205.311203 -287.998993 -14.960629 205.311203 -291.936005 -9.448819 203.736404 -287.998993 -9.448819 203.736404 -292.432098 -10.133821 201.969543 -292.329712 -10.236220 201.374191 -292.702271 -14.173228 202.509872 -292.702271 -9.863662 202.509872 -292.432098 -14.173228 201.969543 -292.432098 -14.275627 201.969543 -292.702271 -14.545787 202.509872 -292.329712 -14.173228 201.374191 -213.986572 -14.170601 196.261307 -217.923569 -10.233593 196.261307 -217.923569 -14.170601 196.261307 -213.986572 -10.233593 196.261307 -215.955078 -9.643042 196.261307 -213.986572 2.129369 195.670746 -215.955078 2.561683 196.261307 -213.986572 1.971132 196.261307 -215.955078 2.640802 195.966019 -215.955078 3.227333 195.650620 -217.923569 9.057746 195.080200 -217.923569 3.152234 195.080200 -215.955078 8.982648 195.650620 -213.986572 10.238849 196.261307 -215.955078 9.569179 195.966019 -213.986572 10.080610 195.670746 -215.955078 9.648297 196.261307 -213.986572 -9.643042 195.238434 -215.955078 -9.563923 195.966019 -213.986572 -10.075355 195.670746 -215.955078 -9.347766 195.749863 -215.955078 2.856959 195.749863 -217.923569 2.561683 195.238434 -213.986572 9.057746 195.080200 -213.986572 3.152234 195.080200 -217.923569 -10.075355 195.670746 -215.955078 -2.635546 195.966019 -213.986572 -2.556427 195.238434 -213.986572 -2.124114 195.670746 -215.955078 -2.851703 195.749863 -217.923569 -6.296585 190.355789 -213.986572 -8.921257 190.592010 -217.923569 -8.921257 190.592010 -213.986572 -6.296585 190.355789 -215.955078 -2.556427 196.261307 -217.923569 -2.124114 195.670746 -217.923569 -1.965876 196.261307 -217.923569 14.175857 193.899094 -213.986572 14.175857 196.261307 -213.986572 14.175857 193.899094 -217.923569 14.175857 196.261307 -217.923569 1.971132 196.261307 -217.923569 2.129369 195.670746 -213.986572 -9.052490 195.080200 -215.955078 -8.977392 195.650620 -213.986572 1.577431 196.261307 -217.923569 1.577431 196.261307 -213.986572 9.648297 195.238434 -215.955078 9.353022 195.749863 -217.923569 8.926513 190.592010 -213.986572 6.301840 190.355789 -217.923569 6.301840 190.355789 -213.986572 8.926513 190.592010 -217.923569 -3.146978 195.080200 -215.955078 -3.222077 195.650620 -217.923569 -2.556427 195.238434 -213.986572 -3.146978 195.080200 -213.986572 2.561683 195.238434 -217.923569 10.238849 196.261307 -213.986572 13.650922 192.717987 -217.923569 13.650922 192.717987 -217.923569 11.026250 191.064453 -213.986572 11.026250 191.064453 -217.923569 12.601053 191.773117 -213.986572 12.601053 191.773117 -217.923569 9.648297 195.238434 -217.923569 10.080610 195.670746 -217.923569 -9.052490 195.080200 -217.923569 -9.643042 195.238434 -217.923569 -14.170601 193.899094 -217.923569 -11.020994 191.064453 -217.923569 -12.595798 191.773117 -217.923569 -13.645666 192.717987 -217.923569 -1.572175 192.324295 -217.923569 -1.572175 196.261307 -217.923569 1.577431 192.324295 -213.986572 -1.965876 196.261307 -213.986572 -14.170601 193.899094 -213.986572 -13.645666 192.717987 -213.986572 -12.595798 191.773117 -213.986572 1.577431 192.324295 -213.986572 -11.020994 191.064453 -213.986572 -1.572175 192.324295 -213.986572 -1.572175 196.261307 -219.104675 -9.446191 200.198303 -217.923569 -14.958002 200.198303 -217.923569 -9.446191 200.198303 -219.104675 -14.958002 200.198303 -213.220306 -14.543159 197.396973 -213.490463 -10.131194 196.856659 -213.220306 -9.861034 197.396973 -213.490463 -14.273000 196.856659 -219.104675 -14.170601 197.836105 -219.104675 -9.446191 197.836105 -219.104675 -14.958002 197.836105 -213.592865 -10.233593 196.261307 -213.592865 -14.170601 196.261307 -212.805466 -14.958002 197.836105 -212.805466 -9.446191 197.836105 -213.986572 -9.446191 200.198303 -212.805466 -14.958002 200.198303 -212.805466 -9.446191 200.198303 -213.986572 -14.958002 200.198303 -213.986572 -14.958002 198.623505 -217.923569 -14.958002 198.623505 -217.923569 -9.446191 198.623505 -213.986572 -9.446191 198.623505 -218.419678 -10.131194 196.856659 -218.317276 -10.233593 196.261307 -218.689835 -14.170601 197.396973 -218.689835 -9.861034 197.396973 -218.419678 -14.170601 196.856659 -218.419678 -14.273000 196.856659 -218.689835 -14.543159 197.396973 -218.317276 -14.170601 196.261307 -219.104675 14.963258 200.198303 -217.923569 9.451447 200.198303 -217.923569 14.963258 200.198303 -219.104675 9.451447 200.198303 -213.220306 9.866290 197.396973 -213.490463 14.278255 196.856659 -213.220306 14.548414 197.396973 -213.490463 10.136450 196.856659 -219.104675 10.238849 197.836105 -219.104675 14.963258 197.836105 -219.104675 9.451447 197.836105 -213.592865 14.175857 196.261307 -213.592865 10.238849 196.261307 -212.805466 9.451447 197.836105 -212.805466 14.963258 197.836105 -213.986572 14.963258 200.198303 -212.805466 9.451447 200.198303 -212.805466 14.963258 200.198303 -213.986572 9.451447 200.198303 -213.986572 9.451447 198.623505 -217.923569 9.451447 198.623505 -217.923569 14.963258 198.623505 -213.986572 14.963258 198.623505 -218.419678 14.278255 196.856659 -218.317276 14.175857 196.261307 -218.689835 10.238849 197.396973 -218.689835 14.548414 197.396973 -218.419678 10.238849 196.856659 -218.419678 10.136450 196.856659 -218.689835 9.866290 197.396973 -218.317276 10.238849 196.261307 -213.490463 -2.855677 196.856659 -218.317276 -2.753278 196.261307 -213.592865 -2.753278 196.261307 -218.419678 -2.855677 196.856659 -219.104675 3.545935 197.836105 -213.220306 3.131092 197.396973 -218.689835 3.131092 197.396973 -212.805466 3.545935 197.836105 -219.104675 -3.540679 200.198303 -217.923569 -1.572175 200.198303 -219.104675 -1.572175 200.198303 -217.923569 -3.540679 200.198303 -213.490463 2.860932 196.856659 -218.419678 2.860932 196.856659 -213.220306 -3.125836 197.396973 -212.805466 -3.540679 197.836105 -213.986572 -3.540679 198.623505 -219.104675 -3.540679 197.836105 -212.805466 -3.540679 200.198303 -213.986572 -3.540679 200.198303 -217.923569 -3.540679 198.623505 -219.104675 3.545935 200.198303 -219.104675 1.577431 198.623505 -219.104675 1.577431 200.198303 -219.104675 -2.753278 197.836105 -219.104675 -1.572175 198.623505 -217.923569 3.545935 198.623505 -217.923569 1.577431 200.198303 -217.923569 1.577431 198.623505 -217.923569 3.545935 200.198303 -218.689835 -3.125836 197.396973 -217.923569 -1.572175 198.623505 -212.805466 3.545935 200.198303 -213.986572 3.545935 198.623505 -213.986572 3.545935 200.198303 -213.592865 2.758533 196.261307 -218.317276 2.758533 196.261307 -218.419678 -2.753278 196.856659 -218.689835 -2.753278 197.396973 -292.432098 2.858305 201.969543 -287.605286 2.755906 201.374191 -292.329712 2.755906 201.374191 -287.502899 2.858305 201.969543 -286.817902 -3.543307 202.948990 -292.702271 -3.128464 202.509872 -287.232727 -3.128464 202.509872 -293.117096 -3.543307 202.948990 -286.817902 3.543307 205.311203 -287.998993 1.574803 205.311203 -286.817902 1.574803 205.311203 -287.998993 3.543307 205.311203 -292.432098 -2.858305 201.969543 -287.502899 -2.858305 201.969543 -292.702271 3.128464 202.509872 -293.117096 3.543307 202.948990 -291.936005 3.543307 203.736404 -286.817902 3.543307 202.948990 -293.117096 3.543307 205.311203 -291.936005 3.543307 205.311203 -287.998993 3.543307 203.736404 -286.817902 -3.543307 205.311203 -286.817902 -1.574803 203.736404 -286.817902 -1.574803 205.311203 -286.817902 2.755906 202.948990 -286.817902 1.574803 203.736404 -287.998993 -3.543307 203.736404 -287.998993 -1.574803 205.311203 -287.998993 -1.574803 203.736404 -287.998993 -3.543307 205.311203 -287.232727 3.128464 202.509872 -287.998993 1.574803 203.736404 -293.117096 -3.543307 205.311203 -291.936005 -3.543307 203.736404 -291.936005 -3.543307 205.311203 -292.329712 -2.755906 201.374191 -287.605286 -2.755906 201.374191 -287.502899 2.755906 201.969543 -287.232727 2.755906 202.509872 -256.112549 1.968504 173.820358 -256.112549 -1.968504 173.820358 -256.112549 -1.968504 175.395157 -257.293640 -1.968504 175.395157 -257.293640 -3.543307 175.395157 -257.293640 1.968504 175.395157 -257.293640 3.543307 175.395157 -257.293640 3.543307 173.820358 -257.293640 -3.543307 173.820358 -261.230652 3.543307 173.820358 -261.230652 3.543307 175.395157 -261.230652 -3.543307 173.820358 -261.230652 -1.968504 175.395157 -261.230652 -3.543307 175.395157 -261.230652 1.968504 175.395157 -262.411774 3.543307 175.395157 -262.411774 1.968504 175.395157 -256.112549 1.968504 175.395157 -262.411774 1.968504 173.820358 -262.411774 -1.968504 173.820358 -256.112549 3.543307 175.395157 -262.411774 -3.543307 173.032959 -261.996918 -3.128464 172.593826 -256.527405 -3.128464 172.593826 -256.112549 -3.543307 173.032959 -261.726776 -2.858305 172.053497 -256.797546 -2.858305 172.053497 -256.797546 2.858305 172.053497 -256.527405 3.128464 172.593826 -256.527405 -2.755906 172.593826 -256.797546 -2.755906 172.053497 -256.899963 2.755906 171.458145 -261.624359 2.755906 171.458145 -261.726776 2.858305 172.053497 -261.996918 3.128464 172.593826 -256.112549 3.543307 173.032959 -256.112549 -2.755906 173.032959 -261.624359 -2.755906 171.458145 -262.411774 -3.543307 175.395157 -262.411774 -1.968504 175.395157 -262.411774 3.543307 173.032959 -256.112549 -3.543307 175.395157 -256.899963 -2.755906 171.458145 -250.600739 -14.173228 191.921692 -249.419632 -19.685040 191.921692 -249.419632 -14.173228 191.921692 -250.600739 -19.685040 191.921692 -244.716370 -19.270197 189.120346 -244.986526 -14.858232 188.580032 -244.716370 -14.588072 189.120346 -244.986526 -19.000036 188.580032 -250.600739 -18.897638 189.559479 -250.600739 -14.173228 189.559479 -250.600739 -19.685040 189.559479 -245.088928 -14.960630 187.984680 -245.088928 -18.897638 187.984680 -244.301529 -19.685040 189.559479 -244.301529 -14.173228 189.559479 -245.482635 -14.173228 191.921692 -244.301529 -19.685040 191.921692 -244.301529 -14.173228 191.921692 -245.482635 -19.685040 191.921692 -245.482635 -19.685040 190.346893 -249.419632 -19.685040 190.346893 -249.419632 -14.173228 190.346893 -245.482635 -14.173228 190.346893 -249.915741 -14.858232 188.580032 -249.813339 -14.960630 187.984680 -250.185898 -18.897638 189.120346 -250.185898 -14.588072 189.120346 -249.915741 -18.897638 188.580032 -249.915741 -19.000036 188.580032 -250.185898 -19.270197 189.120346 -249.813339 -18.897638 187.984680 -250.600739 19.685040 191.921692 -249.419632 14.173228 191.921692 -249.419632 19.685040 191.921692 -250.600739 14.173228 191.921692 -244.716370 14.588072 189.120346 -244.986526 19.000036 188.580032 -244.716370 19.270197 189.120346 -244.986526 14.858232 188.580032 -250.600739 14.960630 189.559479 -250.600739 19.685040 189.559479 -250.600739 14.173228 189.559479 -245.088928 18.897638 187.984680 -245.088928 14.960630 187.984680 -244.301529 14.173228 189.559479 -244.301529 19.685040 189.559479 -245.482635 19.685040 191.921692 -244.301529 14.173228 191.921692 -244.301529 19.685040 191.921692 -245.482635 14.173228 191.921692 -245.482635 14.173228 190.346893 -249.419632 14.173228 190.346893 -249.419632 19.685040 190.346893 -245.482635 19.685040 190.346893 -249.915741 19.000036 188.580032 -249.813339 18.897638 187.984680 -250.185898 14.960630 189.120346 -250.185898 19.270197 189.120346 -249.915741 14.960630 188.580032 -249.915741 14.858232 188.580032 -250.185898 14.588072 189.120346 -249.813339 14.960630 187.984680 -257.293640 3.149606 178.544769 -259.262146 2.854331 179.214432 -257.293640 2.559055 178.703003 -259.262146 3.224705 179.115189 -259.262146 2.638174 179.430588 -257.293640 2.126742 179.135315 -261.230652 8.267716 179.725861 -259.262146 7.598046 179.430588 -259.262146 7.677166 179.725861 -261.230652 8.109479 179.135315 -261.230652 3.149606 178.544769 -261.230652 2.559055 178.703003 -261.230652 2.126742 179.135315 -261.230652 7.677166 178.703003 -259.262146 7.381890 179.214432 -259.262146 2.559055 179.725861 -257.293640 8.109479 179.135315 -257.293640 8.267716 179.725861 -261.230652 12.204724 179.725861 -257.293640 12.204724 179.725861 -257.293640 7.086614 178.544769 -259.262146 7.011516 179.115189 -257.293640 -8.109479 179.135315 -259.262146 -7.677166 179.725861 -257.293640 -8.267716 179.725861 -259.262146 -7.598046 179.430588 -261.230652 -8.267716 179.725861 -261.230652 -8.109479 179.135315 -257.293640 -7.677166 178.703003 -259.262146 -7.381890 179.214432 -259.262146 -2.638174 179.430588 -259.262146 -2.559055 179.725861 -261.230652 -2.126742 179.135315 -257.293640 -2.126742 179.135315 -257.293640 7.677166 178.703003 -261.230652 7.086614 178.544769 -257.293640 12.204724 177.363663 -257.293640 8.425197 174.174683 -257.293640 -5.905512 173.820358 -257.293640 5.905512 173.820358 -257.293640 -8.425197 174.174683 -257.293640 10.314960 174.883347 -257.293640 -10.314960 174.883347 -257.293640 11.574803 175.946335 -257.293640 -11.574803 175.946335 -257.293640 -2.559055 178.703003 -257.293640 -3.149606 178.544769 -257.293640 -12.204724 177.363663 -257.293640 -7.086614 178.544769 -257.293640 -12.204724 179.725861 -261.230652 -2.559055 178.703003 -259.262146 -2.854331 179.214432 -261.230652 12.204724 177.363663 -261.230652 5.905512 173.820358 -261.230652 -5.905512 173.820358 -261.230652 -12.204724 179.725861 -261.230652 -12.204724 177.363663 -261.230652 -11.574803 175.946335 -261.230652 -7.086614 178.544769 -261.230652 -7.677166 178.703003 -261.230652 -8.425197 174.174683 -261.230652 8.425197 174.174683 -261.230652 10.314960 174.883347 -261.230652 -10.314960 174.883347 -261.230652 -3.149606 178.544769 -261.230652 11.574803 175.946335 -259.262146 -7.011516 179.115189 -259.262146 -3.224705 179.115189 -262.411774 -13.385827 191.930588 -261.230652 -18.897638 191.930588 -261.230652 -13.385827 191.930588 -262.411774 -18.897638 191.930588 -256.527405 -18.482794 189.129257 -256.797546 -14.070829 188.588943 -256.527405 -13.800670 189.129257 -256.797546 -18.212635 188.588943 -262.411774 -18.110237 189.568390 -262.411774 -13.385827 189.568390 -262.411774 -18.897638 189.568390 -256.899963 -14.173228 187.993576 -256.899963 -18.110237 187.993576 -256.112549 -18.897638 189.568390 -256.112549 -13.385827 189.568390 -257.293640 -13.385827 191.930588 -256.112549 -18.897638 191.930588 -256.112549 -13.385827 191.930588 -257.293640 -18.897638 191.930588 -261.230652 -13.385827 190.355789 -257.293640 -13.385827 190.355789 -261.726776 -14.070829 188.588943 -261.624359 -14.173228 187.993576 -261.996918 -18.110237 189.129257 -261.996918 -13.800670 189.129257 -261.726776 -18.110237 188.588943 -261.726776 -18.212635 188.588943 -261.996918 -18.482794 189.129257 -261.624359 -18.110237 187.993576 -262.411774 18.897638 191.930588 -261.230652 13.385827 191.930588 -261.230652 18.897638 191.930588 -262.411774 13.385827 191.930588 -256.527405 13.800670 189.129257 -256.797546 18.212635 188.588943 -256.527405 18.482794 189.129257 -256.797546 14.070829 188.588943 -262.411774 14.173228 189.568390 -262.411774 18.897638 189.568390 -262.411774 13.385827 189.568390 -256.899963 18.110237 187.993576 -256.899963 14.173228 187.993576 -256.112549 13.385827 189.568390 -256.112549 18.897638 189.568390 -257.293640 18.897638 191.930588 -256.112549 13.385827 191.930588 -256.112549 18.897638 191.930588 -257.293640 13.385827 191.930588 -257.293640 13.385827 190.355789 -261.230652 13.385827 190.355789 -261.726776 18.212635 188.588943 -261.624359 18.110237 187.993576 -261.996918 14.173228 189.129257 -261.996918 18.482794 189.129257 -261.726776 14.173228 188.588943 -261.726776 14.070829 188.588943 -261.996918 13.800670 189.129257 -261.624359 14.173228 187.993576 -257.293640 12.992126 186.812485 -259.262146 3.224705 187.382904 -257.293640 3.149606 186.812485 -259.262146 12.917027 187.382904 -259.262146 2.638174 187.698303 -261.230652 2.559055 186.970718 -261.230652 2.126742 187.403030 -259.262146 2.854331 187.482147 -261.230652 1.968504 187.993576 -259.262146 2.559055 187.993576 -257.293640 2.559055 186.970718 -257.293640 2.126742 187.403030 -261.230652 3.149606 186.812485 -259.262146 13.287401 187.482147 -261.230652 12.992126 186.812485 -261.230652 13.582677 186.970718 -261.230652 14.173228 187.993576 -259.262146 13.503558 187.698303 -259.262146 13.582677 187.993576 -261.230652 14.014991 187.403030 -257.293640 14.014991 187.403030 -257.293640 13.582677 186.970718 -257.293640 14.173228 187.993576 -261.230652 -1.968504 187.993576 -259.262146 -2.638174 187.698303 -259.262146 -2.559055 187.993576 -261.230652 -2.126742 187.403030 -261.230652 18.110237 187.993576 -257.293640 18.110237 187.993576 -257.293640 18.110237 185.631378 -257.293640 15.275591 182.442398 -257.293640 -13.385827 182.088074 -257.293640 13.385827 182.088074 -257.293640 -15.275591 182.442398 -257.293640 16.692913 183.151062 -257.293640 -16.692913 183.151062 -257.293640 17.637794 184.214050 -257.293640 -17.637794 184.214050 -257.293640 -3.149606 186.812485 -257.293640 -2.559055 186.970718 -257.293640 -2.126742 187.403030 -257.293640 -18.110237 185.631378 -257.293640 -12.992126 186.812485 -257.293640 -18.110237 187.993576 -257.293640 -13.582677 186.970718 -257.293640 -14.014991 187.403030 -257.293640 -14.173228 187.993576 -261.230652 -1.574803 187.993576 -261.230652 -13.385827 182.088074 -261.230652 -15.275591 182.442398 -261.230652 -18.110237 187.993576 -261.230652 -12.992126 186.812485 -261.230652 -18.110237 185.631378 -261.230652 -13.582677 186.970718 -261.230652 -14.014991 187.403030 -261.230652 -14.173228 187.993576 -261.230652 13.385827 182.088074 -261.230652 15.275591 182.442398 -261.230652 -16.692913 183.151062 -261.230652 16.692913 183.151062 -261.230652 -17.637794 184.214050 -261.230652 -3.149606 186.812485 -261.230652 -2.559055 186.970718 -261.230652 17.637794 184.214050 -261.230652 1.574803 187.993576 -261.230652 18.110237 185.631378 -259.262146 -13.582677 187.993576 -259.262146 -13.503558 187.698303 -259.262146 -13.287401 187.482147 -259.262146 -12.917027 187.382904 -259.262146 -3.224705 187.382904 -259.262146 -2.854331 187.482147 -262.411774 -7.480315 183.662872 -261.230652 -12.992126 183.662872 -261.230652 -7.480315 183.662872 -262.411774 -12.992126 183.662872 -256.527405 -12.577283 180.861542 -256.797546 -8.165318 180.321213 -256.527405 -7.895158 180.861542 -256.797546 -12.307123 180.321213 -262.411774 -12.204724 181.300674 -262.411774 -7.480315 181.300674 -262.411774 -12.992126 181.300674 -256.899963 -8.267716 179.725861 -256.899963 -12.204724 179.725861 -256.112549 -12.992126 181.300674 -256.112549 -7.480315 181.300674 -257.293640 -7.480315 183.662872 -256.112549 -12.992126 183.662872 -256.112549 -7.480315 183.662872 -257.293640 -12.992126 183.662872 -257.293640 -12.992126 182.088074 -261.230652 -12.992126 182.088074 -261.230652 -7.480315 182.088074 -257.293640 -7.480315 182.088074 -261.726776 -8.165318 180.321213 -261.624359 -8.267716 179.725861 -261.996918 -12.204724 180.861542 -261.996918 -7.895158 180.861542 -261.726776 -12.204724 180.321213 -261.726776 -12.307123 180.321213 -261.996918 -12.577283 180.861542 -261.624359 -12.204724 179.725861 -262.411774 12.992126 183.662872 -261.230652 7.480315 183.662872 -261.230652 12.992126 183.662872 -262.411774 7.480315 183.662872 -256.527405 7.895158 180.861542 -256.797546 12.307123 180.321213 -256.527405 12.577283 180.861542 -256.797546 8.165318 180.321213 -262.411774 8.267716 181.300674 -262.411774 12.992126 181.300674 -262.411774 7.480315 181.300674 -256.899963 12.204724 179.725861 -256.899963 8.267716 179.725861 -256.112549 7.480315 181.300674 -256.112549 12.992126 181.300674 -257.293640 12.992126 183.662872 -256.112549 7.480315 183.662872 -256.112549 12.992126 183.662872 -257.293640 7.480315 183.662872 -257.293640 7.480315 182.088074 -261.230652 7.480315 182.088074 -261.230652 12.992126 182.088074 -257.293640 12.992126 182.088074 -261.726776 12.307123 180.321213 -261.624359 12.204724 179.725861 -261.996918 8.267716 180.861542 -261.996918 12.577283 180.861542 -261.726776 8.267716 180.321213 -261.726776 8.165318 180.321213 -261.996918 7.895158 180.861542 -261.624359 8.267716 179.725861 -217.923569 -1.574803 200.768021 -224.222794 1.574803 198.865982 -217.923569 1.574803 200.768021 -224.222794 1.574803 198.623505 -218.259003 1.574803 198.623505 -218.388138 1.574803 198.623505 -217.923569 1.968504 204.529022 -217.923569 1.968504 200.768021 -224.222794 1.968504 204.529022 -224.222794 1.968504 198.865982 -215.955078 1.968504 207.531250 -215.955078 1.968504 204.529022 -225.897980 1.968504 204.529022 -276.584412 -1.181102 189.224350 -276.584412 1.181102 189.224350 -276.581177 1.574803 191.692871 -276.584412 1.574803 189.224350 -276.581177 -1.574803 191.692871 -276.584412 -1.574803 189.224350 -277.269989 -1.968504 187.801529 -276.999847 -1.968504 188.341858 -276.584991 -1.968504 188.780991 -276.584991 -1.968504 189.224167 -277.372406 -1.968504 187.206177 -277.372406 1.968504 187.206177 -282.096802 1.968504 187.206177 -282.096802 -1.968504 187.206177 -277.269989 1.968504 187.801529 -276.999847 1.968504 188.341858 -276.584991 1.968504 188.780991 -276.584991 1.968504 189.224167 -228.159790 -1.968504 197.677216 -234.459015 -1.968504 196.261307 -234.459015 -1.968504 195.775177 -228.159790 -1.968504 203.846069 -238.396011 -1.968504 196.261307 -245.482635 -1.968504 196.261307 -249.419632 -1.968504 196.261307 -249.419632 -1.968504 191.257843 -257.293640 -1.968504 190.355789 -257.293640 -1.968504 195.049149 -234.459015 -1.968504 201.944031 -238.396011 -1.968504 200.755249 -238.396011 -1.968504 194.586411 -245.482635 -1.968504 192.446609 -267.529877 -1.968504 187.993576 -261.230652 -1.968504 190.355789 -271.466888 -1.968504 187.993576 -261.230652 -1.968504 193.860382 -267.529877 -1.968504 190.355789 -282.894196 -1.968504 185.315750 -267.529877 -1.968504 191.958344 -271.466888 -1.968504 190.355789 -271.466888 -1.968504 190.769577 -289.017334 -1.968504 180.123917 -288.789703 -1.968504 179.370132 -287.145813 -1.968504 180.964767 -285.463654 -1.968504 182.139465 -284.029724 -1.968504 183.606918 -282.406128 1.201045 187.112793 -282.406128 -1.201045 187.112793 -282.562714 -0.403697 187.065506 -282.562714 0.403697 187.065506 -282.894196 1.968504 185.315750 -289.017334 1.968504 180.123917 -287.269043 1.201045 181.182037 -287.145813 1.968504 180.964767 -289.089813 1.201045 180.363998 -287.331451 0.403697 181.292053 -289.126526 -0.403697 180.485550 -287.331451 -0.403697 181.292053 -289.126526 0.403697 180.485550 -283.225677 -0.403697 185.493774 -283.114258 -1.201045 185.433929 -283.114258 1.201045 185.433929 -283.225677 0.403697 185.493774 -284.029724 1.968504 183.606918 -284.223938 -1.201045 183.764023 -284.322266 -0.403697 183.843552 -284.322266 0.403697 183.843552 -284.223938 1.201045 183.764023 -285.463654 1.968504 182.139465 -285.625214 -1.201045 182.329987 -285.707001 -0.403697 182.426453 -285.707001 0.403697 182.426453 -285.625214 1.201045 182.329987 -287.269043 -1.201045 181.182037 -289.089813 -1.201045 180.363998 -288.789703 1.968504 179.370132 -271.466888 1.574803 190.769577 -271.466888 1.968504 190.769577 -215.955078 1.574803 209.998795 -257.293640 -1.574803 197.516693 -215.955078 -1.574803 209.998795 -257.293640 1.574803 197.516693 -234.459015 -1.181102 195.775177 -234.459015 1.968504 195.775177 -228.159790 1.968504 197.677216 -234.459015 1.574803 195.775177 -238.396011 -1.181102 194.586411 -238.396011 1.574803 194.586411 -245.482635 -1.574803 192.446609 -245.887741 1.574803 192.324295 -245.482635 1.574803 192.446609 -245.887741 -1.574803 192.324295 -245.482635 1.968504 192.446609 -238.396011 1.968504 194.586411 -215.955078 1.574803 207.531250 -215.955078 -1.574803 207.531250 -215.955078 -1.968504 204.529022 -215.955078 -1.968504 207.531250 -217.923569 -1.968504 204.529022 -217.923569 -1.968504 200.768021 -238.396011 1.574803 200.755249 -257.293640 1.574803 195.049149 -234.459015 1.574803 201.944031 -225.025833 1.574803 200.592010 -227.959015 1.574803 200.592010 -228.159790 1.574803 203.846069 -225.897980 1.574803 204.529022 -249.419632 1.574803 192.324295 -245.482635 1.574803 196.261307 -249.419632 1.574803 196.261307 -228.159790 1.968504 203.846069 -234.459015 1.968504 201.944031 -234.459015 -1.574803 201.944031 -228.159790 -1.574803 203.846069 -224.222794 -1.574803 198.623505 -224.222794 -1.574803 198.865982 -238.396011 -1.574803 200.755249 -267.970642 -1.574803 194.292801 -267.970642 1.574803 194.292801 -261.230652 1.574803 196.327927 -261.230652 -1.574803 196.327927 -257.293640 1.574803 190.355789 -257.293640 1.968504 195.049149 -257.293640 1.968504 190.355789 -257.293640 -1.574803 190.355789 -257.293640 -1.574803 195.049149 -267.529877 -1.574803 194.292801 -267.529877 1.574803 194.425888 -267.529877 1.574803 194.292801 -267.529877 -1.574803 194.425888 -261.230652 -1.574803 190.355789 -261.230652 -1.574803 193.860382 -267.529877 -1.574803 191.958344 -225.025833 -1.574803 200.592010 -271.466888 -1.574803 190.769577 -225.897980 -1.574803 204.529022 -227.959015 -1.574803 200.592010 -249.419632 1.968504 191.257843 -224.222794 -1.968504 198.865982 -224.222794 -1.968504 204.529022 -225.897980 -1.968504 204.529022 -271.466888 1.968504 187.993576 -267.529877 1.968504 190.355789 -271.466888 1.968504 190.355789 -267.529877 1.968504 187.993576 -261.230652 1.968504 190.355789 -261.230652 1.968504 193.860382 -267.529877 1.968504 191.958344 -245.482635 1.968504 196.261307 -238.396011 1.968504 196.261307 -249.419632 1.968504 196.261307 -238.396011 1.968504 200.755249 -234.459015 1.968504 196.261307 -261.230652 1.574803 190.355789 -261.230652 1.574803 193.860382 -249.419632 -1.574803 192.324295 -234.459015 1.574803 196.261307 -238.396011 1.574803 196.261307 -267.529877 1.574803 191.958344 -271.466888 1.574803 190.355789 -249.419632 -1.574803 196.261307 -267.529877 1.574803 190.355789 -245.482635 -1.574803 196.261307 -234.459015 -1.181102 196.261307 -238.396011 -1.181102 196.261307 -271.466888 -1.574803 190.355789 -267.529877 -1.574803 190.355789 -271.466888 -1.574803 187.993576 -267.529877 -1.574803 187.993576 -267.529877 1.574803 187.993576 -271.466888 1.574803 187.993576 -249.419632 -1.968504 190.355789 -249.419632 1.968504 190.355789 -243.514130 -1.574803 206.452942 -243.514130 -1.968504 206.452942 -248.128525 -1.968504 206.452942 -243.514130 1.968504 206.452942 -243.514130 1.574803 206.452942 -248.128525 1.968504 206.452942 -243.514130 1.574803 207.846237 -243.514130 1.968504 207.846237 -277.766083 1.968504 191.335083 -271.466888 1.968504 196.261307 -271.466888 1.968504 193.237106 -277.766083 1.968504 195.473892 -292.329712 1.968504 193.106476 -287.605286 1.968504 193.106476 -293.126862 1.968504 191.154007 -299.067108 1.968504 184.903275 -281.703094 1.968504 195.473892 -297.400177 1.968504 186.583496 -299.294708 1.968504 185.657059 -295.704712 1.968504 187.837692 -294.264404 1.968504 189.378174 -287.502899 1.968504 193.701828 -287.232727 1.968504 194.242157 -271.466888 1.968504 198.623505 -286.817902 1.968504 194.681274 -286.817902 1.968504 194.770752 -267.529877 1.968504 198.623505 -267.529877 1.968504 194.425888 -208.811951 1.968504 218.324493 -207.104904 1.968504 212.671082 -267.529877 1.968504 196.261307 -271.466888 -1.968504 193.237106 -277.766083 -1.968504 195.473892 -277.766083 -1.968504 191.335083 -271.466888 -1.968504 196.261307 -267.529877 -1.968504 198.623505 -281.703094 -1.968504 195.473892 -271.466888 -1.968504 198.623505 -299.067108 -1.968504 184.903275 -297.400177 -1.968504 186.583496 -299.294708 -1.968504 185.657059 -295.704712 -1.968504 187.837692 -294.264404 -1.968504 189.378174 -287.605286 -1.968504 193.106476 -293.126862 -1.968504 191.154007 -287.502899 -1.968504 193.701828 -287.232727 -1.968504 194.242157 -286.817902 -1.968504 194.681274 -286.817902 -1.968504 194.770752 -208.811951 -1.968504 218.324493 -267.529877 -1.968504 194.425888 -207.104904 -1.968504 212.671082 -267.529877 -1.968504 196.261307 -291.010803 -1.968504 193.106476 -292.329712 -1.968504 193.106476 -292.634644 1.201045 193.014404 -292.634644 -1.201045 193.014404 -292.789032 0.403697 192.967773 -292.789032 -0.403697 192.967773 -271.466888 1.574803 193.237106 -277.766083 -1.574803 191.536896 -281.703094 1.574803 191.536896 -277.766083 1.574803 191.536896 -281.703094 -1.574803 191.536896 -277.766083 -1.574803 195.473892 -281.703094 -1.574803 195.473892 -271.466888 1.574803 196.261307 -267.529877 1.574803 196.261307 -277.766083 1.574803 195.473892 -281.703094 1.574803 195.473892 -299.367218 1.201045 185.897141 -299.403900 0.403697 186.018692 -299.403900 -0.403697 186.018692 -299.367218 -1.201045 185.897141 -293.459167 0.403697 191.326447 -293.459167 -0.403697 191.326447 -293.347473 1.201045 191.268494 -293.347473 -1.201045 191.268494 -294.460632 -1.201045 189.530716 -294.559998 -0.403697 189.607941 -294.559998 0.403697 189.607941 -294.460632 1.201045 189.530716 -295.870087 -1.201045 188.023239 -295.953796 -0.403697 188.117188 -295.953796 0.403697 188.117188 -295.870087 1.201045 188.023239 -297.529205 -1.201045 186.795929 -297.594543 -0.403697 186.903473 -297.594543 0.403697 186.903473 -297.529205 1.201045 186.795929 -257.293640 -1.574803 196.252396 -261.230652 1.574803 196.252396 -257.293640 1.574803 196.252396 -261.230652 -1.574803 196.252396 -224.222794 3.149606 186.812485 -226.191299 2.854331 187.482147 -224.222794 2.559055 186.970718 -226.191299 3.224705 187.382904 -226.191299 2.638174 187.698303 -224.222794 2.126742 187.403030 -228.159790 8.267716 187.993576 -226.191299 7.598046 187.698303 -226.191299 7.677166 187.993576 -228.159790 8.109479 187.403030 -228.159790 3.149606 186.812485 -228.159790 2.559055 186.970718 -228.159790 2.126742 187.403030 -228.159790 7.677166 186.970718 -226.191299 7.381890 187.482147 -226.191299 2.559055 187.993576 -224.222794 8.109479 187.403030 -224.222794 8.267716 187.993576 -228.159790 12.204724 187.993576 -224.222794 12.204724 187.993576 -224.222794 7.086614 186.812485 -226.191299 7.011516 187.382904 -224.222794 -8.109479 187.403030 -226.191299 -7.677166 187.993576 -224.222794 -8.267716 187.993576 -226.191299 -7.598046 187.698303 -228.159790 -8.267716 187.993576 -228.159790 -8.109479 187.403030 -224.222794 -7.677166 186.970718 -226.191299 -7.381890 187.482147 -226.191299 -2.638174 187.698303 -226.191299 -2.559055 187.993576 -228.159790 -2.126742 187.403030 -224.222794 -2.126742 187.403030 -224.222794 7.677166 186.970718 -228.159790 7.086614 186.812485 -224.222794 12.204724 185.631378 -224.222794 8.425197 182.442398 -224.222794 -5.905512 182.088074 -224.222794 5.905512 182.088074 -224.222794 -8.425197 182.442398 -224.222794 10.314960 183.151062 -224.222794 -10.314960 183.151062 -224.222794 11.574803 184.214050 -224.222794 -11.574803 184.214050 -224.222794 -2.559055 186.970718 -224.222794 -3.149606 186.812485 -224.222794 -12.204724 185.631378 -224.222794 -7.086614 186.812485 -224.222794 -12.204724 187.993576 -228.159790 -2.559055 186.970718 -226.191299 -2.854331 187.482147 -228.159790 12.204724 185.631378 -228.159790 5.905512 182.088074 -228.159790 -5.905512 182.088074 -228.159790 -12.204724 187.993576 -228.159790 -12.204724 185.631378 -228.159790 -11.574803 184.214050 -228.159790 -7.086614 186.812485 -228.159790 -7.677166 186.970718 -228.159790 -8.425197 182.442398 -228.159790 8.425197 182.442398 -228.159790 10.314960 183.151062 -228.159790 -10.314960 183.151062 -228.159790 -3.149606 186.812485 -228.159790 11.574803 184.214050 -226.191299 -7.011516 187.382904 -226.191299 -3.224705 187.382904 -229.340897 -13.385827 200.198303 -228.159790 -18.897638 200.198303 -228.159790 -13.385827 200.198303 -229.340897 -18.897638 200.198303 -223.456528 -18.482794 197.396973 -223.726685 -14.070829 196.856659 -223.456528 -13.800670 197.396973 -223.726685 -18.212635 196.856659 -229.340897 -18.110237 197.836105 -229.340897 -13.385827 197.836105 -229.340897 -18.897638 197.836105 -223.829086 -14.173228 196.261307 -223.829086 -18.110237 196.261307 -223.041687 -18.897638 197.836105 -223.041687 -13.385827 197.836105 -224.222794 -13.385827 200.198303 -223.041687 -18.897638 200.198303 -223.041687 -13.385827 200.198303 -224.222794 -18.897638 200.198303 -224.222794 -18.897638 198.623505 -228.159790 -18.897638 198.623505 -228.159790 -13.385827 198.623505 -224.222794 -13.385827 198.623505 -228.655899 -14.070829 196.856659 -228.553497 -14.173228 196.261307 -228.926056 -18.110237 197.396973 -228.926056 -13.800670 197.396973 -228.655899 -18.110237 196.856659 -228.655899 -18.212635 196.856659 -228.926056 -18.482794 197.396973 -228.553497 -18.110237 196.261307 -229.340897 18.897638 200.198303 -228.159790 13.385827 200.198303 -228.159790 18.897638 200.198303 -229.340897 13.385827 200.198303 -223.456528 13.800670 197.396973 -223.726685 18.212635 196.856659 -223.456528 18.482794 197.396973 -223.726685 14.070829 196.856659 -229.340897 14.173228 197.836105 -229.340897 18.897638 197.836105 -229.340897 13.385827 197.836105 -223.829086 18.110237 196.261307 -223.829086 14.173228 196.261307 -223.041687 13.385827 197.836105 -223.041687 18.897638 197.836105 -224.222794 18.897638 200.198303 -223.041687 13.385827 200.198303 -223.041687 18.897638 200.198303 -224.222794 13.385827 200.198303 -224.222794 13.385827 198.623505 -228.159790 13.385827 198.623505 -228.159790 18.897638 198.623505 -224.222794 18.897638 198.623505 -228.655899 18.212635 196.856659 -228.553497 18.110237 196.261307 -228.926056 14.173228 197.396973 -228.926056 18.482794 197.396973 -228.655899 14.173228 196.856659 -228.655899 14.070829 196.856659 -228.926056 13.800670 197.396973 -228.553497 14.173228 196.261307 -224.222794 12.992126 195.080200 -226.191299 3.224705 195.650620 -224.222794 3.149606 195.080200 -226.191299 12.917027 195.650620 -226.191299 2.638174 195.966019 -228.159790 2.559055 195.238434 -228.159790 2.126742 195.670746 -226.191299 2.854331 195.749863 -228.159790 1.968504 196.261307 -226.191299 2.559055 196.261307 -224.222794 2.559055 195.238434 -224.222794 2.126742 195.670746 -228.159790 3.149606 195.080200 -224.222794 1.968504 196.261307 -226.191299 13.287401 195.749863 -228.159790 12.992126 195.080200 -228.159790 13.582677 195.238434 -228.159790 14.173228 196.261307 -226.191299 13.503558 195.966019 -226.191299 13.582677 196.261307 -228.159790 14.014991 195.670746 -224.222794 14.014991 195.670746 -224.222794 13.582677 195.238434 -224.222794 14.173228 196.261307 -228.159790 -1.968504 196.261307 -226.191299 -2.638174 195.966019 -226.191299 -2.559055 196.261307 -228.159790 -2.126742 195.670746 -228.159790 18.110237 196.261307 -224.222794 18.110237 196.261307 -224.222794 18.110237 193.899094 -224.222794 15.275591 190.710114 -224.222794 -13.385827 190.355789 -224.222794 13.385827 190.355789 -224.222794 -15.275591 190.710114 -224.222794 16.692913 191.418777 -224.222794 -16.692913 191.418777 -224.222794 17.637794 192.481766 -224.222794 1.574803 192.324295 -224.222794 1.574803 196.261307 -224.222794 -1.574803 192.324295 -224.222794 -17.637794 192.481766 -224.222794 -3.149606 195.080200 -224.222794 -2.559055 195.238434 -224.222794 -2.126742 195.670746 -224.222794 -1.574803 196.261307 -224.222794 -18.110237 193.899094 -224.222794 -1.968504 196.261307 -224.222794 -12.992126 195.080200 -224.222794 -18.110237 196.261307 -224.222794 -13.582677 195.238434 -224.222794 -14.014991 195.670746 -224.222794 -14.173228 196.261307 -228.159790 -1.574803 196.261307 -228.159790 -13.385827 190.355789 -228.159790 -15.275591 190.710114 -228.159790 1.574803 192.324295 -228.159790 -1.574803 192.324295 -228.159790 -18.110237 196.261307 -228.159790 -12.992126 195.080200 -228.159790 -18.110237 193.899094 -228.159790 -13.582677 195.238434 -228.159790 -14.014991 195.670746 -228.159790 -14.173228 196.261307 -228.159790 13.385827 190.355789 -228.159790 15.275591 190.710114 -228.159790 -16.692913 191.418777 -228.159790 16.692913 191.418777 -228.159790 -17.637794 192.481766 -228.159790 -3.149606 195.080200 -228.159790 -2.559055 195.238434 -228.159790 17.637794 192.481766 -228.159790 1.574803 196.261307 -228.159790 18.110237 193.899094 -226.191299 -13.582677 196.261307 -226.191299 -13.503558 195.966019 -226.191299 -13.287401 195.749863 -226.191299 -12.917027 195.650620 -226.191299 -3.224705 195.650620 -226.191299 -2.854331 195.749863 -229.340897 -7.480315 191.930588 -228.159790 -12.992126 191.930588 -228.159790 -7.480315 191.930588 -229.340897 -12.992126 191.930588 -223.456528 -12.577283 189.129257 -223.726685 -8.165318 188.588943 -223.456528 -7.895158 189.129257 -223.726685 -12.307123 188.588943 -229.340897 -12.204724 189.568390 -229.340897 -7.480315 189.568390 -229.340897 -12.992126 189.568390 -223.829086 -8.267716 187.993576 -223.829086 -12.204724 187.993576 -223.041687 -12.992126 189.568390 -223.041687 -7.480315 189.568390 -224.222794 -7.480315 191.930588 -223.041687 -12.992126 191.930588 -223.041687 -7.480315 191.930588 -224.222794 -12.992126 191.930588 -224.222794 -12.992126 190.355789 -228.159790 -12.992126 190.355789 -228.159790 -7.480315 190.355789 -224.222794 -7.480315 190.355789 -228.655899 -8.165318 188.588943 -228.553497 -8.267716 187.993576 -228.926056 -12.204724 189.129257 -228.926056 -7.895158 189.129257 -228.655899 -12.204724 188.588943 -228.655899 -12.307123 188.588943 -228.926056 -12.577283 189.129257 -228.553497 -12.204724 187.993576 -229.340897 12.992126 191.930588 -228.159790 7.480315 191.930588 -228.159790 12.992126 191.930588 -229.340897 7.480315 191.930588 -223.456528 7.895158 189.129257 -223.726685 12.307123 188.588943 -223.456528 12.577283 189.129257 -223.726685 8.165318 188.588943 -229.340897 8.267716 189.568390 -229.340897 12.992126 189.568390 -229.340897 7.480315 189.568390 -223.829086 12.204724 187.993576 -223.829086 8.267716 187.993576 -223.041687 7.480315 189.568390 -223.041687 12.992126 189.568390 -224.222794 12.992126 191.930588 -223.041687 7.480315 191.930588 -223.041687 12.992126 191.930588 -224.222794 7.480315 191.930588 -224.222794 7.480315 190.355789 -228.159790 7.480315 190.355789 -228.159790 12.992126 190.355789 -224.222794 12.992126 190.355789 -228.655899 12.307123 188.588943 -228.553497 12.204724 187.993576 -228.926056 8.267716 189.129257 -228.926056 12.577283 189.129257 -228.655899 8.267716 188.588943 -228.655899 8.165318 188.588943 -228.926056 7.895158 189.129257 -228.553497 8.267716 187.993576 -234.459015 3.149606 178.544769 -236.427505 2.854331 179.214432 -234.459015 2.559055 178.703003 -236.427505 3.224705 179.115189 -236.427505 2.638174 179.430588 -234.459015 2.126742 179.135315 -238.396011 8.267716 179.725861 -236.427505 7.598046 179.430588 -236.427505 7.677166 179.725861 -238.396011 8.109479 179.135315 -238.396011 3.149606 178.544769 -238.396011 2.559055 178.703003 -238.396011 2.126742 179.135315 -238.396011 7.677166 178.703003 -236.427505 7.381890 179.214432 -236.427505 2.559055 179.725861 -234.459015 8.109479 179.135315 -234.459015 8.267716 179.725861 -238.396011 12.204724 179.725861 -234.459015 12.204724 179.725861 -234.459015 7.086614 178.544769 -236.427505 7.011516 179.115189 -234.459015 -8.109479 179.135315 -236.427505 -7.677166 179.725861 -234.459015 -8.267716 179.725861 -236.427505 -7.598046 179.430588 -238.396011 -8.267716 179.725861 -238.396011 -8.109479 179.135315 -234.459015 -7.677166 178.703003 -236.427505 -7.381890 179.214432 -236.427505 -2.638174 179.430588 -236.427505 -2.559055 179.725861 -238.396011 -2.126742 179.135315 -234.459015 -2.126742 179.135315 -234.459015 7.677166 178.703003 -238.396011 7.086614 178.544769 -234.459015 12.204724 177.363663 -234.459015 8.425197 174.174683 -234.459015 -5.905512 173.820358 -234.459015 5.905512 173.820358 -234.459015 -8.425197 174.174683 -234.459015 10.314960 174.883347 -234.459015 -10.314960 174.883347 -234.459015 11.574803 175.946335 -234.459015 -11.574803 175.946335 -234.459015 -2.559055 178.703003 -234.459015 -3.149606 178.544769 -234.459015 -12.204724 177.363663 -234.459015 -7.086614 178.544769 -234.459015 -12.204724 179.725861 -238.396011 -2.559055 178.703003 -236.427505 -2.854331 179.214432 -238.396011 12.204724 177.363663 -238.396011 5.905512 173.820358 -238.396011 -5.905512 173.820358 -238.396011 -12.204724 179.725861 -238.396011 -12.204724 177.363663 -238.396011 -11.574803 175.946335 -238.396011 -7.086614 178.544769 -238.396011 -7.677166 178.703003 -238.396011 -8.425197 174.174683 -238.396011 8.425197 174.174683 -238.396011 10.314960 174.883347 -238.396011 -10.314960 174.883347 -238.396011 -3.149606 178.544769 -238.396011 11.574803 175.946335 -236.427505 -7.011516 179.115189 -236.427505 -3.224705 179.115189 -239.577118 -13.385827 191.930588 -238.396011 -18.897638 191.930588 -238.396011 -13.385827 191.930588 -239.577118 -18.897638 191.930588 -233.692749 -18.482794 189.129257 -233.962906 -14.070829 188.588943 -233.692749 -13.800670 189.129257 -233.962906 -18.212635 188.588943 -239.577118 -18.110237 189.568390 -239.577118 -13.385827 189.568390 -239.577118 -18.897638 189.568390 -234.065308 -14.173228 187.993576 -234.065308 -18.110237 187.993576 -233.277908 -18.897638 189.568390 -233.277908 -13.385827 189.568390 -234.459015 -13.385827 191.930588 -233.277908 -18.897638 191.930588 -233.277908 -13.385827 191.930588 -234.459015 -18.897638 191.930588 -234.459015 -18.897638 190.355789 -238.396011 -18.897638 190.355789 -238.396011 -13.385827 190.355789 -234.459015 -13.385827 190.355789 -238.892120 -14.070829 188.588943 -238.789719 -14.173228 187.993576 -239.162277 -18.110237 189.129257 -239.162277 -13.800670 189.129257 -238.892120 -18.110237 188.588943 -238.892120 -18.212635 188.588943 -239.162277 -18.482794 189.129257 -238.789719 -18.110237 187.993576 -239.577118 18.897638 191.930588 -238.396011 13.385827 191.930588 -238.396011 18.897638 191.930588 -239.577118 13.385827 191.930588 -233.692749 13.800670 189.129257 -233.962906 18.212635 188.588943 -233.692749 18.482794 189.129257 -233.962906 14.070829 188.588943 -239.577118 14.173228 189.568390 -239.577118 18.897638 189.568390 -239.577118 13.385827 189.568390 -234.065308 18.110237 187.993576 -234.065308 14.173228 187.993576 -233.277908 13.385827 189.568390 -233.277908 18.897638 189.568390 -234.459015 18.897638 191.930588 -233.277908 13.385827 191.930588 -233.277908 18.897638 191.930588 -234.459015 13.385827 191.930588 -234.459015 13.385827 190.355789 -238.396011 13.385827 190.355789 -238.396011 18.897638 190.355789 -234.459015 18.897638 190.355789 -238.892120 18.212635 188.588943 -238.789719 18.110237 187.993576 -239.162277 14.173228 189.129257 -239.162277 18.482794 189.129257 -238.892120 14.173228 188.588943 -238.892120 14.070829 188.588943 -239.162277 13.800670 189.129257 -238.789719 14.173228 187.993576 -234.459015 12.992126 186.812485 -236.427505 3.224705 187.382904 -234.459015 3.149606 186.812485 -236.427505 12.917027 187.382904 -236.427505 2.638174 187.698303 -238.396011 2.559055 186.970718 -238.396011 2.126742 187.403030 -236.427505 2.854331 187.482147 -236.427505 2.559055 187.993576 -234.459015 2.559055 186.970718 -234.459015 2.126742 187.403030 -238.396011 3.149606 186.812485 -236.427505 13.287401 187.482147 -238.396011 12.992126 186.812485 -238.396011 13.582677 186.970718 -238.396011 14.173228 187.993576 -236.427505 13.503558 187.698303 -236.427505 13.582677 187.993576 -238.396011 14.014991 187.403030 -234.459015 14.014991 187.403030 -234.459015 13.582677 186.970718 -234.459015 14.173228 187.993576 -236.427505 -2.638174 187.698303 -236.427505 -2.559055 187.993576 -238.396011 -2.126742 187.403030 -238.396011 18.110237 187.993576 -234.459015 18.110237 187.993576 -234.459015 18.110237 185.631378 -234.459015 15.275591 182.442398 -234.459015 -13.385827 182.088074 -234.459015 13.385827 182.088074 -234.459015 -15.275591 182.442398 -234.459015 16.692913 183.151062 -234.459015 -16.692913 183.151062 -234.459015 17.637794 184.214050 -234.459015 -17.637794 184.214050 -234.459015 -3.149606 186.812485 -234.459015 -2.559055 186.970718 -234.459015 -2.126742 187.403030 -234.459015 -18.110237 185.631378 -234.459015 -12.992126 186.812485 -234.459015 -18.110237 187.993576 -234.459015 -13.582677 186.970718 -234.459015 -14.014991 187.403030 -234.459015 -14.173228 187.993576 -238.396011 -13.385827 182.088074 -238.396011 -15.275591 182.442398 -238.396011 -18.110237 187.993576 -238.396011 -12.992126 186.812485 -238.396011 -18.110237 185.631378 -238.396011 -13.582677 186.970718 -238.396011 -14.014991 187.403030 -238.396011 -14.173228 187.993576 -238.396011 13.385827 182.088074 -238.396011 15.275591 182.442398 -238.396011 -16.692913 183.151062 -238.396011 16.692913 183.151062 -238.396011 -17.637794 184.214050 -238.396011 -3.149606 186.812485 -238.396011 -2.559055 186.970718 -238.396011 17.637794 184.214050 -238.396011 18.110237 185.631378 -236.427505 -13.582677 187.993576 -236.427505 -13.503558 187.698303 -236.427505 -13.287401 187.482147 -236.427505 -12.917027 187.382904 -236.427505 -3.224705 187.382904 -236.427505 -2.854331 187.482147 -238.396011 -1.574803 196.252396 -234.459015 -1.574803 192.324295 -238.396011 -1.574803 192.324295 -234.459015 -1.574803 196.252396 -234.459015 1.574803 192.324295 -238.396011 1.574803 196.252396 -238.396011 1.574803 192.324295 -234.459015 1.574803 196.252396 -234.459015 -18.897638 196.252396 -238.396011 -18.897638 196.252396 -238.396011 18.897638 196.252396 -234.459015 18.897638 196.252396 -249.419632 -1.574803 187.984680 -245.482635 -1.574803 184.056580 -249.419632 -1.574803 184.056580 -245.482635 -1.574803 187.984680 -245.482635 1.574803 184.056580 -249.419632 1.574803 187.984680 -249.419632 1.574803 184.056580 -245.482635 1.574803 187.984680 -245.482635 -18.897638 187.984680 -249.419632 -18.897638 187.984680 -249.419632 18.897638 187.984680 -245.482635 18.897638 187.984680 -249.419632 -1.574803 196.243500 -245.482635 -1.574803 192.315384 -249.419632 -1.574803 192.315384 -245.482635 -1.574803 196.243500 -245.482635 1.574803 192.315384 -249.419632 1.574803 196.243500 -249.419632 1.574803 192.315384 -245.482635 1.574803 196.243500 -245.482635 -19.685040 196.243500 -249.419632 -19.685040 196.243500 -249.419632 19.685040 196.243500 -245.482635 19.685040 196.243500 -281.703094 -1.574803 212.000427 -277.766083 -1.574803 212.000427 -281.703094 1.574803 212.000427 -277.766083 1.574803 212.000427 -277.766083 18.897638 206.103821 -277.766083 18.897638 212.000427 -277.766083 -18.897638 206.103821 -277.766083 -18.897638 212.000427 -281.703094 18.897638 212.000427 -281.703094 -18.897638 206.103821 -281.703094 -18.897638 212.000427 -281.703094 18.897638 206.103821 -246.663727 7.480315 173.032959 -248.238541 7.480315 173.032959 -248.238541 7.480315 173.820358 -246.663727 7.480315 173.820358 -246.663727 8.267716 171.458145 -246.663727 7.895158 172.593826 -246.663727 8.165318 172.053497 -248.238541 8.267716 171.458145 -248.238541 7.895158 172.593826 -248.238541 8.165318 172.053497 -249.025940 2.126742 170.867599 -249.025940 1.968504 171.458145 -249.419632 2.126742 170.867599 -249.025940 7.086614 170.277054 -249.419632 7.677166 170.435287 -249.419632 7.086614 170.277054 -249.025940 7.677166 170.435287 -249.025940 2.559055 170.435287 -249.419632 3.149606 170.277054 -249.419632 2.559055 170.435287 -249.025940 3.149606 170.277054 -249.025940 8.267716 171.458145 -249.419632 8.109479 170.867599 -249.025940 8.109479 170.867599 -249.419632 8.267716 171.458145 -245.876328 -1.968504 171.458145 -245.482635 -8.267716 171.458145 -249.025940 -8.267716 171.458145 -245.482635 -12.204724 171.458145 -245.876328 -8.267716 171.458145 -249.025940 -1.968504 171.458145 -249.419632 -8.267716 171.458145 -249.419632 -12.204724 171.458145 -249.419632 12.204724 169.095947 -245.482635 12.204724 171.458145 -245.482635 12.204724 169.095947 -249.419632 12.204724 171.458145 -245.482635 7.086614 170.277054 -245.482635 7.677166 170.435287 -245.482635 8.109479 170.867599 -245.482635 8.267716 171.458145 -245.482635 8.897637 165.906967 -245.482635 -6.692914 165.552643 -245.482635 6.692914 165.552643 -245.482635 -8.897637 165.906967 -245.482635 10.551181 166.615631 -245.482635 -10.551181 166.615631 -245.482635 11.653543 167.678619 -245.482635 2.559055 170.435287 -245.482635 2.126742 170.867599 -245.482635 3.149606 170.277054 -245.482635 -11.653543 167.678619 -245.482635 -2.559055 170.435287 -245.482635 -2.126742 170.867599 -245.482635 -3.149606 170.277054 -245.482635 -12.204724 169.095947 -245.482635 -7.086614 170.277054 -245.482635 -7.677166 170.435287 -245.482635 -8.109479 170.867599 -249.419632 -12.204724 169.095947 -249.419632 6.692914 165.552643 -249.419632 -6.692914 165.552643 -245.876328 -8.109479 170.867599 -245.876328 1.968504 171.458145 -245.876328 2.126742 170.867599 -249.025940 -2.559055 170.435287 -249.419632 -3.149606 170.277054 -249.025940 -3.149606 170.277054 -249.419632 -2.559055 170.435287 -245.876328 -7.677166 170.435287 -245.876328 -2.559055 170.435287 -245.876328 -7.086614 170.277054 -245.876328 -3.149606 170.277054 -245.876328 -2.126742 170.867599 -249.419632 11.653543 167.678619 -249.419632 -7.677166 170.435287 -249.025940 -8.109479 170.867599 -249.025940 -7.677166 170.435287 -249.419632 -8.109479 170.867599 -249.419632 -7.086614 170.277054 -249.025940 -7.086614 170.277054 -249.419632 8.897637 165.906967 -245.876328 2.559055 170.435287 -249.419632 10.551181 166.615631 -249.419632 -2.126742 170.867599 -249.025940 -2.126742 170.867599 -245.876328 7.677166 170.435287 -245.876328 7.086614 170.277054 -245.876328 8.109479 170.867599 -245.876328 3.149606 170.277054 -245.876328 8.267716 171.458145 -249.419632 -10.551181 166.615631 -249.419632 -11.653543 167.678619 -249.419632 -8.897637 165.906967 -246.663727 -7.480315 173.032959 -248.238541 -7.480315 173.820358 -248.238541 -7.480315 173.032959 -246.663727 -7.480315 173.820358 -246.663727 -8.267716 171.458145 -246.663727 -7.895158 172.593826 -246.663727 -8.165318 172.053497 -248.238541 -8.267716 171.458145 -248.238541 -7.895158 172.593826 -248.238541 -8.165318 172.053497 -250.600739 -7.480315 175.395157 -249.419632 -12.992126 175.395157 -249.419632 -7.480315 175.395157 -250.600739 -12.992126 175.395157 -244.716370 -12.577283 172.593826 -244.986526 -8.165318 172.053497 -244.716370 -7.895158 172.593826 -244.986526 -12.307123 172.053497 -250.600739 -12.204724 173.032959 -250.600739 -7.480315 173.032959 -250.600739 -12.992126 173.032959 -245.088928 -8.267716 171.458145 -245.088928 -12.204724 171.458145 -244.301529 -12.992126 173.032959 -244.301529 -7.480315 173.032959 -245.482635 -7.480315 175.395157 -244.301529 -12.992126 175.395157 -244.301529 -7.480315 175.395157 -245.482635 -12.992126 175.395157 -245.482635 -12.992126 173.820358 -249.419632 -12.992126 173.820358 -249.419632 -7.480315 173.820358 -245.482635 -7.480315 173.820358 -249.915741 -8.165318 172.053497 -249.813339 -8.267716 171.458145 -250.185898 -12.204724 172.593826 -250.185898 -7.895158 172.593826 -249.915741 -12.204724 172.053497 -249.915741 -12.307123 172.053497 -250.185898 -12.577283 172.593826 -249.813339 -12.204724 171.458145 -239.577118 12.992126 183.662872 -238.396011 7.480315 183.662872 -238.396011 12.992126 183.662872 -239.577118 7.480315 183.662872 -233.692749 7.895158 180.861542 -233.962906 12.307123 180.321213 -233.692749 12.577283 180.861542 -233.962906 8.165318 180.321213 -239.577118 8.267716 181.300674 -239.577118 12.992126 181.300674 -239.577118 7.480315 181.300674 -234.065308 12.204724 179.725861 -234.065308 8.267716 179.725861 -233.277908 7.480315 181.300674 -233.277908 12.992126 181.300674 -234.459015 12.992126 183.662872 -233.277908 7.480315 183.662872 -233.277908 12.992126 183.662872 -234.459015 7.480315 183.662872 -234.459015 7.480315 182.088074 -238.396011 7.480315 182.088074 -238.396011 12.992126 182.088074 -234.459015 12.992126 182.088074 -238.892120 12.307123 180.321213 -238.789719 12.204724 179.725861 -239.162277 8.267716 180.861542 -239.162277 12.577283 180.861542 -238.892120 8.267716 180.321213 -238.892120 8.165318 180.321213 -239.162277 7.895158 180.861542 -238.789719 8.267716 179.725861 -277.766083 3.149606 194.292801 -279.734589 2.854331 194.962463 -277.766083 2.559055 194.451035 -279.734589 3.224705 194.863220 -279.734589 2.638174 195.178619 -277.766083 2.126742 194.883347 -281.703094 8.267716 195.473892 -279.734589 7.598046 195.178619 -279.734589 7.677166 195.473892 -281.703094 8.109479 194.883347 -281.703094 3.149606 194.292801 -281.703094 2.559055 194.451035 -281.703094 2.126742 194.883347 -281.703094 7.677166 194.451035 -279.734589 7.381890 194.962463 -279.734589 2.559055 195.473892 -277.766083 8.109479 194.883347 -277.766083 8.267716 195.473892 -281.703094 12.204724 195.473892 -277.766083 12.204724 195.473892 -277.766083 7.086614 194.292801 -279.734589 7.011516 194.863220 -277.766083 -8.109479 194.883347 -279.734589 -7.677166 195.473892 -277.766083 -8.267716 195.473892 -279.734589 -7.598046 195.178619 -281.703094 -8.267716 195.473892 -281.703094 -8.109479 194.883347 -277.766083 -7.677166 194.451035 -279.734589 -7.381890 194.962463 -279.734589 -2.638174 195.178619 -279.734589 -2.559055 195.473892 -281.703094 -2.126742 194.883347 -277.766083 -2.126742 194.883347 -277.766083 7.677166 194.451035 -281.703094 7.086614 194.292801 -277.766083 12.204724 193.111694 -277.766083 8.425197 189.922714 -277.766083 -5.905512 189.568390 -277.766083 5.905512 189.568390 -277.766083 -8.425197 189.922714 -277.766083 10.314960 190.631378 -277.766083 -10.314960 190.631378 -277.766083 11.574803 191.694366 -277.766083 -11.574803 191.694366 -277.766083 -2.559055 194.451035 -277.766083 -3.149606 194.292801 -277.766083 -12.204724 193.111694 -277.766083 -7.086614 194.292801 -277.766083 -12.204724 195.473892 -281.703094 -2.559055 194.451035 -279.734589 -2.854331 194.962463 -281.703094 12.204724 193.111694 -281.703094 5.905512 189.568390 -281.703094 -5.905512 189.568390 -281.703094 -12.204724 195.473892 -281.703094 -12.204724 193.111694 -281.703094 -11.574803 191.694366 -281.703094 -7.086614 194.292801 -281.703094 -7.677166 194.451035 -281.703094 -8.425197 189.922714 -281.703094 8.425197 189.922714 -281.703094 10.314960 190.631378 -281.703094 -10.314960 190.631378 -281.703094 -3.149606 194.292801 -281.703094 11.574803 191.694366 -279.734589 -7.011516 194.863220 -279.734589 -3.224705 194.863220 -282.884216 -13.385827 207.678619 -281.703094 -18.897638 207.678619 -281.703094 -13.385827 207.678619 -282.884216 -18.897638 207.678619 -276.999847 -18.482794 204.877289 -277.269989 -14.070829 204.336975 -276.999847 -13.800670 204.877289 -277.269989 -18.212635 204.336975 -282.884216 -18.110237 205.316422 -282.884216 -13.385827 205.316422 -282.884216 -18.897638 205.316422 -277.372406 -14.173228 203.741608 -277.372406 -18.110237 203.741608 -276.584991 -18.897638 205.316422 -276.584991 -13.385827 205.316422 -277.766083 -13.385827 207.678619 -276.584991 -18.897638 207.678619 -276.584991 -13.385827 207.678619 -277.766083 -18.897638 207.678619 -281.703094 -13.385827 206.103821 -277.766083 -13.385827 206.103821 -282.199188 -14.070829 204.336975 -282.096802 -14.173228 203.741608 -282.469360 -18.110237 204.877289 -282.469360 -13.800670 204.877289 -282.199188 -18.110237 204.336975 -282.199188 -18.212635 204.336975 -282.469360 -18.482794 204.877289 -282.096802 -18.110237 203.741608 -277.766083 13.385827 197.836105 -281.703094 13.385827 197.836105 -281.703094 -13.385827 197.836105 -281.703094 -2.559055 202.718750 -281.703094 -2.126742 203.151062 -281.703094 -1.968504 203.741608 -281.703094 -3.149606 202.560516 -281.703094 -12.992126 202.560516 -281.703094 -13.582677 202.718750 -281.703094 -15.275591 198.190430 -281.703094 -14.014991 203.151062 -281.703094 -14.173228 203.741608 -281.703094 -18.110237 203.741608 -281.703094 -16.692913 198.899094 -281.703094 -17.637794 199.962082 -281.703094 -18.110237 201.379410 -281.703094 17.637794 199.962082 -281.703094 18.110237 203.741608 -281.703094 18.110237 201.379410 -281.703094 14.173228 203.741608 -281.703094 16.692913 198.899094 -281.703094 15.275591 198.190430 -281.703094 14.014991 203.151062 -281.703094 13.582677 202.718750 -281.703094 12.992126 202.560516 -281.703094 3.149606 202.560516 -281.703094 2.559055 202.718750 -281.703094 2.126742 203.151062 -281.703094 1.968504 203.741608 -277.766083 14.173228 203.741608 -277.766083 18.110237 201.379410 -277.766083 18.110237 203.741608 -277.766083 17.637794 199.962082 -277.766083 16.692913 198.899094 -277.766083 15.275591 198.190430 -277.766083 14.014991 203.151062 -277.766083 13.582677 202.718750 -277.766083 12.992126 202.560516 -277.766083 3.149606 202.560516 -277.766083 2.559055 202.718750 -277.766083 2.126742 203.151062 -277.766083 1.968504 203.741608 -277.766083 -1.968504 203.741608 -277.766083 -2.126742 203.151062 -277.766083 -2.559055 202.718750 -277.766083 -13.385827 197.836105 -277.766083 -3.149606 202.560516 -277.766083 -12.992126 202.560516 -277.766083 -13.582677 202.718750 -277.766083 -15.275591 198.190430 -277.766083 -14.014991 203.151062 -277.766083 -14.173228 203.741608 -277.766083 -18.110237 203.741608 -277.766083 -16.692913 198.899094 -277.766083 -17.637794 199.962082 -277.766083 -18.110237 201.379410 -279.734589 3.224705 203.130936 -279.734589 12.917027 203.130936 -279.734589 2.638174 203.446335 -279.734589 2.854331 203.230179 -279.734589 2.559055 203.741608 -279.734589 13.287401 203.230179 -279.734589 13.503558 203.446335 -279.734589 13.582677 203.741608 -279.734589 -2.638174 203.446335 -279.734589 -2.559055 203.741608 -279.734589 -13.503558 203.446335 -279.734589 -13.582677 203.741608 -279.734589 -13.287401 203.230179 -279.734589 -12.917027 203.130936 -279.734589 -3.224705 203.130936 -279.734589 -2.854331 203.230179 -282.884216 18.897638 207.678619 -281.703094 13.385827 207.678619 -281.703094 18.897638 207.678619 -282.884216 13.385827 207.678619 -276.999847 13.800670 204.877289 -277.269989 18.212635 204.336975 -276.999847 18.482794 204.877289 -277.269989 14.070829 204.336975 -282.884216 14.173228 205.316422 -282.884216 18.897638 205.316422 -282.884216 13.385827 205.316422 -277.372406 18.110237 203.741608 -277.372406 14.173228 203.741608 -276.584991 13.385827 205.316422 -276.584991 18.897638 205.316422 -277.766083 18.897638 207.678619 -276.584991 13.385827 207.678619 -276.584991 18.897638 207.678619 -277.766083 13.385827 207.678619 -277.766083 13.385827 206.103821 -281.703094 13.385827 206.103821 -282.199188 18.212635 204.336975 -282.096802 18.110237 203.741608 -282.469360 14.173228 204.877289 -282.469360 18.482794 204.877289 -282.199188 14.173228 204.336975 -282.199188 14.070829 204.336975 -282.469360 13.800670 204.877289 -282.096802 14.173228 203.741608 -282.884216 -7.480315 199.410904 -281.703094 -12.992126 199.410904 -281.703094 -7.480315 199.410904 -282.884216 -12.992126 199.410904 -276.999847 -12.577283 196.609573 -277.269989 -8.165318 196.069244 -276.999847 -7.895158 196.609573 -277.269989 -12.307123 196.069244 -282.884216 -12.204724 197.048706 -282.884216 -7.480315 197.048706 -282.884216 -12.992126 197.048706 -277.372406 -8.267716 195.473892 -277.372406 -12.204724 195.473892 -276.584991 -12.992126 197.048706 -276.584991 -7.480315 197.048706 -277.766083 -7.480315 199.410904 -276.584991 -12.992126 199.410904 -276.584991 -7.480315 199.410904 -277.766083 -12.992126 199.410904 -277.766083 -12.992126 197.836105 -281.703094 -12.992126 197.836105 -281.703094 -7.480315 197.836105 -277.766083 -7.480315 197.836105 -282.199188 -8.165318 196.069244 -282.096802 -8.267716 195.473892 -282.469360 -12.204724 196.609573 -282.469360 -7.895158 196.609573 -282.199188 -12.204724 196.069244 -282.199188 -12.307123 196.069244 -282.469360 -12.577283 196.609573 -282.096802 -12.204724 195.473892 -282.884216 12.992126 199.410904 -281.703094 7.480315 199.410904 -281.703094 12.992126 199.410904 -282.884216 7.480315 199.410904 -276.999847 7.895158 196.609573 -277.269989 12.307123 196.069244 -276.999847 12.577283 196.609573 -277.269989 8.165318 196.069244 -282.884216 8.267716 197.048706 -282.884216 12.992126 197.048706 -282.884216 7.480315 197.048706 -277.372406 12.204724 195.473892 -277.372406 8.267716 195.473892 -276.584991 7.480315 197.048706 -276.584991 12.992126 197.048706 -277.766083 12.992126 199.410904 -276.584991 7.480315 199.410904 -276.584991 12.992126 199.410904 -277.766083 7.480315 199.410904 -277.766083 7.480315 197.836105 -281.703094 7.480315 197.836105 -281.703094 12.992126 197.836105 -277.766083 12.992126 197.836105 -282.199188 12.307123 196.069244 -282.096802 12.204724 195.473892 -282.469360 8.267716 196.609573 -282.469360 12.577283 196.609573 -282.199188 8.267716 196.069244 -282.199188 8.165318 196.069244 -282.469360 7.895158 196.609573 -282.096802 8.267716 195.473892 -267.529877 3.149606 186.812485 -269.498383 2.854331 187.482147 -267.529877 2.559055 186.970718 -269.498383 3.224705 187.382904 -269.498383 2.638174 187.698303 -267.529877 2.126742 187.403030 -271.466888 8.267716 187.993576 -269.498383 7.598046 187.698303 -269.498383 7.677166 187.993576 -271.466888 8.109479 187.403030 -271.466888 3.149606 186.812485 -271.466888 2.559055 186.970718 -271.466888 2.126742 187.403030 -271.466888 7.677166 186.970718 -269.498383 7.381890 187.482147 -269.498383 2.559055 187.993576 -267.529877 8.109479 187.403030 -267.529877 8.267716 187.993576 -271.466888 12.204724 187.993576 -267.529877 12.204724 187.993576 -267.529877 7.086614 186.812485 -269.498383 7.011516 187.382904 -267.529877 -8.109479 187.403030 -269.498383 -7.677166 187.993576 -267.529877 -8.267716 187.993576 -269.498383 -7.598046 187.698303 -271.466888 -8.267716 187.993576 -271.466888 -8.109479 187.403030 -267.529877 -7.677166 186.970718 -269.498383 -7.381890 187.482147 -269.498383 -2.638174 187.698303 -269.498383 -2.559055 187.993576 -271.466888 -2.126742 187.403030 -267.529877 -2.126742 187.403030 -267.529877 7.677166 186.970718 -271.466888 7.086614 186.812485 -267.529877 12.204724 185.631378 -267.529877 8.425197 182.442398 -267.529877 -5.905512 182.088074 -267.529877 5.905512 182.088074 -267.529877 -8.425197 182.442398 -267.529877 10.314960 183.151062 -267.529877 -10.314960 183.151062 -267.529877 11.574803 184.214050 -267.529877 -11.574803 184.214050 -267.529877 -2.559055 186.970718 -267.529877 -3.149606 186.812485 -267.529877 -12.204724 185.631378 -267.529877 -7.086614 186.812485 -267.529877 -12.204724 187.993576 -271.466888 -2.559055 186.970718 -269.498383 -2.854331 187.482147 -271.466888 12.204724 185.631378 -271.466888 5.905512 182.088074 -271.466888 -5.905512 182.088074 -271.466888 -12.204724 187.993576 -271.466888 -12.204724 185.631378 -271.466888 -11.574803 184.214050 -271.466888 -7.086614 186.812485 -271.466888 -7.677166 186.970718 -271.466888 -8.425197 182.442398 -271.466888 8.425197 182.442398 -271.466888 10.314960 183.151062 -271.466888 -10.314960 183.151062 -271.466888 -3.149606 186.812485 -271.466888 11.574803 184.214050 -269.498383 -7.011516 187.382904 -269.498383 -3.224705 187.382904 -272.647980 -13.385827 200.198303 -271.466888 -18.897638 200.198303 -271.466888 -13.385827 200.198303 -272.647980 -18.897638 200.198303 -266.763611 -18.482794 197.396973 -267.033783 -14.070829 196.856659 -266.763611 -13.800670 197.396973 -267.033783 -18.212635 196.856659 -272.647980 -18.110237 197.836105 -272.647980 -13.385827 197.836105 -272.647980 -18.897638 197.836105 -267.136169 -14.173228 196.261307 -267.136169 -18.110237 196.261307 -266.348785 -18.897638 197.836105 -266.348785 -13.385827 197.836105 -267.529877 -13.385827 200.198303 -266.348785 -18.897638 200.198303 -266.348785 -13.385827 200.198303 -267.529877 -18.897638 200.198303 -271.466888 -13.385827 198.623505 -267.529877 -13.385827 198.623505 -271.962982 -14.070829 196.856659 -271.860596 -14.173228 196.261307 -272.233154 -18.110237 197.396973 -272.233154 -13.800670 197.396973 -271.962982 -18.110237 196.856659 -271.962982 -18.212635 196.856659 -272.233154 -18.482794 197.396973 -271.860596 -18.110237 196.261307 -270.719940 1.574803 193.462662 -268.978668 1.574803 193.988419 -271.466888 -1.574803 193.237106 -270.719940 -1.574803 193.462662 -268.978668 -1.574803 193.988419 -267.529877 13.385827 190.355789 -271.466888 13.385827 190.355789 -271.466888 -13.385827 190.355789 -271.466888 -2.559055 195.238434 -271.466888 -2.126742 195.670746 -271.466888 -3.149606 195.080200 -271.466888 -12.992126 195.080200 -271.466888 -13.582677 195.238434 -271.466888 -15.275591 190.710114 -271.466888 -14.014991 195.670746 -271.466888 -14.173228 196.261307 -271.466888 -18.110237 196.261307 -271.466888 -16.692913 191.418777 -271.466888 -17.637794 192.481766 -271.466888 -18.110237 193.899094 -271.466888 17.637794 192.481766 -271.466888 18.110237 196.261307 -271.466888 18.110237 193.899094 -271.466888 14.173228 196.261307 -271.466888 16.692913 191.418777 -271.466888 15.275591 190.710114 -271.466888 14.014991 195.670746 -271.466888 13.582677 195.238434 -271.466888 12.992126 195.080200 -271.466888 3.149606 195.080200 -271.466888 2.559055 195.238434 -271.466888 2.126742 195.670746 -267.529877 -2.126742 195.670746 -267.529877 -2.559055 195.238434 -267.529877 -13.385827 190.355789 -267.529877 -3.149606 195.080200 -267.529877 -12.992126 195.080200 -267.529877 -13.582677 195.238434 -267.529877 -15.275591 190.710114 -267.529877 -14.014991 195.670746 -267.529877 -14.173228 196.261307 -267.529877 -18.110237 196.261307 -267.529877 -16.692913 191.418777 -267.529877 -17.637794 192.481766 -267.529877 -18.110237 193.899094 -267.529877 14.173228 196.261307 -267.529877 18.110237 193.899094 -267.529877 18.110237 196.261307 -267.529877 17.637794 192.481766 -267.529877 16.692913 191.418777 -267.529877 15.275591 190.710114 -267.529877 14.014991 195.670746 -267.529877 13.582677 195.238434 -267.529877 12.992126 195.080200 -267.529877 3.149606 195.080200 -267.529877 2.559055 195.238434 -267.529877 2.126742 195.670746 -269.498383 3.224705 195.650620 -269.498383 12.917027 195.650620 -269.498383 2.638174 195.966019 -269.498383 2.854331 195.749863 -269.498383 2.559055 196.261307 -269.498383 13.287401 195.749863 -269.498383 13.503558 195.966019 -269.498383 13.582677 196.261307 -269.498383 -2.638174 195.966019 -269.498383 -2.559055 196.261307 -269.498383 -13.503558 195.966019 -269.498383 -13.582677 196.261307 -269.498383 -13.287401 195.749863 -269.498383 -12.917027 195.650620 -269.498383 -3.224705 195.650620 -269.498383 -2.854331 195.749863 -272.647980 18.897638 200.198303 -271.466888 13.385827 200.198303 -271.466888 18.897638 200.198303 -272.647980 13.385827 200.198303 -266.763611 13.800670 197.396973 -267.033783 18.212635 196.856659 -266.763611 18.482794 197.396973 -267.033783 14.070829 196.856659 -272.647980 14.173228 197.836105 -272.647980 18.897638 197.836105 -272.647980 13.385827 197.836105 -267.136169 18.110237 196.261307 -267.136169 14.173228 196.261307 -266.348785 13.385827 197.836105 -266.348785 18.897638 197.836105 -267.529877 18.897638 200.198303 -266.348785 13.385827 200.198303 -266.348785 18.897638 200.198303 -267.529877 13.385827 200.198303 -267.529877 13.385827 198.623505 -271.466888 13.385827 198.623505 -271.962982 18.212635 196.856659 -271.860596 18.110237 196.261307 -272.233154 14.173228 197.396973 -272.233154 18.482794 197.396973 -271.962982 14.173228 196.856659 -271.962982 14.070829 196.856659 -272.233154 13.800670 197.396973 -271.860596 14.173228 196.261307 -272.647980 -7.480315 191.930588 -271.466888 -12.992126 191.930588 -271.466888 -7.480315 191.930588 -272.647980 -12.992126 191.930588 -266.763611 -12.577283 189.129257 -267.033783 -8.165318 188.588943 -266.763611 -7.895158 189.129257 -267.033783 -12.307123 188.588943 -272.647980 -12.204724 189.568390 -272.647980 -7.480315 189.568390 -272.647980 -12.992126 189.568390 -267.136169 -8.267716 187.993576 -267.136169 -12.204724 187.993576 -266.348785 -12.992126 189.568390 -266.348785 -7.480315 189.568390 -267.529877 -7.480315 191.930588 -266.348785 -12.992126 191.930588 -266.348785 -7.480315 191.930588 -267.529877 -12.992126 191.930588 -267.529877 -12.992126 190.355789 -271.466888 -12.992126 190.355789 -271.466888 -7.480315 190.355789 -267.529877 -7.480315 190.355789 -271.962982 -8.165318 188.588943 -271.860596 -8.267716 187.993576 -272.233154 -12.204724 189.129257 -272.233154 -7.895158 189.129257 -271.962982 -12.204724 188.588943 -271.962982 -12.307123 188.588943 -272.233154 -12.577283 189.129257 -271.860596 -12.204724 187.993576 -272.647980 12.992126 191.930588 -271.466888 7.480315 191.930588 -271.466888 12.992126 191.930588 -272.647980 7.480315 191.930588 -266.763611 7.895158 189.129257 -267.033783 12.307123 188.588943 -266.763611 12.577283 189.129257 -267.033783 8.165318 188.588943 -272.647980 8.267716 189.568390 -272.647980 12.992126 189.568390 -272.647980 7.480315 189.568390 -267.136169 12.204724 187.993576 -267.136169 8.267716 187.993576 -266.348785 7.480315 189.568390 -266.348785 12.992126 189.568390 -267.529877 12.992126 191.930588 -266.348785 7.480315 191.930588 -266.348785 12.992126 191.930588 -267.529877 7.480315 191.930588 -267.529877 7.480315 190.355789 -271.466888 7.480315 190.355789 -271.466888 12.992126 190.355789 -267.529877 12.992126 190.355789 -271.962982 12.307123 188.588943 -271.860596 12.204724 187.993576 -272.233154 8.267716 189.129257 -272.233154 12.577283 189.129257 -271.962982 8.267716 188.588943 -271.962982 8.165318 188.588943 -272.233154 7.895158 189.129257 -271.860596 8.267716 187.993576 -233.277908 1.968504 173.820358 -233.277908 -1.968504 173.820358 -233.277908 -1.968504 175.395157 -234.459015 -1.968504 175.395157 -234.459015 -3.543307 175.395157 -234.459015 1.968504 175.395157 -234.459015 3.543307 175.395157 -234.459015 3.543307 173.820358 -234.459015 -3.543307 173.820358 -238.396011 3.543307 173.820358 -238.396011 3.543307 175.395157 -238.396011 -3.543307 173.820358 -238.396011 -1.968504 175.395157 -238.396011 -3.543307 175.395157 -238.396011 1.968504 175.395157 -239.577118 3.543307 175.395157 -239.577118 1.968504 175.395157 -233.277908 1.968504 175.395157 -239.577118 1.968504 173.820358 -239.577118 -1.968504 173.820358 -233.277908 3.543307 175.395157 -239.577118 -3.543307 173.032959 -239.162277 -3.128464 172.593826 -233.692749 -3.128464 172.593826 -233.277908 -3.543307 173.032959 -238.892120 -2.858305 172.053497 -233.962906 -2.858305 172.053497 -233.962906 2.858305 172.053497 -233.692749 3.128464 172.593826 -233.692749 -2.755906 172.593826 -233.962906 -2.755906 172.053497 -234.065308 2.755906 171.458145 -238.789719 2.755906 171.458145 -238.892120 2.858305 172.053497 -239.162277 3.128464 172.593826 -233.277908 3.543307 173.032959 -233.277908 -2.755906 173.032959 -238.789719 -2.755906 171.458145 -239.577118 -3.543307 175.395157 -239.577118 -1.968504 175.395157 -239.577118 3.543307 173.032959 -233.277908 -3.543307 175.395157 -234.065308 -2.755906 171.458145 -212.805466 1.968504 190.355789 -213.396011 1.968504 190.355789 -213.396011 -1.968504 190.355789 -212.805466 -1.968504 190.355789 -213.396011 1.968504 191.143188 -213.986572 1.968504 191.143188 -213.986572 -1.968504 191.143188 -213.396011 -1.968504 191.143188 -212.805466 -1.968504 191.930588 -213.986572 -1.968504 191.930588 -213.986572 -3.543307 191.930588 -213.986572 1.968504 191.930588 -213.986572 3.543307 191.930588 -213.986572 3.543307 190.355789 -213.986572 -3.543307 190.355789 -217.923569 3.543307 190.355789 -217.923569 3.543307 191.930588 -217.923569 1.968504 191.143188 -217.923569 -3.543307 190.355789 -217.923569 -1.968504 191.143188 -217.923569 -1.968504 191.930588 -217.923569 -3.543307 191.930588 -217.923569 1.968504 191.930588 -219.104675 3.543307 191.930588 -219.104675 1.968504 191.930588 -212.805466 1.968504 191.930588 -218.514130 1.968504 190.355789 -219.104675 1.968504 190.355789 -219.104675 -1.968504 190.355789 -218.514130 -1.968504 190.355789 -212.805466 3.543307 191.930588 -219.104675 -3.543307 189.568390 -218.689835 -3.128464 189.129257 -213.220306 -3.128464 189.129257 -212.805466 -3.543307 189.568390 -218.419678 -2.858305 188.588943 -213.490463 -2.858305 188.588943 -213.490463 2.858305 188.588943 -213.220306 3.128464 189.129257 -213.220306 -2.755906 189.129257 -213.490463 -2.755906 188.588943 -213.592865 2.755906 187.993576 -218.317276 2.755906 187.993576 -218.419678 2.858305 188.588943 -218.689835 3.128464 189.129257 -212.805466 3.543307 189.568390 -212.805466 -2.755906 189.568390 -218.317276 -2.755906 187.993576 -219.104675 -3.543307 191.930588 -219.104675 -1.968504 191.930588 -219.104675 3.543307 189.568390 -212.805466 -3.543307 191.930588 -213.592865 -2.755906 187.993576 -218.514130 1.968504 191.143188 -218.514130 -1.968504 191.143188 -266.348785 1.968504 182.088074 -266.348785 -1.968504 182.088074 -266.348785 -1.968504 183.662872 -267.529877 -1.968504 183.662872 -267.529877 -3.543307 183.662872 -267.529877 1.968504 183.662872 -267.529877 3.543307 183.662872 -267.529877 3.543307 182.088074 -267.529877 -3.543307 182.088074 -271.466888 3.543307 182.088074 -271.466888 3.543307 183.662872 -271.466888 -3.543307 182.088074 -271.466888 -1.968504 183.662872 -271.466888 -3.543307 183.662872 -271.466888 1.968504 183.662872 -272.647980 3.543307 183.662872 -272.647980 1.968504 183.662872 -266.348785 1.968504 183.662872 -266.348785 3.543307 183.662872 -272.647980 -3.543307 181.300674 -272.233154 -3.128464 180.861542 -266.763611 -3.128464 180.861542 -266.348785 -3.543307 181.300674 -271.962982 -2.858305 180.321213 -267.033783 -2.858305 180.321213 -267.033783 2.858305 180.321213 -266.763611 3.128464 180.861542 -266.763611 -2.755906 180.861542 -267.033783 -2.755906 180.321213 -267.136169 2.755906 179.725861 -271.860596 2.755906 179.725861 -271.962982 2.858305 180.321213 -272.233154 3.128464 180.861542 -266.348785 3.543307 181.300674 -266.348785 -2.755906 181.300674 -271.860596 -2.755906 179.725861 -272.647980 -3.543307 183.662872 -272.647980 -1.968504 183.662872 -272.647980 3.543307 181.300674 -266.348785 -3.543307 183.662872 -267.136169 -2.755906 179.725861 -223.041687 1.968504 182.088074 -223.041687 -1.968504 182.088074 -223.041687 -1.968504 183.662872 -224.222794 -1.968504 183.662872 -224.222794 -3.543307 183.662872 -224.222794 1.968504 183.662872 -224.222794 3.543307 183.662872 -224.222794 3.543307 182.088074 -224.222794 -3.543307 182.088074 -228.159790 3.543307 182.088074 -228.159790 3.543307 183.662872 -228.159790 -3.543307 182.088074 -228.159790 -1.968504 183.662872 -228.159790 -3.543307 183.662872 -228.159790 1.968504 183.662872 -229.340897 3.543307 183.662872 -229.340897 1.968504 183.662872 -223.041687 1.968504 183.662872 -229.340897 1.968504 182.088074 -229.340897 -1.968504 182.088074 -223.041687 3.543307 183.662872 -229.340897 -3.543307 181.300674 -228.926056 -3.128464 180.861542 -223.456528 -3.128464 180.861542 -223.041687 -3.543307 181.300674 -228.655899 -2.858305 180.321213 -223.726685 -2.858305 180.321213 -223.726685 2.858305 180.321213 -223.456528 3.128464 180.861542 -223.456528 -2.755906 180.861542 -223.726685 -2.755906 180.321213 -223.829086 2.755906 179.725861 -228.553497 2.755906 179.725861 -228.655899 2.858305 180.321213 -228.926056 3.128464 180.861542 -223.041687 3.543307 181.300674 -223.041687 -2.755906 181.300674 -228.553497 -2.755906 179.725861 -229.340897 -3.543307 183.662872 -229.340897 -1.968504 183.662872 -229.340897 3.543307 181.300674 -223.041687 -3.543307 183.662872 -223.829086 -2.755906 179.725861 -245.482635 1.968504 190.355789 -245.482635 -1.968504 190.355789 -238.396011 -1.181102 192.324295 -234.459015 -1.181102 192.324295 -238.396011 -1.968504 190.355789 -234.459015 -1.968504 190.355789 -234.459015 1.968504 192.324295 -234.459015 1.968504 190.355789 -234.459015 1.574803 192.324295 -225.025833 1.968504 198.623505 -225.025833 -1.968504 198.623505 -238.396011 1.968504 190.355789 -224.222794 1.968504 190.355789 -217.923569 1.968504 196.261307 -218.317276 1.968504 196.261307 -228.159790 1.968504 190.355789 -228.159790 1.968504 192.324295 -218.419678 1.968504 196.856659 -218.689835 1.968504 197.396973 -219.104675 1.968504 197.836105 -219.104675 1.968504 198.623505 -217.923569 -1.968504 196.261307 -224.222794 -1.968504 190.355789 -218.317276 -1.968504 196.261307 -218.419678 -1.968504 196.856659 -228.159790 -1.968504 190.355789 -218.689835 -1.968504 197.396973 -219.104675 -1.968504 197.836105 -219.104675 -1.968504 198.623505 -238.396011 1.574803 192.324295 -217.923569 1.574803 196.261307 -213.986572 1.574803 192.324295 -217.923569 1.574803 192.324295 -213.986572 1.574803 196.261307 -206.112549 0.000000 195.530212 -209.835861 1.968504 191.143188 -207.788620 1.968504 196.261307 -207.867355 0.000000 191.143188 -210.150833 0.000000 190.355789 -212.119324 1.968504 190.355789 -209.835861 -1.968504 191.143188 -207.788620 -1.968504 196.261307 -217.923569 -1.574803 192.324295 -217.923569 -1.574803 196.261307 -212.119324 -1.968504 190.355789 -213.986572 -1.968504 196.261307 -213.986572 -1.574803 196.261307 -213.986572 -1.574803 192.324295 -213.986572 1.968504 196.261307 -228.159790 1.968504 198.632401 -228.159790 -1.968504 198.632401 -239.577118 -7.480315 183.662872 -238.396011 -12.992126 183.662872 -238.396011 -7.480315 183.662872 -239.577118 -12.992126 183.662872 -233.692749 -12.577283 180.861542 -233.962906 -8.165318 180.321213 -233.692749 -7.895158 180.861542 -233.962906 -12.307123 180.321213 -239.577118 -12.204724 181.300674 -239.577118 -7.480315 181.300674 -239.577118 -12.992126 181.300674 -234.065308 -8.267716 179.725861 -234.065308 -12.204724 179.725861 -233.277908 -12.992126 181.300674 -233.277908 -7.480315 181.300674 -234.459015 -7.480315 183.662872 -233.277908 -12.992126 183.662872 -233.277908 -7.480315 183.662872 -234.459015 -12.992126 183.662872 -234.459015 -12.992126 182.088074 -238.396011 -12.992126 182.088074 -238.396011 -7.480315 182.088074 -234.459015 -7.480315 182.088074 -238.892120 -8.165318 180.321213 -238.789719 -8.267716 179.725861 -239.162277 -12.204724 180.861542 -239.162277 -7.895158 180.861542 -238.892120 -12.204724 180.321213 -238.892120 -12.307123 180.321213 -239.162277 -12.577283 180.861542 -238.789719 -12.204724 179.725861 2.787685 142.519684 397.087799 3.726181 -14.960629 398.310883 2.787685 -14.960629 397.087799 3.726181 142.519684 398.310883 4.316144 -14.960629 399.735168 4.316144 142.519684 399.735168 4.517369 -14.960629 401.263641 4.517369 142.519684 401.263641 4.316144 -14.960629 402.792084 4.316144 142.519684 402.792084 -2.916601 142.519684 395.559357 0.140316 142.519684 395.559357 -1.388142 142.519684 395.358124 1.564613 142.519684 396.149323 -4.340899 142.519684 396.149323 -5.563970 142.519684 397.087799 -6.502466 142.519684 398.310883 -7.092429 142.519684 399.735168 -7.293654 142.519684 401.263641 -7.092429 142.519684 402.792084 3.726181 142.519684 404.216400 -6.502466 142.519684 404.216400 2.787685 142.519684 405.439453 -5.563970 142.519684 405.439453 -4.340899 142.519684 406.377960 1.564613 142.519684 406.377960 -2.916601 142.519684 406.967926 0.140316 142.519684 406.967926 -1.388142 142.519684 407.169159 -4.340899 -14.960629 396.149323 -2.916601 -14.960629 395.559357 -1.388142 -14.960629 395.358124 0.140316 -14.960629 395.559357 1.564613 -14.960629 396.149323 -7.293654 -14.960629 401.263641 -7.092429 -14.960629 402.792084 -7.092429 -14.960629 399.735168 -6.502466 -14.960629 398.310883 -5.563970 -14.960629 397.087799 -1.388142 -14.960629 407.169159 -2.916601 -14.960629 406.967926 -4.340899 -14.960629 406.377960 -5.563970 -14.960629 405.439453 -6.502466 -14.960629 404.216400 3.726181 -14.960629 404.216400 2.787685 -14.960629 405.439453 0.140316 -14.960629 406.967926 1.564613 -14.960629 406.377960 -46.424915 142.519684 344.935272 -45.486416 -14.960629 346.158356 -46.424915 -14.960629 344.935272 -45.486416 142.519684 346.158356 -44.896454 -14.960629 347.582642 -44.896454 142.519684 347.582642 -44.695229 -14.960629 349.111115 -44.695229 142.519684 349.111115 -44.896454 -14.960629 350.639557 -44.896454 142.519684 350.639557 -52.129200 142.519684 343.406830 -49.072281 142.519684 343.406830 -50.600742 142.519684 343.205597 -47.647984 142.519684 343.996796 -53.553497 142.519684 343.996796 -54.776569 142.519684 344.935272 -55.715065 142.519684 346.158356 -56.305027 142.519684 347.582642 -56.506252 142.519684 349.111115 -56.305027 142.519684 350.639557 -45.486416 142.519684 352.063873 -55.715065 142.519684 352.063873 -46.424915 142.519684 353.286926 -54.776569 142.519684 353.286926 -53.553497 142.519684 354.225433 -47.647984 142.519684 354.225433 -52.129200 142.519684 354.815399 -49.072281 142.519684 354.815399 -50.600742 142.519684 355.016632 -53.553497 -14.960629 343.996796 -52.129200 -14.960629 343.406830 -50.600742 -14.960629 343.205597 -49.072281 -14.960629 343.406830 -47.647984 -14.960629 343.996796 -56.506252 -14.960629 349.111115 -56.305027 -14.960629 350.639557 -56.305027 -14.960629 347.582642 -55.715065 -14.960629 346.158356 -54.776569 -14.960629 344.935272 -50.600742 -14.960629 355.016632 -52.129200 -14.960629 354.815399 -53.553497 -14.960629 354.225433 -54.776569 -14.960629 353.286926 -55.715065 -14.960629 352.063873 -45.486416 -14.960629 352.063873 -46.424915 -14.960629 353.286926 -49.072281 -14.960629 354.815399 -47.647984 -14.960629 354.225433 -95.637512 157.480316 305.704926 -94.699013 -0.000000 306.928009 -95.637512 -0.000000 305.704926 -94.699013 157.480316 306.928009 -94.109055 -0.000000 308.352295 -94.109055 157.480316 308.352295 -93.907829 -0.000000 309.880768 -93.907829 157.480316 309.880768 -94.109055 -0.000000 311.409241 -94.109055 157.480316 311.409241 -101.341797 157.480316 304.176483 -98.284882 157.480316 304.176483 -99.813339 157.480316 303.975250 -96.860580 157.480316 304.766449 -102.766098 157.480316 304.766449 -103.989166 157.480316 305.704926 -104.927666 157.480316 306.928009 -105.517624 157.480316 308.352295 -105.718849 157.480316 309.880768 -105.517624 157.480316 311.409241 -94.699013 157.480316 312.833527 -104.927666 157.480316 312.833527 -95.637512 157.480316 314.056610 -103.989166 157.480316 314.056610 -102.766098 157.480316 314.995087 -96.860580 157.480316 314.995087 -101.341797 157.480316 315.585052 -98.284882 157.480316 315.585052 -99.813339 157.480316 315.786285 -102.766098 -0.000000 304.766449 -101.341797 -0.000000 304.176483 -99.813339 -0.000000 303.975250 -98.284882 -0.000000 304.176483 -96.860580 -0.000000 304.766449 -105.718849 -0.000000 309.880768 -105.517624 -0.000000 311.409241 -105.517624 -0.000000 308.352295 -104.927666 -0.000000 306.928009 -103.989166 -0.000000 305.704926 -99.813339 -0.000000 315.786285 -101.341797 -0.000000 315.585052 -102.766098 -0.000000 314.995087 -103.989166 -0.000000 314.056610 -104.927666 -0.000000 312.833527 -94.699013 -0.000000 312.833527 -95.637512 -0.000000 314.056610 -98.284882 -0.000000 315.585052 -96.860580 -0.000000 314.995087 -144.850113 142.519684 275.081512 -143.911621 -14.960629 276.304565 -144.850113 -14.960629 275.081512 -143.911621 142.519684 276.304565 -143.321655 -14.960629 277.728882 -143.321655 142.519684 277.728882 -143.120422 -14.960629 279.257324 -143.120422 142.519684 279.257324 -143.321655 -14.960629 280.785797 -143.321655 142.519684 280.785797 -150.554398 142.519684 273.553040 -147.497482 142.519684 273.553040 -149.025940 142.519684 273.351807 -146.073181 142.519684 274.143005 -151.978699 142.519684 274.143005 -153.201767 142.519684 275.081512 -154.140259 142.519684 276.304565 -154.730225 142.519684 277.728882 -154.931442 142.519684 279.257324 -154.730225 142.519684 280.785797 -143.911621 142.519684 282.210083 -154.140259 142.519684 282.210083 -144.850113 142.519684 283.433167 -153.201767 142.519684 283.433167 -151.978699 142.519684 284.371643 -146.073181 142.519684 284.371643 -150.554398 142.519684 284.961609 -147.497482 142.519684 284.961609 -149.025940 142.519684 285.162842 -151.978699 -14.960629 274.143005 -150.554398 -14.960629 273.553040 -149.025940 -14.960629 273.351807 -147.497482 -14.960629 273.553040 -146.073181 -14.960629 274.143005 -154.931442 -14.960629 279.257324 -154.730225 -14.960629 280.785797 -154.730225 -14.960629 277.728882 -154.140259 -14.960629 276.304565 -153.201767 -14.960629 275.081512 -149.025940 -14.960629 285.162842 -150.554398 -14.960629 284.961609 -151.978699 -14.960629 284.371643 -153.201767 -14.960629 283.433167 -154.140259 -14.960629 282.210083 -143.911621 -14.960629 282.210083 -144.850113 -14.960629 283.433167 -147.497482 -14.960629 284.961609 -146.073181 -14.960629 284.371643 -194.062714 142.519684 247.889023 -193.124207 -14.960629 249.112091 -194.062714 -14.960629 247.889023 -193.124207 142.519684 249.112091 -192.534256 -14.960629 250.536392 -192.534256 142.519684 250.536392 -192.333023 -14.960629 252.064850 -192.333023 142.519684 252.064850 -192.534256 -14.960629 253.593307 -192.534256 142.519684 253.593307 -199.766998 142.519684 246.360565 -196.710083 142.519684 246.360565 -198.238541 142.519684 246.159348 -195.285782 142.519684 246.950531 -201.191299 142.519684 246.950531 -202.414368 142.519684 247.889023 -203.352859 142.519684 249.112091 -203.942825 142.519684 250.536392 -204.144043 142.519684 252.064850 -203.942825 142.519684 253.593307 -193.124207 142.519684 255.017609 -203.352859 142.519684 255.017609 -194.062714 142.519684 256.240692 -202.414368 142.519684 256.240692 -201.191299 142.519684 257.179169 -195.285782 142.519684 257.179169 -199.766998 142.519684 257.769135 -196.710083 142.519684 257.769135 -198.238541 142.519684 257.970367 -201.191299 -14.960629 246.950531 -199.766998 -14.960629 246.360565 -198.238541 -14.960629 246.159348 -196.710083 -14.960629 246.360565 -195.285782 -14.960629 246.950531 -204.144043 -14.960629 252.064850 -203.942825 -14.960629 253.593307 -203.942825 -14.960629 250.536392 -203.352859 -14.960629 249.112091 -202.414368 -14.960629 247.889023 -198.238541 -14.960629 257.970367 -199.766998 -14.960629 257.769135 -201.191299 -14.960629 257.179169 -202.414368 -14.960629 256.240692 -203.352859 -14.960629 255.017609 -193.124207 -14.960629 255.017609 -194.062714 -14.960629 256.240692 -196.710083 -14.960629 257.769135 -195.285782 -14.960629 257.179169 -243.275314 142.519684 224.391861 -242.336807 -14.960629 225.614929 -243.275314 -14.960629 224.391861 -242.336807 142.519684 225.614929 -241.746841 -14.960629 227.039230 -241.746841 142.519684 227.039230 -241.545624 -14.960629 228.567688 -241.545624 142.519684 228.567688 -241.746841 -14.960629 230.096146 -241.746841 142.519684 230.096146 -248.979599 142.519684 222.863403 -245.922668 142.519684 222.863403 -247.451141 142.519684 222.662186 -244.498383 142.519684 223.453369 -250.403885 142.519684 223.453369 -251.626968 142.519684 224.391861 -252.565460 142.519684 225.614929 -253.155426 142.519684 227.039230 -253.356644 142.519684 228.567688 -253.155426 142.519684 230.096146 -242.336807 142.519684 231.520447 -252.565460 142.519684 231.520447 -243.275314 142.519684 232.743515 -251.626968 142.519684 232.743515 -250.403885 142.519684 233.682022 -244.498383 142.519684 233.682022 -248.979599 142.519684 234.271973 -245.922668 142.519684 234.271973 -247.451141 142.519684 234.473206 -250.403885 -14.960629 223.453369 -248.979599 -14.960629 222.863403 -247.451141 -14.960629 222.662186 -245.922668 -14.960629 222.863403 -244.498383 -14.960629 223.453369 -253.356644 -14.960629 228.567688 -253.155426 -14.960629 230.096146 -253.155426 -14.960629 227.039230 -252.565460 -14.960629 225.614929 -251.626968 -14.960629 224.391861 -247.451141 -14.960629 234.473206 -248.979599 -14.960629 234.271973 -250.403885 -14.960629 233.682022 -251.626968 -14.960629 232.743515 -252.565460 -14.960629 231.520447 -242.336807 -14.960629 231.520447 -243.275314 -14.960629 232.743515 -245.922668 -14.960629 234.271973 -244.498383 -14.960629 233.682022 -292.325867 145.094467 56.355122 -291.387390 -12.385847 57.578194 -292.325867 -12.385847 56.355122 -291.387390 145.094467 57.578194 -290.797424 -12.385847 59.002491 -290.797424 145.094467 59.002491 -290.596191 -12.385847 60.530949 -290.596191 145.094467 60.530949 -290.797424 -12.385847 62.059410 -290.797424 145.094467 62.059410 -298.030151 145.094467 54.826664 -294.973236 145.094467 54.826664 -296.501709 145.094467 54.625439 -293.548950 145.094467 55.416626 -299.454468 145.094467 55.416626 -300.677521 145.094467 56.355122 -301.616028 145.094467 57.578194 -302.205994 145.094467 59.002491 -302.407227 145.094467 60.530949 -302.205994 145.094467 62.059410 -291.387390 145.094467 63.483707 -301.616028 145.094467 63.483707 -292.325867 145.094467 64.706779 -300.677521 145.094467 64.706779 -299.454468 145.094467 65.645271 -293.548950 145.094467 65.645271 -298.030151 145.094467 66.235237 -294.973236 145.094467 66.235237 -296.501709 145.094467 66.436462 -299.454468 -12.385847 55.416626 -298.030151 -12.385847 54.826664 -296.501709 -12.385847 54.625439 -294.973236 -12.385847 54.826664 -293.548950 -12.385847 55.416626 -302.407227 -12.385847 60.530949 -302.205994 -12.385847 62.059410 -302.205994 -12.385847 59.002491 -301.616028 -12.385847 57.578194 -300.677521 -12.385847 56.355122 -296.501709 -12.385847 66.436462 -298.030151 -12.385847 66.235237 -299.454468 -12.385847 65.645271 -300.677521 -12.385847 64.706779 -301.616028 -12.385847 63.483707 -291.387390 -12.385847 63.483707 -292.325867 -12.385847 64.706779 -294.973236 -12.385847 66.235237 -293.548950 -12.385847 65.645271 -243.907822 -19.685040 97.917435 -250.994446 -19.685040 87.681213 -243.907822 -19.685040 87.681213 -250.994446 -19.685040 97.917435 -247.451141 -19.685040 97.917435 -377.766083 0.000000 31.067038 -381.703094 0.000000 19.256014 -377.766083 0.000000 19.256014 -381.703094 0.000000 31.067038 -379.734589 0.000000 31.067038 -99.813339 -14.960629 252.497223 -149.025940 -14.960629 214.767578 -99.813339 -14.960629 214.767578 -149.025940 -14.960629 231.171768 -50.600742 -14.960629 278.743958 -50.600742 -14.960629 214.767578 -1.388142 -14.960629 224.610092 -1.388142 -14.960629 214.767578 -1.388142 -14.960629 234.452606 -1.388142 -14.960629 244.295135 -1.388142 -14.960629 254.137650 -1.388142 -14.960629 263.980164 -1.388142 -14.960629 273.822693 -1.388142 -14.960629 283.665222 -1.388142 -14.960629 313.192780 -1.388142 -14.960629 293.507721 -1.388142 -14.960629 303.350250 -50.600742 -14.960629 288.586456 -99.813339 -14.960629 316.439850 -99.813339 -14.960629 263.980164 -149.025940 -14.960629 239.373871 -198.238541 -14.960629 214.767578 -1.388142 -14.960629 330.208527 -1.388142 -14.960629 349.448669 -1.388142 -14.960629 368.688843 -1.388142 -14.960629 387.928986 -288.787537 -14.960629 214.767578 -288.722748 -14.960629 214.767578 -289.967499 -14.960629 214.173248 -288.862396 -14.960629 214.767578 -288.957428 -14.960629 214.767578 -289.078827 -14.960629 214.767578 "
							            />
						</IndexedFaceSet>
					</Shape>
				</Group>
			</Transform>
		</Transform>
	</Scene>
</X3D>