<?xml version="1.0" encoding="UTF-8"?>
<!DOCTYPE X3D PUBLIC "ISO//Web3D//DTD X3D 3.0//EN" "http://www.web3d.org/specifications/x3d-3.0.dtd">
<X3D version="3.0" profile="Immersive" xmlns:xsd="http://www.w3.org/2001/XMLSchema-instance" xsd:noNamespaceSchemaLocation="http://www.web3d.org/specifications/x3d-3.0.xsd">
	<head>
		<meta name="filename" content="44-1.x3d" />
		<meta name="created" content="2026-06-21 15:09:56" />
		<meta name="generator" content="Blender 4.5.4 LTS" />
		<meta name="translator" content="Web3D X3D/VRML2 format v2.5.1" />
	</head>
	<Scene>
		<NavigationInfo headlight="true"
		                visibilityLimit="0.0"
		                type='"EXAMINE", "ANY"'
		                avatarSize="0.25, 1.75, 0.75"
		                />
		<Background DEF="WO_World"
		            groundColor="0.051 0.051 0.051"
		            skyColor="0.051 0.051 0.051"
		            />
		<Transform DEF="_44-1_TRANSFORM"
		           translation="0.000000 0.000000 0.000000"
		           scale="1.000000 1.000000 1.000000"
		           rotation="0.000000 0.707107 0.707107 3.141593"
		           >
			<Transform DEF="_44-1_ifs_TRANSFORM"
			           translation="0.000000 0.000000 0.000000"
			           scale="1.000000 1.000000 1.000000"
			           rotation="0.000000 1.000000 0.000000 0.000000"
			           >
				<Group DEF="group_ME_44-1_001">
					<Shape>
						<Appearance>
						</Appearance>
						<IndexedFaceSet solid="false"
						                coordIndex="0 1 2 -1 2 3 0 -1 2 1 4 -1 4 5 2 -1 6 5 4 -1 4 7 6 -1 6 7 8 -1 8 9 6 -1 9 8 0 -1 0 3 9 -1 5 6 9 -1 9 2 5 -1 9 3 2 -1 4 1 8 -1 8 7 4 -1 1 0 8 -1 10 11 12 -1 12 13 10 -1 14 13 12 -1 12 15 14 -1 15 16 17 -1 17 14 15 -1 16 11 10 -1 10 17 16 -1 10 13 14 -1 14 17 10 -1 16 15 12 -1 12 11 16 -1 18 19 20 -1 19 18 21 -1 19 22 20 -1 22 19 23 -1 24 22 23 -1 22 24 25 -1 24 26 25 -1 26 24 27 -1 27 18 26 -1 18 27 21 -1 23 27 24 -1 27 23 19 -1 27 19 21 -1 22 26 20 -1 26 22 25 -1 20 26 18 -1 28 29 30 -1 29 28 31 -1 32 29 31 -1 29 32 33 -1 33 34 35 -1 34 33 32 -1 35 28 30 -1 28 35 34 -1 28 32 31 -1 32 28 34 -1 35 29 33 -1 29 35 30 -1 36 37 38 -1 38 39 36 -1 40 41 36 -1 36 39 40 -1 42 43 44 -1 44 45 42 -1 44 46 40 -1 40 38 44 -1 38 45 44 -1 39 38 40 -1 40 46 47 -1 47 41 40 -1 36 41 47 -1 47 37 36 -1 47 43 37 -1 43 42 37 -1 44 43 47 -1 47 46 44 -1 38 37 42 -1 42 45 38 -1 48 49 50 -1 50 51 48 -1 52 53 54 -1 54 55 52 -1 56 57 58 -1 58 59 56 -1 55 54 60 -1 60 61 55 -1 60 62 61 -1 62 49 61 -1 62 63 49 -1 63 50 49 -1 63 58 50 -1 58 64 50 -1 58 57 64 -1 57 65 64 -1 57 66 65 -1 66 67 65 -1 68 66 57 -1 57 56 68 -1 53 69 60 -1 60 54 53 -1 70 63 62 -1 62 71 70 -1 72 61 49 -1 49 48 72 -1 59 58 63 -1 63 70 59 -1 69 53 52 -1 52 71 69 -1 52 72 71 -1 72 48 71 -1 48 70 71 -1 48 59 70 -1 48 51 59 -1 51 56 59 -1 51 73 56 -1 73 74 56 -1 74 68 56 -1 74 75 68 -1 65 67 75 -1 75 74 65 -1 73 64 65 -1 65 74 73 -1 67 66 68 -1 68 75 67 -1 51 50 64 -1 64 73 51 -1 52 55 61 -1 61 72 52 -1 71 62 60 -1 60 69 71 -1 76 77 78 -1 78 79 76 -1 80 81 82 -1 82 83 80 -1 84 85 76 -1 76 79 84 -1 79 86 84 -1 83 82 87 -1 87 88 83 -1 89 90 81 -1 81 80 89 -1 91 92 93 -1 93 94 91 -1 89 86 95 -1 95 93 89 -1 95 94 93 -1 86 79 96 -1 96 95 86 -1 79 78 96 -1 78 77 97 -1 97 96 78 -1 97 98 95 -1 95 96 97 -1 99 100 87 -1 87 82 99 -1 99 101 102 -1 102 103 99 -1 102 104 103 -1 102 105 104 -1 101 99 82 -1 82 81 101 -1 95 98 91 -1 91 94 95 -1 101 85 84 -1 84 102 101 -1 84 105 102 -1 84 86 105 -1 80 83 104 -1 104 105 80 -1 89 80 105 -1 105 86 89 -1 100 99 103 -1 103 106 100 -1 103 104 106 -1 85 90 97 -1 97 76 85 -1 97 77 76 -1 90 92 98 -1 98 97 90 -1 92 91 98 -1 106 88 87 -1 87 100 106 -1 85 101 81 -1 81 90 85 -1 93 92 90 -1 90 89 93 -1 83 88 106 -1 106 104 83 -1 107 108 109 -1 109 110 107 -1 110 111 107 -1 111 112 107 -1 108 113 114 -1 114 109 108 -1 115 116 117 -1 117 107 112 -1 112 115 117 -1 116 118 119 -1 119 120 107 -1 107 116 119 -1 107 117 116 -1 116 121 122 -1 122 118 116 -1 118 123 124 -1 124 125 120 -1 120 118 124 -1 120 119 118 -1 115 126 127 -1 128 129 121 -1 121 130 128 -1 121 116 130 -1 116 127 130 -1 116 115 127 -1 118 122 131 -1 131 123 118 -1 113 108 121 -1 121 129 113 -1 123 132 133 -1 133 125 123 -1 125 124 123 -1 134 108 107 -1 107 120 134 -1 135 134 120 -1 120 125 135 -1 136 135 125 -1 125 133 136 -1 108 134 122 -1 122 121 108 -1 134 135 131 -1 131 122 134 -1 135 136 137 -1 137 131 135 -1 123 131 137 -1 137 132 123 -1 133 132 137 -1 137 136 133 -1 109 130 127 -1 127 110 109 -1 128 130 109 -1 109 114 128 -1 111 110 127 -1 127 126 111 -1 113 129 128 -1 128 114 113 -1 111 126 115 -1 115 112 111 -1 138 139 140 -1 140 141 138 -1 140 142 141 -1 140 143 142 -1 140 144 143 -1 140 145 144 -1 140 146 145 -1 140 147 146 -1 141 148 149 -1 149 138 141 -1 150 151 142 -1 142 143 150 -1 152 146 147 -1 147 153 152 -1 153 147 140 -1 140 154 153 -1 155 150 143 -1 143 144 155 -1 142 151 148 -1 148 141 142 -1 139 138 149 -1 149 156 139 -1 157 155 144 -1 144 145 157 -1 146 152 157 -1 157 145 146 -1 156 154 140 -1 140 139 156 -1 154 156 149 -1 149 148 154 -1 148 151 154 -1 151 150 154 -1 150 155 154 -1 155 157 154 -1 157 152 154 -1 152 153 154 -1 158 159 160 -1 160 161 158 -1 162 163 164 -1 164 165 162 -1 166 167 158 -1 158 161 166 -1 161 168 166 -1 165 164 169 -1 169 170 165 -1 171 172 163 -1 163 162 171 -1 173 174 175 -1 175 176 173 -1 171 168 177 -1 177 175 171 -1 177 176 175 -1 168 161 178 -1 178 177 168 -1 161 160 178 -1 160 159 179 -1 179 178 160 -1 179 180 177 -1 177 178 179 -1 181 182 169 -1 169 164 181 -1 181 183 184 -1 184 185 181 -1 184 186 185 -1 184 187 186 -1 183 181 164 -1 164 163 183 -1 177 180 173 -1 173 176 177 -1 183 167 166 -1 166 184 183 -1 166 187 184 -1 166 168 187 -1 162 165 186 -1 186 187 162 -1 171 162 187 -1 187 168 171 -1 182 181 185 -1 185 188 182 -1 185 186 188 -1 167 172 179 -1 179 158 167 -1 179 159 158 -1 172 174 180 -1 180 179 172 -1 174 173 180 -1 188 170 169 -1 169 182 188 -1 167 183 163 -1 163 172 167 -1 175 174 172 -1 172 171 175 -1 165 170 188 -1 188 186 165 -1 189 190 191 -1 191 192 189 -1 193 194 195 -1 195 196 193 -1 193 197 198 -1 198 194 193 -1 192 198 197 -1 197 189 192 -1 199 190 189 -1 189 197 199 -1 197 200 199 -1 197 201 200 -1 197 193 201 -1 193 196 202 -1 202 203 193 -1 203 204 193 -1 204 205 193 -1 205 201 193 -1 205 206 201 -1 205 207 206 -1 207 208 206 -1 207 209 208 -1 209 210 208 -1 210 211 208 -1 209 212 210 -1 210 213 211 -1 213 214 211 -1 214 215 211 -1 216 217 218 -1 212 219 220 -1 220 210 212 -1 219 221 220 -1 219 217 221 -1 219 222 217 -1 222 223 217 -1 223 218 217 -1 223 224 218 -1 209 225 226 -1 226 212 209 -1 225 227 226 -1 225 228 227 -1 225 229 228 -1 230 224 223 -1 223 231 230 -1 223 232 231 -1 233 218 224 -1 224 230 233 -1 234 231 232 -1 232 235 234 -1 236 212 226 -1 226 237 236 -1 238 239 240 -1 240 241 238 -1 242 243 244 -1 244 245 242 -1 246 219 212 -1 212 236 246 -1 247 248 236 -1 236 237 247 -1 244 249 215 -1 215 214 244 -1 250 251 252 -1 252 253 250 -1 190 199 254 -1 254 191 190 -1 255 250 217 -1 217 216 255 -1 209 256 257 -1 257 225 209 -1 244 243 258 -1 258 249 244 -1 235 232 223 -1 223 222 235 -1 259 242 245 -1 245 260 259 -1 261 262 240 -1 240 239 261 -1 203 202 263 -1 263 264 203 -1 253 265 220 -1 220 221 253 -1 266 265 253 -1 253 252 266 -1 247 237 262 -1 262 261 247 -1 248 267 246 -1 246 236 248 -1 235 222 219 -1 219 246 235 -1 266 259 260 -1 260 265 266 -1 238 241 229 -1 229 225 238 -1 225 257 238 -1 268 256 209 -1 209 207 268 -1 204 203 264 -1 264 269 204 -1 205 204 269 -1 269 270 205 -1 271 211 215 -1 215 258 271 -1 215 249 258 -1 240 262 227 -1 227 228 240 -1 250 253 221 -1 221 217 250 -1 267 234 235 -1 235 246 267 -1 245 213 210 -1 210 260 245 -1 202 196 195 -1 195 263 202 -1 262 237 226 -1 226 227 262 -1 207 205 270 -1 270 268 207 -1 245 244 214 -1 214 213 245 -1 260 210 220 -1 220 265 260 -1 241 240 228 -1 228 229 241 -1 255 272 251 -1 251 250 255 -1 211 271 273 -1 273 208 211 -1 201 206 274 -1 274 275 201 -1 208 273 274 -1 274 206 208 -1 263 195 194 -1 194 264 263 -1 194 269 264 -1 194 270 269 -1 194 198 270 -1 198 192 191 -1 191 254 198 -1 254 276 198 -1 276 275 198 -1 275 270 198 -1 275 268 270 -1 275 274 268 -1 274 273 268 -1 273 256 268 -1 273 247 256 -1 247 257 256 -1 247 261 257 -1 261 239 257 -1 239 238 257 -1 267 248 266 -1 266 252 267 -1 252 234 267 -1 252 251 234 -1 251 231 234 -1 251 272 231 -1 272 230 231 -1 272 233 230 -1 273 271 259 -1 259 248 273 -1 248 247 273 -1 259 266 248 -1 271 242 259 -1 271 243 242 -1 271 258 243 -1 272 255 216 -1 216 218 272 -1 218 233 272 -1 199 200 276 -1 276 254 199 -1 200 201 275 -1 275 276 200 -1 277 278 279 -1 279 280 277 -1 281 282 283 -1 283 284 281 -1 285 286 287 -1 287 288 285 -1 283 282 289 -1 289 290 283 -1 286 291 292 -1 292 287 286 -1 292 293 287 -1 293 294 287 -1 294 295 287 -1 296 292 291 -1 297 298 299 -1 300 301 285 -1 285 302 300 -1 285 288 302 -1 288 299 302 -1 288 297 299 -1 303 304 277 -1 277 280 303 -1 305 306 307 -1 307 308 305 -1 306 309 310 -1 310 307 306 -1 311 308 307 -1 307 312 311 -1 312 307 310 -1 310 313 312 -1 313 310 314 -1 314 315 313 -1 313 315 316 -1 316 317 313 -1 311 312 318 -1 318 319 311 -1 312 313 317 -1 317 318 312 -1 320 301 300 -1 300 321 320 -1 309 322 314 -1 314 310 309 -1 323 284 283 -1 283 290 323 -1 290 299 323 -1 299 298 323 -1 300 302 289 -1 289 282 281 -1 281 321 289 -1 321 300 289 -1 292 304 303 -1 303 293 292 -1 289 302 299 -1 299 290 289 -1 324 278 277 -1 277 304 324 -1 304 292 324 -1 292 296 324 -1 294 293 303 -1 303 280 279 -1 279 325 303 -1 325 294 303 -1 311 319 287 -1 287 326 311 -1 287 295 326 -1 319 327 288 -1 288 287 319 -1 327 297 288 -1 309 306 328 -1 328 329 309 -1 328 317 329 -1 328 318 317 -1 316 315 314 -1 314 322 316 -1 306 305 330 -1 330 328 306 -1 330 318 328 -1 330 319 318 -1 322 309 329 -1 329 316 322 -1 329 317 316 -1 305 308 285 -1 285 320 305 -1 285 301 320 -1 308 331 286 -1 286 285 308 -1 331 291 286 -1 326 325 279 -1 324 331 308 -1 308 278 324 -1 308 311 278 -1 311 279 278 -1 311 326 279 -1 305 320 281 -1 281 330 305 -1 281 284 330 -1 284 323 330 -1 323 327 330 -1 327 319 330 -1 321 281 320 -1 294 325 326 -1 326 295 294 -1 323 298 297 -1 297 327 323 -1 291 331 324 -1 324 296 291 -1 332 333 334 -1 333 332 335 -1 336 332 337 -1 332 336 335 -1 338 339 340 -1 339 338 341 -1 339 336 342 -1 336 339 333 -1 333 339 341 -1 335 336 333 -1 336 343 342 -1 343 336 337 -1 332 343 337 -1 343 332 334 -1 343 334 340 -1 340 334 338 -1 339 343 340 -1 343 339 342 -1 333 338 334 -1 338 333 341 -1 344 345 346 -1 345 344 347 -1 348 349 350 -1 349 348 351 -1 352 353 354 -1 353 352 355 -1 351 356 349 -1 356 351 357 -1 356 357 358 -1 358 357 346 -1 358 346 359 -1 359 346 345 -1 359 345 353 -1 353 345 360 -1 353 360 354 -1 354 360 361 -1 354 361 362 -1 362 361 363 -1 364 354 362 -1 354 364 352 -1 350 356 365 -1 356 350 349 -1 366 358 359 -1 358 366 367 -1 368 346 357 -1 346 368 344 -1 355 359 353 -1 359 355 366 -1 365 348 350 -1 348 365 367 -1 348 367 368 -1 368 367 344 -1 344 367 366 -1 344 366 355 -1 344 355 347 -1 347 355 352 -1 347 352 369 -1 369 352 370 -1 370 352 364 -1 370 364 371 -1 361 371 363 -1 371 361 370 -1 369 361 360 -1 361 369 370 -1 363 364 362 -1 364 363 371 -1 347 360 345 -1 360 347 369 -1 348 357 351 -1 357 348 368 -1 367 356 358 -1 356 367 365 -1 372 373 374 -1 373 372 375 -1 376 377 378 -1 377 376 379 -1 380 372 381 -1 372 380 375 -1 375 380 382 -1 379 383 377 -1 383 379 384 -1 385 378 386 -1 378 385 376 -1 387 388 389 -1 388 387 390 -1 385 391 382 -1 391 385 388 -1 391 388 390 -1 382 392 375 -1 392 382 391 -1 375 392 373 -1 373 393 374 -1 393 373 392 -1 393 391 394 -1 391 393 392 -1 395 383 396 -1 383 395 377 -1 395 397 398 -1 397 395 399 -1 397 399 400 -1 397 400 401 -1 398 377 395 -1 377 398 378 -1 391 387 394 -1 387 391 390 -1 398 380 381 -1 380 398 397 -1 380 397 401 -1 380 401 382 -1 376 400 379 -1 400 376 401 -1 385 401 376 -1 401 385 382 -1 396 399 395 -1 399 396 402 -1 399 402 400 -1 381 393 386 -1 393 381 372 -1 393 372 374 -1 386 394 389 -1 394 386 393 -1 389 394 387 -1 402 383 384 -1 383 402 396 -1 381 378 398 -1 378 381 386 -1 388 386 389 -1 386 388 385 -1 379 402 384 -1 402 379 400 -1 403 404 405 -1 404 403 406 -1 406 403 407 -1 407 403 408 -1 405 409 410 -1 409 405 404 -1 411 412 413 -1 412 408 403 -1 408 412 411 -1 413 414 415 -1 414 403 416 -1 403 414 413 -1 403 413 412 -1 413 417 418 -1 417 413 415 -1 415 419 420 -1 419 416 421 -1 416 419 415 -1 416 415 414 -1 411 422 423 -1 424 418 425 -1 418 424 426 -1 418 426 413 -1 413 426 422 -1 413 422 411 -1 415 427 417 -1 427 415 420 -1 410 418 405 -1 418 410 425 -1 420 428 429 -1 428 420 421 -1 421 420 419 -1 430 403 405 -1 403 430 416 -1 431 416 430 -1 416 431 421 -1 432 421 431 -1 421 432 428 -1 405 417 430 -1 417 405 418 -1 430 427 431 -1 427 430 417 -1 431 433 432 -1 433 431 427 -1 420 433 427 -1 433 420 429 -1 428 433 429 -1 433 428 432 -1 404 422 426 -1 422 404 406 -1 424 404 426 -1 404 424 409 -1 407 422 406 -1 422 407 423 -1 410 424 425 -1 424 410 409 -1 407 411 423 -1 411 407 408 -1 434 435 436 -1 435 434 437 -1 435 437 438 -1 435 438 439 -1 435 439 440 -1 435 440 441 -1 435 441 442 -1 435 442 443 -1 437 444 445 -1 444 437 434 -1 446 438 447 -1 438 446 439 -1 448 443 442 -1 443 448 449 -1 449 435 443 -1 435 449 450 -1 451 439 446 -1 439 451 440 -1 438 445 447 -1 445 438 437 -1 436 444 434 -1 444 436 452 -1 453 440 451 -1 440 453 441 -1 442 453 448 -1 453 442 441 -1 452 435 450 -1 435 452 436 -1 450 444 452 -1 444 450 445 -1 445 450 447 -1 447 450 446 -1 446 450 451 -1 451 450 453 -1 453 450 448 -1 448 450 449 -1 454 455 456 -1 455 454 457 -1 458 459 460 -1 459 458 461 -1 462 454 463 -1 454 462 457 -1 457 462 464 -1 461 465 459 -1 465 461 466 -1 467 460 468 -1 460 467 458 -1 469 470 471 -1 470 469 472 -1 467 473 464 -1 473 467 470 -1 473 470 472 -1 464 474 457 -1 474 464 473 -1 457 474 455 -1 455 475 456 -1 475 455 474 -1 475 473 476 -1 473 475 474 -1 477 465 478 -1 465 477 459 -1 477 479 480 -1 479 477 481 -1 479 481 482 -1 479 482 483 -1 480 459 477 -1 459 480 460 -1 473 469 476 -1 469 473 472 -1 480 462 463 -1 462 480 479 -1 462 479 483 -1 462 483 464 -1 458 482 461 -1 482 458 483 -1 467 483 458 -1 483 467 464 -1 478 481 477 -1 481 478 484 -1 481 484 482 -1 463 475 468 -1 475 463 454 -1 475 454 456 -1 468 476 471 -1 476 468 475 -1 471 476 469 -1 484 465 466 -1 465 484 478 -1 463 460 480 -1 460 463 468 -1 470 468 471 -1 468 470 467 -1 461 484 466 -1 484 461 482 -1 485 486 487 -1 486 485 488 -1 489 490 491 -1 490 489 492 -1 489 493 494 -1 493 489 491 -1 488 494 493 -1 494 488 485 -1 495 485 487 -1 485 495 494 -1 494 495 496 -1 494 496 497 -1 494 497 489 -1 489 498 492 -1 498 489 499 -1 499 489 500 -1 500 489 501 -1 501 489 497 -1 501 497 502 -1 501 502 503 -1 503 502 504 -1 503 504 505 -1 505 504 506 -1 506 504 507 -1 505 506 508 -1 506 507 509 -1 509 507 510 -1 510 507 511 -1 512 513 514 -1 508 515 516 -1 515 508 506 -1 516 515 517 -1 516 517 514 -1 516 514 518 -1 518 514 519 -1 519 514 513 -1 519 513 520 -1 505 521 522 -1 521 505 508 -1 522 521 523 -1 522 523 524 -1 522 524 525 -1 526 519 520 -1 519 526 527 -1 519 527 528 -1 529 520 513 -1 520 529 526 -1 530 528 527 -1 528 530 531 -1 532 521 508 -1 521 532 533 -1 534 535 536 -1 535 534 537 -1 538 539 540 -1 539 538 541 -1 542 508 516 -1 508 542 532 -1 543 532 544 -1 532 543 533 -1 539 511 545 -1 511 539 510 -1 546 547 548 -1 547 546 549 -1 487 550 495 -1 550 487 486 -1 551 514 546 -1 514 551 512 -1 505 552 553 -1 552 505 522 -1 539 554 540 -1 554 539 545 -1 531 519 528 -1 519 531 518 -1 555 541 538 -1 541 555 556 -1 557 535 558 -1 535 557 536 -1 499 559 498 -1 559 499 560 -1 549 515 561 -1 515 549 517 -1 562 549 561 -1 549 562 547 -1 543 558 533 -1 558 543 557 -1 544 542 563 -1 542 544 532 -1 531 516 518 -1 516 531 542 -1 562 556 555 -1 556 562 561 -1 534 525 537 -1 525 534 522 -1 522 534 552 -1 564 505 553 -1 505 564 503 -1 500 560 499 -1 560 500 565 -1 501 565 500 -1 565 501 566 -1 567 511 507 -1 511 567 554 -1 511 554 545 -1 535 523 558 -1 523 535 524 -1 546 517 549 -1 517 546 514 -1 563 531 530 -1 531 563 542 -1 541 506 509 -1 506 541 556 -1 498 490 492 -1 490 498 559 -1 558 521 533 -1 521 558 523 -1 503 566 501 -1 566 503 564 -1 541 510 539 -1 510 541 509 -1 556 515 506 -1 515 556 561 -1 537 524 535 -1 524 537 525 -1 551 548 568 -1 548 551 546 -1 507 569 567 -1 569 507 504 -1 497 570 502 -1 570 497 571 -1 504 570 569 -1 570 504 502 -1 559 491 490 -1 491 559 560 -1 491 560 565 -1 491 565 566 -1 491 566 493 -1 493 486 488 -1 486 493 550 -1 550 493 572 -1 572 493 571 -1 571 493 566 -1 571 566 564 -1 571 564 570 -1 570 564 569 -1 569 564 553 -1 569 553 543 -1 543 553 552 -1 543 552 557 -1 557 552 536 -1 536 552 534 -1 563 562 544 -1 562 563 547 -1 547 563 530 -1 547 530 548 -1 548 530 527 -1 548 527 568 -1 568 527 526 -1 568 526 529 -1 569 555 567 -1 555 569 544 -1 544 569 543 -1 555 544 562 -1 567 555 538 -1 567 538 540 -1 567 540 554 -1 568 512 551 -1 512 568 513 -1 513 568 529 -1 495 572 496 -1 572 495 550 -1 496 571 497 -1 571 496 572 -1 573 574 575 -1 574 573 576 -1 577 578 579 -1 578 577 580 -1 581 582 583 -1 582 581 584 -1 578 585 579 -1 585 578 586 -1 583 587 588 -1 587 583 582 -1 587 582 589 -1 589 582 590 -1 590 582 591 -1 592 588 587 -1 593 594 595 -1 596 581 597 -1 581 596 598 -1 581 598 584 -1 584 598 594 -1 584 594 593 -1 599 573 600 -1 573 599 576 -1 601 602 603 -1 602 601 604 -1 603 605 606 -1 605 603 602 -1 607 602 604 -1 602 607 608 -1 608 605 602 -1 605 608 609 -1 609 610 605 -1 610 609 611 -1 609 612 611 -1 612 609 613 -1 607 614 608 -1 614 607 615 -1 608 613 609 -1 613 608 614 -1 616 596 597 -1 596 616 617 -1 606 610 618 -1 610 606 605 -1 619 578 580 -1 578 619 586 -1 586 619 594 -1 594 619 595 -1 596 585 598 -1 585 577 579 -1 577 585 617 -1 617 585 596 -1 587 599 600 -1 599 587 589 -1 585 594 598 -1 594 585 586 -1 620 573 575 -1 573 620 600 -1 600 620 587 -1 587 620 592 -1 590 599 589 -1 599 574 576 -1 574 599 621 -1 621 599 590 -1 607 582 615 -1 582 607 622 -1 582 622 591 -1 615 584 623 -1 584 615 582 -1 623 584 593 -1 606 624 603 -1 624 606 625 -1 624 625 613 -1 624 613 614 -1 612 610 611 -1 610 612 618 -1 603 626 601 -1 626 603 624 -1 626 624 614 -1 626 614 615 -1 618 625 606 -1 625 618 612 -1 625 612 613 -1 601 581 604 -1 581 601 616 -1 581 616 597 -1 604 583 627 -1 583 604 581 -1 627 583 588 -1 622 574 621 -1 620 604 627 -1 604 620 575 -1 604 575 607 -1 607 575 574 -1 607 574 622 -1 601 577 616 -1 577 601 626 -1 577 626 580 -1 580 626 619 -1 619 626 623 -1 623 626 615 -1 617 616 577 -1 590 622 621 -1 622 590 591 -1 619 593 595 -1 593 619 623 -1 588 620 627 -1 620 588 592 -1 628 629 630 -1 630 631 628 -1 632 633 634 -1 634 635 632 -1 636 637 632 -1 632 635 636 -1 630 629 638 -1 638 639 630 -1 634 633 640 -1 640 641 634 -1 640 628 631 -1 631 641 640 -1 632 637 638 -1 638 633 632 -1 638 629 633 -1 629 640 633 -1 629 628 640 -1 636 639 638 -1 638 637 636 -1 630 639 636 -1 636 634 630 -1 634 641 630 -1 641 631 630 -1 635 634 636 -1 642 643 644 -1 644 645 642 -1 646 647 648 -1 648 649 646 -1 646 650 651 -1 651 647 646 -1 645 651 650 -1 650 642 645 -1 652 643 642 -1 642 650 652 -1 650 653 652 -1 650 654 653 -1 650 646 654 -1 646 649 655 -1 655 656 646 -1 656 657 646 -1 657 658 646 -1 658 654 646 -1 658 659 654 -1 658 660 659 -1 660 661 659 -1 660 662 661 -1 662 663 661 -1 663 664 661 -1 662 665 663 -1 663 666 664 -1 666 667 664 -1 667 668 664 -1 669 670 671 -1 665 672 673 -1 673 663 665 -1 672 674 673 -1 672 670 674 -1 672 675 670 -1 675 676 670 -1 676 671 670 -1 676 677 671 -1 662 678 679 -1 679 665 662 -1 678 680 679 -1 678 681 680 -1 678 682 681 -1 683 677 676 -1 676 684 683 -1 676 685 684 -1 686 671 677 -1 677 683 686 -1 687 684 685 -1 685 688 687 -1 689 665 679 -1 679 690 689 -1 691 692 693 -1 693 694 691 -1 695 696 697 -1 697 698 695 -1 699 672 665 -1 665 689 699 -1 700 701 689 -1 689 690 700 -1 697 702 668 -1 668 667 697 -1 703 704 705 -1 705 706 703 -1 643 652 707 -1 707 644 643 -1 708 703 670 -1 670 669 708 -1 662 709 710 -1 710 678 662 -1 697 696 711 -1 711 702 697 -1 688 685 676 -1 676 675 688 -1 712 695 698 -1 698 713 712 -1 714 715 693 -1 693 692 714 -1 656 655 716 -1 716 717 656 -1 706 718 673 -1 673 674 706 -1 719 718 706 -1 706 705 719 -1 700 690 715 -1 715 714 700 -1 701 720 699 -1 699 689 701 -1 688 675 672 -1 672 699 688 -1 719 712 713 -1 713 718 719 -1 691 694 682 -1 682 678 691 -1 678 710 691 -1 721 709 662 -1 662 660 721 -1 657 656 717 -1 717 722 657 -1 658 657 722 -1 722 723 658 -1 724 664 668 -1 668 711 724 -1 668 702 711 -1 693 715 680 -1 680 681 693 -1 703 706 674 -1 674 670 703 -1 720 687 688 -1 688 699 720 -1 698 666 663 -1 663 713 698 -1 655 649 648 -1 648 716 655 -1 715 690 679 -1 679 680 715 -1 660 658 723 -1 723 721 660 -1 698 697 667 -1 667 666 698 -1 713 663 673 -1 673 718 713 -1 694 693 681 -1 681 682 694 -1 708 725 704 -1 704 703 708 -1 664 724 726 -1 726 661 664 -1 654 659 727 -1 727 728 654 -1 661 726 727 -1 727 659 661 -1 716 648 647 -1 647 717 716 -1 647 722 717 -1 647 723 722 -1 647 651 723 -1 651 645 644 -1 644 707 651 -1 707 729 651 -1 729 728 651 -1 728 723 651 -1 728 721 723 -1 728 727 721 -1 727 726 721 -1 726 709 721 -1 726 700 709 -1 700 710 709 -1 700 714 710 -1 714 692 710 -1 692 691 710 -1 720 701 719 -1 719 705 720 -1 705 687 720 -1 705 704 687 -1 704 684 687 -1 704 725 684 -1 725 683 684 -1 725 686 683 -1 726 724 712 -1 712 701 726 -1 701 700 726 -1 712 719 701 -1 724 695 712 -1 724 696 695 -1 724 711 696 -1 725 708 669 -1 669 671 725 -1 671 686 725 -1 652 653 729 -1 729 707 652 -1 653 654 728 -1 728 729 653 -1 730 731 732 -1 732 733 730 -1 734 735 736 -1 736 737 734 -1 738 739 740 -1 740 741 738 -1 737 736 742 -1 742 743 737 -1 742 744 743 -1 744 731 743 -1 744 745 731 -1 745 732 731 -1 745 740 732 -1 740 746 732 -1 740 739 746 -1 739 747 746 -1 739 748 747 -1 748 749 747 -1 750 748 739 -1 739 738 750 -1 735 751 742 -1 742 736 735 -1 752 745 744 -1 744 753 752 -1 754 743 731 -1 731 730 754 -1 741 740 745 -1 745 752 741 -1 751 735 734 -1 734 753 751 -1 734 754 753 -1 754 730 753 -1 730 752 753 -1 730 741 752 -1 730 733 741 -1 733 738 741 -1 733 755 738 -1 755 756 738 -1 756 750 738 -1 756 757 750 -1 747 749 757 -1 757 756 747 -1 755 746 747 -1 747 756 755 -1 749 748 750 -1 750 757 749 -1 733 732 746 -1 746 755 733 -1 734 737 743 -1 743 754 734 -1 753 744 742 -1 742 751 753 -1 758 759 760 -1 760 761 758 -1 762 763 764 -1 764 765 762 -1 766 767 768 -1 768 769 766 -1 770 758 769 -1 769 771 770 -1 768 772 773 -1 773 774 768 -1 775 776 777 -1 777 778 775 -1 778 779 775 -1 778 760 779 -1 778 761 760 -1 778 767 761 -1 767 766 761 -1 780 781 782 -1 782 783 780 -1 783 784 780 -1 785 784 783 -1 783 786 770 -1 770 771 783 -1 773 787 785 -1 785 774 773 -1 788 789 790 -1 790 791 788 -1 791 786 788 -1 791 792 786 -1 793 792 794 -1 794 763 793 -1 763 762 793 -1 762 795 793 -1 796 797 775 -1 775 779 796 -1 779 759 796 -1 779 760 759 -1 770 786 792 -1 792 793 770 -1 797 798 776 -1 776 775 797 -1 799 764 800 -1 800 801 799 -1 801 802 799 -1 777 803 772 -1 772 778 777 -1 795 762 797 -1 797 796 795 -1 796 793 795 -1 796 759 793 -1 803 804 773 -1 773 772 803 -1 767 778 772 -1 772 768 767 -1 770 793 759 -1 759 758 770 -1 805 806 780 -1 780 784 805 -1 784 787 805 -1 784 785 787 -1 764 763 807 -1 807 808 800 -1 800 764 807 -1 802 801 806 -1 806 805 802 -1 805 799 802 -1 805 787 799 -1 791 790 809 -1 809 808 791 -1 808 807 791 -1 807 792 791 -1 807 763 792 -1 763 794 792 -1 781 789 788 -1 788 786 781 -1 786 783 781 -1 783 782 781 -1 785 783 771 -1 771 774 785 -1 804 799 787 -1 787 773 804 -1 758 761 766 -1 766 769 758 -1 776 798 803 -1 803 777 776 -1 765 764 799 -1 799 804 765 -1 762 765 798 -1 798 797 762 -1 769 768 774 -1 774 771 769 -1 798 765 804 -1 804 803 798 -1 801 800 808 -1 808 806 801 -1 808 809 806 -1 809 790 806 -1 790 780 806 -1 790 789 780 -1 789 781 780 -1 810 811 812 -1 812 813 810 -1 814 815 816 -1 816 817 814 -1 818 819 810 -1 810 813 818 -1 813 820 818 -1 817 816 821 -1 821 822 817 -1 823 824 815 -1 815 814 823 -1 825 826 827 -1 827 828 825 -1 823 820 829 -1 829 827 823 -1 829 828 827 -1 820 813 830 -1 830 829 820 -1 813 812 830 -1 812 811 831 -1 831 830 812 -1 831 832 829 -1 829 830 831 -1 833 834 821 -1 821 816 833 -1 833 835 836 -1 836 837 833 -1 836 838 837 -1 836 839 838 -1 835 833 816 -1 816 815 835 -1 829 832 825 -1 825 828 829 -1 835 819 818 -1 818 836 835 -1 818 839 836 -1 818 820 839 -1 814 817 838 -1 838 839 814 -1 823 814 839 -1 839 820 823 -1 834 833 837 -1 837 840 834 -1 837 838 840 -1 819 824 831 -1 831 810 819 -1 831 811 810 -1 824 826 832 -1 832 831 824 -1 826 825 832 -1 840 822 821 -1 821 834 840 -1 819 835 815 -1 815 824 819 -1 827 826 824 -1 824 823 827 -1 817 822 840 -1 840 838 817 -1 841 842 843 -1 843 844 841 -1 844 845 841 -1 845 846 841 -1 842 847 848 -1 848 843 842 -1 849 850 851 -1 851 841 846 -1 846 849 851 -1 850 852 853 -1 853 854 841 -1 841 850 853 -1 841 851 850 -1 850 855 856 -1 856 852 850 -1 852 857 858 -1 858 859 854 -1 854 852 858 -1 854 853 852 -1 849 860 861 -1 862 863 855 -1 855 864 862 -1 855 850 864 -1 850 861 864 -1 850 849 861 -1 852 856 865 -1 865 857 852 -1 847 842 855 -1 855 863 847 -1 857 866 867 -1 867 859 857 -1 859 858 857 -1 868 842 841 -1 841 854 868 -1 869 868 854 -1 854 859 869 -1 870 869 859 -1 859 867 870 -1 842 868 856 -1 856 855 842 -1 868 869 865 -1 865 856 868 -1 869 870 871 -1 871 865 869 -1 857 865 871 -1 871 866 857 -1 867 866 871 -1 871 870 867 -1 843 864 861 -1 861 844 843 -1 862 864 843 -1 843 848 862 -1 845 844 861 -1 861 860 845 -1 847 863 862 -1 862 848 847 -1 845 860 849 -1 849 846 845 -1 872 873 874 -1 874 875 872 -1 874 876 875 -1 874 877 876 -1 874 878 877 -1 874 879 878 -1 874 880 879 -1 874 881 880 -1 875 882 883 -1 883 872 875 -1 884 885 876 -1 876 877 884 -1 886 880 881 -1 881 887 886 -1 887 881 874 -1 874 888 887 -1 889 884 877 -1 877 878 889 -1 876 885 882 -1 882 875 876 -1 873 872 883 -1 883 890 873 -1 891 889 878 -1 878 879 891 -1 880 886 891 -1 891 879 880 -1 890 888 874 -1 874 873 890 -1 888 890 883 -1 883 882 888 -1 882 885 888 -1 885 884 888 -1 884 889 888 -1 889 891 888 -1 891 886 888 -1 886 887 888 -1 892 893 894 -1 894 895 892 -1 896 897 898 -1 898 899 896 -1 900 901 892 -1 892 895 900 -1 895 902 900 -1 899 898 903 -1 903 904 899 -1 905 906 897 -1 897 896 905 -1 907 908 909 -1 909 910 907 -1 905 902 911 -1 911 909 905 -1 911 910 909 -1 902 895 912 -1 912 911 902 -1 895 894 912 -1 894 893 913 -1 913 912 894 -1 913 914 911 -1 911 912 913 -1 915 916 903 -1 903 898 915 -1 915 917 918 -1 918 919 915 -1 918 920 919 -1 918 921 920 -1 917 915 898 -1 898 897 917 -1 911 914 907 -1 907 910 911 -1 917 901 900 -1 900 918 917 -1 900 921 918 -1 900 902 921 -1 896 899 920 -1 920 921 896 -1 905 896 921 -1 921 902 905 -1 916 915 919 -1 919 922 916 -1 919 920 922 -1 901 906 913 -1 913 892 901 -1 913 893 892 -1 906 908 914 -1 914 913 906 -1 908 907 914 -1 922 904 903 -1 903 916 922 -1 901 917 897 -1 897 906 901 -1 909 908 906 -1 906 905 909 -1 899 904 922 -1 922 920 899 -1 923 924 925 -1 925 926 923 -1 926 927 923 -1 927 928 923 -1 924 929 930 -1 930 925 924 -1 931 932 933 -1 933 923 928 -1 928 931 933 -1 932 934 935 -1 935 936 923 -1 923 932 935 -1 923 933 932 -1 932 937 938 -1 938 934 932 -1 934 939 940 -1 940 941 936 -1 936 934 940 -1 936 935 934 -1 931 942 943 -1 944 945 937 -1 937 946 944 -1 937 932 946 -1 932 943 946 -1 932 931 943 -1 934 938 947 -1 947 939 934 -1 929 924 937 -1 937 945 929 -1 939 948 949 -1 949 941 939 -1 941 940 939 -1 950 924 923 -1 923 936 950 -1 951 950 936 -1 936 941 951 -1 952 951 941 -1 941 949 952 -1 924 950 938 -1 938 937 924 -1 950 951 947 -1 947 938 950 -1 951 952 953 -1 953 947 951 -1 939 947 953 -1 953 948 939 -1 949 948 953 -1 953 952 949 -1 925 946 943 -1 943 926 925 -1 944 946 925 -1 925 930 944 -1 927 926 943 -1 943 942 927 -1 929 945 944 -1 944 930 929 -1 927 942 931 -1 931 928 927 -1 954 955 956 -1 955 954 957 -1 957 954 958 -1 958 954 959 -1 958 959 960 -1 956 961 962 -1 961 956 963 -1 961 963 964 -1 961 964 965 -1 963 956 955 -1 965 964 966 -1 966 964 967 -1 966 967 968 -1 966 968 969 -1 965 966 970 -1 970 966 971 -1 970 971 972 -1 970 972 973 -1 965 970 974 -1 965 974 975 -1 965 975 976 -1 965 976 977 -1 965 978 979 -1 978 965 980 -1 980 965 977 -1 978 981 979 -1 981 978 982 -1 975 983 976 -1 983 975 984 -1 985 975 974 -1 975 985 984 -1 986 974 970 -1 974 986 985 -1 973 986 970 -1 986 973 987 -1 972 987 973 -1 987 972 988 -1 989 972 971 -1 972 989 988 -1 990 971 966 -1 971 990 989 -1 969 990 966 -1 990 969 991 -1 968 991 969 -1 991 968 992 -1 993 968 967 -1 968 993 992 -1 994 967 964 -1 967 994 993 -1 963 994 964 -1 994 963 995 -1 955 995 963 -1 995 955 996 -1 997 955 957 -1 955 997 996 -1 998 957 958 -1 957 998 997 -1 960 998 958 -1 998 960 999 -1 959 999 960 -1 999 959 1000 -1 954 1000 959 -1 1000 954 1001 -1 1002 954 956 -1 954 1002 1001 -1 1003 956 962 -1 956 1003 1002 -1 1003 981 982 -1 981 1003 961 -1 961 1003 962 -1 976 980 977 -1 980 976 983 -1 982 995 1003 -1 995 982 994 -1 994 982 978 -1 1003 995 1002 -1 994 978 990 -1 994 990 993 -1 993 990 992 -1 990 978 986 -1 990 986 989 -1 989 986 988 -1 986 978 985 -1 985 978 984 -1 984 978 983 -1 983 978 980 -1 987 988 986 -1 991 992 990 -1 1002 996 1001 -1 996 1002 995 -1 1001 996 997 -1 1001 997 998 -1 1001 998 1000 -1 1000 998 999 -1 961 979 981 -1 979 961 965 -1 1004 1005 1006 -1 1006 1007 1004 -1 1007 1008 1004 -1 1008 1009 1004 -1 1008 1010 1009 -1 1005 1011 1012 -1 1012 1013 1005 -1 1012 1014 1013 -1 1012 1015 1014 -1 1013 1006 1005 -1 1015 1016 1014 -1 1016 1017 1014 -1 1016 1018 1017 -1 1016 1019 1018 -1 1015 1020 1016 -1 1020 1021 1016 -1 1020 1022 1021 -1 1020 1023 1022 -1 1015 1024 1020 -1 1015 1025 1024 -1 1015 1026 1025 -1 1015 1027 1026 -1 1015 1028 1029 -1 1029 1030 1015 -1 1030 1027 1015 -1 1029 1028 1031 -1 1031 1032 1029 -1 1025 1026 1033 -1 1033 1034 1025 -1 1035 1024 1025 -1 1025 1034 1035 -1 1036 1020 1024 -1 1024 1035 1036 -1 1023 1020 1036 -1 1036 1037 1023 -1 1022 1023 1037 -1 1037 1038 1022 -1 1039 1021 1022 -1 1022 1038 1039 -1 1040 1016 1021 -1 1021 1039 1040 -1 1019 1016 1040 -1 1040 1041 1019 -1 1018 1019 1041 -1 1041 1042 1018 -1 1043 1017 1018 -1 1018 1042 1043 -1 1044 1014 1017 -1 1017 1043 1044 -1 1013 1014 1044 -1 1044 1045 1013 -1 1006 1013 1045 -1 1045 1046 1006 -1 1047 1007 1006 -1 1006 1046 1047 -1 1048 1008 1007 -1 1007 1047 1048 -1 1010 1008 1048 -1 1048 1049 1010 -1 1009 1010 1049 -1 1049 1050 1009 -1 1004 1009 1050 -1 1050 1051 1004 -1 1052 1005 1004 -1 1004 1051 1052 -1 1053 1011 1005 -1 1005 1052 1053 -1 1053 1032 1031 -1 1031 1012 1053 -1 1012 1011 1053 -1 1026 1027 1030 -1 1030 1033 1026 -1 1032 1053 1045 -1 1045 1044 1032 -1 1044 1029 1032 -1 1053 1052 1045 -1 1044 1040 1029 -1 1044 1043 1040 -1 1043 1042 1040 -1 1040 1036 1029 -1 1040 1039 1036 -1 1039 1038 1036 -1 1036 1035 1029 -1 1035 1034 1029 -1 1034 1033 1029 -1 1033 1030 1029 -1 1037 1036 1038 -1 1041 1040 1042 -1 1052 1051 1046 -1 1046 1045 1052 -1 1051 1047 1046 -1 1051 1048 1047 -1 1051 1050 1048 -1 1050 1049 1048 -1 1012 1031 1028 -1 1028 1015 1012 -1 1054 1055 1056 -1 1055 1054 1057 -1 1058 1054 1059 -1 1054 1058 1057 -1 1060 1061 1062 -1 1061 1060 1063 -1 1058 1061 1063 -1 1061 1058 1059 -1 1064 1060 1062 -1 1060 1064 1065 -1 1055 1064 1056 -1 1064 1055 1065 -1 1054 1061 1059 -1 1061 1054 1056 -1 1061 1056 1062 -1 1062 1056 1064 -1 1060 1058 1063 -1 1058 1060 1055 -1 1055 1060 1065 -1 1057 1058 1055 -1 1066 1067 1068 -1 1067 1066 1069 -1 1070 1071 1072 -1 1071 1070 1073 -1 1070 1074 1075 -1 1074 1070 1072 -1 1069 1075 1074 -1 1075 1069 1066 -1 1076 1066 1068 -1 1066 1076 1075 -1 1075 1076 1077 -1 1075 1077 1078 -1 1075 1078 1070 -1 1070 1079 1073 -1 1079 1070 1080 -1 1080 1070 1081 -1 1081 1070 1082 -1 1082 1070 1078 -1 1082 1078 1083 -1 1082 1083 1084 -1 1084 1083 1085 -1 1084 1085 1086 -1 1086 1085 1087 -1 1087 1085 1088 -1 1086 1087 1089 -1 1087 1088 1090 -1 1090 1088 1091 -1 1091 1088 1092 -1 1093 1094 1095 -1 1089 1096 1097 -1 1096 1089 1087 -1 1097 1096 1098 -1 1097 1098 1095 -1 1097 1095 1099 -1 1099 1095 1100 -1 1100 1095 1094 -1 1100 1094 1101 -1 1086 1102 1103 -1 1102 1086 1089 -1 1103 1102 1104 -1 1103 1104 1105 -1 1103 1105 1106 -1 1107 1100 1101 -1 1100 1107 1108 -1 1100 1108 1109 -1 1110 1101 1094 -1 1101 1110 1107 -1 1111 1109 1108 -1 1109 1111 1112 -1 1113 1102 1089 -1 1102 1113 1114 -1 1115 1116 1117 -1 1116 1115 1118 -1 1119 1120 1121 -1 1120 1119 1122 -1 1123 1089 1097 -1 1089 1123 1113 -1 1124 1113 1125 -1 1113 1124 1114 -1 1120 1092 1126 -1 1092 1120 1091 -1 1127 1128 1129 -1 1128 1127 1130 -1 1068 1131 1076 -1 1131 1068 1067 -1 1132 1095 1127 -1 1095 1132 1093 -1 1086 1133 1134 -1 1133 1086 1103 -1 1120 1135 1121 -1 1135 1120 1126 -1 1112 1100 1109 -1 1100 1112 1099 -1 1136 1122 1119 -1 1122 1136 1137 -1 1138 1116 1139 -1 1116 1138 1117 -1 1080 1140 1079 -1 1140 1080 1141 -1 1130 1096 1142 -1 1096 1130 1098 -1 1143 1130 1142 -1 1130 1143 1128 -1 1124 1139 1114 -1 1139 1124 1138 -1 1125 1123 1144 -1 1123 1125 1113 -1 1112 1097 1099 -1 1097 1112 1123 -1 1143 1137 1136 -1 1137 1143 1142 -1 1115 1106 1118 -1 1106 1115 1103 -1 1103 1115 1133 -1 1145 1086 1134 -1 1086 1145 1084 -1 1081 1141 1080 -1 1141 1081 1146 -1 1082 1146 1081 -1 1146 1082 1147 -1 1148 1092 1088 -1 1092 1148 1135 -1 1092 1135 1126 -1 1116 1104 1139 -1 1104 1116 1105 -1 1127 1098 1130 -1 1098 1127 1095 -1 1144 1112 1111 -1 1112 1144 1123 -1 1122 1087 1090 -1 1087 1122 1137 -1 1079 1071 1073 -1 1071 1079 1140 -1 1139 1102 1114 -1 1102 1139 1104 -1 1084 1147 1082 -1 1147 1084 1145 -1 1122 1091 1120 -1 1091 1122 1090 -1 1137 1096 1087 -1 1096 1137 1142 -1 1118 1105 1116 -1 1105 1118 1106 -1 1132 1129 1149 -1 1129 1132 1127 -1 1088 1150 1148 -1 1150 1088 1085 -1 1078 1151 1083 -1 1151 1078 1152 -1 1085 1151 1150 -1 1151 1085 1083 -1 1140 1072 1071 -1 1072 1140 1141 -1 1072 1141 1146 -1 1072 1146 1147 -1 1072 1147 1074 -1 1074 1067 1069 -1 1067 1074 1131 -1 1131 1074 1153 -1 1153 1074 1152 -1 1152 1074 1147 -1 1152 1147 1145 -1 1152 1145 1151 -1 1151 1145 1150 -1 1150 1145 1134 -1 1150 1134 1124 -1 1124 1134 1133 -1 1124 1133 1138 -1 1138 1133 1117 -1 1117 1133 1115 -1 1144 1143 1125 -1 1143 1144 1128 -1 1128 1144 1111 -1 1128 1111 1129 -1 1129 1111 1108 -1 1129 1108 1149 -1 1149 1108 1107 -1 1149 1107 1110 -1 1150 1136 1148 -1 1136 1150 1125 -1 1125 1150 1124 -1 1136 1125 1143 -1 1148 1136 1119 -1 1148 1119 1121 -1 1148 1121 1135 -1 1149 1093 1132 -1 1093 1149 1094 -1 1094 1149 1110 -1 1076 1153 1077 -1 1153 1076 1131 -1 1077 1152 1078 -1 1152 1077 1153 -1 1154 1155 1156 -1 1155 1154 1157 -1 1158 1159 1160 -1 1159 1158 1161 -1 1162 1163 1164 -1 1163 1162 1165 -1 1161 1166 1159 -1 1166 1161 1167 -1 1166 1167 1168 -1 1168 1167 1156 -1 1168 1156 1169 -1 1169 1156 1155 -1 1169 1155 1163 -1 1163 1155 1170 -1 1163 1170 1164 -1 1164 1170 1171 -1 1164 1171 1172 -1 1172 1171 1173 -1 1174 1164 1172 -1 1164 1174 1162 -1 1160 1166 1175 -1 1166 1160 1159 -1 1176 1168 1169 -1 1168 1176 1177 -1 1178 1156 1167 -1 1156 1178 1154 -1 1165 1169 1163 -1 1169 1165 1176 -1 1175 1158 1160 -1 1158 1175 1177 -1 1158 1177 1178 -1 1178 1177 1154 -1 1154 1177 1176 -1 1154 1176 1165 -1 1154 1165 1157 -1 1157 1165 1162 -1 1157 1162 1179 -1 1179 1162 1180 -1 1180 1162 1174 -1 1180 1174 1181 -1 1171 1181 1173 -1 1181 1171 1180 -1 1179 1171 1170 -1 1171 1179 1180 -1 1173 1174 1172 -1 1174 1173 1181 -1 1157 1170 1155 -1 1170 1157 1179 -1 1158 1167 1161 -1 1167 1158 1178 -1 1177 1166 1168 -1 1166 1177 1175 -1 1182 1183 1184 -1 1183 1182 1185 -1 1186 1187 1188 -1 1187 1186 1189 -1 1190 1191 1192 -1 1191 1190 1193 -1 1194 1193 1182 -1 1193 1194 1195 -1 1191 1196 1197 -1 1196 1191 1198 -1 1199 1200 1201 -1 1200 1199 1202 -1 1202 1199 1203 -1 1202 1203 1183 -1 1202 1183 1185 -1 1202 1185 1192 -1 1192 1185 1190 -1 1204 1205 1206 -1 1205 1204 1207 -1 1207 1204 1208 -1 1209 1207 1208 -1 1207 1194 1210 -1 1194 1207 1195 -1 1196 1209 1211 -1 1209 1196 1198 -1 1212 1213 1214 -1 1213 1212 1215 -1 1215 1212 1210 -1 1215 1210 1216 -1 1217 1218 1216 -1 1218 1217 1188 -1 1188 1217 1186 -1 1186 1217 1219 -1 1220 1199 1221 -1 1199 1220 1203 -1 1203 1220 1184 -1 1203 1184 1183 -1 1194 1216 1210 -1 1216 1194 1217 -1 1221 1201 1222 -1 1201 1221 1199 -1 1223 1224 1187 -1 1224 1223 1225 -1 1225 1223 1226 -1 1200 1197 1227 -1 1197 1200 1202 -1 1219 1221 1186 -1 1221 1219 1220 -1 1220 1219 1217 -1 1220 1217 1184 -1 1227 1196 1228 -1 1196 1227 1197 -1 1192 1197 1202 -1 1197 1192 1191 -1 1194 1184 1217 -1 1184 1194 1182 -1 1229 1204 1230 -1 1204 1229 1208 -1 1208 1229 1211 -1 1208 1211 1209 -1 1187 1231 1188 -1 1231 1224 1232 -1 1224 1231 1187 -1 1226 1230 1225 -1 1230 1226 1229 -1 1229 1226 1223 -1 1229 1223 1211 -1 1215 1233 1213 -1 1233 1215 1232 -1 1232 1215 1231 -1 1231 1215 1216 -1 1231 1216 1188 -1 1188 1216 1218 -1 1206 1212 1214 -1 1212 1206 1210 -1 1210 1206 1207 -1 1207 1206 1205 -1 1209 1195 1207 -1 1195 1209 1198 -1 1228 1211 1223 -1 1211 1228 1196 -1 1182 1190 1185 -1 1190 1182 1193 -1 1201 1227 1222 -1 1227 1201 1200 -1 1189 1223 1187 -1 1223 1189 1228 -1 1186 1222 1189 -1 1222 1186 1221 -1 1193 1198 1191 -1 1198 1193 1195 -1 1222 1228 1189 -1 1228 1222 1227 -1 1225 1232 1224 -1 1232 1225 1230 -1 1232 1230 1233 -1 1233 1230 1213 -1 1213 1230 1204 -1 1213 1204 1214 -1 1214 1204 1206 -1 1234 1235 1236 -1 1235 1234 1237 -1 1238 1239 1240 -1 1239 1238 1241 -1 1242 1234 1243 -1 1234 1242 1237 -1 1237 1242 1244 -1 1241 1245 1239 -1 1245 1241 1246 -1 1247 1240 1248 -1 1240 1247 1238 -1 1249 1250 1251 -1 1250 1249 1252 -1 1247 1253 1244 -1 1253 1247 1250 -1 1253 1250 1252 -1 1244 1254 1237 -1 1254 1244 1253 -1 1237 1254 1235 -1 1235 1255 1236 -1 1255 1235 1254 -1 1255 1253 1256 -1 1253 1255 1254 -1 1257 1245 1258 -1 1245 1257 1239 -1 1257 1259 1260 -1 1259 1257 1261 -1 1259 1261 1262 -1 1259 1262 1263 -1 1260 1239 1257 -1 1239 1260 1240 -1 1253 1249 1256 -1 1249 1253 1252 -1 1260 1242 1243 -1 1242 1260 1259 -1 1242 1259 1263 -1 1242 1263 1244 -1 1238 1262 1241 -1 1262 1238 1263 -1 1247 1263 1238 -1 1263 1247 1244 -1 1258 1261 1257 -1 1261 1258 1264 -1 1261 1264 1262 -1 1243 1255 1248 -1 1255 1243 1234 -1 1255 1234 1236 -1 1248 1256 1251 -1 1256 1248 1255 -1 1251 1256 1249 -1 1264 1245 1246 -1 1245 1264 1258 -1 1243 1240 1260 -1 1240 1243 1248 -1 1250 1248 1251 -1 1248 1250 1247 -1 1241 1264 1246 -1 1264 1241 1262 -1 1265 1266 1267 -1 1266 1265 1268 -1 1268 1265 1269 -1 1269 1265 1270 -1 1267 1271 1272 -1 1271 1267 1266 -1 1273 1274 1275 -1 1274 1270 1265 -1 1270 1274 1273 -1 1275 1276 1277 -1 1276 1265 1278 -1 1265 1276 1275 -1 1265 1275 1274 -1 1275 1279 1280 -1 1279 1275 1277 -1 1277 1281 1282 -1 1281 1278 1283 -1 1278 1281 1277 -1 1278 1277 1276 -1 1273 1284 1285 -1 1286 1280 1287 -1 1280 1286 1288 -1 1280 1288 1275 -1 1275 1288 1284 -1 1275 1284 1273 -1 1277 1289 1279 -1 1289 1277 1282 -1 1272 1280 1267 -1 1280 1272 1287 -1 1282 1290 1291 -1 1290 1282 1283 -1 1283 1282 1281 -1 1292 1265 1267 -1 1265 1292 1278 -1 1293 1278 1292 -1 1278 1293 1283 -1 1294 1283 1293 -1 1283 1294 1290 -1 1267 1279 1292 -1 1279 1267 1280 -1 1292 1289 1293 -1 1289 1292 1279 -1 1293 1295 1294 -1 1295 1293 1289 -1 1282 1295 1289 -1 1295 1282 1291 -1 1290 1295 1291 -1 1295 1290 1294 -1 1266 1284 1288 -1 1284 1266 1268 -1 1286 1266 1288 -1 1266 1286 1271 -1 1269 1284 1268 -1 1284 1269 1285 -1 1272 1286 1287 -1 1286 1272 1271 -1 1269 1273 1285 -1 1273 1269 1270 -1 1296 1297 1298 -1 1297 1296 1299 -1 1297 1299 1300 -1 1297 1300 1301 -1 1297 1301 1302 -1 1297 1302 1303 -1 1297 1303 1304 -1 1297 1304 1305 -1 1299 1306 1307 -1 1306 1299 1296 -1 1308 1300 1309 -1 1300 1308 1301 -1 1310 1305 1304 -1 1305 1310 1311 -1 1311 1297 1305 -1 1297 1311 1312 -1 1313 1301 1308 -1 1301 1313 1302 -1 1300 1307 1309 -1 1307 1300 1299 -1 1298 1306 1296 -1 1306 1298 1314 -1 1315 1302 1313 -1 1302 1315 1303 -1 1304 1315 1310 -1 1315 1304 1303 -1 1314 1297 1312 -1 1297 1314 1298 -1 1312 1306 1314 -1 1306 1312 1307 -1 1307 1312 1309 -1 1309 1312 1308 -1 1308 1312 1313 -1 1313 1312 1315 -1 1315 1312 1310 -1 1310 1312 1311 -1 1316 1317 1318 -1 1317 1316 1319 -1 1320 1321 1322 -1 1321 1320 1323 -1 1324 1316 1325 -1 1316 1324 1319 -1 1319 1324 1326 -1 1323 1327 1321 -1 1327 1323 1328 -1 1329 1322 1330 -1 1322 1329 1320 -1 1331 1332 1333 -1 1332 1331 1334 -1 1329 1335 1326 -1 1335 1329 1332 -1 1335 1332 1334 -1 1326 1336 1319 -1 1336 1326 1335 -1 1319 1336 1317 -1 1317 1337 1318 -1 1337 1317 1336 -1 1337 1335 1338 -1 1335 1337 1336 -1 1339 1327 1340 -1 1327 1339 1321 -1 1339 1341 1342 -1 1341 1339 1343 -1 1341 1343 1344 -1 1341 1344 1345 -1 1342 1321 1339 -1 1321 1342 1322 -1 1335 1331 1338 -1 1331 1335 1334 -1 1342 1324 1325 -1 1324 1342 1341 -1 1324 1341 1345 -1 1324 1345 1326 -1 1320 1344 1323 -1 1344 1320 1345 -1 1329 1345 1320 -1 1345 1329 1326 -1 1340 1343 1339 -1 1343 1340 1346 -1 1343 1346 1344 -1 1325 1337 1330 -1 1337 1325 1316 -1 1337 1316 1318 -1 1330 1338 1333 -1 1338 1330 1337 -1 1333 1338 1331 -1 1346 1327 1328 -1 1327 1346 1340 -1 1325 1322 1342 -1 1322 1325 1330 -1 1332 1330 1333 -1 1330 1332 1329 -1 1323 1346 1328 -1 1346 1323 1344 -1 1347 1348 1349 -1 1348 1347 1350 -1 1350 1347 1351 -1 1351 1347 1352 -1 1349 1353 1354 -1 1353 1349 1348 -1 1355 1356 1357 -1 1356 1352 1347 -1 1352 1356 1355 -1 1357 1358 1359 -1 1358 1347 1360 -1 1347 1358 1357 -1 1347 1357 1356 -1 1357 1361 1362 -1 1361 1357 1359 -1 1359 1363 1364 -1 1363 1360 1365 -1 1360 1363 1359 -1 1360 1359 1358 -1 1355 1366 1367 -1 1368 1362 1369 -1 1362 1368 1370 -1 1362 1370 1357 -1 1357 1370 1366 -1 1357 1366 1355 -1 1359 1371 1361 -1 1371 1359 1364 -1 1354 1362 1349 -1 1362 1354 1369 -1 1364 1372 1373 -1 1372 1364 1365 -1 1365 1364 1363 -1 1374 1347 1349 -1 1347 1374 1360 -1 1375 1360 1374 -1 1360 1375 1365 -1 1376 1365 1375 -1 1365 1376 1372 -1 1349 1361 1374 -1 1361 1349 1362 -1 1374 1371 1375 -1 1371 1374 1361 -1 1375 1377 1376 -1 1377 1375 1371 -1 1364 1377 1371 -1 1377 1364 1373 -1 1372 1377 1373 -1 1377 1372 1376 -1 1348 1366 1370 -1 1366 1348 1350 -1 1368 1348 1370 -1 1348 1368 1353 -1 1351 1366 1350 -1 1366 1351 1367 -1 1354 1368 1369 -1 1368 1354 1353 -1 1351 1355 1367 -1 1355 1351 1352 -1 1378 1379 1380 -1 1380 1381 1378 -1 1381 1382 1378 -1 1382 1383 1378 -1 1382 1384 1383 -1 1379 1385 1386 -1 1386 1387 1379 -1 1386 1388 1387 -1 1386 1389 1388 -1 1387 1380 1379 -1 1389 1390 1388 -1 1390 1391 1388 -1 1390 1392 1391 -1 1390 1393 1392 -1 1389 1394 1390 -1 1394 1395 1390 -1 1394 1396 1395 -1 1394 1397 1396 -1 1389 1398 1394 -1 1389 1399 1398 -1 1389 1400 1399 -1 1389 1401 1400 -1 1389 1402 1403 -1 1403 1404 1389 -1 1404 1401 1389 -1 1403 1402 1405 -1 1405 1406 1403 -1 1399 1400 1407 -1 1407 1408 1399 -1 1409 1398 1399 -1 1399 1408 1409 -1 1410 1394 1398 -1 1398 1409 1410 -1 1397 1394 1410 -1 1410 1411 1397 -1 1396 1397 1411 -1 1411 1412 1396 -1 1413 1395 1396 -1 1396 1412 1413 -1 1414 1390 1395 -1 1395 1413 1414 -1 1393 1390 1414 -1 1414 1415 1393 -1 1392 1393 1415 -1 1415 1416 1392 -1 1417 1391 1392 -1 1392 1416 1417 -1 1418 1388 1391 -1 1391 1417 1418 -1 1387 1388 1418 -1 1418 1419 1387 -1 1380 1387 1419 -1 1419 1420 1380 -1 1421 1381 1380 -1 1380 1420 1421 -1 1422 1382 1381 -1 1381 1421 1422 -1 1384 1382 1422 -1 1422 1423 1384 -1 1383 1384 1423 -1 1423 1424 1383 -1 1378 1383 1424 -1 1424 1425 1378 -1 1426 1379 1378 -1 1378 1425 1426 -1 1427 1385 1379 -1 1379 1426 1427 -1 1427 1406 1405 -1 1405 1386 1427 -1 1386 1385 1427 -1 1400 1401 1404 -1 1404 1407 1400 -1 1406 1427 1419 -1 1419 1418 1406 -1 1418 1403 1406 -1 1427 1426 1419 -1 1418 1414 1403 -1 1418 1417 1414 -1 1417 1416 1414 -1 1414 1410 1403 -1 1414 1413 1410 -1 1413 1412 1410 -1 1410 1409 1403 -1 1409 1408 1403 -1 1408 1407 1403 -1 1407 1404 1403 -1 1411 1410 1412 -1 1415 1414 1416 -1 1426 1425 1420 -1 1420 1419 1426 -1 1425 1421 1420 -1 1425 1422 1421 -1 1425 1424 1422 -1 1424 1423 1422 -1 1386 1405 1402 -1 1402 1389 1386 -1 1428 1429 1430 -1 1429 1428 1431 -1 1431 1428 1432 -1 1432 1428 1433 -1 1432 1433 1434 -1 1430 1435 1436 -1 1435 1430 1437 -1 1435 1437 1438 -1 1435 1438 1439 -1 1437 1430 1429 -1 1439 1438 1440 -1 1440 1438 1441 -1 1440 1441 1442 -1 1440 1442 1443 -1 1439 1440 1444 -1 1444 1440 1445 -1 1444 1445 1446 -1 1444 1446 1447 -1 1439 1444 1448 -1 1439 1448 1449 -1 1439 1449 1450 -1 1439 1450 1451 -1 1439 1452 1453 -1 1452 1439 1454 -1 1454 1439 1451 -1 1452 1455 1453 -1 1455 1452 1456 -1 1449 1457 1450 -1 1457 1449 1458 -1 1459 1449 1448 -1 1449 1459 1458 -1 1460 1448 1444 -1 1448 1460 1459 -1 1447 1460 1444 -1 1460 1447 1461 -1 1446 1461 1447 -1 1461 1446 1462 -1 1463 1446 1445 -1 1446 1463 1462 -1 1464 1445 1440 -1 1445 1464 1463 -1 1443 1464 1440 -1 1464 1443 1465 -1 1442 1465 1443 -1 1465 1442 1466 -1 1467 1442 1441 -1 1442 1467 1466 -1 1468 1441 1438 -1 1441 1468 1467 -1 1437 1468 1438 -1 1468 1437 1469 -1 1429 1469 1437 -1 1469 1429 1470 -1 1471 1429 1431 -1 1429 1471 1470 -1 1472 1431 1432 -1 1431 1472 1471 -1 1434 1472 1432 -1 1472 1434 1473 -1 1433 1473 1434 -1 1473 1433 1474 -1 1428 1474 1433 -1 1474 1428 1475 -1 1476 1428 1430 -1 1428 1476 1475 -1 1477 1430 1436 -1 1430 1477 1476 -1 1477 1455 1456 -1 1455 1477 1435 -1 1435 1477 1436 -1 1450 1454 1451 -1 1454 1450 1457 -1 1456 1469 1477 -1 1469 1456 1468 -1 1468 1456 1452 -1 1477 1469 1476 -1 1468 1452 1464 -1 1468 1464 1467 -1 1467 1464 1466 -1 1464 1452 1460 -1 1464 1460 1463 -1 1463 1460 1462 -1 1460 1452 1459 -1 1459 1452 1458 -1 1458 1452 1457 -1 1457 1452 1454 -1 1461 1462 1460 -1 1465 1466 1464 -1 1476 1470 1475 -1 1470 1476 1469 -1 1475 1470 1471 -1 1475 1471 1472 -1 1475 1472 1474 -1 1474 1472 1473 -1 1435 1453 1455 -1 1453 1435 1439 -1 1478 1479 1480 -1 1480 1481 1478 -1 1482 1483 1484 -1 1484 1485 1482 -1 1486 1487 1488 -1 1488 1489 1486 -1 1488 1490 1489 -1 1490 1491 1489 -1 1481 1492 1489 -1 1489 1491 1481 -1 1491 1493 1481 -1 1493 1478 1481 -1 1493 1494 1478 -1 1494 1495 1478 -1 1495 1496 1478 -1 1495 1497 1496 -1 1497 1495 1498 -1 1498 1499 1497 -1 1500 1501 1502 -1 1502 1503 1500 -1 1504 1505 1506 -1 1506 1507 1504 -1 1508 1509 1499 -1 1499 1498 1508 -1 1510 1511 1512 -1 1512 1513 1510 -1 1514 1515 1516 -1 1516 1517 1514 -1 1504 1518 1519 -1 1519 1505 1504 -1 1519 1520 1505 -1 1519 1521 1520 -1 1506 1522 1523 -1 1523 1507 1506 -1 1524 1525 1526 -1 1526 1527 1524 -1 1510 1524 1527 -1 1527 1511 1510 -1 1525 1528 1529 -1 1529 1526 1525 -1 1528 1530 1531 -1 1531 1529 1528 -1 1517 1516 1532 -1 1532 1533 1517 -1 1534 1535 1536 -1 1536 1537 1534 -1 1521 1512 1538 -1 1538 1539 1521 -1 1539 1540 1521 -1 1540 1520 1521 -1 1529 1531 1479 -1 1479 1541 1529 -1 1479 1542 1541 -1 1479 1543 1542 -1 1479 1478 1543 -1 1541 1526 1529 -1 1541 1527 1526 -1 1541 1544 1527 -1 1544 1511 1527 -1 1544 1512 1511 -1 1544 1538 1512 -1 1478 1545 1543 -1 1478 1546 1545 -1 1478 1547 1546 -1 1478 1496 1547 -1 1536 1515 1514 -1 1514 1537 1536 -1 1492 1548 1549 -1 1549 1489 1492 -1 1549 1548 1535 -1 1535 1534 1549 -1 1522 1509 1508 -1 1508 1523 1522 -1 1513 1512 1521 -1 1521 1519 1513 -1 1500 1503 1550 -1 1550 1551 1500 -1 1551 1552 1500 -1 1552 1553 1500 -1 1554 1483 1482 -1 1482 1555 1554 -1 1555 1556 1554 -1 1555 1557 1556 -1 1555 1558 1557 -1 1555 1491 1558 -1 1556 1559 1554 -1 1556 1560 1559 -1 1560 1561 1559 -1 1560 1503 1561 -1 1560 1550 1503 -1 1491 1562 1558 -1 1491 1563 1562 -1 1491 1564 1563 -1 1491 1490 1564 -1 1525 1530 1528 -1 1565 1530 1566 -1 1566 1493 1565 -1 1530 1567 1566 -1 1530 1568 1567 -1 1530 1525 1568 -1 1525 1524 1568 -1 1524 1569 1568 -1 1524 1510 1569 -1 1510 1513 1569 -1 1566 1570 1493 -1 1570 1571 1493 -1 1571 1572 1493 -1 1572 1494 1493 -1 1513 1519 1573 -1 1573 1569 1513 -1 1519 1574 1573 -1 1519 1575 1574 -1 1519 1518 1575 -1 1576 1577 1566 -1 1566 1567 1576 -1 1578 1576 1567 -1 1567 1568 1578 -1 1578 1568 1569 -1 1569 1579 1578 -1 1579 1569 1573 -1 1573 1580 1579 -1 1580 1573 1574 -1 1574 1581 1580 -1 1582 1581 1574 -1 1574 1575 1582 -1 1504 1582 1575 -1 1575 1518 1504 -1 1578 1579 1580 -1 1580 1581 1578 -1 1581 1576 1578 -1 1581 1582 1576 -1 1582 1577 1576 -1 1582 1504 1577 -1 1504 1583 1577 -1 1504 1507 1583 -1 1507 1584 1583 -1 1507 1523 1584 -1 1523 1585 1584 -1 1523 1508 1585 -1 1508 1495 1585 -1 1508 1498 1495 -1 1572 1585 1495 -1 1495 1494 1572 -1 1491 1555 1565 -1 1565 1493 1491 -1 1584 1585 1572 -1 1572 1571 1584 -1 1566 1577 1583 -1 1583 1570 1566 -1 1557 1586 1587 -1 1587 1556 1557 -1 1587 1588 1560 -1 1560 1556 1587 -1 1583 1584 1571 -1 1571 1570 1583 -1 1589 1590 1588 -1 1588 1587 1589 -1 1587 1591 1589 -1 1587 1586 1591 -1 1586 1592 1591 -1 1586 1593 1592 -1 1593 1594 1592 -1 1593 1595 1594 -1 1595 1596 1594 -1 1595 1597 1596 -1 1597 1598 1596 -1 1597 1599 1598 -1 1599 1487 1598 -1 1599 1488 1487 -1 1488 1599 1564 -1 1564 1490 1488 -1 1564 1599 1597 -1 1597 1563 1564 -1 1563 1597 1595 -1 1595 1562 1563 -1 1558 1593 1586 -1 1586 1557 1558 -1 1595 1593 1558 -1 1558 1562 1595 -1 1588 1590 1550 -1 1550 1560 1588 -1 1590 1589 1551 -1 1551 1550 1590 -1 1551 1589 1591 -1 1591 1552 1551 -1 1552 1591 1592 -1 1592 1553 1552 -1 1600 1601 1602 -1 1602 1603 1600 -1 1604 1605 1601 -1 1601 1600 1604 -1 1606 1605 1604 -1 1604 1607 1606 -1 1533 1608 1607 -1 1607 1604 1533 -1 1604 1517 1533 -1 1604 1600 1517 -1 1600 1514 1517 -1 1600 1603 1514 -1 1603 1537 1514 -1 1603 1609 1537 -1 1609 1534 1537 -1 1609 1610 1534 -1 1610 1549 1534 -1 1610 1611 1549 -1 1611 1489 1549 -1 1611 1486 1489 -1 1532 1612 1608 -1 1608 1533 1532 -1 1612 1606 1607 -1 1607 1608 1612 -1 1482 1485 1480 -1 1480 1555 1482 -1 1480 1479 1555 -1 1479 1565 1555 -1 1479 1530 1565 -1 1479 1531 1530 -1 1502 1613 1561 -1 1561 1503 1502 -1 1540 1539 1614 -1 1614 1615 1540 -1 1559 1561 1613 -1 1613 1616 1559 -1 1602 1501 1592 -1 1592 1603 1602 -1 1501 1500 1553 -1 1553 1592 1501 -1 1598 1611 1610 -1 1610 1596 1598 -1 1480 1485 1515 -1 1515 1481 1480 -1 1485 1516 1515 -1 1485 1532 1516 -1 1485 1484 1532 -1 1484 1617 1532 -1 1617 1616 1532 -1 1616 1612 1532 -1 1616 1613 1612 -1 1613 1502 1612 -1 1515 1536 1481 -1 1536 1535 1481 -1 1535 1548 1481 -1 1548 1492 1481 -1 1502 1501 1606 -1 1606 1612 1502 -1 1501 1605 1606 -1 1501 1601 1605 -1 1501 1602 1601 -1 1483 1554 1617 -1 1617 1484 1483 -1 1609 1603 1592 -1 1592 1594 1609 -1 1486 1611 1598 -1 1598 1487 1486 -1 1596 1610 1609 -1 1609 1594 1596 -1 1554 1559 1616 -1 1616 1617 1554 -1 1614 1618 1619 -1 1619 1620 1614 -1 1620 1615 1614 -1 1620 1621 1615 -1 1621 1505 1615 -1 1621 1622 1505 -1 1622 1506 1505 -1 1622 1623 1506 -1 1623 1522 1506 -1 1623 1624 1522 -1 1624 1509 1522 -1 1624 1625 1509 -1 1625 1499 1509 -1 1625 1497 1499 -1 1622 1543 1545 -1 1545 1623 1622 -1 1520 1540 1615 -1 1615 1505 1520 -1 1625 1547 1496 -1 1496 1497 1625 -1 1546 1547 1625 -1 1625 1624 1546 -1 1541 1542 1621 -1 1621 1620 1541 -1 1542 1543 1622 -1 1622 1621 1542 -1 1538 1618 1614 -1 1614 1539 1538 -1 1544 1619 1618 -1 1618 1538 1544 -1 1545 1546 1624 -1 1624 1623 1545 -1 1541 1620 1619 -1 1619 1544 1541 -1 1626 1627 1628 -1 1627 1626 1629 -1 1630 1626 1631 -1 1626 1630 1632 -1 1626 1632 1629 -1 1629 1632 1633 -1 1633 1632 1634 -1 1634 1632 1635 -1 1636 1631 1626 -1 1637 1626 1628 -1 1626 1637 1636 -1 1631 1637 1638 -1 1637 1631 1636 -1 1639 1640 1641 -1 1640 1639 1635 -1 1641 1642 1643 -1 1642 1641 1640 -1 1644 1645 1646 -1 1645 1644 1647 -1 1645 1647 1642 -1 1645 1642 1640 -1 1644 1648 1649 -1 1648 1644 1650 -1 1646 1650 1644 -1 1650 1646 1651 -1 1646 1632 1630 -1 1632 1646 1645 -1 1632 1645 1640 -1 1632 1640 1635 -1 1643 1648 1650 -1 1648 1643 1652 -1 1653 1627 1654 -1 1627 1653 1639 -1 1637 1655 1638 -1 1655 1637 1628 -1 1655 1628 1639 -1 1639 1628 1627 -1 1633 1653 1654 -1 1653 1633 1634 -1 1641 1650 1651 -1 1650 1641 1643 -1 1643 1656 1652 -1 1656 1643 1642 -1 1630 1651 1646 -1 1651 1630 1655 -1 1656 1648 1652 -1 1648 1656 1649 -1 1639 1651 1655 -1 1651 1639 1641 -1 1631 1655 1630 -1 1655 1631 1638 -1 1653 1635 1639 -1 1635 1653 1634 -1 1649 1647 1644 -1 1647 1649 1656 -1 1647 1656 1642 -1 1633 1627 1629 -1 1627 1633 1654 -1 1657 1658 1659 -1 1658 1657 1660 -1 1661 1657 1662 -1 1657 1661 1663 -1 1657 1663 1660 -1 1660 1663 1664 -1 1664 1663 1665 -1 1665 1663 1666 -1 1667 1662 1657 -1 1668 1657 1659 -1 1657 1668 1667 -1 1662 1668 1669 -1 1668 1662 1667 -1 1670 1671 1672 -1 1671 1670 1666 -1 1672 1673 1674 -1 1673 1672 1671 -1 1675 1676 1677 -1 1676 1675 1678 -1 1676 1678 1673 -1 1676 1673 1671 -1 1675 1679 1680 -1 1679 1675 1681 -1 1677 1681 1675 -1 1681 1677 1682 -1 1677 1663 1661 -1 1663 1677 1676 -1 1663 1676 1671 -1 1663 1671 1666 -1 1674 1679 1681 -1 1679 1674 1683 -1 1684 1658 1685 -1 1658 1684 1670 -1 1668 1686 1669 -1 1686 1668 1659 -1 1686 1659 1670 -1 1670 1659 1658 -1 1664 1684 1685 -1 1684 1664 1665 -1 1672 1681 1682 -1 1681 1672 1674 -1 1674 1687 1683 -1 1687 1674 1673 -1 1661 1682 1677 -1 1682 1661 1686 -1 1687 1679 1683 -1 1679 1687 1680 -1 1670 1682 1686 -1 1682 1670 1672 -1 1662 1686 1661 -1 1686 1662 1669 -1 1684 1666 1670 -1 1666 1684 1665 -1 1680 1678 1675 -1 1678 1680 1687 -1 1678 1687 1673 -1 1664 1658 1660 -1 1658 1664 1685 -1 1688 1689 1690 -1 1689 1688 1691 -1 1692 1693 1694 -1 1693 1692 1695 -1 1696 1697 1698 -1 1697 1696 1699 -1 1693 1700 1694 -1 1700 1693 1701 -1 1698 1702 1703 -1 1702 1698 1697 -1 1702 1697 1704 -1 1704 1697 1705 -1 1705 1697 1706 -1 1707 1703 1702 -1 1708 1709 1710 -1 1711 1696 1712 -1 1696 1711 1713 -1 1696 1713 1699 -1 1699 1713 1709 -1 1699 1709 1708 -1 1714 1688 1715 -1 1688 1714 1691 -1 1716 1717 1718 -1 1717 1716 1719 -1 1718 1720 1721 -1 1720 1718 1717 -1 1722 1717 1719 -1 1717 1722 1723 -1 1723 1720 1717 -1 1720 1723 1724 -1 1724 1725 1720 -1 1725 1724 1726 -1 1724 1727 1726 -1 1727 1724 1728 -1 1722 1729 1723 -1 1729 1722 1730 -1 1723 1728 1724 -1 1728 1723 1729 -1 1731 1711 1712 -1 1711 1731 1732 -1 1721 1725 1733 -1 1725 1721 1720 -1 1734 1693 1695 -1 1693 1734 1701 -1 1701 1734 1709 -1 1709 1734 1710 -1 1711 1700 1713 -1 1700 1692 1694 -1 1692 1700 1732 -1 1732 1700 1711 -1 1702 1714 1715 -1 1714 1702 1704 -1 1700 1709 1713 -1 1709 1700 1701 -1 1735 1688 1690 -1 1688 1735 1715 -1 1715 1735 1702 -1 1702 1735 1707 -1 1705 1714 1704 -1 1714 1689 1691 -1 1689 1714 1736 -1 1736 1714 1705 -1 1722 1697 1730 -1 1697 1722 1737 -1 1697 1737 1706 -1 1730 1699 1738 -1 1699 1730 1697 -1 1738 1699 1708 -1 1721 1739 1718 -1 1739 1721 1740 -1 1739 1740 1728 -1 1739 1728 1729 -1 1727 1725 1726 -1 1725 1727 1733 -1 1718 1741 1716 -1 1741 1718 1739 -1 1741 1739 1729 -1 1741 1729 1730 -1 1733 1740 1721 -1 1740 1733 1727 -1 1740 1727 1728 -1 1716 1696 1719 -1 1696 1716 1731 -1 1696 1731 1712 -1 1719 1698 1742 -1 1698 1719 1696 -1 1742 1698 1703 -1 1737 1689 1736 -1 1735 1719 1742 -1 1719 1735 1690 -1 1719 1690 1722 -1 1722 1690 1689 -1 1722 1689 1737 -1 1716 1692 1731 -1 1692 1716 1741 -1 1692 1741 1695 -1 1695 1741 1734 -1 1734 1741 1738 -1 1738 1741 1730 -1 1732 1731 1692 -1 1705 1737 1736 -1 1737 1705 1706 -1 1734 1708 1710 -1 1708 1734 1738 -1 1703 1735 1742 -1 1735 1703 1707 -1 1743 1744 1745 -1 1744 1743 1746 -1 1747 1748 1749 -1 1748 1747 1750 -1 1751 1752 1753 -1 1752 1751 1754 -1 1750 1755 1748 -1 1755 1750 1756 -1 1755 1756 1757 -1 1757 1756 1745 -1 1757 1745 1758 -1 1758 1745 1744 -1 1758 1744 1752 -1 1752 1744 1759 -1 1752 1759 1753 -1 1753 1759 1760 -1 1753 1760 1761 -1 1761 1760 1762 -1 1763 1753 1761 -1 1753 1763 1751 -1 1749 1755 1764 -1 1755 1749 1748 -1 1765 1757 1758 -1 1757 1765 1766 -1 1767 1745 1756 -1 1745 1767 1743 -1 1754 1758 1752 -1 1758 1754 1765 -1 1764 1747 1749 -1 1747 1764 1766 -1 1747 1766 1767 -1 1767 1766 1743 -1 1743 1766 1765 -1 1743 1765 1754 -1 1743 1754 1746 -1 1746 1754 1751 -1 1746 1751 1768 -1 1768 1751 1769 -1 1769 1751 1763 -1 1769 1763 1770 -1 1760 1770 1762 -1 1770 1760 1769 -1 1768 1760 1759 -1 1760 1768 1769 -1 1762 1763 1761 -1 1763 1762 1770 -1 1746 1759 1744 -1 1759 1746 1768 -1 1747 1756 1750 -1 1756 1747 1767 -1 1766 1755 1757 -1 1755 1766 1764 -1 1771 1772 1773 -1 1772 1771 1774 -1 1775 1776 1777 -1 1776 1775 1778 -1 1779 1771 1780 -1 1771 1779 1774 -1 1774 1779 1781 -1 1778 1782 1776 -1 1782 1778 1783 -1 1784 1777 1785 -1 1777 1784 1775 -1 1786 1787 1788 -1 1787 1786 1789 -1 1784 1790 1781 -1 1790 1784 1787 -1 1790 1787 1789 -1 1781 1791 1774 -1 1791 1781 1790 -1 1774 1791 1772 -1 1772 1792 1773 -1 1792 1772 1791 -1 1792 1790 1793 -1 1790 1792 1791 -1 1794 1782 1795 -1 1782 1794 1776 -1 1794 1796 1797 -1 1796 1794 1798 -1 1796 1798 1799 -1 1796 1799 1800 -1 1797 1776 1794 -1 1776 1797 1777 -1 1790 1786 1793 -1 1786 1790 1789 -1 1797 1779 1780 -1 1779 1797 1796 -1 1779 1796 1800 -1 1779 1800 1781 -1 1775 1799 1778 -1 1799 1775 1800 -1 1784 1800 1775 -1 1800 1784 1781 -1 1795 1798 1794 -1 1798 1795 1801 -1 1798 1801 1799 -1 1780 1792 1785 -1 1792 1780 1771 -1 1792 1771 1773 -1 1785 1793 1788 -1 1793 1785 1792 -1 1788 1793 1786 -1 1801 1782 1783 -1 1782 1801 1795 -1 1780 1777 1797 -1 1777 1780 1785 -1 1787 1785 1788 -1 1785 1787 1784 -1 1778 1801 1783 -1 1801 1778 1799 -1 1802 1803 1748 -1 1803 1802 1804 -1 1748 1805 1806 -1 1805 1748 1803 -1 1802 1807 1808 -1 1807 1802 1748 -1 1806 1807 1748 -1 1809 1810 1811 -1 1810 1809 1812 -1 1805 1807 1806 -1 1807 1805 1810 -1 1810 1805 1811 -1 1811 1805 1813 -1 1813 1805 1814 -1 1814 1805 1815 -1 1815 1805 1816 -1 1816 1805 1817 -1 1818 1815 1816 -1 1815 1818 1819 -1 1817 1818 1816 -1 1818 1817 1820 -1 1819 1814 1815 -1 1814 1819 1821 -1 1812 1807 1810 -1 1807 1812 1808 -1 1822 1811 1813 -1 1811 1822 1809 -1 1812 1802 1808 -1 1802 1812 1804 -1 1804 1812 1809 -1 1804 1809 1822 -1 1804 1822 1821 -1 1804 1821 1819 -1 1804 1819 1818 -1 1804 1818 1820 -1 1805 1820 1817 -1 1820 1805 1803 -1 1804 1820 1803 -1 1814 1822 1813 -1 1822 1814 1821 -1 1823 1824 1825 -1 1824 1823 1826 -1 1827 1828 1829 -1 1828 1827 1830 -1 1831 1829 1832 -1 1829 1831 1827 -1 1826 1831 1832 -1 1831 1826 1823 -1 1833 1834 1835 -1 1834 1833 1836 -1 1835 1837 1838 -1 1837 1835 1834 -1 1839 1840 1841 -1 1840 1839 1842 -1 1834 1843 1844 -1 1843 1834 1836 -1 1837 1844 1845 -1 1844 1837 1834 -1 1840 1846 1847 -1 1846 1840 1842 -1 1837 1848 1849 -1 1848 1837 1845 -1 1841 1850 1851 -1 1850 1841 1840 -1 1838 1849 1852 -1 1849 1838 1837 -1 1851 1839 1841 -1 1839 1851 1853 -1 1853 1851 1854 -1 1855 1836 1833 -1 1836 1855 1856 -1 1857 1858 1859 -1 1858 1857 1860 -1 1860 1861 1858 -1 1861 1860 1862 -1 1863 1860 1857 -1 1860 1863 1864 -1 1865 1866 1867 -1 1866 1865 1868 -1 1867 1869 1870 -1 1869 1867 1866 -1 1840 1871 1850 -1 1871 1840 1847 -1 1836 1872 1843 -1 1872 1836 1856 -1 1847 1872 1856 -1 1872 1847 1846 -1 1855 1847 1856 -1 1847 1855 1871 -1 1873 1829 1828 -1 1829 1873 1874 -1 1829 1874 1875 -1 1829 1875 1832 -1 1832 1824 1826 -1 1824 1832 1876 -1 1876 1832 1877 -1 1877 1832 1875 -1 1877 1875 1878 -1 1877 1878 1879 -1 1879 1878 1880 -1 1879 1880 1881 -1 1881 1880 1855 -1 1855 1880 1854 -1 1855 1854 1871 -1 1871 1854 1850 -1 1850 1854 1851 -1 1835 1882 1833 -1 1882 1835 1883 -1 1883 1835 1838 -1 1883 1838 1869 -1 1869 1838 1852 -1 1869 1852 1884 -1 1884 1870 1869 -1 1870 1884 1885 -1 1881 1886 1887 -1 1886 1881 1833 -1 1833 1881 1855 -1 1886 1833 1882 -1 1887 1886 1863 -1 1887 1863 1857 -1 1887 1857 1859 -1 1866 1888 1889 -1 1888 1866 1868 -1 1890 1854 1880 -1 1854 1890 1853 -1 1884 1848 1891 -1 1848 1884 1852 -1 1848 1852 1849 -1 1830 1873 1828 -1 1873 1830 1892 -1 1893 1881 1887 -1 1881 1893 1894 -1 1881 1895 1879 -1 1895 1881 1894 -1 1896 1823 1825 -1 1823 1896 1831 -1 1831 1896 1897 -1 1831 1897 1827 -1 1827 1892 1830 -1 1892 1827 1898 -1 1898 1827 1899 -1 1899 1827 1897 -1 1899 1897 1895 -1 1899 1895 1900 -1 1900 1895 1894 -1 1900 1894 1890 -1 1890 1894 1901 -1 1901 1894 1893 -1 1890 1901 1843 -1 1901 1893 1902 -1 1902 1893 1862 -1 1862 1893 1861 -1 1843 1903 1844 -1 1903 1843 1901 -1 1844 1903 1888 -1 1844 1888 1868 -1 1844 1868 1845 -1 1845 1868 1865 -1 1845 1865 1891 -1 1891 1865 1904 -1 1848 1845 1891 -1 1890 1872 1853 -1 1872 1890 1843 -1 1853 1872 1846 -1 1853 1846 1842 -1 1853 1842 1839 -1 1825 1876 1896 -1 1876 1825 1824 -1 1896 1877 1897 -1 1877 1896 1876 -1 1887 1861 1893 -1 1861 1887 1859 -1 1861 1859 1858 -1 1899 1874 1898 -1 1874 1899 1875 -1 1897 1879 1895 -1 1879 1897 1877 -1 1885 1891 1904 -1 1891 1885 1884 -1 1870 1865 1867 -1 1865 1870 1904 -1 1904 1870 1885 -1 1900 1875 1899 -1 1875 1900 1878 -1 1900 1880 1878 -1 1880 1900 1890 -1 1898 1873 1892 -1 1873 1898 1874 -1 1886 1864 1863 -1 1864 1886 1905 -1 1860 1902 1862 -1 1902 1860 1864 -1 1882 1905 1886 -1 1905 1882 1906 -1 1864 1901 1902 -1 1901 1864 1905 -1 1882 1889 1906 -1 1889 1882 1883 -1 1889 1903 1906 -1 1903 1889 1888 -1 1905 1903 1901 -1 1903 1905 1906 -1 1866 1883 1869 -1 1883 1866 1889 -1 1907 1908 1909 -1 1908 1907 1910 -1 1911 1912 1913 -1 1912 1911 1914 -1 1915 1907 1916 -1 1907 1915 1910 -1 1910 1915 1917 -1 1914 1918 1912 -1 1918 1914 1919 -1 1920 1913 1921 -1 1913 1920 1911 -1 1922 1923 1924 -1 1923 1922 1925 -1 1920 1926 1917 -1 1926 1920 1923 -1 1926 1923 1925 -1 1917 1927 1910 -1 1927 1917 1926 -1 1910 1927 1908 -1 1908 1928 1909 -1 1928 1908 1927 -1 1928 1926 1929 -1 1926 1928 1927 -1 1930 1918 1931 -1 1918 1930 1912 -1 1930 1932 1933 -1 1932 1930 1934 -1 1932 1934 1935 -1 1932 1935 1936 -1 1933 1912 1930 -1 1912 1933 1913 -1 1926 1922 1929 -1 1922 1926 1925 -1 1933 1915 1916 -1 1915 1933 1932 -1 1915 1932 1936 -1 1915 1936 1917 -1 1911 1935 1914 -1 1935 1911 1936 -1 1920 1936 1911 -1 1936 1920 1917 -1 1931 1934 1930 -1 1934 1931 1937 -1 1934 1937 1935 -1 1916 1928 1921 -1 1928 1916 1907 -1 1928 1907 1909 -1 1921 1929 1924 -1 1929 1921 1928 -1 1924 1929 1922 -1 1937 1918 1919 -1 1918 1937 1931 -1 1916 1913 1933 -1 1913 1916 1921 -1 1923 1921 1924 -1 1921 1923 1920 -1 1914 1937 1919 -1 1937 1914 1935 -1 1938 1939 1940 -1 1939 1938 1941 -1 1942 1943 1944 -1 1943 1942 1945 -1 1946 1938 1947 -1 1938 1946 1941 -1 1941 1946 1948 -1 1945 1949 1943 -1 1949 1945 1950 -1 1951 1944 1952 -1 1944 1951 1942 -1 1953 1954 1955 -1 1954 1953 1956 -1 1951 1957 1948 -1 1957 1951 1954 -1 1957 1954 1956 -1 1948 1958 1941 -1 1958 1948 1957 -1 1941 1958 1939 -1 1939 1959 1940 -1 1959 1939 1958 -1 1959 1957 1960 -1 1957 1959 1958 -1 1961 1949 1962 -1 1949 1961 1943 -1 1961 1963 1964 -1 1963 1961 1965 -1 1963 1965 1966 -1 1963 1966 1967 -1 1964 1943 1961 -1 1943 1964 1944 -1 1957 1953 1960 -1 1953 1957 1956 -1 1964 1946 1947 -1 1946 1964 1963 -1 1946 1963 1967 -1 1946 1967 1948 -1 1942 1966 1945 -1 1966 1942 1967 -1 1951 1967 1942 -1 1967 1951 1948 -1 1962 1965 1961 -1 1965 1962 1968 -1 1965 1968 1966 -1 1947 1959 1952 -1 1959 1947 1938 -1 1959 1938 1940 -1 1952 1960 1955 -1 1960 1952 1959 -1 1955 1960 1953 -1 1968 1949 1950 -1 1949 1968 1962 -1 1947 1944 1964 -1 1944 1947 1952 -1 1954 1952 1955 -1 1952 1954 1951 -1 1945 1968 1950 -1 1968 1945 1966 -1 1969 1970 1971 -1 1970 1969 1972 -1 1973 1974 1975 -1 1974 1973 1976 -1 1977 1969 1978 -1 1969 1977 1972 -1 1972 1977 1979 -1 1976 1980 1974 -1 1980 1976 1981 -1 1982 1975 1983 -1 1975 1982 1973 -1 1984 1985 1986 -1 1985 1984 1987 -1 1982 1988 1979 -1 1988 1982 1985 -1 1988 1985 1987 -1 1979 1989 1972 -1 1989 1979 1988 -1 1972 1989 1970 -1 1970 1990 1971 -1 1990 1970 1989 -1 1990 1988 1991 -1 1988 1990 1989 -1 1992 1980 1993 -1 1980 1992 1974 -1 1992 1994 1995 -1 1994 1992 1996 -1 1994 1996 1997 -1 1994 1997 1998 -1 1995 1974 1992 -1 1974 1995 1975 -1 1988 1984 1991 -1 1984 1988 1987 -1 1995 1977 1978 -1 1977 1995 1994 -1 1977 1994 1998 -1 1977 1998 1979 -1 1973 1997 1976 -1 1997 1973 1998 -1 1982 1998 1973 -1 1998 1982 1979 -1 1993 1996 1992 -1 1996 1993 1999 -1 1996 1999 1997 -1 1978 1990 1983 -1 1990 1978 1969 -1 1990 1969 1971 -1 1983 1991 1986 -1 1991 1983 1990 -1 1986 1991 1984 -1 1999 1980 1981 -1 1980 1999 1993 -1 1978 1975 1995 -1 1975 1978 1983 -1 1985 1983 1986 -1 1983 1985 1982 -1 1976 1999 1981 -1 1999 1976 1997 -1 2000 2001 2002 -1 2001 2000 2003 -1 2003 2004 2005 -1 2004 2003 2000 -1 2006 2007 2008 -1 2007 2006 2009 -1 2006 2010 2011 -1 2010 2006 2008 -1 2011 2005 2004 -1 2005 2011 2010 -1 2012 2013 2014 -1 2013 2012 2015 -1 2016 2017 2018 -1 2017 2016 2019 -1 2016 2020 2021 -1 2020 2016 2018 -1 2022 2016 2023 -1 2016 2022 2019 -1 2014 2019 2022 -1 2019 2014 2013 -1 2019 2024 2017 -1 2024 2019 2013 -1 2023 2021 2025 -1 2021 2023 2016 -1 2026 2027 2015 -1 2027 2026 2028 -1 2029 2030 2031 -1 2030 2029 2032 -1 2033 2026 2034 -1 2026 2033 2030 -1 2031 2033 2035 -1 2033 2031 2030 -1 2030 2028 2026 -1 2028 2030 2032 -1 2036 2037 2038 -1 2037 2036 2039 -1 2035 2029 2031 -1 2029 2035 2040 -1 2040 2035 2041 -1 2042 2008 2007 -1 2008 2042 2043 -1 2008 2043 2044 -1 2008 2044 2010 -1 2010 2044 2005 -1 2005 2001 2003 -1 2001 2005 2045 -1 2045 2005 2046 -1 2046 2005 2044 -1 2046 2044 2047 -1 2046 2047 2048 -1 2048 2047 2049 -1 2048 2049 2050 -1 2050 2049 2012 -1 2012 2049 2041 -1 2012 2041 2034 -1 2034 2041 2033 -1 2033 2041 2035 -1 2022 2051 2014 -1 2051 2022 2052 -1 2052 2022 2023 -1 2052 2023 2053 -1 2053 2023 2025 -1 2053 2025 2054 -1 2054 2025 2055 -1 2054 2055 2056 -1 2050 2057 2058 -1 2057 2050 2012 -1 2057 2012 2014 -1 2057 2014 2051 -1 2058 2057 2059 -1 2058 2059 2060 -1 2058 2060 2061 -1 2013 2027 2024 -1 2027 2013 2015 -1 2012 2026 2015 -1 2026 2012 2034 -1 2054 2036 2038 -1 2036 2054 2062 -1 2062 2054 2056 -1 2002 2045 2063 -1 2045 2002 2001 -1 2056 2064 2062 -1 2064 2056 2055 -1 2063 2000 2002 -1 2000 2063 2004 -1 2004 2063 2065 -1 2004 2065 2011 -1 2011 2065 2006 -1 2006 2066 2009 -1 2066 2006 2067 -1 2067 2006 2068 -1 2068 2006 2065 -1 2068 2065 2069 -1 2068 2069 2070 -1 2070 2069 2071 -1 2070 2071 2072 -1 2072 2071 2073 -1 2073 2071 2074 -1 2073 2074 2075 -1 2075 2074 2076 -1 2076 2074 2077 -1 2078 2024 2079 -1 2024 2078 2017 -1 2017 2078 2039 -1 2017 2039 2018 -1 2018 2039 2036 -1 2018 2036 2020 -1 2020 2036 2062 -1 2020 2062 2064 -1 2072 2027 2040 -1 2027 2072 2073 -1 2027 2073 2079 -1 2027 2079 2024 -1 2040 2027 2028 -1 2040 2028 2032 -1 2040 2032 2029 -1 2055 2020 2064 -1 2020 2055 2025 -1 2020 2025 2021 -1 2060 2080 2061 -1 2080 2060 2081 -1 2059 2081 2060 -1 2081 2059 2082 -1 2057 2082 2059 -1 2082 2057 2083 -1 2051 2083 2057 -1 2083 2051 2084 -1 2051 2085 2084 -1 2085 2051 2052 -1 2037 2052 2053 -1 2052 2037 2085 -1 2037 2078 2085 -1 2078 2037 2039 -1 2082 2073 2075 -1 2073 2082 2083 -1 2075 2081 2082 -1 2081 2075 2076 -1 2081 2077 2080 -1 2077 2081 2076 -1 2038 2053 2054 -1 2053 2038 2037 -1 2085 2079 2084 -1 2079 2085 2078 -1 2083 2079 2073 -1 2079 2083 2084 -1 2048 2065 2046 -1 2065 2048 2069 -1 2063 2046 2065 -1 2046 2063 2045 -1 2050 2069 2048 -1 2069 2050 2071 -1 2072 2041 2049 -1 2041 2072 2040 -1 2058 2077 2074 -1 2077 2058 2061 -1 2077 2061 2080 -1 2066 2007 2009 -1 2007 2066 2042 -1 2074 2050 2058 -1 2050 2074 2071 -1 2068 2043 2067 -1 2043 2068 2044 -1 2067 2042 2066 -1 2042 2067 2043 -1 2070 2049 2047 -1 2049 2070 2072 -1 2068 2047 2044 -1 2047 2068 2070 -1 2086 2087 2088 -1 2088 2089 2086 -1 2090 2091 2092 -1 2092 2093 2090 -1 2094 2095 2096 -1 2096 2097 2094 -1 2096 2098 2097 -1 2098 2099 2097 -1 2089 2100 2097 -1 2097 2099 2089 -1 2099 2101 2089 -1 2101 2086 2089 -1 2101 2102 2086 -1 2102 2103 2086 -1 2103 2104 2086 -1 2103 2105 2104 -1 2105 2103 2106 -1 2106 2107 2105 -1 2108 2109 2110 -1 2110 2111 2108 -1 2112 2113 2114 -1 2114 2115 2112 -1 2116 2117 2107 -1 2107 2106 2116 -1 2118 2119 2120 -1 2120 2121 2118 -1 2122 2123 2124 -1 2124 2125 2122 -1 2112 2126 2127 -1 2127 2113 2112 -1 2127 2128 2113 -1 2127 2129 2128 -1 2114 2130 2131 -1 2131 2115 2114 -1 2132 2133 2134 -1 2134 2135 2132 -1 2118 2132 2135 -1 2135 2119 2118 -1 2133 2136 2137 -1 2137 2134 2133 -1 2136 2138 2139 -1 2139 2137 2136 -1 2125 2124 2140 -1 2140 2141 2125 -1 2142 2143 2144 -1 2144 2145 2142 -1 2129 2120 2146 -1 2146 2147 2129 -1 2147 2148 2129 -1 2148 2128 2129 -1 2137 2139 2087 -1 2087 2149 2137 -1 2087 2150 2149 -1 2087 2151 2150 -1 2087 2086 2151 -1 2149 2134 2137 -1 2149 2135 2134 -1 2149 2152 2135 -1 2152 2119 2135 -1 2152 2120 2119 -1 2152 2146 2120 -1 2086 2153 2151 -1 2086 2154 2153 -1 2086 2155 2154 -1 2086 2104 2155 -1 2144 2123 2122 -1 2122 2145 2144 -1 2100 2156 2157 -1 2157 2097 2100 -1 2157 2156 2143 -1 2143 2142 2157 -1 2130 2117 2116 -1 2116 2131 2130 -1 2121 2120 2129 -1 2129 2127 2121 -1 2108 2111 2158 -1 2158 2159 2108 -1 2159 2160 2108 -1 2160 2161 2108 -1 2162 2091 2090 -1 2090 2163 2162 -1 2163 2164 2162 -1 2163 2165 2164 -1 2163 2166 2165 -1 2163 2099 2166 -1 2164 2167 2162 -1 2164 2168 2167 -1 2168 2169 2167 -1 2168 2111 2169 -1 2168 2158 2111 -1 2099 2170 2166 -1 2099 2171 2170 -1 2099 2172 2171 -1 2099 2098 2172 -1 2133 2138 2136 -1 2173 2138 2174 -1 2174 2101 2173 -1 2138 2175 2174 -1 2138 2176 2175 -1 2138 2133 2176 -1 2133 2132 2176 -1 2132 2177 2176 -1 2132 2118 2177 -1 2118 2121 2177 -1 2174 2178 2101 -1 2178 2179 2101 -1 2179 2180 2101 -1 2180 2102 2101 -1 2121 2127 2181 -1 2181 2177 2121 -1 2127 2182 2181 -1 2127 2183 2182 -1 2127 2126 2183 -1 2184 2185 2174 -1 2174 2175 2184 -1 2186 2184 2175 -1 2175 2176 2186 -1 2186 2176 2177 -1 2177 2187 2186 -1 2187 2177 2181 -1 2181 2188 2187 -1 2188 2181 2182 -1 2182 2189 2188 -1 2190 2189 2182 -1 2182 2183 2190 -1 2112 2190 2183 -1 2183 2126 2112 -1 2186 2187 2188 -1 2188 2189 2186 -1 2189 2184 2186 -1 2189 2190 2184 -1 2190 2185 2184 -1 2190 2112 2185 -1 2112 2191 2185 -1 2112 2115 2191 -1 2115 2192 2191 -1 2115 2131 2192 -1 2131 2193 2192 -1 2131 2116 2193 -1 2116 2103 2193 -1 2116 2106 2103 -1 2180 2193 2103 -1 2103 2102 2180 -1 2099 2163 2173 -1 2173 2101 2099 -1 2192 2193 2180 -1 2180 2179 2192 -1 2174 2185 2191 -1 2191 2178 2174 -1 2165 2194 2195 -1 2195 2164 2165 -1 2195 2196 2168 -1 2168 2164 2195 -1 2191 2192 2179 -1 2179 2178 2191 -1 2197 2198 2196 -1 2196 2195 2197 -1 2195 2199 2197 -1 2195 2194 2199 -1 2194 2200 2199 -1 2194 2201 2200 -1 2201 2202 2200 -1 2201 2203 2202 -1 2203 2204 2202 -1 2203 2205 2204 -1 2205 2206 2204 -1 2205 2207 2206 -1 2207 2095 2206 -1 2207 2096 2095 -1 2096 2207 2172 -1 2172 2098 2096 -1 2172 2207 2205 -1 2205 2171 2172 -1 2171 2205 2203 -1 2203 2170 2171 -1 2166 2201 2194 -1 2194 2165 2166 -1 2203 2201 2166 -1 2166 2170 2203 -1 2196 2198 2158 -1 2158 2168 2196 -1 2198 2197 2159 -1 2159 2158 2198 -1 2159 2197 2199 -1 2199 2160 2159 -1 2160 2199 2200 -1 2200 2161 2160 -1 2208 2209 2210 -1 2210 2211 2208 -1 2212 2213 2209 -1 2209 2208 2212 -1 2214 2213 2212 -1 2212 2215 2214 -1 2141 2216 2215 -1 2215 2212 2141 -1 2212 2125 2141 -1 2212 2208 2125 -1 2208 2122 2125 -1 2208 2211 2122 -1 2211 2145 2122 -1 2211 2217 2145 -1 2217 2142 2145 -1 2217 2218 2142 -1 2218 2157 2142 -1 2218 2219 2157 -1 2219 2097 2157 -1 2219 2094 2097 -1 2140 2220 2216 -1 2216 2141 2140 -1 2220 2214 2215 -1 2215 2216 2220 -1 2090 2093 2088 -1 2088 2163 2090 -1 2088 2087 2163 -1 2087 2173 2163 -1 2087 2138 2173 -1 2087 2139 2138 -1 2110 2221 2169 -1 2169 2111 2110 -1 2148 2147 2222 -1 2222 2223 2148 -1 2167 2169 2221 -1 2221 2224 2167 -1 2210 2109 2200 -1 2200 2211 2210 -1 2109 2108 2161 -1 2161 2200 2109 -1 2206 2219 2218 -1 2218 2204 2206 -1 2088 2093 2123 -1 2123 2089 2088 -1 2093 2124 2123 -1 2093 2140 2124 -1 2093 2092 2140 -1 2092 2225 2140 -1 2225 2224 2140 -1 2224 2220 2140 -1 2224 2221 2220 -1 2221 2110 2220 -1 2123 2144 2089 -1 2144 2143 2089 -1 2143 2156 2089 -1 2156 2100 2089 -1 2110 2109 2214 -1 2214 2220 2110 -1 2109 2213 2214 -1 2109 2209 2213 -1 2109 2210 2209 -1 2091 2162 2225 -1 2225 2092 2091 -1 2217 2211 2200 -1 2200 2202 2217 -1 2094 2219 2206 -1 2206 2095 2094 -1 2204 2218 2217 -1 2217 2202 2204 -1 2162 2167 2224 -1 2224 2225 2162 -1 2222 2226 2227 -1 2227 2228 2222 -1 2228 2223 2222 -1 2228 2229 2223 -1 2229 2113 2223 -1 2229 2230 2113 -1 2230 2114 2113 -1 2230 2231 2114 -1 2231 2130 2114 -1 2231 2232 2130 -1 2232 2117 2130 -1 2232 2233 2117 -1 2233 2107 2117 -1 2233 2105 2107 -1 2230 2151 2153 -1 2153 2231 2230 -1 2128 2148 2223 -1 2223 2113 2128 -1 2233 2155 2104 -1 2104 2105 2233 -1 2154 2155 2233 -1 2233 2232 2154 -1 2149 2150 2229 -1 2229 2228 2149 -1 2150 2151 2230 -1 2230 2229 2150 -1 2146 2226 2222 -1 2222 2147 2146 -1 2152 2227 2226 -1 2226 2146 2152 -1 2153 2154 2232 -1 2232 2231 2153 -1 2149 2228 2227 -1 2227 2152 2149 -1 2234 2235 2236 -1 2235 2234 2237 -1 2238 2234 2239 -1 2234 2238 2240 -1 2234 2240 2237 -1 2237 2240 2241 -1 2241 2240 2242 -1 2242 2240 2243 -1 2244 2239 2234 -1 2245 2234 2236 -1 2234 2245 2244 -1 2239 2245 2246 -1 2245 2239 2244 -1 2247 2248 2249 -1 2248 2247 2243 -1 2249 2250 2251 -1 2250 2249 2248 -1 2252 2253 2254 -1 2253 2252 2255 -1 2253 2255 2250 -1 2253 2250 2248 -1 2252 2256 2257 -1 2256 2252 2258 -1 2254 2258 2252 -1 2258 2254 2259 -1 2254 2240 2238 -1 2240 2254 2253 -1 2240 2253 2248 -1 2240 2248 2243 -1 2251 2256 2258 -1 2256 2251 2260 -1 2261 2235 2262 -1 2235 2261 2247 -1 2245 2263 2246 -1 2263 2245 2236 -1 2263 2236 2247 -1 2247 2236 2235 -1 2241 2261 2262 -1 2261 2241 2242 -1 2249 2258 2259 -1 2258 2249 2251 -1 2251 2264 2260 -1 2264 2251 2250 -1 2238 2259 2254 -1 2259 2238 2263 -1 2264 2256 2260 -1 2256 2264 2257 -1 2247 2259 2263 -1 2259 2247 2249 -1 2239 2263 2238 -1 2263 2239 2246 -1 2261 2243 2247 -1 2243 2261 2242 -1 2257 2255 2252 -1 2255 2257 2264 -1 2255 2264 2250 -1 2241 2235 2237 -1 2235 2241 2262 -1 2265 2266 2267 -1 2266 2265 2268 -1 2269 2265 2270 -1 2265 2269 2271 -1 2265 2271 2268 -1 2268 2271 2272 -1 2272 2271 2273 -1 2273 2271 2274 -1 2275 2270 2265 -1 2276 2265 2267 -1 2265 2276 2275 -1 2270 2276 2277 -1 2276 2270 2275 -1 2278 2279 2280 -1 2279 2278 2274 -1 2280 2281 2282 -1 2281 2280 2279 -1 2283 2284 2285 -1 2284 2283 2286 -1 2284 2286 2281 -1 2284 2281 2279 -1 2283 2287 2288 -1 2287 2283 2289 -1 2285 2289 2283 -1 2289 2285 2290 -1 2285 2271 2269 -1 2271 2285 2284 -1 2271 2284 2279 -1 2271 2279 2274 -1 2282 2287 2289 -1 2287 2282 2291 -1 2292 2266 2293 -1 2266 2292 2278 -1 2276 2294 2277 -1 2294 2276 2267 -1 2294 2267 2278 -1 2278 2267 2266 -1 2272 2292 2293 -1 2292 2272 2273 -1 2280 2289 2290 -1 2289 2280 2282 -1 2282 2295 2291 -1 2295 2282 2281 -1 2269 2290 2285 -1 2290 2269 2294 -1 2295 2287 2291 -1 2287 2295 2288 -1 2278 2290 2294 -1 2290 2278 2280 -1 2270 2294 2269 -1 2294 2270 2277 -1 2292 2274 2278 -1 2274 2292 2273 -1 2288 2286 2283 -1 2286 2288 2295 -1 2286 2295 2281 -1 2272 2266 2268 -1 2266 2272 2293 -1 2296 2297 2298 -1 2297 2296 2299 -1 2300 2301 2302 -1 2301 2300 2303 -1 2304 2305 2306 -1 2305 2304 2307 -1 2301 2308 2302 -1 2308 2301 2309 -1 2306 2310 2311 -1 2310 2306 2305 -1 2310 2305 2312 -1 2312 2305 2313 -1 2313 2305 2314 -1 2315 2311 2310 -1 2316 2317 2318 -1 2319 2304 2320 -1 2304 2319 2321 -1 2304 2321 2307 -1 2307 2321 2317 -1 2307 2317 2316 -1 2322 2296 2323 -1 2296 2322 2299 -1 2324 2325 2326 -1 2325 2324 2327 -1 2326 2328 2329 -1 2328 2326 2325 -1 2330 2325 2327 -1 2325 2330 2331 -1 2331 2328 2325 -1 2328 2331 2332 -1 2332 2333 2328 -1 2333 2332 2334 -1 2332 2335 2334 -1 2335 2332 2336 -1 2330 2337 2331 -1 2337 2330 2338 -1 2331 2336 2332 -1 2336 2331 2337 -1 2339 2319 2320 -1 2319 2339 2340 -1 2329 2333 2341 -1 2333 2329 2328 -1 2342 2301 2303 -1 2301 2342 2309 -1 2309 2342 2317 -1 2317 2342 2318 -1 2319 2308 2321 -1 2308 2300 2302 -1 2300 2308 2340 -1 2340 2308 2319 -1 2310 2322 2323 -1 2322 2310 2312 -1 2308 2317 2321 -1 2317 2308 2309 -1 2343 2296 2298 -1 2296 2343 2323 -1 2323 2343 2310 -1 2310 2343 2315 -1 2313 2322 2312 -1 2322 2297 2299 -1 2297 2322 2344 -1 2344 2322 2313 -1 2330 2305 2338 -1 2305 2330 2345 -1 2305 2345 2314 -1 2338 2307 2346 -1 2307 2338 2305 -1 2346 2307 2316 -1 2329 2347 2326 -1 2347 2329 2348 -1 2347 2348 2336 -1 2347 2336 2337 -1 2335 2333 2334 -1 2333 2335 2341 -1 2326 2349 2324 -1 2349 2326 2347 -1 2349 2347 2337 -1 2349 2337 2338 -1 2341 2348 2329 -1 2348 2341 2335 -1 2348 2335 2336 -1 2324 2304 2327 -1 2304 2324 2339 -1 2304 2339 2320 -1 2327 2306 2350 -1 2306 2327 2304 -1 2350 2306 2311 -1 2345 2297 2344 -1 2343 2327 2350 -1 2327 2343 2298 -1 2327 2298 2330 -1 2330 2298 2297 -1 2330 2297 2345 -1 2324 2300 2339 -1 2300 2324 2349 -1 2300 2349 2303 -1 2303 2349 2342 -1 2342 2349 2346 -1 2346 2349 2338 -1 2340 2339 2300 -1 2313 2345 2344 -1 2345 2313 2314 -1 2342 2316 2318 -1 2316 2342 2346 -1 2311 2343 2350 -1 2343 2311 2315 -1 2351 2352 2353 -1 2352 2351 2354 -1 2355 2356 2357 -1 2356 2355 2358 -1 2359 2360 2361 -1 2360 2359 2362 -1 2358 2363 2356 -1 2363 2358 2364 -1 2363 2364 2365 -1 2365 2364 2353 -1 2365 2353 2366 -1 2366 2353 2352 -1 2366 2352 2360 -1 2360 2352 2367 -1 2360 2367 2361 -1 2361 2367 2368 -1 2361 2368 2369 -1 2369 2368 2370 -1 2371 2361 2369 -1 2361 2371 2359 -1 2357 2363 2372 -1 2363 2357 2356 -1 2373 2365 2366 -1 2365 2373 2374 -1 2375 2353 2364 -1 2353 2375 2351 -1 2362 2366 2360 -1 2366 2362 2373 -1 2372 2355 2357 -1 2355 2372 2374 -1 2355 2374 2375 -1 2375 2374 2351 -1 2351 2374 2373 -1 2351 2373 2362 -1 2351 2362 2354 -1 2354 2362 2359 -1 2354 2359 2376 -1 2376 2359 2377 -1 2377 2359 2371 -1 2377 2371 2378 -1 2368 2378 2370 -1 2378 2368 2377 -1 2376 2368 2367 -1 2368 2376 2377 -1 2370 2371 2369 -1 2371 2370 2378 -1 2354 2367 2352 -1 2367 2354 2376 -1 2355 2364 2358 -1 2364 2355 2375 -1 2374 2363 2365 -1 2363 2374 2372 -1 2379 2380 2381 -1 2380 2379 2382 -1 2383 2384 2385 -1 2384 2383 2386 -1 2387 2379 2388 -1 2379 2387 2382 -1 2382 2387 2389 -1 2386 2390 2384 -1 2390 2386 2391 -1 2392 2385 2393 -1 2385 2392 2383 -1 2394 2395 2396 -1 2395 2394 2397 -1 2392 2398 2389 -1 2398 2392 2395 -1 2398 2395 2397 -1 2389 2399 2382 -1 2399 2389 2398 -1 2382 2399 2380 -1 2380 2400 2381 -1 2400 2380 2399 -1 2400 2398 2401 -1 2398 2400 2399 -1 2402 2390 2403 -1 2390 2402 2384 -1 2402 2404 2405 -1 2404 2402 2406 -1 2404 2406 2407 -1 2404 2407 2408 -1 2405 2384 2402 -1 2384 2405 2385 -1 2398 2394 2401 -1 2394 2398 2397 -1 2405 2387 2388 -1 2387 2405 2404 -1 2387 2404 2408 -1 2387 2408 2389 -1 2383 2407 2386 -1 2407 2383 2408 -1 2392 2408 2383 -1 2408 2392 2389 -1 2403 2406 2402 -1 2406 2403 2409 -1 2406 2409 2407 -1 2388 2400 2393 -1 2400 2388 2379 -1 2400 2379 2381 -1 2393 2401 2396 -1 2401 2393 2400 -1 2396 2401 2394 -1 2409 2390 2391 -1 2390 2409 2403 -1 2388 2385 2405 -1 2385 2388 2393 -1 2395 2393 2396 -1 2393 2395 2392 -1 2386 2409 2391 -1 2409 2386 2407 -1 2410 2411 2356 -1 2411 2410 2412 -1 2356 2413 2414 -1 2413 2356 2411 -1 2410 2415 2416 -1 2415 2410 2356 -1 2414 2415 2356 -1 2417 2418 2419 -1 2418 2417 2420 -1 2413 2415 2414 -1 2415 2413 2418 -1 2418 2413 2419 -1 2419 2413 2421 -1 2421 2413 2422 -1 2422 2413 2423 -1 2423 2413 2424 -1 2424 2413 2425 -1 2426 2423 2424 -1 2423 2426 2427 -1 2425 2426 2424 -1 2426 2425 2428 -1 2427 2422 2423 -1 2422 2427 2429 -1 2420 2415 2418 -1 2415 2420 2416 -1 2430 2419 2421 -1 2419 2430 2417 -1 2420 2410 2416 -1 2410 2420 2412 -1 2412 2420 2417 -1 2412 2417 2430 -1 2412 2430 2429 -1 2412 2429 2427 -1 2412 2427 2426 -1 2412 2426 2428 -1 2413 2428 2425 -1 2428 2413 2411 -1 2412 2428 2411 -1 2422 2430 2421 -1 2430 2422 2429 -1 2431 2432 2433 -1 2432 2431 2434 -1 2435 2436 2437 -1 2436 2435 2438 -1 2439 2437 2440 -1 2437 2439 2435 -1 2434 2439 2440 -1 2439 2434 2431 -1 2441 2442 2443 -1 2442 2441 2444 -1 2443 2445 2446 -1 2445 2443 2442 -1 2447 2448 2449 -1 2448 2447 2450 -1 2442 2451 2452 -1 2451 2442 2444 -1 2445 2452 2453 -1 2452 2445 2442 -1 2448 2454 2455 -1 2454 2448 2450 -1 2445 2456 2457 -1 2456 2445 2453 -1 2449 2458 2459 -1 2458 2449 2448 -1 2446 2457 2460 -1 2457 2446 2445 -1 2459 2447 2449 -1 2447 2459 2461 -1 2461 2459 2462 -1 2463 2444 2441 -1 2444 2463 2464 -1 2465 2466 2467 -1 2466 2465 2468 -1 2468 2469 2466 -1 2469 2468 2470 -1 2471 2468 2465 -1 2468 2471 2472 -1 2473 2474 2475 -1 2474 2473 2476 -1 2475 2477 2478 -1 2477 2475 2474 -1 2448 2479 2458 -1 2479 2448 2455 -1 2444 2480 2451 -1 2480 2444 2464 -1 2455 2480 2464 -1 2480 2455 2454 -1 2463 2455 2464 -1 2455 2463 2479 -1 2481 2437 2436 -1 2437 2481 2482 -1 2437 2482 2483 -1 2437 2483 2440 -1 2440 2432 2434 -1 2432 2440 2484 -1 2484 2440 2485 -1 2485 2440 2483 -1 2485 2483 2486 -1 2485 2486 2487 -1 2487 2486 2488 -1 2487 2488 2489 -1 2489 2488 2463 -1 2463 2488 2462 -1 2463 2462 2479 -1 2479 2462 2458 -1 2458 2462 2459 -1 2443 2490 2441 -1 2490 2443 2491 -1 2491 2443 2446 -1 2491 2446 2477 -1 2477 2446 2460 -1 2477 2460 2492 -1 2492 2478 2477 -1 2478 2492 2493 -1 2489 2494 2495 -1 2494 2489 2441 -1 2441 2489 2463 -1 2494 2441 2490 -1 2495 2494 2471 -1 2495 2471 2465 -1 2495 2465 2467 -1 2474 2496 2497 -1 2496 2474 2476 -1 2498 2462 2488 -1 2462 2498 2461 -1 2492 2456 2499 -1 2456 2492 2460 -1 2456 2460 2457 -1 2438 2481 2436 -1 2481 2438 2500 -1 2501 2489 2495 -1 2489 2501 2502 -1 2489 2503 2487 -1 2503 2489 2502 -1 2504 2431 2433 -1 2431 2504 2439 -1 2439 2504 2505 -1 2439 2505 2435 -1 2435 2500 2438 -1 2500 2435 2506 -1 2506 2435 2507 -1 2507 2435 2505 -1 2507 2505 2503 -1 2507 2503 2508 -1 2508 2503 2502 -1 2508 2502 2498 -1 2498 2502 2509 -1 2509 2502 2501 -1 2498 2509 2451 -1 2509 2501 2510 -1 2510 2501 2470 -1 2470 2501 2469 -1 2451 2511 2452 -1 2511 2451 2509 -1 2452 2511 2496 -1 2452 2496 2476 -1 2452 2476 2453 -1 2453 2476 2473 -1 2453 2473 2499 -1 2499 2473 2512 -1 2456 2453 2499 -1 2498 2480 2461 -1 2480 2498 2451 -1 2461 2480 2454 -1 2461 2454 2450 -1 2461 2450 2447 -1 2433 2484 2504 -1 2484 2433 2432 -1 2504 2485 2505 -1 2485 2504 2484 -1 2495 2469 2501 -1 2469 2495 2467 -1 2469 2467 2466 -1 2507 2482 2506 -1 2482 2507 2483 -1 2505 2487 2503 -1 2487 2505 2485 -1 2493 2499 2512 -1 2499 2493 2492 -1 2478 2473 2475 -1 2473 2478 2512 -1 2512 2478 2493 -1 2508 2483 2507 -1 2483 2508 2486 -1 2508 2488 2486 -1 2488 2508 2498 -1 2506 2481 2500 -1 2481 2506 2482 -1 2494 2472 2471 -1 2472 2494 2513 -1 2468 2510 2470 -1 2510 2468 2472 -1 2490 2513 2494 -1 2513 2490 2514 -1 2472 2509 2510 -1 2509 2472 2513 -1 2490 2497 2514 -1 2497 2490 2491 -1 2497 2511 2514 -1 2511 2497 2496 -1 2513 2511 2509 -1 2511 2513 2514 -1 2474 2491 2477 -1 2491 2474 2497 -1 2515 2516 2517 -1 2516 2515 2518 -1 2519 2520 2521 -1 2520 2519 2522 -1 2523 2515 2524 -1 2515 2523 2518 -1 2518 2523 2525 -1 2522 2526 2520 -1 2526 2522 2527 -1 2528 2521 2529 -1 2521 2528 2519 -1 2530 2531 2532 -1 2531 2530 2533 -1 2528 2534 2525 -1 2534 2528 2531 -1 2534 2531 2533 -1 2525 2535 2518 -1 2535 2525 2534 -1 2518 2535 2516 -1 2516 2536 2517 -1 2536 2516 2535 -1 2536 2534 2537 -1 2534 2536 2535 -1 2538 2526 2539 -1 2526 2538 2520 -1 2538 2540 2541 -1 2540 2538 2542 -1 2540 2542 2543 -1 2540 2543 2544 -1 2541 2520 2538 -1 2520 2541 2521 -1 2534 2530 2537 -1 2530 2534 2533 -1 2541 2523 2524 -1 2523 2541 2540 -1 2523 2540 2544 -1 2523 2544 2525 -1 2519 2543 2522 -1 2543 2519 2544 -1 2528 2544 2519 -1 2544 2528 2525 -1 2539 2542 2538 -1 2542 2539 2545 -1 2542 2545 2543 -1 2524 2536 2529 -1 2536 2524 2515 -1 2536 2515 2517 -1 2529 2537 2532 -1 2537 2529 2536 -1 2532 2537 2530 -1 2545 2526 2527 -1 2526 2545 2539 -1 2524 2521 2541 -1 2521 2524 2529 -1 2531 2529 2532 -1 2529 2531 2528 -1 2522 2545 2527 -1 2545 2522 2543 -1 2546 2547 2548 -1 2547 2546 2549 -1 2550 2551 2552 -1 2551 2550 2553 -1 2554 2546 2555 -1 2546 2554 2549 -1 2549 2554 2556 -1 2553 2557 2551 -1 2557 2553 2558 -1 2559 2552 2560 -1 2552 2559 2550 -1 2561 2562 2563 -1 2562 2561 2564 -1 2559 2565 2556 -1 2565 2559 2562 -1 2565 2562 2564 -1 2556 2566 2549 -1 2566 2556 2565 -1 2549 2566 2547 -1 2547 2567 2548 -1 2567 2547 2566 -1 2567 2565 2568 -1 2565 2567 2566 -1 2569 2557 2570 -1 2557 2569 2551 -1 2569 2571 2572 -1 2571 2569 2573 -1 2571 2573 2574 -1 2571 2574 2575 -1 2572 2551 2569 -1 2551 2572 2552 -1 2565 2561 2568 -1 2561 2565 2564 -1 2572 2554 2555 -1 2554 2572 2571 -1 2554 2571 2575 -1 2554 2575 2556 -1 2550 2574 2553 -1 2574 2550 2575 -1 2559 2575 2550 -1 2575 2559 2556 -1 2570 2573 2569 -1 2573 2570 2576 -1 2573 2576 2574 -1 2555 2567 2560 -1 2567 2555 2546 -1 2567 2546 2548 -1 2560 2568 2563 -1 2568 2560 2567 -1 2563 2568 2561 -1 2576 2557 2558 -1 2557 2576 2570 -1 2555 2552 2572 -1 2552 2555 2560 -1 2562 2560 2563 -1 2560 2562 2559 -1 2553 2576 2558 -1 2576 2553 2574 -1 2577 2578 2579 -1 2578 2577 2580 -1 2581 2582 2583 -1 2582 2581 2584 -1 2585 2577 2586 -1 2577 2585 2580 -1 2580 2585 2587 -1 2584 2588 2582 -1 2588 2584 2589 -1 2590 2583 2591 -1 2583 2590 2581 -1 2592 2593 2594 -1 2593 2592 2595 -1 2590 2596 2587 -1 2596 2590 2593 -1 2596 2593 2595 -1 2587 2597 2580 -1 2597 2587 2596 -1 2580 2597 2578 -1 2578 2598 2579 -1 2598 2578 2597 -1 2598 2596 2599 -1 2596 2598 2597 -1 2600 2588 2601 -1 2588 2600 2582 -1 2600 2602 2603 -1 2602 2600 2604 -1 2602 2604 2605 -1 2602 2605 2606 -1 2603 2582 2600 -1 2582 2603 2583 -1 2596 2592 2599 -1 2592 2596 2595 -1 2603 2585 2586 -1 2585 2603 2602 -1 2585 2602 2606 -1 2585 2606 2587 -1 2581 2605 2584 -1 2605 2581 2606 -1 2590 2606 2581 -1 2606 2590 2587 -1 2601 2604 2600 -1 2604 2601 2607 -1 2604 2607 2605 -1 2586 2598 2591 -1 2598 2586 2577 -1 2598 2577 2579 -1 2591 2599 2594 -1 2599 2591 2598 -1 2594 2599 2592 -1 2607 2588 2589 -1 2588 2607 2601 -1 2586 2583 2603 -1 2583 2586 2591 -1 2593 2591 2594 -1 2591 2593 2590 -1 2584 2607 2589 -1 2607 2584 2605 -1 2608 2609 2610 -1 2609 2608 2611 -1 2611 2612 2613 -1 2612 2611 2608 -1 2614 2615 2616 -1 2615 2614 2617 -1 2614 2618 2619 -1 2618 2614 2616 -1 2619 2613 2612 -1 2613 2619 2618 -1 2620 2621 2622 -1 2621 2620 2623 -1 2624 2625 2626 -1 2625 2624 2627 -1 2624 2628 2629 -1 2628 2624 2626 -1 2630 2624 2631 -1 2624 2630 2627 -1 2622 2627 2630 -1 2627 2622 2621 -1 2627 2632 2625 -1 2632 2627 2621 -1 2631 2629 2633 -1 2629 2631 2624 -1 2634 2635 2623 -1 2635 2634 2636 -1 2637 2638 2639 -1 2638 2637 2640 -1 2641 2634 2642 -1 2634 2641 2638 -1 2639 2641 2643 -1 2641 2639 2638 -1 2638 2636 2634 -1 2636 2638 2640 -1 2644 2645 2646 -1 2645 2644 2647 -1 2643 2637 2639 -1 2637 2643 2648 -1 2648 2643 2649 -1 2650 2616 2615 -1 2616 2650 2651 -1 2616 2651 2652 -1 2616 2652 2618 -1 2618 2652 2613 -1 2613 2609 2611 -1 2609 2613 2653 -1 2653 2613 2654 -1 2654 2613 2652 -1 2654 2652 2655 -1 2654 2655 2656 -1 2656 2655 2657 -1 2656 2657 2658 -1 2658 2657 2620 -1 2620 2657 2649 -1 2620 2649 2642 -1 2642 2649 2641 -1 2641 2649 2643 -1 2630 2659 2622 -1 2659 2630 2660 -1 2660 2630 2631 -1 2660 2631 2661 -1 2661 2631 2633 -1 2661 2633 2662 -1 2662 2633 2663 -1 2662 2663 2664 -1 2658 2665 2666 -1 2665 2658 2620 -1 2665 2620 2622 -1 2665 2622 2659 -1 2666 2665 2667 -1 2666 2667 2668 -1 2666 2668 2669 -1 2621 2635 2632 -1 2635 2621 2623 -1 2620 2634 2623 -1 2634 2620 2642 -1 2662 2644 2646 -1 2644 2662 2670 -1 2670 2662 2664 -1 2610 2653 2671 -1 2653 2610 2609 -1 2664 2672 2670 -1 2672 2664 2663 -1 2671 2608 2610 -1 2608 2671 2612 -1 2612 2671 2673 -1 2612 2673 2619 -1 2619 2673 2614 -1 2614 2674 2617 -1 2674 2614 2675 -1 2675 2614 2676 -1 2676 2614 2673 -1 2676 2673 2677 -1 2676 2677 2678 -1 2678 2677 2679 -1 2678 2679 2680 -1 2680 2679 2681 -1 2681 2679 2682 -1 2681 2682 2683 -1 2683 2682 2684 -1 2684 2682 2685 -1 2686 2632 2687 -1 2632 2686 2625 -1 2625 2686 2647 -1 2625 2647 2626 -1 2626 2647 2644 -1 2626 2644 2628 -1 2628 2644 2670 -1 2628 2670 2672 -1 2680 2635 2648 -1 2635 2680 2681 -1 2635 2681 2687 -1 2635 2687 2632 -1 2648 2635 2636 -1 2648 2636 2640 -1 2648 2640 2637 -1 2663 2628 2672 -1 2628 2663 2633 -1 2628 2633 2629 -1 2668 2688 2669 -1 2688 2668 2689 -1 2667 2689 2668 -1 2689 2667 2690 -1 2665 2690 2667 -1 2690 2665 2691 -1 2659 2691 2665 -1 2691 2659 2692 -1 2659 2693 2692 -1 2693 2659 2660 -1 2645 2660 2661 -1 2660 2645 2693 -1 2645 2686 2693 -1 2686 2645 2647 -1 2690 2681 2683 -1 2681 2690 2691 -1 2683 2689 2690 -1 2689 2683 2684 -1 2689 2685 2688 -1 2685 2689 2684 -1 2646 2661 2662 -1 2661 2646 2645 -1 2693 2687 2692 -1 2687 2693 2686 -1 2691 2687 2681 -1 2687 2691 2692 -1 2656 2673 2654 -1 2673 2656 2677 -1 2671 2654 2673 -1 2654 2671 2653 -1 2658 2677 2656 -1 2677 2658 2679 -1 2680 2649 2657 -1 2649 2680 2648 -1 2666 2685 2682 -1 2685 2666 2669 -1 2685 2669 2688 -1 2674 2615 2617 -1 2615 2674 2650 -1 2682 2658 2666 -1 2658 2682 2679 -1 2676 2651 2675 -1 2651 2676 2652 -1 2675 2650 2674 -1 2650 2675 2651 -1 2678 2657 2655 -1 2657 2678 2680 -1 2676 2655 2652 -1 2655 2676 2678 -1 2694 2695 2696 -1 2695 2694 2697 -1 2698 2699 2700 -1 2699 2698 2701 -1 2702 2698 2703 -1 2698 2702 2701 -1 2695 2704 2696 -1 2704 2695 2705 -1 2699 2706 2700 -1 2706 2699 2707 -1 2706 2697 2694 -1 2697 2706 2707 -1 2698 2704 2703 -1 2704 2698 2700 -1 2704 2700 2696 -1 2696 2700 2706 -1 2696 2706 2694 -1 2702 2704 2705 -1 2704 2702 2703 -1 2695 2702 2705 -1 2702 2695 2699 -1 2699 2695 2707 -1 2707 2695 2697 -1 2701 2702 2699 -1 2708 2709 2710 -1 2709 2708 2711 -1 2712 2713 2714 -1 2713 2712 2715 -1 2712 2716 2717 -1 2716 2712 2714 -1 2711 2717 2716 -1 2717 2711 2708 -1 2718 2708 2710 -1 2708 2718 2717 -1 2717 2718 2719 -1 2717 2719 2720 -1 2717 2720 2712 -1 2712 2721 2715 -1 2721 2712 2722 -1 2722 2712 2723 -1 2723 2712 2724 -1 2724 2712 2720 -1 2724 2720 2725 -1 2724 2725 2726 -1 2726 2725 2727 -1 2726 2727 2728 -1 2728 2727 2729 -1 2729 2727 2730 -1 2728 2729 2731 -1 2729 2730 2732 -1 2732 2730 2733 -1 2733 2730 2734 -1 2735 2736 2737 -1 2731 2738 2739 -1 2738 2731 2729 -1 2739 2738 2740 -1 2739 2740 2737 -1 2739 2737 2741 -1 2741 2737 2742 -1 2742 2737 2736 -1 2742 2736 2743 -1 2728 2744 2745 -1 2744 2728 2731 -1 2745 2744 2746 -1 2745 2746 2747 -1 2745 2747 2748 -1 2749 2742 2743 -1 2742 2749 2750 -1 2742 2750 2751 -1 2752 2743 2736 -1 2743 2752 2749 -1 2753 2751 2750 -1 2751 2753 2754 -1 2755 2744 2731 -1 2744 2755 2756 -1 2757 2758 2759 -1 2758 2757 2760 -1 2761 2762 2763 -1 2762 2761 2764 -1 2765 2731 2739 -1 2731 2765 2755 -1 2766 2755 2767 -1 2755 2766 2756 -1 2762 2734 2768 -1 2734 2762 2733 -1 2769 2770 2771 -1 2770 2769 2772 -1 2710 2773 2718 -1 2773 2710 2709 -1 2774 2737 2769 -1 2737 2774 2735 -1 2728 2775 2776 -1 2775 2728 2745 -1 2762 2777 2763 -1 2777 2762 2768 -1 2754 2742 2751 -1 2742 2754 2741 -1 2778 2764 2761 -1 2764 2778 2779 -1 2780 2758 2781 -1 2758 2780 2759 -1 2722 2782 2721 -1 2782 2722 2783 -1 2772 2738 2784 -1 2738 2772 2740 -1 2785 2772 2784 -1 2772 2785 2770 -1 2766 2781 2756 -1 2781 2766 2780 -1 2767 2765 2786 -1 2765 2767 2755 -1 2754 2739 2741 -1 2739 2754 2765 -1 2785 2779 2778 -1 2779 2785 2784 -1 2757 2748 2760 -1 2748 2757 2745 -1 2745 2757 2775 -1 2787 2728 2776 -1 2728 2787 2726 -1 2723 2783 2722 -1 2783 2723 2788 -1 2724 2788 2723 -1 2788 2724 2789 -1 2790 2734 2730 -1 2734 2790 2777 -1 2734 2777 2768 -1 2758 2746 2781 -1 2746 2758 2747 -1 2769 2740 2772 -1 2740 2769 2737 -1 2786 2754 2753 -1 2754 2786 2765 -1 2764 2729 2732 -1 2729 2764 2779 -1 2721 2713 2715 -1 2713 2721 2782 -1 2781 2744 2756 -1 2744 2781 2746 -1 2726 2789 2724 -1 2789 2726 2787 -1 2764 2733 2762 -1 2733 2764 2732 -1 2779 2738 2729 -1 2738 2779 2784 -1 2760 2747 2758 -1 2747 2760 2748 -1 2774 2771 2791 -1 2771 2774 2769 -1 2730 2792 2790 -1 2792 2730 2727 -1 2720 2793 2725 -1 2793 2720 2794 -1 2727 2793 2792 -1 2793 2727 2725 -1 2782 2714 2713 -1 2714 2782 2783 -1 2714 2783 2788 -1 2714 2788 2789 -1 2714 2789 2716 -1 2716 2709 2711 -1 2709 2716 2773 -1 2773 2716 2795 -1 2795 2716 2794 -1 2794 2716 2789 -1 2794 2789 2787 -1 2794 2787 2793 -1 2793 2787 2792 -1 2792 2787 2776 -1 2792 2776 2766 -1 2766 2776 2775 -1 2766 2775 2780 -1 2780 2775 2759 -1 2759 2775 2757 -1 2786 2785 2767 -1 2785 2786 2770 -1 2770 2786 2753 -1 2770 2753 2771 -1 2771 2753 2750 -1 2771 2750 2791 -1 2791 2750 2749 -1 2791 2749 2752 -1 2792 2778 2790 -1 2778 2792 2767 -1 2767 2792 2766 -1 2778 2767 2785 -1 2790 2778 2761 -1 2790 2761 2763 -1 2790 2763 2777 -1 2791 2735 2774 -1 2735 2791 2736 -1 2736 2791 2752 -1 2718 2795 2719 -1 2795 2718 2773 -1 2719 2794 2720 -1 2794 2719 2795 -1 2796 2797 2798 -1 2797 2796 2799 -1 2800 2801 2802 -1 2801 2800 2803 -1 2804 2805 2806 -1 2805 2804 2807 -1 2803 2808 2801 -1 2808 2803 2809 -1 2808 2809 2810 -1 2810 2809 2798 -1 2810 2798 2811 -1 2811 2798 2797 -1 2811 2797 2805 -1 2805 2797 2812 -1 2805 2812 2806 -1 2806 2812 2813 -1 2806 2813 2814 -1 2814 2813 2815 -1 2816 2806 2814 -1 2806 2816 2804 -1 2802 2808 2817 -1 2808 2802 2801 -1 2818 2810 2811 -1 2810 2818 2819 -1 2820 2798 2809 -1 2798 2820 2796 -1 2807 2811 2805 -1 2811 2807 2818 -1 2817 2800 2802 -1 2800 2817 2819 -1 2800 2819 2820 -1 2820 2819 2796 -1 2796 2819 2818 -1 2796 2818 2807 -1 2796 2807 2799 -1 2799 2807 2804 -1 2799 2804 2821 -1 2821 2804 2822 -1 2822 2804 2816 -1 2822 2816 2823 -1 2813 2823 2815 -1 2823 2813 2822 -1 2821 2813 2812 -1 2813 2821 2822 -1 2815 2816 2814 -1 2816 2815 2823 -1 2799 2812 2797 -1 2812 2799 2821 -1 2800 2809 2803 -1 2809 2800 2820 -1 2819 2808 2810 -1 2808 2819 2817 -1 2824 2825 2826 -1 2825 2824 2827 -1 2828 2829 2830 -1 2829 2828 2831 -1 2832 2833 2834 -1 2833 2832 2835 -1 2836 2835 2824 -1 2835 2836 2837 -1 2833 2838 2839 -1 2838 2833 2840 -1 2841 2842 2843 -1 2842 2841 2844 -1 2844 2841 2845 -1 2844 2845 2825 -1 2844 2825 2827 -1 2844 2827 2834 -1 2834 2827 2832 -1 2846 2847 2848 -1 2847 2846 2849 -1 2849 2846 2850 -1 2851 2849 2850 -1 2849 2836 2852 -1 2836 2849 2837 -1 2838 2851 2853 -1 2851 2838 2840 -1 2854 2855 2856 -1 2855 2854 2857 -1 2857 2854 2852 -1 2857 2852 2858 -1 2859 2860 2858 -1 2860 2859 2830 -1 2830 2859 2828 -1 2828 2859 2861 -1 2862 2841 2863 -1 2841 2862 2845 -1 2845 2862 2826 -1 2845 2826 2825 -1 2836 2858 2852 -1 2858 2836 2859 -1 2863 2843 2864 -1 2843 2863 2841 -1 2865 2866 2829 -1 2866 2865 2867 -1 2867 2865 2868 -1 2842 2839 2869 -1 2839 2842 2844 -1 2861 2863 2828 -1 2863 2861 2862 -1 2862 2861 2859 -1 2862 2859 2826 -1 2869 2838 2870 -1 2838 2869 2839 -1 2834 2839 2844 -1 2839 2834 2833 -1 2836 2826 2859 -1 2826 2836 2824 -1 2871 2846 2872 -1 2846 2871 2850 -1 2850 2871 2853 -1 2850 2853 2851 -1 2829 2873 2830 -1 2873 2866 2874 -1 2866 2873 2829 -1 2868 2872 2867 -1 2872 2868 2871 -1 2871 2868 2865 -1 2871 2865 2853 -1 2857 2875 2855 -1 2875 2857 2874 -1 2874 2857 2873 -1 2873 2857 2858 -1 2873 2858 2830 -1 2830 2858 2860 -1 2848 2854 2856 -1 2854 2848 2852 -1 2852 2848 2849 -1 2849 2848 2847 -1 2851 2837 2849 -1 2837 2851 2840 -1 2870 2853 2865 -1 2853 2870 2838 -1 2824 2832 2827 -1 2832 2824 2835 -1 2843 2869 2864 -1 2869 2843 2842 -1 2831 2865 2829 -1 2865 2831 2870 -1 2828 2864 2831 -1 2864 2828 2863 -1 2835 2840 2833 -1 2840 2835 2837 -1 2864 2870 2831 -1 2870 2864 2869 -1 2867 2874 2866 -1 2874 2867 2872 -1 2874 2872 2875 -1 2875 2872 2855 -1 2855 2872 2846 -1 2855 2846 2856 -1 2856 2846 2848 -1 2876 2877 2878 -1 2877 2876 2879 -1 2880 2881 2882 -1 2881 2880 2883 -1 2884 2876 2885 -1 2876 2884 2879 -1 2879 2884 2886 -1 2883 2887 2881 -1 2887 2883 2888 -1 2889 2882 2890 -1 2882 2889 2880 -1 2891 2892 2893 -1 2892 2891 2894 -1 2889 2895 2886 -1 2895 2889 2892 -1 2895 2892 2894 -1 2886 2896 2879 -1 2896 2886 2895 -1 2879 2896 2877 -1 2877 2897 2878 -1 2897 2877 2896 -1 2897 2895 2898 -1 2895 2897 2896 -1 2899 2887 2900 -1 2887 2899 2881 -1 2899 2901 2902 -1 2901 2899 2903 -1 2901 2903 2904 -1 2901 2904 2905 -1 2902 2881 2899 -1 2881 2902 2882 -1 2895 2891 2898 -1 2891 2895 2894 -1 2902 2884 2885 -1 2884 2902 2901 -1 2884 2901 2905 -1 2884 2905 2886 -1 2880 2904 2883 -1 2904 2880 2905 -1 2889 2905 2880 -1 2905 2889 2886 -1 2900 2903 2899 -1 2903 2900 2906 -1 2903 2906 2904 -1 2885 2897 2890 -1 2897 2885 2876 -1 2897 2876 2878 -1 2890 2898 2893 -1 2898 2890 2897 -1 2893 2898 2891 -1 2906 2887 2888 -1 2887 2906 2900 -1 2885 2882 2902 -1 2882 2885 2890 -1 2892 2890 2893 -1 2890 2892 2889 -1 2883 2906 2888 -1 2906 2883 2904 -1 2907 2908 2909 -1 2908 2907 2910 -1 2910 2907 2911 -1 2911 2907 2912 -1 2909 2913 2914 -1 2913 2909 2908 -1 2915 2916 2917 -1 2916 2912 2907 -1 2912 2916 2915 -1 2917 2918 2919 -1 2918 2907 2920 -1 2907 2918 2917 -1 2907 2917 2916 -1 2917 2921 2922 -1 2921 2917 2919 -1 2919 2923 2924 -1 2923 2920 2925 -1 2920 2923 2919 -1 2920 2919 2918 -1 2915 2926 2927 -1 2928 2922 2929 -1 2922 2928 2930 -1 2922 2930 2917 -1 2917 2930 2926 -1 2917 2926 2915 -1 2919 2931 2921 -1 2931 2919 2924 -1 2914 2922 2909 -1 2922 2914 2929 -1 2924 2932 2933 -1 2932 2924 2925 -1 2925 2924 2923 -1 2934 2907 2909 -1 2907 2934 2920 -1 2935 2920 2934 -1 2920 2935 2925 -1 2936 2925 2935 -1 2925 2936 2932 -1 2909 2921 2934 -1 2921 2909 2922 -1 2934 2931 2935 -1 2931 2934 2921 -1 2935 2937 2936 -1 2937 2935 2931 -1 2924 2937 2931 -1 2937 2924 2933 -1 2932 2937 2933 -1 2937 2932 2936 -1 2908 2926 2930 -1 2926 2908 2910 -1 2928 2908 2930 -1 2908 2928 2913 -1 2911 2926 2910 -1 2926 2911 2927 -1 2914 2928 2929 -1 2928 2914 2913 -1 2911 2915 2927 -1 2915 2911 2912 -1 2938 2939 2940 -1 2939 2938 2941 -1 2939 2941 2942 -1 2939 2942 2943 -1 2939 2943 2944 -1 2939 2944 2945 -1 2939 2945 2946 -1 2939 2946 2947 -1 2941 2948 2949 -1 2948 2941 2938 -1 2950 2942 2951 -1 2942 2950 2943 -1 2952 2947 2946 -1 2947 2952 2953 -1 2953 2939 2947 -1 2939 2953 2954 -1 2955 2943 2950 -1 2943 2955 2944 -1 2942 2949 2951 -1 2949 2942 2941 -1 2940 2948 2938 -1 2948 2940 2956 -1 2957 2944 2955 -1 2944 2957 2945 -1 2946 2957 2952 -1 2957 2946 2945 -1 2956 2939 2954 -1 2939 2956 2940 -1 2954 2948 2956 -1 2948 2954 2949 -1 2949 2954 2951 -1 2951 2954 2950 -1 2950 2954 2955 -1 2955 2954 2957 -1 2957 2954 2952 -1 2952 2954 2953 -1 2958 2959 2960 -1 2959 2958 2961 -1 2962 2963 2964 -1 2963 2962 2965 -1 2966 2958 2967 -1 2958 2966 2961 -1 2961 2966 2968 -1 2965 2969 2963 -1 2969 2965 2970 -1 2971 2964 2972 -1 2964 2971 2962 -1 2973 2974 2975 -1 2974 2973 2976 -1 2971 2977 2968 -1 2977 2971 2974 -1 2977 2974 2976 -1 2968 2978 2961 -1 2978 2968 2977 -1 2961 2978 2959 -1 2959 2979 2960 -1 2979 2959 2978 -1 2979 2977 2980 -1 2977 2979 2978 -1 2981 2969 2982 -1 2969 2981 2963 -1 2981 2983 2984 -1 2983 2981 2985 -1 2983 2985 2986 -1 2983 2986 2987 -1 2984 2963 2981 -1 2963 2984 2964 -1 2977 2973 2980 -1 2973 2977 2976 -1 2984 2966 2967 -1 2966 2984 2983 -1 2966 2983 2987 -1 2966 2987 2968 -1 2962 2986 2965 -1 2986 2962 2987 -1 2971 2987 2962 -1 2987 2971 2968 -1 2982 2985 2981 -1 2985 2982 2988 -1 2985 2988 2986 -1 2967 2979 2972 -1 2979 2967 2958 -1 2979 2958 2960 -1 2972 2980 2975 -1 2980 2972 2979 -1 2975 2980 2973 -1 2988 2969 2970 -1 2969 2988 2982 -1 2967 2964 2984 -1 2964 2967 2972 -1 2974 2972 2975 -1 2972 2974 2971 -1 2965 2988 2970 -1 2988 2965 2986 -1 2989 2990 2991 -1 2990 2989 2992 -1 2992 2989 2993 -1 2993 2989 2994 -1 2991 2995 2996 -1 2995 2991 2990 -1 2997 2998 2999 -1 2998 2994 2989 -1 2994 2998 2997 -1 2999 3000 3001 -1 3000 2989 3002 -1 2989 3000 2999 -1 2989 2999 2998 -1 2999 3003 3004 -1 3003 2999 3001 -1 3001 3005 3006 -1 3005 3002 3007 -1 3002 3005 3001 -1 3002 3001 3000 -1 2997 3008 3009 -1 3010 3004 3011 -1 3004 3010 3012 -1 3004 3012 2999 -1 2999 3012 3008 -1 2999 3008 2997 -1 3001 3013 3003 -1 3013 3001 3006 -1 2996 3004 2991 -1 3004 2996 3011 -1 3006 3014 3015 -1 3014 3006 3007 -1 3007 3006 3005 -1 3016 2989 2991 -1 2989 3016 3002 -1 3017 3002 3016 -1 3002 3017 3007 -1 3018 3007 3017 -1 3007 3018 3014 -1 2991 3003 3016 -1 3003 2991 3004 -1 3016 3013 3017 -1 3013 3016 3003 -1 3017 3019 3018 -1 3019 3017 3013 -1 3006 3019 3013 -1 3019 3006 3015 -1 3014 3019 3015 -1 3019 3014 3018 -1 2990 3008 3012 -1 3008 2990 2992 -1 3010 2990 3012 -1 2990 3010 2995 -1 2993 3008 2992 -1 3008 2993 3009 -1 2996 3010 3011 -1 3010 2996 2995 -1 2993 2997 3009 -1 2997 2993 2994 -1 3020 3021 3022 -1 3022 3023 3020 -1 3023 3024 3020 -1 3024 3025 3020 -1 3024 3026 3025 -1 3021 3027 3028 -1 3028 3029 3021 -1 3028 3030 3029 -1 3028 3031 3030 -1 3029 3022 3021 -1 3031 3032 3030 -1 3032 3033 3030 -1 3032 3034 3033 -1 3032 3035 3034 -1 3031 3036 3032 -1 3036 3037 3032 -1 3036 3038 3037 -1 3036 3039 3038 -1 3031 3040 3036 -1 3031 3041 3040 -1 3031 3042 3041 -1 3031 3043 3042 -1 3031 3044 3045 -1 3045 3046 3031 -1 3046 3043 3031 -1 3045 3044 3047 -1 3047 3048 3045 -1 3041 3042 3049 -1 3049 3050 3041 -1 3051 3040 3041 -1 3041 3050 3051 -1 3052 3036 3040 -1 3040 3051 3052 -1 3039 3036 3052 -1 3052 3053 3039 -1 3038 3039 3053 -1 3053 3054 3038 -1 3055 3037 3038 -1 3038 3054 3055 -1 3056 3032 3037 -1 3037 3055 3056 -1 3035 3032 3056 -1 3056 3057 3035 -1 3034 3035 3057 -1 3057 3058 3034 -1 3059 3033 3034 -1 3034 3058 3059 -1 3060 3030 3033 -1 3033 3059 3060 -1 3029 3030 3060 -1 3060 3061 3029 -1 3022 3029 3061 -1 3061 3062 3022 -1 3063 3023 3022 -1 3022 3062 3063 -1 3064 3024 3023 -1 3023 3063 3064 -1 3026 3024 3064 -1 3064 3065 3026 -1 3025 3026 3065 -1 3065 3066 3025 -1 3020 3025 3066 -1 3066 3067 3020 -1 3068 3021 3020 -1 3020 3067 3068 -1 3069 3027 3021 -1 3021 3068 3069 -1 3069 3048 3047 -1 3047 3028 3069 -1 3028 3027 3069 -1 3042 3043 3046 -1 3046 3049 3042 -1 3048 3069 3061 -1 3061 3060 3048 -1 3060 3045 3048 -1 3069 3068 3061 -1 3060 3056 3045 -1 3060 3059 3056 -1 3059 3058 3056 -1 3056 3052 3045 -1 3056 3055 3052 -1 3055 3054 3052 -1 3052 3051 3045 -1 3051 3050 3045 -1 3050 3049 3045 -1 3049 3046 3045 -1 3053 3052 3054 -1 3057 3056 3058 -1 3068 3067 3062 -1 3062 3061 3068 -1 3067 3063 3062 -1 3067 3064 3063 -1 3067 3066 3064 -1 3066 3065 3064 -1 3028 3047 3044 -1 3044 3031 3028 -1 3070 3071 3072 -1 3071 3070 3073 -1 3073 3070 3074 -1 3074 3070 3075 -1 3074 3075 3076 -1 3072 3077 3078 -1 3077 3072 3079 -1 3077 3079 3080 -1 3077 3080 3081 -1 3079 3072 3071 -1 3081 3080 3082 -1 3082 3080 3083 -1 3082 3083 3084 -1 3082 3084 3085 -1 3081 3082 3086 -1 3086 3082 3087 -1 3086 3087 3088 -1 3086 3088 3089 -1 3081 3086 3090 -1 3081 3090 3091 -1 3081 3091 3092 -1 3081 3092 3093 -1 3081 3094 3095 -1 3094 3081 3096 -1 3096 3081 3093 -1 3094 3097 3095 -1 3097 3094 3098 -1 3091 3099 3092 -1 3099 3091 3100 -1 3101 3091 3090 -1 3091 3101 3100 -1 3102 3090 3086 -1 3090 3102 3101 -1 3089 3102 3086 -1 3102 3089 3103 -1 3088 3103 3089 -1 3103 3088 3104 -1 3105 3088 3087 -1 3088 3105 3104 -1 3106 3087 3082 -1 3087 3106 3105 -1 3085 3106 3082 -1 3106 3085 3107 -1 3084 3107 3085 -1 3107 3084 3108 -1 3109 3084 3083 -1 3084 3109 3108 -1 3110 3083 3080 -1 3083 3110 3109 -1 3079 3110 3080 -1 3110 3079 3111 -1 3071 3111 3079 -1 3111 3071 3112 -1 3113 3071 3073 -1 3071 3113 3112 -1 3114 3073 3074 -1 3073 3114 3113 -1 3076 3114 3074 -1 3114 3076 3115 -1 3075 3115 3076 -1 3115 3075 3116 -1 3070 3116 3075 -1 3116 3070 3117 -1 3118 3070 3072 -1 3070 3118 3117 -1 3119 3072 3078 -1 3072 3119 3118 -1 3119 3097 3098 -1 3097 3119 3077 -1 3077 3119 3078 -1 3092 3096 3093 -1 3096 3092 3099 -1 3098 3111 3119 -1 3111 3098 3110 -1 3110 3098 3094 -1 3119 3111 3118 -1 3110 3094 3106 -1 3110 3106 3109 -1 3109 3106 3108 -1 3106 3094 3102 -1 3106 3102 3105 -1 3105 3102 3104 -1 3102 3094 3101 -1 3101 3094 3100 -1 3100 3094 3099 -1 3099 3094 3096 -1 3103 3104 3102 -1 3107 3108 3106 -1 3118 3112 3117 -1 3112 3118 3111 -1 3117 3112 3113 -1 3117 3113 3114 -1 3117 3114 3116 -1 3116 3114 3115 -1 3077 3095 3097 -1 3095 3077 3081 -1 3120 3121 3122 -1 3121 3120 3123 -1 3124 3125 3126 -1 3125 3124 3127 -1 3128 3129 3130 -1 3129 3128 3131 -1 3127 3132 3125 -1 3132 3127 3133 -1 3132 3133 3134 -1 3134 3133 3122 -1 3134 3122 3135 -1 3135 3122 3121 -1 3135 3121 3129 -1 3129 3121 3136 -1 3129 3136 3130 -1 3130 3136 3137 -1 3130 3137 3138 -1 3138 3137 3139 -1 3140 3130 3138 -1 3130 3140 3128 -1 3126 3132 3141 -1 3132 3126 3125 -1 3142 3134 3135 -1 3134 3142 3143 -1 3144 3122 3133 -1 3122 3144 3120 -1 3131 3135 3129 -1 3135 3131 3142 -1 3141 3124 3126 -1 3124 3141 3143 -1 3124 3143 3144 -1 3144 3143 3142 -1 3144 3142 3120 -1 3120 3142 3131 -1 3120 3131 3123 -1 3123 3131 3128 -1 3123 3128 3145 -1 3145 3128 3146 -1 3146 3128 3140 -1 3146 3140 3147 -1 3137 3147 3139 -1 3147 3137 3146 -1 3145 3137 3136 -1 3137 3145 3146 -1 3139 3140 3138 -1 3140 3139 3147 -1 3123 3136 3121 -1 3136 3123 3145 -1 3124 3133 3127 -1 3133 3124 3144 -1 3143 3132 3134 -1 3132 3143 3141 -1 3148 3149 3150 -1 3149 3148 3151 -1 3152 3153 3154 -1 3153 3152 3155 -1 3149 3152 3154 -1 3152 3149 3151 -1 3153 3156 3157 -1 3156 3153 3155 -1 3158 3159 3160 -1 3159 3158 3161 -1 3159 3161 3162 -1 3162 3161 3163 -1 3163 3161 3164 -1 3165 3160 3159 -1 3166 3167 3168 -1 3167 3166 3161 -1 3161 3166 3164 -1 3168 3169 3170 -1 3169 3168 3171 -1 3171 3168 3161 -1 3161 3168 3167 -1 3168 3172 3173 -1 3172 3168 3170 -1 3170 3174 3175 -1 3174 3170 3176 -1 3176 3170 3171 -1 3171 3170 3169 -1 3166 3156 3177 -1 3178 3173 3179 -1 3173 3178 3157 -1 3173 3157 3168 -1 3168 3157 3156 -1 3168 3156 3166 -1 3170 3180 3172 -1 3180 3170 3175 -1 3160 3173 3158 -1 3173 3160 3179 -1 3175 3181 3182 -1 3181 3175 3176 -1 3176 3175 3174 -1 3183 3161 3158 -1 3161 3183 3171 -1 3184 3171 3183 -1 3171 3184 3176 -1 3185 3176 3184 -1 3176 3185 3181 -1 3158 3172 3183 -1 3172 3158 3173 -1 3183 3180 3184 -1 3180 3183 3172 -1 3184 3186 3185 -1 3186 3184 3180 -1 3175 3186 3180 -1 3186 3175 3182 -1 3181 3186 3182 -1 3186 3181 3185 -1 3159 3148 3150 -1 3148 3159 3162 -1 3178 3153 3157 -1 3153 3178 3154 -1 3154 3178 3149 -1 3149 3159 3150 -1 3159 3149 3165 -1 3165 3149 3178 -1 3163 3148 3162 -1 3148 3163 3151 -1 3151 3163 3152 -1 3152 3156 3155 -1 3156 3152 3177 -1 3177 3152 3163 -1 3160 3178 3179 -1 3178 3160 3165 -1 3163 3166 3177 -1 3166 3163 3164 -1 3187 3188 3189 -1 3188 3187 3190 -1 3191 3192 3193 -1 3192 3191 3194 -1 3187 3191 3190 -1 3191 3187 3194 -1 3193 3195 3196 -1 3195 3193 3192 -1 3197 3198 3199 -1 3198 3197 3200 -1 3201 3188 3202 -1 3188 3201 3189 -1 3203 3204 3205 -1 3204 3203 3206 -1 3196 3191 3193 -1 3188 3197 3202 -1 3197 3188 3190 -1 3197 3190 3200 -1 3200 3190 3191 -1 3200 3191 3196 -1 3207 3208 3209 -1 3208 3207 3210 -1 3209 3211 3212 -1 3211 3209 3208 -1 3213 3214 3215 -1 3214 3213 3216 -1 3214 3216 3208 -1 3208 3216 3211 -1 3213 3217 3218 -1 3217 3213 3219 -1 3215 3219 3213 -1 3219 3215 3220 -1 3215 3221 3222 -1 3221 3215 3214 -1 3221 3214 3208 -1 3221 3208 3210 -1 3212 3217 3219 -1 3217 3212 3223 -1 3198 3224 3199 -1 3224 3198 3207 -1 3205 3187 3201 -1 3187 3205 3204 -1 3187 3204 3194 -1 3194 3204 3192 -1 3192 3204 3195 -1 3189 3201 3187 -1 3209 3219 3220 -1 3219 3209 3212 -1 3212 3225 3223 -1 3225 3212 3211 -1 3222 3220 3215 -1 3220 3222 3224 -1 3225 3217 3223 -1 3217 3225 3218 -1 3207 3220 3224 -1 3220 3207 3209 -1 3222 3201 3224 -1 3201 3222 3203 -1 3201 3203 3205 -1 3224 3202 3199 -1 3202 3224 3201 -1 3199 3202 3197 -1 3221 3203 3222 -1 3203 3221 3206 -1 3206 3221 3210 -1 3207 3196 3210 -1 3196 3207 3198 -1 3196 3198 3200 -1 3210 3195 3206 -1 3195 3210 3196 -1 3206 3195 3204 -1 3218 3216 3213 -1 3216 3218 3225 -1 3216 3225 3211 -1 3226 3227 3228 -1 3227 3226 3229 -1 3230 3231 3232 -1 3231 3230 3233 -1 3234 3226 3235 -1 3226 3234 3229 -1 3229 3234 3236 -1 3233 3237 3231 -1 3237 3233 3238 -1 3239 3232 3240 -1 3232 3239 3230 -1 3241 3242 3243 -1 3242 3241 3244 -1 3239 3245 3236 -1 3245 3239 3242 -1 3245 3242 3244 -1 3236 3246 3229 -1 3246 3236 3245 -1 3229 3246 3227 -1 3227 3247 3228 -1 3247 3227 3246 -1 3247 3245 3248 -1 3245 3247 3246 -1 3249 3237 3250 -1 3237 3249 3231 -1 3249 3251 3252 -1 3251 3249 3253 -1 3251 3253 3254 -1 3251 3254 3255 -1 3252 3231 3249 -1 3231 3252 3232 -1 3245 3241 3248 -1 3241 3245 3244 -1 3252 3234 3235 -1 3234 3252 3251 -1 3234 3251 3255 -1 3234 3255 3236 -1 3230 3254 3233 -1 3254 3230 3255 -1 3239 3255 3230 -1 3255 3239 3236 -1 3250 3253 3249 -1 3253 3250 3256 -1 3253 3256 3254 -1 3235 3247 3240 -1 3247 3235 3226 -1 3247 3226 3228 -1 3240 3248 3243 -1 3248 3240 3247 -1 3243 3248 3241 -1 3256 3237 3238 -1 3237 3256 3250 -1 3235 3232 3252 -1 3232 3235 3240 -1 3242 3240 3243 -1 3240 3242 3239 -1 3233 3256 3238 -1 3256 3233 3254 -1 3257 3258 3259 -1 3258 3257 3260 -1 3261 3262 3263 -1 3262 3261 3264 -1 3258 3261 3263 -1 3261 3258 3260 -1 3262 3265 3266 -1 3265 3262 3264 -1 3267 3268 3269 -1 3268 3267 3270 -1 3268 3270 3271 -1 3271 3270 3272 -1 3272 3270 3273 -1 3274 3269 3268 -1 3275 3276 3277 -1 3276 3275 3270 -1 3270 3275 3273 -1 3277 3278 3279 -1 3278 3277 3280 -1 3280 3277 3270 -1 3270 3277 3276 -1 3277 3281 3282 -1 3281 3277 3279 -1 3279 3283 3284 -1 3283 3279 3285 -1 3285 3279 3280 -1 3280 3279 3278 -1 3275 3265 3286 -1 3287 3282 3288 -1 3282 3287 3266 -1 3282 3266 3277 -1 3277 3266 3265 -1 3277 3265 3275 -1 3279 3289 3281 -1 3289 3279 3284 -1 3269 3282 3267 -1 3282 3269 3288 -1 3284 3290 3291 -1 3290 3284 3285 -1 3285 3284 3283 -1 3292 3270 3267 -1 3270 3292 3280 -1 3293 3280 3292 -1 3280 3293 3285 -1 3294 3285 3293 -1 3285 3294 3290 -1 3267 3281 3292 -1 3281 3267 3282 -1 3292 3289 3293 -1 3289 3292 3281 -1 3293 3295 3294 -1 3295 3293 3289 -1 3284 3295 3289 -1 3295 3284 3291 -1 3290 3295 3291 -1 3295 3290 3294 -1 3268 3257 3259 -1 3257 3268 3271 -1 3287 3262 3266 -1 3262 3287 3263 -1 3263 3287 3258 -1 3258 3268 3259 -1 3268 3258 3274 -1 3274 3258 3287 -1 3272 3257 3271 -1 3257 3272 3260 -1 3260 3272 3261 -1 3261 3265 3264 -1 3265 3261 3286 -1 3286 3261 3272 -1 3269 3287 3288 -1 3287 3269 3274 -1 3272 3275 3286 -1 3275 3272 3273 -1 3296 3297 3125 -1 3297 3296 3298 -1 3125 3299 3300 -1 3299 3125 3297 -1 3296 3301 3302 -1 3301 3296 3125 -1 3300 3301 3125 -1 3303 3304 3305 -1 3304 3303 3306 -1 3299 3301 3300 -1 3301 3299 3304 -1 3304 3299 3305 -1 3305 3299 3307 -1 3307 3299 3308 -1 3308 3299 3309 -1 3309 3299 3310 -1 3310 3299 3311 -1 3312 3309 3310 -1 3309 3312 3313 -1 3311 3312 3310 -1 3312 3311 3314 -1 3313 3308 3309 -1 3308 3313 3315 -1 3306 3301 3304 -1 3301 3306 3302 -1 3316 3305 3307 -1 3305 3316 3303 -1 3306 3296 3302 -1 3296 3306 3298 -1 3298 3306 3303 -1 3298 3303 3316 -1 3298 3316 3315 -1 3298 3315 3313 -1 3298 3313 3312 -1 3298 3312 3314 -1 3299 3314 3311 -1 3314 3299 3297 -1 3298 3314 3297 -1 3308 3316 3307 -1 3316 3308 3315 -1 3317 3318 3319 -1 3318 3317 3320 -1 3321 3322 3323 -1 3322 3321 3324 -1 3325 3326 3327 -1 3326 3325 3328 -1 3329 3328 3317 -1 3328 3329 3330 -1 3331 3332 3333 -1 3332 3331 3326 -1 3334 3335 3336 -1 3335 3334 3337 -1 3337 3334 3338 -1 3337 3338 3318 -1 3337 3318 3320 -1 3337 3320 3327 -1 3327 3320 3325 -1 3339 3340 3341 -1 3340 3339 3342 -1 3342 3339 3343 -1 3343 3339 3344 -1 3342 3329 3345 -1 3329 3342 3330 -1 3333 3343 3346 -1 3343 3333 3332 -1 3347 3348 3349 -1 3348 3347 3350 -1 3350 3347 3345 -1 3350 3345 3351 -1 3352 3353 3351 -1 3353 3352 3323 -1 3323 3352 3321 -1 3321 3352 3354 -1 3355 3334 3356 -1 3334 3355 3338 -1 3338 3355 3319 -1 3338 3319 3318 -1 3329 3351 3345 -1 3351 3329 3352 -1 3356 3336 3357 -1 3336 3356 3334 -1 3358 3359 3322 -1 3359 3358 3360 -1 3360 3358 3361 -1 3335 3331 3362 -1 3331 3335 3337 -1 3354 3356 3321 -1 3356 3354 3355 -1 3355 3354 3352 -1 3355 3352 3319 -1 3362 3333 3363 -1 3333 3362 3331 -1 3327 3331 3337 -1 3331 3327 3326 -1 3352 3317 3319 -1 3317 3352 3329 -1 3364 3339 3365 -1 3339 3364 3344 -1 3344 3364 3346 -1 3344 3346 3343 -1 3322 3366 3323 -1 3366 3322 3367 -1 3367 3322 3359 -1 3361 3365 3360 -1 3365 3361 3364 -1 3364 3361 3358 -1 3364 3358 3346 -1 3350 3368 3348 -1 3368 3350 3367 -1 3367 3350 3366 -1 3366 3350 3351 -1 3366 3351 3323 -1 3323 3351 3353 -1 3341 3347 3349 -1 3347 3341 3345 -1 3345 3341 3342 -1 3342 3341 3340 -1 3343 3330 3342 -1 3330 3343 3332 -1 3363 3346 3358 -1 3346 3363 3333 -1 3317 3325 3320 -1 3325 3317 3328 -1 3336 3362 3357 -1 3362 3336 3335 -1 3363 3322 3324 -1 3322 3363 3358 -1 3321 3357 3324 -1 3357 3321 3356 -1 3328 3332 3326 -1 3332 3328 3330 -1 3357 3363 3324 -1 3363 3357 3362 -1 3360 3367 3359 -1 3367 3360 3368 -1 3368 3360 3365 -1 3368 3365 3348 -1 3348 3365 3339 -1 3348 3339 3349 -1 3349 3339 3341 -1 3192 3369 3370 -1 3369 3192 3193 -1 3194 3190 3191 -1 3190 3194 3187 -1 3193 3194 3191 -1 3194 3193 3192 -1 3371 3372 3373 -1 3372 3371 3374 -1 3373 3375 3376 -1 3375 3373 3372 -1 3377 3378 3379 -1 3378 3377 3380 -1 3372 3381 3382 -1 3381 3372 3374 -1 3375 3382 3383 -1 3382 3375 3372 -1 3378 3384 3385 -1 3384 3378 3380 -1 3375 3386 3387 -1 3386 3375 3383 -1 3379 3388 3389 -1 3388 3379 3378 -1 3376 3387 3390 -1 3387 3376 3375 -1 3389 3377 3379 -1 3377 3389 3391 -1 3391 3389 3392 -1 3393 3374 3371 -1 3374 3393 3394 -1 3395 3396 3397 -1 3396 3395 3398 -1 3398 3399 3396 -1 3399 3398 3400 -1 3401 3398 3395 -1 3398 3401 3402 -1 3403 3404 3405 -1 3404 3403 3406 -1 3405 3407 3408 -1 3407 3405 3404 -1 3378 3409 3388 -1 3409 3378 3385 -1 3374 3410 3381 -1 3410 3374 3394 -1 3385 3410 3394 -1 3410 3385 3384 -1 3393 3385 3394 -1 3385 3393 3409 -1 3411 3190 3188 -1 3190 3411 3412 -1 3190 3412 3413 -1 3190 3413 3191 -1 3191 3369 3193 -1 3369 3191 3414 -1 3414 3191 3415 -1 3415 3191 3413 -1 3415 3413 3416 -1 3415 3416 3417 -1 3417 3416 3418 -1 3417 3418 3419 -1 3419 3418 3393 -1 3393 3418 3392 -1 3393 3392 3409 -1 3409 3392 3388 -1 3388 3392 3389 -1 3373 3420 3371 -1 3420 3373 3421 -1 3421 3373 3376 -1 3421 3376 3407 -1 3407 3376 3390 -1 3407 3390 3422 -1 3422 3408 3407 -1 3408 3422 3423 -1 3419 3424 3425 -1 3424 3419 3371 -1 3371 3419 3393 -1 3424 3371 3420 -1 3425 3424 3401 -1 3425 3401 3395 -1 3425 3395 3397 -1 3404 3426 3427 -1 3426 3404 3406 -1 3428 3392 3418 -1 3392 3428 3391 -1 3422 3386 3429 -1 3386 3422 3390 -1 3386 3390 3387 -1 3189 3411 3188 -1 3411 3189 3430 -1 3431 3419 3425 -1 3419 3431 3432 -1 3419 3433 3417 -1 3433 3419 3432 -1 3434 3192 3370 -1 3192 3434 3194 -1 3194 3434 3435 -1 3194 3435 3187 -1 3187 3430 3189 -1 3430 3187 3436 -1 3436 3187 3437 -1 3437 3187 3435 -1 3437 3435 3433 -1 3437 3433 3438 -1 3438 3433 3432 -1 3438 3432 3428 -1 3428 3432 3439 -1 3439 3432 3431 -1 3428 3439 3381 -1 3439 3431 3440 -1 3440 3431 3400 -1 3400 3431 3399 -1 3381 3441 3382 -1 3441 3381 3439 -1 3382 3441 3426 -1 3382 3426 3406 -1 3382 3406 3383 -1 3383 3406 3403 -1 3383 3403 3429 -1 3429 3403 3442 -1 3386 3383 3429 -1 3428 3410 3391 -1 3410 3428 3381 -1 3391 3410 3384 -1 3391 3384 3380 -1 3391 3380 3377 -1 3370 3414 3434 -1 3414 3370 3369 -1 3434 3415 3435 -1 3415 3434 3414 -1 3425 3399 3431 -1 3399 3425 3397 -1 3399 3397 3396 -1 3437 3412 3436 -1 3412 3437 3413 -1 3435 3417 3433 -1 3417 3435 3415 -1 3423 3429 3442 -1 3429 3423 3422 -1 3408 3403 3405 -1 3403 3408 3442 -1 3442 3408 3423 -1 3438 3413 3437 -1 3413 3438 3416 -1 3438 3418 3416 -1 3418 3438 3428 -1 3436 3411 3430 -1 3411 3436 3412 -1 3424 3402 3401 -1 3402 3424 3443 -1 3398 3440 3400 -1 3440 3398 3402 -1 3420 3443 3424 -1 3443 3420 3444 -1 3402 3439 3440 -1 3439 3402 3443 -1 3420 3427 3444 -1 3427 3420 3421 -1 3427 3441 3444 -1 3441 3427 3426 -1 3443 3441 3439 -1 3441 3443 3444 -1 3404 3421 3407 -1 3421 3404 3427 -1 3445 3446 3447 -1 3446 3445 3448 -1 3449 3450 3451 -1 3450 3449 3452 -1 3453 3445 3454 -1 3445 3453 3448 -1 3448 3453 3455 -1 3452 3456 3450 -1 3456 3452 3457 -1 3458 3451 3459 -1 3451 3458 3449 -1 3460 3461 3462 -1 3461 3460 3463 -1 3458 3464 3455 -1 3464 3458 3461 -1 3464 3461 3463 -1 3455 3465 3448 -1 3465 3455 3464 -1 3448 3465 3446 -1 3446 3466 3447 -1 3466 3446 3465 -1 3466 3464 3467 -1 3464 3466 3465 -1 3468 3456 3469 -1 3456 3468 3450 -1 3468 3470 3471 -1 3470 3468 3472 -1 3470 3472 3473 -1 3470 3473 3474 -1 3471 3450 3468 -1 3450 3471 3451 -1 3464 3460 3467 -1 3460 3464 3463 -1 3471 3453 3454 -1 3453 3471 3470 -1 3453 3470 3474 -1 3453 3474 3455 -1 3449 3473 3452 -1 3473 3449 3474 -1 3458 3474 3449 -1 3474 3458 3455 -1 3469 3472 3468 -1 3472 3469 3475 -1 3472 3475 3473 -1 3454 3466 3459 -1 3466 3454 3445 -1 3466 3445 3447 -1 3459 3467 3462 -1 3467 3459 3466 -1 3462 3467 3460 -1 3475 3456 3457 -1 3456 3475 3469 -1 3454 3451 3471 -1 3451 3454 3459 -1 3461 3459 3462 -1 3459 3461 3458 -1 3452 3475 3457 -1 3475 3452 3473 -1 3476 3477 3478 -1 3477 3476 3479 -1 3480 3481 3482 -1 3481 3480 3483 -1 3484 3476 3485 -1 3476 3484 3479 -1 3479 3484 3486 -1 3483 3487 3481 -1 3487 3483 3488 -1 3489 3482 3490 -1 3482 3489 3480 -1 3491 3492 3493 -1 3492 3491 3494 -1 3489 3495 3486 -1 3495 3489 3492 -1 3495 3492 3494 -1 3486 3496 3479 -1 3496 3486 3495 -1 3479 3496 3477 -1 3477 3497 3478 -1 3497 3477 3496 -1 3497 3495 3498 -1 3495 3497 3496 -1 3499 3487 3500 -1 3487 3499 3481 -1 3499 3501 3502 -1 3501 3499 3503 -1 3501 3503 3504 -1 3501 3504 3505 -1 3502 3481 3499 -1 3481 3502 3482 -1 3495 3491 3498 -1 3491 3495 3494 -1 3502 3484 3485 -1 3484 3502 3501 -1 3484 3501 3505 -1 3484 3505 3486 -1 3480 3504 3483 -1 3504 3480 3505 -1 3489 3505 3480 -1 3505 3489 3486 -1 3500 3503 3499 -1 3503 3500 3506 -1 3503 3506 3504 -1 3485 3497 3490 -1 3497 3485 3476 -1 3497 3476 3478 -1 3490 3498 3493 -1 3498 3490 3497 -1 3493 3498 3491 -1 3506 3487 3488 -1 3487 3506 3500 -1 3485 3482 3502 -1 3482 3485 3490 -1 3492 3490 3493 -1 3490 3492 3489 -1 3483 3506 3488 -1 3506 3483 3504 -1 3507 3508 3509 -1 3508 3507 3510 -1 3511 3512 3513 -1 3512 3511 3514 -1 3515 3507 3516 -1 3507 3515 3510 -1 3510 3515 3517 -1 3514 3518 3512 -1 3518 3514 3519 -1 3520 3513 3521 -1 3513 3520 3511 -1 3522 3523 3524 -1 3523 3522 3525 -1 3520 3526 3517 -1 3526 3520 3523 -1 3526 3523 3525 -1 3517 3527 3510 -1 3527 3517 3526 -1 3510 3527 3508 -1 3508 3528 3509 -1 3528 3508 3527 -1 3528 3526 3529 -1 3526 3528 3527 -1 3530 3518 3531 -1 3518 3530 3512 -1 3530 3532 3533 -1 3532 3530 3534 -1 3532 3534 3535 -1 3532 3535 3536 -1 3533 3512 3530 -1 3512 3533 3513 -1 3526 3522 3529 -1 3522 3526 3525 -1 3533 3515 3516 -1 3515 3533 3532 -1 3515 3532 3536 -1 3515 3536 3517 -1 3511 3535 3514 -1 3535 3511 3536 -1 3520 3536 3511 -1 3536 3520 3517 -1 3531 3534 3530 -1 3534 3531 3537 -1 3534 3537 3535 -1 3516 3528 3521 -1 3528 3516 3507 -1 3528 3507 3509 -1 3521 3529 3524 -1 3529 3521 3528 -1 3524 3529 3522 -1 3537 3518 3519 -1 3518 3537 3531 -1 3516 3513 3533 -1 3513 3516 3521 -1 3523 3521 3524 -1 3521 3523 3520 -1 3514 3537 3519 -1 3537 3514 3535 -1 3264 3538 3539 -1 3538 3264 3262 -1 3260 3259 3258 -1 3259 3260 3257 -1 3260 3540 3541 -1 3540 3260 3258 -1 3541 3263 3261 -1 3263 3541 3540 -1 3542 3543 3544 -1 3543 3542 3545 -1 3546 3547 3548 -1 3547 3546 3549 -1 3546 3550 3551 -1 3550 3546 3548 -1 3552 3546 3553 -1 3546 3552 3549 -1 3544 3549 3552 -1 3549 3544 3543 -1 3549 3554 3547 -1 3554 3549 3543 -1 3553 3551 3555 -1 3551 3553 3546 -1 3556 3557 3545 -1 3557 3556 3558 -1 3559 3560 3561 -1 3560 3559 3562 -1 3563 3556 3564 -1 3556 3563 3560 -1 3561 3563 3565 -1 3563 3561 3560 -1 3560 3558 3556 -1 3558 3560 3562 -1 3566 3567 3568 -1 3567 3566 3569 -1 3565 3559 3561 -1 3559 3565 3570 -1 3570 3565 3571 -1 3572 3258 3259 -1 3258 3572 3573 -1 3258 3573 3574 -1 3258 3574 3540 -1 3540 3574 3263 -1 3263 3538 3262 -1 3538 3263 3575 -1 3575 3263 3576 -1 3576 3263 3574 -1 3576 3574 3577 -1 3576 3577 3578 -1 3578 3577 3579 -1 3578 3579 3580 -1 3580 3579 3542 -1 3542 3579 3571 -1 3542 3571 3564 -1 3564 3571 3563 -1 3563 3571 3565 -1 3552 3581 3544 -1 3581 3552 3582 -1 3582 3552 3553 -1 3582 3553 3583 -1 3583 3553 3555 -1 3583 3555 3584 -1 3584 3555 3585 -1 3584 3585 3586 -1 3580 3587 3588 -1 3587 3580 3542 -1 3587 3542 3544 -1 3587 3544 3581 -1 3588 3587 3589 -1 3588 3589 3590 -1 3588 3590 3591 -1 3543 3557 3554 -1 3557 3543 3545 -1 3542 3556 3545 -1 3556 3542 3564 -1 3584 3566 3568 -1 3566 3584 3592 -1 3592 3584 3586 -1 3539 3575 3593 -1 3575 3539 3538 -1 3586 3594 3592 -1 3594 3586 3585 -1 3593 3264 3539 -1 3264 3593 3261 -1 3261 3593 3595 -1 3261 3595 3541 -1 3541 3595 3260 -1 3260 3596 3257 -1 3596 3260 3597 -1 3597 3260 3598 -1 3598 3260 3595 -1 3598 3595 3599 -1 3598 3599 3600 -1 3600 3599 3601 -1 3600 3601 3602 -1 3602 3601 3603 -1 3603 3601 3604 -1 3603 3604 3605 -1 3605 3604 3606 -1 3606 3604 3607 -1 3608 3554 3609 -1 3554 3608 3547 -1 3547 3608 3569 -1 3547 3569 3548 -1 3548 3569 3566 -1 3548 3566 3550 -1 3550 3566 3592 -1 3550 3592 3594 -1 3602 3557 3570 -1 3557 3602 3603 -1 3557 3603 3609 -1 3557 3609 3554 -1 3570 3557 3558 -1 3570 3558 3562 -1 3570 3562 3559 -1 3585 3550 3594 -1 3550 3585 3555 -1 3550 3555 3551 -1 3590 3610 3591 -1 3610 3590 3611 -1 3589 3611 3590 -1 3611 3589 3612 -1 3587 3612 3589 -1 3612 3587 3613 -1 3581 3613 3587 -1 3613 3581 3614 -1 3581 3615 3614 -1 3615 3581 3582 -1 3567 3582 3583 -1 3582 3567 3615 -1 3567 3608 3615 -1 3608 3567 3569 -1 3612 3603 3605 -1 3603 3612 3613 -1 3605 3611 3612 -1 3611 3605 3606 -1 3611 3607 3610 -1 3607 3611 3606 -1 3568 3583 3584 -1 3583 3568 3567 -1 3615 3609 3614 -1 3609 3615 3608 -1 3613 3609 3603 -1 3609 3613 3614 -1 3578 3595 3576 -1 3595 3578 3599 -1 3593 3576 3595 -1 3576 3593 3575 -1 3580 3599 3578 -1 3599 3580 3601 -1 3602 3571 3579 -1 3571 3602 3570 -1 3588 3607 3604 -1 3607 3588 3591 -1 3607 3591 3610 -1 3596 3259 3257 -1 3259 3596 3572 -1 3604 3580 3588 -1 3580 3604 3601 -1 3598 3573 3597 -1 3573 3598 3574 -1 3597 3572 3596 -1 3572 3597 3573 -1 3600 3579 3577 -1 3579 3600 3602 -1 3598 3577 3574 -1 3577 3598 3600 -1 3616 3617 3618 -1 3618 3619 3616 -1 3620 3621 3616 -1 3616 3619 3620 -1 3622 3623 3624 -1 3624 3625 3622 -1 3620 3625 3624 -1 3624 3621 3620 -1 3626 3623 3622 -1 3622 3627 3626 -1 3618 3617 3626 -1 3626 3627 3618 -1 3616 3621 3624 -1 3624 3617 3616 -1 3624 3623 3617 -1 3623 3626 3617 -1 3622 3625 3620 -1 3620 3618 3622 -1 3618 3627 3622 -1 3619 3618 3620 -1 3628 3629 3630 -1 3630 3631 3628 -1 3632 3633 3634 -1 3634 3635 3632 -1 3632 3636 3637 -1 3637 3633 3632 -1 3631 3637 3636 -1 3636 3628 3631 -1 3638 3629 3628 -1 3628 3636 3638 -1 3636 3639 3638 -1 3636 3640 3639 -1 3636 3632 3640 -1 3632 3635 3641 -1 3641 3642 3632 -1 3642 3643 3632 -1 3643 3644 3632 -1 3644 3640 3632 -1 3644 3645 3640 -1 3644 3646 3645 -1 3646 3647 3645 -1 3646 3648 3647 -1 3648 3649 3647 -1 3649 3650 3647 -1 3648 3651 3649 -1 3649 3652 3650 -1 3652 3653 3650 -1 3653 3654 3650 -1 3655 3656 3657 -1 3651 3658 3659 -1 3659 3649 3651 -1 3658 3660 3659 -1 3658 3656 3660 -1 3658 3661 3656 -1 3661 3662 3656 -1 3662 3657 3656 -1 3662 3663 3657 -1 3648 3664 3665 -1 3665 3651 3648 -1 3664 3666 3665 -1 3664 3667 3666 -1 3664 3668 3667 -1 3669 3663 3662 -1 3662 3670 3669 -1 3662 3671 3670 -1 3672 3657 3663 -1 3663 3669 3672 -1 3673 3670 3671 -1 3671 3674 3673 -1 3675 3651 3665 -1 3665 3676 3675 -1 3677 3678 3679 -1 3679 3680 3677 -1 3681 3682 3683 -1 3683 3684 3681 -1 3685 3658 3651 -1 3651 3675 3685 -1 3686 3687 3675 -1 3675 3676 3686 -1 3683 3688 3654 -1 3654 3653 3683 -1 3689 3690 3691 -1 3691 3692 3689 -1 3629 3638 3693 -1 3693 3630 3629 -1 3694 3689 3656 -1 3656 3655 3694 -1 3648 3695 3696 -1 3696 3664 3648 -1 3683 3682 3697 -1 3697 3688 3683 -1 3674 3671 3662 -1 3662 3661 3674 -1 3698 3681 3684 -1 3684 3699 3698 -1 3700 3701 3679 -1 3679 3678 3700 -1 3642 3641 3702 -1 3702 3703 3642 -1 3692 3704 3659 -1 3659 3660 3692 -1 3705 3704 3692 -1 3692 3691 3705 -1 3686 3676 3701 -1 3701 3700 3686 -1 3687 3706 3685 -1 3685 3675 3687 -1 3674 3661 3658 -1 3658 3685 3674 -1 3705 3698 3699 -1 3699 3704 3705 -1 3677 3680 3668 -1 3668 3664 3677 -1 3664 3696 3677 -1 3707 3695 3648 -1 3648 3646 3707 -1 3643 3642 3703 -1 3703 3708 3643 -1 3644 3643 3708 -1 3708 3709 3644 -1 3710 3650 3654 -1 3654 3697 3710 -1 3654 3688 3697 -1 3679 3701 3666 -1 3666 3667 3679 -1 3689 3692 3660 -1 3660 3656 3689 -1 3706 3673 3674 -1 3674 3685 3706 -1 3684 3652 3649 -1 3649 3699 3684 -1 3641 3635 3634 -1 3634 3702 3641 -1 3701 3676 3665 -1 3665 3666 3701 -1 3646 3644 3709 -1 3709 3707 3646 -1 3684 3683 3653 -1 3653 3652 3684 -1 3699 3649 3659 -1 3659 3704 3699 -1 3680 3679 3667 -1 3667 3668 3680 -1 3694 3711 3690 -1 3690 3689 3694 -1 3650 3710 3712 -1 3712 3647 3650 -1 3640 3645 3713 -1 3713 3714 3640 -1 3647 3712 3713 -1 3713 3645 3647 -1 3702 3634 3633 -1 3633 3703 3702 -1 3633 3708 3703 -1 3633 3709 3708 -1 3633 3637 3709 -1 3637 3631 3630 -1 3630 3693 3637 -1 3693 3715 3637 -1 3715 3714 3637 -1 3714 3709 3637 -1 3714 3707 3709 -1 3714 3713 3707 -1 3713 3712 3707 -1 3712 3695 3707 -1 3712 3686 3695 -1 3686 3696 3695 -1 3686 3700 3696 -1 3700 3678 3696 -1 3678 3677 3696 -1 3706 3687 3705 -1 3705 3691 3706 -1 3691 3673 3706 -1 3691 3690 3673 -1 3690 3670 3673 -1 3690 3711 3670 -1 3711 3669 3670 -1 3711 3672 3669 -1 3712 3710 3698 -1 3698 3687 3712 -1 3687 3686 3712 -1 3698 3705 3687 -1 3710 3681 3698 -1 3710 3682 3681 -1 3710 3697 3682 -1 3711 3694 3655 -1 3655 3657 3711 -1 3657 3672 3711 -1 3638 3639 3715 -1 3715 3693 3638 -1 3639 3640 3714 -1 3714 3715 3639 -1 3716 3717 3718 -1 3718 3719 3716 -1 3720 3721 3722 -1 3722 3723 3720 -1 3724 3725 3726 -1 3726 3727 3724 -1 3723 3722 3728 -1 3728 3729 3723 -1 3728 3730 3729 -1 3730 3717 3729 -1 3730 3731 3717 -1 3731 3718 3717 -1 3731 3726 3718 -1 3726 3732 3718 -1 3726 3725 3732 -1 3725 3733 3732 -1 3725 3734 3733 -1 3734 3735 3733 -1 3736 3734 3725 -1 3725 3724 3736 -1 3721 3737 3728 -1 3728 3722 3721 -1 3738 3731 3730 -1 3730 3739 3738 -1 3740 3729 3717 -1 3717 3716 3740 -1 3727 3726 3731 -1 3731 3738 3727 -1 3737 3721 3720 -1 3720 3739 3737 -1 3720 3740 3739 -1 3740 3716 3739 -1 3716 3738 3739 -1 3716 3727 3738 -1 3716 3719 3727 -1 3719 3724 3727 -1 3719 3741 3724 -1 3741 3742 3724 -1 3742 3736 3724 -1 3742 3743 3736 -1 3733 3735 3743 -1 3743 3742 3733 -1 3741 3732 3733 -1 3733 3742 3741 -1 3735 3734 3736 -1 3736 3743 3735 -1 3719 3718 3732 -1 3732 3741 3719 -1 3720 3723 3729 -1 3729 3740 3720 -1 3739 3730 3728 -1 3728 3737 3739 -1 3744 3745 3746 -1 3746 3747 3744 -1 3748 3749 3750 -1 3750 3751 3748 -1 3752 3753 3754 -1 3754 3755 3752 -1 3756 3744 3755 -1 3755 3757 3756 -1 3754 3758 3759 -1 3759 3760 3754 -1 3761 3762 3763 -1 3763 3764 3761 -1 3764 3765 3761 -1 3764 3746 3765 -1 3764 3747 3746 -1 3764 3753 3747 -1 3753 3752 3747 -1 3766 3767 3768 -1 3768 3769 3766 -1 3769 3770 3766 -1 3771 3770 3769 -1 3769 3772 3756 -1 3756 3757 3769 -1 3759 3773 3771 -1 3771 3760 3759 -1 3774 3775 3776 -1 3776 3777 3774 -1 3777 3772 3774 -1 3777 3778 3772 -1 3779 3778 3780 -1 3780 3749 3779 -1 3749 3748 3779 -1 3748 3781 3779 -1 3782 3783 3761 -1 3761 3765 3782 -1 3765 3745 3782 -1 3765 3746 3745 -1 3756 3772 3778 -1 3778 3779 3756 -1 3783 3784 3762 -1 3762 3761 3783 -1 3785 3750 3786 -1 3786 3787 3785 -1 3787 3788 3785 -1 3763 3789 3758 -1 3758 3764 3763 -1 3781 3748 3783 -1 3783 3782 3781 -1 3782 3779 3781 -1 3782 3745 3779 -1 3789 3790 3759 -1 3759 3758 3789 -1 3753 3764 3758 -1 3758 3754 3753 -1 3756 3779 3745 -1 3745 3744 3756 -1 3791 3792 3766 -1 3766 3770 3791 -1 3770 3773 3791 -1 3770 3771 3773 -1 3750 3749 3793 -1 3793 3794 3786 -1 3786 3750 3793 -1 3788 3787 3792 -1 3792 3791 3788 -1 3791 3785 3788 -1 3791 3773 3785 -1 3777 3776 3795 -1 3795 3794 3777 -1 3794 3793 3777 -1 3793 3778 3777 -1 3793 3749 3778 -1 3749 3780 3778 -1 3767 3775 3774 -1 3774 3772 3767 -1 3772 3769 3767 -1 3769 3768 3767 -1 3771 3769 3757 -1 3757 3760 3771 -1 3790 3785 3773 -1 3773 3759 3790 -1 3744 3747 3752 -1 3752 3755 3744 -1 3762 3784 3789 -1 3789 3763 3762 -1 3751 3750 3785 -1 3785 3790 3751 -1 3748 3751 3784 -1 3784 3783 3748 -1 3755 3754 3760 -1 3760 3757 3755 -1 3784 3751 3790 -1 3790 3789 3784 -1 3787 3786 3794 -1 3794 3792 3787 -1 3794 3795 3792 -1 3795 3776 3792 -1 3776 3766 3792 -1 3776 3775 3766 -1 3775 3767 3766 -1 3796 3797 3798 -1 3798 3799 3796 -1 3800 3801 3802 -1 3802 3803 3800 -1 3804 3805 3796 -1 3796 3799 3804 -1 3799 3806 3804 -1 3803 3802 3807 -1 3807 3808 3803 -1 3809 3810 3801 -1 3801 3800 3809 -1 3811 3812 3813 -1 3813 3814 3811 -1 3809 3806 3815 -1 3815 3813 3809 -1 3815 3814 3813 -1 3806 3799 3816 -1 3816 3815 3806 -1 3799 3798 3816 -1 3798 3797 3817 -1 3817 3816 3798 -1 3817 3818 3815 -1 3815 3816 3817 -1 3819 3820 3807 -1 3807 3802 3819 -1 3819 3821 3822 -1 3822 3823 3819 -1 3822 3824 3823 -1 3822 3825 3824 -1 3821 3819 3802 -1 3802 3801 3821 -1 3815 3818 3811 -1 3811 3814 3815 -1 3821 3805 3804 -1 3804 3822 3821 -1 3804 3825 3822 -1 3804 3806 3825 -1 3800 3803 3824 -1 3824 3825 3800 -1 3809 3800 3825 -1 3825 3806 3809 -1 3820 3819 3823 -1 3823 3826 3820 -1 3823 3824 3826 -1 3805 3810 3817 -1 3817 3796 3805 -1 3817 3797 3796 -1 3810 3812 3818 -1 3818 3817 3810 -1 3812 3811 3818 -1 3826 3808 3807 -1 3807 3820 3826 -1 3805 3821 3801 -1 3801 3810 3805 -1 3813 3812 3810 -1 3810 3809 3813 -1 3803 3808 3826 -1 3826 3824 3803 -1 3827 3828 3829 -1 3829 3830 3827 -1 3830 3831 3827 -1 3831 3832 3827 -1 3828 3833 3834 -1 3834 3829 3828 -1 3835 3836 3837 -1 3837 3827 3832 -1 3832 3835 3837 -1 3836 3838 3839 -1 3839 3840 3827 -1 3827 3836 3839 -1 3827 3837 3836 -1 3836 3841 3842 -1 3842 3838 3836 -1 3838 3843 3844 -1 3844 3845 3840 -1 3840 3838 3844 -1 3840 3839 3838 -1 3835 3846 3847 -1 3848 3849 3841 -1 3841 3850 3848 -1 3841 3836 3850 -1 3836 3847 3850 -1 3836 3835 3847 -1 3838 3842 3851 -1 3851 3843 3838 -1 3833 3828 3841 -1 3841 3849 3833 -1 3843 3852 3853 -1 3853 3845 3843 -1 3845 3844 3843 -1 3854 3828 3827 -1 3827 3840 3854 -1 3855 3854 3840 -1 3840 3845 3855 -1 3856 3855 3845 -1 3845 3853 3856 -1 3828 3854 3842 -1 3842 3841 3828 -1 3854 3855 3851 -1 3851 3842 3854 -1 3855 3856 3857 -1 3857 3851 3855 -1 3843 3851 3857 -1 3857 3852 3843 -1 3853 3852 3857 -1 3857 3856 3853 -1 3829 3850 3847 -1 3847 3830 3829 -1 3848 3850 3829 -1 3829 3834 3848 -1 3831 3830 3847 -1 3847 3846 3831 -1 3833 3849 3848 -1 3848 3834 3833 -1 3831 3846 3835 -1 3835 3832 3831 -1 3858 3859 3860 -1 3860 3861 3858 -1 3860 3862 3861 -1 3860 3863 3862 -1 3860 3864 3863 -1 3860 3865 3864 -1 3860 3866 3865 -1 3860 3867 3866 -1 3861 3868 3869 -1 3869 3858 3861 -1 3870 3871 3862 -1 3862 3863 3870 -1 3872 3866 3867 -1 3867 3873 3872 -1 3873 3867 3860 -1 3860 3874 3873 -1 3875 3870 3863 -1 3863 3864 3875 -1 3862 3871 3868 -1 3868 3861 3862 -1 3859 3858 3869 -1 3869 3876 3859 -1 3877 3875 3864 -1 3864 3865 3877 -1 3866 3872 3877 -1 3877 3865 3866 -1 3876 3874 3860 -1 3860 3859 3876 -1 3874 3876 3869 -1 3869 3868 3874 -1 3868 3871 3874 -1 3871 3870 3874 -1 3870 3875 3874 -1 3875 3877 3874 -1 3877 3872 3874 -1 3872 3873 3874 -1 3878 3879 3880 -1 3880 3881 3878 -1 3882 3883 3884 -1 3884 3885 3882 -1 3886 3887 3878 -1 3878 3881 3886 -1 3881 3888 3886 -1 3885 3884 3889 -1 3889 3890 3885 -1 3891 3892 3883 -1 3883 3882 3891 -1 3893 3894 3895 -1 3895 3896 3893 -1 3891 3888 3897 -1 3897 3895 3891 -1 3897 3896 3895 -1 3888 3881 3898 -1 3898 3897 3888 -1 3881 3880 3898 -1 3880 3879 3899 -1 3899 3898 3880 -1 3899 3900 3897 -1 3897 3898 3899 -1 3901 3902 3889 -1 3889 3884 3901 -1 3901 3903 3904 -1 3904 3905 3901 -1 3904 3906 3905 -1 3904 3907 3906 -1 3903 3901 3884 -1 3884 3883 3903 -1 3897 3900 3893 -1 3893 3896 3897 -1 3903 3887 3886 -1 3886 3904 3903 -1 3886 3907 3904 -1 3886 3888 3907 -1 3882 3885 3906 -1 3906 3907 3882 -1 3891 3882 3907 -1 3907 3888 3891 -1 3902 3901 3905 -1 3905 3908 3902 -1 3905 3906 3908 -1 3887 3892 3899 -1 3899 3878 3887 -1 3899 3879 3878 -1 3892 3894 3900 -1 3900 3899 3892 -1 3894 3893 3900 -1 3908 3890 3889 -1 3889 3902 3908 -1 3887 3903 3883 -1 3883 3892 3887 -1 3895 3894 3892 -1 3892 3891 3895 -1 3885 3890 3908 -1 3908 3906 3885 -1 3909 3910 3911 -1 3911 3912 3909 -1 3912 3913 3909 -1 3913 3914 3909 -1 3910 3915 3916 -1 3916 3911 3910 -1 3917 3918 3919 -1 3919 3909 3914 -1 3914 3917 3919 -1 3918 3920 3921 -1 3921 3922 3909 -1 3909 3918 3921 -1 3909 3919 3918 -1 3918 3923 3924 -1 3924 3920 3918 -1 3920 3925 3926 -1 3926 3927 3922 -1 3922 3920 3926 -1 3922 3921 3920 -1 3917 3928 3929 -1 3930 3931 3923 -1 3923 3932 3930 -1 3923 3918 3932 -1 3918 3929 3932 -1 3918 3917 3929 -1 3920 3924 3933 -1 3933 3925 3920 -1 3915 3910 3923 -1 3923 3931 3915 -1 3925 3934 3935 -1 3935 3927 3925 -1 3927 3926 3925 -1 3936 3910 3909 -1 3909 3922 3936 -1 3937 3936 3922 -1 3922 3927 3937 -1 3938 3937 3927 -1 3927 3935 3938 -1 3910 3936 3924 -1 3924 3923 3910 -1 3936 3937 3933 -1 3933 3924 3936 -1 3937 3938 3939 -1 3939 3933 3937 -1 3925 3933 3939 -1 3939 3934 3925 -1 3935 3934 3939 -1 3939 3938 3935 -1 3911 3932 3929 -1 3929 3912 3911 -1 3930 3932 3911 -1 3911 3916 3930 -1 3913 3912 3929 -1 3929 3928 3913 -1 3915 3931 3930 -1 3930 3916 3915 -1 3913 3928 3917 -1 3917 3914 3913 -1 3940 3941 3942 -1 3941 3940 3943 -1 3943 3940 3944 -1 3944 3940 3945 -1 3944 3945 3946 -1 3942 3947 3948 -1 3947 3942 3949 -1 3947 3949 3950 -1 3947 3950 3951 -1 3949 3942 3941 -1 3951 3950 3952 -1 3952 3950 3953 -1 3952 3953 3954 -1 3952 3954 3955 -1 3951 3952 3956 -1 3956 3952 3957 -1 3956 3957 3958 -1 3956 3958 3959 -1 3951 3956 3960 -1 3951 3960 3961 -1 3951 3961 3962 -1 3951 3962 3963 -1 3951 3964 3965 -1 3964 3951 3966 -1 3966 3951 3963 -1 3964 3967 3965 -1 3967 3964 3968 -1 3961 3969 3962 -1 3969 3961 3970 -1 3971 3961 3960 -1 3961 3971 3970 -1 3972 3960 3956 -1 3960 3972 3971 -1 3959 3972 3956 -1 3972 3959 3973 -1 3958 3973 3959 -1 3973 3958 3974 -1 3975 3958 3957 -1 3958 3975 3974 -1 3976 3957 3952 -1 3957 3976 3975 -1 3955 3976 3952 -1 3976 3955 3977 -1 3954 3977 3955 -1 3977 3954 3978 -1 3979 3954 3953 -1 3954 3979 3978 -1 3980 3953 3950 -1 3953 3980 3979 -1 3949 3980 3950 -1 3980 3949 3981 -1 3941 3981 3949 -1 3981 3941 3982 -1 3983 3941 3943 -1 3941 3983 3982 -1 3984 3943 3944 -1 3943 3984 3983 -1 3946 3984 3944 -1 3984 3946 3985 -1 3945 3985 3946 -1 3985 3945 3986 -1 3940 3986 3945 -1 3986 3940 3987 -1 3988 3940 3942 -1 3940 3988 3987 -1 3989 3942 3948 -1 3942 3989 3988 -1 3989 3967 3968 -1 3967 3989 3947 -1 3947 3989 3948 -1 3962 3966 3963 -1 3966 3962 3969 -1 3968 3981 3989 -1 3981 3968 3980 -1 3980 3968 3964 -1 3989 3981 3988 -1 3980 3964 3976 -1 3980 3976 3979 -1 3979 3976 3978 -1 3976 3964 3972 -1 3976 3972 3975 -1 3975 3972 3974 -1 3972 3964 3971 -1 3971 3964 3970 -1 3970 3964 3969 -1 3969 3964 3966 -1 3973 3974 3972 -1 3977 3978 3976 -1 3988 3982 3987 -1 3982 3988 3981 -1 3987 3982 3983 -1 3987 3983 3984 -1 3987 3984 3986 -1 3986 3984 3985 -1 3947 3965 3967 -1 3965 3947 3951 -1 3990 3991 3992 -1 3992 3993 3990 -1 3993 3994 3990 -1 3994 3995 3990 -1 3994 3996 3995 -1 3991 3997 3998 -1 3998 3999 3991 -1 3998 4000 3999 -1 3998 4001 4000 -1 3999 3992 3991 -1 4001 4002 4000 -1 4002 4003 4000 -1 4002 4004 4003 -1 4002 4005 4004 -1 4001 4006 4002 -1 4006 4007 4002 -1 4006 4008 4007 -1 4006 4009 4008 -1 4001 4010 4006 -1 4001 4011 4010 -1 4001 4012 4011 -1 4001 4013 4012 -1 4001 4014 4015 -1 4015 4016 4001 -1 4016 4013 4001 -1 4015 4014 4017 -1 4017 4018 4015 -1 4011 4012 4019 -1 4019 4020 4011 -1 4021 4010 4011 -1 4011 4020 4021 -1 4022 4006 4010 -1 4010 4021 4022 -1 4009 4006 4022 -1 4022 4023 4009 -1 4008 4009 4023 -1 4023 4024 4008 -1 4025 4007 4008 -1 4008 4024 4025 -1 4026 4002 4007 -1 4007 4025 4026 -1 4005 4002 4026 -1 4026 4027 4005 -1 4004 4005 4027 -1 4027 4028 4004 -1 4029 4003 4004 -1 4004 4028 4029 -1 4030 4000 4003 -1 4003 4029 4030 -1 3999 4000 4030 -1 4030 4031 3999 -1 3992 3999 4031 -1 4031 4032 3992 -1 4033 3993 3992 -1 3992 4032 4033 -1 4034 3994 3993 -1 3993 4033 4034 -1 3996 3994 4034 -1 4034 4035 3996 -1 3995 3996 4035 -1 4035 4036 3995 -1 3990 3995 4036 -1 4036 4037 3990 -1 4038 3991 3990 -1 3990 4037 4038 -1 4039 3997 3991 -1 3991 4038 4039 -1 4039 4018 4017 -1 4017 3998 4039 -1 3998 3997 4039 -1 4012 4013 4016 -1 4016 4019 4012 -1 4018 4039 4031 -1 4031 4030 4018 -1 4030 4015 4018 -1 4039 4038 4031 -1 4030 4026 4015 -1 4030 4029 4026 -1 4029 4028 4026 -1 4026 4022 4015 -1 4026 4025 4022 -1 4025 4024 4022 -1 4022 4021 4015 -1 4021 4020 4015 -1 4020 4019 4015 -1 4019 4016 4015 -1 4023 4022 4024 -1 4027 4026 4028 -1 4038 4037 4032 -1 4032 4031 4038 -1 4037 4033 4032 -1 4037 4034 4033 -1 4037 4036 4034 -1 4036 4035 4034 -1 3998 4017 4014 -1 4014 4001 3998 -1 4040 4041 4042 -1 4042 4043 4040 -1 4044 4043 4042 -1 4042 4045 4044 -1 4041 4040 4046 -1 4046 4047 4041 -1 4043 4044 4046 -1 4046 4040 4043 -1 4045 4047 4046 -1 4046 4044 4045 -1 4047 4045 4042 -1 4042 4041 4047 -1 4048 4049 4050 -1 4050 4051 4048 -1 4052 4053 4049 -1 4049 4048 4052 -1 4054 4050 4049 -1 4049 4053 4054 -1 4048 4051 4055 -1 4055 4052 4048 -1 4051 4050 4054 -1 4054 4055 4051 -1 4053 4052 4055 -1 4055 4054 4053 -1 4056 4057 4058 -1 4058 4059 4056 -1 4060 4059 4058 -1 4058 4061 4060 -1 4062 4057 4056 -1 4056 4063 4062 -1 4061 4058 4057 -1 4057 4062 4061 -1 4060 4061 4062 -1 4062 4063 4060 -1 4056 4059 4060 -1 4060 4063 4056 -1 4064 4065 4066 -1 4066 4067 4064 -1 4068 4069 4065 -1 4065 4064 4068 -1 4070 4066 4065 -1 4065 4069 4070 -1 4064 4067 4071 -1 4071 4068 4064 -1 4067 4066 4070 -1 4070 4071 4067 -1 4069 4068 4071 -1 4071 4070 4069 -1 4072 4073 4074 -1 4074 4075 4072 -1 4076 4075 4074 -1 4074 4077 4076 -1 4073 4072 4078 -1 4078 4079 4073 -1 4075 4076 4078 -1 4078 4072 4075 -1 4077 4079 4078 -1 4078 4076 4077 -1 4079 4077 4074 -1 4074 4073 4079 -1 4080 4081 4082 -1 4081 4080 4083 -1 4084 4081 4083 -1 4081 4084 4085 -1 4082 4086 4080 -1 4086 4082 4087 -1 4083 4086 4084 -1 4086 4083 4080 -1 4085 4086 4087 -1 4086 4085 4084 -1 4087 4081 4085 -1 4081 4087 4082 -1 4088 4089 4090 -1 4089 4088 4091 -1 4092 4090 4093 -1 4090 4092 4088 -1 4094 4090 4089 -1 4090 4094 4093 -1 4088 4095 4091 -1 4095 4088 4092 -1 4091 4094 4089 -1 4094 4091 4095 -1 4093 4095 4092 -1 4095 4093 4094 -1 4096 4097 4098 -1 4097 4096 4099 -1 4100 4097 4099 -1 4097 4100 4101 -1 4102 4096 4098 -1 4096 4102 4103 -1 4101 4098 4097 -1 4098 4101 4102 -1 4100 4102 4101 -1 4102 4100 4103 -1 4096 4100 4099 -1 4100 4096 4103 -1 4104 4105 4106 -1 4105 4104 4107 -1 4108 4106 4109 -1 4106 4108 4104 -1 4110 4106 4105 -1 4106 4110 4109 -1 4104 4111 4107 -1 4111 4104 4108 -1 4107 4110 4105 -1 4110 4107 4111 -1 4109 4111 4108 -1 4111 4109 4110 -1 4112 4113 4114 -1 4113 4112 4115 -1 4116 4113 4115 -1 4113 4116 4117 -1 4114 4118 4112 -1 4118 4114 4119 -1 4115 4118 4116 -1 4118 4115 4112 -1 4117 4118 4119 -1 4118 4117 4116 -1 4119 4113 4117 -1 4113 4119 4114 -1 4120 4121 4122 -1 4122 4123 4120 -1 4123 4124 4120 -1 4123 4125 4124 -1 4125 4126 4124 -1 4125 4127 4126 -1 4128 4129 4130 -1 4128 4131 4129 -1 4132 4133 4134 -1 4133 4135 4134 -1 4132 4134 4127 -1 4127 4125 4132 -1 4136 4132 4125 -1 4125 4123 4136 -1 4128 4130 4124 -1 4124 4126 4128 -1 4137 4138 4139 -1 4140 4136 4141 -1 4140 4141 4142 -1 4143 4137 4139 -1 4123 4122 4141 -1 4141 4136 4123 -1 4121 4120 4138 -1 4138 4137 4121 -1 4144 4145 4146 -1 4146 4147 4144 -1 4148 4149 4144 -1 4144 4147 4148 -1 4150 4151 4149 -1 4149 4148 4150 -1 4143 4139 4151 -1 4151 4150 4143 -1 4150 4142 4143 -1 4150 4140 4142 -1 4152 4153 4129 -1 4129 4131 4152 -1 4131 4135 4152 -1 4135 4133 4152 -1 4154 4155 4153 -1 4153 4152 4154 -1 4156 4157 4155 -1 4155 4154 4156 -1 4158 4159 4157 -1 4157 4156 4158 -1 4160 4161 4158 -1 4158 4146 4160 -1 4158 4156 4146 -1 4156 4147 4146 -1 4156 4148 4147 -1 4156 4154 4148 -1 4154 4152 4148 -1 4152 4150 4148 -1 4152 4133 4150 -1 4133 4140 4150 -1 4133 4136 4140 -1 4133 4132 4136 -1 4161 4162 4159 -1 4159 4158 4161 -1 4146 4145 4163 -1 4163 4160 4146 -1 4122 4121 4137 -1 4137 4143 4122 -1 4143 4142 4122 -1 4142 4141 4122 -1 4161 4160 4163 -1 4163 4162 4161 -1 4159 4162 4163 -1 4163 4145 4159 -1 4145 4157 4159 -1 4145 4144 4157 -1 4144 4149 4157 -1 4149 4155 4157 -1 4149 4153 4155 -1 4149 4151 4153 -1 4151 4129 4153 -1 4151 4139 4129 -1 4139 4138 4129 -1 4138 4130 4129 -1 4138 4124 4130 -1 4138 4120 4124 -1 4135 4131 4128 -1 4128 4126 4135 -1 4126 4127 4135 -1 4127 4134 4135 -1 4164 4165 4166 -1 4165 4164 4167 -1 4167 4164 4168 -1 4167 4168 4169 -1 4169 4168 4170 -1 4169 4170 4171 -1 4170 4172 4173 -1 4170 4173 4174 -1 4175 4176 4177 -1 4177 4176 4178 -1 4175 4171 4176 -1 4171 4175 4169 -1 4179 4169 4175 -1 4169 4179 4167 -1 4170 4168 4172 -1 4180 4181 4182 -1 4183 4184 4179 -1 4183 4185 4184 -1 4186 4181 4180 -1 4167 4184 4165 -1 4184 4167 4179 -1 4166 4182 4164 -1 4182 4166 4180 -1 4187 4188 4189 -1 4188 4187 4190 -1 4191 4187 4192 -1 4187 4191 4190 -1 4193 4192 4194 -1 4192 4193 4191 -1 4186 4194 4181 -1 4194 4186 4193 -1 4193 4186 4185 -1 4193 4185 4183 -1 4195 4173 4196 -1 4173 4195 4174 -1 4174 4195 4178 -1 4178 4195 4177 -1 4197 4196 4198 -1 4196 4197 4195 -1 4199 4198 4200 -1 4198 4199 4197 -1 4201 4200 4202 -1 4200 4201 4199 -1 4188 4203 4204 -1 4203 4188 4201 -1 4201 4188 4199 -1 4199 4188 4190 -1 4199 4190 4191 -1 4199 4191 4197 -1 4197 4191 4195 -1 4195 4191 4193 -1 4195 4193 4183 -1 4195 4183 4177 -1 4177 4183 4179 -1 4177 4179 4175 -1 4203 4202 4205 -1 4202 4203 4201 -1 4188 4206 4189 -1 4206 4188 4204 -1 4165 4180 4166 -1 4180 4165 4186 -1 4186 4165 4185 -1 4185 4165 4184 -1 4203 4206 4204 -1 4206 4203 4205 -1 4202 4206 4205 -1 4206 4202 4189 -1 4189 4202 4200 -1 4189 4200 4187 -1 4187 4200 4192 -1 4192 4200 4198 -1 4192 4198 4196 -1 4192 4196 4194 -1 4194 4196 4181 -1 4181 4196 4173 -1 4181 4173 4172 -1 4181 4172 4182 -1 4182 4172 4168 -1 4182 4168 4164 -1 4178 4170 4174 -1 4170 4178 4171 -1 4171 4178 4176 -1 4207 4208 4209 -1 4209 4210 4207 -1 4210 4211 4207 -1 4210 4212 4211 -1 4212 4213 4211 -1 4212 4214 4213 -1 4215 4216 4217 -1 4215 4218 4216 -1 4219 4220 4221 -1 4220 4222 4221 -1 4219 4221 4214 -1 4214 4212 4219 -1 4223 4219 4212 -1 4212 4210 4223 -1 4215 4217 4211 -1 4211 4213 4215 -1 4224 4225 4226 -1 4227 4223 4228 -1 4227 4228 4229 -1 4230 4224 4226 -1 4210 4209 4228 -1 4228 4223 4210 -1 4208 4207 4225 -1 4225 4224 4208 -1 4231 4232 4233 -1 4233 4234 4231 -1 4235 4236 4231 -1 4231 4234 4235 -1 4237 4238 4236 -1 4236 4235 4237 -1 4230 4226 4238 -1 4238 4237 4230 -1 4237 4229 4230 -1 4237 4227 4229 -1 4239 4240 4216 -1 4216 4218 4239 -1 4218 4222 4239 -1 4222 4220 4239 -1 4241 4242 4240 -1 4240 4239 4241 -1 4243 4244 4242 -1 4242 4241 4243 -1 4245 4246 4244 -1 4244 4243 4245 -1 4247 4248 4245 -1 4245 4233 4247 -1 4245 4243 4233 -1 4243 4234 4233 -1 4243 4235 4234 -1 4243 4241 4235 -1 4241 4239 4235 -1 4239 4237 4235 -1 4239 4220 4237 -1 4220 4227 4237 -1 4220 4223 4227 -1 4220 4219 4223 -1 4248 4249 4246 -1 4246 4245 4248 -1 4233 4232 4250 -1 4250 4247 4233 -1 4209 4208 4224 -1 4224 4230 4209 -1 4230 4229 4209 -1 4229 4228 4209 -1 4248 4247 4250 -1 4250 4249 4248 -1 4246 4249 4250 -1 4250 4232 4246 -1 4232 4244 4246 -1 4232 4231 4244 -1 4231 4236 4244 -1 4236 4242 4244 -1 4236 4240 4242 -1 4236 4238 4240 -1 4238 4216 4240 -1 4238 4226 4216 -1 4226 4225 4216 -1 4225 4217 4216 -1 4225 4211 4217 -1 4225 4207 4211 -1 4222 4218 4215 -1 4215 4213 4222 -1 4213 4214 4222 -1 4214 4221 4222 -1 4251 4252 4253 -1 4252 4251 4254 -1 4254 4251 4255 -1 4254 4255 4256 -1 4256 4255 4257 -1 4256 4257 4258 -1 4257 4259 4260 -1 4257 4260 4261 -1 4262 4263 4264 -1 4264 4263 4265 -1 4262 4258 4263 -1 4258 4262 4256 -1 4266 4256 4262 -1 4256 4266 4254 -1 4257 4255 4259 -1 4267 4268 4269 -1 4270 4271 4266 -1 4270 4272 4271 -1 4273 4268 4267 -1 4254 4271 4252 -1 4271 4254 4266 -1 4253 4269 4251 -1 4269 4253 4267 -1 4274 4275 4276 -1 4275 4274 4277 -1 4278 4274 4279 -1 4274 4278 4277 -1 4280 4279 4281 -1 4279 4280 4278 -1 4273 4281 4268 -1 4281 4273 4280 -1 4280 4273 4272 -1 4280 4272 4270 -1 4282 4260 4283 -1 4260 4282 4261 -1 4261 4282 4265 -1 4265 4282 4264 -1 4284 4283 4285 -1 4283 4284 4282 -1 4286 4285 4287 -1 4285 4286 4284 -1 4288 4287 4289 -1 4287 4288 4286 -1 4275 4290 4291 -1 4290 4275 4288 -1 4288 4275 4286 -1 4286 4275 4277 -1 4286 4277 4278 -1 4286 4278 4284 -1 4284 4278 4282 -1 4282 4278 4280 -1 4282 4280 4270 -1 4282 4270 4264 -1 4264 4270 4266 -1 4264 4266 4262 -1 4290 4289 4292 -1 4289 4290 4288 -1 4275 4293 4276 -1 4293 4275 4291 -1 4252 4267 4253 -1 4267 4252 4273 -1 4273 4252 4272 -1 4272 4252 4271 -1 4290 4293 4291 -1 4293 4290 4292 -1 4289 4293 4292 -1 4293 4289 4276 -1 4276 4289 4287 -1 4276 4287 4274 -1 4274 4287 4279 -1 4279 4287 4285 -1 4279 4285 4283 -1 4279 4283 4281 -1 4281 4283 4268 -1 4268 4283 4260 -1 4268 4260 4259 -1 4268 4259 4269 -1 4269 4259 4255 -1 4269 4255 4251 -1 4265 4257 4261 -1 4257 4265 4258 -1 4258 4265 4263 -1 4294 4295 4296 -1 4296 4297 4294 -1 4297 4298 4294 -1 4297 4299 4298 -1 4299 4300 4298 -1 4299 4301 4300 -1 4302 4303 4304 -1 4302 4305 4303 -1 4306 4307 4308 -1 4307 4309 4308 -1 4306 4308 4301 -1 4301 4299 4306 -1 4310 4306 4299 -1 4299 4297 4310 -1 4302 4304 4298 -1 4298 4300 4302 -1 4311 4312 4313 -1 4314 4310 4315 -1 4314 4315 4316 -1 4317 4311 4313 -1 4297 4296 4315 -1 4315 4310 4297 -1 4295 4294 4312 -1 4312 4311 4295 -1 4318 4319 4320 -1 4320 4321 4318 -1 4322 4323 4318 -1 4318 4321 4322 -1 4324 4325 4323 -1 4323 4322 4324 -1 4317 4313 4325 -1 4325 4324 4317 -1 4324 4316 4317 -1 4324 4314 4316 -1 4326 4327 4303 -1 4303 4305 4326 -1 4305 4309 4326 -1 4309 4307 4326 -1 4328 4329 4327 -1 4327 4326 4328 -1 4330 4331 4329 -1 4329 4328 4330 -1 4332 4333 4331 -1 4331 4330 4332 -1 4334 4335 4332 -1 4332 4320 4334 -1 4332 4330 4320 -1 4330 4321 4320 -1 4330 4322 4321 -1 4330 4328 4322 -1 4328 4326 4322 -1 4326 4324 4322 -1 4326 4307 4324 -1 4307 4314 4324 -1 4307 4310 4314 -1 4307 4306 4310 -1 4335 4336 4333 -1 4333 4332 4335 -1 4320 4319 4337 -1 4337 4334 4320 -1 4296 4295 4311 -1 4311 4317 4296 -1 4317 4316 4296 -1 4316 4315 4296 -1 4335 4334 4337 -1 4337 4336 4335 -1 4333 4336 4337 -1 4337 4319 4333 -1 4319 4331 4333 -1 4319 4318 4331 -1 4318 4323 4331 -1 4323 4329 4331 -1 4323 4327 4329 -1 4323 4325 4327 -1 4325 4303 4327 -1 4325 4313 4303 -1 4313 4312 4303 -1 4312 4304 4303 -1 4312 4298 4304 -1 4312 4294 4298 -1 4309 4305 4302 -1 4302 4300 4309 -1 4300 4301 4309 -1 4301 4308 4309 -1 4338 4339 4340 -1 4339 4338 4341 -1 4341 4338 4342 -1 4341 4342 4343 -1 4343 4342 4344 -1 4343 4344 4345 -1 4344 4346 4347 -1 4344 4347 4348 -1 4349 4350 4351 -1 4351 4350 4352 -1 4349 4345 4350 -1 4345 4349 4343 -1 4353 4343 4349 -1 4343 4353 4341 -1 4344 4342 4346 -1 4354 4355 4356 -1 4357 4358 4353 -1 4357 4359 4358 -1 4360 4355 4354 -1 4341 4358 4339 -1 4358 4341 4353 -1 4340 4356 4338 -1 4356 4340 4354 -1 4361 4362 4363 -1 4362 4361 4364 -1 4365 4361 4366 -1 4361 4365 4364 -1 4367 4366 4368 -1 4366 4367 4365 -1 4360 4368 4355 -1 4368 4360 4367 -1 4367 4360 4359 -1 4367 4359 4357 -1 4369 4347 4370 -1 4347 4369 4348 -1 4348 4369 4352 -1 4352 4369 4351 -1 4371 4370 4372 -1 4370 4371 4369 -1 4373 4372 4374 -1 4372 4373 4371 -1 4375 4374 4376 -1 4374 4375 4373 -1 4362 4377 4378 -1 4377 4362 4375 -1 4375 4362 4373 -1 4373 4362 4364 -1 4373 4364 4365 -1 4373 4365 4371 -1 4371 4365 4369 -1 4369 4365 4367 -1 4369 4367 4357 -1 4369 4357 4351 -1 4351 4357 4353 -1 4351 4353 4349 -1 4377 4376 4379 -1 4376 4377 4375 -1 4362 4380 4363 -1 4380 4362 4378 -1 4339 4354 4340 -1 4354 4339 4360 -1 4360 4339 4359 -1 4359 4339 4358 -1 4377 4380 4378 -1 4380 4377 4379 -1 4376 4380 4379 -1 4380 4376 4363 -1 4363 4376 4374 -1 4363 4374 4361 -1 4361 4374 4366 -1 4366 4374 4372 -1 4366 4372 4370 -1 4366 4370 4368 -1 4368 4370 4355 -1 4355 4370 4347 -1 4355 4347 4346 -1 4355 4346 4356 -1 4356 4346 4342 -1 4356 4342 4338 -1 4352 4344 4348 -1 4344 4352 4345 -1 4345 4352 4350 -1 4381 4382 4383 -1 4383 4384 4381 -1 4384 4385 4381 -1 4384 4386 4385 -1 4386 4387 4385 -1 4386 4388 4387 -1 4389 4390 4391 -1 4389 4392 4390 -1 4393 4394 4395 -1 4394 4396 4395 -1 4393 4395 4388 -1 4388 4386 4393 -1 4397 4393 4386 -1 4386 4384 4397 -1 4389 4391 4385 -1 4385 4387 4389 -1 4398 4399 4400 -1 4401 4397 4402 -1 4401 4402 4403 -1 4404 4398 4400 -1 4384 4383 4402 -1 4402 4397 4384 -1 4382 4381 4399 -1 4399 4398 4382 -1 4405 4406 4407 -1 4407 4408 4405 -1 4409 4410 4405 -1 4405 4408 4409 -1 4411 4412 4410 -1 4410 4409 4411 -1 4404 4400 4412 -1 4412 4411 4404 -1 4411 4403 4404 -1 4411 4401 4403 -1 4413 4414 4390 -1 4390 4392 4413 -1 4392 4396 4413 -1 4396 4394 4413 -1 4415 4416 4414 -1 4414 4413 4415 -1 4417 4418 4416 -1 4416 4415 4417 -1 4419 4420 4418 -1 4418 4417 4419 -1 4421 4422 4419 -1 4419 4407 4421 -1 4419 4417 4407 -1 4417 4408 4407 -1 4417 4409 4408 -1 4417 4415 4409 -1 4415 4413 4409 -1 4413 4411 4409 -1 4413 4394 4411 -1 4394 4401 4411 -1 4394 4397 4401 -1 4394 4393 4397 -1 4422 4423 4420 -1 4420 4419 4422 -1 4407 4406 4424 -1 4424 4421 4407 -1 4383 4382 4398 -1 4398 4404 4383 -1 4404 4403 4383 -1 4403 4402 4383 -1 4422 4421 4424 -1 4424 4423 4422 -1 4420 4423 4424 -1 4424 4406 4420 -1 4406 4418 4420 -1 4406 4405 4418 -1 4405 4410 4418 -1 4410 4416 4418 -1 4410 4414 4416 -1 4410 4412 4414 -1 4412 4390 4414 -1 4412 4400 4390 -1 4400 4399 4390 -1 4399 4391 4390 -1 4399 4385 4391 -1 4399 4381 4385 -1 4396 4392 4389 -1 4389 4387 4396 -1 4387 4388 4396 -1 4388 4395 4396 -1 4425 4426 4427 -1 4426 4425 4428 -1 4428 4425 4429 -1 4428 4429 4430 -1 4430 4429 4431 -1 4430 4431 4432 -1 4431 4433 4434 -1 4431 4434 4435 -1 4436 4437 4438 -1 4438 4437 4439 -1 4436 4432 4437 -1 4432 4436 4430 -1 4440 4430 4436 -1 4430 4440 4428 -1 4431 4429 4433 -1 4441 4442 4443 -1 4444 4445 4440 -1 4444 4446 4445 -1 4447 4442 4441 -1 4428 4445 4426 -1 4445 4428 4440 -1 4427 4443 4425 -1 4443 4427 4441 -1 4448 4449 4450 -1 4449 4448 4451 -1 4452 4448 4453 -1 4448 4452 4451 -1 4454 4453 4455 -1 4453 4454 4452 -1 4447 4455 4442 -1 4455 4447 4454 -1 4454 4447 4446 -1 4454 4446 4444 -1 4456 4434 4457 -1 4434 4456 4435 -1 4435 4456 4439 -1 4439 4456 4438 -1 4458 4457 4459 -1 4457 4458 4456 -1 4460 4459 4461 -1 4459 4460 4458 -1 4462 4461 4463 -1 4461 4462 4460 -1 4449 4464 4465 -1 4464 4449 4462 -1 4462 4449 4460 -1 4460 4449 4451 -1 4460 4451 4452 -1 4460 4452 4458 -1 4458 4452 4456 -1 4456 4452 4454 -1 4456 4454 4444 -1 4456 4444 4438 -1 4438 4444 4440 -1 4438 4440 4436 -1 4464 4463 4466 -1 4463 4464 4462 -1 4449 4467 4450 -1 4467 4449 4465 -1 4426 4441 4427 -1 4441 4426 4447 -1 4447 4426 4446 -1 4446 4426 4445 -1 4464 4467 4465 -1 4467 4464 4466 -1 4463 4467 4466 -1 4467 4463 4450 -1 4450 4463 4461 -1 4450 4461 4448 -1 4448 4461 4453 -1 4453 4461 4459 -1 4453 4459 4457 -1 4453 4457 4455 -1 4455 4457 4442 -1 4442 4457 4434 -1 4442 4434 4433 -1 4442 4433 4443 -1 4443 4433 4429 -1 4443 4429 4425 -1 4439 4431 4435 -1 4431 4439 4432 -1 4432 4439 4437 -1 4468 4469 4470 -1 4470 4471 4468 -1 4471 4472 4468 -1 4471 4473 4472 -1 4473 4474 4472 -1 4473 4475 4474 -1 4476 4477 4478 -1 4476 4479 4477 -1 4480 4481 4482 -1 4481 4483 4482 -1 4480 4482 4475 -1 4475 4473 4480 -1 4484 4480 4473 -1 4473 4471 4484 -1 4476 4478 4472 -1 4472 4474 4476 -1 4485 4486 4487 -1 4488 4484 4489 -1 4488 4489 4490 -1 4491 4485 4487 -1 4471 4470 4489 -1 4489 4484 4471 -1 4469 4468 4486 -1 4486 4485 4469 -1 4492 4493 4494 -1 4494 4495 4492 -1 4496 4497 4492 -1 4492 4495 4496 -1 4498 4499 4497 -1 4497 4496 4498 -1 4491 4487 4499 -1 4499 4498 4491 -1 4498 4490 4491 -1 4498 4488 4490 -1 4500 4501 4477 -1 4477 4479 4500 -1 4479 4483 4500 -1 4483 4481 4500 -1 4502 4503 4501 -1 4501 4500 4502 -1 4504 4505 4503 -1 4503 4502 4504 -1 4506 4507 4505 -1 4505 4504 4506 -1 4508 4509 4506 -1 4506 4494 4508 -1 4506 4504 4494 -1 4504 4495 4494 -1 4504 4496 4495 -1 4504 4502 4496 -1 4502 4500 4496 -1 4500 4498 4496 -1 4500 4481 4498 -1 4481 4488 4498 -1 4481 4484 4488 -1 4481 4480 4484 -1 4509 4510 4507 -1 4507 4506 4509 -1 4494 4493 4511 -1 4511 4508 4494 -1 4470 4469 4485 -1 4485 4491 4470 -1 4491 4490 4470 -1 4490 4489 4470 -1 4509 4508 4511 -1 4511 4510 4509 -1 4507 4510 4511 -1 4511 4493 4507 -1 4493 4505 4507 -1 4493 4492 4505 -1 4492 4497 4505 -1 4497 4503 4505 -1 4497 4501 4503 -1 4497 4499 4501 -1 4499 4477 4501 -1 4499 4487 4477 -1 4487 4486 4477 -1 4486 4478 4477 -1 4486 4472 4478 -1 4486 4468 4472 -1 4483 4479 4476 -1 4476 4474 4483 -1 4474 4475 4483 -1 4475 4482 4483 -1 4512 4513 4514 -1 4513 4512 4515 -1 4515 4512 4516 -1 4515 4516 4517 -1 4517 4516 4518 -1 4517 4518 4519 -1 4518 4520 4521 -1 4518 4521 4522 -1 4523 4524 4525 -1 4525 4524 4526 -1 4523 4519 4524 -1 4519 4523 4517 -1 4527 4517 4523 -1 4517 4527 4515 -1 4518 4516 4520 -1 4528 4529 4530 -1 4531 4532 4527 -1 4531 4533 4532 -1 4534 4529 4528 -1 4515 4532 4513 -1 4532 4515 4527 -1 4514 4530 4512 -1 4530 4514 4528 -1 4535 4536 4537 -1 4536 4535 4538 -1 4539 4535 4540 -1 4535 4539 4538 -1 4541 4540 4542 -1 4540 4541 4539 -1 4534 4542 4529 -1 4542 4534 4541 -1 4541 4534 4533 -1 4541 4533 4531 -1 4543 4521 4544 -1 4521 4543 4522 -1 4522 4543 4526 -1 4526 4543 4525 -1 4545 4544 4546 -1 4544 4545 4543 -1 4547 4546 4548 -1 4546 4547 4545 -1 4549 4548 4550 -1 4548 4549 4547 -1 4536 4551 4552 -1 4551 4536 4549 -1 4549 4536 4547 -1 4547 4536 4538 -1 4547 4538 4539 -1 4547 4539 4545 -1 4545 4539 4543 -1 4543 4539 4541 -1 4543 4541 4531 -1 4543 4531 4525 -1 4525 4531 4527 -1 4525 4527 4523 -1 4551 4550 4553 -1 4550 4551 4549 -1 4536 4554 4537 -1 4554 4536 4552 -1 4513 4528 4514 -1 4528 4513 4534 -1 4534 4513 4533 -1 4533 4513 4532 -1 4551 4554 4552 -1 4554 4551 4553 -1 4550 4554 4553 -1 4554 4550 4537 -1 4537 4550 4548 -1 4537 4548 4535 -1 4535 4548 4540 -1 4540 4548 4546 -1 4540 4546 4544 -1 4540 4544 4542 -1 4542 4544 4529 -1 4529 4544 4521 -1 4529 4521 4520 -1 4529 4520 4530 -1 4530 4520 4516 -1 4530 4516 4512 -1 4526 4518 4522 -1 4518 4526 4519 -1 4519 4526 4524 -1 4555 4556 4557 -1 4557 4558 4555 -1 4558 4559 4555 -1 4558 4560 4559 -1 4560 4561 4559 -1 4560 4562 4561 -1 4563 4564 4565 -1 4563 4566 4564 -1 4567 4568 4569 -1 4568 4570 4569 -1 4567 4569 4562 -1 4562 4560 4567 -1 4571 4567 4560 -1 4560 4558 4571 -1 4563 4565 4559 -1 4559 4561 4563 -1 4572 4573 4574 -1 4575 4571 4576 -1 4575 4576 4577 -1 4578 4572 4574 -1 4558 4557 4576 -1 4576 4571 4558 -1 4556 4555 4573 -1 4573 4572 4556 -1 4579 4580 4581 -1 4581 4582 4579 -1 4583 4584 4579 -1 4579 4582 4583 -1 4585 4586 4584 -1 4584 4583 4585 -1 4578 4574 4586 -1 4586 4585 4578 -1 4585 4577 4578 -1 4585 4575 4577 -1 4587 4588 4564 -1 4564 4566 4587 -1 4566 4570 4587 -1 4570 4568 4587 -1 4589 4590 4588 -1 4588 4587 4589 -1 4591 4592 4590 -1 4590 4589 4591 -1 4593 4594 4592 -1 4592 4591 4593 -1 4595 4596 4593 -1 4593 4581 4595 -1 4593 4591 4581 -1 4591 4582 4581 -1 4591 4583 4582 -1 4591 4589 4583 -1 4589 4587 4583 -1 4587 4585 4583 -1 4587 4568 4585 -1 4568 4575 4585 -1 4568 4571 4575 -1 4568 4567 4571 -1 4596 4597 4594 -1 4594 4593 4596 -1 4581 4580 4598 -1 4598 4595 4581 -1 4557 4556 4572 -1 4572 4578 4557 -1 4578 4577 4557 -1 4577 4576 4557 -1 4596 4595 4598 -1 4598 4597 4596 -1 4594 4597 4598 -1 4598 4580 4594 -1 4580 4592 4594 -1 4580 4579 4592 -1 4579 4584 4592 -1 4584 4590 4592 -1 4584 4588 4590 -1 4584 4586 4588 -1 4586 4564 4588 -1 4586 4574 4564 -1 4574 4573 4564 -1 4573 4565 4564 -1 4573 4559 4565 -1 4573 4555 4559 -1 4570 4566 4563 -1 4563 4561 4570 -1 4561 4562 4570 -1 4562 4569 4570 -1 4599 4600 4601 -1 4600 4599 4602 -1 4602 4599 4603 -1 4602 4603 4604 -1 4604 4603 4605 -1 4604 4605 4606 -1 4605 4607 4608 -1 4605 4608 4609 -1 4610 4611 4612 -1 4612 4611 4613 -1 4610 4606 4611 -1 4606 4610 4604 -1 4614 4604 4610 -1 4604 4614 4602 -1 4605 4603 4607 -1 4615 4616 4617 -1 4618 4619 4614 -1 4618 4620 4619 -1 4621 4616 4615 -1 4602 4619 4600 -1 4619 4602 4614 -1 4601 4617 4599 -1 4617 4601 4615 -1 4622 4623 4624 -1 4623 4622 4625 -1 4626 4622 4627 -1 4622 4626 4625 -1 4628 4627 4629 -1 4627 4628 4626 -1 4621 4629 4616 -1 4629 4621 4628 -1 4628 4621 4620 -1 4628 4620 4618 -1 4630 4608 4631 -1 4608 4630 4609 -1 4609 4630 4613 -1 4613 4630 4612 -1 4632 4631 4633 -1 4631 4632 4630 -1 4634 4633 4635 -1 4633 4634 4632 -1 4636 4635 4637 -1 4635 4636 4634 -1 4623 4638 4639 -1 4638 4623 4636 -1 4636 4623 4634 -1 4634 4623 4625 -1 4634 4625 4626 -1 4634 4626 4632 -1 4632 4626 4630 -1 4630 4626 4628 -1 4630 4628 4618 -1 4630 4618 4612 -1 4612 4618 4614 -1 4612 4614 4610 -1 4638 4637 4640 -1 4637 4638 4636 -1 4623 4641 4624 -1 4641 4623 4639 -1 4600 4615 4601 -1 4615 4600 4621 -1 4621 4600 4620 -1 4620 4600 4619 -1 4638 4641 4639 -1 4641 4638 4640 -1 4637 4641 4640 -1 4641 4637 4624 -1 4624 4637 4635 -1 4624 4635 4622 -1 4622 4635 4627 -1 4627 4635 4633 -1 4627 4633 4631 -1 4627 4631 4629 -1 4629 4631 4616 -1 4616 4631 4608 -1 4616 4608 4607 -1 4616 4607 4617 -1 4617 4607 4603 -1 4617 4603 4599 -1 4613 4605 4609 -1 4605 4613 4606 -1 4606 4613 4611 -1 4642 4643 4644 -1 4643 4642 4645 -1 4645 4642 4646 -1 4647 4645 4646 -1 4645 4647 4648 -1 4649 4643 4650 -1 4643 4649 4644 -1 4647 4650 4648 -1 4650 4647 4649 -1 4649 4647 4651 -1 4650 4645 4648 -1 4645 4650 4643 -1 4649 4642 4644 -1 4642 4649 4651 -1 4642 4647 4646 -1 4647 4642 4651 -1 4652 4653 4654 -1 4653 4652 4655 -1 4655 4652 4656 -1 4657 4655 4656 -1 4655 4657 4658 -1 4659 4653 4660 -1 4653 4659 4654 -1 4657 4660 4658 -1 4660 4657 4659 -1 4659 4657 4661 -1 4660 4655 4658 -1 4655 4660 4653 -1 4659 4652 4654 -1 4652 4659 4661 -1 4652 4657 4656 -1 4657 4652 4661 -1 4662 4663 4664 -1 4663 4662 4665 -1 4665 4662 4666 -1 4667 4665 4666 -1 4665 4667 4668 -1 4669 4663 4670 -1 4663 4669 4664 -1 4667 4670 4668 -1 4670 4667 4669 -1 4669 4667 4671 -1 4670 4665 4668 -1 4665 4670 4663 -1 4669 4662 4664 -1 4662 4669 4671 -1 4662 4667 4666 -1 4667 4662 4671 -1 4672 4673 4674 -1 4673 4672 4675 -1 4675 4672 4676 -1 4677 4675 4676 -1 4675 4677 4678 -1 4679 4673 4680 -1 4673 4679 4674 -1 4677 4680 4678 -1 4680 4677 4679 -1 4679 4677 4681 -1 4680 4675 4678 -1 4675 4680 4673 -1 4679 4672 4674 -1 4672 4679 4681 -1 4672 4677 4676 -1 4677 4672 4681 -1 4682 4683 4684 -1 4683 4682 4685 -1 4685 4682 4686 -1 4687 4685 4686 -1 4685 4687 4688 -1 4689 4683 4690 -1 4683 4689 4684 -1 4687 4690 4688 -1 4690 4687 4689 -1 4689 4687 4691 -1 4690 4685 4688 -1 4685 4690 4683 -1 4689 4682 4684 -1 4682 4689 4691 -1 4682 4687 4686 -1 4687 4682 4691 -1 4692 4693 4694 -1 4693 4692 4695 -1 4695 4692 4696 -1 4697 4695 4696 -1 4695 4697 4698 -1 4699 4693 4700 -1 4693 4699 4694 -1 4697 4700 4698 -1 4700 4697 4699 -1 4699 4697 4701 -1 4700 4695 4698 -1 4695 4700 4693 -1 4699 4692 4694 -1 4692 4699 4701 -1 4692 4697 4696 -1 4697 4692 4701 -1 4702 4703 4704 -1 4703 4702 4705 -1 4705 4706 4703 -1 4706 4705 4707 -1 4707 4705 4708 -1 4709 4710 4711 -1 4710 4709 4712 -1 4712 4709 4713 -1 4712 4713 4714 -1 4714 4713 4708 -1 4714 4708 4715 -1 4715 4708 4705 -1 4715 4705 4702 -1 4716 4707 4717 -1 4707 4716 4706 -1 4704 4706 4716 -1 4706 4704 4703 -1 4710 4718 4711 -1 4718 4710 4719 -1 4720 4715 4717 -1 4715 4720 4721 -1 4715 4721 4714 -1 4722 4718 4719 -1 4718 4722 4723 -1 4723 4722 4724 -1 4723 4724 4725 -1 4724 4726 4725 -1 4726 4724 4721 -1 4726 4721 4727 -1 4727 4721 4720 -1 4713 4725 4726 -1 4725 4713 4723 -1 4723 4713 4709 -1 4716 4702 4704 -1 4702 4716 4717 -1 4702 4717 4715 -1 4724 4714 4721 -1 4714 4724 4722 -1 4714 4722 4712 -1 4719 4712 4722 -1 4712 4719 4710 -1 4709 4718 4723 -1 4718 4709 4711 -1 4708 4727 4707 -1 4727 4708 4726 -1 4726 4708 4713 -1 4720 4707 4727 -1 4707 4720 4717 -1 4728 4729 4730 -1 4730 4731 4728 -1 4731 4730 4732 -1 4732 4733 4731 -1 4733 4734 4731 -1 4735 4 4736 -1 4736 4737 4735 -1 4737 4738 4735 -1 4737 4739 4738 -1 4739 4734 4738 -1 4739 4740 4734 -1 4740 4731 4734 -1 4740 4728 4731 -1 4741 4742 4733 -1 4733 4732 4741 -1 4729 4741 4732 -1 4732 4730 4729 -1 4736 4 4743 -1 4743 4744 4736 -1 4745 4742 4740 -1 4740 4746 4745 -1 4740 4739 4746 -1 4747 4744 4743 -1 4743 4748 4747 -1 4748 4749 4747 -1 4748 4750 4749 -1 4749 4750 4751 -1 4751 4746 4749 -1 4751 4752 4746 -1 4752 4745 4746 -1 4738 4751 4750 -1 4750 4748 4738 -1 4748 4735 4738 -1 4741 4729 4728 -1 4728 4742 4741 -1 4728 4740 4742 -1 4749 4746 4739 -1 4739 4747 4749 -1 4739 4737 4747 -1 4744 4747 4737 -1 4737 4736 4744 -1 4735 4748 4743 -1 4743 4 4735 -1 4734 4733 4752 -1 4752 4751 4734 -1 4751 4738 4734 -1 4745 4752 4733 -1 4733 4742 4745 -1 4753 4754 4755 -1 4754 4753 4756 -1 4756 4753 4757 -1 4756 4757 4758 -1 4758 4757 4759 -1 4758 4759 4760 -1 4761 4758 4760 -1 4758 4761 4762 -1 4763 4760 4759 -1 4760 4763 4761 -1 4763 4757 4764 -1 4757 4763 4759 -1 4757 4765 4764 -1 4765 4757 4753 -1 4755 4765 4753 -1 4765 4755 4766 -1 4754 4766 4755 -1 4766 4754 4767 -1 4754 4768 4767 -1 4768 4754 4756 -1 4768 4758 4762 -1 4758 4768 4756 -1 4769 4762 4761 -1 4762 4769 4770 -1 4771 4761 4763 -1 4761 4771 4769 -1 4771 4764 4772 -1 4764 4771 4763 -1 4764 4773 4772 -1 4773 4764 4765 -1 4766 4773 4765 -1 4773 4766 4774 -1 4767 4774 4766 -1 4774 4767 4775 -1 4767 4776 4775 -1 4776 4767 4768 -1 4776 4762 4770 -1 4762 4776 4768 -1 4777 4770 4769 -1 4770 4777 4778 -1 4779 4769 4771 -1 4769 4779 4777 -1 4779 4772 4780 -1 4772 4779 4771 -1 4772 4781 4780 -1 4781 4772 4773 -1 4774 4781 4773 -1 4781 4774 4782 -1 4775 4782 4774 -1 4782 4775 4783 -1 4775 4784 4783 -1 4784 4775 4776 -1 4784 4770 4778 -1 4770 4784 4776 -1 4785 4778 4777 -1 4778 4785 4786 -1 4787 4777 4779 -1 4777 4787 4785 -1 4787 4780 4788 -1 4780 4787 4779 -1 4780 4789 4788 -1 4789 4780 4781 -1 4782 4789 4781 -1 4789 4782 4790 -1 4783 4790 4782 -1 4790 4783 4791 -1 4783 4792 4791 -1 4792 4783 4784 -1 4792 4778 4786 -1 4778 4792 4784 -1 4793 4786 4785 -1 4786 4793 4794 -1 4795 4785 4787 -1 4785 4795 4793 -1 4787 4796 4795 -1 4796 4787 4788 -1 4788 4797 4796 -1 4797 4788 4789 -1 4790 4797 4789 -1 4797 4790 4798 -1 4791 4798 4790 -1 4798 4791 4799 -1 4791 4800 4799 -1 4800 4791 4792 -1 4792 4794 4800 -1 4794 4792 4786 -1 4801 4793 4802 -1 4793 4801 4794 -1 4802 4795 4803 -1 4795 4802 4793 -1 4795 4804 4803 -1 4804 4795 4796 -1 4804 4797 4805 -1 4797 4804 4796 -1 4797 4806 4805 -1 4806 4797 4798 -1 4798 4807 4806 -1 4807 4798 4799 -1 4807 4800 4808 -1 4800 4807 4799 -1 4800 4801 4808 -1 4801 4800 4794 -1 4809 4802 4810 -1 4802 4809 4801 -1 4810 4803 4811 -1 4803 4810 4802 -1 4803 4812 4811 -1 4812 4803 4804 -1 4812 4805 4813 -1 4805 4812 4804 -1 4805 4814 4813 -1 4814 4805 4806 -1 4806 4815 4814 -1 4815 4806 4807 -1 4815 4808 4816 -1 4808 4815 4807 -1 4808 4809 4816 -1 4809 4808 4801 -1 4817 4810 4818 -1 4810 4817 4809 -1 4818 4811 4819 -1 4811 4818 4810 -1 4811 4820 4819 -1 4820 4811 4812 -1 4820 4813 4821 -1 4813 4820 4812 -1 4813 4822 4821 -1 4822 4813 4814 -1 4814 4823 4822 -1 4823 4814 4815 -1 4823 4816 4824 -1 4816 4823 4815 -1 4816 4817 4824 -1 4817 4816 4809 -1 4825 4818 4826 -1 4818 4825 4817 -1 4826 4819 4827 -1 4819 4826 4818 -1 4819 4828 4827 -1 4828 4819 4820 -1 4828 4821 4829 -1 4821 4828 4820 -1 4821 4830 4829 -1 4830 4821 4822 -1 4822 4831 4830 -1 4831 4822 4823 -1 4831 4824 4832 -1 4824 4831 4823 -1 4824 4825 4832 -1 4825 4824 4817 -1 4833 4826 4834 -1 4826 4833 4825 -1 4834 4827 4835 -1 4827 4834 4826 -1 4827 4836 4835 -1 4836 4827 4828 -1 4836 4829 4837 -1 4829 4836 4828 -1 4829 4838 4837 -1 4838 4829 4830 -1 4830 4839 4838 -1 4839 4830 4831 -1 4839 4832 4840 -1 4832 4839 4831 -1 4832 4833 4840 -1 4833 4832 4825 -1 4839 4837 4838 -1 4837 4839 4840 -1 4837 4840 4836 -1 4836 4840 4833 -1 4836 4833 4835 -1 4835 4833 4834 -1 4841 4842 4843 -1 4842 4841 4844 -1 4844 4845 4842 -1 4845 4844 4846 -1 4846 4844 4847 -1 4848 4849 4850 -1 4849 4848 4851 -1 4851 4848 4852 -1 4851 4852 4853 -1 4853 4852 4847 -1 4853 4847 4854 -1 4854 4847 4844 -1 4854 4844 4841 -1 4855 4846 4856 -1 4846 4855 4845 -1 4843 4845 4855 -1 4845 4843 4842 -1 4849 4857 4850 -1 4857 4849 4858 -1 4859 4854 4856 -1 4854 4859 4860 -1 4854 4860 4853 -1 4861 4857 4858 -1 4857 4861 4862 -1 4862 4861 4863 -1 4862 4863 4864 -1 4863 4865 4864 -1 4865 4863 4860 -1 4865 4860 4866 -1 4866 4860 4859 -1 4852 4864 4865 -1 4864 4852 4862 -1 4862 4852 4848 -1 4855 4841 4843 -1 4841 4855 4856 -1 4841 4856 4854 -1 4863 4853 4860 -1 4853 4863 4861 -1 4853 4861 4851 -1 4858 4851 4861 -1 4851 4858 4849 -1 4848 4857 4862 -1 4857 4848 4850 -1 4847 4866 4846 -1 4866 4847 4865 -1 4865 4847 4852 -1 4859 4846 4866 -1 4846 4859 4856 -1 4867 4868 4869 -1 4869 4870 4867 -1 4870 4869 4871 -1 4871 4872 4870 -1 4872 4873 4870 -1 4874 4875 4876 -1 4876 4877 4874 -1 4877 4878 4874 -1 4877 4879 4878 -1 4879 4873 4878 -1 4879 4880 4873 -1 4880 4870 4873 -1 4880 4867 4870 -1 4881 4882 4872 -1 4872 4871 4881 -1 4868 4881 4871 -1 4871 4869 4868 -1 4876 4875 4883 -1 4883 4884 4876 -1 4885 4882 4880 -1 4880 4886 4885 -1 4880 4879 4886 -1 4887 4884 4883 -1 4883 4888 4887 -1 4888 4889 4887 -1 4888 4890 4889 -1 4889 4890 4891 -1 4891 4886 4889 -1 4891 4892 4886 -1 4892 4885 4886 -1 4878 4891 4890 -1 4890 4888 4878 -1 4888 4874 4878 -1 4881 4868 4867 -1 4867 4882 4881 -1 4867 4880 4882 -1 4889 4886 4879 -1 4879 4887 4889 -1 4879 4877 4887 -1 4884 4887 4877 -1 4877 4876 4884 -1 4874 4888 4883 -1 4883 4875 4874 -1 4873 4872 4892 -1 4892 4891 4873 -1 4891 4878 4873 -1 4885 4892 4872 -1 4872 4882 4885 -1 4893 4894 4895 -1 4894 4893 4896 -1 4896 4893 4897 -1 4896 4897 4898 -1 4898 4897 4899 -1 4898 4899 4900 -1 4901 4898 4900 -1 4898 4901 4902 -1 4903 4900 4899 -1 4900 4903 4901 -1 4903 4897 4904 -1 4897 4903 4899 -1 4897 4905 4904 -1 4905 4897 4893 -1 4895 4905 4893 -1 4905 4895 4906 -1 4894 4906 4895 -1 4906 4894 4907 -1 4894 4908 4907 -1 4908 4894 4896 -1 4908 4898 4902 -1 4898 4908 4896 -1 4909 4902 4901 -1 4902 4909 4910 -1 4911 4901 4903 -1 4901 4911 4909 -1 4911 4904 4912 -1 4904 4911 4903 -1 4904 4913 4912 -1 4913 4904 4905 -1 4906 4913 4905 -1 4913 4906 4914 -1 4907 4914 4906 -1 4914 4907 4915 -1 4907 4916 4915 -1 4916 4907 4908 -1 4916 4902 4910 -1 4902 4916 4908 -1 4917 4910 4909 -1 4910 4917 4918 -1 4919 4909 4911 -1 4909 4919 4917 -1 4919 4912 4920 -1 4912 4919 4911 -1 4912 4921 4920 -1 4921 4912 4913 -1 4914 4921 4913 -1 4921 4914 4922 -1 4915 4922 4914 -1 4922 4915 4923 -1 4915 4924 4923 -1 4924 4915 4916 -1 4924 4910 4918 -1 4910 4924 4916 -1 4925 4918 4917 -1 4918 4925 4926 -1 4927 4917 4919 -1 4917 4927 4925 -1 4927 4920 4928 -1 4920 4927 4919 -1 4920 4929 4928 -1 4929 4920 4921 -1 4922 4929 4921 -1 4929 4922 4930 -1 4923 4930 4922 -1 4930 4923 4931 -1 4923 4932 4931 -1 4932 4923 4924 -1 4932 4918 4926 -1 4918 4932 4924 -1 4933 4926 4925 -1 4926 4933 4934 -1 4935 4925 4927 -1 4925 4935 4933 -1 4927 4936 4935 -1 4936 4927 4928 -1 4928 4937 4936 -1 4937 4928 4929 -1 4930 4937 4929 -1 4937 4930 4938 -1 4931 4938 4930 -1 4938 4931 4939 -1 4931 4940 4939 -1 4940 4931 4932 -1 4932 4934 4940 -1 4934 4932 4926 -1 4941 4933 4942 -1 4933 4941 4934 -1 4942 4935 4943 -1 4935 4942 4933 -1 4935 4944 4943 -1 4944 4935 4936 -1 4944 4937 4945 -1 4937 4944 4936 -1 4937 4946 4945 -1 4946 4937 4938 -1 4938 4947 4946 -1 4947 4938 4939 -1 4947 4940 4948 -1 4940 4947 4939 -1 4940 4941 4948 -1 4941 4940 4934 -1 4949 4942 4950 -1 4942 4949 4941 -1 4950 4943 4951 -1 4943 4950 4942 -1 4943 4952 4951 -1 4952 4943 4944 -1 4952 4945 4953 -1 4945 4952 4944 -1 4945 4954 4953 -1 4954 4945 4946 -1 4946 4955 4954 -1 4955 4946 4947 -1 4955 4948 4956 -1 4948 4955 4947 -1 4948 4949 4956 -1 4949 4948 4941 -1 4957 4950 4958 -1 4950 4957 4949 -1 4958 4951 4959 -1 4951 4958 4950 -1 4951 4960 4959 -1 4960 4951 4952 -1 4960 4953 4961 -1 4953 4960 4952 -1 4953 4962 4961 -1 4962 4953 4954 -1 4954 4963 4962 -1 4963 4954 4955 -1 4963 4956 4964 -1 4956 4963 4955 -1 4956 4957 4964 -1 4957 4956 4949 -1 4965 4958 4966 -1 4958 4965 4957 -1 4966 4959 4967 -1 4959 4966 4958 -1 4959 4968 4967 -1 4968 4959 4960 -1 4968 4961 4969 -1 4961 4968 4960 -1 4961 4970 4969 -1 4970 4961 4962 -1 4962 4971 4970 -1 4971 4962 4963 -1 4971 4964 4972 -1 4964 4971 4963 -1 4964 4965 4972 -1 4965 4964 4957 -1 4973 4966 4974 -1 4966 4973 4965 -1 4974 4967 4975 -1 4967 4974 4966 -1 4967 4976 4975 -1 4976 4967 4968 -1 4976 4969 4977 -1 4969 4976 4968 -1 4969 4978 4977 -1 4978 4969 4970 -1 4970 4979 4978 -1 4979 4970 4971 -1 4979 4972 4980 -1 4972 4979 4971 -1 4972 4973 4980 -1 4973 4972 4965 -1 4979 4977 4978 -1 4977 4979 4980 -1 4977 4980 4976 -1 4976 4980 4973 -1 4976 4973 4975 -1 4975 4973 4974 -1 4981 4982 4983 -1 4982 4981 4984 -1 4984 4985 4982 -1 4985 4984 4986 -1 4986 4984 4987 -1 4988 4989 4990 -1 4989 4988 4991 -1 4991 4988 4992 -1 4991 4992 4993 -1 4993 4992 4987 -1 4993 4987 4994 -1 4994 4987 4984 -1 4994 4984 4981 -1 4995 4986 4996 -1 4986 4995 4985 -1 4983 4985 4995 -1 4985 4983 4982 -1 4989 4997 4990 -1 4997 4989 4998 -1 4999 4994 4996 -1 4994 4999 5000 -1 4994 5000 4993 -1 5001 4997 4998 -1 4997 5001 5002 -1 5002 5001 5003 -1 5002 5003 5004 -1 5003 5005 5004 -1 5005 5003 5000 -1 5005 5000 5006 -1 5006 5000 4999 -1 4992 5004 5005 -1 5004 4992 5002 -1 5002 4992 4988 -1 4995 4981 4983 -1 4981 4995 4996 -1 4981 4996 4994 -1 5003 4993 5000 -1 4993 5003 5001 -1 4993 5001 4991 -1 4998 4991 5001 -1 4991 4998 4989 -1 4988 4997 5002 -1 4997 4988 4990 -1 4987 5006 4986 -1 5006 4987 5005 -1 5005 4987 4992 -1 4999 4986 5006 -1 4986 4999 4996 -1 5007 5008 5009 -1 5009 5010 5007 -1 5010 5009 5011 -1 5011 5012 5010 -1 5012 5013 5010 -1 5014 5015 5016 -1 5016 5017 5014 -1 5017 5018 5014 -1 5017 5019 5018 -1 5019 5013 5018 -1 5019 5020 5013 -1 5020 5010 5013 -1 5020 5007 5010 -1 5021 5022 5012 -1 5012 5011 5021 -1 5008 5021 5011 -1 5011 5009 5008 -1 5016 5015 5023 -1 5023 5024 5016 -1 5025 5022 5020 -1 5020 5026 5025 -1 5020 5019 5026 -1 5027 5024 5023 -1 5023 5028 5027 -1 5028 5029 5027 -1 5028 5030 5029 -1 5029 5030 5031 -1 5031 5026 5029 -1 5031 5032 5026 -1 5032 5025 5026 -1 5018 5031 5030 -1 5030 5028 5018 -1 5028 5014 5018 -1 5021 5008 5007 -1 5007 5022 5021 -1 5007 5020 5022 -1 5029 5026 5019 -1 5019 5027 5029 -1 5019 5017 5027 -1 5024 5027 5017 -1 5017 5016 5024 -1 5014 5028 5023 -1 5023 5015 5014 -1 5013 5012 5032 -1 5032 5031 5013 -1 5031 5018 5013 -1 5025 5032 5012 -1 5012 5022 5025 -1 5033 5034 5035 -1 5034 5033 5036 -1 5036 5033 5037 -1 5036 5037 5038 -1 5038 5037 5039 -1 5038 5039 5040 -1 5041 5038 5040 -1 5038 5041 5042 -1 5043 5040 5039 -1 5040 5043 5041 -1 5043 5037 5044 -1 5037 5043 5039 -1 5037 5045 5044 -1 5045 5037 5033 -1 5035 5045 5033 -1 5045 5035 5046 -1 5034 5046 5035 -1 5046 5034 5047 -1 5034 5048 5047 -1 5048 5034 5036 -1 5048 5038 5042 -1 5038 5048 5036 -1 5049 5042 5041 -1 5042 5049 5050 -1 5051 5041 5043 -1 5041 5051 5049 -1 5051 5044 5052 -1 5044 5051 5043 -1 5044 5053 5052 -1 5053 5044 5045 -1 5046 5053 5045 -1 5053 5046 5054 -1 5047 5054 5046 -1 5054 5047 5055 -1 5047 5056 5055 -1 5056 5047 5048 -1 5056 5042 5050 -1 5042 5056 5048 -1 5057 5050 5049 -1 5050 5057 5058 -1 5059 5049 5051 -1 5049 5059 5057 -1 5059 5052 5060 -1 5052 5059 5051 -1 5052 5061 5060 -1 5061 5052 5053 -1 5054 5061 5053 -1 5061 5054 5062 -1 5055 5062 5054 -1 5062 5055 5063 -1 5055 5064 5063 -1 5064 5055 5056 -1 5064 5050 5058 -1 5050 5064 5056 -1 5065 5058 5057 -1 5058 5065 5066 -1 5067 5057 5059 -1 5057 5067 5065 -1 5067 5060 5068 -1 5060 5067 5059 -1 5060 5069 5068 -1 5069 5060 5061 -1 5062 5069 5061 -1 5069 5062 5070 -1 5063 5070 5062 -1 5070 5063 5071 -1 5063 5072 5071 -1 5072 5063 5064 -1 5072 5058 5066 -1 5058 5072 5064 -1 5073 5066 5065 -1 5066 5073 5074 -1 5075 5065 5067 -1 5065 5075 5073 -1 5067 5076 5075 -1 5076 5067 5068 -1 5068 5077 5076 -1 5077 5068 5069 -1 5070 5077 5069 -1 5077 5070 5078 -1 5071 5078 5070 -1 5078 5071 5079 -1 5071 5080 5079 -1 5080 5071 5072 -1 5072 5074 5080 -1 5074 5072 5066 -1 5081 5073 5082 -1 5073 5081 5074 -1 5082 5075 5083 -1 5075 5082 5073 -1 5075 5084 5083 -1 5084 5075 5076 -1 5084 5077 5085 -1 5077 5084 5076 -1 5077 5086 5085 -1 5086 5077 5078 -1 5078 5087 5086 -1 5087 5078 5079 -1 5087 5080 5088 -1 5080 5087 5079 -1 5080 5081 5088 -1 5081 5080 5074 -1 5089 5082 5090 -1 5082 5089 5081 -1 5090 5083 5091 -1 5083 5090 5082 -1 5083 5092 5091 -1 5092 5083 5084 -1 5092 5085 5093 -1 5085 5092 5084 -1 5085 5094 5093 -1 5094 5085 5086 -1 5086 5095 5094 -1 5095 5086 5087 -1 5095 5088 5096 -1 5088 5095 5087 -1 5088 5089 5096 -1 5089 5088 5081 -1 5097 5090 5098 -1 5090 5097 5089 -1 5098 5091 5099 -1 5091 5098 5090 -1 5091 5100 5099 -1 5100 5091 5092 -1 5100 5093 5101 -1 5093 5100 5092 -1 5093 5102 5101 -1 5102 5093 5094 -1 5094 5103 5102 -1 5103 5094 5095 -1 5103 5096 5104 -1 5096 5103 5095 -1 5096 5097 5104 -1 5097 5096 5089 -1 5105 5098 5106 -1 5098 5105 5097 -1 5106 5099 5107 -1 5099 5106 5098 -1 5099 5108 5107 -1 5108 5099 5100 -1 5108 5101 5109 -1 5101 5108 5100 -1 5101 5110 5109 -1 5110 5101 5102 -1 5102 5111 5110 -1 5111 5102 5103 -1 5111 5104 5112 -1 5104 5111 5103 -1 5104 5105 5112 -1 5105 5104 5097 -1 5113 5106 5114 -1 5106 5113 5105 -1 5114 5107 5115 -1 5107 5114 5106 -1 5107 5116 5115 -1 5116 5107 5108 -1 5116 5109 5117 -1 5109 5116 5108 -1 5109 5118 5117 -1 5118 5109 5110 -1 5110 5119 5118 -1 5119 5110 5111 -1 5119 5112 5120 -1 5112 5119 5111 -1 5112 5113 5120 -1 5113 5112 5105 -1 5119 5117 5118 -1 5117 5119 5120 -1 5117 5120 5116 -1 5116 5120 5113 -1 5116 5113 5115 -1 5115 5113 5114 -1 5121 5122 5123 -1 5122 5121 5124 -1 5124 5125 5122 -1 5125 5124 5126 -1 5126 5124 5127 -1 5128 5129 5130 -1 5129 5128 5131 -1 5131 5128 5132 -1 5131 5132 5133 -1 5133 5132 5127 -1 5133 5127 5134 -1 5134 5127 5124 -1 5134 5124 5121 -1 5135 5126 5136 -1 5126 5135 5125 -1 5123 5125 5135 -1 5125 5123 5122 -1 5129 5137 5130 -1 5137 5129 5138 -1 5139 5134 5136 -1 5134 5139 5140 -1 5134 5140 5133 -1 5141 5137 5138 -1 5137 5141 5142 -1 5142 5141 5143 -1 5142 5143 5144 -1 5143 5145 5144 -1 5145 5143 5140 -1 5145 5140 5146 -1 5146 5140 5139 -1 5132 5144 5145 -1 5144 5132 5142 -1 5142 5132 5128 -1 5135 5121 5123 -1 5121 5135 5136 -1 5121 5136 5134 -1 5143 5133 5140 -1 5133 5143 5141 -1 5133 5141 5131 -1 5138 5131 5141 -1 5131 5138 5129 -1 5128 5137 5142 -1 5137 5128 5130 -1 5127 5146 5126 -1 5146 5127 5145 -1 5145 5127 5132 -1 5139 5126 5146 -1 5126 5139 5136 -1 5147 5148 5149 -1 5149 5150 5147 -1 5150 5149 5151 -1 5151 5152 5150 -1 5152 5153 5150 -1 5154 5155 5156 -1 5156 5157 5154 -1 5157 5158 5154 -1 5157 5159 5158 -1 5159 5153 5158 -1 5159 5160 5153 -1 5160 5150 5153 -1 5160 5147 5150 -1 5161 5162 5152 -1 5152 5151 5161 -1 5148 5161 5151 -1 5151 5149 5148 -1 5156 5155 5163 -1 5163 5164 5156 -1 5165 5162 5160 -1 5160 5166 5165 -1 5160 5159 5166 -1 5167 5164 5163 -1 5163 5168 5167 -1 5168 5169 5167 -1 5168 5170 5169 -1 5169 5170 5171 -1 5171 5166 5169 -1 5171 5172 5166 -1 5172 5165 5166 -1 5158 5171 5170 -1 5170 5168 5158 -1 5168 5154 5158 -1 5161 5148 5147 -1 5147 5162 5161 -1 5147 5160 5162 -1 5169 5166 5159 -1 5159 5167 5169 -1 5159 5157 5167 -1 5164 5167 5157 -1 5157 5156 5164 -1 5154 5168 5163 -1 5163 5155 5154 -1 5153 5152 5172 -1 5172 5171 5153 -1 5171 5158 5153 -1 5165 5172 5152 -1 5152 5162 5165 -1 5173 5174 5175 -1 5174 5173 5176 -1 5176 5173 5177 -1 5176 5177 5178 -1 5178 5177 5179 -1 5178 5179 5180 -1 5181 5178 5180 -1 5178 5181 5182 -1 5183 5180 5179 -1 5180 5183 5181 -1 5183 5177 5184 -1 5177 5183 5179 -1 5177 5185 5184 -1 5185 5177 5173 -1 5175 5185 5173 -1 5185 5175 5186 -1 5174 5186 5175 -1 5186 5174 5187 -1 5174 5188 5187 -1 5188 5174 5176 -1 5188 5178 5182 -1 5178 5188 5176 -1 5189 5182 5181 -1 5182 5189 5190 -1 5191 5181 5183 -1 5181 5191 5189 -1 5191 5184 5192 -1 5184 5191 5183 -1 5184 5193 5192 -1 5193 5184 5185 -1 5186 5193 5185 -1 5193 5186 5194 -1 5187 5194 5186 -1 5194 5187 5195 -1 5187 5196 5195 -1 5196 5187 5188 -1 5196 5182 5190 -1 5182 5196 5188 -1 5197 5190 5189 -1 5190 5197 5198 -1 5199 5189 5191 -1 5189 5199 5197 -1 5199 5192 5200 -1 5192 5199 5191 -1 5192 5201 5200 -1 5201 5192 5193 -1 5194 5201 5193 -1 5201 5194 5202 -1 5195 5202 5194 -1 5202 5195 5203 -1 5195 5204 5203 -1 5204 5195 5196 -1 5204 5190 5198 -1 5190 5204 5196 -1 5205 5198 5197 -1 5198 5205 5206 -1 5207 5197 5199 -1 5197 5207 5205 -1 5207 5200 5208 -1 5200 5207 5199 -1 5200 5209 5208 -1 5209 5200 5201 -1 5202 5209 5201 -1 5209 5202 5210 -1 5203 5210 5202 -1 5210 5203 5211 -1 5203 5212 5211 -1 5212 5203 5204 -1 5212 5198 5206 -1 5198 5212 5204 -1 5213 5206 5205 -1 5206 5213 5214 -1 5215 5205 5207 -1 5205 5215 5213 -1 5207 5216 5215 -1 5216 5207 5208 -1 5208 5217 5216 -1 5217 5208 5209 -1 5210 5217 5209 -1 5217 5210 5218 -1 5211 5218 5210 -1 5218 5211 5219 -1 5211 5220 5219 -1 5220 5211 5212 -1 5212 5214 5220 -1 5214 5212 5206 -1 5221 5213 5222 -1 5213 5221 5214 -1 5222 5215 5223 -1 5215 5222 5213 -1 5215 5224 5223 -1 5224 5215 5216 -1 5224 5217 5225 -1 5217 5224 5216 -1 5217 5226 5225 -1 5226 5217 5218 -1 5218 5227 5226 -1 5227 5218 5219 -1 5227 5220 5228 -1 5220 5227 5219 -1 5220 5221 5228 -1 5221 5220 5214 -1 5229 5222 5230 -1 5222 5229 5221 -1 5230 5223 5231 -1 5223 5230 5222 -1 5223 5232 5231 -1 5232 5223 5224 -1 5232 5225 5233 -1 5225 5232 5224 -1 5225 5234 5233 -1 5234 5225 5226 -1 5226 5235 5234 -1 5235 5226 5227 -1 5235 5228 5236 -1 5228 5235 5227 -1 5228 5229 5236 -1 5229 5228 5221 -1 5237 5230 5238 -1 5230 5237 5229 -1 5238 5231 5239 -1 5231 5238 5230 -1 5231 5240 5239 -1 5240 5231 5232 -1 5240 5233 5241 -1 5233 5240 5232 -1 5233 5242 5241 -1 5242 5233 5234 -1 5234 5243 5242 -1 5243 5234 5235 -1 5243 5236 5244 -1 5236 5243 5235 -1 5236 5237 5244 -1 5237 5236 5229 -1 5245 5238 5246 -1 5238 5245 5237 -1 5246 5239 5247 -1 5239 5246 5238 -1 5239 5248 5247 -1 5248 5239 5240 -1 5248 5241 5249 -1 5241 5248 5240 -1 5241 5250 5249 -1 5250 5241 5242 -1 5242 5251 5250 -1 5251 5242 5243 -1 5251 5244 5252 -1 5244 5251 5243 -1 5244 5245 5252 -1 5245 5244 5237 -1 5253 5246 5254 -1 5246 5253 5245 -1 5254 5247 5255 -1 5247 5254 5246 -1 5247 5256 5255 -1 5256 5247 5248 -1 5256 5249 5257 -1 5249 5256 5248 -1 5249 5258 5257 -1 5258 5249 5250 -1 5250 5259 5258 -1 5259 5250 5251 -1 5259 5252 5260 -1 5252 5259 5251 -1 5252 5253 5260 -1 5253 5252 5245 -1 5259 5257 5258 -1 5257 5259 5260 -1 5257 5260 5256 -1 5256 5260 5253 -1 5256 5253 5255 -1 5255 5253 5254 -1 5261 5262 5263 -1 5262 5261 5264 -1 5264 5265 5262 -1 5265 5264 5266 -1 5266 5264 5267 -1 5268 5269 5270 -1 5269 5268 5271 -1 5271 5268 5272 -1 5271 5272 5273 -1 5273 5272 5267 -1 5273 5267 5274 -1 5274 5267 5264 -1 5274 5264 5261 -1 5275 5266 5276 -1 5266 5275 5265 -1 5263 5265 5275 -1 5265 5263 5262 -1 5269 5277 5270 -1 5277 5269 5278 -1 5279 5274 5276 -1 5274 5279 5280 -1 5274 5280 5273 -1 5281 5277 5278 -1 5277 5281 5282 -1 5282 5281 5283 -1 5282 5283 5284 -1 5283 5285 5284 -1 5285 5283 5280 -1 5285 5280 5286 -1 5286 5280 5279 -1 5272 5284 5285 -1 5284 5272 5282 -1 5282 5272 5268 -1 5275 5261 5263 -1 5261 5275 5276 -1 5261 5276 5274 -1 5283 5273 5280 -1 5273 5283 5281 -1 5273 5281 5271 -1 5278 5271 5281 -1 5271 5278 5269 -1 5268 5277 5282 -1 5277 5268 5270 -1 5267 5286 5266 -1 5286 5267 5285 -1 5285 5267 5272 -1 5279 5266 5286 -1 5266 5279 5276 -1 5287 5288 5289 -1 5289 5290 5287 -1 5290 5289 5291 -1 5291 5292 5290 -1 5292 5293 5290 -1 5294 5295 5296 -1 5296 5297 5294 -1 5297 5298 5294 -1 5297 5299 5298 -1 5299 5293 5298 -1 5299 5300 5293 -1 5300 5290 5293 -1 5300 5287 5290 -1 5301 5302 5292 -1 5292 5291 5301 -1 5288 5301 5291 -1 5291 5289 5288 -1 5296 5295 5303 -1 5303 5304 5296 -1 5305 5302 5300 -1 5300 5306 5305 -1 5300 5299 5306 -1 5307 5304 5303 -1 5303 5308 5307 -1 5308 5309 5307 -1 5308 5310 5309 -1 5309 5310 5311 -1 5311 5306 5309 -1 5311 5312 5306 -1 5312 5305 5306 -1 5298 5311 5310 -1 5310 5308 5298 -1 5308 5294 5298 -1 5301 5288 5287 -1 5287 5302 5301 -1 5287 5300 5302 -1 5309 5306 5299 -1 5299 5307 5309 -1 5299 5297 5307 -1 5304 5307 5297 -1 5297 5296 5304 -1 5294 5308 5303 -1 5303 5295 5294 -1 5293 5292 5312 -1 5312 5311 5293 -1 5311 5298 5293 -1 5305 5312 5292 -1 5292 5302 5305 -1 5313 5314 5315 -1 5314 5313 5316 -1 5316 5313 5317 -1 5316 5317 5318 -1 5318 5317 5319 -1 5318 5319 5320 -1 5321 5318 5320 -1 5318 5321 5322 -1 5323 5320 5319 -1 5320 5323 5321 -1 5323 5317 5324 -1 5317 5323 5319 -1 5317 5325 5324 -1 5325 5317 5313 -1 5315 5325 5313 -1 5325 5315 5326 -1 5314 5326 5315 -1 5326 5314 5327 -1 5314 5328 5327 -1 5328 5314 5316 -1 5328 5318 5322 -1 5318 5328 5316 -1 5329 5322 5321 -1 5322 5329 5330 -1 5331 5321 5323 -1 5321 5331 5329 -1 5331 5324 5332 -1 5324 5331 5323 -1 5324 5333 5332 -1 5333 5324 5325 -1 5326 5333 5325 -1 5333 5326 5334 -1 5327 5334 5326 -1 5334 5327 5335 -1 5327 5336 5335 -1 5336 5327 5328 -1 5336 5322 5330 -1 5322 5336 5328 -1 5337 5330 5329 -1 5330 5337 5338 -1 5339 5329 5331 -1 5329 5339 5337 -1 5339 5332 5340 -1 5332 5339 5331 -1 5332 5341 5340 -1 5341 5332 5333 -1 5334 5341 5333 -1 5341 5334 5342 -1 5335 5342 5334 -1 5342 5335 5343 -1 5335 5344 5343 -1 5344 5335 5336 -1 5344 5330 5338 -1 5330 5344 5336 -1 5345 5338 5337 -1 5338 5345 5346 -1 5347 5337 5339 -1 5337 5347 5345 -1 5347 5340 5348 -1 5340 5347 5339 -1 5340 5349 5348 -1 5349 5340 5341 -1 5342 5349 5341 -1 5349 5342 5350 -1 5343 5350 5342 -1 5350 5343 5351 -1 5343 5352 5351 -1 5352 5343 5344 -1 5352 5338 5346 -1 5338 5352 5344 -1 5353 5346 5345 -1 5346 5353 5354 -1 5355 5345 5347 -1 5345 5355 5353 -1 5347 5356 5355 -1 5356 5347 5348 -1 5348 5357 5356 -1 5357 5348 5349 -1 5350 5357 5349 -1 5357 5350 5358 -1 5351 5358 5350 -1 5358 5351 5359 -1 5351 5360 5359 -1 5360 5351 5352 -1 5352 5354 5360 -1 5354 5352 5346 -1 5361 5353 5362 -1 5353 5361 5354 -1 5362 5355 5363 -1 5355 5362 5353 -1 5355 5364 5363 -1 5364 5355 5356 -1 5364 5357 5365 -1 5357 5364 5356 -1 5357 5366 5365 -1 5366 5357 5358 -1 5358 5367 5366 -1 5367 5358 5359 -1 5367 5360 5368 -1 5360 5367 5359 -1 5360 5361 5368 -1 5361 5360 5354 -1 5369 5362 5370 -1 5362 5369 5361 -1 5370 5363 5371 -1 5363 5370 5362 -1 5363 5372 5371 -1 5372 5363 5364 -1 5372 5365 5373 -1 5365 5372 5364 -1 5365 5374 5373 -1 5374 5365 5366 -1 5366 5375 5374 -1 5375 5366 5367 -1 5375 5368 5376 -1 5368 5375 5367 -1 5368 5369 5376 -1 5369 5368 5361 -1 5377 5370 5378 -1 5370 5377 5369 -1 5378 5371 5379 -1 5371 5378 5370 -1 5371 5380 5379 -1 5380 5371 5372 -1 5380 5373 5381 -1 5373 5380 5372 -1 5373 5382 5381 -1 5382 5373 5374 -1 5374 5383 5382 -1 5383 5374 5375 -1 5383 5376 5384 -1 5376 5383 5375 -1 5376 5377 5384 -1 5377 5376 5369 -1 5385 5378 5386 -1 5378 5385 5377 -1 5386 5379 5387 -1 5379 5386 5378 -1 5379 5388 5387 -1 5388 5379 5380 -1 5388 5381 5389 -1 5381 5388 5380 -1 5381 5390 5389 -1 5390 5381 5382 -1 5382 5391 5390 -1 5391 5382 5383 -1 5391 5384 5392 -1 5384 5391 5383 -1 5384 5385 5392 -1 5385 5384 5377 -1 5393 5386 5394 -1 5386 5393 5385 -1 5394 5387 5395 -1 5387 5394 5386 -1 5387 5396 5395 -1 5396 5387 5388 -1 5396 5389 5397 -1 5389 5396 5388 -1 5389 5398 5397 -1 5398 5389 5390 -1 5390 5399 5398 -1 5399 5390 5391 -1 5399 5392 5400 -1 5392 5399 5391 -1 5392 5393 5400 -1 5393 5392 5385 -1 5399 5397 5398 -1 5397 5399 5400 -1 5397 5400 5396 -1 5396 5400 5393 -1 5396 5393 5395 -1 5395 5393 5394 -1 5401 5402 5403 -1 5402 5401 5404 -1 5404 5405 5402 -1 5405 5404 5406 -1 5406 5404 5407 -1 5408 5409 5410 -1 5409 5408 5411 -1 5411 5408 5412 -1 5411 5412 5413 -1 5413 5412 5407 -1 5413 5407 5414 -1 5414 5407 5404 -1 5414 5404 5401 -1 5415 5406 5416 -1 5406 5415 5405 -1 5403 5405 5415 -1 5405 5403 5402 -1 5409 5417 5410 -1 5417 5409 5418 -1 5419 5414 5416 -1 5414 5419 5420 -1 5414 5420 5413 -1 5421 5417 5418 -1 5417 5421 5422 -1 5422 5421 5423 -1 5422 5423 5424 -1 5423 5425 5424 -1 5425 5423 5420 -1 5425 5420 5426 -1 5426 5420 5419 -1 5412 5424 5425 -1 5424 5412 5422 -1 5422 5412 5408 -1 5415 5401 5403 -1 5401 5415 5416 -1 5401 5416 5414 -1 5423 5413 5420 -1 5413 5423 5421 -1 5413 5421 5411 -1 5418 5411 5421 -1 5411 5418 5409 -1 5408 5417 5422 -1 5417 5408 5410 -1 5407 5426 5406 -1 5426 5407 5425 -1 5425 5407 5412 -1 5419 5406 5426 -1 5406 5419 5416 -1 5427 5428 5429 -1 5429 5430 5427 -1 5430 5429 5431 -1 5431 5432 5430 -1 5432 5433 5430 -1 5434 5435 5436 -1 5436 5437 5434 -1 5437 5438 5434 -1 5437 5439 5438 -1 5439 5433 5438 -1 5439 5440 5433 -1 5440 5430 5433 -1 5440 5427 5430 -1 5441 5442 5432 -1 5432 5431 5441 -1 5428 5441 5431 -1 5431 5429 5428 -1 5436 5435 5443 -1 5443 5444 5436 -1 5445 5442 5440 -1 5440 5446 5445 -1 5440 5439 5446 -1 5447 5444 5443 -1 5443 5448 5447 -1 5448 5449 5447 -1 5448 5450 5449 -1 5449 5450 5451 -1 5451 5446 5449 -1 5451 5452 5446 -1 5452 5445 5446 -1 5438 5451 5450 -1 5450 5448 5438 -1 5448 5434 5438 -1 5441 5428 5427 -1 5427 5442 5441 -1 5427 5440 5442 -1 5449 5446 5439 -1 5439 5447 5449 -1 5439 5437 5447 -1 5444 5447 5437 -1 5437 5436 5444 -1 5434 5448 5443 -1 5443 5435 5434 -1 5433 5432 5452 -1 5452 5451 5433 -1 5451 5438 5433 -1 5445 5452 5432 -1 5432 5442 5445 -1 5453 5454 5455 -1 5454 5453 5456 -1 5456 5453 5457 -1 5456 5457 5458 -1 5458 5457 5459 -1 5458 5459 5460 -1 5461 5458 5460 -1 5458 5461 5462 -1 5463 5460 5459 -1 5460 5463 5461 -1 5463 5457 5464 -1 5457 5463 5459 -1 5457 5465 5464 -1 5465 5457 5453 -1 5455 5465 5453 -1 5465 5455 5466 -1 5454 5466 5455 -1 5466 5454 5467 -1 5454 5468 5467 -1 5468 5454 5456 -1 5468 5458 5462 -1 5458 5468 5456 -1 5469 5462 5461 -1 5462 5469 5470 -1 5471 5461 5463 -1 5461 5471 5469 -1 5471 5464 5472 -1 5464 5471 5463 -1 5464 5473 5472 -1 5473 5464 5465 -1 5466 5473 5465 -1 5473 5466 5474 -1 5467 5474 5466 -1 5474 5467 5475 -1 5467 5476 5475 -1 5476 5467 5468 -1 5476 5462 5470 -1 5462 5476 5468 -1 5477 5470 5469 -1 5470 5477 5478 -1 5479 5469 5471 -1 5469 5479 5477 -1 5479 5472 5480 -1 5472 5479 5471 -1 5472 5481 5480 -1 5481 5472 5473 -1 5474 5481 5473 -1 5481 5474 5482 -1 5475 5482 5474 -1 5482 5475 5483 -1 5475 5484 5483 -1 5484 5475 5476 -1 5484 5470 5478 -1 5470 5484 5476 -1 5485 5478 5477 -1 5478 5485 5486 -1 5487 5477 5479 -1 5477 5487 5485 -1 5487 5480 5488 -1 5480 5487 5479 -1 5480 5489 5488 -1 5489 5480 5481 -1 5482 5489 5481 -1 5489 5482 5490 -1 5483 5490 5482 -1 5490 5483 5491 -1 5483 5492 5491 -1 5492 5483 5484 -1 5492 5478 5486 -1 5478 5492 5484 -1 5493 5486 5485 -1 5486 5493 5494 -1 5495 5485 5487 -1 5485 5495 5493 -1 5487 5496 5495 -1 5496 5487 5488 -1 5488 5497 5496 -1 5497 5488 5489 -1 5490 5497 5489 -1 5497 5490 5498 -1 5491 5498 5490 -1 5498 5491 5499 -1 5491 5500 5499 -1 5500 5491 5492 -1 5492 5494 5500 -1 5494 5492 5486 -1 5501 5493 5502 -1 5493 5501 5494 -1 5502 5495 5503 -1 5495 5502 5493 -1 5495 5504 5503 -1 5504 5495 5496 -1 5504 5497 5505 -1 5497 5504 5496 -1 5497 5506 5505 -1 5506 5497 5498 -1 5498 5507 5506 -1 5507 5498 5499 -1 5507 5500 5508 -1 5500 5507 5499 -1 5500 5501 5508 -1 5501 5500 5494 -1 5509 5502 5510 -1 5502 5509 5501 -1 5510 5503 5511 -1 5503 5510 5502 -1 5503 5512 5511 -1 5512 5503 5504 -1 5512 5505 5513 -1 5505 5512 5504 -1 5505 5514 5513 -1 5514 5505 5506 -1 5506 5515 5514 -1 5515 5506 5507 -1 5515 5508 5516 -1 5508 5515 5507 -1 5508 5509 5516 -1 5509 5508 5501 -1 5517 5510 5518 -1 5510 5517 5509 -1 5518 5511 5519 -1 5511 5518 5510 -1 5511 5520 5519 -1 5520 5511 5512 -1 5520 5513 5521 -1 5513 5520 5512 -1 5513 5522 5521 -1 5522 5513 5514 -1 5514 5523 5522 -1 5523 5514 5515 -1 5523 5516 5524 -1 5516 5523 5515 -1 5516 5517 5524 -1 5517 5516 5509 -1 5525 5518 5526 -1 5518 5525 5517 -1 5526 5519 5527 -1 5519 5526 5518 -1 5519 5528 5527 -1 5528 5519 5520 -1 5528 5521 5529 -1 5521 5528 5520 -1 5521 5530 5529 -1 5530 5521 5522 -1 5522 5531 5530 -1 5531 5522 5523 -1 5531 5524 5532 -1 5524 5531 5523 -1 5524 5525 5532 -1 5525 5524 5517 -1 5533 5526 5534 -1 5526 5533 5525 -1 5534 5527 5535 -1 5527 5534 5526 -1 5527 5536 5535 -1 5536 5527 5528 -1 5536 5529 5537 -1 5529 5536 5528 -1 5529 5538 5537 -1 5538 5529 5530 -1 5530 5539 5538 -1 5539 5530 5531 -1 5539 5532 5540 -1 5532 5539 5531 -1 5532 5533 5540 -1 5533 5532 5525 -1 5539 5537 5538 -1 5537 5539 5540 -1 5537 5540 5536 -1 5536 5540 5533 -1 5536 5533 5535 -1 5535 5533 5534 -1 5541 5542 5543 -1 5542 5541 5544 -1 5544 5545 5542 -1 5545 5544 5546 -1 5546 5544 5547 -1 5548 5549 5550 -1 5549 5548 5551 -1 5551 5548 5552 -1 5551 5552 5553 -1 5553 5552 5547 -1 5553 5547 5554 -1 5554 5547 5544 -1 5554 5544 5541 -1 5555 5546 5556 -1 5546 5555 5545 -1 5543 5545 5555 -1 5545 5543 5542 -1 5549 5557 5550 -1 5557 5549 5558 -1 5559 5554 5556 -1 5554 5559 5560 -1 5554 5560 5553 -1 5561 5557 5558 -1 5557 5561 5562 -1 5562 5561 5563 -1 5562 5563 5564 -1 5563 5565 5564 -1 5565 5563 5560 -1 5565 5560 5566 -1 5566 5560 5559 -1 5552 5564 5565 -1 5564 5552 5562 -1 5562 5552 5548 -1 5555 5541 5543 -1 5541 5555 5556 -1 5541 5556 5554 -1 5563 5553 5560 -1 5553 5563 5561 -1 5553 5561 5551 -1 5558 5551 5561 -1 5551 5558 5549 -1 5548 5557 5562 -1 5557 5548 5550 -1 5547 5566 5546 -1 5566 5547 5565 -1 5565 5547 5552 -1 5559 5546 5566 -1 5546 5559 5556 -1 5567 5568 5569 -1 5569 5570 5567 -1 5570 5569 5571 -1 5571 5572 5570 -1 5572 5573 5570 -1 5574 5575 5576 -1 5576 5577 5574 -1 5577 5578 5574 -1 5577 5579 5578 -1 5579 5573 5578 -1 5579 5580 5573 -1 5580 5570 5573 -1 5580 5567 5570 -1 5581 5582 5572 -1 5572 5571 5581 -1 5568 5581 5571 -1 5571 5569 5568 -1 5576 5575 5583 -1 5583 5584 5576 -1 5585 5582 5580 -1 5580 5586 5585 -1 5580 5579 5586 -1 5587 5584 5583 -1 5583 5588 5587 -1 5588 5589 5587 -1 5588 5590 5589 -1 5589 5590 5591 -1 5591 5586 5589 -1 5591 5592 5586 -1 5592 5585 5586 -1 5578 5591 5590 -1 5590 5588 5578 -1 5588 5574 5578 -1 5581 5568 5567 -1 5567 5582 5581 -1 5567 5580 5582 -1 5589 5586 5579 -1 5579 5587 5589 -1 5579 5577 5587 -1 5584 5587 5577 -1 5577 5576 5584 -1 5574 5588 5583 -1 5583 5575 5574 -1 5573 5572 5592 -1 5592 5591 5573 -1 5591 5578 5573 -1 5585 5592 5572 -1 5572 5582 5585 -1 5593 5594 5595 -1 5594 5593 5596 -1 5596 5593 5597 -1 5596 5597 5598 -1 5598 5597 5599 -1 5598 5599 5600 -1 5601 5598 5600 -1 5598 5601 5602 -1 5603 5600 5599 -1 5600 5603 5601 -1 5603 5597 5604 -1 5597 5603 5599 -1 5597 5605 5604 -1 5605 5597 5593 -1 5595 5605 5593 -1 5605 5595 5606 -1 5594 5606 5595 -1 5606 5594 5607 -1 5594 5608 5607 -1 5608 5594 5596 -1 5608 5598 5602 -1 5598 5608 5596 -1 5609 5602 5601 -1 5602 5609 5610 -1 5611 5601 5603 -1 5601 5611 5609 -1 5611 5604 5612 -1 5604 5611 5603 -1 5604 5613 5612 -1 5613 5604 5605 -1 5606 5613 5605 -1 5613 5606 5614 -1 5607 5614 5606 -1 5614 5607 5615 -1 5607 5616 5615 -1 5616 5607 5608 -1 5616 5602 5610 -1 5602 5616 5608 -1 5617 5610 5609 -1 5610 5617 5618 -1 5619 5609 5611 -1 5609 5619 5617 -1 5619 5612 5620 -1 5612 5619 5611 -1 5612 5621 5620 -1 5621 5612 5613 -1 5614 5621 5613 -1 5621 5614 5622 -1 5615 5622 5614 -1 5622 5615 5623 -1 5615 5624 5623 -1 5624 5615 5616 -1 5624 5610 5618 -1 5610 5624 5616 -1 5625 5618 5617 -1 5618 5625 5626 -1 5627 5617 5619 -1 5617 5627 5625 -1 5627 5620 5628 -1 5620 5627 5619 -1 5620 5629 5628 -1 5629 5620 5621 -1 5622 5629 5621 -1 5629 5622 5630 -1 5623 5630 5622 -1 5630 5623 5631 -1 5623 5632 5631 -1 5632 5623 5624 -1 5632 5618 5626 -1 5618 5632 5624 -1 5633 5626 5625 -1 5626 5633 5634 -1 5635 5625 5627 -1 5625 5635 5633 -1 5627 5636 5635 -1 5636 5627 5628 -1 5628 5637 5636 -1 5637 5628 5629 -1 5630 5637 5629 -1 5637 5630 5638 -1 5631 5638 5630 -1 5638 5631 5639 -1 5631 5640 5639 -1 5640 5631 5632 -1 5632 5634 5640 -1 5634 5632 5626 -1 5641 5633 5642 -1 5633 5641 5634 -1 5642 5635 5643 -1 5635 5642 5633 -1 5635 5644 5643 -1 5644 5635 5636 -1 5644 5637 5645 -1 5637 5644 5636 -1 5637 5646 5645 -1 5646 5637 5638 -1 5638 5647 5646 -1 5647 5638 5639 -1 5647 5640 5648 -1 5640 5647 5639 -1 5640 5641 5648 -1 5641 5640 5634 -1 5649 5642 5650 -1 5642 5649 5641 -1 5650 5643 5651 -1 5643 5650 5642 -1 5643 5652 5651 -1 5652 5643 5644 -1 5652 5645 5653 -1 5645 5652 5644 -1 5645 5654 5653 -1 5654 5645 5646 -1 5646 5655 5654 -1 5655 5646 5647 -1 5655 5648 5656 -1 5648 5655 5647 -1 5648 5649 5656 -1 5649 5648 5641 -1 5657 5650 5658 -1 5650 5657 5649 -1 5658 5651 5659 -1 5651 5658 5650 -1 5651 5660 5659 -1 5660 5651 5652 -1 5660 5653 5661 -1 5653 5660 5652 -1 5653 5662 5661 -1 5662 5653 5654 -1 5654 5663 5662 -1 5663 5654 5655 -1 5663 5656 5664 -1 5656 5663 5655 -1 5656 5657 5664 -1 5657 5656 5649 -1 5665 5658 5666 -1 5658 5665 5657 -1 5666 5659 5667 -1 5659 5666 5658 -1 5659 5668 5667 -1 5668 5659 5660 -1 5668 5661 5669 -1 5661 5668 5660 -1 5661 5670 5669 -1 5670 5661 5662 -1 5662 5671 5670 -1 5671 5662 5663 -1 5671 5664 5672 -1 5664 5671 5663 -1 5664 5665 5672 -1 5665 5664 5657 -1 5673 5666 5674 -1 5666 5673 5665 -1 5674 5667 5675 -1 5667 5674 5666 -1 5667 5676 5675 -1 5676 5667 5668 -1 5676 5669 5677 -1 5669 5676 5668 -1 5669 5678 5677 -1 5678 5669 5670 -1 5670 5679 5678 -1 5679 5670 5671 -1 5679 5672 5680 -1 5672 5679 5671 -1 5672 5673 5680 -1 5673 5672 5665 -1 5679 5677 5678 -1 5677 5679 5680 -1 5677 5680 5676 -1 5676 5680 5673 -1 5676 5673 5675 -1 5675 5673 5674 -1 5681 5682 5683 -1 5682 5681 5684 -1 5684 5685 5682 -1 5685 5684 5686 -1 5686 5684 5687 -1 5688 5689 5690 -1 5689 5688 5691 -1 5691 5688 5692 -1 5691 5692 5693 -1 5693 5692 5687 -1 5693 5687 5694 -1 5694 5687 5684 -1 5694 5684 5681 -1 5695 5686 5696 -1 5686 5695 5685 -1 5683 5685 5695 -1 5685 5683 5682 -1 5689 5697 5690 -1 5697 5689 5698 -1 5699 5694 5696 -1 5694 5699 5700 -1 5694 5700 5693 -1 5701 5697 5698 -1 5697 5701 5702 -1 5702 5701 5703 -1 5702 5703 5704 -1 5703 5705 5704 -1 5705 5703 5700 -1 5705 5700 5706 -1 5706 5700 5699 -1 5692 5704 5705 -1 5704 5692 5702 -1 5702 5692 5688 -1 5695 5681 5683 -1 5681 5695 5696 -1 5681 5696 5694 -1 5703 5693 5700 -1 5693 5703 5701 -1 5693 5701 5691 -1 5698 5691 5701 -1 5691 5698 5689 -1 5688 5697 5702 -1 5697 5688 5690 -1 5687 5706 5686 -1 5706 5687 5705 -1 5705 5687 5692 -1 5699 5686 5706 -1 5686 5699 5696 -1 5707 5708 5709 -1 5709 5710 5707 -1 5710 5709 5711 -1 5711 5712 5710 -1 5712 5713 5710 -1 5714 5715 5716 -1 5716 5717 5714 -1 5717 5718 5714 -1 5717 5719 5718 -1 5719 5713 5718 -1 5719 5720 5713 -1 5720 5710 5713 -1 5720 5707 5710 -1 5721 5722 5712 -1 5712 5711 5721 -1 5708 5721 5711 -1 5711 5709 5708 -1 5716 5715 5723 -1 5723 5724 5716 -1 5725 5722 5720 -1 5720 5726 5725 -1 5720 5719 5726 -1 5727 5724 5723 -1 5723 5728 5727 -1 5728 5729 5727 -1 5728 5730 5729 -1 5729 5730 5731 -1 5731 5726 5729 -1 5731 5732 5726 -1 5732 5725 5726 -1 5718 5731 5730 -1 5730 5728 5718 -1 5728 5714 5718 -1 5721 5708 5707 -1 5707 5722 5721 -1 5707 5720 5722 -1 5729 5726 5719 -1 5719 5727 5729 -1 5719 5717 5727 -1 5724 5727 5717 -1 5717 5716 5724 -1 5714 5728 5723 -1 5723 5715 5714 -1 5713 5712 5732 -1 5732 5731 5713 -1 5731 5718 5713 -1 5725 5732 5712 -1 5712 5722 5725 -1 5733 5734 5735 -1 5734 5733 5736 -1 5736 5733 5737 -1 5736 5737 5738 -1 5738 5737 5739 -1 5738 5739 5740 -1 5741 5738 5740 -1 5738 5741 5742 -1 5743 5740 5739 -1 5740 5743 5741 -1 5743 5737 5744 -1 5737 5743 5739 -1 5737 5745 5744 -1 5745 5737 5733 -1 5735 5745 5733 -1 5745 5735 5746 -1 5734 5746 5735 -1 5746 5734 5747 -1 5734 5748 5747 -1 5748 5734 5736 -1 5748 5738 5742 -1 5738 5748 5736 -1 5749 5742 5741 -1 5742 5749 5750 -1 5751 5741 5743 -1 5741 5751 5749 -1 5751 5744 5752 -1 5744 5751 5743 -1 5744 5753 5752 -1 5753 5744 5745 -1 5746 5753 5745 -1 5753 5746 5754 -1 5747 5754 5746 -1 5754 5747 5755 -1 5747 5756 5755 -1 5756 5747 5748 -1 5756 5742 5750 -1 5742 5756 5748 -1 5757 5750 5749 -1 5750 5757 5758 -1 5759 5749 5751 -1 5749 5759 5757 -1 5759 5752 5760 -1 5752 5759 5751 -1 5752 5761 5760 -1 5761 5752 5753 -1 5754 5761 5753 -1 5761 5754 5762 -1 5755 5762 5754 -1 5762 5755 5763 -1 5755 5764 5763 -1 5764 5755 5756 -1 5764 5750 5758 -1 5750 5764 5756 -1 5765 5758 5757 -1 5758 5765 5766 -1 5767 5757 5759 -1 5757 5767 5765 -1 5767 5760 5768 -1 5760 5767 5759 -1 5760 5769 5768 -1 5769 5760 5761 -1 5762 5769 5761 -1 5769 5762 5770 -1 5763 5770 5762 -1 5770 5763 5771 -1 5763 5772 5771 -1 5772 5763 5764 -1 5772 5758 5766 -1 5758 5772 5764 -1 5773 5766 5765 -1 5766 5773 5774 -1 5775 5765 5767 -1 5765 5775 5773 -1 5767 5776 5775 -1 5776 5767 5768 -1 5768 5777 5776 -1 5777 5768 5769 -1 5770 5777 5769 -1 5777 5770 5778 -1 5771 5778 5770 -1 5778 5771 5779 -1 5771 5780 5779 -1 5780 5771 5772 -1 5772 5774 5780 -1 5774 5772 5766 -1 5781 5773 5782 -1 5773 5781 5774 -1 5782 5775 5783 -1 5775 5782 5773 -1 5775 5784 5783 -1 5784 5775 5776 -1 5784 5777 5785 -1 5777 5784 5776 -1 5777 5786 5785 -1 5786 5777 5778 -1 5778 5787 5786 -1 5787 5778 5779 -1 5787 5780 5788 -1 5780 5787 5779 -1 5780 5781 5788 -1 5781 5780 5774 -1 5789 5782 5790 -1 5782 5789 5781 -1 5790 5783 5791 -1 5783 5790 5782 -1 5783 5792 5791 -1 5792 5783 5784 -1 5792 5785 5793 -1 5785 5792 5784 -1 5785 5794 5793 -1 5794 5785 5786 -1 5786 5795 5794 -1 5795 5786 5787 -1 5795 5788 5796 -1 5788 5795 5787 -1 5788 5789 5796 -1 5789 5788 5781 -1 5797 5790 5798 -1 5790 5797 5789 -1 5798 5791 5799 -1 5791 5798 5790 -1 5791 5800 5799 -1 5800 5791 5792 -1 5800 5793 5801 -1 5793 5800 5792 -1 5793 5802 5801 -1 5802 5793 5794 -1 5794 5803 5802 -1 5803 5794 5795 -1 5803 5796 5804 -1 5796 5803 5795 -1 5796 5797 5804 -1 5797 5796 5789 -1 5805 5798 5806 -1 5798 5805 5797 -1 5806 5799 5807 -1 5799 5806 5798 -1 5799 5808 5807 -1 5808 5799 5800 -1 5808 5801 5809 -1 5801 5808 5800 -1 5801 5810 5809 -1 5810 5801 5802 -1 5802 5811 5810 -1 5811 5802 5803 -1 5811 5804 5812 -1 5804 5811 5803 -1 5804 5805 5812 -1 5805 5804 5797 -1 5813 5806 5814 -1 5806 5813 5805 -1 5814 5807 5815 -1 5807 5814 5806 -1 5807 5816 5815 -1 5816 5807 5808 -1 5816 5809 5817 -1 5809 5816 5808 -1 5809 5818 5817 -1 5818 5809 5810 -1 5810 5819 5818 -1 5819 5810 5811 -1 5819 5812 5820 -1 5812 5819 5811 -1 5812 5813 5820 -1 5813 5812 5805 -1 5819 5817 5818 -1 5817 5819 5820 -1 5817 5820 5816 -1 5816 5820 5813 -1 5816 5813 5815 -1 5815 5813 5814 -1 5821 5822 5823 -1 5822 5821 5824 -1 5824 5825 5822 -1 5825 5824 5826 -1 5826 5824 5827 -1 5828 5829 5830 -1 5829 5828 5831 -1 5831 5828 5832 -1 5831 5832 5833 -1 5833 5832 5827 -1 5833 5827 5834 -1 5834 5827 5824 -1 5834 5824 5821 -1 5835 5826 5836 -1 5826 5835 5825 -1 5823 5825 5835 -1 5825 5823 5822 -1 5829 5837 5830 -1 5837 5829 5838 -1 5839 5834 5836 -1 5834 5839 5840 -1 5834 5840 5833 -1 5841 5837 5838 -1 5837 5841 5842 -1 5842 5841 5843 -1 5842 5843 5844 -1 5843 5845 5844 -1 5845 5843 5840 -1 5845 5840 5846 -1 5846 5840 5839 -1 5832 5844 5845 -1 5844 5832 5842 -1 5842 5832 5828 -1 5835 5821 5823 -1 5821 5835 5836 -1 5821 5836 5834 -1 5843 5833 5840 -1 5833 5843 5841 -1 5833 5841 5831 -1 5838 5831 5841 -1 5831 5838 5829 -1 5828 5837 5842 -1 5837 5828 5830 -1 5827 5846 5826 -1 5846 5827 5845 -1 5845 5827 5832 -1 5839 5826 5846 -1 5826 5839 5836 -1 5847 5848 5849 -1 5849 5850 5847 -1 5850 5849 5851 -1 5851 5852 5850 -1 5852 5853 5850 -1 5854 5855 5856 -1 5856 5857 5854 -1 5857 5858 5854 -1 5857 5859 5858 -1 5859 5853 5858 -1 5859 5860 5853 -1 5860 5850 5853 -1 5860 5847 5850 -1 5861 5862 5852 -1 5852 5851 5861 -1 5848 5861 5851 -1 5851 5849 5848 -1 5856 5855 5863 -1 5863 5864 5856 -1 5865 5862 5860 -1 5860 5866 5865 -1 5860 5859 5866 -1 5867 5864 5863 -1 5863 5868 5867 -1 5868 5869 5867 -1 5868 5870 5869 -1 5869 5870 5871 -1 5871 5866 5869 -1 5871 5872 5866 -1 5872 5865 5866 -1 5858 5871 5870 -1 5870 5868 5858 -1 5868 5854 5858 -1 5861 5848 5847 -1 5847 5862 5861 -1 5847 5860 5862 -1 5869 5866 5859 -1 5859 5867 5869 -1 5859 5857 5867 -1 5864 5867 5857 -1 5857 5856 5864 -1 5854 5868 5863 -1 5863 5855 5854 -1 5853 5852 5872 -1 5872 5871 5853 -1 5871 5858 5853 -1 5865 5872 5852 -1 5852 5862 5865 -1 5873 5874 5875 -1 5874 5873 5876 -1 5876 5873 5877 -1 5876 5877 5878 -1 5878 5877 5879 -1 5878 5879 5880 -1 5881 5878 5880 -1 5878 5881 5882 -1 5883 5880 5879 -1 5880 5883 5881 -1 5883 5877 5884 -1 5877 5883 5879 -1 5877 5885 5884 -1 5885 5877 5873 -1 5875 5885 5873 -1 5885 5875 5886 -1 5874 5886 5875 -1 5886 5874 5887 -1 5874 5888 5887 -1 5888 5874 5876 -1 5888 5878 5882 -1 5878 5888 5876 -1 5889 5882 5881 -1 5882 5889 5890 -1 5891 5881 5883 -1 5881 5891 5889 -1 5891 5884 5892 -1 5884 5891 5883 -1 5884 5893 5892 -1 5893 5884 5885 -1 5886 5893 5885 -1 5893 5886 5894 -1 5887 5894 5886 -1 5894 5887 5895 -1 5887 5896 5895 -1 5896 5887 5888 -1 5896 5882 5890 -1 5882 5896 5888 -1 5897 5890 5889 -1 5890 5897 5898 -1 5899 5889 5891 -1 5889 5899 5897 -1 5899 5892 5900 -1 5892 5899 5891 -1 5892 5901 5900 -1 5901 5892 5893 -1 5894 5901 5893 -1 5901 5894 5902 -1 5895 5902 5894 -1 5902 5895 5903 -1 5895 5904 5903 -1 5904 5895 5896 -1 5904 5890 5898 -1 5890 5904 5896 -1 5905 5898 5897 -1 5898 5905 5906 -1 5907 5897 5899 -1 5897 5907 5905 -1 5907 5900 5908 -1 5900 5907 5899 -1 5900 5909 5908 -1 5909 5900 5901 -1 5902 5909 5901 -1 5909 5902 5910 -1 5903 5910 5902 -1 5910 5903 5911 -1 5903 5912 5911 -1 5912 5903 5904 -1 5912 5898 5906 -1 5898 5912 5904 -1 5913 5906 5905 -1 5906 5913 5914 -1 5915 5905 5907 -1 5905 5915 5913 -1 5907 5916 5915 -1 5916 5907 5908 -1 5908 5917 5916 -1 5917 5908 5909 -1 5910 5917 5909 -1 5917 5910 5918 -1 5911 5918 5910 -1 5918 5911 5919 -1 5911 5920 5919 -1 5920 5911 5912 -1 5912 5914 5920 -1 5914 5912 5906 -1 5921 5913 5922 -1 5913 5921 5914 -1 5922 5915 5923 -1 5915 5922 5913 -1 5915 5924 5923 -1 5924 5915 5916 -1 5924 5917 5925 -1 5917 5924 5916 -1 5917 5926 5925 -1 5926 5917 5918 -1 5918 5927 5926 -1 5927 5918 5919 -1 5927 5920 5928 -1 5920 5927 5919 -1 5920 5921 5928 -1 5921 5920 5914 -1 5929 5922 5930 -1 5922 5929 5921 -1 5930 5923 5931 -1 5923 5930 5922 -1 5923 5932 5931 -1 5932 5923 5924 -1 5932 5925 5933 -1 5925 5932 5924 -1 5925 5934 5933 -1 5934 5925 5926 -1 5926 5935 5934 -1 5935 5926 5927 -1 5935 5928 5936 -1 5928 5935 5927 -1 5928 5929 5936 -1 5929 5928 5921 -1 5937 5930 5938 -1 5930 5937 5929 -1 5938 5931 5939 -1 5931 5938 5930 -1 5931 5940 5939 -1 5940 5931 5932 -1 5940 5933 5941 -1 5933 5940 5932 -1 5933 5942 5941 -1 5942 5933 5934 -1 5934 5943 5942 -1 5943 5934 5935 -1 5943 5936 5944 -1 5936 5943 5935 -1 5936 5937 5944 -1 5937 5936 5929 -1 5945 5938 5946 -1 5938 5945 5937 -1 5946 5939 5947 -1 5939 5946 5938 -1 5939 5948 5947 -1 5948 5939 5940 -1 5948 5941 5949 -1 5941 5948 5940 -1 5941 5950 5949 -1 5950 5941 5942 -1 5942 5951 5950 -1 5951 5942 5943 -1 5951 5944 5952 -1 5944 5951 5943 -1 5944 5945 5952 -1 5945 5944 5937 -1 5953 5946 5954 -1 5946 5953 5945 -1 5954 5947 5955 -1 5947 5954 5946 -1 5947 5956 5955 -1 5956 5947 5948 -1 5956 5949 5957 -1 5949 5956 5948 -1 5949 5958 5957 -1 5958 5949 5950 -1 5950 5959 5958 -1 5959 5950 5951 -1 5959 5952 5960 -1 5952 5959 5951 -1 5952 5953 5960 -1 5953 5952 5945 -1 5959 5957 5958 -1 5957 5959 5960 -1 5957 5960 5956 -1 5956 5960 5953 -1 5956 5953 5955 -1 5955 5953 5954 -1 5961 5962 5963 -1 5962 5961 5964 -1 5961 5965 5964 -1 5965 5961 5966 -1 5967 5968 5962 -1 5968 5967 5969 -1 5964 5967 5962 -1 5967 5964 5965 -1 5970 5971 5972 -1 5971 5970 5973 -1 5974 5971 5973 -1 5971 5974 5968 -1 5969 5971 5968 -1 5971 5969 5972 -1 5963 5968 5974 -1 5968 5963 5962 -1 5969 5970 5972 -1 5970 5969 5966 -1 5966 5969 5967 -1 5966 5967 5965 -1 5973 5963 5974 -1 5963 5973 5961 -1 5961 5973 5970 -1 5961 5970 5966 -1 5975 5976 5977 -1 5976 5975 5978 -1 5978 5979 5976 -1 5979 5978 5980 -1 5980 5978 5981 -1 5982 5983 5984 -1 5983 5982 5985 -1 5985 5982 5986 -1 5985 5986 5987 -1 5987 5986 5981 -1 5987 5981 5988 -1 5988 5981 5978 -1 5988 5978 5975 -1 5989 5980 5990 -1 5980 5989 5979 -1 5977 5979 5989 -1 5979 5977 5976 -1 5983 5991 5984 -1 5991 5983 5992 -1 5993 5988 5990 -1 5988 5993 5994 -1 5988 5994 5987 -1 5995 5991 5992 -1 5991 5995 5996 -1 5996 5995 5997 -1 5996 5997 5998 -1 5997 5999 5998 -1 5999 5997 5994 -1 5999 5994 6000 -1 6000 5994 5993 -1 5986 5998 5999 -1 5998 5986 5996 -1 5996 5986 5982 -1 5989 5975 5977 -1 5975 5989 5990 -1 5975 5990 5988 -1 5997 5987 5994 -1 5987 5997 5995 -1 5987 5995 5985 -1 5992 5985 5995 -1 5985 5992 5983 -1 5982 5991 5996 -1 5991 5982 5984 -1 5981 6000 5980 -1 6000 5981 5999 -1 5999 5981 5986 -1 5993 5980 6000 -1 5980 5993 5990 -1 6001 6002 6003 -1 6003 6004 6001 -1 6004 6003 6005 -1 6005 6006 6004 -1 6006 6007 6004 -1 6008 6009 6010 -1 6010 6011 6008 -1 6011 6012 6008 -1 6011 6013 6012 -1 6013 6007 6012 -1 6013 6014 6007 -1 6014 6004 6007 -1 6014 6001 6004 -1 6015 6016 6006 -1 6006 6005 6015 -1 6002 6015 6005 -1 6005 6003 6002 -1 6010 6009 6017 -1 6017 6018 6010 -1 6019 6016 6014 -1 6014 6020 6019 -1 6014 6013 6020 -1 6021 6018 6017 -1 6017 6022 6021 -1 6022 6023 6021 -1 6022 6024 6023 -1 6023 6024 6025 -1 6025 6020 6023 -1 6025 6026 6020 -1 6026 6019 6020 -1 6012 6025 6024 -1 6024 6022 6012 -1 6022 6008 6012 -1 6015 6002 6001 -1 6001 6016 6015 -1 6001 6014 6016 -1 6023 6020 6013 -1 6013 6021 6023 -1 6013 6011 6021 -1 6018 6021 6011 -1 6011 6010 6018 -1 6008 6022 6017 -1 6017 6009 6008 -1 6007 6006 6026 -1 6026 6025 6007 -1 6025 6012 6007 -1 6019 6026 6006 -1 6006 6016 6019 -1 6027 6028 6029 -1 6028 6027 6030 -1 6030 6027 6031 -1 6030 6031 6032 -1 6032 6031 6033 -1 6032 6033 6034 -1 6035 6032 6034 -1 6032 6035 6036 -1 6037 6034 6033 -1 6034 6037 6035 -1 6037 6031 6038 -1 6031 6037 6033 -1 6031 6039 6038 -1 6039 6031 6027 -1 6029 6039 6027 -1 6039 6029 6040 -1 6028 6040 6029 -1 6040 6028 6041 -1 6028 6042 6041 -1 6042 6028 6030 -1 6042 6032 6036 -1 6032 6042 6030 -1 6043 6036 6035 -1 6036 6043 6044 -1 6045 6035 6037 -1 6035 6045 6043 -1 6045 6038 6046 -1 6038 6045 6037 -1 6038 6047 6046 -1 6047 6038 6039 -1 6040 6047 6039 -1 6047 6040 6048 -1 6041 6048 6040 -1 6048 6041 6049 -1 6041 6050 6049 -1 6050 6041 6042 -1 6050 6036 6044 -1 6036 6050 6042 -1 6051 6044 6043 -1 6044 6051 6052 -1 6053 6043 6045 -1 6043 6053 6051 -1 6053 6046 6054 -1 6046 6053 6045 -1 6046 6055 6054 -1 6055 6046 6047 -1 6048 6055 6047 -1 6055 6048 6056 -1 6049 6056 6048 -1 6056 6049 6057 -1 6049 6058 6057 -1 6058 6049 6050 -1 6058 6044 6052 -1 6044 6058 6050 -1 6059 6052 6051 -1 6052 6059 6060 -1 6061 6051 6053 -1 6051 6061 6059 -1 6061 6054 6062 -1 6054 6061 6053 -1 6054 6063 6062 -1 6063 6054 6055 -1 6056 6063 6055 -1 6063 6056 6064 -1 6057 6064 6056 -1 6064 6057 6065 -1 6057 6066 6065 -1 6066 6057 6058 -1 6066 6052 6060 -1 6052 6066 6058 -1 6067 6060 6059 -1 6060 6067 6068 -1 6069 6059 6061 -1 6059 6069 6067 -1 6061 6070 6069 -1 6070 6061 6062 -1 6062 6071 6070 -1 6071 6062 6063 -1 6064 6071 6063 -1 6071 6064 6072 -1 6065 6072 6064 -1 6072 6065 6073 -1 6065 6074 6073 -1 6074 6065 6066 -1 6066 6068 6074 -1 6068 6066 6060 -1 6075 6067 6076 -1 6067 6075 6068 -1 6076 6069 6077 -1 6069 6076 6067 -1 6069 6078 6077 -1 6078 6069 6070 -1 6078 6071 6079 -1 6071 6078 6070 -1 6071 6080 6079 -1 6080 6071 6072 -1 6072 6081 6080 -1 6081 6072 6073 -1 6081 6074 6082 -1 6074 6081 6073 -1 6074 6075 6082 -1 6075 6074 6068 -1 6083 6076 6084 -1 6076 6083 6075 -1 6084 6077 6085 -1 6077 6084 6076 -1 6077 6086 6085 -1 6086 6077 6078 -1 6086 6079 6087 -1 6079 6086 6078 -1 6079 6088 6087 -1 6088 6079 6080 -1 6080 6089 6088 -1 6089 6080 6081 -1 6089 6082 6090 -1 6082 6089 6081 -1 6082 6083 6090 -1 6083 6082 6075 -1 6091 6084 6092 -1 6084 6091 6083 -1 6092 6085 6093 -1 6085 6092 6084 -1 6085 6094 6093 -1 6094 6085 6086 -1 6094 6087 6095 -1 6087 6094 6086 -1 6087 6096 6095 -1 6096 6087 6088 -1 6088 6097 6096 -1 6097 6088 6089 -1 6097 6090 6098 -1 6090 6097 6089 -1 6090 6091 6098 -1 6091 6090 6083 -1 6099 6092 6100 -1 6092 6099 6091 -1 6100 6093 6101 -1 6093 6100 6092 -1 6093 6102 6101 -1 6102 6093 6094 -1 6102 6095 6103 -1 6095 6102 6094 -1 6095 6104 6103 -1 6104 6095 6096 -1 6096 6105 6104 -1 6105 6096 6097 -1 6105 6098 6106 -1 6098 6105 6097 -1 6098 6099 6106 -1 6099 6098 6091 -1 6107 6100 6108 -1 6100 6107 6099 -1 6108 6101 6109 -1 6101 6108 6100 -1 6101 6110 6109 -1 6110 6101 6102 -1 6110 6103 6111 -1 6103 6110 6102 -1 6103 6112 6111 -1 6112 6103 6104 -1 6104 6113 6112 -1 6113 6104 6105 -1 6113 6106 6114 -1 6106 6113 6105 -1 6106 6107 6114 -1 6107 6106 6099 -1 6113 6111 6112 -1 6111 6113 6114 -1 6111 6114 6110 -1 6110 6114 6107 -1 6110 6107 6109 -1 6109 6107 6108 -1 6115 6116 6117 -1 6116 6115 6118 -1 6118 6119 6116 -1 6119 6118 6120 -1 6120 6118 6121 -1 6122 6123 6124 -1 6123 6122 6125 -1 6125 6122 6126 -1 6125 6126 6127 -1 6127 6126 6121 -1 6127 6121 6128 -1 6128 6121 6118 -1 6128 6118 6115 -1 6129 6120 6130 -1 6120 6129 6119 -1 6117 6119 6129 -1 6119 6117 6116 -1 6123 6131 6124 -1 6131 6123 6132 -1 6133 6128 6130 -1 6128 6133 6134 -1 6128 6134 6127 -1 6135 6131 6132 -1 6131 6135 6136 -1 6136 6135 6137 -1 6136 6137 6138 -1 6137 6139 6138 -1 6139 6137 6134 -1 6139 6134 6140 -1 6140 6134 6133 -1 6126 6138 6139 -1 6138 6126 6136 -1 6136 6126 6122 -1 6129 6115 6117 -1 6115 6129 6130 -1 6115 6130 6128 -1 6137 6127 6134 -1 6127 6137 6135 -1 6127 6135 6125 -1 6132 6125 6135 -1 6125 6132 6123 -1 6122 6131 6136 -1 6131 6122 6124 -1 6121 6140 6120 -1 6140 6121 6139 -1 6139 6121 6126 -1 6133 6120 6140 -1 6120 6133 6130 -1 6141 6142 6143 -1 6143 6144 6141 -1 6144 6143 6145 -1 6145 6146 6144 -1 6146 6147 6144 -1 6148 6149 6150 -1 6150 6151 6148 -1 6151 6152 6148 -1 6151 6153 6152 -1 6153 6147 6152 -1 6153 6154 6147 -1 6154 6144 6147 -1 6154 6141 6144 -1 6155 6156 6146 -1 6146 6145 6155 -1 6142 6155 6145 -1 6145 6143 6142 -1 6150 6149 6157 -1 6157 6158 6150 -1 6159 6156 6154 -1 6154 6160 6159 -1 6154 6153 6160 -1 6161 6158 6157 -1 6157 6162 6161 -1 6162 6163 6161 -1 6162 6164 6163 -1 6163 6164 6165 -1 6165 6160 6163 -1 6165 6166 6160 -1 6166 6159 6160 -1 6152 6165 6164 -1 6164 6162 6152 -1 6162 6148 6152 -1 6155 6142 6141 -1 6141 6156 6155 -1 6141 6154 6156 -1 6163 6160 6153 -1 6153 6161 6163 -1 6153 6151 6161 -1 6158 6161 6151 -1 6151 6150 6158 -1 6148 6162 6157 -1 6157 6149 6148 -1 6147 6146 6166 -1 6166 6165 6147 -1 6165 6152 6147 -1 6159 6166 6146 -1 6146 6156 6159 -1 6167 6168 6169 -1 6168 6167 6170 -1 6170 6167 6171 -1 6170 6171 6172 -1 6172 6171 6173 -1 6172 6173 6174 -1 6175 6172 6174 -1 6172 6175 6176 -1 6177 6174 6173 -1 6174 6177 6175 -1 6177 6171 6178 -1 6171 6177 6173 -1 6171 6179 6178 -1 6179 6171 6167 -1 6169 6179 6167 -1 6179 6169 6180 -1 6168 6180 6169 -1 6180 6168 6181 -1 6168 6182 6181 -1 6182 6168 6170 -1 6182 6172 6176 -1 6172 6182 6170 -1 6183 6176 6175 -1 6176 6183 6184 -1 6185 6175 6177 -1 6175 6185 6183 -1 6185 6178 6186 -1 6178 6185 6177 -1 6178 6187 6186 -1 6187 6178 6179 -1 6180 6187 6179 -1 6187 6180 6188 -1 6181 6188 6180 -1 6188 6181 6189 -1 6181 6190 6189 -1 6190 6181 6182 -1 6190 6176 6184 -1 6176 6190 6182 -1 6191 6184 6183 -1 6184 6191 6192 -1 6193 6183 6185 -1 6183 6193 6191 -1 6193 6186 6194 -1 6186 6193 6185 -1 6186 6195 6194 -1 6195 6186 6187 -1 6188 6195 6187 -1 6195 6188 6196 -1 6189 6196 6188 -1 6196 6189 6197 -1 6189 6198 6197 -1 6198 6189 6190 -1 6198 6184 6192 -1 6184 6198 6190 -1 6199 6192 6191 -1 6192 6199 6200 -1 6201 6191 6193 -1 6191 6201 6199 -1 6201 6194 6202 -1 6194 6201 6193 -1 6194 6203 6202 -1 6203 6194 6195 -1 6196 6203 6195 -1 6203 6196 6204 -1 6197 6204 6196 -1 6204 6197 6205 -1 6197 6206 6205 -1 6206 6197 6198 -1 6206 6192 6200 -1 6192 6206 6198 -1 6207 6200 6199 -1 6200 6207 6208 -1 6209 6199 6201 -1 6199 6209 6207 -1 6201 6210 6209 -1 6210 6201 6202 -1 6202 6211 6210 -1 6211 6202 6203 -1 6204 6211 6203 -1 6211 6204 6212 -1 6205 6212 6204 -1 6212 6205 6213 -1 6205 6214 6213 -1 6214 6205 6206 -1 6206 6208 6214 -1 6208 6206 6200 -1 6215 6207 6216 -1 6207 6215 6208 -1 6216 6209 6217 -1 6209 6216 6207 -1 6209 6218 6217 -1 6218 6209 6210 -1 6218 6211 6219 -1 6211 6218 6210 -1 6211 6220 6219 -1 6220 6211 6212 -1 6212 6221 6220 -1 6221 6212 6213 -1 6221 6214 6222 -1 6214 6221 6213 -1 6214 6215 6222 -1 6215 6214 6208 -1 6223 6216 6224 -1 6216 6223 6215 -1 6224 6217 6225 -1 6217 6224 6216 -1 6217 6226 6225 -1 6226 6217 6218 -1 6226 6219 6227 -1 6219 6226 6218 -1 6219 6228 6227 -1 6228 6219 6220 -1 6220 6229 6228 -1 6229 6220 6221 -1 6229 6222 6230 -1 6222 6229 6221 -1 6222 6223 6230 -1 6223 6222 6215 -1 6231 6224 6232 -1 6224 6231 6223 -1 6232 6225 6233 -1 6225 6232 6224 -1 6225 6234 6233 -1 6234 6225 6226 -1 6234 6227 6235 -1 6227 6234 6226 -1 6227 6236 6235 -1 6236 6227 6228 -1 6228 6237 6236 -1 6237 6228 6229 -1 6237 6230 6238 -1 6230 6237 6229 -1 6230 6231 6238 -1 6231 6230 6223 -1 6239 6232 6240 -1 6232 6239 6231 -1 6240 6233 6241 -1 6233 6240 6232 -1 6233 6242 6241 -1 6242 6233 6234 -1 6242 6235 6243 -1 6235 6242 6234 -1 6235 6244 6243 -1 6244 6235 6236 -1 6236 6245 6244 -1 6245 6236 6237 -1 6245 6238 6246 -1 6238 6245 6237 -1 6238 6239 6246 -1 6239 6238 6231 -1 6247 6240 6248 -1 6240 6247 6239 -1 6248 6241 6249 -1 6241 6248 6240 -1 6241 6250 6249 -1 6250 6241 6242 -1 6250 6243 6251 -1 6243 6250 6242 -1 6243 6252 6251 -1 6252 6243 6244 -1 6244 6253 6252 -1 6253 6244 6245 -1 6253 6246 6254 -1 6246 6253 6245 -1 6246 6247 6254 -1 6247 6246 6239 -1 6253 6251 6252 -1 6251 6253 6254 -1 6251 6254 6250 -1 6250 6254 6247 -1 6250 6247 6249 -1 6249 6247 6248 -1 6255 6256 6257 -1 6256 6255 6258 -1 6258 6259 6256 -1 6259 6258 6260 -1 6260 6258 6261 -1 6262 6263 6264 -1 6263 6262 6265 -1 6265 6262 6266 -1 6265 6266 6267 -1 6267 6266 6261 -1 6267 6261 6268 -1 6268 6261 6258 -1 6268 6258 6255 -1 6269 6260 6270 -1 6260 6269 6259 -1 6257 6259 6269 -1 6259 6257 6256 -1 6263 6271 6264 -1 6271 6263 6272 -1 6273 6268 6270 -1 6268 6273 6274 -1 6268 6274 6267 -1 6275 6271 6272 -1 6271 6275 6276 -1 6276 6275 6277 -1 6276 6277 6278 -1 6277 6279 6278 -1 6279 6277 6274 -1 6279 6274 6280 -1 6280 6274 6273 -1 6266 6278 6279 -1 6278 6266 6276 -1 6276 6266 6262 -1 6269 6255 6257 -1 6255 6269 6270 -1 6255 6270 6268 -1 6277 6267 6274 -1 6267 6277 6275 -1 6267 6275 6265 -1 6272 6265 6275 -1 6265 6272 6263 -1 6262 6271 6276 -1 6271 6262 6264 -1 6261 6280 6260 -1 6280 6261 6279 -1 6279 6261 6266 -1 6273 6260 6280 -1 6260 6273 6270 -1 6281 6282 6283 -1 6283 6284 6281 -1 6284 6283 6285 -1 6285 6286 6284 -1 6286 6287 6284 -1 6288 6289 6290 -1 6290 6291 6288 -1 6291 6292 6288 -1 6291 6293 6292 -1 6293 6287 6292 -1 6293 6294 6287 -1 6294 6284 6287 -1 6294 6281 6284 -1 6295 6296 6286 -1 6286 6285 6295 -1 6282 6295 6285 -1 6285 6283 6282 -1 6290 6289 6297 -1 6297 6298 6290 -1 6299 6296 6294 -1 6294 6300 6299 -1 6294 6293 6300 -1 6301 6298 6297 -1 6297 6302 6301 -1 6302 6303 6301 -1 6302 6304 6303 -1 6303 6304 6305 -1 6305 6300 6303 -1 6305 6306 6300 -1 6306 6299 6300 -1 6292 6305 6304 -1 6304 6302 6292 -1 6302 6288 6292 -1 6295 6282 6281 -1 6281 6296 6295 -1 6281 6294 6296 -1 6303 6300 6293 -1 6293 6301 6303 -1 6293 6291 6301 -1 6298 6301 6291 -1 6291 6290 6298 -1 6288 6302 6297 -1 6297 6289 6288 -1 6287 6286 6306 -1 6306 6305 6287 -1 6305 6292 6287 -1 6299 6306 6286 -1 6286 6296 6299 -1 6307 6308 6309 -1 6308 6307 6310 -1 6310 6307 6311 -1 6310 6311 6312 -1 6312 6311 6313 -1 6312 6313 6314 -1 6315 6312 6314 -1 6312 6315 6316 -1 6317 6314 6313 -1 6314 6317 6315 -1 6317 6311 6318 -1 6311 6317 6313 -1 6311 6319 6318 -1 6319 6311 6307 -1 6309 6319 6307 -1 6319 6309 6320 -1 6308 6320 6309 -1 6320 6308 6321 -1 6308 6322 6321 -1 6322 6308 6310 -1 6322 6312 6316 -1 6312 6322 6310 -1 6323 6316 6315 -1 6316 6323 6324 -1 6325 6315 6317 -1 6315 6325 6323 -1 6325 6318 6326 -1 6318 6325 6317 -1 6318 6327 6326 -1 6327 6318 6319 -1 6320 6327 6319 -1 6327 6320 6328 -1 6321 6328 6320 -1 6328 6321 6329 -1 6321 6330 6329 -1 6330 6321 6322 -1 6330 6316 6324 -1 6316 6330 6322 -1 6331 6324 6323 -1 6324 6331 6332 -1 6333 6323 6325 -1 6323 6333 6331 -1 6333 6326 6334 -1 6326 6333 6325 -1 6326 6335 6334 -1 6335 6326 6327 -1 6328 6335 6327 -1 6335 6328 6336 -1 6329 6336 6328 -1 6336 6329 6337 -1 6329 6338 6337 -1 6338 6329 6330 -1 6338 6324 6332 -1 6324 6338 6330 -1 6339 6332 6331 -1 6332 6339 6340 -1 6341 6331 6333 -1 6331 6341 6339 -1 6341 6334 6342 -1 6334 6341 6333 -1 6334 6343 6342 -1 6343 6334 6335 -1 6336 6343 6335 -1 6343 6336 6344 -1 6337 6344 6336 -1 6344 6337 6345 -1 6337 6346 6345 -1 6346 6337 6338 -1 6346 6332 6340 -1 6332 6346 6338 -1 6347 6340 6339 -1 6340 6347 6348 -1 6349 6339 6341 -1 6339 6349 6347 -1 6341 6350 6349 -1 6350 6341 6342 -1 6342 6351 6350 -1 6351 6342 6343 -1 6344 6351 6343 -1 6351 6344 6352 -1 6345 6352 6344 -1 6352 6345 6353 -1 6345 6354 6353 -1 6354 6345 6346 -1 6346 6348 6354 -1 6348 6346 6340 -1 6355 6347 6356 -1 6347 6355 6348 -1 6356 6349 6357 -1 6349 6356 6347 -1 6349 6358 6357 -1 6358 6349 6350 -1 6358 6351 6359 -1 6351 6358 6350 -1 6351 6360 6359 -1 6360 6351 6352 -1 6352 6361 6360 -1 6361 6352 6353 -1 6361 6354 6362 -1 6354 6361 6353 -1 6354 6355 6362 -1 6355 6354 6348 -1 6363 6356 6364 -1 6356 6363 6355 -1 6364 6357 6365 -1 6357 6364 6356 -1 6357 6366 6365 -1 6366 6357 6358 -1 6366 6359 6367 -1 6359 6366 6358 -1 6359 6368 6367 -1 6368 6359 6360 -1 6360 6369 6368 -1 6369 6360 6361 -1 6369 6362 6370 -1 6362 6369 6361 -1 6362 6363 6370 -1 6363 6362 6355 -1 6371 6364 6372 -1 6364 6371 6363 -1 6372 6365 6373 -1 6365 6372 6364 -1 6365 6374 6373 -1 6374 6365 6366 -1 6374 6367 6375 -1 6367 6374 6366 -1 6367 6376 6375 -1 6376 6367 6368 -1 6368 6377 6376 -1 6377 6368 6369 -1 6377 6370 6378 -1 6370 6377 6369 -1 6370 6371 6378 -1 6371 6370 6363 -1 6379 6372 6380 -1 6372 6379 6371 -1 6380 6373 6381 -1 6373 6380 6372 -1 6373 6382 6381 -1 6382 6373 6374 -1 6382 6375 6383 -1 6375 6382 6374 -1 6375 6384 6383 -1 6384 6375 6376 -1 6376 6385 6384 -1 6385 6376 6377 -1 6385 6378 6386 -1 6378 6385 6377 -1 6378 6379 6386 -1 6379 6378 6371 -1 6387 6380 6388 -1 6380 6387 6379 -1 6388 6381 6389 -1 6381 6388 6380 -1 6381 6390 6389 -1 6390 6381 6382 -1 6390 6383 6391 -1 6383 6390 6382 -1 6383 6392 6391 -1 6392 6383 6384 -1 6384 6393 6392 -1 6393 6384 6385 -1 6393 6386 6394 -1 6386 6393 6385 -1 6386 6387 6394 -1 6387 6386 6379 -1 6393 6391 6392 -1 6391 6393 6394 -1 6391 6394 6390 -1 6390 6394 6387 -1 6390 6387 6389 -1 6389 6387 6388 -1 6395 6396 6397 -1 6396 6395 6398 -1 6399 6400 6401 -1 6400 6399 6402 -1 6403 6395 6404 -1 6395 6403 6398 -1 6400 6405 6401 -1 6405 6400 6406 -1 6405 6403 6404 -1 6403 6405 6406 -1 6407 2267 1626 -1 2267 6407 6408 -1 6409 2267 6408 -1 2267 6409 2266 -1 6407 6409 6408 -1 6409 6407 6410 -1 6409 1629 2266 -1 1629 6409 6410 -1 1629 6407 1626 -1 6407 1629 6410 -1 1629 2267 2266 -1 2267 1629 1626 -1 6411 6412 6413 -1 6412 6411 6414 -1 6415 6413 6416 -1 6413 6415 6411 -1 6417 6416 6418 -1 6416 6417 6415 -1 6419 6418 6420 -1 6418 6419 6417 -1 6421 6420 6422 -1 6420 6421 6419 -1 6423 6421 6422 -1 6421 6423 6424 -1 6425 6424 6423 -1 6424 6425 6426 -1 6427 6414 6411 -1 6414 6427 6428 -1 6429 6411 6415 -1 6411 6429 6427 -1 6430 6415 6417 -1 6415 6430 6429 -1 6431 6417 6419 -1 6417 6431 6430 -1 6432 6419 6421 -1 6419 6432 6431 -1 6424 6432 6421 -1 6432 6424 6433 -1 6426 6433 6424 -1 6433 6426 6434 -1 6427 6435 6428 -1 6435 6427 6436 -1 6429 6436 6427 -1 6436 6429 6437 -1 6430 6437 6429 -1 6437 6430 6438 -1 6431 6438 6430 -1 6438 6431 6439 -1 6432 6439 6431 -1 6439 6432 6440 -1 6433 6440 6432 -1 6440 6433 6441 -1 6434 6441 6433 -1 6441 6434 6442 -1 6436 6443 6435 -1 6443 6436 6444 -1 6437 6444 6436 -1 6444 6437 6445 -1 6438 6445 6437 -1 6445 6438 6446 -1 6439 6446 6438 -1 6446 6439 6447 -1 6440 6447 6439 -1 6447 6440 6448 -1 6441 6448 6440 -1 6448 6441 6449 -1 6442 6449 6441 -1 6449 6442 6450 -1 6444 6451 6443 -1 6451 6444 6452 -1 6445 6452 6444 -1 6452 6445 6453 -1 6446 6453 6445 -1 6453 6446 6454 -1 6447 6454 6446 -1 6454 6447 6455 -1 6448 6455 6447 -1 6455 6448 6456 -1 6449 6456 6448 -1 6456 6449 6457 -1 6450 6457 6449 -1 6457 6450 6458 -1 6452 6459 6451 -1 6459 6452 6460 -1 6453 6460 6452 -1 6460 6453 6461 -1 6454 6461 6453 -1 6461 6454 6462 -1 6455 6462 6454 -1 6462 6455 6463 -1 6456 6463 6455 -1 6463 6456 6464 -1 6465 6456 6457 -1 6456 6465 6464 -1 6466 6457 6458 -1 6457 6466 6465 -1 6460 6467 6459 -1 6467 6460 6468 -1 6461 6468 6460 -1 6468 6461 6469 -1 6462 6469 6461 -1 6469 6462 6470 -1 6463 6470 6462 -1 6470 6463 6471 -1 6464 6471 6463 -1 6471 6464 6472 -1 6473 6464 6465 -1 6464 6473 6472 -1 6474 6465 6466 -1 6465 6474 6473 -1 6468 6475 6467 -1 6475 6468 6476 -1 6469 6476 6468 -1 6476 6469 6477 -1 6470 6477 6469 -1 6477 6470 6478 -1 6471 6478 6470 -1 6478 6471 6479 -1 6472 6479 6471 -1 6479 6472 6480 -1 6481 6472 6473 -1 6472 6481 6480 -1 6482 6473 6474 -1 6473 6482 6481 -1 6483 6476 6484 -1 6476 6483 6475 -1 6484 6477 6485 -1 6477 6484 6476 -1 6485 6478 6486 -1 6478 6485 6477 -1 6486 6479 6487 -1 6479 6486 6478 -1 6487 6480 6488 -1 6480 6487 6479 -1 6489 6480 6481 -1 6480 6489 6488 -1 6490 6481 6482 -1 6481 6490 6489 -1 6491 6484 6492 -1 6484 6491 6483 -1 6492 6485 6493 -1 6485 6492 6484 -1 6493 6486 6494 -1 6486 6493 6485 -1 6494 6487 6495 -1 6487 6494 6486 -1 6495 6488 6496 -1 6488 6495 6487 -1 6497 6488 6489 -1 6488 6497 6496 -1 6498 6489 6490 -1 6489 6498 6497 -1 6491 6499 6500 -1 6499 6491 6492 -1 6492 6501 6499 -1 6501 6492 6493 -1 6493 6502 6501 -1 6502 6493 6494 -1 6494 6503 6502 -1 6503 6494 6495 -1 6495 6504 6503 -1 6504 6495 6496 -1 6505 6496 6497 -1 6496 6505 6504 -1 6506 6497 6498 -1 6497 6506 6505 -1 6500 6507 6508 -1 6507 6500 6499 -1 6499 6509 6507 -1 6509 6499 6501 -1 6501 6510 6509 -1 6510 6501 6502 -1 6502 6511 6510 -1 6511 6502 6503 -1 6503 6512 6511 -1 6512 6503 6504 -1 6512 6505 6513 -1 6505 6512 6504 -1 6513 6506 6514 -1 6506 6513 6505 -1 6508 6515 6516 -1 6515 6508 6507 -1 6507 6517 6515 -1 6517 6507 6509 -1 6509 6518 6517 -1 6518 6509 6510 -1 6510 6519 6518 -1 6519 6510 6511 -1 6511 6520 6519 -1 6520 6511 6512 -1 6520 6513 6521 -1 6513 6520 6512 -1 6521 6514 6522 -1 6514 6521 6513 -1 6516 6523 6524 -1 6523 6516 6515 -1 6515 6525 6523 -1 6525 6515 6517 -1 6517 6526 6525 -1 6526 6517 6518 -1 6518 6527 6526 -1 6527 6518 6519 -1 6519 6528 6527 -1 6528 6519 6520 -1 6528 6521 6529 -1 6521 6528 6520 -1 6529 6522 6530 -1 6522 6529 6521 -1 6523 6531 6524 -1 6531 6523 6532 -1 6525 6532 6523 -1 6532 6525 6533 -1 6526 6533 6525 -1 6533 6526 6534 -1 6527 6534 6526 -1 6534 6527 6535 -1 6528 6535 6527 -1 6535 6528 6536 -1 6536 6529 6537 -1 6529 6536 6528 -1 6537 6530 6538 -1 6530 6537 6529 -1 6532 6539 6531 -1 6539 6532 6540 -1 6533 6540 6532 -1 6540 6533 6541 -1 6534 6541 6533 -1 6541 6534 6542 -1 6535 6542 6534 -1 6542 6535 6543 -1 6536 6543 6535 -1 6543 6536 6544 -1 6544 6537 6545 -1 6537 6544 6536 -1 6545 6538 6546 -1 6538 6545 6537 -1 6540 6547 6539 -1 6547 6540 6548 -1 6541 6548 6540 -1 6548 6541 6549 -1 6542 6549 6541 -1 6549 6542 6550 -1 6543 6550 6542 -1 6550 6543 6551 -1 6544 6551 6543 -1 6551 6544 6552 -1 6544 6553 6552 -1 6553 6544 6545 -1 6545 6554 6553 -1 6554 6545 6546 -1 6548 6555 6547 -1 6555 6548 6556 -1 6549 6556 6548 -1 6556 6549 6557 -1 6550 6557 6549 -1 6557 6550 6558 -1 6551 6558 6550 -1 6558 6551 6559 -1 6552 6559 6551 -1 6559 6552 6560 -1 6552 6561 6560 -1 6561 6552 6553 -1 6553 6562 6561 -1 6562 6553 6554 -1 6556 6563 6555 -1 6563 6556 6564 -1 6557 6564 6556 -1 6564 6557 6565 -1 6558 6565 6557 -1 6565 6558 6566 -1 6559 6566 6558 -1 6566 6559 6567 -1 6560 6567 6559 -1 6567 6560 6568 -1 6560 6569 6568 -1 6569 6560 6561 -1 6561 6570 6569 -1 6570 6561 6562 -1 6564 6571 6563 -1 6571 6564 6572 -1 6565 6572 6564 -1 6572 6565 6573 -1 6566 6573 6565 -1 6573 6566 6574 -1 6567 6574 6566 -1 6574 6567 6575 -1 6568 6575 6567 -1 6575 6568 6576 -1 6568 6577 6576 -1 6577 6568 6569 -1 6569 6578 6577 -1 6578 6569 6570 -1 6414 6579 6412 -1 6579 6414 6580 -1 6580 6414 6581 -1 6580 6582 6579 -1 6428 6581 6414 -1 6581 6428 6583 -1 6583 6428 6584 -1 6583 6580 6581 -1 6584 6585 6583 -1 6585 6584 6586 -1 6586 6584 6428 -1 6586 6428 6435 -1 6586 6587 6585 -1 6587 6586 6588 -1 6588 6586 6435 -1 6588 6435 6443 -1 6588 6589 6587 -1 6589 6588 6590 -1 6590 6588 6443 -1 6590 6443 6451 -1 6590 6591 6589 -1 6591 6590 6592 -1 6592 6590 6451 -1 6592 6451 6459 -1 6592 6593 6591 -1 6593 6592 6594 -1 6594 6592 6459 -1 6594 6459 6467 -1 6594 6595 6593 -1 6595 6594 6596 -1 6596 6594 6467 -1 6596 6467 6475 -1 6595 6597 6598 -1 6597 6595 6483 -1 6483 6595 6475 -1 6475 6595 6596 -1 6598 6599 6600 -1 6599 6598 6491 -1 6491 6598 6483 -1 6483 6598 6597 -1 6600 6601 6602 -1 6601 6600 6500 -1 6500 6600 6491 -1 6491 6600 6599 -1 6603 6508 6604 -1 6508 6603 6500 -1 6500 6603 6602 -1 6500 6602 6601 -1 6603 6604 6605 -1 6605 6516 6606 -1 6516 6605 6508 -1 6508 6605 6604 -1 6607 6425 6608 -1 6425 6607 6609 -1 6425 6609 6426 -1 6426 6609 6578 -1 6426 6578 6434 -1 6434 6578 6570 -1 6434 6570 6442 -1 6442 6570 6562 -1 6442 6562 6450 -1 6450 6562 6554 -1 6450 6554 6458 -1 6458 6554 6546 -1 6458 6546 6466 -1 6466 6546 6538 -1 6466 6538 6474 -1 6474 6538 6530 -1 6474 6530 6482 -1 6482 6530 6522 -1 6482 6522 6490 -1 6490 6522 6514 -1 6490 6514 6498 -1 6498 6514 6506 -1 6605 6606 6610 -1 6610 6524 6611 -1 6524 6610 6516 -1 6516 6610 6606 -1 6611 6612 6610 -1 6612 6611 6613 -1 6613 6611 6524 -1 6613 6524 6531 -1 6613 6614 6612 -1 6614 6613 6615 -1 6615 6613 6531 -1 6615 6531 6539 -1 6615 6616 6614 -1 6616 6615 6617 -1 6617 6615 6539 -1 6617 6539 6547 -1 6617 6618 6616 -1 6618 6617 6619 -1 6619 6617 6547 -1 6619 6547 6555 -1 6619 6620 6618 -1 6620 6619 6621 -1 6621 6619 6555 -1 6621 6555 6563 -1 6621 6622 6620 -1 6622 6621 6623 -1 6623 6621 6563 -1 6623 6563 6571 -1 6624 6623 6571 -1 6623 6624 6622 -1 6622 6624 6625 -1 6622 6625 6626 -1 6627 6625 6624 -1 6625 6627 6626 -1 6626 6627 6628 -1 6626 6628 6629 -1 6630 6628 6627 -1 6628 6630 6629 -1 6629 6630 6631 -1 6631 6630 6632 -1 6413 6630 6633 -1 6630 6413 6412 -1 6416 6633 6634 -1 6633 6416 6413 -1 6418 6634 6635 -1 6634 6418 6416 -1 6420 6635 6636 -1 6635 6420 6418 -1 6422 6636 6637 -1 6636 6422 6420 -1 6638 6422 6637 -1 6422 6638 6423 -1 6608 6423 6638 -1 6423 6608 6425 -1 6412 6632 6630 -1 6632 6412 6631 -1 6631 6412 6582 -1 6582 6412 6579 -1 6572 6624 6571 -1 6624 6572 6639 -1 6573 6639 6572 -1 6639 6573 6640 -1 6574 6640 6573 -1 6640 6574 6641 -1 6575 6641 6574 -1 6641 6575 6642 -1 6576 6642 6575 -1 6642 6576 6643 -1 6576 6644 6643 -1 6644 6576 6577 -1 6577 6609 6644 -1 6609 6577 6578 -1 6639 6627 6624 -1 6627 6639 6645 -1 6640 6645 6639 -1 6645 6640 6646 -1 6641 6646 6640 -1 6646 6641 6647 -1 6642 6647 6641 -1 6647 6642 6648 -1 6643 6648 6642 -1 6648 6643 6649 -1 6643 6650 6649 -1 6650 6643 6644 -1 6644 6607 6650 -1 6607 6644 6609 -1 6650 6608 6638 -1 6608 6650 6607 -1 6647 6634 6646 -1 6634 6647 6635 -1 6646 6633 6645 -1 6633 6646 6634 -1 6648 6635 6647 -1 6635 6648 6636 -1 6645 6630 6627 -1 6630 6645 6633 -1 6649 6636 6648 -1 6636 6649 6637 -1 6649 6638 6637 -1 6638 6649 6650 -1 6651 6652 6653 -1 6652 6651 6654 -1 6580 6653 6582 -1 6653 6580 6651 -1 6655 6656 6657 -1 6656 6655 6658 -1 6659 6655 6657 -1 6655 6659 6660 -1 6661 6662 6663 -1 6662 6661 6664 -1 6665 6663 6654 -1 6663 6665 6661 -1 6666 6654 6651 -1 6654 6666 6665 -1 6583 6651 6580 -1 6651 6583 6666 -1 6655 6667 6658 -1 6667 6655 6668 -1 6660 6668 6655 -1 6668 6660 6669 -1 6661 6670 6664 -1 6670 6661 6671 -1 6665 6671 6661 -1 6671 6665 6672 -1 6666 6672 6665 -1 6672 6666 6673 -1 6583 6673 6666 -1 6673 6583 6585 -1 6668 6674 6667 -1 6674 6668 6675 -1 6669 6675 6668 -1 6675 6669 6676 -1 6671 6677 6670 -1 6677 6671 6678 -1 6672 6678 6671 -1 6678 6672 6679 -1 6673 6679 6672 -1 6679 6673 6680 -1 6585 6680 6673 -1 6680 6585 6587 -1 6675 6681 6674 -1 6681 6675 6682 -1 6676 6682 6675 -1 6682 6676 6683 -1 6678 6684 6677 -1 6684 6678 6685 -1 6679 6685 6678 -1 6685 6679 6686 -1 6680 6686 6679 -1 6686 6680 6687 -1 6587 6687 6680 -1 6687 6587 6589 -1 6682 6688 6681 -1 6688 6682 6689 -1 6683 6689 6682 -1 6689 6683 6690 -1 6685 6691 6684 -1 6691 6685 6692 -1 6686 6692 6685 -1 6692 6686 6693 -1 6687 6693 6686 -1 6693 6687 6694 -1 6589 6694 6687 -1 6694 6589 6591 -1 6689 6695 6688 -1 6695 6689 6696 -1 6697 6689 6690 -1 6689 6697 6696 -1 6692 6698 6691 -1 6698 6692 6699 -1 6693 6699 6692 -1 6699 6693 6700 -1 6694 6700 6693 -1 6700 6694 6701 -1 6591 6701 6694 -1 6701 6591 6593 -1 6696 6702 6695 -1 6702 6696 6703 -1 6704 6696 6697 -1 6696 6704 6703 -1 6699 6705 6698 -1 6705 6699 6706 -1 6700 6706 6699 -1 6706 6700 6707 -1 6701 6707 6700 -1 6707 6701 6708 -1 6593 6708 6701 -1 6708 6593 6595 -1 6702 6709 6710 -1 6709 6702 6703 -1 6711 6703 6704 -1 6703 6711 6709 -1 6705 6712 6713 -1 6712 6705 6706 -1 6712 6707 6714 -1 6707 6712 6706 -1 6714 6708 6715 -1 6708 6714 6707 -1 6715 6595 6598 -1 6595 6715 6708 -1 6710 6716 6717 -1 6716 6710 6709 -1 6718 6709 6711 -1 6709 6718 6716 -1 6713 6719 6720 -1 6719 6713 6712 -1 6719 6714 6721 -1 6714 6719 6712 -1 6721 6715 6722 -1 6715 6721 6714 -1 6722 6598 6600 -1 6598 6722 6715 -1 6717 6723 6724 -1 6723 6717 6716 -1 6716 6725 6723 -1 6725 6716 6718 -1 6720 6726 6727 -1 6726 6720 6719 -1 6719 6728 6726 -1 6728 6719 6721 -1 6721 6729 6728 -1 6729 6721 6722 -1 6722 6602 6729 -1 6602 6722 6600 -1 6724 6730 6731 -1 6730 6724 6723 -1 6723 6732 6730 -1 6732 6723 6725 -1 6727 6733 6734 -1 6733 6727 6726 -1 6726 6735 6733 -1 6735 6726 6728 -1 6728 6736 6735 -1 6736 6728 6729 -1 6729 6603 6736 -1 6603 6729 6602 -1 6731 6737 6738 -1 6737 6731 6730 -1 6737 6732 6739 -1 6732 6737 6730 -1 6734 6740 6741 -1 6740 6734 6733 -1 6733 6742 6740 -1 6742 6733 6735 -1 6735 6743 6742 -1 6743 6735 6736 -1 6736 6605 6743 -1 6605 6736 6603 -1 6738 6744 6745 -1 6744 6738 6737 -1 6744 6739 6746 -1 6739 6744 6737 -1 6741 6747 6748 -1 6747 6741 6740 -1 6740 6749 6747 -1 6749 6740 6742 -1 6742 6750 6749 -1 6750 6742 6743 -1 6743 6610 6750 -1 6610 6743 6605 -1 6744 6751 6745 -1 6751 6744 6752 -1 6752 6746 6753 -1 6746 6752 6744 -1 6747 6754 6748 -1 6754 6747 6755 -1 6749 6755 6747 -1 6755 6749 6756 -1 6750 6756 6749 -1 6756 6750 6757 -1 6610 6757 6750 -1 6757 6610 6612 -1 6752 6758 6751 -1 6758 6752 6759 -1 6759 6753 6760 -1 6753 6759 6752 -1 6755 6761 6754 -1 6761 6755 6762 -1 6756 6762 6755 -1 6762 6756 6763 -1 6757 6763 6756 -1 6763 6757 6764 -1 6612 6764 6757 -1 6764 6612 6614 -1 6759 6765 6758 -1 6765 6759 6766 -1 6760 6766 6759 -1 6766 6760 6767 -1 6762 6768 6761 -1 6768 6762 6769 -1 6763 6769 6762 -1 6769 6763 6770 -1 6764 6770 6763 -1 6770 6764 6771 -1 6614 6771 6764 -1 6771 6614 6616 -1 6766 6772 6765 -1 6772 6766 6773 -1 6767 6773 6766 -1 6773 6767 6774 -1 6769 6775 6768 -1 6775 6769 6776 -1 6770 6776 6769 -1 6776 6770 6777 -1 6771 6777 6770 -1 6777 6771 6778 -1 6616 6778 6771 -1 6778 6616 6618 -1 6773 6779 6772 -1 6779 6773 6780 -1 6773 6781 6780 -1 6781 6773 6774 -1 6776 6782 6775 -1 6782 6776 6783 -1 6777 6783 6776 -1 6783 6777 6784 -1 6778 6784 6777 -1 6784 6778 6785 -1 6618 6785 6778 -1 6785 6618 6620 -1 6780 6786 6779 -1 6786 6780 6787 -1 6780 6788 6787 -1 6788 6780 6781 -1 6783 6789 6782 -1 6789 6783 6790 -1 6784 6790 6783 -1 6790 6784 6791 -1 6785 6791 6784 -1 6791 6785 6792 -1 6620 6792 6785 -1 6792 6620 6622 -1 6793 6786 6787 -1 6786 6793 6794 -1 6787 6795 6793 -1 6795 6787 6788 -1 6796 6789 6790 -1 6789 6796 6797 -1 6791 6796 6790 -1 6796 6791 6798 -1 6792 6798 6791 -1 6798 6792 6799 -1 6800 6801 6802 -1 6801 6800 6803 -1 6803 6800 6795 -1 6803 6795 6797 -1 6797 6795 6788 -1 6797 6788 6789 -1 6789 6788 6781 -1 6789 6781 6782 -1 6782 6781 6774 -1 6782 6774 6775 -1 6775 6774 6767 -1 6775 6767 6768 -1 6768 6767 6761 -1 6761 6767 6760 -1 6761 6760 6754 -1 6754 6760 6753 -1 6754 6753 6748 -1 6748 6753 6746 -1 6748 6746 6741 -1 6741 6746 6739 -1 6741 6739 6734 -1 6734 6739 6732 -1 6734 6732 6727 -1 6727 6732 6725 -1 6801 6804 6802 -1 6804 6801 6805 -1 6804 6805 6659 -1 6659 6805 6662 -1 6659 6662 6660 -1 6660 6662 6664 -1 6660 6664 6669 -1 6669 6664 6670 -1 6669 6670 6676 -1 6676 6670 6677 -1 6676 6677 6683 -1 6683 6677 6684 -1 6683 6684 6691 -1 6683 6691 6690 -1 6690 6691 6698 -1 6690 6698 6697 -1 6697 6698 6705 -1 6697 6705 6704 -1 6704 6705 6713 -1 6704 6713 6711 -1 6711 6713 6720 -1 6711 6720 6718 -1 6718 6720 6727 -1 6718 6727 6725 -1 6806 6807 6808 -1 6807 6806 6809 -1 6804 6808 6802 -1 6808 6804 6806 -1 6810 6801 6811 -1 6801 6810 6805 -1 6652 6811 6812 -1 6811 6652 6810 -1 6653 6812 6813 -1 6812 6653 6652 -1 6582 6813 6631 -1 6813 6582 6653 -1 6657 6809 6806 -1 6809 6657 6656 -1 6804 6657 6806 -1 6657 6804 6659 -1 6663 6805 6810 -1 6805 6663 6662 -1 6654 6810 6652 -1 6810 6654 6663 -1 6814 6794 6793 -1 6794 6814 6815 -1 6793 6800 6814 -1 6800 6793 6795 -1 6816 6797 6796 -1 6797 6816 6803 -1 6798 6816 6796 -1 6816 6798 6817 -1 6799 6817 6798 -1 6817 6799 6818 -1 6626 6818 6799 -1 6818 6626 6629 -1 6811 6803 6816 -1 6803 6811 6801 -1 6800 6808 6814 -1 6808 6800 6802 -1 6818 6812 6817 -1 6812 6818 6813 -1 6817 6811 6816 -1 6811 6817 6812 -1 6808 6815 6814 -1 6815 6808 6807 -1 6629 6813 6818 -1 6813 6629 6631 -1 6622 6799 6792 -1 6799 6622 6626 -1 6819 6820 6821 -1 6820 6819 6822 -1 6823 6824 6825 -1 6824 6823 6826 -1 6827 6825 6828 -1 6825 6827 6823 -1 6829 6827 6828 -1 6827 6829 6830 -1 6831 6822 6819 -1 6822 6831 6832 -1 6833 6826 6823 -1 6826 6833 6834 -1 6827 6833 6823 -1 6833 6827 6835 -1 6830 6835 6827 -1 6835 6830 6836 -1 6831 6837 6832 -1 6837 6831 6838 -1 6833 6839 6834 -1 6839 6833 6840 -1 6835 6840 6833 -1 6840 6835 6841 -1 6836 6841 6835 -1 6841 6836 6842 -1 6838 6843 6837 -1 6843 6838 6844 -1 6840 6845 6839 -1 6845 6840 6846 -1 6841 6846 6840 -1 6846 6841 6847 -1 6842 6847 6841 -1 6847 6842 6848 -1 6844 6849 6843 -1 6849 6844 6850 -1 6846 6851 6845 -1 6851 6846 6852 -1 6847 6852 6846 -1 6852 6847 6853 -1 6848 6853 6847 -1 6853 6848 6854 -1 6850 6855 6849 -1 6855 6850 6856 -1 6852 6857 6851 -1 6857 6852 6858 -1 6853 6858 6852 -1 6858 6853 6859 -1 6860 6853 6854 -1 6853 6860 6859 -1 6856 6861 6855 -1 6861 6856 6862 -1 6858 6863 6857 -1 6863 6858 6864 -1 6859 6864 6858 -1 6864 6859 6865 -1 6866 6859 6860 -1 6859 6866 6865 -1 6862 6867 6861 -1 6867 6862 6868 -1 6864 6869 6863 -1 6869 6864 6870 -1 6871 6864 6865 -1 6864 6871 6870 -1 6872 6865 6866 -1 6865 6872 6871 -1 6867 6873 6874 -1 6873 6867 6868 -1 6875 6870 6876 -1 6870 6875 6869 -1 6877 6870 6871 -1 6870 6877 6876 -1 6878 6871 6872 -1 6871 6878 6877 -1 6874 6879 6880 -1 6879 6874 6873 -1 6881 6876 6882 -1 6876 6881 6875 -1 6882 6877 6883 -1 6877 6882 6876 -1 6884 6877 6878 -1 6877 6884 6883 -1 6880 6885 6886 -1 6885 6880 6879 -1 6881 6887 6888 -1 6887 6881 6882 -1 6882 6889 6887 -1 6889 6882 6883 -1 6890 6883 6884 -1 6883 6890 6889 -1 6891 6885 6892 -1 6885 6891 6886 -1 6888 6893 6894 -1 6893 6888 6887 -1 6887 6895 6893 -1 6895 6887 6889 -1 6895 6890 6896 -1 6890 6895 6889 -1 6891 6897 6898 -1 6897 6891 6892 -1 6894 6899 6900 -1 6899 6894 6893 -1 6893 6901 6899 -1 6901 6893 6895 -1 6901 6896 6902 -1 6896 6901 6895 -1 6898 6903 6904 -1 6903 6898 6897 -1 6900 6905 6906 -1 6905 6900 6899 -1 6905 6901 6907 -1 6901 6905 6899 -1 6907 6902 6908 -1 6902 6907 6901 -1 6903 6909 6904 -1 6909 6903 6910 -1 6905 6911 6906 -1 6911 6905 6912 -1 6912 6907 6913 -1 6907 6912 6905 -1 6913 6908 6914 -1 6908 6913 6907 -1 6910 6915 6909 -1 6915 6910 6916 -1 6912 6917 6911 -1 6917 6912 6918 -1 6913 6918 6912 -1 6918 6913 6919 -1 6919 6914 6920 -1 6914 6919 6913 -1 6916 6921 6915 -1 6921 6916 6922 -1 6918 6923 6917 -1 6923 6918 6924 -1 6919 6924 6918 -1 6924 6919 6925 -1 6919 6926 6925 -1 6926 6919 6920 -1 6922 6927 6921 -1 6927 6922 6928 -1 6924 6929 6923 -1 6929 6924 6930 -1 6925 6930 6924 -1 6930 6925 6931 -1 6925 6932 6931 -1 6932 6925 6926 -1 6928 6933 6927 -1 6933 6928 6934 -1 6930 6935 6929 -1 6935 6930 6936 -1 6931 6936 6930 -1 6936 6931 6937 -1 6931 6938 6937 -1 6938 6931 6932 -1 6934 6939 6933 -1 6939 6934 6940 -1 6936 6941 6935 -1 6941 6936 6942 -1 6936 6943 6942 -1 6943 6936 6937 -1 6937 6944 6943 -1 6944 6937 6938 -1 6945 6829 6946 -1 6829 6945 6947 -1 6829 6947 6807 -1 6807 6947 6815 -1 6815 6947 6794 -1 6794 6947 6944 -1 6794 6944 6786 -1 6786 6944 6938 -1 6786 6938 6779 -1 6779 6938 6932 -1 6779 6932 6772 -1 6772 6932 6926 -1 6772 6926 6765 -1 6765 6926 6920 -1 6765 6920 6758 -1 6758 6920 6751 -1 6751 6920 6914 -1 6751 6914 6745 -1 6745 6914 6908 -1 6745 6908 6738 -1 6738 6908 6902 -1 6738 6902 6731 -1 6731 6902 6896 -1 6731 6896 6724 -1 6807 6830 6829 -1 6830 6807 6809 -1 6830 6809 6656 -1 6830 6656 6836 -1 6836 6656 6658 -1 6836 6658 6842 -1 6842 6658 6667 -1 6842 6667 6848 -1 6848 6667 6674 -1 6848 6674 6854 -1 6854 6674 6681 -1 6854 6681 6688 -1 6854 6688 6860 -1 6860 6688 6695 -1 6860 6695 6866 -1 6866 6695 6702 -1 6866 6702 6872 -1 6872 6702 6710 -1 6872 6710 6878 -1 6878 6710 6717 -1 6878 6717 6884 -1 6884 6717 6724 -1 6884 6724 6896 -1 6884 6896 6890 -1 6948 6821 6949 -1 6821 6948 6950 -1 6950 6948 6951 -1 6951 6948 6952 -1 6951 6952 6953 -1 6953 6952 6940 -1 6953 6940 6941 -1 6941 6940 6934 -1 6941 6934 6935 -1 6935 6934 6928 -1 6935 6928 6929 -1 6929 6928 6922 -1 6929 6922 6923 -1 6923 6922 6916 -1 6923 6916 6917 -1 6917 6916 6911 -1 6911 6916 6910 -1 6911 6910 6906 -1 6906 6910 6903 -1 6906 6903 6900 -1 6900 6903 6897 -1 6900 6897 6894 -1 6894 6897 6892 -1 6894 6892 6888 -1 6821 6824 6819 -1 6824 6821 6950 -1 6819 6824 6826 -1 6819 6826 6831 -1 6831 6826 6834 -1 6831 6834 6838 -1 6838 6834 6839 -1 6838 6839 6844 -1 6844 6839 6845 -1 6844 6845 6850 -1 6850 6845 6851 -1 6850 6851 6857 -1 6850 6857 6856 -1 6856 6857 6863 -1 6856 6863 6862 -1 6862 6863 6869 -1 6862 6869 6868 -1 6868 6869 6875 -1 6868 6875 6873 -1 6873 6875 6881 -1 6873 6881 6879 -1 6879 6881 6888 -1 6879 6888 6892 -1 6879 6892 6885 -1 6821 6954 6949 -1 6954 6821 6820 -1 6825 6950 6955 -1 6950 6825 6824 -1 6828 6955 6956 -1 6955 6828 6825 -1 6946 6828 6956 -1 6828 6946 6829 -1 6952 6939 6940 -1 6939 6952 6957 -1 6942 6953 6941 -1 6953 6942 6958 -1 6942 6959 6958 -1 6959 6942 6943 -1 6943 6947 6959 -1 6947 6943 6944 -1 6948 6957 6952 -1 6957 6948 6960 -1 6958 6951 6953 -1 6951 6958 6961 -1 6959 6961 6958 -1 6961 6959 6962 -1 6959 6945 6962 -1 6945 6959 6947 -1 6961 6950 6951 -1 6950 6961 6955 -1 6949 6960 6948 -1 6960 6949 6954 -1 6820 6960 6954 -1 6960 6820 6957 -1 6957 6820 6822 -1 6957 6822 6939 -1 6939 6822 6832 -1 6939 6832 6933 -1 6933 6832 6837 -1 6933 6837 6927 -1 6927 6837 6843 -1 6927 6843 6921 -1 6921 6843 6849 -1 6921 6849 6915 -1 6915 6849 6855 -1 6915 6855 6909 -1 6909 6855 6861 -1 6909 6861 6904 -1 6904 6861 6867 -1 6904 6867 6898 -1 6898 6867 6874 -1 6898 6874 6891 -1 6891 6874 6880 -1 6891 6880 6886 -1 6962 6946 6956 -1 6946 6962 6945 -1 6962 6955 6961 -1 6955 6962 6956 -1 6963 6964 6965 -1 6965 6966 6963 -1 6965 6967 6966 -1 6967 6968 6966 -1 6967 6969 6968 -1 6969 6970 6968 -1 6969 6971 6970 -1 6969 6972 6971 -1 6971 6972 6973 -1 6973 6974 6971 -1 6975 6976 6964 -1 6964 6963 6975 -1 6976 6977 6978 -1 6978 6964 6976 -1 6965 6979 6969 -1 6969 6967 6965 -1 6980 6981 6975 -1 6975 6963 6980 -1 6982 6966 6968 -1 6968 6970 6982 -1 6982 6980 6963 -1 6963 6966 6982 -1 6964 6978 6979 -1 6979 6965 6964 -1 6983 6984 6985 -1 6985 6986 6983 -1 6983 6986 6987 -1 6987 6988 6983 -1 6989 6990 6991 -1 6992 6993 6985 -1 6985 6994 6992 -1 6985 6984 6994 -1 6984 6991 6994 -1 6984 6989 6991 -1 6995 6996 6997 -1 6997 6998 6995 -1 6999 7000 7001 -1 7002 7003 7004 -1 7004 7005 7002 -1 7006 6998 6997 -1 6997 7007 7006 -1 6963 6980 7008 -1 7008 7009 6963 -1 7009 6964 6963 -1 7009 6978 6964 -1 7008 7010 7011 -1 7011 7009 7008 -1 7012 7013 7014 -1 7014 7015 7012 -1 7001 7000 7016 -1 7016 7017 7001 -1 7018 7019 7020 -1 7020 7021 7018 -1 7022 7023 6991 -1 6991 6990 7022 -1 7017 7016 7024 -1 7024 7025 7017 -1 7026 7027 6965 -1 6965 6979 7026 -1 6999 7001 7028 -1 7028 7022 6999 -1 7022 7029 6999 -1 7022 7030 7029 -1 7030 7022 6990 -1 6990 6992 7030 -1 6990 6989 7004 -1 7004 6992 6990 -1 7004 6993 6992 -1 7004 7003 6993 -1 6999 7031 7016 -1 7016 7000 6999 -1 7026 7015 7014 -1 7014 7027 7026 -1 6992 6994 7032 -1 7032 7030 6992 -1 7018 7021 6982 -1 6982 6966 7018 -1 6989 6984 6983 -1 6983 7012 6989 -1 7012 7015 6989 -1 7015 7004 6989 -1 7015 7005 7004 -1 7015 7026 7005 -1 7026 6979 7005 -1 6979 7011 7005 -1 6979 7009 7011 -1 6979 6978 7009 -1 6983 6988 7033 -1 7033 7012 6983 -1 7034 6987 6986 -1 6986 7035 7034 -1 6986 6985 7035 -1 6985 6993 7035 -1 6993 7020 7035 -1 6993 7003 7020 -1 6982 7021 7020 -1 7020 7003 6982 -1 7003 7002 6982 -1 7002 7010 6982 -1 7010 7008 6982 -1 7008 6980 6982 -1 7010 7002 7005 -1 7005 7011 7010 -1 7029 7007 6997 -1 6996 7036 7031 -1 7031 6997 6996 -1 7031 6999 6997 -1 6999 7029 6997 -1 7024 7016 7031 -1 7031 7036 7024 -1 7033 6988 6987 -1 6987 7034 7033 -1 7025 7024 7036 -1 7036 6995 7025 -1 7036 6996 6995 -1 6991 7023 7032 -1 7032 6994 6991 -1 7037 7038 6974 -1 6974 6973 7037 -1 7039 7040 7041 -1 7041 7042 7039 -1 7038 7037 7042 -1 7042 7041 7038 -1 6969 7043 7044 -1 7044 6973 6969 -1 6973 6972 6969 -1 7045 7039 7042 -1 7042 7046 7045 -1 7042 7044 7046 -1 7042 7037 7044 -1 7037 6973 7044 -1 7041 7040 7047 -1 7047 7048 7041 -1 7048 7049 7041 -1 7049 7038 7041 -1 7049 6974 7038 -1 7049 7050 6974 -1 7050 6971 6974 -1 7050 6970 6971 -1 7039 7045 7047 -1 7047 7040 7039 -1 7051 7013 7052 -1 7052 7053 7051 -1 7053 7048 7047 -1 7047 7045 7053 -1 7045 7051 7053 -1 7045 7046 7051 -1 6965 7027 7054 -1 7054 6967 6965 -1 7014 7013 7051 -1 7051 7055 7014 -1 7055 7027 7014 -1 7055 7054 7027 -1 7044 7043 7054 -1 7054 7055 7044 -1 7055 7051 7046 -1 7046 7044 7055 -1 6969 6967 7054 -1 7054 7043 6969 -1 6968 7056 7018 -1 7018 6966 6968 -1 7057 7053 7052 -1 7052 7019 7057 -1 7019 7056 7057 -1 7019 7018 7056 -1 7057 7056 7050 -1 7050 7049 7057 -1 7057 7049 7048 -1 7048 7053 7057 -1 7017 7025 6995 -1 6995 6998 7017 -1 6998 7001 7017 -1 6998 7006 7028 -1 7028 7001 6998 -1 6968 6970 7050 -1 7050 7056 6968 -1 7007 7029 7032 -1 7032 7006 7007 -1 7032 7023 7006 -1 7023 7022 7006 -1 7022 7028 7006 -1 7030 7032 7029 -1 7033 7034 7035 -1 7035 7052 7033 -1 7052 7013 7033 -1 7013 7012 7033 -1 7052 7035 7020 -1 7020 7019 7052 -1 7058 7059 7060 -1 7059 7058 7061 -1 7062 7006 7063 -1 7006 7062 7064 -1 7006 7064 7007 -1 7007 7064 7065 -1 7065 7064 7066 -1 7067 7063 7006 -1 7063 7068 7069 -1 7068 7063 7067 -1 7058 7070 7061 -1 7070 7058 7071 -1 6995 7072 7073 -1 7072 6995 6996 -1 7074 7058 7060 -1 7058 7074 7071 -1 7075 7076 7077 -1 7076 7075 7078 -1 7077 7079 7080 -1 7079 7077 7076 -1 7081 7082 7083 -1 7082 7081 7084 -1 7082 7084 7079 -1 7082 7079 7076 -1 7081 7085 7086 -1 7085 7081 7087 -1 7083 7087 7081 -1 7087 7083 7088 -1 7083 7089 7090 -1 7089 7083 7082 -1 7089 7082 7076 -1 7089 7076 7078 -1 7080 7085 7087 -1 7085 7080 7091 -1 7092 7072 7093 -1 7072 7092 7075 -1 7068 7094 7069 -1 7094 7068 7073 -1 7094 7073 7075 -1 7075 7073 7072 -1 7095 7096 7097 -1 7096 7095 7098 -1 7096 7099 7097 -1 7099 7096 7100 -1 7077 7087 7088 -1 7087 7077 7080 -1 7080 7101 7091 -1 7101 7080 7079 -1 7070 7099 7061 -1 7099 7070 7102 -1 7059 7064 7062 -1 7064 7059 7100 -1 7100 7059 7061 -1 7100 7061 7099 -1 7090 7088 7083 -1 7088 7090 7094 -1 7101 7085 7091 -1 7085 7101 7086 -1 7075 7088 7094 -1 7088 7075 7077 -1 7065 7092 7093 -1 7092 7065 7066 -1 7090 7059 7094 -1 7059 7090 7074 -1 7059 7074 7060 -1 7094 7062 7069 -1 7062 7094 7059 -1 7069 7062 7063 -1 7090 7070 7074 -1 7070 7090 7089 -1 7070 7089 7102 -1 7102 7089 7095 -1 7095 7089 7098 -1 7098 7089 7078 -1 7071 7074 7070 -1 7075 7064 7078 -1 7064 7075 7092 -1 7064 7092 7066 -1 7078 7100 7098 -1 7100 7078 7064 -1 7098 7100 7096 -1 7086 7084 7081 -1 7084 7086 7101 -1 7084 7101 7079 -1 7068 6995 7073 -1 6995 7068 6998 -1 6998 7068 7006 -1 7006 7068 7067 -1 7065 6997 7007 -1 6997 7072 6996 -1 7072 6997 7093 -1 7093 6997 7065 -1 7095 7099 7102 -1 7099 7095 7097 -1 7103 7104 7105 -1 7104 7103 7106 -1 7107 7108 7109 -1 7108 7107 7110 -1 7111 7112 7113 -1 7112 7111 7114 -1 7108 7115 7109 -1 7115 7108 7116 -1 7113 7117 7118 -1 7117 7113 7112 -1 7117 7112 7119 -1 7119 7112 7120 -1 7120 7112 7121 -1 7122 7118 7117 -1 7123 7124 7125 -1 7126 7111 7127 -1 7111 7126 7128 -1 7111 7128 7114 -1 7114 7128 7124 -1 7114 7124 7123 -1 7129 7103 7130 -1 7103 7129 7106 -1 7131 7132 7133 -1 7132 7131 7134 -1 7133 7135 7136 -1 7135 7133 7132 -1 7137 7132 7134 -1 7132 7137 7138 -1 7138 7135 7132 -1 7135 7138 7139 -1 7139 7140 7135 -1 7140 7139 7141 -1 7139 7142 7141 -1 7142 7139 7143 -1 7137 7144 7138 -1 7144 7137 7145 -1 7138 7143 7139 -1 7143 7138 7144 -1 7146 7126 7127 -1 7126 7146 7147 -1 7136 7140 7148 -1 7140 7136 7135 -1 7149 7108 7110 -1 7108 7149 7116 -1 7116 7149 7124 -1 7124 7149 7125 -1 7126 7115 7128 -1 7115 7107 7109 -1 7107 7115 7147 -1 7147 7115 7126 -1 7117 7129 7130 -1 7129 7117 7119 -1 7115 7124 7128 -1 7124 7115 7116 -1 7150 7103 7105 -1 7103 7150 7130 -1 7130 7150 7117 -1 7117 7150 7122 -1 7120 7129 7119 -1 7129 7104 7106 -1 7104 7129 7151 -1 7151 7129 7120 -1 7137 7112 7145 -1 7112 7137 7152 -1 7112 7152 7121 -1 7145 7114 7153 -1 7114 7145 7112 -1 7153 7114 7123 -1 7136 7154 7133 -1 7154 7136 7155 -1 7154 7155 7143 -1 7154 7143 7144 -1 7142 7140 7141 -1 7140 7142 7148 -1 7133 7156 7131 -1 7156 7133 7154 -1 7156 7154 7144 -1 7156 7144 7145 -1 7148 7155 7136 -1 7155 7148 7142 -1 7155 7142 7143 -1 7131 7111 7134 -1 7111 7131 7146 -1 7111 7146 7127 -1 7134 7113 7157 -1 7113 7134 7111 -1 7157 7113 7118 -1 7152 7104 7151 -1 7150 7134 7157 -1 7134 7150 7105 -1 7134 7105 7137 -1 7137 7105 7104 -1 7137 7104 7152 -1 7131 7107 7146 -1 7107 7131 7156 -1 7107 7156 7110 -1 7110 7156 7149 -1 7149 7156 7153 -1 7153 7156 7145 -1 7147 7146 7107 -1 7120 7152 7151 -1 7152 7120 7121 -1 7149 7123 7125 -1 7123 7149 7153 -1 7118 7150 7157 -1 7150 7118 7122 -1 7158 7159 7160 -1 7159 7158 7161 -1 7162 7163 7164 -1 7163 7162 7165 -1 7166 7158 7167 -1 7158 7166 7161 -1 7161 7166 7168 -1 7165 7169 7163 -1 7169 7165 7170 -1 7171 7164 7172 -1 7164 7171 7162 -1 7173 7174 7175 -1 7174 7173 7176 -1 7171 7177 7168 -1 7177 7171 7174 -1 7177 7174 7176 -1 7168 7178 7161 -1 7178 7168 7177 -1 7161 7178 7159 -1 7159 7179 7160 -1 7179 7159 7178 -1 7179 7177 7180 -1 7177 7179 7178 -1 7181 7169 7182 -1 7169 7181 7163 -1 7181 7183 7184 -1 7183 7181 7185 -1 7183 7185 7186 -1 7183 7186 7187 -1 7184 7163 7181 -1 7163 7184 7164 -1 7177 7173 7180 -1 7173 7177 7176 -1 7184 7166 7167 -1 7166 7184 7183 -1 7166 7183 7187 -1 7166 7187 7168 -1 7162 7186 7165 -1 7186 7162 7187 -1 7171 7187 7162 -1 7187 7171 7168 -1 7182 7185 7181 -1 7185 7182 7188 -1 7185 7188 7186 -1 7167 7179 7172 -1 7179 7167 7158 -1 7179 7158 7160 -1 7172 7180 7175 -1 7180 7172 7179 -1 7175 7180 7173 -1 7188 7169 7170 -1 7169 7188 7182 -1 7167 7164 7184 -1 7164 7167 7172 -1 7174 7172 7175 -1 7172 7174 7171 -1 7165 7188 7170 -1 7188 7165 7186 -1 7045 7189 7190 -1 7189 7045 7033 -1 7191 7192 7193 -1 7192 7191 7194 -1 7195 7196 7197 -1 7196 7195 7198 -1 7196 7198 7199 -1 7199 7198 7034 -1 7033 7198 7200 -1 7198 7033 7034 -1 7034 7033 7047 -1 7047 7033 7045 -1 7047 7045 7201 -1 7201 7045 7202 -1 7202 7045 7203 -1 7202 7203 7204 -1 7204 7205 7202 -1 7205 7204 7206 -1 7207 7208 7209 -1 7208 7207 7210 -1 7211 7212 7213 -1 7212 7211 7214 -1 7215 7206 7216 -1 7206 7215 7205 -1 7217 7218 7219 -1 7218 7217 7220 -1 7221 7222 7223 -1 7222 7221 7224 -1 7211 7225 7226 -1 7225 7211 7213 -1 7225 7213 7227 -1 7225 7227 7228 -1 7212 7229 7230 -1 7229 7212 7214 -1 7231 7232 7233 -1 7232 7231 7234 -1 7217 7234 7231 -1 7234 7217 7219 -1 7233 7235 7236 -1 7235 7233 7232 -1 7236 7237 7238 -1 7237 7236 7235 -1 7224 7239 7222 -1 7239 7224 7240 -1 7241 7242 7243 -1 7242 7241 7244 -1 7228 7245 7218 -1 7245 7228 7246 -1 7246 7228 7247 -1 7247 7228 7227 -1 7235 7190 7237 -1 7190 7235 7248 -1 7190 7248 7249 -1 7190 7249 7250 -1 7190 7250 7045 -1 7248 7235 7232 -1 7248 7232 7234 -1 7248 7234 7251 -1 7251 7234 7219 -1 7251 7219 7218 -1 7251 7218 7245 -1 7045 7250 7252 -1 7045 7252 7253 -1 7045 7253 7254 -1 7045 7254 7203 -1 7242 7221 7223 -1 7221 7242 7244 -1 7200 7255 7256 -1 7255 7200 7198 -1 7255 7243 7256 -1 7243 7255 7241 -1 7230 7215 7216 -1 7215 7230 7229 -1 7220 7228 7218 -1 7228 7220 7225 -1 7207 7257 7210 -1 7257 7207 7258 -1 7258 7207 7259 -1 7259 7207 7260 -1 7261 7191 7193 -1 7191 7261 7262 -1 7262 7261 7263 -1 7262 7263 7264 -1 7262 7264 7265 -1 7262 7265 7034 -1 7263 7261 7266 -1 7263 7266 7267 -1 7267 7266 7268 -1 7267 7268 7210 -1 7267 7210 7257 -1 7034 7265 7269 -1 7034 7269 7270 -1 7034 7270 7271 -1 7034 7271 7199 -1 7233 7236 7238 -1 7272 7273 7238 -1 7273 7272 7047 -1 7238 7273 7274 -1 7238 7274 7275 -1 7238 7275 7233 -1 7233 7275 7231 -1 7231 7275 7276 -1 7231 7276 7217 -1 7217 7276 7220 -1 7273 7047 7277 -1 7277 7047 7278 -1 7278 7047 7279 -1 7279 7047 7201 -1 7220 7280 7225 -1 7280 7220 7276 -1 7225 7280 7281 -1 7225 7281 7282 -1 7225 7282 7226 -1 7283 7273 7284 -1 7273 7283 7274 -1 7285 7274 7283 -1 7274 7285 7275 -1 7285 7276 7275 -1 7276 7285 7286 -1 7286 7280 7276 -1 7280 7286 7287 -1 7287 7281 7280 -1 7281 7287 7288 -1 7289 7281 7288 -1 7281 7289 7282 -1 7211 7282 7289 -1 7282 7211 7226 -1 7285 7287 7286 -1 7287 7285 7288 -1 7288 7285 7283 -1 7288 7283 7289 -1 7289 7283 7284 -1 7289 7284 7211 -1 7211 7284 7290 -1 7211 7290 7214 -1 7214 7290 7291 -1 7214 7291 7229 -1 7229 7291 7292 -1 7229 7292 7215 -1 7215 7292 7202 -1 7215 7202 7205 -1 7279 7202 7292 -1 7202 7279 7201 -1 7034 7272 7262 -1 7272 7034 7047 -1 7291 7279 7292 -1 7279 7291 7278 -1 7273 7290 7284 -1 7290 7273 7277 -1 7264 7293 7294 -1 7293 7264 7263 -1 7293 7267 7295 -1 7267 7293 7263 -1 7290 7278 7291 -1 7278 7290 7277 -1 7296 7295 7297 -1 7295 7296 7293 -1 7293 7296 7298 -1 7293 7298 7294 -1 7294 7298 7299 -1 7294 7299 7300 -1 7300 7299 7301 -1 7300 7301 7302 -1 7302 7301 7303 -1 7302 7303 7304 -1 7304 7303 7305 -1 7304 7305 7306 -1 7306 7305 7197 -1 7306 7197 7196 -1 7196 7271 7306 -1 7271 7196 7199 -1 7271 7304 7306 -1 7304 7271 7270 -1 7270 7302 7304 -1 7302 7270 7269 -1 7265 7294 7300 -1 7294 7265 7264 -1 7302 7265 7300 -1 7265 7302 7269 -1 7295 7257 7297 -1 7257 7295 7267 -1 7297 7258 7296 -1 7258 7297 7257 -1 7258 7298 7296 -1 7298 7258 7259 -1 7259 7299 7298 -1 7299 7259 7260 -1 7307 7308 7309 -1 7308 7307 7310 -1 7311 7309 7312 -1 7309 7311 7307 -1 7313 7311 7312 -1 7311 7313 7314 -1 7240 7314 7315 -1 7314 7240 7311 -1 7311 7240 7224 -1 7311 7224 7307 -1 7307 7224 7221 -1 7307 7221 7310 -1 7310 7221 7244 -1 7310 7244 7316 -1 7316 7244 7241 -1 7316 7241 7317 -1 7317 7241 7255 -1 7317 7255 7318 -1 7318 7255 7198 -1 7318 7198 7195 -1 7239 7315 7319 -1 7315 7239 7240 -1 7319 7314 7313 -1 7314 7319 7315 -1 7191 7189 7194 -1 7189 7191 7262 -1 7189 7262 7190 -1 7190 7262 7272 -1 7190 7272 7238 -1 7190 7238 7237 -1 7208 7268 7320 -1 7268 7208 7210 -1 7247 7321 7246 -1 7321 7247 7322 -1 7266 7320 7268 -1 7320 7266 7323 -1 7308 7299 7209 -1 7299 7308 7310 -1 7209 7260 7207 -1 7260 7209 7299 -1 7305 7317 7318 -1 7317 7305 7303 -1 7189 7223 7194 -1 7223 7189 7033 -1 7194 7223 7222 -1 7194 7222 7239 -1 7194 7239 7192 -1 7192 7239 7324 -1 7324 7239 7323 -1 7323 7239 7319 -1 7323 7319 7320 -1 7320 7319 7208 -1 7223 7033 7242 -1 7242 7033 7243 -1 7243 7033 7256 -1 7256 7033 7200 -1 7208 7313 7209 -1 7313 7208 7319 -1 7209 7313 7312 -1 7209 7312 7309 -1 7209 7309 7308 -1 7193 7324 7261 -1 7324 7193 7192 -1 7316 7299 7310 -1 7299 7316 7301 -1 7195 7305 7318 -1 7305 7195 7197 -1 7303 7316 7317 -1 7316 7303 7301 -1 7261 7323 7266 -1 7323 7261 7324 -1 7321 7325 7326 -1 7325 7321 7327 -1 7327 7321 7322 -1 7327 7322 7328 -1 7328 7322 7213 -1 7328 7213 7329 -1 7329 7213 7212 -1 7329 7212 7330 -1 7330 7212 7230 -1 7330 7230 7331 -1 7331 7230 7216 -1 7331 7216 7332 -1 7332 7216 7206 -1 7332 7206 7204 -1 7329 7252 7250 -1 7252 7329 7330 -1 7227 7322 7247 -1 7322 7227 7213 -1 7332 7203 7254 -1 7203 7332 7204 -1 7253 7332 7254 -1 7332 7253 7331 -1 7248 7328 7249 -1 7328 7248 7327 -1 7249 7329 7250 -1 7329 7249 7328 -1 7245 7321 7326 -1 7321 7245 7246 -1 7251 7326 7325 -1 7326 7251 7245 -1 7252 7331 7253 -1 7331 7252 7330 -1 7248 7325 7327 -1 7325 7248 7251 -1 7333 7334 7335 -1 7335 7336 7333 -1 7336 7337 7338 -1 7338 7333 7336 -1 7333 7338 7339 -1 7339 7340 7333 -1 7339 7341 7340 -1 7342 7343 7344 -1 7344 7334 7342 -1 7334 7345 7342 -1 7345 7346 7342 -1 7335 7334 7344 -1 7344 7343 7338 -1 7338 7337 7344 -1 7337 7336 7335 -1 7335 7344 7337 -1 7342 7339 7338 -1 7338 7343 7342 -1 7340 7345 7334 -1 7334 7333 7340 -1 7341 7346 7345 -1 7345 7340 7341 -1 7339 7342 7346 -1 7346 7341 7339 -1 7347 7348 7349 -1 7348 7347 7350 -1 7351 7352 7353 -1 7352 7351 7354 -1 7355 7356 7357 -1 7356 7355 7358 -1 7359 7360 7361 -1 7360 7359 7362 -1 7355 7351 7358 -1 7351 7355 7354 -1 7354 7355 7347 -1 7354 7347 7361 -1 7361 7347 7349 -1 7361 7349 7359 -1 7361 7352 7354 -1 7352 7361 7360 -1 7358 7353 7356 -1 7353 7358 7351 -1 7355 7350 7347 -1 7350 7355 7357 -1 7363 7364 7365 -1 7364 7363 7366 -1 7367 7368 7369 -1 7368 7367 7370 -1 7368 7370 7371 -1 7371 7370 7364 -1 7371 7364 7372 -1 7372 7364 7366 -1 7369 7373 7374 -1 7373 7369 7368 -1 7375 7376 7377 -1 7376 7375 7378 -1 7376 7379 7377 -1 7379 7376 7380 -1 7380 7376 7381 -1 7381 7376 7382 -1 7383 7384 7385 -1 7384 7383 7386 -1 7386 7383 7387 -1 7386 7387 7388 -1 7388 7387 7389 -1 7388 7389 7390 -1 7390 7389 7391 -1 7390 7391 7392 -1 7390 7392 7393 -1 7391 7389 7394 -1 7394 7389 7377 -1 7394 7377 7379 -1 7393 7392 7395 -1 7388 7396 7397 -1 7396 7388 7390 -1 7397 7396 7398 -1 7398 7396 7399 -1 7399 7396 7363 -1 7397 7398 7400 -1 7397 7400 7401 -1 7399 7363 7365 -1 7401 7402 7369 -1 7402 7401 7400 -1 7369 7402 7403 -1 7369 7403 7404 -1 7369 7404 7367 -1 7374 7401 7369 -1 7401 7374 7405 -1 7406 7384 7407 -1 7384 7406 7385 -1 7408 7367 7404 -1 7367 7408 7370 -1 7392 7409 7395 -1 7409 7392 7410 -1 7396 7411 7412 -1 7411 7396 7390 -1 7413 7414 7415 -1 7414 7413 7416 -1 7417 7404 7403 -1 7404 7417 7408 -1 7418 7419 7420 -1 7419 7418 7417 -1 7417 7418 7421 -1 7417 7421 7408 -1 7408 7421 7364 -1 7408 7364 7370 -1 7422 7377 7389 -1 7377 7422 7375 -1 7423 7424 7425 -1 7424 7423 7426 -1 7415 7427 7428 -1 7427 7415 7414 -1 7429 7385 7406 -1 7385 7429 7383 -1 7391 7410 7392 -1 7410 7391 7430 -1 7364 7399 7365 -1 7399 7364 7421 -1 7402 7417 7403 -1 7417 7402 7419 -1 7396 7366 7363 -1 7366 7396 7412 -1 7431 7390 7393 -1 7390 7431 7411 -1 7432 7383 7429 -1 7383 7432 7387 -1 7400 7419 7402 -1 7419 7400 7420 -1 7433 7413 7434 -1 7413 7433 7416 -1 7398 7420 7400 -1 7420 7398 7418 -1 7379 7435 7436 -1 7435 7379 7380 -1 7381 7435 7380 -1 7435 7381 7437 -1 7435 7438 7436 -1 7438 7435 7430 -1 7430 7435 7437 -1 7430 7437 7410 -1 7410 7437 7439 -1 7410 7439 7409 -1 7391 7438 7430 -1 7438 7391 7394 -1 7425 7415 7428 -1 7415 7425 7413 -1 7413 7425 7424 -1 7413 7424 7434 -1 7434 7424 7368 -1 7434 7368 7371 -1 7372 7434 7371 -1 7434 7372 7433 -1 7428 7423 7425 -1 7423 7428 7427 -1 7394 7436 7438 -1 7436 7394 7379 -1 7382 7437 7381 -1 7437 7382 7439 -1 7422 7387 7432 -1 7387 7422 7389 -1 7426 7368 7424 -1 7368 7426 7373 -1 7421 7398 7399 -1 7398 7421 7418 -1 7440 7397 7441 -1 7397 7440 7388 -1 7374 7427 7405 -1 7427 7374 7423 -1 7423 7374 7426 -1 7426 7374 7373 -1 7442 7406 7407 -1 7406 7442 7429 -1 7429 7442 7440 -1 7429 7440 7432 -1 7432 7440 7441 -1 7432 7441 7412 -1 7412 7441 7416 -1 7412 7416 7433 -1 7412 7433 7366 -1 7416 7441 7414 -1 7414 7441 7405 -1 7414 7405 7427 -1 7366 7433 7372 -1 7432 7411 7422 -1 7411 7432 7412 -1 7422 7411 7357 -1 7357 7411 7350 -1 7350 7411 7431 -1 7422 7357 7356 -1 7422 7356 7375 -1 7350 7431 7348 -1 7375 7353 7378 -1 7353 7375 7356 -1 7378 7353 7352 -1 7378 7352 7360 -1 7378 7360 7362 -1 7401 7441 7397 -1 7441 7401 7405 -1 7393 7348 7431 -1 7348 7393 7349 -1 7349 7393 7395 -1 7349 7395 7409 -1 7409 7359 7349 -1 7359 7409 7439 -1 7359 7378 7362 -1 7378 7359 7439 -1 7378 7439 7382 -1 7378 7382 7376 -1 7442 7388 7440 -1 7388 7442 7386 -1 7407 7386 7442 -1 7386 7407 7384 -1 7443 7444 7445 -1 7444 7443 7446 -1 7446 7447 7448 -1 7447 7446 7443 -1 7443 7449 7447 -1 7449 7443 7450 -1 7449 7450 7451 -1 7452 7453 7454 -1 7453 7452 7445 -1 7445 7452 7455 -1 7455 7452 7456 -1 7444 7453 7445 -1 7453 7447 7454 -1 7447 7453 7448 -1 7448 7444 7446 -1 7444 7448 7453 -1 7452 7447 7449 -1 7447 7452 7454 -1 7450 7445 7455 -1 7445 7450 7443 -1 7451 7455 7456 -1 7455 7451 7450 -1 7449 7456 7452 -1 7456 7449 7451 -1 7457 7458 7459 -1 7458 7457 7460 -1 7460 7457 7461 -1 7460 7462 7463 -1 7462 7464 7465 -1 7464 7462 7461 -1 7461 7462 7460 -1 7466 7467 7468 -1 7467 7466 7469 -1 7470 7471 7472 -1 7471 7470 7473 -1 7472 7474 7475 -1 7474 7472 7471 -1 7476 7477 7478 -1 7477 7476 7479 -1 7477 7479 7474 -1 7477 7474 7471 -1 7476 7480 7481 -1 7480 7476 7482 -1 7478 7482 7476 -1 7482 7478 7483 -1 7478 7484 7485 -1 7484 7478 7477 -1 7484 7477 7471 -1 7484 7471 7473 -1 7475 7480 7482 -1 7480 7475 7486 -1 7487 7467 7488 -1 7467 7487 7470 -1 7458 7489 7459 -1 7489 7458 7468 -1 7489 7468 7470 -1 7470 7468 7467 -1 7490 7491 7492 -1 7491 7490 7493 -1 7472 7482 7483 -1 7482 7472 7475 -1 7475 7494 7486 -1 7494 7475 7474 -1 7465 7495 7496 -1 7495 7465 7464 -1 7485 7483 7478 -1 7483 7485 7489 -1 7494 7480 7486 -1 7480 7494 7481 -1 7470 7483 7489 -1 7483 7470 7472 -1 7492 7487 7488 -1 7487 7492 7491 -1 7457 7489 7485 -1 7489 7457 7459 -1 7485 7464 7457 -1 7464 7485 7484 -1 7464 7484 7495 -1 7495 7484 7490 -1 7490 7484 7493 -1 7493 7484 7473 -1 7461 7457 7464 -1 7487 7473 7470 -1 7473 7487 7493 -1 7493 7487 7491 -1 7481 7479 7476 -1 7479 7481 7494 -1 7479 7494 7474 -1 7458 7466 7468 -1 7466 7458 7497 -1 7497 7458 7463 -1 7463 7458 7460 -1 7498 7466 7497 -1 7466 7498 7469 -1 7492 7498 7499 -1 7498 7467 7469 -1 7467 7498 7488 -1 7488 7498 7492 -1 7463 7498 7497 -1 7498 7463 7499 -1 7499 7463 7462 -1 7490 7496 7495 -1 7496 7490 7499 -1 7499 7490 7492 -1 7500 7501 7502 -1 7501 7500 7503 -1 7501 7504 7505 -1 7504 7501 7503 -1 7505 7506 7507 -1 7506 7505 7504 -1 7506 7503 7500 -1 7503 7506 7504 -1 7500 7507 7506 -1 7507 7500 7502 -1 7501 7507 7502 -1 7507 7501 7505 -1 7508 7509 7510 -1 7509 7508 7511 -1 7512 7513 7514 -1 7513 7512 7515 -1 7516 7508 7517 -1 7508 7516 7511 -1 7511 7516 7518 -1 7515 7519 7513 -1 7519 7515 7520 -1 7521 7514 7522 -1 7514 7521 7512 -1 7523 7524 7525 -1 7524 7523 7526 -1 7521 7527 7518 -1 7527 7521 7524 -1 7527 7524 7526 -1 7518 7528 7511 -1 7528 7518 7527 -1 7511 7528 7509 -1 7509 7529 7510 -1 7529 7509 7528 -1 7529 7527 7530 -1 7527 7529 7528 -1 7531 7519 7532 -1 7519 7531 7513 -1 7531 7533 7534 -1 7533 7531 7535 -1 7533 7535 7536 -1 7533 7536 7537 -1 7534 7513 7531 -1 7513 7534 7514 -1 7527 7523 7530 -1 7523 7527 7526 -1 7534 7516 7517 -1 7516 7534 7533 -1 7516 7533 7537 -1 7516 7537 7518 -1 7512 7536 7515 -1 7536 7512 7537 -1 7521 7537 7512 -1 7537 7521 7518 -1 7532 7535 7531 -1 7535 7532 7538 -1 7535 7538 7536 -1 7517 7529 7522 -1 7529 7517 7508 -1 7529 7508 7510 -1 7522 7530 7525 -1 7530 7522 7529 -1 7525 7530 7523 -1 7538 7519 7520 -1 7519 7538 7532 -1 7517 7514 7534 -1 7514 7517 7522 -1 7524 7522 7525 -1 7522 7524 7521 -1 7515 7538 7520 -1 7538 7515 7536 -1 7539 7540 7541 -1 7540 7539 7542 -1 7543 7544 7545 -1 7544 7543 7546 -1 7546 7547 7548 -1 7547 7546 7543 -1 7547 7543 7549 -1 7547 7549 7550 -1 7548 7551 7552 -1 7551 7548 7547 -1 7552 7546 7548 -1 7546 7552 7553 -1 7544 7553 7554 -1 7553 7544 7546 -1 7555 7545 7556 -1 7545 7555 7543 -1 7555 7549 7543 -1 7549 7555 7557 -1 7550 7557 6981 -1 7557 7550 7549 -1 7540 7558 7559 -1 7558 7540 7542 -1 7551 7539 7560 -1 7539 7551 7547 -1 7547 7542 7539 -1 7542 7547 7550 -1 7542 7550 6981 -1 7542 6981 7558 -1 7554 7545 7544 -1 7545 7554 7556 -1 7558 7556 7559 -1 7556 7558 7557 -1 7556 7557 7555 -1 7557 7558 6981 -1 7553 7552 7554 -1 7559 7560 7561 -1 7560 7559 7554 -1 7554 7559 7556 -1 7560 7554 7552 -1 7560 7552 7551 -1 7539 7561 7560 -1 7561 7539 7541 -1 7541 7559 7561 -1 7559 7541 7540 -1 7562 7563 7564 -1 7563 7562 7565 -1 7566 7565 7567 -1 7565 7566 7563 -1 7568 7569 7570 -1 7569 7568 7571 -1 7567 7571 7566 -1 7571 7567 7569 -1 7566 7568 7563 -1 7568 7566 7571 -1 7564 7572 7573 -1 7572 7564 7574 -1 7574 7564 7563 -1 7574 7563 7568 -1 7572 7575 7573 -1 7575 7572 7576 -1 7572 7577 7576 -1 7577 7572 7574 -1 7569 7565 7570 -1 7565 7569 7567 -1 7577 7575 7576 -1 7575 7577 7562 -1 7562 7577 7570 -1 7562 7570 7565 -1 7570 7574 7568 -1 7574 7570 7577 -1 7564 7575 7562 -1 7575 7564 7573 -1 7578 7579 7580 -1 7579 7578 7581 -1 7579 7581 7582 -1 7582 7581 7583 -1 7583 7581 7584 -1 7585 7580 7579 -1 7580 7586 7587 -1 7586 7580 7585 -1 7588 6978 7589 -1 6978 7588 7590 -1 7591 7592 7593 -1 7592 7591 7594 -1 7593 7595 7596 -1 7595 7593 7592 -1 7597 7598 7599 -1 7598 7597 7600 -1 7598 7600 7595 -1 7598 7595 7592 -1 7597 7601 7602 -1 7601 7597 7603 -1 7599 7603 7597 -1 7603 7599 7604 -1 7599 7605 7606 -1 7605 7599 7598 -1 7605 7598 7592 -1 7605 7592 7594 -1 7596 7601 7603 -1 7601 7596 7607 -1 7608 6978 7609 -1 6978 7608 7591 -1 7586 7610 7587 -1 7610 7586 7589 -1 7610 7589 7591 -1 7591 7589 6978 -1 7611 7612 7613 -1 7612 7611 7614 -1 7612 7615 7613 -1 7615 7612 7616 -1 7593 7603 7604 -1 7603 7593 7596 -1 7596 7617 7607 -1 7617 7596 7595 -1 7615 7581 7578 -1 7581 7615 7616 -1 7606 7604 7599 -1 7604 7606 7610 -1 7617 7601 7607 -1 7601 7617 7602 -1 7591 7604 7610 -1 7604 7591 7593 -1 7583 7608 7609 -1 7608 7583 7584 -1 7606 7615 7610 -1 7615 7606 7611 -1 7615 7611 7613 -1 7610 7578 7587 -1 7578 7610 7615 -1 7587 7578 7580 -1 7605 7611 7606 -1 7611 7605 7614 -1 7614 7605 7594 -1 7591 7581 7594 -1 7581 7591 7608 -1 7581 7608 7584 -1 7594 7616 7614 -1 7616 7594 7581 -1 7614 7616 7612 -1 7602 7600 7597 -1 7600 7602 7617 -1 7600 7617 7595 -1 7586 7588 7589 -1 7588 7586 7618 -1 7618 7586 7579 -1 7579 7586 7585 -1 7619 7588 7618 -1 7588 7619 7590 -1 7583 7619 7582 -1 7619 6978 7590 -1 6978 7619 7609 -1 7609 7619 7583 -1 7579 7619 7618 -1 7619 7579 7582 -1 7620 7621 7622 -1 7621 7620 7623 -1 7624 7625 7626 -1 7625 7624 7627 -1 7628 7620 7629 -1 7620 7628 7623 -1 7623 7628 7630 -1 7627 7631 7625 -1 7631 7627 7632 -1 7633 7626 7634 -1 7626 7633 7624 -1 7635 7636 7637 -1 7636 7635 7638 -1 7633 7639 7630 -1 7639 7633 7636 -1 7639 7636 7638 -1 7630 7640 7623 -1 7640 7630 7639 -1 7623 7640 7621 -1 7621 7641 7622 -1 7641 7621 7640 -1 7641 7639 7642 -1 7639 7641 7640 -1 7643 7631 7644 -1 7631 7643 7625 -1 7643 7645 7646 -1 7645 7643 7647 -1 7645 7647 7648 -1 7645 7648 7649 -1 7646 7625 7643 -1 7625 7646 7626 -1 7639 7635 7642 -1 7635 7639 7638 -1 7646 7628 7629 -1 7628 7646 7645 -1 7628 7645 7649 -1 7628 7649 7630 -1 7624 7648 7627 -1 7648 7624 7649 -1 7633 7649 7624 -1 7649 7633 7630 -1 7644 7647 7643 -1 7647 7644 7650 -1 7647 7650 7648 -1 7629 7641 7634 -1 7641 7629 7620 -1 7641 7620 7622 -1 7634 7642 7637 -1 7642 7634 7641 -1 7637 7642 7635 -1 7650 7631 7632 -1 7631 7650 7644 -1 7629 7626 7646 -1 7626 7629 7634 -1 7636 7634 7637 -1 7634 7636 7633 -1 7627 7650 7632 -1 7650 7627 7648 -1 7651 7652 7653 -1 7652 7651 7654 -1 7655 7656 7657 -1 7656 7655 7658 -1 7659 7651 7660 -1 7651 7659 7654 -1 7654 7659 7661 -1 7658 7662 7656 -1 7662 7658 7663 -1 7664 7657 7665 -1 7657 7664 7655 -1 7666 7667 7668 -1 7667 7666 7669 -1 7664 7670 7661 -1 7670 7664 7667 -1 7670 7667 7669 -1 7661 7671 7654 -1 7671 7661 7670 -1 7654 7671 7652 -1 7652 7672 7653 -1 7672 7652 7671 -1 7672 7670 7673 -1 7670 7672 7671 -1 7674 7662 7675 -1 7662 7674 7656 -1 7674 7676 7677 -1 7676 7674 7678 -1 7676 7678 7679 -1 7676 7679 7680 -1 7677 7656 7674 -1 7656 7677 7657 -1 7670 7666 7673 -1 7666 7670 7669 -1 7677 7659 7660 -1 7659 7677 7676 -1 7659 7676 7680 -1 7659 7680 7661 -1 7655 7679 7658 -1 7679 7655 7680 -1 7664 7680 7655 -1 7680 7664 7661 -1 7675 7678 7674 -1 7678 7675 7681 -1 7678 7681 7679 -1 7660 7672 7665 -1 7672 7660 7651 -1 7672 7651 7653 -1 7665 7673 7668 -1 7673 7665 7672 -1 7668 7673 7666 -1 7681 7662 7663 -1 7662 7681 7675 -1 7660 7657 7677 -1 7657 7660 7665 -1 7667 7665 7668 -1 7665 7667 7664 -1 7658 7681 7663 -1 7681 7658 7679 -1 7682 7683 7684 -1 7683 7682 7685 -1 7686 7687 7688 -1 7687 7686 7689 -1 7690 7682 7691 -1 7682 7690 7685 -1 7685 7690 7692 -1 7689 7693 7687 -1 7693 7689 7694 -1 7695 7688 7696 -1 7688 7695 7686 -1 7697 7698 7699 -1 7698 7697 7700 -1 7695 7701 7692 -1 7701 7695 7698 -1 7701 7698 7700 -1 7692 7702 7685 -1 7702 7692 7701 -1 7685 7702 7683 -1 7683 7703 7684 -1 7703 7683 7702 -1 7703 7701 7704 -1 7701 7703 7702 -1 7705 7693 7706 -1 7693 7705 7687 -1 7705 7707 7708 -1 7707 7705 7709 -1 7707 7709 7710 -1 7707 7710 7711 -1 7708 7687 7705 -1 7687 7708 7688 -1 7701 7697 7704 -1 7697 7701 7700 -1 7708 7690 7691 -1 7690 7708 7707 -1 7690 7707 7711 -1 7690 7711 7692 -1 7686 7710 7689 -1 7710 7686 7711 -1 7695 7711 7686 -1 7711 7695 7692 -1 7706 7709 7705 -1 7709 7706 7712 -1 7709 7712 7710 -1 7691 7703 7696 -1 7703 7691 7682 -1 7703 7682 7684 -1 7696 7704 7699 -1 7704 7696 7703 -1 7699 7704 7697 -1 7712 7693 7694 -1 7693 7712 7706 -1 7691 7688 7708 -1 7688 7691 7696 -1 7698 7696 7699 -1 7696 7698 7695 -1 7689 7712 7694 -1 7712 7689 7710 -1 7713 7714 7715 -1 7714 7713 7716 -1 7717 7718 7719 -1 7718 7717 7720 -1 7721 7713 7722 -1 7713 7721 7716 -1 7716 7721 7723 -1 7720 7724 7718 -1 7724 7720 7725 -1 7726 7719 7727 -1 7719 7726 7717 -1 7728 7729 7730 -1 7729 7728 7731 -1 7726 7732 7723 -1 7732 7726 7729 -1 7732 7729 7731 -1 7723 7733 7716 -1 7733 7723 7732 -1 7716 7733 7714 -1 7714 7734 7715 -1 7734 7714 7733 -1 7734 7732 7735 -1 7732 7734 7733 -1 7736 7724 7737 -1 7724 7736 7718 -1 7736 7738 7739 -1 7738 7736 7740 -1 7738 7740 7741 -1 7738 7741 7742 -1 7739 7718 7736 -1 7718 7739 7719 -1 7732 7728 7735 -1 7728 7732 7731 -1 7739 7721 7722 -1 7721 7739 7738 -1 7721 7738 7742 -1 7721 7742 7723 -1 7717 7741 7720 -1 7741 7717 7742 -1 7726 7742 7717 -1 7742 7726 7723 -1 7737 7740 7736 -1 7740 7737 7743 -1 7740 7743 7741 -1 7722 7734 7727 -1 7734 7722 7713 -1 7734 7713 7715 -1 7727 7735 7730 -1 7735 7727 7734 -1 7730 7735 7728 -1 7743 7724 7725 -1 7724 7743 7737 -1 7722 7719 7739 -1 7719 7722 7727 -1 7729 7727 7730 -1 7727 7729 7726 -1 7720 7743 7725 -1 7743 7720 7741 -1 7744 7745 7746 -1 7746 7747 7744 -1 7747 6965 7027 -1 7027 7744 7747 -1 7744 7027 7748 -1 7748 7749 7744 -1 7748 7750 7749 -1 7751 7054 6967 -1 6967 7745 7751 -1 7745 7752 7751 -1 7752 7753 7751 -1 7746 7745 6967 -1 6967 7054 7027 -1 7027 6965 6967 -1 6965 7747 7746 -1 7746 6967 6965 -1 7751 7748 7027 -1 7027 7054 7751 -1 7749 7752 7745 -1 7745 7744 7749 -1 7750 7753 7752 -1 7752 7749 7750 -1 7748 7751 7753 -1 7753 7750 7748 -1 7754 7755 7756 -1 7755 7754 7757 -1 7757 7018 6966 -1 7018 7757 7754 -1 7754 7758 7018 -1 7758 7754 7759 -1 7758 7759 7760 -1 7761 7762 7763 -1 7762 7761 7756 -1 7756 7761 7764 -1 7764 7761 7765 -1 7755 7762 7756 -1 7762 7018 7763 -1 7018 7762 6966 -1 6966 7755 7757 -1 7755 6966 7762 -1 7761 7018 7758 -1 7018 7761 7763 -1 7759 7756 7764 -1 7756 7759 7754 -1 7760 7764 7765 -1 7764 7760 7759 -1 7758 7765 7761 -1 7765 7758 7760 -1 7766 7767 7768 -1 7767 7766 7769 -1 7767 7770 7771 -1 7770 7767 7769 -1 7772 7773 7774 -1 7773 7772 7775 -1 7019 7776 7020 -1 7776 7019 7777 -1 7778 7779 7780 -1 7779 7778 7781 -1 7779 7781 7782 -1 7782 7781 7776 -1 7782 7776 7049 -1 7049 7776 7777 -1 7780 7783 7784 -1 7783 7780 7779 -1 7775 7770 7773 -1 7770 7775 7771 -1 7785 7775 7786 -1 7775 7785 7771 -1 7771 7785 7767 -1 7767 7785 7768 -1 7787 7788 7789 -1 7788 7787 7790 -1 7790 7787 7791 -1 7790 7791 7792 -1 7792 7791 7793 -1 7792 7793 7013 -1 7013 7793 7772 -1 7013 7772 7794 -1 7013 7794 7795 -1 7013 7795 7014 -1 7772 7793 7786 -1 7772 7786 7775 -1 7014 7795 7015 -1 7792 7052 7796 -1 7052 7792 7013 -1 7796 7052 7797 -1 7797 7052 7798 -1 7798 7052 7799 -1 7799 7052 7019 -1 7796 7797 7800 -1 7799 7019 7020 -1 7800 7801 7780 -1 7801 7800 7797 -1 7780 7801 7802 -1 7780 7802 7803 -1 7780 7803 7778 -1 7804 7790 7805 -1 7790 7804 7788 -1 7052 7051 7806 -1 7806 7019 7052 -1 7019 7806 7777 -1 7784 7807 7808 -1 7807 7784 7809 -1 7809 7784 7810 -1 7810 7784 7783 -1 7805 7811 7804 -1 7811 7805 7812 -1 7812 7805 7813 -1 7812 7813 7814 -1 7814 7813 7815 -1 7814 7815 7806 -1 7806 7815 7816 -1 7806 7816 7817 -1 7806 7817 7818 -1 7806 7818 7777 -1 7816 7815 7808 -1 7816 7808 7807 -1 7777 7818 7049 -1 7814 7051 7819 -1 7051 7814 7806 -1 7819 7051 7820 -1 7820 7051 7821 -1 7821 7051 7822 -1 7822 7051 7055 -1 7819 7820 7823 -1 7822 7055 7044 -1 7823 7824 7825 -1 7824 7823 7820 -1 7825 7824 7826 -1 7825 7826 7827 -1 7825 7827 7828 -1 7014 7044 7055 -1 7044 7014 7829 -1 7829 7014 7015 -1 7829 7015 7830 -1 7830 7831 7829 -1 7831 7830 7766 -1 7831 7825 7828 -1 7825 7831 7766 -1 7825 7766 7768 -1 7825 7768 7785 -1 7055 7013 7014 -1 7013 7055 7051 -1 7796 7813 7792 -1 7813 7796 7815 -1 7805 7792 7813 -1 7792 7805 7790 -1 7798 7832 7797 -1 7832 7798 7833 -1 7834 7798 7799 -1 7798 7834 7833 -1 7835 7836 7837 -1 7836 7835 7838 -1 7838 7835 7839 -1 7838 7839 7840 -1 7840 7839 7779 -1 7840 7779 7782 -1 7776 7799 7020 -1 7799 7776 7834 -1 7797 7841 7801 -1 7841 7797 7832 -1 7800 7815 7796 -1 7815 7800 7808 -1 7823 7785 7786 -1 7785 7823 7825 -1 7811 7788 7804 -1 7788 7811 7789 -1 7784 7800 7780 -1 7800 7784 7808 -1 7814 7787 7812 -1 7787 7814 7791 -1 7812 7789 7811 -1 7789 7812 7787 -1 7819 7786 7793 -1 7786 7819 7823 -1 7814 7793 7791 -1 7793 7814 7819 -1 7836 7807 7837 -1 7807 7836 7816 -1 7049 7840 7782 -1 7840 7049 7818 -1 7818 7838 7840 -1 7838 7818 7817 -1 7837 7809 7835 -1 7809 7837 7807 -1 7838 7816 7836 -1 7816 7838 7817 -1 7809 7839 7835 -1 7839 7809 7810 -1 7839 7783 7779 -1 7783 7839 7810 -1 7828 7842 7831 -1 7842 7828 7827 -1 7842 7826 7843 -1 7826 7842 7827 -1 7844 7845 7846 -1 7845 7844 7843 -1 7843 7844 7847 -1 7843 7847 7842 -1 7842 7847 7829 -1 7842 7829 7831 -1 7845 7826 7824 -1 7826 7845 7843 -1 7844 7820 7821 -1 7820 7844 7846 -1 7794 7848 7795 -1 7848 7794 7849 -1 7847 7044 7829 -1 7044 7847 7822 -1 7846 7824 7820 -1 7824 7846 7845 -1 7795 7830 7015 -1 7830 7795 7848 -1 7794 7774 7849 -1 7774 7794 7772 -1 7844 7822 7847 -1 7822 7844 7821 -1 7770 7774 7773 -1 7774 7770 7849 -1 7849 7770 7769 -1 7849 7769 7848 -1 7848 7769 7766 -1 7848 7766 7830 -1 7833 7841 7832 -1 7841 7833 7850 -1 7850 7833 7834 -1 7850 7834 7851 -1 7851 7834 7776 -1 7851 7776 7781 -1 7803 7781 7778 -1 7781 7803 7851 -1 7850 7803 7802 -1 7803 7850 7851 -1 7801 7850 7802 -1 7850 7801 7841 -1 7852 7853 7854 -1 7853 7852 7855 -1 7853 7855 7856 -1 7857 7858 7028 -1 7858 7857 7859 -1 7860 7861 7862 -1 7861 7860 7863 -1 7864 7865 7866 -1 7865 7864 7867 -1 7868 7869 7870 -1 7869 7868 7871 -1 7872 7862 7873 -1 7862 7872 7860 -1 7874 7860 7875 -1 7860 7874 7863 -1 7869 7853 7856 -1 7853 7869 7876 -1 7877 7878 7879 -1 7878 7877 7880 -1 7881 7882 7883 -1 7882 7881 7884 -1 7885 7886 7877 -1 7886 7885 6993 -1 7887 7888 7889 -1 7888 7887 7890 -1 7869 7855 7870 -1 7855 7869 7856 -1 7859 6989 7858 -1 6989 7859 7891 -1 7892 7871 7868 -1 7871 7892 7893 -1 7022 6989 6990 -1 6989 7022 7028 -1 6989 7028 7858 -1 7894 7865 7895 -1 7865 7894 7866 -1 7896 7897 7898 -1 7897 7896 7899 -1 7880 7900 7901 -1 7900 7880 7902 -1 7903 7880 7901 -1 7880 7903 7878 -1 7874 7895 7863 -1 7895 7874 7894 -1 7875 7872 7904 -1 7872 7875 7860 -1 7859 7873 7891 -1 7873 7859 7872 -1 7903 7893 7892 -1 7893 7903 7901 -1 7864 7905 7867 -1 7905 7864 7890 -1 7890 7864 7888 -1 7906 7887 7889 -1 7887 7906 7907 -1 7908 7899 7896 -1 7899 7908 7909 -1 7910 7909 7908 -1 7909 7910 7911 -1 7865 7912 7895 -1 7912 7865 7913 -1 7877 7902 7880 -1 7902 7877 7886 -1 7904 7859 7857 -1 7859 7904 7872 -1 7871 7914 7915 -1 7914 7871 7893 -1 7898 7884 7881 -1 7884 7898 7897 -1 7895 7861 7863 -1 7861 7895 7912 -1 7907 7911 7910 -1 7911 7907 7906 -1 7871 7876 7869 -1 7876 7871 7915 -1 7854 7914 7916 -1 7914 7854 7915 -1 7915 7854 7876 -1 7876 7854 7853 -1 7883 7898 7881 -1 7898 7883 7896 -1 7896 7883 7917 -1 7896 7917 7908 -1 7908 7917 7918 -1 7908 7918 7910 -1 7910 7918 7919 -1 7910 7919 6994 -1 6994 7919 7900 -1 6994 7900 7902 -1 6994 7902 7886 -1 6994 7886 6992 -1 7900 7919 7916 -1 7900 7916 7914 -1 6992 7886 6993 -1 7910 6991 7907 -1 6991 7910 6994 -1 7907 6991 7862 -1 7862 6991 7873 -1 7873 6991 7891 -1 7891 6991 6990 -1 7907 7862 7887 -1 7891 6990 6989 -1 7887 7861 7890 -1 7861 7887 7862 -1 7890 7861 7912 -1 7890 7912 7913 -1 7890 7913 7905 -1 7893 7900 7914 -1 7900 7893 7901 -1 7867 7913 7865 -1 7913 7867 7905 -1 7885 7879 7029 -1 7879 7885 7877 -1 7854 7920 7852 -1 7920 7854 7916 -1 7918 7921 7919 -1 7921 7918 7922 -1 7916 7921 7920 -1 7921 7916 7919 -1 6990 7023 7022 -1 7023 6990 6991 -1 7888 7874 7889 -1 7874 7888 7894 -1 7894 7888 7866 -1 7866 7888 7864 -1 7899 7884 7897 -1 7884 7899 7882 -1 7882 7899 7909 -1 7882 7909 7923 -1 7923 7909 7911 -1 7923 7911 7922 -1 7922 7911 7906 -1 7922 7906 7023 -1 7023 7906 7875 -1 7023 7875 7904 -1 7023 7904 7857 -1 7023 7857 7022 -1 7875 7906 7889 -1 7875 7889 7874 -1 7022 7857 7028 -1 7922 7032 7921 -1 7032 7922 7023 -1 7921 7032 7903 -1 7903 7032 7878 -1 7878 7032 7879 -1 7879 7032 7030 -1 7921 7903 7920 -1 7879 7030 7029 -1 7920 7892 7852 -1 7892 7920 7903 -1 7852 7892 7868 -1 7852 7868 7870 -1 7852 7870 7855 -1 7029 6993 7885 -1 6993 7029 6992 -1 6992 7029 7030 -1 7883 7923 7917 -1 7923 7883 7882 -1 7917 7922 7918 -1 7922 7917 7923 -1 7924 7925 7926 -1 7925 7924 7927 -1 7925 7927 7928 -1 7928 7927 7929 -1 7928 7929 7930 -1 7930 7929 7931 -1 7930 7931 7932 -1 7930 7932 7933 -1 7932 7934 7933 -1 7934 7932 7935 -1 7936 7926 7937 -1 7926 7936 7924 -1 7937 7938 7939 -1 7938 7937 7926 -1 7925 7930 7940 -1 7930 7925 7928 -1 7941 7936 7942 -1 7936 7941 7924 -1 7943 7929 7927 -1 7929 7943 7931 -1 7943 7924 7941 -1 7924 7943 7927 -1 7926 7940 7938 -1 7940 7926 7925 -1 7944 7945 7946 -1 7945 7944 7947 -1 7944 7948 7947 -1 7948 7944 7949 -1 7950 7951 7952 -1 7953 7945 7954 -1 7945 7953 7955 -1 7945 7955 7946 -1 7946 7955 7951 -1 7946 7951 7950 -1 7956 7957 7958 -1 7957 7956 7959 -1 7960 7961 7962 -1 7963 7964 7965 -1 7964 7963 7966 -1 7967 7957 7959 -1 7957 7967 7968 -1 7924 7969 7941 -1 7969 7924 7970 -1 7970 7924 7926 -1 7970 7926 7938 -1 7969 7971 7972 -1 7971 7969 7970 -1 7973 7974 7975 -1 7974 7973 7976 -1 7961 7977 7962 -1 7977 7961 7978 -1 7979 7980 7981 -1 7980 7979 7982 -1 7983 7951 7984 -1 7951 7983 7952 -1 7978 7985 7977 -1 7985 7978 7986 -1 7987 7925 7988 -1 7925 7987 7940 -1 7960 7989 7961 -1 7989 7960 7983 -1 7983 7960 7990 -1 7983 7990 7991 -1 7991 7952 7983 -1 7952 7991 7953 -1 7952 7964 7950 -1 7964 7952 7953 -1 7964 7953 7954 -1 7964 7954 7965 -1 7960 7977 7992 -1 7977 7960 7962 -1 7987 7974 7976 -1 7974 7987 7988 -1 7953 7993 7955 -1 7993 7953 7991 -1 7979 7943 7982 -1 7943 7979 7927 -1 7950 7944 7946 -1 7944 7950 7973 -1 7973 7950 7976 -1 7976 7950 7964 -1 7976 7964 7966 -1 7976 7966 7987 -1 7987 7966 7940 -1 7940 7966 7971 -1 7940 7971 7970 -1 7940 7970 7938 -1 7944 7994 7949 -1 7994 7944 7973 -1 7995 7947 7948 -1 7947 7995 7996 -1 7947 7996 7945 -1 7945 7996 7954 -1 7954 7996 7980 -1 7954 7980 7965 -1 7943 7980 7982 -1 7980 7943 7965 -1 7965 7943 7963 -1 7963 7943 7972 -1 7972 7943 7969 -1 7969 7943 7941 -1 7972 7966 7963 -1 7966 7972 7971 -1 7990 7957 7968 -1 7958 7992 7997 -1 7992 7958 7957 -1 7992 7957 7960 -1 7960 7957 7990 -1 7985 7992 7977 -1 7992 7985 7997 -1 7994 7948 7949 -1 7948 7994 7995 -1 7986 7997 7985 -1 7997 7986 7956 -1 7997 7956 7958 -1 7951 7993 7984 -1 7993 7951 7955 -1 7998 7935 7999 -1 7935 7998 7934 -1 8000 8001 8002 -1 8001 8000 8003 -1 7999 8003 7998 -1 8003 7999 8001 -1 7930 8004 8005 -1 8004 7930 7934 -1 7934 7930 7933 -1 8006 8003 8000 -1 8003 8006 8007 -1 8003 8007 8004 -1 8003 8004 7998 -1 7998 8004 7934 -1 8001 8008 8002 -1 8008 8001 8009 -1 8009 8001 8010 -1 8010 8001 7999 -1 8010 7999 7935 -1 8010 7935 8011 -1 8011 7935 7932 -1 8011 7932 7931 -1 8000 8008 8006 -1 8008 8000 8002 -1 8012 8013 7975 -1 8013 8012 8014 -1 8014 8008 8009 -1 8008 8014 8006 -1 8006 8014 8012 -1 8006 8012 8007 -1 7925 8015 7988 -1 8015 7925 7928 -1 7974 8012 7975 -1 8012 7974 8016 -1 8016 7974 7988 -1 8016 7988 8015 -1 8004 8015 8005 -1 8015 8004 8016 -1 8016 8007 8012 -1 8007 8016 8004 -1 7930 8015 7928 -1 8015 7930 8005 -1 7929 7979 8017 -1 7979 7929 7927 -1 8018 8013 8014 -1 8013 8018 7981 -1 7981 8018 8017 -1 7981 8017 7979 -1 8018 8011 8017 -1 8011 8018 8010 -1 8018 8009 8010 -1 8009 8018 8014 -1 7978 7956 7986 -1 7956 7978 7959 -1 7959 7978 7961 -1 7959 7989 7967 -1 7989 7959 7961 -1 7929 8011 7931 -1 8011 7929 8017 -1 7968 7993 7990 -1 7993 7968 7967 -1 7993 7967 7984 -1 7984 7967 7983 -1 7983 7967 7989 -1 7991 7990 7993 -1 7994 7996 7995 -1 7996 7994 8013 -1 8013 7994 7975 -1 7975 7994 7973 -1 8013 7980 7996 -1 7980 8013 7981 -1 8019 8020 8021 -1 8021 8022 8019 -1 8023 8024 7967 -1 7967 8025 8023 -1 7967 7968 8025 -1 7968 8026 8025 -1 8026 8027 8025 -1 8028 7967 8024 -1 8024 8029 8030 -1 8030 8028 8024 -1 8019 8022 8031 -1 8031 8032 8019 -1 7956 8033 8034 -1 8034 7958 7956 -1 8035 8020 8019 -1 8019 8032 8035 -1 8036 8037 8038 -1 8038 8039 8036 -1 8037 8040 8041 -1 8041 8038 8037 -1 8042 8043 8044 -1 8044 8045 8042 -1 8044 8041 8045 -1 8044 8038 8041 -1 8042 8046 8047 -1 8047 8048 8042 -1 8043 8042 8048 -1 8048 8049 8043 -1 8043 8050 8051 -1 8051 8044 8043 -1 8051 8038 8044 -1 8051 8039 8038 -1 8040 8048 8047 -1 8047 8052 8040 -1 8053 8054 8034 -1 8034 8036 8053 -1 8030 8029 8055 -1 8055 8033 8030 -1 8055 8036 8033 -1 8036 8034 8033 -1 8056 8057 8058 -1 8058 8059 8056 -1 8058 8057 8060 -1 8060 8061 8058 -1 8037 8049 8048 -1 8048 8040 8037 -1 8040 8052 8062 -1 8062 8041 8040 -1 8031 8022 8060 -1 8060 8063 8031 -1 8021 8023 8025 -1 8025 8061 8021 -1 8061 8022 8021 -1 8061 8060 8022 -1 8050 8043 8049 -1 8049 8055 8050 -1 8062 8052 8047 -1 8047 8046 8062 -1 8036 8055 8049 -1 8049 8037 8036 -1 8026 8054 8053 -1 8053 8027 8026 -1 8050 8055 8021 -1 8021 8035 8050 -1 8021 8020 8035 -1 8055 8029 8023 -1 8023 8021 8055 -1 8029 8024 8023 -1 8050 8035 8031 -1 8031 8051 8050 -1 8031 8063 8051 -1 8063 8056 8051 -1 8056 8059 8051 -1 8059 8039 8051 -1 8032 8031 8035 -1 8036 8039 8025 -1 8025 8053 8036 -1 8025 8027 8053 -1 8039 8059 8061 -1 8061 8025 8039 -1 8059 8058 8061 -1 8046 8042 8045 -1 8045 8062 8046 -1 8045 8041 8062 -1 8030 8033 7956 -1 7956 7959 8030 -1 7959 7967 8030 -1 7967 8028 8030 -1 8026 7968 7957 -1 7957 7958 8034 -1 8034 8054 7957 -1 8054 8026 7957 -1 8056 8063 8060 -1 8060 8057 8056 -1 8064 8065 8066 -1 8066 8067 8064 -1 8068 8069 8070 -1 8070 8071 8068 -1 8072 8073 8074 -1 8074 8075 8072 -1 8070 8069 8076 -1 8076 8077 8070 -1 8073 8078 8079 -1 8079 8074 8073 -1 8079 8080 8074 -1 8080 8081 8074 -1 8081 8082 8074 -1 8083 8079 8078 -1 8084 8085 8086 -1 8087 8088 8072 -1 8072 8089 8087 -1 8072 8075 8089 -1 8075 8086 8089 -1 8075 8084 8086 -1 8090 8091 8064 -1 8064 8067 8090 -1 8092 8093 8094 -1 8094 8095 8092 -1 8093 8096 8097 -1 8097 8094 8093 -1 8098 8095 8094 -1 8094 8099 8098 -1 8099 8094 8097 -1 8097 8100 8099 -1 8100 8097 8101 -1 8101 8102 8100 -1 8100 8102 8103 -1 8103 8104 8100 -1 8098 8099 8105 -1 8105 8106 8098 -1 8099 8100 8104 -1 8104 8105 8099 -1 8107 8088 8087 -1 8087 8108 8107 -1 8096 8109 8101 -1 8101 8097 8096 -1 8110 8071 8070 -1 8070 8077 8110 -1 8077 8086 8110 -1 8086 8085 8110 -1 8087 8089 8076 -1 8076 8069 8068 -1 8068 8108 8076 -1 8108 8087 8076 -1 8079 8091 8090 -1 8090 8080 8079 -1 8076 8089 8086 -1 8086 8077 8076 -1 8111 8065 8064 -1 8064 8091 8111 -1 8091 8079 8111 -1 8079 8083 8111 -1 8081 8080 8090 -1 8090 8067 8066 -1 8066 8112 8090 -1 8112 8081 8090 -1 8098 8106 8074 -1 8074 8113 8098 -1 8074 8082 8113 -1 8106 8114 8075 -1 8075 8074 8106 -1 8114 8084 8075 -1 8096 8093 8115 -1 8115 8116 8096 -1 8115 8104 8116 -1 8115 8105 8104 -1 8103 8102 8101 -1 8101 8109 8103 -1 8093 8092 8117 -1 8117 8115 8093 -1 8117 8105 8115 -1 8117 8106 8105 -1 8109 8096 8116 -1 8116 8103 8109 -1 8116 8104 8103 -1 8092 8095 8072 -1 8072 8107 8092 -1 8072 8088 8107 -1 8095 8118 8073 -1 8073 8072 8095 -1 8118 8078 8073 -1 8113 8112 8066 -1 8111 8118 8095 -1 8095 8065 8111 -1 8095 8098 8065 -1 8098 8066 8065 -1 8098 8113 8066 -1 8092 8107 8068 -1 8068 8117 8092 -1 8068 8071 8117 -1 8071 8110 8117 -1 8110 8114 8117 -1 8114 8106 8117 -1 8108 8068 8107 -1 8081 8112 8113 -1 8113 8082 8081 -1 8110 8085 8084 -1 8084 8114 8110 -1 8078 8118 8111 -1 8111 8083 8078 -1 8119 8120 8121 -1 8121 8122 8119 -1 8123 8124 8125 -1 8125 8126 8123 -1 8127 8128 8119 -1 8119 8122 8127 -1 8122 8129 8127 -1 8126 8125 8130 -1 8130 8131 8126 -1 8132 8133 8124 -1 8124 8123 8132 -1 8134 8135 8136 -1 8136 8137 8134 -1 8132 8129 8138 -1 8138 8136 8132 -1 8138 8137 8136 -1 8129 8122 8139 -1 8139 8138 8129 -1 8122 8121 8139 -1 8121 8120 8140 -1 8140 8139 8121 -1 8140 8141 8138 -1 8138 8139 8140 -1 8142 8143 8130 -1 8130 8125 8142 -1 8142 8144 8145 -1 8145 8146 8142 -1 8145 8147 8146 -1 8145 8148 8147 -1 8144 8142 8125 -1 8125 8124 8144 -1 8138 8141 8134 -1 8134 8137 8138 -1 8144 8128 8127 -1 8127 8145 8144 -1 8127 8148 8145 -1 8127 8129 8148 -1 8123 8126 8147 -1 8147 8148 8123 -1 8132 8123 8148 -1 8148 8129 8132 -1 8143 8142 8146 -1 8146 8149 8143 -1 8146 8147 8149 -1 8128 8133 8140 -1 8140 8119 8128 -1 8140 8120 8119 -1 8133 8135 8141 -1 8141 8140 8133 -1 8135 8134 8141 -1 8149 8131 8130 -1 8130 8143 8149 -1 8128 8144 8124 -1 8124 8133 8128 -1 8136 8135 8133 -1 8133 8132 8136 -1 8126 8131 8149 -1 8149 8147 8126 -1 8006 8150 8151 -1 8151 7994 8006 -1 8152 8153 8154 -1 8154 8155 8152 -1 8156 8157 8158 -1 8158 8159 8156 -1 8158 8160 8159 -1 8160 7995 8159 -1 7994 8161 8159 -1 8159 7995 7994 -1 7995 8008 7994 -1 8008 8006 7994 -1 8008 8162 8006 -1 8162 8163 8006 -1 8163 8164 8006 -1 8163 8165 8164 -1 8165 8163 8166 -1 8166 8167 8165 -1 8168 8169 8170 -1 8170 8171 8168 -1 8172 8173 8174 -1 8174 8175 8172 -1 8176 8177 8167 -1 8167 8166 8176 -1 8178 8179 8180 -1 8180 8181 8178 -1 8182 8183 8184 -1 8184 8185 8182 -1 8172 8186 8187 -1 8187 8173 8172 -1 8187 8188 8173 -1 8187 8189 8188 -1 8174 8190 8191 -1 8191 8175 8174 -1 8192 8193 8194 -1 8194 8195 8192 -1 8178 8192 8195 -1 8195 8179 8178 -1 8193 8196 8197 -1 8197 8194 8193 -1 8196 8198 8199 -1 8199 8197 8196 -1 8185 8184 8200 -1 8200 8201 8185 -1 8202 8203 8204 -1 8204 8205 8202 -1 8189 8180 8206 -1 8206 8207 8189 -1 8207 8208 8189 -1 8208 8188 8189 -1 8197 8199 8150 -1 8150 8209 8197 -1 8150 8210 8209 -1 8150 8211 8210 -1 8150 8006 8211 -1 8209 8194 8197 -1 8209 8195 8194 -1 8209 8212 8195 -1 8212 8179 8195 -1 8212 8180 8179 -1 8212 8206 8180 -1 8006 8213 8211 -1 8006 8214 8213 -1 8006 8215 8214 -1 8006 8164 8215 -1 8204 8183 8182 -1 8182 8205 8204 -1 8161 8216 8217 -1 8217 8159 8161 -1 8217 8216 8203 -1 8203 8202 8217 -1 8190 8177 8176 -1 8176 8191 8190 -1 8181 8180 8189 -1 8189 8187 8181 -1 8168 8171 8218 -1 8218 8219 8168 -1 8219 8220 8168 -1 8220 8221 8168 -1 8222 8153 8152 -1 8152 8223 8222 -1 8223 8224 8222 -1 8223 8225 8224 -1 8223 8226 8225 -1 8223 7995 8226 -1 8224 8227 8222 -1 8224 8228 8227 -1 8228 8229 8227 -1 8228 8171 8229 -1 8228 8218 8171 -1 7995 8230 8226 -1 7995 8231 8230 -1 7995 8232 8231 -1 7995 8160 8232 -1 8193 8198 8196 -1 8233 8198 8234 -1 8234 8008 8233 -1 8198 8235 8234 -1 8198 8236 8235 -1 8198 8193 8236 -1 8193 8192 8236 -1 8192 8237 8236 -1 8192 8178 8237 -1 8178 8181 8237 -1 8234 8238 8008 -1 8238 8239 8008 -1 8239 8240 8008 -1 8240 8162 8008 -1 8181 8187 8241 -1 8241 8237 8181 -1 8187 8242 8241 -1 8187 8243 8242 -1 8187 8186 8243 -1 8244 8245 8234 -1 8234 8235 8244 -1 8246 8244 8235 -1 8235 8236 8246 -1 8246 8236 8237 -1 8237 8247 8246 -1 8247 8237 8241 -1 8241 8248 8247 -1 8248 8241 8242 -1 8242 8249 8248 -1 8250 8249 8242 -1 8242 8243 8250 -1 8172 8250 8243 -1 8243 8186 8172 -1 8246 8247 8248 -1 8248 8249 8246 -1 8249 8244 8246 -1 8249 8250 8244 -1 8250 8245 8244 -1 8250 8172 8245 -1 8172 8251 8245 -1 8172 8175 8251 -1 8175 8252 8251 -1 8175 8191 8252 -1 8191 8253 8252 -1 8191 8176 8253 -1 8176 8163 8253 -1 8176 8166 8163 -1 8240 8253 8163 -1 8163 8162 8240 -1 7995 8223 8233 -1 8233 8008 7995 -1 8252 8253 8240 -1 8240 8239 8252 -1 8234 8245 8251 -1 8251 8238 8234 -1 8225 8254 8255 -1 8255 8224 8225 -1 8255 8256 8228 -1 8228 8224 8255 -1 8251 8252 8239 -1 8239 8238 8251 -1 8257 8258 8256 -1 8256 8255 8257 -1 8255 8259 8257 -1 8255 8254 8259 -1 8254 8260 8259 -1 8254 8261 8260 -1 8261 8262 8260 -1 8261 8263 8262 -1 8263 8264 8262 -1 8263 8265 8264 -1 8265 8266 8264 -1 8265 8267 8266 -1 8267 8157 8266 -1 8267 8158 8157 -1 8158 8267 8232 -1 8232 8160 8158 -1 8232 8267 8265 -1 8265 8231 8232 -1 8231 8265 8263 -1 8263 8230 8231 -1 8226 8261 8254 -1 8254 8225 8226 -1 8263 8261 8226 -1 8226 8230 8263 -1 8256 8258 8218 -1 8218 8228 8256 -1 8258 8257 8219 -1 8219 8218 8258 -1 8219 8257 8259 -1 8259 8220 8219 -1 8220 8259 8260 -1 8260 8221 8220 -1 8268 8269 8270 -1 8270 8271 8268 -1 8272 8273 8269 -1 8269 8268 8272 -1 8274 8273 8272 -1 8272 8275 8274 -1 8201 8276 8275 -1 8275 8272 8201 -1 8272 8185 8201 -1 8272 8268 8185 -1 8268 8182 8185 -1 8268 8271 8182 -1 8271 8205 8182 -1 8271 8277 8205 -1 8277 8202 8205 -1 8277 8278 8202 -1 8278 8217 8202 -1 8278 8279 8217 -1 8279 8159 8217 -1 8279 8156 8159 -1 8200 8280 8276 -1 8276 8201 8200 -1 8280 8274 8275 -1 8275 8276 8280 -1 8152 8155 8151 -1 8151 8223 8152 -1 8151 8150 8223 -1 8150 8233 8223 -1 8150 8198 8233 -1 8150 8199 8198 -1 8170 8281 8229 -1 8229 8171 8170 -1 8208 8207 8282 -1 8282 8283 8208 -1 8227 8229 8281 -1 8281 8284 8227 -1 8270 8169 8260 -1 8260 8271 8270 -1 8169 8168 8221 -1 8221 8260 8169 -1 8266 8279 8278 -1 8278 8264 8266 -1 8151 8155 8183 -1 8183 7994 8151 -1 8155 8184 8183 -1 8155 8200 8184 -1 8155 8154 8200 -1 8154 8285 8200 -1 8285 8284 8200 -1 8284 8280 8200 -1 8284 8281 8280 -1 8281 8170 8280 -1 8183 8204 7994 -1 8204 8203 7994 -1 8203 8216 7994 -1 8216 8161 7994 -1 8170 8169 8274 -1 8274 8280 8170 -1 8169 8273 8274 -1 8169 8269 8273 -1 8169 8270 8269 -1 8153 8222 8285 -1 8285 8154 8153 -1 8277 8271 8260 -1 8260 8262 8277 -1 8156 8279 8266 -1 8266 8157 8156 -1 8264 8278 8277 -1 8277 8262 8264 -1 8222 8227 8284 -1 8284 8285 8222 -1 8282 8286 8287 -1 8287 8288 8282 -1 8288 8283 8282 -1 8288 8289 8283 -1 8289 8173 8283 -1 8289 8290 8173 -1 8290 8174 8173 -1 8290 8291 8174 -1 8291 8190 8174 -1 8291 8292 8190 -1 8292 8177 8190 -1 8292 8293 8177 -1 8293 8167 8177 -1 8293 8165 8167 -1 8290 8211 8213 -1 8213 8291 8290 -1 8188 8208 8283 -1 8283 8173 8188 -1 8293 8215 8164 -1 8164 8165 8293 -1 8214 8215 8293 -1 8293 8292 8214 -1 8209 8210 8289 -1 8289 8288 8209 -1 8210 8211 8290 -1 8290 8289 8210 -1 8206 8286 8282 -1 8282 8207 8206 -1 8212 8287 8286 -1 8286 8206 8212 -1 8213 8214 8292 -1 8292 8291 8213 -1 8209 8288 8287 -1 8287 8212 8209 -1 8294 8295 8296 -1 8295 8294 8297 -1 8297 8298 8299 -1 8298 8297 8294 -1 8294 8300 8298 -1 8300 8294 8301 -1 8300 8301 8302 -1 8303 8304 8305 -1 8304 8303 8296 -1 8296 8303 8306 -1 8306 8303 8307 -1 8295 8304 8296 -1 8304 8298 8305 -1 8298 8304 8299 -1 8299 8295 8297 -1 8295 8299 8304 -1 8303 8298 8300 -1 8298 8303 8305 -1 8301 8296 8306 -1 8296 8301 8294 -1 8302 8306 8307 -1 8306 8302 8301 -1 8300 8307 8303 -1 8307 8300 8302 -1 8308 8309 8310 -1 8310 8311 8308 -1 8312 8313 8314 -1 8314 8315 8312 -1 8316 8317 8318 -1 8318 8319 8316 -1 8320 8321 8322 -1 8322 8323 8320 -1 8316 8319 8312 -1 8312 8315 8316 -1 8315 8308 8316 -1 8315 8321 8308 -1 8321 8309 8308 -1 8321 8320 8309 -1 8321 8315 8314 -1 8314 8322 8321 -1 8319 8318 8313 -1 8313 8312 8319 -1 8316 8308 8311 -1 8311 8317 8316 -1 8324 8325 8326 -1 8326 8327 8324 -1 8328 8329 8330 -1 8330 8331 8328 -1 8330 8332 8331 -1 8332 8326 8331 -1 8332 8333 8326 -1 8333 8327 8326 -1 8329 8334 8335 -1 8335 8330 8329 -1 8336 8337 8338 -1 8338 8339 8336 -1 8338 8337 8340 -1 8340 8341 8338 -1 8341 8342 8338 -1 8342 8343 8338 -1 8344 8345 8346 -1 8346 8347 8344 -1 8347 8348 8344 -1 8347 8349 8348 -1 8349 8350 8348 -1 8349 8351 8350 -1 8351 8352 8350 -1 8351 8353 8352 -1 8351 8354 8353 -1 8352 8355 8350 -1 8355 8337 8350 -1 8355 8340 8337 -1 8354 8356 8353 -1 8349 8357 8358 -1 8358 8351 8349 -1 8357 8359 8358 -1 8359 8360 8358 -1 8360 8324 8358 -1 8357 8361 8359 -1 8357 8362 8361 -1 8360 8325 8324 -1 8362 8329 8363 -1 8363 8361 8362 -1 8329 8364 8363 -1 8329 8365 8364 -1 8329 8328 8365 -1 8334 8329 8362 -1 8362 8366 8334 -1 8367 8368 8346 -1 8346 8345 8367 -1 8369 8365 8328 -1 8328 8331 8369 -1 8353 8356 8370 -1 8370 8371 8353 -1 8358 8372 8373 -1 8373 8351 8358 -1 8374 8375 8376 -1 8376 8377 8374 -1 8378 8364 8365 -1 8365 8369 8378 -1 8379 8380 8381 -1 8381 8378 8379 -1 8378 8382 8379 -1 8378 8369 8382 -1 8369 8326 8382 -1 8369 8331 8326 -1 8383 8350 8337 -1 8337 8336 8383 -1 8384 8385 8386 -1 8386 8387 8384 -1 8375 8388 8389 -1 8389 8376 8375 -1 8390 8367 8345 -1 8345 8344 8390 -1 8352 8353 8371 -1 8371 8391 8352 -1 8326 8325 8360 -1 8360 8382 8326 -1 8363 8364 8378 -1 8378 8381 8363 -1 8358 8324 8327 -1 8327 8372 8358 -1 8392 8354 8351 -1 8351 8373 8392 -1 8393 8390 8344 -1 8344 8348 8393 -1 8361 8363 8381 -1 8381 8380 8361 -1 8394 8395 8374 -1 8374 8377 8394 -1 8359 8361 8380 -1 8380 8379 8359 -1 8340 8396 8397 -1 8397 8341 8340 -1 8342 8341 8397 -1 8397 8398 8342 -1 8397 8396 8399 -1 8399 8391 8397 -1 8391 8398 8397 -1 8391 8371 8398 -1 8371 8400 8398 -1 8371 8370 8400 -1 8352 8391 8399 -1 8399 8355 8352 -1 8385 8388 8375 -1 8375 8374 8385 -1 8374 8386 8385 -1 8374 8395 8386 -1 8395 8330 8386 -1 8395 8332 8330 -1 8333 8332 8395 -1 8395 8394 8333 -1 8388 8385 8384 -1 8384 8389 8388 -1 8355 8399 8396 -1 8396 8340 8355 -1 8343 8342 8398 -1 8398 8400 8343 -1 8383 8393 8348 -1 8348 8350 8383 -1 8387 8386 8330 -1 8330 8335 8387 -1 8382 8360 8359 -1 8359 8379 8382 -1 8401 8402 8357 -1 8357 8349 8401 -1 8334 8366 8389 -1 8389 8384 8334 -1 8384 8387 8334 -1 8387 8335 8334 -1 8403 8368 8367 -1 8367 8390 8403 -1 8390 8401 8403 -1 8390 8393 8401 -1 8393 8402 8401 -1 8393 8372 8402 -1 8372 8377 8402 -1 8372 8394 8377 -1 8372 8327 8394 -1 8377 8376 8402 -1 8376 8366 8402 -1 8376 8389 8366 -1 8327 8333 8394 -1 8393 8383 8373 -1 8373 8372 8393 -1 8383 8317 8373 -1 8317 8311 8373 -1 8311 8392 8373 -1 8383 8318 8317 -1 8383 8336 8318 -1 8311 8310 8392 -1 8336 8339 8313 -1 8313 8318 8336 -1 8339 8314 8313 -1 8339 8322 8314 -1 8339 8323 8322 -1 8362 8357 8402 -1 8402 8366 8362 -1 8354 8392 8310 -1 8310 8309 8354 -1 8309 8356 8354 -1 8309 8370 8356 -1 8370 8309 8320 -1 8320 8400 8370 -1 8320 8323 8339 -1 8339 8400 8320 -1 8339 8343 8400 -1 8339 8338 8343 -1 8403 8401 8349 -1 8349 8347 8403 -1 8368 8403 8347 -1 8347 8346 8368 -1 8404 8405 8406 -1 8406 8407 8404 -1 8407 8408 8409 -1 8409 8404 8407 -1 8404 8409 8410 -1 8410 8411 8404 -1 8410 8412 8411 -1 8413 8414 8415 -1 8415 8405 8413 -1 8405 8416 8413 -1 8416 8417 8413 -1 8406 8405 8415 -1 8415 8414 8409 -1 8409 8408 8415 -1 8408 8407 8406 -1 8406 8415 8408 -1 8413 8410 8409 -1 8409 8414 8413 -1 8411 8416 8405 -1 8405 8404 8411 -1 8412 8417 8416 -1 8416 8411 8412 -1 8410 8413 8417 -1 8417 8412 8410 -1 8418 8419 8420 -1 8420 8421 8418 -1 8421 8422 8418 -1 8421 8423 8424 -1 8424 8425 8426 -1 8426 8422 8424 -1 8422 8421 8424 -1 8427 8428 8429 -1 8429 8430 8427 -1 8431 8432 8433 -1 8433 8434 8431 -1 8432 8435 8436 -1 8436 8433 8432 -1 8437 8438 8439 -1 8439 8440 8437 -1 8439 8436 8440 -1 8439 8433 8436 -1 8437 8441 8442 -1 8442 8443 8437 -1 8438 8437 8443 -1 8443 8444 8438 -1 8438 8445 8446 -1 8446 8439 8438 -1 8446 8433 8439 -1 8446 8434 8433 -1 8435 8443 8442 -1 8442 8447 8435 -1 8448 8449 8429 -1 8429 8431 8448 -1 8420 8419 8450 -1 8450 8428 8420 -1 8450 8431 8428 -1 8431 8429 8428 -1 8451 8452 8453 -1 8453 8454 8451 -1 8432 8444 8443 -1 8443 8435 8432 -1 8435 8447 8455 -1 8455 8436 8435 -1 8425 8456 8457 -1 8457 8426 8425 -1 8445 8438 8444 -1 8444 8450 8445 -1 8455 8447 8442 -1 8442 8441 8455 -1 8431 8450 8444 -1 8444 8432 8431 -1 8452 8449 8448 -1 8448 8453 8452 -1 8418 8445 8450 -1 8450 8419 8418 -1 8445 8418 8426 -1 8426 8446 8445 -1 8426 8457 8446 -1 8457 8451 8446 -1 8451 8454 8446 -1 8454 8434 8446 -1 8422 8426 8418 -1 8448 8431 8434 -1 8434 8454 8448 -1 8454 8453 8448 -1 8441 8437 8440 -1 8440 8455 8441 -1 8440 8436 8455 -1 8420 8428 8427 -1 8427 8458 8420 -1 8458 8423 8420 -1 8423 8421 8420 -1 8459 8458 8427 -1 8427 8430 8459 -1 8452 8460 8459 -1 8459 8430 8429 -1 8429 8449 8459 -1 8449 8452 8459 -1 8423 8458 8459 -1 8459 8460 8423 -1 8460 8424 8423 -1 8451 8457 8456 -1 8456 8460 8451 -1 8460 8452 8451 -1 8461 8462 8463 -1 8463 8464 8461 -1 8463 8465 8466 -1 8466 8464 8463 -1 8465 8467 8468 -1 8468 8466 8465 -1 8468 8461 8464 -1 8464 8466 8468 -1 8461 8468 8467 -1 8467 8462 8461 -1 8463 8462 8467 -1 8467 8465 8463 -1 8469 8470 8471 -1 8471 8472 8469 -1 8473 8474 8475 -1 8475 8476 8473 -1 8477 8478 8469 -1 8469 8472 8477 -1 8472 8479 8477 -1 8476 8475 8480 -1 8480 8481 8476 -1 8482 8483 8474 -1 8474 8473 8482 -1 8484 8485 8486 -1 8486 8487 8484 -1 8482 8479 8488 -1 8488 8486 8482 -1 8488 8487 8486 -1 8479 8472 8489 -1 8489 8488 8479 -1 8472 8471 8489 -1 8471 8470 8490 -1 8490 8489 8471 -1 8490 8491 8488 -1 8488 8489 8490 -1 8492 8493 8480 -1 8480 8475 8492 -1 8492 8494 8495 -1 8495 8496 8492 -1 8495 8497 8496 -1 8495 8498 8497 -1 8494 8492 8475 -1 8475 8474 8494 -1 8488 8491 8484 -1 8484 8487 8488 -1 8494 8478 8477 -1 8477 8495 8494 -1 8477 8498 8495 -1 8477 8479 8498 -1 8473 8476 8497 -1 8497 8498 8473 -1 8482 8473 8498 -1 8498 8479 8482 -1 8493 8492 8496 -1 8496 8499 8493 -1 8496 8497 8499 -1 8478 8483 8490 -1 8490 8469 8478 -1 8490 8470 8469 -1 8483 8485 8491 -1 8491 8490 8483 -1 8485 8484 8491 -1 8499 8481 8480 -1 8480 8493 8499 -1 8478 8494 8474 -1 8474 8483 8478 -1 8486 8485 8483 -1 8483 8482 8486 -1 8476 8481 8499 -1 8499 8497 8476 -1 8500 8501 8502 -1 8502 8503 8500 -1 8504 8505 8506 -1 8506 8507 8504 -1 8507 8508 8509 -1 8509 8504 8507 -1 8509 8510 8504 -1 8509 8511 8510 -1 8508 8512 8513 -1 8513 8509 8508 -1 8512 8508 8507 -1 8507 8514 8512 -1 8506 8515 8514 -1 8514 8507 8506 -1 8516 8517 8505 -1 8505 8504 8516 -1 8516 8504 8510 -1 8510 8518 8516 -1 8511 7942 8518 -1 8518 8510 8511 -1 8502 8519 8520 -1 8520 8503 8502 -1 8513 8521 8500 -1 8500 8509 8513 -1 8509 8500 8503 -1 8503 8511 8509 -1 8503 7942 8511 -1 8503 8520 7942 -1 8515 8506 8505 -1 8505 8517 8515 -1 8520 8519 8517 -1 8517 8518 8520 -1 8517 8516 8518 -1 8518 7942 8520 -1 8514 8515 8512 -1 8519 8522 8521 -1 8521 8515 8519 -1 8515 8517 8519 -1 8521 8512 8515 -1 8521 8513 8512 -1 8500 8521 8522 -1 8522 8501 8500 -1 8501 8522 8519 -1 8519 8502 8501 -1 8523 8524 8525 -1 8525 8526 8523 -1 8527 8528 8526 -1 8526 8525 8527 -1 8529 8530 8531 -1 8531 8532 8529 -1 8528 8527 8532 -1 8532 8531 8528 -1 8527 8525 8529 -1 8529 8532 8527 -1 8524 8533 8534 -1 8534 8535 8524 -1 8535 8525 8524 -1 8535 8529 8525 -1 8534 8533 8536 -1 8536 8537 8534 -1 8534 8537 8538 -1 8538 8535 8534 -1 8531 8530 8526 -1 8526 8528 8531 -1 8538 8537 8536 -1 8536 8523 8538 -1 8523 8530 8538 -1 8523 8526 8530 -1 8530 8529 8535 -1 8535 8538 8530 -1 8524 8523 8536 -1 8536 8533 8524 -1 8539 8540 8541 -1 8541 8542 8539 -1 8541 8543 8542 -1 8543 8544 8542 -1 8544 8545 8542 -1 8546 8541 8540 -1 8540 8547 8548 -1 8548 8546 8540 -1 8549 8550 7938 -1 7938 8551 8549 -1 8552 8553 8554 -1 8554 8555 8552 -1 8553 8556 8557 -1 8557 8554 8553 -1 8558 8559 8560 -1 8560 8561 8558 -1 8560 8557 8561 -1 8560 8554 8557 -1 8558 8562 8563 -1 8563 8564 8558 -1 8559 8558 8564 -1 8564 8565 8559 -1 8559 8566 8567 -1 8567 8560 8559 -1 8567 8554 8560 -1 8567 8555 8554 -1 8556 8564 8563 -1 8563 8568 8556 -1 8569 8570 7938 -1 7938 8552 8569 -1 8548 8547 8571 -1 8571 8550 8548 -1 8571 8552 8550 -1 8552 7938 8550 -1 8572 8573 8574 -1 8574 8575 8572 -1 8574 8573 8576 -1 8576 8577 8574 -1 8553 8565 8564 -1 8564 8556 8553 -1 8556 8568 8578 -1 8578 8557 8556 -1 8576 8539 8542 -1 8542 8577 8576 -1 8566 8559 8565 -1 8565 8571 8566 -1 8578 8568 8563 -1 8563 8562 8578 -1 8552 8571 8565 -1 8565 8553 8552 -1 8544 8570 8569 -1 8569 8545 8544 -1 8566 8571 8576 -1 8576 8572 8566 -1 8576 8573 8572 -1 8571 8547 8539 -1 8539 8576 8571 -1 8547 8540 8539 -1 8567 8566 8572 -1 8572 8575 8567 -1 8575 8555 8567 -1 8552 8555 8542 -1 8542 8569 8552 -1 8542 8545 8569 -1 8555 8575 8577 -1 8577 8542 8555 -1 8575 8574 8577 -1 8562 8558 8561 -1 8561 8578 8562 -1 8561 8557 8578 -1 8548 8550 8549 -1 8549 8579 8548 -1 8579 8541 8548 -1 8541 8546 8548 -1 8580 8579 8549 -1 8549 8551 8580 -1 8544 8543 8580 -1 8580 8551 7938 -1 7938 8570 8580 -1 8570 8544 8580 -1 8541 8579 8580 -1 8580 8543 8541 -1 8581 8582 8583 -1 8583 8584 8581 -1 8585 8586 8587 -1 8587 8588 8585 -1 8589 8590 8581 -1 8581 8584 8589 -1 8584 8591 8589 -1 8588 8587 8592 -1 8592 8593 8588 -1 8594 8595 8586 -1 8586 8585 8594 -1 8596 8597 8598 -1 8598 8599 8596 -1 8594 8591 8600 -1 8600 8598 8594 -1 8600 8599 8598 -1 8591 8584 8601 -1 8601 8600 8591 -1 8584 8583 8601 -1 8583 8582 8602 -1 8602 8601 8583 -1 8602 8603 8600 -1 8600 8601 8602 -1 8604 8605 8592 -1 8592 8587 8604 -1 8604 8606 8607 -1 8607 8608 8604 -1 8607 8609 8608 -1 8607 8610 8609 -1 8606 8604 8587 -1 8587 8586 8606 -1 8600 8603 8596 -1 8596 8599 8600 -1 8606 8590 8589 -1 8589 8607 8606 -1 8589 8610 8607 -1 8589 8591 8610 -1 8585 8588 8609 -1 8609 8610 8585 -1 8594 8585 8610 -1 8610 8591 8594 -1 8605 8604 8608 -1 8608 8611 8605 -1 8608 8609 8611 -1 8590 8595 8602 -1 8602 8581 8590 -1 8602 8582 8581 -1 8595 8597 8603 -1 8603 8602 8595 -1 8597 8596 8603 -1 8611 8593 8592 -1 8592 8605 8611 -1 8590 8606 8586 -1 8586 8595 8590 -1 8598 8597 8595 -1 8595 8594 8598 -1 8588 8593 8611 -1 8611 8609 8588 -1 8612 8613 8614 -1 8614 8615 8612 -1 8616 8617 8618 -1 8618 8619 8616 -1 8620 8621 8612 -1 8612 8615 8620 -1 8615 8622 8620 -1 8619 8618 8623 -1 8623 8624 8619 -1 8625 8626 8617 -1 8617 8616 8625 -1 8627 8628 8629 -1 8629 8630 8627 -1 8625 8622 8631 -1 8631 8629 8625 -1 8631 8630 8629 -1 8622 8615 8632 -1 8632 8631 8622 -1 8615 8614 8632 -1 8614 8613 8633 -1 8633 8632 8614 -1 8633 8634 8631 -1 8631 8632 8633 -1 8635 8636 8623 -1 8623 8618 8635 -1 8635 8637 8638 -1 8638 8639 8635 -1 8638 8640 8639 -1 8638 8641 8640 -1 8637 8635 8618 -1 8618 8617 8637 -1 8631 8634 8627 -1 8627 8630 8631 -1 8637 8621 8620 -1 8620 8638 8637 -1 8620 8641 8638 -1 8620 8622 8641 -1 8616 8619 8640 -1 8640 8641 8616 -1 8625 8616 8641 -1 8641 8622 8625 -1 8636 8635 8639 -1 8639 8642 8636 -1 8639 8640 8642 -1 8621 8626 8633 -1 8633 8612 8621 -1 8633 8613 8612 -1 8626 8628 8634 -1 8634 8633 8626 -1 8628 8627 8634 -1 8642 8624 8623 -1 8623 8636 8642 -1 8621 8637 8617 -1 8617 8626 8621 -1 8629 8628 8626 -1 8626 8625 8629 -1 8619 8624 8642 -1 8642 8640 8619 -1 8643 8644 8645 -1 8645 8646 8643 -1 8647 8648 8649 -1 8649 8650 8647 -1 8651 8652 8643 -1 8643 8646 8651 -1 8646 8653 8651 -1 8650 8649 8654 -1 8654 8655 8650 -1 8656 8657 8648 -1 8648 8647 8656 -1 8658 8659 8660 -1 8660 8661 8658 -1 8656 8653 8662 -1 8662 8660 8656 -1 8662 8661 8660 -1 8653 8646 8663 -1 8663 8662 8653 -1 8646 8645 8663 -1 8645 8644 8664 -1 8664 8663 8645 -1 8664 8665 8662 -1 8662 8663 8664 -1 8666 8667 8654 -1 8654 8649 8666 -1 8666 8668 8669 -1 8669 8670 8666 -1 8669 8671 8670 -1 8669 8672 8671 -1 8668 8666 8649 -1 8649 8648 8668 -1 8662 8665 8658 -1 8658 8661 8662 -1 8668 8652 8651 -1 8651 8669 8668 -1 8651 8672 8669 -1 8651 8653 8672 -1 8647 8650 8671 -1 8671 8672 8647 -1 8656 8647 8672 -1 8672 8653 8656 -1 8667 8666 8670 -1 8670 8673 8667 -1 8670 8671 8673 -1 8652 8657 8664 -1 8664 8643 8652 -1 8664 8644 8643 -1 8657 8659 8665 -1 8665 8664 8657 -1 8659 8658 8665 -1 8673 8655 8654 -1 8654 8667 8673 -1 8652 8668 8648 -1 8648 8657 8652 -1 8660 8659 8657 -1 8657 8656 8660 -1 8650 8655 8673 -1 8673 8671 8650 -1 8674 8675 8676 -1 8676 8677 8674 -1 8678 8679 8680 -1 8680 8681 8678 -1 8682 8683 8674 -1 8674 8677 8682 -1 8677 8684 8682 -1 8681 8680 8685 -1 8685 8686 8681 -1 8687 8688 8679 -1 8679 8678 8687 -1 8689 8690 8691 -1 8691 8692 8689 -1 8687 8684 8693 -1 8693 8691 8687 -1 8693 8692 8691 -1 8684 8677 8694 -1 8694 8693 8684 -1 8677 8676 8694 -1 8676 8675 8695 -1 8695 8694 8676 -1 8695 8696 8693 -1 8693 8694 8695 -1 8697 8698 8685 -1 8685 8680 8697 -1 8697 8699 8700 -1 8700 8701 8697 -1 8700 8702 8701 -1 8700 8703 8702 -1 8699 8697 8680 -1 8680 8679 8699 -1 8693 8696 8689 -1 8689 8692 8693 -1 8699 8683 8682 -1 8682 8700 8699 -1 8682 8703 8700 -1 8682 8684 8703 -1 8678 8681 8702 -1 8702 8703 8678 -1 8687 8678 8703 -1 8703 8684 8687 -1 8698 8697 8701 -1 8701 8704 8698 -1 8701 8702 8704 -1 8683 8688 8695 -1 8695 8674 8683 -1 8695 8675 8674 -1 8688 8690 8696 -1 8696 8695 8688 -1 8690 8689 8696 -1 8704 8686 8685 -1 8685 8698 8704 -1 8683 8699 8679 -1 8679 8688 8683 -1 8691 8690 8688 -1 8688 8687 8691 -1 8681 8686 8704 -1 8704 8702 8681 -1 8705 8706 8707 -1 8706 8705 8708 -1 8708 7988 7925 -1 7988 8708 8705 -1 8705 8709 7988 -1 8709 8705 8710 -1 8709 8710 8711 -1 8712 7928 8015 -1 7928 8712 8707 -1 8707 8712 8713 -1 8713 8712 8714 -1 8706 7928 8707 -1 7928 7988 8015 -1 7988 7928 7925 -1 7925 8706 8708 -1 8706 7925 7928 -1 8712 7988 8709 -1 7988 8712 8015 -1 8710 8707 8713 -1 8707 8710 8705 -1 8711 8713 8714 -1 8713 8711 8710 -1 8709 8714 8712 -1 8714 8709 8711 -1 8715 8716 8717 -1 8717 8718 8715 -1 8718 7927 7979 -1 7979 8715 8718 -1 8715 7979 8719 -1 8719 8720 8715 -1 8719 8721 8720 -1 8722 8017 7929 -1 7929 8716 8722 -1 8716 8723 8722 -1 8723 8724 8722 -1 8717 8716 7929 -1 7927 8718 8717 -1 8717 7929 7927 -1 8722 8719 7979 -1 7979 8017 8722 -1 8720 8723 8716 -1 8716 8715 8720 -1 8721 8724 8723 -1 8723 8720 8721 -1 8719 8722 8724 -1 8724 8721 8719 -1 8725 8726 8727 -1 8727 8728 8725 -1 8727 8729 8730 -1 8730 8728 8727 -1 8731 8732 8733 -1 8733 8734 8731 -1 7981 7980 8735 -1 8735 8736 7981 -1 8737 8738 8739 -1 8739 8740 8737 -1 8739 8741 8740 -1 8741 8735 8740 -1 8741 8010 8735 -1 8010 8736 8735 -1 8738 8742 8743 -1 8743 8739 8738 -1 8734 8733 8730 -1 8730 8729 8734 -1 8744 8745 8734 -1 8734 8729 8744 -1 8729 8727 8744 -1 8727 8726 8744 -1 8746 8747 8748 -1 8748 8749 8746 -1 8749 8750 8746 -1 8749 8751 8750 -1 8751 8752 8750 -1 8751 7975 8752 -1 7975 8731 8752 -1 7975 8753 8731 -1 7975 8754 8753 -1 7975 7974 8754 -1 8731 8745 8752 -1 8731 8734 8745 -1 7974 7976 8754 -1 8751 8755 8013 -1 8013 7975 8751 -1 8755 8756 8013 -1 8756 8757 8013 -1 8757 8758 8013 -1 8758 7981 8013 -1 8755 8759 8756 -1 8758 7980 7981 -1 8759 8738 8760 -1 8760 8756 8759 -1 8738 8761 8760 -1 8738 8762 8761 -1 8738 8737 8762 -1 8763 8764 8749 -1 8749 8748 8763 -1 8013 8765 8012 -1 8765 8013 7981 -1 7981 8736 8765 -1 8742 8766 8767 -1 8767 8768 8742 -1 8768 8769 8742 -1 8769 8743 8742 -1 8764 8763 8770 -1 8770 8771 8764 -1 8771 8772 8764 -1 8771 8773 8772 -1 8773 8774 8772 -1 8773 8765 8774 -1 8765 8775 8774 -1 8765 8776 8775 -1 8765 8777 8776 -1 8765 8736 8777 -1 8775 8766 8774 -1 8775 8767 8766 -1 8736 8010 8777 -1 8773 8778 8012 -1 8012 8765 8773 -1 8778 8779 8012 -1 8779 8780 8012 -1 8780 8781 8012 -1 8781 8016 8012 -1 8778 8782 8779 -1 8781 8004 8016 -1 8782 8783 8784 -1 8784 8779 8782 -1 8783 8785 8784 -1 8783 8786 8785 -1 8783 8787 8786 -1 7974 8016 8004 -1 8004 8788 7974 -1 8788 7976 7974 -1 8788 8789 7976 -1 8789 8788 8790 -1 8790 8725 8789 -1 8790 8787 8783 -1 8783 8725 8790 -1 8783 8726 8725 -1 8783 8744 8726 -1 8016 7974 7975 -1 7975 8012 8016 -1 8755 8751 8772 -1 8772 8774 8755 -1 8764 8772 8751 -1 8751 8749 8764 -1 8757 8756 8791 -1 8791 8792 8757 -1 8793 8758 8757 -1 8757 8792 8793 -1 8794 8795 8796 -1 8796 8797 8794 -1 8797 8798 8794 -1 8797 8799 8798 -1 8799 8739 8798 -1 8799 8741 8739 -1 8735 7980 8758 -1 8758 8793 8735 -1 8756 8760 8800 -1 8800 8791 8756 -1 8759 8755 8774 -1 8774 8766 8759 -1 8782 8745 8744 -1 8744 8783 8782 -1 8770 8763 8748 -1 8748 8747 8770 -1 8742 8738 8759 -1 8759 8766 8742 -1 8773 8771 8746 -1 8746 8750 8773 -1 8771 8770 8747 -1 8747 8746 8771 -1 8778 8752 8745 -1 8745 8782 8778 -1 8773 8750 8752 -1 8752 8778 8773 -1 8796 8795 8767 -1 8767 8775 8796 -1 8010 8741 8799 -1 8799 8777 8010 -1 8777 8799 8797 -1 8797 8776 8777 -1 8795 8794 8768 -1 8768 8767 8795 -1 8797 8796 8775 -1 8775 8776 8797 -1 8768 8794 8798 -1 8798 8769 8768 -1 8798 8739 8743 -1 8743 8769 8798 -1 8787 8790 8801 -1 8801 8786 8787 -1 8801 8802 8785 -1 8785 8786 8801 -1 8803 8804 8805 -1 8805 8802 8803 -1 8802 8806 8803 -1 8802 8801 8806 -1 8801 8788 8806 -1 8801 8790 8788 -1 8805 8784 8785 -1 8785 8802 8805 -1 8803 8780 8779 -1 8779 8804 8803 -1 8753 8754 8807 -1 8807 8808 8753 -1 8806 8788 8004 -1 8004 8781 8806 -1 8804 8779 8784 -1 8784 8805 8804 -1 8754 7976 8789 -1 8789 8807 8754 -1 8753 8808 8732 -1 8732 8731 8753 -1 8803 8806 8781 -1 8781 8780 8803 -1 8730 8733 8732 -1 8732 8808 8730 -1 8808 8728 8730 -1 8808 8807 8728 -1 8807 8725 8728 -1 8807 8789 8725 -1 8792 8791 8800 -1 8800 8809 8792 -1 8809 8793 8792 -1 8809 8810 8793 -1 8810 8735 8793 -1 8810 8740 8735 -1 8762 8737 8740 -1 8740 8810 8762 -1 8809 8761 8762 -1 8762 8810 8809 -1 8760 8761 8809 -1 8809 8800 8760 -1 8811 8812 8813 -1 8813 8814 8811 -1 8813 8815 8814 -1 8816 7989 8817 -1 8817 8818 8816 -1 8819 8820 8821 -1 8821 8822 8819 -1 8823 8824 8825 -1 8825 8826 8823 -1 8827 8828 8829 -1 8829 8830 8827 -1 8831 8832 8820 -1 8820 8819 8831 -1 8833 8834 8819 -1 8819 8822 8833 -1 8829 8815 8813 -1 8813 8835 8829 -1 8836 8837 8838 -1 8838 8839 8836 -1 8840 8841 8842 -1 8842 8843 8840 -1 8844 8836 8845 -1 8845 7954 8844 -1 8846 8847 8848 -1 8848 8849 8846 -1 8829 8828 8814 -1 8814 8815 8829 -1 8818 8817 7950 -1 7950 8850 8818 -1 8851 8827 8830 -1 8830 8852 8851 -1 7983 7952 7950 -1 7950 7989 7983 -1 7950 8817 7989 -1 8853 8854 8825 -1 8825 8824 8853 -1 8855 8856 8857 -1 8857 8858 8855 -1 8839 8859 8860 -1 8860 8861 8839 -1 8862 8859 8839 -1 8839 8838 8862 -1 8833 8822 8854 -1 8854 8853 8833 -1 8834 8863 8831 -1 8831 8819 8834 -1 8818 8850 8832 -1 8832 8831 8818 -1 8862 8851 8852 -1 8852 8859 8862 -1 8823 8826 8864 -1 8864 8849 8823 -1 8849 8848 8823 -1 8865 8847 8846 -1 8846 8866 8865 -1 8867 8855 8858 -1 8858 8868 8867 -1 8869 8867 8868 -1 8868 8870 8869 -1 8825 8854 8871 -1 8871 8872 8825 -1 8836 8839 8861 -1 8861 8845 8836 -1 8863 8816 8818 -1 8818 8831 8863 -1 8830 8873 8874 -1 8874 8852 8830 -1 8856 8840 8843 -1 8843 8857 8856 -1 8854 8822 8821 -1 8821 8871 8854 -1 8866 8869 8870 -1 8870 8865 8866 -1 8830 8829 8835 -1 8835 8873 8830 -1 8812 8875 8874 -1 8874 8873 8812 -1 8873 8835 8812 -1 8835 8813 8812 -1 8841 8840 8856 -1 8856 8855 8841 -1 8855 8876 8841 -1 8855 8867 8876 -1 8867 8877 8876 -1 8867 8869 8877 -1 8869 8878 8877 -1 8869 7955 8878 -1 7955 8860 8878 -1 7955 8861 8860 -1 7955 8845 8861 -1 7955 7953 8845 -1 8860 8875 8878 -1 8860 8874 8875 -1 7953 7954 8845 -1 8869 8866 7951 -1 7951 7955 8869 -1 8866 8820 7951 -1 8820 8832 7951 -1 8832 8850 7951 -1 8850 7952 7951 -1 8866 8846 8820 -1 8850 7950 7952 -1 8846 8849 8821 -1 8821 8820 8846 -1 8849 8871 8821 -1 8849 8872 8871 -1 8849 8864 8872 -1 8852 8874 8860 -1 8860 8859 8852 -1 8826 8825 8872 -1 8872 8864 8826 -1 8844 7990 8837 -1 8837 8836 8844 -1 8812 8811 8879 -1 8879 8875 8812 -1 8877 8878 8880 -1 8880 8881 8877 -1 8875 8879 8880 -1 8880 8878 8875 -1 7952 7983 7984 -1 7984 7951 7952 -1 8848 8847 8833 -1 8833 8853 8848 -1 8853 8824 8848 -1 8824 8823 8848 -1 8858 8857 8843 -1 8843 8842 8858 -1 8842 8868 8858 -1 8842 8882 8868 -1 8882 8870 8868 -1 8882 8881 8870 -1 8881 8865 8870 -1 8881 7984 8865 -1 7984 8834 8865 -1 7984 8863 8834 -1 7984 8816 8863 -1 7984 7983 8816 -1 8834 8847 8865 -1 8834 8833 8847 -1 7983 7989 8816 -1 8881 8880 7993 -1 7993 7984 8881 -1 8880 8862 7993 -1 8862 8838 7993 -1 8838 8837 7993 -1 8837 7991 7993 -1 8880 8879 8862 -1 8837 7990 7991 -1 8879 8811 8851 -1 8851 8862 8879 -1 8811 8827 8851 -1 8811 8828 8827 -1 8811 8814 8828 -1 7990 8844 7954 -1 7954 7953 7990 -1 7953 7991 7990 -1 8841 8876 8882 -1 8882 8842 8841 -1 8876 8877 8881 -1 8881 8882 8876 -1 8883 8884 8885 -1 8884 8883 8886 -1 8887 8885 8888 -1 8885 8887 8883 -1 8889 8888 8890 -1 8888 8889 8887 -1 8891 8890 8892 -1 8890 8891 8889 -1 8893 8892 8894 -1 8892 8893 8891 -1 8895 8893 8894 -1 8893 8895 8896 -1 8897 8896 8895 -1 8896 8897 8898 -1 8899 8886 8883 -1 8886 8899 8900 -1 8901 8883 8887 -1 8883 8901 8899 -1 8902 8887 8889 -1 8887 8902 8901 -1 8903 8889 8891 -1 8889 8903 8902 -1 8904 8891 8893 -1 8891 8904 8903 -1 8896 8904 8893 -1 8904 8896 8905 -1 8898 8905 8896 -1 8905 8898 8906 -1 8899 8907 8900 -1 8907 8899 8908 -1 8901 8908 8899 -1 8908 8901 8909 -1 8902 8909 8901 -1 8909 8902 8910 -1 8903 8910 8902 -1 8910 8903 8911 -1 8904 8911 8903 -1 8911 8904 8912 -1 8905 8912 8904 -1 8912 8905 8913 -1 8906 8913 8905 -1 8913 8906 8914 -1 8908 8915 8907 -1 8915 8908 8916 -1 8909 8916 8908 -1 8916 8909 8917 -1 8910 8917 8909 -1 8917 8910 8918 -1 8911 8918 8910 -1 8918 8911 8919 -1 8912 8919 8911 -1 8919 8912 8920 -1 8913 8920 8912 -1 8920 8913 8921 -1 8914 8921 8913 -1 8921 8914 8922 -1 8916 8923 8915 -1 8923 8916 8924 -1 8917 8924 8916 -1 8924 8917 8925 -1 8918 8925 8917 -1 8925 8918 8926 -1 8919 8926 8918 -1 8926 8919 8927 -1 8920 8927 8919 -1 8927 8920 8928 -1 8921 8928 8920 -1 8928 8921 8929 -1 8922 8929 8921 -1 8929 8922 8930 -1 8924 8931 8923 -1 8931 8924 8932 -1 8925 8932 8924 -1 8932 8925 8933 -1 8926 8933 8925 -1 8933 8926 8934 -1 8927 8934 8926 -1 8934 8927 8935 -1 8928 8935 8927 -1 8935 8928 8936 -1 8937 8928 8929 -1 8928 8937 8936 -1 8938 8929 8930 -1 8929 8938 8937 -1 8932 8939 8931 -1 8939 8932 8940 -1 8933 8940 8932 -1 8940 8933 8941 -1 8934 8941 8933 -1 8941 8934 8942 -1 8935 8942 8934 -1 8942 8935 8943 -1 8936 8943 8935 -1 8943 8936 8944 -1 8945 8936 8937 -1 8936 8945 8944 -1 8946 8937 8938 -1 8937 8946 8945 -1 8940 8947 8939 -1 8947 8940 8948 -1 8941 8948 8940 -1 8948 8941 8949 -1 8942 8949 8941 -1 8949 8942 8950 -1 8943 8950 8942 -1 8950 8943 8951 -1 8944 8951 8943 -1 8951 8944 8952 -1 8953 8944 8945 -1 8944 8953 8952 -1 8954 8945 8946 -1 8945 8954 8953 -1 8955 8948 8956 -1 8948 8955 8947 -1 8956 8949 8957 -1 8949 8956 8948 -1 8957 8950 8958 -1 8950 8957 8949 -1 8958 8951 8959 -1 8951 8958 8950 -1 8959 8952 8960 -1 8952 8959 8951 -1 8961 8952 8953 -1 8952 8961 8960 -1 8962 8953 8954 -1 8953 8962 8961 -1 8963 8956 8964 -1 8956 8963 8955 -1 8964 8957 8965 -1 8957 8964 8956 -1 8965 8958 8966 -1 8958 8965 8957 -1 8966 8959 8967 -1 8959 8966 8958 -1 8967 8960 8968 -1 8960 8967 8959 -1 8969 8960 8961 -1 8960 8969 8968 -1 8970 8961 8962 -1 8961 8970 8969 -1 8963 8971 8972 -1 8971 8963 8964 -1 8964 8973 8971 -1 8973 8964 8965 -1 8965 8974 8973 -1 8974 8965 8966 -1 8966 8975 8974 -1 8975 8966 8967 -1 8967 8976 8975 -1 8976 8967 8968 -1 8977 8968 8969 -1 8968 8977 8976 -1 8978 8969 8970 -1 8969 8978 8977 -1 8972 8979 8980 -1 8979 8972 8971 -1 8971 8981 8979 -1 8981 8971 8973 -1 8973 8982 8981 -1 8982 8973 8974 -1 8974 8983 8982 -1 8983 8974 8975 -1 8975 8984 8983 -1 8984 8975 8976 -1 8984 8977 8985 -1 8977 8984 8976 -1 8985 8978 8986 -1 8978 8985 8977 -1 8980 8987 8988 -1 8987 8980 8979 -1 8979 8989 8987 -1 8989 8979 8981 -1 8981 8990 8989 -1 8990 8981 8982 -1 8982 8991 8990 -1 8991 8982 8983 -1 8983 8992 8991 -1 8992 8983 8984 -1 8992 8985 8993 -1 8985 8992 8984 -1 8993 8986 8994 -1 8986 8993 8985 -1 8988 8995 8996 -1 8995 8988 8987 -1 8987 8997 8995 -1 8997 8987 8989 -1 8989 8998 8997 -1 8998 8989 8990 -1 8990 8999 8998 -1 8999 8990 8991 -1 8991 9000 8999 -1 9000 8991 8992 -1 9000 8993 9001 -1 8993 9000 8992 -1 9001 8994 9002 -1 8994 9001 8993 -1 8995 9003 8996 -1 9003 8995 9004 -1 8997 9004 8995 -1 9004 8997 9005 -1 8998 9005 8997 -1 9005 8998 9006 -1 8999 9006 8998 -1 9006 8999 9007 -1 9000 9007 8999 -1 9007 9000 9008 -1 9008 9001 9009 -1 9001 9008 9000 -1 9009 9002 9010 -1 9002 9009 9001 -1 9004 9011 9003 -1 9011 9004 9012 -1 9005 9012 9004 -1 9012 9005 9013 -1 9006 9013 9005 -1 9013 9006 9014 -1 9007 9014 9006 -1 9014 9007 9015 -1 9008 9015 9007 -1 9015 9008 9016 -1 9016 9009 9017 -1 9009 9016 9008 -1 9017 9010 9018 -1 9010 9017 9009 -1 9012 9019 9011 -1 9019 9012 9020 -1 9013 9020 9012 -1 9020 9013 9021 -1 9014 9021 9013 -1 9021 9014 9022 -1 9015 9022 9014 -1 9022 9015 9023 -1 9016 9023 9015 -1 9023 9016 9024 -1 9016 9025 9024 -1 9025 9016 9017 -1 9017 9026 9025 -1 9026 9017 9018 -1 9020 9027 9019 -1 9027 9020 9028 -1 9021 9028 9020 -1 9028 9021 9029 -1 9022 9029 9021 -1 9029 9022 9030 -1 9023 9030 9022 -1 9030 9023 9031 -1 9024 9031 9023 -1 9031 9024 9032 -1 9024 9033 9032 -1 9033 9024 9025 -1 9025 9034 9033 -1 9034 9025 9026 -1 9028 9035 9027 -1 9035 9028 9036 -1 9029 9036 9028 -1 9036 9029 9037 -1 9030 9037 9029 -1 9037 9030 9038 -1 9031 9038 9030 -1 9038 9031 9039 -1 9032 9039 9031 -1 9039 9032 9040 -1 9032 9041 9040 -1 9041 9032 9033 -1 9033 9042 9041 -1 9042 9033 9034 -1 9036 9043 9035 -1 9043 9036 9044 -1 9037 9044 9036 -1 9044 9037 9045 -1 9038 9045 9037 -1 9045 9038 9046 -1 9039 9046 9038 -1 9046 9039 9047 -1 9040 9047 9039 -1 9047 9040 9048 -1 9040 9049 9048 -1 9049 9040 9041 -1 9041 9050 9049 -1 9050 9041 9042 -1 8886 9051 8884 -1 9051 8886 9052 -1 9052 8886 9053 -1 9052 9054 9051 -1 8900 9053 8886 -1 9053 8900 9055 -1 9055 8900 9056 -1 9055 9052 9053 -1 9056 9057 9055 -1 9057 9056 9058 -1 9058 9056 8900 -1 9058 8900 8907 -1 9058 9059 9057 -1 9059 9058 9060 -1 9060 9058 8907 -1 9060 8907 8915 -1 9060 9061 9059 -1 9061 9060 9062 -1 9062 9060 8915 -1 9062 8915 8923 -1 9062 9063 9061 -1 9063 9062 9064 -1 9064 9062 8923 -1 9064 8923 8931 -1 9064 9065 9063 -1 9065 9064 9066 -1 9066 9064 8931 -1 9066 8931 8939 -1 9066 9067 9065 -1 9067 9066 9068 -1 9068 9066 8939 -1 9068 8939 8947 -1 9067 9069 9070 -1 9069 9067 8955 -1 8955 9067 8947 -1 8947 9067 9068 -1 9070 9071 9072 -1 9071 9070 8963 -1 8963 9070 8955 -1 8955 9070 9069 -1 9072 9073 9074 -1 9073 9072 8972 -1 8972 9072 8963 -1 8963 9072 9071 -1 9075 8980 9076 -1 8980 9075 8972 -1 8972 9075 9074 -1 8972 9074 9073 -1 9075 9076 9077 -1 9077 8988 9078 -1 8988 9077 8980 -1 8980 9077 9076 -1 9079 8897 9080 -1 8897 9079 9081 -1 8897 9081 8898 -1 8898 9081 9050 -1 8898 9050 8906 -1 8906 9050 9042 -1 8906 9042 8914 -1 8914 9042 9034 -1 8914 9034 8922 -1 8922 9034 9026 -1 8922 9026 8930 -1 8930 9026 9018 -1 8930 9018 8938 -1 8938 9018 9010 -1 8938 9010 8946 -1 8946 9010 9002 -1 8946 9002 8954 -1 8954 9002 8994 -1 8954 8994 8962 -1 8962 8994 8986 -1 8962 8986 8970 -1 8970 8986 8978 -1 9077 9078 9082 -1 9082 8996 9083 -1 8996 9082 8988 -1 8988 9082 9078 -1 9083 9084 9082 -1 9084 9083 9085 -1 9085 9083 8996 -1 9085 8996 9003 -1 9085 9086 9084 -1 9086 9085 9087 -1 9087 9085 9003 -1 9087 9003 9011 -1 9087 9088 9086 -1 9088 9087 9089 -1 9089 9087 9011 -1 9089 9011 9019 -1 9089 9090 9088 -1 9090 9089 9091 -1 9091 9089 9019 -1 9091 9019 9027 -1 9091 9092 9090 -1 9092 9091 9093 -1 9093 9091 9027 -1 9093 9027 9035 -1 9093 9094 9092 -1 9094 9093 9095 -1 9095 9093 9035 -1 9095 9035 9043 -1 9096 9095 9043 -1 9095 9096 9094 -1 9094 9096 9097 -1 9094 9097 9098 -1 9099 9097 9096 -1 9097 9099 9098 -1 9098 9099 9100 -1 9098 9100 9101 -1 9102 9100 9099 -1 9100 9102 9101 -1 9101 9102 9103 -1 9103 9102 9104 -1 8885 9102 9105 -1 9102 8885 8884 -1 8888 9105 9106 -1 9105 8888 8885 -1 8890 9106 9107 -1 9106 8890 8888 -1 8892 9107 9108 -1 9107 8892 8890 -1 8894 9108 9109 -1 9108 8894 8892 -1 9110 8894 9109 -1 8894 9110 8895 -1 9080 8895 9110 -1 8895 9080 8897 -1 8884 9104 9102 -1 9104 8884 9103 -1 9103 8884 9054 -1 9054 8884 9051 -1 9044 9096 9043 -1 9096 9044 9111 -1 9045 9111 9044 -1 9111 9045 9112 -1 9046 9112 9045 -1 9112 9046 9113 -1 9047 9113 9046 -1 9113 9047 9114 -1 9048 9114 9047 -1 9114 9048 9115 -1 9048 9116 9115 -1 9116 9048 9049 -1 9049 9081 9116 -1 9081 9049 9050 -1 9111 9099 9096 -1 9099 9111 9117 -1 9112 9117 9111 -1 9117 9112 9118 -1 9113 9118 9112 -1 9118 9113 9119 -1 9114 9119 9113 -1 9119 9114 9120 -1 9115 9120 9114 -1 9120 9115 9121 -1 9115 9122 9121 -1 9122 9115 9116 -1 9116 9079 9122 -1 9079 9116 9081 -1 9122 9080 9110 -1 9080 9122 9079 -1 9119 9106 9118 -1 9106 9119 9107 -1 9118 9105 9117 -1 9105 9118 9106 -1 9120 9107 9119 -1 9107 9120 9108 -1 9117 9102 9099 -1 9102 9117 9105 -1 9121 9108 9120 -1 9108 9121 9109 -1 9121 9110 9109 -1 9110 9121 9122 -1 9123 9124 9125 -1 9124 9123 9126 -1 9052 9125 9054 -1 9125 9052 9123 -1 9127 9128 9129 -1 9128 9127 9130 -1 9131 9127 9129 -1 9127 9131 9132 -1 9133 9134 9135 -1 9134 9133 9136 -1 9137 9135 9126 -1 9135 9137 9133 -1 9138 9126 9123 -1 9126 9138 9137 -1 9055 9123 9052 -1 9123 9055 9138 -1 9127 9139 9130 -1 9139 9127 9140 -1 9132 9140 9127 -1 9140 9132 9141 -1 9133 9142 9136 -1 9142 9133 9143 -1 9137 9143 9133 -1 9143 9137 9144 -1 9138 9144 9137 -1 9144 9138 9145 -1 9055 9145 9138 -1 9145 9055 9057 -1 9140 9146 9139 -1 9146 9140 9147 -1 9141 9147 9140 -1 9147 9141 9148 -1 9143 9149 9142 -1 9149 9143 9150 -1 9144 9150 9143 -1 9150 9144 9151 -1 9145 9151 9144 -1 9151 9145 9152 -1 9057 9152 9145 -1 9152 9057 9059 -1 9147 9153 9146 -1 9153 9147 9154 -1 9148 9154 9147 -1 9154 9148 9155 -1 9150 9156 9149 -1 9156 9150 9157 -1 9151 9157 9150 -1 9157 9151 9158 -1 9152 9158 9151 -1 9158 9152 9159 -1 9059 9159 9152 -1 9159 9059 9061 -1 9154 9160 9153 -1 9160 9154 9161 -1 9155 9161 9154 -1 9161 9155 9162 -1 9157 9163 9156 -1 9163 9157 9164 -1 9158 9164 9157 -1 9164 9158 9165 -1 9159 9165 9158 -1 9165 9159 9166 -1 9061 9166 9159 -1 9166 9061 9063 -1 9161 9167 9160 -1 9167 9161 9168 -1 9169 9161 9162 -1 9161 9169 9168 -1 9164 9170 9163 -1 9170 9164 9171 -1 9165 9171 9164 -1 9171 9165 9172 -1 9166 9172 9165 -1 9172 9166 9173 -1 9063 9173 9166 -1 9173 9063 9065 -1 9168 9174 9167 -1 9174 9168 9175 -1 9176 9168 9169 -1 9168 9176 9175 -1 9171 9177 9170 -1 9177 9171 9178 -1 9172 9178 9171 -1 9178 9172 9179 -1 9173 9179 9172 -1 9179 9173 9180 -1 9065 9180 9173 -1 9180 9065 9067 -1 9174 9181 9182 -1 9181 9174 9175 -1 9183 9175 9176 -1 9175 9183 9181 -1 9177 9184 9185 -1 9184 9177 9178 -1 9184 9179 9186 -1 9179 9184 9178 -1 9186 9180 9187 -1 9180 9186 9179 -1 9187 9067 9070 -1 9067 9187 9180 -1 9182 9188 9189 -1 9188 9182 9181 -1 9190 9181 9183 -1 9181 9190 9188 -1 9185 9191 9192 -1 9191 9185 9184 -1 9191 9186 9193 -1 9186 9191 9184 -1 9193 9187 9194 -1 9187 9193 9186 -1 9194 9070 9072 -1 9070 9194 9187 -1 9189 9195 9196 -1 9195 9189 9188 -1 9188 9197 9195 -1 9197 9188 9190 -1 9192 9198 9199 -1 9198 9192 9191 -1 9191 9200 9198 -1 9200 9191 9193 -1 9193 9201 9200 -1 9201 9193 9194 -1 9194 9074 9201 -1 9074 9194 9072 -1 9196 9202 9203 -1 9202 9196 9195 -1 9195 9204 9202 -1 9204 9195 9197 -1 9199 9205 9206 -1 9205 9199 9198 -1 9198 9207 9205 -1 9207 9198 9200 -1 9200 9208 9207 -1 9208 9200 9201 -1 9201 9075 9208 -1 9075 9201 9074 -1 9203 9209 9210 -1 9209 9203 9202 -1 9209 9204 9211 -1 9204 9209 9202 -1 9206 9212 9213 -1 9212 9206 9205 -1 9205 9214 9212 -1 9214 9205 9207 -1 9207 9215 9214 -1 9215 9207 9208 -1 9208 9077 9215 -1 9077 9208 9075 -1 9210 9216 9217 -1 9216 9210 9209 -1 9216 9211 9218 -1 9211 9216 9209 -1 9213 9219 9220 -1 9219 9213 9212 -1 9212 9221 9219 -1 9221 9212 9214 -1 9214 9222 9221 -1 9222 9214 9215 -1 9215 9082 9222 -1 9082 9215 9077 -1 9216 9223 9217 -1 9223 9216 9224 -1 9224 9218 9225 -1 9218 9224 9216 -1 9219 9226 9220 -1 9226 9219 9227 -1 9221 9227 9219 -1 9227 9221 9228 -1 9222 9228 9221 -1 9228 9222 9229 -1 9082 9229 9222 -1 9229 9082 9084 -1 9224 9230 9223 -1 9230 9224 9231 -1 9231 9225 9232 -1 9225 9231 9224 -1 9227 9233 9226 -1 9233 9227 9234 -1 9228 9234 9227 -1 9234 9228 9235 -1 9229 9235 9228 -1 9235 9229 9236 -1 9084 9236 9229 -1 9236 9084 9086 -1 9231 9237 9230 -1 9237 9231 9238 -1 9232 9238 9231 -1 9238 9232 9239 -1 9234 9240 9233 -1 9240 9234 9241 -1 9235 9241 9234 -1 9241 9235 9242 -1 9236 9242 9235 -1 9242 9236 9243 -1 9086 9243 9236 -1 9243 9086 9088 -1 9238 9244 9237 -1 9244 9238 9245 -1 9239 9245 9238 -1 9245 9239 9246 -1 9241 9247 9240 -1 9247 9241 9248 -1 9242 9248 9241 -1 9248 9242 9249 -1 9243 9249 9242 -1 9249 9243 9250 -1 9088 9250 9243 -1 9250 9088 9090 -1 9245 9251 9244 -1 9251 9245 9252 -1 9245 9253 9252 -1 9253 9245 9246 -1 9248 9254 9247 -1 9254 9248 9255 -1 9249 9255 9248 -1 9255 9249 9256 -1 9250 9256 9249 -1 9256 9250 9257 -1 9090 9257 9250 -1 9257 9090 9092 -1 9252 9258 9251 -1 9258 9252 9259 -1 9252 9260 9259 -1 9260 9252 9253 -1 9255 9261 9254 -1 9261 9255 9262 -1 9256 9262 9255 -1 9262 9256 9263 -1 9257 9263 9256 -1 9263 9257 9264 -1 9092 9264 9257 -1 9264 9092 9094 -1 9265 9258 9259 -1 9258 9265 9266 -1 9259 9267 9265 -1 9267 9259 9260 -1 9268 9261 9262 -1 9261 9268 9269 -1 9263 9268 9262 -1 9268 9263 9270 -1 9264 9270 9263 -1 9270 9264 9271 -1 9272 9273 9274 -1 9273 9272 9275 -1 9275 9272 9267 -1 9275 9267 9269 -1 9269 9267 9260 -1 9269 9260 9261 -1 9261 9260 9253 -1 9261 9253 9254 -1 9254 9253 9246 -1 9254 9246 9247 -1 9247 9246 9239 -1 9247 9239 9240 -1 9240 9239 9233 -1 9233 9239 9232 -1 9233 9232 9226 -1 9226 9232 9225 -1 9226 9225 9220 -1 9220 9225 9218 -1 9220 9218 9213 -1 9213 9218 9211 -1 9213 9211 9206 -1 9206 9211 9204 -1 9206 9204 9199 -1 9199 9204 9197 -1 9273 9276 9274 -1 9276 9273 9277 -1 9276 9277 9131 -1 9131 9277 9134 -1 9131 9134 9132 -1 9132 9134 9136 -1 9132 9136 9141 -1 9141 9136 9142 -1 9141 9142 9148 -1 9148 9142 9149 -1 9148 9149 9155 -1 9155 9149 9156 -1 9155 9156 9163 -1 9155 9163 9162 -1 9162 9163 9170 -1 9162 9170 9169 -1 9169 9170 9177 -1 9169 9177 9176 -1 9176 9177 9185 -1 9176 9185 9183 -1 9183 9185 9192 -1 9183 9192 9190 -1 9190 9192 9199 -1 9190 9199 9197 -1 9278 9279 9280 -1 9279 9278 9281 -1 9276 9280 9274 -1 9280 9276 9278 -1 9282 9273 9283 -1 9273 9282 9277 -1 9124 9283 9284 -1 9283 9124 9282 -1 9125 9284 9285 -1 9284 9125 9124 -1 9054 9285 9103 -1 9285 9054 9125 -1 9129 9281 9278 -1 9281 9129 9128 -1 9276 9129 9278 -1 9129 9276 9131 -1 9135 9277 9282 -1 9277 9135 9134 -1 9126 9282 9124 -1 9282 9126 9135 -1 9286 9266 9265 -1 9266 9286 9287 -1 9265 9272 9286 -1 9272 9265 9267 -1 9288 9269 9268 -1 9269 9288 9275 -1 9270 9288 9268 -1 9288 9270 9289 -1 9271 9289 9270 -1 9289 9271 9290 -1 9098 9290 9271 -1 9290 9098 9101 -1 9283 9275 9288 -1 9275 9283 9273 -1 9272 9280 9286 -1 9280 9272 9274 -1 9290 9284 9289 -1 9284 9290 9285 -1 9289 9283 9288 -1 9283 9289 9284 -1 9280 9287 9286 -1 9287 9280 9279 -1 9101 9285 9290 -1 9285 9101 9103 -1 9094 9271 9264 -1 9271 9094 9098 -1 9291 9292 9293 -1 9292 9291 9294 -1 9295 9296 9297 -1 9296 9295 9298 -1 9299 9297 9300 -1 9297 9299 9295 -1 9301 9299 9300 -1 9299 9301 9302 -1 9303 9294 9291 -1 9294 9303 9304 -1 9305 9298 9295 -1 9298 9305 9306 -1 9299 9305 9295 -1 9305 9299 9307 -1 9302 9307 9299 -1 9307 9302 9308 -1 9303 9309 9304 -1 9309 9303 9310 -1 9305 9311 9306 -1 9311 9305 9312 -1 9307 9312 9305 -1 9312 9307 9313 -1 9308 9313 9307 -1 9313 9308 9314 -1 9310 9315 9309 -1 9315 9310 9316 -1 9312 9317 9311 -1 9317 9312 9318 -1 9313 9318 9312 -1 9318 9313 9319 -1 9314 9319 9313 -1 9319 9314 9320 -1 9316 9321 9315 -1 9321 9316 9322 -1 9318 9323 9317 -1 9323 9318 9324 -1 9319 9324 9318 -1 9324 9319 9325 -1 9320 9325 9319 -1 9325 9320 9326 -1 9322 9327 9321 -1 9327 9322 9328 -1 9324 9329 9323 -1 9329 9324 9330 -1 9325 9330 9324 -1 9330 9325 9331 -1 9332 9325 9326 -1 9325 9332 9331 -1 9328 9333 9327 -1 9333 9328 9334 -1 9330 9335 9329 -1 9335 9330 9336 -1 9331 9336 9330 -1 9336 9331 9337 -1 9338 9331 9332 -1 9331 9338 9337 -1 9334 9339 9333 -1 9339 9334 9340 -1 9336 9341 9335 -1 9341 9336 9342 -1 9343 9336 9337 -1 9336 9343 9342 -1 9344 9337 9338 -1 9337 9344 9343 -1 9339 9345 9346 -1 9345 9339 9340 -1 9347 9342 9348 -1 9342 9347 9341 -1 9349 9342 9343 -1 9342 9349 9348 -1 9350 9343 9344 -1 9343 9350 9349 -1 9346 9351 9352 -1 9351 9346 9345 -1 9353 9348 9354 -1 9348 9353 9347 -1 9354 9349 9355 -1 9349 9354 9348 -1 9356 9349 9350 -1 9349 9356 9355 -1 9352 9357 9358 -1 9357 9352 9351 -1 9353 9359 9360 -1 9359 9353 9354 -1 9354 9361 9359 -1 9361 9354 9355 -1 9362 9355 9356 -1 9355 9362 9361 -1 9363 9357 9364 -1 9357 9363 9358 -1 9360 9365 9366 -1 9365 9360 9359 -1 9359 9367 9365 -1 9367 9359 9361 -1 9367 9362 9368 -1 9362 9367 9361 -1 9363 9369 9370 -1 9369 9363 9364 -1 9366 9371 9372 -1 9371 9366 9365 -1 9365 9373 9371 -1 9373 9365 9367 -1 9373 9368 9374 -1 9368 9373 9367 -1 9370 9375 9376 -1 9375 9370 9369 -1 9372 9377 9378 -1 9377 9372 9371 -1 9377 9373 9379 -1 9373 9377 9371 -1 9379 9374 9380 -1 9374 9379 9373 -1 9375 9381 9376 -1 9381 9375 9382 -1 9377 9383 9378 -1 9383 9377 9384 -1 9384 9379 9385 -1 9379 9384 9377 -1 9385 9380 9386 -1 9380 9385 9379 -1 9382 9387 9381 -1 9387 9382 9388 -1 9384 9389 9383 -1 9389 9384 9390 -1 9385 9390 9384 -1 9390 9385 9391 -1 9391 9386 9392 -1 9386 9391 9385 -1 9388 9393 9387 -1 9393 9388 9394 -1 9390 9395 9389 -1 9395 9390 9396 -1 9391 9396 9390 -1 9396 9391 9397 -1 9391 9398 9397 -1 9398 9391 9392 -1 9394 9399 9393 -1 9399 9394 9400 -1 9396 9401 9395 -1 9401 9396 9402 -1 9397 9402 9396 -1 9402 9397 9403 -1 9397 9404 9403 -1 9404 9397 9398 -1 9400 9405 9399 -1 9405 9400 9406 -1 9402 9407 9401 -1 9407 9402 9408 -1 9403 9408 9402 -1 9408 9403 9409 -1 9403 9410 9409 -1 9410 9403 9404 -1 9406 9411 9405 -1 9411 9406 9412 -1 9408 9413 9407 -1 9413 9408 9414 -1 9408 9415 9414 -1 9415 9408 9409 -1 9409 9416 9415 -1 9416 9409 9410 -1 9417 9301 9418 -1 9301 9417 9419 -1 9301 9419 9279 -1 9279 9419 9287 -1 9287 9419 9266 -1 9266 9419 9416 -1 9266 9416 9258 -1 9258 9416 9410 -1 9258 9410 9251 -1 9251 9410 9404 -1 9251 9404 9244 -1 9244 9404 9398 -1 9244 9398 9237 -1 9237 9398 9392 -1 9237 9392 9230 -1 9230 9392 9223 -1 9223 9392 9386 -1 9223 9386 9217 -1 9217 9386 9380 -1 9217 9380 9210 -1 9210 9380 9374 -1 9210 9374 9203 -1 9203 9374 9368 -1 9203 9368 9196 -1 9279 9302 9301 -1 9302 9279 9281 -1 9302 9281 9128 -1 9302 9128 9308 -1 9308 9128 9130 -1 9308 9130 9314 -1 9314 9130 9139 -1 9314 9139 9320 -1 9320 9139 9146 -1 9320 9146 9326 -1 9326 9146 9153 -1 9326 9153 9160 -1 9326 9160 9332 -1 9332 9160 9167 -1 9332 9167 9338 -1 9338 9167 9174 -1 9338 9174 9344 -1 9344 9174 9182 -1 9344 9182 9350 -1 9350 9182 9189 -1 9350 9189 9356 -1 9356 9189 9196 -1 9356 9196 9368 -1 9356 9368 9362 -1 9420 9293 9421 -1 9293 9420 9422 -1 9422 9420 9423 -1 9423 9420 9424 -1 9423 9424 9425 -1 9425 9424 9412 -1 9425 9412 9413 -1 9413 9412 9406 -1 9413 9406 9407 -1 9407 9406 9400 -1 9407 9400 9401 -1 9401 9400 9394 -1 9401 9394 9395 -1 9395 9394 9388 -1 9395 9388 9389 -1 9389 9388 9383 -1 9383 9388 9382 -1 9383 9382 9378 -1 9378 9382 9375 -1 9378 9375 9372 -1 9372 9375 9369 -1 9372 9369 9366 -1 9366 9369 9364 -1 9366 9364 9360 -1 9293 9296 9291 -1 9296 9293 9422 -1 9291 9296 9298 -1 9291 9298 9303 -1 9303 9298 9306 -1 9303 9306 9310 -1 9310 9306 9311 -1 9310 9311 9316 -1 9316 9311 9317 -1 9316 9317 9322 -1 9322 9317 9323 -1 9322 9323 9329 -1 9322 9329 9328 -1 9328 9329 9335 -1 9328 9335 9334 -1 9334 9335 9341 -1 9334 9341 9340 -1 9340 9341 9347 -1 9340 9347 9345 -1 9345 9347 9353 -1 9345 9353 9351 -1 9351 9353 9360 -1 9351 9360 9364 -1 9351 9364 9357 -1 9293 9426 9421 -1 9426 9293 9292 -1 9297 9422 9427 -1 9422 9297 9296 -1 9300 9427 9428 -1 9427 9300 9297 -1 9418 9300 9428 -1 9300 9418 9301 -1 9424 9411 9412 -1 9411 9424 9429 -1 9414 9425 9413 -1 9425 9414 9430 -1 9414 9431 9430 -1 9431 9414 9415 -1 9415 9419 9431 -1 9419 9415 9416 -1 9420 9429 9424 -1 9429 9420 9432 -1 9430 9423 9425 -1 9423 9430 9433 -1 9431 9433 9430 -1 9433 9431 9434 -1 9431 9417 9434 -1 9417 9431 9419 -1 9433 9422 9423 -1 9422 9433 9427 -1 9421 9432 9420 -1 9432 9421 9426 -1 9292 9432 9426 -1 9432 9292 9429 -1 9429 9292 9294 -1 9429 9294 9411 -1 9411 9294 9304 -1 9411 9304 9405 -1 9405 9304 9309 -1 9405 9309 9399 -1 9399 9309 9315 -1 9399 9315 9393 -1 9393 9315 9321 -1 9393 9321 9387 -1 9387 9321 9327 -1 9387 9327 9381 -1 9381 9327 9333 -1 9381 9333 9376 -1 9376 9333 9339 -1 9376 9339 9370 -1 9370 9339 9346 -1 9370 9346 9363 -1 9363 9346 9352 -1 9363 9352 9358 -1 9434 9418 9428 -1 9418 9434 9417 -1 9434 9427 9433 -1 9427 9434 9428 -1 9435 9436 9437 -1 9436 9435 9438 -1 9439 9437 9440 -1 9437 9439 9435 -1 9441 9440 9442 -1 9440 9441 9439 -1 9443 9442 9444 -1 9442 9443 9441 -1 9445 9444 9446 -1 9444 9445 9443 -1 9447 9445 9446 -1 9445 9447 9448 -1 9449 9448 9447 -1 9448 9449 9450 -1 9451 9438 9435 -1 9438 9451 9452 -1 9453 9435 9439 -1 9435 9453 9451 -1 9454 9439 9441 -1 9439 9454 9453 -1 9455 9441 9443 -1 9441 9455 9454 -1 9456 9443 9445 -1 9443 9456 9455 -1 9448 9456 9445 -1 9456 9448 9457 -1 9450 9457 9448 -1 9457 9450 9458 -1 9451 9459 9452 -1 9459 9451 9460 -1 9453 9460 9451 -1 9460 9453 9461 -1 9454 9461 9453 -1 9461 9454 9462 -1 9455 9462 9454 -1 9462 9455 9463 -1 9456 9463 9455 -1 9463 9456 9464 -1 9457 9464 9456 -1 9464 9457 9465 -1 9458 9465 9457 -1 9465 9458 9466 -1 9460 9467 9459 -1 9467 9460 9468 -1 9461 9468 9460 -1 9468 9461 9469 -1 9462 9469 9461 -1 9469 9462 9470 -1 9463 9470 9462 -1 9470 9463 9471 -1 9464 9471 9463 -1 9471 9464 9472 -1 9465 9472 9464 -1 9472 9465 9473 -1 9466 9473 9465 -1 9473 9466 9474 -1 9468 9475 9467 -1 9475 9468 9476 -1 9469 9476 9468 -1 9476 9469 9477 -1 9470 9477 9469 -1 9477 9470 9478 -1 9471 9478 9470 -1 9478 9471 9479 -1 9472 9479 9471 -1 9479 9472 9480 -1 9473 9480 9472 -1 9480 9473 9481 -1 9474 9481 9473 -1 9481 9474 9482 -1 9476 9483 9475 -1 9483 9476 9484 -1 9477 9484 9476 -1 9484 9477 9485 -1 9478 9485 9477 -1 9485 9478 9486 -1 9479 9486 9478 -1 9486 9479 9487 -1 9480 9487 9479 -1 9487 9480 9488 -1 9489 9480 9481 -1 9480 9489 9488 -1 9490 9481 9482 -1 9481 9490 9489 -1 9484 9491 9483 -1 9491 9484 9492 -1 9485 9492 9484 -1 9492 9485 9493 -1 9486 9493 9485 -1 9493 9486 9494 -1 9487 9494 9486 -1 9494 9487 9495 -1 9488 9495 9487 -1 9495 9488 9496 -1 9497 9488 9489 -1 9488 9497 9496 -1 9498 9489 9490 -1 9489 9498 9497 -1 9492 9499 9491 -1 9499 9492 9500 -1 9493 9500 9492 -1 9500 9493 9501 -1 9494 9501 9493 -1 9501 9494 9502 -1 9495 9502 9494 -1 9502 9495 9503 -1 9496 9503 9495 -1 9503 9496 9504 -1 9505 9496 9497 -1 9496 9505 9504 -1 9506 9497 9498 -1 9497 9506 9505 -1 9507 9500 9508 -1 9500 9507 9499 -1 9508 9501 9509 -1 9501 9508 9500 -1 9509 9502 9510 -1 9502 9509 9501 -1 9510 9503 9511 -1 9503 9510 9502 -1 9511 9504 9512 -1 9504 9511 9503 -1 9513 9504 9505 -1 9504 9513 9512 -1 9514 9505 9506 -1 9505 9514 9513 -1 9515 9508 9516 -1 9508 9515 9507 -1 9516 9509 9517 -1 9509 9516 9508 -1 9517 9510 9518 -1 9510 9517 9509 -1 9518 9511 9519 -1 9511 9518 9510 -1 9519 9512 9520 -1 9512 9519 9511 -1 9521 9512 9513 -1 9512 9521 9520 -1 9522 9513 9514 -1 9513 9522 9521 -1 9515 9523 9524 -1 9523 9515 9516 -1 9516 9525 9523 -1 9525 9516 9517 -1 9517 9526 9525 -1 9526 9517 9518 -1 9518 9527 9526 -1 9527 9518 9519 -1 9519 9528 9527 -1 9528 9519 9520 -1 9529 9520 9521 -1 9520 9529 9528 -1 9530 9521 9522 -1 9521 9530 9529 -1 9524 9531 9532 -1 9531 9524 9523 -1 9523 9533 9531 -1 9533 9523 9525 -1 9525 9534 9533 -1 9534 9525 9526 -1 9526 9535 9534 -1 9535 9526 9527 -1 9527 9536 9535 -1 9536 9527 9528 -1 9536 9529 9537 -1 9529 9536 9528 -1 9537 9530 9538 -1 9530 9537 9529 -1 9532 9539 9540 -1 9539 9532 9531 -1 9531 9541 9539 -1 9541 9531 9533 -1 9533 9542 9541 -1 9542 9533 9534 -1 9534 9543 9542 -1 9543 9534 9535 -1 9535 9544 9543 -1 9544 9535 9536 -1 9544 9537 9545 -1 9537 9544 9536 -1 9545 9538 9546 -1 9538 9545 9537 -1 9540 9547 9548 -1 9547 9540 9539 -1 9539 9549 9547 -1 9549 9539 9541 -1 9541 9550 9549 -1 9550 9541 9542 -1 9542 9551 9550 -1 9551 9542 9543 -1 9543 9552 9551 -1 9552 9543 9544 -1 9552 9545 9553 -1 9545 9552 9544 -1 9553 9546 9554 -1 9546 9553 9545 -1 9547 9555 9548 -1 9555 9547 9556 -1 9549 9556 9547 -1 9556 9549 9557 -1 9550 9557 9549 -1 9557 9550 9558 -1 9551 9558 9550 -1 9558 9551 9559 -1 9552 9559 9551 -1 9559 9552 9560 -1 9560 9553 9561 -1 9553 9560 9552 -1 9561 9554 9562 -1 9554 9561 9553 -1 9556 9563 9555 -1 9563 9556 9564 -1 9557 9564 9556 -1 9564 9557 9565 -1 9558 9565 9557 -1 9565 9558 9566 -1 9559 9566 9558 -1 9566 9559 9567 -1 9560 9567 9559 -1 9567 9560 9568 -1 9568 9561 9569 -1 9561 9568 9560 -1 9569 9562 9570 -1 9562 9569 9561 -1 9564 9571 9563 -1 9571 9564 9572 -1 9565 9572 9564 -1 9572 9565 9573 -1 9566 9573 9565 -1 9573 9566 9574 -1 9567 9574 9566 -1 9574 9567 9575 -1 9568 9575 9567 -1 9575 9568 9576 -1 9568 9577 9576 -1 9577 9568 9569 -1 9569 9578 9577 -1 9578 9569 9570 -1 9572 9579 9571 -1 9579 9572 9580 -1 9573 9580 9572 -1 9580 9573 9581 -1 9574 9581 9573 -1 9581 9574 9582 -1 9575 9582 9574 -1 9582 9575 9583 -1 9576 9583 9575 -1 9583 9576 9584 -1 9576 9585 9584 -1 9585 9576 9577 -1 9577 9586 9585 -1 9586 9577 9578 -1 9580 9587 9579 -1 9587 9580 9588 -1 9581 9588 9580 -1 9588 9581 9589 -1 9582 9589 9581 -1 9589 9582 9590 -1 9583 9590 9582 -1 9590 9583 9591 -1 9584 9591 9583 -1 9591 9584 9592 -1 9584 9593 9592 -1 9593 9584 9585 -1 9585 9594 9593 -1 9594 9585 9586 -1 9588 9595 9587 -1 9595 9588 9596 -1 9589 9596 9588 -1 9596 9589 9597 -1 9590 9597 9589 -1 9597 9590 9598 -1 9591 9598 9590 -1 9598 9591 9599 -1 9592 9599 9591 -1 9599 9592 9600 -1 9592 9601 9600 -1 9601 9592 9593 -1 9593 9602 9601 -1 9602 9593 9594 -1 9438 9603 9436 -1 9603 9438 9604 -1 9604 9438 9605 -1 9604 9606 9603 -1 9452 9605 9438 -1 9605 9452 9607 -1 9607 9452 9608 -1 9607 9604 9605 -1 9608 9609 9607 -1 9609 9608 9610 -1 9610 9608 9452 -1 9610 9452 9459 -1 9610 9611 9609 -1 9611 9610 9612 -1 9612 9610 9459 -1 9612 9459 9467 -1 9612 9613 9611 -1 9613 9612 9614 -1 9614 9612 9467 -1 9614 9467 9475 -1 9614 9615 9613 -1 9615 9614 9616 -1 9616 9614 9475 -1 9616 9475 9483 -1 9616 9617 9615 -1 9617 9616 9618 -1 9618 9616 9483 -1 9618 9483 9491 -1 9618 9619 9617 -1 9619 9618 9620 -1 9620 9618 9491 -1 9620 9491 9499 -1 9619 9621 9622 -1 9621 9619 9507 -1 9507 9619 9499 -1 9499 9619 9620 -1 9622 9623 9624 -1 9623 9622 9515 -1 9515 9622 9507 -1 9507 9622 9621 -1 9624 9625 9626 -1 9625 9624 9524 -1 9524 9624 9515 -1 9515 9624 9623 -1 9627 9532 9628 -1 9532 9627 9524 -1 9524 9627 9626 -1 9524 9626 9625 -1 9627 9628 9629 -1 9629 9540 9630 -1 9540 9629 9532 -1 9532 9629 9628 -1 9631 9449 9632 -1 9449 9631 9633 -1 9449 9633 9450 -1 9450 9633 9602 -1 9450 9602 9458 -1 9458 9602 9594 -1 9458 9594 9466 -1 9466 9594 9586 -1 9466 9586 9474 -1 9474 9586 9578 -1 9474 9578 9482 -1 9482 9578 9570 -1 9482 9570 9490 -1 9490 9570 9562 -1 9490 9562 9498 -1 9498 9562 9554 -1 9498 9554 9506 -1 9506 9554 9546 -1 9506 9546 9514 -1 9514 9546 9538 -1 9514 9538 9522 -1 9522 9538 9530 -1 9629 9630 9634 -1 9634 9548 9635 -1 9548 9634 9540 -1 9540 9634 9630 -1 9635 9636 9634 -1 9636 9635 9637 -1 9637 9635 9548 -1 9637 9548 9555 -1 9637 9638 9636 -1 9638 9637 9639 -1 9639 9637 9555 -1 9639 9555 9563 -1 9639 9640 9638 -1 9640 9639 9641 -1 9641 9639 9563 -1 9641 9563 9571 -1 9641 9642 9640 -1 9642 9641 9643 -1 9643 9641 9571 -1 9643 9571 9579 -1 9643 9644 9642 -1 9644 9643 9645 -1 9645 9643 9579 -1 9645 9579 9587 -1 9645 9646 9644 -1 9646 9645 9647 -1 9647 9645 9587 -1 9647 9587 9595 -1 9648 9647 9595 -1 9647 9648 9646 -1 9646 9648 9649 -1 9646 9649 9650 -1 9651 9649 9648 -1 9649 9651 9650 -1 9650 9651 9652 -1 9650 9652 9653 -1 9654 9652 9651 -1 9652 9654 9653 -1 9653 9654 9655 -1 9655 9654 9656 -1 9437 9654 9657 -1 9654 9437 9436 -1 9440 9657 9658 -1 9657 9440 9437 -1 9442 9658 9659 -1 9658 9442 9440 -1 9444 9659 9660 -1 9659 9444 9442 -1 9446 9660 9661 -1 9660 9446 9444 -1 9662 9446 9661 -1 9446 9662 9447 -1 9632 9447 9662 -1 9447 9632 9449 -1 9436 9656 9654 -1 9656 9436 9655 -1 9655 9436 9606 -1 9606 9436 9603 -1 9596 9648 9595 -1 9648 9596 9663 -1 9597 9663 9596 -1 9663 9597 9664 -1 9598 9664 9597 -1 9664 9598 9665 -1 9599 9665 9598 -1 9665 9599 9666 -1 9600 9666 9599 -1 9666 9600 9667 -1 9600 9668 9667 -1 9668 9600 9601 -1 9601 9633 9668 -1 9633 9601 9602 -1 9663 9651 9648 -1 9651 9663 9669 -1 9664 9669 9663 -1 9669 9664 9670 -1 9665 9670 9664 -1 9670 9665 9671 -1 9666 9671 9665 -1 9671 9666 9672 -1 9667 9672 9666 -1 9672 9667 9673 -1 9667 9674 9673 -1 9674 9667 9668 -1 9668 9631 9674 -1 9631 9668 9633 -1 9674 9632 9662 -1 9632 9674 9631 -1 9671 9658 9670 -1 9658 9671 9659 -1 9670 9657 9669 -1 9657 9670 9658 -1 9672 9659 9671 -1 9659 9672 9660 -1 9669 9654 9651 -1 9654 9669 9657 -1 9673 9660 9672 -1 9660 9673 9661 -1 9673 9662 9661 -1 9662 9673 9674 -1 9675 9676 9677 -1 9676 9675 9678 -1 9604 9677 9606 -1 9677 9604 9675 -1 9679 9680 9681 -1 9680 9679 9682 -1 9683 9679 9681 -1 9679 9683 9684 -1 9685 9686 9687 -1 9686 9685 9688 -1 9689 9687 9678 -1 9687 9689 9685 -1 9690 9678 9675 -1 9678 9690 9689 -1 9607 9675 9604 -1 9675 9607 9690 -1 9679 9691 9682 -1 9691 9679 9692 -1 9684 9692 9679 -1 9692 9684 9693 -1 9685 9694 9688 -1 9694 9685 9695 -1 9689 9695 9685 -1 9695 9689 9696 -1 9690 9696 9689 -1 9696 9690 9697 -1 9607 9697 9690 -1 9697 9607 9609 -1 9692 9698 9691 -1 9698 9692 9699 -1 9693 9699 9692 -1 9699 9693 9700 -1 9695 9701 9694 -1 9701 9695 9702 -1 9696 9702 9695 -1 9702 9696 9703 -1 9697 9703 9696 -1 9703 9697 9704 -1 9609 9704 9697 -1 9704 9609 9611 -1 9699 9705 9698 -1 9705 9699 9706 -1 9700 9706 9699 -1 9706 9700 9707 -1 9702 9708 9701 -1 9708 9702 9709 -1 9703 9709 9702 -1 9709 9703 9710 -1 9704 9710 9703 -1 9710 9704 9711 -1 9611 9711 9704 -1 9711 9611 9613 -1 9706 9712 9705 -1 9712 9706 9713 -1 9707 9713 9706 -1 9713 9707 9714 -1 9709 9715 9708 -1 9715 9709 9716 -1 9710 9716 9709 -1 9716 9710 9717 -1 9711 9717 9710 -1 9717 9711 9718 -1 9613 9718 9711 -1 9718 9613 9615 -1 9713 9719 9712 -1 9719 9713 9720 -1 9721 9713 9714 -1 9713 9721 9720 -1 9716 9722 9715 -1 9722 9716 9723 -1 9717 9723 9716 -1 9723 9717 9724 -1 9718 9724 9717 -1 9724 9718 9725 -1 9615 9725 9718 -1 9725 9615 9617 -1 9720 9726 9719 -1 9726 9720 9727 -1 9728 9720 9721 -1 9720 9728 9727 -1 9723 9729 9722 -1 9729 9723 9730 -1 9724 9730 9723 -1 9730 9724 9731 -1 9725 9731 9724 -1 9731 9725 9732 -1 9617 9732 9725 -1 9732 9617 9619 -1 9726 9733 9734 -1 9733 9726 9727 -1 9735 9727 9728 -1 9727 9735 9733 -1 9729 9736 9737 -1 9736 9729 9730 -1 9736 9731 9738 -1 9731 9736 9730 -1 9738 9732 9739 -1 9732 9738 9731 -1 9739 9619 9622 -1 9619 9739 9732 -1 9734 9740 9741 -1 9740 9734 9733 -1 9742 9733 9735 -1 9733 9742 9740 -1 9737 9743 9744 -1 9743 9737 9736 -1 9743 9738 9745 -1 9738 9743 9736 -1 9745 9739 9746 -1 9739 9745 9738 -1 9746 9622 9624 -1 9622 9746 9739 -1 9741 9747 9748 -1 9747 9741 9740 -1 9740 9749 9747 -1 9749 9740 9742 -1 9744 9750 9751 -1 9750 9744 9743 -1 9743 9752 9750 -1 9752 9743 9745 -1 9745 9753 9752 -1 9753 9745 9746 -1 9746 9626 9753 -1 9626 9746 9624 -1 9748 9754 9755 -1 9754 9748 9747 -1 9747 9756 9754 -1 9756 9747 9749 -1 9751 9757 9758 -1 9757 9751 9750 -1 9750 9759 9757 -1 9759 9750 9752 -1 9752 9760 9759 -1 9760 9752 9753 -1 9753 9627 9760 -1 9627 9753 9626 -1 9755 9761 9762 -1 9761 9755 9754 -1 9761 9756 9763 -1 9756 9761 9754 -1 9758 9764 9765 -1 9764 9758 9757 -1 9757 9766 9764 -1 9766 9757 9759 -1 9759 9767 9766 -1 9767 9759 9760 -1 9760 9629 9767 -1 9629 9760 9627 -1 9762 9768 9769 -1 9768 9762 9761 -1 9768 9763 9770 -1 9763 9768 9761 -1 9765 9771 9772 -1 9771 9765 9764 -1 9764 9773 9771 -1 9773 9764 9766 -1 9766 9774 9773 -1 9774 9766 9767 -1 9767 9634 9774 -1 9634 9767 9629 -1 9768 9775 9769 -1 9775 9768 9776 -1 9776 9770 9777 -1 9770 9776 9768 -1 9771 9778 9772 -1 9778 9771 9779 -1 9773 9779 9771 -1 9779 9773 9780 -1 9774 9780 9773 -1 9780 9774 9781 -1 9634 9781 9774 -1 9781 9634 9636 -1 9776 9782 9775 -1 9782 9776 9783 -1 9783 9777 9784 -1 9777 9783 9776 -1 9779 9785 9778 -1 9785 9779 9786 -1 9780 9786 9779 -1 9786 9780 9787 -1 9781 9787 9780 -1 9787 9781 9788 -1 9636 9788 9781 -1 9788 9636 9638 -1 9783 9789 9782 -1 9789 9783 9790 -1 9784 9790 9783 -1 9790 9784 9791 -1 9786 9792 9785 -1 9792 9786 9793 -1 9787 9793 9786 -1 9793 9787 9794 -1 9788 9794 9787 -1 9794 9788 9795 -1 9638 9795 9788 -1 9795 9638 9640 -1 9790 9796 9789 -1 9796 9790 9797 -1 9791 9797 9790 -1 9797 9791 9798 -1 9793 9799 9792 -1 9799 9793 9800 -1 9794 9800 9793 -1 9800 9794 9801 -1 9795 9801 9794 -1 9801 9795 9802 -1 9640 9802 9795 -1 9802 9640 9642 -1 9797 9803 9796 -1 9803 9797 9804 -1 9797 9805 9804 -1 9805 9797 9798 -1 9800 9806 9799 -1 9806 9800 9807 -1 9801 9807 9800 -1 9807 9801 9808 -1 9802 9808 9801 -1 9808 9802 9809 -1 9642 9809 9802 -1 9809 9642 9644 -1 9804 9810 9803 -1 9810 9804 9811 -1 9804 9812 9811 -1 9812 9804 9805 -1 9807 9813 9806 -1 9813 9807 9814 -1 9808 9814 9807 -1 9814 9808 9815 -1 9809 9815 9808 -1 9815 9809 9816 -1 9644 9816 9809 -1 9816 9644 9646 -1 9817 9810 9811 -1 9810 9817 9818 -1 9811 9819 9817 -1 9819 9811 9812 -1 9820 9813 9814 -1 9813 9820 9821 -1 9815 9820 9814 -1 9820 9815 9822 -1 9816 9822 9815 -1 9822 9816 9823 -1 9824 9825 9826 -1 9825 9824 9827 -1 9827 9824 9819 -1 9827 9819 9821 -1 9821 9819 9812 -1 9821 9812 9813 -1 9813 9812 9805 -1 9813 9805 9806 -1 9806 9805 9798 -1 9806 9798 9799 -1 9799 9798 9791 -1 9799 9791 9792 -1 9792 9791 9785 -1 9785 9791 9784 -1 9785 9784 9778 -1 9778 9784 9777 -1 9778 9777 9772 -1 9772 9777 9770 -1 9772 9770 9765 -1 9765 9770 9763 -1 9765 9763 9758 -1 9758 9763 9756 -1 9758 9756 9751 -1 9751 9756 9749 -1 9825 9828 9826 -1 9828 9825 9829 -1 9828 9829 9683 -1 9683 9829 9686 -1 9683 9686 9684 -1 9684 9686 9688 -1 9684 9688 9693 -1 9693 9688 9694 -1 9693 9694 9700 -1 9700 9694 9701 -1 9700 9701 9707 -1 9707 9701 9708 -1 9707 9708 9715 -1 9707 9715 9714 -1 9714 9715 9722 -1 9714 9722 9721 -1 9721 9722 9729 -1 9721 9729 9728 -1 9728 9729 9737 -1 9728 9737 9735 -1 9735 9737 9744 -1 9735 9744 9742 -1 9742 9744 9751 -1 9742 9751 9749 -1 9830 9831 9832 -1 9831 9830 9833 -1 9828 9832 9826 -1 9832 9828 9830 -1 9834 9825 9835 -1 9825 9834 9829 -1 9676 9835 9836 -1 9835 9676 9834 -1 9677 9836 9837 -1 9836 9677 9676 -1 9606 9837 9655 -1 9837 9606 9677 -1 9681 9833 9830 -1 9833 9681 9680 -1 9828 9681 9830 -1 9681 9828 9683 -1 9687 9829 9834 -1 9829 9687 9686 -1 9678 9834 9676 -1 9834 9678 9687 -1 9838 9818 9817 -1 9818 9838 9839 -1 9817 9824 9838 -1 9824 9817 9819 -1 9840 9821 9820 -1 9821 9840 9827 -1 9822 9840 9820 -1 9840 9822 9841 -1 9823 9841 9822 -1 9841 9823 9842 -1 9650 9842 9823 -1 9842 9650 9653 -1 9835 9827 9840 -1 9827 9835 9825 -1 9824 9832 9838 -1 9832 9824 9826 -1 9842 9836 9841 -1 9836 9842 9837 -1 9841 9835 9840 -1 9835 9841 9836 -1 9832 9839 9838 -1 9839 9832 9831 -1 9653 9837 9842 -1 9837 9653 9655 -1 9646 9823 9816 -1 9823 9646 9650 -1 9843 9844 9845 -1 9844 9843 9846 -1 9847 9848 9849 -1 9848 9847 9850 -1 9851 9849 9852 -1 9849 9851 9847 -1 9853 9851 9852 -1 9851 9853 9854 -1 9855 9846 9843 -1 9846 9855 9856 -1 9857 9850 9847 -1 9850 9857 9858 -1 9851 9857 9847 -1 9857 9851 9859 -1 9854 9859 9851 -1 9859 9854 9860 -1 9855 9861 9856 -1 9861 9855 9862 -1 9857 9863 9858 -1 9863 9857 9864 -1 9859 9864 9857 -1 9864 9859 9865 -1 9860 9865 9859 -1 9865 9860 9866 -1 9862 9867 9861 -1 9867 9862 9868 -1 9864 9869 9863 -1 9869 9864 9870 -1 9865 9870 9864 -1 9870 9865 9871 -1 9866 9871 9865 -1 9871 9866 9872 -1 9868 9873 9867 -1 9873 9868 9874 -1 9870 9875 9869 -1 9875 9870 9876 -1 9871 9876 9870 -1 9876 9871 9877 -1 9872 9877 9871 -1 9877 9872 9878 -1 9874 9879 9873 -1 9879 9874 9880 -1 9876 9881 9875 -1 9881 9876 9882 -1 9877 9882 9876 -1 9882 9877 9883 -1 9884 9877 9878 -1 9877 9884 9883 -1 9880 9885 9879 -1 9885 9880 9886 -1 9882 9887 9881 -1 9887 9882 9888 -1 9883 9888 9882 -1 9888 9883 9889 -1 9890 9883 9884 -1 9883 9890 9889 -1 9886 9891 9885 -1 9891 9886 9892 -1 9888 9893 9887 -1 9893 9888 9894 -1 9895 9888 9889 -1 9888 9895 9894 -1 9896 9889 9890 -1 9889 9896 9895 -1 9891 9897 9898 -1 9897 9891 9892 -1 9899 9894 9900 -1 9894 9899 9893 -1 9901 9894 9895 -1 9894 9901 9900 -1 9902 9895 9896 -1 9895 9902 9901 -1 9898 9903 9904 -1 9903 9898 9897 -1 9905 9900 9906 -1 9900 9905 9899 -1 9906 9901 9907 -1 9901 9906 9900 -1 9908 9901 9902 -1 9901 9908 9907 -1 9904 9909 9910 -1 9909 9904 9903 -1 9905 9911 9912 -1 9911 9905 9906 -1 9906 9913 9911 -1 9913 9906 9907 -1 9914 9907 9908 -1 9907 9914 9913 -1 9915 9909 9916 -1 9909 9915 9910 -1 9912 9917 9918 -1 9917 9912 9911 -1 9911 9919 9917 -1 9919 9911 9913 -1 9919 9914 9920 -1 9914 9919 9913 -1 9915 9921 9922 -1 9921 9915 9916 -1 9918 9923 9924 -1 9923 9918 9917 -1 9917 9925 9923 -1 9925 9917 9919 -1 9925 9920 9926 -1 9920 9925 9919 -1 9922 9927 9928 -1 9927 9922 9921 -1 9924 9929 9930 -1 9929 9924 9923 -1 9929 9925 9931 -1 9925 9929 9923 -1 9931 9926 9932 -1 9926 9931 9925 -1 9927 9933 9928 -1 9933 9927 9934 -1 9929 9935 9930 -1 9935 9929 9936 -1 9936 9931 9937 -1 9931 9936 9929 -1 9937 9932 9938 -1 9932 9937 9931 -1 9934 9939 9933 -1 9939 9934 9940 -1 9936 9941 9935 -1 9941 9936 9942 -1 9937 9942 9936 -1 9942 9937 9943 -1 9943 9938 9944 -1 9938 9943 9937 -1 9940 9945 9939 -1 9945 9940 9946 -1 9942 9947 9941 -1 9947 9942 9948 -1 9943 9948 9942 -1 9948 9943 9949 -1 9943 9950 9949 -1 9950 9943 9944 -1 9946 9951 9945 -1 9951 9946 9952 -1 9948 9953 9947 -1 9953 9948 9954 -1 9949 9954 9948 -1 9954 9949 9955 -1 9949 9956 9955 -1 9956 9949 9950 -1 9952 9957 9951 -1 9957 9952 9958 -1 9954 9959 9953 -1 9959 9954 9960 -1 9955 9960 9954 -1 9960 9955 9961 -1 9955 9962 9961 -1 9962 9955 9956 -1 9958 9963 9957 -1 9963 9958 9964 -1 9960 9965 9959 -1 9965 9960 9966 -1 9960 9967 9966 -1 9967 9960 9961 -1 9961 9968 9967 -1 9968 9961 9962 -1 9969 9853 9970 -1 9853 9969 9971 -1 9853 9971 9831 -1 9831 9971 9839 -1 9839 9971 9818 -1 9818 9971 9968 -1 9818 9968 9810 -1 9810 9968 9962 -1 9810 9962 9803 -1 9803 9962 9956 -1 9803 9956 9796 -1 9796 9956 9950 -1 9796 9950 9789 -1 9789 9950 9944 -1 9789 9944 9782 -1 9782 9944 9775 -1 9775 9944 9938 -1 9775 9938 9769 -1 9769 9938 9932 -1 9769 9932 9762 -1 9762 9932 9926 -1 9762 9926 9755 -1 9755 9926 9920 -1 9755 9920 9748 -1 9831 9854 9853 -1 9854 9831 9833 -1 9854 9833 9680 -1 9854 9680 9860 -1 9860 9680 9682 -1 9860 9682 9866 -1 9866 9682 9691 -1 9866 9691 9872 -1 9872 9691 9698 -1 9872 9698 9878 -1 9878 9698 9705 -1 9878 9705 9712 -1 9878 9712 9884 -1 9884 9712 9719 -1 9884 9719 9890 -1 9890 9719 9726 -1 9890 9726 9896 -1 9896 9726 9734 -1 9896 9734 9902 -1 9902 9734 9741 -1 9902 9741 9908 -1 9908 9741 9748 -1 9908 9748 9920 -1 9908 9920 9914 -1 9972 9845 9973 -1 9845 9972 9974 -1 9974 9972 9975 -1 9975 9972 9976 -1 9975 9976 9977 -1 9977 9976 9964 -1 9977 9964 9965 -1 9965 9964 9958 -1 9965 9958 9959 -1 9959 9958 9952 -1 9959 9952 9953 -1 9953 9952 9946 -1 9953 9946 9947 -1 9947 9946 9940 -1 9947 9940 9941 -1 9941 9940 9935 -1 9935 9940 9934 -1 9935 9934 9930 -1 9930 9934 9927 -1 9930 9927 9924 -1 9924 9927 9921 -1 9924 9921 9918 -1 9918 9921 9916 -1 9918 9916 9912 -1 9845 9848 9843 -1 9848 9845 9974 -1 9843 9848 9850 -1 9843 9850 9855 -1 9855 9850 9858 -1 9855 9858 9862 -1 9862 9858 9863 -1 9862 9863 9868 -1 9868 9863 9869 -1 9868 9869 9874 -1 9874 9869 9875 -1 9874 9875 9881 -1 9874 9881 9880 -1 9880 9881 9887 -1 9880 9887 9886 -1 9886 9887 9893 -1 9886 9893 9892 -1 9892 9893 9899 -1 9892 9899 9897 -1 9897 9899 9905 -1 9897 9905 9903 -1 9903 9905 9912 -1 9903 9912 9916 -1 9903 9916 9909 -1 9845 9978 9973 -1 9978 9845 9844 -1 9849 9974 9979 -1 9974 9849 9848 -1 9852 9979 9980 -1 9979 9852 9849 -1 9970 9852 9980 -1 9852 9970 9853 -1 9976 9963 9964 -1 9963 9976 9981 -1 9966 9977 9965 -1 9977 9966 9982 -1 9966 9983 9982 -1 9983 9966 9967 -1 9967 9971 9983 -1 9971 9967 9968 -1 9972 9981 9976 -1 9981 9972 9984 -1 9982 9975 9977 -1 9975 9982 9985 -1 9983 9985 9982 -1 9985 9983 9986 -1 9983 9969 9986 -1 9969 9983 9971 -1 9985 9974 9975 -1 9974 9985 9979 -1 9973 9984 9972 -1 9984 9973 9978 -1 9844 9984 9978 -1 9984 9844 9981 -1 9981 9844 9846 -1 9981 9846 9963 -1 9963 9846 9856 -1 9963 9856 9957 -1 9957 9856 9861 -1 9957 9861 9951 -1 9951 9861 9867 -1 9951 9867 9945 -1 9945 9867 9873 -1 9945 9873 9939 -1 9939 9873 9879 -1 9939 9879 9933 -1 9933 9879 9885 -1 9933 9885 9928 -1 9928 9885 9891 -1 9928 9891 9922 -1 9922 9891 9898 -1 9922 9898 9915 -1 9915 9898 9904 -1 9915 9904 9910 -1 9986 9970 9980 -1 9970 9986 9969 -1 9986 9979 9985 -1 9979 9986 9980 -1 9987 9988 9989 -1 9988 9987 9990 -1 9991 9989 9992 -1 9989 9991 9987 -1 9993 9992 9994 -1 9992 9993 9991 -1 9995 9994 9996 -1 9994 9995 9993 -1 9997 9996 9998 -1 9996 9997 9995 -1 9999 9997 9998 -1 9997 9999 10000 -1 10001 10000 9999 -1 10000 10001 10002 -1 10003 9990 9987 -1 9990 10003 10004 -1 10005 9987 9991 -1 9987 10005 10003 -1 10006 9991 9993 -1 9991 10006 10005 -1 10007 9993 9995 -1 9993 10007 10006 -1 10008 9995 9997 -1 9995 10008 10007 -1 10000 10008 9997 -1 10008 10000 10009 -1 10002 10009 10000 -1 10009 10002 10010 -1 10003 10011 10004 -1 10011 10003 10012 -1 10005 10012 10003 -1 10012 10005 10013 -1 10006 10013 10005 -1 10013 10006 10014 -1 10007 10014 10006 -1 10014 10007 10015 -1 10008 10015 10007 -1 10015 10008 10016 -1 10009 10016 10008 -1 10016 10009 10017 -1 10010 10017 10009 -1 10017 10010 10018 -1 10012 10019 10011 -1 10019 10012 10020 -1 10013 10020 10012 -1 10020 10013 10021 -1 10014 10021 10013 -1 10021 10014 10022 -1 10015 10022 10014 -1 10022 10015 10023 -1 10016 10023 10015 -1 10023 10016 10024 -1 10017 10024 10016 -1 10024 10017 10025 -1 10018 10025 10017 -1 10025 10018 10026 -1 10020 10027 10019 -1 10027 10020 10028 -1 10021 10028 10020 -1 10028 10021 10029 -1 10022 10029 10021 -1 10029 10022 10030 -1 10023 10030 10022 -1 10030 10023 10031 -1 10024 10031 10023 -1 10031 10024 10032 -1 10025 10032 10024 -1 10032 10025 10033 -1 10026 10033 10025 -1 10033 10026 10034 -1 10028 10035 10027 -1 10035 10028 10036 -1 10029 10036 10028 -1 10036 10029 10037 -1 10030 10037 10029 -1 10037 10030 10038 -1 10031 10038 10030 -1 10038 10031 10039 -1 10032 10039 10031 -1 10039 10032 10040 -1 10041 10032 10033 -1 10032 10041 10040 -1 10042 10033 10034 -1 10033 10042 10041 -1 10036 10043 10035 -1 10043 10036 10044 -1 10037 10044 10036 -1 10044 10037 10045 -1 10038 10045 10037 -1 10045 10038 10046 -1 10039 10046 10038 -1 10046 10039 10047 -1 10040 10047 10039 -1 10047 10040 10048 -1 10049 10040 10041 -1 10040 10049 10048 -1 10050 10041 10042 -1 10041 10050 10049 -1 10044 10051 10043 -1 10051 10044 10052 -1 10045 10052 10044 -1 10052 10045 10053 -1 10046 10053 10045 -1 10053 10046 10054 -1 10047 10054 10046 -1 10054 10047 10055 -1 10048 10055 10047 -1 10055 10048 10056 -1 10057 10048 10049 -1 10048 10057 10056 -1 10058 10049 10050 -1 10049 10058 10057 -1 10059 10052 10060 -1 10052 10059 10051 -1 10060 10053 10061 -1 10053 10060 10052 -1 10061 10054 10062 -1 10054 10061 10053 -1 10062 10055 10063 -1 10055 10062 10054 -1 10063 10056 10064 -1 10056 10063 10055 -1 10065 10056 10057 -1 10056 10065 10064 -1 10066 10057 10058 -1 10057 10066 10065 -1 10067 10060 10068 -1 10060 10067 10059 -1 10068 10061 10069 -1 10061 10068 10060 -1 10069 10062 10070 -1 10062 10069 10061 -1 10070 10063 10071 -1 10063 10070 10062 -1 10071 10064 10072 -1 10064 10071 10063 -1 10073 10064 10065 -1 10064 10073 10072 -1 10074 10065 10066 -1 10065 10074 10073 -1 10067 10075 10076 -1 10075 10067 10068 -1 10068 10077 10075 -1 10077 10068 10069 -1 10069 10078 10077 -1 10078 10069 10070 -1 10070 10079 10078 -1 10079 10070 10071 -1 10071 10080 10079 -1 10080 10071 10072 -1 10081 10072 10073 -1 10072 10081 10080 -1 10082 10073 10074 -1 10073 10082 10081 -1 10076 10083 10084 -1 10083 10076 10075 -1 10075 10085 10083 -1 10085 10075 10077 -1 10077 10086 10085 -1 10086 10077 10078 -1 10078 10087 10086 -1 10087 10078 10079 -1 10079 10088 10087 -1 10088 10079 10080 -1 10088 10081 10089 -1 10081 10088 10080 -1 10089 10082 10090 -1 10082 10089 10081 -1 10084 10091 10092 -1 10091 10084 10083 -1 10083 10093 10091 -1 10093 10083 10085 -1 10085 10094 10093 -1 10094 10085 10086 -1 10086 10095 10094 -1 10095 10086 10087 -1 10087 10096 10095 -1 10096 10087 10088 -1 10096 10089 10097 -1 10089 10096 10088 -1 10097 10090 10098 -1 10090 10097 10089 -1 10092 10099 10100 -1 10099 10092 10091 -1 10091 10101 10099 -1 10101 10091 10093 -1 10093 10102 10101 -1 10102 10093 10094 -1 10094 10103 10102 -1 10103 10094 10095 -1 10095 10104 10103 -1 10104 10095 10096 -1 10104 10097 10105 -1 10097 10104 10096 -1 10105 10098 10106 -1 10098 10105 10097 -1 10099 10107 10100 -1 10107 10099 10108 -1 10101 10108 10099 -1 10108 10101 10109 -1 10102 10109 10101 -1 10109 10102 10110 -1 10103 10110 10102 -1 10110 10103 10111 -1 10104 10111 10103 -1 10111 10104 10112 -1 10112 10105 10113 -1 10105 10112 10104 -1 10113 10106 10114 -1 10106 10113 10105 -1 10108 10115 10107 -1 10115 10108 10116 -1 10109 10116 10108 -1 10116 10109 10117 -1 10110 10117 10109 -1 10117 10110 10118 -1 10111 10118 10110 -1 10118 10111 10119 -1 10112 10119 10111 -1 10119 10112 10120 -1 10120 10113 10121 -1 10113 10120 10112 -1 10121 10114 10122 -1 10114 10121 10113 -1 10116 10123 10115 -1 10123 10116 10124 -1 10117 10124 10116 -1 10124 10117 10125 -1 10118 10125 10117 -1 10125 10118 10126 -1 10119 10126 10118 -1 10126 10119 10127 -1 10120 10127 10119 -1 10127 10120 10128 -1 10120 10129 10128 -1 10129 10120 10121 -1 10121 10130 10129 -1 10130 10121 10122 -1 10124 10131 10123 -1 10131 10124 10132 -1 10125 10132 10124 -1 10132 10125 10133 -1 10126 10133 10125 -1 10133 10126 10134 -1 10127 10134 10126 -1 10134 10127 10135 -1 10128 10135 10127 -1 10135 10128 10136 -1 10128 10137 10136 -1 10137 10128 10129 -1 10129 10138 10137 -1 10138 10129 10130 -1 10132 10139 10131 -1 10139 10132 10140 -1 10133 10140 10132 -1 10140 10133 10141 -1 10134 10141 10133 -1 10141 10134 10142 -1 10135 10142 10134 -1 10142 10135 10143 -1 10136 10143 10135 -1 10143 10136 10144 -1 10136 10145 10144 -1 10145 10136 10137 -1 10137 10146 10145 -1 10146 10137 10138 -1 10140 10147 10139 -1 10147 10140 10148 -1 10141 10148 10140 -1 10148 10141 10149 -1 10142 10149 10141 -1 10149 10142 10150 -1 10143 10150 10142 -1 10150 10143 10151 -1 10144 10151 10143 -1 10151 10144 10152 -1 10144 10153 10152 -1 10153 10144 10145 -1 10145 10154 10153 -1 10154 10145 10146 -1 9990 10155 9988 -1 10155 9990 10156 -1 10156 9990 10157 -1 10156 10158 10155 -1 10004 10157 9990 -1 10157 10004 10159 -1 10159 10004 10160 -1 10159 10156 10157 -1 10160 10161 10159 -1 10161 10160 10162 -1 10162 10160 10004 -1 10162 10004 10011 -1 10162 10163 10161 -1 10163 10162 10164 -1 10164 10162 10011 -1 10164 10011 10019 -1 10164 10165 10163 -1 10165 10164 10166 -1 10166 10164 10019 -1 10166 10019 10027 -1 10166 10167 10165 -1 10167 10166 10168 -1 10168 10166 10027 -1 10168 10027 10035 -1 10168 10169 10167 -1 10169 10168 10170 -1 10170 10168 10035 -1 10170 10035 10043 -1 10170 10171 10169 -1 10171 10170 10172 -1 10172 10170 10043 -1 10172 10043 10051 -1 10171 10173 10174 -1 10173 10171 10059 -1 10059 10171 10051 -1 10051 10171 10172 -1 10174 10175 10176 -1 10175 10174 10067 -1 10067 10174 10059 -1 10059 10174 10173 -1 10176 10177 10178 -1 10177 10176 10076 -1 10076 10176 10067 -1 10067 10176 10175 -1 10179 10084 10180 -1 10084 10179 10076 -1 10076 10179 10178 -1 10076 10178 10177 -1 10179 10180 10181 -1 10181 10092 10182 -1 10092 10181 10084 -1 10084 10181 10180 -1 10183 10001 10184 -1 10001 10183 10185 -1 10001 10185 10002 -1 10002 10185 10154 -1 10002 10154 10010 -1 10010 10154 10146 -1 10010 10146 10018 -1 10018 10146 10138 -1 10018 10138 10026 -1 10026 10138 10130 -1 10026 10130 10034 -1 10034 10130 10122 -1 10034 10122 10042 -1 10042 10122 10114 -1 10042 10114 10050 -1 10050 10114 10106 -1 10050 10106 10058 -1 10058 10106 10098 -1 10058 10098 10066 -1 10066 10098 10090 -1 10066 10090 10074 -1 10074 10090 10082 -1 10181 10182 10186 -1 10186 10100 10187 -1 10100 10186 10092 -1 10092 10186 10182 -1 10187 10188 10186 -1 10188 10187 10189 -1 10189 10187 10100 -1 10189 10100 10107 -1 10189 10190 10188 -1 10190 10189 10191 -1 10191 10189 10107 -1 10191 10107 10115 -1 10191 10192 10190 -1 10192 10191 10193 -1 10193 10191 10115 -1 10193 10115 10123 -1 10193 10194 10192 -1 10194 10193 10195 -1 10195 10193 10123 -1 10195 10123 10131 -1 10195 10196 10194 -1 10196 10195 10197 -1 10197 10195 10131 -1 10197 10131 10139 -1 10197 10198 10196 -1 10198 10197 10199 -1 10199 10197 10139 -1 10199 10139 10147 -1 10200 10199 10147 -1 10199 10200 10198 -1 10198 10200 10201 -1 10198 10201 10202 -1 10203 10201 10200 -1 10201 10203 10202 -1 10202 10203 10204 -1 10202 10204 10205 -1 10206 10204 10203 -1 10204 10206 10205 -1 10205 10206 10207 -1 10207 10206 10208 -1 9989 10206 10209 -1 10206 9989 9988 -1 9992 10209 10210 -1 10209 9992 9989 -1 9994 10210 10211 -1 10210 9994 9992 -1 9996 10211 10212 -1 10211 9996 9994 -1 9998 10212 10213 -1 10212 9998 9996 -1 10214 9998 10213 -1 9998 10214 9999 -1 10184 9999 10214 -1 9999 10184 10001 -1 9988 10208 10206 -1 10208 9988 10207 -1 10207 9988 10158 -1 10158 9988 10155 -1 10148 10200 10147 -1 10200 10148 10215 -1 10149 10215 10148 -1 10215 10149 10216 -1 10150 10216 10149 -1 10216 10150 10217 -1 10151 10217 10150 -1 10217 10151 10218 -1 10152 10218 10151 -1 10218 10152 10219 -1 10152 10220 10219 -1 10220 10152 10153 -1 10153 10185 10220 -1 10185 10153 10154 -1 10215 10203 10200 -1 10203 10215 10221 -1 10216 10221 10215 -1 10221 10216 10222 -1 10217 10222 10216 -1 10222 10217 10223 -1 10218 10223 10217 -1 10223 10218 10224 -1 10219 10224 10218 -1 10224 10219 10225 -1 10219 10226 10225 -1 10226 10219 10220 -1 10220 10183 10226 -1 10183 10220 10185 -1 10226 10184 10214 -1 10184 10226 10183 -1 10223 10210 10222 -1 10210 10223 10211 -1 10222 10209 10221 -1 10209 10222 10210 -1 10224 10211 10223 -1 10211 10224 10212 -1 10221 10206 10203 -1 10206 10221 10209 -1 10225 10212 10224 -1 10212 10225 10213 -1 10225 10214 10213 -1 10214 10225 10226 -1 10227 10228 10229 -1 10228 10227 10230 -1 10156 10229 10158 -1 10229 10156 10227 -1 10231 10232 10233 -1 10232 10231 10234 -1 10235 10231 10233 -1 10231 10235 10236 -1 10237 10238 10239 -1 10238 10237 10240 -1 10241 10239 10230 -1 10239 10241 10237 -1 10242 10230 10227 -1 10230 10242 10241 -1 10159 10227 10156 -1 10227 10159 10242 -1 10231 10243 10234 -1 10243 10231 10244 -1 10236 10244 10231 -1 10244 10236 10245 -1 10237 10246 10240 -1 10246 10237 10247 -1 10241 10247 10237 -1 10247 10241 10248 -1 10242 10248 10241 -1 10248 10242 10249 -1 10159 10249 10242 -1 10249 10159 10161 -1 10244 10250 10243 -1 10250 10244 10251 -1 10245 10251 10244 -1 10251 10245 10252 -1 10247 10253 10246 -1 10253 10247 10254 -1 10248 10254 10247 -1 10254 10248 10255 -1 10249 10255 10248 -1 10255 10249 10256 -1 10161 10256 10249 -1 10256 10161 10163 -1 10251 10257 10250 -1 10257 10251 10258 -1 10252 10258 10251 -1 10258 10252 10259 -1 10254 10260 10253 -1 10260 10254 10261 -1 10255 10261 10254 -1 10261 10255 10262 -1 10256 10262 10255 -1 10262 10256 10263 -1 10163 10263 10256 -1 10263 10163 10165 -1 10258 10264 10257 -1 10264 10258 10265 -1 10259 10265 10258 -1 10265 10259 10266 -1 10261 10267 10260 -1 10267 10261 10268 -1 10262 10268 10261 -1 10268 10262 10269 -1 10263 10269 10262 -1 10269 10263 10270 -1 10165 10270 10263 -1 10270 10165 10167 -1 10265 10271 10264 -1 10271 10265 10272 -1 10273 10265 10266 -1 10265 10273 10272 -1 10268 10274 10267 -1 10274 10268 10275 -1 10269 10275 10268 -1 10275 10269 10276 -1 10270 10276 10269 -1 10276 10270 10277 -1 10167 10277 10270 -1 10277 10167 10169 -1 10272 10278 10271 -1 10278 10272 10279 -1 10280 10272 10273 -1 10272 10280 10279 -1 10275 10281 10274 -1 10281 10275 10282 -1 10276 10282 10275 -1 10282 10276 10283 -1 10277 10283 10276 -1 10283 10277 10284 -1 10169 10284 10277 -1 10284 10169 10171 -1 10278 10285 10286 -1 10285 10278 10279 -1 10287 10279 10280 -1 10279 10287 10285 -1 10281 10288 10289 -1 10288 10281 10282 -1 10288 10283 10290 -1 10283 10288 10282 -1 10290 10284 10291 -1 10284 10290 10283 -1 10291 10171 10174 -1 10171 10291 10284 -1 10286 10292 10293 -1 10292 10286 10285 -1 10294 10285 10287 -1 10285 10294 10292 -1 10289 10295 10296 -1 10295 10289 10288 -1 10295 10290 10297 -1 10290 10295 10288 -1 10297 10291 10298 -1 10291 10297 10290 -1 10298 10174 10176 -1 10174 10298 10291 -1 10293 10299 10300 -1 10299 10293 10292 -1 10292 10301 10299 -1 10301 10292 10294 -1 10296 10302 10303 -1 10302 10296 10295 -1 10295 10304 10302 -1 10304 10295 10297 -1 10297 10305 10304 -1 10305 10297 10298 -1 10298 10178 10305 -1 10178 10298 10176 -1 10300 10306 10307 -1 10306 10300 10299 -1 10299 10308 10306 -1 10308 10299 10301 -1 10303 10309 10310 -1 10309 10303 10302 -1 10302 10311 10309 -1 10311 10302 10304 -1 10304 10312 10311 -1 10312 10304 10305 -1 10305 10179 10312 -1 10179 10305 10178 -1 10307 10313 10314 -1 10313 10307 10306 -1 10313 10308 10315 -1 10308 10313 10306 -1 10310 10316 10317 -1 10316 10310 10309 -1 10309 10318 10316 -1 10318 10309 10311 -1 10311 10319 10318 -1 10319 10311 10312 -1 10312 10181 10319 -1 10181 10312 10179 -1 10314 10320 10321 -1 10320 10314 10313 -1 10320 10315 10322 -1 10315 10320 10313 -1 10317 10323 10324 -1 10323 10317 10316 -1 10316 10325 10323 -1 10325 10316 10318 -1 10318 10326 10325 -1 10326 10318 10319 -1 10319 10186 10326 -1 10186 10319 10181 -1 10320 10327 10321 -1 10327 10320 10328 -1 10328 10322 10329 -1 10322 10328 10320 -1 10323 10330 10324 -1 10330 10323 10331 -1 10325 10331 10323 -1 10331 10325 10332 -1 10326 10332 10325 -1 10332 10326 10333 -1 10186 10333 10326 -1 10333 10186 10188 -1 10328 10334 10327 -1 10334 10328 10335 -1 10335 10329 10336 -1 10329 10335 10328 -1 10331 10337 10330 -1 10337 10331 10338 -1 10332 10338 10331 -1 10338 10332 10339 -1 10333 10339 10332 -1 10339 10333 10340 -1 10188 10340 10333 -1 10340 10188 10190 -1 10335 10341 10334 -1 10341 10335 10342 -1 10336 10342 10335 -1 10342 10336 10343 -1 10338 10344 10337 -1 10344 10338 10345 -1 10339 10345 10338 -1 10345 10339 10346 -1 10340 10346 10339 -1 10346 10340 10347 -1 10190 10347 10340 -1 10347 10190 10192 -1 10342 10348 10341 -1 10348 10342 10349 -1 10343 10349 10342 -1 10349 10343 10350 -1 10345 10351 10344 -1 10351 10345 10352 -1 10346 10352 10345 -1 10352 10346 10353 -1 10347 10353 10346 -1 10353 10347 10354 -1 10192 10354 10347 -1 10354 10192 10194 -1 10349 10355 10348 -1 10355 10349 10356 -1 10349 10357 10356 -1 10357 10349 10350 -1 10352 10358 10351 -1 10358 10352 10359 -1 10353 10359 10352 -1 10359 10353 10360 -1 10354 10360 10353 -1 10360 10354 10361 -1 10194 10361 10354 -1 10361 10194 10196 -1 10356 10362 10355 -1 10362 10356 10363 -1 10356 10364 10363 -1 10364 10356 10357 -1 10359 10365 10358 -1 10365 10359 10366 -1 10360 10366 10359 -1 10366 10360 10367 -1 10361 10367 10360 -1 10367 10361 10368 -1 10196 10368 10361 -1 10368 10196 10198 -1 10369 10362 10363 -1 10362 10369 10370 -1 10363 10371 10369 -1 10371 10363 10364 -1 10372 10365 10366 -1 10365 10372 10373 -1 10367 10372 10366 -1 10372 10367 10374 -1 10368 10374 10367 -1 10374 10368 10375 -1 10376 10377 10378 -1 10377 10376 10379 -1 10379 10376 10371 -1 10379 10371 10373 -1 10373 10371 10364 -1 10373 10364 10365 -1 10365 10364 10357 -1 10365 10357 10358 -1 10358 10357 10350 -1 10358 10350 10351 -1 10351 10350 10343 -1 10351 10343 10344 -1 10344 10343 10337 -1 10337 10343 10336 -1 10337 10336 10330 -1 10330 10336 10329 -1 10330 10329 10324 -1 10324 10329 10322 -1 10324 10322 10317 -1 10317 10322 10315 -1 10317 10315 10310 -1 10310 10315 10308 -1 10310 10308 10303 -1 10303 10308 10301 -1 10377 10380 10378 -1 10380 10377 10381 -1 10380 10381 10235 -1 10235 10381 10238 -1 10235 10238 10236 -1 10236 10238 10240 -1 10236 10240 10245 -1 10245 10240 10246 -1 10245 10246 10252 -1 10252 10246 10253 -1 10252 10253 10259 -1 10259 10253 10260 -1 10259 10260 10267 -1 10259 10267 10266 -1 10266 10267 10274 -1 10266 10274 10273 -1 10273 10274 10281 -1 10273 10281 10280 -1 10280 10281 10289 -1 10280 10289 10287 -1 10287 10289 10296 -1 10287 10296 10294 -1 10294 10296 10303 -1 10294 10303 10301 -1 10382 10383 10384 -1 10383 10382 10385 -1 10380 10384 10378 -1 10384 10380 10382 -1 10386 10377 10387 -1 10377 10386 10381 -1 10228 10387 10388 -1 10387 10228 10386 -1 10229 10388 10389 -1 10388 10229 10228 -1 10158 10389 10207 -1 10389 10158 10229 -1 10233 10385 10382 -1 10385 10233 10232 -1 10380 10233 10382 -1 10233 10380 10235 -1 10239 10381 10386 -1 10381 10239 10238 -1 10230 10386 10228 -1 10386 10230 10239 -1 10390 10370 10369 -1 10370 10390 10391 -1 10369 10376 10390 -1 10376 10369 10371 -1 10392 10373 10372 -1 10373 10392 10379 -1 10374 10392 10372 -1 10392 10374 10393 -1 10375 10393 10374 -1 10393 10375 10394 -1 10202 10394 10375 -1 10394 10202 10205 -1 10387 10379 10392 -1 10379 10387 10377 -1 10376 10384 10390 -1 10384 10376 10378 -1 10394 10388 10393 -1 10388 10394 10389 -1 10393 10387 10392 -1 10387 10393 10388 -1 10384 10391 10390 -1 10391 10384 10383 -1 10205 10389 10394 -1 10389 10205 10207 -1 10198 10375 10368 -1 10375 10198 10202 -1 10395 10396 10397 -1 10396 10395 10398 -1 10399 10400 10401 -1 10400 10399 10402 -1 10403 10401 10404 -1 10401 10403 10399 -1 10405 10403 10404 -1 10403 10405 10406 -1 10407 10398 10395 -1 10398 10407 10408 -1 10409 10402 10399 -1 10402 10409 10410 -1 10403 10409 10399 -1 10409 10403 10411 -1 10406 10411 10403 -1 10411 10406 10412 -1 10407 10413 10408 -1 10413 10407 10414 -1 10409 10415 10410 -1 10415 10409 10416 -1 10411 10416 10409 -1 10416 10411 10417 -1 10412 10417 10411 -1 10417 10412 10418 -1 10414 10419 10413 -1 10419 10414 10420 -1 10416 10421 10415 -1 10421 10416 10422 -1 10417 10422 10416 -1 10422 10417 10423 -1 10418 10423 10417 -1 10423 10418 10424 -1 10420 10425 10419 -1 10425 10420 10426 -1 10422 10427 10421 -1 10427 10422 10428 -1 10423 10428 10422 -1 10428 10423 10429 -1 10424 10429 10423 -1 10429 10424 10430 -1 10426 10431 10425 -1 10431 10426 10432 -1 10428 10433 10427 -1 10433 10428 10434 -1 10429 10434 10428 -1 10434 10429 10435 -1 10436 10429 10430 -1 10429 10436 10435 -1 10432 10437 10431 -1 10437 10432 10438 -1 10434 10439 10433 -1 10439 10434 10440 -1 10435 10440 10434 -1 10440 10435 10441 -1 10442 10435 10436 -1 10435 10442 10441 -1 10438 10443 10437 -1 10443 10438 10444 -1 10440 10445 10439 -1 10445 10440 10446 -1 10447 10440 10441 -1 10440 10447 10446 -1 10448 10441 10442 -1 10441 10448 10447 -1 10443 10449 10450 -1 10449 10443 10444 -1 10451 10446 10452 -1 10446 10451 10445 -1 10453 10446 10447 -1 10446 10453 10452 -1 10454 10447 10448 -1 10447 10454 10453 -1 10450 10455 10456 -1 10455 10450 10449 -1 10457 10452 10458 -1 10452 10457 10451 -1 10458 10453 10459 -1 10453 10458 10452 -1 10460 10453 10454 -1 10453 10460 10459 -1 10456 10461 10462 -1 10461 10456 10455 -1 10457 10463 10464 -1 10463 10457 10458 -1 10458 10465 10463 -1 10465 10458 10459 -1 10466 10459 10460 -1 10459 10466 10465 -1 10467 10461 10468 -1 10461 10467 10462 -1 10464 10469 10470 -1 10469 10464 10463 -1 10463 10471 10469 -1 10471 10463 10465 -1 10471 10466 10472 -1 10466 10471 10465 -1 10467 10473 10474 -1 10473 10467 10468 -1 10470 10475 10476 -1 10475 10470 10469 -1 10469 10477 10475 -1 10477 10469 10471 -1 10477 10472 10478 -1 10472 10477 10471 -1 10474 10479 10480 -1 10479 10474 10473 -1 10476 10481 10482 -1 10481 10476 10475 -1 10481 10477 10483 -1 10477 10481 10475 -1 10483 10478 10484 -1 10478 10483 10477 -1 10479 10485 10480 -1 10485 10479 10486 -1 10481 10487 10482 -1 10487 10481 10488 -1 10488 10483 10489 -1 10483 10488 10481 -1 10489 10484 10490 -1 10484 10489 10483 -1 10486 10491 10485 -1 10491 10486 10492 -1 10488 10493 10487 -1 10493 10488 10494 -1 10489 10494 10488 -1 10494 10489 10495 -1 10495 10490 10496 -1 10490 10495 10489 -1 10492 10497 10491 -1 10497 10492 10498 -1 10494 10499 10493 -1 10499 10494 10500 -1 10495 10500 10494 -1 10500 10495 10501 -1 10495 10502 10501 -1 10502 10495 10496 -1 10498 10503 10497 -1 10503 10498 10504 -1 10500 10505 10499 -1 10505 10500 10506 -1 10501 10506 10500 -1 10506 10501 10507 -1 10501 10508 10507 -1 10508 10501 10502 -1 10504 10509 10503 -1 10509 10504 10510 -1 10506 10511 10505 -1 10511 10506 10512 -1 10507 10512 10506 -1 10512 10507 10513 -1 10507 10514 10513 -1 10514 10507 10508 -1 10510 10515 10509 -1 10515 10510 10516 -1 10512 10517 10511 -1 10517 10512 10518 -1 10512 10519 10518 -1 10519 10512 10513 -1 10513 10520 10519 -1 10520 10513 10514 -1 10521 10405 10522 -1 10405 10521 10523 -1 10405 10523 10383 -1 10383 10523 10391 -1 10391 10523 10370 -1 10370 10523 10520 -1 10370 10520 10362 -1 10362 10520 10514 -1 10362 10514 10355 -1 10355 10514 10508 -1 10355 10508 10348 -1 10348 10508 10502 -1 10348 10502 10341 -1 10341 10502 10496 -1 10341 10496 10334 -1 10334 10496 10327 -1 10327 10496 10490 -1 10327 10490 10321 -1 10321 10490 10484 -1 10321 10484 10314 -1 10314 10484 10478 -1 10314 10478 10307 -1 10307 10478 10472 -1 10307 10472 10300 -1 10383 10406 10405 -1 10406 10383 10385 -1 10406 10385 10232 -1 10406 10232 10412 -1 10412 10232 10234 -1 10412 10234 10418 -1 10418 10234 10243 -1 10418 10243 10424 -1 10424 10243 10250 -1 10424 10250 10430 -1 10430 10250 10257 -1 10430 10257 10264 -1 10430 10264 10436 -1 10436 10264 10271 -1 10436 10271 10442 -1 10442 10271 10278 -1 10442 10278 10448 -1 10448 10278 10286 -1 10448 10286 10454 -1 10454 10286 10293 -1 10454 10293 10460 -1 10460 10293 10300 -1 10460 10300 10472 -1 10460 10472 10466 -1 10524 10397 10525 -1 10397 10524 10526 -1 10526 10524 10527 -1 10527 10524 10528 -1 10527 10528 10529 -1 10529 10528 10516 -1 10529 10516 10517 -1 10517 10516 10510 -1 10517 10510 10511 -1 10511 10510 10504 -1 10511 10504 10505 -1 10505 10504 10498 -1 10505 10498 10499 -1 10499 10498 10492 -1 10499 10492 10493 -1 10493 10492 10487 -1 10487 10492 10486 -1 10487 10486 10482 -1 10482 10486 10479 -1 10482 10479 10476 -1 10476 10479 10473 -1 10476 10473 10470 -1 10470 10473 10468 -1 10470 10468 10464 -1 10397 10400 10395 -1 10400 10397 10526 -1 10395 10400 10402 -1 10395 10402 10407 -1 10407 10402 10410 -1 10407 10410 10414 -1 10414 10410 10415 -1 10414 10415 10420 -1 10420 10415 10421 -1 10420 10421 10426 -1 10426 10421 10427 -1 10426 10427 10433 -1 10426 10433 10432 -1 10432 10433 10439 -1 10432 10439 10438 -1 10438 10439 10445 -1 10438 10445 10444 -1 10444 10445 10451 -1 10444 10451 10449 -1 10449 10451 10457 -1 10449 10457 10455 -1 10455 10457 10464 -1 10455 10464 10468 -1 10455 10468 10461 -1 10397 10530 10525 -1 10530 10397 10396 -1 10401 10526 10531 -1 10526 10401 10400 -1 10404 10531 10532 -1 10531 10404 10401 -1 10522 10404 10532 -1 10404 10522 10405 -1 10528 10515 10516 -1 10515 10528 10533 -1 10518 10529 10517 -1 10529 10518 10534 -1 10518 10535 10534 -1 10535 10518 10519 -1 10519 10523 10535 -1 10523 10519 10520 -1 10524 10533 10528 -1 10533 10524 10536 -1 10534 10527 10529 -1 10527 10534 10537 -1 10535 10537 10534 -1 10537 10535 10538 -1 10535 10521 10538 -1 10521 10535 10523 -1 10537 10526 10527 -1 10526 10537 10531 -1 10525 10536 10524 -1 10536 10525 10530 -1 10396 10536 10530 -1 10536 10396 10533 -1 10533 10396 10398 -1 10533 10398 10515 -1 10515 10398 10408 -1 10515 10408 10509 -1 10509 10408 10413 -1 10509 10413 10503 -1 10503 10413 10419 -1 10503 10419 10497 -1 10497 10419 10425 -1 10497 10425 10491 -1 10491 10425 10431 -1 10491 10431 10485 -1 10485 10431 10437 -1 10485 10437 10480 -1 10480 10437 10443 -1 10480 10443 10474 -1 10474 10443 10450 -1 10474 10450 10467 -1 10467 10450 10456 -1 10467 10456 10462 -1 10538 10522 10532 -1 10522 10538 10521 -1 10538 10531 10537 -1 10531 10538 10532 -1 10539 10540 10541 -1 10540 10539 10542 -1 10543 10541 10544 -1 10541 10543 10539 -1 10545 10544 10546 -1 10544 10545 10543 -1 10547 10546 10548 -1 10546 10547 10545 -1 10549 10548 10550 -1 10548 10549 10547 -1 10551 10549 10550 -1 10549 10551 10552 -1 10553 10552 10551 -1 10552 10553 10554 -1 10555 10542 10539 -1 10542 10555 10556 -1 10557 10539 10543 -1 10539 10557 10555 -1 10558 10543 10545 -1 10543 10558 10557 -1 10559 10545 10547 -1 10545 10559 10558 -1 10560 10547 10549 -1 10547 10560 10559 -1 10552 10560 10549 -1 10560 10552 10561 -1 10554 10561 10552 -1 10561 10554 10562 -1 10555 10563 10556 -1 10563 10555 10564 -1 10557 10564 10555 -1 10564 10557 10565 -1 10558 10565 10557 -1 10565 10558 10566 -1 10559 10566 10558 -1 10566 10559 10567 -1 10560 10567 10559 -1 10567 10560 10568 -1 10561 10568 10560 -1 10568 10561 10569 -1 10562 10569 10561 -1 10569 10562 10570 -1 10564 10571 10563 -1 10571 10564 10572 -1 10565 10572 10564 -1 10572 10565 10573 -1 10566 10573 10565 -1 10573 10566 10574 -1 10567 10574 10566 -1 10574 10567 10575 -1 10568 10575 10567 -1 10575 10568 10576 -1 10569 10576 10568 -1 10576 10569 10577 -1 10570 10577 10569 -1 10577 10570 10578 -1 10572 10579 10571 -1 10579 10572 10580 -1 10573 10580 10572 -1 10580 10573 10581 -1 10574 10581 10573 -1 10581 10574 10582 -1 10575 10582 10574 -1 10582 10575 10583 -1 10576 10583 10575 -1 10583 10576 10584 -1 10577 10584 10576 -1 10584 10577 10585 -1 10578 10585 10577 -1 10585 10578 10586 -1 10580 10587 10579 -1 10587 10580 10588 -1 10581 10588 10580 -1 10588 10581 10589 -1 10582 10589 10581 -1 10589 10582 10590 -1 10583 10590 10582 -1 10590 10583 10591 -1 10584 10591 10583 -1 10591 10584 10592 -1 10593 10584 10585 -1 10584 10593 10592 -1 10594 10585 10586 -1 10585 10594 10593 -1 10588 10595 10587 -1 10595 10588 10596 -1 10589 10596 10588 -1 10596 10589 10597 -1 10590 10597 10589 -1 10597 10590 10598 -1 10591 10598 10590 -1 10598 10591 10599 -1 10592 10599 10591 -1 10599 10592 10600 -1 10601 10592 10593 -1 10592 10601 10600 -1 10602 10593 10594 -1 10593 10602 10601 -1 10596 10603 10595 -1 10603 10596 10604 -1 10597 10604 10596 -1 10604 10597 10605 -1 10598 10605 10597 -1 10605 10598 10606 -1 10599 10606 10598 -1 10606 10599 10607 -1 10600 10607 10599 -1 10607 10600 10608 -1 10609 10600 10601 -1 10600 10609 10608 -1 10610 10601 10602 -1 10601 10610 10609 -1 10611 10604 10612 -1 10604 10611 10603 -1 10612 10605 10613 -1 10605 10612 10604 -1 10613 10606 10614 -1 10606 10613 10605 -1 10614 10607 10615 -1 10607 10614 10606 -1 10615 10608 10616 -1 10608 10615 10607 -1 10617 10608 10609 -1 10608 10617 10616 -1 10618 10609 10610 -1 10609 10618 10617 -1 10619 10612 10620 -1 10612 10619 10611 -1 10620 10613 10621 -1 10613 10620 10612 -1 10621 10614 10622 -1 10614 10621 10613 -1 10622 10615 10623 -1 10615 10622 10614 -1 10623 10616 10624 -1 10616 10623 10615 -1 10625 10616 10617 -1 10616 10625 10624 -1 10626 10617 10618 -1 10617 10626 10625 -1 10619 10627 10628 -1 10627 10619 10620 -1 10620 10629 10627 -1 10629 10620 10621 -1 10621 10630 10629 -1 10630 10621 10622 -1 10622 10631 10630 -1 10631 10622 10623 -1 10623 10632 10631 -1 10632 10623 10624 -1 10633 10624 10625 -1 10624 10633 10632 -1 10634 10625 10626 -1 10625 10634 10633 -1 10628 10635 10636 -1 10635 10628 10627 -1 10627 10637 10635 -1 10637 10627 10629 -1 10629 10638 10637 -1 10638 10629 10630 -1 10630 10639 10638 -1 10639 10630 10631 -1 10631 10640 10639 -1 10640 10631 10632 -1 10640 10633 10641 -1 10633 10640 10632 -1 10641 10634 10642 -1 10634 10641 10633 -1 10636 10643 10644 -1 10643 10636 10635 -1 10635 10645 10643 -1 10645 10635 10637 -1 10637 10646 10645 -1 10646 10637 10638 -1 10638 10647 10646 -1 10647 10638 10639 -1 10639 10648 10647 -1 10648 10639 10640 -1 10648 10641 10649 -1 10641 10648 10640 -1 10649 10642 10650 -1 10642 10649 10641 -1 10644 10651 10652 -1 10651 10644 10643 -1 10643 10653 10651 -1 10653 10643 10645 -1 10645 10654 10653 -1 10654 10645 10646 -1 10646 10655 10654 -1 10655 10646 10647 -1 10647 10656 10655 -1 10656 10647 10648 -1 10656 10649 10657 -1 10649 10656 10648 -1 10657 10650 10658 -1 10650 10657 10649 -1 10651 10659 10652 -1 10659 10651 10660 -1 10653 10660 10651 -1 10660 10653 10661 -1 10654 10661 10653 -1 10661 10654 10662 -1 10655 10662 10654 -1 10662 10655 10663 -1 10656 10663 10655 -1 10663 10656 10664 -1 10664 10657 10665 -1 10657 10664 10656 -1 10665 10658 10666 -1 10658 10665 10657 -1 10660 10667 10659 -1 10667 10660 10668 -1 10661 10668 10660 -1 10668 10661 10669 -1 10662 10669 10661 -1 10669 10662 10670 -1 10663 10670 10662 -1 10670 10663 10671 -1 10664 10671 10663 -1 10671 10664 10672 -1 10672 10665 10673 -1 10665 10672 10664 -1 10673 10666 10674 -1 10666 10673 10665 -1 10668 10675 10667 -1 10675 10668 10676 -1 10669 10676 10668 -1 10676 10669 10677 -1 10670 10677 10669 -1 10677 10670 10678 -1 10671 10678 10670 -1 10678 10671 10679 -1 10672 10679 10671 -1 10679 10672 10680 -1 10672 10681 10680 -1 10681 10672 10673 -1 10673 10682 10681 -1 10682 10673 10674 -1 10676 10683 10675 -1 10683 10676 10684 -1 10677 10684 10676 -1 10684 10677 10685 -1 10678 10685 10677 -1 10685 10678 10686 -1 10679 10686 10678 -1 10686 10679 10687 -1 10680 10687 10679 -1 10687 10680 10688 -1 10680 10689 10688 -1 10689 10680 10681 -1 10681 10690 10689 -1 10690 10681 10682 -1 10684 10691 10683 -1 10691 10684 10692 -1 10685 10692 10684 -1 10692 10685 10693 -1 10686 10693 10685 -1 10693 10686 10694 -1 10687 10694 10686 -1 10694 10687 10695 -1 10688 10695 10687 -1 10695 10688 10696 -1 10688 10697 10696 -1 10697 10688 10689 -1 10689 10698 10697 -1 10698 10689 10690 -1 10692 10699 10691 -1 10699 10692 10700 -1 10693 10700 10692 -1 10700 10693 10701 -1 10694 10701 10693 -1 10701 10694 10702 -1 10695 10702 10694 -1 10702 10695 10703 -1 10696 10703 10695 -1 10703 10696 10704 -1 10696 10705 10704 -1 10705 10696 10697 -1 10697 10706 10705 -1 10706 10697 10698 -1 10542 10707 10540 -1 10707 10542 10708 -1 10708 10542 10709 -1 10708 10710 10707 -1 10556 10709 10542 -1 10709 10556 10711 -1 10711 10556 10712 -1 10711 10708 10709 -1 10712 10713 10711 -1 10713 10712 10714 -1 10714 10712 10556 -1 10714 10556 10563 -1 10714 10715 10713 -1 10715 10714 10716 -1 10716 10714 10563 -1 10716 10563 10571 -1 10716 10717 10715 -1 10717 10716 10718 -1 10718 10716 10571 -1 10718 10571 10579 -1 10718 10719 10717 -1 10719 10718 10720 -1 10720 10718 10579 -1 10720 10579 10587 -1 10720 10721 10719 -1 10721 10720 10722 -1 10722 10720 10587 -1 10722 10587 10595 -1 10722 10723 10721 -1 10723 10722 10724 -1 10724 10722 10595 -1 10724 10595 10603 -1 10723 10725 10726 -1 10725 10723 10611 -1 10611 10723 10603 -1 10603 10723 10724 -1 10726 10727 10728 -1 10727 10726 10619 -1 10619 10726 10611 -1 10611 10726 10725 -1 10728 10729 10730 -1 10729 10728 10628 -1 10628 10728 10619 -1 10619 10728 10727 -1 10731 10636 10732 -1 10636 10731 10628 -1 10628 10731 10730 -1 10628 10730 10729 -1 10731 10732 10733 -1 10733 10644 10734 -1 10644 10733 10636 -1 10636 10733 10732 -1 10735 10553 10736 -1 10553 10735 10737 -1 10553 10737 10554 -1 10554 10737 10706 -1 10554 10706 10562 -1 10562 10706 10698 -1 10562 10698 10570 -1 10570 10698 10690 -1 10570 10690 10578 -1 10578 10690 10682 -1 10578 10682 10586 -1 10586 10682 10674 -1 10586 10674 10594 -1 10594 10674 10666 -1 10594 10666 10602 -1 10602 10666 10658 -1 10602 10658 10610 -1 10610 10658 10650 -1 10610 10650 10618 -1 10618 10650 10642 -1 10618 10642 10626 -1 10626 10642 10634 -1 10733 10734 10738 -1 10738 10652 10739 -1 10652 10738 10644 -1 10644 10738 10734 -1 10739 10740 10738 -1 10740 10739 10741 -1 10741 10739 10652 -1 10741 10652 10659 -1 10741 10742 10740 -1 10742 10741 10743 -1 10743 10741 10659 -1 10743 10659 10667 -1 10743 10744 10742 -1 10744 10743 10745 -1 10745 10743 10667 -1 10745 10667 10675 -1 10745 10746 10744 -1 10746 10745 10747 -1 10747 10745 10675 -1 10747 10675 10683 -1 10747 10748 10746 -1 10748 10747 10749 -1 10749 10747 10683 -1 10749 10683 10691 -1 10749 10750 10748 -1 10750 10749 10751 -1 10751 10749 10691 -1 10751 10691 10699 -1 10752 10751 10699 -1 10751 10752 10750 -1 10750 10752 10753 -1 10750 10753 10754 -1 10755 10753 10752 -1 10753 10755 10754 -1 10754 10755 10756 -1 10754 10756 10757 -1 10758 10756 10755 -1 10756 10758 10757 -1 10757 10758 10759 -1 10759 10758 10760 -1 10541 10758 10761 -1 10758 10541 10540 -1 10544 10761 10762 -1 10761 10544 10541 -1 10546 10762 10763 -1 10762 10546 10544 -1 10548 10763 10764 -1 10763 10548 10546 -1 10550 10764 10765 -1 10764 10550 10548 -1 10766 10550 10765 -1 10550 10766 10551 -1 10736 10551 10766 -1 10551 10736 10553 -1 10540 10760 10758 -1 10760 10540 10759 -1 10759 10540 10710 -1 10710 10540 10707 -1 10700 10752 10699 -1 10752 10700 10767 -1 10701 10767 10700 -1 10767 10701 10768 -1 10702 10768 10701 -1 10768 10702 10769 -1 10703 10769 10702 -1 10769 10703 10770 -1 10704 10770 10703 -1 10770 10704 10771 -1 10704 10772 10771 -1 10772 10704 10705 -1 10705 10737 10772 -1 10737 10705 10706 -1 10767 10755 10752 -1 10755 10767 10773 -1 10768 10773 10767 -1 10773 10768 10774 -1 10769 10774 10768 -1 10774 10769 10775 -1 10770 10775 10769 -1 10775 10770 10776 -1 10771 10776 10770 -1 10776 10771 10777 -1 10771 10778 10777 -1 10778 10771 10772 -1 10772 10735 10778 -1 10735 10772 10737 -1 10778 10736 10766 -1 10736 10778 10735 -1 10775 10762 10774 -1 10762 10775 10763 -1 10774 10761 10773 -1 10761 10774 10762 -1 10776 10763 10775 -1 10763 10776 10764 -1 10773 10758 10755 -1 10758 10773 10761 -1 10777 10764 10776 -1 10764 10777 10765 -1 10777 10766 10765 -1 10766 10777 10778 -1 10779 10780 10781 -1 10780 10779 10782 -1 10708 10781 10710 -1 10781 10708 10779 -1 10783 10784 10785 -1 10784 10783 10786 -1 10787 10783 10785 -1 10783 10787 10788 -1 10789 10790 10791 -1 10790 10789 10792 -1 10793 10791 10782 -1 10791 10793 10789 -1 10794 10782 10779 -1 10782 10794 10793 -1 10711 10779 10708 -1 10779 10711 10794 -1 10783 10795 10786 -1 10795 10783 10796 -1 10788 10796 10783 -1 10796 10788 10797 -1 10789 10798 10792 -1 10798 10789 10799 -1 10793 10799 10789 -1 10799 10793 10800 -1 10794 10800 10793 -1 10800 10794 10801 -1 10711 10801 10794 -1 10801 10711 10713 -1 10796 10802 10795 -1 10802 10796 10803 -1 10797 10803 10796 -1 10803 10797 10804 -1 10799 10805 10798 -1 10805 10799 10806 -1 10800 10806 10799 -1 10806 10800 10807 -1 10801 10807 10800 -1 10807 10801 10808 -1 10713 10808 10801 -1 10808 10713 10715 -1 10803 10809 10802 -1 10809 10803 10810 -1 10804 10810 10803 -1 10810 10804 10811 -1 10806 10812 10805 -1 10812 10806 10813 -1 10807 10813 10806 -1 10813 10807 10814 -1 10808 10814 10807 -1 10814 10808 10815 -1 10715 10815 10808 -1 10815 10715 10717 -1 10810 10816 10809 -1 10816 10810 10817 -1 10811 10817 10810 -1 10817 10811 10818 -1 10813 10819 10812 -1 10819 10813 10820 -1 10814 10820 10813 -1 10820 10814 10821 -1 10815 10821 10814 -1 10821 10815 10822 -1 10717 10822 10815 -1 10822 10717 10719 -1 10817 10823 10816 -1 10823 10817 10824 -1 10825 10817 10818 -1 10817 10825 10824 -1 10820 10826 10819 -1 10826 10820 10827 -1 10821 10827 10820 -1 10827 10821 10828 -1 10822 10828 10821 -1 10828 10822 10829 -1 10719 10829 10822 -1 10829 10719 10721 -1 10824 10830 10823 -1 10830 10824 10831 -1 10832 10824 10825 -1 10824 10832 10831 -1 10827 10833 10826 -1 10833 10827 10834 -1 10828 10834 10827 -1 10834 10828 10835 -1 10829 10835 10828 -1 10835 10829 10836 -1 10721 10836 10829 -1 10836 10721 10723 -1 10830 10837 10838 -1 10837 10830 10831 -1 10839 10831 10832 -1 10831 10839 10837 -1 10833 10840 10841 -1 10840 10833 10834 -1 10840 10835 10842 -1 10835 10840 10834 -1 10842 10836 10843 -1 10836 10842 10835 -1 10843 10723 10726 -1 10723 10843 10836 -1 10838 10844 10845 -1 10844 10838 10837 -1 10846 10837 10839 -1 10837 10846 10844 -1 10841 10847 10848 -1 10847 10841 10840 -1 10847 10842 10849 -1 10842 10847 10840 -1 10849 10843 10850 -1 10843 10849 10842 -1 10850 10726 10728 -1 10726 10850 10843 -1 10845 10851 10852 -1 10851 10845 10844 -1 10844 10853 10851 -1 10853 10844 10846 -1 10848 10854 10855 -1 10854 10848 10847 -1 10847 10856 10854 -1 10856 10847 10849 -1 10849 10857 10856 -1 10857 10849 10850 -1 10850 10730 10857 -1 10730 10850 10728 -1 10852 10858 10859 -1 10858 10852 10851 -1 10851 10860 10858 -1 10860 10851 10853 -1 10855 10861 10862 -1 10861 10855 10854 -1 10854 10863 10861 -1 10863 10854 10856 -1 10856 10864 10863 -1 10864 10856 10857 -1 10857 10731 10864 -1 10731 10857 10730 -1 10859 10865 10866 -1 10865 10859 10858 -1 10865 10860 10867 -1 10860 10865 10858 -1 10862 10868 10869 -1 10868 10862 10861 -1 10861 10870 10868 -1 10870 10861 10863 -1 10863 10871 10870 -1 10871 10863 10864 -1 10864 10733 10871 -1 10733 10864 10731 -1 10866 10872 10873 -1 10872 10866 10865 -1 10872 10867 10874 -1 10867 10872 10865 -1 10869 10875 10876 -1 10875 10869 10868 -1 10868 10877 10875 -1 10877 10868 10870 -1 10870 10878 10877 -1 10878 10870 10871 -1 10871 10738 10878 -1 10738 10871 10733 -1 10872 10879 10873 -1 10879 10872 10880 -1 10880 10874 10881 -1 10874 10880 10872 -1 10875 10882 10876 -1 10882 10875 10883 -1 10877 10883 10875 -1 10883 10877 10884 -1 10878 10884 10877 -1 10884 10878 10885 -1 10738 10885 10878 -1 10885 10738 10740 -1 10880 10886 10879 -1 10886 10880 10887 -1 10887 10881 10888 -1 10881 10887 10880 -1 10883 10889 10882 -1 10889 10883 10890 -1 10884 10890 10883 -1 10890 10884 10891 -1 10885 10891 10884 -1 10891 10885 10892 -1 10740 10892 10885 -1 10892 10740 10742 -1 10887 10893 10886 -1 10893 10887 10894 -1 10888 10894 10887 -1 10894 10888 10895 -1 10890 10896 10889 -1 10896 10890 10897 -1 10891 10897 10890 -1 10897 10891 10898 -1 10892 10898 10891 -1 10898 10892 10899 -1 10742 10899 10892 -1 10899 10742 10744 -1 10894 10900 10893 -1 10900 10894 10901 -1 10895 10901 10894 -1 10901 10895 10902 -1 10897 10903 10896 -1 10903 10897 10904 -1 10898 10904 10897 -1 10904 10898 10905 -1 10899 10905 10898 -1 10905 10899 10906 -1 10744 10906 10899 -1 10906 10744 10746 -1 10901 10907 10900 -1 10907 10901 10908 -1 10901 10909 10908 -1 10909 10901 10902 -1 10904 10910 10903 -1 10910 10904 10911 -1 10905 10911 10904 -1 10911 10905 10912 -1 10906 10912 10905 -1 10912 10906 10913 -1 10746 10913 10906 -1 10913 10746 10748 -1 10908 10914 10907 -1 10914 10908 10915 -1 10908 10916 10915 -1 10916 10908 10909 -1 10911 10917 10910 -1 10917 10911 10918 -1 10912 10918 10911 -1 10918 10912 10919 -1 10913 10919 10912 -1 10919 10913 10920 -1 10748 10920 10913 -1 10920 10748 10750 -1 10921 10914 10915 -1 10914 10921 10922 -1 10915 10923 10921 -1 10923 10915 10916 -1 10924 10917 10918 -1 10917 10924 10925 -1 10919 10924 10918 -1 10924 10919 10926 -1 10920 10926 10919 -1 10926 10920 10927 -1 10928 10929 10930 -1 10929 10928 10931 -1 10931 10928 10923 -1 10931 10923 10925 -1 10925 10923 10916 -1 10925 10916 10917 -1 10917 10916 10909 -1 10917 10909 10910 -1 10910 10909 10902 -1 10910 10902 10903 -1 10903 10902 10895 -1 10903 10895 10896 -1 10896 10895 10889 -1 10889 10895 10888 -1 10889 10888 10882 -1 10882 10888 10881 -1 10882 10881 10876 -1 10876 10881 10874 -1 10876 10874 10869 -1 10869 10874 10867 -1 10869 10867 10862 -1 10862 10867 10860 -1 10862 10860 10855 -1 10855 10860 10853 -1 10929 10932 10930 -1 10932 10929 10933 -1 10932 10933 10787 -1 10787 10933 10790 -1 10787 10790 10788 -1 10788 10790 10792 -1 10788 10792 10797 -1 10797 10792 10798 -1 10797 10798 10804 -1 10804 10798 10805 -1 10804 10805 10811 -1 10811 10805 10812 -1 10811 10812 10819 -1 10811 10819 10818 -1 10818 10819 10826 -1 10818 10826 10825 -1 10825 10826 10833 -1 10825 10833 10832 -1 10832 10833 10841 -1 10832 10841 10839 -1 10839 10841 10848 -1 10839 10848 10846 -1 10846 10848 10855 -1 10846 10855 10853 -1 10934 10935 10936 -1 10935 10934 10937 -1 10932 10936 10930 -1 10936 10932 10934 -1 10938 10929 10939 -1 10929 10938 10933 -1 10780 10939 10940 -1 10939 10780 10938 -1 10781 10940 10941 -1 10940 10781 10780 -1 10710 10941 10759 -1 10941 10710 10781 -1 10785 10937 10934 -1 10937 10785 10784 -1 10932 10785 10934 -1 10785 10932 10787 -1 10791 10933 10938 -1 10933 10791 10790 -1 10782 10938 10780 -1 10938 10782 10791 -1 10942 10922 10921 -1 10922 10942 10943 -1 10921 10928 10942 -1 10928 10921 10923 -1 10944 10925 10924 -1 10925 10944 10931 -1 10926 10944 10924 -1 10944 10926 10945 -1 10927 10945 10926 -1 10945 10927 10946 -1 10754 10946 10927 -1 10946 10754 10757 -1 10939 10931 10944 -1 10931 10939 10929 -1 10928 10936 10942 -1 10936 10928 10930 -1 10946 10940 10945 -1 10940 10946 10941 -1 10945 10939 10944 -1 10939 10945 10940 -1 10936 10943 10942 -1 10943 10936 10935 -1 10757 10941 10946 -1 10941 10757 10759 -1 10750 10927 10920 -1 10927 10750 10754 -1 10947 10948 10949 -1 10948 10947 10950 -1 10951 10952 10953 -1 10952 10951 10954 -1 10955 10953 10956 -1 10953 10955 10951 -1 10957 10955 10956 -1 10955 10957 10958 -1 10959 10950 10947 -1 10950 10959 10960 -1 10961 10954 10951 -1 10954 10961 10962 -1 10955 10961 10951 -1 10961 10955 10963 -1 10958 10963 10955 -1 10963 10958 10964 -1 10959 10965 10960 -1 10965 10959 10966 -1 10961 10967 10962 -1 10967 10961 10968 -1 10963 10968 10961 -1 10968 10963 10969 -1 10964 10969 10963 -1 10969 10964 10970 -1 10966 10971 10965 -1 10971 10966 10972 -1 10968 10973 10967 -1 10973 10968 10974 -1 10969 10974 10968 -1 10974 10969 10975 -1 10970 10975 10969 -1 10975 10970 10976 -1 10972 10977 10971 -1 10977 10972 10978 -1 10974 10979 10973 -1 10979 10974 10980 -1 10975 10980 10974 -1 10980 10975 10981 -1 10976 10981 10975 -1 10981 10976 10982 -1 10978 10983 10977 -1 10983 10978 10984 -1 10980 10985 10979 -1 10985 10980 10986 -1 10981 10986 10980 -1 10986 10981 10987 -1 10988 10981 10982 -1 10981 10988 10987 -1 10984 10989 10983 -1 10989 10984 10990 -1 10986 10991 10985 -1 10991 10986 10992 -1 10987 10992 10986 -1 10992 10987 10993 -1 10994 10987 10988 -1 10987 10994 10993 -1 10990 10995 10989 -1 10995 10990 10996 -1 10992 10997 10991 -1 10997 10992 10998 -1 10999 10992 10993 -1 10992 10999 10998 -1 11000 10993 10994 -1 10993 11000 10999 -1 10995 11001 11002 -1 11001 10995 10996 -1 11003 10998 11004 -1 10998 11003 10997 -1 11005 10998 10999 -1 10998 11005 11004 -1 11006 10999 11000 -1 10999 11006 11005 -1 11002 11007 11008 -1 11007 11002 11001 -1 11009 11004 11010 -1 11004 11009 11003 -1 11010 11005 11011 -1 11005 11010 11004 -1 11012 11005 11006 -1 11005 11012 11011 -1 11008 11013 11014 -1 11013 11008 11007 -1 11009 11015 11016 -1 11015 11009 11010 -1 11010 11017 11015 -1 11017 11010 11011 -1 11018 11011 11012 -1 11011 11018 11017 -1 11019 11013 11020 -1 11013 11019 11014 -1 11016 11021 11022 -1 11021 11016 11015 -1 11015 11023 11021 -1 11023 11015 11017 -1 11023 11018 11024 -1 11018 11023 11017 -1 11019 11025 11026 -1 11025 11019 11020 -1 11022 11027 11028 -1 11027 11022 11021 -1 11021 11029 11027 -1 11029 11021 11023 -1 11029 11024 11030 -1 11024 11029 11023 -1 11026 11031 11032 -1 11031 11026 11025 -1 11028 11033 11034 -1 11033 11028 11027 -1 11033 11029 11035 -1 11029 11033 11027 -1 11035 11030 11036 -1 11030 11035 11029 -1 11031 11037 11032 -1 11037 11031 11038 -1 11033 11039 11034 -1 11039 11033 11040 -1 11040 11035 11041 -1 11035 11040 11033 -1 11041 11036 11042 -1 11036 11041 11035 -1 11038 11043 11037 -1 11043 11038 11044 -1 11040 11045 11039 -1 11045 11040 11046 -1 11041 11046 11040 -1 11046 11041 11047 -1 11047 11042 11048 -1 11042 11047 11041 -1 11044 11049 11043 -1 11049 11044 11050 -1 11046 11051 11045 -1 11051 11046 11052 -1 11047 11052 11046 -1 11052 11047 11053 -1 11047 11054 11053 -1 11054 11047 11048 -1 11050 11055 11049 -1 11055 11050 11056 -1 11052 11057 11051 -1 11057 11052 11058 -1 11053 11058 11052 -1 11058 11053 11059 -1 11053 11060 11059 -1 11060 11053 11054 -1 11056 11061 11055 -1 11061 11056 11062 -1 11058 11063 11057 -1 11063 11058 11064 -1 11059 11064 11058 -1 11064 11059 11065 -1 11059 11066 11065 -1 11066 11059 11060 -1 11062 11067 11061 -1 11067 11062 11068 -1 11064 11069 11063 -1 11069 11064 11070 -1 11064 11071 11070 -1 11071 11064 11065 -1 11065 11072 11071 -1 11072 11065 11066 -1 11073 10957 11074 -1 10957 11073 11075 -1 10957 11075 10935 -1 10935 11075 10943 -1 10943 11075 10922 -1 10922 11075 11072 -1 10922 11072 10914 -1 10914 11072 11066 -1 10914 11066 10907 -1 10907 11066 11060 -1 10907 11060 10900 -1 10900 11060 11054 -1 10900 11054 10893 -1 10893 11054 11048 -1 10893 11048 10886 -1 10886 11048 10879 -1 10879 11048 11042 -1 10879 11042 10873 -1 10873 11042 11036 -1 10873 11036 10866 -1 10866 11036 11030 -1 10866 11030 10859 -1 10859 11030 11024 -1 10859 11024 10852 -1 10935 10958 10957 -1 10958 10935 10937 -1 10958 10937 10784 -1 10958 10784 10964 -1 10964 10784 10786 -1 10964 10786 10970 -1 10970 10786 10795 -1 10970 10795 10976 -1 10976 10795 10802 -1 10976 10802 10982 -1 10982 10802 10809 -1 10982 10809 10816 -1 10982 10816 10988 -1 10988 10816 10823 -1 10988 10823 10994 -1 10994 10823 10830 -1 10994 10830 11000 -1 11000 10830 10838 -1 11000 10838 11006 -1 11006 10838 10845 -1 11006 10845 11012 -1 11012 10845 10852 -1 11012 10852 11024 -1 11012 11024 11018 -1 11076 10949 11077 -1 10949 11076 11078 -1 11078 11076 11079 -1 11079 11076 11080 -1 11079 11080 11081 -1 11081 11080 11068 -1 11081 11068 11069 -1 11069 11068 11062 -1 11069 11062 11063 -1 11063 11062 11056 -1 11063 11056 11057 -1 11057 11056 11050 -1 11057 11050 11051 -1 11051 11050 11044 -1 11051 11044 11045 -1 11045 11044 11039 -1 11039 11044 11038 -1 11039 11038 11034 -1 11034 11038 11031 -1 11034 11031 11028 -1 11028 11031 11025 -1 11028 11025 11022 -1 11022 11025 11020 -1 11022 11020 11016 -1 10949 10952 10947 -1 10952 10949 11078 -1 10947 10952 10954 -1 10947 10954 10959 -1 10959 10954 10962 -1 10959 10962 10966 -1 10966 10962 10967 -1 10966 10967 10972 -1 10972 10967 10973 -1 10972 10973 10978 -1 10978 10973 10979 -1 10978 10979 10985 -1 10978 10985 10984 -1 10984 10985 10991 -1 10984 10991 10990 -1 10990 10991 10997 -1 10990 10997 10996 -1 10996 10997 11003 -1 10996 11003 11001 -1 11001 11003 11009 -1 11001 11009 11007 -1 11007 11009 11016 -1 11007 11016 11020 -1 11007 11020 11013 -1 10949 11082 11077 -1 11082 10949 10948 -1 10953 11078 11083 -1 11078 10953 10952 -1 10956 11083 11084 -1 11083 10956 10953 -1 11074 10956 11084 -1 10956 11074 10957 -1 11080 11067 11068 -1 11067 11080 11085 -1 11070 11081 11069 -1 11081 11070 11086 -1 11070 11087 11086 -1 11087 11070 11071 -1 11071 11075 11087 -1 11075 11071 11072 -1 11076 11085 11080 -1 11085 11076 11088 -1 11086 11079 11081 -1 11079 11086 11089 -1 11087 11089 11086 -1 11089 11087 11090 -1 11087 11073 11090 -1 11073 11087 11075 -1 11089 11078 11079 -1 11078 11089 11083 -1 11077 11088 11076 -1 11088 11077 11082 -1 10948 11088 11082 -1 11088 10948 11085 -1 11085 10948 10950 -1 11085 10950 11067 -1 11067 10950 10960 -1 11067 10960 11061 -1 11061 10960 10965 -1 11061 10965 11055 -1 11055 10965 10971 -1 11055 10971 11049 -1 11049 10971 10977 -1 11049 10977 11043 -1 11043 10977 10983 -1 11043 10983 11037 -1 11037 10983 10989 -1 11037 10989 11032 -1 11032 10989 10995 -1 11032 10995 11026 -1 11026 10995 11002 -1 11026 11002 11019 -1 11019 11002 11008 -1 11019 11008 11014 -1 11090 11074 11084 -1 11074 11090 11073 -1 11090 11083 11089 -1 11083 11090 11084 -1 11091 11092 11093 -1 11092 11091 11094 -1 11095 11093 11096 -1 11093 11095 11091 -1 11097 11096 11098 -1 11096 11097 11095 -1 11099 11098 11100 -1 11098 11099 11097 -1 11101 11100 11102 -1 11100 11101 11099 -1 11103 11101 11102 -1 11101 11103 11104 -1 11105 11104 11103 -1 11104 11105 11106 -1 11107 11094 11091 -1 11094 11107 11108 -1 11109 11091 11095 -1 11091 11109 11107 -1 11110 11095 11097 -1 11095 11110 11109 -1 11111 11097 11099 -1 11097 11111 11110 -1 11112 11099 11101 -1 11099 11112 11111 -1 11104 11112 11101 -1 11112 11104 11113 -1 11106 11113 11104 -1 11113 11106 11114 -1 11107 11115 11108 -1 11115 11107 11116 -1 11109 11116 11107 -1 11116 11109 11117 -1 11110 11117 11109 -1 11117 11110 11118 -1 11111 11118 11110 -1 11118 11111 11119 -1 11112 11119 11111 -1 11119 11112 11120 -1 11113 11120 11112 -1 11120 11113 11121 -1 11114 11121 11113 -1 11121 11114 11122 -1 11116 11123 11115 -1 11123 11116 11124 -1 11117 11124 11116 -1 11124 11117 11125 -1 11118 11125 11117 -1 11125 11118 11126 -1 11119 11126 11118 -1 11126 11119 11127 -1 11120 11127 11119 -1 11127 11120 11128 -1 11121 11128 11120 -1 11128 11121 11129 -1 11122 11129 11121 -1 11129 11122 11130 -1 11124 11131 11123 -1 11131 11124 11132 -1 11125 11132 11124 -1 11132 11125 11133 -1 11126 11133 11125 -1 11133 11126 11134 -1 11127 11134 11126 -1 11134 11127 11135 -1 11128 11135 11127 -1 11135 11128 11136 -1 11129 11136 11128 -1 11136 11129 11137 -1 11130 11137 11129 -1 11137 11130 11138 -1 11132 11139 11131 -1 11139 11132 11140 -1 11133 11140 11132 -1 11140 11133 11141 -1 11134 11141 11133 -1 11141 11134 11142 -1 11135 11142 11134 -1 11142 11135 11143 -1 11136 11143 11135 -1 11143 11136 11144 -1 11145 11136 11137 -1 11136 11145 11144 -1 11146 11137 11138 -1 11137 11146 11145 -1 11140 11147 11139 -1 11147 11140 11148 -1 11141 11148 11140 -1 11148 11141 11149 -1 11142 11149 11141 -1 11149 11142 11150 -1 11143 11150 11142 -1 11150 11143 11151 -1 11144 11151 11143 -1 11151 11144 11152 -1 11153 11144 11145 -1 11144 11153 11152 -1 11154 11145 11146 -1 11145 11154 11153 -1 11148 11155 11147 -1 11155 11148 11156 -1 11149 11156 11148 -1 11156 11149 11157 -1 11150 11157 11149 -1 11157 11150 11158 -1 11151 11158 11150 -1 11158 11151 11159 -1 11152 11159 11151 -1 11159 11152 11160 -1 11161 11152 11153 -1 11152 11161 11160 -1 11162 11153 11154 -1 11153 11162 11161 -1 11163 11156 11164 -1 11156 11163 11155 -1 11164 11157 11165 -1 11157 11164 11156 -1 11165 11158 11166 -1 11158 11165 11157 -1 11166 11159 11167 -1 11159 11166 11158 -1 11167 11160 11168 -1 11160 11167 11159 -1 11169 11160 11161 -1 11160 11169 11168 -1 11170 11161 11162 -1 11161 11170 11169 -1 11171 11164 11172 -1 11164 11171 11163 -1 11172 11165 11173 -1 11165 11172 11164 -1 11173 11166 11174 -1 11166 11173 11165 -1 11174 11167 11175 -1 11167 11174 11166 -1 11175 11168 11176 -1 11168 11175 11167 -1 11177 11168 11169 -1 11168 11177 11176 -1 11178 11169 11170 -1 11169 11178 11177 -1 11171 11179 11180 -1 11179 11171 11172 -1 11172 11181 11179 -1 11181 11172 11173 -1 11173 11182 11181 -1 11182 11173 11174 -1 11174 11183 11182 -1 11183 11174 11175 -1 11175 11184 11183 -1 11184 11175 11176 -1 11185 11176 11177 -1 11176 11185 11184 -1 11186 11177 11178 -1 11177 11186 11185 -1 11180 11187 11188 -1 11187 11180 11179 -1 11179 11189 11187 -1 11189 11179 11181 -1 11181 11190 11189 -1 11190 11181 11182 -1 11182 11191 11190 -1 11191 11182 11183 -1 11183 11192 11191 -1 11192 11183 11184 -1 11192 11185 11193 -1 11185 11192 11184 -1 11193 11186 11194 -1 11186 11193 11185 -1 11188 11195 11196 -1 11195 11188 11187 -1 11187 11197 11195 -1 11197 11187 11189 -1 11189 11198 11197 -1 11198 11189 11190 -1 11190 11199 11198 -1 11199 11190 11191 -1 11191 11200 11199 -1 11200 11191 11192 -1 11200 11193 11201 -1 11193 11200 11192 -1 11201 11194 11202 -1 11194 11201 11193 -1 11196 11203 11204 -1 11203 11196 11195 -1 11195 11205 11203 -1 11205 11195 11197 -1 11197 11206 11205 -1 11206 11197 11198 -1 11198 11207 11206 -1 11207 11198 11199 -1 11199 11208 11207 -1 11208 11199 11200 -1 11208 11201 11209 -1 11201 11208 11200 -1 11209 11202 11210 -1 11202 11209 11201 -1 11203 11211 11204 -1 11211 11203 11212 -1 11205 11212 11203 -1 11212 11205 11213 -1 11206 11213 11205 -1 11213 11206 11214 -1 11207 11214 11206 -1 11214 11207 11215 -1 11208 11215 11207 -1 11215 11208 11216 -1 11216 11209 11217 -1 11209 11216 11208 -1 11217 11210 11218 -1 11210 11217 11209 -1 11212 11219 11211 -1 11219 11212 11220 -1 11213 11220 11212 -1 11220 11213 11221 -1 11214 11221 11213 -1 11221 11214 11222 -1 11215 11222 11214 -1 11222 11215 11223 -1 11216 11223 11215 -1 11223 11216 11224 -1 11224 11217 11225 -1 11217 11224 11216 -1 11225 11218 11226 -1 11218 11225 11217 -1 11220 11227 11219 -1 11227 11220 11228 -1 11221 11228 11220 -1 11228 11221 11229 -1 11222 11229 11221 -1 11229 11222 11230 -1 11223 11230 11222 -1 11230 11223 11231 -1 11224 11231 11223 -1 11231 11224 11232 -1 11224 11233 11232 -1 11233 11224 11225 -1 11225 11234 11233 -1 11234 11225 11226 -1 11228 11235 11227 -1 11235 11228 11236 -1 11229 11236 11228 -1 11236 11229 11237 -1 11230 11237 11229 -1 11237 11230 11238 -1 11231 11238 11230 -1 11238 11231 11239 -1 11232 11239 11231 -1 11239 11232 11240 -1 11232 11241 11240 -1 11241 11232 11233 -1 11233 11242 11241 -1 11242 11233 11234 -1 11236 11243 11235 -1 11243 11236 11244 -1 11237 11244 11236 -1 11244 11237 11245 -1 11238 11245 11237 -1 11245 11238 11246 -1 11239 11246 11238 -1 11246 11239 11247 -1 11240 11247 11239 -1 11247 11240 11248 -1 11240 11249 11248 -1 11249 11240 11241 -1 11241 11250 11249 -1 11250 11241 11242 -1 11244 11251 11243 -1 11251 11244 11252 -1 11245 11252 11244 -1 11252 11245 11253 -1 11246 11253 11245 -1 11253 11246 11254 -1 11247 11254 11246 -1 11254 11247 11255 -1 11248 11255 11247 -1 11255 11248 11256 -1 11248 11257 11256 -1 11257 11248 11249 -1 11249 11258 11257 -1 11258 11249 11250 -1 11094 11259 11092 -1 11259 11094 11260 -1 11260 11094 11261 -1 11260 11262 11259 -1 11108 11261 11094 -1 11261 11108 11263 -1 11263 11108 11264 -1 11263 11260 11261 -1 11264 11265 11263 -1 11265 11264 11266 -1 11266 11264 11108 -1 11266 11108 11115 -1 11266 11267 11265 -1 11267 11266 11268 -1 11268 11266 11115 -1 11268 11115 11123 -1 11268 11269 11267 -1 11269 11268 11270 -1 11270 11268 11123 -1 11270 11123 11131 -1 11270 11271 11269 -1 11271 11270 11272 -1 11272 11270 11131 -1 11272 11131 11139 -1 11272 11273 11271 -1 11273 11272 11274 -1 11274 11272 11139 -1 11274 11139 11147 -1 11274 11275 11273 -1 11275 11274 11276 -1 11276 11274 11147 -1 11276 11147 11155 -1 11275 11277 11278 -1 11277 11275 11163 -1 11163 11275 11155 -1 11155 11275 11276 -1 11278 11279 11280 -1 11279 11278 11171 -1 11171 11278 11163 -1 11163 11278 11277 -1 11280 11281 11282 -1 11281 11280 11180 -1 11180 11280 11171 -1 11171 11280 11279 -1 11283 11188 11284 -1 11188 11283 11180 -1 11180 11283 11282 -1 11180 11282 11281 -1 11283 11284 11285 -1 11285 11196 11286 -1 11196 11285 11188 -1 11188 11285 11284 -1 11287 11105 11288 -1 11105 11287 11289 -1 11105 11289 11106 -1 11106 11289 11258 -1 11106 11258 11114 -1 11114 11258 11250 -1 11114 11250 11122 -1 11122 11250 11242 -1 11122 11242 11130 -1 11130 11242 11234 -1 11130 11234 11138 -1 11138 11234 11226 -1 11138 11226 11146 -1 11146 11226 11218 -1 11146 11218 11154 -1 11154 11218 11210 -1 11154 11210 11162 -1 11162 11210 11202 -1 11162 11202 11170 -1 11170 11202 11194 -1 11170 11194 11178 -1 11178 11194 11186 -1 11285 11286 11290 -1 11290 11204 11291 -1 11204 11290 11196 -1 11196 11290 11286 -1 11291 11292 11290 -1 11292 11291 11293 -1 11293 11291 11204 -1 11293 11204 11211 -1 11293 11294 11292 -1 11294 11293 11295 -1 11295 11293 11211 -1 11295 11211 11219 -1 11295 11296 11294 -1 11296 11295 11297 -1 11297 11295 11219 -1 11297 11219 11227 -1 11297 11298 11296 -1 11298 11297 11299 -1 11299 11297 11227 -1 11299 11227 11235 -1 11299 11300 11298 -1 11300 11299 11301 -1 11301 11299 11235 -1 11301 11235 11243 -1 11301 11302 11300 -1 11302 11301 11303 -1 11303 11301 11243 -1 11303 11243 11251 -1 11304 11303 11251 -1 11303 11304 11302 -1 11302 11304 11305 -1 11302 11305 11306 -1 11307 11305 11304 -1 11305 11307 11306 -1 11306 11307 11308 -1 11306 11308 11309 -1 11310 11308 11307 -1 11308 11310 11309 -1 11309 11310 11311 -1 11311 11310 11312 -1 11093 11310 11313 -1 11310 11093 11092 -1 11096 11313 11314 -1 11313 11096 11093 -1 11098 11314 11315 -1 11314 11098 11096 -1 11100 11315 11316 -1 11315 11100 11098 -1 11102 11316 11317 -1 11316 11102 11100 -1 11318 11102 11317 -1 11102 11318 11103 -1 11288 11103 11318 -1 11103 11288 11105 -1 11092 11312 11310 -1 11312 11092 11311 -1 11311 11092 11262 -1 11262 11092 11259 -1 11252 11304 11251 -1 11304 11252 11319 -1 11253 11319 11252 -1 11319 11253 11320 -1 11254 11320 11253 -1 11320 11254 11321 -1 11255 11321 11254 -1 11321 11255 11322 -1 11256 11322 11255 -1 11322 11256 11323 -1 11256 11324 11323 -1 11324 11256 11257 -1 11257 11289 11324 -1 11289 11257 11258 -1 11319 11307 11304 -1 11307 11319 11325 -1 11320 11325 11319 -1 11325 11320 11326 -1 11321 11326 11320 -1 11326 11321 11327 -1 11322 11327 11321 -1 11327 11322 11328 -1 11323 11328 11322 -1 11328 11323 11329 -1 11323 11330 11329 -1 11330 11323 11324 -1 11324 11287 11330 -1 11287 11324 11289 -1 11330 11288 11318 -1 11288 11330 11287 -1 11327 11314 11326 -1 11314 11327 11315 -1 11326 11313 11325 -1 11313 11326 11314 -1 11328 11315 11327 -1 11315 11328 11316 -1 11325 11310 11307 -1 11310 11325 11313 -1 11329 11316 11328 -1 11316 11329 11317 -1 11329 11318 11317 -1 11318 11329 11330 -1 11331 11332 11333 -1 11332 11331 11334 -1 11260 11333 11262 -1 11333 11260 11331 -1 11335 11336 11337 -1 11336 11335 11338 -1 11339 11335 11337 -1 11335 11339 11340 -1 11341 11342 11343 -1 11342 11341 11344 -1 11345 11343 11334 -1 11343 11345 11341 -1 11346 11334 11331 -1 11334 11346 11345 -1 11263 11331 11260 -1 11331 11263 11346 -1 11335 11347 11338 -1 11347 11335 11348 -1 11340 11348 11335 -1 11348 11340 11349 -1 11341 11350 11344 -1 11350 11341 11351 -1 11345 11351 11341 -1 11351 11345 11352 -1 11346 11352 11345 -1 11352 11346 11353 -1 11263 11353 11346 -1 11353 11263 11265 -1 11348 11354 11347 -1 11354 11348 11355 -1 11349 11355 11348 -1 11355 11349 11356 -1 11351 11357 11350 -1 11357 11351 11358 -1 11352 11358 11351 -1 11358 11352 11359 -1 11353 11359 11352 -1 11359 11353 11360 -1 11265 11360 11353 -1 11360 11265 11267 -1 11355 11361 11354 -1 11361 11355 11362 -1 11356 11362 11355 -1 11362 11356 11363 -1 11358 11364 11357 -1 11364 11358 11365 -1 11359 11365 11358 -1 11365 11359 11366 -1 11360 11366 11359 -1 11366 11360 11367 -1 11267 11367 11360 -1 11367 11267 11269 -1 11362 11368 11361 -1 11368 11362 11369 -1 11363 11369 11362 -1 11369 11363 11370 -1 11365 11371 11364 -1 11371 11365 11372 -1 11366 11372 11365 -1 11372 11366 11373 -1 11367 11373 11366 -1 11373 11367 11374 -1 11269 11374 11367 -1 11374 11269 11271 -1 11369 11375 11368 -1 11375 11369 11376 -1 11377 11369 11370 -1 11369 11377 11376 -1 11372 11378 11371 -1 11378 11372 11379 -1 11373 11379 11372 -1 11379 11373 11380 -1 11374 11380 11373 -1 11380 11374 11381 -1 11271 11381 11374 -1 11381 11271 11273 -1 11376 11382 11375 -1 11382 11376 11383 -1 11384 11376 11377 -1 11376 11384 11383 -1 11379 11385 11378 -1 11385 11379 11386 -1 11380 11386 11379 -1 11386 11380 11387 -1 11381 11387 11380 -1 11387 11381 11388 -1 11273 11388 11381 -1 11388 11273 11275 -1 11382 11389 11390 -1 11389 11382 11383 -1 11391 11383 11384 -1 11383 11391 11389 -1 11385 11392 11393 -1 11392 11385 11386 -1 11392 11387 11394 -1 11387 11392 11386 -1 11394 11388 11395 -1 11388 11394 11387 -1 11395 11275 11278 -1 11275 11395 11388 -1 11390 11396 11397 -1 11396 11390 11389 -1 11398 11389 11391 -1 11389 11398 11396 -1 11393 11399 11400 -1 11399 11393 11392 -1 11399 11394 11401 -1 11394 11399 11392 -1 11401 11395 11402 -1 11395 11401 11394 -1 11402 11278 11280 -1 11278 11402 11395 -1 11397 11403 11404 -1 11403 11397 11396 -1 11396 11405 11403 -1 11405 11396 11398 -1 11400 11406 11407 -1 11406 11400 11399 -1 11399 11408 11406 -1 11408 11399 11401 -1 11401 11409 11408 -1 11409 11401 11402 -1 11402 11282 11409 -1 11282 11402 11280 -1 11404 11410 11411 -1 11410 11404 11403 -1 11403 11412 11410 -1 11412 11403 11405 -1 11407 11413 11414 -1 11413 11407 11406 -1 11406 11415 11413 -1 11415 11406 11408 -1 11408 11416 11415 -1 11416 11408 11409 -1 11409 11283 11416 -1 11283 11409 11282 -1 11411 11417 11418 -1 11417 11411 11410 -1 11417 11412 11419 -1 11412 11417 11410 -1 11414 11420 11421 -1 11420 11414 11413 -1 11413 11422 11420 -1 11422 11413 11415 -1 11415 11423 11422 -1 11423 11415 11416 -1 11416 11285 11423 -1 11285 11416 11283 -1 11418 11424 11425 -1 11424 11418 11417 -1 11424 11419 11426 -1 11419 11424 11417 -1 11421 11427 11428 -1 11427 11421 11420 -1 11420 11429 11427 -1 11429 11420 11422 -1 11422 11430 11429 -1 11430 11422 11423 -1 11423 11290 11430 -1 11290 11423 11285 -1 11424 11431 11425 -1 11431 11424 11432 -1 11432 11426 11433 -1 11426 11432 11424 -1 11427 11434 11428 -1 11434 11427 11435 -1 11429 11435 11427 -1 11435 11429 11436 -1 11430 11436 11429 -1 11436 11430 11437 -1 11290 11437 11430 -1 11437 11290 11292 -1 11432 11438 11431 -1 11438 11432 11439 -1 11439 11433 11440 -1 11433 11439 11432 -1 11435 11441 11434 -1 11441 11435 11442 -1 11436 11442 11435 -1 11442 11436 11443 -1 11437 11443 11436 -1 11443 11437 11444 -1 11292 11444 11437 -1 11444 11292 11294 -1 11439 11445 11438 -1 11445 11439 11446 -1 11440 11446 11439 -1 11446 11440 11447 -1 11442 11448 11441 -1 11448 11442 11449 -1 11443 11449 11442 -1 11449 11443 11450 -1 11444 11450 11443 -1 11450 11444 11451 -1 11294 11451 11444 -1 11451 11294 11296 -1 11446 11452 11445 -1 11452 11446 11453 -1 11447 11453 11446 -1 11453 11447 11454 -1 11449 11455 11448 -1 11455 11449 11456 -1 11450 11456 11449 -1 11456 11450 11457 -1 11451 11457 11450 -1 11457 11451 11458 -1 11296 11458 11451 -1 11458 11296 11298 -1 11453 11459 11452 -1 11459 11453 11460 -1 11453 11461 11460 -1 11461 11453 11454 -1 11456 11462 11455 -1 11462 11456 11463 -1 11457 11463 11456 -1 11463 11457 11464 -1 11458 11464 11457 -1 11464 11458 11465 -1 11298 11465 11458 -1 11465 11298 11300 -1 11460 11466 11459 -1 11466 11460 11467 -1 11460 11468 11467 -1 11468 11460 11461 -1 11463 11469 11462 -1 11469 11463 11470 -1 11464 11470 11463 -1 11470 11464 11471 -1 11465 11471 11464 -1 11471 11465 11472 -1 11300 11472 11465 -1 11472 11300 11302 -1 11473 11466 11467 -1 11466 11473 11474 -1 11467 11475 11473 -1 11475 11467 11468 -1 11476 11469 11470 -1 11469 11476 11477 -1 11471 11476 11470 -1 11476 11471 11478 -1 11472 11478 11471 -1 11478 11472 11479 -1 11480 11481 11482 -1 11481 11480 11483 -1 11483 11480 11475 -1 11483 11475 11477 -1 11477 11475 11468 -1 11477 11468 11469 -1 11469 11468 11461 -1 11469 11461 11462 -1 11462 11461 11454 -1 11462 11454 11455 -1 11455 11454 11447 -1 11455 11447 11448 -1 11448 11447 11441 -1 11441 11447 11440 -1 11441 11440 11434 -1 11434 11440 11433 -1 11434 11433 11428 -1 11428 11433 11426 -1 11428 11426 11421 -1 11421 11426 11419 -1 11421 11419 11414 -1 11414 11419 11412 -1 11414 11412 11407 -1 11407 11412 11405 -1 11481 11484 11482 -1 11484 11481 11485 -1 11484 11485 11339 -1 11339 11485 11342 -1 11339 11342 11340 -1 11340 11342 11344 -1 11340 11344 11349 -1 11349 11344 11350 -1 11349 11350 11356 -1 11356 11350 11357 -1 11356 11357 11363 -1 11363 11357 11364 -1 11363 11364 11371 -1 11363 11371 11370 -1 11370 11371 11378 -1 11370 11378 11377 -1 11377 11378 11385 -1 11377 11385 11384 -1 11384 11385 11393 -1 11384 11393 11391 -1 11391 11393 11400 -1 11391 11400 11398 -1 11398 11400 11407 -1 11398 11407 11405 -1 11486 11487 11488 -1 11487 11486 11489 -1 11484 11488 11482 -1 11488 11484 11486 -1 11490 11481 11491 -1 11481 11490 11485 -1 11332 11491 11492 -1 11491 11332 11490 -1 11333 11492 11493 -1 11492 11333 11332 -1 11262 11493 11311 -1 11493 11262 11333 -1 11337 11489 11486 -1 11489 11337 11336 -1 11484 11337 11486 -1 11337 11484 11339 -1 11343 11485 11490 -1 11485 11343 11342 -1 11334 11490 11332 -1 11490 11334 11343 -1 11494 11474 11473 -1 11474 11494 11495 -1 11473 11480 11494 -1 11480 11473 11475 -1 11496 11477 11476 -1 11477 11496 11483 -1 11478 11496 11476 -1 11496 11478 11497 -1 11479 11497 11478 -1 11497 11479 11498 -1 11306 11498 11479 -1 11498 11306 11309 -1 11491 11483 11496 -1 11483 11491 11481 -1 11480 11488 11494 -1 11488 11480 11482 -1 11498 11492 11497 -1 11492 11498 11493 -1 11497 11491 11496 -1 11491 11497 11492 -1 11488 11495 11494 -1 11495 11488 11487 -1 11309 11493 11498 -1 11493 11309 11311 -1 11302 11479 11472 -1 11479 11302 11306 -1 11499 11500 11501 -1 11500 11499 11502 -1 11503 11504 11505 -1 11504 11503 11506 -1 11507 11505 11508 -1 11505 11507 11503 -1 11509 11507 11508 -1 11507 11509 11510 -1 11511 11502 11499 -1 11502 11511 11512 -1 11513 11506 11503 -1 11506 11513 11514 -1 11507 11513 11503 -1 11513 11507 11515 -1 11510 11515 11507 -1 11515 11510 11516 -1 11511 11517 11512 -1 11517 11511 11518 -1 11513 11519 11514 -1 11519 11513 11520 -1 11515 11520 11513 -1 11520 11515 11521 -1 11516 11521 11515 -1 11521 11516 11522 -1 11518 11523 11517 -1 11523 11518 11524 -1 11520 11525 11519 -1 11525 11520 11526 -1 11521 11526 11520 -1 11526 11521 11527 -1 11522 11527 11521 -1 11527 11522 11528 -1 11524 11529 11523 -1 11529 11524 11530 -1 11526 11531 11525 -1 11531 11526 11532 -1 11527 11532 11526 -1 11532 11527 11533 -1 11528 11533 11527 -1 11533 11528 11534 -1 11530 11535 11529 -1 11535 11530 11536 -1 11532 11537 11531 -1 11537 11532 11538 -1 11533 11538 11532 -1 11538 11533 11539 -1 11540 11533 11534 -1 11533 11540 11539 -1 11536 11541 11535 -1 11541 11536 11542 -1 11538 11543 11537 -1 11543 11538 11544 -1 11539 11544 11538 -1 11544 11539 11545 -1 11546 11539 11540 -1 11539 11546 11545 -1 11542 11547 11541 -1 11547 11542 11548 -1 11544 11549 11543 -1 11549 11544 11550 -1 11551 11544 11545 -1 11544 11551 11550 -1 11552 11545 11546 -1 11545 11552 11551 -1 11547 11553 11554 -1 11553 11547 11548 -1 11555 11550 11556 -1 11550 11555 11549 -1 11557 11550 11551 -1 11550 11557 11556 -1 11558 11551 11552 -1 11551 11558 11557 -1 11554 11559 11560 -1 11559 11554 11553 -1 11561 11556 11562 -1 11556 11561 11555 -1 11562 11557 11563 -1 11557 11562 11556 -1 11564 11557 11558 -1 11557 11564 11563 -1 11560 11565 11566 -1 11565 11560 11559 -1 11561 11567 11568 -1 11567 11561 11562 -1 11562 11569 11567 -1 11569 11562 11563 -1 11570 11563 11564 -1 11563 11570 11569 -1 11571 11565 11572 -1 11565 11571 11566 -1 11568 11573 11574 -1 11573 11568 11567 -1 11567 11575 11573 -1 11575 11567 11569 -1 11575 11570 11576 -1 11570 11575 11569 -1 11571 11577 11578 -1 11577 11571 11572 -1 11574 11579 11580 -1 11579 11574 11573 -1 11573 11581 11579 -1 11581 11573 11575 -1 11581 11576 11582 -1 11576 11581 11575 -1 11578 11583 11584 -1 11583 11578 11577 -1 11580 11585 11586 -1 11585 11580 11579 -1 11585 11581 11587 -1 11581 11585 11579 -1 11587 11582 11588 -1 11582 11587 11581 -1 11583 11589 11584 -1 11589 11583 11590 -1 11585 11591 11586 -1 11591 11585 11592 -1 11592 11587 11593 -1 11587 11592 11585 -1 11593 11588 11594 -1 11588 11593 11587 -1 11590 11595 11589 -1 11595 11590 11596 -1 11592 11597 11591 -1 11597 11592 11598 -1 11593 11598 11592 -1 11598 11593 11599 -1 11599 11594 11600 -1 11594 11599 11593 -1 11596 11601 11595 -1 11601 11596 11602 -1 11598 11603 11597 -1 11603 11598 11604 -1 11599 11604 11598 -1 11604 11599 11605 -1 11599 11606 11605 -1 11606 11599 11600 -1 11602 11607 11601 -1 11607 11602 11608 -1 11604 11609 11603 -1 11609 11604 11610 -1 11605 11610 11604 -1 11610 11605 11611 -1 11605 11612 11611 -1 11612 11605 11606 -1 11608 11613 11607 -1 11613 11608 11614 -1 11610 11615 11609 -1 11615 11610 11616 -1 11611 11616 11610 -1 11616 11611 11617 -1 11611 11618 11617 -1 11618 11611 11612 -1 11614 11619 11613 -1 11619 11614 11620 -1 11616 11621 11615 -1 11621 11616 11622 -1 11616 11623 11622 -1 11623 11616 11617 -1 11617 11624 11623 -1 11624 11617 11618 -1 11625 11509 11626 -1 11509 11625 11627 -1 11509 11627 11487 -1 11487 11627 11495 -1 11495 11627 11474 -1 11474 11627 11624 -1 11474 11624 11466 -1 11466 11624 11618 -1 11466 11618 11459 -1 11459 11618 11612 -1 11459 11612 11452 -1 11452 11612 11606 -1 11452 11606 11445 -1 11445 11606 11600 -1 11445 11600 11438 -1 11438 11600 11431 -1 11431 11600 11594 -1 11431 11594 11425 -1 11425 11594 11588 -1 11425 11588 11418 -1 11418 11588 11582 -1 11418 11582 11411 -1 11411 11582 11576 -1 11411 11576 11404 -1 11487 11510 11509 -1 11510 11487 11489 -1 11510 11489 11336 -1 11510 11336 11516 -1 11516 11336 11338 -1 11516 11338 11522 -1 11522 11338 11347 -1 11522 11347 11528 -1 11528 11347 11354 -1 11528 11354 11534 -1 11534 11354 11361 -1 11534 11361 11368 -1 11534 11368 11540 -1 11540 11368 11375 -1 11540 11375 11546 -1 11546 11375 11382 -1 11546 11382 11552 -1 11552 11382 11390 -1 11552 11390 11558 -1 11558 11390 11397 -1 11558 11397 11564 -1 11564 11397 11404 -1 11564 11404 11576 -1 11564 11576 11570 -1 11628 11501 11629 -1 11501 11628 11630 -1 11630 11628 11631 -1 11631 11628 11632 -1 11631 11632 11633 -1 11633 11632 11620 -1 11633 11620 11621 -1 11621 11620 11614 -1 11621 11614 11615 -1 11615 11614 11608 -1 11615 11608 11609 -1 11609 11608 11602 -1 11609 11602 11603 -1 11603 11602 11596 -1 11603 11596 11597 -1 11597 11596 11591 -1 11591 11596 11590 -1 11591 11590 11586 -1 11586 11590 11583 -1 11586 11583 11580 -1 11580 11583 11577 -1 11580 11577 11574 -1 11574 11577 11572 -1 11574 11572 11568 -1 11501 11504 11499 -1 11504 11501 11630 -1 11499 11504 11506 -1 11499 11506 11511 -1 11511 11506 11514 -1 11511 11514 11518 -1 11518 11514 11519 -1 11518 11519 11524 -1 11524 11519 11525 -1 11524 11525 11530 -1 11530 11525 11531 -1 11530 11531 11537 -1 11530 11537 11536 -1 11536 11537 11543 -1 11536 11543 11542 -1 11542 11543 11549 -1 11542 11549 11548 -1 11548 11549 11555 -1 11548 11555 11553 -1 11553 11555 11561 -1 11553 11561 11559 -1 11559 11561 11568 -1 11559 11568 11572 -1 11559 11572 11565 -1 11501 11634 11629 -1 11634 11501 11500 -1 11505 11630 11635 -1 11630 11505 11504 -1 11508 11635 11636 -1 11635 11508 11505 -1 11626 11508 11636 -1 11508 11626 11509 -1 11632 11619 11620 -1 11619 11632 11637 -1 11622 11633 11621 -1 11633 11622 11638 -1 11622 11639 11638 -1 11639 11622 11623 -1 11623 11627 11639 -1 11627 11623 11624 -1 11628 11637 11632 -1 11637 11628 11640 -1 11638 11631 11633 -1 11631 11638 11641 -1 11639 11641 11638 -1 11641 11639 11642 -1 11639 11625 11642 -1 11625 11639 11627 -1 11641 11630 11631 -1 11630 11641 11635 -1 11629 11640 11628 -1 11640 11629 11634 -1 11500 11640 11634 -1 11640 11500 11637 -1 11637 11500 11502 -1 11637 11502 11619 -1 11619 11502 11512 -1 11619 11512 11613 -1 11613 11512 11517 -1 11613 11517 11607 -1 11607 11517 11523 -1 11607 11523 11601 -1 11601 11523 11529 -1 11601 11529 11595 -1 11595 11529 11535 -1 11595 11535 11589 -1 11589 11535 11541 -1 11589 11541 11584 -1 11584 11541 11547 -1 11584 11547 11578 -1 11578 11547 11554 -1 11578 11554 11571 -1 11571 11554 11560 -1 11571 11560 11566 -1 11642 11626 11636 -1 11626 11642 11625 -1 11642 11635 11641 -1 11635 11642 11636 -1 "
						                >
							<Coordinate DEF="coords_ME_44-1_001"
							            point="300.651062 -18.377953 142.445847 301.415405 -18.377953 142.256714 301.415405 49.456692 142.256714 300.651062 49.456692 142.445847 300.658875 -18.377953 139.199310 300.658875 49.456692 139.199310 299.130188 49.456692 139.577576 299.130188 -18.377953 139.577576 300.118591 -18.377953 140.293976 300.118591 49.456692 140.293976 282.071198 49.387524 143.629059 282.071198 -21.330709 143.629059 281.327087 -21.330709 141.387115 281.327087 49.387524 141.387115 279.085144 49.387524 142.131210 279.085144 -21.330709 142.131210 281.451508 -21.330709 143.834732 281.451508 49.387524 143.834732 -296.399078 -19.488190 142.445847 -297.163422 48.346458 142.256714 -297.163422 -19.488190 142.256714 -296.399078 48.346458 142.445847 -296.406891 -19.488190 139.199310 -296.406891 48.346458 139.199310 -294.878204 48.346458 139.577576 -294.878204 -19.488190 139.577576 -295.866608 -19.488190 140.293976 -295.866608 48.346458 140.293976 -277.819214 48.277290 143.629059 -277.075104 -19.488190 141.387115 -277.819214 -19.488190 143.629059 -277.075104 48.277290 141.387115 -274.833160 48.277290 142.131210 -274.833160 -19.488190 142.131210 -277.199554 48.277290 143.834732 -277.199554 -19.488190 143.834732 37.559055 -1.968504 172.366821 49.370079 -1.968504 172.366821 49.370079 1.968504 172.366821 37.559055 1.968504 172.366821 37.559055 1.968504 166.461304 37.559055 -1.968504 166.461304 49.370079 -1.968504 174.729019 161.968506 -1.968504 174.729019 161.968506 1.968504 174.729019 49.370079 1.968504 174.729019 161.968506 1.968504 166.461304 161.968506 -1.968504 166.461304 139.724411 48.960907 183.065506 139.724411 -25.288429 183.065506 139.991302 -25.288429 184.061569 139.991302 48.960907 184.061569 141.791336 48.960907 179.485474 143.858261 48.960907 178.931641 143.858261 -25.288429 178.931641 141.791336 -25.288429 179.485474 147.438293 48.960907 185.132431 147.438293 -25.288429 185.132431 147.725235 -25.288429 184.061569 147.725235 48.960907 184.061569 145.925201 -25.288429 179.485474 140.278244 -25.288429 180.998581 147.438293 -25.288429 180.998581 147.992126 -25.288429 183.065506 140.278244 -25.288429 185.132431 141.791336 -25.288429 186.645523 145.925201 -25.288429 186.645523 143.858261 -25.288429 187.199356 145.925201 48.960907 186.645523 145.925201 48.960907 179.485474 147.992126 48.960907 183.065506 147.438293 48.960907 180.998581 140.278244 48.960907 180.998581 140.278244 48.960907 185.132431 141.791336 48.960907 186.645523 143.858261 48.960907 187.199356 140.708664 9.055119 176.303833 141.889771 9.055119 176.303833 141.889771 14.566929 176.303833 140.708664 14.566929 176.303833 146.593033 14.152086 173.502487 146.593033 9.469961 173.502487 146.322876 9.740121 172.962173 146.322876 13.881927 172.962173 140.708664 13.779528 173.941620 140.708664 9.055119 173.941620 140.708664 14.566929 173.941620 146.220474 9.842520 172.366821 146.220474 13.779528 172.366821 147.007874 14.566929 173.941620 147.007874 9.055119 173.941620 145.826767 9.055119 176.303833 147.007874 9.055119 176.303833 147.007874 14.566929 176.303833 145.826767 14.566929 176.303833 145.826767 14.566929 174.729019 141.889771 14.566929 174.729019 141.889771 9.055119 174.729019 145.826767 9.055119 174.729019 141.393661 9.740121 172.962173 141.496063 9.842520 172.366821 141.123505 9.469961 173.502487 141.123505 13.779528 173.502487 141.393661 13.779528 172.962173 141.393661 13.881927 172.962173 141.123505 14.152086 173.502487 141.496063 13.779528 172.366821 140.708664 -3.543307 173.941620 147.007874 -3.543307 173.941620 145.826767 -3.543307 174.729019 141.889771 -3.543307 174.729019 141.889771 -3.543307 176.303833 140.708664 -3.543307 176.303833 147.007874 -3.543307 176.303833 145.826767 -3.543307 176.303833 140.708664 2.755905 176.303833 140.708664 2.755905 173.941620 140.708664 1.968504 173.941620 141.123505 2.341062 173.502487 141.123505 1.968504 173.502487 141.123505 -3.128464 173.502487 147.007874 2.755905 173.941620 146.593033 2.341062 173.502487 141.393661 2.070903 172.962173 141.393661 1.968504 172.962173 141.393661 -2.858305 172.962173 141.889771 2.755905 176.303833 141.889771 2.755905 174.729019 145.826767 2.755905 176.303833 147.007874 2.755905 176.303833 145.826767 2.755905 174.729019 146.322876 2.070903 172.962173 141.496063 1.968504 172.366821 141.496063 -2.755906 172.366821 146.593033 -3.128464 173.502487 146.322876 -2.858305 172.962173 146.220474 -2.755906 172.366821 146.220474 1.968504 172.366821 141.889771 -20.942095 176.309540 141.889771 -20.957720 179.459106 141.889771 19.992777 179.459106 141.889771 -20.150797 175.526047 141.889771 -18.573408 175.008942 141.889771 -16.209930 174.758194 141.889771 15.291864 174.711319 141.889771 17.652739 174.985504 141.889771 19.439802 175.591049 141.889771 20.008402 176.309540 145.826767 -20.150797 175.526047 145.826767 -20.942095 176.309540 145.826767 -16.209930 174.758194 145.826767 -18.573408 175.008942 145.826767 19.439802 175.591049 145.826767 20.008402 176.309540 145.826767 19.992777 179.459106 145.826767 15.291864 174.711319 145.826767 -20.957720 179.459106 145.826767 17.652739 174.985504 140.708664 -15.354331 176.303833 141.889771 -15.354331 176.303833 141.889771 -9.842520 176.303833 140.708664 -9.842520 176.303833 146.593033 -10.257363 173.502487 146.593033 -14.939487 173.502487 146.322876 -14.669328 172.962173 146.322876 -10.527522 172.962173 140.708664 -10.629921 173.941620 140.708664 -15.354331 173.941620 140.708664 -9.842520 173.941620 146.220474 -14.566929 172.366821 146.220474 -10.629921 172.366821 147.007874 -9.842520 173.941620 147.007874 -15.354331 173.941620 145.826767 -15.354331 176.303833 147.007874 -15.354331 176.303833 147.007874 -9.842520 176.303833 145.826767 -9.842520 176.303833 145.826767 -9.842520 174.729019 141.889771 -9.842520 174.729019 141.889771 -15.354331 174.729019 145.826767 -15.354331 174.729019 141.393661 -14.669328 172.962173 141.496063 -14.566929 172.366821 141.123505 -14.939487 173.502487 141.123505 -10.629921 173.502487 141.393661 -10.629921 172.962173 141.393661 -10.527522 172.962173 141.123505 -10.257363 173.502487 141.496063 -10.629921 172.366821 141.889771 2.362205 166.461304 141.889771 5.905512 166.461304 145.826767 5.905512 166.461304 145.826767 2.362205 166.461304 141.889771 -3.149606 167.248718 145.826767 -3.149606 167.248718 145.826767 -3.149606 166.461304 141.889771 -3.149606 166.461304 141.889771 2.362205 167.248718 145.826767 2.362205 167.248718 141.889771 8.530184 166.697525 141.889771 10.629921 167.169968 141.889771 12.204724 167.878632 141.889771 -6.692914 166.461304 141.889771 -9.317585 166.697525 141.889771 -11.417323 167.169968 141.889771 -12.992126 167.878632 141.889771 13.254593 168.823517 141.889771 -14.041995 168.823517 141.889771 13.779528 170.004623 141.889771 -14.566929 170.004623 141.889771 8.661417 171.185715 141.889771 13.779528 172.366821 141.889771 -3.543307 171.185715 141.889771 9.251968 171.343964 141.889771 9.684282 171.776276 141.889771 9.842520 172.366821 141.889771 1.574803 172.366821 141.889771 1.733041 171.776276 141.889771 1.181102 172.366821 141.889771 -2.952756 171.343964 141.889771 2.755905 171.185715 141.889771 2.165354 171.343964 141.889771 -2.520442 171.776276 141.889771 -2.362205 172.366821 141.889771 -1.968504 172.366821 141.889771 -14.566929 172.366821 141.889771 -9.448819 171.185715 141.889771 -10.039371 171.343964 141.889771 -10.471684 171.776276 141.889771 -10.629921 172.366821 145.826767 -1.968504 172.366821 145.826767 -2.362205 172.366821 143.858261 -2.952756 172.366821 145.826767 1.181102 172.366821 145.826767 -2.520442 171.776276 143.858261 -3.031875 172.071548 143.858261 -3.618406 171.756149 143.858261 -9.373720 171.756149 145.826767 -10.629921 172.366821 145.826767 -10.471684 171.776276 143.858261 -9.960251 172.071548 143.858261 -10.039371 172.366821 145.826767 9.251968 171.343964 145.826767 9.684282 171.776276 143.858261 9.172850 172.071548 143.858261 8.956693 171.855392 143.858261 -3.248032 171.855392 145.826767 -9.448819 171.185715 145.826767 -3.543307 171.185715 143.858261 9.251968 172.366821 143.858261 2.244473 172.071548 145.826767 1.733041 171.776276 145.826767 2.165354 171.343964 143.858261 2.460630 171.855392 145.826767 8.530184 166.697525 143.858261 2.165354 172.366821 145.826767 -14.566929 170.004623 145.826767 -14.566929 172.366821 145.826767 9.842520 172.366821 145.826767 8.661417 171.185715 143.858261 8.586319 171.756149 145.826767 -10.039371 171.343964 143.858261 -9.744095 171.855392 145.826767 -6.692914 166.461304 145.826767 -9.317585 166.697525 143.858261 2.831004 171.756149 145.826767 2.755905 171.185715 145.826767 -2.952756 171.343964 145.826767 -14.041995 168.823517 145.826767 -11.417323 167.169968 145.826767 -12.992126 167.878632 145.826767 13.779528 172.366821 145.826767 1.574803 172.366821 145.826767 13.779528 170.004623 145.826767 13.254593 168.823517 145.826767 12.204724 167.878632 145.826767 10.629921 167.169968 140.708664 1.968504 166.461304 137.559052 1.968504 166.461304 137.559052 -1.968504 166.461304 140.708664 -1.968504 166.461304 150.157486 1.968504 166.461304 147.007874 1.968504 166.461304 147.007874 -1.968504 166.461304 150.157486 -1.968504 166.461304 145.826767 6.299212 166.461304 141.889771 6.299212 166.461304 141.889771 -6.299212 166.461304 145.826767 -6.299212 166.461304 147.007874 1.968504 168.036118 147.007874 -1.968504 168.036118 141.889771 6.299212 169.610916 141.889771 1.968504 168.036118 141.889771 -1.968504 168.036118 141.889771 -1.968504 169.610916 141.889771 -6.299212 169.610916 141.889771 1.968504 169.610916 145.826767 -6.299212 169.610916 145.826767 -1.968504 169.610916 145.826767 -1.968504 168.036118 145.826767 1.968504 169.610916 145.826767 6.299212 169.610916 145.826767 1.968504 168.036118 140.708664 -1.968504 168.036118 140.708664 1.968504 168.036118 150.157486 6.299212 164.886505 149.327789 5.469526 164.008240 138.388748 5.469526 164.008240 137.559052 6.299212 164.886505 148.787476 4.929207 162.927612 138.929062 4.929207 162.927612 137.559052 -6.299212 164.886505 138.388748 -5.469526 164.008240 138.929062 -4.929207 162.927612 139.133865 4.724410 161.736893 139.133865 -4.724410 161.736893 148.582672 -4.724410 161.736893 148.787476 -4.929207 162.927612 149.327789 -5.469526 164.008240 150.157486 -6.299212 164.886505 150.157486 6.299212 169.610916 150.157486 1.968504 169.610916 148.582672 4.724410 161.736893 150.157486 -1.968504 169.610916 137.559052 1.968504 169.610916 137.559052 -1.968504 169.610916 137.559052 -6.299212 169.610916 150.157486 -6.299212 169.610916 149.327789 -4.724410 164.008240 148.787476 -4.724410 162.927612 150.157486 -4.724410 164.886505 137.559052 6.299212 169.610916 -33.307087 -1.968504 172.366821 -45.118111 1.968504 172.366821 -45.118111 -1.968504 172.366821 -33.307087 1.968504 172.366821 -33.307087 1.968504 166.461304 -33.307087 -1.968504 166.461304 -45.118111 -1.968504 174.729019 -157.716537 1.968504 174.729019 -157.716537 -1.968504 174.729019 -45.118111 1.968504 174.729019 -157.716537 1.968504 166.461304 -157.716537 -1.968504 166.461304 -135.472443 48.960907 183.065506 -135.739334 -25.288429 184.061569 -135.472443 -25.288429 183.065506 -135.739334 48.960907 184.061569 -137.539368 48.960907 179.485474 -139.606293 -25.288429 178.931641 -139.606293 48.960907 178.931641 -137.539368 -25.288429 179.485474 -143.186325 48.960907 185.132431 -143.473267 -25.288429 184.061569 -143.186325 -25.288429 185.132431 -143.473267 48.960907 184.061569 -141.673233 -25.288429 179.485474 -136.026276 -25.288429 180.998581 -143.186325 -25.288429 180.998581 -143.740158 -25.288429 183.065506 -136.026276 -25.288429 185.132431 -137.539368 -25.288429 186.645523 -141.673233 -25.288429 186.645523 -139.606293 -25.288429 187.199356 -141.673233 48.960907 186.645523 -141.673233 48.960907 179.485474 -143.740158 48.960907 183.065506 -143.186325 48.960907 180.998581 -136.026276 48.960907 180.998581 -136.026276 48.960907 185.132431 -137.539368 48.960907 186.645523 -139.606293 48.960907 187.199356 -136.456696 9.055119 176.303833 -137.637802 14.566929 176.303833 -137.637802 9.055119 176.303833 -136.456696 14.566929 176.303833 -142.341064 14.152086 173.502487 -142.070908 9.740121 172.962173 -142.341064 9.469961 173.502487 -142.070908 13.881927 172.962173 -136.456696 13.779528 173.941620 -136.456696 9.055119 173.941620 -136.456696 14.566929 173.941620 -141.968506 9.842520 172.366821 -141.968506 13.779528 172.366821 -142.755905 14.566929 173.941620 -142.755905 9.055119 173.941620 -141.574799 9.055119 176.303833 -142.755905 14.566929 176.303833 -142.755905 9.055119 176.303833 -141.574799 14.566929 176.303833 -141.574799 14.566929 174.729019 -137.637802 14.566929 174.729019 -137.637802 9.055119 174.729019 -141.574799 9.055119 174.729019 -137.141693 9.740121 172.962173 -137.244095 9.842520 172.366821 -136.871536 13.779528 173.502487 -136.871536 9.469961 173.502487 -137.141693 13.779528 172.962173 -137.141693 13.881927 172.962173 -136.871536 14.152086 173.502487 -137.244095 13.779528 172.366821 -136.456696 -3.543307 173.941620 -141.574799 -3.543307 174.729019 -142.755905 -3.543307 173.941620 -137.637802 -3.543307 174.729019 -137.637802 -3.543307 176.303833 -136.456696 -3.543307 176.303833 -141.574799 -3.543307 176.303833 -142.755905 -3.543307 176.303833 -136.456696 2.755905 176.303833 -136.456696 1.968504 173.941620 -136.456696 2.755905 173.941620 -136.871536 1.968504 173.502487 -136.871536 2.341062 173.502487 -136.871536 -3.128464 173.502487 -142.341064 2.341062 173.502487 -142.755905 2.755905 173.941620 -137.141693 1.968504 172.962173 -137.141693 2.070903 172.962173 -137.141693 -2.858305 172.962173 -137.637802 2.755905 174.729019 -137.637802 2.755905 176.303833 -141.574799 2.755905 176.303833 -142.755905 2.755905 176.303833 -141.574799 2.755905 174.729019 -142.070908 2.070903 172.962173 -137.244095 -2.755906 172.366821 -137.244095 1.968504 172.366821 -142.341064 -3.128464 173.502487 -142.070908 -2.858305 172.962173 -141.968506 -2.755906 172.366821 -141.968506 1.968504 172.366821 -137.637802 -20.942095 176.309540 -137.637802 19.992777 179.459106 -137.637802 -20.957720 179.459106 -137.637802 -20.150797 175.526047 -137.637802 -18.573408 175.008942 -137.637802 -16.209930 174.758194 -137.637802 15.291864 174.711319 -137.637802 17.652739 174.985504 -137.637802 19.439802 175.591049 -137.637802 20.008402 176.309540 -141.574799 -20.942095 176.309540 -141.574799 -20.150797 175.526047 -141.574799 -16.209930 174.758194 -141.574799 -18.573408 175.008942 -141.574799 19.439802 175.591049 -141.574799 20.008402 176.309540 -141.574799 19.992777 179.459106 -141.574799 15.291864 174.711319 -141.574799 -20.957720 179.459106 -141.574799 17.652739 174.985504 -136.456696 -15.354331 176.303833 -137.637802 -9.842520 176.303833 -137.637802 -15.354331 176.303833 -136.456696 -9.842520 176.303833 -142.341064 -10.257363 173.502487 -142.070908 -14.669328 172.962173 -142.341064 -14.939487 173.502487 -142.070908 -10.527522 172.962173 -136.456696 -10.629921 173.941620 -136.456696 -15.354331 173.941620 -136.456696 -9.842520 173.941620 -141.968506 -14.566929 172.366821 -141.968506 -10.629921 172.366821 -142.755905 -9.842520 173.941620 -142.755905 -15.354331 173.941620 -141.574799 -15.354331 176.303833 -142.755905 -9.842520 176.303833 -142.755905 -15.354331 176.303833 -141.574799 -9.842520 176.303833 -141.574799 -9.842520 174.729019 -137.637802 -9.842520 174.729019 -137.637802 -15.354331 174.729019 -141.574799 -15.354331 174.729019 -137.141693 -14.669328 172.962173 -137.244095 -14.566929 172.366821 -136.871536 -10.629921 173.502487 -136.871536 -14.939487 173.502487 -137.141693 -10.629921 172.962173 -137.141693 -10.527522 172.962173 -136.871536 -10.257363 173.502487 -137.244095 -10.629921 172.366821 -137.637802 2.362205 166.461304 -141.574799 5.905512 166.461304 -137.637802 5.905512 166.461304 -141.574799 2.362205 166.461304 -137.637802 -3.149606 167.248718 -141.574799 -3.149606 166.461304 -141.574799 -3.149606 167.248718 -137.637802 -3.149606 166.461304 -141.574799 2.362205 167.248718 -137.637802 2.362205 167.248718 -137.637802 8.530184 166.697525 -137.637802 10.629921 167.169968 -137.637802 12.204724 167.878632 -137.637802 -6.692914 166.461304 -137.637802 -9.317585 166.697525 -137.637802 -11.417323 167.169968 -137.637802 -12.992126 167.878632 -137.637802 13.254593 168.823517 -137.637802 -14.041995 168.823517 -137.637802 13.779528 170.004623 -137.637802 -14.566929 170.004623 -137.637802 8.661417 171.185715 -137.637802 13.779528 172.366821 -137.637802 -3.543307 171.185715 -137.637802 9.251968 171.343964 -137.637802 9.684282 171.776276 -137.637802 9.842520 172.366821 -137.637802 1.574803 172.366821 -137.637802 1.181102 172.366821 -137.637802 1.733041 171.776276 -137.637802 2.755905 171.185715 -137.637802 -2.952756 171.343964 -137.637802 2.165354 171.343964 -137.637802 -2.520442 171.776276 -137.637802 -2.362205 172.366821 -137.637802 -1.968504 172.366821 -137.637802 -9.448819 171.185715 -137.637802 -14.566929 172.366821 -137.637802 -10.039371 171.343964 -137.637802 -10.471684 171.776276 -137.637802 -10.629921 172.366821 -141.574799 -1.968504 172.366821 -141.574799 -2.362205 172.366821 -139.606293 -2.952756 172.366821 -141.574799 1.181102 172.366821 -141.574799 -2.520442 171.776276 -139.606293 -3.031875 172.071548 -139.606293 -3.618406 171.756149 -139.606293 -9.373720 171.756149 -141.574799 -10.629921 172.366821 -139.606293 -9.960251 172.071548 -141.574799 -10.471684 171.776276 -139.606293 -10.039371 172.366821 -141.574799 9.251968 171.343964 -139.606293 9.172850 172.071548 -141.574799 9.684282 171.776276 -139.606293 8.956693 171.855392 -139.606293 -3.248032 171.855392 -141.574799 -9.448819 171.185715 -141.574799 -3.543307 171.185715 -139.606293 9.251968 172.366821 -139.606293 2.244473 172.071548 -141.574799 2.165354 171.343964 -141.574799 1.733041 171.776276 -139.606293 2.460630 171.855392 -141.574799 8.530184 166.697525 -139.606293 2.165354 172.366821 -141.574799 -14.566929 172.366821 -141.574799 -14.566929 170.004623 -141.574799 9.842520 172.366821 -141.574799 8.661417 171.185715 -139.606293 8.586319 171.756149 -141.574799 -10.039371 171.343964 -139.606293 -9.744095 171.855392 -141.574799 -6.692914 166.461304 -141.574799 -9.317585 166.697525 -139.606293 2.831004 171.756149 -141.574799 2.755905 171.185715 -141.574799 -2.952756 171.343964 -141.574799 -14.041995 168.823517 -141.574799 -11.417323 167.169968 -141.574799 -12.992126 167.878632 -141.574799 13.779528 172.366821 -141.574799 1.574803 172.366821 -141.574799 13.779528 170.004623 -141.574799 13.254593 168.823517 -141.574799 12.204724 167.878632 -141.574799 10.629921 167.169968 -136.456696 1.968504 166.461304 -133.307083 -1.968504 166.461304 -133.307083 1.968504 166.461304 -136.456696 -1.968504 166.461304 -145.905518 1.968504 166.461304 -142.755905 -1.968504 166.461304 -142.755905 1.968504 166.461304 -145.905518 -1.968504 166.461304 -141.574799 6.299212 166.461304 -137.637802 -6.299212 166.461304 -137.637802 6.299212 166.461304 -141.574799 -6.299212 166.461304 -142.755905 1.968504 168.036118 -142.755905 -1.968504 168.036118 -137.637802 1.968504 168.036118 -137.637802 6.299212 169.610916 -137.637802 -1.968504 168.036118 -137.637802 -1.968504 169.610916 -137.637802 -6.299212 169.610916 -137.637802 1.968504 169.610916 -141.574799 -6.299212 169.610916 -141.574799 -1.968504 168.036118 -141.574799 -1.968504 169.610916 -141.574799 1.968504 169.610916 -141.574799 6.299212 169.610916 -141.574799 1.968504 168.036118 -136.456696 -1.968504 168.036118 -136.456696 1.968504 168.036118 -145.905518 6.299212 164.886505 -134.136780 5.469526 164.008240 -145.075821 5.469526 164.008240 -133.307083 6.299212 164.886505 -134.677094 4.929207 162.927612 -144.535507 4.929207 162.927612 -133.307083 -6.299212 164.886505 -134.136780 -5.469526 164.008240 -134.677094 -4.929207 162.927612 -134.881897 4.724410 161.736893 -134.881897 -4.724410 161.736893 -144.330704 -4.724410 161.736893 -144.535507 -4.929207 162.927612 -145.075821 -5.469526 164.008240 -145.905518 -6.299212 164.886505 -145.905518 6.299212 169.610916 -145.905518 1.968504 169.610916 -144.330704 4.724410 161.736893 -145.905518 -1.968504 169.610916 -133.307083 1.968504 169.610916 -133.307083 -1.968504 169.610916 -133.307083 -6.299212 169.610916 -145.905518 -6.299212 169.610916 -145.075821 -4.724410 164.008240 -144.535507 -4.724410 162.927612 -145.905518 -4.724410 164.886505 -133.307083 6.299212 169.610916 187.948059 -1.968504 154.375671 206.058289 -1.968504 154.375671 206.058289 1.968500 154.375671 187.948059 1.968500 154.375671 126.141731 -1.968504 152.013474 143.858261 -1.968504 152.013474 143.858261 1.968500 152.013474 126.141731 1.968500 152.013474 126.141731 1.968500 146.107956 126.141731 -1.968504 146.107956 206.058289 -1.968504 146.107956 206.058289 1.968500 146.107956 143.858261 -1.968504 154.375671 143.858261 1.968500 154.375671 189.129150 2.268744 146.895355 189.129150 5.812051 146.895355 193.066162 5.812051 146.895355 193.066162 2.268744 146.895355 189.129150 -3.243067 147.682770 193.066162 -3.243067 147.682770 193.066162 -3.243067 146.895355 189.129150 -3.243067 146.895355 189.129150 2.268744 147.682770 193.066162 2.268744 147.682770 189.129150 8.436723 147.131577 189.129150 10.536461 147.604019 189.129150 12.111264 148.312683 189.129150 -6.786374 146.895355 189.129150 -9.411046 147.131577 189.129150 -11.510783 147.604019 189.129150 -13.085587 148.312683 189.129150 13.161133 149.257568 189.129150 -14.135455 149.257568 189.129150 13.686067 150.438675 189.129150 -14.660390 150.438675 189.129150 8.567957 151.619766 189.129150 13.686067 152.800873 189.129150 -3.636768 151.619766 189.129150 9.158508 151.778015 189.129150 9.590821 152.210327 189.129150 9.749059 152.800873 189.129150 1.481343 152.800873 189.129150 1.639580 152.210327 189.129150 1.087642 152.800873 189.129150 -3.046216 151.778015 189.129150 2.662445 151.619766 189.129150 2.071894 151.778015 189.129150 -2.613903 152.210327 189.129150 -2.455665 152.800873 189.129150 -2.061965 152.800873 189.129150 -14.660390 152.800873 189.129150 -9.542279 151.619766 189.129150 -10.132831 151.778015 189.129150 -10.565145 152.210327 189.129150 -10.723382 152.800873 193.066162 -2.061965 152.800873 193.066162 -2.455665 152.800873 191.097656 -3.046216 152.800873 193.066162 1.087642 152.800873 193.066162 -2.613903 152.210327 191.097656 -3.125335 152.505600 191.097656 -3.711866 152.190201 191.097656 -9.467181 152.190201 193.066162 -10.723382 152.800873 193.066162 -10.565145 152.210327 191.097656 -10.053712 152.505600 191.097656 -10.132831 152.800873 193.066162 9.158508 151.778015 193.066162 9.590821 152.210327 191.097656 9.079389 152.505600 191.097656 8.863233 152.289444 191.097656 -3.341492 152.289444 193.066162 -9.542279 151.619766 193.066162 -3.636768 151.619766 191.097656 9.158508 152.800873 191.097656 2.151013 152.505600 193.066162 1.639580 152.210327 193.066162 2.071894 151.778015 191.097656 2.367169 152.289444 193.066162 8.436723 147.131577 191.097656 2.071894 152.800873 193.066162 -14.660390 150.438675 193.066162 -14.660390 152.800873 193.066162 9.749059 152.800873 193.066162 8.567957 151.619766 191.097656 8.492858 152.190201 193.066162 -10.132831 151.778015 191.097656 -9.837555 152.289444 193.066162 -6.786374 146.895355 193.066162 -9.411046 147.131577 191.097656 2.737543 152.190201 193.066162 2.662445 151.619766 193.066162 -3.046216 151.778015 193.066162 -14.135455 149.257568 193.066162 -11.510783 147.604019 193.066162 -13.085587 148.312683 193.066162 13.686067 152.800873 193.066162 1.481343 152.800873 193.066162 13.686067 150.438675 193.066162 13.161133 149.257568 193.066162 12.111264 148.312683 193.066162 10.536461 147.604019 186.963806 48.867447 163.499557 186.963806 -25.381889 163.499557 187.230698 -25.381889 164.495621 187.230698 48.867447 164.495621 189.030731 48.867447 159.919525 191.097656 48.867447 159.365692 191.097656 -25.381889 159.365692 189.030731 -25.381889 159.919525 194.677689 48.867447 165.566483 194.677689 -25.381889 165.566483 194.964630 -25.381889 164.495621 194.964630 48.867447 164.495621 193.164597 -25.381889 159.919525 187.517639 -25.381889 161.432632 194.677689 -25.381889 161.432632 195.231522 -25.381889 163.499557 187.517639 -25.381889 165.566483 189.030731 -25.381889 167.079590 193.164597 -25.381889 167.079590 191.097656 -25.381889 167.633408 193.164597 48.867447 167.079590 193.164597 48.867447 159.919525 195.231522 48.867447 163.499557 194.677689 48.867447 161.432632 187.517639 48.867447 161.432632 187.517639 48.867447 165.566483 189.030731 48.867447 167.079590 191.097656 48.867447 167.633408 188.422958 -2.915957 144.364075 190.703964 -3.860781 144.364075 190.703964 -2.849515 144.599396 189.138031 -2.200884 144.599396 193.553116 -3.484100 143.706451 193.835831 -3.766819 142.829178 195.133087 -0.634949 142.829178 194.733261 -0.634949 143.706451 188.489395 -0.634949 144.599396 189.138031 0.930987 144.599396 188.422958 1.646060 144.364075 187.478134 -0.634949 144.364075 187.854813 -3.484100 143.706451 186.674652 -0.634949 143.706451 190.703964 2.590884 144.364075 190.703964 3.394360 143.706451 187.854813 2.214203 143.706451 192.269897 -2.200884 144.599396 192.918533 -0.634949 144.599396 192.269897 0.930987 144.599396 190.703964 1.579618 144.599396 191.521820 -2.510748 144.599396 187.572083 2.496922 136.220474 186.274826 -0.634949 136.220474 186.274826 -0.634949 141.723831 186.274826 -0.634949 142.829178 187.572083 2.496922 141.723831 187.572083 2.496922 142.829178 187.572083 -3.766819 142.829178 190.703964 3.794185 142.829178 187.572083 -3.766819 141.723831 187.572083 -3.766819 136.220474 190.703964 -5.064083 136.220474 190.703964 -5.064083 141.723831 190.703964 -5.064083 142.829178 190.703964 -4.664257 143.706451 192.304779 -4.400999 142.829178 192.163422 -4.059727 143.706451 191.879349 -3.373917 144.364075 192.984970 -2.915957 144.364075 193.929794 -0.634949 144.364075 193.835831 2.496922 142.829178 195.133087 -0.634949 136.220474 193.835831 2.496922 136.220474 193.835831 2.496922 141.723831 192.984970 1.646060 144.364075 193.553116 2.214203 143.706451 190.703964 3.794185 141.723831 190.703964 3.794185 136.220474 193.835831 -3.766819 141.723831 193.835831 -3.766819 136.220474 192.304779 -4.400999 136.220474 187.948059 8.961658 156.737885 189.129150 8.961658 156.737885 189.129150 14.473469 156.737885 187.948059 14.473469 156.737885 193.832428 14.058625 153.936539 193.832428 9.376501 153.936539 193.562271 9.646660 153.396225 193.562271 13.788465 153.396225 187.948059 13.686067 154.375671 187.948059 8.961658 154.375671 187.948059 14.473469 154.375671 193.459869 9.749059 152.800873 193.459869 13.686067 152.800873 194.247269 14.473469 154.375671 194.247269 8.961658 154.375671 193.066162 8.961658 156.737885 194.247269 8.961658 156.737885 194.247269 14.473469 156.737885 193.066162 14.473469 156.737885 193.066162 14.473469 155.163086 189.129150 14.473469 155.163086 189.129150 8.961658 155.163086 193.066162 8.961658 155.163086 188.633057 9.646660 153.396225 188.735458 9.749059 152.800873 188.362900 9.376501 153.936539 188.362900 13.686067 153.936539 188.633057 13.686067 153.396225 188.633057 13.788465 153.396225 188.362900 14.058625 153.936539 188.735458 13.686067 152.800873 187.948059 -3.636768 154.375671 194.247269 -3.636768 154.375671 193.066162 -3.636768 155.163086 189.129150 -3.636768 155.163086 189.129150 -3.636768 156.737885 187.948059 -3.636768 156.737885 194.247269 -3.636768 156.737885 193.066162 -3.636768 156.737885 187.948059 2.662445 156.737885 187.948059 2.662445 154.375671 187.948059 1.875043 154.375671 188.362900 2.247602 153.936539 188.362900 1.875043 153.936539 188.362900 -3.221925 153.936539 194.247269 2.662445 154.375671 193.832428 2.247602 153.936539 188.633057 1.977442 153.396225 188.633057 1.875043 153.396225 188.633057 -2.951765 153.396225 189.129150 2.662445 156.737885 189.129150 2.662445 155.163086 193.066162 2.662445 156.737885 194.247269 2.662445 156.737885 193.066162 2.662445 155.163086 193.562271 1.977442 153.396225 188.735458 1.875043 152.800873 188.735458 -2.849366 152.800873 193.832428 -3.221925 153.936539 193.562271 -2.951765 153.396225 193.459869 -2.849366 152.800873 193.459869 1.875043 152.800873 189.129150 -21.035555 156.743591 189.129150 -21.051182 159.893158 189.129150 19.899315 159.893158 189.129150 -20.244257 155.960098 189.129150 -18.666868 155.442993 189.129150 -16.303391 155.192245 189.129150 15.198403 155.145370 189.129150 17.559277 155.419556 189.129150 19.346340 156.025101 189.129150 19.914942 156.743591 193.066162 -20.244257 155.960098 193.066162 -21.035555 156.743591 193.066162 -16.303391 155.192245 193.066162 -18.666868 155.442993 193.066162 19.346340 156.025101 193.066162 19.914942 156.743591 193.066162 19.899315 159.893158 193.066162 15.198403 155.145370 193.066162 -21.051182 159.893158 193.066162 17.559277 155.419556 187.948059 -15.447791 156.737885 189.129150 -15.447791 156.737885 189.129150 -9.935981 156.737885 187.948059 -9.935981 156.737885 193.832428 -10.350823 153.936539 193.832428 -15.032948 153.936539 193.562271 -14.762789 153.396225 193.562271 -10.620983 153.396225 187.948059 -10.723382 154.375671 187.948059 -15.447791 154.375671 187.948059 -9.935981 154.375671 193.459869 -14.660390 152.800873 193.459869 -10.723382 152.800873 194.247269 -9.935981 154.375671 194.247269 -15.447791 154.375671 193.066162 -15.447791 156.737885 194.247269 -15.447791 156.737885 194.247269 -9.935981 156.737885 193.066162 -9.935981 156.737885 193.066162 -9.935981 155.163086 189.129150 -9.935981 155.163086 189.129150 -15.447791 155.163086 193.066162 -15.447791 155.163086 188.633057 -14.762789 153.396225 188.735458 -14.660390 152.800873 188.362900 -15.032948 153.936539 188.362900 -10.723382 153.936539 188.633057 -10.723382 153.396225 188.633057 -10.620983 153.396225 188.362900 -10.350823 153.936539 188.735458 -10.723382 152.800873 187.948059 -3.784555 146.107956 194.247269 -3.784555 146.107956 193.066162 -3.784555 146.895355 189.129150 -3.784555 146.895355 189.129150 -3.784555 148.470169 187.948059 -3.784555 148.470169 194.247269 -3.784555 148.470169 193.066162 -3.784555 148.470169 187.948059 2.514658 148.470169 187.948059 2.514658 146.107956 187.948059 1.727256 146.107956 188.362900 2.099815 145.668823 188.362900 1.727256 145.668823 188.362900 -3.369712 145.668823 194.247269 2.514658 146.107956 193.832428 2.099815 145.668823 188.633057 1.829655 145.128510 188.633057 1.727256 145.128510 188.633057 -3.099552 145.128510 189.129150 2.514658 148.470169 189.129150 2.514658 146.895355 193.066162 2.514658 148.470169 194.247269 2.514658 148.470169 193.066162 2.514658 146.895355 193.562271 1.829655 145.128510 188.735458 1.727256 144.533157 188.735458 -2.997153 144.533157 193.832428 -3.369712 145.668823 193.562271 -3.099552 145.128510 193.459869 -2.997153 144.533157 193.459869 1.727256 144.533157 203.662628 -1.621733 137.953506 201.040161 -1.621733 137.452469 203.876328 -1.621733 137.052933 201.214325 -1.621733 137.599319 201.214325 -1.621733 138.450287 202.838638 -1.621733 138.585236 201.712631 -1.621733 138.711761 194.724350 -1.621733 136.220474 203.399765 -1.621733 136.220474 200.717316 -1.621733 137.452469 199.766479 -1.621733 137.979218 194.724350 -1.621733 143.596558 198.290527 -1.621733 139.633698 199.492935 -1.621733 138.853592 199.102600 -1.621733 139.375656 198.601547 -1.621733 139.633698 196.644608 -1.621733 141.568237 198.091080 -1.621733 140.726913 197.643600 -1.621733 141.230026 197.014694 -1.621733 141.568237 196.644608 -1.621733 142.647827 196.308960 -1.621733 143.100082 195.678268 -1.621733 143.458679 195.132050 -1.621733 143.596558 194.612366 0.346771 143.596558 194.612366 -1.621733 143.596558 195.132050 0.346771 143.596558 194.612366 -1.621733 136.220474 194.612366 0.346771 136.220474 195.678268 0.346771 143.458679 196.308960 0.346771 143.100082 196.644608 0.346771 142.647827 196.644608 0.346771 141.568237 197.014694 0.346771 141.568237 197.643600 0.346771 141.230026 198.091080 0.346771 140.726913 198.290527 0.346771 139.633698 198.601547 0.346771 139.633698 199.102600 0.346771 139.375656 199.492935 0.346771 138.853592 199.766479 0.346771 137.979218 200.717316 0.346771 137.452469 201.040161 0.346771 137.452469 201.214325 0.346771 137.599319 201.214325 0.346771 138.450287 201.712631 0.346771 138.711761 202.838638 0.346771 138.585236 203.662628 0.346771 137.953506 203.876328 0.346771 137.052933 203.399765 0.346771 136.220474 177.744247 -1.619201 137.953506 177.530548 -1.619201 137.052933 180.366714 -1.619201 137.452469 180.192535 -1.619201 137.599319 180.192535 -1.619201 138.450287 178.568237 -1.619201 138.585236 179.694244 -1.619201 138.711761 178.007111 -1.619201 136.220474 186.682510 -1.619201 136.220474 180.689545 -1.619201 137.452469 181.640381 -1.619201 137.979218 186.682510 -1.619201 143.596558 183.116348 -1.619201 139.633698 181.913940 -1.619201 138.853592 182.304260 -1.619201 139.375656 182.805328 -1.619201 139.633698 184.762268 -1.619201 141.568237 183.315781 -1.619201 140.726913 183.763275 -1.619201 141.230026 184.392181 -1.619201 141.568237 184.762268 -1.619201 142.647827 185.097916 -1.619201 143.100082 185.728607 -1.619201 143.458679 186.274826 -1.619201 143.596558 186.794510 -1.619201 143.596558 186.794510 0.349303 143.596558 186.274826 0.349303 143.596558 186.794510 -1.619201 136.220474 186.794510 0.349303 136.220474 185.728607 0.349303 143.458679 185.097916 0.349303 143.100082 184.762268 0.349303 142.647827 184.762268 0.349303 141.568237 184.392181 0.349303 141.568237 183.763275 0.349303 141.230026 183.315781 0.349303 140.726913 183.116348 0.349303 139.633698 182.805328 0.349303 139.633698 182.304260 0.349303 139.375656 181.913940 0.349303 138.853592 181.640381 0.349303 137.979218 180.689545 0.349303 137.452469 180.366714 0.349303 137.452469 180.192535 0.349303 137.599319 180.192535 0.349303 138.450287 179.694244 0.349303 138.711761 178.568237 0.349303 138.585236 177.744247 0.349303 137.953506 177.530548 0.349303 137.052933 178.007111 0.349303 136.220474 -33.307087 -1.968504 194.253113 -45.118111 1.968504 194.253113 -45.118111 -1.968504 194.253113 -33.307087 1.968504 194.253113 -33.307087 1.968504 188.347595 -33.307087 -1.968504 188.347595 -107.322838 1.968504 196.615311 -107.322838 -1.968504 188.347595 -107.322838 -1.968504 196.615311 -107.322838 1.968504 188.347595 -45.118111 -1.968504 196.615311 -45.118111 1.968504 196.615311 -90.393700 2.755905 188.347595 -94.330711 6.299212 188.347595 -90.393700 6.299212 188.347595 -94.330711 2.755905 188.347595 -90.393700 -2.755906 189.134995 -94.330711 -2.755906 188.347595 -94.330711 -2.755906 189.134995 -90.393700 -2.755906 188.347595 -94.330711 2.755905 189.134995 -90.393700 2.755905 189.134995 -90.393700 8.923884 188.583817 -90.393700 11.023622 189.056259 -90.393700 12.598425 189.764923 -90.393700 -6.299212 188.347595 -90.393700 -8.923884 188.583817 -90.393700 -11.023623 189.056259 -90.393700 -12.598425 189.764923 -90.393700 13.648293 190.709808 -90.393700 -13.648294 190.709808 -90.393700 14.173228 191.890900 -90.393700 -14.173228 191.890900 -90.393700 9.055118 193.072006 -90.393700 14.173228 194.253113 -90.393700 -3.149606 193.072006 -90.393700 9.645669 193.230240 -90.393700 10.077983 193.662552 -90.393700 10.236220 194.253113 -90.393700 1.968504 194.253113 -90.393700 1.574803 194.253113 -90.393700 2.126742 193.662552 -90.393700 3.149606 193.072006 -90.393700 -2.559055 193.230240 -90.393700 2.559055 193.230240 -90.393700 -2.126742 193.662552 -90.393700 -1.968504 194.253113 -90.393700 -1.574803 194.253113 -90.393700 -9.055119 193.072006 -90.393700 -14.173228 194.253113 -90.393700 -9.645669 193.230240 -90.393700 -10.077983 193.662552 -90.393700 -10.236220 194.253113 -94.330711 -1.574803 194.253113 -94.330711 -1.968504 194.253113 -92.362206 -2.559055 194.253113 -94.330711 1.574803 194.253113 -94.330711 -2.126742 193.662552 -92.362206 -2.638174 193.957840 -92.362206 -3.224705 193.642441 -92.362206 -8.980020 193.642441 -94.330711 -10.236220 194.253113 -92.362206 -9.566550 193.957840 -94.330711 -10.077983 193.662552 -92.362206 -9.645669 194.253113 -94.330711 9.645669 193.230240 -92.362206 9.566550 193.957840 -94.330711 10.077983 193.662552 -92.362206 9.350393 193.741669 -92.362206 -2.854331 193.741669 -94.330711 -9.055119 193.072006 -94.330711 -3.149606 193.072006 -92.362206 9.645669 194.253113 -92.362206 2.638174 193.957840 -94.330711 2.559055 193.230240 -94.330711 2.126742 193.662552 -92.362206 2.854331 193.741669 -94.330711 8.923884 188.583817 -92.362206 2.559055 194.253113 -94.330711 -14.173228 194.253113 -94.330711 -14.173228 191.890900 -94.330711 10.236220 194.253113 -94.330711 9.055118 193.072006 -92.362206 8.980020 193.642441 -94.330711 -9.645669 193.230240 -92.362206 -9.350393 193.741669 -94.330711 -6.299212 188.347595 -94.330711 -8.923884 188.583817 -92.362206 3.224705 193.642441 -94.330711 3.149606 193.072006 -94.330711 -2.559055 193.230240 -94.330711 -13.648294 190.709808 -94.330711 -11.023623 189.056259 -94.330711 -12.598425 189.764923 -94.330711 14.173228 194.253113 -94.330711 1.968504 194.253113 -94.330711 14.173228 191.890900 -94.330711 13.648293 190.709808 -94.330711 12.598425 189.764923 -94.330711 11.023622 189.056259 -88.228348 49.354610 204.951797 -88.495239 -24.894728 205.947861 -88.228348 -24.894728 204.951797 -88.495239 49.354610 205.947861 -90.295273 49.354610 201.371765 -92.362206 -24.894728 200.817932 -92.362206 49.354610 200.817932 -90.295273 -24.894728 201.371765 -95.942230 49.354610 207.018723 -96.229172 -24.894728 205.947861 -95.942230 -24.894728 207.018723 -96.229172 49.354610 205.947861 -94.429131 -24.894728 201.371765 -88.782181 -24.894728 202.884857 -95.942230 -24.894728 202.884857 -96.496063 -24.894728 204.951797 -88.782181 -24.894728 207.018723 -90.295273 -24.894728 208.531815 -94.429131 -24.894728 208.531815 -92.362206 -24.894728 209.085648 -94.429131 49.354610 208.531815 -94.429131 49.354610 201.371765 -96.496063 49.354610 204.951797 -95.942230 49.354610 202.884857 -88.782181 49.354610 202.884857 -88.782181 49.354610 207.018723 -90.295273 49.354610 208.531815 -92.362206 49.354610 209.085648 -89.687492 -2.428795 185.816299 -91.968506 -2.362354 186.051636 -91.968506 -3.373620 185.816299 -90.402565 -1.713722 186.051636 -94.817657 -2.996939 185.158691 -96.397636 -0.147787 184.281403 -95.100372 -3.279658 184.281403 -95.997810 -0.147787 185.158691 -89.753937 -0.147787 186.051636 -89.687492 2.133221 185.816299 -90.402565 1.418148 186.051636 -88.742668 -0.147787 185.816299 -89.119354 -2.996939 185.158691 -87.939194 -0.147787 185.158691 -91.968506 3.881521 185.158691 -91.968506 3.078045 185.816299 -89.119354 2.701364 185.158691 -93.534439 -1.713722 186.051636 -93.534439 1.418148 186.051636 -94.183067 -0.147787 186.051636 -91.968506 2.066780 186.051636 -92.786362 -2.023587 186.051636 -88.836632 2.984083 174.729019 -87.539368 -0.147787 183.176071 -87.539368 -0.147787 174.729019 -87.539368 -0.147787 184.281403 -88.836632 2.984083 183.176071 -88.836632 2.984083 184.281403 -88.836632 -3.279658 184.281403 -91.968506 4.281347 184.281403 -88.836632 -3.279658 183.176071 -91.968506 -4.576921 174.729019 -88.836632 -3.279658 174.729019 -91.968506 -4.576921 183.176071 -91.968506 -4.576921 184.281403 -91.968506 -4.177096 185.158691 -93.569328 -3.913838 184.281403 -93.427971 -3.572566 185.158691 -93.143898 -2.886756 185.816299 -94.249512 -2.428795 185.816299 -95.194336 -0.147787 185.816299 -95.100372 2.984083 184.281403 -96.397636 -0.147787 174.729019 -95.100372 2.984083 174.729019 -95.100372 2.984083 183.176071 -94.249512 2.133221 185.816299 -94.817657 2.701364 185.158691 -91.968506 4.281347 183.176071 -91.968506 4.281347 174.729019 -95.100372 -3.279658 183.176071 -95.100372 -3.279658 174.729019 -93.569328 -3.913838 174.729019 -89.212601 9.448819 198.190109 -90.393700 14.960629 198.190109 -90.393700 9.448819 198.190109 -89.212601 14.960629 198.190109 -95.096970 14.545787 195.388779 -94.826805 10.133821 194.848465 -95.096970 9.863662 195.388779 -94.826805 14.275627 194.848465 -89.212601 14.173228 195.827911 -89.212601 9.448819 195.827911 -89.212601 14.960629 195.827911 -94.724411 10.236220 194.253113 -94.724411 14.173228 194.253113 -95.511810 14.960629 195.827911 -95.511810 9.448819 195.827911 -94.330711 9.448819 198.190109 -95.511810 14.960629 198.190109 -95.511810 9.448819 198.190109 -94.330711 14.960629 198.190109 -94.330711 14.960629 196.615311 -90.393700 14.960629 196.615311 -90.393700 9.448819 196.615311 -94.330711 9.448819 196.615311 -89.897598 10.133821 194.848465 -90.000000 10.236220 194.253113 -89.627441 14.173228 195.388779 -89.627441 9.863662 195.388779 -89.897598 14.173228 194.848465 -89.897598 14.275627 194.848465 -89.627441 14.545787 195.388779 -90.000000 14.173228 194.253113 -89.212601 -3.149606 195.827911 -94.330711 -3.149606 196.615311 -95.511810 -3.149606 195.827911 -90.393700 -3.149606 196.615311 -90.393700 -3.149606 198.190109 -89.212601 -3.149606 198.190109 -94.330711 -3.149606 198.190109 -95.511810 -3.149606 198.190109 -89.212601 3.149606 198.190109 -89.212601 2.362205 195.827911 -89.212601 3.149606 195.827911 -89.627441 2.362205 195.388779 -89.627441 2.734763 195.388779 -89.627441 -2.734763 195.388779 -95.096970 2.734763 195.388779 -95.511810 3.149606 195.827911 -89.897598 2.362205 194.848465 -89.897598 2.464604 194.848465 -89.897598 -2.464604 194.848465 -90.393700 3.149606 196.615311 -90.393700 3.149606 198.190109 -94.330711 3.149606 198.190109 -95.511810 3.149606 198.190109 -94.330711 3.149606 196.615311 -94.826805 2.464604 194.848465 -90.000000 -2.362205 194.253113 -90.000000 2.362205 194.253113 -95.096970 -2.734763 195.388779 -94.826805 -2.464604 194.848465 -94.724411 -2.362205 194.253113 -94.724411 2.362205 194.253113 -90.393700 -20.548393 198.195831 -90.393700 20.386477 201.345398 -90.393700 -20.564020 201.345398 -90.393700 -19.757095 197.412338 -90.393700 -18.179707 196.895218 -90.393700 -15.816230 196.644485 -90.393700 15.685565 196.597595 -90.393700 18.046438 196.871780 -90.393700 19.833502 197.477341 -90.393700 20.402103 198.195831 -94.330711 -20.548393 198.195831 -94.330711 -19.757095 197.412338 -94.330711 -15.816230 196.644485 -94.330711 -18.179707 196.895218 -94.330711 19.833502 197.477341 -94.330711 20.402103 198.195831 -94.330711 20.386477 201.345398 -94.330711 15.685565 196.597595 -94.330711 -20.564020 201.345398 -94.330711 18.046438 196.871780 -89.212601 -14.960630 198.190109 -90.393700 -9.448819 198.190109 -90.393700 -14.960630 198.190109 -89.212601 -9.448819 198.190109 -95.096970 -9.863662 195.388779 -94.826805 -14.275627 194.848465 -95.096970 -14.545787 195.388779 -94.826805 -10.133821 194.848465 -89.212601 -10.236220 195.827911 -89.212601 -14.960630 195.827911 -89.212601 -9.448819 195.827911 -94.724411 -14.173228 194.253113 -94.724411 -10.236220 194.253113 -95.511810 -9.448819 195.827911 -95.511810 -14.960630 195.827911 -94.330711 -14.960630 198.190109 -95.511810 -9.448819 198.190109 -95.511810 -14.960630 198.190109 -94.330711 -9.448819 198.190109 -94.330711 -9.448819 196.615311 -90.393700 -9.448819 196.615311 -90.393700 -14.960630 196.615311 -94.330711 -14.960630 196.615311 -89.897598 -14.275627 194.848465 -90.000000 -14.173228 194.253113 -89.627441 -10.236220 195.388779 -89.627441 -14.545787 195.388779 -89.897598 -10.236220 194.848465 -89.897598 -10.133821 194.848465 -89.627441 -9.863662 195.388779 -90.000000 -10.236220 194.253113 -89.212601 -3.297394 187.560196 -94.330711 -3.297394 188.347595 -95.511810 -3.297394 187.560196 -90.393700 -3.297394 188.347595 -90.393700 -3.297394 189.922394 -89.212601 -3.297394 189.922394 -94.330711 -3.297394 189.922394 -95.511810 -3.297394 189.922394 -89.212601 3.001819 189.922394 -89.212601 2.214417 187.560196 -89.212601 3.001819 187.560196 -89.627441 2.214417 187.121063 -89.627441 2.586976 187.121063 -89.627441 -2.882550 187.121063 -95.096970 2.586976 187.121063 -95.511810 3.001819 187.560196 -89.897598 2.214417 186.580750 -89.897598 2.316816 186.580750 -89.897598 -2.612391 186.580750 -90.393700 3.001819 188.347595 -90.393700 3.001819 189.922394 -94.330711 3.001819 189.922394 -95.511810 3.001819 189.922394 -94.330711 3.001819 188.347595 -94.826805 2.316816 186.580750 -90.000000 -2.509992 185.985397 -90.000000 2.214417 185.985397 -95.096970 -2.882550 187.121063 -94.826805 -2.612391 186.580750 -94.724411 -2.509992 185.985397 -94.724411 2.214417 185.985397 -104.927177 -1.134572 177.153687 -105.140869 -1.134572 175.893707 -102.304703 -1.134572 176.452698 -102.478874 -1.134572 176.658142 -102.478874 -1.134572 177.848724 -104.103180 -1.134572 178.037521 -102.977173 -1.134572 178.214554 -104.664307 -1.134572 174.729019 -95.988899 -1.134572 174.729019 -101.981865 -1.134572 176.452698 -101.031029 -1.134572 177.189667 -95.988899 -1.134572 185.048782 -99.555069 -1.134572 179.504410 -100.757484 -1.134572 178.412979 -100.367149 -1.134572 179.143402 -99.866096 -1.134572 179.504410 -97.909157 -1.134572 182.211014 -99.355629 -1.134572 181.033920 -98.908142 -1.134572 181.737808 -98.279236 -1.134572 182.211014 -97.909157 -1.134572 183.721436 -97.573502 -1.134572 184.354187 -96.942818 -1.134572 184.855881 -96.396591 -1.134572 185.048782 -95.876907 -1.134572 185.048782 -95.876907 0.833932 185.048782 -96.396591 0.833932 185.048782 -95.876907 -1.134572 174.729019 -95.876907 0.833932 174.729019 -96.942818 0.833932 184.855881 -97.573502 0.833932 184.354187 -97.909157 0.833932 183.721436 -97.909157 0.833932 182.211014 -98.279236 0.833932 182.211014 -98.908142 0.833932 181.737808 -99.355629 0.833932 181.033920 -99.555069 0.833932 179.504410 -99.866096 0.833932 179.504410 -100.367149 0.833932 179.143402 -100.757484 0.833932 178.412979 -101.031029 0.833932 177.189667 -101.981865 0.833932 176.452698 -102.304703 0.833932 176.452698 -102.478874 0.833932 176.658142 -102.478874 0.833932 177.848724 -102.977173 0.833932 178.214554 -104.103180 0.833932 178.037521 -104.927177 0.833932 177.153687 -105.140869 0.833932 175.893707 -104.664307 0.833932 174.729019 -79.008781 -1.132039 177.153687 -81.631256 -1.132039 176.452698 -78.795090 -1.132039 175.893707 -81.457085 -1.132039 176.658142 -81.457085 -1.132039 177.848724 -79.832779 -1.132039 178.037521 -80.958786 -1.132039 178.214554 -87.947060 -1.132039 174.729019 -79.271652 -1.132039 174.729019 -81.954094 -1.132039 176.452698 -82.904930 -1.132039 177.189667 -87.947060 -1.132039 185.048782 -84.380890 -1.132039 179.504410 -83.178474 -1.132039 178.412979 -83.568810 -1.132039 179.143402 -84.069862 -1.132039 179.504410 -86.026802 -1.132039 182.211014 -84.580330 -1.132039 181.033920 -85.027817 -1.132039 181.737808 -85.656723 -1.132039 182.211014 -86.026802 -1.132039 183.721436 -86.362457 -1.132039 184.354187 -86.993141 -1.132039 184.855881 -87.539368 -1.132039 185.048782 -88.059052 0.836465 185.048782 -88.059052 -1.132039 185.048782 -87.539368 0.836465 185.048782 -88.059052 -1.132039 174.729019 -88.059052 0.836465 174.729019 -86.993141 0.836465 184.855881 -86.362457 0.836465 184.354187 -86.026802 0.836465 183.721436 -86.026802 0.836465 182.211014 -85.656723 0.836465 182.211014 -85.027817 0.836465 181.737808 -84.580330 0.836465 181.033920 -84.380890 0.836465 179.504410 -84.069862 0.836465 179.504410 -83.568810 0.836465 179.143402 -83.178474 0.836465 178.412979 -82.904930 0.836465 177.189667 -81.954094 0.836465 176.452698 -81.631256 0.836465 176.452698 -81.457085 0.836465 176.658142 -81.457085 0.836465 177.848724 -80.958786 0.836465 178.214554 -79.832779 0.836465 178.037521 -79.008781 0.836465 177.153687 -78.795090 0.836465 175.893707 -79.271652 0.836465 174.729019 47.401573 -2.012901 215.242218 47.401573 -2.012901 206.974503 51.338581 -2.012901 206.974503 51.338581 -2.012901 215.242218 53.307087 1.924107 206.974503 57.244095 1.924107 206.974503 57.244095 -2.012901 206.974503 53.307087 -2.012901 206.974503 58.031494 -1.619200 215.242218 58.031494 1.530406 215.242218 52.519684 1.530406 215.242218 52.519684 -1.619200 215.242218 52.519684 1.924107 215.242218 51.338581 1.924107 215.242218 52.519684 -2.012901 215.242218 47.401573 1.924107 215.242218 46.220474 1.924107 215.242218 46.220474 1.530406 215.242218 46.220474 -2.012901 215.242218 46.220474 -1.619200 215.242218 40.708660 1.530406 215.242218 40.708660 -1.619200 215.242218 63.543308 1.924107 212.880005 63.543308 -2.012901 212.880005 63.543308 -2.012901 210.517807 63.543308 1.924107 210.517807 39.921261 1.530406 212.880005 39.921261 -1.619200 212.880005 40.023659 -1.619200 213.475357 40.023659 1.530406 213.475357 40.708660 1.530406 214.454803 40.708660 -1.619200 214.454803 35.826771 1.924107 209.100479 35.826771 -2.012901 209.100479 35.196850 -2.012901 210.517807 35.196850 1.924107 210.517807 51.732285 -1.619200 212.880005 51.732285 -2.012901 212.880005 51.890522 -2.012901 212.289459 51.890522 -1.619200 212.289459 39.921261 1.924107 212.880005 35.196850 1.924107 212.880005 39.921261 -2.012901 212.880005 35.196850 -2.012901 212.880005 40.293819 -1.619200 214.015686 40.293819 1.530406 214.015686 37.086613 1.924107 208.037491 38.976379 1.924107 207.328827 38.976379 -2.012901 207.328827 37.086613 -2.012901 208.037491 41.496063 1.924107 206.974503 41.496063 -2.012901 206.974503 45.433071 1.924107 206.974503 45.433071 -2.012901 206.974503 52.322834 -2.012901 211.857147 52.322834 -1.619200 211.857147 52.104843 -1.619200 214.015686 52.104843 -2.012901 214.015686 51.834682 -2.012901 213.475357 51.834682 -1.619200 213.475357 41.102364 -2.012901 211.698898 40.511810 -2.012901 211.857147 40.079498 -2.012901 212.289459 46.417324 -2.012901 211.857147 46.849636 -2.012901 212.289459 47.007874 -2.012901 212.880005 45.826771 -2.012901 211.698898 46.905476 -2.012901 213.475357 46.635315 -2.012901 214.015686 46.220474 -2.012901 214.454803 52.519684 -2.012901 214.454803 52.519684 -1.619200 214.454803 57.637794 1.924107 211.698898 58.228348 1.924107 211.857147 58.660660 1.924107 212.289459 58.818897 1.924107 212.880005 59.763779 1.924107 207.328827 51.338581 1.924107 206.974503 52.322834 1.924107 211.857147 51.890522 1.924107 212.289459 51.732285 1.924107 212.880005 61.653542 1.924107 208.037491 52.913387 1.924107 211.698898 62.913387 1.924107 209.100479 51.834682 1.924107 213.475357 52.104843 1.924107 214.015686 52.519684 1.924107 214.454803 47.401573 1.924107 206.974503 47.007874 1.924107 212.880005 46.849636 1.924107 212.289459 46.417324 1.924107 211.857147 45.826771 1.924107 211.698898 46.905476 1.924107 213.475357 46.635315 1.924107 214.015686 46.220474 1.924107 214.454803 41.102364 1.924107 211.698898 40.511810 1.924107 211.857147 40.079498 1.924107 212.289459 46.849636 1.530406 212.289459 47.007874 1.530406 212.880005 46.417324 1.530406 211.857147 45.826771 1.530406 211.698898 41.102364 1.530406 211.698898 40.511810 1.530406 211.857147 40.079498 1.530406 212.289459 46.905476 1.530406 213.475357 46.635315 1.530406 214.015686 46.220474 1.530406 214.454803 51.890522 1.530406 212.289459 52.322834 1.530406 211.857147 52.913387 1.530406 211.698898 58.228348 1.530406 211.857147 57.637794 1.530406 211.698898 58.660660 1.530406 212.289459 58.818897 1.530406 212.880005 51.732285 1.530406 212.880005 58.716499 1.530406 213.475357 51.834682 1.530406 213.475357 58.446339 1.530406 214.015686 52.104843 1.530406 214.015686 58.031494 1.530406 214.454803 52.519684 1.530406 214.454803 58.660660 -1.619200 212.289459 58.660660 -2.012901 212.289459 58.818897 -2.012901 212.880005 58.818897 -1.619200 212.880005 58.228348 -1.619200 211.857147 58.228348 -2.012901 211.857147 57.637794 -2.012901 211.698898 57.637794 -1.619200 211.698898 52.913387 -1.619200 211.698898 58.716499 -1.619200 213.475357 58.446339 -1.619200 214.015686 58.031494 -1.619200 214.454803 52.913387 -2.012901 211.698898 62.913387 -2.012901 209.100479 40.511810 -1.619200 211.857147 40.079498 -1.619200 212.289459 61.653542 -2.012901 208.037491 59.763779 -2.012901 207.328827 41.102364 -1.619200 211.698898 45.826771 -1.619200 211.698898 46.417324 -1.619200 211.857147 46.849636 -1.619200 212.289459 47.007874 -1.619200 212.880005 46.905476 -1.619200 213.475357 46.635315 -1.619200 214.015686 46.220474 -1.619200 214.454803 64.330711 -2.012901 215.242218 58.031494 1.924107 215.242218 58.031494 -2.012901 215.242218 64.330711 1.924107 215.242218 64.330711 -3.587704 214.454803 64.330711 -3.587704 216.817017 64.330711 2.711508 214.454803 64.330711 1.924107 216.817017 64.330711 3.498910 216.817017 64.330711 3.498910 214.454803 64.330711 -2.012901 216.817017 58.031494 -2.012901 216.817017 58.031494 -3.587704 216.817017 58.031494 3.498910 214.454803 63.915867 3.084067 214.015686 58.446339 3.084067 214.015686 63.645706 2.813907 213.475357 58.716499 2.813907 213.475357 63.645706 -2.902702 213.475357 63.915867 2.711508 214.015686 63.915867 -3.172861 214.015686 63.645706 2.711508 213.475357 58.818897 -2.800303 212.880005 63.543308 -2.800303 212.880005 58.716499 -2.902702 213.475357 58.446339 -3.172861 214.015686 58.818897 2.711508 212.880005 58.031494 3.498910 216.817017 58.031494 1.924107 216.817017 58.031494 -3.587704 214.454803 63.543308 2.711508 212.880005 40.708660 -2.012901 215.242218 34.409451 1.924107 215.242218 34.409451 -2.012901 215.242218 40.708660 1.924107 215.242218 40.708660 -3.587704 214.454803 40.708660 -3.587704 216.817017 40.708660 2.711508 214.454803 40.708660 1.924107 216.817017 40.708660 3.498910 216.817017 40.708660 3.498910 214.454803 40.708660 -2.012901 216.817017 34.409451 -2.012901 216.817017 34.409451 -3.587704 216.817017 34.409451 3.498910 214.454803 40.293819 3.084067 214.015686 34.824291 3.084067 214.015686 40.023659 2.813907 213.475357 35.094452 2.813907 213.475357 40.023659 -2.902702 213.475357 40.293819 2.711508 214.015686 40.293819 -3.172861 214.015686 40.023659 2.711508 213.475357 35.196850 -2.800303 212.880005 39.921261 -2.800303 212.880005 35.094452 -2.902702 213.475357 34.824291 -3.172861 214.015686 35.196850 2.711508 212.880005 34.409451 3.498910 216.817017 34.409451 1.924107 216.817017 34.409451 -3.587704 214.454803 39.921261 2.711508 212.880005 52.519684 1.924107 206.974503 55.669292 -2.012901 206.974503 55.669292 1.924107 206.974503 52.519684 -2.012901 206.974503 43.070866 1.924107 206.974503 46.220474 -2.012901 206.974503 46.220474 1.924107 206.974503 43.070866 -2.012901 206.974503 47.401573 6.254816 206.974503 51.338581 -6.343610 206.974503 51.338581 6.254816 206.974503 47.401573 -6.343610 206.974503 46.220474 1.924107 208.549301 46.220474 -2.012901 208.549301 51.338581 1.924107 208.549301 51.338581 6.254816 210.124100 51.338581 -2.012901 208.549301 51.338581 -2.012901 210.124100 51.338581 -6.343610 210.124100 51.338581 1.924107 210.124100 47.401573 -6.343610 210.124100 47.401573 -2.012901 208.549301 47.401573 -2.012901 210.124100 47.401573 1.924107 210.124100 47.401573 6.254816 210.124100 47.401573 1.924107 208.549301 52.519684 -2.012901 208.549301 52.519684 1.924107 208.549301 43.070866 6.254816 205.399689 54.839603 5.425129 204.521423 43.900551 5.425129 204.521423 55.669292 6.254816 205.399689 54.299286 4.884810 203.440796 44.440872 4.884810 203.440796 55.669292 -6.343610 205.399689 54.839603 -5.513924 204.521423 54.299286 -4.973604 203.440796 54.094486 4.680012 202.250092 54.094486 -4.768806 202.250092 44.645668 -4.768806 202.250092 44.440872 -4.973604 203.440796 43.900551 -5.513924 204.521423 43.070866 -6.343610 205.399689 43.070866 6.254816 210.124100 43.070866 1.924107 210.124100 44.645668 4.680012 202.250092 43.070866 -2.012901 210.124100 55.669292 1.924107 210.124100 55.669292 -2.012901 210.124100 55.669292 -6.343610 210.124100 43.070866 -6.343610 210.124100 43.900551 -4.768806 204.521423 44.440872 -4.768806 203.440796 43.070866 -4.768806 205.399689 55.669292 6.254816 210.124100 53.503937 48.867447 231.846405 53.237041 -25.381889 232.842468 53.503937 -25.381889 231.846405 53.237041 48.867447 232.842468 51.437008 48.867447 228.266373 49.370079 -25.381889 227.712555 49.370079 48.867447 227.712555 51.437008 -25.381889 228.266373 45.790051 48.867447 233.913330 45.503113 -25.381889 232.842468 45.790051 -25.381889 233.913330 45.503113 48.867447 232.842468 47.303150 -25.381889 228.266373 52.950104 -25.381889 229.779480 45.790051 -25.381889 229.779480 45.236221 -25.381889 231.846405 52.950104 -25.381889 233.913330 51.437008 -25.381889 235.426437 47.303150 -25.381889 235.426437 49.370079 -25.381889 235.980270 47.303150 48.867447 235.426437 47.303150 48.867447 228.266373 45.236221 48.867447 231.846405 45.790051 48.867447 229.779480 52.950104 48.867447 229.779480 52.950104 48.867447 233.913330 51.437008 48.867447 235.426437 49.370079 48.867447 235.980270 52.519684 -18.897638 225.090393 51.338581 -13.385827 225.090393 51.338581 -18.897638 225.090393 52.519684 -13.385827 225.090393 46.635315 -13.800670 222.289062 46.905476 -18.212635 221.748749 46.635315 -18.482794 222.289062 46.905476 -14.070829 221.748749 52.519684 -14.173228 222.728195 52.519684 -18.897638 222.728195 52.519684 -13.385827 222.728195 47.007874 -18.110237 221.153397 47.007874 -14.173228 221.153397 46.220474 -13.385827 222.728195 46.220474 -18.897638 222.728195 47.401573 -18.897638 225.090393 46.220474 -13.385827 225.090393 46.220474 -18.897638 225.090393 47.401573 -13.385827 225.090393 47.401573 -13.385827 223.515594 51.338581 -13.385827 223.515594 51.338581 -18.897638 223.515594 47.401573 -18.897638 223.515594 51.834682 -18.212635 221.748749 51.732285 -18.110237 221.153397 52.104843 -14.173228 222.289062 52.104843 -18.482794 222.289062 51.834682 -14.173228 221.748749 51.834682 -14.070829 221.748749 52.104843 -13.800670 222.289062 51.732285 -14.173228 221.153397 51.338581 -25.381889 228.240005 49.370079 24.224409 227.712555 51.338581 24.224409 228.240005 47.401573 24.224409 228.240005 47.401573 -25.381889 228.240005 47.401573 -25.381889 225.090393 51.338581 -25.381889 225.090393 51.338581 -23.019686 223.778061 47.401573 -24.594488 224.302994 47.401573 -23.019686 223.778061 51.338581 -24.594488 224.302994 47.401573 -20.657480 223.515594 47.401573 19.500000 223.515594 47.401573 21.862206 223.778061 47.401573 23.652250 224.374741 47.401573 24.224409 225.090393 51.338581 23.652250 224.374741 51.338581 21.862206 223.778061 51.338581 24.224409 225.090393 51.338581 19.500000 223.515594 51.338581 -20.657480 223.515594 51.338581 2.755905 206.980164 47.401573 5.905512 206.980164 51.338581 5.905512 206.980164 47.401573 2.755905 206.980164 51.338581 -2.755906 207.767563 47.401573 -2.755906 206.980164 47.401573 -2.755906 207.767563 51.338581 -2.755906 206.980164 51.338581 2.755905 207.767563 47.401573 2.755905 207.767563 47.401573 -3.149606 211.704575 49.370079 -2.854331 212.374237 47.401573 -2.559055 211.862808 49.370079 -3.224705 212.275009 49.370079 -2.638174 212.590393 47.401573 -2.126742 212.295120 51.338581 -8.267716 212.885681 49.370079 -7.598046 212.590393 49.370079 -7.677166 212.885681 51.338581 -8.109479 212.295120 51.338581 -3.149606 211.704575 51.338581 -2.559055 211.862808 51.338581 -2.126742 212.295120 51.338581 -7.677166 211.862808 49.370079 -7.381890 212.374237 51.338581 -1.968504 212.885681 49.370079 -2.559055 212.885681 47.401573 -8.109479 212.295120 47.401573 -8.267716 212.885681 47.401573 -1.968504 212.885681 51.338581 -12.204724 212.885681 47.401573 -12.204724 212.885681 47.401573 -7.086614 211.704575 49.370079 -7.011516 212.275009 47.401573 8.109479 212.295120 49.370079 7.677166 212.885681 47.401573 8.267716 212.885681 49.370079 7.598046 212.590393 51.338581 8.267716 212.885681 51.338581 8.109479 212.295120 47.401573 7.677166 211.862808 49.370079 7.381890 212.374237 51.338581 1.968504 212.885681 49.370079 2.638174 212.590393 49.370079 2.559055 212.885681 51.338581 2.126742 212.295120 47.401573 2.126742 212.295120 47.401573 1.968504 212.885681 47.401573 -7.677166 211.862808 51.338581 -7.086614 211.704575 47.401573 -5.905512 206.980164 47.401573 -8.425197 207.334488 47.401573 -10.314960 208.043152 47.401573 8.425197 207.334488 47.401573 10.314960 208.043152 47.401573 -11.574803 209.106155 47.401573 11.574803 209.106155 47.401573 -12.204724 210.523468 47.401573 12.204724 210.523468 47.401573 3.149606 211.704575 47.401573 2.559055 211.862808 47.401573 -1.574803 212.885681 47.401573 1.574803 212.885681 47.401573 7.086614 211.704575 47.401573 12.204724 212.885681 51.338581 2.559055 211.862808 49.370079 2.854331 212.374237 51.338581 -12.204724 210.523468 51.338581 -1.574803 212.885681 51.338581 -5.905512 206.980164 51.338581 12.204724 212.885681 51.338581 12.204724 210.523468 51.338581 11.574803 209.106155 51.338581 8.425197 207.334488 51.338581 10.314960 208.043152 51.338581 -8.425197 207.334488 51.338581 -10.314960 208.043152 51.338581 -11.574803 209.106155 51.338581 7.086614 211.704575 51.338581 7.677166 211.862808 51.338581 3.149606 211.704575 51.338581 1.574803 212.885681 49.370079 7.011516 212.275009 49.370079 3.224705 212.275009 52.519684 13.385827 225.090393 51.338581 18.897638 225.090393 51.338581 13.385827 225.090393 52.519684 18.897638 225.090393 46.635315 18.482794 222.289062 46.905476 14.070829 221.748749 46.635315 13.800670 222.289062 46.905476 18.212635 221.748749 52.519684 18.110237 222.728195 52.519684 13.385827 222.728195 52.519684 18.897638 222.728195 47.007874 14.173228 221.153397 47.007874 18.110237 221.153397 46.220474 18.897638 222.728195 46.220474 13.385827 222.728195 47.401573 13.385827 225.090393 46.220474 18.897638 225.090393 46.220474 13.385827 225.090393 47.401573 18.897638 225.090393 47.401573 18.897638 223.515594 51.338581 18.897638 223.515594 51.338581 13.385827 223.515594 47.401573 13.385827 223.515594 51.834682 14.070829 221.748749 51.732285 14.173228 221.153397 52.104843 18.110237 222.289062 52.104843 13.800670 222.289062 51.834682 18.110237 221.748749 51.834682 18.212635 221.748749 52.104843 18.482794 222.289062 51.732285 18.110237 221.153397 52.529266 -12.992126 216.822678 51.348164 -7.480315 216.822678 51.348164 -12.992126 216.822678 52.529266 -7.480315 216.822678 46.644897 -7.895158 214.021347 46.915058 -12.307123 213.481033 46.644897 -12.577283 214.021347 46.915058 -8.165318 213.481033 52.529266 -8.267716 214.460480 52.529266 -12.992126 214.460480 52.529266 -7.480315 214.460480 47.017456 -12.204724 212.885681 47.017456 -8.267716 212.885681 46.230053 -7.480315 214.460480 46.230053 -12.992126 214.460480 47.411156 -12.992126 216.822678 46.230053 -7.480315 216.822678 46.230053 -12.992126 216.822678 47.411156 -7.480315 216.822678 47.411156 -7.480315 215.247879 51.348164 -7.480315 215.247879 51.348164 -12.992126 215.247879 47.411156 -12.992126 215.247879 51.844265 -12.307123 213.481033 51.741867 -12.204724 212.885681 52.114422 -8.267716 214.021347 52.114422 -12.577283 214.021347 51.844265 -8.267716 213.481033 51.844265 -8.165318 213.481033 52.114422 -7.895158 214.021347 51.741867 -8.267716 212.885681 52.519684 7.480315 216.822678 51.338581 12.992126 216.822678 51.338581 7.480315 216.822678 52.519684 12.992126 216.822678 46.635315 12.577283 214.021347 46.905476 8.165318 213.481033 46.635315 7.895158 214.021347 46.905476 12.307123 213.481033 52.519684 12.204724 214.460480 52.519684 7.480315 214.460480 52.519684 12.992126 214.460480 47.007874 8.267716 212.885681 47.007874 12.204724 212.885681 46.220474 12.992126 214.460480 46.220474 7.480315 214.460480 47.401573 7.480315 216.822678 46.220474 12.992126 216.822678 46.220474 7.480315 216.822678 47.401573 12.992126 216.822678 47.401573 12.992126 215.247879 51.338581 12.992126 215.247879 51.338581 7.480315 215.247879 47.401573 7.480315 215.247879 51.834682 8.165318 213.481033 51.732285 8.267716 212.885681 52.104843 12.204724 214.021347 52.104843 7.895158 214.021347 51.834682 12.204724 213.481033 51.834682 12.307123 213.481033 52.104843 12.577283 214.021347 51.732285 12.204724 212.885681 51.338581 2.362205 215.247879 47.401573 13.385827 215.247879 51.338581 13.385827 215.247879 47.401573 2.362205 215.247879 51.338581 2.362205 216.035278 47.401573 2.362205 216.035278 51.338581 -2.362205 216.035278 47.401573 -2.362205 215.247879 47.401573 -2.362205 216.035278 51.338581 -2.362205 215.247879 47.401573 -0.000000 216.035278 51.338581 -0.000000 216.035278 47.401573 -12.992126 219.972290 49.370079 -3.224705 220.542725 47.401573 -3.149606 219.972290 49.370079 -12.917027 220.542725 49.370079 -2.638174 220.858124 51.338581 -2.559055 220.130524 51.338581 -2.126742 220.562836 49.370079 -2.854331 220.641968 51.338581 -1.968504 221.153397 49.370079 -2.559055 221.153397 47.401573 -2.559055 220.130524 47.401573 -2.126742 220.562836 51.338581 -3.149606 219.972290 47.401573 -1.968504 221.153397 49.370079 -13.287401 220.641968 51.338581 -12.992126 219.972290 51.338581 -13.582677 220.130524 51.338581 -14.173228 221.153397 49.370079 -13.503558 220.858124 49.370079 -13.582677 221.153397 51.338581 -14.014991 220.562836 47.401573 -14.014991 220.562836 47.401573 -13.582677 220.130524 47.401573 -14.173228 221.153397 51.338581 1.968504 221.153397 49.370079 2.638174 220.858124 49.370079 2.559055 221.153397 51.338581 2.126742 220.562836 51.338581 -18.110237 221.153397 47.401573 -18.110237 221.153397 47.401573 -13.385827 215.247879 47.401573 -15.275591 215.602219 47.401573 -16.692913 216.310867 47.401573 15.275591 215.602219 47.401573 16.692913 216.310867 47.401573 -17.637794 217.373871 47.401573 17.637794 217.373871 47.401573 -18.110237 218.791183 47.401573 18.110237 218.791183 47.401573 3.149606 219.972290 47.401573 2.559055 220.130524 47.401573 2.126742 220.562836 47.401573 1.968504 221.153397 47.401573 -1.574803 221.153397 47.401573 1.574803 221.153397 47.401573 12.992126 219.972290 47.401573 18.110237 221.153397 47.401573 13.582677 220.130524 47.401573 14.014991 220.562836 47.401573 14.173228 221.153397 51.338581 1.574803 221.153397 51.338581 15.275591 215.602219 51.338581 -1.574803 221.153397 51.338581 16.692913 216.310867 51.338581 -13.385827 215.247879 51.338581 -15.275591 215.602219 51.338581 -16.692913 216.310867 51.338581 17.637794 217.373871 51.338581 -17.637794 217.373871 51.338581 18.110237 218.791183 51.338581 -18.110237 218.791183 51.338581 12.992126 219.972290 51.338581 18.110237 221.153397 51.338581 13.582677 220.130524 51.338581 14.014991 220.562836 51.338581 14.173228 221.153397 51.338581 2.559055 220.130524 51.338581 3.149606 219.972290 49.370079 13.582677 221.153397 49.370079 13.503558 220.858124 49.370079 13.287401 220.641968 49.370079 12.917027 220.542725 49.370079 3.224705 220.542725 49.370079 2.854331 220.641968 -47.086613 -2.012901 215.242218 -47.086613 -2.012901 206.974503 -43.149605 -2.012901 206.974503 -43.149605 -2.012901 215.242218 -41.181103 1.924107 206.974503 -37.244095 1.924107 206.974503 -37.244095 -2.012901 206.974503 -41.181103 -2.012901 206.974503 -36.456692 -1.619200 215.242218 -36.456692 1.530406 215.242218 -41.968502 1.530406 215.242218 -41.968502 -1.619200 215.242218 -41.968502 1.924107 215.242218 -43.149605 1.924107 215.242218 -41.968502 -2.012901 215.242218 -47.086613 1.924107 215.242218 -48.267715 1.924107 215.242218 -48.267715 1.530406 215.242218 -48.267715 -2.012901 215.242218 -48.267715 -1.619200 215.242218 -53.779526 1.530406 215.242218 -53.779526 -1.619200 215.242218 -30.944881 1.924107 212.880005 -30.944881 -2.012901 212.880005 -30.944881 -2.012901 210.517807 -30.944881 1.924107 210.517807 -54.566929 1.530406 212.880005 -54.566929 -1.619200 212.880005 -54.464531 -1.619200 213.475357 -54.464531 1.530406 213.475357 -53.779526 1.530406 214.454803 -53.779526 -1.619200 214.454803 -58.661419 1.924107 209.100479 -58.661419 -2.012901 209.100479 -59.291340 -2.012901 210.517807 -59.291340 1.924107 210.517807 -42.755905 -1.619200 212.880005 -42.755905 -2.012901 212.880005 -42.597668 -2.012901 212.289459 -42.597668 -1.619200 212.289459 -54.566929 1.924107 212.880005 -59.291340 1.924107 212.880005 -54.566929 -2.012901 212.880005 -59.291340 -2.012901 212.880005 -54.194370 -1.619200 214.015686 -54.194370 1.530406 214.015686 -57.401573 1.924107 208.037491 -55.511810 1.924107 207.328827 -55.511810 -2.012901 207.328827 -57.401573 -2.012901 208.037491 -52.992126 1.924107 206.974503 -52.992126 -2.012901 206.974503 -49.055119 1.924107 206.974503 -49.055119 -2.012901 206.974503 -42.165356 -2.012901 211.857147 -42.165356 -1.619200 211.857147 -42.383347 -1.619200 214.015686 -42.383347 -2.012901 214.015686 -42.653507 -2.012901 213.475357 -42.653507 -1.619200 213.475357 -53.385826 -2.012901 211.698898 -53.976379 -2.012901 211.857147 -54.408691 -2.012901 212.289459 -48.070866 -2.012901 211.857147 -47.638554 -2.012901 212.289459 -47.480316 -2.012901 212.880005 -48.661419 -2.012901 211.698898 -47.582714 -2.012901 213.475357 -47.852875 -2.012901 214.015686 -48.267715 -2.012901 214.454803 -41.968502 -2.012901 214.454803 -41.968502 -1.619200 214.454803 -36.850395 1.924107 211.698898 -36.259842 1.924107 211.857147 -35.827530 1.924107 212.289459 -35.669292 1.924107 212.880005 -34.724411 1.924107 207.328827 -43.149605 1.924107 206.974503 -42.165356 1.924107 211.857147 -42.597668 1.924107 212.289459 -42.755905 1.924107 212.880005 -32.834644 1.924107 208.037491 -41.574802 1.924107 211.698898 -31.574802 1.924107 209.100479 -42.653507 1.924107 213.475357 -42.383347 1.924107 214.015686 -41.968502 1.924107 214.454803 -47.086613 1.924107 206.974503 -47.480316 1.924107 212.880005 -47.638554 1.924107 212.289459 -48.070866 1.924107 211.857147 -48.661419 1.924107 211.698898 -47.582714 1.924107 213.475357 -47.852875 1.924107 214.015686 -48.267715 1.924107 214.454803 -53.385826 1.924107 211.698898 -53.976379 1.924107 211.857147 -54.408691 1.924107 212.289459 -47.638554 1.530406 212.289459 -47.480316 1.530406 212.880005 -48.070866 1.530406 211.857147 -48.661419 1.530406 211.698898 -53.385826 1.530406 211.698898 -53.976379 1.530406 211.857147 -54.408691 1.530406 212.289459 -47.582714 1.530406 213.475357 -47.852875 1.530406 214.015686 -48.267715 1.530406 214.454803 -42.597668 1.530406 212.289459 -42.165356 1.530406 211.857147 -41.574802 1.530406 211.698898 -36.259842 1.530406 211.857147 -36.850395 1.530406 211.698898 -35.827530 1.530406 212.289459 -35.669292 1.530406 212.880005 -42.755905 1.530406 212.880005 -35.771690 1.530406 213.475357 -42.653507 1.530406 213.475357 -36.041851 1.530406 214.015686 -42.383347 1.530406 214.015686 -36.456692 1.530406 214.454803 -41.968502 1.530406 214.454803 -35.827530 -1.619200 212.289459 -35.827530 -2.012901 212.289459 -35.669292 -2.012901 212.880005 -35.669292 -1.619200 212.880005 -36.259842 -1.619200 211.857147 -36.259842 -2.012901 211.857147 -36.850395 -2.012901 211.698898 -36.850395 -1.619200 211.698898 -41.574802 -1.619200 211.698898 -35.771690 -1.619200 213.475357 -36.041851 -1.619200 214.015686 -36.456692 -1.619200 214.454803 -41.574802 -2.012901 211.698898 -31.574802 -2.012901 209.100479 -53.976379 -1.619200 211.857147 -54.408691 -1.619200 212.289459 -32.834644 -2.012901 208.037491 -34.724411 -2.012901 207.328827 -53.385826 -1.619200 211.698898 -48.661419 -1.619200 211.698898 -48.070866 -1.619200 211.857147 -47.638554 -1.619200 212.289459 -47.480316 -1.619200 212.880005 -47.582714 -1.619200 213.475357 -47.852875 -1.619200 214.015686 -48.267715 -1.619200 214.454803 -30.157480 -2.012901 215.242218 -36.456692 1.924107 215.242218 -36.456692 -2.012901 215.242218 -30.157480 1.924107 215.242218 -30.157480 -3.587704 214.454803 -30.157480 -3.587704 216.817017 -30.157480 2.711508 214.454803 -30.157480 1.924107 216.817017 -30.157480 3.498910 216.817017 -30.157480 3.498910 214.454803 -30.157480 -2.012901 216.817017 -36.456692 -2.012901 216.817017 -36.456692 -3.587704 216.817017 -36.456692 3.498910 214.454803 -30.572323 3.084067 214.015686 -36.041851 3.084067 214.015686 -30.842484 2.813907 213.475357 -35.771690 2.813907 213.475357 -30.842484 -2.902702 213.475357 -30.572323 2.711508 214.015686 -30.572323 -3.172861 214.015686 -30.842484 2.711508 213.475357 -35.669292 -2.800303 212.880005 -30.944881 -2.800303 212.880005 -35.771690 -2.902702 213.475357 -36.041851 -3.172861 214.015686 -35.669292 2.711508 212.880005 -36.456692 3.498910 216.817017 -36.456692 1.924107 216.817017 -36.456692 -3.587704 214.454803 -30.944881 2.711508 212.880005 -53.779526 -2.012901 215.242218 -60.078739 1.924107 215.242218 -60.078739 -2.012901 215.242218 -53.779526 1.924107 215.242218 -53.779526 -3.587704 214.454803 -53.779526 -3.587704 216.817017 -53.779526 2.711508 214.454803 -53.779526 1.924107 216.817017 -53.779526 3.498910 216.817017 -53.779526 3.498910 214.454803 -53.779526 -2.012901 216.817017 -60.078739 -2.012901 216.817017 -60.078739 -3.587704 216.817017 -60.078739 3.498910 214.454803 -54.194370 3.084067 214.015686 -59.663898 3.084067 214.015686 -54.464531 2.813907 213.475357 -59.393738 2.813907 213.475357 -54.464531 -2.902702 213.475357 -54.194370 2.711508 214.015686 -54.194370 -3.172861 214.015686 -54.464531 2.711508 213.475357 -59.291340 -2.800303 212.880005 -54.566929 -2.800303 212.880005 -59.393738 -2.902702 213.475357 -59.663898 -3.172861 214.015686 -59.291340 2.711508 212.880005 -60.078739 3.498910 216.817017 -60.078739 1.924107 216.817017 -60.078739 -3.587704 214.454803 -54.566929 2.711508 212.880005 -41.968502 1.924107 206.974503 -38.818897 -2.012901 206.974503 -38.818897 1.924107 206.974503 -41.968502 -2.012901 206.974503 -51.417324 1.924107 206.974503 -48.267715 -2.012901 206.974503 -48.267715 1.924107 206.974503 -51.417324 -2.012901 206.974503 -47.086613 6.254816 206.974503 -43.149605 -6.343610 206.974503 -43.149605 6.254816 206.974503 -47.086613 -6.343610 206.974503 -48.267715 1.924107 208.549301 -48.267715 -2.012901 208.549301 -43.149605 1.924107 208.549301 -43.149605 6.254816 210.124100 -43.149605 -2.012901 208.549301 -43.149605 -2.012901 210.124100 -43.149605 -6.343610 210.124100 -43.149605 1.924107 210.124100 -47.086613 -6.343610 210.124100 -47.086613 -2.012901 208.549301 -47.086613 -2.012901 210.124100 -47.086613 1.924107 210.124100 -47.086613 6.254816 210.124100 -47.086613 1.924107 208.549301 -41.968502 -2.012901 208.549301 -41.968502 1.924107 208.549301 -51.417324 6.254816 205.399689 -39.648582 5.425129 204.521423 -50.587635 5.425129 204.521423 -38.818897 6.254816 205.399689 -40.188904 4.884810 203.440796 -50.047318 4.884810 203.440796 -38.818897 -6.343610 205.399689 -39.648582 -5.513924 204.521423 -40.188904 -4.973604 203.440796 -40.393700 4.680012 202.250092 -40.393700 -4.768806 202.250092 -49.842518 -4.768806 202.250092 -50.047318 -4.973604 203.440796 -50.587635 -5.513924 204.521423 -51.417324 -6.343610 205.399689 -51.417324 6.254816 210.124100 -51.417324 1.924107 210.124100 -49.842518 4.680012 202.250092 -51.417324 -2.012901 210.124100 -38.818897 1.924107 210.124100 -38.818897 -2.012901 210.124100 -38.818897 -6.343610 210.124100 -51.417324 -6.343610 210.124100 -50.587635 -4.768806 204.521423 -50.047318 -4.768806 203.440796 -51.417324 -4.768806 205.399689 -38.818897 6.254816 210.124100 -40.984253 48.867447 231.846405 -41.251144 -25.381889 232.842468 -40.984253 -25.381889 231.846405 -41.251144 48.867447 232.842468 -43.051182 48.867447 228.266373 -45.118111 -25.381889 227.712555 -45.118111 48.867447 227.712555 -43.051182 -25.381889 228.266373 -48.698135 48.867447 233.913330 -48.985073 -25.381889 232.842468 -48.698135 -25.381889 233.913330 -48.985073 48.867447 232.842468 -47.185040 -25.381889 228.266373 -41.538082 -25.381889 229.779480 -48.698135 -25.381889 229.779480 -49.251968 -25.381889 231.846405 -41.538082 -25.381889 233.913330 -43.051182 -25.381889 235.426437 -47.185040 -25.381889 235.426437 -45.118111 -25.381889 235.980270 -47.185040 48.867447 235.426437 -47.185040 48.867447 228.266373 -49.251968 48.867447 231.846405 -48.698135 48.867447 229.779480 -41.538082 48.867447 229.779480 -41.538082 48.867447 233.913330 -43.051182 48.867447 235.426437 -45.118111 48.867447 235.980270 -41.968502 -18.897638 225.090393 -43.149605 -13.385827 225.090393 -43.149605 -18.897638 225.090393 -41.968502 -13.385827 225.090393 -47.852875 -13.800670 222.289062 -47.582714 -18.212635 221.748749 -47.852875 -18.482794 222.289062 -47.582714 -14.070829 221.748749 -41.968502 -14.173228 222.728195 -41.968502 -18.897638 222.728195 -41.968502 -13.385827 222.728195 -47.480316 -18.110237 221.153397 -47.480316 -14.173228 221.153397 -48.267715 -13.385827 222.728195 -48.267715 -18.897638 222.728195 -47.086613 -18.897638 225.090393 -48.267715 -13.385827 225.090393 -48.267715 -18.897638 225.090393 -47.086613 -13.385827 225.090393 -47.086613 -13.385827 223.515594 -43.149605 -13.385827 223.515594 -43.149605 -18.897638 223.515594 -47.086613 -18.897638 223.515594 -42.653507 -18.212635 221.748749 -42.755905 -18.110237 221.153397 -42.383347 -14.173228 222.289062 -42.383347 -18.482794 222.289062 -42.653507 -14.173228 221.748749 -42.653507 -14.070829 221.748749 -42.383347 -13.800670 222.289062 -42.755905 -14.173228 221.153397 -43.149605 -25.381889 228.240005 -45.118111 24.224409 227.712555 -43.149605 24.224409 228.240005 -47.086613 24.224409 228.240005 -47.086613 -25.381889 228.240005 -47.086613 -25.381889 225.090393 -43.149605 -25.381889 225.090393 -43.149605 -23.019686 223.778061 -47.086613 -24.594488 224.302994 -47.086613 -23.019686 223.778061 -43.149605 -24.594488 224.302994 -47.086613 -20.657480 223.515594 -47.086613 19.500000 223.515594 -47.086613 21.862206 223.778061 -47.086613 23.652250 224.374741 -47.086613 24.224409 225.090393 -43.149605 23.652250 224.374741 -43.149605 21.862206 223.778061 -43.149605 24.224409 225.090393 -43.149605 19.500000 223.515594 -43.149605 -20.657480 223.515594 -43.149605 2.755905 206.980164 -47.086613 5.905512 206.980164 -43.149605 5.905512 206.980164 -47.086613 2.755905 206.980164 -43.149605 -2.755906 207.767563 -47.086613 -2.755906 206.980164 -47.086613 -2.755906 207.767563 -43.149605 -2.755906 206.980164 -43.149605 2.755905 207.767563 -47.086613 2.755905 207.767563 -47.086613 -3.149606 211.704575 -45.118111 -2.854331 212.374237 -47.086613 -2.559055 211.862808 -45.118111 -3.224705 212.275009 -45.118111 -2.638174 212.590393 -47.086613 -2.126742 212.295120 -43.149605 -8.267716 212.885681 -45.118111 -7.598046 212.590393 -45.118111 -7.677166 212.885681 -43.149605 -8.109479 212.295120 -43.149605 -3.149606 211.704575 -43.149605 -2.559055 211.862808 -43.149605 -2.126742 212.295120 -43.149605 -7.677166 211.862808 -45.118111 -7.381890 212.374237 -43.149605 -1.968504 212.885681 -45.118111 -2.559055 212.885681 -47.086613 -8.109479 212.295120 -47.086613 -8.267716 212.885681 -47.086613 -1.968504 212.885681 -43.149605 -12.204724 212.885681 -47.086613 -12.204724 212.885681 -47.086613 -7.086614 211.704575 -45.118111 -7.011516 212.275009 -47.086613 8.109479 212.295120 -45.118111 7.677166 212.885681 -47.086613 8.267716 212.885681 -45.118111 7.598046 212.590393 -43.149605 8.267716 212.885681 -43.149605 8.109479 212.295120 -47.086613 7.677166 211.862808 -45.118111 7.381890 212.374237 -43.149605 1.968504 212.885681 -45.118111 2.638174 212.590393 -45.118111 2.559055 212.885681 -43.149605 2.126742 212.295120 -47.086613 2.126742 212.295120 -47.086613 1.968504 212.885681 -47.086613 -7.677166 211.862808 -43.149605 -7.086614 211.704575 -47.086613 -5.905512 206.980164 -47.086613 -8.425197 207.334488 -47.086613 -10.314960 208.043152 -47.086613 8.425197 207.334488 -47.086613 10.314960 208.043152 -47.086613 -11.574803 209.106155 -47.086613 11.574803 209.106155 -47.086613 -12.204724 210.523468 -47.086613 12.204724 210.523468 -47.086613 3.149606 211.704575 -47.086613 2.559055 211.862808 -47.086613 -1.574803 212.885681 -47.086613 1.574803 212.885681 -47.086613 7.086614 211.704575 -47.086613 12.204724 212.885681 -43.149605 2.559055 211.862808 -45.118111 2.854331 212.374237 -43.149605 -12.204724 210.523468 -43.149605 -1.574803 212.885681 -43.149605 -5.905512 206.980164 -43.149605 12.204724 212.885681 -43.149605 12.204724 210.523468 -43.149605 11.574803 209.106155 -43.149605 8.425197 207.334488 -43.149605 10.314960 208.043152 -43.149605 -8.425197 207.334488 -43.149605 -10.314960 208.043152 -43.149605 -11.574803 209.106155 -43.149605 7.086614 211.704575 -43.149605 7.677166 211.862808 -43.149605 3.149606 211.704575 -43.149605 1.574803 212.885681 -45.118111 7.011516 212.275009 -45.118111 3.224705 212.275009 -41.968502 13.385827 225.090393 -43.149605 18.897638 225.090393 -43.149605 13.385827 225.090393 -41.968502 18.897638 225.090393 -47.852875 18.482794 222.289062 -47.582714 14.070829 221.748749 -47.852875 13.800670 222.289062 -47.582714 18.212635 221.748749 -41.968502 18.110237 222.728195 -41.968502 13.385827 222.728195 -41.968502 18.897638 222.728195 -47.480316 14.173228 221.153397 -47.480316 18.110237 221.153397 -48.267715 18.897638 222.728195 -48.267715 13.385827 222.728195 -47.086613 13.385827 225.090393 -48.267715 18.897638 225.090393 -48.267715 13.385827 225.090393 -47.086613 18.897638 225.090393 -47.086613 18.897638 223.515594 -43.149605 18.897638 223.515594 -43.149605 13.385827 223.515594 -47.086613 13.385827 223.515594 -42.653507 14.070829 221.748749 -42.755905 14.173228 221.153397 -42.383347 18.110237 222.289062 -42.383347 13.800670 222.289062 -42.653507 18.110237 221.748749 -42.653507 18.212635 221.748749 -42.383347 18.482794 222.289062 -42.755905 18.110237 221.153397 -41.958923 -12.992126 216.822678 -43.140026 -7.480315 216.822678 -43.140026 -12.992126 216.822678 -41.958923 -7.480315 216.822678 -47.843292 -7.895158 214.021347 -47.573132 -12.307123 213.481033 -47.843292 -12.577283 214.021347 -47.573132 -8.165318 213.481033 -41.958923 -8.267716 214.460480 -41.958923 -12.992126 214.460480 -41.958923 -7.480315 214.460480 -47.470734 -12.204724 212.885681 -47.470734 -8.267716 212.885681 -48.258133 -7.480315 214.460480 -48.258133 -12.992126 214.460480 -47.077034 -12.992126 216.822678 -48.258133 -7.480315 216.822678 -48.258133 -12.992126 216.822678 -47.077034 -7.480315 216.822678 -47.077034 -7.480315 215.247879 -43.140026 -7.480315 215.247879 -43.140026 -12.992126 215.247879 -47.077034 -12.992126 215.247879 -42.643925 -12.307123 213.481033 -42.746323 -12.204724 212.885681 -42.373764 -8.267716 214.021347 -42.373764 -12.577283 214.021347 -42.643925 -8.267716 213.481033 -42.643925 -8.165318 213.481033 -42.373764 -7.895158 214.021347 -42.746323 -8.267716 212.885681 -41.968502 7.480315 216.822678 -43.149605 12.992126 216.822678 -43.149605 7.480315 216.822678 -41.968502 12.992126 216.822678 -47.852875 12.577283 214.021347 -47.582714 8.165318 213.481033 -47.852875 7.895158 214.021347 -47.582714 12.307123 213.481033 -41.968502 12.204724 214.460480 -41.968502 7.480315 214.460480 -41.968502 12.992126 214.460480 -47.480316 8.267716 212.885681 -47.480316 12.204724 212.885681 -48.267715 12.992126 214.460480 -48.267715 7.480315 214.460480 -47.086613 7.480315 216.822678 -48.267715 12.992126 216.822678 -48.267715 7.480315 216.822678 -47.086613 12.992126 216.822678 -47.086613 12.992126 215.247879 -43.149605 12.992126 215.247879 -43.149605 7.480315 215.247879 -47.086613 7.480315 215.247879 -42.653507 8.165318 213.481033 -42.755905 8.267716 212.885681 -42.383347 12.204724 214.021347 -42.383347 7.895158 214.021347 -42.653507 12.204724 213.481033 -42.653507 12.307123 213.481033 -42.383347 12.577283 214.021347 -42.755905 12.204724 212.885681 -43.149605 2.362205 215.247879 -47.086613 13.385827 215.247879 -43.149605 13.385827 215.247879 -47.086613 2.362205 215.247879 -43.149605 2.362205 216.035278 -47.086613 2.362205 216.035278 -43.149605 -2.362205 216.035278 -47.086613 -2.362205 215.247879 -47.086613 -2.362205 216.035278 -43.149605 -2.362205 215.247879 -47.086613 -0.000000 216.035278 -43.149605 -0.000000 216.035278 -47.086613 -12.992126 219.972290 -45.118111 -3.224705 220.542725 -47.086613 -3.149606 219.972290 -45.118111 -12.917027 220.542725 -45.118111 -2.638174 220.858124 -43.149605 -2.559055 220.130524 -43.149605 -2.126742 220.562836 -45.118111 -2.854331 220.641968 -43.149605 -1.968504 221.153397 -45.118111 -2.559055 221.153397 -47.086613 -2.559055 220.130524 -47.086613 -2.126742 220.562836 -43.149605 -3.149606 219.972290 -47.086613 -1.968504 221.153397 -45.118111 -13.287401 220.641968 -43.149605 -12.992126 219.972290 -43.149605 -13.582677 220.130524 -43.149605 -14.173228 221.153397 -45.118111 -13.503558 220.858124 -45.118111 -13.582677 221.153397 -43.149605 -14.014991 220.562836 -47.086613 -14.014991 220.562836 -47.086613 -13.582677 220.130524 -47.086613 -14.173228 221.153397 -43.149605 1.968504 221.153397 -45.118111 2.638174 220.858124 -45.118111 2.559055 221.153397 -43.149605 2.126742 220.562836 -43.149605 -18.110237 221.153397 -47.086613 -18.110237 221.153397 -47.086613 -13.385827 215.247879 -47.086613 -15.275591 215.602219 -47.086613 -16.692913 216.310867 -47.086613 15.275591 215.602219 -47.086613 16.692913 216.310867 -47.086613 -17.637794 217.373871 -47.086613 17.637794 217.373871 -47.086613 -18.110237 218.791183 -47.086613 18.110237 218.791183 -47.086613 3.149606 219.972290 -47.086613 2.559055 220.130524 -47.086613 2.126742 220.562836 -47.086613 1.968504 221.153397 -47.086613 -1.574803 221.153397 -47.086613 1.574803 221.153397 -47.086613 12.992126 219.972290 -47.086613 18.110237 221.153397 -47.086613 13.582677 220.130524 -47.086613 14.014991 220.562836 -47.086613 14.173228 221.153397 -43.149605 1.574803 221.153397 -43.149605 15.275591 215.602219 -43.149605 -1.574803 221.153397 -43.149605 16.692913 216.310867 -43.149605 -13.385827 215.247879 -43.149605 -15.275591 215.602219 -43.149605 -16.692913 216.310867 -43.149605 17.637794 217.373871 -43.149605 -17.637794 217.373871 -43.149605 18.110237 218.791183 -43.149605 -18.110237 218.791183 -43.149605 12.992126 219.972290 -43.149605 18.110237 221.153397 -43.149605 13.582677 220.130524 -43.149605 14.014991 220.562836 -43.149605 14.173228 221.153397 -43.149605 2.559055 220.130524 -43.149605 3.149606 219.972290 -45.118111 13.582677 221.153397 -45.118111 13.503558 220.858124 -45.118111 13.287401 220.641968 -45.118111 12.917027 220.542725 -45.118111 3.224705 220.542725 -45.118111 2.854331 220.641968 -183.696091 -1.968504 154.375671 -201.806320 1.968500 154.375671 -201.806320 -1.968504 154.375671 -183.696091 1.968500 154.375671 -121.889763 -1.968504 152.013474 -139.606293 1.968500 152.013474 -139.606293 -1.968504 152.013474 -121.889763 1.968500 152.013474 -121.889763 1.968500 146.107956 -121.889763 -1.968504 146.107956 -201.806320 -1.968504 146.107956 -201.806320 1.968500 146.107956 -139.606293 -1.968504 154.375671 -139.606293 1.968500 154.375671 -184.877182 2.268744 146.895355 -188.814194 5.812051 146.895355 -184.877182 5.812051 146.895355 -188.814194 2.268744 146.895355 -184.877182 -3.243067 147.682770 -188.814194 -3.243067 146.895355 -188.814194 -3.243067 147.682770 -184.877182 -3.243067 146.895355 -188.814194 2.268744 147.682770 -184.877182 2.268744 147.682770 -184.877182 8.436724 147.131577 -184.877182 10.536461 147.604019 -184.877182 12.111264 148.312683 -184.877182 -6.786374 146.895355 -184.877182 -9.411046 147.131577 -184.877182 -11.510783 147.604019 -184.877182 -13.085587 148.312683 -184.877182 13.161133 149.257568 -184.877182 -14.135455 149.257568 -184.877182 13.686068 150.438675 -184.877182 -14.660390 150.438675 -184.877182 8.567957 151.619766 -184.877182 13.686068 152.800873 -184.877182 -3.636768 151.619766 -184.877182 9.158508 151.778015 -184.877182 9.590821 152.210327 -184.877182 9.749060 152.800873 -184.877182 1.481343 152.800873 -184.877182 1.087642 152.800873 -184.877182 1.639580 152.210327 -184.877182 2.662445 151.619766 -184.877182 -3.046216 151.778015 -184.877182 2.071894 151.778015 -184.877182 -2.613903 152.210327 -184.877182 -2.455665 152.800873 -184.877182 -2.061964 152.800873 -184.877182 -9.542279 151.619766 -184.877182 -14.660390 152.800873 -184.877182 -10.132831 151.778015 -184.877182 -10.565144 152.210327 -184.877182 -10.723382 152.800873 -188.814194 -2.061964 152.800873 -188.814194 -2.455665 152.800873 -186.845688 -3.046216 152.800873 -188.814194 1.087642 152.800873 -188.814194 -2.613903 152.210327 -186.845688 -3.125335 152.505600 -186.845688 -3.711866 152.190201 -186.845688 -9.467181 152.190201 -188.814194 -10.723382 152.800873 -186.845688 -10.053712 152.505600 -188.814194 -10.565144 152.210327 -186.845688 -10.132831 152.800873 -188.814194 9.158508 151.778015 -186.845688 9.079390 152.505600 -188.814194 9.590821 152.210327 -186.845688 8.863233 152.289444 -186.845688 -3.341492 152.289444 -188.814194 -9.542279 151.619766 -188.814194 -3.636768 151.619766 -186.845688 9.158508 152.800873 -186.845688 2.151013 152.505600 -188.814194 2.071894 151.778015 -188.814194 1.639580 152.210327 -186.845688 2.367170 152.289444 -188.814194 8.436724 147.131577 -186.845688 2.071894 152.800873 -188.814194 -14.660390 152.800873 -188.814194 -14.660390 150.438675 -188.814194 9.749060 152.800873 -188.814194 8.567957 151.619766 -186.845688 8.492859 152.190201 -188.814194 -10.132831 151.778015 -186.845688 -9.837555 152.289444 -188.814194 -6.786374 146.895355 -188.814194 -9.411046 147.131577 -186.845688 2.737543 152.190201 -188.814194 2.662445 151.619766 -188.814194 -3.046216 151.778015 -188.814194 -14.135455 149.257568 -188.814194 -11.510783 147.604019 -188.814194 -13.085587 148.312683 -188.814194 13.686068 152.800873 -188.814194 1.481343 152.800873 -188.814194 13.686068 150.438675 -188.814194 13.161133 149.257568 -188.814194 12.111264 148.312683 -188.814194 10.536461 147.604019 -182.711838 48.867447 163.499557 -182.978729 -25.381889 164.495621 -182.711838 -25.381889 163.499557 -182.978729 48.867447 164.495621 -184.778763 48.867447 159.919525 -186.845688 -25.381889 159.365692 -186.845688 48.867447 159.365692 -184.778763 -25.381889 159.919525 -190.425720 48.867447 165.566483 -190.712662 -25.381889 164.495621 -190.425720 -25.381889 165.566483 -190.712662 48.867447 164.495621 -188.912628 -25.381889 159.919525 -183.265671 -25.381889 161.432632 -190.425720 -25.381889 161.432632 -190.979553 -25.381889 163.499557 -183.265671 -25.381889 165.566483 -184.778763 -25.381889 167.079590 -188.912628 -25.381889 167.079590 -186.845688 -25.381889 167.633408 -188.912628 48.867447 167.079590 -188.912628 48.867447 159.919525 -190.979553 48.867447 163.499557 -190.425720 48.867447 161.432632 -183.265671 48.867447 161.432632 -183.265671 48.867447 165.566483 -184.778763 48.867447 167.079590 -186.845688 48.867447 167.633408 -184.170990 -2.915956 144.364075 -186.451996 -2.849515 144.599396 -186.451996 -3.860781 144.364075 -184.886063 -2.200884 144.599396 -189.301147 -3.484100 143.706451 -190.881119 -0.634948 142.829178 -189.583862 -3.766819 142.829178 -190.481293 -0.634948 143.706451 -184.237427 -0.634948 144.599396 -184.170990 1.646060 144.364075 -184.886063 0.930987 144.599396 -183.226166 -0.634948 144.364075 -183.602844 -3.484100 143.706451 -182.422684 -0.634948 143.706451 -186.451996 3.394360 143.706451 -186.451996 2.590884 144.364075 -183.602844 2.214203 143.706451 -188.017929 -2.200884 144.599396 -188.017929 0.930987 144.599396 -188.666565 -0.634948 144.599396 -186.451996 1.579619 144.599396 -187.269852 -2.510748 144.599396 -183.320114 2.496922 136.220474 -182.022858 -0.634948 141.723831 -182.022858 -0.634948 136.220474 -182.022858 -0.634948 142.829178 -183.320114 2.496922 141.723831 -183.320114 2.496922 142.829178 -183.320114 -3.766819 142.829178 -186.451996 3.794185 142.829178 -183.320114 -3.766819 141.723831 -186.451996 -5.064082 136.220474 -183.320114 -3.766819 136.220474 -186.451996 -5.064082 141.723831 -186.451996 -5.064082 142.829178 -186.451996 -4.664257 143.706451 -188.052811 -4.400999 142.829178 -187.911453 -4.059727 143.706451 -187.627380 -3.373917 144.364075 -188.733002 -2.915956 144.364075 -189.677826 -0.634948 144.364075 -189.583862 2.496922 142.829178 -190.881119 -0.634948 136.220474 -189.583862 2.496922 136.220474 -189.583862 2.496922 141.723831 -188.733002 1.646060 144.364075 -189.301147 2.214203 143.706451 -186.451996 3.794185 141.723831 -186.451996 3.794185 136.220474 -189.583862 -3.766819 141.723831 -189.583862 -3.766819 136.220474 -188.052811 -4.400999 136.220474 -183.696091 8.961658 156.737885 -184.877182 14.473469 156.737885 -184.877182 8.961658 156.737885 -183.696091 14.473469 156.737885 -189.580460 14.058625 153.936539 -189.310303 9.646661 153.396225 -189.580460 9.376501 153.936539 -189.310303 13.788466 153.396225 -183.696091 13.686068 154.375671 -183.696091 8.961658 154.375671 -183.696091 14.473469 154.375671 -189.207901 9.749060 152.800873 -189.207901 13.686068 152.800873 -189.995300 14.473469 154.375671 -189.995300 8.961658 154.375671 -188.814194 8.961658 156.737885 -189.995300 14.473469 156.737885 -189.995300 8.961658 156.737885 -188.814194 14.473469 156.737885 -188.814194 14.473469 155.163086 -184.877182 14.473469 155.163086 -184.877182 8.961658 155.163086 -188.814194 8.961658 155.163086 -184.381088 9.646661 153.396225 -184.483490 9.749060 152.800873 -184.110931 13.686068 153.936539 -184.110931 9.376501 153.936539 -184.381088 13.686068 153.396225 -184.381088 13.788466 153.396225 -184.110931 14.058625 153.936539 -184.483490 13.686068 152.800873 -183.696091 -3.636768 154.375671 -188.814194 -3.636768 155.163086 -189.995300 -3.636768 154.375671 -184.877182 -3.636768 155.163086 -184.877182 -3.636768 156.737885 -183.696091 -3.636768 156.737885 -188.814194 -3.636768 156.737885 -189.995300 -3.636768 156.737885 -183.696091 2.662445 156.737885 -183.696091 1.875044 154.375671 -183.696091 2.662445 154.375671 -184.110931 1.875044 153.936539 -184.110931 2.247602 153.936539 -184.110931 -3.221924 153.936539 -189.580460 2.247602 153.936539 -189.995300 2.662445 154.375671 -184.381088 1.875044 153.396225 -184.381088 1.977442 153.396225 -184.381088 -2.951765 153.396225 -184.877182 2.662445 155.163086 -184.877182 2.662445 156.737885 -188.814194 2.662445 156.737885 -189.995300 2.662445 156.737885 -188.814194 2.662445 155.163086 -189.310303 1.977442 153.396225 -184.483490 -2.849366 152.800873 -184.483490 1.875044 152.800873 -189.580460 -3.221924 153.936539 -189.310303 -2.951765 153.396225 -189.207901 -2.849366 152.800873 -189.207901 1.875044 152.800873 -184.877182 -21.035555 156.743591 -184.877182 19.899317 159.893158 -184.877182 -21.051182 159.893158 -184.877182 -20.244257 155.960098 -184.877182 -18.666868 155.442993 -184.877182 -16.303391 155.192245 -184.877182 15.198404 155.145370 -184.877182 17.559277 155.419556 -184.877182 19.346340 156.025101 -184.877182 19.914942 156.743591 -188.814194 -21.035555 156.743591 -188.814194 -20.244257 155.960098 -188.814194 -16.303391 155.192245 -188.814194 -18.666868 155.442993 -188.814194 19.346340 156.025101 -188.814194 19.914942 156.743591 -188.814194 19.899317 159.893158 -188.814194 15.198404 155.145370 -188.814194 -21.051182 159.893158 -188.814194 17.559277 155.419556 -183.696091 -15.447791 156.737885 -184.877182 -9.935980 156.737885 -184.877182 -15.447791 156.737885 -183.696091 -9.935980 156.737885 -189.580460 -10.350823 153.936539 -189.310303 -14.762789 153.396225 -189.580460 -15.032948 153.936539 -189.310303 -10.620983 153.396225 -183.696091 -10.723382 154.375671 -183.696091 -15.447791 154.375671 -183.696091 -9.935980 154.375671 -189.207901 -14.660390 152.800873 -189.207901 -10.723382 152.800873 -189.995300 -9.935980 154.375671 -189.995300 -15.447791 154.375671 -188.814194 -15.447791 156.737885 -189.995300 -9.935980 156.737885 -189.995300 -15.447791 156.737885 -188.814194 -9.935980 156.737885 -188.814194 -9.935980 155.163086 -184.877182 -9.935980 155.163086 -184.877182 -15.447791 155.163086 -188.814194 -15.447791 155.163086 -184.381088 -14.762789 153.396225 -184.483490 -14.660390 152.800873 -184.110931 -10.723382 153.936539 -184.110931 -15.032948 153.936539 -184.381088 -10.723382 153.396225 -184.381088 -10.620983 153.396225 -184.110931 -10.350823 153.936539 -184.483490 -10.723382 152.800873 -183.696091 -3.784555 146.107956 -188.814194 -3.784555 146.895355 -189.995300 -3.784555 146.107956 -184.877182 -3.784555 146.895355 -184.877182 -3.784555 148.470169 -183.696091 -3.784555 148.470169 -188.814194 -3.784555 148.470169 -189.995300 -3.784555 148.470169 -183.696091 2.514658 148.470169 -183.696091 1.727256 146.107956 -183.696091 2.514658 146.107956 -184.110931 1.727256 145.668823 -184.110931 2.099815 145.668823 -184.110931 -3.369711 145.668823 -189.580460 2.099815 145.668823 -189.995300 2.514658 146.107956 -184.381088 1.727256 145.128510 -184.381088 1.829655 145.128510 -184.381088 -3.099552 145.128510 -184.877182 2.514658 146.895355 -184.877182 2.514658 148.470169 -188.814194 2.514658 148.470169 -189.995300 2.514658 148.470169 -188.814194 2.514658 146.895355 -189.310303 1.829655 145.128510 -184.483490 -2.997153 144.533157 -184.483490 1.727256 144.533157 -189.580460 -3.369711 145.668823 -189.310303 -3.099552 145.128510 -189.207901 -2.997153 144.533157 -189.207901 1.727256 144.533157 -199.410660 -1.621733 137.953506 -199.624359 -1.621733 137.052933 -196.788193 -1.621733 137.452469 -196.962357 -1.621733 137.599319 -196.962357 -1.621733 138.450287 -198.586670 -1.621733 138.585236 -197.460663 -1.621733 138.711761 -199.147797 -1.621733 136.220474 -190.472382 -1.621733 136.220474 -196.465347 -1.621733 137.452469 -195.514511 -1.621733 137.979218 -190.472382 -1.621733 143.596558 -194.038559 -1.621733 139.633698 -195.240967 -1.621733 138.853592 -194.850632 -1.621733 139.375656 -194.349579 -1.621733 139.633698 -192.392639 -1.621733 141.568237 -193.839111 -1.621733 140.726913 -193.391632 -1.621733 141.230026 -192.762726 -1.621733 141.568237 -192.392639 -1.621733 142.647827 -192.056992 -1.621733 143.100082 -191.426300 -1.621733 143.458679 -190.880081 -1.621733 143.596558 -190.360397 -1.621733 143.596558 -190.360397 0.346771 143.596558 -190.880081 0.346771 143.596558 -190.360397 -1.621733 136.220474 -190.360397 0.346771 136.220474 -191.426300 0.346771 143.458679 -192.056992 0.346771 143.100082 -192.392639 0.346771 142.647827 -192.392639 0.346771 141.568237 -192.762726 0.346771 141.568237 -193.391632 0.346771 141.230026 -193.839111 0.346771 140.726913 -194.038559 0.346771 139.633698 -194.349579 0.346771 139.633698 -194.850632 0.346771 139.375656 -195.240967 0.346771 138.853592 -195.514511 0.346771 137.979218 -196.465347 0.346771 137.452469 -196.788193 0.346771 137.452469 -196.962357 0.346771 137.599319 -196.962357 0.346771 138.450287 -197.460663 0.346771 138.711761 -198.586670 0.346771 138.585236 -199.410660 0.346771 137.953506 -199.624359 0.346771 137.052933 -199.147797 0.346771 136.220474 -173.492279 -1.619200 137.953506 -176.114746 -1.619200 137.452469 -173.278580 -1.619200 137.052933 -175.940567 -1.619200 137.599319 -175.940567 -1.619200 138.450287 -174.316269 -1.619200 138.585236 -175.442276 -1.619200 138.711761 -182.430542 -1.619200 136.220474 -173.755142 -1.619200 136.220474 -176.437576 -1.619200 137.452469 -177.388412 -1.619200 137.979218 -182.430542 -1.619200 143.596558 -178.864380 -1.619200 139.633698 -177.661972 -1.619200 138.853592 -178.052292 -1.619200 139.375656 -178.553360 -1.619200 139.633698 -180.510300 -1.619200 141.568237 -179.063812 -1.619200 140.726913 -179.511307 -1.619200 141.230026 -180.140213 -1.619200 141.568237 -180.510300 -1.619200 142.647827 -180.845947 -1.619200 143.100082 -181.476639 -1.619200 143.458679 -182.022858 -1.619200 143.596558 -182.542542 0.349304 143.596558 -182.542542 -1.619200 143.596558 -182.022858 0.349304 143.596558 -182.542542 -1.619200 136.220474 -182.542542 0.349304 136.220474 -181.476639 0.349304 143.458679 -180.845947 0.349304 143.100082 -180.510300 0.349304 142.647827 -180.510300 0.349304 141.568237 -180.140213 0.349304 141.568237 -179.511307 0.349304 141.230026 -179.063812 0.349304 140.726913 -178.864380 0.349304 139.633698 -178.553360 0.349304 139.633698 -178.052292 0.349304 139.375656 -177.661972 0.349304 138.853592 -177.388412 0.349304 137.979218 -176.437576 0.349304 137.452469 -176.114746 0.349304 137.452469 -175.940567 0.349304 137.599319 -175.940567 0.349304 138.450287 -175.442276 0.349304 138.711761 -174.316269 0.349304 138.585236 -173.492279 0.349304 137.953506 -173.278580 0.349304 137.052933 -173.755142 0.349304 136.220474 6.259842 48.867447 267.859833 5.992948 -25.381889 268.855896 6.259842 -25.381889 267.859833 5.992948 48.867447 268.855896 4.192914 48.867447 264.279785 2.125984 -25.381889 263.725983 2.125984 48.867447 263.725983 4.192914 -25.381889 264.279785 -1.454042 48.867447 269.926758 -1.740980 -25.381889 268.855896 -1.454042 -25.381889 269.926758 -1.740980 48.867447 268.855896 0.059055 -25.381889 264.279785 5.706010 -25.381889 265.792908 -1.454042 -25.381889 265.792908 -2.007874 -25.381889 267.859833 5.706010 -25.381889 269.926758 4.192914 -25.381889 271.439850 0.059055 -25.381889 271.439850 2.125984 -25.381889 271.993683 0.059055 48.867447 271.439850 0.059055 48.867447 264.279785 -2.007874 48.867447 267.859833 -1.454042 48.867447 265.792908 5.706010 48.867447 265.792908 5.706010 48.867447 269.926758 4.192914 48.867447 271.439850 2.125984 48.867447 271.993683 4.094488 -2.362205 259.529022 0.157480 -2.362205 260.316406 0.157480 -2.362205 259.529022 4.094488 -2.362205 260.316406 4.094488 2.362205 260.316406 0.157480 2.362205 259.529022 0.157480 2.362205 260.316406 4.094488 2.362205 259.529022 4.094488 3.149606 259.529022 0.157480 3.149606 259.529022 -1.023622 -3.149606 258.741608 0.157480 -3.149606 259.529022 -1.023622 -3.149606 261.103821 5.275590 -3.149606 258.741608 4.094488 -3.149606 259.529022 4.094488 -3.149606 261.103821 5.275590 -3.149606 261.103821 0.157480 -3.149606 261.103821 5.275590 3.149606 261.103821 5.275590 2.362205 258.741608 5.275590 3.149606 258.741608 4.860747 2.362205 258.302490 4.860747 2.734763 258.302490 4.860747 -2.734763 258.302490 -0.608779 2.734763 258.302490 -1.023622 3.149606 258.741608 4.590588 2.362205 257.762177 4.590588 2.464604 257.762177 4.590588 -2.464604 257.762177 4.094488 3.149606 261.103821 0.157480 3.149606 261.103821 -1.023622 3.149606 261.103821 -0.338619 2.464604 257.762177 4.488189 -2.362205 257.166809 4.488189 2.362205 257.166809 -0.608779 -2.734763 258.302490 -0.338619 -2.464604 257.762177 -0.236220 -2.362205 257.166809 -0.236220 2.362205 257.166809 4.094488 -2.755906 243.780991 0.157480 -2.755906 242.993591 4.094488 -2.755906 242.993591 0.157480 -2.755906 243.780991 0.157480 2.755905 243.780991 4.094488 2.755905 242.993591 0.157480 2.755905 242.993591 4.094488 2.755905 243.780991 4.094488 3.543307 242.993591 0.157480 3.543307 242.993591 0.157480 -3.543307 244.568390 -1.023622 3.543307 244.568390 -1.023622 -3.543307 244.568390 0.157480 3.543307 244.568390 4.094488 -3.543307 242.993591 0.157480 -3.543307 242.993591 5.275590 -3.543307 244.568390 4.094488 3.543307 244.568390 4.094488 -3.543307 244.568390 5.275590 3.543307 244.568390 -1.023622 3.543307 242.206177 4.860747 3.128464 241.767059 -0.608779 3.128464 241.767059 5.275590 3.543307 242.206177 4.590588 2.858304 241.226730 -0.338619 2.858304 241.226730 4.590588 -2.858305 241.226730 4.860747 2.755905 241.767059 4.860747 -3.128464 241.767059 4.590588 2.755905 241.226730 -0.236220 -2.755906 240.631378 4.488189 -2.755906 240.631378 -0.338619 -2.858305 241.226730 -0.608779 -3.128464 241.767059 5.275590 2.755905 242.206177 5.275590 -3.543307 242.206177 -0.236220 2.755905 240.631378 -1.023622 -3.543307 242.206177 4.488189 2.755905 240.631378 5.275590 -18.897638 261.103821 4.094488 -13.385827 261.103821 4.094488 -18.897638 261.103821 5.275590 -13.385827 261.103821 -0.608779 -13.800670 258.302490 -0.338619 -18.212635 257.762177 -0.608779 -18.482794 258.302490 -0.338619 -14.070829 257.762177 5.275590 -14.173228 258.741608 5.275590 -18.897638 258.741608 5.275590 -13.385827 258.741608 -0.236220 -18.110237 257.166809 -0.236220 -14.173228 257.166809 -1.023622 -13.385827 258.741608 -1.023622 -18.897638 258.741608 0.157480 -18.897638 261.103821 -1.023622 -13.385827 261.103821 -1.023622 -18.897638 261.103821 0.157480 -13.385827 261.103821 0.157480 -13.385827 259.529022 4.094488 -13.385827 259.529022 4.094488 -18.897638 259.529022 0.157480 -18.897638 259.529022 4.590588 -18.212635 257.762177 4.488189 -18.110237 257.166809 4.860747 -14.173228 258.302490 4.860747 -18.482794 258.302490 4.590588 -14.173228 257.762177 4.590588 -14.070829 257.762177 4.860747 -13.800670 258.302490 4.488189 -14.173228 257.166809 4.094488 -2.362205 251.261307 0.157480 -2.362205 252.048706 0.157480 -2.362205 251.261307 4.094488 -2.362205 252.048706 4.094488 2.362205 252.048706 0.157480 2.362205 251.261307 0.157480 2.362205 252.048706 4.094488 2.362205 251.261307 4.094488 3.149606 251.261307 0.157480 3.149606 251.261307 -1.023622 -3.149606 250.473892 0.157480 -3.149606 251.261307 -1.023622 -3.149606 252.836105 5.275590 -3.149606 250.473892 4.094488 -3.149606 251.261307 4.094488 -3.149606 252.836105 5.275590 -3.149606 252.836105 0.157480 -3.149606 252.836105 5.275590 3.149606 252.836105 5.275590 2.362205 250.473892 5.275590 3.149606 250.473892 4.860747 2.362205 250.034775 4.860747 2.734763 250.034775 4.860747 -2.734763 250.034775 -0.608779 2.734763 250.034775 -1.023622 3.149606 250.473892 4.590588 2.362205 249.494446 4.590588 2.464604 249.494446 4.590588 -2.464604 249.494446 4.094488 3.149606 252.836105 0.157480 3.149606 252.836105 -1.023622 3.149606 252.836105 -0.338619 2.464604 249.494446 4.488189 -2.362205 248.899094 4.488189 2.362205 248.899094 -0.608779 -2.734763 250.034775 -0.338619 -2.464604 249.494446 -0.236220 -2.362205 248.899094 -0.236220 2.362205 248.899094 4.094488 -25.381889 264.253418 2.125984 24.224409 263.725983 4.094488 24.224409 264.253418 0.157480 24.224409 264.253418 0.157480 -25.381889 264.253418 0.157480 -25.381889 261.103821 4.094488 -25.381889 261.103821 4.094488 -23.019686 259.791473 0.157480 -24.594488 260.316406 0.157480 -23.019686 259.791473 4.094488 -24.594488 260.316406 0.157480 -20.657480 259.529022 0.157480 19.500000 259.529022 0.157480 21.862206 259.791473 0.157480 23.652250 260.388153 0.157480 24.224409 261.103821 4.094488 23.652250 260.388153 4.094488 21.862206 259.791473 4.094488 24.224409 261.103821 4.094488 19.500000 259.529022 4.094488 -20.657480 259.529022 -0.155024 -2.281008 240.462296 -0.088583 -0.000000 240.697617 -1.099848 -0.000000 240.462296 0.560049 -1.565935 240.697617 -0.723167 2.849151 239.804672 2.125984 4.429134 238.927399 -1.005886 3.131871 238.927399 2.125984 4.029309 239.804672 2.125984 -2.214567 240.697617 4.406992 -2.281008 240.462296 3.691920 -1.565935 240.697617 2.125984 -3.225833 240.462296 -0.723167 -2.849152 239.804672 2.125984 -4.029309 239.804672 5.351817 -0.000000 240.462296 4.975136 -2.849152 239.804672 6.155293 -0.000000 239.804672 0.560049 1.565935 240.697617 3.691920 1.565935 240.697617 2.125984 2.214567 240.697617 4.340551 -0.000000 240.697617 0.250185 0.817857 240.697617 5.257855 -3.131871 227.643784 2.125984 -4.429134 237.822052 2.125984 -4.429134 227.643784 2.125984 -4.429134 238.927399 5.257855 -3.131871 238.927399 5.257855 -3.131871 237.822052 -1.005886 -3.131871 238.927399 6.555118 -0.000000 238.927399 -1.005886 -3.131871 237.822052 -2.303150 -0.000000 227.643784 -1.005886 -3.131871 227.643784 -2.303150 -0.000000 237.822052 -2.303150 -0.000000 238.927399 -1.903324 -0.000000 239.804672 -1.640066 1.600825 238.927399 -1.298794 1.459465 239.804672 -0.612984 1.175394 240.462296 -0.155024 2.281008 240.462296 2.125984 3.225832 240.462296 5.257855 3.131871 238.927399 2.125984 4.429134 227.643784 5.257855 3.131871 227.643784 5.257855 3.131871 237.822052 4.406992 2.281008 240.462296 4.975136 2.849151 239.804672 6.555118 -0.000000 237.822052 6.555118 -0.000000 227.643784 -1.005886 3.131871 237.822052 -1.005886 3.131871 227.643784 -1.640066 1.600825 227.643784 0.157480 5.905512 242.993591 4.094488 5.905512 242.993591 0.157480 -3.149606 247.717987 2.125984 -2.854331 248.387665 0.157480 -2.559055 247.876236 2.125984 -3.224705 248.288422 2.125984 -2.638174 248.603821 0.157480 -2.126742 248.308548 4.094488 -8.267716 248.899094 2.125984 -7.598046 248.603821 2.125984 -7.677166 248.899094 4.094488 -8.109479 248.308548 4.094488 -3.149606 247.717987 4.094488 -2.559055 247.876236 4.094488 -2.126742 248.308548 4.094488 -7.677166 247.876236 2.125984 -7.381890 248.387665 4.094488 -1.968504 248.899094 2.125984 -2.559055 248.899094 0.157480 -8.109479 248.308548 0.157480 -8.267716 248.899094 0.157480 -1.968504 248.899094 4.094488 -12.204724 248.899094 0.157480 -12.204724 248.899094 0.157480 -7.086614 247.717987 2.125984 -7.011516 248.288422 0.157480 8.109479 248.308548 2.125984 7.677166 248.899094 0.157480 8.267716 248.899094 2.125984 7.598046 248.603821 4.094488 8.267716 248.899094 4.094488 8.109479 248.308548 0.157480 7.677166 247.876236 2.125984 7.381890 248.387665 4.094488 1.968504 248.899094 2.125984 2.638174 248.603821 2.125984 2.559055 248.899094 4.094488 2.126742 248.308548 0.157480 2.126742 248.308548 0.157480 1.968504 248.899094 0.157480 -7.677166 247.876236 4.094488 -7.086614 247.717987 0.157480 -5.905512 242.993591 0.157480 -8.425197 243.347916 0.157480 -10.314960 244.056580 0.157480 8.425197 243.347916 0.157480 10.314960 244.056580 0.157480 -11.574803 245.119568 0.157480 11.574803 245.119568 0.157480 -12.204724 246.536896 0.157480 12.204724 246.536896 0.157480 3.149606 247.717987 0.157480 2.559055 247.876236 0.157480 -1.574803 248.899094 0.157480 1.574803 248.899094 0.157480 7.086614 247.717987 0.157480 12.204724 248.899094 4.094488 2.559055 247.876236 2.125984 2.854331 248.387665 4.094488 -12.204724 246.536896 4.094488 -1.574803 248.899094 4.094488 -5.905512 242.993591 4.094488 12.204724 248.899094 4.094488 12.204724 246.536896 4.094488 11.574803 245.119568 4.094488 8.425197 243.347916 4.094488 10.314960 244.056580 4.094488 -8.425197 243.347916 4.094488 -10.314960 244.056580 4.094488 -11.574803 245.119568 4.094488 7.086614 247.717987 4.094488 7.677166 247.876236 4.094488 3.149606 247.717987 4.094488 1.574803 248.899094 2.125984 7.011516 248.288422 2.125984 3.224705 248.288422 5.275590 13.385827 261.103821 4.094488 18.897638 261.103821 4.094488 13.385827 261.103821 5.275590 18.897638 261.103821 -0.608779 18.482794 258.302490 -0.338619 14.070829 257.762177 -0.608779 13.800670 258.302490 -0.338619 18.212635 257.762177 5.275590 18.110237 258.741608 5.275590 13.385827 258.741608 5.275590 18.897638 258.741608 -0.236220 14.173228 257.166809 -0.236220 18.110237 257.166809 -1.023622 18.897638 258.741608 -1.023622 13.385827 258.741608 0.157480 13.385827 261.103821 -1.023622 18.897638 261.103821 -1.023622 13.385827 261.103821 0.157480 18.897638 261.103821 0.157480 18.897638 259.529022 4.094488 18.897638 259.529022 4.094488 13.385827 259.529022 0.157480 13.385827 259.529022 4.590588 14.070829 257.762177 4.488189 14.173228 257.166809 4.860747 18.110237 258.302490 4.860747 13.800670 258.302490 4.590588 18.110237 257.762177 4.590588 18.212635 257.762177 4.860747 18.482794 258.302490 4.488189 18.110237 257.166809 5.285172 -12.992126 252.836105 4.104070 -7.480315 252.836105 4.104070 -12.992126 252.836105 5.285172 -7.480315 252.836105 -0.599197 -7.895158 250.034775 -0.329038 -12.307123 249.494446 -0.599197 -12.577283 250.034775 -0.329038 -8.165318 249.494446 5.285172 -8.267716 250.473892 5.285172 -12.992126 250.473892 5.285172 -7.480315 250.473892 -0.226639 -12.204724 248.899094 -0.226639 -8.267716 248.899094 -1.014040 -7.480315 250.473892 -1.014040 -12.992126 250.473892 0.167062 -12.992126 252.836105 -1.014040 -7.480315 252.836105 -1.014040 -12.992126 252.836105 0.167062 -7.480315 252.836105 0.167062 -7.480315 251.261307 4.104070 -7.480315 251.261307 4.104070 -12.992126 251.261307 0.167062 -12.992126 251.261307 4.600170 -12.307123 249.494446 4.497771 -12.204724 248.899094 4.870329 -8.267716 250.034775 4.870329 -12.577283 250.034775 4.600170 -8.267716 249.494446 4.600170 -8.165318 249.494446 4.870329 -7.895158 250.034775 4.497771 -8.267716 248.899094 5.275590 7.480315 252.836105 4.094488 12.992126 252.836105 4.094488 7.480315 252.836105 5.275590 12.992126 252.836105 -0.608779 12.577283 250.034775 -0.338619 8.165318 249.494446 -0.608779 7.895158 250.034775 -0.338619 12.307123 249.494446 5.275590 12.204724 250.473892 5.275590 7.480315 250.473892 5.275590 12.992126 250.473892 -0.236220 8.267716 248.899094 -0.236220 12.204724 248.899094 -1.023622 12.992126 250.473892 -1.023622 7.480315 250.473892 0.157480 7.480315 252.836105 -1.023622 12.992126 252.836105 -1.023622 7.480315 252.836105 0.157480 12.992126 252.836105 0.157480 12.992126 251.261307 4.094488 12.992126 251.261307 4.094488 7.480315 251.261307 0.157480 7.480315 251.261307 4.590588 8.165318 249.494446 4.488189 8.267716 248.899094 4.860747 12.204724 250.034775 4.860747 7.895158 250.034775 4.590588 12.204724 249.494446 4.590588 12.307123 249.494446 4.860747 12.577283 250.034775 4.488189 12.204724 248.899094 0.157480 13.385827 251.261307 4.094488 13.385827 251.261307 0.157480 -0.000000 252.048706 4.094488 -0.000000 252.048706 0.157480 -12.992126 255.985718 2.125984 -3.224705 256.556152 0.157480 -3.149606 255.985718 2.125984 -12.917027 256.556152 2.125984 -2.638174 256.871552 4.094488 -2.559055 256.143951 4.094488 -2.126742 256.576263 2.125984 -2.854331 256.655396 4.094488 -1.968504 257.166809 2.125984 -2.559055 257.166809 0.157480 -2.559055 256.143951 0.157480 -2.126742 256.576263 4.094488 -3.149606 255.985718 0.157480 -1.968504 257.166809 2.125984 -13.287401 256.655396 4.094488 -12.992126 255.985718 4.094488 -13.582677 256.143951 4.094488 -14.173228 257.166809 2.125984 -13.503558 256.871552 2.125984 -13.582677 257.166809 4.094488 -14.014991 256.576263 0.157480 -14.014991 256.576263 0.157480 -13.582677 256.143951 0.157480 -14.173228 257.166809 4.094488 1.968504 257.166809 2.125984 2.638174 256.871552 2.125984 2.559055 257.166809 4.094488 2.126742 256.576263 4.094488 -18.110237 257.166809 0.157480 -18.110237 257.166809 0.157480 -13.385827 251.261307 0.157480 -15.275591 251.615631 0.157480 -16.692913 252.324295 0.157480 15.275591 251.615631 0.157480 16.692913 252.324295 0.157480 -17.637794 253.387283 0.157480 17.637794 253.387283 0.157480 -18.110237 254.804611 0.157480 18.110237 254.804611 0.157480 3.149606 255.985718 0.157480 2.559055 256.143951 0.157480 2.126742 256.576263 0.157480 1.968504 257.166809 0.157480 -1.574803 257.166809 0.157480 1.574803 257.166809 0.157480 12.992126 255.985718 0.157480 18.110237 257.166809 0.157480 13.582677 256.143951 0.157480 14.014991 256.576263 0.157480 14.173228 257.166809 4.094488 1.574803 257.166809 4.094488 15.275591 251.615631 4.094488 -1.574803 257.166809 4.094488 16.692913 252.324295 4.094488 -13.385827 251.261307 4.094488 -15.275591 251.615631 4.094488 -16.692913 252.324295 4.094488 17.637794 253.387283 4.094488 -17.637794 253.387283 4.094488 18.110237 254.804611 4.094488 -18.110237 254.804611 4.094488 12.992126 255.985718 4.094488 18.110237 257.166809 4.094488 13.582677 256.143951 4.094488 14.014991 256.576263 4.094488 14.173228 257.166809 4.094488 2.559055 256.143951 4.094488 3.149606 255.985718 2.125984 13.582677 257.166809 2.125984 13.503558 256.871552 2.125984 13.287401 256.655396 2.125984 12.917027 256.556152 2.125984 3.224705 256.556152 2.125984 2.854331 256.655396 37.559055 -2.455665 194.253113 49.370079 -2.455665 194.253113 49.370079 1.481343 194.253113 37.559055 1.481343 194.253113 37.559055 1.481343 188.347595 37.559055 -2.455665 188.347595 111.574806 1.481343 196.615311 111.574806 -2.455665 196.615311 111.574806 -2.455665 188.347595 111.574806 1.481343 188.347595 49.370079 -2.455665 196.615311 49.370079 1.481343 196.615311 94.645668 2.268744 188.347595 94.645668 5.812051 188.347595 98.582680 5.812051 188.347595 98.582680 2.268744 188.347595 94.645668 -3.243067 189.134995 98.582680 -3.243067 189.134995 98.582680 -3.243067 188.347595 94.645668 -3.243067 188.347595 94.645668 2.268744 189.134995 98.582680 2.268744 189.134995 94.645668 8.436724 188.583817 94.645668 10.536461 189.056259 94.645668 12.111264 189.764923 94.645668 -6.786374 188.347595 94.645668 -9.411046 188.583817 94.645668 -11.510783 189.056259 94.645668 -13.085587 189.764923 94.645668 13.161133 190.709808 94.645668 -14.135455 190.709808 94.645668 13.686068 191.890900 94.645668 -14.660390 191.890900 94.645668 8.567957 193.072006 94.645668 13.686068 194.253113 94.645668 -3.636768 193.072006 94.645668 9.158508 193.230240 94.645668 9.590821 193.662552 94.645668 9.749060 194.253113 94.645668 1.481343 194.253113 94.645668 1.639580 193.662552 94.645668 1.087642 194.253113 94.645668 -3.046216 193.230240 94.645668 2.662445 193.072006 94.645668 2.071894 193.230240 94.645668 -2.613903 193.662552 94.645668 -2.455665 194.253113 94.645668 -2.061964 194.253113 94.645668 -14.660390 194.253113 94.645668 -9.542279 193.072006 94.645668 -10.132831 193.230240 94.645668 -10.565144 193.662552 94.645668 -10.723382 194.253113 98.582680 -2.061964 194.253113 98.582680 -2.455665 194.253113 96.614174 -3.046216 194.253113 98.582680 1.087642 194.253113 98.582680 -2.613903 193.662552 96.614174 -3.125335 193.957840 96.614174 -3.711866 193.642441 96.614174 -9.467181 193.642441 98.582680 -10.723382 194.253113 98.582680 -10.565144 193.662552 96.614174 -10.053712 193.957840 96.614174 -10.132831 194.253113 98.582680 9.158508 193.230240 98.582680 9.590821 193.662552 96.614174 9.079390 193.957840 96.614174 8.863233 193.741669 96.614174 -3.341492 193.741669 98.582680 -9.542279 193.072006 98.582680 -3.636768 193.072006 96.614174 9.158508 194.253113 96.614174 2.151013 193.957840 98.582680 1.639580 193.662552 98.582680 2.071894 193.230240 96.614174 2.367170 193.741669 98.582680 8.436724 188.583817 96.614174 2.071894 194.253113 98.582680 -14.660390 191.890900 98.582680 -14.660390 194.253113 98.582680 9.749060 194.253113 98.582680 8.567957 193.072006 96.614174 8.492859 193.642441 98.582680 -10.132831 193.230240 96.614174 -9.837555 193.741669 98.582680 -6.786374 188.347595 98.582680 -9.411046 188.583817 96.614174 2.737543 193.642441 98.582680 2.662445 193.072006 98.582680 -3.046216 193.230240 98.582680 -14.135455 190.709808 98.582680 -11.510783 189.056259 98.582680 -13.085587 189.764923 98.582680 13.686068 194.253113 98.582680 1.481343 194.253113 98.582680 13.686068 191.890900 98.582680 13.161133 190.709808 98.582680 12.111264 189.764923 98.582680 10.536461 189.056259 92.480316 48.867447 204.951797 92.480316 -25.381889 204.951797 92.747208 -25.381889 205.947861 92.747208 48.867447 205.947861 94.547241 48.867447 201.371765 96.614174 48.867447 200.817932 96.614174 -25.381889 200.817932 94.547241 -25.381889 201.371765 100.194199 48.867447 207.018723 100.194199 -25.381889 207.018723 100.481140 -25.381889 205.947861 100.481140 48.867447 205.947861 98.681099 -25.381889 201.371765 93.034149 -25.381889 202.884857 100.194199 -25.381889 202.884857 100.748032 -25.381889 204.951797 93.034149 -25.381889 207.018723 94.547241 -25.381889 208.531815 98.681099 -25.381889 208.531815 96.614174 -25.381889 209.085648 98.681099 48.867447 208.531815 98.681099 48.867447 201.371765 100.748032 48.867447 204.951797 100.194199 48.867447 202.884857 93.034149 48.867447 202.884857 93.034149 48.867447 207.018723 94.547241 48.867447 208.531815 96.614174 48.867447 209.085648 93.939461 -2.915956 185.816299 96.220474 -3.860781 185.816299 96.220474 -2.849515 186.051636 94.654533 -2.200884 186.051636 99.069626 -3.484100 185.158691 99.352341 -3.766819 184.281403 100.649605 -0.634948 184.281403 100.249779 -0.634948 185.158691 94.005905 -0.634948 186.051636 94.654533 0.930987 186.051636 93.939461 1.646060 185.816299 92.994637 -0.634948 185.816299 93.371323 -3.484100 185.158691 92.191162 -0.634948 185.158691 96.220474 2.590884 185.816299 96.220474 3.394360 185.158691 93.371323 2.214203 185.158691 97.786407 -2.200884 186.051636 98.435036 -0.634948 186.051636 97.786407 0.930987 186.051636 96.220474 1.579619 186.051636 97.038330 -2.510748 186.051636 93.088600 2.496922 174.729019 91.791336 -0.634948 174.729019 91.791336 -0.634948 183.176071 91.791336 -0.634948 184.281403 93.088600 2.496922 183.176071 93.088600 2.496922 184.281403 93.088600 -3.766819 184.281403 96.220474 3.794185 184.281403 93.088600 -3.766819 183.176071 93.088600 -3.766819 174.729019 96.220474 -5.064082 174.729019 96.220474 -5.064082 183.176071 96.220474 -5.064082 184.281403 96.220474 -4.664257 185.158691 97.821297 -4.400999 184.281403 97.679939 -4.059727 185.158691 97.395866 -3.373917 185.816299 98.501480 -2.915956 185.816299 99.446304 -0.634948 185.816299 99.352341 2.496922 184.281403 100.649605 -0.634948 174.729019 99.352341 2.496922 174.729019 99.352341 2.496922 183.176071 98.501480 1.646060 185.816299 99.069626 2.214203 185.158691 96.220474 3.794185 183.176071 96.220474 3.794185 174.729019 99.352341 -3.766819 183.176071 99.352341 -3.766819 174.729019 97.821297 -4.400999 174.729019 93.464569 8.961658 198.190109 94.645668 8.961658 198.190109 94.645668 14.473469 198.190109 93.464569 14.473469 198.190109 99.348938 14.058625 195.388779 99.348938 9.376501 195.388779 99.078773 9.646661 194.848465 99.078773 13.788466 194.848465 93.464569 13.686068 195.827911 93.464569 8.961658 195.827911 93.464569 14.473469 195.827911 98.976379 9.749060 194.253113 98.976379 13.686068 194.253113 99.763779 14.473469 195.827911 99.763779 8.961658 195.827911 98.582680 8.961658 198.190109 99.763779 8.961658 198.190109 99.763779 14.473469 198.190109 98.582680 14.473469 198.190109 98.582680 14.473469 196.615311 94.645668 14.473469 196.615311 94.645668 8.961658 196.615311 98.582680 8.961658 196.615311 94.149567 9.646661 194.848465 94.251968 9.749060 194.253113 93.879410 9.376501 195.388779 93.879410 13.686068 195.388779 94.149567 13.686068 194.848465 94.149567 13.788466 194.848465 93.879410 14.058625 195.388779 94.251968 13.686068 194.253113 93.464569 -3.636768 195.827911 99.763779 -3.636768 195.827911 98.582680 -3.636768 196.615311 94.645668 -3.636768 196.615311 94.645668 -3.636768 198.190109 93.464569 -3.636768 198.190109 99.763779 -3.636768 198.190109 98.582680 -3.636768 198.190109 93.464569 2.662445 198.190109 93.464569 2.662445 195.827911 93.464569 1.875044 195.827911 93.879410 2.247602 195.388779 93.879410 1.875044 195.388779 93.879410 -3.221924 195.388779 99.763779 2.662445 195.827911 99.348938 2.247602 195.388779 94.149567 1.977442 194.848465 94.149567 1.875044 194.848465 94.149567 -2.951765 194.848465 94.645668 2.662445 198.190109 94.645668 2.662445 196.615311 98.582680 2.662445 198.190109 99.763779 2.662445 198.190109 98.582680 2.662445 196.615311 99.078773 1.977442 194.848465 94.251968 1.875044 194.253113 94.251968 -2.849366 194.253113 99.348938 -3.221924 195.388779 99.078773 -2.951765 194.848465 98.976379 -2.849366 194.253113 98.976379 1.875044 194.253113 94.645668 -21.035555 198.195831 94.645668 -21.051182 201.345398 94.645668 19.899317 201.345398 94.645668 -20.244257 197.412338 94.645668 -18.666868 196.895218 94.645668 -16.303391 196.644485 94.645668 15.198404 196.597595 94.645668 17.559277 196.871780 94.645668 19.346340 197.477341 94.645668 19.914942 198.195831 98.582680 -20.244257 197.412338 98.582680 -21.035555 198.195831 98.582680 -16.303391 196.644485 98.582680 -18.666868 196.895218 98.582680 19.346340 197.477341 98.582680 19.914942 198.195831 98.582680 19.899317 201.345398 98.582680 15.198404 196.597595 98.582680 -21.051182 201.345398 98.582680 17.559277 196.871780 93.464569 -15.447791 198.190109 94.645668 -15.447791 198.190109 94.645668 -9.935980 198.190109 93.464569 -9.935980 198.190109 99.348938 -10.350823 195.388779 99.348938 -15.032948 195.388779 99.078773 -14.762789 194.848465 99.078773 -10.620983 194.848465 93.464569 -10.723382 195.827911 93.464569 -15.447791 195.827911 93.464569 -9.935980 195.827911 98.976379 -14.660390 194.253113 98.976379 -10.723382 194.253113 99.763779 -9.935980 195.827911 99.763779 -15.447791 195.827911 98.582680 -15.447791 198.190109 99.763779 -15.447791 198.190109 99.763779 -9.935980 198.190109 98.582680 -9.935980 198.190109 98.582680 -9.935980 196.615311 94.645668 -9.935980 196.615311 94.645668 -15.447791 196.615311 98.582680 -15.447791 196.615311 94.149567 -14.762789 194.848465 94.251968 -14.660390 194.253113 93.879410 -15.032948 195.388779 93.879410 -10.723382 195.388779 94.149567 -10.723382 194.848465 94.149567 -10.620983 194.848465 93.879410 -10.350823 195.388779 94.251968 -10.723382 194.253113 93.464569 -3.784555 187.560196 99.763779 -3.784555 187.560196 98.582680 -3.784555 188.347595 94.645668 -3.784555 188.347595 94.645668 -3.784555 189.922394 93.464569 -3.784555 189.922394 99.763779 -3.784555 189.922394 98.582680 -3.784555 189.922394 93.464569 2.514658 189.922394 93.464569 2.514658 187.560196 93.464569 1.727256 187.560196 93.879410 2.099815 187.121063 93.879410 1.727256 187.121063 93.879410 -3.369711 187.121063 99.763779 2.514658 187.560196 99.348938 2.099815 187.121063 94.149567 1.829655 186.580750 94.149567 1.727256 186.580750 94.149567 -3.099552 186.580750 94.645668 2.514658 189.922394 94.645668 2.514658 188.347595 98.582680 2.514658 189.922394 99.763779 2.514658 189.922394 98.582680 2.514658 188.347595 99.078773 1.829655 186.580750 94.251968 1.727256 185.985397 94.251968 -2.997153 185.985397 99.348938 -3.369711 187.121063 99.078773 -3.099552 186.580750 98.976379 -2.997153 185.985397 98.976379 1.727256 185.985397 109.179146 -1.621733 177.153687 106.556671 -1.621733 176.452698 109.392838 -1.621733 175.893707 106.730843 -1.621733 176.658142 106.730843 -1.621733 177.848724 108.355148 -1.621733 178.037521 107.229141 -1.621733 178.214554 100.240868 -1.621733 174.729019 108.916275 -1.621733 174.729019 106.233833 -1.621733 176.452698 105.282997 -1.621733 177.189667 100.240868 -1.621733 185.048782 103.807037 -1.621733 179.504410 105.009453 -1.621733 178.412979 104.619118 -1.621733 179.143402 104.118065 -1.621733 179.504410 102.161125 -1.621733 182.211014 103.607597 -1.621733 181.033920 103.160110 -1.621733 181.737808 102.531204 -1.621733 182.211014 102.161125 -1.621733 183.721436 101.825470 -1.621733 184.354187 101.194786 -1.621733 184.855881 100.648560 -1.621733 185.048782 100.128876 0.346771 185.048782 100.128876 -1.621733 185.048782 100.648560 0.346771 185.048782 100.128876 -1.621733 174.729019 100.128876 0.346771 174.729019 101.194786 0.346771 184.855881 101.825470 0.346771 184.354187 102.161125 0.346771 183.721436 102.161125 0.346771 182.211014 102.531204 0.346771 182.211014 103.160110 0.346771 181.737808 103.607597 0.346771 181.033920 103.807037 0.346771 179.504410 104.118065 0.346771 179.504410 104.619118 0.346771 179.143402 105.009453 0.346771 178.412979 105.282997 0.346771 177.189667 106.233833 0.346771 176.452698 106.556671 0.346771 176.452698 106.730843 0.346771 176.658142 106.730843 0.346771 177.848724 107.229141 0.346771 178.214554 108.355148 0.346771 178.037521 109.179146 0.346771 177.153687 109.392838 0.346771 175.893707 108.916275 0.346771 174.729019 83.260750 -1.619200 177.153687 83.047058 -1.619200 175.893707 85.883224 -1.619200 176.452698 85.709053 -1.619200 176.658142 85.709053 -1.619200 177.848724 84.084747 -1.619200 178.037521 85.210754 -1.619200 178.214554 83.523621 -1.619200 174.729019 92.199028 -1.619200 174.729019 86.206062 -1.619200 176.452698 87.156898 -1.619200 177.189667 92.199028 -1.619200 185.048782 88.632858 -1.619200 179.504410 87.430443 -1.619200 178.412979 87.820778 -1.619200 179.143402 88.321831 -1.619200 179.504410 90.278770 -1.619200 182.211014 88.832298 -1.619200 181.033920 89.279785 -1.619200 181.737808 89.908699 -1.619200 182.211014 90.278770 -1.619200 183.721436 90.614426 -1.619200 184.354187 91.245110 -1.619200 184.855881 91.791336 -1.619200 185.048782 92.311020 -1.619200 185.048782 92.311020 0.349304 185.048782 91.791336 0.349304 185.048782 92.311020 -1.619200 174.729019 92.311020 0.349304 174.729019 91.245110 0.349304 184.855881 90.614426 0.349304 184.354187 90.278770 0.349304 183.721436 90.278770 0.349304 182.211014 89.908699 0.349304 182.211014 89.279785 0.349304 181.737808 88.832298 0.349304 181.033920 88.632858 0.349304 179.504410 88.321831 0.349304 179.504410 87.820778 0.349304 179.143402 87.430443 0.349304 178.412979 87.156898 0.349304 177.189667 86.206062 0.349304 176.452698 85.883224 0.349304 176.452698 85.709053 0.349304 176.658142 85.709053 0.349304 177.848724 85.210754 0.349304 178.214554 84.084747 0.349304 178.037521 83.260750 0.349304 177.153687 83.047058 0.349304 175.893707 83.523621 0.349304 174.729019 93.377785 0.939855 200.242783 93.377785 -1.028649 200.242783 89.709595 -1.028649 195.614670 89.709595 0.939855 195.614670 49.835743 0.939855 227.218292 49.835743 -1.028649 227.218292 53.503937 0.939855 231.846405 53.503937 -1.028649 231.846405 185.727921 -0.935188 158.559586 182.511551 -0.935188 153.606812 182.511551 1.033315 153.606812 185.727921 1.033315 158.559586 147.992126 -0.935189 183.065506 144.775757 -0.935189 178.112732 144.775757 1.033315 178.112732 147.992126 1.033315 183.065506 45.002697 1.727256 227.740433 45.002697 -1.028649 227.740433 39.055401 -1.028649 221.997192 39.055401 1.727256 221.997192 0.312545 1.727256 262.116577 0.312545 -1.028649 262.116577 6.259842 -1.028649 267.859833 6.259842 1.727256 267.859833 235.945053 -1.028649 138.550262 232.859436 -1.028649 133.514984 232.859436 0.939855 133.514984 235.945053 0.939855 138.550262 195.231522 -1.028649 163.499557 192.145905 -1.028649 158.464279 192.145905 0.939855 158.464279 195.231522 0.939855 163.499557 140.621887 1.427016 173.348160 140.621887 -0.541488 173.348160 136.953690 -0.541488 168.720062 136.953690 1.427016 168.720062 97.079834 1.427016 200.323685 97.079834 -0.541488 200.323685 100.748032 1.427016 204.951797 100.748032 -0.541488 204.951797 -89.125816 0.890792 200.242783 -85.457626 -1.077712 195.614670 -89.125816 -1.077712 200.242783 -85.457626 0.890792 195.614670 -45.583775 0.890792 227.218292 -45.583775 -1.077712 227.218292 -49.251968 0.890791 231.846405 -49.251968 -1.077713 231.846405 -181.475952 -0.984252 158.559586 -178.259583 0.984252 153.606812 -178.259583 -0.984252 153.606812 -181.475952 0.984252 158.559586 -143.740158 -0.984252 183.065506 -140.523788 -0.984252 178.112732 -140.523788 0.984252 178.112732 -143.740158 0.984252 183.065506 -40.750729 1.678193 227.740433 -34.803432 -1.077713 221.997192 -40.750729 -1.077713 227.740433 -34.803432 1.678193 221.997192 3.939424 1.678193 262.116577 3.939424 -1.077713 262.116577 -2.007874 -1.077713 267.859833 -2.007874 1.678193 267.859833 -231.693085 -1.077712 138.550262 -228.607468 0.890792 133.514984 -228.607468 -1.077712 133.514984 -231.693085 0.890792 138.550262 -190.979553 -1.077713 163.499557 -187.893936 -1.077712 158.464279 -187.893936 0.890792 158.464279 -190.979553 0.890791 163.499557 -136.369919 1.377953 173.348160 -132.701721 -0.590551 168.720062 -136.369919 -0.590551 173.348160 -132.701721 1.377953 168.720062 -92.827866 1.377953 200.323685 -92.827866 -0.590551 200.323685 -96.496063 1.377953 204.951797 -96.496063 -0.590551 204.951797 234.803146 49.468620 103.149605 234.409454 49.468620 105.074562 234.409454 49.468620 112.992126 234.803146 49.468620 114.960632 241.889771 49.468620 103.149605 241.889771 49.468620 114.960632 242.283463 49.468620 105.074562 242.283463 49.468620 112.992126 242.283463 27.806883 105.074562 242.283463 19.105055 103.149605 241.889771 27.337978 103.149605 242.283463 19.105055 105.074562 241.889771 27.337978 114.960632 242.283463 19.105055 114.960632 242.283463 27.337978 112.992126 242.283463 19.105055 112.992126 234.803146 27.337978 114.960632 234.409454 27.337978 105.074562 234.803146 27.337978 103.149605 234.409454 19.105055 103.149605 234.409454 19.105055 114.960632 234.409454 27.337978 112.992126 234.409454 19.105055 112.992126 234.409454 19.105055 105.074562 235.590546 7.766472 103.149605 236.377960 6.506629 103.149605 236.377960 6.506629 114.960632 235.590546 7.766472 114.960632 235.000000 10.286157 114.960632 235.000000 10.286157 103.149605 234.606293 14.065684 114.960632 234.606293 14.065684 103.149605 242.086609 14.065684 114.960632 242.086609 14.065684 103.149605 241.692917 10.286157 114.960632 241.692917 10.286157 103.149605 241.102356 7.766472 114.960632 241.102356 7.766472 103.149605 240.314957 6.506629 114.960632 240.314957 6.506629 103.149605 236.377960 0.139659 114.960632 240.314957 0.139659 114.960632 240.314957 0.139659 103.149605 236.377960 0.139659 103.149605 234.803146 -27.845467 103.149605 234.409454 -27.845467 112.992126 234.409454 -27.845467 105.074562 234.803146 -27.845467 114.960632 241.889771 -27.845467 103.149605 241.889771 -27.845467 114.960632 242.283463 -27.845467 105.074562 242.283463 -27.845467 112.992126 241.889771 -27.376562 103.149605 242.283463 -19.143639 103.149605 242.283463 -19.143639 105.074562 241.889771 -27.376562 114.960632 242.283463 -27.376562 112.992126 242.283463 -19.143639 114.960632 242.283463 -19.143639 112.992126 234.803146 -27.376562 114.960632 234.409454 -27.376562 105.074562 234.409454 -19.143639 103.149605 234.803146 -27.376562 103.149605 234.409454 -19.143639 114.960632 234.409454 -27.376562 112.992126 234.409454 -19.143639 112.992126 234.409454 -19.143639 105.074562 235.590546 -7.805056 103.149605 236.377960 -6.545214 114.960632 236.377960 -6.545214 103.149605 235.590546 -7.805056 114.960632 235.000000 -10.324741 114.960632 235.000000 -10.324741 103.149605 234.606293 -14.104269 114.960632 234.606293 -14.104269 103.149605 242.086609 -14.104269 114.960632 242.086609 -14.104269 103.149605 241.692917 -10.324741 114.960632 241.692917 -10.324741 103.149605 241.102356 -7.805056 114.960632 241.102356 -7.805056 103.149605 240.314957 -6.545214 114.960632 240.314957 -6.545214 103.149605 240.314957 -0.178243 114.960632 236.377960 -0.178243 114.960632 240.314957 -0.178243 103.149605 236.377960 -0.178243 103.149605 140.314957 49.468620 149.921265 139.921265 49.468620 151.846222 139.921265 49.468620 159.763779 140.314957 49.468620 161.732285 147.401581 49.468620 149.921265 147.401581 49.468620 161.732285 147.795273 49.468620 151.846222 147.795273 49.468620 159.763779 147.795273 27.806883 151.846222 147.795273 19.105055 149.921265 147.401581 27.337978 149.921265 147.795273 19.105055 151.846222 147.401581 27.337978 161.732285 147.795273 19.105055 161.732285 147.795273 27.337978 159.763779 147.795273 19.105055 159.763779 140.314957 27.337978 161.732285 139.921265 27.337978 151.846222 140.314957 27.337978 149.921265 139.921265 19.105055 149.921265 139.921265 19.105055 161.732285 139.921265 27.337978 159.763779 139.921265 19.105055 159.763779 139.921265 19.105055 151.846222 141.102356 7.766472 149.921265 141.889771 6.506629 149.921265 141.889771 6.506629 161.732285 141.102356 7.766472 161.732285 140.511810 10.286157 161.732285 140.511810 10.286157 149.921265 140.118103 14.065684 161.732285 140.118103 14.065684 149.921265 147.598419 14.065684 161.732285 147.598419 14.065684 149.921265 147.204727 10.286157 161.732285 147.204727 10.286157 149.921265 146.614166 7.766472 161.732285 146.614166 7.766472 149.921265 145.826767 6.506629 161.732285 145.826767 6.506629 149.921265 141.889771 0.139659 161.732285 145.826767 0.139659 161.732285 145.826767 0.139659 149.921265 141.889771 0.139659 149.921265 140.314957 -27.845467 149.921265 139.921265 -27.845467 159.763779 139.921265 -27.845467 151.846222 140.314957 -27.845467 161.732285 147.401581 -27.845467 149.921265 147.401581 -27.845467 161.732285 147.795273 -27.845467 151.846222 147.795273 -27.845467 159.763779 147.401581 -27.376562 149.921265 147.795273 -19.143639 149.921265 147.795273 -19.143639 151.846222 147.401581 -27.376562 161.732285 147.795273 -27.376562 159.763779 147.795273 -19.143639 161.732285 147.795273 -19.143639 159.763779 140.314957 -27.376562 161.732285 139.921265 -27.376562 151.846222 139.921265 -19.143639 149.921265 140.314957 -27.376562 149.921265 139.921265 -19.143639 161.732285 139.921265 -27.376562 159.763779 139.921265 -19.143639 159.763779 139.921265 -19.143639 151.846222 141.102356 -7.805056 149.921265 141.889771 -6.545214 161.732285 141.889771 -6.545214 149.921265 141.102356 -7.805056 161.732285 140.511810 -10.324741 161.732285 140.511810 -10.324741 149.921265 140.118103 -14.104269 161.732285 140.118103 -14.104269 149.921265 147.598419 -14.104269 161.732285 147.598419 -14.104269 149.921265 147.204727 -10.324741 161.732285 147.204727 -10.324741 149.921265 146.614166 -7.805056 161.732285 146.614166 -7.805056 149.921265 145.826767 -6.545214 161.732285 145.826767 -6.545214 149.921265 145.826767 -0.178243 161.732285 141.889771 -0.178243 161.732285 145.826767 -0.178243 149.921265 141.889771 -0.178243 149.921265 45.826771 49.468620 190.433075 45.433071 49.468620 192.358032 45.433071 49.468620 200.275589 45.826771 49.468620 202.244095 52.913387 49.468620 190.433075 52.913387 49.468620 202.244095 53.307087 49.468620 192.358032 53.307087 49.468620 200.275589 53.307087 27.806883 192.358032 53.307087 19.105055 190.433075 52.913387 27.337978 190.433075 53.307087 19.105055 192.358032 52.913387 27.337978 202.244095 53.307087 19.105055 202.244095 53.307087 27.337978 200.275589 53.307087 19.105055 200.275589 45.826771 27.337978 202.244095 45.433071 27.337978 192.358032 45.826771 27.337978 190.433075 45.433071 19.105055 190.433075 45.433071 19.105055 202.244095 45.433071 27.337978 200.275589 45.433071 19.105055 200.275589 45.433071 19.105055 192.358032 46.614174 7.766472 190.433075 47.401577 6.506629 190.433075 47.401577 6.506629 202.244095 46.614174 7.766472 202.244095 46.023621 10.286157 202.244095 46.023621 10.286157 190.433075 45.629921 14.065684 202.244095 45.629921 14.065684 190.433075 53.110237 14.065684 202.244095 53.110237 14.065684 190.433075 52.716537 10.286157 202.244095 52.716537 10.286157 190.433075 52.125984 7.766472 202.244095 52.125984 7.766472 190.433075 51.338585 6.506629 202.244095 51.338585 6.506629 190.433075 47.401577 0.139659 202.244095 51.338585 0.139659 202.244095 51.338585 0.139659 190.433075 47.401577 0.139659 190.433075 45.826771 -27.845467 190.433075 45.433071 -27.845467 200.275589 45.433071 -27.845467 192.358032 45.826771 -27.845467 202.244095 52.913387 -27.845467 190.433075 52.913387 -27.845467 202.244095 53.307087 -27.845467 192.358032 53.307087 -27.845467 200.275589 52.913387 -27.376562 190.433075 53.307087 -19.143639 190.433075 53.307087 -19.143639 192.358032 52.913387 -27.376562 202.244095 53.307087 -27.376562 200.275589 53.307087 -19.143639 202.244095 53.307087 -19.143639 200.275589 45.826771 -27.376562 202.244095 45.433071 -27.376562 192.358032 45.433071 -19.143639 190.433075 45.826771 -27.376562 190.433075 45.433071 -19.143639 202.244095 45.433071 -27.376562 200.275589 45.433071 -19.143639 200.275589 45.433071 -19.143639 192.358032 46.614174 -7.805056 190.433075 47.401573 -6.545214 202.244095 47.401573 -6.545214 190.433075 46.614174 -7.805056 202.244095 46.023621 -10.324741 202.244095 46.023621 -10.324741 190.433075 45.629921 -14.104269 202.244095 45.629921 -14.104269 190.433075 53.110237 -14.104269 202.244095 53.110237 -14.104269 190.433075 52.716537 -10.324741 202.244095 52.716537 -10.324741 190.433075 52.125984 -7.805056 202.244095 52.125984 -7.805056 190.433075 51.338581 -6.545214 202.244095 51.338581 -6.545214 190.433075 51.338581 -0.178243 202.244095 47.401573 -0.178243 202.244095 51.338581 -0.178243 190.433075 47.401573 -0.178243 190.433075 -48.661419 49.468620 190.433075 -49.055119 49.468620 192.358032 -49.055119 49.468620 200.275589 -48.661419 49.468620 202.244095 -41.574802 49.468620 190.433075 -41.574802 49.468620 202.244095 -41.181103 49.468620 192.358032 -41.181103 49.468620 200.275589 -41.181103 27.806883 192.358032 -41.181103 19.105055 190.433075 -41.574802 27.337978 190.433075 -41.181103 19.105055 192.358032 -41.574802 27.337978 202.244095 -41.181103 19.105055 202.244095 -41.181103 27.337978 200.275589 -41.181103 19.105055 200.275589 -48.661419 27.337978 202.244095 -49.055119 27.337978 192.358032 -48.661419 27.337978 190.433075 -49.055119 19.105055 190.433075 -49.055119 19.105055 202.244095 -49.055119 27.337978 200.275589 -49.055119 19.105055 200.275589 -49.055119 19.105055 192.358032 -47.874016 7.766472 190.433075 -47.086613 6.506629 190.433075 -47.086613 6.506629 202.244095 -47.874016 7.766472 202.244095 -48.464565 10.286157 202.244095 -48.464565 10.286157 190.433075 -48.858269 14.065684 202.244095 -48.858269 14.065684 190.433075 -41.377953 14.065684 202.244095 -41.377953 14.065684 190.433075 -41.771652 10.286157 202.244095 -41.771652 10.286157 190.433075 -42.362206 7.766472 202.244095 -42.362206 7.766472 190.433075 -43.149605 6.506629 202.244095 -43.149605 6.506629 190.433075 -47.086613 0.139659 202.244095 -43.149605 0.139659 202.244095 -43.149605 0.139659 190.433075 -47.086613 0.139659 190.433075 -48.661415 -27.845467 190.433075 -49.055119 -27.845467 200.275589 -49.055119 -27.845467 192.358032 -48.661415 -27.845467 202.244095 -41.574802 -27.845467 190.433075 -41.574802 -27.845467 202.244095 -41.181103 -27.845467 192.358032 -41.181103 -27.845467 200.275589 -41.574802 -27.376562 190.433075 -41.181103 -19.143639 190.433075 -41.181103 -19.143639 192.358032 -41.574802 -27.376562 202.244095 -41.181103 -27.376562 200.275589 -41.181103 -19.143639 202.244095 -41.181103 -19.143639 200.275589 -48.661415 -27.376562 202.244095 -49.055119 -27.376562 192.358032 -49.055119 -19.143639 190.433075 -48.661415 -27.376562 190.433075 -49.055119 -19.143639 202.244095 -49.055119 -27.376562 200.275589 -49.055119 -19.143639 200.275589 -49.055119 -19.143639 192.358032 -47.874016 -7.805056 190.433075 -47.086613 -6.545214 202.244095 -47.086613 -6.545214 190.433075 -47.874016 -7.805056 202.244095 -48.464565 -10.324741 202.244095 -48.464565 -10.324741 190.433075 -48.858269 -14.104269 202.244095 -48.858269 -14.104269 190.433075 -41.377953 -14.104269 202.244095 -41.377953 -14.104269 190.433075 -41.771652 -10.324741 202.244095 -41.771652 -10.324741 190.433075 -42.362206 -7.805056 202.244095 -42.362206 -7.805056 190.433075 -43.149605 -6.545214 202.244095 -43.149605 -6.545214 190.433075 -43.149605 -0.178243 202.244095 -47.086613 -0.178243 202.244095 -43.149605 -0.178243 190.433075 -47.086613 -0.178243 190.433075 -143.149612 49.468620 149.921265 -143.543304 49.468620 151.846222 -143.543304 49.468620 159.763779 -143.149612 49.468620 161.732285 -136.062988 49.468620 149.921265 -136.062988 49.468620 161.732285 -135.669296 49.468620 151.846222 -135.669296 49.468620 159.763779 -135.669296 27.806883 151.846222 -135.669296 19.105055 149.921265 -136.062988 27.337978 149.921265 -135.669296 19.105055 151.846222 -136.062988 27.337978 161.732285 -135.669296 19.105055 161.732285 -135.669296 27.337978 159.763779 -135.669296 19.105055 159.763779 -143.149612 27.337978 161.732285 -143.543304 27.337978 151.846222 -143.149612 27.337978 149.921265 -143.543304 19.105055 149.921265 -143.543304 19.105055 161.732285 -143.543304 27.337978 159.763779 -143.543304 19.105055 159.763779 -143.543304 19.105055 151.846222 -142.362198 7.766472 149.921265 -141.574799 6.506629 149.921265 -141.574799 6.506629 161.732285 -142.362198 7.766472 161.732285 -142.952759 10.286157 161.732285 -142.952759 10.286157 149.921265 -143.346451 14.065684 161.732285 -143.346451 14.065684 149.921265 -135.866135 14.065684 161.732285 -135.866135 14.065684 149.921265 -136.259842 10.286157 161.732285 -136.259842 10.286157 149.921265 -136.850388 7.766472 161.732285 -136.850388 7.766472 149.921265 -137.637802 6.506629 161.732285 -137.637802 6.506629 149.921265 -141.574799 0.139659 161.732285 -137.637802 0.139659 161.732285 -137.637802 0.139659 149.921265 -141.574799 0.139659 149.921265 -143.149612 -27.845467 149.921265 -143.543304 -27.845467 159.763779 -143.543304 -27.845467 151.846222 -143.149612 -27.845467 161.732285 -136.062988 -27.845467 149.921265 -136.062988 -27.845467 161.732285 -135.669296 -27.845467 151.846222 -135.669296 -27.845467 159.763779 -136.062988 -27.376562 149.921265 -135.669296 -19.143639 149.921265 -135.669296 -19.143639 151.846222 -136.062988 -27.376562 161.732285 -135.669296 -27.376562 159.763779 -135.669296 -19.143639 161.732285 -135.669296 -19.143639 159.763779 -143.149612 -27.376562 161.732285 -143.543304 -27.376562 151.846222 -143.543304 -19.143639 149.921265 -143.149612 -27.376562 149.921265 -143.543304 -19.143639 161.732285 -143.543304 -27.376562 159.763779 -143.543304 -19.143639 159.763779 -143.543304 -19.143639 151.846222 -142.362198 -7.805056 149.921265 -141.574799 -6.545214 161.732285 -141.574799 -6.545214 149.921265 -142.362198 -7.805056 161.732285 -142.952759 -10.324741 161.732285 -142.952759 -10.324741 149.921265 -143.346451 -14.104269 161.732285 -143.346451 -14.104269 149.921265 -135.866135 -14.104269 161.732285 -135.866135 -14.104269 149.921265 -136.259842 -10.324741 161.732285 -136.259842 -10.324741 149.921265 -136.850388 -7.805056 161.732285 -136.850388 -7.805056 149.921265 -137.637802 -6.545214 161.732285 -137.637802 -6.545214 149.921265 -137.637802 -0.178243 161.732285 -141.574799 -0.178243 161.732285 -137.637802 -0.178243 149.921265 -141.574799 -0.178243 149.921265 -237.637802 49.468620 103.149605 -238.031494 49.468620 105.074562 -238.031494 49.468620 112.992126 -237.637802 49.468620 114.960632 -230.551178 49.468620 103.149605 -230.551178 49.468620 114.960632 -230.157486 49.468620 105.074562 -230.157486 49.468620 112.992126 -230.157486 27.806883 105.074562 -230.157486 19.105055 103.149605 -230.551178 27.337978 103.149605 -230.157486 19.105055 105.074562 -230.551178 27.337978 114.960632 -230.157486 19.105055 114.960632 -230.157486 27.337978 112.992126 -230.157486 19.105055 112.992126 -237.637802 27.337978 114.960632 -238.031494 27.337978 105.074562 -237.637802 27.337978 103.149605 -238.031494 19.105055 103.149605 -238.031494 19.105055 114.960632 -238.031494 27.337978 112.992126 -238.031494 19.105055 112.992126 -238.031494 19.105055 105.074562 -236.850388 7.766472 103.149605 -236.062988 6.506629 103.149605 -236.062988 6.506629 114.960632 -236.850388 7.766472 114.960632 -237.440948 10.286157 114.960632 -237.440948 10.286157 103.149605 -237.834641 14.065684 114.960632 -237.834641 14.065684 103.149605 -230.354324 14.065684 114.960632 -230.354324 14.065684 103.149605 -230.748032 10.286157 114.960632 -230.748032 10.286157 103.149605 -231.338577 7.766472 114.960632 -231.338577 7.766472 103.149605 -232.125977 6.506629 114.960632 -232.125977 6.506629 103.149605 -236.062988 0.139659 114.960632 -232.125977 0.139659 114.960632 -232.125977 0.139659 103.149605 -236.062988 0.139659 103.149605 -237.637802 -27.845467 103.149605 -238.031494 -27.845467 112.992126 -238.031494 -27.845467 105.074562 -237.637802 -27.845467 114.960632 -230.551178 -27.845467 103.149605 -230.551178 -27.845467 114.960632 -230.157486 -27.845467 105.074562 -230.157486 -27.845467 112.992126 -230.551178 -27.376562 103.149605 -230.157486 -19.143639 103.149605 -230.157486 -19.143639 105.074562 -230.551178 -27.376562 114.960632 -230.157486 -27.376562 112.992126 -230.157486 -19.143639 114.960632 -230.157486 -19.143639 112.992126 -237.637802 -27.376562 114.960632 -238.031494 -27.376562 105.074562 -238.031494 -19.143639 103.149605 -237.637802 -27.376562 103.149605 -238.031494 -19.143639 114.960632 -238.031494 -27.376562 112.992126 -238.031494 -19.143639 112.992126 -238.031494 -19.143639 105.074562 -236.850388 -7.805056 103.149605 -236.062988 -6.545214 114.960632 -236.062988 -6.545214 103.149605 -236.850388 -7.805056 114.960632 -237.440948 -10.324741 114.960632 -237.440948 -10.324741 103.149605 -237.834641 -14.104269 114.960632 -237.834641 -14.104269 103.149605 -230.354324 -14.104269 114.960632 -230.354324 -14.104269 103.149605 -230.748032 -10.324741 114.960632 -230.748032 -10.324741 103.149605 -231.338577 -7.805056 114.960632 -231.338577 -7.805056 103.149605 -232.125977 -6.545214 114.960632 -232.125977 -6.545214 103.149605 -232.125992 -0.178243 114.960632 -236.062988 -0.178243 114.960632 -232.125992 -0.178243 103.149605 -236.062988 -0.178243 103.149605 240.314957 -25.381889 9.375441 238.346451 -25.381889 3.469929 240.314957 -25.381889 3.469929 236.377960 -25.381889 3.469929 236.377960 -25.381889 9.375441 236.377960 49.446182 9.375441 236.377960 49.446182 3.469929 240.314957 49.446182 3.469929 238.346451 49.446182 3.469929 240.314957 49.446182 9.375441 145.826767 -25.381889 9.375441 143.858261 -25.381889 3.469929 145.826767 -25.381889 3.469929 141.889771 -25.381889 3.469929 141.889771 -25.381889 9.375441 141.889771 49.446182 9.375441 141.889771 49.446182 3.469929 145.826767 49.446182 3.469929 143.858261 49.446182 3.469929 145.826767 49.446182 9.375441 51.338581 -25.381889 9.375441 49.370079 -25.381889 3.469929 51.338581 -25.381889 3.469929 47.401573 -25.381889 3.469929 47.401573 -25.381889 9.375441 47.401573 49.446182 9.375441 47.401573 49.446182 3.469929 51.338581 49.446182 3.469929 49.370079 49.446182 3.469929 51.338581 49.446182 9.375441 -43.149605 -25.381889 9.375441 -45.118111 -25.381889 3.469929 -43.149605 -25.381889 3.469929 -47.086613 -25.381889 3.469929 -47.086613 -25.381889 9.375441 -47.086613 49.446182 9.375441 -47.086613 49.446182 3.469929 -43.149605 49.446182 3.469929 -45.118111 49.446182 3.469929 -43.149605 49.446182 9.375441 -137.637802 -25.381889 9.375441 -139.606293 -25.381889 3.469929 -137.637802 -25.381889 3.469929 -141.574799 -25.381889 3.469929 -141.574799 -25.381889 9.375441 -141.574799 49.446182 9.375441 -141.574799 49.446182 3.469929 -137.637802 49.446182 3.469929 -139.606293 49.446182 3.469929 -137.637802 49.446182 9.375441 -232.125992 -25.381889 9.375441 -234.094482 -25.381889 3.469929 -232.125992 -25.381889 3.469929 -236.062988 -25.381889 3.469929 -236.062988 -25.381889 9.375441 -236.062988 49.446182 9.375441 -236.062988 49.446182 3.469929 -232.125992 49.446182 3.469929 -234.094482 49.446182 3.469929 -232.125992 49.446182 9.375441 -246.341995 -16.614174 151.587418 -277.075104 -18.818897 141.387115 -277.075104 -16.614174 141.387115 -246.341995 -18.818897 151.587418 -289.342926 -18.818897 138.351547 -290.348999 -18.818897 138.155853 -290.941803 -18.818897 140.551605 -295.294098 -18.611395 139.474670 -296.406891 -17.055119 139.199310 -296.406891 -18.377953 139.199310 -295.294098 -16.821676 139.474670 -293.513611 -18.749729 139.915237 -293.513611 -16.683342 139.915237 -290.941803 -16.614174 140.551605 -289.342926 -16.614174 138.351547 -290.348999 -16.614174 138.155853 -296.043762 -18.377953 137.731766 -296.043762 -17.055119 137.731766 -292.420319 -16.669193 137.752945 -292.965363 -16.683342 137.699509 -294.822510 -16.821676 137.568848 -294.822510 -18.611395 137.568848 -294.600464 -16.805956 137.539215 -294.600464 -18.627113 137.539215 -292.965363 -18.749729 137.699509 -292.420319 -18.763878 137.752945 250.593964 -16.614174 151.587418 281.327087 -16.614174 141.387115 281.327087 -18.818897 141.387115 250.593964 -18.818897 151.587418 293.594910 -18.818897 138.351547 294.600952 -18.818897 138.155853 295.193787 -18.818897 140.551605 299.546082 -18.611395 139.474670 300.658875 -17.055119 139.199310 299.546082 -16.821676 139.474670 297.765594 -18.749729 139.915237 297.765594 -16.683342 139.915237 295.193787 -16.614174 140.551605 293.594910 -16.614174 138.351547 294.600952 -16.614174 138.155853 300.295746 -18.377953 137.731766 300.295746 -17.055119 137.731766 296.672272 -16.669193 137.752945 297.217316 -16.683342 137.699509 299.074493 -16.821676 137.568848 299.074493 -18.611395 137.568848 298.852448 -16.805956 137.539215 298.852448 -18.627113 137.539215 297.217316 -18.749729 137.699509 296.672272 -18.763878 137.752945 280.422882 -18.969284 138.662811 281.171936 -18.969284 140.919693 280.797424 -19.488190 139.791260 281.327087 -17.716536 141.387115 280.267761 -17.716536 138.195389 281.171936 -16.463787 140.919693 280.422882 -16.463787 138.662811 280.797424 -15.944882 139.791260 191.097656 -15.944881 169.562546 191.512955 -16.463787 170.677460 190.682373 -16.463787 168.447632 190.510345 -17.716536 167.985825 190.682373 -18.969284 168.447632 191.097656 -19.488190 169.562546 191.512955 -18.969284 170.677460 191.684967 -17.716536 171.139267 143.858261 -15.944881 189.128494 144.335846 -16.463787 190.217606 143.380692 -16.463787 188.039383 143.182877 -17.716536 187.588257 143.380692 -18.969284 188.039383 143.858261 -19.488190 189.128494 144.335846 -18.969284 190.217606 144.533661 -17.716536 190.668732 96.614174 -15.944882 211.014786 97.159126 -16.463787 212.072693 96.069221 -16.463787 209.956879 95.843498 -17.716536 209.518677 96.069221 -18.969284 209.956879 96.614174 -19.488190 211.014786 97.159126 -18.969284 212.072693 97.384850 -17.716536 212.510880 49.370079 -15.944882 237.909393 50.027519 -16.463787 238.903259 48.712635 -16.463787 236.915527 48.440315 -17.716536 236.503860 48.712635 -18.969284 236.915527 49.370079 -19.488190 237.909393 50.027519 -18.969284 238.903259 50.299843 -17.716536 239.314941 2.125984 -15.944882 273.922821 2.125984 -16.463787 275.417847 2.125984 -16.463787 272.427795 2.125984 -17.716536 271.808533 2.125984 -18.969284 272.427795 2.125984 -19.488190 273.922821 2.125984 -18.969284 275.417847 2.125984 -17.716536 276.037109 -45.775551 -16.463787 238.903259 -45.118111 -15.944882 237.909393 -44.460667 -16.463787 236.915527 -44.188347 -17.716536 236.503860 -44.460667 -18.969284 236.915527 -45.118111 -19.488190 237.909393 -45.775551 -18.969284 238.903259 -46.047874 -17.716536 239.314941 -92.907150 -16.463787 212.072693 -92.362206 -15.944882 211.014786 -91.817253 -16.463787 209.956879 -91.591530 -17.716536 209.518677 -91.817253 -18.969284 209.956879 -92.362206 -19.488190 211.014786 -92.907150 -18.969284 212.072693 -93.132881 -17.716536 212.510880 -140.083878 -16.463787 190.217606 -139.606293 -15.944881 189.128494 -139.128723 -16.463787 188.039383 -138.930893 -17.716536 187.588257 -139.128723 -18.969284 188.039383 -139.606293 -19.488190 189.128494 -140.083878 -18.969284 190.217606 -140.281693 -17.716536 190.668732 -187.260986 -16.463787 170.677460 -186.845688 -15.944881 169.562546 -186.430405 -16.463787 168.447632 -186.258377 -17.716536 167.985825 -186.430405 -18.969284 168.447632 -186.845688 -19.488190 169.562546 -187.260986 -18.969284 170.677460 -187.432999 -17.716536 171.139267 -276.919983 -16.463787 140.919693 -276.545441 -15.944882 139.791260 -276.170929 -16.463787 138.662811 -276.015778 -17.716536 138.195389 -276.170929 -18.969284 138.662811 -276.545441 -19.488190 139.791260 -276.919983 -18.969284 140.919693 -277.075104 -17.716536 141.387115 -246.341995 -4.803150 151.587418 -277.075104 -7.007874 141.387115 -277.075104 -4.803150 141.387115 -246.341995 -7.007874 151.587418 -289.342926 -7.007874 138.351547 -290.348999 -7.007874 138.155853 -290.941803 -7.007874 140.551605 -295.294098 -6.800371 139.474670 -296.406891 -5.244094 139.199310 -296.406891 -6.566929 139.199310 -295.294098 -5.010653 139.474670 -293.513611 -6.938706 139.915237 -293.513611 -4.872317 139.915237 -290.941803 -4.803150 140.551605 -289.342926 -4.803150 138.351547 -290.348999 -4.803150 138.155853 -296.043762 -6.566929 137.731766 -296.043762 -5.244094 137.731766 -292.420319 -4.858170 137.752945 -292.965363 -4.872317 137.699509 -294.822510 -5.010653 137.568848 -294.822510 -6.800371 137.568848 -294.600464 -4.994933 137.539215 -294.600464 -6.816091 137.539215 -292.965363 -6.938706 137.699509 -292.420319 -6.952854 137.752945 250.593964 -4.803150 151.587418 281.327087 -4.803150 141.387115 281.327087 -7.007874 141.387115 250.593964 -7.007874 151.587418 293.594910 -7.007874 138.351547 294.600952 -7.007874 138.155853 295.193787 -7.007874 140.551605 299.546082 -6.800371 139.474670 300.658875 -6.566929 139.199310 300.658875 -5.244094 139.199310 299.546082 -5.010653 139.474670 297.765594 -6.938706 139.915237 297.765594 -4.872317 139.915237 295.193787 -4.803150 140.551605 293.594910 -4.803150 138.351547 294.600952 -4.803150 138.155853 300.295746 -6.566929 137.731766 300.295746 -5.244094 137.731766 296.672272 -4.858170 137.752945 297.217316 -4.872317 137.699509 299.074493 -5.010653 137.568848 299.074493 -6.800371 137.568848 298.852448 -4.994933 137.539215 298.852448 -6.816091 137.539215 297.217316 -6.938706 137.699509 296.672272 -6.952854 137.752945 280.422882 -7.158260 138.662811 281.171936 -7.158260 140.919693 280.797424 -7.677166 139.791260 281.327087 -5.905512 141.387115 280.267761 -5.905512 138.195389 281.171936 -4.652763 140.919693 280.422882 -4.652763 138.662811 280.797424 -4.133858 139.791260 191.097656 -4.133858 169.562546 191.512955 -4.652763 170.677460 190.682373 -4.652763 168.447632 190.510345 -5.905512 167.985825 190.682373 -7.158260 168.447632 191.097656 -7.677166 169.562546 191.512955 -7.158260 170.677460 191.684967 -5.905512 171.139267 143.858261 -4.133858 189.128494 144.335846 -4.652763 190.217606 143.380692 -4.652763 188.039383 143.182877 -5.905512 187.588257 143.380692 -7.158260 188.039383 143.858261 -7.677166 189.128494 144.335846 -7.158260 190.217606 144.533661 -5.905512 190.668732 96.614174 -4.133858 211.014786 97.159126 -4.652763 212.072693 96.069221 -4.652763 209.956879 95.843498 -5.905512 209.518677 96.069221 -7.158260 209.956879 96.614174 -7.677166 211.014786 97.159126 -7.158260 212.072693 97.384850 -5.905512 212.510880 49.370079 -4.133858 237.909393 50.027519 -4.652763 238.903259 48.712635 -4.652763 236.915527 48.440315 -5.905512 236.503860 48.712635 -7.158260 236.915527 49.370079 -7.677166 237.909393 50.027519 -7.158260 238.903259 50.299843 -5.905512 239.314941 2.125984 -4.133858 273.922821 2.125984 -4.652763 275.417847 2.125984 -4.652763 272.427795 2.125984 -5.905512 271.808533 2.125984 -7.158260 272.427795 2.125984 -7.677166 273.922821 2.125984 -7.158260 275.417847 2.125984 -5.905512 276.037109 -45.775551 -4.652763 238.903259 -45.118111 -4.133858 237.909393 -44.460667 -4.652763 236.915527 -44.188347 -5.905512 236.503860 -44.460667 -7.158260 236.915527 -45.118111 -7.677166 237.909393 -45.775551 -7.158260 238.903259 -46.047874 -5.905512 239.314941 -92.907150 -4.652763 212.072693 -92.362206 -4.133858 211.014786 -91.817253 -4.652763 209.956879 -91.591530 -5.905512 209.518677 -91.817253 -7.158260 209.956879 -92.362206 -7.677166 211.014786 -92.907150 -7.158260 212.072693 -93.132881 -5.905512 212.510880 -140.083878 -4.652763 190.217606 -139.606293 -4.133858 189.128494 -139.128723 -4.652763 188.039383 -138.930893 -5.905512 187.588257 -139.128723 -7.158260 188.039383 -139.606293 -7.677166 189.128494 -140.083878 -7.158260 190.217606 -140.281693 -5.905512 190.668732 -187.260986 -4.652763 170.677460 -186.845688 -4.133858 169.562546 -186.430405 -4.652763 168.447632 -186.258377 -5.905512 167.985825 -186.430405 -7.158260 168.447632 -186.845688 -7.677166 169.562546 -187.260986 -7.158260 170.677460 -187.432999 -5.905512 171.139267 -276.919983 -4.652763 140.919693 -276.545441 -4.133858 139.791260 -276.170929 -4.652763 138.662811 -276.015778 -5.905512 138.195389 -276.170929 -7.158260 138.662811 -276.545441 -7.677166 139.791260 -276.919983 -7.158260 140.919693 -277.075104 -5.905512 141.387115 -246.341995 -10.708661 151.587418 -277.075104 -12.913385 141.387115 -277.075104 -10.708661 141.387115 -246.341995 -12.913385 151.587418 -289.342926 -12.913385 138.351547 -290.348999 -12.913385 138.155853 -290.941803 -12.913385 140.551605 -295.294098 -12.705882 139.474670 -296.406891 -11.149607 139.199310 -296.406891 -12.472441 139.199310 -295.294098 -10.916165 139.474670 -293.513611 -12.844218 139.915237 -293.513611 -10.777829 139.915237 -290.941803 -10.708661 140.551605 -289.342926 -10.708661 138.351547 -290.348999 -10.708661 138.155853 -296.043762 -12.472441 137.731766 -296.043762 -11.149607 137.731766 -292.420319 -10.763681 137.752945 -292.965363 -10.777829 137.699509 -294.822510 -10.916165 137.568848 -294.822510 -12.705882 137.568848 -294.600464 -10.900445 137.539215 -294.600464 -12.721602 137.539215 -292.965363 -12.844218 137.699509 -292.420319 -12.858366 137.752945 250.593964 -10.708661 151.587418 281.327087 -10.708661 141.387115 281.327087 -12.913385 141.387115 250.593964 -12.913385 151.587418 293.594910 -12.913385 138.351547 294.600952 -12.913385 138.155853 295.193787 -12.913385 140.551605 299.546082 -12.705882 139.474670 300.658875 -12.472441 139.199310 300.658875 -11.149607 139.199310 299.546082 -10.916165 139.474670 297.765594 -12.844218 139.915237 297.765594 -10.777829 139.915237 295.193787 -10.708661 140.551605 293.594910 -10.708661 138.351547 294.600952 -10.708661 138.155853 300.295746 -12.472441 137.731766 300.295746 -11.149607 137.731766 296.672272 -10.763681 137.752945 297.217316 -10.777829 137.699509 299.074493 -10.916165 137.568848 299.074493 -12.705882 137.568848 298.852448 -10.900445 137.539215 298.852448 -12.721602 137.539215 297.217316 -12.844218 137.699509 296.672272 -12.858366 137.752945 280.422882 -13.063772 138.662811 281.171936 -13.063772 140.919693 280.797424 -13.582677 139.791260 281.327087 -11.811024 141.387115 280.267761 -11.811024 138.195389 281.171936 -10.558275 140.919693 280.422882 -10.558275 138.662811 280.797424 -10.039371 139.791260 191.097656 -10.039371 169.562546 191.512955 -10.558275 170.677460 190.682373 -10.558275 168.447632 190.510345 -11.811024 167.985825 190.682373 -13.063772 168.447632 191.097656 -13.582677 169.562546 191.512955 -13.063772 170.677460 191.684967 -11.811024 171.139267 143.858261 -10.039371 189.128494 144.335846 -10.558275 190.217606 143.380692 -10.558275 188.039383 143.182877 -11.811024 187.588257 143.380692 -13.063772 188.039383 143.858261 -13.582677 189.128494 144.335846 -13.063772 190.217606 144.533661 -11.811024 190.668732 96.614174 -10.039371 211.014786 97.159126 -10.558275 212.072693 96.069221 -10.558275 209.956879 95.843498 -11.811024 209.518677 96.069221 -13.063772 209.956879 96.614174 -13.582677 211.014786 97.159126 -13.063772 212.072693 97.384850 -11.811024 212.510880 49.370079 -10.039371 237.909393 50.027519 -10.558275 238.903259 48.712635 -10.558275 236.915527 48.440315 -11.811024 236.503860 48.712635 -13.063772 236.915527 49.370079 -13.582677 237.909393 50.027519 -13.063772 238.903259 50.299843 -11.811024 239.314941 2.125984 -10.039371 273.922821 2.125984 -10.558275 275.417847 2.125984 -10.558275 272.427795 2.125984 -11.811024 271.808533 2.125984 -13.063772 272.427795 2.125984 -13.582677 273.922821 2.125984 -13.063772 275.417847 2.125984 -11.811024 276.037109 -45.775551 -10.558275 238.903259 -45.118111 -10.039371 237.909393 -44.460667 -10.558275 236.915527 -44.188347 -11.811024 236.503860 -44.460667 -13.063772 236.915527 -45.118111 -13.582677 237.909393 -45.775551 -13.063772 238.903259 -46.047874 -11.811024 239.314941 -92.907150 -10.558275 212.072693 -92.362206 -10.039371 211.014786 -91.817253 -10.558275 209.956879 -91.591530 -11.811024 209.518677 -91.817253 -13.063772 209.956879 -92.362206 -13.582677 211.014786 -92.907150 -13.063772 212.072693 -93.132881 -11.811024 212.510880 -140.083878 -10.558275 190.217606 -139.606293 -10.039371 189.128494 -139.128723 -10.558275 188.039383 -138.930893 -11.811024 187.588257 -139.128723 -13.063772 188.039383 -139.606293 -13.582677 189.128494 -140.083878 -13.063772 190.217606 -140.281693 -11.811024 190.668732 -187.260986 -10.558275 170.677460 -186.845688 -10.039371 169.562546 -186.430405 -10.558275 168.447632 -186.258377 -11.811024 167.985825 -186.430405 -13.063772 168.447632 -186.845688 -13.582677 169.562546 -187.260986 -13.063772 170.677460 -187.432999 -11.811024 171.139267 -276.919983 -10.558275 140.919693 -276.545441 -10.039371 139.791260 -276.170929 -10.558275 138.662811 -276.015778 -11.811024 138.195389 -276.170929 -13.063772 138.662811 -276.545441 -13.582677 139.791260 -276.919983 -13.063772 140.919693 -277.075104 -11.811024 141.387115 -246.341995 42.440945 151.587418 -277.075104 40.236221 141.387115 -277.075104 42.440945 141.387115 -246.341995 40.236221 151.587418 -289.342926 40.236221 138.351547 -290.348999 40.236221 138.155853 -290.941803 40.236221 140.551605 -295.294098 40.443726 139.474670 -296.406891 42.000000 139.199310 -296.406891 40.677166 139.199310 -295.294098 42.233440 139.474670 -293.513611 40.305389 139.915237 -293.513611 42.371777 139.915237 -290.941803 42.440945 140.551605 -289.342926 42.440945 138.351547 -290.348999 42.440945 138.155853 -296.043762 40.677166 137.731766 -296.043762 42.000000 137.731766 -292.420319 42.385925 137.752945 -292.965363 42.371777 137.699509 -294.822510 42.233440 137.568848 -294.822510 40.443726 137.568848 -294.600464 42.249161 137.539215 -294.600464 40.428005 137.539215 -292.965363 40.305389 137.699509 -292.420319 40.291241 137.752945 250.593964 42.440945 151.587418 281.327087 42.440945 141.387115 281.327087 40.236221 141.387115 250.593964 40.236221 151.587418 293.594910 40.236221 138.351547 294.600952 40.236221 138.155853 295.193787 40.236221 140.551605 299.546082 40.443726 139.474670 300.658875 40.677166 139.199310 300.658875 42.000000 139.199310 299.546082 42.233440 139.474670 297.765594 40.305389 139.915237 297.765594 42.371777 139.915237 295.193787 42.440945 140.551605 293.594910 42.440945 138.351547 294.600952 42.440945 138.155853 300.295746 40.677166 137.731766 300.295746 42.000000 137.731766 296.672272 42.385925 137.752945 297.217316 42.371777 137.699509 299.074493 42.233440 137.568848 299.074493 40.443726 137.568848 298.852448 42.249161 137.539215 298.852448 40.428005 137.539215 297.217316 40.305389 137.699509 296.672272 40.291241 137.752945 280.422882 40.085835 138.662811 281.171936 40.085835 140.919693 280.797424 39.566929 139.791260 281.327087 41.338581 141.387115 280.267761 41.338581 138.195389 281.171936 42.591331 140.919693 280.422882 42.591331 138.662811 280.797424 43.110237 139.791260 191.097656 43.110237 169.562546 191.512955 42.591331 170.677460 190.682373 42.591331 168.447632 190.510345 41.338581 167.985825 190.682373 40.085835 168.447632 191.097656 39.566929 169.562546 191.512955 40.085835 170.677460 191.684967 41.338581 171.139267 143.858261 43.110237 189.128494 144.335846 42.591331 190.217606 143.380692 42.591331 188.039383 143.182877 41.338581 187.588257 143.380692 40.085835 188.039383 143.858261 39.566929 189.128494 144.335846 40.085835 190.217606 144.533661 41.338581 190.668732 96.614174 43.110237 211.014786 97.159126 42.591331 212.072693 96.069221 42.591331 209.956879 95.843498 41.338581 209.518677 96.069221 40.085835 209.956879 96.614174 39.566929 211.014786 97.159126 40.085835 212.072693 97.384850 41.338581 212.510880 49.370079 43.110237 237.909393 50.027519 42.591331 238.903259 48.712635 42.591331 236.915527 48.440315 41.338581 236.503860 48.712635 40.085835 236.915527 49.370079 39.566929 237.909393 50.027519 40.085835 238.903259 50.299843 41.338581 239.314941 2.125984 43.110237 273.922821 2.125984 42.591331 275.417847 2.125984 42.591331 272.427795 2.125984 41.338581 271.808533 2.125984 40.085835 272.427795 2.125984 39.566929 273.922821 2.125984 40.085835 275.417847 2.125984 41.338581 276.037109 -45.775551 42.591331 238.903259 -45.118111 43.110237 237.909393 -44.460667 42.591331 236.915527 -44.188347 41.338581 236.503860 -44.460667 40.085835 236.915527 -45.118111 39.566929 237.909393 -45.775551 40.085835 238.903259 -46.047874 41.338581 239.314941 -92.907150 42.591331 212.072693 -92.362206 43.110237 211.014786 -91.817253 42.591331 209.956879 -91.591530 41.338581 209.518677 -91.817253 40.085835 209.956879 -92.362206 39.566929 211.014786 -92.907150 40.085835 212.072693 -93.132881 41.338581 212.510880 -140.083878 42.591331 190.217606 -139.606293 43.110237 189.128494 -139.128723 42.591331 188.039383 -138.930893 41.338581 187.588257 -139.128723 40.085835 188.039383 -139.606293 39.566929 189.128494 -140.083878 40.085835 190.217606 -140.281693 41.338581 190.668732 -187.260986 42.591331 170.677460 -186.845688 43.110237 169.562546 -186.430405 42.591331 168.447632 -186.258377 41.338581 167.985825 -186.430405 40.085835 168.447632 -186.845688 39.566929 169.562546 -187.260986 40.085835 170.677460 -187.432999 41.338581 171.139267 -276.919983 42.591331 140.919693 -276.545441 43.110237 139.791260 -276.170929 42.591331 138.662811 -276.015778 41.338581 138.195389 -276.170929 40.085835 138.662811 -276.545441 39.566929 139.791260 -276.919983 40.085835 140.919693 -277.075104 41.338581 141.387115 -246.341995 48.346458 151.587418 -277.075104 46.141731 141.387115 -277.075104 48.346458 141.387115 -246.341995 46.141731 151.587418 -289.342926 46.141731 138.351547 -290.348999 46.141731 138.155853 -290.941803 46.141731 140.551605 -295.294098 46.349236 139.474670 -296.406891 47.905510 139.199310 -296.406891 46.582676 139.199310 -295.294098 48.138954 139.474670 -293.513611 46.210899 139.915237 -293.513611 48.277290 139.915237 -290.941803 48.346458 140.551605 -289.342926 48.346458 138.351547 -290.348999 48.346458 138.155853 -296.043762 46.582676 137.731766 -296.043762 47.905510 137.731766 -292.420319 48.291435 137.752945 -292.965363 48.277290 137.699509 -294.822510 48.138954 137.568848 -294.822510 46.349236 137.568848 -294.600464 48.154675 137.539215 -294.600464 46.333515 137.539215 -292.965363 46.210899 137.699509 -292.420319 46.196751 137.752945 250.593964 48.346458 151.587418 281.327087 48.346458 141.387115 281.327087 46.141731 141.387115 250.593964 46.141731 151.587418 293.594910 46.141731 138.351547 294.600952 46.141731 138.155853 295.193787 46.141731 140.551605 299.546082 46.349236 139.474670 300.658875 46.582676 139.199310 300.658875 47.905510 139.199310 299.546082 48.138954 139.474670 297.765594 46.210899 139.915237 297.765594 48.277290 139.915237 295.193787 48.346458 140.551605 293.594910 48.346458 138.351547 294.600952 48.346458 138.155853 300.295746 46.582676 137.731766 300.295746 47.905510 137.731766 296.672272 48.291435 137.752945 297.217316 48.277290 137.699509 299.074493 48.138954 137.568848 299.074493 46.349236 137.568848 298.852448 48.154675 137.539215 298.852448 46.333515 137.539215 297.217316 46.210899 137.699509 296.672272 46.196751 137.752945 280.422882 45.991344 138.662811 281.171936 45.991344 140.919693 280.797424 45.472443 139.791260 281.327087 47.244095 141.387115 280.267761 47.244095 138.195389 281.171936 48.496841 140.919693 280.422882 48.496841 138.662811 280.797424 49.015747 139.791260 191.097656 49.015747 169.562546 191.512955 48.496841 170.677460 190.682373 48.496841 168.447632 190.510345 47.244095 167.985825 190.682373 45.991344 168.447632 191.097656 45.472443 169.562546 191.512955 45.991344 170.677460 191.684967 47.244095 171.139267 143.858261 49.015747 189.128494 144.335846 48.496841 190.217606 143.380692 48.496841 188.039383 143.182877 47.244095 187.588257 143.380692 45.991344 188.039383 143.858261 45.472443 189.128494 144.335846 45.991344 190.217606 144.533661 47.244095 190.668732 96.614174 49.015747 211.014786 97.159126 48.496841 212.072693 96.069221 48.496841 209.956879 95.843498 47.244095 209.518677 96.069221 45.991344 209.956879 96.614174 45.472443 211.014786 97.159126 45.991344 212.072693 97.384850 47.244095 212.510880 49.370079 49.015747 237.909393 50.027519 48.496841 238.903259 48.712635 48.496841 236.915527 48.440315 47.244095 236.503860 48.712635 45.991344 236.915527 49.370079 45.472443 237.909393 50.027519 45.991344 238.903259 50.299843 47.244095 239.314941 2.125984 49.015747 273.922821 2.125984 48.496841 275.417847 2.125984 48.496841 272.427795 2.125984 47.244095 271.808533 2.125984 45.991344 272.427795 2.125984 45.472443 273.922821 2.125984 45.991344 275.417847 2.125984 47.244095 276.037109 -45.775551 48.496841 238.903259 -45.118111 49.015747 237.909393 -44.460667 48.496841 236.915527 -44.188347 47.244095 236.503860 -44.460667 45.991344 236.915527 -45.118111 45.472443 237.909393 -45.775551 45.991344 238.903259 -46.047874 47.244095 239.314941 -92.907150 48.496841 212.072693 -92.362206 49.015747 211.014786 -91.817253 48.496841 209.956879 -91.591530 47.244095 209.518677 -91.817253 45.991344 209.956879 -92.362206 45.472443 211.014786 -92.907150 45.991344 212.072693 -93.132881 47.244095 212.510880 -140.083878 48.496841 190.217606 -139.606293 49.015747 189.128494 -139.128723 48.496841 188.039383 -138.930893 47.244095 187.588257 -139.128723 45.991344 188.039383 -139.606293 45.472443 189.128494 -140.083878 45.991344 190.217606 -140.281693 47.244095 190.668732 -187.260986 48.496841 170.677460 -186.845688 49.015747 169.562546 -186.430405 48.496841 168.447632 -186.258377 47.244095 167.985825 -186.430405 45.991344 168.447632 -186.845688 45.472443 169.562546 -187.260986 45.991344 170.677460 -187.432999 47.244095 171.139267 -276.919983 48.496841 140.919693 -276.545441 49.015747 139.791260 -276.170929 48.496841 138.662811 -276.015778 47.244095 138.195389 -276.170929 45.991344 138.662811 -276.545441 45.472443 139.791260 -276.919983 45.991344 140.919693 -277.075104 47.244095 141.387115 -246.341995 36.535435 151.587418 -277.075104 34.330708 141.387115 -277.075104 36.535435 141.387115 -246.341995 34.330708 151.587418 -289.342926 34.330708 138.351547 -290.348999 34.330708 138.155853 -290.941803 34.330708 140.551605 -295.294098 34.538212 139.474670 -296.406891 36.094490 139.199310 -296.406891 34.771652 139.199310 -295.294098 36.327930 139.474670 -293.513611 34.399876 139.915237 -293.513611 36.466267 139.915237 -290.941803 36.535435 140.551605 -289.342926 36.535435 138.351547 -290.348999 36.535435 138.155853 -296.043762 34.771652 137.731766 -296.043762 36.094490 137.731766 -292.420319 36.480412 137.752945 -292.965363 36.466267 137.699509 -294.822510 36.327930 137.568848 -294.822510 34.538212 137.568848 -294.600464 36.343651 137.539215 -294.600464 34.522491 137.539215 -292.965363 34.399876 137.699509 -292.420319 34.385727 137.752945 250.593964 36.535435 151.587418 281.327087 36.535435 141.387115 281.327087 34.330708 141.387115 250.593964 34.330708 151.587418 293.594910 34.330708 138.351547 294.600952 34.330708 138.155853 295.193787 34.330708 140.551605 299.546082 34.538212 139.474670 300.658875 34.771652 139.199310 300.658875 36.094490 139.199310 299.546082 36.327930 139.474670 297.765594 34.399876 139.915237 297.765594 36.466267 139.915237 295.193787 36.535435 140.551605 293.594910 36.535435 138.351547 294.600952 36.535435 138.155853 300.295746 34.771652 137.731766 300.295746 36.094490 137.731766 296.672272 36.480412 137.752945 297.217316 36.466267 137.699509 299.074493 36.327930 137.568848 299.074493 34.538212 137.568848 298.852448 36.343651 137.539215 298.852448 34.522491 137.539215 297.217316 34.399876 137.699509 296.672272 34.385727 137.752945 280.422882 34.180321 138.662811 281.171936 34.180321 140.919693 280.797424 33.661419 139.791260 281.327087 35.433071 141.387115 280.267761 35.433071 138.195389 281.171936 36.685818 140.919693 280.422882 36.685818 138.662811 280.797424 37.204723 139.791260 191.097656 37.204723 169.562546 191.512955 36.685818 170.677460 190.682373 36.685818 168.447632 190.510345 35.433071 167.985825 190.682373 34.180321 168.447632 191.097656 33.661419 169.562546 191.512955 34.180321 170.677460 191.684967 35.433071 171.139267 143.858261 37.204723 189.128494 144.335846 36.685818 190.217606 143.380692 36.685818 188.039383 143.182877 35.433071 187.588257 143.380692 34.180321 188.039383 143.858261 33.661419 189.128494 144.335846 34.180321 190.217606 144.533661 35.433071 190.668732 96.614174 37.204723 211.014786 97.159126 36.685818 212.072693 96.069221 36.685818 209.956879 95.843498 35.433071 209.518677 96.069221 34.180321 209.956879 96.614174 33.661419 211.014786 97.159126 34.180321 212.072693 97.384850 35.433071 212.510880 49.370079 37.204723 237.909393 50.027519 36.685818 238.903259 48.712635 36.685818 236.915527 48.440315 35.433071 236.503860 48.712635 34.180321 236.915527 49.370079 33.661419 237.909393 50.027519 34.180321 238.903259 50.299843 35.433071 239.314941 2.125984 37.204723 273.922821 2.125984 36.685818 275.417847 2.125984 36.685818 272.427795 2.125984 35.433071 271.808533 2.125984 34.180321 272.427795 2.125984 33.661419 273.922821 2.125984 34.180321 275.417847 2.125984 35.433071 276.037109 -45.775551 36.685818 238.903259 -45.118111 37.204723 237.909393 -44.460667 36.685818 236.915527 -44.188347 35.433071 236.503860 -44.460667 34.180321 236.915527 -45.118111 33.661419 237.909393 -45.775551 34.180321 238.903259 -46.047874 35.433071 239.314941 -92.907150 36.685818 212.072693 -92.362206 37.204723 211.014786 -91.817253 36.685818 209.956879 -91.591530 35.433071 209.518677 -91.817253 34.180321 209.956879 -92.362206 33.661419 211.014786 -92.907150 34.180321 212.072693 -93.132881 35.433071 212.510880 -140.083878 36.685818 190.217606 -139.606293 37.204723 189.128494 -139.128723 36.685818 188.039383 -138.930893 35.433071 187.588257 -139.128723 34.180321 188.039383 -139.606293 33.661419 189.128494 -140.083878 34.180321 190.217606 -140.281693 35.433071 190.668732 -187.260986 36.685818 170.677460 -186.845688 37.204723 169.562546 -186.430405 36.685818 168.447632 -186.258377 35.433071 167.985825 -186.430405 34.180321 168.447632 -186.845688 33.661419 169.562546 -187.260986 34.180321 170.677460 -187.432999 35.433071 171.139267 -276.919983 36.685818 140.919693 -276.545441 37.204723 139.791260 -276.170929 36.685818 138.662811 -276.015778 35.433071 138.195389 -276.170929 34.180321 138.662811 -276.545441 33.661419 139.791260 -276.919983 34.180321 140.919693 -277.075104 35.433071 141.387115 -246.341995 18.818897 151.587418 -277.075104 16.614174 141.387115 -277.075104 18.818897 141.387115 -246.341995 16.614174 151.587418 -289.342926 16.614174 138.351547 -290.348999 16.614174 138.155853 -290.941803 16.614174 140.551605 -295.294098 16.821676 139.474670 -296.406891 18.377953 139.199310 -296.406891 17.055119 139.199310 -295.294098 18.611395 139.474670 -293.513611 16.683340 139.915237 -293.513611 18.749729 139.915237 -290.941803 18.818897 140.551605 -289.342926 18.818897 138.351547 -290.348999 18.818897 138.155853 -296.043762 17.055119 137.731766 -296.043762 18.377953 137.731766 -292.420319 18.763878 137.752945 -292.965363 18.749729 137.699509 -294.822510 18.611395 137.568848 -294.822510 16.821676 137.568848 -294.600464 18.627113 137.539215 -294.600464 16.805956 137.539215 -292.965363 16.683340 137.699509 -292.420319 16.669193 137.752945 250.593964 18.818897 151.587418 281.327087 18.818897 141.387115 281.327087 16.614174 141.387115 250.593964 16.614174 151.587418 293.594910 16.614174 138.351547 294.600952 16.614174 138.155853 295.193787 16.614174 140.551605 299.546082 16.821676 139.474670 300.658875 17.055119 139.199310 300.658875 18.377953 139.199310 299.546082 18.611395 139.474670 297.765594 16.683340 139.915237 297.765594 18.749729 139.915237 295.193787 18.818897 140.551605 293.594910 18.818897 138.351547 294.600952 18.818897 138.155853 300.295746 17.055119 137.731766 300.295746 18.377953 137.731766 296.672272 18.763878 137.752945 297.217316 18.749729 137.699509 299.074493 18.611395 137.568848 299.074493 16.821676 137.568848 298.852448 18.627113 137.539215 298.852448 16.805956 137.539215 297.217316 16.683340 137.699509 296.672272 16.669193 137.752945 280.422882 16.463787 138.662811 281.171936 16.463787 140.919693 280.797424 15.944881 139.791260 281.327087 17.716536 141.387115 280.267761 17.716536 138.195389 281.171936 18.969284 140.919693 280.422882 18.969284 138.662811 280.797424 19.488190 139.791260 191.097656 19.488190 169.562546 191.512955 18.969284 170.677460 190.682373 18.969284 168.447632 190.510345 17.716536 167.985825 190.682373 16.463787 168.447632 191.097656 15.944881 169.562546 191.512955 16.463787 170.677460 191.684967 17.716536 171.139267 143.858261 19.488190 189.128494 144.335846 18.969284 190.217606 143.380692 18.969284 188.039383 143.182877 17.716536 187.588257 143.380692 16.463787 188.039383 143.858261 15.944881 189.128494 144.335846 16.463787 190.217606 144.533661 17.716536 190.668732 96.614174 19.488190 211.014786 97.159126 18.969284 212.072693 96.069221 18.969284 209.956879 95.843498 17.716536 209.518677 96.069221 16.463787 209.956879 96.614174 15.944881 211.014786 97.159126 16.463787 212.072693 97.384850 17.716536 212.510880 49.370079 19.488190 237.909393 50.027519 18.969284 238.903259 48.712635 18.969284 236.915527 48.440315 17.716536 236.503860 48.712635 16.463787 236.915527 49.370079 15.944881 237.909393 50.027519 16.463787 238.903259 50.299843 17.716536 239.314941 2.125984 19.488190 273.922821 2.125984 18.969284 275.417847 2.125984 18.969284 272.427795 2.125984 17.716536 271.808533 2.125984 16.463787 272.427795 2.125984 15.944881 273.922821 2.125984 16.463787 275.417847 2.125984 17.716536 276.037109 -45.775551 18.969284 238.903259 -45.118111 19.488190 237.909393 -44.460667 18.969284 236.915527 -44.188347 17.716536 236.503860 -44.460667 16.463787 236.915527 -45.118111 15.944881 237.909393 -45.775551 16.463787 238.903259 -46.047874 17.716536 239.314941 -92.907150 18.969284 212.072693 -92.362206 19.488190 211.014786 -91.817253 18.969284 209.956879 -91.591530 17.716536 209.518677 -91.817253 16.463787 209.956879 -92.362206 15.944881 211.014786 -92.907150 16.463787 212.072693 -93.132881 17.716536 212.510880 -140.083878 18.969284 190.217606 -139.606293 19.488190 189.128494 -139.128723 18.969284 188.039383 -138.930893 17.716536 187.588257 -139.128723 16.463787 188.039383 -139.606293 15.944881 189.128494 -140.083878 16.463787 190.217606 -140.281693 17.716536 190.668732 -187.260986 18.969284 170.677460 -186.845688 19.488190 169.562546 -186.430405 18.969284 168.447632 -186.258377 17.716536 167.985825 -186.430405 16.463787 168.447632 -186.845688 15.944881 169.562546 -187.260986 16.463787 170.677460 -187.432999 17.716536 171.139267 -276.919983 18.969284 140.919693 -276.545441 19.488190 139.791260 -276.170929 18.969284 138.662811 -276.015778 17.716536 138.195389 -276.170929 16.463787 138.662811 -276.545441 15.944881 139.791260 -276.919983 16.463787 140.919693 -277.075104 17.716536 141.387115 -246.341995 24.724409 151.587418 -277.075104 22.519686 141.387115 -277.075104 24.724409 141.387115 -246.341995 22.519686 151.587418 -289.342926 22.519686 138.351547 -290.348999 22.519686 138.155853 -290.941803 22.519686 140.551605 -295.294098 22.727188 139.474670 -296.406891 24.283464 139.199310 -296.406891 22.960630 139.199310 -295.294098 24.516907 139.474670 -293.513611 22.588852 139.915237 -293.513611 24.655241 139.915237 -290.941803 24.724409 140.551605 -289.342926 24.724409 138.351547 -290.348999 24.724409 138.155853 -296.043762 22.960630 137.731766 -296.043762 24.283464 137.731766 -292.420319 24.669390 137.752945 -292.965363 24.655241 137.699509 -294.822510 24.516907 137.568848 -294.822510 22.727188 137.568848 -294.600464 24.532625 137.539215 -294.600464 22.711468 137.539215 -292.965363 22.588852 137.699509 -292.420319 22.574705 137.752945 250.593964 24.724409 151.587418 281.327087 24.724409 141.387115 281.327087 22.519686 141.387115 250.593964 22.519686 151.587418 293.594910 22.519686 138.351547 294.600952 22.519686 138.155853 295.193787 22.519686 140.551605 299.546082 22.727188 139.474670 300.658875 22.960630 139.199310 300.658875 24.283464 139.199310 299.546082 24.516907 139.474670 297.765594 22.588852 139.915237 297.765594 24.655241 139.915237 295.193787 24.724409 140.551605 293.594910 24.724409 138.351547 294.600952 24.724409 138.155853 300.295746 22.960630 137.731766 300.295746 24.283464 137.731766 296.672272 24.669390 137.752945 297.217316 24.655241 137.699509 299.074493 24.516907 137.568848 299.074493 22.727188 137.568848 298.852448 24.532625 137.539215 298.852448 22.711468 137.539215 297.217316 22.588852 137.699509 296.672272 22.574705 137.752945 280.422882 22.369299 138.662811 281.171936 22.369299 140.919693 280.797424 21.850393 139.791260 281.327087 23.622047 141.387115 280.267761 23.622047 138.195389 281.171936 24.874796 140.919693 280.422882 24.874796 138.662811 280.797424 25.393702 139.791260 191.097656 25.393702 169.562546 191.512955 24.874796 170.677460 190.682373 24.874796 168.447632 190.510345 23.622047 167.985825 190.682373 22.369299 168.447632 191.097656 21.850393 169.562546 191.512955 22.369299 170.677460 191.684967 23.622047 171.139267 143.858261 25.393702 189.128494 144.335846 24.874796 190.217606 143.380692 24.874796 188.039383 143.182877 23.622047 187.588257 143.380692 22.369299 188.039383 143.858261 21.850393 189.128494 144.335846 22.369299 190.217606 144.533661 23.622047 190.668732 96.614174 25.393702 211.014786 97.159126 24.874796 212.072693 96.069221 24.874796 209.956879 95.843498 23.622047 209.518677 96.069221 22.369299 209.956879 96.614174 21.850393 211.014786 97.159126 22.369299 212.072693 97.384850 23.622047 212.510880 49.370079 25.393702 237.909393 50.027519 24.874796 238.903259 48.712635 24.874796 236.915527 48.440315 23.622047 236.503860 48.712635 22.369299 236.915527 49.370079 21.850393 237.909393 50.027519 22.369299 238.903259 50.299843 23.622047 239.314941 2.125984 25.393702 273.922821 2.125984 24.874796 275.417847 2.125984 24.874796 272.427795 2.125984 23.622047 271.808533 2.125984 22.369299 272.427795 2.125984 21.850393 273.922821 2.125984 22.369299 275.417847 2.125984 23.622047 276.037109 -45.775551 24.874796 238.903259 -45.118111 25.393702 237.909393 -44.460667 24.874796 236.915527 -44.188347 23.622047 236.503860 -44.460667 22.369299 236.915527 -45.118111 21.850393 237.909393 -45.775551 22.369299 238.903259 -46.047874 23.622047 239.314941 -92.907150 24.874796 212.072693 -92.362206 25.393702 211.014786 -91.817253 24.874796 209.956879 -91.591530 23.622047 209.518677 -91.817253 22.369299 209.956879 -92.362206 21.850393 211.014786 -92.907150 22.369299 212.072693 -93.132881 23.622047 212.510880 -140.083878 24.874796 190.217606 -139.606293 25.393702 189.128494 -139.128723 24.874796 188.039383 -138.930893 23.622047 187.588257 -139.128723 22.369299 188.039383 -139.606293 21.850393 189.128494 -140.083878 22.369299 190.217606 -140.281693 23.622047 190.668732 -187.260986 24.874796 170.677460 -186.845688 25.393702 169.562546 -186.430405 24.874796 168.447632 -186.258377 23.622047 167.985825 -186.430405 22.369299 168.447632 -186.845688 21.850393 169.562546 -187.260986 22.369299 170.677460 -187.432999 23.622047 171.139267 -276.919983 24.874796 140.919693 -276.545441 25.393702 139.791260 -276.170929 24.874796 138.662811 -276.015778 23.622047 138.195389 -276.170929 22.369299 138.662811 -276.545441 21.850393 139.791260 -276.919983 22.369299 140.919693 -277.075104 23.622047 141.387115 -246.341995 30.629921 151.587418 -277.075104 28.425198 141.387115 -277.075104 30.629921 141.387115 -246.341995 28.425198 151.587418 -289.342926 28.425198 138.351547 -290.348999 28.425198 138.155853 -290.941803 28.425198 140.551605 -295.294098 28.632700 139.474670 -296.406891 30.188976 139.199310 -296.406891 28.866142 139.199310 -295.294098 30.422419 139.474670 -293.513611 28.494364 139.915237 -293.513611 30.560753 139.915237 -290.941803 30.629921 140.551605 -289.342926 30.629921 138.351547 -290.348999 30.629921 138.155853 -296.043762 28.866142 137.731766 -296.043762 30.188976 137.731766 -292.420319 30.574902 137.752945 -292.965363 30.560753 137.699509 -294.822510 30.422419 137.568848 -294.822510 28.632700 137.568848 -294.600464 30.438137 137.539215 -294.600464 28.616980 137.539215 -292.965363 28.494364 137.699509 -292.420319 28.480217 137.752945 250.593964 30.629921 151.587418 281.327087 30.629921 141.387115 281.327087 28.425198 141.387115 250.593964 28.425198 151.587418 293.594910 28.425198 138.351547 294.600952 28.425198 138.155853 295.193787 28.425198 140.551605 299.546082 28.632700 139.474670 300.658875 28.866142 139.199310 300.658875 30.188976 139.199310 299.546082 30.422419 139.474670 297.765594 28.494364 139.915237 297.765594 30.560753 139.915237 295.193787 30.629921 140.551605 293.594910 30.629921 138.351547 294.600952 30.629921 138.155853 300.295746 28.866142 137.731766 300.295746 30.188976 137.731766 296.672272 30.574902 137.752945 297.217316 30.560753 137.699509 299.074493 30.422419 137.568848 299.074493 28.632700 137.568848 298.852448 30.438137 137.539215 298.852448 28.616980 137.539215 297.217316 28.494364 137.699509 296.672272 28.480217 137.752945 280.422882 28.274811 138.662811 281.171936 28.274811 140.919693 280.797424 27.755905 139.791260 281.327087 29.527559 141.387115 280.267761 29.527559 138.195389 281.171936 30.780308 140.919693 280.422882 30.780308 138.662811 280.797424 31.299213 139.791260 191.097656 31.299213 169.562546 191.512955 30.780308 170.677460 190.682373 30.780308 168.447632 190.510345 29.527559 167.985825 190.682373 28.274811 168.447632 191.097656 27.755905 169.562546 191.512955 28.274811 170.677460 191.684967 29.527559 171.139267 143.858261 31.299213 189.128494 144.335846 30.780308 190.217606 143.380692 30.780308 188.039383 143.182877 29.527559 187.588257 143.380692 28.274811 188.039383 143.858261 27.755905 189.128494 144.335846 28.274811 190.217606 144.533661 29.527559 190.668732 96.614174 31.299213 211.014786 97.159126 30.780308 212.072693 96.069221 30.780308 209.956879 95.843498 29.527559 209.518677 96.069221 28.274811 209.956879 96.614174 27.755905 211.014786 97.159126 28.274811 212.072693 97.384850 29.527559 212.510880 49.370079 31.299213 237.909393 50.027519 30.780308 238.903259 48.712635 30.780308 236.915527 48.440315 29.527559 236.503860 48.712635 28.274811 236.915527 49.370079 27.755905 237.909393 50.027519 28.274811 238.903259 50.299843 29.527559 239.314941 2.125984 31.299213 273.922821 2.125984 30.780308 275.417847 2.125984 30.780308 272.427795 2.125984 29.527559 271.808533 2.125984 28.274811 272.427795 2.125984 27.755905 273.922821 2.125984 28.274811 275.417847 2.125984 29.527559 276.037109 -45.775551 30.780308 238.903259 -45.118111 31.299213 237.909393 -44.460667 30.780308 236.915527 -44.188347 29.527559 236.503860 -44.460667 28.274811 236.915527 -45.118111 27.755905 237.909393 -45.775551 28.274811 238.903259 -46.047874 29.527559 239.314941 -92.907150 30.780308 212.072693 -92.362206 31.299213 211.014786 -91.817253 30.780308 209.956879 -91.591530 29.527559 209.518677 -91.817253 28.274811 209.956879 -92.362206 27.755905 211.014786 -92.907150 28.274811 212.072693 -93.132881 29.527559 212.510880 -140.083878 30.780308 190.217606 -139.606293 31.299213 189.128494 -139.128723 30.780308 188.039383 -138.930893 29.527559 187.588257 -139.128723 28.274811 188.039383 -139.606293 27.755905 189.128494 -140.083878 28.274811 190.217606 -140.281693 29.527559 190.668732 -187.260986 30.780308 170.677460 -186.845688 31.299213 169.562546 -186.430405 30.780308 168.447632 -186.258377 29.527559 167.985825 -186.430405 28.274811 168.447632 -186.845688 27.755905 169.562546 -187.260986 28.274811 170.677460 -187.432999 29.527559 171.139267 -276.919983 30.780308 140.919693 -276.545441 31.299213 139.791260 -276.170929 30.780308 138.662811 -276.015778 29.527559 138.195389 -276.170929 28.274811 138.662811 -276.545441 27.755905 139.791260 -276.919983 28.274811 140.919693 -277.075104 29.527559 141.387115 69.436478 1.968504 163.508560 56.025452 -1.968504 160.555801 56.025452 1.968504 160.555801 69.436478 -1.968504 163.508560 70.627464 -1.968504 166.461304 70.627464 1.968504 166.461304 56.025452 -1.968504 166.461304 -51.773483 -1.968504 160.555801 -51.773483 -1.968504 166.461304 -66.375496 1.968504 166.461304 -65.184509 -1.968504 163.508560 -66.375496 -1.968504 166.461304 -65.184509 1.968504 163.508560 -51.773483 1.968504 160.555801 -246.341995 12.913385 151.587418 -277.075104 10.708661 141.387115 -277.075104 12.913385 141.387115 -246.341995 10.708661 151.587418 -289.342926 10.708661 138.351547 -290.348999 10.708661 138.155853 -290.941803 10.708661 140.551605 -295.294098 10.916164 139.474670 -296.406891 12.472441 139.199310 -296.406891 11.149607 139.199310 -295.294098 12.705882 139.474670 -293.513611 10.777829 139.915237 -293.513611 12.844218 139.915237 -290.941803 12.913385 140.551605 -289.342926 12.913385 138.351547 -290.348999 12.913385 138.155853 -296.043762 11.149607 137.731766 -296.043762 12.472441 137.731766 -292.420319 12.858366 137.752945 -292.965363 12.844218 137.699509 -294.822510 12.705882 137.568848 -294.822510 10.916164 137.568848 -294.600464 12.721602 137.539215 -294.600464 10.900445 137.539215 -292.965363 10.777829 137.699509 -292.420319 10.763681 137.752945 250.593964 12.913385 151.587418 281.327087 12.913385 141.387115 281.327087 10.708661 141.387115 250.593964 10.708661 151.587418 293.594910 10.708661 138.351547 294.600952 10.708661 138.155853 295.193787 10.708661 140.551605 299.546082 10.916164 139.474670 300.658875 11.149607 139.199310 300.658875 12.472441 139.199310 299.546082 12.705882 139.474670 297.765594 10.777829 139.915237 297.765594 12.844218 139.915237 295.193787 12.913385 140.551605 293.594910 12.913385 138.351547 294.600952 12.913385 138.155853 300.295746 11.149607 137.731766 300.295746 12.472441 137.731766 296.672272 12.858366 137.752945 297.217316 12.844218 137.699509 299.074493 12.705882 137.568848 299.074493 10.916164 137.568848 298.852448 12.721602 137.539215 298.852448 10.900445 137.539215 297.217316 10.777829 137.699509 296.672272 10.763681 137.752945 280.422882 10.558275 138.662811 281.171936 10.558275 140.919693 280.797424 10.039370 139.791260 281.327087 11.811024 141.387115 280.267761 11.811024 138.195389 281.171936 13.063772 140.919693 280.422882 13.063772 138.662811 280.797424 13.582677 139.791260 191.097656 13.582677 169.562546 191.512955 13.063772 170.677460 190.682373 13.063772 168.447632 190.510345 11.811024 167.985825 190.682373 10.558275 168.447632 191.097656 10.039370 169.562546 191.512955 10.558275 170.677460 191.684967 11.811024 171.139267 143.858261 13.582677 189.128494 144.335846 13.063772 190.217606 143.380692 13.063772 188.039383 143.182877 11.811024 187.588257 143.380692 10.558275 188.039383 143.858261 10.039370 189.128494 144.335846 10.558275 190.217606 144.533661 11.811024 190.668732 96.614174 13.582677 211.014786 97.159126 13.063772 212.072693 96.069221 13.063772 209.956879 95.843498 11.811024 209.518677 96.069221 10.558275 209.956879 96.614174 10.039370 211.014786 97.159126 10.558275 212.072693 97.384850 11.811024 212.510880 49.370079 13.582677 237.909393 50.027519 13.063772 238.903259 48.712635 13.063772 236.915527 48.440315 11.811024 236.503860 48.712635 10.558275 236.915527 49.370079 10.039370 237.909393 50.027519 10.558275 238.903259 50.299843 11.811024 239.314941 2.125984 13.582677 273.922821 2.125984 13.063772 275.417847 2.125984 13.063772 272.427795 2.125984 11.811024 271.808533 2.125984 10.558275 272.427795 2.125984 10.039370 273.922821 2.125984 10.558275 275.417847 2.125984 11.811024 276.037109 -45.775551 13.063772 238.903259 -45.118111 13.582677 237.909393 -44.460667 13.063772 236.915527 -44.188347 11.811024 236.503860 -44.460667 10.558275 236.915527 -45.118111 10.039370 237.909393 -45.775551 10.558275 238.903259 -46.047874 11.811024 239.314941 -92.907150 13.063772 212.072693 -92.362206 13.582677 211.014786 -91.817253 13.063772 209.956879 -91.591530 11.811024 209.518677 -91.817253 10.558275 209.956879 -92.362206 10.039370 211.014786 -92.907150 10.558275 212.072693 -93.132881 11.811024 212.510880 -140.083878 13.063772 190.217606 -139.606293 13.582677 189.128494 -139.128723 13.063772 188.039383 -138.930893 11.811024 187.588257 -139.128723 10.558275 188.039383 -139.606293 10.039370 189.128494 -140.083878 10.558275 190.217606 -140.281693 11.811024 190.668732 -187.260986 13.063772 170.677460 -186.845688 13.582677 169.562546 -186.430405 13.063772 168.447632 -186.258377 11.811024 167.985825 -186.430405 10.558275 168.447632 -186.845688 10.039370 169.562546 -187.260986 10.558275 170.677460 -187.432999 11.811024 171.139267 -276.919983 13.063772 140.919693 -276.545441 13.582677 139.791260 -276.170929 13.063772 138.662811 -276.015778 11.811024 138.195389 -276.170929 10.558275 138.662811 -276.545441 10.039370 139.791260 -276.919983 10.558275 140.919693 -277.075104 11.811024 141.387115 -246.341995 7.007874 151.587418 -277.075104 4.803150 141.387115 -277.075104 7.007874 141.387115 -246.341995 4.803150 151.587418 -289.342926 4.803150 138.351547 -290.348999 4.803150 138.155853 -290.941803 4.803150 140.551605 -295.294098 5.010653 139.474670 -296.406891 6.566929 139.199310 -296.406891 5.244094 139.199310 -295.294098 6.800371 139.474670 -293.513611 4.872317 139.915237 -293.513611 6.938706 139.915237 -290.941803 7.007874 140.551605 -289.342926 7.007874 138.351547 -290.348999 7.007874 138.155853 -296.043762 5.244094 137.731766 -296.043762 6.566929 137.731766 -292.420319 6.952854 137.752945 -292.965363 6.938706 137.699509 -294.822510 6.800371 137.568848 -294.822510 5.010653 137.568848 -294.600464 6.816091 137.539215 -294.600464 4.994933 137.539215 -292.965363 4.872317 137.699509 -292.420319 4.858170 137.752945 250.593964 7.007874 151.587418 281.327087 7.007874 141.387115 281.327087 4.803150 141.387115 250.593964 4.803150 151.587418 293.594910 4.803150 138.351547 294.600952 4.803150 138.155853 295.193787 4.803150 140.551605 299.546082 5.010653 139.474670 300.658875 5.244094 139.199310 300.658875 6.566929 139.199310 299.546082 6.800371 139.474670 297.765594 4.872317 139.915237 297.765594 6.938706 139.915237 295.193787 7.007874 140.551605 293.594910 7.007874 138.351547 294.600952 7.007874 138.155853 300.295746 5.244094 137.731766 300.295746 6.566929 137.731766 296.672272 6.952854 137.752945 297.217316 6.938706 137.699509 299.074493 6.800371 137.568848 299.074493 5.010653 137.568848 298.852448 6.816091 137.539215 298.852448 4.994933 137.539215 297.217316 4.872317 137.699509 296.672272 4.858170 137.752945 280.422882 4.652763 138.662811 281.171936 4.652763 140.919693 280.797424 4.133858 139.791260 281.327087 5.905512 141.387115 280.267761 5.905512 138.195389 281.171936 7.158260 140.919693 280.422882 7.158260 138.662811 280.797424 7.677166 139.791260 191.097656 7.677166 169.562546 191.512955 7.158260 170.677460 190.682373 7.158260 168.447632 190.510345 5.905512 167.985825 190.682373 4.652763 168.447632 191.097656 4.133858 169.562546 191.512955 4.652763 170.677460 191.684967 5.905512 171.139267 143.858261 7.677166 189.128494 144.335846 7.158260 190.217606 143.380692 7.158260 188.039383 143.182877 5.905512 187.588257 143.380692 4.652763 188.039383 143.858261 4.133858 189.128494 144.335846 4.652763 190.217606 144.533661 5.905512 190.668732 96.614174 7.677166 211.014786 97.159126 7.158260 212.072693 96.069221 7.158260 209.956879 95.843498 5.905512 209.518677 96.069221 4.652763 209.956879 96.614174 4.133858 211.014786 97.159126 4.652763 212.072693 97.384850 5.905512 212.510880 49.370079 7.677166 237.909393 50.027519 7.158260 238.903259 48.712635 7.158260 236.915527 48.440315 5.905512 236.503860 48.712635 4.652763 236.915527 49.370079 4.133858 237.909393 50.027519 4.652763 238.903259 50.299843 5.905512 239.314941 2.125984 7.677166 273.922821 2.125984 7.158260 275.417847 2.125984 7.158260 272.427795 2.125984 5.905512 271.808533 2.125984 4.652763 272.427795 2.125984 4.133858 273.922821 2.125984 4.652763 275.417847 2.125984 5.905512 276.037109 -45.775551 7.158260 238.903259 -45.118111 7.677166 237.909393 -44.460667 7.158260 236.915527 -44.188347 5.905512 236.503860 -44.460667 4.652763 236.915527 -45.118111 4.133858 237.909393 -45.775551 4.652763 238.903259 -46.047874 5.905512 239.314941 -92.907150 7.158260 212.072693 -92.362206 7.677166 211.014786 -91.817253 7.158260 209.956879 -91.591530 5.905512 209.518677 -91.817253 4.652763 209.956879 -92.362206 4.133858 211.014786 -92.907150 4.652763 212.072693 -93.132881 5.905512 212.510880 -140.083878 7.158260 190.217606 -139.606293 7.677166 189.128494 -139.128723 7.158260 188.039383 -138.930893 5.905512 187.588257 -139.128723 4.652763 188.039383 -139.606293 4.133858 189.128494 -140.083878 4.652763 190.217606 -140.281693 5.905512 190.668732 -187.260986 7.158260 170.677460 -186.845688 7.677166 169.562546 -186.430405 7.158260 168.447632 -186.258377 5.905512 167.985825 -186.430405 4.652763 168.447632 -186.845688 4.133858 169.562546 -187.260986 4.652763 170.677460 -187.432999 5.905512 171.139267 -276.919983 7.158260 140.919693 -276.545441 7.677166 139.791260 -276.170929 7.158260 138.662811 -276.015778 5.905512 138.195389 -276.170929 4.652763 138.662811 -276.545441 4.133858 139.791260 -276.919983 4.652763 140.919693 -277.075104 5.905512 141.387115 -246.341995 1.102362 151.587418 -277.075104 -1.102362 141.387115 -277.075104 1.102362 141.387115 -246.341995 -1.102362 151.587418 -289.342926 -1.102362 138.351547 -290.348999 -1.102362 138.155853 -290.941803 -1.102362 140.551605 -295.294098 -0.894859 139.474670 -296.406891 0.661417 139.199310 -296.406891 -0.661417 139.199310 -295.294098 0.894859 139.474670 -293.513611 -1.033194 139.915237 -293.513611 1.033194 139.915237 -290.941803 1.102362 140.551605 -289.342926 1.102362 138.351547 -290.348999 1.102362 138.155853 -296.043762 -0.661417 137.731766 -296.043762 0.661417 137.731766 -292.420319 1.047342 137.752945 -292.965363 1.033194 137.699509 -294.822510 0.894859 137.568848 -294.822510 -0.894859 137.568848 -294.600464 0.910579 137.539215 -294.600464 -0.910579 137.539215 -292.965363 -1.033194 137.699509 -292.420319 -1.047342 137.752945 250.593964 1.102362 151.587418 281.327087 1.102362 141.387115 281.327087 -1.102362 141.387115 250.593964 -1.102362 151.587418 293.594910 -1.102362 138.351547 294.600952 -1.102362 138.155853 295.193787 -1.102362 140.551605 299.546082 -0.894859 139.474670 300.658875 -0.661417 139.199310 300.658875 0.661417 139.199310 299.546082 0.894859 139.474670 297.765594 -1.033194 139.915237 297.765594 1.033194 139.915237 295.193787 1.102362 140.551605 293.594910 1.102362 138.351547 294.600952 1.102362 138.155853 300.295746 -0.661417 137.731766 300.295746 0.661417 137.731766 296.672272 1.047342 137.752945 297.217316 1.033194 137.699509 299.074493 0.894859 137.568848 299.074493 -0.894859 137.568848 298.852448 0.910579 137.539215 298.852448 -0.910579 137.539215 297.217316 -1.033194 137.699509 296.672272 -1.047342 137.752945 280.422882 -1.252748 138.662811 281.171936 -1.252748 140.919693 280.797424 -1.771654 139.791260 281.327087 -0.000000 141.387115 280.267761 -0.000000 138.195389 281.171936 1.252748 140.919693 280.422882 1.252748 138.662811 280.797424 1.771654 139.791260 191.097656 1.771654 169.562546 191.512955 1.252748 170.677460 190.682373 1.252748 168.447632 190.510345 -0.000000 167.985825 190.682373 -1.252748 168.447632 191.097656 -1.771654 169.562546 191.512955 -1.252748 170.677460 191.684967 -0.000000 171.139267 143.858261 1.771654 189.128494 144.335846 1.252748 190.217606 143.380692 1.252748 188.039383 143.182877 -0.000000 187.588257 143.380692 -1.252748 188.039383 143.858261 -1.771654 189.128494 144.335846 -1.252748 190.217606 144.533661 -0.000000 190.668732 96.614174 1.771654 211.014786 97.159126 1.252748 212.072693 96.069221 1.252748 209.956879 95.843498 -0.000000 209.518677 96.069221 -1.252748 209.956879 96.614174 -1.771654 211.014786 97.159126 -1.252748 212.072693 97.384850 -0.000000 212.510880 49.370079 1.771654 237.909393 50.027519 1.252748 238.903259 48.712635 1.252748 236.915527 48.440315 -0.000000 236.503860 48.712635 -1.252748 236.915527 49.370079 -1.771654 237.909393 50.027519 -1.252748 238.903259 50.299843 -0.000000 239.314941 2.125984 1.771654 273.922821 2.125984 1.252748 275.417847 2.125984 1.252748 272.427795 2.125984 -0.000000 271.808533 2.125984 -1.252748 272.427795 2.125984 -1.771654 273.922821 2.125984 -1.252748 275.417847 2.125984 -0.000000 276.037109 -45.775551 1.252748 238.903259 -45.118111 1.771654 237.909393 -44.460667 1.252748 236.915527 -44.188347 -0.000000 236.503860 -44.460667 -1.252748 236.915527 -45.118111 -1.771654 237.909393 -45.775551 -1.252748 238.903259 -46.047874 -0.000000 239.314941 -92.907150 1.252748 212.072693 -92.362206 1.771654 211.014786 -91.817253 1.252748 209.956879 -91.591530 -0.000000 209.518677 -91.817253 -1.252748 209.956879 -92.362206 -1.771654 211.014786 -92.907150 -1.252748 212.072693 -93.132881 -0.000000 212.510880 -140.083878 1.252748 190.217606 -139.606293 1.771654 189.128494 -139.128723 1.252748 188.039383 -138.930893 -0.000000 187.588257 -139.128723 -1.252748 188.039383 -139.606293 -1.771654 189.128494 -140.083878 -1.252748 190.217606 -140.281693 -0.000000 190.668732 -187.260986 1.252748 170.677460 -186.845688 1.771654 169.562546 -186.430405 1.252748 168.447632 -186.258377 -0.000000 167.985825 -186.430405 -1.252748 168.447632 -186.845688 -1.771654 169.562546 -187.260986 -1.252748 170.677460 -187.432999 -0.000000 171.139267 -276.919983 1.252748 140.919693 -276.545441 1.771654 139.791260 -276.170929 1.252748 138.662811 -276.015778 -0.000000 138.195389 -276.170929 -1.252748 138.662811 -276.545441 -1.771654 139.791260 -276.919983 -1.252748 140.919693 -277.075104 -0.000000 141.387115 -293.149597 -25.381889 -32.166668 -312.834656 49.354610 -32.166668 -312.834656 -25.381889 -32.166668 -293.149597 49.354610 -32.166668 317.086609 -25.381889 -32.166668 297.401581 49.354610 -32.166668 297.401581 -25.381889 -32.166668 317.086609 49.354610 -32.166668 -293.149597 49.354610 -2.639107 -293.149597 -25.381889 -2.639107 297.401581 -25.381889 -2.639107 297.401581 49.354610 -2.639107 64.330711 -2.012901 227.643784 -60.078739 -2.012901 227.643784 -60.078739 1.924107 227.643784 64.330711 1.924107 227.643784 232.322922 3.477690 95.800522 231.501312 1.834151 76.640419 231.628082 1.800185 95.800522 232.209274 3.543307 76.640419 232.550217 3.346457 108.573929 231.881592 1.732253 108.573929 232.807114 3.198145 113.385826 232.168121 1.655482 113.385826 232.931992 3.126046 114.002083 232.307404 1.618161 114.002083 233.250519 2.942141 114.517128 232.662674 1.522964 114.517128 233.180511 1.384210 114.853508 233.714798 2.674088 114.853508 233.783020 1.222767 114.960632 234.255005 2.362205 114.960632 233.428253 4.918197 95.800522 233.335464 5.010993 76.640419 233.613846 4.732605 108.573929 233.823593 4.522860 113.385826 233.925552 4.420897 114.002083 234.185638 4.160816 114.517128 234.564728 3.781732 114.853508 235.005798 3.340662 114.960632 234.803146 6.137188 76.640419 234.868759 6.023536 95.800522 235.000000 5.796233 108.573929 235.148315 5.539349 113.385826 235.220413 5.414471 114.002083 235.404312 5.095938 114.517128 235.672363 4.631657 114.853508 235.984253 4.091459 114.960632 236.512299 6.845144 76.640419 236.546265 6.718382 95.800522 236.614197 6.464858 108.573929 236.690979 6.178341 113.385826 236.728302 6.039058 114.002083 236.823486 5.683780 114.517128 236.962250 5.165942 114.853508 237.123688 4.563429 114.960632 238.346451 7.086614 76.640419 238.346451 6.955380 95.800522 238.346451 6.692914 108.573929 238.346451 6.396289 113.385826 238.346451 6.252093 114.002083 238.346451 5.884282 114.517128 238.346451 5.348177 114.853508 238.346451 4.724410 114.960632 240.180603 6.845144 76.640419 240.146637 6.718382 95.800522 240.078705 6.464858 108.573929 240.001938 6.178341 113.385826 239.964615 6.039058 114.002083 239.869415 5.683780 114.517128 239.730667 5.165942 114.853508 239.569229 4.563429 114.960632 241.889771 6.137188 76.640419 241.824142 6.023536 95.800522 241.692917 5.796233 108.573929 241.544601 5.539349 113.385826 241.472504 5.414471 114.002083 241.288605 5.095938 114.517128 241.020538 4.631657 114.853508 240.708664 4.091459 114.960632 243.357452 5.010993 76.640419 243.264648 4.918197 95.800522 243.079056 4.732605 108.573929 242.869324 4.522860 113.385826 242.767349 4.420897 114.002083 242.507278 4.160816 114.517128 242.128189 3.781732 114.853508 241.687119 3.340662 114.960632 244.483643 3.543307 76.640419 244.369995 3.477690 95.800522 244.142685 3.346457 108.573929 243.885803 3.198145 113.385826 243.760925 3.126046 114.002083 243.442398 2.942141 114.517128 242.978119 2.674088 114.853508 242.437912 2.362205 114.960632 245.191605 1.834151 76.640419 245.064835 1.800185 95.800522 244.811310 1.732253 108.573929 244.524796 1.655482 113.385826 244.385513 1.618161 114.002083 244.030243 1.522964 114.517128 243.512405 1.384210 114.853508 242.909882 1.222767 114.960632 245.301834 -0.000000 95.800522 245.433075 -0.000000 76.640419 245.039368 -0.000000 108.573929 244.742752 -0.000000 113.385826 244.598557 -0.000000 114.002083 244.230743 -0.000000 114.517128 243.694641 -0.000000 114.853508 243.070862 -0.000000 114.960632 245.064835 -1.800185 95.800522 245.191605 -1.834151 76.640419 244.811310 -1.732253 108.573929 244.524796 -1.655482 113.385826 244.385513 -1.618161 114.002083 244.030243 -1.522964 114.517128 243.512405 -1.384210 114.853508 242.909882 -1.222767 114.960632 244.369995 -3.477690 95.800522 244.483643 -3.543307 76.640419 244.142685 -3.346457 108.573929 243.885803 -3.198145 113.385826 243.760925 -3.126046 114.002083 243.442398 -2.942141 114.517128 242.978119 -2.674088 114.853508 242.437912 -2.362205 114.960632 243.264648 -4.918197 95.800522 243.357452 -5.010993 76.640419 243.079056 -4.732605 108.573929 242.869324 -4.522860 113.385826 242.767349 -4.420897 114.002083 242.507278 -4.160816 114.517128 242.128189 -3.781732 114.853508 241.687119 -3.340662 114.960632 241.889771 -6.137188 76.640419 241.824142 -6.023536 95.800522 241.692917 -5.796233 108.573929 241.544601 -5.539349 113.385826 241.472504 -5.414471 114.002083 241.288605 -5.095938 114.517128 241.020538 -4.631657 114.853508 240.708664 -4.091459 114.960632 240.180603 -6.845144 76.640419 240.146637 -6.718382 95.800522 240.078705 -6.464858 108.573929 240.001938 -6.178341 113.385826 239.964615 -6.039058 114.002083 239.869415 -5.683780 114.517128 239.730667 -5.165942 114.853508 239.569229 -4.563429 114.960632 238.346451 -7.086614 76.640419 238.346451 -6.955380 95.800522 238.346451 -6.692914 108.573929 238.346451 -6.396289 113.385826 238.346451 -6.252093 114.002083 238.346451 -5.884282 114.517128 238.346451 -5.348177 114.853508 238.346451 -4.724410 114.960632 236.512299 -6.845144 76.640419 236.546265 -6.718382 95.800522 236.614197 -6.464858 108.573929 236.690979 -6.178341 113.385826 236.728302 -6.039058 114.002083 236.823486 -5.683780 114.517128 236.962250 -5.165942 114.853508 237.123688 -4.563429 114.960632 234.803146 -6.137188 76.640419 234.868759 -6.023536 95.800522 235.000000 -5.796233 108.573929 235.148315 -5.539349 113.385826 235.220413 -5.414471 114.002083 235.404312 -5.095938 114.517128 235.672363 -4.631657 114.853508 235.984253 -4.091459 114.960632 233.335464 -5.010993 76.640419 233.428253 -4.918197 95.800522 233.613846 -4.732605 108.573929 233.823593 -4.522860 113.385826 233.925552 -4.420897 114.002083 234.185638 -4.160816 114.517128 234.564728 -3.781732 114.853508 235.005798 -3.340662 114.960632 231.501312 1.834151 38.320210 232.209274 3.543307 3.469929 232.209274 3.543307 38.320210 231.501312 1.834151 3.469929 233.335464 5.010993 3.469929 233.335464 5.010993 38.320210 234.803146 6.137188 3.469929 234.803146 6.137188 38.320210 236.512299 6.845144 3.469929 236.512299 6.845144 38.320210 238.346451 7.086614 3.469929 238.346451 7.086614 38.320210 240.180603 6.845144 3.469929 240.180603 6.845144 38.320210 241.889771 6.137188 3.469929 241.889771 6.137188 38.320210 243.357452 5.010993 3.469929 243.357452 5.010993 38.320210 244.483643 3.543307 38.320210 244.483643 3.543307 3.469929 245.191605 1.834151 38.320210 245.191605 1.834151 3.469929 245.433075 -0.000000 38.320210 245.433075 -0.000000 3.469929 245.191605 -1.834151 3.469929 245.191605 -1.834151 38.320210 244.483643 -3.543307 3.469929 244.483643 -3.543307 38.320210 233.783020 -1.222767 114.960632 233.622040 0.000000 114.960632 234.255005 -2.362205 114.960632 243.357452 -5.010993 3.469929 243.357452 -5.010993 38.320210 241.889771 -6.137188 3.469929 241.889771 -6.137188 38.320210 240.180603 -6.845144 3.469929 240.180603 -6.845144 38.320210 238.346451 -7.086614 3.469929 238.346451 -7.086614 38.320210 236.512299 -6.845144 3.469929 236.512299 -6.845144 38.320210 234.803146 -6.137188 3.469929 234.803146 -6.137188 38.320210 233.335464 -5.010993 3.469929 233.335464 -5.010993 38.320210 232.209274 -3.543307 76.640419 232.209274 -3.543307 38.320210 232.209274 -3.543307 3.469929 231.501312 -1.834151 76.640419 231.501312 -1.834151 38.320210 231.501312 -1.834151 3.469929 231.259842 0.000000 76.640419 231.259842 0.000000 3.469929 231.259842 0.000000 38.320210 231.391083 0.000000 95.800522 231.653549 0.000000 108.573929 231.950165 0.000000 113.385826 232.094360 0.000000 114.002083 232.462173 0.000000 114.517128 232.998276 0.000000 114.853508 232.322922 -3.477690 95.800522 232.550217 -3.346457 108.573929 232.807114 -3.198145 113.385826 232.931992 -3.126046 114.002083 233.250519 -2.942141 114.517128 233.714798 -2.674088 114.853508 231.628082 -1.800185 95.800522 231.881592 -1.732253 108.573929 232.168121 -1.655482 113.385826 232.307404 -1.618161 114.002083 232.662674 -1.522964 114.517128 233.180511 -1.384210 114.853508 232.120697 3.594446 2.642263 231.106598 1.939914 1.870045 231.402527 1.860622 2.642263 231.855377 3.747626 1.870045 232.366943 5.979520 0.364701 231.023071 4.228159 -0.000000 231.023071 4.228159 0.364701 232.366943 5.979520 -0.000000 231.329300 4.051357 0.729401 232.616974 5.729484 0.729401 232.700317 5.646139 1.205833 231.431381 3.992423 0.729401 231.431381 3.992423 1.205833 232.700317 5.646139 0.729401 233.046509 5.299944 1.870045 233.263138 5.083314 2.642263 234.118301 7.323387 -0.000000 234.118301 7.323387 0.364701 234.295105 7.017156 0.729401 234.354034 6.915079 0.729401 234.354034 6.915079 1.205833 234.598831 6.491079 1.870045 234.752014 6.225763 2.642263 236.157806 8.168177 -0.000000 236.157806 8.168177 0.364701 236.249313 7.826621 0.729401 236.279831 7.712769 0.729401 236.279831 7.712769 1.205833 236.406540 7.239858 1.870045 236.485840 6.943936 2.642263 238.346451 8.456319 -0.000000 238.346451 8.456319 0.364701 238.346451 8.102714 0.729401 238.346451 7.984846 0.729401 238.346451 7.984846 1.205833 238.346451 7.495253 1.870045 238.346451 7.188892 2.642263 240.535110 8.168177 -0.000000 240.535110 8.168177 0.364701 240.443588 7.826621 0.729401 240.413086 7.712769 0.729401 240.413086 7.712769 1.205833 240.286377 7.239858 1.870045 240.207077 6.943936 2.642263 242.574615 7.323387 -0.000000 242.574615 7.323387 0.364701 242.397812 7.017156 0.729401 242.338882 6.915079 0.729401 242.338882 6.915079 1.205833 242.094086 6.491079 1.870045 241.940903 6.225763 2.642263 244.325974 5.979520 -0.000000 244.325974 5.979520 0.364701 244.075943 5.729484 0.729401 243.992599 5.646139 0.729401 243.992599 5.646139 1.205833 243.646408 5.299944 1.870045 243.429764 5.083314 2.642263 245.669846 4.228159 0.364701 245.669846 4.228159 -0.000000 245.363617 4.051357 0.729401 245.261536 3.992423 1.205833 245.261536 3.992423 0.729401 244.837540 3.747626 1.870045 244.572220 3.594446 2.642263 246.514633 2.188656 0.364701 246.514633 2.188656 -0.000000 246.173080 2.097137 0.729401 246.059219 2.066630 1.205833 246.059219 2.066630 0.729401 245.586319 1.939914 1.870045 245.290390 1.860622 2.642263 246.802780 -0.000000 0.364701 246.802780 -0.000000 -0.000000 246.449173 -0.000000 0.729401 246.331299 -0.000000 1.205833 246.331299 -0.000000 0.729401 245.841705 -0.000000 1.870045 245.535355 -0.000000 2.642263 246.514633 -2.188656 0.364701 246.514633 -2.188656 -0.000000 246.173080 -2.097137 0.729401 246.059219 -2.066630 1.205833 246.059219 -2.066630 0.729401 245.586319 -1.939914 1.870045 245.290390 -1.860622 2.642263 245.669846 -4.228159 0.364701 245.669846 -4.228159 -0.000000 245.363617 -4.051357 0.729401 245.261536 -3.992423 1.205833 245.261536 -3.992423 0.729401 244.837540 -3.747626 1.870045 244.572220 -3.594446 2.642263 244.325974 -5.979520 0.364701 244.325974 -5.979520 -0.000000 244.075943 -5.729484 0.729401 243.992599 -5.646139 1.205833 243.992599 -5.646139 0.729401 243.646408 -5.299944 1.870045 243.429764 -5.083314 2.642263 242.574615 -7.323387 -0.000000 242.574615 -7.323387 0.364701 242.397812 -7.017156 0.729401 242.338882 -6.915079 0.729401 242.338882 -6.915079 1.205833 242.094086 -6.491079 1.870045 241.940903 -6.225763 2.642263 240.535110 -8.168177 -0.000000 240.535110 -8.168177 0.364701 240.443588 -7.826621 0.729401 240.413086 -7.712769 0.729401 240.413086 -7.712769 1.205833 240.286377 -7.239858 1.870045 240.207077 -6.943936 2.642263 238.346451 -8.456319 -0.000000 238.346451 -8.456319 0.364701 238.346451 -8.102714 0.729401 238.346451 -7.984846 0.729401 238.346451 -7.984846 1.205833 238.346451 -7.495253 1.870045 238.346451 -7.188892 2.642263 236.157806 -8.168177 -0.000000 236.157806 -8.168177 0.364701 236.249313 -7.826621 0.729401 236.279831 -7.712769 0.729401 236.279831 -7.712769 1.205833 236.406540 -7.239858 1.870045 236.485840 -6.943936 2.642263 234.118301 -7.323387 -0.000000 234.118301 -7.323387 0.364701 234.295105 -7.017156 0.729401 234.354034 -6.915079 0.729401 234.354034 -6.915079 1.205833 234.598831 -6.491079 1.870045 234.752014 -6.225763 2.642263 232.366943 -5.979520 -0.000000 232.366943 -5.979520 0.364701 232.616974 -5.729484 0.729401 232.700317 -5.646139 0.729401 232.700317 -5.646139 1.205833 233.046509 -5.299944 1.870045 233.263138 -5.083314 2.642263 231.023071 -4.228159 0.364701 231.023071 -4.228159 -0.000000 231.329300 -4.051357 0.729401 231.431381 -3.992423 1.205833 231.431381 -3.992423 0.729401 231.855377 -3.747626 1.870045 232.120697 -3.594446 2.642263 230.519836 -2.097137 0.729401 230.361618 0.000000 0.729401 230.243744 0.000000 0.729401 230.633682 -2.066630 0.729401 230.519836 2.097137 0.729401 230.633682 2.066630 0.729401 230.178284 2.188656 0.364701 229.890137 0.000000 -0.000000 229.890137 0.000000 0.364701 230.178284 2.188656 -0.000000 230.633682 2.066630 1.205833 230.361618 0.000000 1.205833 230.851212 0.000000 1.870045 231.157562 0.000000 2.642263 230.178284 -2.188656 0.364701 230.178284 -2.188656 -0.000000 230.633682 -2.066630 1.205833 231.106598 -1.939914 1.870045 231.402527 -1.860622 2.642263 228.033020 5.954464 -2.152840 226.843323 3.082258 -2.639107 226.843323 3.082258 -2.152840 228.033020 5.954464 -2.639107 229.160858 5.303305 -1.293600 227.626236 2.872476 -2.152840 228.101257 2.745193 -1.293600 228.734970 5.549197 -2.152840 229.732788 4.973104 -0.564470 228.739166 2.574268 -0.564470 229.509705 2.367800 -0.000000 230.423645 4.574239 -0.000000 229.925568 8.420884 -2.152840 229.925568 8.420884 -2.639107 230.846451 7.500005 -1.293600 230.498703 7.847749 -2.152840 231.313431 7.033031 -0.564470 231.877502 6.468951 -0.000000 232.391998 10.313435 -2.639107 232.391998 10.313435 -2.152840 232.797256 9.611491 -2.152840 233.043152 9.185593 -1.293600 233.373352 8.613667 -0.564470 233.772217 7.922815 -0.000000 235.264206 11.503141 -2.639107 235.264206 11.503141 -2.152840 235.473984 10.720225 -2.152840 235.601257 10.245198 -1.293600 235.772186 9.607298 -0.564470 235.978653 8.836752 -0.000000 238.346451 11.908928 -2.639107 238.346451 11.908928 -2.152840 238.346451 11.098393 -2.152840 238.346451 10.606609 -1.293600 238.346451 9.946207 -0.564470 238.346451 9.148479 -0.000000 241.428711 11.503141 -2.639107 241.428711 11.503141 -2.152840 241.218933 10.720225 -2.152840 241.091644 10.245198 -1.293600 240.920731 9.607298 -0.564470 240.714264 8.836752 -0.000000 244.300919 10.313435 -2.639107 244.300919 10.313435 -2.152840 243.895660 9.611491 -2.152840 243.649765 9.185593 -1.293600 243.319565 8.613667 -0.564470 242.920700 7.922815 -0.000000 246.767334 8.420884 -2.639107 246.767334 8.420884 -2.152840 246.194199 7.847749 -2.152840 245.846466 7.500005 -1.293600 245.379486 7.033031 -0.564470 244.815414 6.468951 -0.000000 248.659897 5.954464 -2.152840 248.659897 5.954464 -2.639107 247.957947 5.549197 -2.152840 247.532043 5.303305 -1.293600 246.960129 4.973104 -0.564470 246.269272 4.574239 -0.000000 249.849594 3.082258 -2.152840 249.849594 3.082258 -2.639107 249.066681 2.872476 -2.152840 248.591660 2.745193 -1.293600 247.953751 2.574268 -0.564470 247.183212 2.367800 -0.000000 250.255386 -0.000000 -2.152840 250.255386 -0.000000 -2.639107 248.953064 -0.000000 -1.293600 249.444855 -0.000000 -2.152840 248.292664 -0.000000 -0.564470 247.494934 -0.000000 -0.000000 249.849594 -3.082258 -2.639107 249.849594 -3.082258 -2.152840 248.591660 -2.745193 -1.293600 249.066681 -2.872476 -2.152840 247.953751 -2.574268 -0.564470 247.183212 -2.367800 -0.000000 248.659897 -5.954464 -2.152840 248.659897 -5.954464 -2.639107 247.532043 -5.303305 -1.293600 247.957947 -5.549197 -2.152840 246.960129 -4.973104 -0.564470 246.269272 -4.574239 -0.000000 246.767334 -8.420884 -2.152840 246.767334 -8.420884 -2.639107 245.846466 -7.500005 -1.293600 246.194199 -7.847749 -2.152840 245.379486 -7.033031 -0.564470 244.815414 -6.468951 -0.000000 244.300919 -10.313435 -2.639107 244.300919 -10.313435 -2.152840 243.895660 -9.611491 -2.152840 243.649765 -9.185593 -1.293600 243.319565 -8.613667 -0.564470 242.920700 -7.922815 -0.000000 241.428711 -11.503141 -2.639107 241.428711 -11.503141 -2.152840 241.218933 -10.720225 -2.152840 241.091644 -10.245198 -1.293600 240.920731 -9.607298 -0.564470 240.714264 -8.836752 -0.000000 238.346451 -11.908928 -2.639107 238.346451 -11.908928 -2.152840 238.346451 -11.098393 -2.152840 238.346451 -10.606609 -1.293600 238.346451 -9.946207 -0.564470 238.346451 -9.148479 -0.000000 235.264206 -11.503141 -2.639107 235.264206 -11.503141 -2.152840 235.473984 -10.720225 -2.152840 235.601257 -10.245198 -1.293600 235.772186 -9.607298 -0.564470 235.978653 -8.836752 -0.000000 232.391998 -10.313435 -2.639107 232.391998 -10.313435 -2.152840 232.797256 -9.611491 -2.152840 233.043152 -9.185593 -1.293600 233.373352 -8.613667 -0.564470 233.772217 -7.922815 -0.000000 229.925568 -8.420884 -2.639107 229.925568 -8.420884 -2.152840 230.498703 -7.847749 -2.152840 230.846451 -7.500005 -1.293600 231.313431 -7.033031 -0.564470 231.877502 -6.468951 -0.000000 229.509705 -2.367800 -0.000000 229.197983 0.000000 -0.000000 230.423645 -4.574239 -0.000000 226.843323 -3.082258 -2.152840 226.437531 0.000000 -2.152840 227.248062 0.000000 -2.152840 227.626236 -2.872476 -2.152840 228.033020 -5.954464 -2.152840 228.734970 -5.549197 -2.152840 226.437531 0.000000 -2.639107 227.739853 0.000000 -1.293600 228.400253 0.000000 -0.564470 228.033020 -5.954464 -2.639107 229.160858 -5.303305 -1.293600 229.732788 -4.973104 -0.564470 226.843323 -3.082258 -2.639107 228.101257 -2.745193 -1.293600 228.739166 -2.574268 -0.564470 247.007874 -1.574803 136.113358 247.007874 1.574803 136.113358 239.133865 1.574803 136.113358 239.133865 -1.574803 136.113358 237.559052 1.574803 136.113358 237.559052 -1.574803 136.113358 237.559052 1.968504 136.113358 237.559052 -1.968504 136.113358 236.377945 -1.968504 136.113358 236.377945 1.968504 136.113358 143.858261 1.968499 136.113358 143.858261 -1.968504 136.113358 248.188980 -1.574803 136.113358 248.188980 1.574803 136.113358 248.188980 1.968503 136.113358 247.007874 1.968504 136.113358 239.133865 1.968504 136.113358 247.007874 -1.968504 136.113358 248.188980 -1.968504 136.113358 239.133865 -1.968504 136.113358 247.598419 1.968504 128.633041 248.188980 1.968504 128.633041 248.188980 -1.968504 128.633041 247.598419 -1.968504 128.633041 247.598419 -1.968504 127.845634 247.598419 1.968504 127.845634 248.188980 1.968504 133.751144 248.188980 1.574803 133.751144 248.188980 1.574803 129.814133 248.188980 -1.574803 133.751144 248.188980 -1.968504 133.751144 248.188980 -1.574803 129.814133 252.716537 1.968504 127.845634 252.716537 -1.968504 127.845634 252.716537 -1.968504 128.633041 252.716537 1.968504 128.633041 258.323944 -1.968504 133.751144 260.000000 -0.000000 133.020065 258.323944 1.968504 133.751144 247.692871 -1.968504 134.346497 247.795273 -1.968504 133.751144 247.795273 1.968504 133.751144 247.692871 1.968504 134.346497 252.125992 1.968504 128.633041 252.125992 -1.968504 128.633041 247.007874 -1.968504 135.325958 247.007874 1.968504 135.325958 247.422714 -1.968504 134.886826 247.422714 1.968504 134.886826 240.314957 1.968504 129.814133 240.314957 1.574803 129.814133 240.314957 1.574803 133.751144 240.314957 1.968504 133.751144 258.245178 -0.000000 128.633041 256.276672 1.968504 128.633041 239.133865 -1.574803 133.751144 240.314957 -1.574803 133.751144 240.314957 -1.968504 133.751144 239.133865 -1.968504 133.751144 252.125992 1.574803 133.751144 252.125992 1.574803 129.814133 255.961731 -0.000000 127.845634 253.993225 1.968504 127.845634 239.133865 1.968504 133.751144 239.133865 1.574803 133.751144 252.125992 1.968504 133.751144 252.125992 -1.968504 133.751144 252.125992 -1.574803 133.751144 256.276672 -1.968504 128.633041 252.125992 -1.574803 129.814133 240.314957 1.968504 127.845634 240.314957 -1.968504 127.845634 240.314957 -1.968504 129.814133 253.993225 -1.968504 127.845634 143.858261 1.968499 133.751144 143.858261 -1.968505 133.751144 126.141731 1.968497 127.845634 126.141731 -1.968507 127.845634 126.141731 -1.968504 133.751144 126.141731 1.968499 133.751144 237.559052 1.968504 133.751144 236.377960 1.968504 133.751144 236.377960 1.968504 127.845634 236.377960 1.968504 129.814133 236.377960 -1.968504 127.845634 236.377960 -1.968504 129.814133 236.377960 -1.968504 133.751144 237.559052 -1.968504 133.751144 236.377960 1.574803 129.814133 240.314957 -1.574803 129.814133 236.377960 -1.574803 129.814133 237.559052 1.574803 133.751144 236.377960 1.574803 133.751144 237.559052 -1.574803 133.751144 236.377960 -1.574803 133.751144 248.188980 1.968504 129.420441 248.188980 3.543307 127.845634 248.188980 3.543307 129.420441 248.188980 1.968504 127.845634 252.125992 3.543307 127.845634 252.125992 3.543307 129.420441 252.125992 -3.543307 127.845634 252.125992 -1.968504 129.420441 252.125992 -3.543307 129.420441 252.125992 1.968504 129.420441 253.307083 1.968504 129.420441 253.307083 3.543307 129.420441 247.007874 1.968504 127.845634 247.007874 1.968504 129.420441 253.307083 -1.968504 127.845634 253.307083 1.968504 127.845634 247.007874 3.543307 129.420441 253.307083 -3.543307 127.058235 247.422714 -3.128464 126.619102 252.892242 -3.128464 126.619102 247.007874 -3.543307 127.058235 247.692871 -2.858305 126.078781 252.622086 -2.858305 126.078781 247.692871 2.858305 126.078781 247.422714 -2.755906 126.619102 247.422714 3.128464 126.619102 247.692871 -2.755906 126.078781 252.519684 2.755906 125.483429 247.795273 2.755906 125.483429 252.622086 2.858305 126.078781 252.892242 3.128464 126.619102 247.007874 -2.755906 127.058235 247.007874 3.543307 127.058235 252.519684 -2.755906 125.483429 253.307083 -3.543307 129.420441 253.307083 -1.968504 129.420441 253.307083 3.543307 127.058235 247.007874 -1.968504 129.420441 248.188980 -3.543307 129.420441 248.188980 -1.968504 129.420441 247.007874 -3.543307 129.420441 248.188980 -1.968504 127.845634 248.188980 -3.543307 127.845634 247.795273 -2.755906 125.483429 247.007874 -1.968504 127.845634 235.196854 -1.968504 119.577919 232.047241 1.968504 119.577919 232.047241 -1.968504 119.577919 235.196854 1.968504 119.577919 244.645676 -1.968504 119.577919 241.496063 1.968504 119.577919 241.496063 -1.968504 119.577919 244.645676 1.968504 119.577919 240.314957 -6.299212 119.577919 236.377960 6.299212 119.577919 236.377960 -6.299212 119.577919 240.314957 6.299212 119.577919 241.496063 -1.968504 121.152725 241.496063 1.968504 121.152725 236.377960 -1.968504 121.152725 236.377960 -6.299212 122.727524 236.377960 1.968504 121.152725 236.377960 1.968504 122.727524 236.377960 6.299212 122.727524 236.377960 -1.968504 122.727524 240.314957 6.299212 122.727524 240.314957 1.968504 121.152725 240.314957 1.968504 122.727524 240.314957 -1.968504 122.727524 240.314957 -6.299212 122.727524 240.314957 -1.968504 121.152725 235.196854 1.968504 121.152725 235.196854 -1.968504 121.152725 244.645676 -6.299212 118.003120 232.876938 -5.469526 117.124855 243.815979 -5.469526 117.124855 232.047241 -6.299212 118.003120 233.417252 -4.929207 116.044220 243.275665 -4.929207 116.044220 232.047241 6.299212 118.003120 232.876938 5.469526 117.124855 233.417252 4.929207 116.044220 233.622040 -4.724410 114.853508 233.622040 4.724410 114.853508 243.070862 4.724410 114.853508 243.275665 4.929207 116.044220 243.815979 5.469526 117.124855 244.645676 6.299212 118.003120 244.645676 -6.299212 122.727524 244.645676 -1.968504 122.727524 243.070862 -4.724410 114.853508 244.645676 1.968504 122.727524 232.047241 -1.968504 122.727524 232.047241 1.968504 122.727524 232.047241 6.299212 122.727524 244.645676 6.299212 122.727524 243.815979 4.724410 117.124855 243.275665 4.724410 116.044220 244.645676 4.724410 118.003120 232.047241 -6.299212 122.727524 235.196854 12.992126 129.420441 236.377960 7.480315 129.420441 236.377960 12.992126 129.420441 235.196854 7.480315 129.420441 241.081223 7.895158 126.619102 240.811066 12.307123 126.078781 241.081223 12.577283 126.619102 240.811066 8.165318 126.078781 235.196854 8.267716 127.058235 235.196854 12.992126 127.058235 235.196854 7.480315 127.058235 240.708664 12.204724 125.483429 240.708664 8.267716 125.483429 241.496063 7.480315 127.058235 241.496063 12.992126 127.058235 240.314957 12.992126 129.420441 241.496063 7.480315 129.420441 241.496063 12.992126 129.420441 240.314957 7.480315 129.420441 240.314957 7.480315 127.845634 236.377960 7.480315 127.845634 236.377960 12.992126 127.845634 240.314957 12.992126 127.845634 235.881851 12.307123 126.078781 235.984253 12.204724 125.483429 235.611694 8.267716 126.619102 235.611694 12.577283 126.619102 235.881851 8.267716 126.078781 235.881851 8.165318 126.078781 235.611694 7.895158 126.619102 235.984253 8.267716 125.483429 240.314957 1.968504 119.577919 236.377960 1.968504 119.577919 242.283463 -1.968504 119.577919 246.220474 1.968504 119.577919 246.220474 -1.968504 119.577919 242.283463 1.968504 119.577919 247.007874 1.574803 127.845634 241.496063 -1.574803 127.845634 247.007874 -1.574803 127.845634 241.496063 1.574803 127.845634 241.496063 -1.968504 127.845634 241.496063 1.968504 127.845634 235.196854 -1.968504 127.845634 235.196854 -1.574803 127.845634 235.196854 1.968504 127.845634 235.196854 1.574803 127.845634 229.685043 -1.574803 127.845634 229.685043 1.574803 127.845634 252.519684 -1.968504 125.483429 252.519684 1.968504 123.121223 252.519684 1.968504 125.483429 252.519684 -1.968504 123.121223 228.897644 -1.574803 125.483429 229.000031 1.574803 126.078781 228.897644 1.574803 125.483429 229.000031 -1.574803 126.078781 229.685043 -1.574803 127.058235 229.685043 1.574803 127.058235 224.803146 -1.968504 121.703903 224.173233 1.968504 123.121223 224.803146 1.968504 121.703903 224.173233 -1.968504 123.121223 240.708664 1.574803 125.483429 240.866898 1.968504 124.892883 240.708664 1.968504 125.483429 240.866898 1.574803 124.892883 224.173233 -1.968504 125.483429 228.897644 -1.968504 125.483429 228.897644 1.968504 125.483429 224.173233 1.968504 125.483429 229.270203 -1.574803 126.619102 229.270203 1.574803 126.619102 226.062988 -1.968504 120.640915 227.952759 1.968504 119.932251 227.952759 -1.968504 119.932251 226.062988 1.968504 120.640915 230.472443 1.968504 119.577919 230.472443 -1.968504 119.577919 234.409454 1.968504 119.577919 234.409454 -1.968504 119.577919 241.299210 1.968504 124.460564 241.299210 1.574803 124.460564 241.081223 1.574803 126.619102 240.811066 1.968504 126.078781 241.081223 1.968504 126.619102 240.811066 1.574803 126.078781 230.078735 1.968504 124.302330 229.488190 1.968504 124.460564 229.055878 1.968504 124.892883 235.393707 1.968504 124.460564 235.826019 1.968504 124.892883 235.984253 1.968504 125.483429 234.803146 1.968504 124.302330 235.881851 1.968504 126.078781 235.611694 1.968504 126.619102 235.196854 1.968504 127.058235 241.496063 1.574803 127.058235 241.496063 1.968504 127.058235 246.614166 -1.968504 124.302330 247.204727 -1.968504 124.460564 247.637039 -1.968504 124.892883 247.795273 -1.968504 125.483429 248.740158 -1.968504 119.932251 240.314957 -1.968504 119.577919 241.299210 -1.968504 124.460564 240.866898 -1.968504 124.892883 240.708664 -1.968504 125.483429 250.629929 -1.968504 120.640915 241.889771 -1.968504 124.302330 251.889771 -1.968504 121.703903 240.811066 -1.968504 126.078781 241.081223 -1.968504 126.619102 241.496063 -1.968504 127.058235 236.377960 -1.968504 119.577919 235.984253 -1.968504 125.483429 235.826019 -1.968504 124.892883 235.393707 -1.968504 124.460564 234.803146 -1.968504 124.302330 235.881851 -1.968504 126.078781 235.611694 -1.968504 126.619102 235.196854 -1.968504 127.058235 230.078735 -1.968504 124.302330 229.488190 -1.968504 124.460564 229.055878 -1.968504 124.892883 235.826019 -1.574803 124.892883 235.984253 -1.574803 125.483429 235.393707 -1.574803 124.460564 234.803146 -1.574803 124.302330 230.078735 -1.574803 124.302330 229.488190 -1.574803 124.460564 229.055878 -1.574803 124.892883 235.881851 -1.574803 126.078781 235.611694 -1.574803 126.619102 235.196854 -1.574803 127.058235 241.299210 -1.574803 124.460564 240.866898 -1.574803 124.892883 241.889771 -1.574803 124.302330 247.204727 -1.574803 124.460564 246.614166 -1.574803 124.302330 247.637039 -1.574803 124.892883 247.795273 -1.574803 125.483429 240.708664 -1.574803 125.483429 247.692871 -1.574803 126.078781 240.811066 -1.574803 126.078781 247.422714 -1.574803 126.619102 241.081223 -1.574803 126.619102 247.007874 -1.574803 127.058235 241.496063 -1.574803 127.058235 247.637039 1.574803 124.892883 247.795273 1.968504 125.483429 247.637039 1.968504 124.892883 247.795273 1.574803 125.483429 247.204727 1.574803 124.460564 247.204727 1.968504 124.460564 246.614166 1.968504 124.302330 246.614166 1.574803 124.302330 241.889771 1.574803 124.302330 247.692871 1.574803 126.078781 247.422714 1.574803 126.619102 247.007874 1.574803 127.058235 241.889771 1.968504 124.302330 251.889771 1.968504 121.703903 229.488190 1.574803 124.460564 229.055878 1.574803 124.892883 250.629929 1.968504 120.640915 248.740158 1.968504 119.932251 234.803146 1.574803 124.302330 230.078735 1.574803 124.302330 235.393707 1.574803 124.460564 235.826019 1.574803 124.892883 235.984253 1.574803 125.483429 235.881851 1.574803 126.078781 235.611694 1.574803 126.619102 235.196854 1.574803 127.058235 239.133865 7.480315 127.058235 237.559052 7.480315 127.058235 237.559052 7.480315 127.845634 239.133865 7.480315 127.845634 239.133865 1.574803 127.845634 239.133865 1.574803 125.483429 239.133865 8.267716 125.483429 239.133865 7.895158 126.619102 239.133865 8.165318 126.078781 237.559052 8.267716 125.483429 237.559052 1.574803 125.483429 237.559052 1.574803 127.845634 237.559052 7.895158 126.619102 237.559052 8.165318 126.078781 236.771652 2.126742 124.892883 236.377960 1.968504 125.483429 236.771652 1.968504 125.483429 236.377960 2.126742 124.892883 236.771652 7.086614 124.302330 236.377960 7.677166 124.460564 236.377960 7.086614 124.302330 236.771652 7.677166 124.460564 236.771652 2.559055 124.460564 236.377960 3.149606 124.302330 236.377960 2.559055 124.460564 236.771652 3.149606 124.302330 236.771652 8.267716 125.483429 236.377960 8.109479 124.892883 236.771652 8.109479 124.892883 236.377960 8.267716 125.483429 240.314957 -1.574803 125.483429 239.921265 -1.968504 125.483429 240.314957 -1.968504 125.483429 236.377960 -1.574803 125.483429 240.314957 -8.267716 125.483429 236.771652 -8.267716 125.483429 240.314957 -12.204724 125.483429 239.921265 -8.267716 125.483429 236.771652 -1.968504 125.483429 236.377960 -1.968504 125.483429 236.377960 -8.267716 125.483429 236.377960 -12.204724 125.483429 236.377960 12.204724 123.121223 240.314957 12.204724 125.483429 240.314957 12.204724 123.121223 236.377960 12.204724 125.483429 240.314957 7.086614 124.302330 240.314957 7.677166 124.460564 240.314957 8.109479 124.892883 240.314957 8.267716 125.483429 240.314957 8.897637 119.932251 240.314957 -6.692914 119.577919 240.314957 6.692914 119.577919 240.314957 -8.897637 119.932251 240.314957 10.551181 120.640915 240.314957 -10.551181 120.640915 240.314957 11.653543 121.703903 240.314957 1.574803 121.546425 240.314957 2.559055 124.460564 240.314957 2.126742 124.892883 240.314957 1.574803 125.483429 240.314957 3.149606 124.302330 240.314957 1.968504 125.483429 240.314957 -1.574803 121.546425 240.314957 -11.653543 121.703903 240.314957 -2.559055 124.460564 240.314957 -2.126742 124.892883 240.314957 -3.149606 124.302330 240.314957 -12.204724 123.121223 240.314957 -7.086614 124.302330 240.314957 -7.677166 124.460564 240.314957 -8.109479 124.892883 236.377960 -12.204724 123.121223 236.377960 6.692914 119.577919 236.377960 -6.692914 119.577919 239.921265 -8.109479 124.892883 239.921265 1.968504 125.483429 239.921265 2.126742 124.892883 236.377960 1.574803 121.546425 236.377960 -1.574803 121.546425 236.771652 -2.559055 124.460564 236.377960 -3.149606 124.302330 236.771652 -3.149606 124.302330 236.377960 -2.559055 124.460564 239.921265 -7.677166 124.460564 239.921265 -2.559055 124.460564 239.921265 -7.086614 124.302330 239.921265 -3.149606 124.302330 239.921265 -2.126742 124.892883 236.377960 11.653543 121.703903 236.377960 -7.677166 124.460564 236.771652 -8.109479 124.892883 236.771652 -7.677166 124.460564 236.377960 -8.109479 124.892883 236.377960 -7.086614 124.302330 236.771652 -7.086614 124.302330 236.377960 8.897637 119.932251 239.921265 2.559055 124.460564 236.377960 1.574803 125.483429 236.377960 10.551181 120.640915 236.377960 -2.126742 124.892883 236.771652 -2.126742 124.892883 239.921265 7.677166 124.460564 239.921265 7.086614 124.302330 239.921265 8.109479 124.892883 239.921265 3.149606 124.302330 239.921265 8.267716 125.483429 236.377960 -10.551181 120.640915 236.377960 -11.653543 121.703903 236.377960 -8.897637 119.932251 239.133865 -7.480315 127.058235 237.559052 -7.480315 127.845634 237.559052 -7.480315 127.058235 239.133865 -7.480315 127.845634 239.133865 -1.574803 125.483429 239.133865 -1.574803 127.845634 239.133865 -8.267716 125.483429 239.133865 -7.895158 126.619102 239.133865 -8.165318 126.078781 237.559052 -8.267716 125.483429 237.559052 -1.574803 127.845634 237.559052 -1.574803 125.483429 237.559052 -7.895158 126.619102 237.559052 -8.165318 126.078781 229.685043 -3.543307 129.420441 223.385834 -1.968504 129.420441 223.385834 -3.543307 129.420441 224.566925 -1.968504 129.420441 229.685043 -1.968504 129.420441 228.503937 -1.968504 128.633041 224.566925 -1.968504 128.633041 229.685043 -1.968504 127.845634 228.503937 -1.968504 127.845634 223.976379 -1.968504 127.845634 223.385834 1.968504 127.845634 223.385834 -1.968504 127.845634 223.976379 1.968504 127.845634 223.385834 3.543307 127.058235 229.270203 3.128464 126.619102 223.800674 3.128464 126.619102 229.685043 3.543307 127.058235 229.000031 2.858305 126.078781 224.070831 2.858305 126.078781 229.000031 -2.858305 126.078781 229.270203 2.755906 126.619102 229.270203 -3.128464 126.619102 229.000031 2.755906 126.078781 224.173233 -2.755906 125.483429 228.897644 -2.755906 125.483429 224.070831 -2.858305 126.078781 223.800674 -3.128464 126.619102 229.685043 2.755906 127.058235 229.685043 -3.543307 127.058235 224.173233 2.755906 125.483429 223.385834 3.543307 129.420441 223.385834 1.968504 129.420441 223.385834 -3.543307 127.058235 229.685043 1.968504 129.420441 228.503937 3.543307 129.420441 228.503937 1.968504 129.420441 229.685043 3.543307 129.420441 228.897644 2.755906 125.483429 229.685043 1.968504 127.845634 228.503937 1.968504 127.845634 223.976379 -1.968504 128.633041 223.976379 1.968504 128.633041 228.503937 1.968504 128.633041 236.377945 49.446182 151.719528 240.314957 -25.381889 150.286575 240.314957 49.446182 150.286575 236.377945 -25.381889 151.719528 236.377945 -25.381889 144.381073 240.314957 -25.381889 144.381073 236.377945 49.446182 144.381073 240.314957 49.446182 144.381073 235.196854 18.897638 137.688156 236.377945 13.385827 137.688156 236.377945 18.897638 137.688156 235.196854 13.385827 137.688156 241.081223 13.800670 134.886826 240.811066 18.212635 134.346497 241.081223 18.482794 134.886826 240.811066 14.070829 134.346497 235.196854 14.173228 135.325958 235.196854 18.897638 135.325958 235.196854 13.385827 135.325958 240.708664 18.110237 133.751144 240.708664 14.173228 133.751144 241.496063 13.385827 135.325958 241.496063 18.897638 135.325958 240.314957 18.897638 137.688156 241.496063 13.385827 137.688156 241.496063 18.897638 137.688156 240.314957 13.385827 137.688156 240.314957 13.385827 136.113358 236.377945 13.385827 136.113358 236.377945 18.897638 136.113358 240.314957 18.897638 136.113358 235.881851 18.212635 134.346497 235.984253 18.110237 133.751144 235.611694 14.173228 134.886826 235.611694 18.482794 134.886826 235.881851 14.173228 134.346497 235.881851 14.070829 134.346497 235.611694 13.800670 134.886826 235.984253 14.173228 133.751144 248.188980 49.446182 147.924377 252.125992 -25.381889 147.924377 252.125992 49.446182 147.924377 248.188980 -25.381889 147.924377 248.582672 -0.590551 142.018860 248.976379 0.639764 142.018860 248.976379 -0.590551 142.018860 248.582672 0.590551 142.018860 248.188980 1.968504 142.018860 248.582672 1.968504 142.018860 248.582672 -1.968504 142.018860 248.188980 -1.968504 142.018860 248.188980 1.968504 136.113358 248.582672 1.968504 136.113358 248.582672 0.590551 136.113358 248.976379 0.639764 136.113358 248.582672 -0.590551 136.113358 248.976379 -0.590551 136.113358 248.582672 -1.968504 136.113358 248.188980 -25.381889 136.113358 252.125992 -25.381889 136.113358 248.188980 49.446182 136.113358 252.125992 49.446182 136.113358 240.314957 49.446182 142.018860 239.133865 -25.381889 142.018860 240.314957 -25.381889 142.018860 239.133865 49.446182 142.018860 239.133865 -25.381889 144.381073 239.133865 49.446182 144.381073 237.559052 -25.381889 142.018860 237.559052 49.446182 144.381073 237.559052 49.446182 142.018860 237.559052 -25.381889 144.381073 236.377945 -25.381889 136.113358 240.314957 -25.381889 136.113358 236.377945 -25.381889 142.018860 240.314957 49.446182 136.113358 236.377945 49.446182 136.113358 236.377945 49.446182 142.018860 248.188980 -3.543307 136.113358 248.188980 -1.968504 136.900757 248.188980 -3.543307 137.688156 248.188980 3.543307 136.113358 248.188980 1.968504 136.900757 248.188980 1.968504 137.688156 248.188980 3.543307 137.688156 248.188980 -1.968504 137.688156 247.007874 -1.968504 137.688156 247.007874 -3.543307 137.688156 247.598419 -1.968504 136.113358 247.007874 -1.968504 136.113358 247.598419 1.968504 136.113358 247.007874 3.543307 135.325958 252.892242 3.128464 134.886826 247.422714 3.128464 134.886826 253.307083 3.543307 135.325958 252.622086 2.858304 134.346497 247.692871 2.858305 134.346497 252.622086 -2.858305 134.346497 252.892242 2.755905 134.886826 252.892242 -3.128464 134.886826 252.622086 2.755905 134.346497 247.795273 -2.755905 133.751144 252.519684 -2.755906 133.751144 247.692871 -2.858304 134.346497 247.422714 -3.128464 134.886826 253.307083 2.755905 135.325958 253.307083 -3.543307 135.325958 247.795273 2.755906 133.751144 247.007874 3.543307 137.688156 247.007874 1.968504 137.688156 247.007874 -3.543307 135.325958 253.307083 -3.543307 137.688156 252.125992 3.543307 137.688156 252.125992 -3.543307 137.688156 253.307083 3.543307 137.688156 252.125992 -3.543307 136.113358 252.125992 3.543307 136.113358 252.519684 2.755905 133.751144 247.598419 -1.968504 136.900757 247.598419 1.968504 136.900757 247.007874 14.960629 137.688156 248.188980 9.448819 137.688156 248.188980 14.960629 137.688156 247.007874 9.448819 137.688156 252.892242 9.863662 134.886826 252.622086 14.275627 134.346497 252.892242 14.545787 134.886826 252.622086 10.133821 134.346497 247.007874 10.236220 135.325958 247.007874 14.960629 135.325958 247.007874 9.448819 135.325958 252.519684 14.173228 133.751144 252.519684 10.236220 133.751144 253.307083 9.448819 135.325958 253.307083 14.960629 135.325958 252.125992 14.960629 137.688156 253.307083 9.448819 137.688156 253.307083 14.960629 137.688156 252.125992 9.448819 137.688156 252.125992 9.448819 136.113358 248.188980 9.448819 136.113358 248.188980 14.960629 136.113358 252.125992 14.960629 136.113358 247.692871 14.275627 134.346497 247.795273 14.173228 133.751144 247.422714 10.236220 134.886826 247.422714 14.545787 134.886826 247.692871 10.236220 134.346497 247.692871 10.133821 134.346497 247.422714 9.863662 134.886826 247.795273 10.236220 133.751144 247.007874 -9.448819 137.688156 248.188980 -14.960629 137.688156 248.188980 -9.448819 137.688156 247.007874 -14.960629 137.688156 252.892242 -14.545787 134.886826 252.622086 -10.133821 134.346497 252.892242 -9.863662 134.886826 252.622086 -14.275627 134.346497 247.007874 -14.173228 135.325958 247.007874 -9.448819 135.325958 247.007874 -14.960629 135.325958 252.519684 -10.236220 133.751144 252.519684 -14.173228 133.751144 253.307083 -14.960629 135.325958 253.307083 -9.448819 135.325958 252.125992 -9.448819 137.688156 253.307083 -14.960629 137.688156 253.307083 -9.448819 137.688156 252.125992 -14.960629 137.688156 252.125992 -14.960629 136.113358 248.188980 -14.960629 136.113358 248.188980 -9.448819 136.113358 252.125992 -9.448819 136.113358 247.692871 -10.133821 134.346497 247.795273 -10.236220 133.751144 247.422714 -14.173228 134.886826 247.422714 -9.863662 134.886826 247.692871 -14.173228 134.346497 247.692871 -14.275627 134.346497 247.422714 -14.545787 134.886826 247.795273 -14.173228 133.751144 235.196854 -13.385827 137.688156 236.377960 -18.897638 137.688156 236.377960 -13.385827 137.688156 235.196854 -18.897638 137.688156 241.081223 -18.482794 134.886826 240.811066 -14.070829 134.346497 241.081223 -13.800670 134.886826 240.811066 -18.212635 134.346497 235.196854 -18.110237 135.325958 235.196854 -13.385827 135.325958 235.196854 -18.897638 135.325958 240.708664 -14.173228 133.751144 240.708664 -18.110237 133.751144 241.496063 -18.897638 135.325958 241.496063 -13.385827 135.325958 240.314957 -13.385827 137.688156 241.496063 -18.897638 137.688156 241.496063 -13.385827 137.688156 240.314957 -18.897638 137.688156 240.314957 -18.897638 136.113358 236.377960 -18.897638 136.113358 236.377960 -13.385827 136.113358 240.314957 -13.385827 136.113358 235.881851 -14.070829 134.346497 235.984253 -14.173228 133.751144 235.611694 -18.110237 134.886826 235.611694 -13.800670 134.886826 235.881851 -18.110237 134.346497 235.881851 -18.212635 134.346497 235.611694 -18.482794 134.886826 235.984253 -18.110237 133.751144 235.196854 -7.480315 129.420441 236.377960 -12.992126 129.420441 236.377960 -7.480315 129.420441 235.196854 -12.992126 129.420441 241.081223 -12.577283 126.619102 240.811066 -8.165318 126.078781 241.081223 -7.895158 126.619102 240.811066 -12.307123 126.078781 235.196854 -12.204724 127.058235 235.196854 -7.480315 127.058235 235.196854 -12.992126 127.058235 240.708664 -8.267716 125.483429 240.708664 -12.204724 125.483429 241.496063 -12.992126 127.058235 241.496063 -7.480315 127.058235 240.314957 -7.480315 129.420441 241.496063 -12.992126 129.420441 241.496063 -7.480315 129.420441 240.314957 -12.992126 129.420441 240.314957 -12.992126 127.845634 236.377960 -12.992126 127.845634 236.377960 -7.480315 127.845634 240.314957 -7.480315 127.845634 235.881851 -8.165318 126.078781 235.984253 -8.267716 125.483429 235.611694 -12.204724 126.619102 235.611694 -7.895158 126.619102 235.881851 -12.204724 126.078781 235.881851 -12.307123 126.078781 235.611694 -12.577283 126.619102 235.984253 -12.204724 125.483429 239.133865 13.385827 135.325958 237.559052 13.385827 135.325958 237.559052 13.385827 136.113358 239.133865 13.385827 136.113358 239.133865 14.173228 133.751144 239.133865 13.800670 134.886826 239.133865 14.070829 134.346497 237.559052 14.173228 133.751144 237.559052 13.800670 134.886826 237.559052 14.070829 134.346497 239.133865 -13.385827 135.325958 237.559052 -13.385827 136.113358 237.559052 -13.385827 135.325958 239.133865 -13.385827 136.113358 239.133865 -14.173228 133.751144 239.133865 -13.800670 134.886826 239.133865 -14.070829 134.346497 237.559052 -14.173228 133.751144 237.559052 -1.574803 136.113358 237.559052 -1.574803 133.751144 237.559052 -13.800670 134.886826 237.559052 -14.070829 134.346497 239.921265 14.173228 133.751144 240.314957 14.014991 133.160599 240.314957 14.173228 133.751144 239.921265 14.014991 133.160599 239.921265 13.582677 132.728287 240.314957 13.582677 132.728287 240.314957 3.149606 132.570053 239.921265 12.992126 132.570053 239.921265 3.149606 132.570053 240.314957 12.992126 132.570053 239.921265 -1.968504 133.751144 236.377960 -1.574803 133.751144 240.314957 -14.173228 133.751144 236.771652 -14.173228 133.751144 240.314957 -18.110237 133.751144 239.921265 -14.173228 133.751144 236.771652 -1.968504 133.751144 236.377960 -14.173228 133.751144 236.377960 -18.110237 133.751144 240.314957 18.110237 133.751144 240.314957 18.110237 131.388947 240.314957 15.275591 128.199966 240.314957 -13.385827 127.845634 240.314957 13.385827 127.845634 240.314957 -15.275591 128.199966 240.314957 16.692913 128.908630 240.314957 -16.692913 128.908630 240.314957 17.637794 129.971619 240.314957 2.559055 132.728287 240.314957 2.126742 133.160599 240.314957 -17.637794 129.971619 240.314957 -3.149606 132.570053 240.314957 -2.559055 132.728287 240.314957 -2.126742 133.160599 240.314957 -18.110237 131.388947 240.314957 -12.992126 132.570053 240.314957 -13.582677 132.728287 240.314957 -14.014991 133.160599 236.377960 -13.385827 127.845634 236.377960 -15.275591 128.199966 236.377960 -1.574803 129.814133 236.377960 -12.992126 132.570053 236.377960 -18.110237 131.388947 236.377960 -13.582677 132.728287 236.377960 -14.014991 133.160599 236.377960 13.385827 127.845634 236.377945 15.275591 128.199966 236.377960 -16.692913 128.908630 236.377945 16.692913 128.908630 236.377960 -17.637794 129.971619 236.377960 -3.149606 132.570053 236.377960 -2.559055 132.728287 236.377960 -2.126742 133.160599 236.377945 17.637794 129.971619 236.377960 3.149606 132.570053 236.377960 2.559055 132.728287 236.377960 2.126742 133.160599 236.377945 18.110237 131.388947 236.377960 12.992126 132.570053 236.377945 18.110237 133.751144 236.377960 13.582677 132.728287 236.377945 14.014991 133.160599 236.377945 14.173228 133.751144 236.771652 1.968504 133.751144 239.921265 1.968504 133.751144 236.771652 14.173228 133.751144 239.921265 -3.149606 132.570053 239.921265 -2.559055 132.728287 239.921265 -2.126742 133.160599 236.771652 -13.582677 132.728287 236.771652 -3.149606 132.570053 236.771652 -12.992126 132.570053 236.771652 -2.559055 132.728287 236.771652 -14.014991 133.160599 236.771652 -2.126742 133.160599 239.921265 -12.992126 132.570053 236.771652 14.014991 133.160599 236.771652 13.582677 132.728287 236.771652 2.559055 132.728287 236.771652 12.992126 132.570053 236.771652 3.149606 132.570053 236.771652 2.126742 133.160599 239.921265 2.126742 133.160599 239.921265 2.559055 132.728287 239.921265 -13.582677 132.728287 239.921265 -14.014991 133.160599 252.125992 -14.173228 133.751144 248.188980 -10.236220 133.751144 248.188980 -14.173228 133.751144 252.125992 -10.236220 133.751144 250.157486 -9.645669 133.751144 252.125992 2.126742 133.160599 250.157486 2.559055 133.751144 250.157486 2.638174 133.455872 250.157486 3.224705 133.140472 248.188980 9.055119 132.570053 248.188980 3.149606 132.570053 250.157486 8.980020 133.140472 252.125992 10.236220 133.751144 250.157486 9.566550 133.455872 252.125992 10.077983 133.160599 250.157486 9.645669 133.751144 252.125992 -9.645669 132.728287 250.157486 -9.566550 133.455872 252.125992 -10.077983 133.160599 250.157486 -9.350393 133.239716 250.157486 2.854331 133.239716 248.188980 2.559055 132.728287 252.125992 9.055119 132.570053 252.125992 3.149606 132.570053 248.188980 -10.077983 133.160599 250.157486 -2.638174 133.455872 252.125992 -2.559055 132.728287 252.125992 -2.126742 133.160599 250.157486 -2.854331 133.239716 248.188980 -6.299212 127.845634 252.125992 -8.923884 128.081863 248.188980 -8.923884 128.081863 252.125992 -6.299212 127.845634 250.157486 -2.559055 133.751144 248.188980 -2.126742 133.160599 248.188980 14.173228 131.388947 252.125992 14.173228 133.751144 252.125992 14.173228 131.388947 248.188980 14.173228 133.751144 248.188980 2.126742 133.160599 252.125992 -9.055119 132.570053 250.157486 -8.980020 133.140472 252.125992 9.645669 132.728287 250.157486 9.350393 133.239716 248.188980 8.923884 128.081863 252.125992 6.299212 127.845634 248.188980 6.299212 127.845634 252.125992 8.923884 128.081863 248.188980 -3.149606 132.570053 250.157486 -3.224705 133.140472 248.188980 -2.559055 132.728287 252.125992 -3.149606 132.570053 252.125992 2.559055 132.728287 248.188980 10.236220 133.751144 252.125992 13.648293 130.207840 248.188980 13.648293 130.207840 248.188980 11.023623 128.554291 252.125992 11.023623 128.554291 248.188980 12.598425 129.262955 252.125992 12.598425 129.262955 248.188980 9.645669 132.728287 248.188980 10.077983 133.160599 248.188980 -9.055119 132.570053 248.188980 -9.645669 132.728287 248.188980 -14.173228 131.388947 248.188980 -11.023623 128.554291 248.188980 -12.598425 129.262955 248.188980 -13.648293 130.207840 252.125992 -14.173228 131.388947 252.125992 -13.648293 130.207840 252.125992 -12.598425 129.262955 252.125992 -11.023623 128.554291 -242.755905 -1.574803 136.220474 -234.881897 1.574803 136.220474 -242.755905 1.574803 136.220474 -234.881897 -1.574803 136.220474 -233.307083 1.574803 136.220474 -233.307083 -1.574803 136.220474 -233.307083 1.968504 136.220474 -233.307083 -1.968504 136.220474 -232.125977 -1.968504 136.220474 -232.125977 1.968504 136.220474 -139.606293 1.968499 136.220474 -139.606293 -1.968504 136.220474 -243.937012 -1.574803 136.220474 -243.937012 1.574803 136.220474 -242.755905 1.968504 136.220474 -243.937012 1.968503 136.220474 -234.881897 1.968504 136.220474 -242.755905 -1.968504 136.220474 -243.937012 -1.968504 136.220474 -234.881897 -1.968504 136.220474 -243.346451 1.968504 128.740158 -243.937012 -1.968504 128.740158 -243.937012 1.968504 128.740158 -243.346451 -1.968504 128.740158 -243.346451 -1.968504 127.952759 -243.346451 1.968504 127.952759 -243.937012 1.968504 133.858261 -243.937012 1.574803 129.921265 -243.937012 1.574803 133.858261 -243.937012 -1.574803 133.858261 -243.937012 -1.968504 133.858261 -243.937012 -1.574803 129.921265 -248.464569 1.968504 127.952759 -248.464569 -1.968504 128.740158 -248.464569 -1.968504 127.952759 -248.464569 1.968504 128.740158 -254.071960 -1.968504 133.858261 -254.071960 1.968504 133.858261 -255.748032 0.000000 133.127182 -243.440903 -1.968504 134.453613 -243.543304 1.968504 133.858261 -243.543304 -1.968504 133.858261 -243.440903 1.968504 134.453613 -247.874008 1.968504 128.740158 -247.874008 -1.968504 128.740158 -242.755905 -1.968504 135.433075 -242.755905 1.968504 135.433075 -243.170746 1.968504 134.993942 -243.170746 -1.968504 134.993942 -236.062988 1.968504 129.921265 -236.062988 1.574803 133.858261 -236.062988 1.574803 129.921265 -236.062988 1.968504 133.858261 -253.993225 0.000000 128.740158 -252.024719 1.968504 128.740158 -234.881897 -1.574803 133.858261 -236.062988 -1.968504 133.858261 -236.062988 -1.574803 133.858261 -234.881897 -1.968504 133.858261 -247.874008 1.574803 133.858261 -247.874008 1.574803 129.921265 -251.709763 0.000000 127.952759 -249.741257 1.968504 127.952759 -234.881897 1.968504 133.858261 -234.881897 1.574803 133.858261 -247.874008 1.968504 133.858261 -247.874008 -1.968504 133.858261 -247.874008 -1.574803 133.858261 -252.024719 -1.968504 128.740158 -247.874008 -1.574803 129.921265 -236.062988 1.968504 127.952759 -236.062988 -1.968504 127.952759 -236.062988 -1.968504 129.921265 -249.741257 -1.968504 127.952759 -139.606293 1.968499 133.858261 -139.606293 -1.968505 133.858261 -121.889763 1.968497 127.952751 -121.889763 -1.968504 133.858261 -121.889763 -1.968507 127.952759 -121.889763 1.968499 133.858261 -232.125992 1.968504 133.858261 -233.307083 1.968504 133.858261 -232.125992 1.968504 127.952759 -232.125992 1.968504 129.921265 -232.125992 -1.968504 127.952759 -232.125992 -1.968504 129.921265 -232.125992 -1.968504 133.858261 -233.307083 -1.968504 133.858261 -232.125992 1.574803 129.921265 -236.062988 -1.574803 129.921265 -232.125992 -1.574803 129.921265 -233.307083 1.574803 133.858261 -232.125992 1.574803 133.858261 -233.307083 -1.574803 133.858261 -232.125992 -1.574803 133.858261 -243.937012 1.968504 129.527557 -243.937012 3.543307 129.527557 -243.937012 3.543307 127.952759 -243.937012 1.968504 127.952759 -247.874008 3.543307 127.952759 -247.874008 3.543307 129.527557 -247.874008 -3.543307 127.952759 -247.874008 -1.968504 129.527557 -247.874008 -3.543307 129.527557 -247.874008 1.968504 129.527557 -249.055115 3.543307 129.527557 -249.055115 1.968504 129.527557 -242.755905 1.968504 127.952759 -242.755905 1.968504 129.527557 -249.055115 1.968504 127.952759 -249.055115 -1.968504 127.952759 -242.755905 3.543307 129.527557 -249.055115 -3.543307 127.165352 -248.640274 -3.128464 126.726227 -243.170746 -3.128464 126.726227 -242.755905 -3.543307 127.165352 -248.370117 -2.858305 126.185905 -243.440903 -2.858305 126.185905 -243.440903 2.858305 126.185905 -243.170746 3.128464 126.726227 -243.170746 -2.755906 126.726227 -243.440903 -2.755906 126.185905 -243.543304 2.755906 125.590553 -248.267715 2.755906 125.590553 -248.370117 2.858305 126.185905 -248.640274 3.128464 126.726227 -242.755905 3.543307 127.165352 -242.755905 -2.755906 127.165352 -248.267715 -2.755906 125.590553 -249.055115 -3.543307 129.527557 -249.055115 -1.968504 129.527557 -249.055115 3.543307 127.165352 -242.755905 -1.968504 129.527557 -243.937012 -1.968504 129.527557 -243.937012 -3.543307 129.527557 -242.755905 -3.543307 129.527557 -243.937012 -1.968504 127.952759 -243.937012 -3.543307 127.952759 -243.543304 -2.755906 125.590553 -242.755905 -1.968504 127.952759 -230.944885 -1.968504 119.685036 -227.795273 -1.968504 119.685036 -227.795273 1.968504 119.685036 -230.944885 1.968504 119.685036 -240.393707 -1.968504 119.685036 -237.244095 -1.968504 119.685036 -237.244095 1.968504 119.685036 -240.393707 1.968504 119.685036 -236.062988 -6.299212 119.685036 -232.125992 -6.299212 119.685036 -232.125992 6.299212 119.685036 -236.062988 6.299212 119.685036 -237.244095 -1.968504 121.259842 -237.244095 1.968504 121.259842 -232.125992 -6.299212 122.834648 -232.125992 -1.968504 121.259842 -232.125992 1.968504 121.259842 -232.125992 1.968504 122.834648 -232.125992 6.299212 122.834648 -232.125992 -1.968504 122.834648 -236.062988 6.299212 122.834648 -236.062988 1.968504 122.834648 -236.062988 1.968504 121.259842 -236.062988 -1.968504 122.834648 -236.062988 -6.299212 122.834648 -236.062988 -1.968504 121.259842 -230.944885 1.968504 121.259842 -230.944885 -1.968504 121.259842 -240.393707 -6.299212 118.110237 -239.564011 -5.469526 117.231972 -228.624969 -5.469526 117.231972 -227.795273 -6.299212 118.110237 -239.023697 -4.929207 116.151337 -229.165283 -4.929207 116.151337 -227.795273 6.299212 118.110237 -228.624969 5.469526 117.231972 -229.165283 4.929207 116.151337 -229.370071 -4.724410 114.960632 -229.370071 4.724410 114.960632 -238.818893 4.724410 114.960632 -239.023697 4.929207 116.151337 -239.564011 5.469526 117.231972 -240.393707 6.299212 118.110237 -240.393707 -6.299212 122.834648 -240.393707 -1.968504 122.834648 -238.818893 -4.724410 114.960632 -240.393707 1.968504 122.834648 -227.795273 -1.968504 122.834648 -227.795273 1.968504 122.834648 -227.795273 6.299212 122.834648 -240.393707 6.299212 122.834648 -239.564011 4.724410 117.231972 -239.023697 4.724410 116.151337 -240.393707 4.724410 118.110237 -227.795273 -6.299212 122.834648 -230.944885 12.992126 129.527557 -232.125992 12.992126 129.527557 -232.125992 7.480315 129.527557 -230.944885 7.480315 129.527557 -236.829254 7.895158 126.726227 -236.829254 12.577283 126.726227 -236.559097 12.307123 126.185905 -236.559097 8.165318 126.185905 -230.944885 8.267716 127.165352 -230.944885 12.992126 127.165352 -230.944885 7.480315 127.165352 -236.456696 12.204724 125.590553 -236.456696 8.267716 125.590553 -237.244095 7.480315 127.165352 -237.244095 12.992126 127.165352 -236.062988 12.992126 129.527557 -237.244095 12.992126 129.527557 -237.244095 7.480315 129.527557 -236.062988 7.480315 129.527557 -236.062988 7.480315 127.952759 -232.125992 7.480315 127.952759 -232.125992 12.992126 127.952759 -236.062988 12.992126 127.952759 -231.629883 12.307123 126.185905 -231.732285 12.204724 125.590553 -231.359726 12.577283 126.726227 -231.359726 8.267716 126.726227 -231.629883 8.267716 126.185905 -231.629883 8.165318 126.185905 -231.359726 7.895158 126.726227 -231.732285 8.267716 125.590553 -232.125992 1.968504 119.685036 -236.062988 1.968504 119.685036 -238.031494 -1.968504 119.685036 -241.968506 -1.968504 119.685036 -241.968506 1.968504 119.685036 -238.031494 1.968504 119.685036 -242.755905 1.574803 127.952759 -242.755905 -1.574803 127.952759 -237.244095 -1.574803 127.952759 -237.244095 1.574803 127.952759 -237.244095 -1.968504 127.952759 -237.244095 1.968504 127.952759 -230.944885 -1.968504 127.952759 -230.944885 -1.574803 127.952759 -230.944885 1.968504 127.952759 -230.944885 1.574803 127.952759 -225.433075 -1.574803 127.952759 -225.433075 1.574803 127.952759 -248.267715 -1.968504 125.590553 -248.267715 1.968504 125.590553 -248.267715 1.968504 123.228348 -248.267715 -1.968504 123.228348 -224.645676 -1.574803 125.590553 -224.645676 1.574803 125.590553 -224.748062 1.574803 126.185905 -224.748062 -1.574803 126.185905 -225.433075 -1.574803 127.165352 -225.433075 1.574803 127.165352 -220.551178 -1.968504 121.811020 -220.551178 1.968504 121.811020 -219.921265 1.968504 123.228348 -219.921265 -1.968504 123.228348 -236.456696 1.574803 125.590553 -236.456696 1.968504 125.590553 -236.614929 1.968504 125.000000 -236.614929 1.574803 125.000000 -224.645676 -1.968504 125.590553 -219.921265 -1.968504 125.590553 -224.645676 1.968504 125.590553 -219.921265 1.968504 125.590553 -225.018234 1.574803 126.726227 -225.018234 -1.574803 126.726227 -221.811020 -1.968504 120.748032 -223.700790 -1.968504 120.039368 -223.700790 1.968504 120.039368 -221.811020 1.968504 120.748032 -226.220474 -1.968504 119.685036 -226.220474 1.968504 119.685036 -230.157486 -1.968504 119.685036 -230.157486 1.968504 119.685036 -237.047241 1.968504 124.567688 -237.047241 1.574803 124.567688 -236.829254 1.574803 126.726227 -236.829254 1.968504 126.726227 -236.559097 1.968504 126.185905 -236.559097 1.574803 126.185905 -225.826767 1.968504 124.409447 -225.236221 1.968504 124.567688 -224.803909 1.968504 125.000000 -231.141739 1.968504 124.567688 -231.574051 1.968504 125.000000 -231.732285 1.968504 125.590553 -230.551178 1.968504 124.409447 -231.629883 1.968504 126.185905 -231.359726 1.968504 126.726227 -230.944885 1.968504 127.165352 -237.244095 1.968504 127.165352 -237.244095 1.574803 127.165352 -242.362198 -1.968504 124.409447 -242.952759 -1.968504 124.567688 -243.385071 -1.968504 125.000000 -243.543304 -1.968504 125.590553 -244.488190 -1.968504 120.039368 -236.062988 -1.968504 119.685036 -237.047241 -1.968504 124.567688 -236.614929 -1.968504 125.000000 -236.456696 -1.968504 125.590553 -246.377960 -1.968504 120.748032 -237.637802 -1.968504 124.409447 -247.637802 -1.968504 121.811020 -236.559097 -1.968504 126.185905 -236.829254 -1.968504 126.726227 -237.244095 -1.968504 127.165352 -232.125992 -1.968504 119.685036 -231.732285 -1.968504 125.590553 -231.574051 -1.968504 125.000000 -231.141739 -1.968504 124.567688 -230.551178 -1.968504 124.409447 -231.629883 -1.968504 126.185905 -231.359726 -1.968504 126.726227 -230.944885 -1.968504 127.165352 -225.826767 -1.968504 124.409447 -225.236221 -1.968504 124.567688 -224.803909 -1.968504 125.000000 -231.574051 -1.574803 125.000000 -231.732285 -1.574803 125.590553 -231.141739 -1.574803 124.567688 -230.551178 -1.574803 124.409447 -225.826767 -1.574803 124.409447 -225.236221 -1.574803 124.567688 -224.803909 -1.574803 125.000000 -231.629883 -1.574803 126.185905 -231.359726 -1.574803 126.726227 -230.944885 -1.574803 127.165352 -236.614929 -1.574803 125.000000 -237.047241 -1.574803 124.567688 -237.637802 -1.574803 124.409447 -242.952759 -1.574803 124.567688 -242.362198 -1.574803 124.409447 -243.385071 -1.574803 125.000000 -243.543304 -1.574803 125.590553 -236.456696 -1.574803 125.590553 -243.440903 -1.574803 126.185905 -236.559097 -1.574803 126.185905 -243.170746 -1.574803 126.726227 -236.829254 -1.574803 126.726227 -242.755905 -1.574803 127.165352 -237.244095 -1.574803 127.165352 -243.385071 1.574803 125.000000 -243.385071 1.968504 125.000000 -243.543304 1.968504 125.590553 -243.543304 1.574803 125.590553 -242.952759 1.574803 124.567688 -242.952759 1.968504 124.567688 -242.362198 1.968504 124.409447 -242.362198 1.574803 124.409447 -237.637802 1.574803 124.409447 -243.440903 1.574803 126.185905 -243.170746 1.574803 126.726227 -242.755905 1.574803 127.165352 -237.637802 1.968504 124.409447 -247.637802 1.968504 121.811020 -225.236221 1.574803 124.567688 -224.803909 1.574803 125.000000 -246.377960 1.968504 120.748032 -244.488190 1.968504 120.039368 -225.826767 1.574803 124.409447 -230.551178 1.574803 124.409447 -231.141739 1.574803 124.567688 -231.574051 1.574803 125.000000 -231.732285 1.574803 125.590553 -231.629883 1.574803 126.185905 -231.359726 1.574803 126.726227 -230.944885 1.574803 127.165352 -234.881897 7.480315 127.165352 -233.307083 7.480315 127.952759 -233.307083 7.480315 127.165352 -234.881897 7.480315 127.952759 -234.881897 1.574803 125.590553 -234.881897 1.574803 127.952759 -234.881897 8.267716 125.590553 -234.881897 7.895158 126.726227 -234.881897 8.165318 126.185905 -233.307083 8.267716 125.590553 -233.307083 1.574803 127.952759 -233.307083 1.574803 125.590553 -233.307083 7.895158 126.726227 -233.307083 8.165318 126.185905 -232.519684 2.126742 125.000000 -232.519684 1.968504 125.590553 -232.125992 1.968504 125.590553 -232.125992 2.126742 125.000000 -232.519684 7.086614 124.409447 -232.125992 7.086614 124.409447 -232.125992 7.677166 124.567688 -232.519684 7.677166 124.567688 -232.519684 2.559055 124.567688 -232.125992 2.559055 124.567688 -232.125992 3.149606 124.409447 -232.519684 3.149606 124.409447 -232.519684 8.267716 125.590553 -232.519684 8.109479 125.000000 -232.125992 8.109479 125.000000 -232.125992 8.267716 125.590553 -236.062988 -1.574803 125.590553 -236.062988 -1.968504 125.590553 -235.669296 -1.968504 125.590553 -232.125992 -1.574803 125.590553 -236.062988 -8.267716 125.590553 -236.062988 -12.204724 125.590553 -232.519684 -8.267716 125.590553 -235.669296 -8.267716 125.590553 -232.519684 -1.968504 125.590553 -232.125992 -1.968504 125.590553 -232.125992 -12.204724 125.590553 -232.125992 -8.267716 125.590553 -232.125992 12.204724 123.228348 -236.062988 12.204724 123.228348 -236.062988 12.204724 125.590553 -232.125992 12.204724 125.590553 -236.062988 7.086614 124.409447 -236.062988 7.677166 124.567688 -236.062988 8.109479 125.000000 -236.062988 8.267716 125.590553 -236.062988 8.897637 120.039368 -236.062988 6.692914 119.685036 -236.062988 -6.692914 119.685036 -236.062988 -8.897637 120.039368 -236.062988 10.551181 120.748032 -236.062988 -10.551181 120.748032 -236.062988 11.653543 121.811020 -236.062988 1.574803 121.653542 -236.062988 2.559055 124.567688 -236.062988 2.126742 125.000000 -236.062988 1.574803 125.590553 -236.062988 3.149606 124.409447 -236.062988 1.968504 125.590553 -236.062988 -11.653543 121.811020 -236.062988 -1.574803 121.653542 -236.062988 -2.559055 124.567688 -236.062988 -2.126742 125.000000 -236.062988 -3.149606 124.409447 -236.062988 -12.204724 123.228348 -236.062988 -7.086614 124.409447 -236.062988 -7.677166 124.567688 -236.062988 -8.109479 125.000000 -232.125992 -12.204724 123.228348 -232.125992 6.692914 119.685036 -232.125992 -6.692914 119.685036 -235.669296 -8.109479 125.000000 -235.669296 1.968504 125.590553 -235.669296 2.126742 125.000000 -232.125992 -1.574803 121.653542 -232.125992 1.574803 121.653542 -232.519684 -2.559055 124.567688 -232.519684 -3.149606 124.409447 -232.125992 -3.149606 124.409447 -232.125992 -2.559055 124.567688 -235.669296 -7.677166 124.567688 -235.669296 -2.559055 124.567688 -235.669296 -3.149606 124.409447 -235.669296 -7.086614 124.409447 -235.669296 -2.126742 125.000000 -232.125992 11.653543 121.811020 -232.125992 -7.677166 124.567688 -232.519684 -7.677166 124.567688 -232.519684 -8.109479 125.000000 -232.125992 -8.109479 125.000000 -232.519684 -7.086614 124.409447 -232.125992 -7.086614 124.409447 -232.125992 8.897637 120.039368 -235.669296 2.559055 124.567688 -232.125992 1.574803 125.590553 -232.125992 10.551181 120.748032 -232.125992 -2.126742 125.000000 -232.519684 -2.126742 125.000000 -235.669296 7.086614 124.409447 -235.669296 7.677166 124.567688 -235.669296 8.109479 125.000000 -235.669296 3.149606 124.409447 -235.669296 8.267716 125.590553 -232.125992 -10.551181 120.748032 -232.125992 -11.653543 121.811020 -232.125992 -8.897637 120.039368 -234.881897 -7.480315 127.165352 -233.307083 -7.480315 127.165352 -233.307083 -7.480315 127.952759 -234.881897 -7.480315 127.952759 -234.881897 -1.574803 127.952759 -234.881897 -1.574803 125.590553 -234.881897 -8.267716 125.590553 -234.881897 -7.895158 126.726227 -234.881897 -8.165318 126.185905 -233.307083 -8.267716 125.590553 -233.307083 -1.574803 125.590553 -233.307083 -1.574803 127.952759 -233.307083 -7.895158 126.726227 -233.307083 -8.165318 126.185905 -225.433075 -3.543307 129.527557 -219.133865 -3.543307 129.527557 -219.133865 -1.968504 129.527557 -220.314957 -1.968504 129.527557 -225.433075 -1.968504 129.527557 -220.314957 -1.968504 128.740158 -224.251968 -1.968504 128.740158 -224.251968 -1.968504 127.952759 -225.433075 -1.968504 127.952759 -219.724411 -1.968504 127.952759 -219.133865 -1.968504 127.952759 -219.133865 1.968504 127.952759 -219.724411 1.968504 127.952759 -219.133865 3.543307 127.165352 -219.548706 3.128464 126.726227 -225.018234 3.128464 126.726227 -225.433075 3.543307 127.165352 -219.818863 2.858305 126.185905 -224.748062 2.858305 126.185905 -224.748062 -2.858305 126.185905 -225.018234 -3.128464 126.726227 -225.018234 2.755906 126.726227 -224.748062 2.755906 126.185905 -224.645676 -2.755906 125.590553 -219.921265 -2.755906 125.590553 -219.818863 -2.858305 126.185905 -219.548706 -3.128464 126.726227 -225.433075 -3.543307 127.165352 -225.433075 2.755906 127.165352 -219.921265 2.755906 125.590553 -219.133865 3.543307 129.527557 -219.133865 1.968504 129.527557 -219.133865 -3.543307 127.165352 -225.433075 1.968504 129.527557 -224.251968 1.968504 129.527557 -224.251968 3.543307 129.527557 -225.433075 3.543307 129.527557 -224.645676 2.755906 125.590553 -224.251968 1.968504 127.952759 -225.433075 1.968504 127.952759 -219.724411 -1.968504 128.740158 -219.724411 1.968504 128.740158 -224.251968 1.968504 128.740158 -232.125977 49.446182 151.826660 -236.062988 49.446182 150.393707 -236.062988 -25.381889 150.393707 -232.125977 -25.381889 151.826660 -236.062988 -25.381889 144.488190 -232.125977 -25.381889 144.488190 -236.062988 49.446182 144.488190 -232.125977 49.446182 144.488190 -230.944885 18.897638 137.795273 -232.125977 18.897638 137.795273 -232.125977 13.385827 137.795273 -230.944885 13.385827 137.795273 -236.829254 13.800670 134.993942 -236.829254 18.482794 134.993942 -236.559097 18.212635 134.453613 -236.559097 14.070829 134.453613 -230.944885 14.173228 135.433075 -230.944885 18.897638 135.433075 -230.944885 13.385827 135.433075 -236.456696 18.110237 133.858261 -236.456696 14.173228 133.858261 -237.244095 13.385827 135.433075 -237.244095 18.897638 135.433075 -236.062988 18.897638 137.795273 -237.244095 18.897638 137.795273 -237.244095 13.385827 137.795273 -236.062988 13.385827 137.795273 -236.062988 13.385827 136.220474 -232.125977 13.385827 136.220474 -232.125977 18.897638 136.220474 -236.062988 18.897638 136.220474 -231.629883 18.212635 134.453613 -231.732285 18.110237 133.858261 -231.359726 18.482794 134.993942 -231.359726 14.173228 134.993942 -231.629883 14.173228 134.453613 -231.629883 14.070829 134.453613 -231.359726 13.800670 134.993942 -231.732285 14.173228 133.858261 -243.937012 49.446182 148.031494 -247.874008 49.446182 148.031494 -247.874008 -25.381889 148.031494 -243.937012 -25.381889 148.031494 -244.330704 -0.590551 142.125992 -244.724411 -0.590551 142.125992 -244.724411 0.639764 142.125992 -244.330704 0.590551 142.125992 -244.330704 1.968504 142.125992 -243.937012 1.968504 142.125992 -244.330704 -1.968504 142.125992 -243.937012 -1.968504 142.125992 -244.330704 1.968504 136.220474 -243.937012 1.968504 136.220474 -244.330704 0.590551 136.220474 -244.724411 0.639764 136.220474 -244.330704 -0.590551 136.220474 -244.724411 -0.590551 136.220474 -244.330704 -1.968504 136.220474 -247.874008 -25.381889 136.220474 -243.937012 -25.381889 136.220474 -243.937012 49.446182 136.220474 -247.874008 49.446182 136.220474 -236.062988 49.446182 142.125992 -236.062988 -25.381889 142.125992 -234.881897 -25.381889 142.125992 -234.881897 49.446182 142.125992 -234.881897 -25.381889 144.488190 -234.881897 49.446182 144.488190 -233.307083 -25.381889 142.125992 -233.307083 49.446182 142.125992 -233.307083 49.446182 144.488190 -233.307083 -25.381889 144.488190 -236.062988 -25.381889 136.220474 -232.125977 -25.381889 136.220474 -232.125977 -25.381889 142.125992 -236.062988 49.446182 136.220474 -232.125977 49.446182 136.220474 -232.125977 49.446182 142.125992 -243.937012 -3.543307 136.220474 -243.937012 -3.543307 137.795273 -243.937012 -1.968504 137.007874 -243.937012 3.543307 136.220474 -243.937012 1.968504 137.007874 -243.937012 1.968504 137.795273 -243.937012 3.543307 137.795273 -243.937012 -1.968504 137.795273 -242.755905 -3.543307 137.795273 -242.755905 -1.968504 137.795273 -243.346451 -1.968504 136.220474 -242.755905 -1.968504 136.220474 -243.346451 1.968504 136.220474 -242.755905 3.543307 135.433075 -243.170746 3.128464 134.993942 -248.640274 3.128464 134.993942 -249.055115 3.543307 135.433075 -243.440903 2.858305 134.453613 -248.370117 2.858304 134.453613 -248.370117 -2.858305 134.453613 -248.640274 -3.128464 134.993942 -248.640274 2.755905 134.993942 -248.370117 2.755905 134.453613 -248.267715 -2.755906 133.858261 -243.543304 -2.755905 133.858261 -243.440903 -2.858304 134.453613 -243.170746 -3.128464 134.993942 -249.055115 -3.543307 135.433075 -249.055115 2.755905 135.433075 -243.543304 2.755906 133.858261 -242.755905 3.543307 137.795273 -242.755905 1.968504 137.795273 -242.755905 -3.543307 135.433075 -249.055115 -3.543307 137.795273 -247.874008 -3.543307 137.795273 -247.874008 3.543307 137.795273 -249.055115 3.543307 137.795273 -247.874008 -3.543307 136.220474 -247.874008 3.543307 136.220474 -248.267715 2.755905 133.858261 -243.346451 -1.968504 137.007874 -243.346451 1.968504 137.007874 -242.755905 14.960629 137.795273 -243.937012 14.960629 137.795273 -243.937012 9.448819 137.795273 -242.755905 9.448819 137.795273 -248.640274 9.863662 134.993942 -248.640274 14.545787 134.993942 -248.370117 14.275627 134.453613 -248.370117 10.133821 134.453613 -242.755905 10.236220 135.433075 -242.755905 14.960629 135.433075 -242.755905 9.448819 135.433075 -248.267715 14.173228 133.858261 -248.267715 10.236220 133.858261 -249.055115 9.448819 135.433075 -249.055115 14.960629 135.433075 -247.874008 14.960629 137.795273 -249.055115 14.960629 137.795273 -249.055115 9.448819 137.795273 -247.874008 9.448819 137.795273 -247.874008 9.448819 136.220474 -243.937012 9.448819 136.220474 -243.937012 14.960629 136.220474 -247.874008 14.960629 136.220474 -243.440903 14.275627 134.453613 -243.543304 14.173228 133.858261 -243.170746 14.545787 134.993942 -243.170746 10.236220 134.993942 -243.440903 10.236220 134.453613 -243.440903 10.133821 134.453613 -243.170746 9.863662 134.993942 -243.543304 10.236220 133.858261 -242.755905 -9.448819 137.795273 -243.937012 -9.448819 137.795273 -243.937012 -14.960629 137.795273 -242.755905 -14.960629 137.795273 -248.640274 -14.545787 134.993942 -248.640274 -9.863662 134.993942 -248.370117 -10.133821 134.453613 -248.370117 -14.275627 134.453613 -242.755905 -14.173228 135.433075 -242.755905 -9.448819 135.433075 -242.755905 -14.960629 135.433075 -248.267715 -10.236220 133.858261 -248.267715 -14.173228 133.858261 -249.055115 -14.960629 135.433075 -249.055115 -9.448819 135.433075 -247.874008 -9.448819 137.795273 -249.055115 -9.448819 137.795273 -249.055115 -14.960629 137.795273 -247.874008 -14.960629 137.795273 -247.874008 -14.960629 136.220474 -243.937012 -14.960629 136.220474 -243.937012 -9.448819 136.220474 -247.874008 -9.448819 136.220474 -243.440903 -10.133821 134.453613 -243.543304 -10.236220 133.858261 -243.170746 -9.863662 134.993942 -243.170746 -14.173228 134.993942 -243.440903 -14.173228 134.453613 -243.440903 -14.275627 134.453613 -243.170746 -14.545787 134.993942 -243.543304 -14.173228 133.858261 -230.944885 -13.385827 137.795273 -232.125992 -13.385827 137.795273 -232.125992 -18.897638 137.795273 -230.944885 -18.897638 137.795273 -236.829254 -18.482794 134.993942 -236.829254 -13.800670 134.993942 -236.559097 -14.070829 134.453613 -236.559097 -18.212635 134.453613 -230.944885 -18.110237 135.433075 -230.944885 -13.385827 135.433075 -230.944885 -18.897638 135.433075 -236.456696 -14.173228 133.858261 -236.456696 -18.110237 133.858261 -237.244095 -18.897638 135.433075 -237.244095 -13.385827 135.433075 -236.062988 -13.385827 137.795273 -237.244095 -13.385827 137.795273 -237.244095 -18.897638 137.795273 -236.062988 -18.897638 137.795273 -236.062988 -18.897638 136.220474 -232.125992 -18.897638 136.220474 -232.125992 -13.385827 136.220474 -236.062988 -13.385827 136.220474 -231.629883 -14.070829 134.453613 -231.732285 -14.173228 133.858261 -231.359726 -13.800670 134.993942 -231.359726 -18.110237 134.993942 -231.629883 -18.110237 134.453613 -231.629883 -18.212635 134.453613 -231.359726 -18.482794 134.993942 -231.732285 -18.110237 133.858261 -230.944885 -7.480315 129.527557 -232.125992 -7.480315 129.527557 -232.125992 -12.992126 129.527557 -230.944885 -12.992126 129.527557 -236.829254 -12.577283 126.726227 -236.829254 -7.895158 126.726227 -236.559097 -8.165318 126.185905 -236.559097 -12.307123 126.185905 -230.944885 -12.204724 127.165352 -230.944885 -7.480315 127.165352 -230.944885 -12.992126 127.165352 -236.456696 -8.267716 125.590553 -236.456696 -12.204724 125.590553 -237.244095 -12.992126 127.165352 -237.244095 -7.480315 127.165352 -236.062988 -7.480315 129.527557 -237.244095 -7.480315 129.527557 -237.244095 -12.992126 129.527557 -236.062988 -12.992126 129.527557 -236.062988 -12.992126 127.952759 -232.125992 -12.992126 127.952759 -232.125992 -7.480315 127.952759 -236.062988 -7.480315 127.952759 -231.629883 -8.165318 126.185905 -231.732285 -8.267716 125.590553 -231.359726 -7.895158 126.726227 -231.359726 -12.204724 126.726227 -231.629883 -12.204724 126.185905 -231.629883 -12.307123 126.185905 -231.359726 -12.577283 126.726227 -231.732285 -12.204724 125.590553 -234.881897 13.385827 135.433075 -233.307083 13.385827 136.220474 -233.307083 13.385827 135.433075 -234.881897 13.385827 136.220474 -234.881897 14.173228 133.858261 -234.881897 13.800670 134.993942 -234.881897 14.070829 134.453613 -233.307083 14.173228 133.858261 -233.307083 13.800670 134.993942 -233.307083 14.070829 134.453613 -234.881897 -13.385827 135.433075 -233.307083 -13.385827 135.433075 -233.307083 -13.385827 136.220474 -234.881897 -13.385827 136.220474 -234.881897 -14.173228 133.858261 -234.881897 -13.800670 134.993942 -234.881897 -14.070829 134.453613 -233.307083 -14.173228 133.858261 -233.307083 -13.800670 134.993942 -233.307083 -14.070829 134.453613 -235.669296 14.173228 133.858261 -236.062988 14.173228 133.858261 -236.062988 14.014991 133.267715 -235.669296 14.014991 133.267715 -236.062988 13.582677 132.835403 -235.669296 13.582677 132.835403 -236.062988 3.149606 132.677170 -235.669296 3.149606 132.677170 -235.669296 12.992126 132.677170 -236.062988 12.992126 132.677170 -235.669296 -1.968504 133.858261 -232.125992 -1.574803 133.858261 -236.062988 -14.173228 133.858261 -236.062988 -18.110237 133.858261 -232.519684 -14.173228 133.858261 -235.669296 -14.173228 133.858261 -232.519684 -1.968504 133.858261 -232.125992 -18.110237 133.858261 -232.125992 -14.173228 133.858261 -236.062988 18.110237 133.858261 -236.062988 18.110237 131.496063 -236.062988 15.275591 128.307083 -236.062988 13.385827 127.952759 -236.062988 -13.385827 127.952759 -236.062988 -15.275591 128.307083 -236.062988 16.692913 129.015747 -236.062988 -16.692913 129.015747 -236.062988 17.637794 130.078735 -236.062988 2.559055 132.835403 -236.062988 2.126742 133.267715 -236.062988 -17.637794 130.078735 -236.062988 -3.149606 132.677170 -236.062988 -2.559055 132.835403 -236.062988 -2.126742 133.267715 -236.062988 -18.110237 131.496063 -236.062988 -12.992126 132.677170 -236.062988 -13.582677 132.835403 -236.062988 -14.014991 133.267715 -232.125992 -13.385827 127.952759 -232.125992 -15.275591 128.307083 -232.125992 -1.574803 129.921265 -232.125992 -18.110237 131.496063 -232.125992 -12.992126 132.677170 -232.125992 -13.582677 132.835403 -232.125992 -14.014991 133.267715 -232.125977 13.385827 127.952759 -232.125977 15.275591 128.307083 -232.125992 -16.692913 129.015747 -232.125977 16.692913 129.015747 -232.125992 -17.637794 130.078735 -232.125992 -3.149606 132.677170 -232.125992 -2.559055 132.835403 -232.125992 -2.126742 133.267715 -232.125977 17.637794 130.078735 -232.125992 3.149606 132.677170 -232.125992 2.559055 132.835403 -232.125992 2.126742 133.267715 -232.125977 18.110237 131.496063 -232.125977 18.110237 133.858261 -232.125977 12.992126 132.677170 -232.125977 13.582677 132.835403 -232.125977 14.014991 133.267715 -232.125977 14.173228 133.858261 -232.519684 1.968504 133.858261 -235.669296 1.968504 133.858261 -232.519684 14.173228 133.858261 -235.669296 -3.149606 132.677170 -235.669296 -2.559055 132.835403 -235.669296 -2.126742 133.267715 -232.519684 -13.582677 132.835403 -232.519684 -12.992126 132.677170 -232.519684 -3.149606 132.677170 -232.519684 -2.559055 132.835403 -232.519684 -14.014991 133.267715 -232.519684 -2.126742 133.267715 -235.669296 -12.992126 132.677170 -232.519684 14.014991 133.267715 -232.519684 13.582677 132.835403 -232.519684 2.559055 132.835403 -232.519684 3.149606 132.677170 -232.519684 12.992126 132.677170 -232.519684 2.126742 133.267715 -235.669296 2.126742 133.267715 -235.669296 2.559055 132.835403 -235.669296 -13.582677 132.835403 -235.669296 -14.014991 133.267715 -247.874008 -14.173228 133.858261 -243.937012 -14.173228 133.858261 -243.937012 -10.236220 133.858261 -247.874008 -10.236220 133.858261 -245.905518 -9.645669 133.858261 -247.874008 2.126742 133.267715 -245.905518 2.559055 133.858261 -245.905518 2.638174 133.562988 -245.905518 3.224705 133.247589 -243.937012 3.149606 132.677170 -243.937012 9.055119 132.677170 -245.905518 8.980020 133.247589 -247.874008 10.236220 133.858261 -247.874008 10.077983 133.267715 -245.905518 9.566550 133.562988 -245.905518 9.645669 133.858261 -247.874008 -9.645669 132.835403 -247.874008 -10.077983 133.267715 -245.905518 -9.566550 133.562988 -245.905518 -9.350393 133.346832 -245.905518 2.854331 133.346832 -243.937012 2.559055 132.835403 -247.874008 9.055119 132.677170 -247.874008 3.149606 132.677170 -243.937012 -10.077983 133.267715 -245.905518 -2.638174 133.562988 -247.874008 -2.126742 133.267715 -247.874008 -2.559055 132.835403 -245.905518 -2.854331 133.346832 -243.937012 -6.299212 127.952759 -243.937012 -8.923884 128.188980 -247.874008 -8.923884 128.188980 -247.874008 -6.299212 127.952759 -245.905518 -2.559055 133.858261 -243.937012 -2.126742 133.267715 -243.937012 14.173228 131.496063 -247.874008 14.173228 131.496063 -247.874008 14.173228 133.858261 -243.937012 14.173228 133.858261 -243.937012 2.126742 133.267715 -247.874008 -9.055119 132.677170 -245.905518 -8.980020 133.247589 -247.874008 9.645669 132.835403 -245.905518 9.350393 133.346832 -243.937012 8.923884 128.188980 -243.937012 6.299212 127.952759 -247.874008 6.299212 127.952759 -247.874008 8.923884 128.188980 -245.905518 -3.224705 133.247589 -243.937012 -3.149606 132.677170 -243.937012 -2.559055 132.835403 -247.874008 -3.149606 132.677170 -247.874008 2.559055 132.835403 -243.937012 10.236220 133.858261 -247.874008 13.648293 130.314957 -243.937012 13.648293 130.314957 -243.937012 11.023623 128.661423 -247.874008 11.023623 128.661423 -243.937012 12.598425 129.370071 -247.874008 12.598425 129.370071 -243.937012 9.645669 132.835403 -243.937012 10.077983 133.267715 -243.937012 -9.645669 132.835403 -243.937012 -9.055119 132.677170 -243.937012 -14.173228 131.496063 -243.937012 -11.023623 128.661423 -243.937012 -12.598425 129.370071 -243.937012 -13.648293 130.314957 -247.874008 -14.173228 131.496063 -247.874008 -13.648293 130.314957 -247.874008 -12.598425 129.370071 -247.874008 -11.023623 128.661423 -240.118027 3.477690 95.800522 -240.939636 1.834151 76.640419 -240.812866 1.800185 95.800522 -240.231674 3.543307 76.640419 -239.890717 3.346457 108.573929 -240.559341 1.732253 108.573929 -239.633835 3.198145 113.385826 -240.272827 1.655482 113.385826 -239.508957 3.126046 114.002083 -240.133545 1.618161 114.002083 -239.190430 2.942141 114.517128 -239.778275 1.522964 114.517128 -239.260437 1.384210 114.853508 -238.726151 2.674088 114.853508 -238.657913 1.222767 114.960632 -238.185944 2.362205 114.960632 -239.012680 4.918197 95.800522 -239.105484 5.010993 76.640419 -238.827087 4.732605 108.573929 -238.617355 4.522860 113.385826 -238.515381 4.420897 114.002083 -238.255310 4.160816 114.517128 -237.876221 3.781732 114.853508 -237.435150 3.340662 114.960632 -237.637802 6.137188 76.640419 -237.572174 6.023536 95.800522 -237.440948 5.796233 108.573929 -237.292633 5.539349 113.385826 -237.220535 5.414471 114.002083 -237.036636 5.095938 114.517128 -236.768570 4.631657 114.853508 -236.456696 4.091459 114.960632 -235.928635 6.845144 76.640419 -235.894669 6.718382 95.800522 -235.826736 6.464858 108.573929 -235.749969 6.178341 113.385826 -235.712646 6.039058 114.002083 -235.617447 5.683780 114.517128 -235.478699 5.165942 114.853508 -235.317261 4.563429 114.960632 -234.094482 7.086614 76.640419 -234.094482 6.955380 95.800522 -234.094482 6.692914 108.573929 -234.094482 6.396289 113.385826 -234.094482 6.252093 114.002083 -234.094482 5.884282 114.517128 -234.094482 5.348177 114.853508 -234.094482 4.724410 114.960632 -232.260330 6.845144 76.640419 -232.294296 6.718382 95.800522 -232.362228 6.464858 108.573929 -232.439011 6.178341 113.385826 -232.476334 6.039058 114.002083 -232.571518 5.683780 114.517128 -232.710281 5.165942 114.853508 -232.871719 4.563429 114.960632 -230.551178 6.137188 76.640419 -230.616791 6.023536 95.800522 -230.748032 5.796233 108.573929 -230.896347 5.539349 113.385826 -230.968445 5.414471 114.002083 -231.152344 5.095938 114.517128 -231.420395 4.631657 114.853508 -231.732285 4.091459 114.960632 -229.083496 5.010993 76.640419 -229.176285 4.918197 95.800522 -229.361877 4.732605 108.573929 -229.571625 4.522860 113.385826 -229.673584 4.420897 114.002083 -229.933670 4.160816 114.517128 -230.312759 3.781732 114.853508 -230.753830 3.340662 114.960632 -227.957306 3.543307 76.640419 -228.070953 3.477690 95.800522 -228.298248 3.346457 108.573929 -228.555145 3.198145 113.385826 -228.680023 3.126046 114.002083 -228.998550 2.942141 114.517128 -229.462830 2.674088 114.853508 -230.003036 2.362205 114.960632 -227.249344 1.834151 76.640419 -227.376114 1.800185 95.800522 -227.629623 1.732253 108.573929 -227.916153 1.655482 113.385826 -228.055435 1.618161 114.002083 -228.410706 1.522964 114.517128 -228.928543 1.384210 114.853508 -229.531052 1.222767 114.960632 -227.139114 -0.000000 95.800522 -227.007874 -0.000000 76.640419 -227.401581 -0.000000 108.573929 -227.698196 -0.000000 113.385826 -227.842392 -0.000000 114.002083 -228.210205 -0.000000 114.517128 -228.746307 -0.000000 114.853508 -229.370071 -0.000000 114.960632 -227.376114 -1.800185 95.800522 -227.249344 -1.834151 76.640419 -227.629623 -1.732253 108.573929 -227.916153 -1.655482 113.385826 -228.055435 -1.618161 114.002083 -228.410706 -1.522964 114.517128 -228.928543 -1.384210 114.853508 -229.531052 -1.222767 114.960632 -228.070953 -3.477690 95.800522 -227.957306 -3.543307 76.640419 -228.298248 -3.346457 108.573929 -228.555145 -3.198145 113.385826 -228.680023 -3.126046 114.002083 -228.998550 -2.942141 114.517128 -229.462830 -2.674088 114.853508 -230.003036 -2.362205 114.960632 -229.176285 -4.918197 95.800522 -229.083496 -5.010993 76.640419 -229.361877 -4.732605 108.573929 -229.571625 -4.522860 113.385826 -229.673584 -4.420897 114.002083 -229.933670 -4.160816 114.517128 -230.312759 -3.781732 114.853508 -230.753830 -3.340662 114.960632 -230.551178 -6.137188 76.640419 -230.616791 -6.023536 95.800522 -230.748032 -5.796233 108.573929 -230.896347 -5.539349 113.385826 -230.968445 -5.414471 114.002083 -231.152344 -5.095938 114.517128 -231.420395 -4.631657 114.853508 -231.732285 -4.091459 114.960632 -232.260330 -6.845144 76.640419 -232.294296 -6.718382 95.800522 -232.362228 -6.464858 108.573929 -232.439011 -6.178341 113.385826 -232.476334 -6.039058 114.002083 -232.571518 -5.683780 114.517128 -232.710281 -5.165942 114.853508 -232.871719 -4.563429 114.960632 -234.094482 -7.086614 76.640419 -234.094482 -6.955380 95.800522 -234.094482 -6.692914 108.573929 -234.094482 -6.396289 113.385826 -234.094482 -6.252093 114.002083 -234.094482 -5.884282 114.517128 -234.094482 -5.348177 114.853508 -234.094482 -4.724410 114.960632 -235.928635 -6.845144 76.640419 -235.894669 -6.718382 95.800522 -235.826736 -6.464858 108.573929 -235.749969 -6.178341 113.385826 -235.712646 -6.039058 114.002083 -235.617447 -5.683780 114.517128 -235.478699 -5.165942 114.853508 -235.317261 -4.563429 114.960632 -237.637802 -6.137188 76.640419 -237.572174 -6.023536 95.800522 -237.440948 -5.796233 108.573929 -237.292633 -5.539349 113.385826 -237.220535 -5.414471 114.002083 -237.036636 -5.095938 114.517128 -236.768570 -4.631657 114.853508 -236.456696 -4.091459 114.960632 -239.105484 -5.010993 76.640419 -239.012680 -4.918197 95.800522 -238.827087 -4.732605 108.573929 -238.617355 -4.522860 113.385826 -238.515381 -4.420897 114.002083 -238.255310 -4.160816 114.517128 -237.876221 -3.781732 114.853508 -237.435150 -3.340662 114.960632 -240.939636 1.834151 38.320210 -240.231674 3.543307 3.469929 -240.231674 3.543307 38.320210 -240.939636 1.834151 3.469929 -239.105484 5.010993 3.469929 -239.105484 5.010993 38.320210 -237.637802 6.137188 3.469929 -237.637802 6.137188 38.320210 -235.928635 6.845144 3.469929 -235.928635 6.845144 38.320210 -234.094482 7.086614 3.469929 -234.094482 7.086614 38.320210 -232.260330 6.845144 3.469929 -232.260330 6.845144 38.320210 -230.551178 6.137188 3.469929 -230.551178 6.137188 38.320210 -229.083496 5.010993 3.469929 -229.083496 5.010993 38.320210 -227.957306 3.543307 38.320210 -227.957306 3.543307 3.469929 -227.249344 1.834151 38.320210 -227.249344 1.834151 3.469929 -227.007874 -0.000000 38.320210 -227.007874 -0.000000 3.469929 -227.249344 -1.834151 3.469929 -227.249344 -1.834151 38.320210 -227.957306 -3.543307 3.469929 -227.957306 -3.543307 38.320210 -238.657913 -1.222767 114.960632 -238.818893 0.000000 114.960632 -238.185944 -2.362205 114.960632 -229.083496 -5.010993 3.469929 -229.083496 -5.010993 38.320210 -230.551178 -6.137188 3.469929 -230.551178 -6.137188 38.320210 -232.260330 -6.845144 3.469929 -232.260330 -6.845144 38.320210 -234.094482 -7.086614 3.469929 -234.094482 -7.086614 38.320210 -235.928635 -6.845144 3.469929 -235.928635 -6.845144 38.320210 -237.637802 -6.137188 3.469929 -237.637802 -6.137188 38.320210 -239.105484 -5.010993 3.469929 -239.105484 -5.010993 38.320210 -240.231674 -3.543307 76.640419 -240.231674 -3.543307 38.320210 -240.231674 -3.543307 3.469929 -240.939636 -1.834151 76.640419 -240.939636 -1.834151 38.320210 -240.939636 -1.834151 3.469929 -241.181107 0.000000 76.640419 -241.181107 0.000000 3.469929 -241.181107 0.000000 38.320210 -241.049866 0.000000 95.800522 -240.787399 0.000000 108.573929 -240.490784 0.000000 113.385826 -240.346588 0.000000 114.002083 -239.978775 0.000000 114.517128 -239.442673 0.000000 114.853508 -240.118027 -3.477690 95.800522 -239.890717 -3.346457 108.573929 -239.633835 -3.198145 113.385826 -239.508957 -3.126046 114.002083 -239.190430 -2.942141 114.517128 -238.726151 -2.674088 114.853508 -240.812866 -1.800185 95.800522 -240.559341 -1.732253 108.573929 -240.272827 -1.655482 113.385826 -240.133545 -1.618161 114.002083 -239.778275 -1.522964 114.517128 -239.260437 -1.384210 114.853508 -240.320251 3.594446 2.642263 -241.334351 1.939914 1.870045 -241.038422 1.860622 2.642263 -240.585571 3.747626 1.870045 -240.074005 5.979520 0.364701 -241.417877 4.228159 -0.000000 -241.417877 4.228159 0.364701 -240.074005 5.979520 -0.000000 -241.111649 4.051357 0.729401 -239.823975 5.729484 0.729401 -239.740631 5.646139 1.205833 -241.009567 3.992423 0.729401 -241.009567 3.992423 1.205833 -239.740631 5.646139 0.729401 -239.394424 5.299944 1.870045 -239.177795 5.083314 2.642263 -238.322647 7.323387 -0.000000 -238.322647 7.323387 0.364701 -238.145844 7.017156 0.729401 -238.086914 6.915079 0.729401 -238.086914 6.915079 1.205833 -237.842117 6.491079 1.870045 -237.688934 6.225763 2.642263 -236.283142 8.168177 -0.000000 -236.283142 8.168177 0.364701 -236.191620 7.826621 0.729401 -236.161118 7.712769 0.729401 -236.161118 7.712769 1.205833 -236.034409 7.239858 1.870045 -235.955109 6.943936 2.642263 -234.094482 8.456319 -0.000000 -234.094482 8.456319 0.364701 -234.094482 8.102714 0.729401 -234.094482 7.984846 0.729401 -234.094482 7.984846 1.205833 -234.094482 7.495253 1.870045 -234.094482 7.188892 2.642263 -231.905838 8.168177 -0.000000 -231.905838 8.168177 0.364701 -231.997345 7.826621 0.729401 -232.027863 7.712769 0.729401 -232.027863 7.712769 1.205833 -232.154572 7.239858 1.870045 -232.233871 6.943936 2.642263 -229.866333 7.323387 -0.000000 -229.866333 7.323387 0.364701 -230.043137 7.017156 0.729401 -230.102066 6.915079 0.729401 -230.102066 6.915079 1.205833 -230.346863 6.491079 1.870045 -230.500046 6.225763 2.642263 -228.114975 5.979520 -0.000000 -228.114975 5.979520 0.364701 -228.365005 5.729484 0.729401 -228.448349 5.646139 0.729401 -228.448349 5.646139 1.205833 -228.794540 5.299944 1.870045 -229.011169 5.083314 2.642263 -226.771103 4.228159 0.364701 -226.771103 4.228159 -0.000000 -227.077332 4.051357 0.729401 -227.179413 3.992423 1.205833 -227.179413 3.992423 0.729401 -227.603409 3.747626 1.870045 -227.868729 3.594446 2.642263 -225.926315 2.188656 0.364701 -225.926315 2.188656 -0.000000 -226.267868 2.097137 0.729401 -226.381714 2.066630 1.205833 -226.381714 2.066630 0.729401 -226.854630 1.939914 1.870045 -227.150558 1.860622 2.642263 -225.638168 -0.000000 0.364701 -225.638168 -0.000000 -0.000000 -225.991776 -0.000000 0.729401 -226.109650 -0.000000 1.205833 -226.109650 -0.000000 0.729401 -226.599243 -0.000000 1.870045 -226.905594 -0.000000 2.642263 -225.926315 -2.188656 0.364701 -225.926315 -2.188656 -0.000000 -226.267868 -2.097137 0.729401 -226.381714 -2.066630 1.205833 -226.381714 -2.066630 0.729401 -226.854630 -1.939914 1.870045 -227.150558 -1.860622 2.642263 -226.771103 -4.228159 0.364701 -226.771103 -4.228159 -0.000000 -227.077332 -4.051357 0.729401 -227.179413 -3.992423 1.205833 -227.179413 -3.992423 0.729401 -227.603409 -3.747626 1.870045 -227.868729 -3.594446 2.642263 -228.114975 -5.979520 0.364701 -228.114975 -5.979520 -0.000000 -228.365005 -5.729484 0.729401 -228.448349 -5.646139 1.205833 -228.448349 -5.646139 0.729401 -228.794540 -5.299944 1.870045 -229.011169 -5.083314 2.642263 -229.866333 -7.323387 -0.000000 -229.866333 -7.323387 0.364701 -230.043137 -7.017156 0.729401 -230.102066 -6.915079 0.729401 -230.102066 -6.915079 1.205833 -230.346863 -6.491079 1.870045 -230.500046 -6.225763 2.642263 -231.905838 -8.168177 -0.000000 -231.905838 -8.168177 0.364701 -231.997345 -7.826621 0.729401 -232.027863 -7.712769 0.729401 -232.027863 -7.712769 1.205833 -232.154572 -7.239858 1.870045 -232.233871 -6.943936 2.642263 -234.094482 -8.456319 -0.000000 -234.094482 -8.456319 0.364701 -234.094482 -8.102714 0.729401 -234.094482 -7.984846 0.729401 -234.094482 -7.984846 1.205833 -234.094482 -7.495253 1.870045 -234.094482 -7.188892 2.642263 -236.283142 -8.168177 -0.000000 -236.283142 -8.168177 0.364701 -236.191620 -7.826621 0.729401 -236.161118 -7.712769 0.729401 -236.161118 -7.712769 1.205833 -236.034409 -7.239858 1.870045 -235.955109 -6.943936 2.642263 -238.322647 -7.323387 -0.000000 -238.322647 -7.323387 0.364701 -238.145844 -7.017156 0.729401 -238.086914 -6.915079 0.729401 -238.086914 -6.915079 1.205833 -237.842117 -6.491079 1.870045 -237.688934 -6.225763 2.642263 -240.074005 -5.979520 -0.000000 -240.074005 -5.979520 0.364701 -239.823975 -5.729484 0.729401 -239.740631 -5.646139 0.729401 -239.740631 -5.646139 1.205833 -239.394424 -5.299944 1.870045 -239.177795 -5.083314 2.642263 -241.417877 -4.228159 0.364701 -241.417877 -4.228159 -0.000000 -241.111649 -4.051357 0.729401 -241.009567 -3.992423 1.205833 -241.009567 -3.992423 0.729401 -240.585571 -3.747626 1.870045 -240.320251 -3.594446 2.642263 -241.921112 -2.097137 0.729401 -242.079330 0.000000 0.729401 -242.197205 0.000000 0.729401 -241.807251 -2.066630 0.729401 -241.921112 2.097137 0.729401 -241.807251 2.066630 0.729401 -242.262665 2.188656 0.364701 -242.550812 0.000000 -0.000000 -242.550812 0.000000 0.364701 -242.262665 2.188656 -0.000000 -241.807251 2.066630 1.205833 -242.079330 0.000000 1.205833 -241.589737 0.000000 1.870045 -241.283386 0.000000 2.642263 -242.262665 -2.188656 0.364701 -242.262665 -2.188656 -0.000000 -241.807251 -2.066630 1.205833 -241.334351 -1.939914 1.870045 -241.038422 -1.860622 2.642263 -244.407928 5.954464 -2.152840 -245.597626 3.082258 -2.639107 -245.597626 3.082258 -2.152840 -244.407928 5.954464 -2.639107 -243.280075 5.303305 -1.293600 -244.814713 2.872476 -2.152840 -244.339691 2.745193 -1.293600 -243.705978 5.549197 -2.152840 -242.708160 4.973104 -0.564470 -243.701782 2.574268 -0.564470 -242.931244 2.367800 -0.000000 -242.017303 4.574239 -0.000000 -242.515366 8.420884 -2.152840 -242.515366 8.420884 -2.639107 -241.594498 7.500005 -1.293600 -241.942230 7.847749 -2.152840 -241.127518 7.033031 -0.564470 -240.563446 6.468951 -0.000000 -240.048950 10.313435 -2.639107 -240.048950 10.313435 -2.152840 -239.643692 9.611491 -2.152840 -239.397797 9.185593 -1.293600 -239.067596 8.613667 -0.564470 -238.668732 7.922815 -0.000000 -237.176743 11.503141 -2.639107 -237.176743 11.503141 -2.152840 -236.966965 10.720225 -2.152840 -236.839676 10.245198 -1.293600 -236.668762 9.607298 -0.564470 -236.462296 8.836752 -0.000000 -234.094482 11.908928 -2.639107 -234.094482 11.908928 -2.152840 -234.094482 11.098393 -2.152840 -234.094482 10.606609 -1.293600 -234.094482 9.946207 -0.564470 -234.094482 9.148479 -0.000000 -231.012238 11.503141 -2.639107 -231.012238 11.503141 -2.152840 -231.222015 10.720225 -2.152840 -231.349289 10.245198 -1.293600 -231.520218 9.607298 -0.564470 -231.726685 8.836752 -0.000000 -228.140030 10.313435 -2.639107 -228.140030 10.313435 -2.152840 -228.545288 9.611491 -2.152840 -228.791183 9.185593 -1.293600 -229.121384 8.613667 -0.564470 -229.520248 7.922815 -0.000000 -225.673599 8.420884 -2.639107 -225.673599 8.420884 -2.152840 -226.246735 7.847749 -2.152840 -226.594482 7.500005 -1.293600 -227.061462 7.033031 -0.564470 -227.625534 6.468951 -0.000000 -223.781052 5.954464 -2.152840 -223.781052 5.954464 -2.639107 -224.483002 5.549197 -2.152840 -224.908890 5.303305 -1.293600 -225.480820 4.973104 -0.564470 -226.171677 4.574239 -0.000000 -222.591339 3.082258 -2.152840 -222.591339 3.082258 -2.639107 -223.374268 2.872476 -2.152840 -223.849289 2.745193 -1.293600 -224.487183 2.574268 -0.564470 -225.257736 2.367800 -0.000000 -222.185562 -0.000000 -2.152840 -222.185562 -0.000000 -2.639107 -223.487885 -0.000000 -1.293600 -222.996094 -0.000000 -2.152840 -224.148285 -0.000000 -0.564470 -224.946014 -0.000000 -0.000000 -222.591339 -3.082258 -2.639107 -222.591339 -3.082258 -2.152840 -223.849289 -2.745193 -1.293600 -223.374268 -2.872476 -2.152840 -224.487183 -2.574268 -0.564470 -225.257736 -2.367800 -0.000000 -223.781052 -5.954464 -2.152840 -223.781052 -5.954464 -2.639107 -224.908890 -5.303305 -1.293600 -224.483002 -5.549197 -2.152840 -225.480820 -4.973104 -0.564470 -226.171677 -4.574239 -0.000000 -225.673599 -8.420884 -2.152840 -225.673599 -8.420884 -2.639107 -226.594482 -7.500005 -1.293600 -226.246735 -7.847749 -2.152840 -227.061462 -7.033031 -0.564470 -227.625534 -6.468951 -0.000000 -228.140030 -10.313435 -2.639107 -228.140030 -10.313435 -2.152840 -228.545288 -9.611491 -2.152840 -228.791183 -9.185593 -1.293600 -229.121384 -8.613667 -0.564470 -229.520248 -7.922815 -0.000000 -231.012238 -11.503141 -2.639107 -231.012238 -11.503141 -2.152840 -231.222015 -10.720225 -2.152840 -231.349289 -10.245198 -1.293600 -231.520218 -9.607298 -0.564470 -231.726685 -8.836752 -0.000000 -234.094482 -11.908928 -2.639107 -234.094482 -11.908928 -2.152840 -234.094482 -11.098393 -2.152840 -234.094482 -10.606609 -1.293600 -234.094482 -9.946207 -0.564470 -234.094482 -9.148479 -0.000000 -237.176743 -11.503141 -2.639107 -237.176743 -11.503141 -2.152840 -236.966965 -10.720225 -2.152840 -236.839676 -10.245198 -1.293600 -236.668762 -9.607298 -0.564470 -236.462296 -8.836752 -0.000000 -240.048950 -10.313435 -2.639107 -240.048950 -10.313435 -2.152840 -239.643692 -9.611491 -2.152840 -239.397797 -9.185593 -1.293600 -239.067596 -8.613667 -0.564470 -238.668732 -7.922815 -0.000000 -242.515366 -8.420884 -2.639107 -242.515366 -8.420884 -2.152840 -241.942230 -7.847749 -2.152840 -241.594498 -7.500005 -1.293600 -241.127518 -7.033031 -0.564470 -240.563446 -6.468951 -0.000000 -242.931244 -2.367800 -0.000000 -243.242966 0.000000 -0.000000 -242.017303 -4.574239 -0.000000 -245.597626 -3.082258 -2.152840 -246.003418 0.000000 -2.152840 -245.192886 0.000000 -2.152840 -244.814713 -2.872476 -2.152840 -244.407928 -5.954464 -2.152840 -243.705978 -5.549197 -2.152840 -246.003418 0.000000 -2.639107 -244.701096 0.000000 -1.293600 -244.040695 0.000000 -0.564470 -244.407928 -5.954464 -2.639107 -243.280075 -5.303305 -1.293600 -242.708160 -4.973104 -0.564470 -245.597626 -3.082258 -2.639107 -244.339691 -2.745193 -1.293600 -243.701782 -2.574268 -0.564470 -145.629837 3.477690 134.538116 -146.451447 1.834151 107.339325 -146.324677 1.800185 134.538116 -145.743484 3.543307 107.339325 -145.402527 3.346457 152.670639 -146.071152 1.732253 152.670639 -145.145645 3.198145 159.501389 -145.784637 1.655482 159.501389 -145.020767 3.126046 160.376190 -145.645355 1.618161 160.376190 -144.702240 2.942141 161.107330 -145.290085 1.522964 161.107330 -144.772247 1.384210 161.584839 -144.237961 2.674088 161.584839 -144.169724 1.222767 161.736893 -143.697754 2.362205 161.736893 -144.524490 4.918197 134.538116 -144.617294 5.010993 107.339325 -144.338898 4.732605 152.670639 -144.129166 4.522860 159.501389 -144.027191 4.420897 160.376190 -143.767120 4.160816 161.107330 -143.388031 3.781732 161.584839 -142.946960 3.340662 161.736893 -143.149612 6.137188 107.339325 -143.083984 6.023536 134.538116 -142.952759 5.796233 152.670639 -142.804443 5.539349 159.501389 -142.732346 5.414471 160.376190 -142.548447 5.095938 161.107330 -142.280380 4.631657 161.584839 -141.968506 4.091459 161.736893 -141.440445 6.845144 107.339325 -141.406479 6.718382 134.538116 -141.338547 6.464858 152.670639 -141.261780 6.178341 159.501389 -141.224457 6.039058 160.376190 -141.129257 5.683780 161.107330 -140.990509 5.165942 161.584839 -140.829071 4.563429 161.736893 -139.606293 7.086614 107.339325 -139.606293 6.955380 134.538116 -139.606293 6.692914 152.670639 -139.606293 6.396289 159.501389 -139.606293 6.252093 160.376190 -139.606293 5.884282 161.107330 -139.606293 5.348177 161.584839 -139.606293 4.724410 161.736893 -137.772156 6.845144 107.339325 -137.806122 6.718382 134.538116 -137.874039 6.464858 152.670639 -137.950821 6.178341 159.501389 -137.988144 6.039058 160.376190 -138.083328 5.683780 161.107330 -138.222092 5.165942 161.584839 -138.383530 4.563429 161.736893 -136.062988 6.137188 107.339325 -136.128616 6.023536 134.538116 -136.259842 5.796233 152.670639 -136.408157 5.539349 159.501389 -136.480255 5.414471 160.376190 -136.664154 5.095938 161.107330 -136.932205 4.631657 161.584839 -137.244095 4.091459 161.736893 -134.595306 5.010993 107.339325 -134.688095 4.918197 134.538116 -134.873688 4.732605 152.670639 -135.083435 4.522860 159.501389 -135.185394 4.420897 160.376190 -135.445480 4.160816 161.107330 -135.824570 3.781732 161.584839 -136.265640 3.340662 161.736893 -133.469116 3.543307 107.339325 -133.582764 3.477690 134.538116 -133.810059 3.346457 152.670639 -134.066956 3.198145 159.501389 -134.191833 3.126046 160.376190 -134.510361 2.942141 161.107330 -134.974640 2.674088 161.584839 -135.514847 2.362205 161.736893 -132.761154 1.834151 107.339325 -132.887924 1.800185 134.538116 -133.141434 1.732253 152.670639 -133.427963 1.655482 159.501389 -133.567245 1.618161 160.376190 -133.922516 1.522964 161.107330 -134.440353 1.384210 161.584839 -135.042877 1.222767 161.736893 -132.650925 -0.000000 134.538116 -132.519684 -0.000000 107.339325 -132.913391 -0.000000 152.670639 -133.210007 -0.000000 159.501389 -133.354202 -0.000000 160.376190 -133.722015 -0.000000 161.107330 -134.258118 -0.000000 161.584839 -134.881897 -0.000000 161.736893 -132.887924 -1.800185 134.538116 -132.761154 -1.834151 107.339325 -133.141434 -1.732253 152.670639 -133.427963 -1.655482 159.501389 -133.567245 -1.618161 160.376190 -133.922516 -1.522964 161.107330 -134.440353 -1.384210 161.584839 -135.042877 -1.222767 161.736893 -133.582764 -3.477690 134.538116 -133.469116 -3.543307 107.339325 -133.810059 -3.346457 152.670639 -134.066956 -3.198145 159.501389 -134.191833 -3.126046 160.376190 -134.510361 -2.942141 161.107330 -134.974640 -2.674088 161.584839 -135.514847 -2.362205 161.736893 -134.688095 -4.918197 134.538116 -134.595306 -5.010993 107.339325 -134.873688 -4.732605 152.670639 -135.083435 -4.522860 159.501389 -135.185394 -4.420897 160.376190 -135.445480 -4.160816 161.107330 -135.824570 -3.781732 161.584839 -136.265640 -3.340662 161.736893 -136.062988 -6.137188 107.339325 -136.128616 -6.023536 134.538116 -136.259842 -5.796233 152.670639 -136.408157 -5.539349 159.501389 -136.480255 -5.414471 160.376190 -136.664154 -5.095938 161.107330 -136.932205 -4.631657 161.584839 -137.244095 -4.091459 161.736893 -137.772156 -6.845144 107.339325 -137.806122 -6.718382 134.538116 -137.874039 -6.464858 152.670639 -137.950821 -6.178341 159.501389 -137.988144 -6.039058 160.376190 -138.083328 -5.683780 161.107330 -138.222092 -5.165942 161.584839 -138.383530 -4.563429 161.736893 -139.606293 -7.086614 107.339325 -139.606293 -6.955380 134.538116 -139.606293 -6.692914 152.670639 -139.606293 -6.396289 159.501389 -139.606293 -6.252093 160.376190 -139.606293 -5.884282 161.107330 -139.606293 -5.348177 161.584839 -139.606293 -4.724410 161.736893 -141.440445 -6.845144 107.339325 -141.406479 -6.718382 134.538116 -141.338547 -6.464858 152.670639 -141.261780 -6.178341 159.501389 -141.224457 -6.039058 160.376190 -141.129257 -5.683780 161.107330 -140.990509 -5.165942 161.584839 -140.829071 -4.563429 161.736893 -143.149612 -6.137188 107.339325 -143.083984 -6.023536 134.538116 -142.952759 -5.796233 152.670639 -142.804443 -5.539349 159.501389 -142.732346 -5.414471 160.376190 -142.548447 -5.095938 161.107330 -142.280380 -4.631657 161.584839 -141.968506 -4.091459 161.736893 -144.617294 -5.010993 107.339325 -144.524490 -4.918197 134.538116 -144.338898 -4.732605 152.670639 -144.129166 -4.522860 159.501389 -144.027191 -4.420897 160.376190 -143.767120 -4.160816 161.107330 -143.388031 -3.781732 161.584839 -142.946960 -3.340662 161.736893 -146.451447 1.834151 52.941753 -145.743484 3.543307 3.469929 -145.743484 3.543307 52.941753 -146.451447 1.834151 3.469929 -144.617294 5.010993 3.469929 -144.617294 5.010993 52.941753 -143.149612 6.137188 3.469929 -143.149612 6.137188 52.941753 -141.440445 6.845144 3.469929 -141.440445 6.845144 52.941753 -139.606293 7.086614 3.469929 -139.606293 7.086614 52.941753 -137.772156 6.845144 3.469929 -137.772156 6.845144 52.941753 -136.062988 6.137188 3.469929 -136.062988 6.137188 52.941753 -134.595306 5.010993 3.469929 -134.595306 5.010993 52.941753 -133.469116 3.543307 52.941753 -133.469116 3.543307 3.469929 -132.761154 1.834151 52.941753 -132.761154 1.834151 3.469929 -132.519684 -0.000000 52.941753 -132.519684 -0.000000 3.469929 -132.761154 -1.834151 3.469929 -132.761154 -1.834151 52.941753 -133.469116 -3.543307 3.469929 -133.469116 -3.543307 52.941753 -144.169724 -1.222767 161.736893 -144.330704 0.000000 161.736893 -143.697754 -2.362205 161.736893 -134.595306 -5.010993 3.469929 -134.595306 -5.010993 52.941753 -136.062988 -6.137188 3.469929 -136.062988 -6.137188 52.941753 -137.772156 -6.845144 3.469929 -137.772156 -6.845144 52.941753 -139.606293 -7.086614 3.469929 -139.606293 -7.086614 52.941753 -141.440445 -6.845144 3.469929 -141.440445 -6.845144 52.941753 -143.149612 -6.137188 3.469929 -143.149612 -6.137188 52.941753 -144.617294 -5.010993 3.469929 -144.617294 -5.010993 52.941753 -145.743484 -3.543307 107.339325 -145.743484 -3.543307 52.941753 -145.743484 -3.543307 3.469929 -146.451447 -1.834151 107.339325 -146.451447 -1.834151 52.941753 -146.451447 -1.834151 3.469929 -146.692917 0.000000 107.339325 -146.692917 0.000000 3.469929 -146.692917 0.000000 52.941753 -146.561676 0.000000 134.538116 -146.299210 0.000000 152.670639 -146.002594 0.000000 159.501389 -145.858398 0.000000 160.376190 -145.490585 0.000000 161.107330 -144.954483 0.000000 161.584839 -145.629837 -3.477690 134.538116 -145.402527 -3.346457 152.670639 -145.145645 -3.198145 159.501389 -145.020767 -3.126046 160.376190 -144.702240 -2.942141 161.107330 -144.237961 -2.674088 161.584839 -146.324677 -1.800185 134.538116 -146.071152 -1.732253 152.670639 -145.784637 -1.655482 159.501389 -145.645355 -1.618161 160.376190 -145.290085 -1.522964 161.107330 -144.772247 -1.384210 161.584839 -145.832062 3.594446 2.642263 -146.846161 1.939914 1.870045 -146.550232 1.860622 2.642263 -146.097382 3.747626 1.870045 -145.585815 5.979520 0.364701 -146.929688 4.228159 -0.000000 -146.929688 4.228159 0.364701 -145.585815 5.979520 -0.000000 -146.623459 4.051357 0.729401 -145.335785 5.729484 0.729401 -145.252441 5.646139 1.205833 -146.521378 3.992423 0.729401 -146.521378 3.992423 1.205833 -145.252441 5.646139 0.729401 -144.906250 5.299944 1.870045 -144.689606 5.083314 2.642263 -143.834457 7.323387 -0.000000 -143.834457 7.323387 0.364701 -143.657654 7.017156 0.729401 -143.598724 6.915079 0.729401 -143.598724 6.915079 1.205833 -143.353928 6.491079 1.870045 -143.200745 6.225763 2.642263 -141.794952 8.168177 -0.000000 -141.794952 8.168177 0.364701 -141.703430 7.826621 0.729401 -141.672928 7.712769 0.729401 -141.672928 7.712769 1.205833 -141.546219 7.239858 1.870045 -141.466919 6.943936 2.642263 -139.606293 8.456319 -0.000000 -139.606293 8.456319 0.364701 -139.606293 8.102714 0.729401 -139.606293 7.984846 0.729401 -139.606293 7.984846 1.205833 -139.606293 7.495253 1.870045 -139.606293 7.188892 2.642263 -137.417648 8.168177 -0.000000 -137.417648 8.168177 0.364701 -137.509155 7.826621 0.729401 -137.539673 7.712769 0.729401 -137.539673 7.712769 1.205833 -137.666382 7.239858 1.870045 -137.745682 6.943936 2.642263 -135.378143 7.323387 -0.000000 -135.378143 7.323387 0.364701 -135.554947 7.017156 0.729401 -135.613876 6.915079 0.729401 -135.613876 6.915079 1.205833 -135.858673 6.491079 1.870045 -136.011856 6.225763 2.642263 -133.626785 5.979520 -0.000000 -133.626785 5.979520 0.364701 -133.876816 5.729484 0.729401 -133.960159 5.646139 0.729401 -133.960159 5.646139 1.205833 -134.306351 5.299944 1.870045 -134.522980 5.083314 2.642263 -132.282913 4.228159 0.364701 -132.282913 4.228159 -0.000000 -132.589142 4.051357 0.729401 -132.691223 3.992423 1.205833 -132.691223 3.992423 0.729401 -133.115219 3.747626 1.870045 -133.380539 3.594446 2.642263 -131.438126 2.188656 0.364701 -131.438126 2.188656 -0.000000 -131.779678 2.097137 0.729401 -131.893524 2.066630 1.205833 -131.893524 2.066630 0.729401 -132.366440 1.939914 1.870045 -132.662369 1.860622 2.642263 -131.149979 -0.000000 0.364701 -131.149979 -0.000000 -0.000000 -131.503586 -0.000000 0.729401 -131.621460 -0.000000 1.205833 -131.621460 -0.000000 0.729401 -132.111053 -0.000000 1.870045 -132.417404 -0.000000 2.642263 -131.438126 -2.188656 0.364701 -131.438126 -2.188656 -0.000000 -131.779678 -2.097137 0.729401 -131.893524 -2.066630 1.205833 -131.893524 -2.066630 0.729401 -132.366440 -1.939914 1.870045 -132.662369 -1.860622 2.642263 -132.282913 -4.228159 0.364701 -132.282913 -4.228159 -0.000000 -132.589142 -4.051357 0.729401 -132.691223 -3.992423 1.205833 -132.691223 -3.992423 0.729401 -133.115219 -3.747626 1.870045 -133.380539 -3.594446 2.642263 -133.626785 -5.979520 0.364701 -133.626785 -5.979520 -0.000000 -133.876816 -5.729484 0.729401 -133.960159 -5.646139 1.205833 -133.960159 -5.646139 0.729401 -134.306351 -5.299944 1.870045 -134.522980 -5.083314 2.642263 -135.378143 -7.323387 -0.000000 -135.378143 -7.323387 0.364701 -135.554947 -7.017156 0.729401 -135.613876 -6.915079 0.729401 -135.613876 -6.915079 1.205833 -135.858673 -6.491079 1.870045 -136.011856 -6.225763 2.642263 -137.417648 -8.168177 -0.000000 -137.417648 -8.168177 0.364701 -137.509155 -7.826621 0.729401 -137.539673 -7.712769 0.729401 -137.539673 -7.712769 1.205833 -137.666382 -7.239858 1.870045 -137.745682 -6.943936 2.642263 -139.606293 -8.456319 -0.000000 -139.606293 -8.456319 0.364701 -139.606293 -8.102714 0.729401 -139.606293 -7.984846 0.729401 -139.606293 -7.984846 1.205833 -139.606293 -7.495253 1.870045 -139.606293 -7.188892 2.642263 -141.794952 -8.168177 -0.000000 -141.794952 -8.168177 0.364701 -141.703430 -7.826621 0.729401 -141.672928 -7.712769 0.729401 -141.672928 -7.712769 1.205833 -141.546219 -7.239858 1.870045 -141.466919 -6.943936 2.642263 -143.834457 -7.323387 -0.000000 -143.834457 -7.323387 0.364701 -143.657654 -7.017156 0.729401 -143.598724 -6.915079 0.729401 -143.598724 -6.915079 1.205833 -143.353928 -6.491079 1.870045 -143.200745 -6.225763 2.642263 -145.585815 -5.979520 -0.000000 -145.585815 -5.979520 0.364701 -145.335785 -5.729484 0.729401 -145.252441 -5.646139 0.729401 -145.252441 -5.646139 1.205833 -144.906250 -5.299944 1.870045 -144.689606 -5.083314 2.642263 -146.929688 -4.228159 0.364701 -146.929688 -4.228159 -0.000000 -146.623459 -4.051357 0.729401 -146.521378 -3.992423 1.205833 -146.521378 -3.992423 0.729401 -146.097382 -3.747626 1.870045 -145.832062 -3.594446 2.642263 -147.432922 -2.097137 0.729401 -147.591141 0.000000 0.729401 -147.709015 0.000000 0.729401 -147.319061 -2.066630 0.729401 -147.432922 2.097137 0.729401 -147.319061 2.066630 0.729401 -147.774475 2.188656 0.364701 -148.062622 0.000000 -0.000000 -148.062622 0.000000 0.364701 -147.774475 2.188656 -0.000000 -147.319061 2.066630 1.205833 -147.591141 0.000000 1.205833 -147.101547 0.000000 1.870045 -146.795197 0.000000 2.642263 -147.774475 -2.188656 0.364701 -147.774475 -2.188656 -0.000000 -147.319061 -2.066630 1.205833 -146.846161 -1.939914 1.870045 -146.550232 -1.860622 2.642263 -149.919739 5.954464 -2.152840 -151.109436 3.082258 -2.639107 -151.109436 3.082258 -2.152840 -149.919739 5.954464 -2.639107 -148.791885 5.303305 -1.293600 -150.326523 2.872476 -2.152840 -149.851501 2.745193 -1.293600 -149.217789 5.549197 -2.152840 -148.219971 4.973104 -0.564470 -149.213593 2.574268 -0.564470 -148.443054 2.367800 -0.000000 -147.529114 4.574239 -0.000000 -148.027176 8.420884 -2.152840 -148.027176 8.420884 -2.639107 -147.106308 7.500005 -1.293600 -147.454056 7.847749 -2.152840 -146.639328 7.033031 -0.564470 -146.075256 6.468951 -0.000000 -145.560760 10.313435 -2.639107 -145.560760 10.313435 -2.152840 -145.155502 9.611491 -2.152840 -144.909607 9.185593 -1.293600 -144.579407 8.613667 -0.564470 -144.180542 7.922815 -0.000000 -142.688553 11.503141 -2.639107 -142.688553 11.503141 -2.152840 -142.478775 10.720225 -2.152840 -142.351486 10.245198 -1.293600 -142.180573 9.607298 -0.564470 -141.974106 8.836752 -0.000000 -139.606293 11.908928 -2.639107 -139.606293 11.908928 -2.152840 -139.606293 11.098393 -2.152840 -139.606293 10.606609 -1.293600 -139.606293 9.946207 -0.564470 -139.606293 9.148479 -0.000000 -136.524048 11.503141 -2.639107 -136.524048 11.503141 -2.152840 -136.733826 10.720225 -2.152840 -136.861099 10.245198 -1.293600 -137.032028 9.607298 -0.564470 -137.238495 8.836752 -0.000000 -133.651840 10.313435 -2.639107 -133.651840 10.313435 -2.152840 -134.057098 9.611491 -2.152840 -134.302994 9.185593 -1.293600 -134.633194 8.613667 -0.564470 -135.032059 7.922815 -0.000000 -131.185410 8.420884 -2.639107 -131.185410 8.420884 -2.152840 -131.758545 7.847749 -2.152840 -132.106293 7.500005 -1.293600 -132.573273 7.033031 -0.564470 -133.137344 6.468951 -0.000000 -129.292862 5.954464 -2.152840 -129.292862 5.954464 -2.639107 -129.994812 5.549197 -2.152840 -130.420700 5.303305 -1.293600 -130.992630 4.973104 -0.564470 -131.683487 4.574239 -0.000000 -128.103165 3.082258 -2.152840 -128.103165 3.082258 -2.639107 -128.886078 2.872476 -2.152840 -129.361099 2.745193 -1.293600 -129.999008 2.574268 -0.564470 -130.769547 2.367800 -0.000000 -127.697372 -0.000000 -2.152840 -127.697372 -0.000000 -2.639107 -128.999695 -0.000000 -1.293600 -128.507904 -0.000000 -2.152840 -129.660095 -0.000000 -0.564470 -130.457825 -0.000000 -0.000000 -128.103165 -3.082258 -2.639107 -128.103165 -3.082258 -2.152840 -129.361099 -2.745193 -1.293600 -128.886078 -2.872476 -2.152840 -129.999008 -2.574268 -0.564470 -130.769547 -2.367800 -0.000000 -129.292862 -5.954464 -2.152840 -129.292862 -5.954464 -2.639107 -130.420700 -5.303305 -1.293600 -129.994812 -5.549197 -2.152840 -130.992630 -4.973104 -0.564470 -131.683487 -4.574239 -0.000000 -131.185410 -8.420884 -2.152840 -131.185410 -8.420884 -2.639107 -132.106293 -7.500005 -1.293600 -131.758545 -7.847749 -2.152840 -132.573273 -7.033031 -0.564470 -133.137344 -6.468951 -0.000000 -133.651840 -10.313435 -2.639107 -133.651840 -10.313435 -2.152840 -134.057098 -9.611491 -2.152840 -134.302994 -9.185593 -1.293600 -134.633194 -8.613667 -0.564470 -135.032059 -7.922815 -0.000000 -136.524048 -11.503141 -2.639107 -136.524048 -11.503141 -2.152840 -136.733826 -10.720225 -2.152840 -136.861099 -10.245198 -1.293600 -137.032028 -9.607298 -0.564470 -137.238495 -8.836752 -0.000000 -139.606293 -11.908928 -2.639107 -139.606293 -11.908928 -2.152840 -139.606293 -11.098393 -2.152840 -139.606293 -10.606609 -1.293600 -139.606293 -9.946207 -0.564470 -139.606293 -9.148479 -0.000000 -142.688553 -11.503141 -2.639107 -142.688553 -11.503141 -2.152840 -142.478775 -10.720225 -2.152840 -142.351486 -10.245198 -1.293600 -142.180573 -9.607298 -0.564470 -141.974106 -8.836752 -0.000000 -145.560760 -10.313435 -2.639107 -145.560760 -10.313435 -2.152840 -145.155502 -9.611491 -2.152840 -144.909607 -9.185593 -1.293600 -144.579407 -8.613667 -0.564470 -144.180542 -7.922815 -0.000000 -148.027176 -8.420884 -2.639107 -148.027176 -8.420884 -2.152840 -147.454056 -7.847749 -2.152840 -147.106308 -7.500005 -1.293600 -146.639328 -7.033031 -0.564470 -146.075256 -6.468951 -0.000000 -148.443054 -2.367800 -0.000000 -148.754776 0.000000 -0.000000 -147.529114 -4.574239 -0.000000 -151.109436 -3.082258 -2.152840 -151.515228 0.000000 -2.152840 -150.704697 0.000000 -2.152840 -150.326523 -2.872476 -2.152840 -149.919739 -5.954464 -2.152840 -149.217789 -5.549197 -2.152840 -151.515228 0.000000 -2.639107 -150.212906 0.000000 -1.293600 -149.552505 0.000000 -0.564470 -149.919739 -5.954464 -2.639107 -148.791885 -5.303305 -1.293600 -148.219971 -4.973104 -0.564470 -151.109436 -3.082258 -2.639107 -149.851501 -2.745193 -1.293600 -149.213593 -2.574268 -0.564470 -51.141647 3.477690 168.088959 -51.963253 1.834151 133.927826 -51.836491 1.800185 168.088959 -51.255299 3.543307 133.927826 -50.914345 3.346457 190.863037 -51.582970 1.732253 190.863037 -50.657459 3.198145 199.442322 -51.296452 1.655482 199.442322 -50.532581 3.126046 200.541061 -51.157169 1.618161 200.541061 -50.214046 2.942141 201.459351 -50.801891 1.522964 201.459351 -50.284054 1.384210 202.059097 -49.749767 2.674088 202.059097 -49.681538 1.222767 202.250092 -49.209568 2.362205 202.250092 -50.036308 4.918197 168.088959 -50.129105 5.010993 133.927826 -49.850716 4.732605 190.863037 -49.640968 4.522860 199.442322 -49.539009 4.420897 200.541061 -49.278927 4.160816 201.459351 -48.899841 3.781732 202.059097 -48.458771 3.340662 202.250092 -48.661419 6.137188 133.927826 -48.595802 6.023536 168.088959 -48.464565 5.796233 190.863037 -48.316254 5.539349 199.442322 -48.244156 5.414471 200.541061 -48.060253 5.095938 201.459351 -47.792198 4.631657 202.059097 -47.480316 4.091459 202.250092 -46.952259 6.845144 133.927826 -46.918297 6.718382 168.088959 -46.850365 6.464858 190.863037 -46.773590 6.178341 199.442322 -46.736271 6.039058 200.541061 -46.641075 5.683780 201.459351 -46.502319 5.165942 202.059097 -46.340878 4.563429 202.250092 -45.118111 7.086614 133.927826 -45.118111 6.955380 168.088959 -45.118111 6.692914 190.863037 -45.118111 6.396289 199.442322 -45.118111 6.252093 200.541061 -45.118111 5.884282 201.459351 -45.118111 5.348177 202.059097 -45.118111 4.724410 202.250092 -43.283958 6.845144 133.927826 -43.317924 6.718382 168.088959 -43.385857 6.464858 190.863037 -43.462627 6.178341 199.442322 -43.499950 6.039058 200.541061 -43.595146 5.683780 201.459351 -43.733902 5.165942 202.059097 -43.895344 4.563429 202.250092 -41.574802 6.137188 133.927826 -41.640419 6.023536 168.088959 -41.771652 5.796233 190.863037 -41.919964 5.539349 199.442322 -41.992065 5.414471 200.541061 -42.175968 5.095938 201.459351 -42.444023 4.631657 202.059097 -42.755905 4.091459 202.250092 -40.107117 5.010993 133.927826 -40.199913 4.918197 168.088959 -40.385506 4.732605 190.863037 -40.595249 4.522860 199.442322 -40.697212 4.420897 200.541061 -40.957294 4.160816 201.459351 -41.336376 3.781732 202.059097 -41.777447 3.340662 202.250092 -38.980923 3.543307 133.927826 -39.094574 3.477690 168.088959 -39.321877 3.346457 190.863037 -39.578762 3.198145 199.442322 -39.703640 3.126046 200.541061 -40.022171 2.942141 201.459351 -40.486454 2.674088 202.059097 -41.026653 2.362205 202.250092 -38.272968 1.834151 133.927826 -38.399727 1.800185 168.088959 -38.653252 1.732253 190.863037 -38.939770 1.655482 199.442322 -39.079052 1.618161 200.541061 -39.434330 1.522964 201.459351 -39.952168 1.384210 202.059097 -40.554680 1.222767 202.250092 -38.162731 -0.000000 168.088959 -38.031498 -0.000000 133.927826 -38.425198 -0.000000 190.863037 -38.721821 -0.000000 199.442322 -38.866016 -0.000000 200.541061 -39.233829 -0.000000 201.459351 -39.769932 -0.000000 202.059097 -40.393700 -0.000000 202.250092 -38.399727 -1.800185 168.088959 -38.272968 -1.834151 133.927826 -38.653252 -1.732253 190.863037 -38.939770 -1.655482 199.442322 -39.079052 -1.618161 200.541061 -39.434330 -1.522964 201.459351 -39.952168 -1.384210 202.059097 -40.554680 -1.222767 202.250092 -39.094574 -3.477690 168.088959 -38.980923 -3.543307 133.927826 -39.321877 -3.346457 190.863037 -39.578762 -3.198145 199.442322 -39.703640 -3.126046 200.541061 -40.022171 -2.942141 201.459351 -40.486454 -2.674088 202.059097 -41.026653 -2.362205 202.250092 -40.199913 -4.918197 168.088959 -40.107117 -5.010993 133.927826 -40.385506 -4.732605 190.863037 -40.595249 -4.522860 199.442322 -40.697212 -4.420897 200.541061 -40.957294 -4.160816 201.459351 -41.336376 -3.781732 202.059097 -41.777447 -3.340662 202.250092 -41.574802 -6.137188 133.927826 -41.640419 -6.023536 168.088959 -41.771652 -5.796233 190.863037 -41.919964 -5.539349 199.442322 -41.992065 -5.414471 200.541061 -42.175968 -5.095938 201.459351 -42.444023 -4.631657 202.059097 -42.755905 -4.091459 202.250092 -43.283958 -6.845144 133.927826 -43.317924 -6.718382 168.088959 -43.385857 -6.464858 190.863037 -43.462627 -6.178341 199.442322 -43.499950 -6.039058 200.541061 -43.595146 -5.683780 201.459351 -43.733902 -5.165942 202.059097 -43.895344 -4.563429 202.250092 -45.118111 -7.086614 133.927826 -45.118111 -6.955380 168.088959 -45.118111 -6.692914 190.863037 -45.118111 -6.396289 199.442322 -45.118111 -6.252093 200.541061 -45.118111 -5.884282 201.459351 -45.118111 -5.348177 202.059097 -45.118111 -4.724410 202.250092 -46.952259 -6.845144 133.927826 -46.918297 -6.718382 168.088959 -46.850365 -6.464858 190.863037 -46.773590 -6.178341 199.442322 -46.736271 -6.039058 200.541061 -46.641075 -5.683780 201.459351 -46.502319 -5.165942 202.059097 -46.340878 -4.563429 202.250092 -48.661419 -6.137188 133.927826 -48.595802 -6.023536 168.088959 -48.464565 -5.796233 190.863037 -48.316254 -5.539349 199.442322 -48.244156 -5.414471 200.541061 -48.060253 -5.095938 201.459351 -47.792198 -4.631657 202.059097 -47.480316 -4.091459 202.250092 -50.129105 -5.010993 133.927826 -50.036308 -4.918197 168.088959 -49.850716 -4.732605 190.863037 -49.640968 -4.522860 199.442322 -49.539009 -4.420897 200.541061 -49.278927 -4.160816 201.459351 -48.899841 -3.781732 202.059097 -48.458771 -3.340662 202.250092 -51.963253 1.834151 65.605553 -51.255299 3.543307 3.469929 -51.255299 3.543307 65.605553 -51.963253 1.834151 3.469929 -50.129105 5.010993 3.469929 -50.129105 5.010993 65.605553 -48.661419 6.137188 3.469929 -48.661419 6.137188 65.605553 -46.952259 6.845144 3.469929 -46.952259 6.845144 65.605553 -45.118111 7.086614 3.469929 -45.118111 7.086614 65.605553 -43.283958 6.845144 3.469929 -43.283958 6.845144 65.605553 -41.574802 6.137188 3.469929 -41.574802 6.137188 65.605553 -40.107117 5.010993 3.469929 -40.107117 5.010993 65.605553 -38.980923 3.543307 65.605553 -38.980923 3.543307 3.469929 -38.272968 1.834151 65.605553 -38.272968 1.834151 3.469929 -38.031498 -0.000000 65.605553 -38.031498 -0.000000 3.469929 -38.272968 -1.834151 3.469929 -38.272968 -1.834151 65.605553 -38.980923 -3.543307 3.469929 -38.980923 -3.543307 65.605553 -49.681538 -1.222767 202.250092 -49.842518 0.000000 202.250092 -49.209568 -2.362205 202.250092 -40.107117 -5.010993 3.469929 -40.107117 -5.010993 65.605553 -41.574802 -6.137188 3.469929 -41.574802 -6.137188 65.605553 -43.283958 -6.845144 3.469929 -43.283958 -6.845144 65.605553 -45.118111 -7.086614 3.469929 -45.118111 -7.086614 65.605553 -46.952259 -6.845144 3.469929 -46.952259 -6.845144 65.605553 -48.661419 -6.137188 3.469929 -48.661419 -6.137188 65.605553 -50.129105 -5.010993 3.469929 -50.129105 -5.010993 65.605553 -51.255299 -3.543307 133.927826 -51.255299 -3.543307 65.605553 -51.255299 -3.543307 3.469929 -51.963253 -1.834151 133.927826 -51.963253 -1.834151 65.605553 -51.963253 -1.834151 3.469929 -52.204723 0.000000 133.927826 -52.204723 0.000000 3.469929 -52.204723 0.000000 65.605553 -52.073490 0.000000 168.088959 -51.811024 0.000000 190.863037 -51.514400 0.000000 199.442322 -51.370205 0.000000 200.541061 -51.002392 0.000000 201.459351 -50.466286 0.000000 202.059097 -51.141647 -3.477690 168.088959 -50.914345 -3.346457 190.863037 -50.657459 -3.198145 199.442322 -50.532581 -3.126046 200.541061 -50.214046 -2.942141 201.459351 -49.749767 -2.674088 202.059097 -51.836491 -1.800185 168.088959 -51.582970 -1.732253 190.863037 -51.296452 -1.655482 199.442322 -51.157169 -1.618161 200.541061 -50.801891 -1.522964 201.459351 -50.284054 -1.384210 202.059097 -51.343872 3.594446 2.642263 -52.357967 1.939914 1.870045 -52.062046 1.860622 2.642263 -51.609188 3.747626 1.870045 -51.097630 5.979520 0.364701 -52.441498 4.228159 -0.000000 -52.441498 4.228159 0.364701 -51.097630 5.979520 -0.000000 -52.135265 4.051357 0.729401 -50.847595 5.729484 0.729401 -50.764248 5.646139 1.205833 -52.033188 3.992423 0.729401 -52.033188 3.992423 1.205833 -50.764248 5.646139 0.729401 -50.418053 5.299944 1.870045 -50.201424 5.083314 2.642263 -49.346268 7.323387 -0.000000 -49.346268 7.323387 0.364701 -49.169468 7.017156 0.729401 -49.110535 6.915079 0.729401 -49.110535 6.915079 1.205833 -48.865738 6.491079 1.870045 -48.712555 6.225763 2.642263 -47.306767 8.168177 -0.000000 -47.306767 8.168177 0.364701 -47.215248 7.826621 0.729401 -47.184742 7.712769 0.729401 -47.184742 7.712769 1.205833 -47.058025 7.239858 1.870045 -46.978733 6.943936 2.642263 -45.118111 8.456319 -0.000000 -45.118111 8.456319 0.364701 -45.118111 8.102714 0.729401 -45.118111 7.984846 0.729401 -45.118111 7.984846 1.205833 -45.118111 7.495253 1.870045 -45.118111 7.188892 2.642263 -42.929455 8.168177 -0.000000 -42.929455 8.168177 0.364701 -43.020973 7.826621 0.729401 -43.051479 7.712769 0.729401 -43.051479 7.712769 1.205833 -43.178196 7.239858 1.870045 -43.257488 6.943936 2.642263 -40.889950 7.323387 -0.000000 -40.889950 7.323387 0.364701 -41.066753 7.017156 0.729401 -41.125687 6.915079 0.729401 -41.125687 6.915079 1.205833 -41.370483 6.491079 1.870045 -41.523663 6.225763 2.642263 -39.138592 5.979520 -0.000000 -39.138592 5.979520 0.364701 -39.388626 5.729484 0.729401 -39.471973 5.646139 0.729401 -39.471973 5.646139 1.205833 -39.818165 5.299944 1.870045 -40.034798 5.083314 2.642263 -37.794724 4.228159 0.364701 -37.794724 4.228159 -0.000000 -38.100956 4.051357 0.729401 -38.203030 3.992423 1.205833 -38.203030 3.992423 0.729401 -38.627029 3.747626 1.870045 -38.892349 3.594446 2.642263 -36.949932 2.188656 0.364701 -36.949932 2.188656 -0.000000 -37.291489 2.097137 0.729401 -37.405342 2.066630 1.205833 -37.405342 2.066630 0.729401 -37.878254 1.939914 1.870045 -38.174175 1.860622 2.642263 -36.661793 -0.000000 0.364701 -36.661793 -0.000000 -0.000000 -37.015396 -0.000000 0.729401 -37.133263 -0.000000 1.205833 -37.133263 -0.000000 0.729401 -37.622856 -0.000000 1.870045 -37.929218 -0.000000 2.642263 -36.949932 -2.188656 0.364701 -36.949932 -2.188656 -0.000000 -37.291489 -2.097137 0.729401 -37.405342 -2.066630 1.205833 -37.405342 -2.066630 0.729401 -37.878254 -1.939914 1.870045 -38.174175 -1.860622 2.642263 -37.794724 -4.228159 0.364701 -37.794724 -4.228159 -0.000000 -38.100956 -4.051357 0.729401 -38.203030 -3.992423 1.205833 -38.203030 -3.992423 0.729401 -38.627029 -3.747626 1.870045 -38.892349 -3.594446 2.642263 -39.138592 -5.979520 0.364701 -39.138592 -5.979520 -0.000000 -39.388626 -5.729484 0.729401 -39.471973 -5.646139 1.205833 -39.471973 -5.646139 0.729401 -39.818165 -5.299944 1.870045 -40.034798 -5.083314 2.642263 -40.889950 -7.323387 -0.000000 -40.889950 -7.323387 0.364701 -41.066753 -7.017156 0.729401 -41.125687 -6.915079 0.729401 -41.125687 -6.915079 1.205833 -41.370483 -6.491079 1.870045 -41.523663 -6.225763 2.642263 -42.929455 -8.168177 -0.000000 -42.929455 -8.168177 0.364701 -43.020973 -7.826621 0.729401 -43.051479 -7.712769 0.729401 -43.051479 -7.712769 1.205833 -43.178196 -7.239858 1.870045 -43.257488 -6.943936 2.642263 -45.118111 -8.456319 -0.000000 -45.118111 -8.456319 0.364701 -45.118111 -8.102714 0.729401 -45.118111 -7.984846 0.729401 -45.118111 -7.984846 1.205833 -45.118111 -7.495253 1.870045 -45.118111 -7.188892 2.642263 -47.306767 -8.168177 -0.000000 -47.306767 -8.168177 0.364701 -47.215248 -7.826621 0.729401 -47.184742 -7.712769 0.729401 -47.184742 -7.712769 1.205833 -47.058025 -7.239858 1.870045 -46.978733 -6.943936 2.642263 -49.346268 -7.323387 -0.000000 -49.346268 -7.323387 0.364701 -49.169468 -7.017156 0.729401 -49.110535 -6.915079 0.729401 -49.110535 -6.915079 1.205833 -48.865738 -6.491079 1.870045 -48.712555 -6.225763 2.642263 -51.097630 -5.979520 -0.000000 -51.097630 -5.979520 0.364701 -50.847595 -5.729484 0.729401 -50.764248 -5.646139 0.729401 -50.764248 -5.646139 1.205833 -50.418053 -5.299944 1.870045 -50.201424 -5.083314 2.642263 -52.441498 -4.228159 0.364701 -52.441498 -4.228159 -0.000000 -52.135265 -4.051357 0.729401 -52.033188 -3.992423 1.205833 -52.033188 -3.992423 0.729401 -51.609188 -3.747626 1.870045 -51.343872 -3.594446 2.642263 -52.944733 -2.097137 0.729401 -53.102955 0.000000 0.729401 -53.220825 0.000000 0.729401 -52.830879 -2.066630 0.729401 -52.944733 2.097137 0.729401 -52.830879 2.066630 0.729401 -53.286285 2.188656 0.364701 -53.574429 0.000000 -0.000000 -53.574429 0.000000 0.364701 -53.286285 2.188656 -0.000000 -52.830879 2.066630 1.205833 -53.102955 0.000000 1.205833 -52.613361 0.000000 1.870045 -52.307003 0.000000 2.642263 -53.286285 -2.188656 0.364701 -53.286285 -2.188656 -0.000000 -52.830879 -2.066630 1.205833 -52.357967 -1.939914 1.870045 -52.062046 -1.860622 2.642263 -55.431545 5.954464 -2.152840 -56.621250 3.082258 -2.639107 -56.621250 3.082258 -2.152840 -55.431545 5.954464 -2.639107 -54.303703 5.303305 -1.293600 -55.838337 2.872476 -2.152840 -55.363308 2.745193 -1.293600 -54.729603 5.549197 -2.152840 -53.731777 4.973104 -0.564470 -54.725407 2.574268 -0.564470 -53.954861 2.367800 -0.000000 -53.040924 4.574239 -0.000000 -53.538994 8.420884 -2.152840 -53.538994 8.420884 -2.639107 -52.618114 7.500005 -1.293600 -52.965858 7.847749 -2.152840 -52.151142 7.033031 -0.564470 -51.587063 6.468951 -0.000000 -51.072575 10.313435 -2.639107 -51.072575 10.313435 -2.152840 -50.667309 9.611491 -2.152840 -50.421413 9.185593 -1.293600 -50.091213 8.613667 -0.564470 -49.692348 7.922815 -0.000000 -48.200367 11.503141 -2.639107 -48.200367 11.503141 -2.152840 -47.990585 10.720225 -2.152840 -47.863304 10.245198 -1.293600 -47.692379 9.607298 -0.564470 -47.485912 8.836752 -0.000000 -45.118111 11.908928 -2.639107 -45.118111 11.908928 -2.152840 -45.118111 11.098393 -2.152840 -45.118111 10.606609 -1.293600 -45.118111 9.946207 -0.564470 -45.118111 9.148479 -0.000000 -42.035854 11.503141 -2.639107 -42.035854 11.503141 -2.152840 -42.245636 10.720225 -2.152840 -42.372917 10.245198 -1.293600 -42.543842 9.607298 -0.564470 -42.750309 8.836752 -0.000000 -39.163647 10.313435 -2.639107 -39.163647 10.313435 -2.152840 -39.568913 9.611491 -2.152840 -39.814804 9.185593 -1.293600 -40.145008 8.613667 -0.564470 -40.543873 7.922815 -0.000000 -36.697227 8.420884 -2.639107 -36.697227 8.420884 -2.152840 -37.270359 7.847749 -2.152840 -37.618103 7.500005 -1.293600 -38.085079 7.033031 -0.564470 -38.649158 6.468951 -0.000000 -34.804676 5.954464 -2.152840 -34.804676 5.954464 -2.639107 -35.506618 5.549197 -2.152840 -35.932518 5.303305 -1.293600 -36.504444 4.973104 -0.564470 -37.195297 4.574239 -0.000000 -33.614967 3.082258 -2.152840 -33.614967 3.082258 -2.639107 -34.397884 2.872476 -2.152840 -34.872913 2.745193 -1.293600 -35.510811 2.574268 -0.564470 -36.281357 2.367800 -0.000000 -33.209183 -0.000000 -2.152840 -33.209183 -0.000000 -2.639107 -34.511501 -0.000000 -1.293600 -34.019718 -0.000000 -2.152840 -35.171902 -0.000000 -0.564470 -35.969631 -0.000000 -0.000000 -33.614967 -3.082258 -2.639107 -33.614967 -3.082258 -2.152840 -34.872913 -2.745193 -1.293600 -34.397884 -2.872476 -2.152840 -35.510811 -2.574268 -0.564470 -36.281357 -2.367800 -0.000000 -34.804676 -5.954464 -2.152840 -34.804676 -5.954464 -2.639107 -35.932518 -5.303305 -1.293600 -35.506618 -5.549197 -2.152840 -36.504444 -4.973104 -0.564470 -37.195297 -4.574239 -0.000000 -36.697227 -8.420884 -2.152840 -36.697227 -8.420884 -2.639107 -37.618103 -7.500005 -1.293600 -37.270359 -7.847749 -2.152840 -38.085079 -7.033031 -0.564470 -38.649158 -6.468951 -0.000000 -39.163647 -10.313435 -2.639107 -39.163647 -10.313435 -2.152840 -39.568913 -9.611491 -2.152840 -39.814804 -9.185593 -1.293600 -40.145008 -8.613667 -0.564470 -40.543873 -7.922815 -0.000000 -42.035854 -11.503141 -2.639107 -42.035854 -11.503141 -2.152840 -42.245636 -10.720225 -2.152840 -42.372917 -10.245198 -1.293600 -42.543842 -9.607298 -0.564470 -42.750309 -8.836752 -0.000000 -45.118111 -11.908928 -2.639107 -45.118111 -11.908928 -2.152840 -45.118111 -11.098393 -2.152840 -45.118111 -10.606609 -1.293600 -45.118111 -9.946207 -0.564470 -45.118111 -9.148479 -0.000000 -48.200367 -11.503141 -2.639107 -48.200367 -11.503141 -2.152840 -47.990585 -10.720225 -2.152840 -47.863304 -10.245198 -1.293600 -47.692379 -9.607298 -0.564470 -47.485912 -8.836752 -0.000000 -51.072575 -10.313435 -2.639107 -51.072575 -10.313435 -2.152840 -50.667309 -9.611491 -2.152840 -50.421413 -9.185593 -1.293600 -50.091213 -8.613667 -0.564470 -49.692348 -7.922815 -0.000000 -53.538994 -8.420884 -2.639107 -53.538994 -8.420884 -2.152840 -52.965858 -7.847749 -2.152840 -52.618114 -7.500005 -1.293600 -52.151142 -7.033031 -0.564470 -51.587063 -6.468951 -0.000000 -53.954861 -2.367800 -0.000000 -54.266590 0.000000 -0.000000 -53.040924 -4.574239 -0.000000 -56.621250 -3.082258 -2.152840 -57.027039 0.000000 -2.152840 -56.216503 0.000000 -2.152840 -55.838337 -2.872476 -2.152840 -55.431545 -5.954464 -2.152840 -54.729603 -5.549197 -2.152840 -57.027039 0.000000 -2.639107 -55.724720 0.000000 -1.293600 -55.064316 0.000000 -0.564470 -55.431545 -5.954464 -2.639107 -54.303703 -5.303305 -1.293600 -53.731777 -4.973104 -0.564470 -56.621250 -3.082258 -2.639107 -55.363308 -2.745193 -1.293600 -54.725407 -2.574268 -0.564470 43.346542 3.477690 168.088959 42.524937 1.834151 133.927826 42.651695 1.800185 168.088959 43.232891 3.543307 133.927826 43.573845 3.346457 190.863037 42.905220 1.732253 190.863037 43.830730 3.198145 199.442322 43.191738 1.655482 199.442322 43.955608 3.126046 200.541061 43.331020 1.618161 200.541061 44.274139 2.942141 201.459351 43.686298 1.522964 201.459351 44.204136 1.384210 202.059097 44.738422 2.674088 202.059097 44.806648 1.222767 202.250092 45.278622 2.362205 202.250092 44.451881 4.918197 168.088959 44.359085 5.010993 133.927826 44.637474 4.732605 190.863037 44.847218 4.522860 199.442322 44.949181 4.420897 200.541061 45.209263 4.160816 201.459351 45.588345 3.781732 202.059097 46.029415 3.340662 202.250092 45.826771 6.137188 133.927826 45.892387 6.023536 168.088959 46.023621 5.796233 190.863037 46.171932 5.539349 199.442322 46.244034 5.414471 200.541061 46.427937 5.095938 201.459351 46.695992 4.631657 202.059097 47.007874 4.091459 202.250092 47.535927 6.845144 133.927826 47.569893 6.718382 168.088959 47.637825 6.464858 190.863037 47.714596 6.178341 199.442322 47.751919 6.039058 200.541061 47.847115 5.683780 201.459351 47.985870 5.165942 202.059097 48.147312 4.563429 202.250092 49.370079 7.086614 133.927826 49.370079 6.955380 168.088959 49.370079 6.692914 190.863037 49.370079 6.396289 199.442322 49.370079 6.252093 200.541061 49.370079 5.884282 201.459351 49.370079 5.348177 202.059097 49.370079 4.724410 202.250092 51.204231 6.845144 133.927826 51.170265 6.718382 168.088959 51.102333 6.464858 190.863037 51.025558 6.178341 199.442322 50.988239 6.039058 200.541061 50.893044 5.683780 201.459351 50.754288 5.165942 202.059097 50.592846 4.563429 202.250092 52.913387 6.137188 133.927826 52.847771 6.023536 168.088959 52.716534 5.796233 190.863037 52.568222 5.539349 199.442322 52.496124 5.414471 200.541061 52.312222 5.095938 201.459351 52.044167 4.631657 202.059097 51.732285 4.091459 202.250092 54.381073 5.010993 133.927826 54.288277 4.918197 168.088959 54.102684 4.732605 190.863037 53.892937 4.522860 199.442322 53.790977 4.420897 200.541061 53.530895 4.160816 201.459351 53.151810 3.781732 202.059097 52.710739 3.340662 202.250092 55.507267 3.543307 133.927826 55.393616 3.477690 168.088959 55.166313 3.346457 190.863037 54.909428 3.198145 199.442322 54.784550 3.126046 200.541061 54.466015 2.942141 201.459351 54.001736 2.674088 202.059097 53.461536 2.362205 202.250092 56.215221 1.834151 133.927826 56.088459 1.800185 168.088959 55.834938 1.732253 190.863037 55.548420 1.655482 199.442322 55.409138 1.618161 200.541061 55.053860 1.522964 201.459351 54.536022 1.384210 202.059097 53.933506 1.222767 202.250092 56.325459 -0.000000 168.088959 56.456692 -0.000000 133.927826 56.062992 -0.000000 190.863037 55.766369 -0.000000 199.442322 55.622173 -0.000000 200.541061 55.254360 -0.000000 201.459351 54.718254 -0.000000 202.059097 54.094490 -0.000000 202.250092 56.088459 -1.800185 168.088959 56.215221 -1.834151 133.927826 55.834938 -1.732253 190.863037 55.548420 -1.655482 199.442322 55.409138 -1.618161 200.541061 55.053860 -1.522964 201.459351 54.536022 -1.384210 202.059097 53.933506 -1.222767 202.250092 55.393616 -3.477690 168.088959 55.507267 -3.543307 133.927826 55.166313 -3.346457 190.863037 54.909428 -3.198145 199.442322 54.784550 -3.126046 200.541061 54.466015 -2.942141 201.459351 54.001736 -2.674088 202.059097 53.461536 -2.362205 202.250092 54.288277 -4.918197 168.088959 54.381073 -5.010993 133.927826 54.102684 -4.732605 190.863037 53.892937 -4.522860 199.442322 53.790977 -4.420897 200.541061 53.530895 -4.160816 201.459351 53.151810 -3.781732 202.059097 52.710739 -3.340662 202.250092 52.913387 -6.137188 133.927826 52.847771 -6.023536 168.088959 52.716534 -5.796233 190.863037 52.568222 -5.539349 199.442322 52.496124 -5.414471 200.541061 52.312222 -5.095938 201.459351 52.044167 -4.631657 202.059097 51.732285 -4.091459 202.250092 51.204231 -6.845144 133.927826 51.170265 -6.718382 168.088959 51.102333 -6.464858 190.863037 51.025558 -6.178341 199.442322 50.988239 -6.039058 200.541061 50.893044 -5.683780 201.459351 50.754288 -5.165942 202.059097 50.592846 -4.563429 202.250092 49.370079 -7.086614 133.927826 49.370079 -6.955380 168.088959 49.370079 -6.692914 190.863037 49.370079 -6.396289 199.442322 49.370079 -6.252093 200.541061 49.370079 -5.884282 201.459351 49.370079 -5.348177 202.059097 49.370079 -4.724410 202.250092 47.535927 -6.845144 133.927826 47.569893 -6.718382 168.088959 47.637825 -6.464858 190.863037 47.714596 -6.178341 199.442322 47.751919 -6.039058 200.541061 47.847115 -5.683780 201.459351 47.985870 -5.165942 202.059097 48.147312 -4.563429 202.250092 45.826771 -6.137188 133.927826 45.892387 -6.023536 168.088959 46.023621 -5.796233 190.863037 46.171932 -5.539349 199.442322 46.244034 -5.414471 200.541061 46.427937 -5.095938 201.459351 46.695992 -4.631657 202.059097 47.007874 -4.091459 202.250092 44.359085 -5.010993 133.927826 44.451881 -4.918197 168.088959 44.637474 -4.732605 190.863037 44.847218 -4.522860 199.442322 44.949181 -4.420897 200.541061 45.209263 -4.160816 201.459351 45.588345 -3.781732 202.059097 46.029415 -3.340662 202.250092 42.524937 1.834151 65.605553 43.232891 3.543307 3.469929 43.232891 3.543307 65.605553 42.524937 1.834151 3.469929 44.359085 5.010993 3.469929 44.359085 5.010993 65.605553 45.826771 6.137188 3.469929 45.826771 6.137188 65.605553 47.535927 6.845144 3.469929 47.535927 6.845144 65.605553 49.370079 7.086614 3.469929 49.370079 7.086614 65.605553 51.204231 6.845144 3.469929 51.204231 6.845144 65.605553 52.913387 6.137188 3.469929 52.913387 6.137188 65.605553 54.381073 5.010993 3.469929 54.381073 5.010993 65.605553 55.507267 3.543307 65.605553 55.507267 3.543307 3.469929 56.215221 1.834151 65.605553 56.215221 1.834151 3.469929 56.456692 -0.000000 65.605553 56.456692 -0.000000 3.469929 56.215221 -1.834151 3.469929 56.215221 -1.834151 65.605553 55.507267 -3.543307 3.469929 55.507267 -3.543307 65.605553 44.806648 -1.222767 202.250092 44.645668 0.000000 202.250092 45.278622 -2.362205 202.250092 54.381073 -5.010993 3.469929 54.381073 -5.010993 65.605553 52.913387 -6.137188 3.469929 52.913387 -6.137188 65.605553 51.204231 -6.845144 3.469929 51.204231 -6.845144 65.605553 49.370079 -7.086614 3.469929 49.370079 -7.086614 65.605553 47.535927 -6.845144 3.469929 47.535927 -6.845144 65.605553 45.826771 -6.137188 3.469929 45.826771 -6.137188 65.605553 44.359085 -5.010993 3.469929 44.359085 -5.010993 65.605553 43.232891 -3.543307 133.927826 43.232891 -3.543307 65.605553 43.232891 -3.543307 3.469929 42.524937 -1.834151 133.927826 42.524937 -1.834151 65.605553 42.524937 -1.834151 3.469929 42.283466 0.000000 133.927826 42.283466 0.000000 3.469929 42.283466 0.000000 65.605553 42.414700 0.000000 168.088959 42.677166 0.000000 190.863037 42.973789 0.000000 199.442322 43.117985 0.000000 200.541061 43.485798 0.000000 201.459351 44.021900 0.000000 202.059097 43.346542 -3.477690 168.088959 43.573845 -3.346457 190.863037 43.830730 -3.198145 199.442322 43.955608 -3.126046 200.541061 44.274139 -2.942141 201.459351 44.738422 -2.674088 202.059097 42.651695 -1.800185 168.088959 42.905220 -1.732253 190.863037 43.191738 -1.655482 199.442322 43.331020 -1.618161 200.541061 43.686298 -1.522964 201.459351 44.204136 -1.384210 202.059097 43.144318 3.594446 2.642263 42.130222 1.939914 1.870045 42.426144 1.860622 2.642263 42.879002 3.747626 1.870045 43.390560 5.979520 0.364701 42.046692 4.228159 -0.000000 42.046692 4.228159 0.364701 43.390560 5.979520 -0.000000 42.352924 4.051357 0.729401 43.640594 5.729484 0.729401 43.723942 5.646139 1.205833 42.454998 3.992423 0.729401 42.454998 3.992423 1.205833 43.723942 5.646139 0.729401 44.070133 5.299944 1.870045 44.286766 5.083314 2.642263 45.141918 7.323387 -0.000000 45.141918 7.323387 0.364701 45.318722 7.017156 0.729401 45.377655 6.915079 0.729401 45.377655 6.915079 1.205833 45.622452 6.491079 1.870045 45.775635 6.225763 2.642263 47.181423 8.168177 -0.000000 47.181423 8.168177 0.364701 47.272942 7.826621 0.729401 47.303448 7.712769 0.729401 47.303448 7.712769 1.205833 47.430164 7.239858 1.870045 47.509457 6.943936 2.642263 49.370079 8.456319 -0.000000 49.370079 8.456319 0.364701 49.370079 8.102714 0.729401 49.370079 7.984846 0.729401 49.370079 7.984846 1.205833 49.370079 7.495253 1.870045 49.370079 7.188892 2.642263 51.558735 8.168177 -0.000000 51.558735 8.168177 0.364701 51.467216 7.826621 0.729401 51.436710 7.712769 0.729401 51.436710 7.712769 1.205833 51.309994 7.239858 1.870045 51.230701 6.943936 2.642263 53.598240 7.323387 -0.000000 53.598240 7.323387 0.364701 53.421436 7.017156 0.729401 53.362503 6.915079 0.729401 53.362503 6.915079 1.205833 53.117706 6.491079 1.870045 52.964523 6.225763 2.642263 55.349598 5.979520 -0.000000 55.349598 5.979520 0.364701 55.099564 5.729484 0.729401 55.016216 5.646139 0.729401 55.016216 5.646139 1.205833 54.670021 5.299944 1.870045 54.453392 5.083314 2.642263 56.693466 4.228159 0.364701 56.693466 4.228159 -0.000000 56.387234 4.051357 0.729401 56.285156 3.992423 1.205833 56.285156 3.992423 0.729401 55.861156 3.747626 1.870045 55.595840 3.594446 2.642263 57.538254 2.188656 0.364701 57.538254 2.188656 -0.000000 57.196701 2.097137 0.729401 57.082848 2.066630 1.205833 57.082848 2.066630 0.729401 56.609936 1.939914 1.870045 56.314014 1.860622 2.642263 57.826397 -0.000000 0.364701 57.826397 -0.000000 -0.000000 57.472794 -0.000000 0.729401 57.354923 -0.000000 1.205833 57.354923 -0.000000 0.729401 56.865330 -0.000000 1.870045 56.558971 -0.000000 2.642263 57.538254 -2.188656 0.364701 57.538254 -2.188656 -0.000000 57.196701 -2.097137 0.729401 57.082848 -2.066630 1.205833 57.082848 -2.066630 0.729401 56.609936 -1.939914 1.870045 56.314014 -1.860622 2.642263 56.693466 -4.228159 0.364701 56.693466 -4.228159 -0.000000 56.387234 -4.051357 0.729401 56.285156 -3.992423 1.205833 56.285156 -3.992423 0.729401 55.861156 -3.747626 1.870045 55.595840 -3.594446 2.642263 55.349598 -5.979520 0.364701 55.349598 -5.979520 -0.000000 55.099564 -5.729484 0.729401 55.016216 -5.646139 1.205833 55.016216 -5.646139 0.729401 54.670021 -5.299944 1.870045 54.453392 -5.083314 2.642263 53.598240 -7.323387 -0.000000 53.598240 -7.323387 0.364701 53.421436 -7.017156 0.729401 53.362503 -6.915079 0.729401 53.362503 -6.915079 1.205833 53.117706 -6.491079 1.870045 52.964523 -6.225763 2.642263 51.558735 -8.168177 -0.000000 51.558735 -8.168177 0.364701 51.467216 -7.826621 0.729401 51.436710 -7.712769 0.729401 51.436710 -7.712769 1.205833 51.309994 -7.239858 1.870045 51.230701 -6.943936 2.642263 49.370079 -8.456319 -0.000000 49.370079 -8.456319 0.364701 49.370079 -8.102714 0.729401 49.370079 -7.984846 0.729401 49.370079 -7.984846 1.205833 49.370079 -7.495253 1.870045 49.370079 -7.188892 2.642263 47.181423 -8.168177 -0.000000 47.181423 -8.168177 0.364701 47.272942 -7.826621 0.729401 47.303448 -7.712769 0.729401 47.303448 -7.712769 1.205833 47.430164 -7.239858 1.870045 47.509457 -6.943936 2.642263 45.141918 -7.323387 -0.000000 45.141918 -7.323387 0.364701 45.318722 -7.017156 0.729401 45.377655 -6.915079 0.729401 45.377655 -6.915079 1.205833 45.622452 -6.491079 1.870045 45.775635 -6.225763 2.642263 43.390560 -5.979520 -0.000000 43.390560 -5.979520 0.364701 43.640594 -5.729484 0.729401 43.723942 -5.646139 0.729401 43.723942 -5.646139 1.205833 44.070133 -5.299944 1.870045 44.286766 -5.083314 2.642263 42.046692 -4.228159 0.364701 42.046692 -4.228159 -0.000000 42.352924 -4.051357 0.729401 42.454998 -3.992423 1.205833 42.454998 -3.992423 0.729401 42.879002 -3.747626 1.870045 43.144318 -3.594446 2.642263 41.543457 -2.097137 0.729401 41.385235 0.000000 0.729401 41.267365 0.000000 0.729401 41.657310 -2.066630 0.729401 41.543457 2.097137 0.729401 41.657310 2.066630 0.729401 41.201900 2.188656 0.364701 40.913761 0.000000 -0.000000 40.913761 0.000000 0.364701 41.201900 2.188656 -0.000000 41.657310 2.066630 1.205833 41.385235 0.000000 1.205833 41.874825 0.000000 1.870045 42.181187 0.000000 2.642263 41.201900 -2.188656 0.364701 41.201900 -2.188656 -0.000000 41.657310 -2.066630 1.205833 42.130222 -1.939914 1.870045 42.426144 -1.860622 2.642263 39.056644 5.954464 -2.152840 37.866936 3.082258 -2.639107 37.866936 3.082258 -2.152840 39.056644 5.954464 -2.639107 40.184486 5.303305 -1.293600 38.649853 2.872476 -2.152840 39.124882 2.745193 -1.293600 39.758587 5.549197 -2.152840 40.756413 4.973104 -0.564470 39.762779 2.574268 -0.564470 40.533329 2.367800 -0.000000 41.447266 4.574239 -0.000000 40.949196 8.420884 -2.152840 40.949196 8.420884 -2.639107 41.870075 7.500005 -1.293600 41.522331 7.847749 -2.152840 42.337048 7.033031 -0.564470 42.901127 6.468951 -0.000000 43.415615 10.313435 -2.639107 43.415615 10.313435 -2.152840 43.820881 9.611491 -2.152840 44.066772 9.185593 -1.293600 44.396976 8.613667 -0.564470 44.795841 7.922815 -0.000000 46.287823 11.503141 -2.639107 46.287823 11.503141 -2.152840 46.497604 10.720225 -2.152840 46.624886 10.245198 -1.293600 46.795811 9.607298 -0.564470 47.002277 8.836752 -0.000000 49.370079 11.908928 -2.639107 49.370079 11.908928 -2.152840 49.370079 11.098393 -2.152840 49.370079 10.606609 -1.293600 49.370079 9.946207 -0.564470 49.370079 9.148479 -0.000000 52.452335 11.503141 -2.639107 52.452335 11.503141 -2.152840 52.242554 10.720225 -2.152840 52.115273 10.245198 -1.293600 51.944347 9.607298 -0.564470 51.737881 8.836752 -0.000000 55.324543 10.313435 -2.639107 55.324543 10.313435 -2.152840 54.919277 9.611491 -2.152840 54.673382 9.185593 -1.293600 54.343182 8.613667 -0.564470 53.944317 7.922815 -0.000000 57.790962 8.420884 -2.639107 57.790962 8.420884 -2.152840 57.217827 7.847749 -2.152840 56.870083 7.500005 -1.293600 56.403111 7.033031 -0.564470 55.839031 6.468951 -0.000000 59.683514 5.954464 -2.152840 59.683514 5.954464 -2.639107 58.981571 5.549197 -2.152840 58.555672 5.303305 -1.293600 57.983746 4.973104 -0.564470 57.292892 4.574239 -0.000000 60.873219 3.082258 -2.152840 60.873219 3.082258 -2.639107 60.090305 2.872476 -2.152840 59.615276 2.745193 -1.293600 58.977375 2.574268 -0.564470 58.206829 2.367800 -0.000000 61.279007 -0.000000 -2.152840 61.279007 -0.000000 -2.639107 59.976688 -0.000000 -1.293600 60.468472 -0.000000 -2.152840 59.316284 -0.000000 -0.564470 58.518559 -0.000000 -0.000000 60.873219 -3.082258 -2.639107 60.873219 -3.082258 -2.152840 59.615276 -2.745193 -1.293600 60.090305 -2.872476 -2.152840 58.977375 -2.574268 -0.564470 58.206829 -2.367800 -0.000000 59.683514 -5.954464 -2.152840 59.683514 -5.954464 -2.639107 58.555672 -5.303305 -1.293600 58.981571 -5.549197 -2.152840 57.983746 -4.973104 -0.564470 57.292892 -4.574239 -0.000000 57.790962 -8.420884 -2.152840 57.790962 -8.420884 -2.639107 56.870083 -7.500005 -1.293600 57.217827 -7.847749 -2.152840 56.403111 -7.033031 -0.564470 55.839031 -6.468951 -0.000000 55.324543 -10.313435 -2.639107 55.324543 -10.313435 -2.152840 54.919277 -9.611491 -2.152840 54.673382 -9.185593 -1.293600 54.343182 -8.613667 -0.564470 53.944317 -7.922815 -0.000000 52.452335 -11.503141 -2.639107 52.452335 -11.503141 -2.152840 52.242554 -10.720225 -2.152840 52.115273 -10.245198 -1.293600 51.944347 -9.607298 -0.564470 51.737881 -8.836752 -0.000000 49.370079 -11.908928 -2.639107 49.370079 -11.908928 -2.152840 49.370079 -11.098393 -2.152840 49.370079 -10.606609 -1.293600 49.370079 -9.946207 -0.564470 49.370079 -9.148479 -0.000000 46.287823 -11.503141 -2.639107 46.287823 -11.503141 -2.152840 46.497604 -10.720225 -2.152840 46.624886 -10.245198 -1.293600 46.795811 -9.607298 -0.564470 47.002277 -8.836752 -0.000000 43.415615 -10.313435 -2.639107 43.415615 -10.313435 -2.152840 43.820881 -9.611491 -2.152840 44.066772 -9.185593 -1.293600 44.396976 -8.613667 -0.564470 44.795841 -7.922815 -0.000000 40.949196 -8.420884 -2.639107 40.949196 -8.420884 -2.152840 41.522331 -7.847749 -2.152840 41.870075 -7.500005 -1.293600 42.337048 -7.033031 -0.564470 42.901127 -6.468951 -0.000000 40.533329 -2.367800 -0.000000 40.221600 0.000000 -0.000000 41.447266 -4.574239 -0.000000 37.866936 -3.082258 -2.152840 37.461151 0.000000 -2.152840 38.271687 0.000000 -2.152840 38.649853 -2.872476 -2.152840 39.056644 -5.954464 -2.152840 39.758587 -5.549197 -2.152840 37.461151 0.000000 -2.639107 38.763470 0.000000 -1.293600 39.423870 0.000000 -0.564470 39.056644 -5.954464 -2.639107 40.184486 -5.303305 -1.293600 40.756413 -4.973104 -0.564470 37.866936 -3.082258 -2.639107 39.124882 -2.745193 -1.293600 39.762779 -2.574268 -0.564470 137.834732 3.477690 134.538116 137.013123 1.834151 107.339325 137.139893 1.800185 134.538116 137.721085 3.543307 107.339325 138.062042 3.346457 152.670639 137.393417 1.732253 152.670639 138.318924 3.198145 159.501389 137.679932 1.655482 159.501389 138.443802 3.126046 160.376190 137.819214 1.618161 160.376190 138.762329 2.942141 161.107330 138.174484 1.522964 161.107330 138.692322 1.384210 161.584839 139.226608 2.674088 161.584839 139.294846 1.222767 161.736893 139.766815 2.362205 161.736893 138.940063 4.918197 134.538116 138.847275 5.010993 107.339325 139.125656 4.732605 152.670639 139.335403 4.522860 159.501389 139.437378 4.420897 160.376190 139.697449 4.160816 161.107330 140.076538 3.781732 161.584839 140.517609 3.340662 161.736893 140.314957 6.137188 107.339325 140.380585 6.023536 134.538116 140.511810 5.796233 152.670639 140.660126 5.539349 159.501389 140.732224 5.414471 160.376190 140.916122 5.095938 161.107330 141.184174 4.631657 161.584839 141.496063 4.091459 161.736893 142.024124 6.845144 107.339325 142.058090 6.718382 134.538116 142.126007 6.464858 152.670639 142.202789 6.178341 159.501389 142.240112 6.039058 160.376190 142.335297 5.683780 161.107330 142.474060 5.165942 161.584839 142.635498 4.563429 161.736893 143.858261 7.086614 107.339325 143.858261 6.955380 134.538116 143.858261 6.692914 152.670639 143.858261 6.396289 159.501389 143.858261 6.252093 160.376190 143.858261 5.884282 161.107330 143.858261 5.348177 161.584839 143.858261 4.724410 161.736893 145.692413 6.845144 107.339325 145.658447 6.718382 134.538116 145.590515 6.464858 152.670639 145.513748 6.178341 159.501389 145.476425 6.039058 160.376190 145.381226 5.683780 161.107330 145.242477 5.165942 161.584839 145.081039 4.563429 161.736893 147.401581 6.137188 107.339325 147.335953 6.023536 134.538116 147.204727 5.796233 152.670639 147.056412 5.539349 159.501389 146.984314 5.414471 160.376190 146.800415 5.095938 161.107330 146.532364 4.631657 161.584839 146.220474 4.091459 161.736893 148.869263 5.010993 107.339325 148.776459 4.918197 134.538116 148.590866 4.732605 152.670639 148.381134 4.522860 159.501389 148.279160 4.420897 160.376190 148.019089 4.160816 161.107330 147.639999 3.781732 161.584839 147.198929 3.340662 161.736893 149.995453 3.543307 107.339325 149.881805 3.477690 134.538116 149.654495 3.346457 152.670639 149.397614 3.198145 159.501389 149.272736 3.126046 160.376190 148.954208 2.942141 161.107330 148.489929 2.674088 161.584839 147.949722 2.362205 161.736893 150.703415 1.834151 107.339325 150.576645 1.800185 134.538116 150.323120 1.732253 152.670639 150.036606 1.655482 159.501389 149.897324 1.618161 160.376190 149.542053 1.522964 161.107330 149.024216 1.384210 161.584839 148.421692 1.222767 161.736893 150.813644 -0.000000 134.538116 150.944885 -0.000000 107.339325 150.551178 -0.000000 152.670639 150.254562 -0.000000 159.501389 150.110367 -0.000000 160.376190 149.742554 -0.000000 161.107330 149.206451 -0.000000 161.584839 148.582672 -0.000000 161.736893 150.576645 -1.800185 134.538116 150.703415 -1.834151 107.339325 150.323120 -1.732253 152.670639 150.036606 -1.655482 159.501389 149.897324 -1.618161 160.376190 149.542053 -1.522964 161.107330 149.024216 -1.384210 161.584839 148.421692 -1.222767 161.736893 149.881805 -3.477690 134.538116 149.995453 -3.543307 107.339325 149.654495 -3.346457 152.670639 149.397614 -3.198145 159.501389 149.272736 -3.126046 160.376190 148.954208 -2.942141 161.107330 148.489929 -2.674088 161.584839 147.949722 -2.362205 161.736893 148.776459 -4.918197 134.538116 148.869263 -5.010993 107.339325 148.590866 -4.732605 152.670639 148.381134 -4.522860 159.501389 148.279160 -4.420897 160.376190 148.019089 -4.160816 161.107330 147.639999 -3.781732 161.584839 147.198929 -3.340662 161.736893 147.401581 -6.137188 107.339325 147.335953 -6.023536 134.538116 147.204727 -5.796233 152.670639 147.056412 -5.539349 159.501389 146.984314 -5.414471 160.376190 146.800415 -5.095938 161.107330 146.532364 -4.631657 161.584839 146.220474 -4.091459 161.736893 145.692413 -6.845144 107.339325 145.658447 -6.718382 134.538116 145.590515 -6.464858 152.670639 145.513748 -6.178341 159.501389 145.476425 -6.039058 160.376190 145.381226 -5.683780 161.107330 145.242477 -5.165942 161.584839 145.081039 -4.563429 161.736893 143.858261 -7.086614 107.339325 143.858261 -6.955380 134.538116 143.858261 -6.692914 152.670639 143.858261 -6.396289 159.501389 143.858261 -6.252093 160.376190 143.858261 -5.884282 161.107330 143.858261 -5.348177 161.584839 143.858261 -4.724410 161.736893 142.024124 -6.845144 107.339325 142.058090 -6.718382 134.538116 142.126007 -6.464858 152.670639 142.202789 -6.178341 159.501389 142.240112 -6.039058 160.376190 142.335297 -5.683780 161.107330 142.474060 -5.165942 161.584839 142.635498 -4.563429 161.736893 140.314957 -6.137188 107.339325 140.380585 -6.023536 134.538116 140.511810 -5.796233 152.670639 140.660126 -5.539349 159.501389 140.732224 -5.414471 160.376190 140.916122 -5.095938 161.107330 141.184174 -4.631657 161.584839 141.496063 -4.091459 161.736893 138.847275 -5.010993 107.339325 138.940063 -4.918197 134.538116 139.125656 -4.732605 152.670639 139.335403 -4.522860 159.501389 139.437378 -4.420897 160.376190 139.697449 -4.160816 161.107330 140.076538 -3.781732 161.584839 140.517609 -3.340662 161.736893 137.013123 1.834151 52.941753 137.721085 3.543307 3.469929 137.721085 3.543307 52.941753 137.013123 1.834151 3.469929 138.847275 5.010993 3.469929 138.847275 5.010993 52.941753 140.314957 6.137188 3.469929 140.314957 6.137188 52.941753 142.024124 6.845144 3.469929 142.024124 6.845144 52.941753 143.858261 7.086614 3.469929 143.858261 7.086614 52.941753 145.692413 6.845144 3.469929 145.692413 6.845144 52.941753 147.401581 6.137188 3.469929 147.401581 6.137188 52.941753 148.869263 5.010993 3.469929 148.869263 5.010993 52.941753 149.995453 3.543307 52.941753 149.995453 3.543307 3.469929 150.703415 1.834151 52.941753 150.703415 1.834151 3.469929 150.944885 -0.000000 52.941753 150.944885 -0.000000 3.469929 150.703415 -1.834151 3.469929 150.703415 -1.834151 52.941753 149.995453 -3.543307 3.469929 149.995453 -3.543307 52.941753 139.294846 -1.222767 161.736893 139.133865 0.000000 161.736893 139.766815 -2.362205 161.736893 148.869263 -5.010993 3.469929 148.869263 -5.010993 52.941753 147.401581 -6.137188 3.469929 147.401581 -6.137188 52.941753 145.692413 -6.845144 3.469929 145.692413 -6.845144 52.941753 143.858261 -7.086614 3.469929 143.858261 -7.086614 52.941753 142.024124 -6.845144 3.469929 142.024124 -6.845144 52.941753 140.314957 -6.137188 3.469929 140.314957 -6.137188 52.941753 138.847275 -5.010993 3.469929 138.847275 -5.010993 52.941753 137.721085 -3.543307 107.339325 137.721085 -3.543307 52.941753 137.721085 -3.543307 3.469929 137.013123 -1.834151 107.339325 137.013123 -1.834151 52.941753 137.013123 -1.834151 3.469929 136.771652 0.000000 107.339325 136.771652 0.000000 3.469929 136.771652 0.000000 52.941753 136.902893 0.000000 134.538116 137.165359 0.000000 152.670639 137.461975 0.000000 159.501389 137.606171 0.000000 160.376190 137.973984 0.000000 161.107330 138.510086 0.000000 161.584839 137.834732 -3.477690 134.538116 138.062042 -3.346457 152.670639 138.318924 -3.198145 159.501389 138.443802 -3.126046 160.376190 138.762329 -2.942141 161.107330 139.226608 -2.674088 161.584839 137.139893 -1.800185 134.538116 137.393417 -1.732253 152.670639 137.679932 -1.655482 159.501389 137.819214 -1.618161 160.376190 138.174484 -1.522964 161.107330 138.692322 -1.384210 161.584839 137.632507 3.594446 2.642263 136.618408 1.939914 1.870045 136.914337 1.860622 2.642263 137.367188 3.747626 1.870045 137.878754 5.979520 0.364701 136.534882 4.228159 -0.000000 136.534882 4.228159 0.364701 137.878754 5.979520 -0.000000 136.841110 4.051357 0.729401 138.128784 5.729484 0.729401 138.212128 5.646139 1.205833 136.943192 3.992423 0.729401 136.943192 3.992423 1.205833 138.212128 5.646139 0.729401 138.558319 5.299944 1.870045 138.774948 5.083314 2.642263 139.630112 7.323387 -0.000000 139.630112 7.323387 0.364701 139.806915 7.017156 0.729401 139.865845 6.915079 0.729401 139.865845 6.915079 1.205833 140.110641 6.491079 1.870045 140.263824 6.225763 2.642263 141.669617 8.168177 -0.000000 141.669617 8.168177 0.364701 141.761124 7.826621 0.729401 141.791641 7.712769 0.729401 141.791641 7.712769 1.205833 141.918350 7.239858 1.870045 141.997650 6.943936 2.642263 143.858261 8.456319 -0.000000 143.858261 8.456319 0.364701 143.858261 8.102714 0.729401 143.858261 7.984846 0.729401 143.858261 7.984846 1.205833 143.858261 7.495253 1.870045 143.858261 7.188892 2.642263 146.046921 8.168177 -0.000000 146.046921 8.168177 0.364701 145.955399 7.826621 0.729401 145.924896 7.712769 0.729401 145.924896 7.712769 1.205833 145.798187 7.239858 1.870045 145.718887 6.943936 2.642263 148.086426 7.323387 -0.000000 148.086426 7.323387 0.364701 147.909622 7.017156 0.729401 147.850693 6.915079 0.729401 147.850693 6.915079 1.205833 147.605896 6.491079 1.870045 147.452713 6.225763 2.642263 149.837784 5.979520 -0.000000 149.837784 5.979520 0.364701 149.587753 5.729484 0.729401 149.504410 5.646139 0.729401 149.504410 5.646139 1.205833 149.158218 5.299944 1.870045 148.941589 5.083314 2.642263 151.181656 4.228159 0.364701 151.181656 4.228159 -0.000000 150.875427 4.051357 0.729401 150.773346 3.992423 1.205833 150.773346 3.992423 0.729401 150.349350 3.747626 1.870045 150.084030 3.594446 2.642263 152.026443 2.188656 0.364701 152.026443 2.188656 -0.000000 151.684891 2.097137 0.729401 151.571030 2.066630 1.205833 151.571030 2.066630 0.729401 151.098129 1.939914 1.870045 150.802200 1.860622 2.642263 152.314590 -0.000000 0.364701 152.314590 -0.000000 -0.000000 151.960983 -0.000000 0.729401 151.843109 -0.000000 1.205833 151.843109 -0.000000 0.729401 151.353516 -0.000000 1.870045 151.047165 -0.000000 2.642263 152.026443 -2.188656 0.364701 152.026443 -2.188656 -0.000000 151.684891 -2.097137 0.729401 151.571030 -2.066630 1.205833 151.571030 -2.066630 0.729401 151.098129 -1.939914 1.870045 150.802200 -1.860622 2.642263 151.181656 -4.228159 0.364701 151.181656 -4.228159 -0.000000 150.875427 -4.051357 0.729401 150.773346 -3.992423 1.205833 150.773346 -3.992423 0.729401 150.349350 -3.747626 1.870045 150.084030 -3.594446 2.642263 149.837784 -5.979520 0.364701 149.837784 -5.979520 -0.000000 149.587753 -5.729484 0.729401 149.504410 -5.646139 1.205833 149.504410 -5.646139 0.729401 149.158218 -5.299944 1.870045 148.941589 -5.083314 2.642263 148.086426 -7.323387 -0.000000 148.086426 -7.323387 0.364701 147.909622 -7.017156 0.729401 147.850693 -6.915079 0.729401 147.850693 -6.915079 1.205833 147.605896 -6.491079 1.870045 147.452713 -6.225763 2.642263 146.046921 -8.168177 -0.000000 146.046921 -8.168177 0.364701 145.955399 -7.826621 0.729401 145.924896 -7.712769 0.729401 145.924896 -7.712769 1.205833 145.798187 -7.239858 1.870045 145.718887 -6.943936 2.642263 143.858261 -8.456319 -0.000000 143.858261 -8.456319 0.364701 143.858261 -8.102714 0.729401 143.858261 -7.984846 0.729401 143.858261 -7.984846 1.205833 143.858261 -7.495253 1.870045 143.858261 -7.188892 2.642263 141.669617 -8.168177 -0.000000 141.669617 -8.168177 0.364701 141.761124 -7.826621 0.729401 141.791641 -7.712769 0.729401 141.791641 -7.712769 1.205833 141.918350 -7.239858 1.870045 141.997650 -6.943936 2.642263 139.630112 -7.323387 -0.000000 139.630112 -7.323387 0.364701 139.806915 -7.017156 0.729401 139.865845 -6.915079 0.729401 139.865845 -6.915079 1.205833 140.110641 -6.491079 1.870045 140.263824 -6.225763 2.642263 137.878754 -5.979520 -0.000000 137.878754 -5.979520 0.364701 138.128784 -5.729484 0.729401 138.212128 -5.646139 0.729401 138.212128 -5.646139 1.205833 138.558319 -5.299944 1.870045 138.774948 -5.083314 2.642263 136.534882 -4.228159 0.364701 136.534882 -4.228159 -0.000000 136.841110 -4.051357 0.729401 136.943192 -3.992423 1.205833 136.943192 -3.992423 0.729401 137.367188 -3.747626 1.870045 137.632507 -3.594446 2.642263 136.031647 -2.097137 0.729401 135.873428 0.000000 0.729401 135.755554 0.000000 0.729401 136.145493 -2.066630 0.729401 136.031647 2.097137 0.729401 136.145493 2.066630 0.729401 135.690094 2.188656 0.364701 135.401947 0.000000 -0.000000 135.401947 0.000000 0.364701 135.690094 2.188656 -0.000000 136.145493 2.066630 1.205833 135.873428 0.000000 1.205833 136.363022 0.000000 1.870045 136.669373 0.000000 2.642263 135.690094 -2.188656 0.364701 135.690094 -2.188656 -0.000000 136.145493 -2.066630 1.205833 136.618408 -1.939914 1.870045 136.914337 -1.860622 2.642263 133.544830 5.954464 -2.152840 132.355133 3.082258 -2.639107 132.355133 3.082258 -2.152840 133.544830 5.954464 -2.639107 134.672668 5.303305 -1.293600 133.138046 2.872476 -2.152840 133.613068 2.745193 -1.293600 134.246780 5.549197 -2.152840 135.244598 4.973104 -0.564470 134.250977 2.574268 -0.564470 135.021515 2.367800 -0.000000 135.935455 4.574239 -0.000000 135.437378 8.420884 -2.152840 135.437378 8.420884 -2.639107 136.358261 7.500005 -1.293600 136.010513 7.847749 -2.152840 136.825241 7.033031 -0.564470 137.389313 6.468951 -0.000000 137.903809 10.313435 -2.639107 137.903809 10.313435 -2.152840 138.309067 9.611491 -2.152840 138.554962 9.185593 -1.293600 138.885162 8.613667 -0.564470 139.284027 7.922815 -0.000000 140.776016 11.503141 -2.639107 140.776016 11.503141 -2.152840 140.985794 10.720225 -2.152840 141.113068 10.245198 -1.293600 141.283997 9.607298 -0.564470 141.490463 8.836752 -0.000000 143.858261 11.908928 -2.639107 143.858261 11.908928 -2.152840 143.858261 11.098393 -2.152840 143.858261 10.606609 -1.293600 143.858261 9.946207 -0.564470 143.858261 9.148479 -0.000000 146.940521 11.503141 -2.639107 146.940521 11.503141 -2.152840 146.730743 10.720225 -2.152840 146.603455 10.245198 -1.293600 146.432541 9.607298 -0.564470 146.226074 8.836752 -0.000000 149.812729 10.313435 -2.639107 149.812729 10.313435 -2.152840 149.407471 9.611491 -2.152840 149.161575 9.185593 -1.293600 148.831375 8.613667 -0.564470 148.432510 7.922815 -0.000000 152.279144 8.420884 -2.639107 152.279144 8.420884 -2.152840 151.706024 7.847749 -2.152840 151.358276 7.500005 -1.293600 150.891296 7.033031 -0.564470 150.327225 6.468951 -0.000000 154.171707 5.954464 -2.152840 154.171707 5.954464 -2.639107 153.469757 5.549197 -2.152840 153.043854 5.303305 -1.293600 152.471939 4.973104 -0.564470 151.781082 4.574239 -0.000000 155.361404 3.082258 -2.152840 155.361404 3.082258 -2.639107 154.578491 2.872476 -2.152840 154.103470 2.745193 -1.293600 153.465561 2.574268 -0.564470 152.695023 2.367800 -0.000000 155.767197 -0.000000 -2.152840 155.767197 -0.000000 -2.639107 154.464874 -0.000000 -1.293600 154.956665 -0.000000 -2.152840 153.804474 -0.000000 -0.564470 153.006744 -0.000000 -0.000000 155.361404 -3.082258 -2.639107 155.361404 -3.082258 -2.152840 154.103470 -2.745193 -1.293600 154.578491 -2.872476 -2.152840 153.465561 -2.574268 -0.564470 152.695023 -2.367800 -0.000000 154.171707 -5.954464 -2.152840 154.171707 -5.954464 -2.639107 153.043854 -5.303305 -1.293600 153.469757 -5.549197 -2.152840 152.471939 -4.973104 -0.564470 151.781082 -4.574239 -0.000000 152.279144 -8.420884 -2.152840 152.279144 -8.420884 -2.639107 151.358276 -7.500005 -1.293600 151.706024 -7.847749 -2.152840 150.891296 -7.033031 -0.564470 150.327225 -6.468951 -0.000000 149.812729 -10.313435 -2.639107 149.812729 -10.313435 -2.152840 149.407471 -9.611491 -2.152840 149.161575 -9.185593 -1.293600 148.831375 -8.613667 -0.564470 148.432510 -7.922815 -0.000000 146.940521 -11.503141 -2.639107 146.940521 -11.503141 -2.152840 146.730743 -10.720225 -2.152840 146.603455 -10.245198 -1.293600 146.432541 -9.607298 -0.564470 146.226074 -8.836752 -0.000000 143.858261 -11.908928 -2.639107 143.858261 -11.908928 -2.152840 143.858261 -11.098393 -2.152840 143.858261 -10.606609 -1.293600 143.858261 -9.946207 -0.564470 143.858261 -9.148479 -0.000000 140.776016 -11.503141 -2.639107 140.776016 -11.503141 -2.152840 140.985794 -10.720225 -2.152840 141.113068 -10.245198 -1.293600 141.283997 -9.607298 -0.564470 141.490463 -8.836752 -0.000000 137.903809 -10.313435 -2.639107 137.903809 -10.313435 -2.152840 138.309067 -9.611491 -2.152840 138.554962 -9.185593 -1.293600 138.885162 -8.613667 -0.564470 139.284027 -7.922815 -0.000000 135.437378 -8.420884 -2.639107 135.437378 -8.420884 -2.152840 136.010513 -7.847749 -2.152840 136.358261 -7.500005 -1.293600 136.825241 -7.033031 -0.564470 137.389313 -6.468951 -0.000000 135.021515 -2.367800 -0.000000 134.709793 0.000000 -0.000000 135.935455 -4.574239 -0.000000 132.355133 -3.082258 -2.152840 131.949341 0.000000 -2.152840 132.759872 0.000000 -2.152840 133.138046 -2.872476 -2.152840 133.544830 -5.954464 -2.152840 134.246780 -5.549197 -2.152840 131.949341 0.000000 -2.639107 133.251663 0.000000 -1.293600 133.912064 0.000000 -0.564470 133.544830 -5.954464 -2.639107 134.672668 -5.303305 -1.293600 135.244598 -4.973104 -0.564470 132.355133 -3.082258 -2.639107 133.613068 -2.745193 -1.293600 134.250977 -2.574268 -0.564470 "
							            />
						</IndexedFaceSet>
					</Shape>
				</Group>
			</Transform>
		</Transform>
	</Scene>
</X3D>