<?xml version="1.0" encoding="UTF-8"?>
<!DOCTYPE X3D PUBLIC "ISO//Web3D//DTD X3D 3.0//EN" "http://www.web3d.org/specifications/x3d-3.0.dtd">
<X3D version="3.0" profile="Immersive" xmlns:xsd="http://www.w3.org/2001/XMLSchema-instance" xsd:noNamespaceSchemaLocation="http://www.web3d.org/specifications/x3d-3.0.xsd">
	<head>
		<meta name="filename" content="45-1.x3d" />
		<meta name="created" content="2026-06-21 15:09:57" />
		<meta name="generator" content="Blender 4.5.4 LTS" />
		<meta name="translator" content="Web3D X3D/VRML2 format v2.5.1" />
	</head>
	<Scene>
		<NavigationInfo headlight="true"
		                visibilityLimit="0.0"
		                type='"EXAMINE", "ANY"'
		                avatarSize="0.25, 1.75, 0.75"
		                />
		<Background DEF="WO_World"
		            groundColor="0.051 0.051 0.051"
		            skyColor="0.051 0.051 0.051"
		            />
		<Transform DEF="_45-1_TRANSFORM"
		           translation="0.000000 0.000000 0.000000"
		           scale="1.000000 1.000000 1.000000"
		           rotation="0.000000 0.707107 0.707107 3.141593"
		           >
			<Transform DEF="_45-1_ifs_TRANSFORM"
			           translation="0.000000 0.000000 0.000000"
			           scale="1.000000 1.000000 1.000000"
			           rotation="0.000000 1.000000 0.000000 0.000000"
			           >
				<Group DEF="group_ME_45-1_001">
					<Shape>
						<Appearance>
						</Appearance>
						<IndexedFaceSet solid="false"
						                coordIndex="0 1 2 -1 1 0 3 -1 4 5 6 -1 5 4 0 -1 7 8 9 -1 8 7 10 -1 11 12 13 -1 12 11 14 -1 15 16 17 -1 16 15 18 -1 14 19 20 -1 19 14 21 -1 9 11 13 -1 11 9 8 -1 22 10 23 -1 10 22 24 -1 25 13 26 -1 13 25 9 -1 27 15 28 -1 15 27 18 -1 18 27 29 -1 18 29 30 -1 30 29 31 -1 30 31 32 -1 33 22 34 -1 22 33 35 -1 36 37 38 -1 37 36 39 -1 28 40 27 -1 40 28 41 -1 42 43 44 -1 43 42 12 -1 33 45 46 -1 45 33 34 -1 47 46 48 -1 46 47 33 -1 49 25 50 -1 25 49 51 -1 13 42 26 -1 42 13 12 -1 36 14 11 -1 14 36 21 -1 52 53 54 -1 53 52 55 -1 56 57 58 -1 57 56 16 -1 38 21 36 -1 21 38 59 -1 53 60 54 -1 60 53 40 -1 21 61 19 -1 61 21 59 -1 48 61 60 -1 61 48 46 -1 55 32 31 -1 32 55 62 -1 63 44 64 -1 44 63 42 -1 10 39 8 -1 39 10 24 -1 26 63 65 -1 63 26 42 -1 16 30 57 -1 30 16 18 -1 45 66 67 -1 66 45 34 -1 19 67 20 -1 67 19 45 -1 44 6 64 -1 6 44 4 -1 1 51 2 -1 51 1 7 -1 67 3 68 -1 3 67 66 -1 12 20 43 -1 20 12 14 -1 5 2 69 -1 2 5 0 -1 35 58 70 -1 58 35 56 -1 38 71 52 -1 71 38 37 -1 29 40 53 -1 40 29 27 -1 55 29 53 -1 29 55 31 -1 8 36 11 -1 36 8 39 -1 20 68 43 -1 68 20 67 -1 50 26 65 -1 26 50 25 -1 3 23 1 -1 23 3 66 -1 47 35 33 -1 35 47 56 -1 38 54 59 -1 54 38 52 -1 17 56 47 -1 56 17 16 -1 23 7 1 -1 7 23 10 -1 37 58 71 -1 58 37 70 -1 66 22 23 -1 22 66 34 -1 2 49 69 -1 49 2 51 -1 68 0 4 -1 0 68 3 -1 35 24 22 -1 24 35 70 -1 62 30 32 -1 30 62 57 -1 52 62 55 -1 62 52 71 -1 43 4 44 -1 4 43 68 -1 51 9 25 -1 9 51 7 -1 46 19 61 -1 19 46 45 -1 17 48 41 -1 48 17 47 -1 15 41 28 -1 41 15 17 -1 71 57 62 -1 57 71 58 -1 41 60 40 -1 60 41 48 -1 39 70 37 -1 70 39 24 -1 5 64 6 -1 64 5 69 -1 64 69 63 -1 63 69 49 -1 63 49 65 -1 65 49 50 -1 54 61 59 -1 61 54 60 -1 72 73 74 -1 74 75 72 -1 75 74 76 -1 76 77 75 -1 77 78 75 -1 79 80 81 -1 81 82 79 -1 82 83 79 -1 82 84 83 -1 84 78 83 -1 84 85 78 -1 85 75 78 -1 85 72 75 -1 86 87 77 -1 77 76 86 -1 73 86 76 -1 76 74 73 -1 81 80 88 -1 88 89 81 -1 90 87 85 -1 85 91 90 -1 85 84 91 -1 92 89 88 -1 88 93 92 -1 93 94 92 -1 93 95 94 -1 94 95 96 -1 96 91 94 -1 96 97 91 -1 97 90 91 -1 83 96 95 -1 95 93 83 -1 93 79 83 -1 86 73 72 -1 72 87 86 -1 72 85 87 -1 94 91 84 -1 84 92 94 -1 84 82 92 -1 89 92 82 -1 82 81 89 -1 79 93 88 -1 88 80 79 -1 78 77 97 -1 97 96 78 -1 96 83 78 -1 90 97 77 -1 77 87 90 -1 98 99 100 -1 99 98 101 -1 101 102 99 -1 102 101 103 -1 103 101 104 -1 105 106 107 -1 106 105 108 -1 108 105 109 -1 108 109 110 -1 110 109 104 -1 110 104 111 -1 111 104 101 -1 111 101 98 -1 112 103 113 -1 103 112 102 -1 100 102 112 -1 102 100 99 -1 106 114 107 -1 114 106 115 -1 116 111 113 -1 111 116 117 -1 111 117 110 -1 118 114 115 -1 114 118 119 -1 119 118 120 -1 119 120 121 -1 120 122 121 -1 122 120 117 -1 122 117 123 -1 123 117 116 -1 109 121 122 -1 121 109 119 -1 119 109 105 -1 112 98 100 -1 98 112 113 -1 98 113 111 -1 120 110 117 -1 110 120 118 -1 110 118 108 -1 115 108 118 -1 108 115 106 -1 105 114 119 -1 114 105 107 -1 104 123 103 -1 123 104 122 -1 122 104 109 -1 116 103 123 -1 103 116 113 -1 124 125 126 -1 125 124 127 -1 128 129 130 -1 129 128 124 -1 131 132 133 -1 132 131 134 -1 135 136 137 -1 136 135 138 -1 139 140 141 -1 140 139 142 -1 138 143 144 -1 143 138 145 -1 133 135 137 -1 135 133 132 -1 146 134 147 -1 134 146 148 -1 149 137 150 -1 137 149 133 -1 151 139 152 -1 139 151 142 -1 142 151 153 -1 142 153 154 -1 154 153 155 -1 154 155 156 -1 157 146 158 -1 146 157 159 -1 160 161 162 -1 161 160 163 -1 152 164 151 -1 164 152 165 -1 166 167 168 -1 167 166 136 -1 157 169 170 -1 169 157 158 -1 171 170 172 -1 170 171 157 -1 173 149 174 -1 149 173 175 -1 137 166 150 -1 166 137 136 -1 160 138 135 -1 138 160 145 -1 176 177 178 -1 177 176 179 -1 180 181 182 -1 181 180 140 -1 162 145 160 -1 145 162 183 -1 177 184 178 -1 184 177 164 -1 145 185 143 -1 185 145 183 -1 172 185 184 -1 185 172 170 -1 179 156 155 -1 156 179 186 -1 187 168 188 -1 168 187 166 -1 134 163 132 -1 163 134 148 -1 150 187 189 -1 187 150 166 -1 140 154 181 -1 154 140 142 -1 169 190 191 -1 190 169 158 -1 143 191 144 -1 191 143 169 -1 168 130 188 -1 130 168 128 -1 125 175 126 -1 175 125 131 -1 191 127 192 -1 127 191 190 -1 136 144 167 -1 144 136 138 -1 129 126 193 -1 126 129 124 -1 159 182 194 -1 182 159 180 -1 162 195 176 -1 195 162 161 -1 153 164 177 -1 164 153 151 -1 179 153 177 -1 153 179 155 -1 132 160 135 -1 160 132 163 -1 144 192 167 -1 192 144 191 -1 174 150 189 -1 150 174 149 -1 127 147 125 -1 147 127 190 -1 171 159 157 -1 159 171 180 -1 162 178 183 -1 178 162 176 -1 141 180 171 -1 180 141 140 -1 147 131 125 -1 131 147 134 -1 161 182 195 -1 182 161 194 -1 190 146 147 -1 146 190 158 -1 126 173 193 -1 173 126 175 -1 192 124 128 -1 124 192 127 -1 159 148 146 -1 148 159 194 -1 186 154 156 -1 154 186 181 -1 176 186 179 -1 186 176 195 -1 167 128 168 -1 128 167 192 -1 175 133 149 -1 133 175 131 -1 170 143 185 -1 143 170 169 -1 141 172 165 -1 172 141 171 -1 139 165 152 -1 165 139 141 -1 195 181 186 -1 181 195 182 -1 165 184 164 -1 184 165 172 -1 163 194 161 -1 194 163 148 -1 129 188 130 -1 188 129 193 -1 188 193 187 -1 187 193 173 -1 187 173 189 -1 189 173 174 -1 178 185 183 -1 185 178 184 -1 196 197 198 -1 198 199 196 -1 199 198 200 -1 200 201 199 -1 201 202 199 -1 203 204 205 -1 205 206 203 -1 206 207 203 -1 206 208 207 -1 208 202 207 -1 208 209 202 -1 209 199 202 -1 209 196 199 -1 210 211 201 -1 201 200 210 -1 197 210 200 -1 200 198 197 -1 205 204 212 -1 212 213 205 -1 214 211 209 -1 209 215 214 -1 209 208 215 -1 216 213 212 -1 212 217 216 -1 217 218 216 -1 217 219 218 -1 218 219 220 -1 220 215 218 -1 220 221 215 -1 221 214 215 -1 207 220 219 -1 219 217 207 -1 217 203 207 -1 210 197 196 -1 196 211 210 -1 196 209 211 -1 218 215 208 -1 208 216 218 -1 208 206 216 -1 213 216 206 -1 206 205 213 -1 203 217 212 -1 212 204 203 -1 202 201 221 -1 221 220 202 -1 220 207 202 -1 214 221 201 -1 201 211 214 -1 222 223 224 -1 223 222 225 -1 225 226 223 -1 226 225 227 -1 227 225 228 -1 229 230 231 -1 230 229 232 -1 232 229 233 -1 232 233 234 -1 234 233 228 -1 234 228 235 -1 235 228 225 -1 235 225 222 -1 236 227 237 -1 227 236 226 -1 224 226 236 -1 226 224 223 -1 230 238 231 -1 238 230 239 -1 240 235 237 -1 235 240 241 -1 235 241 234 -1 242 238 239 -1 238 242 243 -1 243 242 244 -1 243 244 245 -1 244 246 245 -1 246 244 241 -1 246 241 247 -1 247 241 240 -1 233 245 246 -1 245 233 243 -1 243 233 229 -1 236 222 224 -1 222 236 237 -1 222 237 235 -1 244 234 241 -1 234 244 242 -1 234 242 232 -1 239 232 242 -1 232 239 230 -1 229 238 243 -1 238 229 231 -1 228 247 227 -1 247 228 246 -1 246 228 233 -1 240 227 247 -1 227 240 237 -1 248 249 250 -1 249 248 251 -1 252 253 254 -1 253 252 248 -1 255 256 257 -1 256 255 258 -1 259 260 261 -1 260 259 262 -1 263 264 265 -1 264 263 266 -1 262 267 268 -1 267 262 269 -1 257 259 261 -1 259 257 256 -1 270 258 271 -1 258 270 272 -1 273 261 274 -1 261 273 257 -1 275 263 276 -1 263 275 266 -1 266 275 277 -1 266 277 278 -1 278 277 279 -1 278 279 280 -1 281 270 282 -1 270 281 283 -1 284 285 286 -1 285 284 287 -1 276 288 275 -1 288 276 289 -1 290 291 292 -1 291 290 260 -1 281 293 294 -1 293 281 282 -1 295 294 296 -1 294 295 281 -1 297 273 298 -1 273 297 299 -1 261 290 274 -1 290 261 260 -1 284 262 259 -1 262 284 269 -1 300 301 302 -1 301 300 303 -1 304 305 306 -1 305 304 264 -1 286 269 284 -1 269 286 307 -1 301 308 302 -1 308 301 288 -1 269 309 267 -1 309 269 307 -1 296 309 308 -1 309 296 294 -1 303 280 279 -1 280 303 310 -1 311 292 312 -1 292 311 290 -1 258 287 256 -1 287 258 272 -1 274 311 313 -1 311 274 290 -1 264 278 305 -1 278 264 266 -1 293 314 315 -1 314 293 282 -1 267 315 268 -1 315 267 293 -1 292 254 312 -1 254 292 252 -1 249 299 250 -1 299 249 255 -1 315 251 316 -1 251 315 314 -1 260 268 291 -1 268 260 262 -1 253 250 317 -1 250 253 248 -1 283 306 318 -1 306 283 304 -1 286 319 300 -1 319 286 285 -1 277 288 301 -1 288 277 275 -1 303 277 301 -1 277 303 279 -1 256 284 259 -1 284 256 287 -1 268 316 291 -1 316 268 315 -1 298 274 313 -1 274 298 273 -1 251 271 249 -1 271 251 314 -1 295 283 281 -1 283 295 304 -1 286 302 307 -1 302 286 300 -1 265 304 295 -1 304 265 264 -1 271 255 249 -1 255 271 258 -1 285 306 319 -1 306 285 318 -1 314 270 271 -1 270 314 282 -1 250 297 317 -1 297 250 299 -1 316 248 252 -1 248 316 251 -1 283 272 270 -1 272 283 318 -1 310 278 280 -1 278 310 305 -1 300 310 303 -1 310 300 319 -1 291 252 292 -1 252 291 316 -1 299 257 273 -1 257 299 255 -1 294 267 309 -1 267 294 293 -1 265 296 289 -1 296 265 295 -1 263 289 276 -1 289 263 265 -1 319 305 310 -1 305 319 306 -1 289 308 288 -1 308 289 296 -1 287 318 285 -1 318 287 272 -1 253 312 254 -1 312 253 317 -1 312 317 311 -1 311 317 297 -1 311 297 313 -1 313 297 298 -1 302 309 307 -1 309 302 308 -1 320 321 322 -1 322 323 320 -1 323 322 324 -1 324 325 323 -1 325 326 323 -1 327 328 329 -1 329 330 327 -1 330 331 327 -1 330 332 331 -1 332 326 331 -1 332 333 326 -1 333 323 326 -1 333 320 323 -1 334 335 325 -1 325 324 334 -1 321 334 324 -1 324 322 321 -1 329 328 336 -1 336 337 329 -1 338 335 333 -1 333 339 338 -1 333 332 339 -1 340 337 336 -1 336 341 340 -1 341 342 340 -1 341 343 342 -1 342 343 344 -1 344 339 342 -1 344 345 339 -1 345 338 339 -1 331 344 343 -1 343 341 331 -1 341 327 331 -1 334 321 320 -1 320 335 334 -1 320 333 335 -1 342 339 332 -1 332 340 342 -1 332 330 340 -1 337 340 330 -1 330 329 337 -1 327 341 336 -1 336 328 327 -1 326 325 345 -1 345 344 326 -1 344 331 326 -1 338 345 325 -1 325 335 338 -1 346 347 348 -1 347 346 349 -1 349 350 347 -1 350 349 351 -1 351 349 352 -1 353 354 355 -1 354 353 356 -1 356 353 357 -1 356 357 358 -1 358 357 352 -1 358 352 359 -1 359 352 349 -1 359 349 346 -1 360 351 361 -1 351 360 350 -1 348 350 360 -1 350 348 347 -1 354 362 355 -1 362 354 363 -1 364 359 361 -1 359 364 365 -1 359 365 358 -1 366 362 363 -1 362 366 367 -1 367 366 368 -1 367 368 369 -1 368 370 369 -1 370 368 365 -1 370 365 371 -1 371 365 364 -1 357 369 370 -1 369 357 367 -1 367 357 353 -1 360 346 348 -1 346 360 361 -1 346 361 359 -1 368 358 365 -1 358 368 366 -1 358 366 356 -1 363 356 366 -1 356 363 354 -1 353 362 367 -1 362 353 355 -1 352 371 351 -1 371 352 370 -1 370 352 357 -1 364 351 371 -1 351 364 361 -1 372 373 374 -1 373 372 375 -1 376 377 378 -1 377 376 372 -1 379 380 381 -1 380 379 382 -1 383 384 385 -1 384 383 386 -1 387 388 389 -1 388 387 390 -1 386 391 392 -1 391 386 393 -1 381 383 385 -1 383 381 380 -1 394 382 395 -1 382 394 396 -1 397 385 398 -1 385 397 381 -1 399 387 400 -1 387 399 390 -1 390 399 401 -1 390 401 402 -1 402 401 403 -1 402 403 404 -1 405 394 406 -1 394 405 407 -1 408 409 410 -1 409 408 411 -1 400 412 399 -1 412 400 413 -1 414 415 416 -1 415 414 384 -1 405 417 418 -1 417 405 406 -1 419 418 420 -1 418 419 405 -1 421 397 422 -1 397 421 423 -1 385 414 398 -1 414 385 384 -1 408 386 383 -1 386 408 393 -1 424 425 426 -1 425 424 427 -1 428 429 430 -1 429 428 388 -1 410 393 408 -1 393 410 431 -1 425 432 426 -1 432 425 412 -1 393 433 391 -1 433 393 431 -1 420 433 432 -1 433 420 418 -1 427 404 403 -1 404 427 434 -1 435 416 436 -1 416 435 414 -1 382 411 380 -1 411 382 396 -1 398 435 437 -1 435 398 414 -1 388 402 429 -1 402 388 390 -1 417 438 439 -1 438 417 406 -1 391 439 392 -1 439 391 417 -1 416 378 436 -1 378 416 376 -1 373 423 374 -1 423 373 379 -1 439 375 440 -1 375 439 438 -1 384 392 415 -1 392 384 386 -1 377 374 441 -1 374 377 372 -1 407 430 442 -1 430 407 428 -1 410 443 424 -1 443 410 409 -1 401 412 425 -1 412 401 399 -1 427 401 425 -1 401 427 403 -1 380 408 383 -1 408 380 411 -1 392 440 415 -1 440 392 439 -1 422 398 437 -1 398 422 397 -1 375 395 373 -1 395 375 438 -1 419 407 405 -1 407 419 428 -1 410 426 431 -1 426 410 424 -1 389 428 419 -1 428 389 388 -1 395 379 373 -1 379 395 382 -1 409 430 443 -1 430 409 442 -1 438 394 395 -1 394 438 406 -1 374 421 441 -1 421 374 423 -1 440 372 376 -1 372 440 375 -1 407 396 394 -1 396 407 442 -1 434 402 404 -1 402 434 429 -1 424 434 427 -1 434 424 443 -1 415 376 416 -1 376 415 440 -1 423 381 397 -1 381 423 379 -1 418 391 433 -1 391 418 417 -1 389 420 413 -1 420 389 419 -1 387 413 400 -1 413 387 389 -1 443 429 434 -1 429 443 430 -1 413 432 412 -1 432 413 420 -1 411 442 409 -1 442 411 396 -1 377 436 378 -1 436 377 441 -1 436 441 435 -1 435 441 421 -1 435 421 437 -1 437 421 422 -1 426 433 431 -1 433 426 432 -1 444 445 446 -1 446 447 444 -1 447 446 448 -1 448 449 447 -1 449 450 447 -1 451 452 453 -1 453 454 451 -1 454 455 451 -1 454 456 455 -1 456 450 455 -1 456 457 450 -1 457 447 450 -1 457 444 447 -1 458 459 449 -1 449 448 458 -1 445 458 448 -1 448 446 445 -1 453 452 460 -1 460 461 453 -1 462 459 457 -1 457 463 462 -1 457 456 463 -1 464 461 460 -1 460 465 464 -1 465 466 464 -1 465 467 466 -1 466 467 468 -1 468 463 466 -1 468 469 463 -1 469 462 463 -1 455 468 467 -1 467 465 455 -1 465 451 455 -1 458 445 444 -1 444 459 458 -1 444 457 459 -1 466 463 456 -1 456 464 466 -1 456 454 464 -1 461 464 454 -1 454 453 461 -1 451 465 460 -1 460 452 451 -1 450 449 469 -1 469 468 450 -1 468 455 450 -1 462 469 449 -1 449 459 462 -1 470 471 472 -1 471 470 473 -1 473 474 471 -1 474 473 475 -1 475 473 476 -1 477 478 479 -1 478 477 480 -1 480 477 481 -1 480 481 482 -1 482 481 476 -1 482 476 483 -1 483 476 473 -1 483 473 470 -1 484 475 485 -1 475 484 474 -1 472 474 484 -1 474 472 471 -1 478 486 479 -1 486 478 487 -1 488 483 485 -1 483 488 489 -1 483 489 482 -1 490 486 487 -1 486 490 491 -1 491 490 492 -1 491 492 493 -1 492 494 493 -1 494 492 489 -1 494 489 495 -1 495 489 488 -1 481 493 494 -1 493 481 491 -1 491 481 477 -1 484 470 472 -1 470 484 485 -1 470 485 483 -1 492 482 489 -1 482 492 490 -1 482 490 480 -1 487 480 490 -1 480 487 478 -1 477 486 491 -1 486 477 479 -1 476 495 475 -1 495 476 494 -1 494 476 481 -1 488 475 495 -1 475 488 485 -1 496 497 498 -1 497 496 499 -1 500 501 502 -1 501 500 496 -1 503 504 505 -1 504 503 506 -1 507 508 509 -1 508 507 510 -1 511 512 513 -1 512 511 514 -1 510 515 516 -1 515 510 517 -1 505 507 509 -1 507 505 504 -1 518 506 519 -1 506 518 520 -1 521 509 522 -1 509 521 505 -1 523 511 524 -1 511 523 514 -1 514 523 525 -1 514 525 526 -1 526 525 527 -1 526 527 528 -1 529 518 530 -1 518 529 531 -1 532 533 534 -1 533 532 535 -1 524 536 523 -1 536 524 537 -1 538 539 540 -1 539 538 508 -1 529 541 542 -1 541 529 530 -1 543 542 544 -1 542 543 529 -1 545 521 546 -1 521 545 547 -1 509 538 522 -1 538 509 508 -1 532 510 507 -1 510 532 517 -1 548 549 550 -1 549 548 551 -1 552 553 554 -1 553 552 512 -1 534 517 532 -1 517 534 555 -1 549 556 550 -1 556 549 536 -1 517 557 515 -1 557 517 555 -1 544 557 556 -1 557 544 542 -1 551 528 527 -1 528 551 558 -1 559 540 560 -1 540 559 538 -1 506 535 504 -1 535 506 520 -1 522 559 561 -1 559 522 538 -1 512 526 553 -1 526 512 514 -1 541 562 563 -1 562 541 530 -1 515 563 516 -1 563 515 541 -1 540 502 560 -1 502 540 500 -1 497 547 498 -1 547 497 503 -1 563 499 564 -1 499 563 562 -1 508 516 539 -1 516 508 510 -1 501 498 565 -1 498 501 496 -1 531 554 566 -1 554 531 552 -1 534 567 548 -1 567 534 533 -1 525 536 549 -1 536 525 523 -1 551 525 549 -1 525 551 527 -1 504 532 507 -1 532 504 535 -1 516 564 539 -1 564 516 563 -1 546 522 561 -1 522 546 521 -1 499 519 497 -1 519 499 562 -1 543 531 529 -1 531 543 552 -1 534 550 555 -1 550 534 548 -1 513 552 543 -1 552 513 512 -1 519 503 497 -1 503 519 506 -1 533 554 567 -1 554 533 566 -1 562 518 519 -1 518 562 530 -1 498 545 565 -1 545 498 547 -1 564 496 500 -1 496 564 499 -1 531 520 518 -1 520 531 566 -1 558 526 528 -1 526 558 553 -1 548 558 551 -1 558 548 567 -1 539 500 540 -1 500 539 564 -1 547 505 521 -1 505 547 503 -1 542 515 557 -1 515 542 541 -1 513 544 537 -1 544 513 543 -1 511 537 524 -1 537 511 513 -1 567 553 558 -1 553 567 554 -1 537 556 536 -1 556 537 544 -1 535 566 533 -1 566 535 520 -1 501 560 502 -1 560 501 565 -1 560 565 559 -1 559 565 545 -1 559 545 561 -1 561 545 546 -1 550 557 555 -1 557 550 556 -1 568 569 570 -1 570 571 568 -1 571 570 572 -1 572 573 571 -1 573 574 571 -1 575 576 577 -1 577 578 575 -1 578 579 575 -1 578 580 579 -1 580 574 579 -1 580 581 574 -1 581 571 574 -1 581 568 571 -1 582 583 573 -1 573 572 582 -1 569 582 572 -1 572 570 569 -1 577 576 584 -1 584 585 577 -1 586 583 581 -1 581 587 586 -1 581 580 587 -1 588 585 584 -1 584 589 588 -1 589 590 588 -1 589 591 590 -1 590 591 592 -1 592 587 590 -1 592 593 587 -1 593 586 587 -1 579 592 591 -1 591 589 579 -1 589 575 579 -1 582 569 568 -1 568 583 582 -1 568 581 583 -1 590 587 580 -1 580 588 590 -1 580 578 588 -1 585 588 578 -1 578 577 585 -1 575 589 584 -1 584 576 575 -1 574 573 593 -1 593 592 574 -1 592 579 574 -1 586 593 573 -1 573 583 586 -1 594 595 596 -1 595 594 597 -1 597 598 595 -1 598 597 599 -1 599 597 600 -1 601 602 603 -1 602 601 604 -1 604 601 605 -1 604 605 606 -1 606 605 600 -1 606 600 607 -1 607 600 597 -1 607 597 594 -1 608 599 609 -1 599 608 598 -1 596 598 608 -1 598 596 595 -1 602 610 603 -1 610 602 611 -1 612 607 609 -1 607 612 613 -1 607 613 606 -1 614 610 611 -1 610 614 615 -1 615 614 616 -1 615 616 617 -1 616 618 617 -1 618 616 613 -1 618 613 619 -1 619 613 612 -1 605 617 618 -1 617 605 615 -1 615 605 601 -1 608 594 596 -1 594 608 609 -1 594 609 607 -1 616 606 613 -1 606 616 614 -1 606 614 604 -1 611 604 614 -1 604 611 602 -1 601 610 615 -1 610 601 603 -1 600 619 599 -1 619 600 618 -1 618 600 605 -1 612 599 619 -1 599 612 609 -1 620 621 622 -1 621 620 623 -1 624 625 626 -1 625 624 620 -1 627 628 629 -1 628 627 630 -1 631 632 633 -1 632 631 634 -1 635 636 637 -1 636 635 638 -1 634 639 640 -1 639 634 641 -1 629 631 633 -1 631 629 628 -1 642 630 643 -1 630 642 644 -1 645 633 646 -1 633 645 629 -1 647 635 648 -1 635 647 638 -1 638 647 649 -1 638 649 650 -1 650 649 651 -1 650 651 652 -1 653 642 654 -1 642 653 655 -1 656 657 658 -1 657 656 659 -1 648 660 647 -1 660 648 661 -1 662 663 664 -1 663 662 632 -1 653 665 666 -1 665 653 654 -1 667 666 668 -1 666 667 653 -1 669 645 670 -1 645 669 671 -1 633 662 646 -1 662 633 632 -1 656 634 631 -1 634 656 641 -1 672 673 674 -1 673 672 675 -1 676 677 678 -1 677 676 636 -1 658 641 656 -1 641 658 679 -1 673 680 674 -1 680 673 660 -1 641 681 639 -1 681 641 679 -1 668 681 680 -1 681 668 666 -1 675 652 651 -1 652 675 682 -1 683 664 684 -1 664 683 662 -1 630 659 628 -1 659 630 644 -1 646 683 685 -1 683 646 662 -1 636 650 677 -1 650 636 638 -1 665 686 687 -1 686 665 654 -1 639 687 640 -1 687 639 665 -1 664 626 684 -1 626 664 624 -1 621 671 622 -1 671 621 627 -1 687 623 688 -1 623 687 686 -1 632 640 663 -1 640 632 634 -1 625 622 689 -1 622 625 620 -1 655 678 690 -1 678 655 676 -1 658 691 672 -1 691 658 657 -1 649 660 673 -1 660 649 647 -1 675 649 673 -1 649 675 651 -1 628 656 631 -1 656 628 659 -1 640 688 663 -1 688 640 687 -1 670 646 685 -1 646 670 645 -1 623 643 621 -1 643 623 686 -1 667 655 653 -1 655 667 676 -1 658 674 679 -1 674 658 672 -1 637 676 667 -1 676 637 636 -1 643 627 621 -1 627 643 630 -1 657 678 691 -1 678 657 690 -1 686 642 643 -1 642 686 654 -1 622 669 689 -1 669 622 671 -1 688 620 624 -1 620 688 623 -1 655 644 642 -1 644 655 690 -1 682 650 652 -1 650 682 677 -1 672 682 675 -1 682 672 691 -1 663 624 664 -1 624 663 688 -1 671 629 645 -1 629 671 627 -1 666 639 681 -1 639 666 665 -1 637 668 661 -1 668 637 667 -1 635 661 648 -1 661 635 637 -1 691 677 682 -1 677 691 678 -1 661 680 660 -1 680 661 668 -1 659 690 657 -1 690 659 644 -1 625 684 626 -1 684 625 689 -1 684 689 683 -1 683 689 669 -1 683 669 685 -1 685 669 670 -1 674 681 679 -1 681 674 680 -1 692 693 694 -1 694 695 692 -1 695 694 696 -1 696 697 695 -1 697 698 695 -1 699 700 701 -1 701 702 699 -1 702 703 699 -1 702 704 703 -1 704 698 703 -1 704 705 698 -1 705 695 698 -1 705 692 695 -1 706 707 697 -1 697 696 706 -1 693 706 696 -1 696 694 693 -1 701 700 708 -1 708 709 701 -1 710 707 705 -1 705 711 710 -1 705 704 711 -1 712 709 708 -1 708 713 712 -1 713 714 712 -1 713 715 714 -1 714 715 716 -1 716 711 714 -1 716 717 711 -1 717 710 711 -1 703 716 715 -1 715 713 703 -1 713 699 703 -1 706 693 692 -1 692 707 706 -1 692 705 707 -1 714 711 704 -1 704 712 714 -1 704 702 712 -1 709 712 702 -1 702 701 709 -1 699 713 708 -1 708 700 699 -1 698 697 717 -1 717 716 698 -1 716 703 698 -1 710 717 697 -1 697 707 710 -1 718 719 720 -1 719 718 721 -1 721 722 719 -1 722 721 723 -1 723 721 724 -1 725 726 727 -1 726 725 728 -1 728 725 729 -1 728 729 730 -1 730 729 724 -1 730 724 731 -1 731 724 721 -1 731 721 718 -1 732 723 733 -1 723 732 722 -1 720 722 732 -1 722 720 719 -1 726 734 727 -1 734 726 735 -1 736 731 733 -1 731 736 737 -1 731 737 730 -1 738 734 735 -1 734 738 739 -1 739 738 740 -1 739 740 741 -1 740 742 741 -1 742 740 737 -1 742 737 743 -1 743 737 736 -1 729 741 742 -1 741 729 739 -1 739 729 725 -1 732 718 720 -1 718 732 733 -1 718 733 731 -1 740 730 737 -1 730 740 738 -1 730 738 728 -1 735 728 738 -1 728 735 726 -1 725 734 739 -1 734 725 727 -1 724 743 723 -1 743 724 742 -1 742 724 729 -1 736 723 743 -1 723 736 733 -1 744 745 746 -1 745 744 747 -1 748 749 750 -1 749 748 744 -1 751 752 753 -1 752 751 754 -1 755 756 757 -1 756 755 758 -1 759 760 761 -1 760 759 762 -1 758 763 764 -1 763 758 765 -1 753 755 757 -1 755 753 752 -1 766 754 767 -1 754 766 768 -1 769 757 770 -1 757 769 753 -1 771 759 772 -1 759 771 762 -1 762 771 773 -1 762 773 774 -1 774 773 775 -1 774 775 776 -1 777 766 778 -1 766 777 779 -1 780 781 782 -1 781 780 783 -1 772 784 771 -1 784 772 785 -1 786 787 788 -1 787 786 756 -1 777 789 790 -1 789 777 778 -1 791 790 792 -1 790 791 777 -1 793 769 794 -1 769 793 795 -1 757 786 770 -1 786 757 756 -1 780 758 755 -1 758 780 765 -1 796 797 798 -1 797 796 799 -1 800 801 802 -1 801 800 760 -1 782 765 780 -1 765 782 803 -1 797 804 798 -1 804 797 784 -1 765 805 763 -1 805 765 803 -1 792 805 804 -1 805 792 790 -1 799 776 775 -1 776 799 806 -1 807 788 808 -1 788 807 786 -1 754 783 752 -1 783 754 768 -1 770 807 809 -1 807 770 786 -1 760 774 801 -1 774 760 762 -1 789 810 811 -1 810 789 778 -1 763 811 764 -1 811 763 789 -1 788 750 808 -1 750 788 748 -1 745 795 746 -1 795 745 751 -1 811 747 812 -1 747 811 810 -1 756 764 787 -1 764 756 758 -1 749 746 813 -1 746 749 744 -1 779 802 814 -1 802 779 800 -1 782 815 796 -1 815 782 781 -1 773 784 797 -1 784 773 771 -1 799 773 797 -1 773 799 775 -1 752 780 755 -1 780 752 783 -1 764 812 787 -1 812 764 811 -1 794 770 809 -1 770 794 769 -1 747 767 745 -1 767 747 810 -1 791 779 777 -1 779 791 800 -1 782 798 803 -1 798 782 796 -1 761 800 791 -1 800 761 760 -1 767 751 745 -1 751 767 754 -1 781 802 815 -1 802 781 814 -1 810 766 767 -1 766 810 778 -1 746 793 813 -1 793 746 795 -1 812 744 748 -1 744 812 747 -1 779 768 766 -1 768 779 814 -1 806 774 776 -1 774 806 801 -1 796 806 799 -1 806 796 815 -1 787 748 788 -1 748 787 812 -1 795 753 769 -1 753 795 751 -1 790 763 805 -1 763 790 789 -1 761 792 785 -1 792 761 791 -1 759 785 772 -1 785 759 761 -1 815 801 806 -1 801 815 802 -1 785 804 784 -1 804 785 792 -1 783 814 781 -1 814 783 768 -1 749 808 750 -1 808 749 813 -1 808 813 807 -1 807 813 793 -1 807 793 809 -1 809 793 794 -1 798 805 803 -1 805 798 804 -1 816 817 818 -1 818 819 816 -1 819 818 820 -1 820 821 819 -1 821 822 819 -1 823 824 825 -1 825 826 823 -1 826 827 823 -1 826 828 827 -1 828 822 827 -1 828 829 822 -1 829 819 822 -1 829 816 819 -1 830 831 821 -1 821 820 830 -1 817 830 820 -1 820 818 817 -1 825 824 832 -1 832 833 825 -1 834 831 829 -1 829 835 834 -1 829 828 835 -1 836 833 832 -1 832 837 836 -1 837 838 836 -1 837 839 838 -1 838 839 840 -1 840 835 838 -1 840 841 835 -1 841 834 835 -1 827 840 839 -1 839 837 827 -1 837 823 827 -1 830 817 816 -1 816 831 830 -1 816 829 831 -1 838 835 828 -1 828 836 838 -1 828 826 836 -1 833 836 826 -1 826 825 833 -1 823 837 832 -1 832 824 823 -1 822 821 841 -1 841 840 822 -1 840 827 822 -1 834 841 821 -1 821 831 834 -1 842 843 844 -1 843 842 845 -1 845 846 843 -1 846 845 847 -1 847 845 848 -1 849 850 851 -1 850 849 852 -1 852 849 853 -1 852 853 854 -1 854 853 848 -1 854 848 855 -1 855 848 845 -1 855 845 842 -1 856 847 857 -1 847 856 846 -1 844 846 856 -1 846 844 843 -1 850 858 851 -1 858 850 859 -1 860 855 857 -1 855 860 861 -1 855 861 854 -1 862 858 859 -1 858 862 863 -1 863 862 864 -1 863 864 865 -1 864 866 865 -1 866 864 861 -1 866 861 867 -1 867 861 860 -1 853 865 866 -1 865 853 863 -1 863 853 849 -1 856 842 844 -1 842 856 857 -1 842 857 855 -1 864 854 861 -1 854 864 862 -1 854 862 852 -1 859 852 862 -1 852 859 850 -1 849 858 863 -1 858 849 851 -1 848 867 847 -1 867 848 866 -1 866 848 853 -1 860 847 867 -1 847 860 857 -1 868 869 870 -1 869 868 871 -1 872 873 874 -1 873 872 868 -1 875 876 877 -1 876 875 878 -1 879 880 881 -1 880 879 882 -1 883 884 885 -1 884 883 886 -1 882 887 888 -1 887 882 889 -1 877 879 881 -1 879 877 876 -1 890 878 891 -1 878 890 892 -1 893 881 894 -1 881 893 877 -1 895 883 896 -1 883 895 886 -1 886 895 897 -1 886 897 898 -1 898 897 899 -1 898 899 900 -1 901 890 902 -1 890 901 903 -1 904 905 906 -1 905 904 907 -1 896 908 895 -1 908 896 909 -1 910 911 912 -1 911 910 880 -1 901 913 914 -1 913 901 902 -1 915 914 916 -1 914 915 901 -1 917 893 918 -1 893 917 919 -1 881 910 894 -1 910 881 880 -1 904 882 879 -1 882 904 889 -1 920 921 922 -1 921 920 923 -1 924 925 926 -1 925 924 884 -1 906 889 904 -1 889 906 927 -1 921 928 922 -1 928 921 908 -1 889 929 887 -1 929 889 927 -1 916 929 928 -1 929 916 914 -1 923 900 899 -1 900 923 930 -1 931 912 932 -1 912 931 910 -1 878 907 876 -1 907 878 892 -1 894 931 933 -1 931 894 910 -1 884 898 925 -1 898 884 886 -1 913 934 935 -1 934 913 902 -1 887 935 888 -1 935 887 913 -1 912 874 932 -1 874 912 872 -1 869 919 870 -1 919 869 875 -1 935 871 936 -1 871 935 934 -1 880 888 911 -1 888 880 882 -1 873 870 937 -1 870 873 868 -1 903 926 938 -1 926 903 924 -1 906 939 920 -1 939 906 905 -1 897 908 921 -1 908 897 895 -1 923 897 921 -1 897 923 899 -1 876 904 879 -1 904 876 907 -1 888 936 911 -1 936 888 935 -1 918 894 933 -1 894 918 893 -1 871 891 869 -1 891 871 934 -1 915 903 901 -1 903 915 924 -1 906 922 927 -1 922 906 920 -1 885 924 915 -1 924 885 884 -1 891 875 869 -1 875 891 878 -1 905 926 939 -1 926 905 938 -1 934 890 891 -1 890 934 902 -1 870 917 937 -1 917 870 919 -1 936 868 872 -1 868 936 871 -1 903 892 890 -1 892 903 938 -1 930 898 900 -1 898 930 925 -1 920 930 923 -1 930 920 939 -1 911 872 912 -1 872 911 936 -1 919 877 893 -1 877 919 875 -1 914 887 929 -1 887 914 913 -1 885 916 909 -1 916 885 915 -1 883 909 896 -1 909 883 885 -1 939 925 930 -1 925 939 926 -1 909 928 908 -1 928 909 916 -1 907 938 905 -1 938 907 892 -1 873 932 874 -1 932 873 937 -1 932 937 931 -1 931 937 917 -1 931 917 933 -1 933 917 918 -1 922 929 927 -1 929 922 928 -1 940 941 942 -1 942 943 940 -1 943 942 944 -1 944 945 943 -1 945 946 943 -1 947 948 949 -1 949 950 947 -1 950 951 947 -1 950 952 951 -1 952 946 951 -1 952 953 946 -1 953 943 946 -1 953 940 943 -1 954 955 945 -1 945 944 954 -1 941 954 944 -1 944 942 941 -1 949 948 956 -1 956 957 949 -1 958 955 953 -1 953 959 958 -1 953 952 959 -1 960 957 956 -1 956 961 960 -1 961 962 960 -1 961 963 962 -1 962 963 964 -1 964 959 962 -1 964 965 959 -1 965 958 959 -1 951 964 963 -1 963 961 951 -1 961 947 951 -1 954 941 940 -1 940 955 954 -1 940 953 955 -1 962 959 952 -1 952 960 962 -1 952 950 960 -1 957 960 950 -1 950 949 957 -1 947 961 956 -1 956 948 947 -1 946 945 965 -1 965 964 946 -1 964 951 946 -1 958 965 945 -1 945 955 958 -1 966 967 968 -1 967 966 969 -1 969 970 967 -1 970 969 971 -1 971 969 972 -1 973 974 975 -1 974 973 976 -1 976 973 977 -1 976 977 978 -1 978 977 972 -1 978 972 979 -1 979 972 969 -1 979 969 966 -1 980 971 981 -1 971 980 970 -1 968 970 980 -1 970 968 967 -1 974 982 975 -1 982 974 983 -1 984 979 981 -1 979 984 985 -1 979 985 978 -1 986 982 983 -1 982 986 987 -1 987 986 988 -1 987 988 989 -1 988 990 989 -1 990 988 985 -1 990 985 991 -1 991 985 984 -1 977 989 990 -1 989 977 987 -1 987 977 973 -1 980 966 968 -1 966 980 981 -1 966 981 979 -1 988 978 985 -1 978 988 986 -1 978 986 976 -1 983 976 986 -1 976 983 974 -1 973 982 987 -1 982 973 975 -1 972 991 971 -1 991 972 990 -1 990 972 977 -1 984 971 991 -1 971 984 981 -1 992 993 994 -1 993 992 995 -1 996 997 998 -1 997 996 992 -1 999 1000 1001 -1 1000 999 1002 -1 1003 1004 1005 -1 1004 1003 1006 -1 1007 1008 1009 -1 1008 1007 1010 -1 1006 1011 1012 -1 1011 1006 1013 -1 1001 1003 1005 -1 1003 1001 1000 -1 1014 1002 1015 -1 1002 1014 1016 -1 1017 1005 1018 -1 1005 1017 1001 -1 1019 1007 1020 -1 1007 1019 1010 -1 1010 1019 1021 -1 1010 1021 1022 -1 1022 1021 1023 -1 1022 1023 1024 -1 1025 1014 1026 -1 1014 1025 1027 -1 1028 1029 1030 -1 1029 1028 1031 -1 1020 1032 1019 -1 1032 1020 1033 -1 1034 1035 1036 -1 1035 1034 1004 -1 1025 1037 1038 -1 1037 1025 1026 -1 1039 1038 1040 -1 1038 1039 1025 -1 1041 1017 1042 -1 1017 1041 1043 -1 1005 1034 1018 -1 1034 1005 1004 -1 1028 1006 1003 -1 1006 1028 1013 -1 1044 1045 1046 -1 1045 1044 1047 -1 1048 1049 1050 -1 1049 1048 1008 -1 1030 1013 1028 -1 1013 1030 1051 -1 1045 1052 1046 -1 1052 1045 1032 -1 1013 1053 1011 -1 1053 1013 1051 -1 1040 1053 1052 -1 1053 1040 1038 -1 1047 1024 1023 -1 1024 1047 1054 -1 1055 1036 1056 -1 1036 1055 1034 -1 1002 1031 1000 -1 1031 1002 1016 -1 1018 1055 1057 -1 1055 1018 1034 -1 1008 1022 1049 -1 1022 1008 1010 -1 1037 1058 1059 -1 1058 1037 1026 -1 1011 1059 1012 -1 1059 1011 1037 -1 1036 998 1056 -1 998 1036 996 -1 993 1043 994 -1 1043 993 999 -1 1059 995 1060 -1 995 1059 1058 -1 1004 1012 1035 -1 1012 1004 1006 -1 997 994 1061 -1 994 997 992 -1 1027 1050 1062 -1 1050 1027 1048 -1 1030 1063 1044 -1 1063 1030 1029 -1 1021 1032 1045 -1 1032 1021 1019 -1 1047 1021 1045 -1 1021 1047 1023 -1 1000 1028 1003 -1 1028 1000 1031 -1 1012 1060 1035 -1 1060 1012 1059 -1 1042 1018 1057 -1 1018 1042 1017 -1 995 1015 993 -1 1015 995 1058 -1 1039 1027 1025 -1 1027 1039 1048 -1 1030 1046 1051 -1 1046 1030 1044 -1 1009 1048 1039 -1 1048 1009 1008 -1 1015 999 993 -1 999 1015 1002 -1 1029 1050 1063 -1 1050 1029 1062 -1 1058 1014 1015 -1 1014 1058 1026 -1 994 1041 1061 -1 1041 994 1043 -1 1060 992 996 -1 992 1060 995 -1 1027 1016 1014 -1 1016 1027 1062 -1 1054 1022 1024 -1 1022 1054 1049 -1 1044 1054 1047 -1 1054 1044 1063 -1 1035 996 1036 -1 996 1035 1060 -1 1043 1001 1017 -1 1001 1043 999 -1 1038 1011 1053 -1 1011 1038 1037 -1 1009 1040 1033 -1 1040 1009 1039 -1 1007 1033 1020 -1 1033 1007 1009 -1 1063 1049 1054 -1 1049 1063 1050 -1 1033 1052 1032 -1 1052 1033 1040 -1 1031 1062 1029 -1 1062 1031 1016 -1 997 1056 998 -1 1056 997 1061 -1 1056 1061 1055 -1 1055 1061 1041 -1 1055 1041 1057 -1 1057 1041 1042 -1 1046 1053 1051 -1 1053 1046 1052 -1 1064 1065 1066 -1 1066 1067 1064 -1 1067 1066 1068 -1 1068 1069 1067 -1 1069 1070 1067 -1 1071 1072 1073 -1 1073 1074 1071 -1 1074 1075 1071 -1 1074 1076 1075 -1 1076 1070 1075 -1 1076 1077 1070 -1 1077 1067 1070 -1 1077 1064 1067 -1 1078 1079 1069 -1 1069 1068 1078 -1 1065 1078 1068 -1 1068 1066 1065 -1 1073 1072 1080 -1 1080 1081 1073 -1 1082 1079 1077 -1 1077 1083 1082 -1 1077 1076 1083 -1 1084 1081 1080 -1 1080 1085 1084 -1 1085 1086 1084 -1 1085 1087 1086 -1 1086 1087 1088 -1 1088 1083 1086 -1 1088 1089 1083 -1 1089 1082 1083 -1 1075 1088 1087 -1 1087 1085 1075 -1 1085 1071 1075 -1 1078 1065 1064 -1 1064 1079 1078 -1 1064 1077 1079 -1 1086 1083 1076 -1 1076 1084 1086 -1 1076 1074 1084 -1 1081 1084 1074 -1 1074 1073 1081 -1 1071 1085 1080 -1 1080 1072 1071 -1 1070 1069 1089 -1 1089 1088 1070 -1 1088 1075 1070 -1 1082 1089 1069 -1 1069 1079 1082 -1 1090 1091 1092 -1 1091 1090 1093 -1 1093 1094 1091 -1 1094 1093 1095 -1 1095 1093 1096 -1 1097 1098 1099 -1 1098 1097 1100 -1 1100 1097 1101 -1 1100 1101 1102 -1 1102 1101 1096 -1 1102 1096 1103 -1 1103 1096 1093 -1 1103 1093 1090 -1 1104 1095 1105 -1 1095 1104 1094 -1 1092 1094 1104 -1 1094 1092 1091 -1 1098 1106 1099 -1 1106 1098 1107 -1 1108 1103 1105 -1 1103 1108 1109 -1 1103 1109 1102 -1 1110 1106 1107 -1 1106 1110 1111 -1 1111 1110 1112 -1 1111 1112 1113 -1 1112 1114 1113 -1 1114 1112 1109 -1 1114 1109 1115 -1 1115 1109 1108 -1 1101 1113 1114 -1 1113 1101 1111 -1 1111 1101 1097 -1 1104 1090 1092 -1 1090 1104 1105 -1 1090 1105 1103 -1 1112 1102 1109 -1 1102 1112 1110 -1 1102 1110 1100 -1 1107 1100 1110 -1 1100 1107 1098 -1 1097 1106 1111 -1 1106 1097 1099 -1 1096 1115 1095 -1 1115 1096 1114 -1 1114 1096 1101 -1 1108 1095 1115 -1 1095 1108 1105 -1 1116 1117 1118 -1 1117 1116 1119 -1 1120 1121 1122 -1 1121 1120 1116 -1 1123 1124 1125 -1 1124 1123 1126 -1 1127 1128 1129 -1 1128 1127 1130 -1 1131 1132 1133 -1 1132 1131 1134 -1 1130 1135 1136 -1 1135 1130 1137 -1 1125 1127 1129 -1 1127 1125 1124 -1 1138 1126 1139 -1 1126 1138 1140 -1 1141 1129 1142 -1 1129 1141 1125 -1 1143 1131 1144 -1 1131 1143 1134 -1 1134 1143 1145 -1 1134 1145 1146 -1 1146 1145 1147 -1 1146 1147 1148 -1 1149 1138 1150 -1 1138 1149 1151 -1 1152 1153 1154 -1 1153 1152 1155 -1 1144 1156 1143 -1 1156 1144 1157 -1 1158 1159 1160 -1 1159 1158 1128 -1 1149 1161 1162 -1 1161 1149 1150 -1 1163 1162 1164 -1 1162 1163 1149 -1 1165 1141 1166 -1 1141 1165 1167 -1 1129 1158 1142 -1 1158 1129 1128 -1 1152 1130 1127 -1 1130 1152 1137 -1 1168 1169 1170 -1 1169 1168 1171 -1 1172 1173 1174 -1 1173 1172 1132 -1 1154 1137 1152 -1 1137 1154 1175 -1 1169 1176 1170 -1 1176 1169 1156 -1 1137 1177 1135 -1 1177 1137 1175 -1 1164 1177 1176 -1 1177 1164 1162 -1 1171 1148 1147 -1 1148 1171 1178 -1 1179 1160 1180 -1 1160 1179 1158 -1 1126 1155 1124 -1 1155 1126 1140 -1 1142 1179 1181 -1 1179 1142 1158 -1 1132 1146 1173 -1 1146 1132 1134 -1 1161 1182 1183 -1 1182 1161 1150 -1 1135 1183 1136 -1 1183 1135 1161 -1 1160 1122 1180 -1 1122 1160 1120 -1 1117 1167 1118 -1 1167 1117 1123 -1 1183 1119 1184 -1 1119 1183 1182 -1 1128 1136 1159 -1 1136 1128 1130 -1 1121 1118 1185 -1 1118 1121 1116 -1 1151 1174 1186 -1 1174 1151 1172 -1 1154 1187 1168 -1 1187 1154 1153 -1 1145 1156 1169 -1 1156 1145 1143 -1 1171 1145 1169 -1 1145 1171 1147 -1 1124 1152 1127 -1 1152 1124 1155 -1 1136 1184 1159 -1 1184 1136 1183 -1 1166 1142 1181 -1 1142 1166 1141 -1 1119 1139 1117 -1 1139 1119 1182 -1 1163 1151 1149 -1 1151 1163 1172 -1 1154 1170 1175 -1 1170 1154 1168 -1 1133 1172 1163 -1 1172 1133 1132 -1 1139 1123 1117 -1 1123 1139 1126 -1 1153 1174 1187 -1 1174 1153 1186 -1 1182 1138 1139 -1 1138 1182 1150 -1 1118 1165 1185 -1 1165 1118 1167 -1 1184 1116 1120 -1 1116 1184 1119 -1 1151 1140 1138 -1 1140 1151 1186 -1 1178 1146 1148 -1 1146 1178 1173 -1 1168 1178 1171 -1 1178 1168 1187 -1 1159 1120 1160 -1 1120 1159 1184 -1 1167 1125 1141 -1 1125 1167 1123 -1 1162 1135 1177 -1 1135 1162 1161 -1 1133 1164 1157 -1 1164 1133 1163 -1 1131 1157 1144 -1 1157 1131 1133 -1 1187 1173 1178 -1 1173 1187 1174 -1 1157 1176 1156 -1 1176 1157 1164 -1 1155 1186 1153 -1 1186 1155 1140 -1 1121 1180 1122 -1 1180 1121 1185 -1 1180 1185 1179 -1 1179 1185 1165 -1 1179 1165 1181 -1 1181 1165 1166 -1 1170 1177 1175 -1 1177 1170 1176 -1 1188 1189 1190 -1 1190 1191 1188 -1 1191 1190 1192 -1 1192 1193 1191 -1 1193 1194 1191 -1 1195 1196 1197 -1 1197 1198 1195 -1 1198 1199 1195 -1 1198 1200 1199 -1 1200 1194 1199 -1 1200 1201 1194 -1 1201 1191 1194 -1 1201 1188 1191 -1 1202 1203 1193 -1 1193 1192 1202 -1 1189 1202 1192 -1 1192 1190 1189 -1 1197 1196 1204 -1 1204 1205 1197 -1 1206 1203 1201 -1 1201 1207 1206 -1 1201 1200 1207 -1 1208 1205 1204 -1 1204 1209 1208 -1 1209 1210 1208 -1 1209 1211 1210 -1 1210 1211 1212 -1 1212 1207 1210 -1 1212 1213 1207 -1 1213 1206 1207 -1 1199 1212 1211 -1 1211 1209 1199 -1 1209 1195 1199 -1 1202 1189 1188 -1 1188 1203 1202 -1 1188 1201 1203 -1 1210 1207 1200 -1 1200 1208 1210 -1 1200 1198 1208 -1 1205 1208 1198 -1 1198 1197 1205 -1 1195 1209 1204 -1 1204 1196 1195 -1 1194 1193 1213 -1 1213 1212 1194 -1 1212 1199 1194 -1 1206 1213 1193 -1 1193 1203 1206 -1 1214 1215 1216 -1 1215 1214 1217 -1 1217 1218 1215 -1 1218 1217 1219 -1 1219 1217 1220 -1 1221 1222 1223 -1 1222 1221 1224 -1 1224 1221 1225 -1 1224 1225 1226 -1 1226 1225 1220 -1 1226 1220 1227 -1 1227 1220 1217 -1 1227 1217 1214 -1 1228 1219 1229 -1 1219 1228 1218 -1 1216 1218 1228 -1 1218 1216 1215 -1 1222 1230 1223 -1 1230 1222 1231 -1 1232 1227 1229 -1 1227 1232 1233 -1 1227 1233 1226 -1 1234 1230 1231 -1 1230 1234 1235 -1 1235 1234 1236 -1 1235 1236 1237 -1 1236 1238 1237 -1 1238 1236 1233 -1 1238 1233 1239 -1 1239 1233 1232 -1 1225 1237 1238 -1 1237 1225 1235 -1 1235 1225 1221 -1 1228 1214 1216 -1 1214 1228 1229 -1 1214 1229 1227 -1 1236 1226 1233 -1 1226 1236 1234 -1 1226 1234 1224 -1 1231 1224 1234 -1 1224 1231 1222 -1 1221 1230 1235 -1 1230 1221 1223 -1 1220 1239 1219 -1 1239 1220 1238 -1 1238 1220 1225 -1 1232 1219 1239 -1 1219 1232 1229 -1 1240 1241 1242 -1 1241 1240 1243 -1 1244 1245 1246 -1 1245 1244 1240 -1 1247 1248 1249 -1 1248 1247 1250 -1 1251 1252 1253 -1 1252 1251 1254 -1 1255 1256 1257 -1 1256 1255 1258 -1 1254 1259 1260 -1 1259 1254 1261 -1 1249 1251 1253 -1 1251 1249 1248 -1 1262 1250 1263 -1 1250 1262 1264 -1 1265 1253 1266 -1 1253 1265 1249 -1 1267 1255 1268 -1 1255 1267 1258 -1 1258 1267 1269 -1 1258 1269 1270 -1 1270 1269 1271 -1 1270 1271 1272 -1 1273 1262 1274 -1 1262 1273 1275 -1 1276 1277 1278 -1 1277 1276 1279 -1 1268 1280 1267 -1 1280 1268 1281 -1 1282 1283 1284 -1 1283 1282 1252 -1 1273 1285 1286 -1 1285 1273 1274 -1 1287 1286 1288 -1 1286 1287 1273 -1 1289 1265 1290 -1 1265 1289 1291 -1 1253 1282 1266 -1 1282 1253 1252 -1 1276 1254 1251 -1 1254 1276 1261 -1 1292 1293 1294 -1 1293 1292 1295 -1 1296 1297 1298 -1 1297 1296 1256 -1 1278 1261 1276 -1 1261 1278 1299 -1 1293 1300 1294 -1 1300 1293 1280 -1 1261 1301 1259 -1 1301 1261 1299 -1 1288 1301 1300 -1 1301 1288 1286 -1 1295 1272 1271 -1 1272 1295 1302 -1 1303 1284 1304 -1 1284 1303 1282 -1 1250 1279 1248 -1 1279 1250 1264 -1 1266 1303 1305 -1 1303 1266 1282 -1 1256 1270 1297 -1 1270 1256 1258 -1 1285 1306 1307 -1 1306 1285 1274 -1 1259 1307 1260 -1 1307 1259 1285 -1 1284 1246 1304 -1 1246 1284 1244 -1 1241 1291 1242 -1 1291 1241 1247 -1 1307 1243 1308 -1 1243 1307 1306 -1 1252 1260 1283 -1 1260 1252 1254 -1 1245 1242 1309 -1 1242 1245 1240 -1 1275 1298 1310 -1 1298 1275 1296 -1 1278 1311 1292 -1 1311 1278 1277 -1 1269 1280 1293 -1 1280 1269 1267 -1 1295 1269 1293 -1 1269 1295 1271 -1 1248 1276 1251 -1 1276 1248 1279 -1 1260 1308 1283 -1 1308 1260 1307 -1 1290 1266 1305 -1 1266 1290 1265 -1 1243 1263 1241 -1 1263 1243 1306 -1 1287 1275 1273 -1 1275 1287 1296 -1 1278 1294 1299 -1 1294 1278 1292 -1 1257 1296 1287 -1 1296 1257 1256 -1 1263 1247 1241 -1 1247 1263 1250 -1 1277 1298 1311 -1 1298 1277 1310 -1 1306 1262 1263 -1 1262 1306 1274 -1 1242 1289 1309 -1 1289 1242 1291 -1 1308 1240 1244 -1 1240 1308 1243 -1 1275 1264 1262 -1 1264 1275 1310 -1 1302 1270 1272 -1 1270 1302 1297 -1 1292 1302 1295 -1 1302 1292 1311 -1 1283 1244 1284 -1 1244 1283 1308 -1 1291 1249 1265 -1 1249 1291 1247 -1 1286 1259 1301 -1 1259 1286 1285 -1 1257 1288 1281 -1 1288 1257 1287 -1 1255 1281 1268 -1 1281 1255 1257 -1 1311 1297 1302 -1 1297 1311 1298 -1 1281 1300 1280 -1 1300 1281 1288 -1 1279 1310 1277 -1 1310 1279 1264 -1 1245 1304 1246 -1 1304 1245 1309 -1 1304 1309 1303 -1 1303 1309 1289 -1 1303 1289 1305 -1 1305 1289 1290 -1 1294 1301 1299 -1 1301 1294 1300 -1 1312 1313 1314 -1 1314 1315 1312 -1 1315 1314 1316 -1 1316 1317 1315 -1 1317 1318 1315 -1 1319 1320 1321 -1 1321 1322 1319 -1 1322 1323 1319 -1 1322 1324 1323 -1 1324 1318 1323 -1 1324 1325 1318 -1 1325 1315 1318 -1 1325 1312 1315 -1 1326 1327 1317 -1 1317 1316 1326 -1 1313 1326 1316 -1 1316 1314 1313 -1 1321 1320 1328 -1 1328 1329 1321 -1 1330 1327 1325 -1 1325 1331 1330 -1 1325 1324 1331 -1 1332 1329 1328 -1 1328 1333 1332 -1 1333 1334 1332 -1 1333 1335 1334 -1 1334 1335 1336 -1 1336 1331 1334 -1 1336 1337 1331 -1 1337 1330 1331 -1 1323 1336 1335 -1 1335 1333 1323 -1 1333 1319 1323 -1 1326 1313 1312 -1 1312 1327 1326 -1 1312 1325 1327 -1 1334 1331 1324 -1 1324 1332 1334 -1 1324 1322 1332 -1 1329 1332 1322 -1 1322 1321 1329 -1 1319 1333 1328 -1 1328 1320 1319 -1 1318 1317 1337 -1 1337 1336 1318 -1 1336 1323 1318 -1 1330 1337 1317 -1 1317 1327 1330 -1 1338 1339 1340 -1 1339 1338 1341 -1 1341 1342 1339 -1 1342 1341 1343 -1 1343 1341 1344 -1 1345 1346 1347 -1 1346 1345 1348 -1 1348 1345 1349 -1 1348 1349 1350 -1 1350 1349 1344 -1 1350 1344 1351 -1 1351 1344 1341 -1 1351 1341 1338 -1 1352 1343 1353 -1 1343 1352 1342 -1 1340 1342 1352 -1 1342 1340 1339 -1 1346 1354 1347 -1 1354 1346 1355 -1 1356 1351 1353 -1 1351 1356 1357 -1 1351 1357 1350 -1 1358 1354 1355 -1 1354 1358 1359 -1 1359 1358 1360 -1 1359 1360 1361 -1 1360 1362 1361 -1 1362 1360 1357 -1 1362 1357 1363 -1 1363 1357 1356 -1 1349 1361 1362 -1 1361 1349 1359 -1 1359 1349 1345 -1 1352 1338 1340 -1 1338 1352 1353 -1 1338 1353 1351 -1 1360 1350 1357 -1 1350 1360 1358 -1 1350 1358 1348 -1 1355 1348 1358 -1 1348 1355 1346 -1 1345 1354 1359 -1 1354 1345 1347 -1 1344 1363 1343 -1 1363 1344 1362 -1 1362 1344 1349 -1 1356 1343 1363 -1 1343 1356 1353 -1 1364 1365 1366 -1 1365 1364 1367 -1 1368 1369 1370 -1 1369 1368 1364 -1 1371 1372 1373 -1 1372 1371 1374 -1 1375 1376 1377 -1 1376 1375 1378 -1 1379 1380 1381 -1 1380 1379 1382 -1 1378 1383 1384 -1 1383 1378 1385 -1 1373 1375 1377 -1 1375 1373 1372 -1 1386 1374 1387 -1 1374 1386 1388 -1 1389 1377 1390 -1 1377 1389 1373 -1 1391 1379 1392 -1 1379 1391 1382 -1 1382 1391 1393 -1 1382 1393 1394 -1 1394 1393 1395 -1 1394 1395 1396 -1 1397 1386 1398 -1 1386 1397 1399 -1 1400 1401 1402 -1 1401 1400 1403 -1 1392 1404 1391 -1 1404 1392 1405 -1 1406 1407 1408 -1 1407 1406 1376 -1 1397 1409 1410 -1 1409 1397 1398 -1 1411 1410 1412 -1 1410 1411 1397 -1 1413 1389 1414 -1 1389 1413 1415 -1 1377 1406 1390 -1 1406 1377 1376 -1 1400 1378 1375 -1 1378 1400 1385 -1 1416 1417 1418 -1 1417 1416 1419 -1 1420 1421 1422 -1 1421 1420 1380 -1 1402 1385 1400 -1 1385 1402 1423 -1 1417 1424 1418 -1 1424 1417 1404 -1 1385 1425 1383 -1 1425 1385 1423 -1 1412 1425 1424 -1 1425 1412 1410 -1 1419 1396 1395 -1 1396 1419 1426 -1 1427 1408 1428 -1 1408 1427 1406 -1 1374 1403 1372 -1 1403 1374 1388 -1 1390 1427 1429 -1 1427 1390 1406 -1 1380 1394 1421 -1 1394 1380 1382 -1 1409 1430 1431 -1 1430 1409 1398 -1 1383 1431 1384 -1 1431 1383 1409 -1 1408 1370 1428 -1 1370 1408 1368 -1 1365 1415 1366 -1 1415 1365 1371 -1 1431 1367 1432 -1 1367 1431 1430 -1 1376 1384 1407 -1 1384 1376 1378 -1 1369 1366 1433 -1 1366 1369 1364 -1 1399 1422 1434 -1 1422 1399 1420 -1 1402 1435 1416 -1 1435 1402 1401 -1 1393 1404 1417 -1 1404 1393 1391 -1 1419 1393 1417 -1 1393 1419 1395 -1 1372 1400 1375 -1 1400 1372 1403 -1 1384 1432 1407 -1 1432 1384 1431 -1 1414 1390 1429 -1 1390 1414 1389 -1 1367 1387 1365 -1 1387 1367 1430 -1 1411 1399 1397 -1 1399 1411 1420 -1 1402 1418 1423 -1 1418 1402 1416 -1 1381 1420 1411 -1 1420 1381 1380 -1 1387 1371 1365 -1 1371 1387 1374 -1 1401 1422 1435 -1 1422 1401 1434 -1 1430 1386 1387 -1 1386 1430 1398 -1 1366 1413 1433 -1 1413 1366 1415 -1 1432 1364 1368 -1 1364 1432 1367 -1 1399 1388 1386 -1 1388 1399 1434 -1 1426 1394 1396 -1 1394 1426 1421 -1 1416 1426 1419 -1 1426 1416 1435 -1 1407 1368 1408 -1 1368 1407 1432 -1 1415 1373 1389 -1 1373 1415 1371 -1 1410 1383 1425 -1 1383 1410 1409 -1 1381 1412 1405 -1 1412 1381 1411 -1 1379 1405 1392 -1 1405 1379 1381 -1 1435 1421 1426 -1 1421 1435 1422 -1 1405 1424 1404 -1 1424 1405 1412 -1 1403 1434 1401 -1 1434 1403 1388 -1 1369 1428 1370 -1 1428 1369 1433 -1 1428 1433 1427 -1 1427 1433 1413 -1 1427 1413 1429 -1 1429 1413 1414 -1 1418 1425 1423 -1 1425 1418 1424 -1 1436 1437 1438 -1 1438 1439 1436 -1 1439 1438 1440 -1 1440 1441 1439 -1 1441 1442 1439 -1 1443 1444 1445 -1 1445 1446 1443 -1 1446 1447 1443 -1 1446 1448 1447 -1 1448 1442 1447 -1 1448 1449 1442 -1 1449 1439 1442 -1 1449 1436 1439 -1 1450 1451 1441 -1 1441 1440 1450 -1 1437 1450 1440 -1 1440 1438 1437 -1 1445 1444 1452 -1 1452 1453 1445 -1 1454 1451 1449 -1 1449 1455 1454 -1 1449 1448 1455 -1 1456 1453 1452 -1 1452 1457 1456 -1 1457 1458 1456 -1 1457 1459 1458 -1 1458 1459 1460 -1 1460 1455 1458 -1 1460 1461 1455 -1 1461 1454 1455 -1 1447 1460 1459 -1 1459 1457 1447 -1 1457 1443 1447 -1 1450 1437 1436 -1 1436 1451 1450 -1 1436 1449 1451 -1 1458 1455 1448 -1 1448 1456 1458 -1 1448 1446 1456 -1 1453 1456 1446 -1 1446 1445 1453 -1 1443 1457 1452 -1 1452 1444 1443 -1 1442 1441 1461 -1 1461 1460 1442 -1 1460 1447 1442 -1 1454 1461 1441 -1 1441 1451 1454 -1 1462 1463 1464 -1 1463 1462 1465 -1 1465 1466 1463 -1 1466 1465 1467 -1 1467 1465 1468 -1 1469 1470 1471 -1 1470 1469 1472 -1 1472 1469 1473 -1 1472 1473 1474 -1 1474 1473 1468 -1 1474 1468 1475 -1 1475 1468 1465 -1 1475 1465 1462 -1 1476 1467 1477 -1 1467 1476 1466 -1 1464 1466 1476 -1 1466 1464 1463 -1 1470 1478 1471 -1 1478 1470 1479 -1 1480 1475 1477 -1 1475 1480 1481 -1 1475 1481 1474 -1 1482 1478 1479 -1 1478 1482 1483 -1 1483 1482 1484 -1 1483 1484 1485 -1 1484 1486 1485 -1 1486 1484 1481 -1 1486 1481 1487 -1 1487 1481 1480 -1 1473 1485 1486 -1 1485 1473 1483 -1 1483 1473 1469 -1 1476 1462 1464 -1 1462 1476 1477 -1 1462 1477 1475 -1 1484 1474 1481 -1 1474 1484 1482 -1 1474 1482 1472 -1 1479 1472 1482 -1 1472 1479 1470 -1 1469 1478 1483 -1 1478 1469 1471 -1 1468 1487 1467 -1 1487 1468 1486 -1 1486 1468 1473 -1 1480 1467 1487 -1 1467 1480 1477 -1 1488 1489 1490 -1 1489 1488 1491 -1 1492 1493 1494 -1 1493 1492 1488 -1 1495 1496 1497 -1 1496 1495 1498 -1 1499 1500 1501 -1 1500 1499 1502 -1 1503 1504 1505 -1 1504 1503 1506 -1 1502 1507 1508 -1 1507 1502 1509 -1 1497 1499 1501 -1 1499 1497 1496 -1 1510 1498 1511 -1 1498 1510 1512 -1 1513 1501 1514 -1 1501 1513 1497 -1 1515 1503 1516 -1 1503 1515 1506 -1 1506 1515 1517 -1 1506 1517 1518 -1 1518 1517 1519 -1 1518 1519 1520 -1 1521 1510 1522 -1 1510 1521 1523 -1 1524 1525 1526 -1 1525 1524 1527 -1 1516 1528 1515 -1 1528 1516 1529 -1 1530 1531 1532 -1 1531 1530 1500 -1 1521 1533 1534 -1 1533 1521 1522 -1 1535 1534 1536 -1 1534 1535 1521 -1 1537 1513 1538 -1 1513 1537 1539 -1 1501 1530 1514 -1 1530 1501 1500 -1 1524 1502 1499 -1 1502 1524 1509 -1 1540 1541 1542 -1 1541 1540 1543 -1 1544 1545 1546 -1 1545 1544 1504 -1 1526 1509 1524 -1 1509 1526 1547 -1 1541 1548 1542 -1 1548 1541 1528 -1 1509 1549 1507 -1 1549 1509 1547 -1 1536 1549 1548 -1 1549 1536 1534 -1 1543 1520 1519 -1 1520 1543 1550 -1 1551 1532 1552 -1 1532 1551 1530 -1 1498 1527 1496 -1 1527 1498 1512 -1 1514 1551 1553 -1 1551 1514 1530 -1 1504 1518 1545 -1 1518 1504 1506 -1 1533 1554 1555 -1 1554 1533 1522 -1 1507 1555 1508 -1 1555 1507 1533 -1 1532 1494 1552 -1 1494 1532 1492 -1 1489 1539 1490 -1 1539 1489 1495 -1 1555 1491 1556 -1 1491 1555 1554 -1 1500 1508 1531 -1 1508 1500 1502 -1 1493 1490 1557 -1 1490 1493 1488 -1 1523 1546 1558 -1 1546 1523 1544 -1 1526 1559 1540 -1 1559 1526 1525 -1 1517 1528 1541 -1 1528 1517 1515 -1 1543 1517 1541 -1 1517 1543 1519 -1 1496 1524 1499 -1 1524 1496 1527 -1 1508 1556 1531 -1 1556 1508 1555 -1 1538 1514 1553 -1 1514 1538 1513 -1 1491 1511 1489 -1 1511 1491 1554 -1 1535 1523 1521 -1 1523 1535 1544 -1 1526 1542 1547 -1 1542 1526 1540 -1 1505 1544 1535 -1 1544 1505 1504 -1 1511 1495 1489 -1 1495 1511 1498 -1 1525 1546 1559 -1 1546 1525 1558 -1 1554 1510 1511 -1 1510 1554 1522 -1 1490 1537 1557 -1 1537 1490 1539 -1 1556 1488 1492 -1 1488 1556 1491 -1 1523 1512 1510 -1 1512 1523 1558 -1 1550 1518 1520 -1 1518 1550 1545 -1 1540 1550 1543 -1 1550 1540 1559 -1 1531 1492 1532 -1 1492 1531 1556 -1 1539 1497 1513 -1 1497 1539 1495 -1 1534 1507 1549 -1 1507 1534 1533 -1 1505 1536 1529 -1 1536 1505 1535 -1 1503 1529 1516 -1 1529 1503 1505 -1 1559 1545 1550 -1 1545 1559 1546 -1 1529 1548 1528 -1 1548 1529 1536 -1 1527 1558 1525 -1 1558 1527 1512 -1 1493 1552 1494 -1 1552 1493 1557 -1 1552 1557 1551 -1 1551 1557 1537 -1 1551 1537 1553 -1 1553 1537 1538 -1 1542 1549 1547 -1 1549 1542 1548 -1 1560 1561 1562 -1 1562 1563 1560 -1 1563 1562 1564 -1 1564 1565 1563 -1 1565 1566 1563 -1 1567 1568 1569 -1 1569 1570 1567 -1 1570 1571 1567 -1 1570 1572 1571 -1 1572 1566 1571 -1 1572 1573 1566 -1 1573 1563 1566 -1 1573 1560 1563 -1 1574 1575 1565 -1 1565 1564 1574 -1 1561 1574 1564 -1 1564 1562 1561 -1 1569 1568 1576 -1 1576 1577 1569 -1 1578 1575 1573 -1 1573 1579 1578 -1 1573 1572 1579 -1 1580 1577 1576 -1 1576 1581 1580 -1 1581 1582 1580 -1 1581 1583 1582 -1 1582 1583 1584 -1 1584 1579 1582 -1 1584 1585 1579 -1 1585 1578 1579 -1 1571 1584 1583 -1 1583 1581 1571 -1 1581 1567 1571 -1 1574 1561 1560 -1 1560 1575 1574 -1 1560 1573 1575 -1 1582 1579 1572 -1 1572 1580 1582 -1 1572 1570 1580 -1 1577 1580 1570 -1 1570 1569 1577 -1 1567 1581 1576 -1 1576 1568 1567 -1 1566 1565 1585 -1 1585 1584 1566 -1 1584 1571 1566 -1 1578 1585 1565 -1 1565 1575 1578 -1 1586 1587 1588 -1 1587 1586 1589 -1 1589 1590 1587 -1 1590 1589 1591 -1 1591 1589 1592 -1 1593 1594 1595 -1 1594 1593 1596 -1 1596 1593 1597 -1 1596 1597 1598 -1 1598 1597 1592 -1 1598 1592 1599 -1 1599 1592 1589 -1 1599 1589 1586 -1 1600 1591 1601 -1 1591 1600 1590 -1 1588 1590 1600 -1 1590 1588 1587 -1 1594 1602 1595 -1 1602 1594 1603 -1 1604 1599 1601 -1 1599 1604 1605 -1 1599 1605 1598 -1 1606 1602 1603 -1 1602 1606 1607 -1 1607 1606 1608 -1 1607 1608 1609 -1 1608 1610 1609 -1 1610 1608 1605 -1 1610 1605 1611 -1 1611 1605 1604 -1 1597 1609 1610 -1 1609 1597 1607 -1 1607 1597 1593 -1 1600 1586 1588 -1 1586 1600 1601 -1 1586 1601 1599 -1 1608 1598 1605 -1 1598 1608 1606 -1 1598 1606 1596 -1 1603 1596 1606 -1 1596 1603 1594 -1 1593 1602 1607 -1 1602 1593 1595 -1 1592 1611 1591 -1 1611 1592 1610 -1 1610 1592 1597 -1 1604 1591 1611 -1 1591 1604 1601 -1 1612 1613 1614 -1 1614 73 1612 -1 1615 1613 1612 -1 1612 1616 1615 -1 1617 1615 1616 -1 1616 1618 1617 -1 1618 73 1614 -1 1614 1617 1618 -1 1612 73 1618 -1 1618 1616 1612 -1 1617 1614 1613 -1 1613 1615 1617 -1 1619 1620 1621 -1 1621 1622 1619 -1 1623 1624 1619 -1 1619 1622 1623 -1 1625 1624 1623 -1 1623 1626 1625 -1 1626 1627 1628 -1 1628 1625 1626 -1 1621 1620 1628 -1 1628 1627 1621 -1 1628 1620 1624 -1 1624 1625 1628 -1 1620 1619 1624 -1 1627 1626 1623 -1 1623 1621 1627 -1 1623 1622 1621 -1 1629 1630 1631 -1 1630 1629 100 -1 1632 1629 1631 -1 1629 1632 1633 -1 1634 1633 1632 -1 1633 1634 1635 -1 1635 1630 100 -1 1630 1635 1634 -1 1629 1635 100 -1 1635 1629 1633 -1 1634 1631 1630 -1 1631 1634 1632 -1 1636 1637 1638 -1 1637 1636 1639 -1 1640 1636 1641 -1 1636 1640 1639 -1 1642 1640 1641 -1 1640 1642 1643 -1 1643 1644 1645 -1 1644 1643 1642 -1 1637 1644 1638 -1 1644 1637 1645 -1 1644 1641 1638 -1 1641 1644 1642 -1 1638 1641 1636 -1 1645 1640 1643 -1 1640 1645 1637 -1 1640 1637 1639 -1 1646 1647 1648 -1 1648 1649 1646 -1 1649 1650 1646 -1 1649 1651 1650 -1 1651 1652 1650 -1 1651 1653 1652 -1 1654 1655 1656 -1 1654 1657 1655 -1 1658 1659 1660 -1 1659 1661 1660 -1 1658 1660 1653 -1 1653 1651 1658 -1 1662 1658 1651 -1 1651 1649 1662 -1 1654 1656 1650 -1 1650 1652 1654 -1 1663 1664 1665 -1 1666 1662 1667 -1 1666 1667 1668 -1 1669 1663 1665 -1 1649 1648 1667 -1 1667 1662 1649 -1 1647 1646 1664 -1 1664 1663 1647 -1 1670 1671 1672 -1 1672 1673 1670 -1 1674 1675 1670 -1 1670 1673 1674 -1 1676 1677 1675 -1 1675 1674 1676 -1 1669 1665 1677 -1 1677 1676 1669 -1 1676 1668 1669 -1 1676 1666 1668 -1 1678 1679 1655 -1 1655 1657 1678 -1 1657 1661 1678 -1 1661 1659 1678 -1 1680 1681 1679 -1 1679 1678 1680 -1 1682 1683 1681 -1 1681 1680 1682 -1 1684 1685 1683 -1 1683 1682 1684 -1 1686 1687 1684 -1 1684 1672 1686 -1 1684 1682 1672 -1 1682 1673 1672 -1 1682 1674 1673 -1 1682 1680 1674 -1 1680 1678 1674 -1 1678 1676 1674 -1 1678 1659 1676 -1 1659 1666 1676 -1 1659 1662 1666 -1 1659 1658 1662 -1 1687 1688 1685 -1 1685 1684 1687 -1 1672 1671 1689 -1 1689 1686 1672 -1 1648 1647 1663 -1 1663 1669 1648 -1 1669 1668 1648 -1 1668 1667 1648 -1 1687 1686 1689 -1 1689 1688 1687 -1 1685 1688 1689 -1 1689 1671 1685 -1 1671 1683 1685 -1 1671 1670 1683 -1 1670 1675 1683 -1 1675 1681 1683 -1 1675 1679 1681 -1 1675 1677 1679 -1 1677 1655 1679 -1 1677 1665 1655 -1 1665 1664 1655 -1 1664 1656 1655 -1 1664 1650 1656 -1 1664 1646 1650 -1 1661 1657 1654 -1 1654 1652 1661 -1 1652 1653 1661 -1 1653 1660 1661 -1 1690 1691 1692 -1 1691 1690 1693 -1 1693 1690 1694 -1 1693 1694 1695 -1 1695 1694 1696 -1 1695 1696 1697 -1 1696 1698 1699 -1 1696 1699 1700 -1 1701 1702 1703 -1 1703 1702 1704 -1 1701 1697 1702 -1 1697 1701 1695 -1 1705 1695 1701 -1 1695 1705 1693 -1 1696 1694 1698 -1 1706 1707 1708 -1 1709 1710 1705 -1 1709 1711 1710 -1 1712 1707 1706 -1 1693 1710 1691 -1 1710 1693 1705 -1 1692 1708 1690 -1 1708 1692 1706 -1 1713 1714 1715 -1 1714 1713 1716 -1 1717 1713 1718 -1 1713 1717 1716 -1 1719 1718 1720 -1 1718 1719 1717 -1 1712 1720 1707 -1 1720 1712 1719 -1 1719 1712 1711 -1 1719 1711 1709 -1 1721 1699 1722 -1 1699 1721 1700 -1 1700 1721 1704 -1 1704 1721 1703 -1 1723 1722 1724 -1 1722 1723 1721 -1 1725 1724 1726 -1 1724 1725 1723 -1 1727 1726 1728 -1 1726 1727 1725 -1 1714 1729 1730 -1 1729 1714 1727 -1 1727 1714 1725 -1 1725 1714 1716 -1 1725 1716 1717 -1 1725 1717 1723 -1 1723 1717 1721 -1 1721 1717 1719 -1 1721 1719 1709 -1 1721 1709 1703 -1 1703 1709 1705 -1 1703 1705 1701 -1 1729 1728 1731 -1 1728 1729 1727 -1 1714 1732 1715 -1 1732 1714 1730 -1 1691 1706 1692 -1 1706 1691 1712 -1 1712 1691 1711 -1 1711 1691 1710 -1 1729 1732 1730 -1 1732 1729 1731 -1 1728 1732 1731 -1 1732 1728 1715 -1 1715 1728 1726 -1 1715 1726 1713 -1 1713 1726 1718 -1 1718 1726 1724 -1 1718 1724 1722 -1 1718 1722 1720 -1 1720 1722 1707 -1 1707 1722 1699 -1 1707 1699 1698 -1 1707 1698 1708 -1 1708 1698 1694 -1 1708 1694 1690 -1 1704 1696 1700 -1 1696 1704 1697 -1 1697 1704 1702 -1 1733 1734 1735 -1 1734 1733 1736 -1 1737 1738 1739 -1 1738 1737 1740 -1 1741 1742 1736 -1 1742 1741 1743 -1 1744 1745 1746 -1 1745 1744 1747 -1 1747 1744 1748 -1 1747 1748 1749 -1 1750 1751 1752 -1 1751 1750 1753 -1 1739 1754 1755 -1 1754 1739 1738 -1 1753 1756 1757 -1 1756 1753 1758 -1 1759 1750 1760 -1 1750 1759 1761 -1 1762 1763 1764 -1 1763 1762 1765 -1 1765 1762 1766 -1 1765 1766 1767 -1 1768 1765 1767 -1 1765 1768 1763 -1 1763 1768 1769 -1 1763 1769 1770 -1 1740 1771 1772 -1 1771 1740 1773 -1 1774 1741 1775 -1 1741 1774 1776 -1 1777 1778 1743 -1 1778 1777 1779 -1 1751 1757 1773 -1 1757 1751 1753 -1 1752 1776 1774 -1 1776 1752 1780 -1 1760 1752 1774 -1 1752 1760 1750 -1 1781 1782 1783 -1 1782 1781 1784 -1 1784 1781 1785 -1 1785 1781 1786 -1 1787 1788 1789 -1 1788 1787 1790 -1 1788 1790 1791 -1 1788 1791 1792 -1 1793 1794 1795 -1 1794 1793 1796 -1 1796 1793 1735 -1 1796 1735 1734 -1 1775 1736 1733 -1 1736 1775 1741 -1 1773 1797 1771 -1 1797 1773 1757 -1 1780 1777 1776 -1 1777 1780 1798 -1 1799 1774 1775 -1 1774 1799 1760 -1 1783 1769 1768 -1 1769 1783 1770 -1 1770 1783 1784 -1 1784 1783 1782 -1 1795 1735 1793 -1 1735 1795 1789 -1 1789 1795 1787 -1 1787 1795 1790 -1 1800 1801 1802 -1 1801 1800 1803 -1 1803 1800 1804 -1 1803 1804 1805 -1 1806 1807 1808 -1 1807 1806 1809 -1 1807 1809 1810 -1 1810 1809 1811 -1 1810 1811 1812 -1 1812 1811 1813 -1 1812 1813 1814 -1 1814 1813 1772 -1 1814 1772 1815 -1 1815 1772 1771 -1 1815 1771 1816 -1 1816 1771 1797 -1 1816 1797 1817 -1 1817 1797 1818 -1 1779 1819 1778 -1 1819 1779 1820 -1 1776 1743 1741 -1 1743 1776 1777 -1 1820 1821 1819 -1 1821 1820 1822 -1 1823 1768 1767 -1 1768 1823 1824 -1 1825 1820 1779 -1 1820 1825 1826 -1 1827 1828 1826 -1 1828 1827 1829 -1 1755 1826 1825 -1 1826 1755 1827 -1 1796 1830 1794 -1 1830 1796 1831 -1 1831 1796 1734 -1 1831 1734 1832 -1 1833 1806 1834 -1 1806 1833 1809 -1 1737 1773 1740 -1 1773 1737 1751 -1 1754 1809 1833 -1 1809 1754 1811 -1 1743 1835 1742 -1 1835 1743 1778 -1 1751 1780 1752 -1 1780 1751 1737 -1 1831 1764 1830 -1 1764 1831 1762 -1 1762 1831 1832 -1 1762 1832 1766 -1 1747 1836 1745 -1 1836 1747 1837 -1 1837 1747 1749 -1 1837 1749 1838 -1 1737 1798 1780 -1 1798 1737 1739 -1 1761 1753 1750 -1 1753 1761 1758 -1 1778 1823 1835 -1 1823 1778 1819 -1 1739 1825 1798 -1 1825 1739 1755 -1 1789 1733 1735 -1 1733 1789 1839 -1 1738 1811 1754 -1 1811 1738 1813 -1 1803 1746 1801 -1 1746 1803 1744 -1 1744 1803 1805 -1 1744 1805 1748 -1 1755 1833 1827 -1 1833 1755 1754 -1 1742 1766 1832 -1 1766 1742 1835 -1 1798 1779 1777 -1 1779 1798 1825 -1 1835 1767 1766 -1 1767 1835 1823 -1 1736 1832 1734 -1 1832 1736 1742 -1 1827 1834 1829 -1 1834 1827 1833 -1 1840 1760 1799 -1 1760 1840 1759 -1 1826 1822 1820 -1 1822 1826 1828 -1 1839 1775 1733 -1 1775 1839 1799 -1 1819 1824 1823 -1 1824 1819 1821 -1 1836 1841 1842 -1 1841 1836 1843 -1 1843 1836 1838 -1 1838 1836 1837 -1 1740 1813 1738 -1 1813 1740 1772 -1 1844 1799 1839 -1 1799 1844 1840 -1 1842 1792 1791 -1 1792 1842 1788 -1 1788 1842 1841 -1 1788 1841 1843 -1 1788 1839 1789 -1 1839 1788 1844 -1 1804 1786 1781 -1 1786 1802 1785 -1 1802 1786 1804 -1 1802 1804 1800 -1 1757 1818 1797 -1 1818 1757 1756 -1 1845 1846 1847 -1 1846 1845 1848 -1 1812 1849 1850 -1 1849 1812 1814 -1 1851 1758 1761 -1 1758 1851 1852 -1 1853 1854 1855 -1 1854 1853 1856 -1 1857 1858 1845 -1 1858 1857 1850 -1 1847 1859 1860 -1 1859 1847 1846 -1 1848 1861 1846 -1 1861 1848 1862 -1 1863 1864 1865 -1 1864 1863 1866 -1 1865 1805 1804 -1 1805 1865 1864 -1 1822 1867 1821 -1 1867 1822 1868 -1 1855 1869 1870 -1 1869 1855 1854 -1 1854 1871 1869 -1 1871 1854 1872 -1 1851 1873 1852 -1 1873 1851 1874 -1 1829 1875 1860 -1 1875 1829 1834 -1 1845 1876 1848 -1 1876 1845 1858 -1 1807 1857 1877 -1 1857 1807 1810 -1 1864 1748 1805 -1 1748 1864 1870 -1 1843 1871 1878 -1 1871 1843 1838 -1 1879 1761 1759 -1 1761 1879 1851 -1 1829 1859 1828 -1 1859 1829 1860 -1 1880 1759 1840 -1 1759 1880 1879 -1 1821 1881 1824 -1 1881 1821 1867 -1 1882 1873 1883 -1 1873 1882 1852 -1 1817 1883 1816 -1 1883 1817 1882 -1 1862 1866 1863 -1 1866 1862 1884 -1 1843 1844 1788 -1 1844 1843 1878 -1 1875 1847 1860 -1 1847 1875 1877 -1 1848 1884 1862 -1 1884 1848 1876 -1 1885 1856 1853 -1 1856 1885 1886 -1 1876 1853 1884 -1 1853 1876 1885 -1 1870 1749 1748 -1 1749 1870 1869 -1 1887 1783 1881 -1 1783 1887 1781 -1 1824 1783 1768 -1 1783 1824 1881 -1 1818 1882 1817 -1 1882 1818 1756 -1 1834 1808 1875 -1 1808 1834 1806 -1 1879 1874 1851 -1 1874 1879 1888 -1 1863 1887 1889 -1 1887 1863 1865 -1 1883 1890 1891 -1 1890 1883 1873 -1 1828 1868 1822 -1 1868 1828 1859 -1 1862 1889 1861 -1 1889 1862 1863 -1 1869 1838 1749 -1 1838 1869 1871 -1 1861 1867 1868 -1 1867 1861 1889 -1 1865 1781 1887 -1 1781 1865 1804 -1 1815 1849 1814 -1 1849 1815 1891 -1 1886 1888 1856 -1 1888 1886 1874 -1 1878 1840 1844 -1 1840 1878 1880 -1 1889 1881 1867 -1 1881 1889 1887 -1 1856 1872 1854 -1 1872 1856 1888 -1 1858 1885 1876 -1 1885 1858 1892 -1 1884 1855 1866 -1 1855 1884 1853 -1 1808 1877 1875 -1 1877 1808 1807 -1 1866 1870 1864 -1 1870 1866 1855 -1 1810 1850 1857 -1 1850 1810 1812 -1 1878 1872 1880 -1 1872 1878 1871 -1 1890 1874 1886 -1 1874 1890 1873 -1 1891 1892 1849 -1 1892 1891 1890 -1 1877 1845 1847 -1 1845 1877 1857 -1 1892 1886 1885 -1 1886 1892 1890 -1 1880 1888 1879 -1 1888 1880 1872 -1 1850 1892 1858 -1 1892 1850 1849 -1 1756 1852 1882 -1 1852 1756 1758 -1 1846 1868 1859 -1 1868 1846 1861 -1 1816 1891 1815 -1 1891 1816 1883 -1 1893 1894 1895 -1 1894 1893 1896 -1 1895 1897 1893 -1 1897 1895 1898 -1 1899 1897 1898 -1 1897 1899 1900 -1 1899 1896 1900 -1 1896 1899 1894 -1 1895 1899 1898 -1 1899 1895 1894 -1 1896 1897 1900 -1 1897 1896 1893 -1 1901 1902 1903 -1 1902 1901 1904 -1 1905 1906 1907 -1 1906 1905 1908 -1 1909 1910 1911 -1 1910 1909 1912 -1 1913 1914 1904 -1 1914 1913 1915 -1 1916 1917 1909 -1 1917 1916 1918 -1 1919 1920 1921 -1 1920 1919 1922 -1 1923 1924 1925 -1 1924 1923 1926 -1 1922 1927 1928 -1 1927 1922 1919 -1 1916 1926 1918 -1 1926 1916 1924 -1 1924 1916 1929 -1 1924 1929 1906 -1 1906 1929 1930 -1 1906 1930 1907 -1 1907 1930 1931 -1 1907 1931 1932 -1 1932 1931 1928 -1 1932 1928 1902 -1 1902 1928 1903 -1 1903 1928 1927 -1 1903 1927 1933 -1 1933 1927 1934 -1 1933 1934 1935 -1 1935 1934 1936 -1 1926 1937 1918 -1 1937 1926 1938 -1 1937 1938 1939 -1 1939 1938 1940 -1 1939 1940 1941 -1 1941 1940 1942 -1 1941 1942 1943 -1 1943 1942 1944 -1 1943 1944 1945 -1 1943 1945 1946 -1 1946 1945 1947 -1 1946 1947 1948 -1 1948 1947 1949 -1 1948 1949 1950 -1 1950 1949 1935 -1 1950 1935 1936 -1 1951 1908 1905 -1 1908 1951 1952 -1 1953 1954 1901 -1 1954 1953 1955 -1 1914 1907 1932 -1 1907 1914 1905 -1 1956 1919 1921 -1 1919 1956 1957 -1 1931 1958 1959 -1 1958 1931 1930 -1 1960 1913 1954 -1 1913 1960 1961 -1 1959 1962 1963 -1 1962 1959 1958 -1 1764 1964 1965 -1 1964 1764 1763 -1 1794 1966 1961 -1 1966 1794 1830 -1 1911 1916 1909 -1 1916 1911 1929 -1 1967 1934 1957 -1 1934 1967 1936 -1 1966 1951 1915 -1 1951 1966 1965 -1 1965 1952 1951 -1 1952 1965 1964 -1 1968 1957 1956 -1 1957 1968 1967 -1 1954 1904 1901 -1 1904 1954 1913 -1 1933 1901 1903 -1 1901 1933 1953 -1 1935 1953 1933 -1 1953 1935 1969 -1 1964 1970 1952 -1 1970 1964 1971 -1 1958 1910 1962 -1 1910 1958 1911 -1 1928 1959 1922 -1 1959 1928 1931 -1 1915 1905 1914 -1 1905 1915 1951 -1 1830 1965 1966 -1 1965 1830 1764 -1 1972 1790 1973 -1 1790 1972 1791 -1 1974 1973 1955 -1 1973 1974 1972 -1 1925 1906 1908 -1 1906 1925 1924 -1 1969 1955 1953 -1 1955 1969 1974 -1 1922 1963 1920 -1 1963 1922 1959 -1 1917 1912 1909 -1 1912 1917 1975 -1 1973 1795 1960 -1 1795 1973 1790 -1 1795 1961 1960 -1 1961 1795 1794 -1 1955 1960 1954 -1 1960 1955 1973 -1 1961 1915 1913 -1 1915 1961 1966 -1 1763 1971 1964 -1 1971 1763 1770 -1 1904 1932 1902 -1 1932 1904 1914 -1 1970 1923 1925 -1 1923 1970 1976 -1 1952 1925 1908 -1 1925 1952 1970 -1 1919 1934 1927 -1 1934 1919 1957 -1 1958 1929 1911 -1 1929 1958 1930 -1 1977 1942 1940 -1 1942 1977 1978 -1 1943 1979 1980 -1 1979 1943 1946 -1 1981 1982 1983 -1 1982 1981 1984 -1 1985 1986 1987 -1 1986 1985 1977 -1 1988 1791 1972 -1 1791 1988 1842 -1 1989 1983 1985 -1 1983 1989 1981 -1 1988 1836 1842 -1 1836 1988 1990 -1 1991 1976 1992 -1 1976 1991 1987 -1 1993 1994 1995 -1 1994 1993 1996 -1 1997 1998 1999 -1 1998 1997 2000 -1 2000 2001 1998 -1 2001 2000 1980 -1 1984 1993 1982 -1 1993 1984 2002 -1 1983 2003 1978 -1 2003 1983 1982 -1 1937 1917 1918 -1 1917 1937 2004 -1 1980 2005 2001 -1 2005 1980 1979 -1 1770 1992 1971 -1 1992 1770 2006 -1 1801 1984 1981 -1 1984 1801 1746 -1 1746 2002 1984 -1 2002 1746 1745 -1 2007 1972 1974 -1 1972 2007 1988 -1 1997 2008 2004 -1 2008 1997 1999 -1 1937 1997 2004 -1 1997 1937 1939 -1 2002 1996 1993 -1 1996 2002 1990 -1 1985 1978 1977 -1 1978 1985 1983 -1 1948 1979 1946 -1 1979 1948 2009 -1 1950 2009 1948 -1 2009 1950 2010 -1 1986 1926 1923 -1 1926 1986 1938 -1 1947 2011 1949 -1 2011 1947 1994 -1 1949 1969 1935 -1 1969 1949 2011 -1 2011 1996 2007 -1 1996 2011 1994 -1 1979 2012 2005 -1 2012 1979 2009 -1 2003 1945 1944 -1 1945 2003 1995 -1 1745 1990 2002 -1 1990 1745 1836 -1 1802 1991 1785 -1 1991 1802 1989 -1 1977 1938 1986 -1 1938 1977 1940 -1 1941 1980 2000 -1 1980 1941 1943 -1 2010 1936 1967 -1 1936 2010 1950 -1 2012 2010 2013 -1 2010 2012 2009 -1 1982 1995 2003 -1 1995 1982 1993 -1 1978 1944 1942 -1 1944 1978 2003 -1 2007 1990 1988 -1 1990 2007 1996 -1 2011 1974 1969 -1 1974 2011 2007 -1 2013 1967 1968 -1 1967 2013 2010 -1 1802 1981 1989 -1 1981 1802 1801 -1 1995 1947 1945 -1 1947 1995 1994 -1 1971 1976 1970 -1 1976 1971 1992 -1 1785 1992 2006 -1 1992 1785 1991 -1 1939 2000 1997 -1 2000 1939 1941 -1 1989 1987 1991 -1 1987 1989 1985 -1 2004 1975 1917 -1 1975 2004 2008 -1 1987 1923 1976 -1 1923 1987 1986 -1 2014 2015 2016 -1 2015 2014 2017 -1 2018 2019 2020 -1 2019 2018 2021 -1 2022 2023 2024 -1 2023 2022 2025 -1 2021 2026 2019 -1 2026 2021 2027 -1 2028 2029 2030 -1 2029 2028 2031 -1 2032 2018 2020 -1 2018 2032 2033 -1 2034 2030 2035 -1 2030 2034 2028 -1 2036 2037 2038 -1 2037 2036 2024 -1 2023 2035 2039 -1 2035 2023 2034 -1 2025 2040 2041 -1 2040 2025 2042 -1 2015 2043 2044 -1 2043 2015 2017 -1 2045 2046 2031 -1 2046 2045 2047 -1 2028 2045 2031 -1 2045 2028 2048 -1 2048 2049 2045 -1 2049 2048 2050 -1 2031 2051 2029 -1 2051 2031 2046 -1 2052 2016 2053 -1 2016 2052 2014 -1 2022 2054 2055 -1 2054 2022 2056 -1 2057 2051 2058 -1 2051 2057 2029 -1 2029 2057 2059 -1 2029 2059 2030 -1 2030 2059 2060 -1 2030 2060 2035 -1 2035 2060 2027 -1 2035 2027 2039 -1 2039 2027 2021 -1 2039 2021 2037 -1 2037 2021 2038 -1 2038 2021 2018 -1 2038 2018 2053 -1 2053 2018 2033 -1 2053 2033 2052 -1 2052 2033 2061 -1 2051 2062 2058 -1 2062 2051 2063 -1 2062 2063 2064 -1 2064 2063 2065 -1 2064 2065 2066 -1 2066 2065 2067 -1 2066 2067 2068 -1 2068 2067 2069 -1 2068 2069 2070 -1 2068 2070 2071 -1 2071 2070 2072 -1 2071 2072 2073 -1 2073 2072 2074 -1 2073 2074 2075 -1 2075 2074 2052 -1 2075 2052 2061 -1 2059 2076 2077 -1 2076 2059 2057 -1 2024 2056 2022 -1 2056 2024 2036 -1 2022 2042 2025 -1 2042 2022 2055 -1 2078 2033 2032 -1 2033 2078 2061 -1 2036 2015 2056 -1 2015 2036 2016 -1 2058 2076 2057 -1 2076 2058 2079 -1 2025 2034 2023 -1 2034 2025 2041 -1 2024 2039 2037 -1 2039 2024 2023 -1 2053 2036 2038 -1 2036 2053 2016 -1 2041 2050 2048 -1 2050 2041 2040 -1 2027 2080 2026 -1 2080 2027 2060 -1 2060 2077 2080 -1 2077 2060 2059 -1 2056 2044 2054 -1 2044 2056 2015 -1 2045 2081 2047 -1 2081 2045 2049 -1 2034 2048 2028 -1 2048 2034 2041 -1 2049 2082 2081 -1 2082 2049 2083 -1 2083 2049 1912 -1 1912 2049 2050 -1 1912 2050 1910 -1 1910 2050 2040 -1 1910 2040 1962 -1 1962 2040 2042 -1 1962 2042 1963 -1 1963 2042 2055 -1 1963 2055 1920 -1 1920 2055 1921 -1 1921 2055 2054 -1 1921 2054 1956 -1 1956 2054 2044 -1 1956 2044 2084 -1 2082 2008 2085 -1 2008 2082 2083 -1 2085 2008 1999 -1 2085 1999 2086 -1 2086 1999 1998 -1 2086 1998 2087 -1 2087 1998 2001 -1 2087 2001 2005 -1 2087 2005 2088 -1 2088 2005 2012 -1 2088 2012 2089 -1 2089 2012 2013 -1 2089 2013 2090 -1 2090 2013 2084 -1 2090 2084 2044 -1 2090 2044 2043 -1 2081 2091 2047 -1 2091 2081 2082 -1 2085 2092 2093 -1 2092 2085 2086 -1 2093 2094 2095 -1 2094 2093 2092 -1 2066 2096 2097 -1 2096 2066 2068 -1 2043 2098 2090 -1 2098 2043 2017 -1 2095 2063 2099 -1 2063 2095 2065 -1 2099 2051 2046 -1 2051 2099 2063 -1 2074 2100 2101 -1 2100 2074 2072 -1 2095 2067 2065 -1 2067 2095 2094 -1 2102 2070 2069 -1 2070 2102 2103 -1 2101 2017 2014 -1 2017 2101 2098 -1 2071 2104 2105 -1 2104 2071 2073 -1 2091 2095 2099 -1 2095 2091 2093 -1 2091 2046 2047 -1 2046 2091 2099 -1 2074 2014 2052 -1 2014 2074 2101 -1 2092 2102 2094 -1 2102 2092 2106 -1 2068 2105 2096 -1 2105 2068 2071 -1 2082 2093 2091 -1 2093 2082 2085 -1 2094 2069 2067 -1 2069 2094 2102 -1 2107 2103 2108 -1 2103 2107 2100 -1 2104 2075 2109 -1 2075 2104 2073 -1 2088 2106 2087 -1 2106 2088 2108 -1 2098 2100 2107 -1 2100 2098 2101 -1 2106 2103 2102 -1 2103 2106 2108 -1 2064 2110 2062 -1 2110 2064 2111 -1 2086 2106 2092 -1 2106 2086 2087 -1 2089 2108 2088 -1 2108 2089 2107 -1 2103 2072 2070 -1 2072 2103 2100 -1 2064 2097 2111 -1 2097 2064 2066 -1 2110 2076 2079 -1 2076 2110 2077 -1 2077 2110 2111 -1 2077 2111 2080 -1 2080 2111 2097 -1 2080 2097 2026 -1 2026 2097 2096 -1 2026 2096 2019 -1 2019 2096 2105 -1 2019 2105 2020 -1 2020 2105 2104 -1 2020 2104 2032 -1 2032 2104 2109 -1 2032 2109 2078 -1 2090 2107 2089 -1 2107 2090 2098 -1 2109 2061 2078 -1 2061 2109 2075 -1 2062 2079 2058 -1 2079 2062 2110 -1 2112 2113 2114 -1 2113 2112 2115 -1 2115 2116 2117 -1 2116 2115 2112 -1 2118 2119 2120 -1 2119 2118 2121 -1 2122 2123 2124 -1 2123 2114 2125 -1 2114 2123 2112 -1 2112 2123 2116 -1 2116 2123 2126 -1 2126 2123 2122 -1 2116 2126 2127 -1 2116 2127 2128 -1 2116 2128 2129 -1 2116 2129 2118 -1 2116 2118 2120 -1 2116 2120 2130 -1 2131 2132 2133 -1 2132 2131 2130 -1 2132 2130 2119 -1 2119 2130 2120 -1 2121 2132 2119 -1 2132 2121 2134 -1 2132 2135 2133 -1 2135 2132 2134 -1 2117 2130 2131 -1 2130 2117 2116 -1 2123 2136 2124 -1 2136 2123 2137 -1 2123 2138 2137 -1 2138 2123 2125 -1 2122 2139 2140 -1 2141 2136 2142 -1 2136 2141 2143 -1 2136 2143 2124 -1 2124 2143 2139 -1 2124 2139 2122 -1 2144 2145 2146 -1 2145 2144 2147 -1 2148 2149 2150 -1 2151 2126 2152 -1 2126 2151 2127 -1 2153 2145 2147 -1 2145 2153 2154 -1 2134 2155 2135 -1 2155 2134 2129 -1 2129 2134 2121 -1 2129 2121 2118 -1 2155 2128 2156 -1 2128 2155 2129 -1 2149 2157 2150 -1 2157 2149 2158 -1 2159 2139 2160 -1 2139 2159 2140 -1 2158 2161 2157 -1 2161 2158 2162 -1 2148 2163 2149 -1 2163 2148 2159 -1 2159 2148 2164 -1 2159 2164 2165 -1 2165 2140 2159 -1 2140 2165 2141 -1 2140 2126 2122 -1 2126 2140 2141 -1 2126 2141 2142 -1 2126 2142 2152 -1 2148 2157 2166 -1 2157 2148 2150 -1 2141 2167 2143 -1 2167 2141 2165 -1 2156 2127 2151 -1 2127 2156 2128 -1 2164 2145 2154 -1 2146 2166 2168 -1 2166 2146 2145 -1 2166 2145 2148 -1 2148 2145 2164 -1 2161 2166 2157 -1 2166 2161 2168 -1 2114 2138 2125 -1 2138 2114 2113 -1 2162 2168 2161 -1 2168 2162 2144 -1 2168 2144 2146 -1 2139 2167 2160 -1 2167 2139 2143 -1 2113 2137 2138 -1 2137 2113 2115 -1 2137 2115 2117 -1 2137 2117 2136 -1 2136 2117 2152 -1 2152 2117 2151 -1 2151 2117 2156 -1 2156 2117 2155 -1 2155 2117 2135 -1 2135 2117 2133 -1 2133 2117 2131 -1 2142 2136 2152 -1 2158 2144 2162 -1 2144 2158 2147 -1 2147 2158 2149 -1 2147 2163 2153 -1 2163 2147 2149 -1 2154 2167 2164 -1 2167 2154 2153 -1 2167 2153 2160 -1 2160 2153 2159 -1 2159 2153 2163 -1 2165 2164 2167 -1 2169 2170 2171 -1 2171 2172 2169 -1 2173 2174 2153 -1 2153 2175 2173 -1 2153 2154 2175 -1 2154 2176 2175 -1 2176 2177 2175 -1 2178 2153 2174 -1 2174 2179 2180 -1 2180 2178 2174 -1 2169 2172 2181 -1 2181 2182 2169 -1 2144 2183 2184 -1 2184 2146 2144 -1 2185 2170 2169 -1 2169 2182 2185 -1 2186 2187 2188 -1 2188 2189 2186 -1 2187 2190 2191 -1 2191 2188 2187 -1 2192 2193 2194 -1 2194 2195 2192 -1 2194 2191 2195 -1 2194 2188 2191 -1 2192 2196 2197 -1 2197 2198 2192 -1 2193 2192 2198 -1 2198 2199 2193 -1 2193 2200 2201 -1 2201 2194 2193 -1 2201 2188 2194 -1 2201 2189 2188 -1 2190 2198 2197 -1 2197 2202 2190 -1 2203 2204 2184 -1 2184 2186 2203 -1 2180 2179 2205 -1 2205 2183 2180 -1 2205 2186 2183 -1 2186 2184 2183 -1 2206 2207 2208 -1 2208 2209 2206 -1 2208 2207 2210 -1 2210 2211 2208 -1 2187 2199 2198 -1 2198 2190 2187 -1 2190 2202 2212 -1 2212 2191 2190 -1 2181 2172 2210 -1 2210 2213 2181 -1 2171 2173 2175 -1 2175 2211 2171 -1 2211 2172 2171 -1 2211 2210 2172 -1 2200 2193 2199 -1 2199 2205 2200 -1 2212 2202 2197 -1 2197 2196 2212 -1 2186 2205 2199 -1 2199 2187 2186 -1 2176 2204 2203 -1 2203 2177 2176 -1 2200 2205 2171 -1 2171 2185 2200 -1 2171 2170 2185 -1 2205 2179 2173 -1 2173 2171 2205 -1 2179 2174 2173 -1 2200 2185 2181 -1 2181 2201 2200 -1 2181 2213 2201 -1 2213 2206 2201 -1 2206 2209 2201 -1 2209 2189 2201 -1 2182 2181 2185 -1 2186 2189 2175 -1 2175 2203 2186 -1 2175 2177 2203 -1 2189 2209 2211 -1 2211 2175 2189 -1 2209 2208 2211 -1 2196 2192 2195 -1 2195 2212 2196 -1 2195 2191 2212 -1 2180 2183 2144 -1 2144 2147 2180 -1 2147 2153 2180 -1 2153 2178 2180 -1 2176 2154 2145 -1 2145 2146 2184 -1 2184 2204 2145 -1 2204 2176 2145 -1 2206 2213 2210 -1 2210 2207 2206 -1 2214 2215 2216 -1 2216 2217 2214 -1 2218 2219 2220 -1 2220 2221 2218 -1 2222 2223 2224 -1 2224 2225 2222 -1 2220 2219 2226 -1 2226 2227 2220 -1 2223 2228 2229 -1 2229 2224 2223 -1 2229 2230 2224 -1 2230 2231 2224 -1 2231 2232 2224 -1 2233 2229 2228 -1 2234 2235 2236 -1 2237 2238 2222 -1 2222 2239 2237 -1 2222 2225 2239 -1 2225 2236 2239 -1 2225 2234 2236 -1 2240 2241 2214 -1 2214 2217 2240 -1 2242 2243 2244 -1 2244 2245 2242 -1 2243 2246 2247 -1 2247 2244 2243 -1 2248 2245 2244 -1 2244 2249 2248 -1 2249 2244 2247 -1 2247 2250 2249 -1 2250 2247 2251 -1 2251 2252 2250 -1 2250 2252 2253 -1 2253 2254 2250 -1 2248 2249 2255 -1 2255 2256 2248 -1 2249 2250 2254 -1 2254 2255 2249 -1 2257 2238 2237 -1 2237 2258 2257 -1 2246 2259 2251 -1 2251 2247 2246 -1 2260 2221 2220 -1 2220 2227 2260 -1 2227 2236 2260 -1 2236 2235 2260 -1 2237 2239 2226 -1 2226 2219 2218 -1 2218 2258 2226 -1 2258 2237 2226 -1 2229 2241 2240 -1 2240 2230 2229 -1 2226 2239 2236 -1 2236 2227 2226 -1 2261 2215 2214 -1 2214 2241 2261 -1 2241 2229 2261 -1 2229 2233 2261 -1 2231 2230 2240 -1 2240 2217 2216 -1 2216 2262 2240 -1 2262 2231 2240 -1 2248 2256 2224 -1 2224 2263 2248 -1 2224 2232 2263 -1 2256 2264 2225 -1 2225 2224 2256 -1 2264 2234 2225 -1 2246 2243 2265 -1 2265 2266 2246 -1 2265 2254 2266 -1 2265 2255 2254 -1 2253 2252 2251 -1 2251 2259 2253 -1 2243 2242 2267 -1 2267 2265 2243 -1 2267 2255 2265 -1 2267 2256 2255 -1 2259 2246 2266 -1 2266 2253 2259 -1 2266 2254 2253 -1 2242 2245 2222 -1 2222 2257 2242 -1 2222 2238 2257 -1 2245 2268 2223 -1 2223 2222 2245 -1 2268 2228 2223 -1 2263 2262 2216 -1 2261 2268 2245 -1 2245 2215 2261 -1 2245 2248 2215 -1 2248 2216 2215 -1 2248 2263 2216 -1 2242 2257 2218 -1 2218 2267 2242 -1 2218 2221 2267 -1 2221 2260 2267 -1 2260 2264 2267 -1 2264 2256 2267 -1 2258 2218 2257 -1 2231 2262 2263 -1 2263 2232 2231 -1 2260 2235 2234 -1 2234 2264 2260 -1 2228 2268 2261 -1 2261 2233 2228 -1 2269 2270 2271 -1 2271 2272 2269 -1 2273 2274 2275 -1 2275 2276 2273 -1 2277 2278 2269 -1 2269 2272 2277 -1 2272 2279 2277 -1 2276 2275 2280 -1 2280 2281 2276 -1 2282 2283 2274 -1 2274 2273 2282 -1 2284 2285 2286 -1 2286 2287 2284 -1 2282 2279 2288 -1 2288 2286 2282 -1 2288 2287 2286 -1 2279 2272 2289 -1 2289 2288 2279 -1 2272 2271 2289 -1 2271 2270 2290 -1 2290 2289 2271 -1 2290 2291 2288 -1 2288 2289 2290 -1 2292 2293 2280 -1 2280 2275 2292 -1 2292 2294 2295 -1 2295 2296 2292 -1 2295 2297 2296 -1 2295 2298 2297 -1 2294 2292 2275 -1 2275 2274 2294 -1 2288 2291 2284 -1 2284 2287 2288 -1 2294 2278 2277 -1 2277 2295 2294 -1 2277 2298 2295 -1 2277 2279 2298 -1 2273 2276 2297 -1 2297 2298 2273 -1 2282 2273 2298 -1 2298 2279 2282 -1 2293 2292 2296 -1 2296 2299 2293 -1 2296 2297 2299 -1 2278 2283 2290 -1 2290 2269 2278 -1 2290 2270 2269 -1 2283 2285 2291 -1 2291 2290 2283 -1 2285 2284 2291 -1 2299 2281 2280 -1 2280 2293 2299 -1 2278 2294 2274 -1 2274 2283 2278 -1 2286 2285 2283 -1 2283 2282 2286 -1 2276 2281 2299 -1 2299 2297 2276 -1 2300 2301 2302 -1 2302 2114 2300 -1 2303 2304 2305 -1 2305 2306 2303 -1 2307 2308 2309 -1 2309 2310 2307 -1 2309 2311 2310 -1 2311 2113 2310 -1 2114 2312 2310 -1 2310 2113 2114 -1 2113 2313 2114 -1 2313 2300 2114 -1 2313 2314 2300 -1 2314 2315 2300 -1 2315 2316 2300 -1 2315 2317 2316 -1 2317 2315 2318 -1 2318 2319 2317 -1 2320 2321 2322 -1 2322 2323 2320 -1 2324 2325 2326 -1 2326 2327 2324 -1 2328 2329 2319 -1 2319 2318 2328 -1 2330 2331 2332 -1 2332 2333 2330 -1 2334 2335 2336 -1 2336 2337 2334 -1 2324 2338 2339 -1 2339 2325 2324 -1 2339 2340 2325 -1 2339 2341 2340 -1 2326 2342 2343 -1 2343 2327 2326 -1 2344 2345 2346 -1 2346 2347 2344 -1 2330 2344 2347 -1 2347 2331 2330 -1 2345 2348 2349 -1 2349 2346 2345 -1 2348 2350 2351 -1 2351 2349 2348 -1 2337 2336 2352 -1 2352 2353 2337 -1 2354 2355 2356 -1 2356 2357 2354 -1 2341 2332 2358 -1 2358 2359 2341 -1 2359 2360 2341 -1 2360 2340 2341 -1 2349 2351 2301 -1 2301 2361 2349 -1 2301 2362 2361 -1 2301 2363 2362 -1 2301 2300 2363 -1 2361 2346 2349 -1 2361 2347 2346 -1 2361 2364 2347 -1 2364 2331 2347 -1 2364 2332 2331 -1 2364 2358 2332 -1 2300 2365 2363 -1 2300 2366 2365 -1 2300 2367 2366 -1 2300 2316 2367 -1 2356 2335 2334 -1 2334 2357 2356 -1 2312 2368 2369 -1 2369 2310 2312 -1 2369 2368 2355 -1 2355 2354 2369 -1 2342 2329 2328 -1 2328 2343 2342 -1 2333 2332 2341 -1 2341 2339 2333 -1 2320 2323 2370 -1 2370 2371 2320 -1 2371 2372 2320 -1 2372 2373 2320 -1 2374 2304 2303 -1 2303 2375 2374 -1 2375 2376 2374 -1 2375 2377 2376 -1 2375 2378 2377 -1 2375 2113 2378 -1 2376 2379 2374 -1 2376 2380 2379 -1 2380 2381 2379 -1 2380 2323 2381 -1 2380 2370 2323 -1 2113 2382 2378 -1 2113 2383 2382 -1 2113 2384 2383 -1 2113 2311 2384 -1 2345 2350 2348 -1 2385 2350 2386 -1 2386 2313 2385 -1 2350 2387 2386 -1 2350 2388 2387 -1 2350 2345 2388 -1 2345 2344 2388 -1 2344 2389 2388 -1 2344 2330 2389 -1 2330 2333 2389 -1 2386 2390 2313 -1 2390 2391 2313 -1 2391 2392 2313 -1 2392 2314 2313 -1 2333 2339 2393 -1 2393 2389 2333 -1 2339 2394 2393 -1 2339 2395 2394 -1 2339 2338 2395 -1 2396 2397 2386 -1 2386 2387 2396 -1 2398 2396 2387 -1 2387 2388 2398 -1 2398 2388 2389 -1 2389 2399 2398 -1 2399 2389 2393 -1 2393 2400 2399 -1 2400 2393 2394 -1 2394 2401 2400 -1 2402 2401 2394 -1 2394 2395 2402 -1 2324 2402 2395 -1 2395 2338 2324 -1 2398 2399 2400 -1 2400 2401 2398 -1 2401 2396 2398 -1 2401 2402 2396 -1 2402 2397 2396 -1 2402 2324 2397 -1 2324 2403 2397 -1 2324 2327 2403 -1 2327 2404 2403 -1 2327 2343 2404 -1 2343 2405 2404 -1 2343 2328 2405 -1 2328 2315 2405 -1 2328 2318 2315 -1 2392 2405 2315 -1 2315 2314 2392 -1 2113 2375 2385 -1 2385 2313 2113 -1 2404 2405 2392 -1 2392 2391 2404 -1 2386 2397 2403 -1 2403 2390 2386 -1 2377 2406 2407 -1 2407 2376 2377 -1 2407 2408 2380 -1 2380 2376 2407 -1 2403 2404 2391 -1 2391 2390 2403 -1 2409 2410 2408 -1 2408 2407 2409 -1 2407 2411 2409 -1 2407 2406 2411 -1 2406 2412 2411 -1 2406 2413 2412 -1 2413 2414 2412 -1 2413 2415 2414 -1 2415 2416 2414 -1 2415 2417 2416 -1 2417 2418 2416 -1 2417 2419 2418 -1 2419 2308 2418 -1 2419 2309 2308 -1 2309 2419 2384 -1 2384 2311 2309 -1 2384 2419 2417 -1 2417 2383 2384 -1 2383 2417 2415 -1 2415 2382 2383 -1 2378 2413 2406 -1 2406 2377 2378 -1 2415 2413 2378 -1 2378 2382 2415 -1 2408 2410 2370 -1 2370 2380 2408 -1 2410 2409 2371 -1 2371 2370 2410 -1 2371 2409 2411 -1 2411 2372 2371 -1 2372 2411 2412 -1 2412 2373 2372 -1 2420 2421 2422 -1 2422 2423 2420 -1 2424 2425 2421 -1 2421 2420 2424 -1 2426 2425 2424 -1 2424 2427 2426 -1 2353 2428 2427 -1 2427 2424 2353 -1 2424 2337 2353 -1 2424 2420 2337 -1 2420 2334 2337 -1 2420 2423 2334 -1 2423 2357 2334 -1 2423 2429 2357 -1 2429 2354 2357 -1 2429 2430 2354 -1 2430 2369 2354 -1 2430 2431 2369 -1 2431 2310 2369 -1 2431 2307 2310 -1 2352 2432 2428 -1 2428 2353 2352 -1 2432 2426 2427 -1 2427 2428 2432 -1 2303 2306 2302 -1 2302 2375 2303 -1 2302 2301 2375 -1 2301 2385 2375 -1 2301 2350 2385 -1 2301 2351 2350 -1 2322 2433 2381 -1 2381 2323 2322 -1 2360 2359 2434 -1 2434 2435 2360 -1 2379 2381 2433 -1 2433 2436 2379 -1 2422 2321 2412 -1 2412 2423 2422 -1 2321 2320 2373 -1 2373 2412 2321 -1 2418 2431 2430 -1 2430 2416 2418 -1 2302 2306 2335 -1 2335 2114 2302 -1 2306 2336 2335 -1 2306 2352 2336 -1 2306 2305 2352 -1 2305 2437 2352 -1 2437 2436 2352 -1 2436 2432 2352 -1 2436 2433 2432 -1 2433 2322 2432 -1 2335 2356 2114 -1 2356 2355 2114 -1 2355 2368 2114 -1 2368 2312 2114 -1 2322 2321 2426 -1 2426 2432 2322 -1 2321 2425 2426 -1 2321 2421 2425 -1 2321 2422 2421 -1 2304 2374 2437 -1 2437 2305 2304 -1 2429 2423 2412 -1 2412 2414 2429 -1 2307 2431 2418 -1 2418 2308 2307 -1 2416 2430 2429 -1 2429 2414 2416 -1 2374 2379 2436 -1 2436 2437 2374 -1 2434 2438 2439 -1 2439 2440 2434 -1 2440 2435 2434 -1 2440 2441 2435 -1 2441 2325 2435 -1 2441 2442 2325 -1 2442 2326 2325 -1 2442 2443 2326 -1 2443 2342 2326 -1 2443 2444 2342 -1 2444 2329 2342 -1 2444 2445 2329 -1 2445 2319 2329 -1 2445 2317 2319 -1 2442 2363 2365 -1 2365 2443 2442 -1 2340 2360 2435 -1 2435 2325 2340 -1 2445 2367 2316 -1 2316 2317 2445 -1 2366 2367 2445 -1 2445 2444 2366 -1 2361 2362 2441 -1 2441 2440 2361 -1 2362 2363 2442 -1 2442 2441 2362 -1 2358 2438 2434 -1 2434 2359 2358 -1 2364 2439 2438 -1 2438 2358 2364 -1 2365 2366 2444 -1 2444 2443 2365 -1 2361 2440 2439 -1 2439 2364 2361 -1 2446 2447 2448 -1 2447 2446 2449 -1 2449 2450 2451 -1 2450 2449 2446 -1 2446 2452 2450 -1 2452 2446 2453 -1 2452 2453 2454 -1 2455 2456 2457 -1 2456 2455 2448 -1 2448 2455 2458 -1 2458 2455 2459 -1 2447 2456 2448 -1 2456 2450 2457 -1 2450 2456 2451 -1 2451 2447 2449 -1 2447 2451 2456 -1 2455 2450 2452 -1 2450 2455 2457 -1 2453 2448 2458 -1 2448 2453 2446 -1 2454 2458 2459 -1 2458 2454 2453 -1 2452 2459 2455 -1 2459 2452 2454 -1 2460 2461 2462 -1 2462 2463 2460 -1 2464 2465 2466 -1 2466 2467 2464 -1 2468 2469 2470 -1 2470 2471 2468 -1 2472 2473 2474 -1 2474 2475 2472 -1 2468 2471 2464 -1 2464 2467 2468 -1 2467 2460 2468 -1 2467 2473 2460 -1 2473 2461 2460 -1 2473 2472 2461 -1 2473 2467 2466 -1 2466 2474 2473 -1 2471 2470 2465 -1 2465 2464 2471 -1 2468 2460 2463 -1 2463 2469 2468 -1 2476 2477 2478 -1 2478 2479 2476 -1 2480 2481 2482 -1 2482 2483 2480 -1 2482 2484 2483 -1 2484 2478 2483 -1 2484 2485 2478 -1 2485 2479 2478 -1 2481 2486 2487 -1 2487 2482 2481 -1 2488 2489 2490 -1 2490 2491 2488 -1 2490 2489 2492 -1 2492 2493 2490 -1 2493 2494 2490 -1 2494 2495 2490 -1 2496 2497 2498 -1 2498 2499 2496 -1 2499 2500 2496 -1 2499 2501 2500 -1 2501 2502 2500 -1 2501 2503 2502 -1 2503 2504 2502 -1 2503 2505 2504 -1 2503 2506 2505 -1 2504 2507 2502 -1 2507 2489 2502 -1 2507 2492 2489 -1 2506 2508 2505 -1 2501 2509 2510 -1 2510 2503 2501 -1 2509 2511 2510 -1 2511 2512 2510 -1 2512 2476 2510 -1 2509 2513 2511 -1 2509 2514 2513 -1 2512 2477 2476 -1 2514 2481 2515 -1 2515 2513 2514 -1 2481 2516 2515 -1 2481 2517 2516 -1 2481 2480 2517 -1 2486 2481 2514 -1 2514 2518 2486 -1 2519 2520 2498 -1 2498 2497 2519 -1 2521 2517 2480 -1 2480 2483 2521 -1 2505 2508 2522 -1 2522 2523 2505 -1 2510 2524 2525 -1 2525 2503 2510 -1 2526 2527 2528 -1 2528 2529 2526 -1 2530 2516 2517 -1 2517 2521 2530 -1 2531 2532 2533 -1 2533 2530 2531 -1 2530 2534 2531 -1 2530 2521 2534 -1 2521 2478 2534 -1 2521 2483 2478 -1 2535 2502 2489 -1 2489 2488 2535 -1 2536 2537 2538 -1 2538 2539 2536 -1 2527 2540 2541 -1 2541 2528 2527 -1 2542 2519 2497 -1 2497 2496 2542 -1 2504 2505 2523 -1 2523 2543 2504 -1 2478 2477 2512 -1 2512 2534 2478 -1 2515 2516 2530 -1 2530 2533 2515 -1 2510 2476 2479 -1 2479 2524 2510 -1 2544 2506 2503 -1 2503 2525 2544 -1 2545 2542 2496 -1 2496 2500 2545 -1 2513 2515 2533 -1 2533 2532 2513 -1 2546 2547 2526 -1 2526 2529 2546 -1 2511 2513 2532 -1 2532 2531 2511 -1 2492 2548 2549 -1 2549 2493 2492 -1 2494 2493 2549 -1 2549 2550 2494 -1 2549 2548 2551 -1 2551 2543 2549 -1 2543 2550 2549 -1 2543 2523 2550 -1 2523 2552 2550 -1 2523 2522 2552 -1 2504 2543 2551 -1 2551 2507 2504 -1 2537 2540 2527 -1 2527 2526 2537 -1 2526 2538 2537 -1 2526 2547 2538 -1 2547 2482 2538 -1 2547 2484 2482 -1 2485 2484 2547 -1 2547 2546 2485 -1 2540 2537 2536 -1 2536 2541 2540 -1 2507 2551 2548 -1 2548 2492 2507 -1 2495 2494 2550 -1 2550 2552 2495 -1 2535 2545 2500 -1 2500 2502 2535 -1 2539 2538 2482 -1 2482 2487 2539 -1 2534 2512 2511 -1 2511 2531 2534 -1 2553 2554 2509 -1 2509 2501 2553 -1 2486 2518 2541 -1 2541 2536 2486 -1 2536 2539 2486 -1 2539 2487 2486 -1 2555 2520 2519 -1 2519 2542 2555 -1 2542 2553 2555 -1 2542 2545 2553 -1 2545 2554 2553 -1 2545 2524 2554 -1 2524 2529 2554 -1 2524 2546 2529 -1 2524 2479 2546 -1 2529 2528 2554 -1 2528 2518 2554 -1 2528 2541 2518 -1 2479 2485 2546 -1 2545 2535 2525 -1 2525 2524 2545 -1 2535 2469 2525 -1 2469 2463 2525 -1 2463 2544 2525 -1 2535 2470 2469 -1 2535 2488 2470 -1 2463 2462 2544 -1 2488 2491 2465 -1 2465 2470 2488 -1 2491 2466 2465 -1 2491 2474 2466 -1 2491 2475 2474 -1 2514 2509 2554 -1 2554 2518 2514 -1 2506 2544 2462 -1 2462 2461 2506 -1 2461 2508 2506 -1 2461 2522 2508 -1 2522 2461 2472 -1 2472 2552 2522 -1 2472 2475 2491 -1 2491 2552 2472 -1 2491 2495 2552 -1 2491 2490 2495 -1 2555 2553 2501 -1 2501 2499 2555 -1 2520 2555 2499 -1 2499 2498 2520 -1 2556 2557 2558 -1 2558 2559 2556 -1 2559 2560 2561 -1 2561 2556 2559 -1 2556 2561 2562 -1 2562 2563 2556 -1 2562 2564 2563 -1 2565 2566 2567 -1 2567 2557 2565 -1 2557 2568 2565 -1 2568 2569 2565 -1 2558 2557 2567 -1 2567 2566 2561 -1 2561 2560 2567 -1 2560 2559 2558 -1 2558 2567 2560 -1 2565 2562 2561 -1 2561 2566 2565 -1 2563 2568 2557 -1 2557 2556 2563 -1 2564 2569 2568 -1 2568 2563 2564 -1 2562 2565 2569 -1 2569 2564 2562 -1 2570 2571 2572 -1 2572 2573 2570 -1 2573 2574 2570 -1 2573 2575 2576 -1 2576 2577 2578 -1 2578 2574 2576 -1 2574 2573 2576 -1 2579 2580 2581 -1 2581 2582 2579 -1 2583 2584 2585 -1 2585 2586 2583 -1 2584 2587 2588 -1 2588 2585 2584 -1 2589 2590 2591 -1 2591 2592 2589 -1 2591 2588 2592 -1 2591 2585 2588 -1 2589 2593 2594 -1 2594 2595 2589 -1 2590 2589 2595 -1 2595 2596 2590 -1 2590 2597 2598 -1 2598 2591 2590 -1 2598 2585 2591 -1 2598 2586 2585 -1 2587 2595 2594 -1 2594 2599 2587 -1 2600 2601 2581 -1 2581 2583 2600 -1 2572 2571 2602 -1 2602 2580 2572 -1 2602 2583 2580 -1 2583 2581 2580 -1 2603 2604 2605 -1 2605 2606 2603 -1 2584 2596 2595 -1 2595 2587 2584 -1 2587 2599 2607 -1 2607 2588 2587 -1 2577 2608 2609 -1 2609 2578 2577 -1 2597 2590 2596 -1 2596 2602 2597 -1 2607 2599 2594 -1 2594 2593 2607 -1 2583 2602 2596 -1 2596 2584 2583 -1 2604 2601 2600 -1 2600 2605 2604 -1 2570 2597 2602 -1 2602 2571 2570 -1 2597 2570 2578 -1 2578 2598 2597 -1 2578 2609 2598 -1 2609 2603 2598 -1 2603 2606 2598 -1 2606 2586 2598 -1 2574 2578 2570 -1 2600 2583 2586 -1 2586 2606 2600 -1 2606 2605 2600 -1 2593 2589 2592 -1 2592 2607 2593 -1 2592 2588 2607 -1 2572 2580 2579 -1 2579 2610 2572 -1 2610 2575 2572 -1 2575 2573 2572 -1 2611 2610 2579 -1 2579 2582 2611 -1 2604 2612 2611 -1 2611 2582 2581 -1 2581 2601 2611 -1 2601 2604 2611 -1 2575 2610 2611 -1 2611 2612 2575 -1 2612 2576 2575 -1 2603 2609 2608 -1 2608 2612 2603 -1 2612 2604 2603 -1 2613 2614 2615 -1 2615 2616 2613 -1 2615 2617 2618 -1 2618 2616 2615 -1 2617 2619 2620 -1 2620 2618 2617 -1 2620 2613 2616 -1 2616 2618 2620 -1 2613 2620 2619 -1 2619 2614 2613 -1 2615 2614 2619 -1 2619 2617 2615 -1 2621 2622 2623 -1 2623 2624 2621 -1 2625 2626 2627 -1 2627 2628 2625 -1 2629 2630 2621 -1 2621 2624 2629 -1 2624 2631 2629 -1 2628 2627 2632 -1 2632 2633 2628 -1 2634 2635 2626 -1 2626 2625 2634 -1 2636 2637 2638 -1 2638 2639 2636 -1 2634 2631 2640 -1 2640 2638 2634 -1 2640 2639 2638 -1 2631 2624 2641 -1 2641 2640 2631 -1 2624 2623 2641 -1 2623 2622 2642 -1 2642 2641 2623 -1 2642 2643 2640 -1 2640 2641 2642 -1 2644 2645 2632 -1 2632 2627 2644 -1 2644 2646 2647 -1 2647 2648 2644 -1 2647 2649 2648 -1 2647 2650 2649 -1 2646 2644 2627 -1 2627 2626 2646 -1 2640 2643 2636 -1 2636 2639 2640 -1 2646 2630 2629 -1 2629 2647 2646 -1 2629 2650 2647 -1 2629 2631 2650 -1 2625 2628 2649 -1 2649 2650 2625 -1 2634 2625 2650 -1 2650 2631 2634 -1 2645 2644 2648 -1 2648 2651 2645 -1 2648 2649 2651 -1 2630 2635 2642 -1 2642 2621 2630 -1 2642 2622 2621 -1 2635 2637 2643 -1 2643 2642 2635 -1 2637 2636 2643 -1 2651 2633 2632 -1 2632 2645 2651 -1 2630 2646 2626 -1 2626 2635 2630 -1 2638 2637 2635 -1 2635 2634 2638 -1 2628 2633 2651 -1 2651 2649 2628 -1 2652 2653 2654 -1 2654 2655 2652 -1 2656 2657 2658 -1 2658 2659 2656 -1 2659 2660 2130 -1 2130 2656 2659 -1 2130 2661 2656 -1 2130 2131 2661 -1 2660 2662 2120 -1 2120 2130 2660 -1 2662 2660 2659 -1 2659 2663 2662 -1 2658 2664 2663 -1 2663 2659 2658 -1 2665 2666 2657 -1 2657 2656 2665 -1 2665 2656 2661 -1 2661 2667 2665 -1 2131 2133 2667 -1 2667 2661 2131 -1 2654 2668 2669 -1 2669 2655 2654 -1 2120 2670 2652 -1 2652 2130 2120 -1 2130 2652 2655 -1 2655 2131 2130 -1 2655 2133 2131 -1 2655 2669 2133 -1 2664 2658 2657 -1 2657 2666 2664 -1 2669 2668 2666 -1 2666 2667 2669 -1 2666 2665 2667 -1 2667 2133 2669 -1 2663 2664 2662 -1 2668 2671 2670 -1 2670 2664 2668 -1 2664 2666 2668 -1 2670 2662 2664 -1 2670 2120 2662 -1 2652 2670 2671 -1 2671 2653 2652 -1 2653 2671 2668 -1 2668 2654 2653 -1 2672 2673 2674 -1 2674 2675 2672 -1 2676 2677 2675 -1 2675 2674 2676 -1 2678 2679 2680 -1 2680 2681 2678 -1 2677 2676 2681 -1 2681 2680 2677 -1 2676 2674 2678 -1 2678 2681 2676 -1 2673 2682 2683 -1 2683 2684 2673 -1 2684 2674 2673 -1 2684 2678 2674 -1 2683 2682 2685 -1 2685 2686 2683 -1 2683 2686 2687 -1 2687 2684 2683 -1 2680 2679 2675 -1 2675 2677 2680 -1 2687 2686 2685 -1 2685 2672 2687 -1 2672 2679 2687 -1 2672 2675 2679 -1 2679 2678 2684 -1 2684 2687 2679 -1 2673 2672 2685 -1 2685 2682 2673 -1 2688 2689 2690 -1 2690 2691 2688 -1 2690 2692 2691 -1 2692 2693 2691 -1 2693 2694 2691 -1 2695 2690 2689 -1 2689 2696 2697 -1 2697 2695 2689 -1 2698 2699 2118 -1 2118 2700 2698 -1 2701 2702 2703 -1 2703 2704 2701 -1 2702 2705 2706 -1 2706 2703 2702 -1 2707 2708 2709 -1 2709 2710 2707 -1 2709 2706 2710 -1 2709 2703 2706 -1 2707 2711 2712 -1 2712 2713 2707 -1 2708 2707 2713 -1 2713 2714 2708 -1 2708 2715 2716 -1 2716 2709 2708 -1 2716 2703 2709 -1 2716 2704 2703 -1 2705 2713 2712 -1 2712 2717 2705 -1 2718 2719 2118 -1 2118 2701 2718 -1 2697 2696 2720 -1 2720 2699 2697 -1 2720 2701 2699 -1 2701 2118 2699 -1 2721 2722 2723 -1 2723 2724 2721 -1 2723 2722 2725 -1 2725 2726 2723 -1 2702 2714 2713 -1 2713 2705 2702 -1 2705 2717 2727 -1 2727 2706 2705 -1 2725 2688 2691 -1 2691 2726 2725 -1 2715 2708 2714 -1 2714 2720 2715 -1 2727 2717 2712 -1 2712 2711 2727 -1 2701 2720 2714 -1 2714 2702 2701 -1 2693 2719 2718 -1 2718 2694 2693 -1 2715 2720 2725 -1 2725 2721 2715 -1 2725 2722 2721 -1 2720 2696 2688 -1 2688 2725 2720 -1 2696 2689 2688 -1 2716 2715 2721 -1 2721 2724 2716 -1 2724 2704 2716 -1 2701 2704 2691 -1 2691 2718 2701 -1 2691 2694 2718 -1 2704 2724 2726 -1 2726 2691 2704 -1 2724 2723 2726 -1 2711 2707 2710 -1 2710 2727 2711 -1 2710 2706 2727 -1 2697 2699 2698 -1 2698 2728 2697 -1 2728 2690 2697 -1 2690 2695 2697 -1 2729 2728 2698 -1 2698 2700 2729 -1 2693 2692 2729 -1 2729 2700 2118 -1 2118 2719 2729 -1 2719 2693 2729 -1 2690 2728 2729 -1 2729 2692 2690 -1 2730 2731 2732 -1 2732 2733 2730 -1 2734 2735 2736 -1 2736 2737 2734 -1 2738 2739 2730 -1 2730 2733 2738 -1 2733 2740 2738 -1 2737 2736 2741 -1 2741 2742 2737 -1 2743 2744 2735 -1 2735 2734 2743 -1 2745 2746 2747 -1 2747 2748 2745 -1 2743 2740 2749 -1 2749 2747 2743 -1 2749 2748 2747 -1 2740 2733 2750 -1 2750 2749 2740 -1 2733 2732 2750 -1 2732 2731 2751 -1 2751 2750 2732 -1 2751 2752 2749 -1 2749 2750 2751 -1 2753 2754 2741 -1 2741 2736 2753 -1 2753 2755 2756 -1 2756 2757 2753 -1 2756 2758 2757 -1 2756 2759 2758 -1 2755 2753 2736 -1 2736 2735 2755 -1 2749 2752 2745 -1 2745 2748 2749 -1 2755 2739 2738 -1 2738 2756 2755 -1 2738 2759 2756 -1 2738 2740 2759 -1 2734 2737 2758 -1 2758 2759 2734 -1 2743 2734 2759 -1 2759 2740 2743 -1 2754 2753 2757 -1 2757 2760 2754 -1 2757 2758 2760 -1 2739 2744 2751 -1 2751 2730 2739 -1 2751 2731 2730 -1 2744 2746 2752 -1 2752 2751 2744 -1 2746 2745 2752 -1 2760 2742 2741 -1 2741 2754 2760 -1 2739 2755 2735 -1 2735 2744 2739 -1 2747 2746 2744 -1 2744 2743 2747 -1 2737 2742 2760 -1 2760 2758 2737 -1 2761 2762 2763 -1 2763 2764 2761 -1 2765 2766 2767 -1 2767 2768 2765 -1 2769 2770 2761 -1 2761 2764 2769 -1 2764 2771 2769 -1 2768 2767 2772 -1 2772 2773 2768 -1 2774 2775 2766 -1 2766 2765 2774 -1 2776 2777 2778 -1 2778 2779 2776 -1 2774 2771 2780 -1 2780 2778 2774 -1 2780 2779 2778 -1 2771 2764 2781 -1 2781 2780 2771 -1 2764 2763 2781 -1 2763 2762 2782 -1 2782 2781 2763 -1 2782 2783 2780 -1 2780 2781 2782 -1 2784 2785 2772 -1 2772 2767 2784 -1 2784 2786 2787 -1 2787 2788 2784 -1 2787 2789 2788 -1 2787 2790 2789 -1 2786 2784 2767 -1 2767 2766 2786 -1 2780 2783 2776 -1 2776 2779 2780 -1 2786 2770 2769 -1 2769 2787 2786 -1 2769 2790 2787 -1 2769 2771 2790 -1 2765 2768 2789 -1 2789 2790 2765 -1 2774 2765 2790 -1 2790 2771 2774 -1 2785 2784 2788 -1 2788 2791 2785 -1 2788 2789 2791 -1 2770 2775 2782 -1 2782 2761 2770 -1 2782 2762 2761 -1 2775 2777 2783 -1 2783 2782 2775 -1 2777 2776 2783 -1 2791 2773 2772 -1 2772 2785 2791 -1 2770 2786 2766 -1 2766 2775 2770 -1 2778 2777 2775 -1 2775 2774 2778 -1 2768 2773 2791 -1 2791 2789 2768 -1 2792 2793 2794 -1 2794 2795 2792 -1 2796 2797 2798 -1 2798 2799 2796 -1 2800 2801 2792 -1 2792 2795 2800 -1 2795 2802 2800 -1 2799 2798 2803 -1 2803 2804 2799 -1 2805 2806 2797 -1 2797 2796 2805 -1 2807 2808 2809 -1 2809 2810 2807 -1 2805 2802 2811 -1 2811 2809 2805 -1 2811 2810 2809 -1 2802 2795 2812 -1 2812 2811 2802 -1 2795 2794 2812 -1 2794 2793 2813 -1 2813 2812 2794 -1 2813 2814 2811 -1 2811 2812 2813 -1 2815 2816 2803 -1 2803 2798 2815 -1 2815 2817 2818 -1 2818 2819 2815 -1 2818 2820 2819 -1 2818 2821 2820 -1 2817 2815 2798 -1 2798 2797 2817 -1 2811 2814 2807 -1 2807 2810 2811 -1 2817 2801 2800 -1 2800 2818 2817 -1 2800 2821 2818 -1 2800 2802 2821 -1 2796 2799 2820 -1 2820 2821 2796 -1 2805 2796 2821 -1 2821 2802 2805 -1 2816 2815 2819 -1 2819 2822 2816 -1 2819 2820 2822 -1 2801 2806 2813 -1 2813 2792 2801 -1 2813 2793 2792 -1 2806 2808 2814 -1 2814 2813 2806 -1 2808 2807 2814 -1 2822 2804 2803 -1 2803 2816 2822 -1 2801 2817 2797 -1 2797 2806 2801 -1 2809 2808 2806 -1 2806 2805 2809 -1 2799 2804 2822 -1 2822 2820 2799 -1 2823 2824 2825 -1 2825 2826 2823 -1 2827 2828 2829 -1 2829 2830 2827 -1 2831 2832 2823 -1 2823 2826 2831 -1 2826 2833 2831 -1 2830 2829 2834 -1 2834 2835 2830 -1 2836 2837 2828 -1 2828 2827 2836 -1 2838 2839 2840 -1 2840 2841 2838 -1 2836 2833 2842 -1 2842 2840 2836 -1 2842 2841 2840 -1 2833 2826 2843 -1 2843 2842 2833 -1 2826 2825 2843 -1 2825 2824 2844 -1 2844 2843 2825 -1 2844 2845 2842 -1 2842 2843 2844 -1 2846 2847 2834 -1 2834 2829 2846 -1 2846 2848 2849 -1 2849 2850 2846 -1 2849 2851 2850 -1 2849 2852 2851 -1 2848 2846 2829 -1 2829 2828 2848 -1 2842 2845 2838 -1 2838 2841 2842 -1 2848 2832 2831 -1 2831 2849 2848 -1 2831 2852 2849 -1 2831 2833 2852 -1 2827 2830 2851 -1 2851 2852 2827 -1 2836 2827 2852 -1 2852 2833 2836 -1 2847 2846 2850 -1 2850 2853 2847 -1 2850 2851 2853 -1 2832 2837 2844 -1 2844 2823 2832 -1 2844 2824 2823 -1 2837 2839 2845 -1 2845 2844 2837 -1 2839 2838 2845 -1 2853 2835 2834 -1 2834 2847 2853 -1 2832 2848 2828 -1 2828 2837 2832 -1 2840 2839 2837 -1 2837 2836 2840 -1 2830 2835 2853 -1 2853 2851 2830 -1 2854 2855 2856 -1 2855 2854 2857 -1 2857 2858 2859 -1 2858 2857 2854 -1 2854 2860 2858 -1 2860 2854 2861 -1 2860 2861 2862 -1 2863 2864 2865 -1 2864 2863 2856 -1 2856 2863 2866 -1 2866 2863 2867 -1 2855 2864 2856 -1 2864 2858 2865 -1 2858 2864 2859 -1 2859 2855 2857 -1 2855 2859 2864 -1 2863 2858 2860 -1 2858 2863 2865 -1 2861 2856 2866 -1 2856 2861 2854 -1 2862 2866 2867 -1 2866 2862 2861 -1 2860 2867 2863 -1 2867 2860 2862 -1 2868 2869 2870 -1 2870 2871 2868 -1 2871 2872 2873 -1 2873 2868 2871 -1 2868 2873 2874 -1 2874 2875 2868 -1 2874 2876 2875 -1 2877 2878 2879 -1 2879 2869 2877 -1 2869 2880 2877 -1 2880 2881 2877 -1 2870 2869 2879 -1 2879 2878 2873 -1 2873 2872 2879 -1 2872 2871 2870 -1 2870 2879 2872 -1 2877 2874 2873 -1 2873 2878 2877 -1 2875 2880 2869 -1 2869 2868 2875 -1 2876 2881 2880 -1 2880 2875 2876 -1 2874 2877 2881 -1 2881 2876 2874 -1 2882 2883 2884 -1 2884 2885 2882 -1 2884 2886 2887 -1 2887 2885 2884 -1 2888 2889 2890 -1 2890 2891 2888 -1 2892 2893 2894 -1 2894 2895 2892 -1 2896 2897 2898 -1 2898 2899 2896 -1 2898 2900 2899 -1 2900 2894 2899 -1 2900 2901 2894 -1 2901 2895 2894 -1 2897 2902 2903 -1 2903 2898 2897 -1 2891 2890 2887 -1 2887 2886 2891 -1 2904 2905 2891 -1 2891 2886 2904 -1 2886 2884 2904 -1 2884 2883 2904 -1 2906 2907 2908 -1 2908 2909 2906 -1 2909 2910 2906 -1 2909 2911 2910 -1 2911 2912 2910 -1 2911 2913 2912 -1 2913 2888 2912 -1 2913 2914 2888 -1 2913 2915 2914 -1 2913 2916 2915 -1 2888 2905 2912 -1 2888 2891 2905 -1 2916 2917 2915 -1 2911 2918 2919 -1 2919 2913 2911 -1 2918 2920 2919 -1 2920 2921 2919 -1 2921 2922 2919 -1 2922 2892 2919 -1 2918 2923 2920 -1 2922 2893 2892 -1 2923 2897 2924 -1 2924 2920 2923 -1 2897 2925 2924 -1 2897 2926 2925 -1 2897 2896 2926 -1 2927 2928 2909 -1 2909 2908 2927 -1 2919 2929 2930 -1 2930 2913 2919 -1 2929 2919 2892 -1 2892 2895 2929 -1 2902 2931 2932 -1 2932 2933 2902 -1 2933 2934 2902 -1 2934 2903 2902 -1 2928 2927 2935 -1 2935 2936 2928 -1 2936 2937 2928 -1 2936 2938 2937 -1 2938 2939 2937 -1 2938 2929 2939 -1 2929 2940 2939 -1 2929 2941 2940 -1 2929 2942 2941 -1 2929 2895 2942 -1 2940 2931 2939 -1 2940 2932 2931 -1 2895 2901 2942 -1 2938 2943 2930 -1 2930 2929 2938 -1 2943 2944 2930 -1 2944 2945 2930 -1 2945 2946 2930 -1 2946 2947 2930 -1 2943 2948 2944 -1 2946 2949 2947 -1 2948 2950 2951 -1 2951 2944 2948 -1 2950 2952 2951 -1 2950 2953 2952 -1 2950 2954 2953 -1 2916 2947 2949 -1 2949 2955 2916 -1 2955 2917 2916 -1 2955 2956 2917 -1 2956 2955 2957 -1 2957 2882 2956 -1 2957 2954 2950 -1 2950 2882 2957 -1 2950 2883 2882 -1 2950 2904 2883 -1 2947 2916 2913 -1 2913 2930 2947 -1 2918 2911 2937 -1 2937 2939 2918 -1 2928 2937 2911 -1 2911 2909 2928 -1 2921 2920 2958 -1 2958 2959 2921 -1 2960 2922 2921 -1 2921 2959 2960 -1 2961 2962 2963 -1 2963 2964 2961 -1 2964 2965 2961 -1 2964 2966 2965 -1 2966 2898 2965 -1 2966 2900 2898 -1 2894 2893 2922 -1 2922 2960 2894 -1 2920 2924 2967 -1 2967 2958 2920 -1 2923 2918 2939 -1 2939 2931 2923 -1 2948 2905 2904 -1 2904 2950 2948 -1 2935 2927 2908 -1 2908 2907 2935 -1 2902 2897 2923 -1 2923 2931 2902 -1 2938 2936 2906 -1 2906 2910 2938 -1 2936 2935 2907 -1 2907 2906 2936 -1 2943 2912 2905 -1 2905 2948 2943 -1 2938 2910 2912 -1 2912 2943 2938 -1 2963 2962 2932 -1 2932 2940 2963 -1 2901 2900 2966 -1 2966 2942 2901 -1 2942 2966 2964 -1 2964 2941 2942 -1 2962 2961 2933 -1 2933 2932 2962 -1 2964 2963 2940 -1 2940 2941 2964 -1 2933 2961 2965 -1 2965 2934 2933 -1 2965 2898 2903 -1 2903 2934 2965 -1 2954 2957 2968 -1 2968 2953 2954 -1 2968 2969 2952 -1 2952 2953 2968 -1 2970 2971 2972 -1 2972 2969 2970 -1 2969 2973 2970 -1 2969 2968 2973 -1 2968 2955 2973 -1 2968 2957 2955 -1 2972 2951 2952 -1 2952 2969 2972 -1 2970 2945 2944 -1 2944 2971 2970 -1 2914 2915 2974 -1 2974 2975 2914 -1 2973 2955 2949 -1 2949 2946 2973 -1 2971 2944 2951 -1 2951 2972 2971 -1 2915 2917 2956 -1 2956 2974 2915 -1 2914 2975 2889 -1 2889 2888 2914 -1 2970 2973 2946 -1 2946 2945 2970 -1 2887 2890 2889 -1 2889 2975 2887 -1 2975 2885 2887 -1 2975 2974 2885 -1 2974 2882 2885 -1 2974 2956 2882 -1 2959 2958 2967 -1 2967 2976 2959 -1 2976 2960 2959 -1 2976 2977 2960 -1 2977 2894 2960 -1 2977 2899 2894 -1 2926 2896 2899 -1 2899 2977 2926 -1 2976 2925 2926 -1 2926 2977 2976 -1 2924 2925 2976 -1 2976 2967 2924 -1 2978 2979 2980 -1 2980 2981 2978 -1 2980 2982 2981 -1 2983 2163 2984 -1 2984 2985 2983 -1 2986 2987 2988 -1 2988 2989 2986 -1 2990 2991 2992 -1 2992 2993 2990 -1 2994 2995 2996 -1 2996 2997 2994 -1 2998 2999 2987 -1 2987 2986 2998 -1 3000 3001 2986 -1 2986 2989 3000 -1 2996 2982 2980 -1 2980 3002 2996 -1 3003 3004 3005 -1 3005 3006 3003 -1 3007 3008 3009 -1 3009 3010 3007 -1 3011 3003 3012 -1 3012 2142 3011 -1 3013 3014 3015 -1 3015 3016 3013 -1 2996 2995 2981 -1 2981 2982 2996 -1 2985 2984 2122 -1 2122 3017 2985 -1 3018 2994 2997 -1 2997 3019 3018 -1 2159 2140 2122 -1 2122 2163 2159 -1 2122 2984 2163 -1 3020 3021 2992 -1 2992 2991 3020 -1 3022 3023 3024 -1 3024 3025 3022 -1 3006 3026 3027 -1 3027 3028 3006 -1 3029 3026 3006 -1 3006 3005 3029 -1 3000 2989 3021 -1 3021 3020 3000 -1 3001 3030 2998 -1 2998 2986 3001 -1 2985 3017 2999 -1 2999 2998 2985 -1 3029 3018 3019 -1 3019 3026 3029 -1 2990 2993 3031 -1 3031 3016 2990 -1 3016 3015 2990 -1 3032 3014 3013 -1 3013 3033 3032 -1 3034 3022 3025 -1 3025 3035 3034 -1 3036 3034 3035 -1 3035 3037 3036 -1 2992 3021 3038 -1 3038 3039 2992 -1 3003 3006 3028 -1 3028 3012 3003 -1 3030 2983 2985 -1 2985 2998 3030 -1 2997 3040 3041 -1 3041 3019 2997 -1 3023 3007 3010 -1 3010 3024 3023 -1 3021 2989 2988 -1 2988 3038 3021 -1 3033 3036 3037 -1 3037 3032 3033 -1 2997 2996 3002 -1 3002 3040 2997 -1 2979 3042 3041 -1 3041 3040 2979 -1 3040 3002 2979 -1 3002 2980 2979 -1 3008 3007 3023 -1 3023 3022 3008 -1 3022 3043 3008 -1 3022 3034 3043 -1 3034 3044 3043 -1 3034 3036 3044 -1 3036 3045 3044 -1 3036 2143 3045 -1 2143 3027 3045 -1 2143 3028 3027 -1 2143 3012 3028 -1 2143 2141 3012 -1 3027 3042 3045 -1 3027 3041 3042 -1 2141 2142 3012 -1 3036 3033 2139 -1 2139 2143 3036 -1 3033 2987 2139 -1 2987 2999 2139 -1 2999 3017 2139 -1 3017 2140 2139 -1 3033 3013 2987 -1 3017 2122 2140 -1 3013 3016 2988 -1 2988 2987 3013 -1 3016 3038 2988 -1 3016 3039 3038 -1 3016 3031 3039 -1 3019 3041 3027 -1 3027 3026 3019 -1 2993 2992 3039 -1 3039 3031 2993 -1 3011 2164 3004 -1 3004 3003 3011 -1 2979 2978 3046 -1 3046 3042 2979 -1 3044 3045 3047 -1 3047 3048 3044 -1 3042 3046 3047 -1 3047 3045 3042 -1 2140 2159 2160 -1 2160 2139 2140 -1 3015 3014 3000 -1 3000 3020 3015 -1 3020 2991 3015 -1 2991 2990 3015 -1 3025 3024 3010 -1 3010 3009 3025 -1 3009 3035 3025 -1 3009 3049 3035 -1 3049 3037 3035 -1 3049 3048 3037 -1 3048 3032 3037 -1 3048 2160 3032 -1 2160 3001 3032 -1 2160 3030 3001 -1 2160 2983 3030 -1 2160 2159 2983 -1 3001 3014 3032 -1 3001 3000 3014 -1 2159 2163 2983 -1 3048 3047 2167 -1 2167 2160 3048 -1 3047 3029 2167 -1 3029 3005 2167 -1 3005 3004 2167 -1 3004 2165 2167 -1 3047 3046 3029 -1 3004 2164 2165 -1 3046 2978 3018 -1 3018 3029 3046 -1 2978 2994 3018 -1 2978 2995 2994 -1 2978 2981 2995 -1 2164 3011 2142 -1 2142 2141 2164 -1 2141 2165 2164 -1 3008 3043 3049 -1 3049 3009 3008 -1 3043 3044 3048 -1 3048 3049 3043 -1 3050 3051 3052 -1 3051 3050 3053 -1 3053 3054 3051 -1 3054 3053 3055 -1 3050 3056 3057 -1 3056 3050 3052 -1 3058 3059 3060 -1 3059 3058 3061 -1 3051 3056 3052 -1 3056 3051 3059 -1 3059 3051 3060 -1 3060 3051 3062 -1 3062 3051 3063 -1 3063 3051 3054 -1 3063 3054 3064 -1 3064 3054 3065 -1 3065 3054 3066 -1 3067 3064 3065 -1 3064 3067 3068 -1 3066 3067 3065 -1 3067 3066 3069 -1 3068 3063 3064 -1 3063 3068 3070 -1 3061 3056 3059 -1 3056 3061 3057 -1 3071 3060 3062 -1 3060 3071 3058 -1 3061 3050 3057 -1 3050 3061 3053 -1 3053 3061 3058 -1 3053 3058 3071 -1 3053 3071 3070 -1 3053 3070 3055 -1 3055 3070 3068 -1 3055 3068 3067 -1 3055 3067 3069 -1 3054 3069 3066 -1 3069 3054 3055 -1 3063 3071 3062 -1 3071 3063 3070 -1 3072 3073 3074 -1 3073 3072 3075 -1 3075 3076 3073 -1 3076 3075 3077 -1 3072 3078 3079 -1 3078 3072 3074 -1 3080 3081 3082 -1 3081 3080 3083 -1 3073 3078 3074 -1 3078 3073 3081 -1 3081 3073 3082 -1 3082 3073 3084 -1 3084 3073 3085 -1 3085 3073 3076 -1 3085 3076 3086 -1 3086 3076 3087 -1 3087 3076 3088 -1 3089 3086 3087 -1 3086 3089 3090 -1 3088 3089 3087 -1 3089 3088 3091 -1 3090 3085 3086 -1 3085 3090 3092 -1 3083 3078 3081 -1 3078 3083 3079 -1 3093 3082 3084 -1 3082 3093 3080 -1 3083 3072 3079 -1 3072 3083 3075 -1 3075 3083 3080 -1 3075 3080 3093 -1 3075 3093 3092 -1 3075 3092 3077 -1 3077 3092 3090 -1 3077 3090 3089 -1 3077 3089 3091 -1 3076 3091 3088 -1 3091 3076 3077 -1 3085 3093 3084 -1 3093 3085 3092 -1 3094 3095 3096 -1 3095 3094 3097 -1 3098 3099 3100 -1 3099 3098 3101 -1 3102 3100 3103 -1 3100 3102 3098 -1 3097 3102 3103 -1 3102 3097 3094 -1 3104 3105 3106 -1 3105 3104 3107 -1 3106 3108 3109 -1 3108 3106 3105 -1 3110 3111 3112 -1 3111 3110 3113 -1 3105 3114 3115 -1 3114 3105 3107 -1 3108 3115 3116 -1 3115 3108 3105 -1 3111 3117 3118 -1 3117 3111 3113 -1 3108 3119 3120 -1 3119 3108 3116 -1 3112 3121 3122 -1 3121 3112 3111 -1 3109 3120 3123 -1 3120 3109 3108 -1 3122 3110 3112 -1 3110 3122 3124 -1 3124 3122 3125 -1 3126 3107 3104 -1 3107 3126 3127 -1 3128 3129 3130 -1 3129 3128 3131 -1 3131 3132 3129 -1 3132 3131 3133 -1 3134 3131 3128 -1 3131 3134 3135 -1 3136 3137 3138 -1 3137 3136 3139 -1 3138 3140 3141 -1 3140 3138 3137 -1 3111 3142 3121 -1 3142 3111 3118 -1 3107 3143 3114 -1 3143 3107 3127 -1 3118 3143 3127 -1 3143 3118 3117 -1 3126 3118 3127 -1 3118 3126 3142 -1 3144 3100 3099 -1 3100 3144 3145 -1 3100 3145 3146 -1 3100 3146 3103 -1 3103 3095 3097 -1 3095 3103 3147 -1 3147 3103 3148 -1 3148 3103 3146 -1 3148 3146 3149 -1 3148 3149 3150 -1 3150 3149 3151 -1 3150 3151 3152 -1 3152 3151 3126 -1 3126 3151 3125 -1 3126 3125 3142 -1 3142 3125 3121 -1 3121 3125 3122 -1 3106 3153 3104 -1 3153 3106 3154 -1 3154 3106 3109 -1 3154 3109 3140 -1 3140 3109 3123 -1 3140 3123 3155 -1 3155 3141 3140 -1 3141 3155 3156 -1 3152 3157 3158 -1 3157 3152 3104 -1 3104 3152 3126 -1 3157 3104 3153 -1 3158 3157 3134 -1 3158 3134 3128 -1 3158 3128 3130 -1 3137 3159 3160 -1 3159 3137 3139 -1 3161 3125 3151 -1 3125 3161 3124 -1 3155 3119 3162 -1 3119 3155 3123 -1 3119 3123 3120 -1 3101 3144 3099 -1 3144 3101 3163 -1 3164 3152 3158 -1 3152 3164 3165 -1 3152 3166 3150 -1 3166 3152 3165 -1 3167 3094 3096 -1 3094 3167 3102 -1 3102 3167 3168 -1 3102 3168 3098 -1 3098 3163 3101 -1 3163 3098 3169 -1 3169 3098 3170 -1 3170 3098 3168 -1 3170 3168 3166 -1 3170 3166 3171 -1 3171 3166 3165 -1 3171 3165 3161 -1 3161 3165 3172 -1 3172 3165 3164 -1 3161 3172 3114 -1 3172 3164 3173 -1 3173 3164 3133 -1 3133 3164 3132 -1 3114 3174 3115 -1 3174 3114 3172 -1 3115 3174 3159 -1 3115 3159 3139 -1 3115 3139 3116 -1 3116 3139 3136 -1 3116 3136 3162 -1 3162 3136 3175 -1 3119 3116 3162 -1 3161 3143 3124 -1 3143 3161 3114 -1 3124 3143 3117 -1 3124 3117 3113 -1 3124 3113 3110 -1 3096 3147 3167 -1 3147 3096 3095 -1 3167 3148 3168 -1 3148 3167 3147 -1 3158 3132 3164 -1 3132 3158 3130 -1 3132 3130 3129 -1 3170 3145 3169 -1 3145 3170 3146 -1 3168 3150 3166 -1 3150 3168 3148 -1 3156 3162 3175 -1 3162 3156 3155 -1 3141 3136 3138 -1 3136 3141 3175 -1 3175 3141 3156 -1 3171 3146 3170 -1 3146 3171 3149 -1 3171 3151 3149 -1 3151 3171 3161 -1 3169 3144 3163 -1 3144 3169 3145 -1 3157 3135 3134 -1 3135 3157 3176 -1 3131 3173 3133 -1 3173 3131 3135 -1 3153 3176 3157 -1 3176 3153 3177 -1 3135 3172 3173 -1 3172 3135 3176 -1 3153 3160 3177 -1 3160 3153 3154 -1 3160 3174 3177 -1 3174 3160 3159 -1 3176 3174 3172 -1 3174 3176 3177 -1 3137 3154 3140 -1 3154 3137 3160 -1 3178 3179 3180 -1 3179 3178 3181 -1 3182 3183 3184 -1 3183 3182 3185 -1 3186 3178 3187 -1 3178 3186 3181 -1 3181 3186 3188 -1 3185 3189 3183 -1 3189 3185 3190 -1 3191 3184 3192 -1 3184 3191 3182 -1 3193 3194 3195 -1 3194 3193 3196 -1 3191 3197 3188 -1 3197 3191 3194 -1 3197 3194 3196 -1 3188 3198 3181 -1 3198 3188 3197 -1 3181 3198 3179 -1 3179 3199 3180 -1 3199 3179 3198 -1 3199 3197 3200 -1 3197 3199 3198 -1 3201 3189 3202 -1 3189 3201 3183 -1 3201 3203 3204 -1 3203 3201 3205 -1 3203 3205 3206 -1 3203 3206 3207 -1 3204 3183 3201 -1 3183 3204 3184 -1 3197 3193 3200 -1 3193 3197 3196 -1 3204 3186 3187 -1 3186 3204 3203 -1 3186 3203 3207 -1 3186 3207 3188 -1 3182 3206 3185 -1 3206 3182 3207 -1 3191 3207 3182 -1 3207 3191 3188 -1 3202 3205 3201 -1 3205 3202 3208 -1 3205 3208 3206 -1 3187 3199 3192 -1 3199 3187 3178 -1 3199 3178 3180 -1 3192 3200 3195 -1 3200 3192 3199 -1 3195 3200 3193 -1 3208 3189 3190 -1 3189 3208 3202 -1 3187 3184 3204 -1 3184 3187 3192 -1 3194 3192 3195 -1 3192 3194 3191 -1 3185 3208 3190 -1 3208 3185 3206 -1 3209 3210 3211 -1 3210 3209 3212 -1 3213 3214 3215 -1 3214 3213 3216 -1 3217 3209 3218 -1 3209 3217 3212 -1 3212 3217 3219 -1 3216 3220 3214 -1 3220 3216 3221 -1 3222 3215 3223 -1 3215 3222 3213 -1 3224 3225 3226 -1 3225 3224 3227 -1 3222 3228 3219 -1 3228 3222 3225 -1 3228 3225 3227 -1 3219 3229 3212 -1 3229 3219 3228 -1 3212 3229 3210 -1 3210 3230 3211 -1 3230 3210 3229 -1 3230 3228 3231 -1 3228 3230 3229 -1 3232 3220 3233 -1 3220 3232 3214 -1 3232 3234 3235 -1 3234 3232 3236 -1 3234 3236 3237 -1 3234 3237 3238 -1 3235 3214 3232 -1 3214 3235 3215 -1 3228 3224 3231 -1 3224 3228 3227 -1 3235 3217 3218 -1 3217 3235 3234 -1 3217 3234 3238 -1 3217 3238 3219 -1 3213 3237 3216 -1 3237 3213 3238 -1 3222 3238 3213 -1 3238 3222 3219 -1 3233 3236 3232 -1 3236 3233 3239 -1 3236 3239 3237 -1 3218 3230 3223 -1 3230 3218 3209 -1 3230 3209 3211 -1 3223 3231 3226 -1 3231 3223 3230 -1 3226 3231 3224 -1 3239 3220 3221 -1 3220 3239 3233 -1 3218 3215 3235 -1 3215 3218 3223 -1 3225 3223 3226 -1 3223 3225 3222 -1 3216 3239 3221 -1 3239 3216 3237 -1 3240 3241 3242 -1 3241 3240 3243 -1 3244 3245 3246 -1 3245 3244 3247 -1 3248 3249 3250 -1 3249 3248 3251 -1 3252 3253 3254 -1 3253 3252 3255 -1 3256 3257 3258 -1 3257 3256 3259 -1 3257 3259 3260 -1 3257 3260 3261 -1 3262 3263 3264 -1 3263 3262 3265 -1 3263 3266 3267 -1 3266 3263 3265 -1 3268 3269 3270 -1 3269 3268 3248 -1 3271 3270 3272 -1 3270 3271 3273 -1 3274 3275 3276 -1 3275 3274 3277 -1 3253 3278 3268 -1 3278 3253 3255 -1 3248 3279 3269 -1 3279 3248 3250 -1 3250 3274 3276 -1 3274 3250 3249 -1 3272 3269 3280 -1 3269 3272 3270 -1 3256 3281 3282 -1 3281 3256 3283 -1 3284 3285 3286 -1 3285 3284 3287 -1 3271 3284 3273 -1 3284 3271 3287 -1 3288 3289 3290 -1 3289 3288 3291 -1 3289 3291 3292 -1 3258 3283 3256 -1 3283 3258 3293 -1 3294 3281 3295 -1 3281 3294 3282 -1 3296 3267 3266 -1 3267 3296 3297 -1 3282 3259 3256 -1 3259 3282 3294 -1 3259 3294 3298 -1 3259 3298 3299 -1 3259 3299 3260 -1 3300 3288 3301 -1 3288 3300 3291 -1 3252 3302 3303 -1 3302 3252 3254 -1 3304 3305 3306 -1 3305 3304 3307 -1 3308 3245 3309 -1 3245 3308 3310 -1 3245 3310 3311 -1 3245 3312 3311 -1 3312 3245 3247 -1 3313 3298 3294 -1 3298 3313 3314 -1 3315 3316 3317 -1 3316 3315 3318 -1 3319 3320 3321 -1 3320 3319 3322 -1 3323 3324 3325 -1 3324 3323 3326 -1 3327 3318 3315 -1 3318 3327 3328 -1 3329 3327 3330 -1 3327 3329 3328 -1 3328 3329 3331 -1 3331 3329 3332 -1 3332 3329 3333 -1 3332 3333 3334 -1 3334 3333 3335 -1 3334 3335 3336 -1 3336 3337 3334 -1 3337 3336 3338 -1 3338 3336 3264 -1 3338 3264 3263 -1 3242 3339 3340 -1 3339 3242 3241 -1 3310 3275 3341 -1 3275 3310 3312 -1 3275 3312 3277 -1 3312 3310 3311 -1 3322 3342 3320 -1 3342 3322 3343 -1 3324 3321 3325 -1 3321 3324 3319 -1 3343 3344 3342 -1 3344 3343 3345 -1 3280 3317 3272 -1 3317 3280 3246 -1 3346 3347 3348 -1 3347 3346 3349 -1 3350 3351 3352 -1 3351 3350 3353 -1 3309 3246 3280 -1 3246 3309 3245 -1 3354 3350 3352 -1 3350 3354 3355 -1 3240 3356 3243 -1 3356 3240 3357 -1 3358 3348 3359 -1 3348 3358 3346 -1 3360 3361 3362 -1 3361 3360 3363 -1 3364 3365 3344 -1 3365 3364 3329 -1 3344 3365 3366 -1 3344 3366 3367 -1 3344 3367 3342 -1 3342 3367 3320 -1 3320 3367 3321 -1 3321 3367 3368 -1 3321 3368 3325 -1 3325 3368 3323 -1 3365 3329 3369 -1 3369 3329 3370 -1 3370 3329 3371 -1 3371 3329 3330 -1 3323 3372 3341 -1 3372 3323 3368 -1 3341 3372 3373 -1 3341 3373 3374 -1 3341 3374 3310 -1 3375 3376 3377 -1 3376 3375 3378 -1 3291 3299 3292 -1 3299 3291 3260 -1 3379 3313 3380 -1 3313 3379 3314 -1 3339 3381 3340 -1 3381 3339 3382 -1 3383 3335 3384 -1 3335 3383 3336 -1 3275 3385 3326 -1 3385 3275 3386 -1 3386 3275 3387 -1 3387 3275 3277 -1 3322 3345 3343 -1 3345 3322 3388 -1 3388 3322 3378 -1 3388 3378 3375 -1 3388 3375 3389 -1 3388 3389 3332 -1 3378 3322 3319 -1 3378 3319 3390 -1 3390 3319 3324 -1 3390 3324 3326 -1 3390 3326 3385 -1 3332 3389 3349 -1 3332 3349 3346 -1 3332 3346 3358 -1 3332 3358 3331 -1 3285 3302 3286 -1 3302 3285 3303 -1 3303 3285 3315 -1 3303 3315 3318 -1 3304 3391 3307 -1 3391 3304 3392 -1 3268 3251 3248 -1 3251 3268 3278 -1 3393 3394 3395 -1 3394 3393 3396 -1 3394 3265 3262 -1 3265 3394 3396 -1 3397 3398 3399 -1 3398 3397 3400 -1 3400 3397 3401 -1 3400 3401 3402 -1 3402 3401 3403 -1 3402 3403 3311 -1 3311 3403 3404 -1 3311 3404 3245 -1 3245 3404 3405 -1 3245 3405 3246 -1 3246 3405 3406 -1 3246 3406 3317 -1 3317 3406 3327 -1 3317 3327 3315 -1 3407 3301 3408 -1 3301 3407 3288 -1 3403 3366 3365 -1 3366 3403 3401 -1 3372 3400 3373 -1 3400 3372 3398 -1 3409 3264 3410 -1 3264 3409 3263 -1 3411 3386 3412 -1 3386 3411 3385 -1 3413 3301 3409 -1 3301 3413 3300 -1 3368 3398 3372 -1 3398 3368 3399 -1 3408 3409 3410 -1 3409 3408 3301 -1 3414 3415 3416 -1 3415 3414 3417 -1 3418 3416 3419 -1 3416 3418 3414 -1 3420 3380 3421 -1 3380 3420 3379 -1 3413 3261 3300 -1 3261 3413 3422 -1 3423 3265 3393 -1 3265 3423 3424 -1 3265 3424 3266 -1 3266 3424 3296 -1 3296 3424 3425 -1 3425 3424 3422 -1 3396 3393 3265 -1 3316 3246 3317 -1 3246 3316 3244 -1 3328 3358 3359 -1 3358 3328 3331 -1 3294 3360 3313 -1 3360 3294 3363 -1 3363 3294 3426 -1 3426 3294 3295 -1 3307 3427 3305 -1 3427 3307 3240 -1 3427 3240 3242 -1 3427 3242 3340 -1 3427 3340 3333 -1 3240 3307 3391 -1 3240 3391 3421 -1 3240 3421 3357 -1 3357 3421 3380 -1 3357 3380 3313 -1 3357 3313 3360 -1 3333 3340 3381 -1 3333 3381 3428 -1 3333 3428 3384 -1 3333 3384 3335 -1 3309 3429 3308 -1 3429 3309 3279 -1 3430 3385 3411 -1 3385 3430 3390 -1 3401 3367 3366 -1 3367 3401 3397 -1 3405 3369 3370 -1 3369 3405 3404 -1 3253 3302 3254 -1 3284 3270 3273 -1 3270 3284 3286 -1 3270 3286 3268 -1 3268 3286 3302 -1 3268 3302 3253 -1 3250 3429 3279 -1 3429 3250 3341 -1 3341 3250 3275 -1 3275 3250 3276 -1 3393 3431 3423 -1 3431 3393 3395 -1 3357 3362 3356 -1 3362 3357 3360 -1 3295 3290 3432 -1 3290 3295 3294 -1 3290 3298 3289 -1 3298 3290 3294 -1 3369 3403 3365 -1 3403 3369 3404 -1 3386 3433 3412 -1 3433 3386 3387 -1 3258 3424 3423 -1 3424 3258 3257 -1 3424 3257 3261 -1 3424 3261 3422 -1 3392 3304 3306 -1 3434 3350 3306 -1 3350 3434 3334 -1 3306 3350 3355 -1 3306 3355 3435 -1 3306 3435 3392 -1 3392 3435 3420 -1 3420 3435 3419 -1 3420 3419 3379 -1 3379 3419 3314 -1 3350 3334 3353 -1 3353 3334 3436 -1 3436 3334 3437 -1 3437 3334 3337 -1 3314 3416 3298 -1 3416 3314 3419 -1 3298 3416 3415 -1 3298 3415 3438 -1 3298 3438 3289 -1 3275 3323 3341 -1 3323 3275 3326 -1 3381 3439 3428 -1 3439 3381 3382 -1 3437 3338 3440 -1 3338 3437 3337 -1 3387 3312 3433 -1 3312 3387 3277 -1 3441 3318 3316 -1 3318 3441 3303 -1 3303 3441 3252 -1 3252 3441 3255 -1 3255 3441 3278 -1 3295 3442 3426 -1 3442 3295 3432 -1 3412 3430 3411 -1 3430 3412 3376 -1 3376 3412 3433 -1 3376 3433 3377 -1 3377 3433 3312 -1 3377 3312 3443 -1 3443 3312 3347 -1 3347 3312 3247 -1 3347 3247 3348 -1 3348 3247 3244 -1 3348 3244 3359 -1 3359 3244 3316 -1 3359 3316 3328 -1 3328 3316 3318 -1 3400 3374 3373 -1 3374 3400 3402 -1 3426 3361 3363 -1 3361 3426 3442 -1 3444 3414 3418 -1 3414 3444 3417 -1 3417 3444 3354 -1 3417 3354 3445 -1 3445 3354 3352 -1 3445 3352 3290 -1 3290 3352 3351 -1 3290 3351 3288 -1 3288 3351 3446 -1 3288 3446 3301 -1 3301 3446 3440 -1 3301 3440 3409 -1 3409 3440 3338 -1 3409 3338 3263 -1 3290 3438 3445 -1 3438 3290 3289 -1 3376 3390 3430 -1 3390 3376 3378 -1 3446 3437 3440 -1 3437 3446 3436 -1 3445 3415 3417 -1 3415 3445 3438 -1 3402 3310 3374 -1 3310 3402 3311 -1 3367 3399 3368 -1 3399 3367 3397 -1 3345 3364 3344 -1 3364 3345 3388 -1 3364 3388 3427 -1 3427 3388 3434 -1 3427 3434 3306 -1 3427 3306 3305 -1 3351 3436 3446 -1 3436 3351 3353 -1 3296 3447 3297 -1 3447 3296 3425 -1 3406 3370 3371 -1 3370 3406 3405 -1 3392 3421 3391 -1 3421 3392 3420 -1 3447 3422 3413 -1 3422 3447 3425 -1 3330 3406 3371 -1 3406 3330 3327 -1 3361 3356 3362 -1 3356 3361 3243 -1 3243 3361 3442 -1 3243 3442 3241 -1 3241 3442 3432 -1 3241 3432 3339 -1 3339 3432 3407 -1 3339 3407 3382 -1 3382 3407 3408 -1 3382 3408 3439 -1 3439 3408 3410 -1 3439 3410 3383 -1 3383 3410 3264 -1 3383 3264 3336 -1 3300 3260 3291 -1 3260 3300 3261 -1 3280 3279 3309 -1 3279 3280 3269 -1 3290 3407 3432 -1 3407 3290 3288 -1 3423 3293 3258 -1 3293 3423 3431 -1 3347 3389 3443 -1 3389 3347 3349 -1 3389 3377 3443 -1 3377 3389 3375 -1 3444 3419 3435 -1 3419 3444 3418 -1 3333 3364 3427 -1 3364 3333 3329 -1 3394 3431 3395 -1 3431 3394 3262 -1 3431 3262 3410 -1 3410 3262 3264 -1 3444 3355 3354 -1 3355 3444 3435 -1 3388 3334 3434 -1 3334 3388 3332 -1 3428 3383 3384 -1 3383 3428 3439 -1 3244 3441 3316 -1 3441 3244 3448 -1 3441 3448 3251 -1 3441 3251 3278 -1 3277 3247 3312 -1 3247 3277 3449 -1 3449 3277 3274 -1 3449 3274 3249 -1 3299 3289 3292 -1 3289 3299 3298 -1 3247 3448 3244 -1 3448 3247 3449 -1 3448 3449 3249 -1 3448 3249 3251 -1 3310 3429 3341 -1 3429 3310 3308 -1 3317 3271 3272 -1 3271 3317 3285 -1 3285 3317 3315 -1 3287 3271 3285 -1 3447 3267 3297 -1 3267 3447 3413 -1 3263 3413 3409 -1 3413 3263 3267 -1 3407 3281 3283 -1 3281 3407 3295 -1 3295 3407 3432 -1 3410 3293 3431 -1 3293 3410 3408 -1 3408 3283 3293 -1 3283 3408 3407 -1 3450 3451 3452 -1 3451 3450 3453 -1 3453 3450 3454 -1 3454 3450 3455 -1 3454 3455 3456 -1 3452 3457 3458 -1 3457 3452 3459 -1 3457 3459 3460 -1 3457 3460 3461 -1 3459 3452 3451 -1 3461 3460 3462 -1 3462 3460 3463 -1 3462 3463 3464 -1 3462 3464 3465 -1 3461 3462 3466 -1 3466 3462 3467 -1 3466 3467 3468 -1 3466 3468 3469 -1 3461 3466 3470 -1 3461 3470 3471 -1 3461 3471 3472 -1 3461 3472 3473 -1 3461 3474 3475 -1 3474 3461 3476 -1 3476 3461 3473 -1 3474 3477 3475 -1 3477 3474 3478 -1 3471 3479 3472 -1 3479 3471 3480 -1 3481 3471 3470 -1 3471 3481 3480 -1 3482 3470 3466 -1 3470 3482 3481 -1 3469 3482 3466 -1 3482 3469 3483 -1 3468 3483 3469 -1 3483 3468 3484 -1 3485 3468 3467 -1 3468 3485 3484 -1 3486 3467 3462 -1 3467 3486 3485 -1 3465 3486 3462 -1 3486 3465 3487 -1 3464 3487 3465 -1 3487 3464 3488 -1 3489 3464 3463 -1 3464 3489 3488 -1 3490 3463 3460 -1 3463 3490 3489 -1 3459 3490 3460 -1 3490 3459 3491 -1 3451 3491 3459 -1 3491 3451 3492 -1 3493 3451 3453 -1 3451 3493 3492 -1 3494 3453 3454 -1 3453 3494 3493 -1 3456 3494 3454 -1 3494 3456 3495 -1 3455 3495 3456 -1 3495 3455 3496 -1 3450 3496 3455 -1 3496 3450 3497 -1 3498 3450 3452 -1 3450 3498 3497 -1 3499 3452 3458 -1 3452 3499 3498 -1 3499 3477 3478 -1 3477 3499 3457 -1 3457 3499 3458 -1 3472 3476 3473 -1 3476 3472 3479 -1 3478 3491 3499 -1 3491 3478 3490 -1 3490 3478 3474 -1 3499 3491 3498 -1 3490 3474 3486 -1 3490 3486 3489 -1 3489 3486 3488 -1 3486 3474 3482 -1 3486 3482 3485 -1 3485 3482 3484 -1 3482 3474 3481 -1 3481 3474 3480 -1 3480 3474 3479 -1 3479 3474 3476 -1 3483 3484 3482 -1 3487 3488 3486 -1 3498 3492 3497 -1 3492 3498 3491 -1 3497 3492 3493 -1 3497 3493 3494 -1 3497 3494 3496 -1 3496 3494 3495 -1 3457 3475 3477 -1 3475 3457 3461 -1 3500 3501 3502 -1 3501 3500 3503 -1 3504 3505 3506 -1 3505 3504 3507 -1 3504 3508 3509 -1 3508 3504 3506 -1 3503 3509 3508 -1 3509 3503 3500 -1 3510 3500 3502 -1 3500 3510 3509 -1 3509 3510 3511 -1 3509 3511 3512 -1 3509 3512 3504 -1 3504 3513 3507 -1 3513 3504 3514 -1 3514 3504 3515 -1 3515 3504 3516 -1 3516 3504 3512 -1 3516 3512 3517 -1 3516 3517 3518 -1 3518 3517 3519 -1 3518 3519 3520 -1 3520 3519 3521 -1 3521 3519 3522 -1 3520 3521 3523 -1 3521 3522 3524 -1 3524 3522 3525 -1 3525 3522 3526 -1 3527 3528 3529 -1 3523 3530 3531 -1 3530 3523 3521 -1 3531 3530 3532 -1 3531 3532 3529 -1 3531 3529 3533 -1 3533 3529 3534 -1 3534 3529 3528 -1 3534 3528 3535 -1 3520 3536 3537 -1 3536 3520 3523 -1 3537 3536 3538 -1 3537 3538 3539 -1 3537 3539 3540 -1 3541 3534 3535 -1 3534 3541 3542 -1 3534 3542 3543 -1 3544 3535 3528 -1 3535 3544 3541 -1 3545 3543 3542 -1 3543 3545 3546 -1 3547 3536 3523 -1 3536 3547 3548 -1 3549 3550 3551 -1 3550 3549 3552 -1 3553 3554 3555 -1 3554 3553 3556 -1 3557 3523 3531 -1 3523 3557 3547 -1 3558 3547 3559 -1 3547 3558 3548 -1 3554 3526 3560 -1 3526 3554 3525 -1 3561 3562 3563 -1 3562 3561 3564 -1 3502 3565 3510 -1 3565 3502 3501 -1 3566 3529 3561 -1 3529 3566 3527 -1 3520 3567 3568 -1 3567 3520 3537 -1 3554 3569 3555 -1 3569 3554 3560 -1 3546 3534 3543 -1 3534 3546 3533 -1 3570 3556 3553 -1 3556 3570 3571 -1 3572 3550 3573 -1 3550 3572 3551 -1 3514 3574 3513 -1 3574 3514 3575 -1 3564 3530 3576 -1 3530 3564 3532 -1 3577 3564 3576 -1 3564 3577 3562 -1 3558 3573 3548 -1 3573 3558 3572 -1 3559 3557 3578 -1 3557 3559 3547 -1 3546 3531 3533 -1 3531 3546 3557 -1 3577 3571 3570 -1 3571 3577 3576 -1 3549 3540 3552 -1 3540 3549 3537 -1 3537 3549 3567 -1 3579 3520 3568 -1 3520 3579 3518 -1 3515 3575 3514 -1 3575 3515 3580 -1 3516 3580 3515 -1 3580 3516 3581 -1 3582 3526 3522 -1 3526 3582 3569 -1 3526 3569 3560 -1 3550 3538 3573 -1 3538 3550 3539 -1 3561 3532 3564 -1 3532 3561 3529 -1 3578 3546 3545 -1 3546 3578 3557 -1 3556 3521 3524 -1 3521 3556 3571 -1 3513 3505 3507 -1 3505 3513 3574 -1 3573 3536 3548 -1 3536 3573 3538 -1 3518 3581 3516 -1 3581 3518 3579 -1 3556 3525 3554 -1 3525 3556 3524 -1 3571 3530 3521 -1 3530 3571 3576 -1 3552 3539 3550 -1 3539 3552 3540 -1 3566 3563 3583 -1 3563 3566 3561 -1 3522 3584 3582 -1 3584 3522 3519 -1 3512 3585 3517 -1 3585 3512 3586 -1 3519 3585 3584 -1 3585 3519 3517 -1 3574 3506 3505 -1 3506 3574 3575 -1 3506 3575 3580 -1 3506 3580 3581 -1 3506 3581 3508 -1 3508 3501 3503 -1 3501 3508 3565 -1 3565 3508 3587 -1 3587 3508 3586 -1 3586 3508 3581 -1 3586 3581 3579 -1 3586 3579 3585 -1 3585 3579 3584 -1 3584 3579 3568 -1 3584 3568 3558 -1 3558 3568 3567 -1 3558 3567 3572 -1 3572 3567 3551 -1 3551 3567 3549 -1 3578 3577 3559 -1 3577 3578 3562 -1 3562 3578 3545 -1 3562 3545 3563 -1 3563 3545 3542 -1 3563 3542 3583 -1 3583 3542 3541 -1 3583 3541 3544 -1 3584 3570 3582 -1 3570 3584 3559 -1 3559 3584 3558 -1 3570 3559 3577 -1 3582 3570 3553 -1 3582 3553 3555 -1 3582 3555 3569 -1 3583 3527 3566 -1 3527 3583 3528 -1 3528 3583 3544 -1 3510 3587 3511 -1 3587 3510 3565 -1 3511 3586 3512 -1 3586 3511 3587 -1 3588 3589 3590 -1 3589 3588 3591 -1 3592 3593 3594 -1 3593 3592 3595 -1 3596 3597 3598 -1 3597 3596 3599 -1 3595 3600 3593 -1 3600 3595 3601 -1 3600 3601 3602 -1 3602 3601 3590 -1 3602 3590 3603 -1 3603 3590 3589 -1 3603 3589 3597 -1 3597 3589 3604 -1 3597 3604 3598 -1 3598 3604 3605 -1 3598 3605 3606 -1 3606 3605 3607 -1 3608 3598 3606 -1 3598 3608 3596 -1 3594 3600 3609 -1 3600 3594 3593 -1 3610 3602 3603 -1 3602 3610 3611 -1 3612 3590 3601 -1 3590 3612 3588 -1 3599 3603 3597 -1 3603 3599 3610 -1 3609 3592 3594 -1 3592 3609 3611 -1 3592 3611 3612 -1 3612 3611 3588 -1 3588 3611 3610 -1 3588 3610 3599 -1 3588 3599 3591 -1 3591 3599 3596 -1 3591 3596 3613 -1 3613 3596 3614 -1 3614 3596 3608 -1 3614 3608 3615 -1 3605 3615 3607 -1 3615 3605 3614 -1 3613 3605 3604 -1 3605 3613 3614 -1 3607 3608 3606 -1 3608 3607 3615 -1 3591 3604 3589 -1 3604 3591 3613 -1 3592 3601 3595 -1 3601 3592 3612 -1 3611 3600 3602 -1 3600 3611 3609 -1 3616 3617 3618 -1 3617 3616 3619 -1 3620 3621 3622 -1 3621 3620 3623 -1 3624 3625 3626 -1 3625 3624 3627 -1 3628 3627 3616 -1 3627 3628 3629 -1 3625 3630 3631 -1 3630 3625 3632 -1 3633 3634 3635 -1 3634 3633 3636 -1 3636 3633 3637 -1 3636 3637 3617 -1 3636 3617 3619 -1 3636 3619 3626 -1 3626 3619 3624 -1 3638 3639 3640 -1 3639 3638 3641 -1 3641 3638 3642 -1 3643 3641 3642 -1 3641 3628 3644 -1 3628 3641 3629 -1 3630 3643 3645 -1 3643 3630 3632 -1 3646 3647 3648 -1 3647 3646 3649 -1 3649 3646 3644 -1 3649 3644 3650 -1 3651 3652 3650 -1 3652 3651 3622 -1 3622 3651 3620 -1 3620 3651 3653 -1 3654 3633 3655 -1 3633 3654 3637 -1 3637 3654 3618 -1 3637 3618 3617 -1 3628 3650 3644 -1 3650 3628 3651 -1 3655 3635 3656 -1 3635 3655 3633 -1 3657 3658 3621 -1 3658 3657 3659 -1 3659 3657 3660 -1 3634 3631 3661 -1 3631 3634 3636 -1 3653 3655 3620 -1 3655 3653 3654 -1 3654 3653 3651 -1 3654 3651 3618 -1 3661 3630 3662 -1 3630 3661 3631 -1 3626 3631 3636 -1 3631 3626 3625 -1 3628 3618 3651 -1 3618 3628 3616 -1 3663 3638 3664 -1 3638 3663 3642 -1 3642 3663 3645 -1 3642 3645 3643 -1 3621 3665 3622 -1 3665 3658 3666 -1 3658 3665 3621 -1 3660 3664 3659 -1 3664 3660 3663 -1 3663 3660 3657 -1 3663 3657 3645 -1 3649 3667 3647 -1 3667 3649 3666 -1 3666 3649 3665 -1 3665 3649 3650 -1 3665 3650 3622 -1 3622 3650 3652 -1 3640 3646 3648 -1 3646 3640 3644 -1 3644 3640 3641 -1 3641 3640 3639 -1 3643 3629 3641 -1 3629 3643 3632 -1 3662 3645 3657 -1 3645 3662 3630 -1 3616 3624 3619 -1 3624 3616 3627 -1 3635 3661 3656 -1 3661 3635 3634 -1 3623 3657 3621 -1 3657 3623 3662 -1 3620 3656 3623 -1 3656 3620 3655 -1 3627 3632 3625 -1 3632 3627 3629 -1 3656 3662 3623 -1 3662 3656 3661 -1 3659 3666 3658 -1 3666 3659 3664 -1 3666 3664 3667 -1 3667 3664 3647 -1 3647 3664 3638 -1 3647 3638 3648 -1 3648 3638 3640 -1 3668 3669 3670 -1 3669 3668 3671 -1 3672 3673 3674 -1 3673 3672 3675 -1 3676 3668 3677 -1 3668 3676 3671 -1 3671 3676 3678 -1 3675 3679 3673 -1 3679 3675 3680 -1 3681 3674 3682 -1 3674 3681 3672 -1 3683 3684 3685 -1 3684 3683 3686 -1 3681 3687 3678 -1 3687 3681 3684 -1 3687 3684 3686 -1 3678 3688 3671 -1 3688 3678 3687 -1 3671 3688 3669 -1 3669 3689 3670 -1 3689 3669 3688 -1 3689 3687 3690 -1 3687 3689 3688 -1 3691 3679 3692 -1 3679 3691 3673 -1 3691 3693 3694 -1 3693 3691 3695 -1 3693 3695 3696 -1 3693 3696 3697 -1 3694 3673 3691 -1 3673 3694 3674 -1 3687 3683 3690 -1 3683 3687 3686 -1 3694 3676 3677 -1 3676 3694 3693 -1 3676 3693 3697 -1 3676 3697 3678 -1 3672 3696 3675 -1 3696 3672 3697 -1 3681 3697 3672 -1 3697 3681 3678 -1 3692 3695 3691 -1 3695 3692 3698 -1 3695 3698 3696 -1 3677 3689 3682 -1 3689 3677 3668 -1 3689 3668 3670 -1 3682 3690 3685 -1 3690 3682 3689 -1 3685 3690 3683 -1 3698 3679 3680 -1 3679 3698 3692 -1 3677 3674 3694 -1 3674 3677 3682 -1 3684 3682 3685 -1 3682 3684 3681 -1 3675 3698 3680 -1 3698 3675 3696 -1 3699 3700 3701 -1 3700 3699 3702 -1 3702 3699 3703 -1 3703 3699 3704 -1 3701 3705 3706 -1 3705 3701 3700 -1 3707 3708 3709 -1 3708 3704 3699 -1 3704 3708 3707 -1 3709 3710 3711 -1 3710 3699 3712 -1 3699 3710 3709 -1 3699 3709 3708 -1 3709 3713 3714 -1 3713 3709 3711 -1 3711 3715 3716 -1 3715 3712 3717 -1 3712 3715 3711 -1 3712 3711 3710 -1 3707 3718 3719 -1 3720 3714 3721 -1 3714 3720 3722 -1 3714 3722 3709 -1 3709 3722 3718 -1 3709 3718 3707 -1 3711 3723 3713 -1 3723 3711 3716 -1 3706 3714 3701 -1 3714 3706 3721 -1 3716 3724 3725 -1 3724 3716 3717 -1 3717 3716 3715 -1 3726 3699 3701 -1 3699 3726 3712 -1 3727 3712 3726 -1 3712 3727 3717 -1 3728 3717 3727 -1 3717 3728 3724 -1 3701 3713 3726 -1 3713 3701 3714 -1 3726 3723 3727 -1 3723 3726 3713 -1 3727 3729 3728 -1 3729 3727 3723 -1 3716 3729 3723 -1 3729 3716 3725 -1 3724 3729 3725 -1 3729 3724 3728 -1 3700 3718 3722 -1 3718 3700 3702 -1 3720 3700 3722 -1 3700 3720 3705 -1 3703 3718 3702 -1 3718 3703 3719 -1 3706 3720 3721 -1 3720 3706 3705 -1 3703 3707 3719 -1 3707 3703 3704 -1 3730 3731 3732 -1 3731 3730 3733 -1 3731 3733 3734 -1 3731 3734 3735 -1 3731 3735 3736 -1 3731 3736 3737 -1 3731 3737 3738 -1 3731 3738 3739 -1 3733 3740 3741 -1 3740 3733 3730 -1 3742 3734 3743 -1 3734 3742 3735 -1 3744 3739 3738 -1 3739 3744 3745 -1 3745 3731 3739 -1 3731 3745 3746 -1 3747 3735 3742 -1 3735 3747 3736 -1 3734 3741 3743 -1 3741 3734 3733 -1 3732 3740 3730 -1 3740 3732 3748 -1 3749 3736 3747 -1 3736 3749 3737 -1 3738 3749 3744 -1 3749 3738 3737 -1 3748 3731 3746 -1 3731 3748 3732 -1 3746 3740 3748 -1 3740 3746 3741 -1 3741 3746 3743 -1 3743 3746 3742 -1 3742 3746 3747 -1 3747 3746 3749 -1 3749 3746 3744 -1 3744 3746 3745 -1 3750 3751 3752 -1 3751 3750 3753 -1 3754 3755 3756 -1 3755 3754 3757 -1 3758 3750 3759 -1 3750 3758 3753 -1 3753 3758 3760 -1 3757 3761 3755 -1 3761 3757 3762 -1 3763 3756 3764 -1 3756 3763 3754 -1 3765 3766 3767 -1 3766 3765 3768 -1 3763 3769 3760 -1 3769 3763 3766 -1 3769 3766 3768 -1 3760 3770 3753 -1 3770 3760 3769 -1 3753 3770 3751 -1 3751 3771 3752 -1 3771 3751 3770 -1 3771 3769 3772 -1 3769 3771 3770 -1 3773 3761 3774 -1 3761 3773 3755 -1 3773 3775 3776 -1 3775 3773 3777 -1 3775 3777 3778 -1 3775 3778 3779 -1 3776 3755 3773 -1 3755 3776 3756 -1 3769 3765 3772 -1 3765 3769 3768 -1 3776 3758 3759 -1 3758 3776 3775 -1 3758 3775 3779 -1 3758 3779 3760 -1 3754 3778 3757 -1 3778 3754 3779 -1 3763 3779 3754 -1 3779 3763 3760 -1 3774 3777 3773 -1 3777 3774 3780 -1 3777 3780 3778 -1 3759 3771 3764 -1 3771 3759 3750 -1 3771 3750 3752 -1 3764 3772 3767 -1 3772 3764 3771 -1 3767 3772 3765 -1 3780 3761 3762 -1 3761 3780 3774 -1 3759 3756 3776 -1 3756 3759 3764 -1 3766 3764 3767 -1 3764 3766 3763 -1 3757 3780 3762 -1 3780 3757 3778 -1 3781 3782 3783 -1 3782 3781 3784 -1 3784 3781 3785 -1 3785 3781 3786 -1 3783 3787 3788 -1 3787 3783 3782 -1 3789 3790 3791 -1 3790 3786 3781 -1 3786 3790 3789 -1 3791 3792 3793 -1 3792 3781 3794 -1 3781 3792 3791 -1 3781 3791 3790 -1 3791 3795 3796 -1 3795 3791 3793 -1 3793 3797 3798 -1 3797 3794 3799 -1 3794 3797 3793 -1 3794 3793 3792 -1 3789 3800 3801 -1 3802 3796 3803 -1 3796 3802 3804 -1 3796 3804 3791 -1 3791 3804 3800 -1 3791 3800 3789 -1 3793 3805 3795 -1 3805 3793 3798 -1 3788 3796 3783 -1 3796 3788 3803 -1 3798 3806 3807 -1 3806 3798 3799 -1 3799 3798 3797 -1 3808 3781 3783 -1 3781 3808 3794 -1 3809 3794 3808 -1 3794 3809 3799 -1 3810 3799 3809 -1 3799 3810 3806 -1 3783 3795 3808 -1 3795 3783 3796 -1 3808 3805 3809 -1 3805 3808 3795 -1 3809 3811 3810 -1 3811 3809 3805 -1 3798 3811 3805 -1 3811 3798 3807 -1 3806 3811 3807 -1 3811 3806 3810 -1 3782 3800 3804 -1 3800 3782 3784 -1 3802 3782 3804 -1 3782 3802 3787 -1 3785 3800 3784 -1 3800 3785 3801 -1 3788 3802 3803 -1 3802 3788 3787 -1 3785 3789 3801 -1 3789 3785 3786 -1 3812 3813 3814 -1 3814 3815 3812 -1 3815 3816 3812 -1 3816 3817 3812 -1 3816 3818 3817 -1 3813 3819 3820 -1 3820 3821 3813 -1 3820 3822 3821 -1 3820 3823 3822 -1 3821 3814 3813 -1 3823 3824 3822 -1 3824 3825 3822 -1 3824 3826 3825 -1 3824 3827 3826 -1 3823 3828 3824 -1 3828 3829 3824 -1 3828 3830 3829 -1 3828 3831 3830 -1 3823 3832 3828 -1 3823 3833 3832 -1 3823 3834 3833 -1 3823 3835 3834 -1 3823 3836 3837 -1 3837 3838 3823 -1 3838 3835 3823 -1 3837 3836 3839 -1 3839 3840 3837 -1 3833 3834 3841 -1 3841 3842 3833 -1 3843 3832 3833 -1 3833 3842 3843 -1 3844 3828 3832 -1 3832 3843 3844 -1 3831 3828 3844 -1 3844 3845 3831 -1 3830 3831 3845 -1 3845 3846 3830 -1 3847 3829 3830 -1 3830 3846 3847 -1 3848 3824 3829 -1 3829 3847 3848 -1 3827 3824 3848 -1 3848 3849 3827 -1 3826 3827 3849 -1 3849 3850 3826 -1 3851 3825 3826 -1 3826 3850 3851 -1 3852 3822 3825 -1 3825 3851 3852 -1 3821 3822 3852 -1 3852 3853 3821 -1 3814 3821 3853 -1 3853 3854 3814 -1 3855 3815 3814 -1 3814 3854 3855 -1 3856 3816 3815 -1 3815 3855 3856 -1 3818 3816 3856 -1 3856 3857 3818 -1 3817 3818 3857 -1 3857 3858 3817 -1 3812 3817 3858 -1 3858 3859 3812 -1 3860 3813 3812 -1 3812 3859 3860 -1 3861 3819 3813 -1 3813 3860 3861 -1 3861 3840 3839 -1 3839 3820 3861 -1 3820 3819 3861 -1 3834 3835 3838 -1 3838 3841 3834 -1 3840 3861 3853 -1 3853 3852 3840 -1 3852 3837 3840 -1 3861 3860 3853 -1 3852 3848 3837 -1 3852 3851 3848 -1 3851 3850 3848 -1 3848 3844 3837 -1 3848 3847 3844 -1 3847 3846 3844 -1 3844 3843 3837 -1 3843 3842 3837 -1 3842 3841 3837 -1 3841 3838 3837 -1 3845 3844 3846 -1 3849 3848 3850 -1 3860 3859 3854 -1 3854 3853 3860 -1 3859 3855 3854 -1 3859 3856 3855 -1 3859 3858 3856 -1 3858 3857 3856 -1 3820 3839 3836 -1 3836 3823 3820 -1 3862 3863 3864 -1 3863 3862 3865 -1 3866 3867 3868 -1 3867 3866 3869 -1 3870 3871 3872 -1 3871 3870 3873 -1 3869 3874 3867 -1 3874 3869 3875 -1 3874 3875 3876 -1 3876 3875 3864 -1 3876 3864 3877 -1 3877 3864 3863 -1 3877 3863 3871 -1 3871 3863 3878 -1 3871 3878 3872 -1 3872 3878 3879 -1 3872 3879 3880 -1 3880 3879 3881 -1 3882 3872 3880 -1 3872 3882 3870 -1 3868 3874 3883 -1 3874 3868 3867 -1 3884 3876 3877 -1 3876 3884 3885 -1 3886 3864 3875 -1 3864 3886 3862 -1 3873 3877 3871 -1 3877 3873 3884 -1 3883 3866 3868 -1 3866 3883 3885 -1 3866 3885 3886 -1 3886 3885 3884 -1 3886 3884 3862 -1 3862 3884 3873 -1 3862 3873 3865 -1 3865 3873 3870 -1 3865 3870 3887 -1 3887 3870 3888 -1 3888 3870 3882 -1 3888 3882 3889 -1 3879 3889 3881 -1 3889 3879 3888 -1 3887 3879 3878 -1 3879 3887 3888 -1 3881 3882 3880 -1 3882 3881 3889 -1 3865 3878 3863 -1 3878 3865 3887 -1 3866 3875 3869 -1 3875 3866 3886 -1 3885 3874 3876 -1 3874 3885 3883 -1 3890 3891 3892 -1 3891 3890 3893 -1 3894 3895 3896 -1 3895 3894 3897 -1 3891 3894 3896 -1 3894 3891 3893 -1 3895 3898 3899 -1 3898 3895 3897 -1 3900 3901 3902 -1 3901 3900 3903 -1 3901 3903 3904 -1 3904 3903 3905 -1 3905 3903 3906 -1 3907 3902 3901 -1 3908 3909 3910 -1 3909 3908 3903 -1 3903 3908 3906 -1 3910 3911 3912 -1 3911 3910 3913 -1 3913 3910 3903 -1 3903 3910 3909 -1 3910 3914 3915 -1 3914 3910 3912 -1 3912 3916 3917 -1 3916 3912 3918 -1 3918 3912 3913 -1 3913 3912 3911 -1 3908 3898 3919 -1 3920 3915 3921 -1 3915 3920 3899 -1 3915 3899 3910 -1 3910 3899 3898 -1 3910 3898 3908 -1 3912 3922 3914 -1 3922 3912 3917 -1 3902 3915 3900 -1 3915 3902 3921 -1 3917 3923 3924 -1 3923 3917 3918 -1 3918 3917 3916 -1 3925 3903 3900 -1 3903 3925 3913 -1 3926 3913 3925 -1 3913 3926 3918 -1 3927 3918 3926 -1 3918 3927 3923 -1 3900 3914 3925 -1 3914 3900 3915 -1 3925 3922 3926 -1 3922 3925 3914 -1 3926 3928 3927 -1 3928 3926 3922 -1 3917 3928 3922 -1 3928 3917 3924 -1 3923 3928 3924 -1 3928 3923 3927 -1 3901 3890 3892 -1 3890 3901 3904 -1 3920 3895 3899 -1 3895 3920 3896 -1 3896 3920 3891 -1 3891 3901 3892 -1 3901 3891 3907 -1 3907 3891 3920 -1 3905 3890 3904 -1 3890 3905 3893 -1 3893 3905 3894 -1 3894 3898 3897 -1 3898 3894 3919 -1 3919 3894 3905 -1 3902 3920 3921 -1 3920 3902 3907 -1 3905 3908 3919 -1 3908 3905 3906 -1 3929 3930 3931 -1 3930 3929 3932 -1 3933 3934 3935 -1 3934 3933 3936 -1 3929 3933 3932 -1 3933 3929 3936 -1 3935 3937 3938 -1 3937 3935 3934 -1 3939 3940 3941 -1 3940 3939 3942 -1 3943 3930 3944 -1 3930 3943 3931 -1 3945 3946 3947 -1 3946 3945 3948 -1 3938 3933 3935 -1 3930 3939 3944 -1 3939 3930 3932 -1 3939 3932 3942 -1 3942 3932 3933 -1 3942 3933 3938 -1 3949 3950 3951 -1 3950 3949 3952 -1 3951 3953 3954 -1 3953 3951 3950 -1 3955 3956 3957 -1 3956 3955 3958 -1 3956 3958 3950 -1 3950 3958 3953 -1 3955 3959 3960 -1 3959 3955 3961 -1 3957 3961 3955 -1 3961 3957 3962 -1 3957 3963 3964 -1 3963 3957 3956 -1 3963 3956 3950 -1 3963 3950 3952 -1 3954 3959 3961 -1 3959 3954 3965 -1 3940 3966 3941 -1 3966 3940 3949 -1 3947 3929 3943 -1 3929 3947 3946 -1 3929 3946 3936 -1 3936 3946 3934 -1 3934 3946 3937 -1 3931 3943 3929 -1 3951 3961 3962 -1 3961 3951 3954 -1 3954 3967 3965 -1 3967 3954 3953 -1 3964 3962 3957 -1 3962 3964 3966 -1 3967 3959 3965 -1 3959 3967 3960 -1 3949 3962 3966 -1 3962 3949 3951 -1 3964 3943 3966 -1 3943 3964 3945 -1 3943 3945 3947 -1 3966 3944 3941 -1 3944 3966 3943 -1 3941 3944 3939 -1 3963 3945 3964 -1 3945 3963 3948 -1 3948 3963 3952 -1 3949 3938 3952 -1 3938 3949 3940 -1 3938 3940 3942 -1 3952 3937 3948 -1 3937 3952 3938 -1 3948 3937 3946 -1 3960 3958 3955 -1 3958 3960 3967 -1 3958 3967 3953 -1 3968 3969 3970 -1 3969 3968 3971 -1 3972 3973 3974 -1 3973 3972 3975 -1 3976 3968 3977 -1 3968 3976 3971 -1 3971 3976 3978 -1 3975 3979 3973 -1 3979 3975 3980 -1 3981 3974 3982 -1 3974 3981 3972 -1 3983 3984 3985 -1 3984 3983 3986 -1 3981 3987 3978 -1 3987 3981 3984 -1 3987 3984 3986 -1 3978 3988 3971 -1 3988 3978 3987 -1 3971 3988 3969 -1 3969 3989 3970 -1 3989 3969 3988 -1 3989 3987 3990 -1 3987 3989 3988 -1 3991 3979 3992 -1 3979 3991 3973 -1 3991 3993 3994 -1 3993 3991 3995 -1 3993 3995 3996 -1 3993 3996 3997 -1 3994 3973 3991 -1 3973 3994 3974 -1 3987 3983 3990 -1 3983 3987 3986 -1 3994 3976 3977 -1 3976 3994 3993 -1 3976 3993 3997 -1 3976 3997 3978 -1 3972 3996 3975 -1 3996 3972 3997 -1 3981 3997 3972 -1 3997 3981 3978 -1 3992 3995 3991 -1 3995 3992 3998 -1 3995 3998 3996 -1 3977 3989 3982 -1 3989 3977 3968 -1 3989 3968 3970 -1 3982 3990 3985 -1 3990 3982 3989 -1 3985 3990 3983 -1 3998 3979 3980 -1 3979 3998 3992 -1 3977 3974 3994 -1 3974 3977 3982 -1 3984 3982 3985 -1 3982 3984 3981 -1 3975 3998 3980 -1 3998 3975 3996 -1 3999 4000 4001 -1 4000 3999 4002 -1 4003 4004 4005 -1 4004 4003 4006 -1 4000 4003 4005 -1 4003 4000 4002 -1 4004 4007 4008 -1 4007 4004 4006 -1 4009 4010 4011 -1 4010 4009 4012 -1 4010 4012 4013 -1 4013 4012 4014 -1 4014 4012 4015 -1 4016 4011 4010 -1 4017 4018 4019 -1 4018 4017 4012 -1 4012 4017 4015 -1 4019 4020 4021 -1 4020 4019 4022 -1 4022 4019 4012 -1 4012 4019 4018 -1 4019 4023 4024 -1 4023 4019 4021 -1 4021 4025 4026 -1 4025 4021 4027 -1 4027 4021 4022 -1 4022 4021 4020 -1 4017 4007 4028 -1 4029 4024 4030 -1 4024 4029 4008 -1 4024 4008 4019 -1 4019 4008 4007 -1 4019 4007 4017 -1 4021 4031 4023 -1 4031 4021 4026 -1 4011 4024 4009 -1 4024 4011 4030 -1 4026 4032 4033 -1 4032 4026 4027 -1 4027 4026 4025 -1 4034 4012 4009 -1 4012 4034 4022 -1 4035 4022 4034 -1 4022 4035 4027 -1 4036 4027 4035 -1 4027 4036 4032 -1 4009 4023 4034 -1 4023 4009 4024 -1 4034 4031 4035 -1 4031 4034 4023 -1 4035 4037 4036 -1 4037 4035 4031 -1 4026 4037 4031 -1 4037 4026 4033 -1 4032 4037 4033 -1 4037 4032 4036 -1 4010 3999 4001 -1 3999 4010 4013 -1 4029 4004 4008 -1 4004 4029 4005 -1 4005 4029 4000 -1 4000 4010 4001 -1 4010 4000 4016 -1 4016 4000 4029 -1 4014 3999 4013 -1 3999 4014 4002 -1 4002 4014 4003 -1 4003 4007 4006 -1 4007 4003 4028 -1 4028 4003 4014 -1 4011 4029 4030 -1 4029 4011 4016 -1 4014 4017 4028 -1 4017 4014 4015 -1 4038 4039 3867 -1 4039 4038 4040 -1 3867 4041 4042 -1 4041 3867 4039 -1 4038 4043 4044 -1 4043 4038 3867 -1 4042 4043 3867 -1 4045 4046 4047 -1 4046 4045 4048 -1 4041 4043 4042 -1 4043 4041 4046 -1 4046 4041 4047 -1 4047 4041 4049 -1 4049 4041 4050 -1 4050 4041 4051 -1 4051 4041 4052 -1 4052 4041 4053 -1 4054 4051 4052 -1 4051 4054 4055 -1 4053 4054 4052 -1 4054 4053 4056 -1 4055 4050 4051 -1 4050 4055 4057 -1 4048 4043 4046 -1 4043 4048 4044 -1 4058 4047 4049 -1 4047 4058 4045 -1 4048 4038 4044 -1 4038 4048 4040 -1 4040 4048 4045 -1 4040 4045 4058 -1 4040 4058 4057 -1 4040 4057 4055 -1 4040 4055 4054 -1 4040 4054 4056 -1 4041 4056 4053 -1 4056 4041 4039 -1 4040 4056 4039 -1 4050 4058 4049 -1 4058 4050 4057 -1 4059 4060 4061 -1 4060 4059 4062 -1 4063 4064 4065 -1 4064 4063 4066 -1 4067 4068 4069 -1 4068 4067 4070 -1 4071 4070 4059 -1 4070 4071 4072 -1 4073 4074 4075 -1 4074 4073 4068 -1 4076 4077 4078 -1 4077 4076 4079 -1 4079 4076 4080 -1 4079 4080 4060 -1 4079 4060 4062 -1 4079 4062 4069 -1 4069 4062 4067 -1 4081 4082 4083 -1 4082 4081 4084 -1 4084 4081 4085 -1 4085 4081 4086 -1 4084 4071 4087 -1 4071 4084 4072 -1 4075 4085 4088 -1 4085 4075 4074 -1 4089 4090 4091 -1 4090 4089 4092 -1 4092 4089 4087 -1 4092 4087 4093 -1 4094 4095 4093 -1 4095 4094 4065 -1 4065 4094 4063 -1 4063 4094 4096 -1 4097 4076 4098 -1 4076 4097 4080 -1 4080 4097 4061 -1 4080 4061 4060 -1 4071 4093 4087 -1 4093 4071 4094 -1 4098 4078 4099 -1 4078 4098 4076 -1 4100 4101 4064 -1 4101 4100 4102 -1 4102 4100 4103 -1 4077 4073 4104 -1 4073 4077 4079 -1 4096 4098 4063 -1 4098 4096 4097 -1 4097 4096 4094 -1 4097 4094 4061 -1 4104 4075 4105 -1 4075 4104 4073 -1 4069 4073 4079 -1 4073 4069 4068 -1 4094 4059 4061 -1 4059 4094 4071 -1 4106 4081 4107 -1 4081 4106 4086 -1 4086 4106 4088 -1 4086 4088 4085 -1 4064 4108 4065 -1 4108 4064 4109 -1 4109 4064 4101 -1 4103 4107 4102 -1 4107 4103 4106 -1 4106 4103 4100 -1 4106 4100 4088 -1 4092 4110 4090 -1 4110 4092 4109 -1 4109 4092 4108 -1 4108 4092 4093 -1 4108 4093 4065 -1 4065 4093 4095 -1 4083 4089 4091 -1 4089 4083 4087 -1 4087 4083 4084 -1 4084 4083 4082 -1 4085 4072 4084 -1 4072 4085 4074 -1 4105 4088 4100 -1 4088 4105 4075 -1 4059 4067 4062 -1 4067 4059 4070 -1 4078 4104 4099 -1 4104 4078 4077 -1 4105 4064 4066 -1 4064 4105 4100 -1 4063 4099 4066 -1 4099 4063 4098 -1 4070 4074 4068 -1 4074 4070 4072 -1 4099 4105 4066 -1 4105 4099 4104 -1 4102 4109 4101 -1 4109 4102 4110 -1 4110 4102 4107 -1 4110 4107 4090 -1 4090 4107 4081 -1 4090 4081 4091 -1 4091 4081 4083 -1 3934 4111 4112 -1 4111 3934 3935 -1 3936 3932 3933 -1 3932 3936 3929 -1 3935 3936 3933 -1 3936 3935 3934 -1 4113 4114 4115 -1 4114 4113 4116 -1 4115 4117 4118 -1 4117 4115 4114 -1 4119 4120 4121 -1 4120 4119 4122 -1 4114 4123 4124 -1 4123 4114 4116 -1 4117 4124 4125 -1 4124 4117 4114 -1 4120 4126 4127 -1 4126 4120 4122 -1 4117 4128 4129 -1 4128 4117 4125 -1 4121 4130 4131 -1 4130 4121 4120 -1 4118 4129 4132 -1 4129 4118 4117 -1 4131 4119 4121 -1 4119 4131 4133 -1 4133 4131 4134 -1 4135 4116 4113 -1 4116 4135 4136 -1 4137 4138 4139 -1 4138 4137 4140 -1 4140 4141 4138 -1 4141 4140 4142 -1 4143 4140 4137 -1 4140 4143 4144 -1 4145 4146 4147 -1 4146 4145 4148 -1 4147 4149 4150 -1 4149 4147 4146 -1 4120 4151 4130 -1 4151 4120 4127 -1 4116 4152 4123 -1 4152 4116 4136 -1 4127 4152 4136 -1 4152 4127 4126 -1 4135 4127 4136 -1 4127 4135 4151 -1 4153 3932 3930 -1 3932 4153 4154 -1 3932 4154 4155 -1 3932 4155 3933 -1 3933 4111 3935 -1 4111 3933 4156 -1 4156 3933 4157 -1 4157 3933 4155 -1 4157 4155 4158 -1 4157 4158 4159 -1 4159 4158 4160 -1 4159 4160 4161 -1 4161 4160 4135 -1 4135 4160 4134 -1 4135 4134 4151 -1 4151 4134 4130 -1 4130 4134 4131 -1 4115 4162 4113 -1 4162 4115 4163 -1 4163 4115 4118 -1 4163 4118 4149 -1 4149 4118 4132 -1 4149 4132 4164 -1 4164 4150 4149 -1 4150 4164 4165 -1 4161 4166 4167 -1 4166 4161 4113 -1 4113 4161 4135 -1 4166 4113 4162 -1 4167 4166 4143 -1 4167 4143 4137 -1 4167 4137 4139 -1 4146 4168 4169 -1 4168 4146 4148 -1 4170 4134 4160 -1 4134 4170 4133 -1 4164 4128 4171 -1 4128 4164 4132 -1 4128 4132 4129 -1 3931 4153 3930 -1 4153 3931 4172 -1 4173 4161 4167 -1 4161 4173 4174 -1 4161 4175 4159 -1 4175 4161 4174 -1 4176 3934 4112 -1 3934 4176 3936 -1 3936 4176 4177 -1 3936 4177 3929 -1 3929 4172 3931 -1 4172 3929 4178 -1 4178 3929 4179 -1 4179 3929 4177 -1 4179 4177 4175 -1 4179 4175 4180 -1 4180 4175 4174 -1 4180 4174 4170 -1 4170 4174 4181 -1 4181 4174 4173 -1 4170 4181 4123 -1 4181 4173 4182 -1 4182 4173 4142 -1 4142 4173 4141 -1 4123 4183 4124 -1 4183 4123 4181 -1 4124 4183 4168 -1 4124 4168 4148 -1 4124 4148 4125 -1 4125 4148 4145 -1 4125 4145 4171 -1 4171 4145 4184 -1 4128 4125 4171 -1 4170 4152 4133 -1 4152 4170 4123 -1 4133 4152 4126 -1 4133 4126 4122 -1 4133 4122 4119 -1 4112 4156 4176 -1 4156 4112 4111 -1 4176 4157 4177 -1 4157 4176 4156 -1 4167 4141 4173 -1 4141 4167 4139 -1 4141 4139 4138 -1 4179 4154 4178 -1 4154 4179 4155 -1 4177 4159 4175 -1 4159 4177 4157 -1 4165 4171 4184 -1 4171 4165 4164 -1 4150 4145 4147 -1 4145 4150 4184 -1 4184 4150 4165 -1 4180 4155 4179 -1 4155 4180 4158 -1 4180 4160 4158 -1 4160 4180 4170 -1 4178 4153 4172 -1 4153 4178 4154 -1 4166 4144 4143 -1 4144 4166 4185 -1 4140 4182 4142 -1 4182 4140 4144 -1 4162 4185 4166 -1 4185 4162 4186 -1 4144 4181 4182 -1 4181 4144 4185 -1 4162 4169 4186 -1 4169 4162 4163 -1 4169 4183 4186 -1 4183 4169 4168 -1 4185 4183 4181 -1 4183 4185 4186 -1 4146 4163 4149 -1 4163 4146 4169 -1 4187 4188 4189 -1 4188 4187 4190 -1 4191 4192 4193 -1 4192 4191 4194 -1 4195 4187 4196 -1 4187 4195 4190 -1 4190 4195 4197 -1 4194 4198 4192 -1 4198 4194 4199 -1 4200 4193 4201 -1 4193 4200 4191 -1 4202 4203 4204 -1 4203 4202 4205 -1 4200 4206 4197 -1 4206 4200 4203 -1 4206 4203 4205 -1 4197 4207 4190 -1 4207 4197 4206 -1 4190 4207 4188 -1 4188 4208 4189 -1 4208 4188 4207 -1 4208 4206 4209 -1 4206 4208 4207 -1 4210 4198 4211 -1 4198 4210 4192 -1 4210 4212 4213 -1 4212 4210 4214 -1 4212 4214 4215 -1 4212 4215 4216 -1 4213 4192 4210 -1 4192 4213 4193 -1 4206 4202 4209 -1 4202 4206 4205 -1 4213 4195 4196 -1 4195 4213 4212 -1 4195 4212 4216 -1 4195 4216 4197 -1 4191 4215 4194 -1 4215 4191 4216 -1 4200 4216 4191 -1 4216 4200 4197 -1 4211 4214 4210 -1 4214 4211 4217 -1 4214 4217 4215 -1 4196 4208 4201 -1 4208 4196 4187 -1 4208 4187 4189 -1 4201 4209 4204 -1 4209 4201 4208 -1 4204 4209 4202 -1 4217 4198 4199 -1 4198 4217 4211 -1 4196 4193 4213 -1 4193 4196 4201 -1 4203 4201 4204 -1 4201 4203 4200 -1 4194 4217 4199 -1 4217 4194 4215 -1 4218 4219 4220 -1 4219 4218 4221 -1 4222 4223 4224 -1 4223 4222 4225 -1 4226 4218 4227 -1 4218 4226 4221 -1 4221 4226 4228 -1 4225 4229 4223 -1 4229 4225 4230 -1 4231 4224 4232 -1 4224 4231 4222 -1 4233 4234 4235 -1 4234 4233 4236 -1 4231 4237 4228 -1 4237 4231 4234 -1 4237 4234 4236 -1 4228 4238 4221 -1 4238 4228 4237 -1 4221 4238 4219 -1 4219 4239 4220 -1 4239 4219 4238 -1 4239 4237 4240 -1 4237 4239 4238 -1 4241 4229 4242 -1 4229 4241 4223 -1 4241 4243 4244 -1 4243 4241 4245 -1 4243 4245 4246 -1 4243 4246 4247 -1 4244 4223 4241 -1 4223 4244 4224 -1 4237 4233 4240 -1 4233 4237 4236 -1 4244 4226 4227 -1 4226 4244 4243 -1 4226 4243 4247 -1 4226 4247 4228 -1 4222 4246 4225 -1 4246 4222 4247 -1 4231 4247 4222 -1 4247 4231 4228 -1 4242 4245 4241 -1 4245 4242 4248 -1 4245 4248 4246 -1 4227 4239 4232 -1 4239 4227 4218 -1 4239 4218 4220 -1 4232 4240 4235 -1 4240 4232 4239 -1 4235 4240 4233 -1 4248 4229 4230 -1 4229 4248 4242 -1 4227 4224 4244 -1 4224 4227 4232 -1 4234 4232 4235 -1 4232 4234 4231 -1 4225 4248 4230 -1 4248 4225 4246 -1 4249 4250 4251 -1 4250 4249 4252 -1 4253 4254 4255 -1 4254 4253 4256 -1 4257 4249 4258 -1 4249 4257 4252 -1 4252 4257 4259 -1 4256 4260 4254 -1 4260 4256 4261 -1 4262 4255 4263 -1 4255 4262 4253 -1 4264 4265 4266 -1 4265 4264 4267 -1 4262 4268 4259 -1 4268 4262 4265 -1 4268 4265 4267 -1 4259 4269 4252 -1 4269 4259 4268 -1 4252 4269 4250 -1 4250 4270 4251 -1 4270 4250 4269 -1 4270 4268 4271 -1 4268 4270 4269 -1 4272 4260 4273 -1 4260 4272 4254 -1 4272 4274 4275 -1 4274 4272 4276 -1 4274 4276 4277 -1 4274 4277 4278 -1 4275 4254 4272 -1 4254 4275 4255 -1 4268 4264 4271 -1 4264 4268 4267 -1 4275 4257 4258 -1 4257 4275 4274 -1 4257 4274 4278 -1 4257 4278 4259 -1 4253 4277 4256 -1 4277 4253 4278 -1 4262 4278 4253 -1 4278 4262 4259 -1 4273 4276 4272 -1 4276 4273 4279 -1 4276 4279 4277 -1 4258 4270 4263 -1 4270 4258 4249 -1 4270 4249 4251 -1 4263 4271 4266 -1 4271 4263 4270 -1 4266 4271 4264 -1 4279 4260 4261 -1 4260 4279 4273 -1 4258 4255 4275 -1 4255 4258 4263 -1 4265 4263 4266 -1 4263 4265 4262 -1 4256 4279 4261 -1 4279 4256 4277 -1 4006 4280 4281 -1 4280 4006 4004 -1 4002 4001 4000 -1 4001 4002 3999 -1 4002 4282 4283 -1 4282 4002 4000 -1 4283 4005 4003 -1 4005 4283 4282 -1 4284 4285 4286 -1 4285 4284 4287 -1 4288 4289 4290 -1 4289 4288 4291 -1 4288 4292 4293 -1 4292 4288 4290 -1 4294 4288 4295 -1 4288 4294 4291 -1 4286 4291 4294 -1 4291 4286 4285 -1 4291 4296 4289 -1 4296 4291 4285 -1 4295 4293 4297 -1 4293 4295 4288 -1 4298 4299 4287 -1 4299 4298 4300 -1 4301 4302 4303 -1 4302 4301 4304 -1 4305 4298 4306 -1 4298 4305 4302 -1 4303 4305 4307 -1 4305 4303 4302 -1 4302 4300 4298 -1 4300 4302 4304 -1 4308 4309 4310 -1 4309 4308 4311 -1 4307 4301 4303 -1 4301 4307 4312 -1 4312 4307 4313 -1 4314 4000 4001 -1 4000 4314 4315 -1 4000 4315 4316 -1 4000 4316 4282 -1 4282 4316 4005 -1 4005 4280 4004 -1 4280 4005 4317 -1 4317 4005 4318 -1 4318 4005 4316 -1 4318 4316 4319 -1 4318 4319 4320 -1 4320 4319 4321 -1 4320 4321 4322 -1 4322 4321 4284 -1 4284 4321 4313 -1 4284 4313 4306 -1 4306 4313 4305 -1 4305 4313 4307 -1 4294 4323 4286 -1 4323 4294 4324 -1 4324 4294 4295 -1 4324 4295 4325 -1 4325 4295 4297 -1 4325 4297 4326 -1 4326 4297 4327 -1 4326 4327 4328 -1 4322 4329 4330 -1 4329 4322 4284 -1 4329 4284 4286 -1 4329 4286 4323 -1 4330 4329 4331 -1 4330 4331 4332 -1 4330 4332 4333 -1 4285 4299 4296 -1 4299 4285 4287 -1 4284 4298 4287 -1 4298 4284 4306 -1 4326 4308 4310 -1 4308 4326 4334 -1 4334 4326 4328 -1 4281 4317 4335 -1 4317 4281 4280 -1 4328 4336 4334 -1 4336 4328 4327 -1 4335 4006 4281 -1 4006 4335 4003 -1 4003 4335 4337 -1 4003 4337 4283 -1 4283 4337 4002 -1 4002 4338 3999 -1 4338 4002 4339 -1 4339 4002 4340 -1 4340 4002 4337 -1 4340 4337 4341 -1 4340 4341 4342 -1 4342 4341 4343 -1 4342 4343 4344 -1 4344 4343 4345 -1 4345 4343 4346 -1 4345 4346 4347 -1 4347 4346 4348 -1 4348 4346 4349 -1 4350 4296 4351 -1 4296 4350 4289 -1 4289 4350 4311 -1 4289 4311 4290 -1 4290 4311 4308 -1 4290 4308 4292 -1 4292 4308 4334 -1 4292 4334 4336 -1 4344 4299 4312 -1 4299 4344 4345 -1 4299 4345 4351 -1 4299 4351 4296 -1 4312 4299 4300 -1 4312 4300 4304 -1 4312 4304 4301 -1 4327 4292 4336 -1 4292 4327 4297 -1 4292 4297 4293 -1 4332 4352 4333 -1 4352 4332 4353 -1 4331 4353 4332 -1 4353 4331 4354 -1 4329 4354 4331 -1 4354 4329 4355 -1 4323 4355 4329 -1 4355 4323 4356 -1 4323 4357 4356 -1 4357 4323 4324 -1 4309 4324 4325 -1 4324 4309 4357 -1 4309 4350 4357 -1 4350 4309 4311 -1 4354 4345 4347 -1 4345 4354 4355 -1 4347 4353 4354 -1 4353 4347 4348 -1 4353 4349 4352 -1 4349 4353 4348 -1 4310 4325 4326 -1 4325 4310 4309 -1 4357 4351 4356 -1 4351 4357 4350 -1 4355 4351 4345 -1 4351 4355 4356 -1 4320 4337 4318 -1 4337 4320 4341 -1 4335 4318 4337 -1 4318 4335 4317 -1 4322 4341 4320 -1 4341 4322 4343 -1 4344 4313 4321 -1 4313 4344 4312 -1 4330 4349 4346 -1 4349 4330 4333 -1 4349 4333 4352 -1 4338 4001 3999 -1 4001 4338 4314 -1 4346 4322 4330 -1 4322 4346 4343 -1 4340 4315 4339 -1 4315 4340 4316 -1 4339 4314 4338 -1 4314 4339 4315 -1 4342 4321 4319 -1 4321 4342 4344 -1 4340 4319 4316 -1 4319 4340 4342 -1 4358 4359 4360 -1 4360 4361 4358 -1 4362 4363 4364 -1 4364 4365 4362 -1 4366 4367 4368 -1 4368 4369 4366 -1 4368 4370 4369 -1 4370 4371 4369 -1 4361 4372 4369 -1 4369 4371 4361 -1 4371 4373 4361 -1 4373 4358 4361 -1 4373 4374 4358 -1 4374 4375 4358 -1 4375 4376 4358 -1 4375 4377 4376 -1 4377 4375 4378 -1 4378 4379 4377 -1 4380 4381 4382 -1 4382 4383 4380 -1 4384 4385 4386 -1 4386 4387 4384 -1 4388 4389 4379 -1 4379 4378 4388 -1 4390 4391 4392 -1 4392 4393 4390 -1 4394 4395 4396 -1 4396 4397 4394 -1 4384 4398 4399 -1 4399 4385 4384 -1 4399 4400 4385 -1 4399 4401 4400 -1 4386 4402 4403 -1 4403 4387 4386 -1 4404 4405 4406 -1 4406 4407 4404 -1 4390 4404 4407 -1 4407 4391 4390 -1 4405 4408 4409 -1 4409 4406 4405 -1 4408 4410 4411 -1 4411 4409 4408 -1 4397 4396 4412 -1 4412 4413 4397 -1 4414 4415 4416 -1 4416 4417 4414 -1 4401 4392 4418 -1 4418 4419 4401 -1 4419 4420 4401 -1 4420 4400 4401 -1 4409 4411 4359 -1 4359 4421 4409 -1 4359 4422 4421 -1 4359 4423 4422 -1 4359 4358 4423 -1 4421 4406 4409 -1 4421 4407 4406 -1 4421 4424 4407 -1 4424 4391 4407 -1 4424 4392 4391 -1 4424 4418 4392 -1 4358 4425 4423 -1 4358 4426 4425 -1 4358 4427 4426 -1 4358 4376 4427 -1 4416 4395 4394 -1 4394 4417 4416 -1 4372 4428 4429 -1 4429 4369 4372 -1 4429 4428 4415 -1 4415 4414 4429 -1 4402 4389 4388 -1 4388 4403 4402 -1 4393 4392 4401 -1 4401 4399 4393 -1 4380 4383 4430 -1 4430 4431 4380 -1 4431 4432 4380 -1 4432 4433 4380 -1 4434 4363 4362 -1 4362 4435 4434 -1 4435 4436 4434 -1 4435 4437 4436 -1 4435 4438 4437 -1 4435 4371 4438 -1 4436 4439 4434 -1 4436 4440 4439 -1 4440 4441 4439 -1 4440 4383 4441 -1 4440 4430 4383 -1 4371 4442 4438 -1 4371 4443 4442 -1 4371 4444 4443 -1 4371 4370 4444 -1 4405 4410 4408 -1 4445 4410 4446 -1 4446 4373 4445 -1 4410 4447 4446 -1 4410 4448 4447 -1 4410 4405 4448 -1 4405 4404 4448 -1 4404 4449 4448 -1 4404 4390 4449 -1 4390 4393 4449 -1 4446 4450 4373 -1 4450 4451 4373 -1 4451 4452 4373 -1 4452 4374 4373 -1 4393 4399 4453 -1 4453 4449 4393 -1 4399 4454 4453 -1 4399 4455 4454 -1 4399 4398 4455 -1 4456 4457 4446 -1 4446 4447 4456 -1 4458 4456 4447 -1 4447 4448 4458 -1 4458 4448 4449 -1 4449 4459 4458 -1 4459 4449 4453 -1 4453 4460 4459 -1 4460 4453 4454 -1 4454 4461 4460 -1 4462 4461 4454 -1 4454 4455 4462 -1 4384 4462 4455 -1 4455 4398 4384 -1 4458 4459 4460 -1 4460 4461 4458 -1 4461 4456 4458 -1 4461 4462 4456 -1 4462 4457 4456 -1 4462 4384 4457 -1 4384 4463 4457 -1 4384 4387 4463 -1 4387 4464 4463 -1 4387 4403 4464 -1 4403 4465 4464 -1 4403 4388 4465 -1 4388 4375 4465 -1 4388 4378 4375 -1 4452 4465 4375 -1 4375 4374 4452 -1 4371 4435 4445 -1 4445 4373 4371 -1 4464 4465 4452 -1 4452 4451 4464 -1 4446 4457 4463 -1 4463 4450 4446 -1 4437 4466 4467 -1 4467 4436 4437 -1 4467 4468 4440 -1 4440 4436 4467 -1 4463 4464 4451 -1 4451 4450 4463 -1 4469 4470 4468 -1 4468 4467 4469 -1 4467 4471 4469 -1 4467 4466 4471 -1 4466 4472 4471 -1 4466 4473 4472 -1 4473 4474 4472 -1 4473 4475 4474 -1 4475 4476 4474 -1 4475 4477 4476 -1 4477 4478 4476 -1 4477 4479 4478 -1 4479 4367 4478 -1 4479 4368 4367 -1 4368 4479 4444 -1 4444 4370 4368 -1 4444 4479 4477 -1 4477 4443 4444 -1 4443 4477 4475 -1 4475 4442 4443 -1 4438 4473 4466 -1 4466 4437 4438 -1 4475 4473 4438 -1 4438 4442 4475 -1 4468 4470 4430 -1 4430 4440 4468 -1 4470 4469 4431 -1 4431 4430 4470 -1 4431 4469 4471 -1 4471 4432 4431 -1 4432 4471 4472 -1 4472 4433 4432 -1 4480 4481 4482 -1 4482 4483 4480 -1 4484 4485 4481 -1 4481 4480 4484 -1 4486 4485 4484 -1 4484 4487 4486 -1 4413 4488 4487 -1 4487 4484 4413 -1 4484 4397 4413 -1 4484 4480 4397 -1 4480 4394 4397 -1 4480 4483 4394 -1 4483 4417 4394 -1 4483 4489 4417 -1 4489 4414 4417 -1 4489 4490 4414 -1 4490 4429 4414 -1 4490 4491 4429 -1 4491 4369 4429 -1 4491 4366 4369 -1 4412 4492 4488 -1 4488 4413 4412 -1 4492 4486 4487 -1 4487 4488 4492 -1 4362 4365 4360 -1 4360 4435 4362 -1 4360 4359 4435 -1 4359 4445 4435 -1 4359 4410 4445 -1 4359 4411 4410 -1 4382 4493 4441 -1 4441 4383 4382 -1 4420 4419 4494 -1 4494 4495 4420 -1 4439 4441 4493 -1 4493 4496 4439 -1 4482 4381 4472 -1 4472 4483 4482 -1 4381 4380 4433 -1 4433 4472 4381 -1 4478 4491 4490 -1 4490 4476 4478 -1 4360 4365 4395 -1 4395 4361 4360 -1 4365 4396 4395 -1 4365 4412 4396 -1 4365 4364 4412 -1 4364 4497 4412 -1 4497 4496 4412 -1 4496 4492 4412 -1 4496 4493 4492 -1 4493 4382 4492 -1 4395 4416 4361 -1 4416 4415 4361 -1 4415 4428 4361 -1 4428 4372 4361 -1 4382 4381 4486 -1 4486 4492 4382 -1 4381 4485 4486 -1 4381 4481 4485 -1 4381 4482 4481 -1 4363 4434 4497 -1 4497 4364 4363 -1 4489 4483 4472 -1 4472 4474 4489 -1 4366 4491 4478 -1 4478 4367 4366 -1 4476 4490 4489 -1 4489 4474 4476 -1 4434 4439 4496 -1 4496 4497 4434 -1 4494 4498 4499 -1 4499 4500 4494 -1 4500 4495 4494 -1 4500 4501 4495 -1 4501 4385 4495 -1 4501 4502 4385 -1 4502 4386 4385 -1 4502 4503 4386 -1 4503 4402 4386 -1 4503 4504 4402 -1 4504 4389 4402 -1 4504 4505 4389 -1 4505 4379 4389 -1 4505 4377 4379 -1 4502 4423 4425 -1 4425 4503 4502 -1 4400 4420 4495 -1 4495 4385 4400 -1 4505 4427 4376 -1 4376 4377 4505 -1 4426 4427 4505 -1 4505 4504 4426 -1 4421 4422 4501 -1 4501 4500 4421 -1 4422 4423 4502 -1 4502 4501 4422 -1 4418 4498 4494 -1 4494 4419 4418 -1 4424 4499 4498 -1 4498 4418 4424 -1 4425 4426 4504 -1 4504 4503 4425 -1 4421 4500 4499 -1 4499 4424 4421 -1 4506 4507 4508 -1 4507 4506 4509 -1 4510 4506 4511 -1 4506 4510 4512 -1 4506 4512 4509 -1 4509 4512 4513 -1 4513 4512 4514 -1 4514 4512 4515 -1 4516 4511 4506 -1 4517 4506 4508 -1 4506 4517 4516 -1 4511 4517 4518 -1 4517 4511 4516 -1 4519 4520 4521 -1 4520 4519 4515 -1 4521 4522 4523 -1 4522 4521 4520 -1 4524 4525 4526 -1 4525 4524 4527 -1 4525 4527 4522 -1 4525 4522 4520 -1 4524 4528 4529 -1 4528 4524 4530 -1 4526 4530 4524 -1 4530 4526 4531 -1 4526 4512 4510 -1 4512 4526 4525 -1 4512 4525 4520 -1 4512 4520 4515 -1 4523 4528 4530 -1 4528 4523 4532 -1 4533 4507 4534 -1 4507 4533 4519 -1 4517 4535 4518 -1 4535 4517 4508 -1 4535 4508 4519 -1 4519 4508 4507 -1 4513 4533 4534 -1 4533 4513 4514 -1 4521 4530 4531 -1 4530 4521 4523 -1 4523 4536 4532 -1 4536 4523 4522 -1 4510 4531 4526 -1 4531 4510 4535 -1 4536 4528 4532 -1 4528 4536 4529 -1 4519 4531 4535 -1 4531 4519 4521 -1 4511 4535 4510 -1 4535 4511 4518 -1 4533 4515 4519 -1 4515 4533 4514 -1 4529 4527 4524 -1 4527 4529 4536 -1 4527 4536 4522 -1 4513 4507 4509 -1 4507 4513 4534 -1 4537 4538 4539 -1 4538 4537 4540 -1 4541 4537 4542 -1 4537 4541 4543 -1 4537 4543 4540 -1 4540 4543 4544 -1 4544 4543 4545 -1 4545 4543 4546 -1 4547 4542 4537 -1 4548 4537 4539 -1 4537 4548 4547 -1 4542 4548 4549 -1 4548 4542 4547 -1 4550 4551 4552 -1 4551 4550 4546 -1 4552 4553 4554 -1 4553 4552 4551 -1 4555 4556 4557 -1 4556 4555 4558 -1 4556 4558 4553 -1 4556 4553 4551 -1 4555 4559 4560 -1 4559 4555 4561 -1 4557 4561 4555 -1 4561 4557 4562 -1 4557 4543 4541 -1 4543 4557 4556 -1 4543 4556 4551 -1 4543 4551 4546 -1 4554 4559 4561 -1 4559 4554 4563 -1 4564 4538 4565 -1 4538 4564 4550 -1 4548 4566 4549 -1 4566 4548 4539 -1 4566 4539 4550 -1 4550 4539 4538 -1 4544 4564 4565 -1 4564 4544 4545 -1 4552 4561 4562 -1 4561 4552 4554 -1 4554 4567 4563 -1 4567 4554 4553 -1 4541 4562 4557 -1 4562 4541 4566 -1 4567 4559 4563 -1 4559 4567 4560 -1 4550 4562 4566 -1 4562 4550 4552 -1 4542 4566 4541 -1 4566 4542 4549 -1 4564 4546 4550 -1 4546 4564 4545 -1 4560 4558 4555 -1 4558 4560 4567 -1 4558 4567 4553 -1 4544 4538 4540 -1 4538 4544 4565 -1 4568 4569 4570 -1 4569 4568 4571 -1 4572 4573 4574 -1 4573 4572 4575 -1 4568 4572 4571 -1 4572 4568 4575 -1 4574 4576 4577 -1 4576 4574 4573 -1 4578 4579 4580 -1 4579 4578 4581 -1 4582 4569 4583 -1 4569 4582 4570 -1 4584 4585 4586 -1 4585 4584 4587 -1 4577 4572 4574 -1 4569 4578 4583 -1 4578 4569 4571 -1 4578 4571 4581 -1 4581 4571 4572 -1 4581 4572 4577 -1 4588 4589 4590 -1 4589 4588 4591 -1 4590 4592 4593 -1 4592 4590 4589 -1 4594 4595 4596 -1 4595 4594 4597 -1 4595 4597 4589 -1 4589 4597 4592 -1 4594 4598 4599 -1 4598 4594 4600 -1 4596 4600 4594 -1 4600 4596 4601 -1 4596 4602 4603 -1 4602 4596 4595 -1 4602 4595 4589 -1 4602 4589 4591 -1 4593 4598 4600 -1 4598 4593 4604 -1 4579 4605 4580 -1 4605 4579 4588 -1 4586 4568 4582 -1 4568 4586 4585 -1 4568 4585 4575 -1 4575 4585 4573 -1 4573 4585 4576 -1 4570 4582 4568 -1 4590 4600 4601 -1 4600 4590 4593 -1 4593 4606 4604 -1 4606 4593 4592 -1 4603 4601 4596 -1 4601 4603 4605 -1 4606 4598 4604 -1 4598 4606 4599 -1 4588 4601 4605 -1 4601 4588 4590 -1 4603 4582 4605 -1 4582 4603 4584 -1 4582 4584 4586 -1 4605 4583 4580 -1 4583 4605 4582 -1 4580 4583 4578 -1 4602 4584 4603 -1 4584 4602 4587 -1 4587 4602 4591 -1 4588 4577 4591 -1 4577 4588 4579 -1 4577 4579 4581 -1 4591 4576 4587 -1 4576 4591 4577 -1 4587 4576 4585 -1 4599 4597 4594 -1 4597 4599 4606 -1 4597 4606 4592 -1 4607 4608 4609 -1 4608 4607 4610 -1 4611 4612 4613 -1 4612 4611 4614 -1 4615 4616 4617 -1 4616 4615 4618 -1 4619 4618 4607 -1 4618 4619 4620 -1 4621 4622 4623 -1 4622 4621 4616 -1 4624 4625 4626 -1 4625 4624 4627 -1 4627 4624 4628 -1 4627 4628 4608 -1 4627 4608 4610 -1 4627 4610 4617 -1 4617 4610 4615 -1 4629 4630 4631 -1 4630 4629 4632 -1 4632 4629 4633 -1 4633 4629 4634 -1 4632 4619 4635 -1 4619 4632 4620 -1 4623 4633 4636 -1 4633 4623 4622 -1 4637 4638 4639 -1 4638 4637 4640 -1 4640 4637 4635 -1 4640 4635 4641 -1 4642 4643 4641 -1 4643 4642 4613 -1 4613 4642 4611 -1 4611 4642 4644 -1 4645 4624 4646 -1 4624 4645 4628 -1 4628 4645 4609 -1 4628 4609 4608 -1 4619 4641 4635 -1 4641 4619 4642 -1 4646 4626 4647 -1 4626 4646 4624 -1 4648 4649 4612 -1 4649 4648 4650 -1 4650 4648 4651 -1 4625 4621 4652 -1 4621 4625 4627 -1 4644 4646 4611 -1 4646 4644 4645 -1 4645 4644 4642 -1 4645 4642 4609 -1 4652 4623 4653 -1 4623 4652 4621 -1 4617 4621 4627 -1 4621 4617 4616 -1 4619 4609 4642 -1 4609 4619 4607 -1 4654 4629 4655 -1 4629 4654 4634 -1 4634 4654 4636 -1 4634 4636 4633 -1 4612 4656 4613 -1 4656 4612 4657 -1 4657 4612 4649 -1 4651 4655 4650 -1 4655 4651 4654 -1 4654 4651 4648 -1 4654 4648 4636 -1 4640 4658 4638 -1 4658 4640 4657 -1 4657 4640 4656 -1 4656 4640 4641 -1 4656 4641 4613 -1 4613 4641 4643 -1 4631 4637 4639 -1 4637 4631 4635 -1 4635 4631 4632 -1 4632 4631 4630 -1 4632 4622 4620 -1 4622 4632 4633 -1 4653 4636 4648 -1 4636 4653 4623 -1 4607 4615 4610 -1 4615 4607 4618 -1 4626 4652 4647 -1 4652 4626 4625 -1 4653 4612 4614 -1 4612 4653 4648 -1 4611 4647 4614 -1 4647 4611 4646 -1 4618 4622 4616 -1 4622 4618 4620 -1 4647 4653 4614 -1 4653 4647 4652 -1 4650 4657 4649 -1 4657 4650 4658 -1 4658 4650 4655 -1 4658 4655 4638 -1 4638 4655 4629 -1 4638 4629 4639 -1 4639 4629 4631 -1 4659 4660 4661 -1 4661 4662 4659 -1 4662 4663 4659 -1 4663 4664 4659 -1 4663 4665 4664 -1 4660 4666 4667 -1 4667 4668 4660 -1 4667 4669 4668 -1 4667 4670 4669 -1 4668 4661 4660 -1 4670 4671 4669 -1 4671 4672 4669 -1 4671 4673 4672 -1 4671 4674 4673 -1 4670 4675 4671 -1 4675 4676 4671 -1 4675 4677 4676 -1 4675 4678 4677 -1 4670 4679 4675 -1 4670 4680 4679 -1 4670 4681 4680 -1 4670 4682 4681 -1 4670 4683 4684 -1 4684 4685 4670 -1 4685 4682 4670 -1 4684 4683 4686 -1 4686 4687 4684 -1 4680 4681 4688 -1 4688 4689 4680 -1 4690 4679 4680 -1 4680 4689 4690 -1 4691 4675 4679 -1 4679 4690 4691 -1 4678 4675 4691 -1 4691 4692 4678 -1 4677 4678 4692 -1 4692 4693 4677 -1 4694 4676 4677 -1 4677 4693 4694 -1 4695 4671 4676 -1 4676 4694 4695 -1 4674 4671 4695 -1 4695 4696 4674 -1 4673 4674 4696 -1 4696 4697 4673 -1 4698 4672 4673 -1 4673 4697 4698 -1 4699 4669 4672 -1 4672 4698 4699 -1 4668 4669 4699 -1 4699 4700 4668 -1 4661 4668 4700 -1 4700 4701 4661 -1 4702 4662 4661 -1 4661 4701 4702 -1 4703 4663 4662 -1 4662 4702 4703 -1 4665 4663 4703 -1 4703 4704 4665 -1 4664 4665 4704 -1 4704 4705 4664 -1 4659 4664 4705 -1 4705 4706 4659 -1 4707 4660 4659 -1 4659 4706 4707 -1 4708 4666 4660 -1 4660 4707 4708 -1 4708 4687 4686 -1 4686 4667 4708 -1 4667 4666 4708 -1 4681 4682 4685 -1 4685 4688 4681 -1 4687 4708 4700 -1 4700 4699 4687 -1 4699 4684 4687 -1 4708 4707 4700 -1 4699 4695 4684 -1 4699 4698 4695 -1 4698 4697 4695 -1 4695 4691 4684 -1 4695 4694 4691 -1 4694 4693 4691 -1 4691 4690 4684 -1 4690 4689 4684 -1 4689 4688 4684 -1 4688 4685 4684 -1 4692 4691 4693 -1 4696 4695 4697 -1 4707 4706 4701 -1 4701 4700 4707 -1 4706 4702 4701 -1 4706 4703 4702 -1 4706 4705 4703 -1 4705 4704 4703 -1 4667 4686 4683 -1 4683 4670 4667 -1 4709 4710 4711 -1 4710 4709 4712 -1 4712 4709 4713 -1 4713 4709 4714 -1 4713 4714 4715 -1 4711 4716 4717 -1 4716 4711 4718 -1 4716 4718 4719 -1 4716 4719 4720 -1 4718 4711 4710 -1 4720 4719 4721 -1 4721 4719 4722 -1 4721 4722 4723 -1 4721 4723 4724 -1 4720 4721 4725 -1 4725 4721 4726 -1 4725 4726 4727 -1 4725 4727 4728 -1 4720 4725 4729 -1 4720 4729 4730 -1 4720 4730 4731 -1 4720 4731 4732 -1 4720 4733 4734 -1 4733 4720 4735 -1 4735 4720 4732 -1 4733 4736 4734 -1 4736 4733 4737 -1 4730 4738 4731 -1 4738 4730 4739 -1 4740 4730 4729 -1 4730 4740 4739 -1 4741 4729 4725 -1 4729 4741 4740 -1 4728 4741 4725 -1 4741 4728 4742 -1 4727 4742 4728 -1 4742 4727 4743 -1 4744 4727 4726 -1 4727 4744 4743 -1 4745 4726 4721 -1 4726 4745 4744 -1 4724 4745 4721 -1 4745 4724 4746 -1 4723 4746 4724 -1 4746 4723 4747 -1 4748 4723 4722 -1 4723 4748 4747 -1 4749 4722 4719 -1 4722 4749 4748 -1 4718 4749 4719 -1 4749 4718 4750 -1 4710 4750 4718 -1 4750 4710 4751 -1 4752 4710 4712 -1 4710 4752 4751 -1 4753 4712 4713 -1 4712 4753 4752 -1 4715 4753 4713 -1 4753 4715 4754 -1 4714 4754 4715 -1 4754 4714 4755 -1 4709 4755 4714 -1 4755 4709 4756 -1 4757 4709 4711 -1 4709 4757 4756 -1 4758 4711 4717 -1 4711 4758 4757 -1 4758 4736 4737 -1 4736 4758 4716 -1 4716 4758 4717 -1 4731 4735 4732 -1 4735 4731 4738 -1 4737 4750 4758 -1 4750 4737 4749 -1 4749 4737 4733 -1 4758 4750 4757 -1 4749 4733 4745 -1 4749 4745 4748 -1 4748 4745 4747 -1 4745 4733 4741 -1 4745 4741 4744 -1 4744 4741 4743 -1 4741 4733 4740 -1 4740 4733 4739 -1 4739 4733 4738 -1 4738 4733 4735 -1 4742 4743 4741 -1 4746 4747 4745 -1 4757 4751 4756 -1 4751 4757 4750 -1 4756 4751 4752 -1 4756 4752 4753 -1 4756 4753 4755 -1 4755 4753 4754 -1 4716 4734 4736 -1 4734 4716 4720 -1 4759 4760 4761 -1 4760 4759 4762 -1 4763 4764 4765 -1 4764 4763 4766 -1 4767 4768 4769 -1 4768 4767 4770 -1 4766 4771 4764 -1 4771 4766 4772 -1 4771 4772 4773 -1 4773 4772 4761 -1 4773 4761 4774 -1 4774 4761 4760 -1 4774 4760 4768 -1 4768 4760 4775 -1 4768 4775 4769 -1 4769 4775 4776 -1 4769 4776 4777 -1 4777 4776 4778 -1 4779 4769 4777 -1 4769 4779 4767 -1 4765 4771 4780 -1 4771 4765 4764 -1 4781 4773 4774 -1 4773 4781 4782 -1 4783 4761 4772 -1 4761 4783 4759 -1 4770 4774 4768 -1 4774 4770 4781 -1 4780 4763 4765 -1 4763 4780 4782 -1 4763 4782 4783 -1 4783 4782 4759 -1 4759 4782 4781 -1 4759 4781 4770 -1 4759 4770 4762 -1 4762 4770 4767 -1 4762 4767 4784 -1 4784 4767 4785 -1 4785 4767 4779 -1 4785 4779 4786 -1 4776 4786 4778 -1 4786 4776 4785 -1 4784 4776 4775 -1 4776 4784 4785 -1 4778 4779 4777 -1 4779 4778 4786 -1 4762 4775 4760 -1 4775 4762 4784 -1 4763 4772 4766 -1 4772 4763 4783 -1 4782 4771 4773 -1 4771 4782 4780 -1 4787 4788 4789 -1 4788 4787 4790 -1 4791 4792 4793 -1 4792 4791 4794 -1 4795 4787 4796 -1 4787 4795 4790 -1 4790 4795 4797 -1 4794 4798 4792 -1 4798 4794 4799 -1 4800 4793 4801 -1 4793 4800 4791 -1 4802 4803 4804 -1 4803 4802 4805 -1 4800 4806 4797 -1 4806 4800 4803 -1 4806 4803 4805 -1 4797 4807 4790 -1 4807 4797 4806 -1 4790 4807 4788 -1 4788 4808 4789 -1 4808 4788 4807 -1 4808 4806 4809 -1 4806 4808 4807 -1 4810 4798 4811 -1 4798 4810 4792 -1 4810 4812 4813 -1 4812 4810 4814 -1 4812 4814 4815 -1 4812 4815 4816 -1 4813 4792 4810 -1 4792 4813 4793 -1 4806 4802 4809 -1 4802 4806 4805 -1 4813 4795 4796 -1 4795 4813 4812 -1 4795 4812 4816 -1 4795 4816 4797 -1 4791 4815 4794 -1 4815 4791 4816 -1 4800 4816 4791 -1 4816 4800 4797 -1 4811 4814 4810 -1 4814 4811 4817 -1 4814 4817 4815 -1 4796 4808 4801 -1 4808 4796 4787 -1 4808 4787 4789 -1 4801 4809 4804 -1 4809 4801 4808 -1 4804 4809 4802 -1 4817 4798 4799 -1 4798 4817 4811 -1 4796 4793 4813 -1 4793 4796 4801 -1 4803 4801 4804 -1 4801 4803 4800 -1 4794 4817 4799 -1 4817 4794 4815 -1 4818 4819 4764 -1 4819 4818 4820 -1 4764 4821 4822 -1 4821 4764 4819 -1 4818 4823 4824 -1 4823 4818 4764 -1 4822 4823 4764 -1 4825 4826 4827 -1 4826 4825 4828 -1 4821 4823 4822 -1 4823 4821 4826 -1 4826 4821 4827 -1 4827 4821 4829 -1 4829 4821 4830 -1 4830 4821 4831 -1 4831 4821 4832 -1 4832 4821 4833 -1 4834 4831 4832 -1 4831 4834 4835 -1 4833 4834 4832 -1 4834 4833 4836 -1 4835 4830 4831 -1 4830 4835 4837 -1 4828 4823 4826 -1 4823 4828 4824 -1 4838 4827 4829 -1 4827 4838 4825 -1 4828 4818 4824 -1 4818 4828 4820 -1 4820 4828 4825 -1 4820 4825 4838 -1 4820 4838 4837 -1 4820 4837 4835 -1 4820 4835 4834 -1 4820 4834 4836 -1 4821 4836 4833 -1 4836 4821 4819 -1 4820 4836 4819 -1 4830 4838 4829 -1 4838 4830 4837 -1 4839 4840 4841 -1 4840 4839 4842 -1 4843 4844 4845 -1 4844 4843 4846 -1 4847 4845 4848 -1 4845 4847 4843 -1 4842 4847 4848 -1 4847 4842 4839 -1 4849 4850 4851 -1 4850 4849 4852 -1 4851 4853 4854 -1 4853 4851 4850 -1 4855 4856 4857 -1 4856 4855 4858 -1 4850 4859 4860 -1 4859 4850 4852 -1 4853 4860 4861 -1 4860 4853 4850 -1 4856 4862 4863 -1 4862 4856 4858 -1 4853 4864 4865 -1 4864 4853 4861 -1 4857 4866 4867 -1 4866 4857 4856 -1 4854 4865 4868 -1 4865 4854 4853 -1 4867 4855 4857 -1 4855 4867 4869 -1 4869 4867 4870 -1 4871 4852 4849 -1 4852 4871 4872 -1 4873 4874 4875 -1 4874 4873 4876 -1 4876 4877 4874 -1 4877 4876 4878 -1 4879 4876 4873 -1 4876 4879 4880 -1 4881 4882 4883 -1 4882 4881 4884 -1 4883 4885 4886 -1 4885 4883 4882 -1 4856 4887 4866 -1 4887 4856 4863 -1 4852 4888 4859 -1 4888 4852 4872 -1 4863 4888 4872 -1 4888 4863 4862 -1 4871 4863 4872 -1 4863 4871 4887 -1 4889 4845 4844 -1 4845 4889 4890 -1 4845 4890 4891 -1 4845 4891 4848 -1 4848 4840 4842 -1 4840 4848 4892 -1 4892 4848 4893 -1 4893 4848 4891 -1 4893 4891 4894 -1 4893 4894 4895 -1 4895 4894 4896 -1 4895 4896 4897 -1 4897 4896 4871 -1 4871 4896 4870 -1 4871 4870 4887 -1 4887 4870 4866 -1 4866 4870 4867 -1 4851 4898 4849 -1 4898 4851 4899 -1 4899 4851 4854 -1 4899 4854 4885 -1 4885 4854 4868 -1 4885 4868 4900 -1 4900 4886 4885 -1 4886 4900 4901 -1 4897 4902 4903 -1 4902 4897 4849 -1 4849 4897 4871 -1 4902 4849 4898 -1 4903 4902 4879 -1 4903 4879 4873 -1 4903 4873 4875 -1 4882 4904 4905 -1 4904 4882 4884 -1 4906 4870 4896 -1 4870 4906 4869 -1 4900 4864 4907 -1 4864 4900 4868 -1 4864 4868 4865 -1 4846 4889 4844 -1 4889 4846 4908 -1 4909 4897 4903 -1 4897 4909 4910 -1 4897 4911 4895 -1 4911 4897 4910 -1 4912 4839 4841 -1 4839 4912 4847 -1 4847 4912 4913 -1 4847 4913 4843 -1 4843 4908 4846 -1 4908 4843 4914 -1 4914 4843 4915 -1 4915 4843 4913 -1 4915 4913 4911 -1 4915 4911 4916 -1 4916 4911 4910 -1 4916 4910 4906 -1 4906 4910 4917 -1 4917 4910 4909 -1 4906 4917 4859 -1 4917 4909 4918 -1 4918 4909 4878 -1 4878 4909 4877 -1 4859 4919 4860 -1 4919 4859 4917 -1 4860 4919 4904 -1 4860 4904 4884 -1 4860 4884 4861 -1 4861 4884 4881 -1 4861 4881 4907 -1 4907 4881 4920 -1 4864 4861 4907 -1 4906 4888 4869 -1 4888 4906 4859 -1 4869 4888 4862 -1 4869 4862 4858 -1 4869 4858 4855 -1 4841 4892 4912 -1 4892 4841 4840 -1 4912 4893 4913 -1 4893 4912 4892 -1 4903 4877 4909 -1 4877 4903 4875 -1 4877 4875 4874 -1 4915 4890 4914 -1 4890 4915 4891 -1 4913 4895 4911 -1 4895 4913 4893 -1 4901 4907 4920 -1 4907 4901 4900 -1 4886 4881 4883 -1 4881 4886 4920 -1 4920 4886 4901 -1 4916 4891 4915 -1 4891 4916 4894 -1 4916 4896 4894 -1 4896 4916 4906 -1 4914 4889 4908 -1 4889 4914 4890 -1 4902 4880 4879 -1 4880 4902 4921 -1 4876 4918 4878 -1 4918 4876 4880 -1 4898 4921 4902 -1 4921 4898 4922 -1 4880 4917 4918 -1 4917 4880 4921 -1 4898 4905 4922 -1 4905 4898 4899 -1 4905 4919 4922 -1 4919 4905 4904 -1 4921 4919 4917 -1 4919 4921 4922 -1 4882 4899 4885 -1 4899 4882 4905 -1 4923 4924 4925 -1 4924 4923 4926 -1 4927 4928 4929 -1 4928 4927 4930 -1 4931 4923 4932 -1 4923 4931 4926 -1 4926 4931 4933 -1 4930 4934 4928 -1 4934 4930 4935 -1 4936 4929 4937 -1 4929 4936 4927 -1 4938 4939 4940 -1 4939 4938 4941 -1 4936 4942 4933 -1 4942 4936 4939 -1 4942 4939 4941 -1 4933 4943 4926 -1 4943 4933 4942 -1 4926 4943 4924 -1 4924 4944 4925 -1 4944 4924 4943 -1 4944 4942 4945 -1 4942 4944 4943 -1 4946 4934 4947 -1 4934 4946 4928 -1 4946 4948 4949 -1 4948 4946 4950 -1 4948 4950 4951 -1 4948 4951 4952 -1 4949 4928 4946 -1 4928 4949 4929 -1 4942 4938 4945 -1 4938 4942 4941 -1 4949 4931 4932 -1 4931 4949 4948 -1 4931 4948 4952 -1 4931 4952 4933 -1 4927 4951 4930 -1 4951 4927 4952 -1 4936 4952 4927 -1 4952 4936 4933 -1 4947 4950 4946 -1 4950 4947 4953 -1 4950 4953 4951 -1 4932 4944 4937 -1 4944 4932 4923 -1 4944 4923 4925 -1 4937 4945 4940 -1 4945 4937 4944 -1 4940 4945 4938 -1 4953 4934 4935 -1 4934 4953 4947 -1 4932 4929 4949 -1 4929 4932 4937 -1 4939 4937 4940 -1 4937 4939 4936 -1 4930 4953 4935 -1 4953 4930 4951 -1 4954 4955 4956 -1 4955 4954 4957 -1 4958 4959 4960 -1 4959 4958 4961 -1 4962 4954 4963 -1 4954 4962 4957 -1 4957 4962 4964 -1 4961 4965 4959 -1 4965 4961 4966 -1 4967 4960 4968 -1 4960 4967 4958 -1 4969 4970 4971 -1 4970 4969 4972 -1 4967 4973 4964 -1 4973 4967 4970 -1 4973 4970 4972 -1 4964 4974 4957 -1 4974 4964 4973 -1 4957 4974 4955 -1 4955 4975 4956 -1 4975 4955 4974 -1 4975 4973 4976 -1 4973 4975 4974 -1 4977 4965 4978 -1 4965 4977 4959 -1 4977 4979 4980 -1 4979 4977 4981 -1 4979 4981 4982 -1 4979 4982 4983 -1 4980 4959 4977 -1 4959 4980 4960 -1 4973 4969 4976 -1 4969 4973 4972 -1 4980 4962 4963 -1 4962 4980 4979 -1 4962 4979 4983 -1 4962 4983 4964 -1 4958 4982 4961 -1 4982 4958 4983 -1 4967 4983 4958 -1 4983 4967 4964 -1 4978 4981 4977 -1 4981 4978 4984 -1 4981 4984 4982 -1 4963 4975 4968 -1 4975 4963 4954 -1 4975 4954 4956 -1 4968 4976 4971 -1 4976 4968 4975 -1 4971 4976 4969 -1 4984 4965 4966 -1 4965 4984 4978 -1 4963 4960 4980 -1 4960 4963 4968 -1 4970 4968 4971 -1 4968 4970 4967 -1 4961 4984 4966 -1 4984 4961 4982 -1 4985 4986 4987 -1 4986 4985 4988 -1 4989 4990 4991 -1 4990 4989 4992 -1 4993 4985 4994 -1 4985 4993 4988 -1 4988 4993 4995 -1 4992 4996 4990 -1 4996 4992 4997 -1 4998 4991 4999 -1 4991 4998 4989 -1 5000 5001 5002 -1 5001 5000 5003 -1 4998 5004 4995 -1 5004 4998 5001 -1 5004 5001 5003 -1 4995 5005 4988 -1 5005 4995 5004 -1 4988 5005 4986 -1 4986 5006 4987 -1 5006 4986 5005 -1 5006 5004 5007 -1 5004 5006 5005 -1 5008 4996 5009 -1 4996 5008 4990 -1 5008 5010 5011 -1 5010 5008 5012 -1 5010 5012 5013 -1 5010 5013 5014 -1 5011 4990 5008 -1 4990 5011 4991 -1 5004 5000 5007 -1 5000 5004 5003 -1 5011 4993 4994 -1 4993 5011 5010 -1 4993 5010 5014 -1 4993 5014 4995 -1 4989 5013 4992 -1 5013 4989 5014 -1 4998 5014 4989 -1 5014 4998 4995 -1 5009 5012 5008 -1 5012 5009 5015 -1 5012 5015 5013 -1 4994 5006 4999 -1 5006 4994 4985 -1 5006 4985 4987 -1 4999 5007 5002 -1 5007 4999 5006 -1 5002 5007 5000 -1 5015 4996 4997 -1 4996 5015 5009 -1 4994 4991 5011 -1 4991 4994 4999 -1 5001 4999 5002 -1 4999 5001 4998 -1 4992 5015 4997 -1 5015 4992 5013 -1 5016 5017 5018 -1 5017 5016 5019 -1 5019 5020 5021 -1 5020 5019 5016 -1 5022 5023 5024 -1 5023 5022 5025 -1 5022 5026 5027 -1 5026 5022 5024 -1 5027 5021 5020 -1 5021 5027 5026 -1 5028 5029 5030 -1 5029 5028 5031 -1 5032 5033 5034 -1 5033 5032 5035 -1 5032 5036 5037 -1 5036 5032 5034 -1 5038 5032 5039 -1 5032 5038 5035 -1 5030 5035 5038 -1 5035 5030 5029 -1 5035 5040 5033 -1 5040 5035 5029 -1 5039 5037 5041 -1 5037 5039 5032 -1 5042 5043 5031 -1 5043 5042 5044 -1 5045 5046 5047 -1 5046 5045 5048 -1 5049 5042 5050 -1 5042 5049 5046 -1 5047 5049 5051 -1 5049 5047 5046 -1 5046 5044 5042 -1 5044 5046 5048 -1 5052 5053 5054 -1 5053 5052 5055 -1 5051 5045 5047 -1 5045 5051 5056 -1 5056 5051 5057 -1 5058 5024 5023 -1 5024 5058 5059 -1 5024 5059 5060 -1 5024 5060 5026 -1 5026 5060 5021 -1 5021 5017 5019 -1 5017 5021 5061 -1 5061 5021 5062 -1 5062 5021 5060 -1 5062 5060 5063 -1 5062 5063 5064 -1 5064 5063 5065 -1 5064 5065 5066 -1 5066 5065 5028 -1 5028 5065 5057 -1 5028 5057 5050 -1 5050 5057 5049 -1 5049 5057 5051 -1 5038 5067 5030 -1 5067 5038 5068 -1 5068 5038 5039 -1 5068 5039 5069 -1 5069 5039 5041 -1 5069 5041 5070 -1 5070 5041 5071 -1 5070 5071 5072 -1 5066 5073 5074 -1 5073 5066 5028 -1 5073 5028 5030 -1 5073 5030 5067 -1 5074 5073 5075 -1 5074 5075 5076 -1 5074 5076 5077 -1 5029 5043 5040 -1 5043 5029 5031 -1 5028 5042 5031 -1 5042 5028 5050 -1 5070 5052 5054 -1 5052 5070 5078 -1 5078 5070 5072 -1 5018 5061 5079 -1 5061 5018 5017 -1 5072 5080 5078 -1 5080 5072 5071 -1 5079 5016 5018 -1 5016 5079 5020 -1 5020 5079 5081 -1 5020 5081 5027 -1 5027 5081 5022 -1 5022 5082 5025 -1 5082 5022 5083 -1 5083 5022 5084 -1 5084 5022 5081 -1 5084 5081 5085 -1 5084 5085 5086 -1 5086 5085 5087 -1 5086 5087 5088 -1 5088 5087 5089 -1 5089 5087 5090 -1 5089 5090 5091 -1 5091 5090 5092 -1 5092 5090 5093 -1 5094 5040 5095 -1 5040 5094 5033 -1 5033 5094 5055 -1 5033 5055 5034 -1 5034 5055 5052 -1 5034 5052 5036 -1 5036 5052 5078 -1 5036 5078 5080 -1 5088 5043 5056 -1 5043 5088 5089 -1 5043 5089 5095 -1 5043 5095 5040 -1 5056 5043 5044 -1 5056 5044 5048 -1 5056 5048 5045 -1 5071 5036 5080 -1 5036 5071 5041 -1 5036 5041 5037 -1 5076 5096 5077 -1 5096 5076 5097 -1 5075 5097 5076 -1 5097 5075 5098 -1 5073 5098 5075 -1 5098 5073 5099 -1 5067 5099 5073 -1 5099 5067 5100 -1 5067 5101 5100 -1 5101 5067 5068 -1 5053 5068 5069 -1 5068 5053 5101 -1 5053 5094 5101 -1 5094 5053 5055 -1 5098 5089 5091 -1 5089 5098 5099 -1 5091 5097 5098 -1 5097 5091 5092 -1 5097 5093 5096 -1 5093 5097 5092 -1 5054 5069 5070 -1 5069 5054 5053 -1 5101 5095 5100 -1 5095 5101 5094 -1 5099 5095 5089 -1 5095 5099 5100 -1 5064 5081 5062 -1 5081 5064 5085 -1 5079 5062 5081 -1 5062 5079 5061 -1 5066 5085 5064 -1 5085 5066 5087 -1 5088 5057 5065 -1 5057 5088 5056 -1 5074 5093 5090 -1 5093 5074 5077 -1 5093 5077 5096 -1 5082 5023 5025 -1 5023 5082 5058 -1 5090 5066 5074 -1 5066 5090 5087 -1 5084 5059 5083 -1 5059 5084 5060 -1 5083 5058 5082 -1 5058 5083 5059 -1 5086 5065 5063 -1 5065 5086 5088 -1 5084 5063 5060 -1 5063 5084 5086 -1 5102 5103 5104 -1 5103 5102 5105 -1 5105 5102 5106 -1 5106 5102 5107 -1 5106 5107 5108 -1 5104 5109 5110 -1 5109 5104 5111 -1 5109 5111 5112 -1 5109 5112 5113 -1 5111 5104 5103 -1 5113 5112 5114 -1 5114 5112 5115 -1 5114 5115 5116 -1 5114 5116 5117 -1 5113 5114 5118 -1 5118 5114 5119 -1 5118 5119 5120 -1 5118 5120 5121 -1 5113 5118 5122 -1 5113 5122 5123 -1 5113 5123 5124 -1 5113 5124 5125 -1 5113 5126 5127 -1 5126 5113 5128 -1 5128 5113 5125 -1 5126 5129 5127 -1 5129 5126 5130 -1 5123 5131 5124 -1 5131 5123 5132 -1 5133 5123 5122 -1 5123 5133 5132 -1 5134 5122 5118 -1 5122 5134 5133 -1 5121 5134 5118 -1 5134 5121 5135 -1 5120 5135 5121 -1 5135 5120 5136 -1 5137 5120 5119 -1 5120 5137 5136 -1 5138 5119 5114 -1 5119 5138 5137 -1 5117 5138 5114 -1 5138 5117 5139 -1 5116 5139 5117 -1 5139 5116 5140 -1 5141 5116 5115 -1 5116 5141 5140 -1 5142 5115 5112 -1 5115 5142 5141 -1 5111 5142 5112 -1 5142 5111 5143 -1 5103 5143 5111 -1 5143 5103 5144 -1 5145 5103 5105 -1 5103 5145 5144 -1 5146 5105 5106 -1 5105 5146 5145 -1 5108 5146 5106 -1 5146 5108 5147 -1 5107 5147 5108 -1 5147 5107 5148 -1 5102 5148 5107 -1 5148 5102 5149 -1 5150 5102 5104 -1 5102 5150 5149 -1 5151 5104 5110 -1 5104 5151 5150 -1 5151 5129 5130 -1 5129 5151 5109 -1 5109 5151 5110 -1 5124 5128 5125 -1 5128 5124 5131 -1 5130 5143 5151 -1 5143 5130 5142 -1 5142 5130 5126 -1 5151 5143 5150 -1 5142 5126 5138 -1 5142 5138 5141 -1 5141 5138 5140 -1 5138 5126 5134 -1 5138 5134 5137 -1 5137 5134 5136 -1 5134 5126 5133 -1 5133 5126 5132 -1 5132 5126 5131 -1 5131 5126 5128 -1 5135 5136 5134 -1 5139 5140 5138 -1 5150 5144 5149 -1 5144 5150 5143 -1 5149 5144 5145 -1 5149 5145 5146 -1 5149 5146 5148 -1 5148 5146 5147 -1 5109 5127 5129 -1 5127 5109 5113 -1 5152 5153 5154 -1 5153 5152 5155 -1 5156 5157 5158 -1 5157 5156 5159 -1 5156 5160 5161 -1 5160 5156 5158 -1 5155 5161 5160 -1 5161 5155 5152 -1 5162 5152 5154 -1 5152 5162 5161 -1 5161 5162 5163 -1 5161 5163 5164 -1 5161 5164 5156 -1 5156 5165 5159 -1 5165 5156 5166 -1 5166 5156 5167 -1 5167 5156 5168 -1 5168 5156 5164 -1 5168 5164 5169 -1 5168 5169 5170 -1 5170 5169 5171 -1 5170 5171 5172 -1 5172 5171 5173 -1 5173 5171 5174 -1 5172 5173 5175 -1 5173 5174 5176 -1 5176 5174 5177 -1 5177 5174 5178 -1 5179 5180 5181 -1 5175 5182 5183 -1 5182 5175 5173 -1 5183 5182 5184 -1 5183 5184 5181 -1 5183 5181 5185 -1 5185 5181 5186 -1 5186 5181 5180 -1 5186 5180 5187 -1 5172 5188 5189 -1 5188 5172 5175 -1 5189 5188 5190 -1 5189 5190 5191 -1 5189 5191 5192 -1 5193 5186 5187 -1 5186 5193 5194 -1 5186 5194 5195 -1 5196 5187 5180 -1 5187 5196 5193 -1 5197 5195 5194 -1 5195 5197 5198 -1 5199 5188 5175 -1 5188 5199 5200 -1 5201 5202 5203 -1 5202 5201 5204 -1 5205 5206 5207 -1 5206 5205 5208 -1 5209 5175 5183 -1 5175 5209 5199 -1 5210 5199 5211 -1 5199 5210 5200 -1 5206 5178 5212 -1 5178 5206 5177 -1 5213 5214 5215 -1 5214 5213 5216 -1 5154 5217 5162 -1 5217 5154 5153 -1 5218 5181 5213 -1 5181 5218 5179 -1 5172 5219 5220 -1 5219 5172 5189 -1 5206 5221 5207 -1 5221 5206 5212 -1 5198 5186 5195 -1 5186 5198 5185 -1 5222 5208 5205 -1 5208 5222 5223 -1 5224 5202 5225 -1 5202 5224 5203 -1 5166 5226 5165 -1 5226 5166 5227 -1 5216 5182 5228 -1 5182 5216 5184 -1 5229 5216 5228 -1 5216 5229 5214 -1 5210 5225 5200 -1 5225 5210 5224 -1 5211 5209 5230 -1 5209 5211 5199 -1 5198 5183 5185 -1 5183 5198 5209 -1 5229 5223 5222 -1 5223 5229 5228 -1 5201 5192 5204 -1 5192 5201 5189 -1 5189 5201 5219 -1 5231 5172 5220 -1 5172 5231 5170 -1 5167 5227 5166 -1 5227 5167 5232 -1 5168 5232 5167 -1 5232 5168 5233 -1 5234 5178 5174 -1 5178 5234 5221 -1 5178 5221 5212 -1 5202 5190 5225 -1 5190 5202 5191 -1 5213 5184 5216 -1 5184 5213 5181 -1 5230 5198 5197 -1 5198 5230 5209 -1 5208 5173 5176 -1 5173 5208 5223 -1 5165 5157 5159 -1 5157 5165 5226 -1 5225 5188 5200 -1 5188 5225 5190 -1 5170 5233 5168 -1 5233 5170 5231 -1 5208 5177 5206 -1 5177 5208 5176 -1 5223 5182 5173 -1 5182 5223 5228 -1 5204 5191 5202 -1 5191 5204 5192 -1 5218 5215 5235 -1 5215 5218 5213 -1 5174 5236 5234 -1 5236 5174 5171 -1 5164 5237 5169 -1 5237 5164 5238 -1 5171 5237 5236 -1 5237 5171 5169 -1 5226 5158 5157 -1 5158 5226 5227 -1 5158 5227 5232 -1 5158 5232 5233 -1 5158 5233 5160 -1 5160 5153 5155 -1 5153 5160 5217 -1 5217 5160 5239 -1 5239 5160 5238 -1 5238 5160 5233 -1 5238 5233 5231 -1 5238 5231 5237 -1 5237 5231 5236 -1 5236 5231 5220 -1 5236 5220 5210 -1 5210 5220 5219 -1 5210 5219 5224 -1 5224 5219 5203 -1 5203 5219 5201 -1 5230 5229 5211 -1 5229 5230 5214 -1 5214 5230 5197 -1 5214 5197 5215 -1 5215 5197 5194 -1 5215 5194 5235 -1 5235 5194 5193 -1 5235 5193 5196 -1 5236 5222 5234 -1 5222 5236 5211 -1 5211 5236 5210 -1 5222 5211 5229 -1 5234 5222 5205 -1 5234 5205 5207 -1 5234 5207 5221 -1 5235 5179 5218 -1 5179 5235 5180 -1 5180 5235 5196 -1 5162 5239 5163 -1 5239 5162 5217 -1 5163 5238 5164 -1 5238 5163 5239 -1 5240 5241 5242 -1 5241 5240 5243 -1 5244 5245 5246 -1 5245 5244 5247 -1 5248 5249 5250 -1 5249 5248 5251 -1 5247 5252 5245 -1 5252 5247 5253 -1 5252 5253 5254 -1 5254 5253 5242 -1 5254 5242 5255 -1 5255 5242 5241 -1 5255 5241 5249 -1 5249 5241 5256 -1 5249 5256 5250 -1 5250 5256 5257 -1 5250 5257 5258 -1 5258 5257 5259 -1 5260 5250 5258 -1 5250 5260 5248 -1 5246 5252 5261 -1 5252 5246 5245 -1 5262 5254 5255 -1 5254 5262 5263 -1 5264 5242 5253 -1 5242 5264 5240 -1 5251 5255 5249 -1 5255 5251 5262 -1 5261 5244 5246 -1 5244 5261 5263 -1 5244 5263 5264 -1 5264 5263 5240 -1 5240 5263 5262 -1 5240 5262 5251 -1 5240 5251 5243 -1 5243 5251 5248 -1 5243 5248 5265 -1 5265 5248 5266 -1 5266 5248 5260 -1 5266 5260 5267 -1 5257 5267 5259 -1 5267 5257 5266 -1 5265 5257 5256 -1 5257 5265 5266 -1 5259 5260 5258 -1 5260 5259 5267 -1 5243 5256 5241 -1 5256 5243 5265 -1 5244 5253 5247 -1 5253 5244 5264 -1 5263 5252 5254 -1 5252 5263 5261 -1 5268 5269 5270 -1 5269 5268 5271 -1 5272 5273 5274 -1 5273 5272 5275 -1 5276 5277 5278 -1 5277 5276 5279 -1 5280 5279 5268 -1 5279 5280 5281 -1 5277 5282 5283 -1 5282 5277 5284 -1 5285 5286 5287 -1 5286 5285 5288 -1 5288 5285 5289 -1 5288 5289 5269 -1 5288 5269 5271 -1 5288 5271 5278 -1 5278 5271 5276 -1 5290 5291 5292 -1 5291 5290 5293 -1 5293 5290 5294 -1 5295 5293 5294 -1 5293 5280 5296 -1 5280 5293 5281 -1 5282 5295 5297 -1 5295 5282 5284 -1 5298 5299 5300 -1 5299 5298 5301 -1 5301 5298 5296 -1 5301 5296 5302 -1 5303 5304 5302 -1 5304 5303 5274 -1 5274 5303 5272 -1 5272 5303 5305 -1 5306 5285 5307 -1 5285 5306 5289 -1 5289 5306 5270 -1 5289 5270 5269 -1 5280 5302 5296 -1 5302 5280 5303 -1 5307 5287 5308 -1 5287 5307 5285 -1 5309 5310 5273 -1 5310 5309 5311 -1 5311 5309 5312 -1 5286 5283 5313 -1 5283 5286 5288 -1 5305 5307 5272 -1 5307 5305 5306 -1 5306 5305 5303 -1 5306 5303 5270 -1 5313 5282 5314 -1 5282 5313 5283 -1 5278 5283 5288 -1 5283 5278 5277 -1 5280 5270 5303 -1 5270 5280 5268 -1 5315 5290 5316 -1 5290 5315 5294 -1 5294 5315 5297 -1 5294 5297 5295 -1 5273 5317 5274 -1 5317 5310 5318 -1 5310 5317 5273 -1 5312 5316 5311 -1 5316 5312 5315 -1 5315 5312 5309 -1 5315 5309 5297 -1 5301 5319 5299 -1 5319 5301 5318 -1 5318 5301 5317 -1 5317 5301 5302 -1 5317 5302 5274 -1 5274 5302 5304 -1 5292 5298 5300 -1 5298 5292 5296 -1 5296 5292 5293 -1 5293 5292 5291 -1 5295 5281 5293 -1 5281 5295 5284 -1 5314 5297 5309 -1 5297 5314 5282 -1 5268 5276 5271 -1 5276 5268 5279 -1 5287 5313 5308 -1 5313 5287 5286 -1 5275 5309 5273 -1 5309 5275 5314 -1 5272 5308 5275 -1 5308 5272 5307 -1 5279 5284 5277 -1 5284 5279 5281 -1 5308 5314 5275 -1 5314 5308 5313 -1 5311 5318 5310 -1 5318 5311 5316 -1 5318 5316 5319 -1 5319 5316 5299 -1 5299 5316 5290 -1 5299 5290 5300 -1 5300 5290 5292 -1 5320 5321 5322 -1 5321 5320 5323 -1 5324 5325 5326 -1 5325 5324 5327 -1 5328 5320 5329 -1 5320 5328 5323 -1 5323 5328 5330 -1 5327 5331 5325 -1 5331 5327 5332 -1 5333 5326 5334 -1 5326 5333 5324 -1 5335 5336 5337 -1 5336 5335 5338 -1 5333 5339 5330 -1 5339 5333 5336 -1 5339 5336 5338 -1 5330 5340 5323 -1 5340 5330 5339 -1 5323 5340 5321 -1 5321 5341 5322 -1 5341 5321 5340 -1 5341 5339 5342 -1 5339 5341 5340 -1 5343 5331 5344 -1 5331 5343 5325 -1 5343 5345 5346 -1 5345 5343 5347 -1 5345 5347 5348 -1 5345 5348 5349 -1 5346 5325 5343 -1 5325 5346 5326 -1 5339 5335 5342 -1 5335 5339 5338 -1 5346 5328 5329 -1 5328 5346 5345 -1 5328 5345 5349 -1 5328 5349 5330 -1 5324 5348 5327 -1 5348 5324 5349 -1 5333 5349 5324 -1 5349 5333 5330 -1 5344 5347 5343 -1 5347 5344 5350 -1 5347 5350 5348 -1 5329 5341 5334 -1 5341 5329 5320 -1 5341 5320 5322 -1 5334 5342 5337 -1 5342 5334 5341 -1 5337 5342 5335 -1 5350 5331 5332 -1 5331 5350 5344 -1 5329 5326 5346 -1 5326 5329 5334 -1 5336 5334 5337 -1 5334 5336 5333 -1 5327 5350 5332 -1 5350 5327 5348 -1 5351 5352 5353 -1 5352 5351 5354 -1 5354 5351 5355 -1 5355 5351 5356 -1 5353 5357 5358 -1 5357 5353 5352 -1 5359 5360 5361 -1 5360 5356 5351 -1 5356 5360 5359 -1 5361 5362 5363 -1 5362 5351 5364 -1 5351 5362 5361 -1 5351 5361 5360 -1 5361 5365 5366 -1 5365 5361 5363 -1 5363 5367 5368 -1 5367 5364 5369 -1 5364 5367 5363 -1 5364 5363 5362 -1 5359 5370 5371 -1 5372 5366 5373 -1 5366 5372 5374 -1 5366 5374 5361 -1 5361 5374 5370 -1 5361 5370 5359 -1 5363 5375 5365 -1 5375 5363 5368 -1 5358 5366 5353 -1 5366 5358 5373 -1 5368 5376 5377 -1 5376 5368 5369 -1 5369 5368 5367 -1 5378 5351 5353 -1 5351 5378 5364 -1 5379 5364 5378 -1 5364 5379 5369 -1 5380 5369 5379 -1 5369 5380 5376 -1 5353 5365 5378 -1 5365 5353 5366 -1 5378 5375 5379 -1 5375 5378 5365 -1 5379 5381 5380 -1 5381 5379 5375 -1 5368 5381 5375 -1 5381 5368 5377 -1 5376 5381 5377 -1 5381 5376 5380 -1 5352 5370 5374 -1 5370 5352 5354 -1 5372 5352 5374 -1 5352 5372 5357 -1 5355 5370 5354 -1 5370 5355 5371 -1 5358 5372 5373 -1 5372 5358 5357 -1 5355 5359 5371 -1 5359 5355 5356 -1 5382 5383 5384 -1 5383 5382 5385 -1 5383 5385 5386 -1 5383 5386 5387 -1 5383 5387 5388 -1 5383 5388 5389 -1 5383 5389 5390 -1 5383 5390 5391 -1 5385 5392 5393 -1 5392 5385 5382 -1 5394 5386 5395 -1 5386 5394 5387 -1 5396 5391 5390 -1 5391 5396 5397 -1 5397 5383 5391 -1 5383 5397 5398 -1 5399 5387 5394 -1 5387 5399 5388 -1 5386 5393 5395 -1 5393 5386 5385 -1 5384 5392 5382 -1 5392 5384 5400 -1 5401 5388 5399 -1 5388 5401 5389 -1 5390 5401 5396 -1 5401 5390 5389 -1 5400 5383 5398 -1 5383 5400 5384 -1 5398 5392 5400 -1 5392 5398 5393 -1 5393 5398 5395 -1 5395 5398 5394 -1 5394 5398 5399 -1 5399 5398 5401 -1 5401 5398 5396 -1 5396 5398 5397 -1 5402 5403 5404 -1 5403 5402 5405 -1 5406 5407 5408 -1 5407 5406 5409 -1 5410 5402 5411 -1 5402 5410 5405 -1 5405 5410 5412 -1 5409 5413 5407 -1 5413 5409 5414 -1 5415 5408 5416 -1 5408 5415 5406 -1 5417 5418 5419 -1 5418 5417 5420 -1 5415 5421 5412 -1 5421 5415 5418 -1 5421 5418 5420 -1 5412 5422 5405 -1 5422 5412 5421 -1 5405 5422 5403 -1 5403 5423 5404 -1 5423 5403 5422 -1 5423 5421 5424 -1 5421 5423 5422 -1 5425 5413 5426 -1 5413 5425 5407 -1 5425 5427 5428 -1 5427 5425 5429 -1 5427 5429 5430 -1 5427 5430 5431 -1 5428 5407 5425 -1 5407 5428 5408 -1 5421 5417 5424 -1 5417 5421 5420 -1 5428 5410 5411 -1 5410 5428 5427 -1 5410 5427 5431 -1 5410 5431 5412 -1 5406 5430 5409 -1 5430 5406 5431 -1 5415 5431 5406 -1 5431 5415 5412 -1 5426 5429 5425 -1 5429 5426 5432 -1 5429 5432 5430 -1 5411 5423 5416 -1 5423 5411 5402 -1 5423 5402 5404 -1 5416 5424 5419 -1 5424 5416 5423 -1 5419 5424 5417 -1 5432 5413 5414 -1 5413 5432 5426 -1 5411 5408 5428 -1 5408 5411 5416 -1 5418 5416 5419 -1 5416 5418 5415 -1 5409 5432 5414 -1 5432 5409 5430 -1 5433 5434 5435 -1 5434 5433 5436 -1 5436 5433 5437 -1 5437 5433 5438 -1 5435 5439 5440 -1 5439 5435 5434 -1 5441 5442 5443 -1 5442 5438 5433 -1 5438 5442 5441 -1 5443 5444 5445 -1 5444 5433 5446 -1 5433 5444 5443 -1 5433 5443 5442 -1 5443 5447 5448 -1 5447 5443 5445 -1 5445 5449 5450 -1 5449 5446 5451 -1 5446 5449 5445 -1 5446 5445 5444 -1 5441 5452 5453 -1 5454 5448 5455 -1 5448 5454 5456 -1 5448 5456 5443 -1 5443 5456 5452 -1 5443 5452 5441 -1 5445 5457 5447 -1 5457 5445 5450 -1 5440 5448 5435 -1 5448 5440 5455 -1 5450 5458 5459 -1 5458 5450 5451 -1 5451 5450 5449 -1 5460 5433 5435 -1 5433 5460 5446 -1 5461 5446 5460 -1 5446 5461 5451 -1 5462 5451 5461 -1 5451 5462 5458 -1 5435 5447 5460 -1 5447 5435 5448 -1 5460 5457 5461 -1 5457 5460 5447 -1 5461 5463 5462 -1 5463 5461 5457 -1 5450 5463 5457 -1 5463 5450 5459 -1 5458 5463 5459 -1 5463 5458 5462 -1 5434 5452 5456 -1 5452 5434 5436 -1 5454 5434 5456 -1 5434 5454 5439 -1 5437 5452 5436 -1 5452 5437 5453 -1 5440 5454 5455 -1 5454 5440 5439 -1 5437 5441 5453 -1 5441 5437 5438 -1 5464 5465 5466 -1 5466 5467 5464 -1 5467 5468 5464 -1 5468 5469 5464 -1 5468 5470 5469 -1 5465 5471 5472 -1 5472 5473 5465 -1 5472 5474 5473 -1 5472 5475 5474 -1 5473 5466 5465 -1 5475 5476 5474 -1 5476 5477 5474 -1 5476 5478 5477 -1 5476 5479 5478 -1 5475 5480 5476 -1 5480 5481 5476 -1 5480 5482 5481 -1 5480 5483 5482 -1 5475 5484 5480 -1 5475 5485 5484 -1 5475 5486 5485 -1 5475 5487 5486 -1 5475 5488 5489 -1 5489 5490 5475 -1 5490 5487 5475 -1 5489 5488 5491 -1 5491 5492 5489 -1 5485 5486 5493 -1 5493 5494 5485 -1 5495 5484 5485 -1 5485 5494 5495 -1 5496 5480 5484 -1 5484 5495 5496 -1 5483 5480 5496 -1 5496 5497 5483 -1 5482 5483 5497 -1 5497 5498 5482 -1 5499 5481 5482 -1 5482 5498 5499 -1 5500 5476 5481 -1 5481 5499 5500 -1 5479 5476 5500 -1 5500 5501 5479 -1 5478 5479 5501 -1 5501 5502 5478 -1 5503 5477 5478 -1 5478 5502 5503 -1 5504 5474 5477 -1 5477 5503 5504 -1 5473 5474 5504 -1 5504 5505 5473 -1 5466 5473 5505 -1 5505 5506 5466 -1 5507 5467 5466 -1 5466 5506 5507 -1 5508 5468 5467 -1 5467 5507 5508 -1 5470 5468 5508 -1 5508 5509 5470 -1 5469 5470 5509 -1 5509 5510 5469 -1 5464 5469 5510 -1 5510 5511 5464 -1 5512 5465 5464 -1 5464 5511 5512 -1 5513 5471 5465 -1 5465 5512 5513 -1 5513 5492 5491 -1 5491 5472 5513 -1 5472 5471 5513 -1 5486 5487 5490 -1 5490 5493 5486 -1 5492 5513 5505 -1 5505 5504 5492 -1 5504 5489 5492 -1 5513 5512 5505 -1 5504 5500 5489 -1 5504 5503 5500 -1 5503 5502 5500 -1 5500 5496 5489 -1 5500 5499 5496 -1 5499 5498 5496 -1 5496 5495 5489 -1 5495 5494 5489 -1 5494 5493 5489 -1 5493 5490 5489 -1 5497 5496 5498 -1 5501 5500 5502 -1 5512 5511 5506 -1 5506 5505 5512 -1 5511 5507 5506 -1 5511 5508 5507 -1 5511 5510 5508 -1 5510 5509 5508 -1 5472 5491 5488 -1 5488 5475 5472 -1 5514 5515 5516 -1 5516 5517 5514 -1 5518 5519 5520 -1 5520 5521 5518 -1 5522 5523 5524 -1 5524 5525 5522 -1 5524 5526 5525 -1 5526 5527 5525 -1 5517 5528 5525 -1 5525 5527 5517 -1 5527 5529 5517 -1 5529 5514 5517 -1 5529 5530 5514 -1 5530 5531 5514 -1 5531 5532 5514 -1 5531 5533 5532 -1 5533 5531 5534 -1 5534 5535 5533 -1 5536 5537 5538 -1 5538 5539 5536 -1 5540 5541 5542 -1 5542 5543 5540 -1 5544 5545 5535 -1 5535 5534 5544 -1 5546 5547 5548 -1 5548 5549 5546 -1 5550 5551 5552 -1 5552 5553 5550 -1 5540 5554 5555 -1 5555 5541 5540 -1 5555 5556 5541 -1 5555 5557 5556 -1 5542 5558 5559 -1 5559 5543 5542 -1 5560 5561 5562 -1 5562 5563 5560 -1 5546 5560 5563 -1 5563 5547 5546 -1 5561 5564 5565 -1 5565 5562 5561 -1 5564 5566 5567 -1 5567 5565 5564 -1 5553 5552 5568 -1 5568 5569 5553 -1 5570 5571 5572 -1 5572 5573 5570 -1 5557 5548 5574 -1 5574 5575 5557 -1 5575 5576 5557 -1 5576 5556 5557 -1 5565 5567 5515 -1 5515 5577 5565 -1 5515 5578 5577 -1 5515 5579 5578 -1 5515 5514 5579 -1 5577 5562 5565 -1 5577 5563 5562 -1 5577 5580 5563 -1 5580 5547 5563 -1 5580 5548 5547 -1 5580 5574 5548 -1 5514 5581 5579 -1 5514 5582 5581 -1 5514 5583 5582 -1 5514 5532 5583 -1 5572 5551 5550 -1 5550 5573 5572 -1 5528 5584 5585 -1 5585 5525 5528 -1 5585 5584 5571 -1 5571 5570 5585 -1 5558 5545 5544 -1 5544 5559 5558 -1 5549 5548 5557 -1 5557 5555 5549 -1 5536 5539 5586 -1 5586 5587 5536 -1 5587 5588 5536 -1 5588 5589 5536 -1 5590 5519 5518 -1 5518 5591 5590 -1 5591 5592 5590 -1 5591 5593 5592 -1 5591 5594 5593 -1 5591 5527 5594 -1 5592 5595 5590 -1 5592 5596 5595 -1 5596 5597 5595 -1 5596 5539 5597 -1 5596 5586 5539 -1 5527 5598 5594 -1 5527 5599 5598 -1 5527 5600 5599 -1 5527 5526 5600 -1 5561 5566 5564 -1 5601 5566 5602 -1 5602 5529 5601 -1 5566 5603 5602 -1 5566 5604 5603 -1 5566 5561 5604 -1 5561 5560 5604 -1 5560 5605 5604 -1 5560 5546 5605 -1 5546 5549 5605 -1 5602 5606 5529 -1 5606 5607 5529 -1 5607 5608 5529 -1 5608 5530 5529 -1 5549 5555 5609 -1 5609 5605 5549 -1 5555 5610 5609 -1 5555 5611 5610 -1 5555 5554 5611 -1 5612 5613 5602 -1 5602 5603 5612 -1 5614 5612 5603 -1 5603 5604 5614 -1 5614 5604 5605 -1 5605 5615 5614 -1 5615 5605 5609 -1 5609 5616 5615 -1 5616 5609 5610 -1 5610 5617 5616 -1 5618 5617 5610 -1 5610 5611 5618 -1 5540 5618 5611 -1 5611 5554 5540 -1 5614 5615 5616 -1 5616 5617 5614 -1 5617 5612 5614 -1 5617 5618 5612 -1 5618 5613 5612 -1 5618 5540 5613 -1 5540 5619 5613 -1 5540 5543 5619 -1 5543 5620 5619 -1 5543 5559 5620 -1 5559 5621 5620 -1 5559 5544 5621 -1 5544 5531 5621 -1 5544 5534 5531 -1 5608 5621 5531 -1 5531 5530 5608 -1 5527 5591 5601 -1 5601 5529 5527 -1 5620 5621 5608 -1 5608 5607 5620 -1 5602 5613 5619 -1 5619 5606 5602 -1 5593 5622 5623 -1 5623 5592 5593 -1 5623 5624 5596 -1 5596 5592 5623 -1 5619 5620 5607 -1 5607 5606 5619 -1 5625 5626 5624 -1 5624 5623 5625 -1 5623 5627 5625 -1 5623 5622 5627 -1 5622 5628 5627 -1 5622 5629 5628 -1 5629 5630 5628 -1 5629 5631 5630 -1 5631 5632 5630 -1 5631 5633 5632 -1 5633 5634 5632 -1 5633 5635 5634 -1 5635 5523 5634 -1 5635 5524 5523 -1 5524 5635 5600 -1 5600 5526 5524 -1 5600 5635 5633 -1 5633 5599 5600 -1 5599 5633 5631 -1 5631 5598 5599 -1 5594 5629 5622 -1 5622 5593 5594 -1 5631 5629 5594 -1 5594 5598 5631 -1 5624 5626 5586 -1 5586 5596 5624 -1 5626 5625 5587 -1 5587 5586 5626 -1 5587 5625 5627 -1 5627 5588 5587 -1 5588 5627 5628 -1 5628 5589 5588 -1 5636 5637 5638 -1 5638 5639 5636 -1 5640 5641 5637 -1 5637 5636 5640 -1 5642 5641 5640 -1 5640 5643 5642 -1 5569 5644 5643 -1 5643 5640 5569 -1 5640 5553 5569 -1 5640 5636 5553 -1 5636 5550 5553 -1 5636 5639 5550 -1 5639 5573 5550 -1 5639 5645 5573 -1 5645 5570 5573 -1 5645 5646 5570 -1 5646 5585 5570 -1 5646 5647 5585 -1 5647 5525 5585 -1 5647 5522 5525 -1 5568 5648 5644 -1 5644 5569 5568 -1 5648 5642 5643 -1 5643 5644 5648 -1 5518 5521 5516 -1 5516 5591 5518 -1 5516 5515 5591 -1 5515 5601 5591 -1 5515 5566 5601 -1 5515 5567 5566 -1 5538 5649 5597 -1 5597 5539 5538 -1 5576 5575 5650 -1 5650 5651 5576 -1 5595 5597 5649 -1 5649 5652 5595 -1 5638 5537 5628 -1 5628 5639 5638 -1 5537 5536 5589 -1 5589 5628 5537 -1 5634 5647 5646 -1 5646 5632 5634 -1 5516 5521 5551 -1 5551 5517 5516 -1 5521 5552 5551 -1 5521 5568 5552 -1 5521 5520 5568 -1 5520 5653 5568 -1 5653 5652 5568 -1 5652 5648 5568 -1 5652 5649 5648 -1 5649 5538 5648 -1 5551 5572 5517 -1 5572 5571 5517 -1 5571 5584 5517 -1 5584 5528 5517 -1 5538 5537 5642 -1 5642 5648 5538 -1 5537 5641 5642 -1 5537 5637 5641 -1 5537 5638 5637 -1 5519 5590 5653 -1 5653 5520 5519 -1 5645 5639 5628 -1 5628 5630 5645 -1 5522 5647 5634 -1 5634 5523 5522 -1 5632 5646 5645 -1 5645 5630 5632 -1 5590 5595 5652 -1 5652 5653 5590 -1 5650 5654 5655 -1 5655 5656 5650 -1 5656 5651 5650 -1 5656 5657 5651 -1 5657 5541 5651 -1 5657 5658 5541 -1 5658 5542 5541 -1 5658 5659 5542 -1 5659 5558 5542 -1 5659 5660 5558 -1 5660 5545 5558 -1 5660 5661 5545 -1 5661 5535 5545 -1 5661 5533 5535 -1 5658 5579 5581 -1 5581 5659 5658 -1 5556 5576 5651 -1 5651 5541 5556 -1 5661 5583 5532 -1 5532 5533 5661 -1 5582 5583 5661 -1 5661 5660 5582 -1 5577 5578 5657 -1 5657 5656 5577 -1 5578 5579 5658 -1 5658 5657 5578 -1 5574 5654 5650 -1 5650 5575 5574 -1 5580 5655 5654 -1 5654 5574 5580 -1 5581 5582 5660 -1 5660 5659 5581 -1 5577 5656 5655 -1 5655 5580 5577 -1 5662 5663 5664 -1 5663 5662 5665 -1 5666 5662 5667 -1 5662 5666 5668 -1 5662 5668 5665 -1 5665 5668 5669 -1 5669 5668 5670 -1 5670 5668 5671 -1 5672 5667 5662 -1 5673 5662 5664 -1 5662 5673 5672 -1 5667 5673 5674 -1 5673 5667 5672 -1 5675 5676 5677 -1 5676 5675 5671 -1 5677 5678 5679 -1 5678 5677 5676 -1 5680 5681 5682 -1 5681 5680 5683 -1 5681 5683 5678 -1 5681 5678 5676 -1 5680 5684 5685 -1 5684 5680 5686 -1 5682 5686 5680 -1 5686 5682 5687 -1 5682 5668 5666 -1 5668 5682 5681 -1 5668 5681 5676 -1 5668 5676 5671 -1 5679 5684 5686 -1 5684 5679 5688 -1 5689 5663 5690 -1 5663 5689 5675 -1 5673 5691 5674 -1 5691 5673 5664 -1 5691 5664 5675 -1 5675 5664 5663 -1 5669 5689 5690 -1 5689 5669 5670 -1 5677 5686 5687 -1 5686 5677 5679 -1 5679 5692 5688 -1 5692 5679 5678 -1 5666 5687 5682 -1 5687 5666 5691 -1 5692 5684 5688 -1 5684 5692 5685 -1 5675 5687 5691 -1 5687 5675 5677 -1 5667 5691 5666 -1 5691 5667 5674 -1 5689 5671 5675 -1 5671 5689 5670 -1 5685 5683 5680 -1 5683 5685 5692 -1 5683 5692 5678 -1 5669 5663 5665 -1 5663 5669 5690 -1 5693 5694 5695 -1 5694 5693 5696 -1 5697 5693 5698 -1 5693 5697 5699 -1 5693 5699 5696 -1 5696 5699 5700 -1 5700 5699 5701 -1 5701 5699 5702 -1 5703 5698 5693 -1 5704 5693 5695 -1 5693 5704 5703 -1 5698 5704 5705 -1 5704 5698 5703 -1 5706 5707 5708 -1 5707 5706 5702 -1 5708 5709 5710 -1 5709 5708 5707 -1 5711 5712 5713 -1 5712 5711 5714 -1 5712 5714 5709 -1 5712 5709 5707 -1 5711 5715 5716 -1 5715 5711 5717 -1 5713 5717 5711 -1 5717 5713 5718 -1 5713 5699 5697 -1 5699 5713 5712 -1 5699 5712 5707 -1 5699 5707 5702 -1 5710 5715 5717 -1 5715 5710 5719 -1 5720 5694 5721 -1 5694 5720 5706 -1 5704 5722 5705 -1 5722 5704 5695 -1 5722 5695 5706 -1 5706 5695 5694 -1 5700 5720 5721 -1 5720 5700 5701 -1 5708 5717 5718 -1 5717 5708 5710 -1 5710 5723 5719 -1 5723 5710 5709 -1 5697 5718 5713 -1 5718 5697 5722 -1 5723 5715 5719 -1 5715 5723 5716 -1 5706 5718 5722 -1 5718 5706 5708 -1 5698 5722 5697 -1 5722 5698 5705 -1 5720 5702 5706 -1 5702 5720 5701 -1 5716 5714 5711 -1 5714 5716 5723 -1 5714 5723 5709 -1 5700 5694 5696 -1 5694 5700 5721 -1 5724 5725 5726 -1 5725 5724 5727 -1 5728 5729 5730 -1 5729 5728 5731 -1 5724 5728 5727 -1 5728 5724 5731 -1 5730 5732 5733 -1 5732 5730 5729 -1 5734 5735 5736 -1 5735 5734 5737 -1 5738 5725 5739 -1 5725 5738 5726 -1 5740 5741 5742 -1 5741 5740 5743 -1 5733 5728 5730 -1 5725 5734 5739 -1 5734 5725 5727 -1 5734 5727 5737 -1 5737 5727 5728 -1 5737 5728 5733 -1 5744 5745 5746 -1 5745 5744 5747 -1 5746 5748 5749 -1 5748 5746 5745 -1 5750 5751 5752 -1 5751 5750 5753 -1 5751 5753 5745 -1 5745 5753 5748 -1 5750 5754 5755 -1 5754 5750 5756 -1 5752 5756 5750 -1 5756 5752 5757 -1 5752 5758 5759 -1 5758 5752 5751 -1 5758 5751 5745 -1 5758 5745 5747 -1 5749 5754 5756 -1 5754 5749 5760 -1 5735 5761 5736 -1 5761 5735 5744 -1 5742 5724 5738 -1 5724 5742 5741 -1 5724 5741 5731 -1 5731 5741 5729 -1 5729 5741 5732 -1 5726 5738 5724 -1 5746 5756 5757 -1 5756 5746 5749 -1 5749 5762 5760 -1 5762 5749 5748 -1 5759 5757 5752 -1 5757 5759 5761 -1 5762 5754 5760 -1 5754 5762 5755 -1 5744 5757 5761 -1 5757 5744 5746 -1 5759 5738 5761 -1 5738 5759 5740 -1 5738 5740 5742 -1 5761 5739 5736 -1 5739 5761 5738 -1 5736 5739 5734 -1 5758 5740 5759 -1 5740 5758 5743 -1 5743 5758 5747 -1 5744 5733 5747 -1 5733 5744 5735 -1 5733 5735 5737 -1 5747 5732 5743 -1 5732 5747 5733 -1 5743 5732 5741 -1 5755 5753 5750 -1 5753 5755 5762 -1 5753 5762 5748 -1 5763 5764 5765 -1 5764 5763 5766 -1 5767 5768 5769 -1 5768 5767 5770 -1 5771 5772 5773 -1 5772 5771 5774 -1 5775 5774 5763 -1 5774 5775 5776 -1 5777 5778 5779 -1 5778 5777 5772 -1 5780 5781 5782 -1 5781 5780 5783 -1 5783 5780 5784 -1 5783 5784 5764 -1 5783 5764 5766 -1 5783 5766 5773 -1 5773 5766 5771 -1 5785 5786 5787 -1 5786 5785 5788 -1 5788 5785 5789 -1 5789 5785 5790 -1 5788 5775 5791 -1 5775 5788 5776 -1 5779 5789 5792 -1 5789 5779 5778 -1 5793 5794 5795 -1 5794 5793 5796 -1 5796 5793 5791 -1 5796 5791 5797 -1 5798 5799 5797 -1 5799 5798 5769 -1 5769 5798 5767 -1 5767 5798 5800 -1 5801 5780 5802 -1 5780 5801 5784 -1 5784 5801 5765 -1 5784 5765 5764 -1 5775 5797 5791 -1 5797 5775 5798 -1 5802 5782 5803 -1 5782 5802 5780 -1 5804 5805 5768 -1 5805 5804 5806 -1 5806 5804 5807 -1 5781 5777 5808 -1 5777 5781 5783 -1 5800 5802 5767 -1 5802 5800 5801 -1 5801 5800 5798 -1 5801 5798 5765 -1 5808 5779 5809 -1 5779 5808 5777 -1 5773 5777 5783 -1 5777 5773 5772 -1 5775 5765 5798 -1 5765 5775 5763 -1 5810 5785 5811 -1 5785 5810 5790 -1 5790 5810 5792 -1 5790 5792 5789 -1 5768 5812 5769 -1 5812 5768 5813 -1 5813 5768 5805 -1 5807 5811 5806 -1 5811 5807 5810 -1 5810 5807 5804 -1 5810 5804 5792 -1 5796 5814 5794 -1 5814 5796 5813 -1 5813 5796 5812 -1 5812 5796 5797 -1 5812 5797 5769 -1 5769 5797 5799 -1 5787 5793 5795 -1 5793 5787 5791 -1 5791 5787 5788 -1 5788 5787 5786 -1 5788 5778 5776 -1 5778 5788 5789 -1 5809 5792 5804 -1 5792 5809 5779 -1 5763 5771 5766 -1 5771 5763 5774 -1 5782 5808 5803 -1 5808 5782 5781 -1 5809 5768 5770 -1 5768 5809 5804 -1 5767 5803 5770 -1 5803 5767 5802 -1 5774 5778 5772 -1 5778 5774 5776 -1 5803 5809 5770 -1 5809 5803 5808 -1 5806 5813 5805 -1 5813 5806 5814 -1 5814 5806 5811 -1 5814 5811 5794 -1 5794 5811 5785 -1 5794 5785 5795 -1 5795 5785 5787 -1 5815 5816 5817 -1 5817 5818 5815 -1 5818 5819 5815 -1 5819 5820 5815 -1 5819 5821 5820 -1 5816 5822 5823 -1 5823 5824 5816 -1 5823 5825 5824 -1 5823 5826 5825 -1 5824 5817 5816 -1 5826 5827 5825 -1 5827 5828 5825 -1 5827 5829 5828 -1 5827 5830 5829 -1 5826 5831 5827 -1 5831 5832 5827 -1 5831 5833 5832 -1 5831 5834 5833 -1 5826 5835 5831 -1 5826 5836 5835 -1 5826 5837 5836 -1 5826 5838 5837 -1 5826 5839 5840 -1 5840 5841 5826 -1 5841 5838 5826 -1 5840 5839 5842 -1 5842 5843 5840 -1 5836 5837 5844 -1 5844 5845 5836 -1 5846 5835 5836 -1 5836 5845 5846 -1 5847 5831 5835 -1 5835 5846 5847 -1 5834 5831 5847 -1 5847 5848 5834 -1 5833 5834 5848 -1 5848 5849 5833 -1 5850 5832 5833 -1 5833 5849 5850 -1 5851 5827 5832 -1 5832 5850 5851 -1 5830 5827 5851 -1 5851 5852 5830 -1 5829 5830 5852 -1 5852 5853 5829 -1 5854 5828 5829 -1 5829 5853 5854 -1 5855 5825 5828 -1 5828 5854 5855 -1 5824 5825 5855 -1 5855 5856 5824 -1 5817 5824 5856 -1 5856 5857 5817 -1 5858 5818 5817 -1 5817 5857 5858 -1 5859 5819 5818 -1 5818 5858 5859 -1 5821 5819 5859 -1 5859 5860 5821 -1 5820 5821 5860 -1 5860 5861 5820 -1 5815 5820 5861 -1 5861 5862 5815 -1 5863 5816 5815 -1 5815 5862 5863 -1 5864 5822 5816 -1 5816 5863 5864 -1 5864 5843 5842 -1 5842 5823 5864 -1 5823 5822 5864 -1 5837 5838 5841 -1 5841 5844 5837 -1 5843 5864 5856 -1 5856 5855 5843 -1 5855 5840 5843 -1 5864 5863 5856 -1 5855 5851 5840 -1 5855 5854 5851 -1 5854 5853 5851 -1 5851 5847 5840 -1 5851 5850 5847 -1 5850 5849 5847 -1 5847 5846 5840 -1 5846 5845 5840 -1 5845 5844 5840 -1 5844 5841 5840 -1 5848 5847 5849 -1 5852 5851 5853 -1 5863 5862 5857 -1 5857 5856 5863 -1 5862 5858 5857 -1 5862 5859 5858 -1 5862 5861 5859 -1 5861 5860 5859 -1 5823 5842 5839 -1 5839 5826 5823 -1 5865 5866 5867 -1 5866 5865 5868 -1 5868 5865 5869 -1 5869 5865 5870 -1 5869 5870 5871 -1 5867 5872 5873 -1 5872 5867 5874 -1 5872 5874 5875 -1 5872 5875 5876 -1 5874 5867 5866 -1 5876 5875 5877 -1 5877 5875 5878 -1 5877 5878 5879 -1 5877 5879 5880 -1 5876 5877 5881 -1 5881 5877 5882 -1 5881 5882 5883 -1 5881 5883 5884 -1 5876 5881 5885 -1 5876 5885 5886 -1 5876 5886 5887 -1 5876 5887 5888 -1 5876 5889 5890 -1 5889 5876 5891 -1 5891 5876 5888 -1 5889 5892 5890 -1 5892 5889 5893 -1 5886 5894 5887 -1 5894 5886 5895 -1 5896 5886 5885 -1 5886 5896 5895 -1 5897 5885 5881 -1 5885 5897 5896 -1 5884 5897 5881 -1 5897 5884 5898 -1 5883 5898 5884 -1 5898 5883 5899 -1 5900 5883 5882 -1 5883 5900 5899 -1 5901 5882 5877 -1 5882 5901 5900 -1 5880 5901 5877 -1 5901 5880 5902 -1 5879 5902 5880 -1 5902 5879 5903 -1 5904 5879 5878 -1 5879 5904 5903 -1 5905 5878 5875 -1 5878 5905 5904 -1 5874 5905 5875 -1 5905 5874 5906 -1 5866 5906 5874 -1 5906 5866 5907 -1 5908 5866 5868 -1 5866 5908 5907 -1 5909 5868 5869 -1 5868 5909 5908 -1 5871 5909 5869 -1 5909 5871 5910 -1 5870 5910 5871 -1 5910 5870 5911 -1 5865 5911 5870 -1 5911 5865 5912 -1 5913 5865 5867 -1 5865 5913 5912 -1 5914 5867 5873 -1 5867 5914 5913 -1 5914 5892 5893 -1 5892 5914 5872 -1 5872 5914 5873 -1 5887 5891 5888 -1 5891 5887 5894 -1 5893 5906 5914 -1 5906 5893 5905 -1 5905 5893 5889 -1 5914 5906 5913 -1 5905 5889 5901 -1 5905 5901 5904 -1 5904 5901 5903 -1 5901 5889 5897 -1 5901 5897 5900 -1 5900 5897 5899 -1 5897 5889 5896 -1 5896 5889 5895 -1 5895 5889 5894 -1 5894 5889 5891 -1 5898 5899 5897 -1 5902 5903 5901 -1 5913 5907 5912 -1 5907 5913 5906 -1 5912 5907 5908 -1 5912 5908 5909 -1 5912 5909 5911 -1 5911 5909 5910 -1 5872 5890 5892 -1 5890 5872 5876 -1 5915 5916 5917 -1 5916 5915 5918 -1 5919 5920 5921 -1 5920 5919 5922 -1 5923 5924 5925 -1 5924 5923 5926 -1 5922 5927 5920 -1 5927 5922 5928 -1 5927 5928 5929 -1 5929 5928 5917 -1 5929 5917 5930 -1 5930 5917 5916 -1 5930 5916 5924 -1 5924 5916 5931 -1 5924 5931 5925 -1 5925 5931 5932 -1 5925 5932 5933 -1 5933 5932 5934 -1 5935 5925 5933 -1 5925 5935 5923 -1 5921 5927 5936 -1 5927 5921 5920 -1 5937 5929 5930 -1 5929 5937 5938 -1 5939 5917 5928 -1 5917 5939 5915 -1 5926 5930 5924 -1 5930 5926 5937 -1 5936 5919 5921 -1 5919 5936 5938 -1 5919 5938 5939 -1 5939 5938 5915 -1 5915 5938 5937 -1 5915 5937 5926 -1 5915 5926 5918 -1 5918 5926 5923 -1 5918 5923 5940 -1 5940 5923 5941 -1 5941 5923 5935 -1 5941 5935 5942 -1 5932 5942 5934 -1 5942 5932 5941 -1 5940 5932 5931 -1 5932 5940 5941 -1 5934 5935 5933 -1 5935 5934 5942 -1 5918 5931 5916 -1 5931 5918 5940 -1 5919 5928 5922 -1 5928 5919 5939 -1 5938 5927 5929 -1 5927 5938 5936 -1 5943 5944 5945 -1 5944 5943 5946 -1 5947 5948 5949 -1 5948 5947 5950 -1 5951 5943 5952 -1 5943 5951 5946 -1 5946 5951 5953 -1 5950 5954 5948 -1 5954 5950 5955 -1 5956 5949 5957 -1 5949 5956 5947 -1 5958 5959 5960 -1 5959 5958 5961 -1 5956 5962 5953 -1 5962 5956 5959 -1 5962 5959 5961 -1 5953 5963 5946 -1 5963 5953 5962 -1 5946 5963 5944 -1 5944 5964 5945 -1 5964 5944 5963 -1 5964 5962 5965 -1 5962 5964 5963 -1 5966 5954 5967 -1 5954 5966 5948 -1 5966 5968 5969 -1 5968 5966 5970 -1 5968 5970 5971 -1 5968 5971 5972 -1 5969 5948 5966 -1 5948 5969 5949 -1 5962 5958 5965 -1 5958 5962 5961 -1 5969 5951 5952 -1 5951 5969 5968 -1 5951 5968 5972 -1 5951 5972 5953 -1 5947 5971 5950 -1 5971 5947 5972 -1 5956 5972 5947 -1 5972 5956 5953 -1 5967 5970 5966 -1 5970 5967 5973 -1 5970 5973 5971 -1 5952 5964 5957 -1 5964 5952 5943 -1 5964 5943 5945 -1 5957 5965 5960 -1 5965 5957 5964 -1 5960 5965 5958 -1 5973 5954 5955 -1 5954 5973 5967 -1 5952 5949 5969 -1 5949 5952 5957 -1 5959 5957 5960 -1 5957 5959 5956 -1 5950 5973 5955 -1 5973 5950 5971 -1 5974 5975 5920 -1 5975 5974 5976 -1 5920 5977 5978 -1 5977 5920 5975 -1 5974 5979 5980 -1 5979 5974 5920 -1 5978 5979 5920 -1 5981 5982 5983 -1 5982 5981 5984 -1 5977 5979 5978 -1 5979 5977 5982 -1 5982 5977 5983 -1 5983 5977 5985 -1 5985 5977 5986 -1 5986 5977 5987 -1 5987 5977 5988 -1 5988 5977 5989 -1 5990 5987 5988 -1 5987 5990 5991 -1 5989 5990 5988 -1 5990 5989 5992 -1 5991 5986 5987 -1 5986 5991 5993 -1 5984 5979 5982 -1 5979 5984 5980 -1 5994 5983 5985 -1 5983 5994 5981 -1 5984 5974 5980 -1 5974 5984 5976 -1 5976 5984 5981 -1 5976 5981 5994 -1 5976 5994 5993 -1 5976 5993 5991 -1 5976 5991 5990 -1 5976 5990 5992 -1 5977 5992 5989 -1 5992 5977 5975 -1 5976 5992 5975 -1 5986 5994 5985 -1 5994 5986 5993 -1 5995 5996 5997 -1 5996 5995 5998 -1 5999 6000 6001 -1 6000 5999 6002 -1 6003 6001 6004 -1 6001 6003 5999 -1 5998 6003 6004 -1 6003 5998 5995 -1 6005 6006 6007 -1 6006 6005 6008 -1 6007 6009 6010 -1 6009 6007 6006 -1 6011 6012 6013 -1 6012 6011 6014 -1 6006 6015 6016 -1 6015 6006 6008 -1 6009 6016 6017 -1 6016 6009 6006 -1 6012 6018 6019 -1 6018 6012 6014 -1 6009 6020 6021 -1 6020 6009 6017 -1 6013 6022 6023 -1 6022 6013 6012 -1 6010 6021 6024 -1 6021 6010 6009 -1 6023 6011 6013 -1 6011 6023 6025 -1 6025 6023 6026 -1 6027 6008 6005 -1 6008 6027 6028 -1 6029 6030 6031 -1 6030 6029 6032 -1 6032 6033 6030 -1 6033 6032 6034 -1 6035 6032 6029 -1 6032 6035 6036 -1 6037 6038 6039 -1 6038 6037 6040 -1 6039 6041 6042 -1 6041 6039 6038 -1 6012 6043 6022 -1 6043 6012 6019 -1 6008 6044 6015 -1 6044 6008 6028 -1 6019 6044 6028 -1 6044 6019 6018 -1 6027 6019 6028 -1 6019 6027 6043 -1 6045 6001 6000 -1 6001 6045 6046 -1 6001 6046 6047 -1 6001 6047 6004 -1 6004 5996 5998 -1 5996 6004 6048 -1 6048 6004 6049 -1 6049 6004 6047 -1 6049 6047 6050 -1 6049 6050 6051 -1 6051 6050 6052 -1 6051 6052 6053 -1 6053 6052 6027 -1 6027 6052 6026 -1 6027 6026 6043 -1 6043 6026 6022 -1 6022 6026 6023 -1 6007 6054 6005 -1 6054 6007 6055 -1 6055 6007 6010 -1 6055 6010 6041 -1 6041 6010 6024 -1 6041 6024 6056 -1 6056 6042 6041 -1 6042 6056 6057 -1 6053 6058 6059 -1 6058 6053 6005 -1 6005 6053 6027 -1 6058 6005 6054 -1 6059 6058 6035 -1 6059 6035 6029 -1 6059 6029 6031 -1 6038 6060 6061 -1 6060 6038 6040 -1 6062 6026 6052 -1 6026 6062 6025 -1 6056 6020 6063 -1 6020 6056 6024 -1 6020 6024 6021 -1 6002 6045 6000 -1 6045 6002 6064 -1 6065 6053 6059 -1 6053 6065 6066 -1 6053 6067 6051 -1 6067 6053 6066 -1 6068 5995 5997 -1 5995 6068 6003 -1 6003 6068 6069 -1 6003 6069 5999 -1 5999 6064 6002 -1 6064 5999 6070 -1 6070 5999 6071 -1 6071 5999 6069 -1 6071 6069 6067 -1 6071 6067 6072 -1 6072 6067 6066 -1 6072 6066 6062 -1 6062 6066 6073 -1 6073 6066 6065 -1 6062 6073 6015 -1 6073 6065 6074 -1 6074 6065 6034 -1 6034 6065 6033 -1 6015 6075 6016 -1 6075 6015 6073 -1 6016 6075 6060 -1 6016 6060 6040 -1 6016 6040 6017 -1 6017 6040 6037 -1 6017 6037 6063 -1 6063 6037 6076 -1 6020 6017 6063 -1 6062 6044 6025 -1 6044 6062 6015 -1 6025 6044 6018 -1 6025 6018 6014 -1 6025 6014 6011 -1 5997 6048 6068 -1 6048 5997 5996 -1 6068 6049 6069 -1 6049 6068 6048 -1 6059 6033 6065 -1 6033 6059 6031 -1 6033 6031 6030 -1 6071 6046 6070 -1 6046 6071 6047 -1 6069 6051 6067 -1 6051 6069 6049 -1 6057 6063 6076 -1 6063 6057 6056 -1 6042 6037 6039 -1 6037 6042 6076 -1 6076 6042 6057 -1 6072 6047 6071 -1 6047 6072 6050 -1 6072 6052 6050 -1 6052 6072 6062 -1 6070 6045 6064 -1 6045 6070 6046 -1 6058 6036 6035 -1 6036 6058 6077 -1 6032 6074 6034 -1 6074 6032 6036 -1 6054 6077 6058 -1 6077 6054 6078 -1 6036 6073 6074 -1 6073 6036 6077 -1 6054 6061 6078 -1 6061 6054 6055 -1 6061 6075 6078 -1 6075 6061 6060 -1 6077 6075 6073 -1 6075 6077 6078 -1 6038 6055 6041 -1 6055 6038 6061 -1 6079 6080 6081 -1 6080 6079 6082 -1 6083 6084 6085 -1 6084 6083 6086 -1 6087 6079 6088 -1 6079 6087 6082 -1 6082 6087 6089 -1 6086 6090 6084 -1 6090 6086 6091 -1 6092 6085 6093 -1 6085 6092 6083 -1 6094 6095 6096 -1 6095 6094 6097 -1 6092 6098 6089 -1 6098 6092 6095 -1 6098 6095 6097 -1 6089 6099 6082 -1 6099 6089 6098 -1 6082 6099 6080 -1 6080 6100 6081 -1 6100 6080 6099 -1 6100 6098 6101 -1 6098 6100 6099 -1 6102 6090 6103 -1 6090 6102 6084 -1 6102 6104 6105 -1 6104 6102 6106 -1 6104 6106 6107 -1 6104 6107 6108 -1 6105 6084 6102 -1 6084 6105 6085 -1 6098 6094 6101 -1 6094 6098 6097 -1 6105 6087 6088 -1 6087 6105 6104 -1 6087 6104 6108 -1 6087 6108 6089 -1 6083 6107 6086 -1 6107 6083 6108 -1 6092 6108 6083 -1 6108 6092 6089 -1 6103 6106 6102 -1 6106 6103 6109 -1 6106 6109 6107 -1 6088 6100 6093 -1 6100 6088 6079 -1 6100 6079 6081 -1 6093 6101 6096 -1 6101 6093 6100 -1 6096 6101 6094 -1 6109 6090 6091 -1 6090 6109 6103 -1 6088 6085 6105 -1 6085 6088 6093 -1 6095 6093 6096 -1 6093 6095 6092 -1 6086 6109 6091 -1 6109 6086 6107 -1 6110 6111 6112 -1 6111 6110 6113 -1 6114 6115 6116 -1 6115 6114 6117 -1 6118 6110 6119 -1 6110 6118 6113 -1 6113 6118 6120 -1 6117 6121 6115 -1 6121 6117 6122 -1 6123 6116 6124 -1 6116 6123 6114 -1 6125 6126 6127 -1 6126 6125 6128 -1 6123 6129 6120 -1 6129 6123 6126 -1 6129 6126 6128 -1 6120 6130 6113 -1 6130 6120 6129 -1 6113 6130 6111 -1 6111 6131 6112 -1 6131 6111 6130 -1 6131 6129 6132 -1 6129 6131 6130 -1 6133 6121 6134 -1 6121 6133 6115 -1 6133 6135 6136 -1 6135 6133 6137 -1 6135 6137 6138 -1 6135 6138 6139 -1 6136 6115 6133 -1 6115 6136 6116 -1 6129 6125 6132 -1 6125 6129 6128 -1 6136 6118 6119 -1 6118 6136 6135 -1 6118 6135 6139 -1 6118 6139 6120 -1 6114 6138 6117 -1 6138 6114 6139 -1 6123 6139 6114 -1 6139 6123 6120 -1 6134 6137 6133 -1 6137 6134 6140 -1 6137 6140 6138 -1 6119 6131 6124 -1 6131 6119 6110 -1 6131 6110 6112 -1 6124 6132 6127 -1 6132 6124 6131 -1 6127 6132 6125 -1 6140 6121 6122 -1 6121 6140 6134 -1 6119 6116 6136 -1 6116 6119 6124 -1 6126 6124 6127 -1 6124 6126 6123 -1 6117 6140 6122 -1 6140 6117 6138 -1 6141 6142 6143 -1 6142 6141 6144 -1 6145 6146 6147 -1 6146 6145 6148 -1 6149 6141 6150 -1 6141 6149 6144 -1 6144 6149 6151 -1 6148 6152 6146 -1 6152 6148 6153 -1 6154 6147 6155 -1 6147 6154 6145 -1 6156 6157 6158 -1 6157 6156 6159 -1 6154 6160 6151 -1 6160 6154 6157 -1 6160 6157 6159 -1 6151 6161 6144 -1 6161 6151 6160 -1 6144 6161 6142 -1 6142 6162 6143 -1 6162 6142 6161 -1 6162 6160 6163 -1 6160 6162 6161 -1 6164 6152 6165 -1 6152 6164 6146 -1 6164 6166 6167 -1 6166 6164 6168 -1 6166 6168 6169 -1 6166 6169 6170 -1 6167 6146 6164 -1 6146 6167 6147 -1 6160 6156 6163 -1 6156 6160 6159 -1 6167 6149 6150 -1 6149 6167 6166 -1 6149 6166 6170 -1 6149 6170 6151 -1 6145 6169 6148 -1 6169 6145 6170 -1 6154 6170 6145 -1 6170 6154 6151 -1 6165 6168 6164 -1 6168 6165 6171 -1 6168 6171 6169 -1 6150 6162 6155 -1 6162 6150 6141 -1 6162 6141 6143 -1 6155 6163 6158 -1 6163 6155 6162 -1 6158 6163 6156 -1 6171 6152 6153 -1 6152 6171 6165 -1 6150 6147 6167 -1 6147 6150 6155 -1 6157 6155 6158 -1 6155 6157 6154 -1 6148 6171 6153 -1 6171 6148 6169 -1 6172 6173 6174 -1 6173 6172 6175 -1 6175 6176 6177 -1 6176 6175 6172 -1 6178 6179 6180 -1 6179 6178 6181 -1 6178 6182 6183 -1 6182 6178 6180 -1 6183 6177 6176 -1 6177 6183 6182 -1 6184 6185 6186 -1 6185 6184 6187 -1 6188 6189 6190 -1 6189 6188 6191 -1 6188 6192 6193 -1 6192 6188 6190 -1 6194 6188 6195 -1 6188 6194 6191 -1 6186 6191 6194 -1 6191 6186 6185 -1 6191 6196 6189 -1 6196 6191 6185 -1 6195 6193 6197 -1 6193 6195 6188 -1 6198 6199 6187 -1 6199 6198 6200 -1 6201 6202 6203 -1 6202 6201 6204 -1 6205 6198 6206 -1 6198 6205 6202 -1 6203 6205 6207 -1 6205 6203 6202 -1 6202 6200 6198 -1 6200 6202 6204 -1 6208 6209 6210 -1 6209 6208 6211 -1 6207 6201 6203 -1 6201 6207 6212 -1 6212 6207 6213 -1 6214 6180 6179 -1 6180 6214 6215 -1 6180 6215 6216 -1 6180 6216 6182 -1 6182 6216 6177 -1 6177 6173 6175 -1 6173 6177 6217 -1 6217 6177 6218 -1 6218 6177 6216 -1 6218 6216 6219 -1 6218 6219 6220 -1 6220 6219 6221 -1 6220 6221 6222 -1 6222 6221 6184 -1 6184 6221 6213 -1 6184 6213 6206 -1 6206 6213 6205 -1 6205 6213 6207 -1 6194 6223 6186 -1 6223 6194 6224 -1 6224 6194 6195 -1 6224 6195 6225 -1 6225 6195 6197 -1 6225 6197 6226 -1 6226 6197 6227 -1 6226 6227 6228 -1 6222 6229 6230 -1 6229 6222 6184 -1 6229 6184 6186 -1 6229 6186 6223 -1 6230 6229 6231 -1 6230 6231 6232 -1 6230 6232 6233 -1 6185 6199 6196 -1 6199 6185 6187 -1 6184 6198 6187 -1 6198 6184 6206 -1 6226 6208 6210 -1 6208 6226 6234 -1 6234 6226 6228 -1 6174 6217 6235 -1 6217 6174 6173 -1 6228 6236 6234 -1 6236 6228 6227 -1 6235 6172 6174 -1 6172 6235 6176 -1 6176 6235 6237 -1 6176 6237 6183 -1 6183 6237 6178 -1 6178 6238 6181 -1 6238 6178 6239 -1 6239 6178 6240 -1 6240 6178 6237 -1 6240 6237 6241 -1 6240 6241 6242 -1 6242 6241 6243 -1 6242 6243 6244 -1 6244 6243 6245 -1 6245 6243 6246 -1 6245 6246 6247 -1 6247 6246 6248 -1 6248 6246 6249 -1 6250 6196 6251 -1 6196 6250 6189 -1 6189 6250 6211 -1 6189 6211 6190 -1 6190 6211 6208 -1 6190 6208 6192 -1 6192 6208 6234 -1 6192 6234 6236 -1 6244 6199 6212 -1 6199 6244 6245 -1 6199 6245 6251 -1 6199 6251 6196 -1 6212 6199 6200 -1 6212 6200 6204 -1 6212 6204 6201 -1 6227 6192 6236 -1 6192 6227 6197 -1 6192 6197 6193 -1 6232 6252 6233 -1 6252 6232 6253 -1 6231 6253 6232 -1 6253 6231 6254 -1 6229 6254 6231 -1 6254 6229 6255 -1 6223 6255 6229 -1 6255 6223 6256 -1 6223 6257 6256 -1 6257 6223 6224 -1 6209 6224 6225 -1 6224 6209 6257 -1 6209 6250 6257 -1 6250 6209 6211 -1 6254 6245 6247 -1 6245 6254 6255 -1 6247 6253 6254 -1 6253 6247 6248 -1 6253 6249 6252 -1 6249 6253 6248 -1 6210 6225 6226 -1 6225 6210 6209 -1 6257 6251 6256 -1 6251 6257 6250 -1 6255 6251 6245 -1 6251 6255 6256 -1 6220 6237 6218 -1 6237 6220 6241 -1 6235 6218 6237 -1 6218 6235 6217 -1 6222 6241 6220 -1 6241 6222 6243 -1 6244 6213 6221 -1 6213 6244 6212 -1 6230 6249 6246 -1 6249 6230 6233 -1 6249 6233 6252 -1 6238 6179 6181 -1 6179 6238 6214 -1 6246 6222 6230 -1 6222 6246 6243 -1 6240 6215 6239 -1 6215 6240 6216 -1 6239 6214 6238 -1 6214 6239 6215 -1 6242 6221 6219 -1 6221 6242 6244 -1 6240 6219 6216 -1 6219 6240 6242 -1 6258 6259 6260 -1 6259 6258 6261 -1 6261 6258 6262 -1 6262 6258 6263 -1 6262 6263 6264 -1 6260 6265 6266 -1 6265 6260 6267 -1 6265 6267 6268 -1 6265 6268 6269 -1 6267 6260 6259 -1 6269 6268 6270 -1 6270 6268 6271 -1 6270 6271 6272 -1 6270 6272 6273 -1 6269 6270 6274 -1 6274 6270 6275 -1 6274 6275 6276 -1 6274 6276 6277 -1 6269 6274 6278 -1 6269 6278 6279 -1 6269 6279 6280 -1 6269 6280 6281 -1 6269 6282 6283 -1 6282 6269 6284 -1 6284 6269 6281 -1 6282 6285 6283 -1 6285 6282 6286 -1 6279 6287 6280 -1 6287 6279 6288 -1 6289 6279 6278 -1 6279 6289 6288 -1 6290 6278 6274 -1 6278 6290 6289 -1 6277 6290 6274 -1 6290 6277 6291 -1 6276 6291 6277 -1 6291 6276 6292 -1 6293 6276 6275 -1 6276 6293 6292 -1 6294 6275 6270 -1 6275 6294 6293 -1 6273 6294 6270 -1 6294 6273 6295 -1 6272 6295 6273 -1 6295 6272 6296 -1 6297 6272 6271 -1 6272 6297 6296 -1 6298 6271 6268 -1 6271 6298 6297 -1 6267 6298 6268 -1 6298 6267 6299 -1 6259 6299 6267 -1 6299 6259 6300 -1 6301 6259 6261 -1 6259 6301 6300 -1 6302 6261 6262 -1 6261 6302 6301 -1 6264 6302 6262 -1 6302 6264 6303 -1 6263 6303 6264 -1 6303 6263 6304 -1 6258 6304 6263 -1 6304 6258 6305 -1 6306 6258 6260 -1 6258 6306 6305 -1 6307 6260 6266 -1 6260 6307 6306 -1 6307 6285 6286 -1 6285 6307 6265 -1 6265 6307 6266 -1 6280 6284 6281 -1 6284 6280 6287 -1 6286 6299 6307 -1 6299 6286 6298 -1 6298 6286 6282 -1 6307 6299 6306 -1 6298 6282 6294 -1 6298 6294 6297 -1 6297 6294 6296 -1 6294 6282 6290 -1 6294 6290 6293 -1 6293 6290 6292 -1 6290 6282 6289 -1 6289 6282 6288 -1 6288 6282 6287 -1 6287 6282 6284 -1 6291 6292 6290 -1 6295 6296 6294 -1 6306 6300 6305 -1 6300 6306 6299 -1 6305 6300 6301 -1 6305 6301 6302 -1 6305 6302 6304 -1 6304 6302 6303 -1 6265 6283 6285 -1 6283 6265 6269 -1 6308 6309 6310 -1 6309 6308 6311 -1 6312 6313 6314 -1 6313 6312 6315 -1 6312 6316 6317 -1 6316 6312 6314 -1 6311 6317 6316 -1 6317 6311 6308 -1 6318 6308 6310 -1 6308 6318 6317 -1 6317 6318 6319 -1 6317 6319 6320 -1 6317 6320 6312 -1 6312 6321 6315 -1 6321 6312 6322 -1 6322 6312 6323 -1 6323 6312 6324 -1 6324 6312 6320 -1 6324 6320 6325 -1 6324 6325 6326 -1 6326 6325 6327 -1 6326 6327 6328 -1 6328 6327 6329 -1 6329 6327 6330 -1 6328 6329 6331 -1 6329 6330 6332 -1 6332 6330 6333 -1 6333 6330 6334 -1 6335 6336 6337 -1 6331 6338 6339 -1 6338 6331 6329 -1 6339 6338 6340 -1 6339 6340 6337 -1 6339 6337 6341 -1 6341 6337 6342 -1 6342 6337 6336 -1 6342 6336 6343 -1 6328 6344 6345 -1 6344 6328 6331 -1 6345 6344 6346 -1 6345 6346 6347 -1 6345 6347 6348 -1 6349 6342 6343 -1 6342 6349 6350 -1 6342 6350 6351 -1 6352 6343 6336 -1 6343 6352 6349 -1 6353 6351 6350 -1 6351 6353 6354 -1 6355 6344 6331 -1 6344 6355 6356 -1 6357 6358 6359 -1 6358 6357 6360 -1 6361 6362 6363 -1 6362 6361 6364 -1 6365 6331 6339 -1 6331 6365 6355 -1 6366 6355 6367 -1 6355 6366 6356 -1 6362 6334 6368 -1 6334 6362 6333 -1 6369 6370 6371 -1 6370 6369 6372 -1 6310 6373 6318 -1 6373 6310 6309 -1 6374 6337 6369 -1 6337 6374 6335 -1 6328 6375 6376 -1 6375 6328 6345 -1 6362 6377 6363 -1 6377 6362 6368 -1 6354 6342 6351 -1 6342 6354 6341 -1 6378 6364 6361 -1 6364 6378 6379 -1 6380 6358 6381 -1 6358 6380 6359 -1 6322 6382 6321 -1 6382 6322 6383 -1 6372 6338 6384 -1 6338 6372 6340 -1 6385 6372 6384 -1 6372 6385 6370 -1 6366 6381 6356 -1 6381 6366 6380 -1 6367 6365 6386 -1 6365 6367 6355 -1 6354 6339 6341 -1 6339 6354 6365 -1 6385 6379 6378 -1 6379 6385 6384 -1 6357 6348 6360 -1 6348 6357 6345 -1 6345 6357 6375 -1 6387 6328 6376 -1 6328 6387 6326 -1 6323 6383 6322 -1 6383 6323 6388 -1 6324 6388 6323 -1 6388 6324 6389 -1 6390 6334 6330 -1 6334 6390 6377 -1 6334 6377 6368 -1 6358 6346 6381 -1 6346 6358 6347 -1 6369 6340 6372 -1 6340 6369 6337 -1 6386 6354 6353 -1 6354 6386 6365 -1 6364 6329 6332 -1 6329 6364 6379 -1 6321 6313 6315 -1 6313 6321 6382 -1 6381 6344 6356 -1 6344 6381 6346 -1 6326 6389 6324 -1 6389 6326 6387 -1 6364 6333 6362 -1 6333 6364 6332 -1 6379 6338 6329 -1 6338 6379 6384 -1 6360 6347 6358 -1 6347 6360 6348 -1 6374 6371 6391 -1 6371 6374 6369 -1 6330 6392 6390 -1 6392 6330 6327 -1 6320 6393 6325 -1 6393 6320 6394 -1 6327 6393 6392 -1 6393 6327 6325 -1 6382 6314 6313 -1 6314 6382 6383 -1 6314 6383 6388 -1 6314 6388 6389 -1 6314 6389 6316 -1 6316 6309 6311 -1 6309 6316 6373 -1 6373 6316 6395 -1 6395 6316 6394 -1 6394 6316 6389 -1 6394 6389 6387 -1 6394 6387 6393 -1 6393 6387 6392 -1 6392 6387 6376 -1 6392 6376 6366 -1 6366 6376 6375 -1 6366 6375 6380 -1 6380 6375 6359 -1 6359 6375 6357 -1 6386 6385 6367 -1 6385 6386 6370 -1 6370 6386 6353 -1 6370 6353 6371 -1 6371 6353 6350 -1 6371 6350 6391 -1 6391 6350 6349 -1 6391 6349 6352 -1 6392 6378 6390 -1 6378 6392 6367 -1 6367 6392 6366 -1 6378 6367 6385 -1 6390 6378 6361 -1 6390 6361 6363 -1 6390 6363 6377 -1 6391 6335 6374 -1 6335 6391 6336 -1 6336 6391 6352 -1 6318 6395 6319 -1 6395 6318 6373 -1 6319 6394 6320 -1 6394 6319 6395 -1 6396 6397 6398 -1 6397 6396 6399 -1 6400 6401 6402 -1 6401 6400 6403 -1 6404 6405 6406 -1 6405 6404 6407 -1 6403 6408 6401 -1 6408 6403 6409 -1 6408 6409 6410 -1 6410 6409 6398 -1 6410 6398 6411 -1 6411 6398 6397 -1 6411 6397 6405 -1 6405 6397 6412 -1 6405 6412 6406 -1 6406 6412 6413 -1 6406 6413 6414 -1 6414 6413 6415 -1 6416 6406 6414 -1 6406 6416 6404 -1 6402 6408 6417 -1 6408 6402 6401 -1 6418 6410 6411 -1 6410 6418 6419 -1 6420 6398 6409 -1 6398 6420 6396 -1 6407 6411 6405 -1 6411 6407 6418 -1 6417 6400 6402 -1 6400 6417 6419 -1 6400 6419 6420 -1 6420 6419 6396 -1 6396 6419 6418 -1 6396 6418 6407 -1 6396 6407 6399 -1 6399 6407 6404 -1 6399 6404 6421 -1 6421 6404 6422 -1 6422 6404 6416 -1 6422 6416 6423 -1 6413 6423 6415 -1 6423 6413 6422 -1 6421 6413 6412 -1 6413 6421 6422 -1 6415 6416 6414 -1 6416 6415 6423 -1 6399 6412 6397 -1 6412 6399 6421 -1 6400 6409 6403 -1 6409 6400 6420 -1 6419 6408 6410 -1 6408 6419 6417 -1 6424 6425 6426 -1 6425 6424 6427 -1 6428 6429 6430 -1 6429 6428 6431 -1 6432 6433 6434 -1 6433 6432 6435 -1 6436 6435 6424 -1 6435 6436 6437 -1 6433 6438 6439 -1 6438 6433 6440 -1 6441 6442 6443 -1 6442 6441 6444 -1 6444 6441 6445 -1 6444 6445 6425 -1 6444 6425 6427 -1 6444 6427 6434 -1 6434 6427 6432 -1 6446 6447 6448 -1 6447 6446 6449 -1 6449 6446 6450 -1 6451 6449 6450 -1 6449 6436 6452 -1 6436 6449 6437 -1 6438 6451 6453 -1 6451 6438 6440 -1 6454 6455 6456 -1 6455 6454 6457 -1 6457 6454 6452 -1 6457 6452 6458 -1 6459 6460 6458 -1 6460 6459 6430 -1 6430 6459 6428 -1 6428 6459 6461 -1 6462 6441 6463 -1 6441 6462 6445 -1 6445 6462 6426 -1 6445 6426 6425 -1 6436 6458 6452 -1 6458 6436 6459 -1 6463 6443 6464 -1 6443 6463 6441 -1 6465 6466 6429 -1 6466 6465 6467 -1 6467 6465 6468 -1 6442 6439 6469 -1 6439 6442 6444 -1 6461 6463 6428 -1 6463 6461 6462 -1 6462 6461 6459 -1 6462 6459 6426 -1 6469 6438 6470 -1 6438 6469 6439 -1 6434 6439 6444 -1 6439 6434 6433 -1 6436 6426 6459 -1 6426 6436 6424 -1 6471 6446 6472 -1 6446 6471 6450 -1 6450 6471 6453 -1 6450 6453 6451 -1 6429 6473 6430 -1 6473 6466 6474 -1 6466 6473 6429 -1 6468 6472 6467 -1 6472 6468 6471 -1 6471 6468 6465 -1 6471 6465 6453 -1 6457 6475 6455 -1 6475 6457 6474 -1 6474 6457 6473 -1 6473 6457 6458 -1 6473 6458 6430 -1 6430 6458 6460 -1 6448 6454 6456 -1 6454 6448 6452 -1 6452 6448 6449 -1 6449 6448 6447 -1 6451 6437 6449 -1 6437 6451 6440 -1 6470 6453 6465 -1 6453 6470 6438 -1 6424 6432 6427 -1 6432 6424 6435 -1 6443 6469 6464 -1 6469 6443 6442 -1 6431 6465 6429 -1 6465 6431 6470 -1 6428 6464 6431 -1 6464 6428 6463 -1 6435 6440 6433 -1 6440 6435 6437 -1 6464 6470 6431 -1 6470 6464 6469 -1 6467 6474 6466 -1 6474 6467 6472 -1 6474 6472 6475 -1 6475 6472 6455 -1 6455 6472 6446 -1 6455 6446 6456 -1 6456 6446 6448 -1 6476 6477 6478 -1 6477 6476 6479 -1 6480 6481 6482 -1 6481 6480 6483 -1 6484 6476 6485 -1 6476 6484 6479 -1 6479 6484 6486 -1 6483 6487 6481 -1 6487 6483 6488 -1 6489 6482 6490 -1 6482 6489 6480 -1 6491 6492 6493 -1 6492 6491 6494 -1 6489 6495 6486 -1 6495 6489 6492 -1 6495 6492 6494 -1 6486 6496 6479 -1 6496 6486 6495 -1 6479 6496 6477 -1 6477 6497 6478 -1 6497 6477 6496 -1 6497 6495 6498 -1 6495 6497 6496 -1 6499 6487 6500 -1 6487 6499 6481 -1 6499 6501 6502 -1 6501 6499 6503 -1 6501 6503 6504 -1 6501 6504 6505 -1 6502 6481 6499 -1 6481 6502 6482 -1 6495 6491 6498 -1 6491 6495 6494 -1 6502 6484 6485 -1 6484 6502 6501 -1 6484 6501 6505 -1 6484 6505 6486 -1 6480 6504 6483 -1 6504 6480 6505 -1 6489 6505 6480 -1 6505 6489 6486 -1 6500 6503 6499 -1 6503 6500 6506 -1 6503 6506 6504 -1 6485 6497 6490 -1 6497 6485 6476 -1 6497 6476 6478 -1 6490 6498 6493 -1 6498 6490 6497 -1 6493 6498 6491 -1 6506 6487 6488 -1 6487 6506 6500 -1 6485 6482 6502 -1 6482 6485 6490 -1 6492 6490 6493 -1 6490 6492 6489 -1 6483 6506 6488 -1 6506 6483 6504 -1 6507 6508 6509 -1 6508 6507 6510 -1 6510 6507 6511 -1 6511 6507 6512 -1 6509 6513 6514 -1 6513 6509 6508 -1 6515 6516 6517 -1 6516 6512 6507 -1 6512 6516 6515 -1 6517 6518 6519 -1 6518 6507 6520 -1 6507 6518 6517 -1 6507 6517 6516 -1 6517 6521 6522 -1 6521 6517 6519 -1 6519 6523 6524 -1 6523 6520 6525 -1 6520 6523 6519 -1 6520 6519 6518 -1 6515 6526 6527 -1 6528 6522 6529 -1 6522 6528 6530 -1 6522 6530 6517 -1 6517 6530 6526 -1 6517 6526 6515 -1 6519 6531 6521 -1 6531 6519 6524 -1 6514 6522 6509 -1 6522 6514 6529 -1 6524 6532 6533 -1 6532 6524 6525 -1 6525 6524 6523 -1 6534 6507 6509 -1 6507 6534 6520 -1 6535 6520 6534 -1 6520 6535 6525 -1 6536 6525 6535 -1 6525 6536 6532 -1 6509 6521 6534 -1 6521 6509 6522 -1 6534 6531 6535 -1 6531 6534 6521 -1 6535 6537 6536 -1 6537 6535 6531 -1 6524 6537 6531 -1 6537 6524 6533 -1 6532 6537 6533 -1 6537 6532 6536 -1 6508 6526 6530 -1 6526 6508 6510 -1 6528 6508 6530 -1 6508 6528 6513 -1 6511 6526 6510 -1 6526 6511 6527 -1 6514 6528 6529 -1 6528 6514 6513 -1 6511 6515 6527 -1 6515 6511 6512 -1 6538 6539 6540 -1 6539 6538 6541 -1 6539 6541 6542 -1 6539 6542 6543 -1 6539 6543 6544 -1 6539 6544 6545 -1 6539 6545 6546 -1 6539 6546 6547 -1 6541 6548 6549 -1 6548 6541 6538 -1 6550 6542 6551 -1 6542 6550 6543 -1 6552 6547 6546 -1 6547 6552 6553 -1 6553 6539 6547 -1 6539 6553 6554 -1 6555 6543 6550 -1 6543 6555 6544 -1 6542 6549 6551 -1 6549 6542 6541 -1 6540 6548 6538 -1 6548 6540 6556 -1 6557 6544 6555 -1 6544 6557 6545 -1 6546 6557 6552 -1 6557 6546 6545 -1 6556 6539 6554 -1 6539 6556 6540 -1 6554 6548 6556 -1 6548 6554 6549 -1 6549 6554 6551 -1 6551 6554 6550 -1 6550 6554 6555 -1 6555 6554 6557 -1 6557 6554 6552 -1 6552 6554 6553 -1 6558 6559 6560 -1 6559 6558 6561 -1 6562 6563 6564 -1 6563 6562 6565 -1 6566 6558 6567 -1 6558 6566 6561 -1 6561 6566 6568 -1 6565 6569 6563 -1 6569 6565 6570 -1 6571 6564 6572 -1 6564 6571 6562 -1 6573 6574 6575 -1 6574 6573 6576 -1 6571 6577 6568 -1 6577 6571 6574 -1 6577 6574 6576 -1 6568 6578 6561 -1 6578 6568 6577 -1 6561 6578 6559 -1 6559 6579 6560 -1 6579 6559 6578 -1 6579 6577 6580 -1 6577 6579 6578 -1 6581 6569 6582 -1 6569 6581 6563 -1 6581 6583 6584 -1 6583 6581 6585 -1 6583 6585 6586 -1 6583 6586 6587 -1 6584 6563 6581 -1 6563 6584 6564 -1 6577 6573 6580 -1 6573 6577 6576 -1 6584 6566 6567 -1 6566 6584 6583 -1 6566 6583 6587 -1 6566 6587 6568 -1 6562 6586 6565 -1 6586 6562 6587 -1 6571 6587 6562 -1 6587 6571 6568 -1 6582 6585 6581 -1 6585 6582 6588 -1 6585 6588 6586 -1 6567 6579 6572 -1 6579 6567 6558 -1 6579 6558 6560 -1 6572 6580 6575 -1 6580 6572 6579 -1 6575 6580 6573 -1 6588 6569 6570 -1 6569 6588 6582 -1 6567 6564 6584 -1 6564 6567 6572 -1 6574 6572 6575 -1 6572 6574 6571 -1 6565 6588 6570 -1 6588 6565 6586 -1 6589 6590 6591 -1 6590 6589 6592 -1 6592 6589 6593 -1 6593 6589 6594 -1 6591 6595 6596 -1 6595 6591 6590 -1 6597 6598 6599 -1 6598 6594 6589 -1 6594 6598 6597 -1 6599 6600 6601 -1 6600 6589 6602 -1 6589 6600 6599 -1 6589 6599 6598 -1 6599 6603 6604 -1 6603 6599 6601 -1 6601 6605 6606 -1 6605 6602 6607 -1 6602 6605 6601 -1 6602 6601 6600 -1 6597 6608 6609 -1 6610 6604 6611 -1 6604 6610 6612 -1 6604 6612 6599 -1 6599 6612 6608 -1 6599 6608 6597 -1 6601 6613 6603 -1 6613 6601 6606 -1 6596 6604 6591 -1 6604 6596 6611 -1 6606 6614 6615 -1 6614 6606 6607 -1 6607 6606 6605 -1 6616 6589 6591 -1 6589 6616 6602 -1 6617 6602 6616 -1 6602 6617 6607 -1 6618 6607 6617 -1 6607 6618 6614 -1 6591 6603 6616 -1 6603 6591 6604 -1 6616 6613 6617 -1 6613 6616 6603 -1 6617 6619 6618 -1 6619 6617 6613 -1 6606 6619 6613 -1 6619 6606 6615 -1 6614 6619 6615 -1 6619 6614 6618 -1 6590 6608 6612 -1 6608 6590 6592 -1 6610 6590 6612 -1 6590 6610 6595 -1 6593 6608 6592 -1 6608 6593 6609 -1 6596 6610 6611 -1 6610 6596 6595 -1 6593 6597 6609 -1 6597 6593 6594 -1 6620 6621 6622 -1 6622 6623 6620 -1 6623 6624 6620 -1 6624 6625 6620 -1 6624 6626 6625 -1 6621 6627 6628 -1 6628 6629 6621 -1 6628 6630 6629 -1 6628 6631 6630 -1 6629 6622 6621 -1 6631 6632 6630 -1 6632 6633 6630 -1 6632 6634 6633 -1 6632 6635 6634 -1 6631 6636 6632 -1 6636 6637 6632 -1 6636 6638 6637 -1 6636 6639 6638 -1 6631 6640 6636 -1 6631 6641 6640 -1 6631 6642 6641 -1 6631 6643 6642 -1 6631 6644 6645 -1 6645 6646 6631 -1 6646 6643 6631 -1 6645 6644 6647 -1 6647 6648 6645 -1 6641 6642 6649 -1 6649 6650 6641 -1 6651 6640 6641 -1 6641 6650 6651 -1 6652 6636 6640 -1 6640 6651 6652 -1 6639 6636 6652 -1 6652 6653 6639 -1 6638 6639 6653 -1 6653 6654 6638 -1 6655 6637 6638 -1 6638 6654 6655 -1 6656 6632 6637 -1 6637 6655 6656 -1 6635 6632 6656 -1 6656 6657 6635 -1 6634 6635 6657 -1 6657 6658 6634 -1 6659 6633 6634 -1 6634 6658 6659 -1 6660 6630 6633 -1 6633 6659 6660 -1 6629 6630 6660 -1 6660 6661 6629 -1 6622 6629 6661 -1 6661 6662 6622 -1 6663 6623 6622 -1 6622 6662 6663 -1 6664 6624 6623 -1 6623 6663 6664 -1 6626 6624 6664 -1 6664 6665 6626 -1 6625 6626 6665 -1 6665 6666 6625 -1 6620 6625 6666 -1 6666 6667 6620 -1 6668 6621 6620 -1 6620 6667 6668 -1 6669 6627 6621 -1 6621 6668 6669 -1 6669 6648 6647 -1 6647 6628 6669 -1 6628 6627 6669 -1 6642 6643 6646 -1 6646 6649 6642 -1 6648 6669 6661 -1 6661 6660 6648 -1 6660 6645 6648 -1 6669 6668 6661 -1 6660 6656 6645 -1 6660 6659 6656 -1 6659 6658 6656 -1 6656 6652 6645 -1 6656 6655 6652 -1 6655 6654 6652 -1 6652 6651 6645 -1 6651 6650 6645 -1 6650 6649 6645 -1 6649 6646 6645 -1 6653 6652 6654 -1 6657 6656 6658 -1 6668 6667 6662 -1 6662 6661 6668 -1 6667 6663 6662 -1 6667 6664 6663 -1 6667 6666 6664 -1 6666 6665 6664 -1 6628 6647 6644 -1 6644 6631 6628 -1 6670 6671 6672 -1 6671 6670 6673 -1 6673 6670 6674 -1 6674 6670 6675 -1 6674 6675 6676 -1 6672 6677 6678 -1 6677 6672 6679 -1 6677 6679 6680 -1 6677 6680 6681 -1 6679 6672 6671 -1 6681 6680 6682 -1 6682 6680 6683 -1 6682 6683 6684 -1 6682 6684 6685 -1 6681 6682 6686 -1 6686 6682 6687 -1 6686 6687 6688 -1 6686 6688 6689 -1 6681 6686 6690 -1 6681 6690 6691 -1 6681 6691 6692 -1 6681 6692 6693 -1 6681 6694 6695 -1 6694 6681 6696 -1 6696 6681 6693 -1 6694 6697 6695 -1 6697 6694 6698 -1 6691 6699 6692 -1 6699 6691 6700 -1 6701 6691 6690 -1 6691 6701 6700 -1 6702 6690 6686 -1 6690 6702 6701 -1 6689 6702 6686 -1 6702 6689 6703 -1 6688 6703 6689 -1 6703 6688 6704 -1 6705 6688 6687 -1 6688 6705 6704 -1 6706 6687 6682 -1 6687 6706 6705 -1 6685 6706 6682 -1 6706 6685 6707 -1 6684 6707 6685 -1 6707 6684 6708 -1 6709 6684 6683 -1 6684 6709 6708 -1 6710 6683 6680 -1 6683 6710 6709 -1 6679 6710 6680 -1 6710 6679 6711 -1 6671 6711 6679 -1 6711 6671 6712 -1 6713 6671 6673 -1 6671 6713 6712 -1 6714 6673 6674 -1 6673 6714 6713 -1 6676 6714 6674 -1 6714 6676 6715 -1 6675 6715 6676 -1 6715 6675 6716 -1 6670 6716 6675 -1 6716 6670 6717 -1 6718 6670 6672 -1 6670 6718 6717 -1 6719 6672 6678 -1 6672 6719 6718 -1 6719 6697 6698 -1 6697 6719 6677 -1 6677 6719 6678 -1 6692 6696 6693 -1 6696 6692 6699 -1 6698 6711 6719 -1 6711 6698 6710 -1 6710 6698 6694 -1 6719 6711 6718 -1 6710 6694 6706 -1 6710 6706 6709 -1 6709 6706 6708 -1 6706 6694 6702 -1 6706 6702 6705 -1 6705 6702 6704 -1 6702 6694 6701 -1 6701 6694 6700 -1 6700 6694 6699 -1 6699 6694 6696 -1 6703 6704 6702 -1 6707 6708 6706 -1 6718 6712 6717 -1 6712 6718 6711 -1 6717 6712 6713 -1 6717 6713 6714 -1 6717 6714 6716 -1 6716 6714 6715 -1 6677 6695 6697 -1 6695 6677 6681 -1 6720 6721 6722 -1 6721 6720 6723 -1 6724 6725 6726 -1 6725 6724 6727 -1 6724 6728 6729 -1 6728 6724 6726 -1 6723 6729 6728 -1 6729 6723 6720 -1 6730 6720 6722 -1 6720 6730 6729 -1 6729 6730 6731 -1 6729 6731 6732 -1 6729 6732 6724 -1 6724 6733 6727 -1 6733 6724 6734 -1 6734 6724 6735 -1 6735 6724 6736 -1 6736 6724 6732 -1 6736 6732 6737 -1 6736 6737 6738 -1 6738 6737 6739 -1 6738 6739 6740 -1 6740 6739 6741 -1 6741 6739 6742 -1 6740 6741 6743 -1 6741 6742 6744 -1 6744 6742 6745 -1 6745 6742 6746 -1 6747 6748 6749 -1 6743 6750 6751 -1 6750 6743 6741 -1 6751 6750 6752 -1 6751 6752 6749 -1 6751 6749 6753 -1 6753 6749 6754 -1 6754 6749 6748 -1 6754 6748 6755 -1 6740 6756 6757 -1 6756 6740 6743 -1 6757 6756 6758 -1 6757 6758 6759 -1 6757 6759 6760 -1 6761 6754 6755 -1 6754 6761 6762 -1 6754 6762 6763 -1 6764 6755 6748 -1 6755 6764 6761 -1 6765 6763 6762 -1 6763 6765 6766 -1 6767 6756 6743 -1 6756 6767 6768 -1 6769 6770 6771 -1 6770 6769 6772 -1 6773 6774 6775 -1 6774 6773 6776 -1 6777 6743 6751 -1 6743 6777 6767 -1 6778 6767 6779 -1 6767 6778 6768 -1 6774 6746 6780 -1 6746 6774 6745 -1 6781 6782 6783 -1 6782 6781 6784 -1 6722 6785 6730 -1 6785 6722 6721 -1 6786 6749 6781 -1 6749 6786 6747 -1 6740 6787 6788 -1 6787 6740 6757 -1 6774 6789 6775 -1 6789 6774 6780 -1 6766 6754 6763 -1 6754 6766 6753 -1 6790 6776 6773 -1 6776 6790 6791 -1 6792 6770 6793 -1 6770 6792 6771 -1 6734 6794 6733 -1 6794 6734 6795 -1 6784 6750 6796 -1 6750 6784 6752 -1 6797 6784 6796 -1 6784 6797 6782 -1 6778 6793 6768 -1 6793 6778 6792 -1 6779 6777 6798 -1 6777 6779 6767 -1 6766 6751 6753 -1 6751 6766 6777 -1 6797 6791 6790 -1 6791 6797 6796 -1 6769 6760 6772 -1 6760 6769 6757 -1 6757 6769 6787 -1 6799 6740 6788 -1 6740 6799 6738 -1 6735 6795 6734 -1 6795 6735 6800 -1 6736 6800 6735 -1 6800 6736 6801 -1 6802 6746 6742 -1 6746 6802 6789 -1 6746 6789 6780 -1 6770 6758 6793 -1 6758 6770 6759 -1 6781 6752 6784 -1 6752 6781 6749 -1 6798 6766 6765 -1 6766 6798 6777 -1 6776 6741 6744 -1 6741 6776 6791 -1 6733 6725 6727 -1 6725 6733 6794 -1 6793 6756 6768 -1 6756 6793 6758 -1 6738 6801 6736 -1 6801 6738 6799 -1 6776 6745 6774 -1 6745 6776 6744 -1 6791 6750 6741 -1 6750 6791 6796 -1 6772 6759 6770 -1 6759 6772 6760 -1 6786 6783 6803 -1 6783 6786 6781 -1 6742 6804 6802 -1 6804 6742 6739 -1 6732 6805 6737 -1 6805 6732 6806 -1 6739 6805 6804 -1 6805 6739 6737 -1 6794 6726 6725 -1 6726 6794 6795 -1 6726 6795 6800 -1 6726 6800 6801 -1 6726 6801 6728 -1 6728 6721 6723 -1 6721 6728 6785 -1 6785 6728 6807 -1 6807 6728 6806 -1 6806 6728 6801 -1 6806 6801 6799 -1 6806 6799 6805 -1 6805 6799 6804 -1 6804 6799 6788 -1 6804 6788 6778 -1 6778 6788 6787 -1 6778 6787 6792 -1 6792 6787 6771 -1 6771 6787 6769 -1 6798 6797 6779 -1 6797 6798 6782 -1 6782 6798 6765 -1 6782 6765 6783 -1 6783 6765 6762 -1 6783 6762 6803 -1 6803 6762 6761 -1 6803 6761 6764 -1 6804 6790 6802 -1 6790 6804 6779 -1 6779 6804 6778 -1 6790 6779 6797 -1 6802 6790 6773 -1 6802 6773 6775 -1 6802 6775 6789 -1 6803 6747 6786 -1 6747 6803 6748 -1 6748 6803 6764 -1 6730 6807 6731 -1 6807 6730 6785 -1 6731 6806 6732 -1 6806 6731 6807 -1 6808 6809 6810 -1 6809 6808 6811 -1 6812 6813 6814 -1 6813 6812 6815 -1 6816 6817 6818 -1 6817 6816 6819 -1 6815 6820 6813 -1 6820 6815 6821 -1 6820 6821 6822 -1 6822 6821 6810 -1 6822 6810 6823 -1 6823 6810 6809 -1 6823 6809 6817 -1 6817 6809 6824 -1 6817 6824 6818 -1 6818 6824 6825 -1 6818 6825 6826 -1 6826 6825 6827 -1 6828 6818 6826 -1 6818 6828 6816 -1 6814 6820 6829 -1 6820 6814 6813 -1 6830 6822 6823 -1 6822 6830 6831 -1 6832 6810 6821 -1 6810 6832 6808 -1 6819 6823 6817 -1 6823 6819 6830 -1 6829 6812 6814 -1 6812 6829 6831 -1 6812 6831 6832 -1 6832 6831 6808 -1 6808 6831 6830 -1 6808 6830 6819 -1 6808 6819 6811 -1 6811 6819 6816 -1 6811 6816 6833 -1 6833 6816 6834 -1 6834 6816 6828 -1 6834 6828 6835 -1 6825 6835 6827 -1 6835 6825 6834 -1 6833 6825 6824 -1 6825 6833 6834 -1 6827 6828 6826 -1 6828 6827 6835 -1 6811 6824 6809 -1 6824 6811 6833 -1 6812 6821 6815 -1 6821 6812 6832 -1 6831 6820 6822 -1 6820 6831 6829 -1 6836 6837 6838 -1 6837 6836 6839 -1 6840 6841 6842 -1 6841 6840 6843 -1 6844 6845 6846 -1 6845 6844 6847 -1 6848 6847 6836 -1 6847 6848 6849 -1 6845 6850 6851 -1 6850 6845 6852 -1 6853 6854 6855 -1 6854 6853 6856 -1 6856 6853 6857 -1 6856 6857 6837 -1 6856 6837 6839 -1 6856 6839 6846 -1 6846 6839 6844 -1 6858 6859 6860 -1 6859 6858 6861 -1 6861 6858 6862 -1 6863 6861 6862 -1 6861 6848 6864 -1 6848 6861 6849 -1 6850 6863 6865 -1 6863 6850 6852 -1 6866 6867 6868 -1 6867 6866 6869 -1 6869 6866 6864 -1 6869 6864 6870 -1 6871 6872 6870 -1 6872 6871 6842 -1 6842 6871 6840 -1 6840 6871 6873 -1 6874 6853 6875 -1 6853 6874 6857 -1 6857 6874 6838 -1 6857 6838 6837 -1 6848 6870 6864 -1 6870 6848 6871 -1 6875 6855 6876 -1 6855 6875 6853 -1 6877 6878 6841 -1 6878 6877 6879 -1 6879 6877 6880 -1 6854 6851 6881 -1 6851 6854 6856 -1 6873 6875 6840 -1 6875 6873 6874 -1 6874 6873 6871 -1 6874 6871 6838 -1 6881 6850 6882 -1 6850 6881 6851 -1 6846 6851 6856 -1 6851 6846 6845 -1 6848 6838 6871 -1 6838 6848 6836 -1 6883 6858 6884 -1 6858 6883 6862 -1 6862 6883 6865 -1 6862 6865 6863 -1 6841 6885 6842 -1 6885 6878 6886 -1 6878 6885 6841 -1 6880 6884 6879 -1 6884 6880 6883 -1 6883 6880 6877 -1 6883 6877 6865 -1 6869 6887 6867 -1 6887 6869 6886 -1 6886 6869 6885 -1 6885 6869 6870 -1 6885 6870 6842 -1 6842 6870 6872 -1 6860 6866 6868 -1 6866 6860 6864 -1 6864 6860 6861 -1 6861 6860 6859 -1 6863 6849 6861 -1 6849 6863 6852 -1 6882 6865 6877 -1 6865 6882 6850 -1 6836 6844 6839 -1 6844 6836 6847 -1 6855 6881 6876 -1 6881 6855 6854 -1 6843 6877 6841 -1 6877 6843 6882 -1 6840 6876 6843 -1 6876 6840 6875 -1 6847 6852 6845 -1 6852 6847 6849 -1 6876 6882 6843 -1 6882 6876 6881 -1 6879 6886 6878 -1 6886 6879 6884 -1 6886 6884 6887 -1 6887 6884 6867 -1 6867 6884 6858 -1 6867 6858 6868 -1 6868 6858 6860 -1 6888 6889 6890 -1 6889 6888 6891 -1 6892 6893 6894 -1 6893 6892 6895 -1 6896 6888 6897 -1 6888 6896 6891 -1 6891 6896 6898 -1 6895 6899 6893 -1 6899 6895 6900 -1 6901 6894 6902 -1 6894 6901 6892 -1 6903 6904 6905 -1 6904 6903 6906 -1 6901 6907 6898 -1 6907 6901 6904 -1 6907 6904 6906 -1 6898 6908 6891 -1 6908 6898 6907 -1 6891 6908 6889 -1 6889 6909 6890 -1 6909 6889 6908 -1 6909 6907 6910 -1 6907 6909 6908 -1 6911 6899 6912 -1 6899 6911 6893 -1 6911 6913 6914 -1 6913 6911 6915 -1 6913 6915 6916 -1 6913 6916 6917 -1 6914 6893 6911 -1 6893 6914 6894 -1 6907 6903 6910 -1 6903 6907 6906 -1 6914 6896 6897 -1 6896 6914 6913 -1 6896 6913 6917 -1 6896 6917 6898 -1 6892 6916 6895 -1 6916 6892 6917 -1 6901 6917 6892 -1 6917 6901 6898 -1 6912 6915 6911 -1 6915 6912 6918 -1 6915 6918 6916 -1 6897 6909 6902 -1 6909 6897 6888 -1 6909 6888 6890 -1 6902 6910 6905 -1 6910 6902 6909 -1 6905 6910 6903 -1 6918 6899 6900 -1 6899 6918 6912 -1 6897 6894 6914 -1 6894 6897 6902 -1 6904 6902 6905 -1 6902 6904 6901 -1 6895 6918 6900 -1 6918 6895 6916 -1 6919 6920 6921 -1 6920 6919 6922 -1 6922 6919 6923 -1 6923 6919 6924 -1 6921 6925 6926 -1 6925 6921 6920 -1 6927 6928 6929 -1 6928 6924 6919 -1 6924 6928 6927 -1 6929 6930 6931 -1 6930 6919 6932 -1 6919 6930 6929 -1 6919 6929 6928 -1 6929 6933 6934 -1 6933 6929 6931 -1 6931 6935 6936 -1 6935 6932 6937 -1 6932 6935 6931 -1 6932 6931 6930 -1 6927 6938 6939 -1 6940 6934 6941 -1 6934 6940 6942 -1 6934 6942 6929 -1 6929 6942 6938 -1 6929 6938 6927 -1 6931 6943 6933 -1 6943 6931 6936 -1 6926 6934 6921 -1 6934 6926 6941 -1 6936 6944 6945 -1 6944 6936 6937 -1 6937 6936 6935 -1 6946 6919 6921 -1 6919 6946 6932 -1 6947 6932 6946 -1 6932 6947 6937 -1 6948 6937 6947 -1 6937 6948 6944 -1 6921 6933 6946 -1 6933 6921 6934 -1 6946 6943 6947 -1 6943 6946 6933 -1 6947 6949 6948 -1 6949 6947 6943 -1 6936 6949 6943 -1 6949 6936 6945 -1 6944 6949 6945 -1 6949 6944 6948 -1 6920 6938 6942 -1 6938 6920 6922 -1 6940 6920 6942 -1 6920 6940 6925 -1 6923 6938 6922 -1 6938 6923 6939 -1 6926 6940 6941 -1 6940 6926 6925 -1 6923 6927 6939 -1 6927 6923 6924 -1 6950 6951 6952 -1 6951 6950 6953 -1 6951 6953 6954 -1 6951 6954 6955 -1 6951 6955 6956 -1 6951 6956 6957 -1 6951 6957 6958 -1 6951 6958 6959 -1 6953 6960 6961 -1 6960 6953 6950 -1 6962 6954 6963 -1 6954 6962 6955 -1 6964 6959 6958 -1 6959 6964 6965 -1 6965 6951 6959 -1 6951 6965 6966 -1 6967 6955 6962 -1 6955 6967 6956 -1 6954 6961 6963 -1 6961 6954 6953 -1 6952 6960 6950 -1 6960 6952 6968 -1 6969 6956 6967 -1 6956 6969 6957 -1 6958 6969 6964 -1 6969 6958 6957 -1 6968 6951 6966 -1 6951 6968 6952 -1 6966 6960 6968 -1 6960 6966 6961 -1 6961 6966 6963 -1 6963 6966 6962 -1 6962 6966 6967 -1 6967 6966 6969 -1 6969 6966 6964 -1 6964 6966 6965 -1 6970 6971 6972 -1 6971 6970 6973 -1 6974 6975 6976 -1 6975 6974 6977 -1 6978 6970 6979 -1 6970 6978 6973 -1 6973 6978 6980 -1 6977 6981 6975 -1 6981 6977 6982 -1 6983 6976 6984 -1 6976 6983 6974 -1 6985 6986 6987 -1 6986 6985 6988 -1 6983 6989 6980 -1 6989 6983 6986 -1 6989 6986 6988 -1 6980 6990 6973 -1 6990 6980 6989 -1 6973 6990 6971 -1 6971 6991 6972 -1 6991 6971 6990 -1 6991 6989 6992 -1 6989 6991 6990 -1 6993 6981 6994 -1 6981 6993 6975 -1 6993 6995 6996 -1 6995 6993 6997 -1 6995 6997 6998 -1 6995 6998 6999 -1 6996 6975 6993 -1 6975 6996 6976 -1 6989 6985 6992 -1 6985 6989 6988 -1 6996 6978 6979 -1 6978 6996 6995 -1 6978 6995 6999 -1 6978 6999 6980 -1 6974 6998 6977 -1 6998 6974 6999 -1 6983 6999 6974 -1 6999 6983 6980 -1 6994 6997 6993 -1 6997 6994 7000 -1 6997 7000 6998 -1 6979 6991 6984 -1 6991 6979 6970 -1 6991 6970 6972 -1 6984 6992 6987 -1 6992 6984 6991 -1 6987 6992 6985 -1 7000 6981 6982 -1 6981 7000 6994 -1 6979 6976 6996 -1 6976 6979 6984 -1 6986 6984 6987 -1 6984 6986 6983 -1 6977 7000 6982 -1 7000 6977 6998 -1 7001 7002 7003 -1 7002 7001 7004 -1 7004 7001 7005 -1 7005 7001 7006 -1 7003 7007 7008 -1 7007 7003 7002 -1 7009 7010 7011 -1 7010 7006 7001 -1 7006 7010 7009 -1 7011 7012 7013 -1 7012 7001 7014 -1 7001 7012 7011 -1 7001 7011 7010 -1 7011 7015 7016 -1 7015 7011 7013 -1 7013 7017 7018 -1 7017 7014 7019 -1 7014 7017 7013 -1 7014 7013 7012 -1 7009 7020 7021 -1 7022 7016 7023 -1 7016 7022 7024 -1 7016 7024 7011 -1 7011 7024 7020 -1 7011 7020 7009 -1 7013 7025 7015 -1 7025 7013 7018 -1 7008 7016 7003 -1 7016 7008 7023 -1 7018 7026 7027 -1 7026 7018 7019 -1 7019 7018 7017 -1 7028 7001 7003 -1 7001 7028 7014 -1 7029 7014 7028 -1 7014 7029 7019 -1 7030 7019 7029 -1 7019 7030 7026 -1 7003 7015 7028 -1 7015 7003 7016 -1 7028 7025 7029 -1 7025 7028 7015 -1 7029 7031 7030 -1 7031 7029 7025 -1 7018 7031 7025 -1 7031 7018 7027 -1 7026 7031 7027 -1 7031 7026 7030 -1 7002 7020 7024 -1 7020 7002 7004 -1 7022 7002 7024 -1 7002 7022 7007 -1 7005 7020 7004 -1 7020 7005 7021 -1 7008 7022 7023 -1 7022 7008 7007 -1 7005 7009 7021 -1 7009 7005 7006 -1 7032 7033 7034 -1 7034 7035 7032 -1 7035 7036 7032 -1 7036 7037 7032 -1 7036 7038 7037 -1 7033 7039 7040 -1 7040 7041 7033 -1 7040 7042 7041 -1 7040 7043 7042 -1 7041 7034 7033 -1 7043 7044 7042 -1 7044 7045 7042 -1 7044 7046 7045 -1 7044 7047 7046 -1 7043 7048 7044 -1 7048 7049 7044 -1 7048 7050 7049 -1 7048 7051 7050 -1 7043 7052 7048 -1 7043 7053 7052 -1 7043 7054 7053 -1 7043 7055 7054 -1 7043 7056 7057 -1 7057 7058 7043 -1 7058 7055 7043 -1 7057 7056 7059 -1 7059 7060 7057 -1 7053 7054 7061 -1 7061 7062 7053 -1 7063 7052 7053 -1 7053 7062 7063 -1 7064 7048 7052 -1 7052 7063 7064 -1 7051 7048 7064 -1 7064 7065 7051 -1 7050 7051 7065 -1 7065 7066 7050 -1 7067 7049 7050 -1 7050 7066 7067 -1 7068 7044 7049 -1 7049 7067 7068 -1 7047 7044 7068 -1 7068 7069 7047 -1 7046 7047 7069 -1 7069 7070 7046 -1 7071 7045 7046 -1 7046 7070 7071 -1 7072 7042 7045 -1 7045 7071 7072 -1 7041 7042 7072 -1 7072 7073 7041 -1 7034 7041 7073 -1 7073 7074 7034 -1 7075 7035 7034 -1 7034 7074 7075 -1 7076 7036 7035 -1 7035 7075 7076 -1 7038 7036 7076 -1 7076 7077 7038 -1 7037 7038 7077 -1 7077 7078 7037 -1 7032 7037 7078 -1 7078 7079 7032 -1 7080 7033 7032 -1 7032 7079 7080 -1 7081 7039 7033 -1 7033 7080 7081 -1 7081 7060 7059 -1 7059 7040 7081 -1 7040 7039 7081 -1 7054 7055 7058 -1 7058 7061 7054 -1 7060 7081 7073 -1 7073 7072 7060 -1 7072 7057 7060 -1 7081 7080 7073 -1 7072 7068 7057 -1 7072 7071 7068 -1 7071 7070 7068 -1 7068 7064 7057 -1 7068 7067 7064 -1 7067 7066 7064 -1 7064 7063 7057 -1 7063 7062 7057 -1 7062 7061 7057 -1 7061 7058 7057 -1 7065 7064 7066 -1 7069 7068 7070 -1 7080 7079 7074 -1 7074 7073 7080 -1 7079 7075 7074 -1 7079 7076 7075 -1 7079 7078 7076 -1 7078 7077 7076 -1 7040 7059 7056 -1 7056 7043 7040 -1 7082 7083 7084 -1 7083 7082 7085 -1 7086 7087 7088 -1 7087 7086 7089 -1 7090 7091 7085 -1 7091 7090 7092 -1 7093 7094 7095 -1 7094 7093 7096 -1 7096 7093 7097 -1 7096 7097 7098 -1 7099 7100 7101 -1 7100 7099 7102 -1 7088 7103 7104 -1 7103 7088 7087 -1 7102 7105 7106 -1 7105 7102 7107 -1 7108 7099 7109 -1 7099 7108 7110 -1 7111 7112 7113 -1 7112 7111 7114 -1 7114 7111 7115 -1 7114 7115 7116 -1 7117 7114 7116 -1 7114 7117 7112 -1 7112 7117 7118 -1 7112 7118 7119 -1 7089 7120 7121 -1 7120 7089 7122 -1 7123 7090 7124 -1 7090 7123 7125 -1 7126 7127 7092 -1 7127 7126 7128 -1 7100 7106 7122 -1 7106 7100 7102 -1 7101 7125 7123 -1 7125 7101 7129 -1 7109 7101 7123 -1 7101 7109 7099 -1 7130 7131 7132 -1 7131 7130 7133 -1 7133 7130 7134 -1 7134 7130 7135 -1 7136 7137 7138 -1 7137 7136 7139 -1 7137 7139 7140 -1 7137 7140 7141 -1 7142 7143 7144 -1 7143 7142 7145 -1 7145 7142 7084 -1 7145 7084 7083 -1 7124 7085 7082 -1 7085 7124 7090 -1 7122 7146 7120 -1 7146 7122 7106 -1 7129 7126 7125 -1 7126 7129 7147 -1 7148 7123 7124 -1 7123 7148 7109 -1 7132 7118 7117 -1 7118 7132 7119 -1 7119 7132 7133 -1 7133 7132 7131 -1 7144 7084 7142 -1 7084 7144 7138 -1 7138 7144 7136 -1 7136 7144 7139 -1 7149 7150 7151 -1 7150 7149 7152 -1 7152 7149 7153 -1 7152 7153 7154 -1 7155 7156 7157 -1 7156 7155 7158 -1 7156 7158 7159 -1 7159 7158 7160 -1 7159 7160 7161 -1 7161 7160 7162 -1 7161 7162 7163 -1 7163 7162 7121 -1 7163 7121 7164 -1 7164 7121 7120 -1 7164 7120 7165 -1 7165 7120 7146 -1 7165 7146 7166 -1 7166 7146 7167 -1 7128 7168 7127 -1 7168 7128 7169 -1 7125 7092 7090 -1 7092 7125 7126 -1 7169 7170 7168 -1 7170 7169 7171 -1 7172 7117 7116 -1 7117 7172 7173 -1 7174 7169 7128 -1 7169 7174 7175 -1 7176 7177 7175 -1 7177 7176 7178 -1 7104 7175 7174 -1 7175 7104 7176 -1 7145 7179 7143 -1 7179 7145 7180 -1 7180 7145 7083 -1 7180 7083 7181 -1 7182 7155 7183 -1 7155 7182 7158 -1 7086 7122 7089 -1 7122 7086 7100 -1 7103 7158 7182 -1 7158 7103 7160 -1 7092 7184 7091 -1 7184 7092 7127 -1 7100 7129 7101 -1 7129 7100 7086 -1 7180 7113 7179 -1 7113 7180 7111 -1 7111 7180 7181 -1 7111 7181 7115 -1 7096 7185 7094 -1 7185 7096 7186 -1 7186 7096 7098 -1 7186 7098 7187 -1 7086 7147 7129 -1 7147 7086 7088 -1 7110 7102 7099 -1 7102 7110 7107 -1 7127 7172 7184 -1 7172 7127 7168 -1 7088 7174 7147 -1 7174 7088 7104 -1 7138 7082 7084 -1 7082 7138 7188 -1 7087 7160 7103 -1 7160 7087 7162 -1 7152 7095 7150 -1 7095 7152 7093 -1 7093 7152 7154 -1 7093 7154 7097 -1 7104 7182 7176 -1 7182 7104 7103 -1 7091 7115 7181 -1 7115 7091 7184 -1 7147 7128 7126 -1 7128 7147 7174 -1 7184 7116 7115 -1 7116 7184 7172 -1 7085 7181 7083 -1 7181 7085 7091 -1 7176 7183 7178 -1 7183 7176 7182 -1 7189 7109 7148 -1 7109 7189 7108 -1 7175 7171 7169 -1 7171 7175 7177 -1 7188 7124 7082 -1 7124 7188 7148 -1 7168 7173 7172 -1 7173 7168 7170 -1 7185 7190 7191 -1 7190 7185 7192 -1 7192 7185 7187 -1 7187 7185 7186 -1 7089 7162 7087 -1 7162 7089 7121 -1 7193 7148 7188 -1 7148 7193 7189 -1 7191 7141 7140 -1 7141 7191 7137 -1 7137 7191 7190 -1 7137 7190 7192 -1 7137 7188 7138 -1 7188 7137 7193 -1 7153 7135 7130 -1 7135 7151 7134 -1 7151 7135 7153 -1 7151 7153 7149 -1 7106 7167 7146 -1 7167 7106 7105 -1 7194 7195 7196 -1 7195 7194 7197 -1 7161 7198 7199 -1 7198 7161 7163 -1 7200 7107 7110 -1 7107 7200 7201 -1 7202 7203 7204 -1 7203 7202 7205 -1 7206 7207 7194 -1 7207 7206 7199 -1 7196 7208 7209 -1 7208 7196 7195 -1 7197 7210 7195 -1 7210 7197 7211 -1 7212 7213 7214 -1 7213 7212 7215 -1 7214 7154 7153 -1 7154 7214 7213 -1 7171 7216 7170 -1 7216 7171 7217 -1 7204 7218 7219 -1 7218 7204 7203 -1 7203 7220 7218 -1 7220 7203 7221 -1 7200 7222 7201 -1 7222 7200 7223 -1 7178 7224 7209 -1 7224 7178 7183 -1 7194 7225 7197 -1 7225 7194 7207 -1 7156 7206 7226 -1 7206 7156 7159 -1 7213 7097 7154 -1 7097 7213 7219 -1 7192 7220 7227 -1 7220 7192 7187 -1 7228 7110 7108 -1 7110 7228 7200 -1 7178 7208 7177 -1 7208 7178 7209 -1 7229 7108 7189 -1 7108 7229 7228 -1 7170 7230 7173 -1 7230 7170 7216 -1 7231 7222 7232 -1 7222 7231 7201 -1 7166 7232 7165 -1 7232 7166 7231 -1 7211 7215 7212 -1 7215 7211 7233 -1 7192 7193 7137 -1 7193 7192 7227 -1 7224 7196 7209 -1 7196 7224 7226 -1 7197 7233 7211 -1 7233 7197 7225 -1 7234 7205 7202 -1 7205 7234 7235 -1 7225 7202 7233 -1 7202 7225 7234 -1 7219 7098 7097 -1 7098 7219 7218 -1 7236 7132 7230 -1 7132 7236 7130 -1 7173 7132 7117 -1 7132 7173 7230 -1 7167 7231 7166 -1 7231 7167 7105 -1 7183 7157 7224 -1 7157 7183 7155 -1 7228 7223 7200 -1 7223 7228 7237 -1 7212 7236 7238 -1 7236 7212 7214 -1 7232 7239 7240 -1 7239 7232 7222 -1 7177 7217 7171 -1 7217 7177 7208 -1 7211 7238 7210 -1 7238 7211 7212 -1 7218 7187 7098 -1 7187 7218 7220 -1 7210 7216 7217 -1 7216 7210 7238 -1 7214 7130 7236 -1 7130 7214 7153 -1 7164 7198 7163 -1 7198 7164 7240 -1 7235 7237 7205 -1 7237 7235 7223 -1 7227 7189 7193 -1 7189 7227 7229 -1 7238 7230 7216 -1 7230 7238 7236 -1 7205 7221 7203 -1 7221 7205 7237 -1 7207 7234 7225 -1 7234 7207 7241 -1 7233 7204 7215 -1 7204 7233 7202 -1 7157 7226 7224 -1 7226 7157 7156 -1 7215 7219 7213 -1 7219 7215 7204 -1 7159 7199 7206 -1 7199 7159 7161 -1 7227 7221 7229 -1 7221 7227 7220 -1 7239 7223 7235 -1 7223 7239 7222 -1 7240 7241 7198 -1 7241 7240 7239 -1 7226 7194 7196 -1 7194 7226 7206 -1 7241 7235 7234 -1 7235 7241 7239 -1 7229 7237 7228 -1 7237 7229 7221 -1 7199 7241 7207 -1 7241 7199 7198 -1 7105 7201 7231 -1 7201 7105 7107 -1 7195 7217 7208 -1 7217 7195 7210 -1 7165 7240 7164 -1 7240 7165 7232 -1 7242 7243 7244 -1 7243 7242 7245 -1 7246 7247 7248 -1 7247 7246 7249 -1 7250 7251 7252 -1 7251 7250 7253 -1 7254 7255 7245 -1 7255 7254 7256 -1 7257 7258 7250 -1 7258 7257 7259 -1 7260 7261 7262 -1 7261 7260 7263 -1 7264 7265 7266 -1 7265 7264 7267 -1 7263 7268 7269 -1 7268 7263 7260 -1 7257 7267 7259 -1 7267 7257 7265 -1 7265 7257 7270 -1 7265 7270 7247 -1 7247 7270 7271 -1 7247 7271 7248 -1 7248 7271 7272 -1 7248 7272 7273 -1 7273 7272 7269 -1 7273 7269 7243 -1 7243 7269 7244 -1 7244 7269 7268 -1 7244 7268 7274 -1 7274 7268 7275 -1 7274 7275 7276 -1 7276 7275 7277 -1 7267 7278 7259 -1 7278 7267 7279 -1 7278 7279 7280 -1 7280 7279 7281 -1 7280 7281 7282 -1 7282 7281 7283 -1 7282 7283 7284 -1 7284 7283 7285 -1 7284 7285 7286 -1 7284 7286 7287 -1 7287 7286 7288 -1 7287 7288 7289 -1 7289 7288 7290 -1 7289 7290 7291 -1 7291 7290 7276 -1 7291 7276 7277 -1 7292 7249 7246 -1 7249 7292 7293 -1 7294 7295 7242 -1 7295 7294 7296 -1 7255 7248 7273 -1 7248 7255 7246 -1 7297 7260 7262 -1 7260 7297 7298 -1 7272 7299 7300 -1 7299 7272 7271 -1 7301 7254 7295 -1 7254 7301 7302 -1 7300 7303 7304 -1 7303 7300 7299 -1 7305 7306 7307 -1 7306 7305 7308 -1 7309 7310 7302 -1 7310 7309 7311 -1 7252 7257 7250 -1 7257 7252 7270 -1 7312 7275 7298 -1 7275 7312 7277 -1 7310 7292 7256 -1 7292 7310 7307 -1 7307 7293 7292 -1 7293 7307 7306 -1 7313 7298 7297 -1 7298 7313 7312 -1 7295 7245 7242 -1 7245 7295 7254 -1 7274 7242 7244 -1 7242 7274 7294 -1 7276 7294 7274 -1 7294 7276 7314 -1 7306 7315 7293 -1 7315 7306 7316 -1 7299 7251 7303 -1 7251 7299 7252 -1 7269 7300 7263 -1 7300 7269 7272 -1 7256 7246 7255 -1 7246 7256 7292 -1 7311 7307 7310 -1 7307 7311 7305 -1 7317 7318 7319 -1 7318 7317 7320 -1 7321 7319 7296 -1 7319 7321 7317 -1 7266 7247 7249 -1 7247 7266 7265 -1 7314 7296 7294 -1 7296 7314 7321 -1 7263 7304 7261 -1 7304 7263 7300 -1 7258 7253 7250 -1 7253 7258 7322 -1 7319 7323 7301 -1 7323 7319 7318 -1 7323 7302 7301 -1 7302 7323 7309 -1 7296 7301 7295 -1 7301 7296 7319 -1 7302 7256 7254 -1 7256 7302 7310 -1 7308 7316 7306 -1 7316 7308 7324 -1 7245 7273 7243 -1 7273 7245 7255 -1 7315 7264 7266 -1 7264 7315 7325 -1 7293 7266 7249 -1 7266 7293 7315 -1 7260 7275 7268 -1 7275 7260 7298 -1 7299 7270 7252 -1 7270 7299 7271 -1 7326 7283 7281 -1 7283 7326 7327 -1 7284 7328 7329 -1 7328 7284 7287 -1 7330 7331 7332 -1 7331 7330 7333 -1 7334 7335 7336 -1 7335 7334 7326 -1 7337 7320 7317 -1 7320 7337 7338 -1 7339 7332 7334 -1 7332 7339 7330 -1 7337 7340 7338 -1 7340 7337 7341 -1 7342 7325 7343 -1 7325 7342 7336 -1 7344 7345 7346 -1 7345 7344 7347 -1 7348 7349 7350 -1 7349 7348 7351 -1 7351 7352 7349 -1 7352 7351 7329 -1 7333 7344 7331 -1 7344 7333 7353 -1 7332 7354 7327 -1 7354 7332 7331 -1 7278 7258 7259 -1 7258 7278 7355 -1 7329 7356 7352 -1 7356 7329 7328 -1 7324 7343 7316 -1 7343 7324 7357 -1 7358 7333 7330 -1 7333 7358 7359 -1 7359 7353 7333 -1 7353 7359 7360 -1 7361 7317 7321 -1 7317 7361 7337 -1 7348 7362 7355 -1 7362 7348 7350 -1 7278 7348 7355 -1 7348 7278 7280 -1 7353 7347 7344 -1 7347 7353 7341 -1 7334 7327 7326 -1 7327 7334 7332 -1 7289 7328 7287 -1 7328 7289 7363 -1 7291 7363 7289 -1 7363 7291 7364 -1 7335 7267 7264 -1 7267 7335 7279 -1 7288 7365 7290 -1 7365 7288 7345 -1 7290 7314 7276 -1 7314 7290 7365 -1 7365 7347 7361 -1 7347 7365 7345 -1 7328 7366 7356 -1 7366 7328 7363 -1 7354 7286 7285 -1 7286 7354 7346 -1 7360 7341 7353 -1 7341 7360 7340 -1 7367 7342 7368 -1 7342 7367 7339 -1 7326 7279 7335 -1 7279 7326 7281 -1 7282 7329 7351 -1 7329 7282 7284 -1 7364 7277 7312 -1 7277 7364 7291 -1 7366 7364 7369 -1 7364 7366 7363 -1 7331 7346 7354 -1 7346 7331 7344 -1 7327 7285 7283 -1 7285 7327 7354 -1 7361 7341 7337 -1 7341 7361 7347 -1 7365 7321 7314 -1 7321 7365 7361 -1 7369 7312 7313 -1 7312 7369 7364 -1 7367 7330 7339 -1 7330 7367 7358 -1 7346 7288 7286 -1 7288 7346 7345 -1 7316 7325 7315 -1 7325 7316 7343 -1 7368 7343 7357 -1 7343 7368 7342 -1 7280 7351 7348 -1 7351 7280 7282 -1 7339 7336 7342 -1 7336 7339 7334 -1 7355 7322 7258 -1 7322 7355 7362 -1 7336 7264 7325 -1 7264 7336 7335 -1 7370 7371 7372 -1 7371 7370 7373 -1 7374 7375 7376 -1 7375 7374 7377 -1 7378 7379 7373 -1 7379 7378 7380 -1 7381 7360 7359 -1 7360 7381 7382 -1 7382 7381 7383 -1 7382 7383 7384 -1 7385 7386 7387 -1 7386 7385 7388 -1 7376 7389 7390 -1 7389 7376 7375 -1 7388 7391 7392 -1 7391 7388 7393 -1 7394 7385 7395 -1 7385 7394 7396 -1 7397 7308 7305 -1 7308 7397 7398 -1 7398 7397 7399 -1 7398 7399 7400 -1 7401 7398 7400 -1 7398 7401 7308 -1 7308 7401 7402 -1 7308 7402 7324 -1 7377 7403 7404 -1 7403 7377 7405 -1 7406 7378 7407 -1 7378 7406 7408 -1 7409 7410 7380 -1 7410 7409 7411 -1 7386 7392 7405 -1 7392 7386 7388 -1 7387 7408 7406 -1 7408 7387 7412 -1 7395 7387 7406 -1 7387 7395 7385 -1 7413 7414 7415 -1 7414 7413 7416 -1 7416 7413 7368 -1 7368 7413 7417 -1 7418 7419 7420 -1 7419 7418 7318 -1 7419 7318 7320 -1 7419 7320 7421 -1 7422 7309 7323 -1 7309 7422 7423 -1 7423 7422 7372 -1 7423 7372 7371 -1 7407 7373 7370 -1 7373 7407 7378 -1 7405 7424 7403 -1 7424 7405 7392 -1 7412 7409 7408 -1 7409 7412 7425 -1 7426 7406 7407 -1 7406 7426 7395 -1 7415 7402 7401 -1 7402 7415 7324 -1 7324 7415 7416 -1 7416 7415 7414 -1 7323 7372 7422 -1 7372 7323 7420 -1 7420 7323 7418 -1 7418 7323 7318 -1 7427 7358 7367 -1 7358 7427 7428 -1 7428 7427 7429 -1 7428 7429 7430 -1 7431 7432 7433 -1 7432 7431 7434 -1 7432 7434 7435 -1 7435 7434 7436 -1 7435 7436 7437 -1 7437 7436 7438 -1 7437 7438 7439 -1 7439 7438 7404 -1 7439 7404 7440 -1 7440 7404 7403 -1 7440 7403 7441 -1 7441 7403 7424 -1 7441 7424 7442 -1 7442 7424 7443 -1 7411 7444 7410 -1 7444 7411 7445 -1 7408 7380 7378 -1 7380 7408 7409 -1 7445 7446 7444 -1 7446 7445 7447 -1 7448 7401 7400 -1 7401 7448 7449 -1 7450 7445 7411 -1 7445 7450 7451 -1 7452 7453 7451 -1 7453 7452 7454 -1 7390 7451 7450 -1 7451 7390 7452 -1 7423 7311 7309 -1 7311 7423 7455 -1 7455 7423 7371 -1 7455 7371 7456 -1 7457 7431 7458 -1 7431 7457 7434 -1 7374 7405 7377 -1 7405 7374 7386 -1 7389 7434 7457 -1 7434 7389 7436 -1 7380 7459 7379 -1 7459 7380 7410 -1 7386 7412 7387 -1 7412 7386 7374 -1 7455 7305 7311 -1 7305 7455 7397 -1 7397 7455 7456 -1 7397 7456 7399 -1 7382 7340 7360 -1 7340 7382 7460 -1 7460 7382 7384 -1 7460 7384 7461 -1 7374 7425 7412 -1 7425 7374 7376 -1 7396 7388 7385 -1 7388 7396 7393 -1 7410 7448 7459 -1 7448 7410 7444 -1 7376 7450 7425 -1 7450 7376 7390 -1 7420 7370 7372 -1 7370 7420 7462 -1 7375 7436 7389 -1 7436 7375 7438 -1 7428 7359 7358 -1 7359 7428 7381 -1 7381 7428 7430 -1 7381 7430 7383 -1 7390 7457 7452 -1 7457 7390 7389 -1 7379 7399 7456 -1 7399 7379 7459 -1 7425 7411 7409 -1 7411 7425 7450 -1 7459 7400 7399 -1 7400 7459 7448 -1 7373 7456 7371 -1 7456 7373 7379 -1 7452 7458 7454 -1 7458 7452 7457 -1 7463 7395 7426 -1 7395 7463 7394 -1 7451 7447 7445 -1 7447 7451 7453 -1 7462 7407 7370 -1 7407 7462 7426 -1 7444 7449 7448 -1 7449 7444 7446 -1 7340 7464 7338 -1 7464 7340 7465 -1 7465 7340 7461 -1 7461 7340 7460 -1 7377 7438 7375 -1 7438 7377 7404 -1 7466 7426 7462 -1 7426 7466 7463 -1 7338 7421 7320 -1 7421 7338 7419 -1 7419 7338 7464 -1 7419 7464 7465 -1 7419 7462 7420 -1 7462 7419 7466 -1 7429 7417 7413 -1 7417 7367 7368 -1 7367 7417 7429 -1 7367 7429 7427 -1 7392 7443 7424 -1 7443 7392 7391 -1 7467 7468 7469 -1 7468 7467 7470 -1 7437 7471 7472 -1 7471 7437 7439 -1 7473 7393 7396 -1 7393 7473 7474 -1 7475 7476 7477 -1 7476 7475 7478 -1 7479 7480 7467 -1 7480 7479 7472 -1 7469 7481 7482 -1 7481 7469 7468 -1 7470 7483 7468 -1 7483 7470 7484 -1 7485 7486 7487 -1 7486 7485 7488 -1 7487 7430 7429 -1 7430 7487 7486 -1 7447 7489 7446 -1 7489 7447 7490 -1 7477 7491 7492 -1 7491 7477 7476 -1 7476 7493 7491 -1 7493 7476 7494 -1 7473 7495 7474 -1 7495 7473 7496 -1 7454 7497 7482 -1 7497 7454 7458 -1 7467 7498 7470 -1 7498 7467 7480 -1 7432 7479 7499 -1 7479 7432 7435 -1 7486 7383 7430 -1 7383 7486 7492 -1 7465 7493 7500 -1 7493 7465 7461 -1 7501 7396 7394 -1 7396 7501 7473 -1 7454 7481 7453 -1 7481 7454 7482 -1 7502 7394 7463 -1 7394 7502 7501 -1 7446 7503 7449 -1 7503 7446 7489 -1 7504 7495 7505 -1 7495 7504 7474 -1 7442 7505 7441 -1 7505 7442 7504 -1 7484 7488 7485 -1 7488 7484 7506 -1 7465 7466 7419 -1 7466 7465 7500 -1 7497 7469 7482 -1 7469 7497 7499 -1 7470 7506 7484 -1 7506 7470 7498 -1 7507 7478 7475 -1 7478 7507 7508 -1 7498 7475 7506 -1 7475 7498 7507 -1 7492 7384 7383 -1 7384 7492 7491 -1 7509 7415 7503 -1 7415 7509 7413 -1 7449 7415 7401 -1 7415 7449 7503 -1 7443 7504 7442 -1 7504 7443 7391 -1 7458 7433 7497 -1 7433 7458 7431 -1 7501 7496 7473 -1 7496 7501 7510 -1 7485 7509 7511 -1 7509 7485 7487 -1 7505 7512 7513 -1 7512 7505 7495 -1 7453 7490 7447 -1 7490 7453 7481 -1 7484 7511 7483 -1 7511 7484 7485 -1 7491 7461 7384 -1 7461 7491 7493 -1 7483 7489 7490 -1 7489 7483 7511 -1 7487 7413 7509 -1 7413 7487 7429 -1 7440 7471 7439 -1 7471 7440 7513 -1 7508 7510 7478 -1 7510 7508 7496 -1 7500 7463 7466 -1 7463 7500 7502 -1 7511 7503 7489 -1 7503 7511 7509 -1 7478 7494 7476 -1 7494 7478 7510 -1 7480 7507 7498 -1 7507 7480 7514 -1 7506 7477 7488 -1 7477 7506 7475 -1 7433 7499 7497 -1 7499 7433 7432 -1 7488 7492 7486 -1 7492 7488 7477 -1 7435 7472 7479 -1 7472 7435 7437 -1 7500 7494 7502 -1 7494 7500 7493 -1 7512 7496 7508 -1 7496 7512 7495 -1 7513 7514 7471 -1 7514 7513 7512 -1 7499 7467 7469 -1 7467 7499 7479 -1 7514 7508 7507 -1 7508 7514 7512 -1 7502 7510 7501 -1 7510 7502 7494 -1 7472 7514 7480 -1 7514 7472 7471 -1 7391 7474 7504 -1 7474 7391 7393 -1 7468 7490 7481 -1 7490 7468 7483 -1 7441 7513 7440 -1 7513 7441 7505 -1 7515 7516 7517 -1 7516 7515 7518 -1 7519 7520 7521 -1 7520 7519 7522 -1 7523 7524 7525 -1 7524 7523 7526 -1 7522 7527 7520 -1 7527 7522 7528 -1 7529 7530 7531 -1 7530 7529 7532 -1 7533 7519 7521 -1 7519 7533 7534 -1 7535 7531 7536 -1 7531 7535 7529 -1 7537 7538 7539 -1 7538 7537 7525 -1 7524 7536 7540 -1 7536 7524 7535 -1 7526 7541 7542 -1 7541 7526 7543 -1 7516 7544 7545 -1 7544 7516 7518 -1 7546 7547 7532 -1 7547 7546 7548 -1 7529 7546 7532 -1 7546 7529 7549 -1 7549 7550 7546 -1 7550 7549 7551 -1 7532 7552 7530 -1 7552 7532 7547 -1 7553 7517 7554 -1 7517 7553 7515 -1 7523 7555 7556 -1 7555 7523 7557 -1 7558 7552 7559 -1 7552 7558 7530 -1 7530 7558 7560 -1 7530 7560 7531 -1 7531 7560 7561 -1 7531 7561 7536 -1 7536 7561 7528 -1 7536 7528 7540 -1 7540 7528 7522 -1 7540 7522 7538 -1 7538 7522 7539 -1 7539 7522 7519 -1 7539 7519 7554 -1 7554 7519 7534 -1 7554 7534 7553 -1 7553 7534 7562 -1 7552 7563 7559 -1 7563 7552 7564 -1 7563 7564 7565 -1 7565 7564 7566 -1 7565 7566 7567 -1 7567 7566 7568 -1 7567 7568 7569 -1 7569 7568 7570 -1 7569 7570 7571 -1 7569 7571 7572 -1 7572 7571 7573 -1 7572 7573 7574 -1 7574 7573 7575 -1 7574 7575 7576 -1 7576 7575 7553 -1 7576 7553 7562 -1 7560 7577 7578 -1 7577 7560 7558 -1 7525 7557 7523 -1 7557 7525 7537 -1 7523 7543 7526 -1 7543 7523 7556 -1 7579 7534 7533 -1 7534 7579 7562 -1 7537 7516 7557 -1 7516 7537 7517 -1 7559 7577 7558 -1 7577 7559 7580 -1 7526 7535 7524 -1 7535 7526 7542 -1 7525 7540 7538 -1 7540 7525 7524 -1 7554 7537 7539 -1 7537 7554 7517 -1 7542 7551 7549 -1 7551 7542 7541 -1 7528 7581 7527 -1 7581 7528 7561 -1 7561 7578 7581 -1 7578 7561 7560 -1 7557 7545 7555 -1 7545 7557 7516 -1 7546 7582 7548 -1 7582 7546 7550 -1 7535 7549 7529 -1 7549 7535 7542 -1 7550 7583 7582 -1 7583 7550 7584 -1 7584 7550 7585 -1 7585 7550 7551 -1 7585 7551 7586 -1 7586 7551 7541 -1 7586 7541 7587 -1 7587 7541 7543 -1 7587 7543 7588 -1 7588 7543 7556 -1 7588 7556 7589 -1 7589 7556 7590 -1 7590 7556 7555 -1 7590 7555 7591 -1 7591 7555 7545 -1 7591 7545 7592 -1 7583 7593 7594 -1 7593 7583 7584 -1 7594 7593 7595 -1 7594 7595 7596 -1 7596 7595 7597 -1 7596 7597 7598 -1 7598 7597 7599 -1 7598 7599 7600 -1 7598 7600 7601 -1 7601 7600 7602 -1 7601 7602 7603 -1 7603 7602 7604 -1 7603 7604 7605 -1 7605 7604 7592 -1 7605 7592 7545 -1 7605 7545 7544 -1 7582 7606 7548 -1 7606 7582 7583 -1 7594 7607 7608 -1 7607 7594 7596 -1 7608 7609 7610 -1 7609 7608 7607 -1 7567 7611 7612 -1 7611 7567 7569 -1 7544 7613 7605 -1 7613 7544 7518 -1 7610 7564 7614 -1 7564 7610 7566 -1 7614 7552 7547 -1 7552 7614 7564 -1 7575 7615 7616 -1 7615 7575 7573 -1 7610 7568 7566 -1 7568 7610 7609 -1 7617 7571 7570 -1 7571 7617 7618 -1 7616 7518 7515 -1 7518 7616 7613 -1 7572 7619 7620 -1 7619 7572 7574 -1 7606 7610 7614 -1 7610 7606 7608 -1 7606 7547 7548 -1 7547 7606 7614 -1 7575 7515 7553 -1 7515 7575 7616 -1 7607 7617 7609 -1 7617 7607 7621 -1 7569 7620 7611 -1 7620 7569 7572 -1 7583 7608 7606 -1 7608 7583 7594 -1 7609 7570 7568 -1 7570 7609 7617 -1 7622 7618 7623 -1 7618 7622 7615 -1 7619 7576 7624 -1 7576 7619 7574 -1 7601 7621 7598 -1 7621 7601 7623 -1 7613 7615 7622 -1 7615 7613 7616 -1 7621 7618 7617 -1 7618 7621 7623 -1 7565 7625 7563 -1 7625 7565 7626 -1 7596 7621 7607 -1 7621 7596 7598 -1 7603 7623 7601 -1 7623 7603 7622 -1 7618 7573 7571 -1 7573 7618 7615 -1 7565 7612 7626 -1 7612 7565 7567 -1 7625 7577 7580 -1 7577 7625 7578 -1 7578 7625 7626 -1 7578 7626 7581 -1 7581 7626 7612 -1 7581 7612 7527 -1 7527 7612 7611 -1 7527 7611 7520 -1 7520 7611 7620 -1 7520 7620 7521 -1 7521 7620 7619 -1 7521 7619 7533 -1 7533 7619 7624 -1 7533 7624 7579 -1 7605 7622 7603 -1 7622 7605 7613 -1 7624 7562 7579 -1 7562 7624 7576 -1 7563 7580 7559 -1 7580 7563 7625 -1 7627 7628 7629 -1 7628 7627 7630 -1 7631 7632 7633 -1 7632 7631 7634 -1 7635 7636 7637 -1 7636 7635 7638 -1 7634 7639 7632 -1 7639 7634 7640 -1 7641 7642 7643 -1 7642 7641 7644 -1 7645 7631 7633 -1 7631 7645 7646 -1 7647 7643 7648 -1 7643 7647 7641 -1 7649 7650 7651 -1 7650 7649 7637 -1 7636 7648 7652 -1 7648 7636 7647 -1 7638 7653 7654 -1 7653 7638 7655 -1 7628 7656 7657 -1 7656 7628 7630 -1 7658 7659 7644 -1 7659 7658 7660 -1 7641 7658 7644 -1 7658 7641 7661 -1 7661 7662 7658 -1 7662 7661 7663 -1 7644 7664 7642 -1 7664 7644 7659 -1 7665 7629 7666 -1 7629 7665 7627 -1 7635 7667 7668 -1 7667 7635 7669 -1 7670 7664 7671 -1 7664 7670 7642 -1 7642 7670 7672 -1 7642 7672 7643 -1 7643 7672 7673 -1 7643 7673 7648 -1 7648 7673 7640 -1 7648 7640 7652 -1 7652 7640 7634 -1 7652 7634 7650 -1 7650 7634 7651 -1 7651 7634 7631 -1 7651 7631 7666 -1 7666 7631 7646 -1 7666 7646 7665 -1 7665 7646 7674 -1 7664 7675 7671 -1 7675 7664 7676 -1 7675 7676 7677 -1 7677 7676 7678 -1 7677 7678 7679 -1 7679 7678 7680 -1 7679 7680 7681 -1 7681 7680 7682 -1 7681 7682 7683 -1 7681 7683 7684 -1 7684 7683 7685 -1 7684 7685 7686 -1 7686 7685 7687 -1 7686 7687 7688 -1 7688 7687 7665 -1 7688 7665 7674 -1 7672 7689 7690 -1 7689 7672 7670 -1 7637 7669 7635 -1 7669 7637 7649 -1 7635 7655 7638 -1 7655 7635 7668 -1 7691 7646 7645 -1 7646 7691 7674 -1 7649 7628 7669 -1 7628 7649 7629 -1 7671 7689 7670 -1 7689 7671 7692 -1 7638 7647 7636 -1 7647 7638 7654 -1 7637 7652 7650 -1 7652 7637 7636 -1 7666 7649 7651 -1 7649 7666 7629 -1 7654 7663 7661 -1 7663 7654 7653 -1 7640 7693 7639 -1 7693 7640 7673 -1 7673 7690 7693 -1 7690 7673 7672 -1 7669 7657 7667 -1 7657 7669 7628 -1 7658 7694 7660 -1 7694 7658 7662 -1 7647 7661 7641 -1 7661 7647 7654 -1 7662 7695 7694 -1 7695 7662 7696 -1 7696 7662 7697 -1 7697 7662 7663 -1 7697 7663 7698 -1 7698 7663 7653 -1 7698 7653 7699 -1 7699 7653 7655 -1 7699 7655 7700 -1 7700 7655 7668 -1 7700 7668 7701 -1 7701 7668 7702 -1 7702 7668 7667 -1 7702 7667 7703 -1 7703 7667 7657 -1 7703 7657 7704 -1 7695 7705 7706 -1 7705 7695 7696 -1 7706 7705 7707 -1 7706 7707 7708 -1 7708 7707 7709 -1 7708 7709 7710 -1 7710 7709 7711 -1 7710 7711 7712 -1 7710 7712 7713 -1 7713 7712 7714 -1 7713 7714 7715 -1 7715 7714 7716 -1 7715 7716 7717 -1 7717 7716 7704 -1 7717 7704 7657 -1 7717 7657 7656 -1 7694 7718 7660 -1 7718 7694 7695 -1 7706 7719 7720 -1 7719 7706 7708 -1 7720 7721 7722 -1 7721 7720 7719 -1 7679 7723 7724 -1 7723 7679 7681 -1 7656 7725 7717 -1 7725 7656 7630 -1 7722 7676 7726 -1 7676 7722 7678 -1 7726 7664 7659 -1 7664 7726 7676 -1 7687 7727 7728 -1 7727 7687 7685 -1 7722 7680 7678 -1 7680 7722 7721 -1 7729 7683 7682 -1 7683 7729 7730 -1 7728 7630 7627 -1 7630 7728 7725 -1 7684 7731 7732 -1 7731 7684 7686 -1 7718 7722 7726 -1 7722 7718 7720 -1 7718 7659 7660 -1 7659 7718 7726 -1 7687 7627 7665 -1 7627 7687 7728 -1 7719 7729 7721 -1 7729 7719 7733 -1 7681 7732 7723 -1 7732 7681 7684 -1 7695 7720 7718 -1 7720 7695 7706 -1 7721 7682 7680 -1 7682 7721 7729 -1 7734 7730 7735 -1 7730 7734 7727 -1 7731 7688 7736 -1 7688 7731 7686 -1 7713 7733 7710 -1 7733 7713 7735 -1 7725 7727 7734 -1 7727 7725 7728 -1 7733 7730 7729 -1 7730 7733 7735 -1 7677 7737 7675 -1 7737 7677 7738 -1 7708 7733 7719 -1 7733 7708 7710 -1 7715 7735 7713 -1 7735 7715 7734 -1 7730 7685 7683 -1 7685 7730 7727 -1 7677 7724 7738 -1 7724 7677 7679 -1 7737 7689 7692 -1 7689 7737 7690 -1 7690 7737 7738 -1 7690 7738 7693 -1 7693 7738 7724 -1 7693 7724 7639 -1 7639 7724 7723 -1 7639 7723 7632 -1 7632 7723 7732 -1 7632 7732 7633 -1 7633 7732 7731 -1 7633 7731 7645 -1 7645 7731 7736 -1 7645 7736 7691 -1 7717 7734 7715 -1 7734 7717 7725 -1 7736 7674 7691 -1 7674 7736 7688 -1 7675 7692 7671 -1 7692 7675 7737 -1 7739 7740 7741 -1 7740 7739 7742 -1 7743 7744 7745 -1 7744 7743 7746 -1 7747 7748 7749 -1 7748 7747 7750 -1 7751 7752 7742 -1 7752 7751 7753 -1 7754 7755 7747 -1 7755 7754 7756 -1 7757 7758 7759 -1 7758 7757 7760 -1 7761 7762 7763 -1 7762 7761 7764 -1 7760 7765 7766 -1 7765 7760 7757 -1 7754 7764 7756 -1 7764 7754 7762 -1 7762 7754 7767 -1 7762 7767 7744 -1 7744 7767 7768 -1 7744 7768 7745 -1 7745 7768 7769 -1 7745 7769 7770 -1 7770 7769 7766 -1 7770 7766 7740 -1 7740 7766 7741 -1 7741 7766 7765 -1 7741 7765 7771 -1 7771 7765 7772 -1 7771 7772 7773 -1 7773 7772 7774 -1 7764 7775 7756 -1 7775 7764 7776 -1 7775 7776 7777 -1 7777 7776 7778 -1 7777 7778 7779 -1 7779 7778 7780 -1 7779 7780 7781 -1 7781 7780 7782 -1 7781 7782 7783 -1 7781 7783 7784 -1 7784 7783 7785 -1 7784 7785 7786 -1 7786 7785 7787 -1 7786 7787 7788 -1 7788 7787 7773 -1 7788 7773 7774 -1 7789 7746 7743 -1 7746 7789 7790 -1 7791 7792 7739 -1 7792 7791 7793 -1 7752 7745 7770 -1 7745 7752 7743 -1 7794 7757 7759 -1 7757 7794 7795 -1 7769 7796 7797 -1 7796 7769 7768 -1 7798 7751 7792 -1 7751 7798 7799 -1 7797 7800 7801 -1 7800 7797 7796 -1 7113 7802 7803 -1 7802 7113 7112 -1 7143 7804 7799 -1 7804 7143 7179 -1 7749 7754 7747 -1 7754 7749 7767 -1 7805 7772 7795 -1 7772 7805 7774 -1 7804 7789 7753 -1 7789 7804 7803 -1 7803 7790 7789 -1 7790 7803 7802 -1 7806 7795 7794 -1 7795 7806 7805 -1 7792 7742 7739 -1 7742 7792 7751 -1 7771 7739 7741 -1 7739 7771 7791 -1 7773 7791 7771 -1 7791 7773 7807 -1 7802 7808 7790 -1 7808 7802 7809 -1 7796 7748 7800 -1 7748 7796 7749 -1 7766 7797 7760 -1 7797 7766 7769 -1 7753 7743 7752 -1 7743 7753 7789 -1 7179 7803 7804 -1 7803 7179 7113 -1 7810 7139 7811 -1 7139 7810 7140 -1 7812 7811 7793 -1 7811 7812 7810 -1 7763 7744 7746 -1 7744 7763 7762 -1 7807 7793 7791 -1 7793 7807 7812 -1 7760 7801 7758 -1 7801 7760 7797 -1 7755 7750 7747 -1 7750 7755 7813 -1 7811 7144 7798 -1 7144 7811 7139 -1 7144 7799 7798 -1 7799 7144 7143 -1 7793 7798 7792 -1 7798 7793 7811 -1 7799 7753 7751 -1 7753 7799 7804 -1 7112 7809 7802 -1 7809 7112 7119 -1 7742 7770 7740 -1 7770 7742 7752 -1 7808 7761 7763 -1 7761 7808 7814 -1 7790 7763 7746 -1 7763 7790 7808 -1 7757 7772 7765 -1 7772 7757 7795 -1 7796 7767 7749 -1 7767 7796 7768 -1 7815 7780 7778 -1 7780 7815 7816 -1 7781 7817 7818 -1 7817 7781 7784 -1 7819 7820 7821 -1 7820 7819 7822 -1 7823 7824 7825 -1 7824 7823 7815 -1 7826 7140 7810 -1 7140 7826 7191 -1 7827 7821 7823 -1 7821 7827 7819 -1 7826 7185 7191 -1 7185 7826 7828 -1 7829 7814 7830 -1 7814 7829 7825 -1 7831 7832 7833 -1 7832 7831 7834 -1 7835 7836 7837 -1 7836 7835 7838 -1 7838 7839 7836 -1 7839 7838 7818 -1 7822 7831 7820 -1 7831 7822 7840 -1 7821 7841 7816 -1 7841 7821 7820 -1 7775 7755 7756 -1 7755 7775 7842 -1 7818 7843 7839 -1 7843 7818 7817 -1 7119 7830 7809 -1 7830 7119 7844 -1 7150 7822 7819 -1 7822 7150 7095 -1 7095 7840 7822 -1 7840 7095 7094 -1 7845 7810 7812 -1 7810 7845 7826 -1 7835 7846 7842 -1 7846 7835 7837 -1 7775 7835 7842 -1 7835 7775 7777 -1 7840 7834 7831 -1 7834 7840 7828 -1 7823 7816 7815 -1 7816 7823 7821 -1 7786 7817 7784 -1 7817 7786 7847 -1 7788 7847 7786 -1 7847 7788 7848 -1 7824 7764 7761 -1 7764 7824 7776 -1 7785 7849 7787 -1 7849 7785 7832 -1 7787 7807 7773 -1 7807 7787 7849 -1 7849 7834 7845 -1 7834 7849 7832 -1 7817 7850 7843 -1 7850 7817 7847 -1 7841 7783 7782 -1 7783 7841 7833 -1 7094 7828 7840 -1 7828 7094 7185 -1 7151 7829 7134 -1 7829 7151 7827 -1 7815 7776 7824 -1 7776 7815 7778 -1 7779 7818 7838 -1 7818 7779 7781 -1 7848 7774 7805 -1 7774 7848 7788 -1 7850 7848 7851 -1 7848 7850 7847 -1 7820 7833 7841 -1 7833 7820 7831 -1 7816 7782 7780 -1 7782 7816 7841 -1 7845 7828 7826 -1 7828 7845 7834 -1 7849 7812 7807 -1 7812 7849 7845 -1 7851 7805 7806 -1 7805 7851 7848 -1 7151 7819 7827 -1 7819 7151 7150 -1 7833 7785 7783 -1 7785 7833 7832 -1 7809 7814 7808 -1 7814 7809 7830 -1 7134 7830 7844 -1 7830 7134 7829 -1 7777 7838 7835 -1 7838 7777 7779 -1 7827 7825 7829 -1 7825 7827 7823 -1 7842 7813 7755 -1 7813 7842 7846 -1 7825 7761 7814 -1 7761 7825 7824 -1 7852 7853 7854 -1 7853 7852 7855 -1 7856 7853 7855 -1 7853 7856 7857 -1 7854 7858 7852 -1 7858 7854 7859 -1 7855 7858 7856 -1 7858 7855 7852 -1 7857 7858 7859 -1 7858 7857 7856 -1 7859 7853 7857 -1 7853 7859 7854 -1 7860 7861 7862 -1 7861 7860 7863 -1 7864 7862 7865 -1 7862 7864 7860 -1 7866 7862 7861 -1 7862 7866 7865 -1 7860 7867 7863 -1 7867 7860 7864 -1 7863 7866 7861 -1 7866 7863 7867 -1 7865 7867 7864 -1 7867 7865 7866 -1 7868 7869 7870 -1 7869 7868 7871 -1 7871 7872 7869 -1 7872 7871 7873 -1 7874 7872 7873 -1 7872 7874 7875 -1 7876 7868 7870 -1 7868 7876 7877 -1 7875 7869 7872 -1 7869 7875 7876 -1 7869 7876 7870 -1 7874 7876 7875 -1 7876 7874 7877 -1 7871 7874 7873 -1 7874 7871 7877 -1 7877 7871 7868 -1 7878 7879 7880 -1 7879 7878 7881 -1 7881 7882 7879 -1 7882 7881 7883 -1 7884 7882 7883 -1 7882 7884 7885 -1 7880 7886 7878 -1 7886 7880 7887 -1 7881 7884 7883 -1 7884 7881 7886 -1 7886 7881 7878 -1 7885 7886 7887 -1 7886 7885 7884 -1 7887 7882 7885 -1 7882 7887 7879 -1 7879 7887 7880 -1 7888 7889 7890 -1 7891 7892 7893 -1 7889 7894 7890 -1 7895 7896 7897 -1 7898 7899 7900 -1 7897 7896 7901 -1 7899 7902 7900 -1 7903 7892 7891 -1 7904 7905 7906 -1 7907 7904 7906 -1 7908 7909 7910 -1 7911 7910 7912 -1 7913 7914 7915 -1 7914 7913 7916 -1 7917 7918 7919 -1 7918 7917 7920 -1 7921 7922 7923 -1 7922 7921 7924 -1 7925 7926 7927 -1 7926 7925 7928 -1 7922 7929 7925 -1 7929 7922 7930 -1 7931 7932 7933 -1 7932 7931 7934 -1 7910 7914 7916 -1 7935 7908 7910 -1 7936 7907 7906 -1 7909 7920 7917 -1 7937 7938 7929 -1 7938 7937 7939 -1 7908 7940 7909 -1 7941 7934 7931 -1 7934 7941 7942 -1 7943 7942 7941 -1 7942 7943 7944 -1 7945 7946 7947 -1 7946 7945 7948 -1 7940 7936 7909 -1 7894 7945 7949 -1 7945 7894 7950 -1 7918 7931 7951 -1 7931 7918 7941 -1 7930 7937 7929 -1 7937 7930 7947 -1 7919 7951 7952 -1 7951 7919 7918 -1 7953 7934 7942 -1 7924 7930 7922 -1 7930 7924 7949 -1 7890 7949 7924 -1 7949 7890 7894 -1 7928 7954 7926 -1 7954 7928 7955 -1 7933 7893 7956 -1 7893 7933 7932 -1 7955 7957 7954 -1 7957 7955 7892 -1 7947 7952 7937 -1 7952 7947 7946 -1 7958 7959 7960 -1 7906 7944 7943 -1 7944 7906 7905 -1 7961 7924 7921 -1 7924 7961 7890 -1 7948 7915 7946 -1 7915 7948 7913 -1 7962 7960 7963 -1 7964 7965 7966 -1 7965 7964 7967 -1 7958 7953 7959 -1 7906 7920 7909 -1 7910 7909 7914 -1 7936 7906 7909 -1 7938 7955 7928 -1 7955 7938 7956 -1 7949 7947 7930 -1 7947 7949 7945 -1 7929 7928 7925 -1 7928 7929 7938 -1 7968 7913 7948 -1 7913 7968 7969 -1 7909 7917 7914 -1 7935 7910 7911 -1 7915 7917 7919 -1 7917 7915 7914 -1 7920 7941 7918 -1 7941 7920 7943 -1 7950 7948 7945 -1 7948 7950 7968 -1 7970 7910 7916 -1 7910 7970 7912 -1 7923 7925 7927 -1 7925 7923 7922 -1 7971 7972 7973 -1 7972 7934 7953 -1 7974 7975 7976 -1 7972 7932 7934 -1 7977 7968 7950 -1 7978 7973 7979 -1 7980 7905 7904 -1 7979 7958 7962 -1 7979 7974 7978 -1 7974 7979 7975 -1 7975 7979 7962 -1 7975 7962 7981 -1 7895 7982 7896 -1 7896 7903 7891 -1 7983 7984 7980 -1 7985 7986 7912 -1 7971 7987 7972 -1 7962 7958 7960 -1 7988 7976 7977 -1 7964 7966 7989 -1 7891 7893 7987 -1 7978 7971 7973 -1 7896 7891 7901 -1 7986 7911 7912 -1 7983 7980 7989 -1 7990 7899 7897 -1 7899 7990 7991 -1 7991 7990 7978 -1 7991 7978 7974 -1 7982 7992 7903 -1 7982 7903 7896 -1 7960 7959 7984 -1 7993 7900 7888 -1 7906 7943 7920 -1 7973 7972 7953 -1 7987 7932 7972 -1 7936 7964 7907 -1 7964 7936 7940 -1 7964 7940 7908 -1 7964 7908 7935 -1 7964 7935 7967 -1 7994 7982 7895 -1 7981 7995 7996 -1 7984 7944 7905 -1 7952 7939 7937 -1 7939 7952 7951 -1 7946 7919 7952 -1 7919 7946 7915 -1 7969 7916 7913 -1 7916 7969 7970 -1 7966 7983 7989 -1 7980 7904 7907 -1 7899 7991 7902 -1 7988 7977 7997 -1 7951 7933 7939 -1 7933 7951 7931 -1 7900 7889 7888 -1 7998 7986 7985 -1 7956 7892 7955 -1 7892 7956 7893 -1 7989 7980 7907 -1 7939 7956 7938 -1 7956 7939 7933 -1 7991 7974 7988 -1 7991 7988 7902 -1 7900 7902 7889 -1 7960 7984 7983 -1 7902 7997 7889 -1 7999 7935 7986 -1 7996 7998 7985 -1 7990 7971 7978 -1 7996 7995 7998 -1 7990 7901 7971 -1 7897 7901 7990 -1 7979 7973 7958 -1 7974 7976 7988 -1 8000 7970 7969 -1 7999 7967 7935 -1 7963 7983 7966 -1 7965 7999 7998 -1 7960 7983 7963 -1 8001 7888 7961 -1 8002 8000 7969 -1 8003 7996 8000 -1 7975 8003 7976 -1 7895 8004 7994 -1 8004 7895 7898 -1 7898 7895 7897 -1 7898 7897 7899 -1 7986 7935 7911 -1 7997 7950 7894 -1 7889 7997 7894 -1 7963 7981 7962 -1 7981 7963 7995 -1 7995 7963 7966 -1 7995 7966 7965 -1 7997 7977 7950 -1 8004 7898 7993 -1 7976 8002 7977 -1 7985 7912 7970 -1 7981 7996 8003 -1 8002 7969 7968 -1 7888 7890 7961 -1 7976 8003 8002 -1 7977 8002 7968 -1 7998 7999 7986 -1 7996 7985 8000 -1 8003 8000 8002 -1 7975 7981 8003 -1 7898 7900 7993 -1 7999 7965 7967 -1 7995 7965 7998 -1 7989 7907 7964 -1 7903 7957 7892 -1 7959 7942 7944 -1 7984 7905 7980 -1 7973 7953 7958 -1 7953 7942 7959 -1 7987 7893 7932 -1 7992 7957 7903 -1 7901 7987 7971 -1 8005 8001 8006 -1 8001 8005 7993 -1 7902 7988 7997 -1 8000 7985 7970 -1 7993 7888 8001 -1 7959 7944 7984 -1 7901 7891 7987 -1 7964 8007 8008 -1 8007 7964 7907 -1 7935 8007 7907 -1 8007 7935 8009 -1 7967 7907 7964 -1 7907 7967 7935 -1 7935 8010 8009 -1 8010 7935 7967 -1 8009 8008 8007 -1 8008 8009 8010 -1 8008 7967 7964 -1 7967 8008 8010 -1 8011 7993 8005 -1 7993 8011 8004 -1 8006 7961 8012 -1 7961 8006 8001 -1 8013 8004 8011 -1 8004 8013 7994 -1 7994 8014 7982 -1 8014 7994 8013 -1 8015 7957 8016 -1 7957 8015 7954 -1 8017 8018 8019 -1 8018 8020 8021 -1 8020 8022 8023 -1 8024 8025 8026 -1 8027 8028 8024 -1 8029 8030 8017 -1 8027 8024 8031 -1 8032 8033 8016 -1 8034 8035 8036 -1 8005 8006 8037 -1 8038 8039 8040 -1 8041 8042 8043 -1 8018 8021 8019 -1 8044 8032 8016 -1 8042 8045 8046 -1 8046 8043 8042 -1 8047 8043 8046 -1 8046 8048 8047 -1 8049 8042 8043 -1 8043 8047 8049 -1 8047 8048 8050 -1 8050 8049 8047 -1 8048 8046 8045 -1 8045 8050 8048 -1 8045 8042 8049 -1 8049 8050 8045 -1 8051 8052 8053 -1 8052 8051 8054 -1 8055 8036 8056 -1 8057 8026 8025 -1 8026 8057 8058 -1 8059 8060 8061 -1 8060 8059 8062 -1 8063 8058 8057 -1 8058 8063 8064 -1 8038 8065 8039 -1 8066 8067 8027 -1 7992 8016 7957 -1 8016 7992 8044 -1 8028 8029 8068 -1 8069 8042 8070 -1 8042 8069 8049 -1 8071 8072 8019 -1 8072 8071 8073 -1 8074 8054 8075 -1 8054 8074 8076 -1 8077 8078 8079 -1 8078 8077 8080 -1 8056 8081 8082 -1 8022 8083 8023 -1 8051 8084 8085 -1 8086 8055 8069 -1 8087 8088 8089 -1 8085 8090 8091 -1 8092 8093 8094 -1 8093 8092 8095 -1 8096 8034 8036 -1 8095 8059 8093 -1 8059 8095 8062 -1 8097 8043 8098 -1 8061 8015 8099 -1 8015 8061 8060 -1 8005 8037 8100 -1 8101 8031 8032 -1 7961 8092 8012 -1 8092 7961 7921 -1 8034 8079 8035 -1 8100 8065 8038 -1 8102 8030 8029 -1 8036 8035 8081 -1 8090 8047 8082 -1 8102 8103 8030 -1 8022 8043 8083 -1 8088 8104 8034 -1 8075 8051 8085 -1 8051 8075 8054 -1 8097 8023 8083 -1 8105 8057 8073 -1 8057 8105 8063 -1 8039 8106 8107 -1 8090 8108 8047 -1 8028 8068 8024 -1 8103 8109 8110 -1 8036 8081 8056 -1 8106 8080 8077 -1 8080 8106 8111 -1 8065 8112 8039 -1 8103 8110 8030 -1 8020 8023 8021 -1 8112 8111 8106 -1 8111 8112 8113 -1 8110 8114 8020 -1 8040 8107 8115 -1 8116 8040 8115 -1 8041 8043 8022 -1 8117 8118 8119 -1 8118 8117 8120 -1 8058 8033 8026 -1 8033 8058 8099 -1 8068 8017 8072 -1 8103 8087 8089 -1 8087 8103 8102 -1 8087 8102 8116 -1 8116 8102 8121 -1 7921 8095 8092 -1 8095 7921 7923 -1 8011 8005 8122 -1 8123 8113 8112 -1 8113 8123 8094 -1 8030 8110 8018 -1 8097 8083 8043 -1 8067 8121 8028 -1 8055 8056 8124 -1 8017 8019 8072 -1 8053 8097 8084 -1 8122 8005 8100 -1 8069 8055 8124 -1 7982 8044 7992 -1 8044 7982 8014 -1 8090 8082 8081 -1 8070 8086 8069 -1 8086 8070 8109 -1 8086 8109 8089 -1 8089 8109 8103 -1 8056 8082 8047 -1 8068 8072 8025 -1 8125 8066 8101 -1 8037 8123 8065 -1 8125 8101 8014 -1 8101 8027 8031 -1 8014 8101 8032 -1 7923 8062 8095 -1 8062 7923 7927 -1 8114 8041 8022 -1 8079 8091 8035 -1 8091 8079 8078 -1 8121 8126 8116 -1 8126 8121 8067 -1 8126 8067 8127 -1 8127 8067 8066 -1 8032 8031 8033 -1 8013 8125 8014 -1 8122 8100 8127 -1 8030 8018 8017 -1 8053 8071 8128 -1 8071 8053 8052 -1 8115 8104 8088 -1 8110 8109 8114 -1 8066 8122 8127 -1 8122 8066 8125 -1 8122 8125 8011 -1 8011 8125 8013 -1 8076 8063 8105 -1 8063 8076 8118 -1 8100 8037 8065 -1 8096 8036 8055 -1 8039 8112 8106 -1 8089 8088 8096 -1 8107 8106 8077 -1 8031 8026 8033 -1 8085 8084 8090 -1 8054 8105 8052 -1 8105 8054 8076 -1 8065 8123 8112 -1 8097 8021 8023 -1 8021 8097 8128 -1 8109 8070 8114 -1 8094 8117 8113 -1 8117 8094 8093 -1 8087 8115 8088 -1 8080 8075 8078 -1 8075 8080 8074 -1 8120 8061 8064 -1 8061 8120 8059 -1 8014 8032 8044 -1 8104 8079 8034 -1 8113 8119 8111 -1 8119 8113 8117 -1 8042 8041 8070 -1 8115 8107 8104 -1 8127 8038 8126 -1 8084 8129 8108 -1 8024 8068 8025 -1 8012 8094 8123 -1 8094 8012 8092 -1 8051 8053 8084 -1 8111 8074 8080 -1 8074 8111 8119 -1 8128 8019 8021 -1 8019 8128 8071 -1 8124 8049 8069 -1 8037 8012 8123 -1 8084 8098 8129 -1 8070 8041 8114 -1 8052 8073 8071 -1 8073 8052 8105 -1 8088 8034 8096 -1 8093 8120 8117 -1 8120 8093 8059 -1 8099 8016 8033 -1 8016 8099 8015 -1 8126 8040 8116 -1 8124 8056 8047 -1 8089 8096 8086 -1 8114 8022 8020 -1 8124 8047 8049 -1 8096 8055 8086 -1 8064 8099 8058 -1 8099 8064 8061 -1 8035 8090 8081 -1 8090 8035 8091 -1 8104 8077 8079 -1 8031 8024 8026 -1 8060 7954 8015 -1 7954 8060 7926 -1 8118 8064 8063 -1 8064 8118 8120 -1 8062 7926 8060 -1 7926 8062 7927 -1 8121 8029 8028 -1 8127 8100 8038 -1 8040 8039 8107 -1 8084 8097 8098 -1 8047 8042 8049 -1 8042 8047 8108 -1 8042 8108 8043 -1 8043 8108 8098 -1 8098 8108 8129 -1 8078 8085 8091 -1 8085 8078 8075 -1 8006 8012 8037 -1 8126 8038 8040 -1 8073 8025 8072 -1 8025 8073 8057 -1 8084 8108 8090 -1 8107 8077 8104 -1 8029 8017 8068 -1 8067 8028 8027 -1 8053 8128 8097 -1 8116 8115 8087 -1 8066 8027 8101 -1 8121 8102 8029 -1 8119 8076 8074 -1 8076 8119 8118 -1 8110 8020 8018 -1 8130 8131 8132 -1 8132 8133 8130 -1 8133 8134 8130 -1 8133 8135 8134 -1 8135 8136 8134 -1 8135 8137 8136 -1 8138 8139 8140 -1 8138 8141 8139 -1 8142 8143 8144 -1 8143 8145 8144 -1 8142 8144 8137 -1 8137 8135 8142 -1 8146 8142 8135 -1 8135 8133 8146 -1 8138 8140 8134 -1 8134 8136 8138 -1 8147 8148 8149 -1 8150 8146 8151 -1 8150 8151 8152 -1 8153 8147 8149 -1 8133 8132 8151 -1 8151 8146 8133 -1 8131 8130 8148 -1 8148 8147 8131 -1 8154 8155 8156 -1 8156 8157 8154 -1 8158 8159 8154 -1 8154 8157 8158 -1 8160 8161 8159 -1 8159 8158 8160 -1 8153 8149 8161 -1 8161 8160 8153 -1 8160 8152 8153 -1 8160 8150 8152 -1 8162 8163 8139 -1 8139 8141 8162 -1 8141 8145 8162 -1 8145 8143 8162 -1 8164 8165 8163 -1 8163 8162 8164 -1 8166 8167 8165 -1 8165 8164 8166 -1 8168 8169 8167 -1 8167 8166 8168 -1 8170 8171 8168 -1 8168 8156 8170 -1 8168 8166 8156 -1 8166 8157 8156 -1 8166 8158 8157 -1 8166 8164 8158 -1 8164 8162 8158 -1 8162 8160 8158 -1 8162 8143 8160 -1 8143 8150 8160 -1 8143 8146 8150 -1 8143 8142 8146 -1 8171 8172 8169 -1 8169 8168 8171 -1 8156 8155 8173 -1 8173 8170 8156 -1 8132 8131 8147 -1 8147 8153 8132 -1 8153 8152 8132 -1 8152 8151 8132 -1 8171 8170 8173 -1 8173 8172 8171 -1 8169 8172 8173 -1 8173 8155 8169 -1 8155 8167 8169 -1 8155 8154 8167 -1 8154 8159 8167 -1 8159 8165 8167 -1 8159 8163 8165 -1 8159 8161 8163 -1 8161 8139 8163 -1 8161 8149 8139 -1 8149 8148 8139 -1 8148 8140 8139 -1 8148 8134 8140 -1 8148 8130 8134 -1 8145 8141 8138 -1 8138 8136 8145 -1 8136 8137 8145 -1 8137 8144 8145 -1 8174 8175 8176 -1 8175 8174 8177 -1 8177 8174 8178 -1 8177 8178 8179 -1 8179 8178 8180 -1 8179 8180 8181 -1 8180 8182 8183 -1 8180 8183 8184 -1 8185 8186 8187 -1 8187 8186 8188 -1 8185 8181 8186 -1 8181 8185 8179 -1 8189 8179 8185 -1 8179 8189 8177 -1 8180 8178 8182 -1 8190 8191 8192 -1 8193 8194 8189 -1 8193 8195 8194 -1 8196 8191 8190 -1 8177 8194 8175 -1 8194 8177 8189 -1 8176 8192 8174 -1 8192 8176 8190 -1 8197 8198 8199 -1 8198 8197 8200 -1 8201 8197 8202 -1 8197 8201 8200 -1 8203 8202 8204 -1 8202 8203 8201 -1 8196 8204 8191 -1 8204 8196 8203 -1 8203 8196 8195 -1 8203 8195 8193 -1 8205 8183 8206 -1 8183 8205 8184 -1 8184 8205 8188 -1 8188 8205 8187 -1 8207 8206 8208 -1 8206 8207 8205 -1 8209 8208 8210 -1 8208 8209 8207 -1 8211 8210 8212 -1 8210 8211 8209 -1 8198 8213 8214 -1 8213 8198 8211 -1 8211 8198 8209 -1 8209 8198 8200 -1 8209 8200 8201 -1 8209 8201 8207 -1 8207 8201 8205 -1 8205 8201 8203 -1 8205 8203 8193 -1 8205 8193 8187 -1 8187 8193 8189 -1 8187 8189 8185 -1 8213 8212 8215 -1 8212 8213 8211 -1 8198 8216 8199 -1 8216 8198 8214 -1 8175 8190 8176 -1 8190 8175 8196 -1 8196 8175 8195 -1 8195 8175 8194 -1 8213 8216 8214 -1 8216 8213 8215 -1 8212 8216 8215 -1 8216 8212 8199 -1 8199 8212 8210 -1 8199 8210 8197 -1 8197 8210 8202 -1 8202 8210 8208 -1 8202 8208 8206 -1 8202 8206 8204 -1 8204 8206 8191 -1 8191 8206 8183 -1 8191 8183 8182 -1 8191 8182 8192 -1 8192 8182 8178 -1 8192 8178 8174 -1 8188 8180 8184 -1 8180 8188 8181 -1 8181 8188 8186 -1 8217 8218 8219 -1 8218 8217 8220 -1 8220 8217 8221 -1 8222 8223 8224 -1 8223 8222 2581 -1 8222 8224 8225 -1 8220 8226 8218 -1 8226 8220 8227 -1 8227 8220 8228 -1 8225 8229 8230 -1 8231 8232 8233 -1 8232 8231 8234 -1 8235 8236 8237 -1 8236 8235 8238 -1 8239 8240 8241 -1 8240 8239 8242 -1 8224 8243 8244 -1 8243 8224 8223 -1 8245 8246 8247 -1 8246 8245 8248 -1 8230 8249 8250 -1 8249 8230 8229 -1 8251 8238 8234 -1 8238 8251 8252 -1 8253 8254 8255 -1 8256 8257 8231 -1 8257 8256 8258 -1 8259 8260 8254 -1 8260 8259 8225 -1 8225 8259 8222 -1 8240 8261 8262 -1 8261 8240 8263 -1 8254 8264 8255 -1 8265 8255 8248 -1 8255 8265 8266 -1 8267 8252 8251 -1 8252 8267 8241 -1 8259 8254 8253 -1 8268 8248 8245 -1 8248 8268 8265 -1 8246 8230 8250 -1 8230 8246 8264 -1 8248 8264 8246 -1 8264 8248 8255 -1 8218 8269 8270 -1 8269 8218 8226 -1 8249 8228 8221 -1 8228 8249 8227 -1 8227 8249 8271 -1 8252 8236 8238 -1 8236 8252 8262 -1 8241 8262 8252 -1 8262 8241 8240 -1 2580 8222 8259 -1 8222 2580 2581 -1 8272 8241 8267 -1 8241 8272 8239 -1 8244 8273 8271 -1 8273 8244 8243 -1 8274 8275 8258 -1 8275 8274 8276 -1 8224 8244 8225 -1 8229 8271 8249 -1 8271 8229 8244 -1 8277 8239 8272 -1 8239 8277 8270 -1 8250 8221 8217 -1 8221 8250 8249 -1 8225 8244 8229 -1 8225 8230 8260 -1 8227 8278 8226 -1 8278 8227 8279 -1 8260 8230 8254 -1 8254 8230 8264 -1 8266 8253 8255 -1 8253 8266 8280 -1 8247 8250 8217 -1 8250 8247 8246 -1 8275 8281 8282 -1 8281 8275 8283 -1 8284 8285 8286 -1 8285 8284 8287 -1 8287 8284 8256 -1 8242 8263 8240 -1 8263 8242 8288 -1 8228 8220 8221 -1 8287 8231 8233 -1 8231 8287 8256 -1 8289 8217 8219 -1 8217 8289 8247 -1 8237 8290 8291 -1 8290 8237 8236 -1 8283 8292 8281 -1 8292 8283 8293 -1 8257 8267 8251 -1 8267 8257 8282 -1 8292 8219 8277 -1 8219 8292 8289 -1 8294 8238 8235 -1 8238 8294 8232 -1 8238 8232 8234 -1 8262 8290 8236 -1 8290 8262 8261 -1 8231 8251 8234 -1 8251 8231 8257 -1 8280 8259 8253 -1 8259 8280 2580 -1 8226 8295 8269 -1 8295 8226 8278 -1 8270 8242 8239 -1 8242 8270 8269 -1 8293 8289 8292 -1 8289 8293 8296 -1 8269 8288 8242 -1 8288 8269 8295 -1 8271 8279 8227 -1 8279 8271 8273 -1 8276 8283 8275 -1 8283 8276 8297 -1 8281 8277 8272 -1 8277 8281 8292 -1 8297 8293 8283 -1 8293 8297 8298 -1 8284 8258 8256 -1 8258 8284 8274 -1 8219 8270 8277 -1 8270 8219 8218 -1 8298 8296 8293 -1 8296 8298 8299 -1 8296 8247 8289 -1 8247 8296 8245 -1 8258 8282 8257 -1 8282 8258 8275 -1 8299 8245 8296 -1 8245 8299 8268 -1 8282 8272 8267 -1 8272 8282 8281 -1 8300 8301 8302 -1 8303 8304 8305 -1 8302 8301 8306 -1 8307 8308 8309 -1 8307 8302 8306 -1 8310 8311 8312 -1 8311 8310 8313 -1 8314 8315 8303 -1 8305 8304 8316 -1 8300 8316 8301 -1 8317 8307 8309 -1 8305 8316 8300 -1 8303 8315 8304 -1 8307 8306 8308 -1 8318 8319 8299 -1 8320 8280 8266 -1 8318 8299 8298 -1 8321 8297 8276 -1 8322 8323 8324 -1 8325 8326 8284 -1 8327 8328 8329 -1 8330 8322 8324 -1 8322 8330 8331 -1 8322 8332 8323 -1 8332 8322 8333 -1 8334 8298 8297 -1 8330 8324 8284 -1 8324 8325 8284 -1 8319 8329 8268 -1 8335 8330 8336 -1 8330 8335 8331 -1 8337 8338 8339 -1 8340 8341 8342 -1 8321 8334 8297 -1 8343 8344 8327 -1 8345 8321 8276 -1 8341 8346 8342 -1 8326 8345 8274 -1 8335 8347 8331 -1 8347 8335 8348 -1 8338 8349 8350 -1 8337 8339 8346 -1 8341 8337 8346 -1 8343 8349 8344 -1 8349 8343 8350 -1 8327 8344 8328 -1 8350 8343 8318 -1 8338 8350 8339 -1 8319 8268 8299 -1 8328 8344 8351 -1 8352 8261 8353 -1 8354 8355 8356 -1 8355 8354 8357 -1 8301 8358 8306 -1 8358 8295 8278 -1 8353 8263 8359 -1 8359 8288 8360 -1 8308 8361 8309 -1 8362 8290 8363 -1 8364 8278 8279 -1 8365 8243 8223 -1 8311 8362 8363 -1 8362 8311 8354 -1 8360 8288 8295 -1 8366 8290 8352 -1 8359 8263 8288 -1 8311 8363 8312 -1 8354 8367 8362 -1 8367 8354 8356 -1 8358 8278 8364 -1 8363 8290 8366 -1 8364 8279 8361 -1 8360 8295 8358 -1 8368 8366 8352 -1 8357 8354 8313 -1 8365 8223 2581 -1 8314 8368 8315 -1 8361 8273 8243 -1 8301 8360 8358 -1 8365 8361 8243 -1 8369 8368 8314 -1 8306 8358 8364 -1 8315 8353 8304 -1 8315 8352 8353 -1 8304 8353 8359 -1 8312 8363 8366 -1 8369 8312 8368 -1 8306 8364 8308 -1 8310 8312 8369 -1 8316 8360 8301 -1 8309 8361 8365 -1 8313 8354 8311 -1 8312 8366 8368 -1 8368 8352 8315 -1 8317 8365 2581 -1 8304 8359 8316 -1 8308 8364 8361 -1 8353 8261 8263 -1 8309 8365 8317 -1 8361 8279 8273 -1 8316 8359 8360 -1 8307 8349 8302 -1 8349 8307 8344 -1 8303 8340 8314 -1 8340 8303 8341 -1 8341 8303 8305 -1 8341 8305 8337 -1 8355 8347 8348 -1 8347 8355 8357 -1 8317 8344 8307 -1 8344 8317 8351 -1 8369 8332 8310 -1 8332 8369 8370 -1 8370 8369 8314 -1 8370 8314 8340 -1 8300 8337 8305 -1 8337 8300 8338 -1 8338 8300 8302 -1 8338 8302 8349 -1 8357 8333 8347 -1 8333 8357 8313 -1 8333 8313 8310 -1 8333 8310 8332 -1 8347 8333 8331 -1 8328 8351 8320 -1 8345 8276 8274 -1 8336 8284 8286 -1 8284 8336 8330 -1 8334 8318 8298 -1 8320 2580 8280 -1 8346 8339 8321 -1 8350 8318 8334 -1 8329 8266 8265 -1 8320 8266 8329 -1 8370 8340 8371 -1 8340 8342 8371 -1 8343 8319 8318 -1 8371 8326 8325 -1 8329 8265 8268 -1 8332 8370 8323 -1 8328 8320 8329 -1 8323 8325 8324 -1 8323 8371 8325 -1 8342 8345 8326 -1 8371 8342 8326 -1 8346 8321 8345 -1 8351 2580 8320 -1 8342 8346 8345 -1 8370 8371 8323 -1 8343 8327 8319 -1 8333 8322 8331 -1 8326 8274 8284 -1 8339 8334 8321 -1 8327 8329 8319 -1 8352 8290 8261 -1 8290 8367 8291 -1 8367 8290 8362 -1 8339 8350 8334 -1 2580 8372 2313 -1 8372 2580 8351 -1 2313 8372 8373 -1 2313 8373 2901 -1 8373 8372 8374 -1 8374 8372 8375 -1 8376 8377 8378 -1 8377 8376 8379 -1 2949 2581 2300 -1 2581 2949 8380 -1 2581 8380 8381 -1 2581 8381 8317 -1 8381 8380 8382 -1 8381 8382 8383 -1 2113 8384 8385 -1 8384 2113 8386 -1 8386 2113 2893 -1 8384 8386 8387 -1 8384 8387 8379 -1 8384 8379 8376 -1 8384 8376 8388 -1 8372 8317 8381 -1 8317 8372 8351 -1 2917 2114 8389 -1 8390 2114 8391 -1 2114 8390 8389 -1 8389 8390 8392 -1 8392 8390 8377 -1 8377 8390 8378 -1 8378 8390 8393 -1 8375 8381 8383 -1 8381 8375 8372 -1 8374 8383 8382 -1 8383 8374 8375 -1 2300 2947 2949 -1 2947 2300 8394 -1 8388 8378 8393 -1 8378 8388 8376 -1 2916 2114 2917 -1 2114 2916 8395 -1 8387 8389 8392 -1 8389 8387 8386 -1 8389 2916 2917 -1 2916 8389 2892 -1 2892 8389 2893 -1 2893 8389 8386 -1 2916 8396 2947 -1 8396 2916 2892 -1 2949 8373 8380 -1 8373 2949 2901 -1 2901 2949 2947 -1 2901 2947 8396 -1 2916 8394 8395 -1 8394 2916 2947 -1 8385 8390 8391 -1 8390 8385 8384 -1 8390 8388 8393 -1 8388 8390 8384 -1 8379 8392 8377 -1 8392 8379 8387 -1 8373 8382 8380 -1 8382 8373 8374 -1 8396 8397 8398 -1 8397 8396 2892 -1 8398 2901 8396 -1 2901 8398 2313 -1 2893 8397 2892 -1 8397 2893 2113 -1 8317 2580 2581 -1 2580 8317 8351 -1 8385 8397 2113 -1 8397 8385 8395 -1 8395 8385 2114 -1 2114 8385 8391 -1 8397 8394 8398 -1 8394 8397 8395 -1 2313 2581 2580 -1 2581 2313 2300 -1 2300 2313 8398 -1 2300 8398 8394 -1 8399 8388 8400 -1 8388 8399 8401 -1 8317 8402 8403 -1 8402 8317 8404 -1 8405 8406 8393 -1 8406 8405 8407 -1 8406 8408 8409 -1 8408 8406 8407 -1 8401 8410 8411 -1 8410 8401 8399 -1 8412 8399 8400 -1 8399 8412 8410 -1 8413 8414 8415 -1 8414 8413 8416 -1 8415 8417 8418 -1 8417 8415 8414 -1 8419 8420 8421 -1 8420 8419 8422 -1 8420 8422 8417 -1 8420 8417 8414 -1 8419 8423 8424 -1 8423 8419 8425 -1 8421 8425 8419 -1 8425 8421 8426 -1 8421 8427 8428 -1 8427 8421 8420 -1 8427 8420 8414 -1 8427 8414 8416 -1 8418 8423 8425 -1 8423 8418 8429 -1 8430 8431 8432 -1 8431 8430 8413 -1 8408 8433 8409 -1 8433 8408 8434 -1 8433 8434 8413 -1 8413 8434 8431 -1 8435 8436 8437 -1 8436 8435 8438 -1 8436 8439 8437 -1 8439 8436 8351 -1 8415 8425 8426 -1 8425 8415 8418 -1 8418 8440 8429 -1 8440 8418 8417 -1 8388 8405 8393 -1 8405 8388 8403 -1 8411 8439 8401 -1 8439 8411 8441 -1 8403 8351 8317 -1 8351 8403 8388 -1 8351 8388 8401 -1 8351 8401 8439 -1 8405 8431 8434 -1 8431 8405 8403 -1 8428 8426 8421 -1 8426 8428 8433 -1 8429 8424 8423 -1 8424 8429 8440 -1 8413 8426 8433 -1 8426 8413 8415 -1 8432 8404 8430 -1 8404 8432 8402 -1 8428 8388 8433 -1 8388 8428 8412 -1 8388 8412 8400 -1 8433 8393 8409 -1 8393 8433 8388 -1 8409 8393 8406 -1 8427 8411 8428 -1 8411 8427 8441 -1 8441 8427 8435 -1 8435 8427 8438 -1 8438 8427 8416 -1 8428 8410 8412 -1 8410 8428 8411 -1 8413 8317 8416 -1 8317 8413 8430 -1 8317 8430 8404 -1 8416 8351 8438 -1 8351 8416 8317 -1 8438 8351 8436 -1 8424 8422 8419 -1 8422 8424 8440 -1 8422 8440 8417 -1 8408 8405 8434 -1 8405 8408 8407 -1 8403 8432 8431 -1 8432 8403 8402 -1 8435 8439 8441 -1 8439 8435 8437 -1 8442 8443 8444 -1 8443 8442 8445 -1 8446 8447 8448 -1 8447 8446 8449 -1 8285 8449 8446 -1 8449 8285 8450 -1 8451 8452 8453 -1 8454 8237 8455 -1 8237 8454 8235 -1 8453 8456 8457 -1 8449 8458 8447 -1 8458 8449 8459 -1 8460 8461 8462 -1 8286 8446 8463 -1 8446 8286 8285 -1 8464 8465 8466 -1 8462 8461 8467 -1 8466 8465 8468 -1 8469 8470 8471 -1 8470 8469 8457 -1 8457 8469 8453 -1 8453 8469 8472 -1 8464 8473 8474 -1 8473 8464 8458 -1 8232 8294 8233 -1 8475 8476 8477 -1 8476 8475 8465 -1 8478 8479 8480 -1 8479 8478 8481 -1 8470 8482 8471 -1 8482 8470 8444 -1 8444 8470 8442 -1 8442 8470 8483 -1 8455 8291 8484 -1 8291 8455 8237 -1 8459 8235 8454 -1 8235 8459 8294 -1 8468 8465 8485 -1 8464 8474 8476 -1 8287 8233 8450 -1 8448 8468 8485 -1 8468 8448 8466 -1 8466 8448 8447 -1 8486 8487 8488 -1 8489 8490 8491 -1 8491 8480 8479 -1 8492 8491 8479 -1 8488 8493 8475 -1 8494 8495 8496 -1 8494 8496 8356 -1 8444 8497 8490 -1 8498 8475 8445 -1 8491 8477 8480 -1 8499 8486 8488 -1 8497 8477 8491 -1 8490 8497 8491 -1 8499 8483 8470 -1 8500 8501 8486 -1 8486 8463 8487 -1 8493 8465 8475 -1 8465 8493 8485 -1 8472 8502 8503 -1 8497 8443 8477 -1 8499 8488 8504 -1 8355 8494 8356 -1 8472 8469 8502 -1 8495 8505 8496 -1 8499 8504 8483 -1 8452 8501 8456 -1 8495 8506 8505 -1 8356 8496 8367 -1 8443 8497 8444 -1 8504 8488 8498 -1 8501 8286 8463 -1 8336 8286 8501 -1 8503 8502 8507 -1 8470 8500 8499 -1 8335 8336 8461 -1 8498 8488 8475 -1 8508 8492 8507 -1 8501 8463 8486 -1 8482 8490 8489 -1 8471 8489 8508 -1 8503 8507 8367 -1 8469 8508 8502 -1 8482 8489 8471 -1 8461 8336 8467 -1 8498 8445 8442 -1 8504 8442 8483 -1 8457 8500 8470 -1 8456 8501 8500 -1 8504 8498 8442 -1 8348 8335 8460 -1 8452 8336 8501 -1 8462 8467 8451 -1 8467 8336 8452 -1 8444 8490 8482 -1 8453 8452 8456 -1 8445 8477 8443 -1 8477 8445 8475 -1 8492 8479 8484 -1 8457 8456 8500 -1 8506 8472 8503 -1 8367 8507 8291 -1 8507 8492 8484 -1 8500 8486 8499 -1 8489 8491 8492 -1 8496 8505 8367 -1 8451 8467 8452 -1 8502 8508 8507 -1 8508 8489 8492 -1 8460 8335 8461 -1 8469 8471 8508 -1 8488 8487 8493 -1 8506 8503 8505 -1 8505 8503 8367 -1 8507 8484 8291 -1 8487 8485 8493 -1 8485 8487 8448 -1 8464 8476 8465 -1 8287 8450 8285 -1 8495 8460 8462 -1 8460 8495 8494 -1 8460 8494 8348 -1 8348 8494 8355 -1 8509 8478 8476 -1 8473 8455 8481 -1 8455 8473 8454 -1 8463 8448 8487 -1 8448 8463 8446 -1 8506 8453 8472 -1 8453 8506 8451 -1 8451 8506 8462 -1 8462 8506 8495 -1 8450 8459 8449 -1 8459 8450 8294 -1 8458 8454 8473 -1 8454 8458 8459 -1 8481 8484 8479 -1 8484 8481 8455 -1 8474 8509 8476 -1 8509 8481 8478 -1 8481 8509 8474 -1 8481 8474 8473 -1 8476 8480 8477 -1 8480 8476 8478 -1 8233 8294 8450 -1 8447 8464 8466 -1 8464 8447 8458 -1 8443 8510 8477 -1 8510 8443 8511 -1 8475 8510 8512 -1 8510 8475 8477 -1 8513 8475 8512 -1 8475 8513 8445 -1 8443 8513 8511 -1 8513 8443 8445 -1 8511 8512 8510 -1 8512 8511 8513 -1 8514 8515 8516 -1 8516 8517 8514 -1 8517 8518 8514 -1 8517 8519 8518 -1 8519 8520 8518 -1 8519 8521 8520 -1 8522 8523 8524 -1 8522 8525 8523 -1 8526 8527 8528 -1 8527 8529 8528 -1 8526 8528 8521 -1 8521 8519 8526 -1 8530 8526 8519 -1 8519 8517 8530 -1 8522 8524 8518 -1 8518 8520 8522 -1 8531 8532 8533 -1 8534 8530 8535 -1 8534 8535 8536 -1 8537 8531 8533 -1 8517 8516 8535 -1 8535 8530 8517 -1 8515 8514 8532 -1 8532 8531 8515 -1 8538 8539 8540 -1 8540 8541 8538 -1 8542 8543 8538 -1 8538 8541 8542 -1 8544 8545 8543 -1 8543 8542 8544 -1 8537 8533 8545 -1 8545 8544 8537 -1 8544 8536 8537 -1 8544 8534 8536 -1 8546 8547 8523 -1 8523 8525 8546 -1 8525 8529 8546 -1 8529 8527 8546 -1 8548 8549 8547 -1 8547 8546 8548 -1 8550 8551 8549 -1 8549 8548 8550 -1 8552 8553 8551 -1 8551 8550 8552 -1 8554 8555 8552 -1 8552 8540 8554 -1 8552 8550 8540 -1 8550 8541 8540 -1 8550 8542 8541 -1 8550 8548 8542 -1 8548 8546 8542 -1 8546 8544 8542 -1 8546 8527 8544 -1 8527 8534 8544 -1 8527 8530 8534 -1 8527 8526 8530 -1 8555 8556 8553 -1 8553 8552 8555 -1 8540 8539 8557 -1 8557 8554 8540 -1 8516 8515 8531 -1 8531 8537 8516 -1 8537 8536 8516 -1 8536 8535 8516 -1 8555 8554 8557 -1 8557 8556 8555 -1 8553 8556 8557 -1 8557 8539 8553 -1 8539 8551 8553 -1 8539 8538 8551 -1 8538 8543 8551 -1 8543 8549 8551 -1 8543 8547 8549 -1 8543 8545 8547 -1 8545 8523 8547 -1 8545 8533 8523 -1 8533 8532 8523 -1 8532 8524 8523 -1 8532 8518 8524 -1 8532 8514 8518 -1 8529 8525 8522 -1 8522 8520 8529 -1 8520 8521 8529 -1 8521 8528 8529 -1 8558 8559 8560 -1 8559 8558 8561 -1 8561 8558 8562 -1 8561 8562 8563 -1 8563 8562 8564 -1 8563 8564 8565 -1 8564 8566 8567 -1 8564 8567 8568 -1 8569 8570 8571 -1 8571 8570 8572 -1 8569 8565 8570 -1 8565 8569 8563 -1 8573 8563 8569 -1 8563 8573 8561 -1 8564 8562 8566 -1 8574 8575 8576 -1 8577 8578 8573 -1 8577 8579 8578 -1 8580 8575 8574 -1 8561 8578 8559 -1 8578 8561 8573 -1 8560 8576 8558 -1 8576 8560 8574 -1 8581 8582 8583 -1 8582 8581 8584 -1 8585 8581 8586 -1 8581 8585 8584 -1 8587 8586 8588 -1 8586 8587 8585 -1 8580 8588 8575 -1 8588 8580 8587 -1 8587 8580 8579 -1 8587 8579 8577 -1 8589 8567 8590 -1 8567 8589 8568 -1 8568 8589 8572 -1 8572 8589 8571 -1 8591 8590 8592 -1 8590 8591 8589 -1 8593 8592 8594 -1 8592 8593 8591 -1 8595 8594 8596 -1 8594 8595 8593 -1 8582 8597 8598 -1 8597 8582 8595 -1 8595 8582 8593 -1 8593 8582 8584 -1 8593 8584 8585 -1 8593 8585 8591 -1 8591 8585 8589 -1 8589 8585 8587 -1 8589 8587 8577 -1 8589 8577 8571 -1 8571 8577 8573 -1 8571 8573 8569 -1 8597 8596 8599 -1 8596 8597 8595 -1 8582 8600 8583 -1 8600 8582 8598 -1 8559 8574 8560 -1 8574 8559 8580 -1 8580 8559 8579 -1 8579 8559 8578 -1 8597 8600 8598 -1 8600 8597 8599 -1 8596 8600 8599 -1 8600 8596 8583 -1 8583 8596 8594 -1 8583 8594 8581 -1 8581 8594 8586 -1 8586 8594 8592 -1 8586 8592 8590 -1 8586 8590 8588 -1 8588 8590 8575 -1 8575 8590 8567 -1 8575 8567 8566 -1 8575 8566 8576 -1 8576 8566 8562 -1 8576 8562 8558 -1 8572 8564 8568 -1 8564 8572 8565 -1 8565 8572 8570 -1 8601 8602 8603 -1 8604 8605 8606 -1 8602 8607 8603 -1 8608 8609 8610 -1 8611 8612 8613 -1 8610 8609 8614 -1 8612 8615 8613 -1 8616 8605 8604 -1 8617 8618 8619 -1 8620 8617 8619 -1 8621 8622 8623 -1 8624 8623 8625 -1 8626 8627 8628 -1 8627 8626 8629 -1 8630 8631 8632 -1 8631 8630 8633 -1 8634 8635 8636 -1 8635 8634 8637 -1 8638 8639 8640 -1 8639 8638 8641 -1 8635 8642 8638 -1 8642 8635 8643 -1 8644 8645 8646 -1 8645 8644 8647 -1 8623 8627 8629 -1 8648 8621 8623 -1 8649 8620 8619 -1 8622 8633 8630 -1 8650 8651 8642 -1 8651 8650 8652 -1 8621 8653 8622 -1 8654 8647 8644 -1 8647 8654 8655 -1 8656 8655 8654 -1 8655 8656 8657 -1 8658 8659 8660 -1 8659 8658 8661 -1 8653 8649 8622 -1 8607 8658 8662 -1 8658 8607 8663 -1 8631 8644 8664 -1 8644 8631 8654 -1 8643 8650 8642 -1 8650 8643 8660 -1 8632 8664 8665 -1 8664 8632 8631 -1 8666 8647 8655 -1 8637 8643 8635 -1 8643 8637 8662 -1 8603 8662 8637 -1 8662 8603 8607 -1 8641 8667 8639 -1 8667 8641 8668 -1 8646 8606 8669 -1 8606 8646 8645 -1 8668 8670 8667 -1 8670 8668 8605 -1 8660 8665 8650 -1 8665 8660 8659 -1 8671 8672 8673 -1 8619 8657 8656 -1 8657 8619 8618 -1 8674 8637 8634 -1 8637 8674 8603 -1 8661 8628 8659 -1 8628 8661 8626 -1 8675 8673 8676 -1 8677 8678 8679 -1 8678 8677 8680 -1 8671 8666 8672 -1 8619 8633 8622 -1 8623 8622 8627 -1 8649 8619 8622 -1 8651 8668 8641 -1 8668 8651 8669 -1 8662 8660 8643 -1 8660 8662 8658 -1 8642 8641 8638 -1 8641 8642 8651 -1 8681 8626 8661 -1 8626 8681 8682 -1 8622 8630 8627 -1 8648 8623 8624 -1 8628 8630 8632 -1 8630 8628 8627 -1 8633 8654 8631 -1 8654 8633 8656 -1 8663 8661 8658 -1 8661 8663 8681 -1 8683 8623 8629 -1 8623 8683 8625 -1 8636 8638 8640 -1 8638 8636 8635 -1 8684 8685 8686 -1 8685 8647 8666 -1 8687 8688 8689 -1 8685 8645 8647 -1 8690 8681 8663 -1 8691 8686 8692 -1 8693 8618 8617 -1 8692 8671 8675 -1 8692 8687 8691 -1 8687 8692 8688 -1 8688 8692 8675 -1 8688 8675 8694 -1 8608 8695 8609 -1 8609 8616 8604 -1 8696 8697 8693 -1 8698 8699 8625 -1 8684 8700 8685 -1 8675 8671 8673 -1 8701 8689 8690 -1 8677 8679 8702 -1 8604 8606 8700 -1 8691 8684 8686 -1 8609 8604 8614 -1 8699 8624 8625 -1 8696 8693 8702 -1 8703 8612 8610 -1 8612 8703 8704 -1 8704 8703 8691 -1 8704 8691 8687 -1 8695 8705 8616 -1 8695 8616 8609 -1 8673 8672 8697 -1 8706 8613 8601 -1 8619 8656 8633 -1 8686 8685 8666 -1 8700 8645 8685 -1 8649 8677 8620 -1 8677 8649 8653 -1 8677 8653 8621 -1 8677 8621 8648 -1 8677 8648 8680 -1 8707 8695 8608 -1 8694 8708 8709 -1 8697 8657 8618 -1 8665 8652 8650 -1 8652 8665 8664 -1 8659 8632 8665 -1 8632 8659 8628 -1 8682 8629 8626 -1 8629 8682 8683 -1 8679 8696 8702 -1 8693 8617 8620 -1 8612 8704 8615 -1 8701 8690 8710 -1 8664 8646 8652 -1 8646 8664 8644 -1 8613 8602 8601 -1 8711 8699 8698 -1 8669 8605 8668 -1 8605 8669 8606 -1 8702 8693 8620 -1 8652 8669 8651 -1 8669 8652 8646 -1 8704 8687 8701 -1 8704 8701 8615 -1 8613 8615 8602 -1 8673 8697 8696 -1 8615 8710 8602 -1 8712 8648 8699 -1 8709 8711 8698 -1 8703 8684 8691 -1 8709 8708 8711 -1 8703 8614 8684 -1 8610 8614 8703 -1 8692 8686 8671 -1 8687 8689 8701 -1 8713 8683 8682 -1 8712 8680 8648 -1 8676 8696 8679 -1 8678 8712 8711 -1 8673 8696 8676 -1 8714 8601 8674 -1 8715 8713 8682 -1 8716 8709 8713 -1 8688 8716 8689 -1 8608 8717 8707 -1 8717 8608 8611 -1 8611 8608 8610 -1 8611 8610 8612 -1 8699 8648 8624 -1 8710 8663 8607 -1 8602 8710 8607 -1 8676 8694 8675 -1 8694 8676 8708 -1 8708 8676 8679 -1 8708 8679 8678 -1 8710 8690 8663 -1 8717 8611 8706 -1 8689 8715 8690 -1 8698 8625 8683 -1 8694 8709 8716 -1 8715 8682 8681 -1 8601 8603 8674 -1 8689 8716 8715 -1 8690 8715 8681 -1 8711 8712 8699 -1 8709 8698 8713 -1 8716 8713 8715 -1 8688 8694 8716 -1 8611 8613 8706 -1 8712 8678 8680 -1 8708 8678 8711 -1 8702 8620 8677 -1 8616 8670 8605 -1 8672 8655 8657 -1 8697 8618 8693 -1 8686 8666 8671 -1 8666 8655 8672 -1 8700 8606 8645 -1 8705 8670 8616 -1 8614 8700 8684 -1 8718 8714 8719 -1 8714 8718 8706 -1 8615 8701 8710 -1 8713 8698 8683 -1 8706 8601 8714 -1 8672 8657 8697 -1 8614 8604 8700 -1 8677 8720 8721 -1 8720 8677 8620 -1 8648 8720 8620 -1 8720 8648 8722 -1 8680 8620 8677 -1 8620 8680 8648 -1 8648 8723 8722 -1 8723 8648 8680 -1 8722 8721 8720 -1 8721 8722 8723 -1 8721 8680 8677 -1 8680 8721 8723 -1 8724 8706 8718 -1 8706 8724 8717 -1 8719 8674 8725 -1 8674 8719 8714 -1 8726 8717 8724 -1 8717 8726 8707 -1 8707 8727 8695 -1 8727 8707 8726 -1 8728 8670 8729 -1 8670 8728 8667 -1 8730 8731 8732 -1 8731 8733 8734 -1 8733 8735 8736 -1 8737 8738 8739 -1 8740 8741 8737 -1 8742 8743 8730 -1 8740 8737 8744 -1 8745 8746 8729 -1 8747 8748 8749 -1 8718 8719 8750 -1 8751 8752 8753 -1 8754 8755 8756 -1 8731 8734 8732 -1 8757 8745 8729 -1 8755 8758 8759 -1 8759 8756 8755 -1 8760 8756 8759 -1 8759 8761 8760 -1 8762 8755 8756 -1 8756 8760 8762 -1 8760 8761 8763 -1 8763 8762 8760 -1 8761 8759 8758 -1 8758 8763 8761 -1 8758 8755 8762 -1 8762 8763 8758 -1 8764 8765 8766 -1 8765 8764 8767 -1 8768 8749 8769 -1 8770 8739 8738 -1 8739 8770 8771 -1 8772 8773 8774 -1 8773 8772 8775 -1 8776 8771 8770 -1 8771 8776 8777 -1 8751 8778 8752 -1 8779 8780 8740 -1 8705 8729 8670 -1 8729 8705 8757 -1 8741 8742 8781 -1 8782 8755 8783 -1 8755 8782 8762 -1 8784 8785 8732 -1 8785 8784 8786 -1 8787 8767 8788 -1 8767 8787 8789 -1 8790 8791 8792 -1 8791 8790 8793 -1 8769 8794 8795 -1 8735 8796 8736 -1 8764 8797 8798 -1 8799 8768 8782 -1 8800 8801 8802 -1 8798 8803 8804 -1 8805 8806 8807 -1 8806 8805 8808 -1 8809 8747 8749 -1 8808 8772 8806 -1 8772 8808 8775 -1 8810 8756 8811 -1 8774 8728 8812 -1 8728 8774 8773 -1 8718 8750 8813 -1 8814 8744 8745 -1 8674 8805 8725 -1 8805 8674 8634 -1 8747 8792 8748 -1 8813 8778 8751 -1 8815 8743 8742 -1 8749 8748 8794 -1 8803 8760 8795 -1 8815 8816 8743 -1 8735 8756 8796 -1 8801 8817 8747 -1 8788 8764 8798 -1 8764 8788 8767 -1 8810 8736 8796 -1 8818 8770 8786 -1 8770 8818 8776 -1 8752 8819 8820 -1 8803 8821 8760 -1 8741 8781 8737 -1 8816 8822 8823 -1 8749 8794 8769 -1 8819 8793 8790 -1 8793 8819 8824 -1 8778 8825 8752 -1 8816 8823 8743 -1 8733 8736 8734 -1 8825 8824 8819 -1 8824 8825 8826 -1 8823 8827 8733 -1 8753 8820 8828 -1 8829 8753 8828 -1 8754 8756 8735 -1 8830 8831 8832 -1 8831 8830 8833 -1 8771 8746 8739 -1 8746 8771 8812 -1 8781 8730 8785 -1 8816 8800 8802 -1 8800 8816 8815 -1 8800 8815 8829 -1 8829 8815 8834 -1 8634 8808 8805 -1 8808 8634 8636 -1 8724 8718 8835 -1 8836 8826 8825 -1 8826 8836 8807 -1 8743 8823 8731 -1 8810 8796 8756 -1 8780 8834 8741 -1 8768 8769 8837 -1 8730 8732 8785 -1 8766 8810 8797 -1 8835 8718 8813 -1 8782 8768 8837 -1 8695 8757 8705 -1 8757 8695 8727 -1 8803 8795 8794 -1 8783 8799 8782 -1 8799 8783 8822 -1 8799 8822 8802 -1 8802 8822 8816 -1 8769 8795 8760 -1 8781 8785 8738 -1 8838 8779 8814 -1 8750 8836 8778 -1 8838 8814 8727 -1 8814 8740 8744 -1 8727 8814 8745 -1 8636 8775 8808 -1 8775 8636 8640 -1 8827 8754 8735 -1 8792 8804 8748 -1 8804 8792 8791 -1 8834 8839 8829 -1 8839 8834 8780 -1 8839 8780 8840 -1 8840 8780 8779 -1 8745 8744 8746 -1 8726 8838 8727 -1 8835 8813 8840 -1 8743 8731 8730 -1 8766 8784 8841 -1 8784 8766 8765 -1 8828 8817 8801 -1 8823 8822 8827 -1 8779 8835 8840 -1 8835 8779 8838 -1 8835 8838 8724 -1 8724 8838 8726 -1 8789 8776 8818 -1 8776 8789 8831 -1 8813 8750 8778 -1 8809 8749 8768 -1 8752 8825 8819 -1 8802 8801 8809 -1 8820 8819 8790 -1 8744 8739 8746 -1 8798 8797 8803 -1 8767 8818 8765 -1 8818 8767 8789 -1 8778 8836 8825 -1 8810 8734 8736 -1 8734 8810 8841 -1 8822 8783 8827 -1 8807 8830 8826 -1 8830 8807 8806 -1 8800 8828 8801 -1 8793 8788 8791 -1 8788 8793 8787 -1 8833 8774 8777 -1 8774 8833 8772 -1 8727 8745 8757 -1 8817 8792 8747 -1 8826 8832 8824 -1 8832 8826 8830 -1 8755 8754 8783 -1 8828 8820 8817 -1 8840 8751 8839 -1 8797 8842 8821 -1 8737 8781 8738 -1 8725 8807 8836 -1 8807 8725 8805 -1 8764 8766 8797 -1 8824 8787 8793 -1 8787 8824 8832 -1 8841 8732 8734 -1 8732 8841 8784 -1 8837 8762 8782 -1 8750 8725 8836 -1 8797 8811 8842 -1 8783 8754 8827 -1 8765 8786 8784 -1 8786 8765 8818 -1 8801 8747 8809 -1 8806 8833 8830 -1 8833 8806 8772 -1 8812 8729 8746 -1 8729 8812 8728 -1 8839 8753 8829 -1 8837 8769 8760 -1 8802 8809 8799 -1 8827 8735 8733 -1 8837 8760 8762 -1 8809 8768 8799 -1 8777 8812 8771 -1 8812 8777 8774 -1 8748 8803 8794 -1 8803 8748 8804 -1 8817 8790 8792 -1 8744 8737 8739 -1 8773 8667 8728 -1 8667 8773 8639 -1 8831 8777 8776 -1 8777 8831 8833 -1 8775 8639 8773 -1 8639 8775 8640 -1 8834 8742 8741 -1 8840 8813 8751 -1 8753 8752 8820 -1 8797 8810 8811 -1 8760 8755 8762 -1 8755 8760 8821 -1 8755 8821 8756 -1 8756 8821 8811 -1 8811 8821 8842 -1 8791 8798 8804 -1 8798 8791 8788 -1 8719 8725 8750 -1 8839 8751 8753 -1 8786 8738 8785 -1 8738 8786 8770 -1 8797 8821 8803 -1 8820 8790 8817 -1 8742 8730 8781 -1 8780 8741 8740 -1 8766 8841 8810 -1 8829 8828 8800 -1 8779 8740 8814 -1 8834 8815 8742 -1 8832 8789 8787 -1 8789 8832 8831 -1 8823 8733 8731 -1 8843 8844 8845 -1 8844 8843 8846 -1 8846 8843 8847 -1 8846 8847 8848 -1 8847 8843 8849 -1 8850 8851 8852 -1 8851 8850 8853 -1 8853 8850 8854 -1 8853 8854 8855 -1 8856 8857 8858 -1 8859 8860 8861 -1 8862 8863 8854 -1 8863 8862 8864 -1 8859 8865 8860 -1 8866 8855 8863 -1 8867 8859 8861 -1 8868 8848 8869 -1 8848 8868 8846 -1 8863 8855 8854 -1 8861 8860 8870 -1 8857 8871 8859 -1 8872 8866 8873 -1 8874 8861 8870 -1 8861 8874 8867 -1 8867 8874 8875 -1 8875 8874 8876 -1 8856 8877 8878 -1 8873 8866 8863 -1 8864 8873 8863 -1 8873 8864 8870 -1 8870 8864 8874 -1 8874 8864 8879 -1 8858 8857 8867 -1 8875 8858 8867 -1 8858 8875 8845 -1 8845 8875 8843 -1 8843 8875 8880 -1 8881 8882 8883 -1 8882 8881 8884 -1 8885 8886 8887 -1 8870 8872 8873 -1 8879 8888 8889 -1 8890 8877 8856 -1 8891 8892 8893 -1 8894 8895 8896 -1 8897 8898 8899 -1 8898 8897 8900 -1 8901 8902 8903 -1 8902 8901 8904 -1 8904 8901 8905 -1 8904 8905 8862 -1 8906 8907 8908 -1 8907 8906 8909 -1 8878 8910 8871 -1 8877 8911 8912 -1 8857 8859 8867 -1 8913 8914 8846 -1 8875 8876 8891 -1 8880 8915 8916 -1 8917 8918 8919 -1 8920 8921 8922 -1 8921 8920 8923 -1 8874 8879 8889 -1 8846 8914 8844 -1 8880 8875 8915 -1 8924 8925 8926 -1 8927 8928 8895 -1 8855 8929 8930 -1 8890 8856 8845 -1 8882 8931 8932 -1 8931 8882 8921 -1 8847 8843 8917 -1 8924 8899 8925 -1 8899 8924 8897 -1 8910 8933 8934 -1 8933 8910 8935 -1 8857 8878 8871 -1 8931 8936 8932 -1 8936 8931 8937 -1 8888 8938 8939 -1 8890 8887 8877 -1 8940 8928 8911 -1 8928 8940 8895 -1 8892 8941 8942 -1 8891 8943 8892 -1 8943 8944 8892 -1 8945 8922 8946 -1 8922 8945 8920 -1 8889 8939 8944 -1 8871 8910 8934 -1 8923 8931 8921 -1 8931 8923 8947 -1 8911 8948 8912 -1 8948 8911 8928 -1 8864 8862 8905 -1 8949 8922 8884 -1 8922 8949 8946 -1 8933 8883 8950 -1 8883 8933 8881 -1 8919 8897 8924 -1 8848 8951 8869 -1 8876 8943 8891 -1 8848 8847 8952 -1 8925 8896 8953 -1 8860 8872 8870 -1 8954 8908 8955 -1 8908 8954 8950 -1 8859 8871 8865 -1 8952 8919 8956 -1 8868 8885 8913 -1 8918 8900 8897 -1 8909 8957 8958 -1 8957 8909 8936 -1 8886 8940 8887 -1 8872 8959 8960 -1 8895 8886 8885 -1 8957 8961 8962 -1 8961 8957 8963 -1 8964 8893 8965 -1 8887 8911 8877 -1 8925 8966 8894 -1 8919 8918 8897 -1 8893 8892 8942 -1 8948 8967 8935 -1 8967 8948 8968 -1 8907 8958 8969 -1 8958 8907 8909 -1 8843 8916 8917 -1 8869 8951 8956 -1 8860 8865 8959 -1 8889 8888 8939 -1 8878 8912 8910 -1 8865 8954 8959 -1 8898 8946 8970 -1 8946 8898 8945 -1 8947 8937 8931 -1 8937 8947 8971 -1 8972 8973 8974 -1 8894 8927 8895 -1 8887 8940 8911 -1 8848 8952 8951 -1 8953 8896 8975 -1 8956 8925 8953 -1 8914 8887 8890 -1 8915 8893 8964 -1 8899 8966 8925 -1 8976 8977 8978 -1 8977 8976 8974 -1 8914 8890 8844 -1 8928 8968 8948 -1 8968 8928 8927 -1 8876 8874 8943 -1 8954 8955 8960 -1 8846 8868 8913 -1 8939 8979 8980 -1 8956 8919 8926 -1 8966 8981 8894 -1 8981 8966 8982 -1 8982 8966 8970 -1 8892 8944 8941 -1 8937 8957 8936 -1 8957 8937 8963 -1 8893 8942 8965 -1 8879 8864 8888 -1 8975 8896 8983 -1 8952 8847 8917 -1 8984 8985 8986 -1 8985 8984 8987 -1 8983 8895 8885 -1 8938 8974 8979 -1 8927 8982 8968 -1 8982 8927 8894 -1 8982 8894 8981 -1 8952 8917 8919 -1 8871 8934 8865 -1 8916 8915 8964 -1 8939 8938 8979 -1 8845 8856 8858 -1 8987 8988 8985 -1 8988 8987 8969 -1 8888 8905 8938 -1 8874 8889 8943 -1 8969 8989 8988 -1 8989 8969 8958 -1 8919 8924 8926 -1 8930 8987 8984 -1 8967 8884 8881 -1 8884 8967 8949 -1 8866 8929 8855 -1 8970 8949 8982 -1 8949 8970 8946 -1 8896 8895 8983 -1 8958 8962 8989 -1 8962 8958 8957 -1 8937 8976 8963 -1 8976 8937 8971 -1 8899 8970 8966 -1 8970 8899 8898 -1 8916 8964 8918 -1 8866 8960 8929 -1 8877 8912 8878 -1 8926 8925 8956 -1 8922 8882 8884 -1 8882 8922 8921 -1 8943 8889 8944 -1 8977 8973 8990 -1 8973 8977 8974 -1 8938 8972 8974 -1 8979 8976 8971 -1 8976 8979 8974 -1 8908 8991 8955 -1 8991 8908 8907 -1 8991 8969 8987 -1 8969 8991 8907 -1 8934 8950 8954 -1 8950 8934 8933 -1 8939 8980 8941 -1 8929 8987 8930 -1 8914 8885 8887 -1 8963 8978 8961 -1 8978 8963 8976 -1 8960 8991 8929 -1 8941 8947 8923 -1 8947 8941 8980 -1 8860 8959 8872 -1 8942 8923 8920 -1 8923 8942 8941 -1 8905 8972 8938 -1 8951 8952 8956 -1 8864 8905 8888 -1 8960 8955 8991 -1 8944 8939 8941 -1 8935 8881 8933 -1 8881 8935 8967 -1 8872 8960 8866 -1 8950 8906 8908 -1 8906 8950 8883 -1 8965 8920 8945 -1 8920 8965 8942 -1 8918 8964 8900 -1 8843 8880 8916 -1 8980 8971 8947 -1 8971 8980 8979 -1 8917 8916 8918 -1 8856 8878 8857 -1 8900 8945 8898 -1 8945 8900 8965 -1 8853 8986 8851 -1 8986 8853 8855 -1 8986 8855 8984 -1 8984 8855 8930 -1 8912 8935 8910 -1 8935 8912 8948 -1 8964 8965 8900 -1 8929 8991 8987 -1 8959 8954 8960 -1 8932 8909 8906 -1 8909 8932 8936 -1 8990 8901 8903 -1 8901 8990 8905 -1 8905 8990 8973 -1 8905 8973 8972 -1 8915 8891 8893 -1 8925 8894 8896 -1 8844 8890 8845 -1 8895 8940 8886 -1 8875 8891 8915 -1 8869 8885 8868 -1 8885 8869 8983 -1 8983 8869 8975 -1 8975 8869 8953 -1 8953 8869 8956 -1 8865 8934 8954 -1 8913 8885 8914 -1 8968 8949 8967 -1 8949 8968 8982 -1 8883 8932 8906 -1 8932 8883 8882 -1 8977 8990 8992 -1 8993 8994 8995 -1 8994 8993 8996 -1 8997 8998 8999 -1 8998 8997 9000 -1 9001 9002 9003 -1 9002 9001 8999 -1 9004 9005 9006 -1 9005 9004 9007 -1 9008 8996 8993 -1 8996 9008 9009 -1 9010 9011 9012 -1 9011 9010 9013 -1 9014 9015 9016 -1 9015 9014 9003 -1 9013 9017 9018 -1 9017 9013 9019 -1 8996 9020 8994 -1 9020 8996 9021 -1 9022 9021 9009 -1 9006 9022 9015 -1 9017 9023 9018 -1 9023 9017 9001 -1 9024 9025 9019 -1 9025 9024 9026 -1 8977 9026 8978 -1 9026 8977 9027 -1 8988 9028 8985 -1 9028 8988 9029 -1 9020 9030 9031 -1 9032 9033 9034 -1 9004 9006 9015 -1 9035 9036 9037 -1 9007 9038 9039 -1 8990 8903 8992 -1 9018 9040 9041 -1 9040 9018 9023 -1 8978 9024 8961 -1 9024 8978 9026 -1 9041 9042 9043 -1 9042 9041 9040 -1 9003 9004 9015 -1 9004 9003 9002 -1 9044 9045 9046 -1 9047 9048 9006 -1 8999 9049 9002 -1 9049 8999 8998 -1 8962 9024 9010 -1 9024 8962 8961 -1 9030 9050 9051 -1 9052 9053 9054 -1 9055 8995 9056 -1 9038 9034 9039 -1 9057 9050 9021 -1 9049 9038 9007 -1 9045 9058 9059 -1 9060 9061 8851 -1 9029 9062 9028 -1 9062 9029 9063 -1 9058 9051 9064 -1 9060 9052 9061 -1 9064 9051 9065 -1 9066 9056 9067 -1 9017 8999 9001 -1 8999 9017 8997 -1 9022 9068 9057 -1 9048 9069 9006 -1 8992 9070 9071 -1 9005 9039 9072 -1 9073 9032 9038 -1 9074 9075 9076 -1 9069 9068 9022 -1 9000 9074 8998 -1 9042 8995 9055 -1 8995 9042 8993 -1 8992 8903 9070 -1 9077 9078 9076 -1 9039 9034 9079 -1 9080 9067 9081 -1 9078 9033 9032 -1 8985 9028 9060 -1 9082 9050 9030 -1 9046 9083 9081 -1 9000 9084 9074 -1 8902 9085 8903 -1 9033 9086 9034 -1 9020 9082 9030 -1 9034 9086 9079 -1 9048 9087 9088 -1 9084 9075 9074 -1 9089 9088 9087 -1 9086 9089 9079 -1 9079 9089 9087 -1 9090 8852 9091 -1 8852 9090 8902 -1 8902 9090 9035 -1 8902 9035 9085 -1 9031 9058 9045 -1 8903 9085 9070 -1 9007 9039 9005 -1 9081 9077 9080 -1 9077 9081 9083 -1 9077 9083 9033 -1 9077 9033 9078 -1 9050 9088 9065 -1 9088 9050 9057 -1 9088 9057 9068 -1 9088 9068 9069 -1 9088 9069 9048 -1 9092 9084 9000 -1 9093 9035 9090 -1 9035 9093 9080 -1 9035 9080 9077 -1 9035 9077 9036 -1 8988 9012 9029 -1 9012 8988 8989 -1 9075 9077 9076 -1 8998 9073 9049 -1 9088 9064 9065 -1 9064 9088 9089 -1 9059 9033 9083 -1 9033 9059 9064 -1 9033 9064 9089 -1 9033 9089 9086 -1 8998 9074 9073 -1 8902 8850 8852 -1 8850 8902 8854 -1 8854 8902 8904 -1 8854 8904 8862 -1 9049 9073 9038 -1 9019 8997 9017 -1 8997 9019 9025 -1 9092 9071 9084 -1 9060 9062 9052 -1 9062 9060 9028 -1 9071 9037 9084 -1 9025 9000 8997 -1 9000 9025 9092 -1 9040 8993 9042 -1 8993 9040 9008 -1 9015 9022 9016 -1 9023 9008 9040 -1 9008 9023 9014 -1 9012 9063 9029 -1 9063 9012 9011 -1 9026 9092 9025 -1 9092 9026 9027 -1 9022 9057 9021 -1 9076 9078 9032 -1 8851 9061 9091 -1 8985 9060 8986 -1 9039 9079 9072 -1 9011 9043 9063 -1 9043 9011 9041 -1 9038 9032 9034 -1 8994 9020 9031 -1 9001 9014 9023 -1 9014 9001 9003 -1 9062 9053 9052 -1 8995 9044 9056 -1 9074 9076 9073 -1 8851 9091 8852 -1 9021 9050 9082 -1 8986 9060 8851 -1 9084 9037 9075 -1 9072 9079 9087 -1 9016 9022 9009 -1 9044 8994 9031 -1 9067 9046 9081 -1 9054 9093 9090 -1 9094 9080 9093 -1 9056 9046 9067 -1 9062 9095 9053 -1 9054 9094 9093 -1 9047 9072 9048 -1 9091 9054 9090 -1 9054 9091 9061 -1 9044 9031 9045 -1 9053 9094 9054 -1 9014 9009 9008 -1 9009 9014 9016 -1 9052 9054 9061 -1 9031 9030 9058 -1 9095 9055 9066 -1 9006 9069 9022 -1 9021 9082 9020 -1 9037 9036 9075 -1 9071 9070 9037 -1 9036 9077 9075 -1 9005 9047 9006 -1 9009 9021 8996 -1 8977 8992 9027 -1 9056 9044 9046 -1 9092 8992 9071 -1 8992 9092 9027 -1 9024 9013 9010 -1 9013 9024 9019 -1 9002 9007 9004 -1 9007 9002 9049 -1 9045 9059 9083 -1 9070 9035 9037 -1 9035 9070 9085 -1 9013 9041 9011 -1 9041 9013 9018 -1 9046 9045 9083 -1 9095 9066 9053 -1 9094 9067 9080 -1 9053 9066 9094 -1 9050 9065 9051 -1 8995 8994 9044 -1 9073 9076 9032 -1 9043 9055 9095 -1 9055 9043 9042 -1 9058 9064 9059 -1 8962 9012 8989 -1 9012 8962 9010 -1 9055 9056 9066 -1 9066 9067 9094 -1 9030 9051 9058 -1 9072 9087 9048 -1 9005 9072 9047 -1 9063 9095 9062 -1 9095 9063 9043 -1 9096 9097 9098 -1 9097 9096 9099 -1 9100 9099 9096 -1 9099 9100 9101 -1 9096 9102 9100 -1 9103 9104 9105 -1 9104 9103 9098 -1 9098 9103 9106 -1 9098 9106 9107 -1 9098 9107 9102 -1 9098 9102 9096 -1 9108 9109 9110 -1 9109 9108 9097 -1 9109 9097 9111 -1 9111 9097 9112 -1 9112 9097 9113 -1 9113 9097 9101 -1 9101 9097 9099 -1 9114 9115 8956 -1 9115 9114 9116 -1 9116 9114 9117 -1 9117 9114 9118 -1 9118 9114 9119 -1 8869 8956 9115 -1 9113 9107 9112 -1 9107 9113 9102 -1 9112 9106 9111 -1 9106 9112 9107 -1 9111 9103 9109 -1 9103 9111 9106 -1 9097 9104 9098 -1 9104 9097 9120 -1 9120 9097 9121 -1 9121 9097 9122 -1 9122 9097 9108 -1 9123 8956 8885 -1 8956 9123 9121 -1 8956 9121 9124 -1 9124 9121 9122 -1 8956 9124 9114 -1 9125 9115 9116 -1 9115 9125 9126 -1 8869 8885 8956 -1 9127 9121 9128 -1 9121 9127 9120 -1 9129 9114 9124 -1 9114 9129 9119 -1 8885 9126 9123 -1 9126 8885 8868 -1 9123 9126 9125 -1 9123 9125 9130 -1 9123 9130 9131 -1 9123 9131 9132 -1 9131 9117 9118 -1 9117 9131 9130 -1 9110 9122 9108 -1 9122 9110 9133 -1 9122 9129 9124 -1 9129 9122 9133 -1 9127 9104 9120 -1 9104 9127 9105 -1 9130 9116 9117 -1 9116 9130 9125 -1 9132 9121 9123 -1 9121 9132 9128 -1 9126 8869 9115 -1 8869 9126 8868 -1 9118 9132 9131 -1 9132 9118 9128 -1 9128 9118 9127 -1 9127 9118 9129 -1 9129 9118 9119 -1 9127 9103 9105 -1 9103 9127 9109 -1 9109 9127 9133 -1 9133 9127 9129 -1 9109 9133 9110 -1 9101 9102 9113 -1 9102 9101 9100 -1 9134 9088 9065 -1 9088 9134 9135 -1 9048 9135 9136 -1 9135 9048 9088 -1 9050 9088 9048 -1 9136 9134 9137 -1 9134 9136 9135 -1 9065 9137 9134 -1 9137 9065 9050 -1 9048 9137 9050 -1 9137 9048 9136 -1 9138 9139 9140 -1 9140 9141 9138 -1 9141 9142 9138 -1 9141 9143 9142 -1 9141 9144 9143 -1 9141 9145 9144 -1 9141 9146 9145 -1 9146 9147 9145 -1 9146 9148 9147 -1 9146 9149 9148 -1 9146 9150 9149 -1 9151 9152 9153 -1 9153 9154 9151 -1 9155 9147 9148 -1 9148 9156 9155 -1 9156 9148 9149 -1 9149 9157 9156 -1 9158 9159 9160 -1 9160 9161 9158 -1 9150 9146 9162 -1 9162 9159 9150 -1 9162 9163 9159 -1 9163 9160 9159 -1 9164 9165 9166 -1 9166 9167 9164 -1 9146 9141 9168 -1 9168 9162 9146 -1 9169 9170 9171 -1 9171 9172 9169 -1 9149 9150 9159 -1 9159 9157 9149 -1 9170 9173 9164 -1 9164 9167 9174 -1 9174 9171 9164 -1 9171 9170 9164 -1 9165 9175 9176 -1 9176 9166 9165 -1 9177 9143 9144 -1 9144 9178 9177 -1 9179 9180 9152 -1 9152 9151 9179 -1 9151 9181 9179 -1 9151 9182 9181 -1 9182 9183 9181 -1 9182 9167 9183 -1 9167 9184 9183 -1 9167 9166 9184 -1 9166 9185 9184 -1 9166 9176 9185 -1 9176 9186 9185 -1 9176 9187 9186 -1 9187 9160 9186 -1 9187 9161 9160 -1 9188 9168 9141 -1 9141 9140 9188 -1 9189 9181 9183 -1 9183 9190 9189 -1 9191 9185 9186 -1 9186 9192 9191 -1 9193 9184 9185 -1 9185 9191 9193 -1 9179 9181 9189 -1 9189 9194 9179 -1 9152 9180 9195 -1 9195 9153 9152 -1 9196 9197 9198 -1 9198 9199 9196 -1 9142 9143 9177 -1 9177 9200 9142 -1 9199 9198 9200 -1 9200 9177 9199 -1 9177 9201 9199 -1 9177 9178 9201 -1 9178 9164 9201 -1 9178 9202 9164 -1 9202 9155 9164 -1 9155 9165 9164 -1 9155 9156 9165 -1 9156 9175 9165 -1 9156 9157 9175 -1 9157 9203 9175 -1 9157 9159 9203 -1 9159 9158 9203 -1 9182 9151 9154 -1 9154 9204 9182 -1 9186 9160 9163 -1 9163 9192 9186 -1 9203 9158 9161 -1 9161 9187 9203 -1 9168 9188 9190 -1 9190 9162 9168 -1 9188 9189 9190 -1 9188 9194 9189 -1 9188 9205 9194 -1 9205 9206 9194 -1 9206 9207 9194 -1 9207 9195 9194 -1 9207 9208 9195 -1 9208 9172 9195 -1 9190 9193 9162 -1 9193 9191 9162 -1 9191 9192 9162 -1 9192 9163 9162 -1 9172 9171 9153 -1 9153 9195 9172 -1 9171 9154 9153 -1 9171 9204 9154 -1 9171 9174 9204 -1 9170 9169 9197 -1 9197 9196 9170 -1 9196 9209 9170 -1 9209 9173 9170 -1 9210 9211 9139 -1 9139 9138 9210 -1 9138 9212 9210 -1 9138 9213 9212 -1 9138 9169 9213 -1 9138 9197 9169 -1 9176 9175 9203 -1 9203 9187 9176 -1 9213 9169 9172 -1 9172 9208 9213 -1 9209 9196 9199 -1 9199 9201 9209 -1 9205 9211 9210 -1 9210 9206 9205 -1 9178 9144 9145 -1 9145 9202 9178 -1 9207 9212 9213 -1 9213 9208 9207 -1 9205 9188 9140 -1 9140 9139 9205 -1 9139 9211 9205 -1 9138 9142 9200 -1 9200 9198 9138 -1 9198 9197 9138 -1 9202 9145 9147 -1 9147 9155 9202 -1 9190 9183 9184 -1 9184 9193 9190 -1 9167 9182 9204 -1 9204 9174 9167 -1 9180 9179 9194 -1 9194 9195 9180 -1 9206 9210 9212 -1 9212 9207 9206 -1 9164 9173 9209 -1 9209 9201 9164 -1 9214 9215 9216 -1 9215 9214 9217 -1 9217 9214 9218 -1 9217 9219 9220 -1 9219 9221 9222 -1 9221 9219 9218 -1 9218 9219 9217 -1 9223 9224 9225 -1 9224 9223 9226 -1 9227 9228 9229 -1 9228 9227 9230 -1 9229 9231 9232 -1 9231 9229 9228 -1 9233 9234 9235 -1 9234 9233 9236 -1 9234 9236 9231 -1 9234 9231 9228 -1 9233 9237 9238 -1 9237 9233 9239 -1 9235 9239 9233 -1 9239 9235 9240 -1 9235 9241 9242 -1 9241 9235 9234 -1 9241 9234 9228 -1 9241 9228 9230 -1 9232 9237 9239 -1 9237 9232 9243 -1 9244 9224 9245 -1 9224 9244 9227 -1 9215 9246 9216 -1 9246 9215 9225 -1 9246 9225 9227 -1 9227 9225 9224 -1 9247 9248 9249 -1 9248 9247 9250 -1 9229 9239 9240 -1 9239 9229 9232 -1 9232 9251 9243 -1 9251 9232 9231 -1 9222 9252 9253 -1 9252 9222 9221 -1 9242 9240 9235 -1 9240 9242 9246 -1 9251 9237 9243 -1 9237 9251 9238 -1 9227 9240 9246 -1 9240 9227 9229 -1 9249 9244 9245 -1 9244 9249 9248 -1 9214 9246 9242 -1 9246 9214 9216 -1 9242 9221 9214 -1 9221 9242 9241 -1 9221 9241 9252 -1 9252 9241 9247 -1 9247 9241 9250 -1 9250 9241 9230 -1 9218 9214 9221 -1 9244 9230 9227 -1 9230 9244 9250 -1 9250 9244 9248 -1 9238 9236 9233 -1 9236 9238 9251 -1 9236 9251 9231 -1 9215 9223 9225 -1 9223 9215 9254 -1 9254 9215 9220 -1 9220 9215 9217 -1 9255 9223 9254 -1 9223 9255 9226 -1 9249 9255 9256 -1 9255 9224 9226 -1 9224 9255 9245 -1 9245 9255 9249 -1 9220 9255 9254 -1 9255 9220 9256 -1 9256 9220 9219 -1 9247 9253 9252 -1 9253 9247 9256 -1 9256 9247 9249 -1 9257 9258 9259 -1 9258 9257 9260 -1 9260 9257 9261 -1 9260 9261 9262 -1 9260 9262 9263 -1 9260 9263 9264 -1 9260 9264 9265 -1 9265 9264 9266 -1 9265 9266 9267 -1 9265 9267 9268 -1 9265 9268 9269 -1 9270 9271 9272 -1 9271 9270 9273 -1 9274 9267 9266 -1 9267 9274 9275 -1 9275 9268 9267 -1 9268 9275 9276 -1 9277 9278 9279 -1 9278 9277 9280 -1 9269 9281 9265 -1 9281 9269 9279 -1 9281 9279 9282 -1 9282 9279 9278 -1 9283 9284 9285 -1 9284 9283 9286 -1 9265 9287 9260 -1 9287 9265 9281 -1 9288 9289 9290 -1 9289 9288 9291 -1 9268 9279 9269 -1 9279 9268 9276 -1 9290 9283 9292 -1 9283 9293 9286 -1 9293 9283 9289 -1 9289 9283 9290 -1 9285 9294 9295 -1 9294 9285 9284 -1 9296 9263 9262 -1 9263 9296 9297 -1 9298 9272 9299 -1 9272 9298 9270 -1 9270 9298 9300 -1 9270 9300 9301 -1 9301 9300 9302 -1 9301 9302 9286 -1 9286 9302 9303 -1 9286 9303 9284 -1 9284 9303 9304 -1 9284 9304 9294 -1 9294 9304 9305 -1 9294 9305 9306 -1 9306 9305 9278 -1 9306 9278 9280 -1 9307 9260 9287 -1 9260 9307 9258 -1 9308 9302 9300 -1 9302 9308 9309 -1 9310 9305 9304 -1 9305 9310 9311 -1 9312 9304 9303 -1 9304 9312 9310 -1 9298 9308 9300 -1 9308 9298 9313 -1 9272 9314 9299 -1 9314 9272 9271 -1 9315 9316 9317 -1 9316 9315 9318 -1 9261 9296 9262 -1 9296 9261 9319 -1 9318 9319 9316 -1 9319 9318 9296 -1 9296 9318 9320 -1 9296 9320 9297 -1 9297 9320 9283 -1 9297 9283 9321 -1 9321 9283 9274 -1 9274 9283 9285 -1 9274 9285 9275 -1 9275 9285 9295 -1 9275 9295 9276 -1 9276 9295 9322 -1 9276 9322 9279 -1 9279 9322 9277 -1 9301 9273 9270 -1 9273 9301 9323 -1 9305 9282 9278 -1 9282 9305 9311 -1 9322 9280 9277 -1 9280 9322 9306 -1 9287 9309 9307 -1 9309 9287 9281 -1 9307 9309 9308 -1 9307 9308 9313 -1 9307 9313 9324 -1 9324 9313 9325 -1 9325 9313 9326 -1 9326 9313 9314 -1 9326 9314 9327 -1 9327 9314 9291 -1 9309 9281 9312 -1 9312 9281 9310 -1 9310 9281 9311 -1 9311 9281 9282 -1 9291 9271 9289 -1 9271 9291 9314 -1 9289 9271 9273 -1 9289 9273 9323 -1 9289 9323 9293 -1 9290 9317 9288 -1 9317 9290 9315 -1 9315 9290 9328 -1 9328 9290 9292 -1 9329 9259 9330 -1 9259 9329 9257 -1 9257 9329 9331 -1 9257 9331 9332 -1 9257 9332 9288 -1 9257 9288 9317 -1 9294 9322 9295 -1 9322 9294 9306 -1 9332 9291 9288 -1 9291 9332 9327 -1 9328 9318 9315 -1 9318 9328 9320 -1 9324 9329 9330 -1 9329 9324 9325 -1 9297 9264 9263 -1 9264 9297 9321 -1 9326 9332 9331 -1 9332 9326 9327 -1 9324 9258 9307 -1 9258 9324 9259 -1 9259 9324 9330 -1 9257 9319 9261 -1 9319 9257 9316 -1 9316 9257 9317 -1 9321 9266 9264 -1 9266 9321 9274 -1 9309 9303 9302 -1 9303 9309 9312 -1 9286 9323 9301 -1 9323 9286 9293 -1 9299 9313 9298 -1 9313 9299 9314 -1 9325 9331 9329 -1 9331 9325 9326 -1 9283 9328 9292 -1 9328 9283 9320 -1 9333 9334 9335 -1 9335 9336 9333 -1 9336 9337 9333 -1 9336 9338 9339 -1 9339 9340 9341 -1 9341 9337 9339 -1 9337 9336 9339 -1 9342 9343 9344 -1 9344 9345 9342 -1 9346 9347 9348 -1 9348 9349 9346 -1 9347 9350 9351 -1 9351 9348 9347 -1 9352 9353 9354 -1 9354 9355 9352 -1 9354 9351 9355 -1 9354 9348 9351 -1 9352 9356 9357 -1 9357 9358 9352 -1 9353 9352 9358 -1 9358 9359 9353 -1 9353 9360 9361 -1 9361 9354 9353 -1 9361 9348 9354 -1 9361 9349 9348 -1 9350 9358 9357 -1 9357 9362 9350 -1 9363 9364 9344 -1 9344 9346 9363 -1 9335 9334 9365 -1 9365 9343 9335 -1 9365 9346 9343 -1 9346 9344 9343 -1 9366 9367 9368 -1 9368 9369 9366 -1 9347 9359 9358 -1 9358 9350 9347 -1 9350 9362 9370 -1 9370 9351 9350 -1 9340 9371 9372 -1 9372 9341 9340 -1 9360 9353 9359 -1 9359 9365 9360 -1 9370 9362 9357 -1 9357 9356 9370 -1 9346 9365 9359 -1 9359 9347 9346 -1 9367 9364 9363 -1 9363 9368 9367 -1 9333 9360 9365 -1 9365 9334 9333 -1 9360 9333 9341 -1 9341 9361 9360 -1 9341 9372 9361 -1 9372 9366 9361 -1 9366 9369 9361 -1 9369 9349 9361 -1 9337 9341 9333 -1 9363 9346 9349 -1 9349 9369 9363 -1 9369 9368 9363 -1 9356 9352 9355 -1 9355 9370 9356 -1 9355 9351 9370 -1 9335 9343 9342 -1 9342 9373 9335 -1 9373 9338 9335 -1 9338 9336 9335 -1 9374 9373 9342 -1 9342 9345 9374 -1 9367 9375 9374 -1 9374 9345 9344 -1 9344 9364 9374 -1 9364 9367 9374 -1 9338 9373 9374 -1 9374 9375 9338 -1 9375 9339 9338 -1 9366 9372 9371 -1 9371 9375 9366 -1 9375 9367 9366 -1 9376 9377 9378 -1 9378 9379 9376 -1 9379 9380 9381 -1 9381 9376 9379 -1 9382 9383 9384 -1 9384 9385 9382 -1 9386 9387 9388 -1 9388 9389 9377 -1 9377 9376 9388 -1 9376 9381 9388 -1 9381 9390 9388 -1 9390 9386 9388 -1 9381 9391 9390 -1 9381 9392 9391 -1 9381 9393 9392 -1 9381 9382 9393 -1 9381 9383 9382 -1 9381 9394 9383 -1 9395 9396 9397 -1 9397 9394 9395 -1 9397 9384 9394 -1 9384 9383 9394 -1 9385 9384 9397 -1 9397 9398 9385 -1 9397 9396 9399 -1 9399 9398 9397 -1 9380 9395 9394 -1 9394 9381 9380 -1 9388 9387 9400 -1 9400 9401 9388 -1 9388 9401 9402 -1 9402 9389 9388 -1 9386 9403 9404 -1 9405 9406 9400 -1 9400 9407 9405 -1 9400 9387 9407 -1 9387 9404 9407 -1 9387 9386 9404 -1 9408 9409 9410 -1 9410 9411 9408 -1 9412 9413 9414 -1 9415 9416 9390 -1 9390 9391 9415 -1 9417 9411 9410 -1 9410 9418 9417 -1 9398 9399 9419 -1 9419 9393 9398 -1 9393 9385 9398 -1 9393 9382 9385 -1 9419 9420 9392 -1 9392 9393 9419 -1 9414 9413 9421 -1 9421 9422 9414 -1 9423 9424 9404 -1 9404 9403 9423 -1 9422 9421 9425 -1 9425 9426 9422 -1 9412 9414 9427 -1 9427 9423 9412 -1 9423 9428 9412 -1 9423 9429 9428 -1 9429 9423 9403 -1 9403 9405 9429 -1 9403 9386 9390 -1 9390 9405 9403 -1 9390 9406 9405 -1 9390 9416 9406 -1 9412 9430 9421 -1 9421 9413 9412 -1 9405 9407 9431 -1 9431 9429 9405 -1 9420 9415 9391 -1 9391 9392 9420 -1 9428 9418 9410 -1 9409 9432 9430 -1 9430 9410 9409 -1 9430 9412 9410 -1 9412 9428 9410 -1 9425 9421 9430 -1 9430 9432 9425 -1 9377 9389 9402 -1 9402 9378 9377 -1 9426 9425 9432 -1 9432 9408 9426 -1 9432 9409 9408 -1 9404 9424 9431 -1 9431 9407 9404 -1 9378 9402 9401 -1 9401 9379 9378 -1 9401 9380 9379 -1 9401 9400 9380 -1 9400 9416 9380 -1 9416 9415 9380 -1 9415 9420 9380 -1 9420 9419 9380 -1 9419 9399 9380 -1 9399 9396 9380 -1 9396 9395 9380 -1 9406 9416 9400 -1 9422 9426 9408 -1 9408 9411 9422 -1 9411 9414 9422 -1 9411 9417 9427 -1 9427 9414 9411 -1 9418 9428 9431 -1 9431 9417 9418 -1 9431 9424 9417 -1 9424 9423 9417 -1 9423 9427 9417 -1 9429 9431 9428 -1 9433 9434 9435 -1 9434 9433 9436 -1 9437 9417 9438 -1 9417 9437 9439 -1 9417 9439 9418 -1 9418 9439 9440 -1 9440 9439 9441 -1 9442 9438 9417 -1 9438 9443 9444 -1 9443 9438 9442 -1 9433 9445 9436 -1 9445 9433 9446 -1 9408 9447 9448 -1 9447 9408 9409 -1 9449 9433 9435 -1 9433 9449 9446 -1 9450 9451 9452 -1 9451 9450 9453 -1 9452 9454 9455 -1 9454 9452 9451 -1 9456 9457 9458 -1 9457 9456 9459 -1 9457 9459 9454 -1 9457 9454 9451 -1 9456 9460 9461 -1 9460 9456 9462 -1 9458 9462 9456 -1 9462 9458 9463 -1 9458 9464 9465 -1 9464 9458 9457 -1 9464 9457 9451 -1 9464 9451 9453 -1 9455 9460 9462 -1 9460 9455 9466 -1 9467 9447 9468 -1 9447 9467 9450 -1 9443 9469 9444 -1 9469 9443 9448 -1 9469 9448 9450 -1 9450 9448 9447 -1 9470 9471 9472 -1 9471 9470 9473 -1 9471 9474 9472 -1 9474 9471 9475 -1 9452 9462 9463 -1 9462 9452 9455 -1 9455 9476 9466 -1 9476 9455 9454 -1 9445 9474 9436 -1 9474 9445 9477 -1 9434 9439 9437 -1 9439 9434 9475 -1 9475 9434 9436 -1 9475 9436 9474 -1 9465 9463 9458 -1 9463 9465 9469 -1 9476 9460 9466 -1 9460 9476 9461 -1 9450 9463 9469 -1 9463 9450 9452 -1 9440 9467 9468 -1 9467 9440 9441 -1 9465 9434 9469 -1 9434 9465 9449 -1 9434 9449 9435 -1 9469 9437 9444 -1 9437 9469 9434 -1 9444 9437 9438 -1 9465 9445 9449 -1 9445 9465 9464 -1 9445 9464 9477 -1 9477 9464 9470 -1 9470 9464 9473 -1 9473 9464 9453 -1 9446 9449 9445 -1 9450 9439 9453 -1 9439 9450 9467 -1 9439 9467 9441 -1 9453 9475 9473 -1 9475 9453 9439 -1 9473 9475 9471 -1 9461 9459 9456 -1 9459 9461 9476 -1 9459 9476 9454 -1 9443 9408 9448 -1 9408 9443 9411 -1 9411 9443 9417 -1 9417 9443 9442 -1 9440 9410 9418 -1 9410 9447 9409 -1 9447 9410 9468 -1 9468 9410 9440 -1 9470 9474 9477 -1 9474 9470 9472 -1 9478 9479 9480 -1 9479 9478 9481 -1 9482 9483 9484 -1 9483 9482 9485 -1 9486 9487 9488 -1 9487 9486 9489 -1 9483 9490 9484 -1 9490 9483 9491 -1 9488 9492 9493 -1 9492 9488 9487 -1 9492 9487 9494 -1 9494 9487 9495 -1 9495 9487 9496 -1 9497 9493 9492 -1 9498 9499 9500 -1 9501 9486 9502 -1 9486 9501 9503 -1 9486 9503 9489 -1 9489 9503 9499 -1 9489 9499 9498 -1 9504 9478 9505 -1 9478 9504 9481 -1 9506 9507 9508 -1 9507 9506 9509 -1 9508 9510 9511 -1 9510 9508 9507 -1 9512 9507 9509 -1 9507 9512 9513 -1 9513 9510 9507 -1 9510 9513 9514 -1 9514 9515 9510 -1 9515 9514 9516 -1 9514 9517 9516 -1 9517 9514 9518 -1 9512 9519 9513 -1 9519 9512 9520 -1 9513 9518 9514 -1 9518 9513 9519 -1 9521 9501 9502 -1 9501 9521 9522 -1 9511 9515 9523 -1 9515 9511 9510 -1 9524 9483 9485 -1 9483 9524 9491 -1 9491 9524 9499 -1 9499 9524 9500 -1 9501 9490 9503 -1 9490 9482 9484 -1 9482 9490 9522 -1 9522 9490 9501 -1 9492 9504 9505 -1 9504 9492 9494 -1 9490 9499 9503 -1 9499 9490 9491 -1 9525 9478 9480 -1 9478 9525 9505 -1 9505 9525 9492 -1 9492 9525 9497 -1 9495 9504 9494 -1 9504 9479 9481 -1 9479 9504 9526 -1 9526 9504 9495 -1 9512 9487 9520 -1 9487 9512 9527 -1 9487 9527 9496 -1 9520 9489 9528 -1 9489 9520 9487 -1 9528 9489 9498 -1 9511 9529 9508 -1 9529 9511 9530 -1 9529 9530 9518 -1 9529 9518 9519 -1 9517 9515 9516 -1 9515 9517 9523 -1 9508 9531 9506 -1 9531 9508 9529 -1 9531 9529 9519 -1 9531 9519 9520 -1 9523 9530 9511 -1 9530 9523 9517 -1 9530 9517 9518 -1 9506 9486 9509 -1 9486 9506 9521 -1 9486 9521 9502 -1 9509 9488 9532 -1 9488 9509 9486 -1 9532 9488 9493 -1 9527 9479 9526 -1 9525 9509 9532 -1 9509 9525 9480 -1 9509 9480 9512 -1 9512 9480 9479 -1 9512 9479 9527 -1 9506 9482 9521 -1 9482 9506 9531 -1 9482 9531 9485 -1 9485 9531 9524 -1 9524 9531 9528 -1 9528 9531 9520 -1 9522 9521 9482 -1 9495 9527 9526 -1 9527 9495 9496 -1 9524 9498 9500 -1 9498 9524 9528 -1 9493 9525 9532 -1 9525 9493 9497 -1 9533 9534 9535 -1 9534 9533 9536 -1 9537 9538 9539 -1 9538 9537 9540 -1 9541 9533 9542 -1 9533 9541 9536 -1 9536 9541 9543 -1 9540 9544 9538 -1 9544 9540 9545 -1 9546 9539 9547 -1 9539 9546 9537 -1 9548 9549 9550 -1 9549 9548 9551 -1 9546 9552 9543 -1 9552 9546 9549 -1 9552 9549 9551 -1 9543 9553 9536 -1 9553 9543 9552 -1 9536 9553 9534 -1 9534 9554 9535 -1 9554 9534 9553 -1 9554 9552 9555 -1 9552 9554 9553 -1 9556 9544 9557 -1 9544 9556 9538 -1 9556 9558 9559 -1 9558 9556 9560 -1 9558 9560 9561 -1 9558 9561 9562 -1 9559 9538 9556 -1 9538 9559 9539 -1 9552 9548 9555 -1 9548 9552 9551 -1 9559 9541 9542 -1 9541 9559 9558 -1 9541 9558 9562 -1 9541 9562 9543 -1 9537 9561 9540 -1 9561 9537 9562 -1 9546 9562 9537 -1 9562 9546 9543 -1 9557 9560 9556 -1 9560 9557 9563 -1 9560 9563 9561 -1 9542 9554 9547 -1 9554 9542 9533 -1 9554 9533 9535 -1 9547 9555 9550 -1 9555 9547 9554 -1 9550 9555 9548 -1 9563 9544 9545 -1 9544 9563 9557 -1 9542 9539 9559 -1 9539 9542 9547 -1 9549 9547 9550 -1 9547 9549 9546 -1 9540 9563 9545 -1 9563 9540 9561 -1 9564 9565 9566 -1 9565 9564 9377 -1 9567 9568 9569 -1 9568 9567 9570 -1 9571 9572 9573 -1 9572 9571 9574 -1 9572 9574 9575 -1 9575 9574 9378 -1 9377 9574 9576 -1 9574 9377 9378 -1 9378 9377 9577 -1 9577 9377 9564 -1 9577 9564 9578 -1 9578 9564 9579 -1 9579 9564 9580 -1 9579 9580 9581 -1 9581 9582 9579 -1 9582 9581 9583 -1 9584 9585 9586 -1 9585 9584 9587 -1 9588 9589 9590 -1 9589 9588 9591 -1 9592 9583 9593 -1 9583 9592 9582 -1 9594 9595 9596 -1 9595 9594 9597 -1 9598 9599 9600 -1 9599 9598 9601 -1 9588 9602 9603 -1 9602 9588 9590 -1 9602 9590 9604 -1 9602 9604 9605 -1 9589 9606 9607 -1 9606 9589 9591 -1 9608 9609 9610 -1 9609 9608 9611 -1 9594 9611 9608 -1 9611 9594 9596 -1 9610 9612 9613 -1 9612 9610 9609 -1 9613 9614 9615 -1 9614 9613 9612 -1 9601 9616 9599 -1 9616 9601 9617 -1 9618 9619 9620 -1 9619 9618 9621 -1 9605 9622 9595 -1 9622 9605 9623 -1 9623 9605 9624 -1 9624 9605 9604 -1 9612 9566 9614 -1 9566 9612 9625 -1 9566 9625 9626 -1 9566 9626 9627 -1 9566 9627 9564 -1 9625 9612 9609 -1 9625 9609 9611 -1 9625 9611 9628 -1 9628 9611 9596 -1 9628 9596 9595 -1 9628 9595 9622 -1 9564 9627 9629 -1 9564 9629 9630 -1 9564 9630 9631 -1 9564 9631 9580 -1 9619 9598 9600 -1 9598 9619 9621 -1 9576 9632 9633 -1 9632 9576 9574 -1 9632 9620 9633 -1 9620 9632 9618 -1 9607 9592 9593 -1 9592 9607 9606 -1 9597 9605 9595 -1 9605 9597 9602 -1 9584 9634 9587 -1 9634 9584 9635 -1 9635 9584 9636 -1 9636 9584 9637 -1 9638 9567 9569 -1 9567 9638 9639 -1 9639 9638 9640 -1 9639 9640 9641 -1 9639 9641 9642 -1 9639 9642 9378 -1 9640 9638 9643 -1 9640 9643 9644 -1 9644 9643 9645 -1 9644 9645 9587 -1 9644 9587 9634 -1 9378 9642 9646 -1 9378 9646 9647 -1 9378 9647 9648 -1 9378 9648 9575 -1 9610 9613 9615 -1 9649 9650 9615 -1 9650 9649 9577 -1 9615 9650 9651 -1 9615 9651 9652 -1 9615 9652 9610 -1 9610 9652 9608 -1 9608 9652 9653 -1 9608 9653 9594 -1 9594 9653 9597 -1 9650 9577 9654 -1 9654 9577 9655 -1 9655 9577 9656 -1 9656 9577 9578 -1 9597 9657 9602 -1 9657 9597 9653 -1 9602 9657 9658 -1 9602 9658 9659 -1 9602 9659 9603 -1 9660 9650 9661 -1 9650 9660 9651 -1 9662 9651 9660 -1 9651 9662 9652 -1 9662 9653 9652 -1 9653 9662 9663 -1 9663 9657 9653 -1 9657 9663 9664 -1 9664 9658 9657 -1 9658 9664 9665 -1 9666 9658 9665 -1 9658 9666 9659 -1 9588 9659 9666 -1 9659 9588 9603 -1 9662 9664 9663 -1 9664 9662 9665 -1 9665 9662 9660 -1 9665 9660 9666 -1 9666 9660 9661 -1 9666 9661 9588 -1 9588 9661 9667 -1 9588 9667 9591 -1 9591 9667 9668 -1 9591 9668 9606 -1 9606 9668 9669 -1 9606 9669 9592 -1 9592 9669 9579 -1 9592 9579 9582 -1 9656 9579 9669 -1 9579 9656 9578 -1 9378 9649 9639 -1 9649 9378 9577 -1 9668 9656 9669 -1 9656 9668 9655 -1 9650 9667 9661 -1 9667 9650 9654 -1 9641 9670 9671 -1 9670 9641 9640 -1 9670 9644 9672 -1 9644 9670 9640 -1 9667 9655 9668 -1 9655 9667 9654 -1 9673 9672 9674 -1 9672 9673 9670 -1 9670 9673 9675 -1 9670 9675 9671 -1 9671 9675 9676 -1 9671 9676 9677 -1 9677 9676 9678 -1 9677 9678 9679 -1 9679 9678 9680 -1 9679 9680 9681 -1 9681 9680 9682 -1 9681 9682 9683 -1 9683 9682 9573 -1 9683 9573 9572 -1 9572 9648 9683 -1 9648 9572 9575 -1 9648 9681 9683 -1 9681 9648 9647 -1 9647 9679 9681 -1 9679 9647 9646 -1 9642 9671 9677 -1 9671 9642 9641 -1 9679 9642 9677 -1 9642 9679 9646 -1 9672 9634 9674 -1 9634 9672 9644 -1 9674 9635 9673 -1 9635 9674 9634 -1 9635 9675 9673 -1 9675 9635 9636 -1 9636 9676 9675 -1 9676 9636 9637 -1 9684 9685 9686 -1 9685 9684 9687 -1 9688 9686 9689 -1 9686 9688 9684 -1 9690 9688 9689 -1 9688 9690 9691 -1 9617 9691 9692 -1 9691 9617 9688 -1 9688 9617 9601 -1 9688 9601 9684 -1 9684 9601 9598 -1 9684 9598 9687 -1 9687 9598 9621 -1 9687 9621 9693 -1 9693 9621 9618 -1 9693 9618 9694 -1 9694 9618 9632 -1 9694 9632 9695 -1 9695 9632 9574 -1 9695 9574 9571 -1 9616 9692 9696 -1 9692 9616 9617 -1 9696 9691 9690 -1 9691 9696 9692 -1 9567 9565 9570 -1 9565 9567 9639 -1 9565 9639 9566 -1 9566 9639 9649 -1 9566 9649 9615 -1 9566 9615 9614 -1 9585 9645 9697 -1 9645 9585 9587 -1 9624 9698 9623 -1 9698 9624 9699 -1 9643 9697 9645 -1 9697 9643 9700 -1 9685 9676 9586 -1 9676 9685 9687 -1 9586 9637 9584 -1 9637 9586 9676 -1 9682 9694 9695 -1 9694 9682 9680 -1 9565 9600 9570 -1 9600 9565 9377 -1 9570 9600 9599 -1 9570 9599 9616 -1 9570 9616 9568 -1 9568 9616 9701 -1 9701 9616 9700 -1 9700 9616 9696 -1 9700 9696 9697 -1 9697 9696 9585 -1 9600 9377 9619 -1 9619 9377 9620 -1 9620 9377 9633 -1 9633 9377 9576 -1 9585 9690 9586 -1 9690 9585 9696 -1 9586 9690 9689 -1 9586 9689 9686 -1 9586 9686 9685 -1 9569 9701 9638 -1 9701 9569 9568 -1 9693 9676 9687 -1 9676 9693 9678 -1 9571 9682 9695 -1 9682 9571 9573 -1 9680 9693 9694 -1 9693 9680 9678 -1 9638 9700 9643 -1 9700 9638 9701 -1 9698 9702 9703 -1 9702 9698 9704 -1 9704 9698 9699 -1 9704 9699 9705 -1 9705 9699 9590 -1 9705 9590 9706 -1 9706 9590 9589 -1 9706 9589 9707 -1 9707 9589 9607 -1 9707 9607 9708 -1 9708 9607 9593 -1 9708 9593 9709 -1 9709 9593 9583 -1 9709 9583 9581 -1 9706 9629 9627 -1 9629 9706 9707 -1 9604 9699 9624 -1 9699 9604 9590 -1 9709 9580 9631 -1 9580 9709 9581 -1 9630 9709 9631 -1 9709 9630 9708 -1 9625 9705 9626 -1 9705 9625 9704 -1 9626 9706 9627 -1 9706 9626 9705 -1 9622 9698 9703 -1 9698 9622 9623 -1 9628 9703 9702 -1 9703 9628 9622 -1 9629 9708 9630 -1 9708 9629 9707 -1 9625 9702 9704 -1 9702 9625 9628 -1 9710 9711 9712 -1 9712 9713 9710 -1 9713 9714 9715 -1 9715 9710 9713 -1 9710 9715 9716 -1 9716 9717 9710 -1 9716 9718 9717 -1 9719 9720 9721 -1 9721 9711 9719 -1 9711 9722 9719 -1 9722 9723 9719 -1 9712 9711 9721 -1 9721 9720 9715 -1 9715 9714 9721 -1 9714 9713 9712 -1 9712 9721 9714 -1 9719 9716 9715 -1 9715 9720 9719 -1 9717 9722 9711 -1 9711 9710 9717 -1 9718 9723 9722 -1 9722 9717 9718 -1 9716 9719 9723 -1 9723 9718 9716 -1 9724 9725 9726 -1 9725 9724 9727 -1 9728 9729 9730 -1 9729 9728 9731 -1 9732 9733 9734 -1 9733 9732 9735 -1 9736 9737 9738 -1 9737 9736 9739 -1 9732 9728 9735 -1 9728 9732 9731 -1 9731 9732 9724 -1 9731 9724 9738 -1 9738 9724 9726 -1 9738 9726 9736 -1 9738 9729 9731 -1 9729 9738 9737 -1 9735 9730 9733 -1 9730 9735 9728 -1 9732 9727 9724 -1 9727 9732 9734 -1 9740 9741 9742 -1 9741 9740 9743 -1 9744 9745 9746 -1 9745 9744 9747 -1 9745 9747 9748 -1 9748 9747 9741 -1 9748 9741 9749 -1 9749 9741 9743 -1 9746 9750 9751 -1 9750 9746 9745 -1 9752 9753 9754 -1 9753 9752 9755 -1 9753 9756 9754 -1 9756 9753 9757 -1 9757 9753 9758 -1 9758 9753 9759 -1 9760 9761 9762 -1 9761 9760 9763 -1 9763 9760 9764 -1 9763 9764 9765 -1 9765 9764 9766 -1 9765 9766 9767 -1 9767 9766 9768 -1 9767 9768 9769 -1 9767 9769 9770 -1 9768 9766 9771 -1 9771 9766 9754 -1 9771 9754 9756 -1 9770 9769 9772 -1 9765 9773 9774 -1 9773 9765 9767 -1 9774 9773 9775 -1 9775 9773 9776 -1 9776 9773 9740 -1 9774 9775 9777 -1 9774 9777 9778 -1 9776 9740 9742 -1 9778 9779 9746 -1 9779 9778 9777 -1 9746 9779 9780 -1 9746 9780 9781 -1 9746 9781 9744 -1 9751 9778 9746 -1 9778 9751 9782 -1 9783 9761 9784 -1 9761 9783 9762 -1 9785 9744 9781 -1 9744 9785 9747 -1 9769 9786 9772 -1 9786 9769 9787 -1 9773 9788 9789 -1 9788 9773 9767 -1 9790 9791 9792 -1 9791 9790 9793 -1 9794 9781 9780 -1 9781 9794 9785 -1 9795 9796 9797 -1 9796 9795 9794 -1 9794 9795 9798 -1 9794 9798 9785 -1 9785 9798 9741 -1 9785 9741 9747 -1 9799 9754 9766 -1 9754 9799 9752 -1 9800 9801 9802 -1 9801 9800 9803 -1 9792 9804 9805 -1 9804 9792 9791 -1 9806 9762 9783 -1 9762 9806 9760 -1 9768 9787 9769 -1 9787 9768 9807 -1 9741 9776 9742 -1 9776 9741 9798 -1 9779 9794 9780 -1 9794 9779 9796 -1 9773 9743 9740 -1 9743 9773 9789 -1 9808 9767 9770 -1 9767 9808 9788 -1 9809 9760 9806 -1 9760 9809 9764 -1 9777 9796 9779 -1 9796 9777 9797 -1 9810 9790 9811 -1 9790 9810 9793 -1 9775 9797 9777 -1 9797 9775 9795 -1 9756 9812 9813 -1 9812 9756 9757 -1 9758 9812 9757 -1 9812 9758 9814 -1 9812 9815 9813 -1 9815 9812 9807 -1 9807 9812 9814 -1 9807 9814 9787 -1 9787 9814 9816 -1 9787 9816 9786 -1 9768 9815 9807 -1 9815 9768 9771 -1 9802 9792 9805 -1 9792 9802 9790 -1 9790 9802 9801 -1 9790 9801 9811 -1 9811 9801 9745 -1 9811 9745 9748 -1 9749 9811 9748 -1 9811 9749 9810 -1 9805 9800 9802 -1 9800 9805 9804 -1 9771 9813 9815 -1 9813 9771 9756 -1 9759 9814 9758 -1 9814 9759 9816 -1 9799 9764 9809 -1 9764 9799 9766 -1 9803 9745 9801 -1 9745 9803 9750 -1 9798 9775 9776 -1 9775 9798 9795 -1 9817 9774 9818 -1 9774 9817 9765 -1 9751 9804 9782 -1 9804 9751 9800 -1 9800 9751 9803 -1 9803 9751 9750 -1 9819 9783 9784 -1 9783 9819 9806 -1 9806 9819 9817 -1 9806 9817 9809 -1 9809 9817 9818 -1 9809 9818 9789 -1 9789 9818 9793 -1 9789 9793 9810 -1 9789 9810 9743 -1 9793 9818 9791 -1 9791 9818 9782 -1 9791 9782 9804 -1 9743 9810 9749 -1 9809 9788 9799 -1 9788 9809 9789 -1 9799 9788 9734 -1 9734 9788 9727 -1 9727 9788 9808 -1 9799 9734 9733 -1 9799 9733 9752 -1 9727 9808 9725 -1 9752 9730 9755 -1 9730 9752 9733 -1 9755 9730 9729 -1 9755 9729 9737 -1 9755 9737 9739 -1 9778 9818 9774 -1 9818 9778 9782 -1 9770 9725 9808 -1 9725 9770 9726 -1 9726 9770 9772 -1 9726 9772 9786 -1 9786 9736 9726 -1 9736 9786 9816 -1 9736 9755 9739 -1 9755 9736 9816 -1 9755 9816 9759 -1 9755 9759 9753 -1 9819 9765 9817 -1 9765 9819 9763 -1 9784 9763 9819 -1 9763 9784 9761 -1 9820 9821 9822 -1 9821 9820 9823 -1 9823 9824 9825 -1 9824 9823 9820 -1 9820 9826 9824 -1 9826 9820 9827 -1 9826 9827 9828 -1 9829 9830 9831 -1 9830 9829 9822 -1 9822 9829 9832 -1 9832 9829 9833 -1 9821 9830 9822 -1 9830 9824 9831 -1 9824 9830 9825 -1 9825 9821 9823 -1 9821 9825 9830 -1 9829 9824 9826 -1 9824 9829 9831 -1 9827 9822 9832 -1 9822 9827 9820 -1 9828 9832 9833 -1 9832 9828 9827 -1 9826 9833 9829 -1 9833 9826 9828 -1 9834 9835 9836 -1 9835 9834 9837 -1 9837 9834 9838 -1 9837 9839 9840 -1 9839 9841 9842 -1 9841 9839 9838 -1 9838 9839 9837 -1 9843 9844 9845 -1 9844 9843 9846 -1 9847 9848 9849 -1 9848 9847 9850 -1 9849 9851 9852 -1 9851 9849 9848 -1 9853 9854 9855 -1 9854 9853 9856 -1 9854 9856 9851 -1 9854 9851 9848 -1 9853 9857 9858 -1 9857 9853 9859 -1 9855 9859 9853 -1 9859 9855 9860 -1 9855 9861 9862 -1 9861 9855 9854 -1 9861 9854 9848 -1 9861 9848 9850 -1 9852 9857 9859 -1 9857 9852 9863 -1 9864 9844 9865 -1 9844 9864 9847 -1 9835 9866 9836 -1 9866 9835 9845 -1 9866 9845 9847 -1 9847 9845 9844 -1 9867 9868 9869 -1 9868 9867 9870 -1 9849 9859 9860 -1 9859 9849 9852 -1 9852 9871 9863 -1 9871 9852 9851 -1 9842 9872 9873 -1 9872 9842 9841 -1 9862 9860 9855 -1 9860 9862 9866 -1 9871 9857 9863 -1 9857 9871 9858 -1 9847 9860 9866 -1 9860 9847 9849 -1 9869 9864 9865 -1 9864 9869 9868 -1 9834 9866 9862 -1 9866 9834 9836 -1 9862 9841 9834 -1 9841 9862 9861 -1 9841 9861 9872 -1 9872 9861 9867 -1 9867 9861 9870 -1 9870 9861 9850 -1 9838 9834 9841 -1 9864 9850 9847 -1 9850 9864 9870 -1 9870 9864 9868 -1 9858 9856 9853 -1 9856 9858 9871 -1 9856 9871 9851 -1 9835 9843 9845 -1 9843 9835 9874 -1 9874 9835 9840 -1 9840 9835 9837 -1 9875 9843 9874 -1 9843 9875 9846 -1 9869 9875 9876 -1 9875 9844 9846 -1 9844 9875 9865 -1 9865 9875 9869 -1 9840 9875 9874 -1 9875 9840 9876 -1 9876 9840 9839 -1 9867 9873 9872 -1 9873 9867 9876 -1 9876 9867 9869 -1 9877 9878 9879 -1 9878 9877 9880 -1 9878 9881 9882 -1 9881 9878 9880 -1 9882 9883 9884 -1 9883 9882 9881 -1 9883 9880 9877 -1 9880 9883 9881 -1 9877 9884 9883 -1 9884 9877 9879 -1 9878 9884 9879 -1 9884 9878 9882 -1 9885 9886 9887 -1 9886 9885 9888 -1 9889 9890 9891 -1 9890 9889 9892 -1 9893 9885 9894 -1 9885 9893 9888 -1 9888 9893 9895 -1 9892 9896 9890 -1 9896 9892 9897 -1 9898 9891 9899 -1 9891 9898 9889 -1 9900 9901 9902 -1 9901 9900 9903 -1 9898 9904 9895 -1 9904 9898 9901 -1 9904 9901 9903 -1 9895 9905 9888 -1 9905 9895 9904 -1 9888 9905 9886 -1 9886 9906 9887 -1 9906 9886 9905 -1 9906 9904 9907 -1 9904 9906 9905 -1 9908 9896 9909 -1 9896 9908 9890 -1 9908 9910 9911 -1 9910 9908 9912 -1 9910 9912 9913 -1 9910 9913 9914 -1 9911 9890 9908 -1 9890 9911 9891 -1 9904 9900 9907 -1 9900 9904 9903 -1 9911 9893 9894 -1 9893 9911 9910 -1 9893 9910 9914 -1 9893 9914 9895 -1 9889 9913 9892 -1 9913 9889 9914 -1 9898 9914 9889 -1 9914 9898 9895 -1 9909 9912 9908 -1 9912 9909 9915 -1 9912 9915 9913 -1 9894 9906 9899 -1 9906 9894 9885 -1 9906 9885 9887 -1 9899 9907 9902 -1 9907 9899 9906 -1 9902 9907 9900 -1 9915 9896 9897 -1 9896 9915 9909 -1 9894 9891 9911 -1 9891 9894 9899 -1 9901 9899 9902 -1 9899 9901 9898 -1 9892 9915 9897 -1 9915 9892 9913 -1 9916 9917 9918 -1 9917 9916 9919 -1 9920 9921 9922 -1 9921 9920 9923 -1 9923 9394 9924 -1 9394 9923 9920 -1 9394 9920 9925 -1 9394 9925 9395 -1 9924 9383 9926 -1 9383 9924 9394 -1 9926 9923 9924 -1 9923 9926 9927 -1 9921 9927 9928 -1 9927 9921 9923 -1 9929 9922 9930 -1 9922 9929 9920 -1 9929 9925 9920 -1 9925 9929 9931 -1 9395 9931 9396 -1 9931 9395 9925 -1 9917 9932 9933 -1 9932 9917 9919 -1 9383 9916 9934 -1 9916 9383 9394 -1 9394 9919 9916 -1 9919 9394 9395 -1 9919 9395 9396 -1 9919 9396 9932 -1 9928 9922 9921 -1 9922 9928 9930 -1 9932 9930 9933 -1 9930 9932 9931 -1 9930 9931 9929 -1 9931 9932 9396 -1 9927 9926 9928 -1 9933 9934 9935 -1 9934 9933 9928 -1 9928 9933 9930 -1 9934 9928 9926 -1 9934 9926 9383 -1 9916 9935 9934 -1 9935 9916 9918 -1 9918 9933 9935 -1 9933 9918 9917 -1 9936 9937 9938 -1 9937 9936 9939 -1 9940 9939 9941 -1 9939 9940 9937 -1 9942 9943 9944 -1 9943 9942 9945 -1 9941 9945 9940 -1 9945 9941 9943 -1 9940 9942 9937 -1 9942 9940 9945 -1 9938 9946 9947 -1 9946 9938 9948 -1 9948 9938 9937 -1 9948 9937 9942 -1 9946 9949 9947 -1 9949 9946 9950 -1 9946 9951 9950 -1 9951 9946 9948 -1 9943 9939 9944 -1 9939 9943 9941 -1 9951 9949 9950 -1 9949 9951 9936 -1 9936 9951 9944 -1 9936 9944 9939 -1 9944 9948 9942 -1 9948 9944 9951 -1 9938 9949 9936 -1 9949 9938 9947 -1 9952 9953 9954 -1 9953 9952 9955 -1 9953 9955 9956 -1 9956 9955 9957 -1 9957 9955 9958 -1 9959 9954 9953 -1 9954 9960 9961 -1 9960 9954 9959 -1 9962 9382 9963 -1 9382 9962 9964 -1 9965 9966 9967 -1 9966 9965 9968 -1 9967 9969 9970 -1 9969 9967 9966 -1 9971 9972 9973 -1 9972 9971 9974 -1 9972 9974 9969 -1 9972 9969 9966 -1 9971 9975 9976 -1 9975 9971 9977 -1 9973 9977 9971 -1 9977 9973 9978 -1 9973 9979 9980 -1 9979 9973 9972 -1 9979 9972 9966 -1 9979 9966 9968 -1 9970 9975 9977 -1 9975 9970 9981 -1 9982 9382 9983 -1 9382 9982 9965 -1 9960 9984 9961 -1 9984 9960 9963 -1 9984 9963 9965 -1 9965 9963 9382 -1 9985 9986 9987 -1 9986 9985 9988 -1 9986 9989 9987 -1 9989 9986 9990 -1 9967 9977 9978 -1 9977 9967 9970 -1 9970 9991 9981 -1 9991 9970 9969 -1 9989 9955 9952 -1 9955 9989 9990 -1 9980 9978 9973 -1 9978 9980 9984 -1 9991 9975 9981 -1 9975 9991 9976 -1 9965 9978 9984 -1 9978 9965 9967 -1 9957 9982 9983 -1 9982 9957 9958 -1 9980 9989 9984 -1 9989 9980 9985 -1 9989 9985 9987 -1 9984 9952 9961 -1 9952 9984 9989 -1 9961 9952 9954 -1 9979 9985 9980 -1 9985 9979 9988 -1 9988 9979 9968 -1 9965 9955 9968 -1 9955 9965 9982 -1 9955 9982 9958 -1 9968 9990 9988 -1 9990 9968 9955 -1 9988 9990 9986 -1 9976 9974 9971 -1 9974 9976 9991 -1 9974 9991 9969 -1 9960 9962 9963 -1 9962 9960 9992 -1 9992 9960 9953 -1 9953 9960 9959 -1 9993 9962 9992 -1 9962 9993 9964 -1 9957 9993 9956 -1 9993 9382 9964 -1 9382 9993 9983 -1 9983 9993 9957 -1 9953 9993 9992 -1 9993 9953 9956 -1 9994 9995 9996 -1 9995 9994 9997 -1 9998 9999 10000 -1 9999 9998 10001 -1 10002 9994 10003 -1 9994 10002 9997 -1 9997 10002 10004 -1 10001 10005 9999 -1 10005 10001 10006 -1 10007 10000 10008 -1 10000 10007 9998 -1 10009 10010 10011 -1 10010 10009 10012 -1 10007 10013 10004 -1 10013 10007 10010 -1 10013 10010 10012 -1 10004 10014 9997 -1 10014 10004 10013 -1 9997 10014 9995 -1 9995 10015 9996 -1 10015 9995 10014 -1 10015 10013 10016 -1 10013 10015 10014 -1 10017 10005 10018 -1 10005 10017 9999 -1 10017 10019 10020 -1 10019 10017 10021 -1 10019 10021 10022 -1 10019 10022 10023 -1 10020 9999 10017 -1 9999 10020 10000 -1 10013 10009 10016 -1 10009 10013 10012 -1 10020 10002 10003 -1 10002 10020 10019 -1 10002 10019 10023 -1 10002 10023 10004 -1 9998 10022 10001 -1 10022 9998 10023 -1 10007 10023 9998 -1 10023 10007 10004 -1 10018 10021 10017 -1 10021 10018 10024 -1 10021 10024 10022 -1 10003 10015 10008 -1 10015 10003 9994 -1 10015 9994 9996 -1 10008 10016 10011 -1 10016 10008 10015 -1 10011 10016 10009 -1 10024 10005 10006 -1 10005 10024 10018 -1 10003 10000 10020 -1 10000 10003 10008 -1 10010 10008 10011 -1 10008 10010 10007 -1 10001 10024 10006 -1 10024 10001 10022 -1 10025 10026 10027 -1 10026 10025 10028 -1 10029 10030 10031 -1 10030 10029 10032 -1 10033 10025 10034 -1 10025 10033 10028 -1 10028 10033 10035 -1 10032 10036 10030 -1 10036 10032 10037 -1 10038 10031 10039 -1 10031 10038 10029 -1 10040 10041 10042 -1 10041 10040 10043 -1 10038 10044 10035 -1 10044 10038 10041 -1 10044 10041 10043 -1 10035 10045 10028 -1 10045 10035 10044 -1 10028 10045 10026 -1 10026 10046 10027 -1 10046 10026 10045 -1 10046 10044 10047 -1 10044 10046 10045 -1 10048 10036 10049 -1 10036 10048 10030 -1 10048 10050 10051 -1 10050 10048 10052 -1 10050 10052 10053 -1 10050 10053 10054 -1 10051 10030 10048 -1 10030 10051 10031 -1 10044 10040 10047 -1 10040 10044 10043 -1 10051 10033 10034 -1 10033 10051 10050 -1 10033 10050 10054 -1 10033 10054 10035 -1 10029 10053 10032 -1 10053 10029 10054 -1 10038 10054 10029 -1 10054 10038 10035 -1 10049 10052 10048 -1 10052 10049 10055 -1 10052 10055 10053 -1 10034 10046 10039 -1 10046 10034 10025 -1 10046 10025 10027 -1 10039 10047 10042 -1 10047 10039 10046 -1 10042 10047 10040 -1 10055 10036 10037 -1 10036 10055 10049 -1 10034 10031 10051 -1 10031 10034 10039 -1 10041 10039 10042 -1 10039 10041 10038 -1 10032 10055 10037 -1 10055 10032 10053 -1 10056 10057 10058 -1 10057 10056 10059 -1 10060 10061 10062 -1 10061 10060 10063 -1 10064 10056 10065 -1 10056 10064 10059 -1 10059 10064 10066 -1 10063 10067 10061 -1 10067 10063 10068 -1 10069 10062 10070 -1 10062 10069 10060 -1 10071 10072 10073 -1 10072 10071 10074 -1 10069 10075 10066 -1 10075 10069 10072 -1 10075 10072 10074 -1 10066 10076 10059 -1 10076 10066 10075 -1 10059 10076 10057 -1 10057 10077 10058 -1 10077 10057 10076 -1 10077 10075 10078 -1 10075 10077 10076 -1 10079 10067 10080 -1 10067 10079 10061 -1 10079 10081 10082 -1 10081 10079 10083 -1 10081 10083 10084 -1 10081 10084 10085 -1 10082 10061 10079 -1 10061 10082 10062 -1 10075 10071 10078 -1 10071 10075 10074 -1 10082 10064 10065 -1 10064 10082 10081 -1 10064 10081 10085 -1 10064 10085 10066 -1 10060 10084 10063 -1 10084 10060 10085 -1 10069 10085 10060 -1 10085 10069 10066 -1 10080 10083 10079 -1 10083 10080 10086 -1 10083 10086 10084 -1 10065 10077 10070 -1 10077 10065 10056 -1 10077 10056 10058 -1 10070 10078 10073 -1 10078 10070 10077 -1 10073 10078 10071 -1 10086 10067 10068 -1 10067 10086 10080 -1 10065 10062 10082 -1 10062 10065 10070 -1 10072 10070 10073 -1 10070 10072 10069 -1 10063 10086 10068 -1 10086 10063 10084 -1 10087 10088 10089 -1 10088 10087 10090 -1 10091 10092 10093 -1 10092 10091 10094 -1 10095 10087 10096 -1 10087 10095 10090 -1 10090 10095 10097 -1 10094 10098 10092 -1 10098 10094 10099 -1 10100 10093 10101 -1 10093 10100 10091 -1 10102 10103 10104 -1 10103 10102 10105 -1 10100 10106 10097 -1 10106 10100 10103 -1 10106 10103 10105 -1 10097 10107 10090 -1 10107 10097 10106 -1 10090 10107 10088 -1 10088 10108 10089 -1 10108 10088 10107 -1 10108 10106 10109 -1 10106 10108 10107 -1 10110 10098 10111 -1 10098 10110 10092 -1 10110 10112 10113 -1 10112 10110 10114 -1 10112 10114 10115 -1 10112 10115 10116 -1 10113 10092 10110 -1 10092 10113 10093 -1 10106 10102 10109 -1 10102 10106 10105 -1 10113 10095 10096 -1 10095 10113 10112 -1 10095 10112 10116 -1 10095 10116 10097 -1 10091 10115 10094 -1 10115 10091 10116 -1 10100 10116 10091 -1 10116 10100 10097 -1 10111 10114 10110 -1 10114 10111 10117 -1 10114 10117 10115 -1 10096 10108 10101 -1 10108 10096 10087 -1 10108 10087 10089 -1 10101 10109 10104 -1 10109 10101 10108 -1 10104 10109 10102 -1 10117 10098 10099 -1 10098 10117 10111 -1 10096 10093 10113 -1 10093 10096 10101 -1 10103 10101 10104 -1 10101 10103 10100 -1 10094 10117 10099 -1 10117 10094 10115 -1 10118 10119 10120 -1 10120 10121 10118 -1 10121 10122 10123 -1 10123 10118 10121 -1 10118 10123 10124 -1 10124 10125 10118 -1 10124 10126 10125 -1 10127 10128 10129 -1 10129 10119 10127 -1 10119 10130 10127 -1 10130 10131 10127 -1 10120 10119 10129 -1 10129 10128 10123 -1 10123 10122 10129 -1 10122 10121 10120 -1 10120 10129 10122 -1 10127 10124 10123 -1 10123 10128 10127 -1 10125 10130 10119 -1 10119 10118 10125 -1 10126 10131 10130 -1 10130 10125 10126 -1 10124 10127 10131 -1 10131 10126 10124 -1 10132 10133 10134 -1 10133 10132 10135 -1 10135 10136 10137 -1 10136 10135 10132 -1 10132 10138 10136 -1 10138 10132 10139 -1 10138 10139 10140 -1 10141 10142 10143 -1 10142 10141 10134 -1 10134 10141 10144 -1 10144 10141 10145 -1 10133 10142 10134 -1 10142 10136 10143 -1 10136 10142 10137 -1 10137 10133 10135 -1 10133 10137 10142 -1 10141 10136 10138 -1 10136 10141 10143 -1 10139 10134 10144 -1 10134 10139 10132 -1 10140 10144 10145 -1 10144 10140 10139 -1 10138 10145 10141 -1 10145 10138 10140 -1 10146 10147 10148 -1 10147 10146 10149 -1 10147 10150 10151 -1 10150 10147 10149 -1 10152 10153 10154 -1 10153 10152 10155 -1 10156 10157 10158 -1 10157 10156 10159 -1 10160 10161 10162 -1 10161 10160 10163 -1 10161 10163 10164 -1 10164 10163 10157 -1 10164 10157 10165 -1 10165 10157 10159 -1 10162 10166 10167 -1 10166 10162 10161 -1 10155 10150 10153 -1 10150 10155 10151 -1 10168 10155 10169 -1 10155 10168 10151 -1 10151 10168 10147 -1 10147 10168 10148 -1 10170 10171 10172 -1 10171 10170 10173 -1 10173 10170 10174 -1 10173 10174 10175 -1 10175 10174 10176 -1 10175 10176 10177 -1 10177 10176 10152 -1 10177 10152 10178 -1 10177 10178 10179 -1 10177 10179 10180 -1 10152 10176 10169 -1 10152 10169 10155 -1 10180 10179 10181 -1 10175 10182 10183 -1 10182 10175 10177 -1 10183 10182 10184 -1 10184 10182 10185 -1 10185 10182 10186 -1 10186 10182 10156 -1 10183 10184 10187 -1 10186 10156 10158 -1 10187 10188 10162 -1 10188 10187 10184 -1 10162 10188 10189 -1 10162 10189 10190 -1 10162 10190 10160 -1 10191 10173 10192 -1 10173 10191 10171 -1 10182 10193 10194 -1 10193 10182 10177 -1 10194 10156 10182 -1 10156 10194 10159 -1 10167 10195 10196 -1 10195 10167 10197 -1 10197 10167 10198 -1 10198 10167 10166 -1 10192 10199 10191 -1 10199 10192 10200 -1 10200 10192 10201 -1 10200 10201 10202 -1 10202 10201 10203 -1 10202 10203 10194 -1 10194 10203 10204 -1 10194 10204 10205 -1 10194 10205 10206 -1 10194 10206 10159 -1 10204 10203 10196 -1 10204 10196 10195 -1 10159 10206 10165 -1 10202 10193 10207 -1 10193 10202 10194 -1 10207 10193 10208 -1 10208 10193 10209 -1 10209 10193 10210 -1 10210 10193 10211 -1 10207 10208 10212 -1 10210 10211 10213 -1 10212 10214 10215 -1 10214 10212 10208 -1 10215 10214 10216 -1 10215 10216 10217 -1 10215 10217 10218 -1 10180 10213 10211 -1 10213 10180 10219 -1 10219 10180 10181 -1 10219 10181 10220 -1 10220 10221 10219 -1 10221 10220 10146 -1 10221 10215 10218 -1 10215 10221 10146 -1 10215 10146 10148 -1 10215 10148 10168 -1 10211 10177 10180 -1 10177 10211 10193 -1 10183 10201 10175 -1 10201 10183 10203 -1 10192 10175 10201 -1 10175 10192 10173 -1 10185 10222 10184 -1 10222 10185 10223 -1 10224 10185 10186 -1 10185 10224 10223 -1 10225 10226 10227 -1 10226 10225 10228 -1 10228 10225 10229 -1 10228 10229 10230 -1 10230 10229 10161 -1 10230 10161 10164 -1 10157 10186 10158 -1 10186 10157 10224 -1 10184 10231 10188 -1 10231 10184 10222 -1 10187 10203 10183 -1 10203 10187 10196 -1 10212 10168 10169 -1 10168 10212 10215 -1 10199 10171 10191 -1 10171 10199 10172 -1 10167 10187 10162 -1 10187 10167 10196 -1 10202 10170 10200 -1 10170 10202 10174 -1 10200 10172 10199 -1 10172 10200 10170 -1 10207 10169 10176 -1 10169 10207 10212 -1 10202 10176 10174 -1 10176 10202 10207 -1 10226 10195 10227 -1 10195 10226 10204 -1 10165 10230 10164 -1 10230 10165 10206 -1 10206 10228 10230 -1 10228 10206 10205 -1 10227 10197 10225 -1 10197 10227 10195 -1 10228 10204 10226 -1 10204 10228 10205 -1 10197 10229 10225 -1 10229 10197 10198 -1 10229 10166 10161 -1 10166 10229 10198 -1 10218 10232 10221 -1 10232 10218 10217 -1 10232 10216 10233 -1 10216 10232 10217 -1 10234 10235 10236 -1 10235 10234 10233 -1 10233 10234 10237 -1 10233 10237 10232 -1 10232 10237 10219 -1 10232 10219 10221 -1 10235 10216 10214 -1 10216 10235 10233 -1 10234 10208 10209 -1 10208 10234 10236 -1 10178 10238 10179 -1 10238 10178 10239 -1 10237 10213 10219 -1 10213 10237 10210 -1 10236 10214 10208 -1 10214 10236 10235 -1 10179 10220 10181 -1 10220 10179 10238 -1 10178 10154 10239 -1 10154 10178 10152 -1 10234 10210 10237 -1 10210 10234 10209 -1 10150 10154 10153 -1 10154 10150 10239 -1 10239 10150 10149 -1 10239 10149 10238 -1 10238 10149 10146 -1 10238 10146 10220 -1 10223 10231 10222 -1 10231 10223 10240 -1 10240 10223 10224 -1 10240 10224 10241 -1 10241 10224 10157 -1 10241 10157 10163 -1 10190 10163 10160 -1 10163 10190 10241 -1 10240 10190 10189 -1 10190 10240 10241 -1 10188 10240 10189 -1 10240 10188 10231 -1 10242 10243 10244 -1 10243 10242 10245 -1 10243 10245 10246 -1 10247 10248 9427 -1 10248 10247 10249 -1 10250 10251 10252 -1 10251 10250 10253 -1 10254 10255 10256 -1 10255 10254 10257 -1 10258 10259 10260 -1 10259 10258 10261 -1 10262 10252 10263 -1 10252 10262 10250 -1 10264 10250 10265 -1 10250 10264 10253 -1 10259 10243 10246 -1 10243 10259 10266 -1 10267 10268 10269 -1 10268 10267 10270 -1 10271 10272 10273 -1 10272 10271 10274 -1 10275 10276 10267 -1 10276 10275 9406 -1 10277 10278 10279 -1 10278 10277 10280 -1 10259 10245 10260 -1 10245 10259 10246 -1 10249 9386 10248 -1 9386 10249 10281 -1 10282 10261 10258 -1 10261 10282 10283 -1 9423 9386 9403 -1 9386 9423 9427 -1 9386 9427 10248 -1 10284 10255 10285 -1 10255 10284 10256 -1 10286 10287 10288 -1 10287 10286 10289 -1 10270 10290 10291 -1 10290 10270 10292 -1 10293 10270 10291 -1 10270 10293 10268 -1 10264 10285 10253 -1 10285 10264 10284 -1 10265 10262 10294 -1 10262 10265 10250 -1 10249 10263 10281 -1 10263 10249 10262 -1 10293 10283 10282 -1 10283 10293 10291 -1 10254 10295 10257 -1 10295 10254 10280 -1 10280 10254 10278 -1 10296 10277 10279 -1 10277 10296 10297 -1 10298 10289 10286 -1 10289 10298 10299 -1 10300 10299 10298 -1 10299 10300 10301 -1 10255 10302 10285 -1 10302 10255 10303 -1 10267 10292 10270 -1 10292 10267 10276 -1 10294 10249 10247 -1 10249 10294 10262 -1 10261 10304 10305 -1 10304 10261 10283 -1 10288 10274 10271 -1 10274 10288 10287 -1 10285 10251 10253 -1 10251 10285 10302 -1 10297 10301 10300 -1 10301 10297 10296 -1 10261 10266 10259 -1 10266 10261 10305 -1 10244 10304 10306 -1 10304 10244 10305 -1 10305 10244 10266 -1 10266 10244 10243 -1 10273 10288 10271 -1 10288 10273 10286 -1 10286 10273 10307 -1 10286 10307 10298 -1 10298 10307 10308 -1 10298 10308 10300 -1 10300 10308 10309 -1 10300 10309 9407 -1 9407 10309 10290 -1 9407 10290 10292 -1 9407 10292 10276 -1 9407 10276 9405 -1 10290 10309 10306 -1 10290 10306 10304 -1 9405 10276 9406 -1 10300 9404 10297 -1 9404 10300 9407 -1 10297 9404 10252 -1 10252 9404 10263 -1 10263 9404 10281 -1 10281 9404 9403 -1 10297 10252 10277 -1 10281 9403 9386 -1 10277 10251 10280 -1 10251 10277 10252 -1 10280 10251 10302 -1 10280 10302 10303 -1 10280 10303 10295 -1 10283 10290 10304 -1 10290 10283 10291 -1 10257 10303 10255 -1 10303 10257 10295 -1 10275 10269 9428 -1 10269 10275 10267 -1 10244 10310 10242 -1 10310 10244 10306 -1 10308 10311 10309 -1 10311 10308 10312 -1 10306 10311 10310 -1 10311 10306 10309 -1 9403 9424 9423 -1 9424 9403 9404 -1 10278 10264 10279 -1 10264 10278 10284 -1 10284 10278 10256 -1 10256 10278 10254 -1 10289 10274 10287 -1 10274 10289 10272 -1 10272 10289 10299 -1 10272 10299 10313 -1 10313 10299 10301 -1 10313 10301 10312 -1 10312 10301 10296 -1 10312 10296 9424 -1 9424 10296 10265 -1 9424 10265 10294 -1 9424 10294 10247 -1 9424 10247 9423 -1 10265 10296 10279 -1 10265 10279 10264 -1 9423 10247 9427 -1 10312 9431 10311 -1 9431 10312 9424 -1 10311 9431 10293 -1 10293 9431 10268 -1 10268 9431 10269 -1 10269 9431 9429 -1 10311 10293 10310 -1 10269 9429 9428 -1 10310 10282 10242 -1 10282 10310 10293 -1 10242 10282 10258 -1 10242 10258 10260 -1 10242 10260 10245 -1 9428 9406 10275 -1 9406 9428 9405 -1 9405 9428 9429 -1 10273 10313 10307 -1 10313 10273 10272 -1 10307 10312 10308 -1 10312 10307 10313 -1 10314 10315 10316 -1 10315 10314 10317 -1 10316 10318 10314 -1 10318 10316 10319 -1 10320 10318 10319 -1 10318 10320 10321 -1 10320 10317 10321 -1 10317 10320 10315 -1 10316 10320 10319 -1 10320 10316 10315 -1 10317 10318 10321 -1 10318 10317 10314 -1 10322 10323 10324 -1 10323 10322 10325 -1 10325 10322 10326 -1 10325 10326 10327 -1 10326 10322 10328 -1 10329 10330 10331 -1 10330 10329 10332 -1 10332 10329 10333 -1 10332 10333 10334 -1 10335 10336 10337 -1 10338 10339 10340 -1 10341 10342 10333 -1 10342 10341 10343 -1 10338 10344 10339 -1 10345 10334 10342 -1 10346 10338 10340 -1 10347 10327 10348 -1 10327 10347 10325 -1 10342 10334 10333 -1 10340 10339 10349 -1 10336 10350 10338 -1 10351 10345 10352 -1 10353 10340 10349 -1 10340 10353 10346 -1 10346 10353 10354 -1 10354 10353 10355 -1 10335 10356 10357 -1 10352 10345 10342 -1 10343 10352 10342 -1 10352 10343 10349 -1 10349 10343 10353 -1 10353 10343 10358 -1 10337 10336 10346 -1 10354 10337 10346 -1 10337 10354 10324 -1 10324 10354 10322 -1 10322 10354 10359 -1 10360 10361 10362 -1 10361 10360 10363 -1 10364 10365 10366 -1 10349 10351 10352 -1 10358 10367 10368 -1 10369 10356 10335 -1 10370 10371 10372 -1 10373 10374 10375 -1 10376 10377 10378 -1 10377 10376 10379 -1 10380 10381 10382 -1 10381 10380 10383 -1 10383 10380 10384 -1 10383 10384 10341 -1 10385 10386 10387 -1 10386 10385 10388 -1 10357 10389 10350 -1 10356 10390 10391 -1 10336 10338 10346 -1 10392 10393 10325 -1 10354 10355 10370 -1 10359 10394 10395 -1 10396 10397 10398 -1 10399 10400 10401 -1 10400 10399 10402 -1 10353 10358 10368 -1 10325 10393 10323 -1 10359 10354 10394 -1 10403 10404 10405 -1 10406 10407 10374 -1 10334 10408 10409 -1 10369 10335 10324 -1 10361 10410 10411 -1 10410 10361 10400 -1 10326 10322 10396 -1 10403 10378 10404 -1 10378 10403 10376 -1 10389 10412 10413 -1 10412 10389 10414 -1 10336 10357 10350 -1 10410 10415 10411 -1 10415 10410 10416 -1 10367 10417 10418 -1 10369 10366 10356 -1 10419 10407 10390 -1 10407 10419 10374 -1 10371 10420 10421 -1 10370 10422 10371 -1 10422 10423 10371 -1 10424 10401 10425 -1 10401 10424 10399 -1 10368 10418 10423 -1 10350 10389 10413 -1 10402 10410 10400 -1 10410 10402 10426 -1 10390 10427 10391 -1 10427 10390 10407 -1 10343 10341 10384 -1 10428 10401 10363 -1 10401 10428 10425 -1 10412 10362 10429 -1 10362 10412 10360 -1 10398 10376 10403 -1 10327 10430 10348 -1 10355 10422 10370 -1 10327 10326 10431 -1 10404 10375 10432 -1 10339 10351 10349 -1 10433 10387 10434 -1 10387 10433 10429 -1 10338 10350 10344 -1 10431 10398 10435 -1 10347 10364 10392 -1 10397 10379 10376 -1 10388 10436 10437 -1 10436 10388 10415 -1 10365 10419 10366 -1 10351 10438 10439 -1 10374 10365 10364 -1 10436 10440 10441 -1 10440 10436 10442 -1 10443 10372 10444 -1 10366 10390 10356 -1 10404 10445 10373 -1 10398 10397 10376 -1 10372 10371 10421 -1 10427 10446 10414 -1 10446 10427 10447 -1 10386 10437 10448 -1 10437 10386 10388 -1 10322 10395 10396 -1 10348 10430 10435 -1 10339 10344 10438 -1 10368 10367 10418 -1 10357 10391 10389 -1 10344 10433 10438 -1 10377 10425 10449 -1 10425 10377 10424 -1 10426 10416 10410 -1 10416 10426 10450 -1 10451 10452 10453 -1 10373 10406 10374 -1 10366 10419 10390 -1 10327 10431 10430 -1 10432 10375 10454 -1 10435 10404 10432 -1 10393 10366 10369 -1 10394 10372 10443 -1 10378 10445 10404 -1 10455 10456 10457 -1 10456 10455 10453 -1 10393 10369 10323 -1 10407 10447 10427 -1 10447 10407 10406 -1 10355 10353 10422 -1 10433 10434 10439 -1 10325 10347 10392 -1 10418 10458 10459 -1 10435 10398 10405 -1 10445 10460 10373 -1 10460 10445 10461 -1 10461 10445 10449 -1 10371 10423 10420 -1 10416 10436 10415 -1 10436 10416 10442 -1 10372 10421 10444 -1 10358 10343 10367 -1 10454 10375 10462 -1 10431 10326 10396 -1 10463 10464 10465 -1 10464 10463 10466 -1 10462 10374 10364 -1 10417 10453 10458 -1 10406 10461 10447 -1 10461 10406 10373 -1 10461 10373 10460 -1 10431 10396 10398 -1 10350 10413 10344 -1 10395 10394 10443 -1 10418 10417 10458 -1 10324 10335 10337 -1 10466 10467 10464 -1 10467 10466 10448 -1 10367 10384 10417 -1 10353 10368 10422 -1 10448 10468 10467 -1 10468 10448 10437 -1 10398 10403 10405 -1 10409 10466 10463 -1 10446 10363 10360 -1 10363 10446 10428 -1 10345 10408 10334 -1 10449 10428 10461 -1 10428 10449 10425 -1 10375 10374 10462 -1 10437 10441 10468 -1 10441 10437 10436 -1 10416 10455 10442 -1 10455 10416 10450 -1 10378 10449 10445 -1 10449 10378 10377 -1 10395 10443 10397 -1 10345 10439 10408 -1 10356 10391 10357 -1 10405 10404 10435 -1 10401 10361 10363 -1 10361 10401 10400 -1 10422 10368 10423 -1 10456 10452 10469 -1 10452 10456 10453 -1 10417 10451 10453 -1 10458 10455 10450 -1 10455 10458 10453 -1 10387 10470 10434 -1 10470 10387 10386 -1 10470 10448 10466 -1 10448 10470 10386 -1 10413 10429 10433 -1 10429 10413 10412 -1 10418 10459 10420 -1 10408 10466 10409 -1 10393 10364 10366 -1 10442 10457 10440 -1 10457 10442 10455 -1 10439 10470 10408 -1 10420 10426 10402 -1 10426 10420 10459 -1 10339 10438 10351 -1 10421 10402 10399 -1 10402 10421 10420 -1 10384 10451 10417 -1 10430 10431 10435 -1 10343 10384 10367 -1 10439 10434 10470 -1 10423 10418 10420 -1 10414 10360 10412 -1 10360 10414 10446 -1 10351 10439 10345 -1 10429 10385 10387 -1 10385 10429 10362 -1 10444 10399 10424 -1 10399 10444 10421 -1 10397 10443 10379 -1 10322 10359 10395 -1 10459 10450 10426 -1 10450 10459 10458 -1 10396 10395 10397 -1 10335 10357 10336 -1 10379 10424 10377 -1 10424 10379 10444 -1 10332 10465 10330 -1 10465 10332 10334 -1 10465 10334 10463 -1 10463 10334 10409 -1 10391 10414 10389 -1 10414 10391 10427 -1 10443 10444 10379 -1 10408 10470 10466 -1 10438 10433 10439 -1 10411 10388 10385 -1 10388 10411 10415 -1 10469 10380 10382 -1 10380 10469 10384 -1 10384 10469 10452 -1 10384 10452 10451 -1 10394 10370 10372 -1 10404 10373 10375 -1 10323 10369 10324 -1 10374 10419 10365 -1 10354 10370 10394 -1 10348 10364 10347 -1 10364 10348 10462 -1 10462 10348 10454 -1 10454 10348 10432 -1 10432 10348 10435 -1 10344 10413 10433 -1 10392 10364 10393 -1 10447 10428 10446 -1 10428 10447 10461 -1 10362 10411 10385 -1 10411 10362 10361 -1 10456 10469 10471 -1 10472 10473 10474 -1 10473 10472 10475 -1 10476 10477 10478 -1 10477 10476 10479 -1 10480 10481 10482 -1 10481 10480 10478 -1 10483 10484 10485 -1 10484 10483 10486 -1 10487 10475 10472 -1 10475 10487 10488 -1 10489 10490 10491 -1 10490 10489 10492 -1 10493 10494 10495 -1 10494 10493 10482 -1 10492 10496 10497 -1 10496 10492 10498 -1 10475 10499 10473 -1 10499 10475 10500 -1 10501 10500 10488 -1 10485 10501 10494 -1 10496 10502 10497 -1 10502 10496 10480 -1 10503 10504 10498 -1 10504 10503 10505 -1 10456 10505 10457 -1 10505 10456 10506 -1 10467 10507 10464 -1 10507 10467 10508 -1 10499 10509 10510 -1 10511 10512 10513 -1 10483 10485 10494 -1 10514 10515 10516 -1 10486 10517 10518 -1 10469 10382 10471 -1 10497 10519 10520 -1 10519 10497 10502 -1 10457 10503 10440 -1 10503 10457 10505 -1 10520 10521 10522 -1 10521 10520 10519 -1 10482 10483 10494 -1 10483 10482 10481 -1 10523 10524 10525 -1 10526 10527 10485 -1 10478 10528 10481 -1 10528 10478 10477 -1 10441 10503 10489 -1 10503 10441 10440 -1 10509 10529 10530 -1 10531 10532 10533 -1 10534 10474 10535 -1 10517 10513 10518 -1 10536 10529 10500 -1 10528 10517 10486 -1 10524 10537 10538 -1 10539 10540 10330 -1 10508 10541 10507 -1 10541 10508 10542 -1 10537 10530 10543 -1 10539 10531 10540 -1 10543 10530 10544 -1 10545 10535 10546 -1 10496 10478 10480 -1 10478 10496 10476 -1 10501 10547 10536 -1 10527 10548 10485 -1 10471 10549 10550 -1 10484 10518 10551 -1 10552 10511 10517 -1 10553 10554 10555 -1 10548 10547 10501 -1 10479 10553 10477 -1 10521 10474 10534 -1 10474 10521 10472 -1 10471 10382 10549 -1 10556 10557 10555 -1 10518 10513 10558 -1 10559 10546 10560 -1 10557 10512 10511 -1 10464 10507 10539 -1 10561 10529 10509 -1 10525 10562 10560 -1 10479 10563 10553 -1 10381 10564 10382 -1 10512 10565 10513 -1 10499 10561 10509 -1 10513 10565 10558 -1 10527 10566 10567 -1 10563 10554 10553 -1 10568 10567 10566 -1 10565 10568 10558 -1 10558 10568 10566 -1 10569 10331 10570 -1 10331 10569 10381 -1 10381 10569 10514 -1 10381 10514 10564 -1 10510 10537 10524 -1 10382 10564 10549 -1 10486 10518 10484 -1 10560 10556 10559 -1 10556 10560 10562 -1 10556 10562 10512 -1 10556 10512 10557 -1 10529 10567 10544 -1 10567 10529 10536 -1 10567 10536 10547 -1 10567 10547 10548 -1 10567 10548 10527 -1 10571 10563 10479 -1 10572 10514 10569 -1 10514 10572 10559 -1 10514 10559 10556 -1 10514 10556 10515 -1 10467 10491 10508 -1 10491 10467 10468 -1 10554 10556 10555 -1 10477 10552 10528 -1 10567 10543 10544 -1 10543 10567 10568 -1 10538 10512 10562 -1 10512 10538 10543 -1 10512 10543 10568 -1 10512 10568 10565 -1 10477 10553 10552 -1 10381 10329 10331 -1 10329 10381 10333 -1 10333 10381 10383 -1 10333 10383 10341 -1 10528 10552 10517 -1 10498 10476 10496 -1 10476 10498 10504 -1 10571 10550 10563 -1 10539 10541 10531 -1 10541 10539 10507 -1 10550 10516 10563 -1 10504 10479 10476 -1 10479 10504 10571 -1 10519 10472 10521 -1 10472 10519 10487 -1 10494 10501 10495 -1 10502 10487 10519 -1 10487 10502 10493 -1 10491 10542 10508 -1 10542 10491 10490 -1 10505 10571 10504 -1 10571 10505 10506 -1 10501 10536 10500 -1 10555 10557 10511 -1 10330 10540 10570 -1 10464 10539 10465 -1 10518 10558 10551 -1 10490 10522 10542 -1 10522 10490 10520 -1 10517 10511 10513 -1 10473 10499 10510 -1 10480 10493 10502 -1 10493 10480 10482 -1 10541 10532 10531 -1 10474 10523 10535 -1 10553 10555 10552 -1 10330 10570 10331 -1 10500 10529 10561 -1 10465 10539 10330 -1 10563 10516 10554 -1 10551 10558 10566 -1 10495 10501 10488 -1 10523 10473 10510 -1 10546 10525 10560 -1 10533 10572 10569 -1 10573 10559 10572 -1 10535 10525 10546 -1 10541 10574 10532 -1 10533 10573 10572 -1 10526 10551 10527 -1 10570 10533 10569 -1 10533 10570 10540 -1 10523 10510 10524 -1 10532 10573 10533 -1 10493 10488 10487 -1 10488 10493 10495 -1 10531 10533 10540 -1 10510 10509 10537 -1 10574 10534 10545 -1 10485 10548 10501 -1 10500 10561 10499 -1 10516 10515 10554 -1 10550 10549 10516 -1 10515 10556 10554 -1 10484 10526 10485 -1 10488 10500 10475 -1 10456 10471 10506 -1 10535 10523 10525 -1 10571 10471 10550 -1 10471 10571 10506 -1 10503 10492 10489 -1 10492 10503 10498 -1 10481 10486 10483 -1 10486 10481 10528 -1 10524 10538 10562 -1 10549 10514 10516 -1 10514 10549 10564 -1 10492 10520 10490 -1 10520 10492 10497 -1 10525 10524 10562 -1 10574 10545 10532 -1 10573 10546 10559 -1 10532 10545 10573 -1 10529 10544 10530 -1 10474 10473 10523 -1 10552 10555 10511 -1 10522 10534 10574 -1 10534 10522 10521 -1 10537 10543 10538 -1 10441 10491 10468 -1 10491 10441 10489 -1 10534 10535 10545 -1 10545 10546 10573 -1 10509 10530 10537 -1 10551 10566 10527 -1 10484 10551 10526 -1 10542 10574 10541 -1 10574 10542 10522 -1 10575 10576 10577 -1 10576 10575 10578 -1 10579 10578 10575 -1 10578 10579 10580 -1 10575 10581 10579 -1 10582 10583 10584 -1 10583 10582 10577 -1 10577 10582 10585 -1 10577 10585 10586 -1 10577 10586 10581 -1 10577 10581 10575 -1 10587 10588 10589 -1 10588 10587 10576 -1 10588 10576 10590 -1 10590 10576 10591 -1 10591 10576 10592 -1 10592 10576 10580 -1 10580 10576 10578 -1 10593 10594 10435 -1 10594 10593 10595 -1 10595 10593 10596 -1 10596 10593 10597 -1 10597 10593 10598 -1 10348 10435 10594 -1 10592 10586 10591 -1 10586 10592 10581 -1 10591 10585 10590 -1 10585 10591 10586 -1 10590 10582 10588 -1 10582 10590 10585 -1 10576 10583 10577 -1 10583 10576 10599 -1 10599 10576 10600 -1 10600 10576 10601 -1 10601 10576 10587 -1 10602 10435 10364 -1 10435 10602 10600 -1 10435 10600 10603 -1 10603 10600 10601 -1 10435 10603 10593 -1 10604 10594 10595 -1 10594 10604 10605 -1 10348 10364 10435 -1 10606 10600 10607 -1 10600 10606 10599 -1 10608 10593 10603 -1 10593 10608 10598 -1 10364 10605 10602 -1 10605 10364 10347 -1 10602 10605 10604 -1 10602 10604 10609 -1 10602 10609 10610 -1 10602 10610 10611 -1 10610 10596 10597 -1 10596 10610 10609 -1 10589 10601 10587 -1 10601 10589 10612 -1 10601 10608 10603 -1 10608 10601 10612 -1 10606 10583 10599 -1 10583 10606 10584 -1 10609 10595 10596 -1 10595 10609 10604 -1 10611 10600 10602 -1 10600 10611 10607 -1 10605 10348 10594 -1 10348 10605 10347 -1 10597 10611 10610 -1 10611 10597 10607 -1 10607 10597 10606 -1 10606 10597 10608 -1 10608 10597 10598 -1 10606 10582 10584 -1 10582 10606 10588 -1 10588 10606 10612 -1 10612 10606 10608 -1 10588 10612 10589 -1 10580 10581 10592 -1 10581 10580 10579 -1 10613 10567 10544 -1 10567 10613 10614 -1 10527 10614 10615 -1 10614 10527 10567 -1 10529 10567 10527 -1 10615 10613 10616 -1 10613 10615 10614 -1 10544 10616 10613 -1 10616 10544 10529 -1 10527 10616 10529 -1 10616 10527 10615 -1 10617 10618 10619 -1 10618 10617 10620 -1 10619 10621 10617 -1 10621 10619 10622 -1 10623 10621 10622 -1 10621 10623 10624 -1 10623 10620 10624 -1 10620 10623 10618 -1 10619 10623 10622 -1 10623 10619 10618 -1 10620 10621 10624 -1 10621 10620 10617 -1 10625 10626 10627 -1 10627 10628 10625 -1 10628 10629 10625 -1 10628 10630 10629 -1 10630 10631 10629 -1 10630 10632 10631 -1 10633 10634 10635 -1 10633 10636 10634 -1 10637 10638 10639 -1 10638 10640 10639 -1 10637 10639 10632 -1 10632 10630 10637 -1 10641 10637 10630 -1 10630 10628 10641 -1 10633 10635 10629 -1 10629 10631 10633 -1 10642 10643 10644 -1 10645 10641 10646 -1 10645 10646 10647 -1 10648 10642 10644 -1 10628 10627 10646 -1 10646 10641 10628 -1 10626 10625 10643 -1 10643 10642 10626 -1 10649 10650 10651 -1 10651 10652 10649 -1 10653 10654 10649 -1 10649 10652 10653 -1 10655 10656 10654 -1 10654 10653 10655 -1 10648 10644 10656 -1 10656 10655 10648 -1 10655 10647 10648 -1 10655 10645 10647 -1 10657 10658 10634 -1 10634 10636 10657 -1 10636 10640 10657 -1 10640 10638 10657 -1 10659 10660 10658 -1 10658 10657 10659 -1 10661 10662 10660 -1 10660 10659 10661 -1 10663 10664 10662 -1 10662 10661 10663 -1 10665 10666 10663 -1 10663 10651 10665 -1 10663 10661 10651 -1 10661 10652 10651 -1 10661 10653 10652 -1 10661 10659 10653 -1 10659 10657 10653 -1 10657 10655 10653 -1 10657 10638 10655 -1 10638 10645 10655 -1 10638 10641 10645 -1 10638 10637 10641 -1 10666 10667 10664 -1 10664 10663 10666 -1 10651 10650 10668 -1 10668 10665 10651 -1 10627 10626 10642 -1 10642 10648 10627 -1 10648 10647 10627 -1 10647 10646 10627 -1 10666 10665 10668 -1 10668 10667 10666 -1 10664 10667 10668 -1 10668 10650 10664 -1 10650 10662 10664 -1 10650 10649 10662 -1 10649 10654 10662 -1 10654 10660 10662 -1 10654 10658 10660 -1 10654 10656 10658 -1 10656 10634 10658 -1 10656 10644 10634 -1 10644 10643 10634 -1 10643 10635 10634 -1 10643 10629 10635 -1 10643 10625 10629 -1 10640 10636 10633 -1 10633 10631 10640 -1 10631 10632 10640 -1 10632 10639 10640 -1 10669 10670 10671 -1 10670 10669 10672 -1 10672 10669 10673 -1 10672 10673 10674 -1 10674 10673 10675 -1 10674 10675 10676 -1 10675 10677 10678 -1 10675 10678 10679 -1 10680 10681 10682 -1 10682 10681 10683 -1 10680 10676 10681 -1 10676 10680 10674 -1 10684 10674 10680 -1 10674 10684 10672 -1 10675 10673 10677 -1 10685 10686 10687 -1 10688 10689 10684 -1 10688 10690 10689 -1 10691 10686 10685 -1 10672 10689 10670 -1 10689 10672 10684 -1 10671 10687 10669 -1 10687 10671 10685 -1 10692 10693 10694 -1 10693 10692 10695 -1 10696 10692 10697 -1 10692 10696 10695 -1 10698 10697 10699 -1 10697 10698 10696 -1 10691 10699 10686 -1 10699 10691 10698 -1 10698 10691 10690 -1 10698 10690 10688 -1 10700 10678 10701 -1 10678 10700 10679 -1 10679 10700 10683 -1 10683 10700 10682 -1 10702 10701 10703 -1 10701 10702 10700 -1 10704 10703 10705 -1 10703 10704 10702 -1 10706 10705 10707 -1 10705 10706 10704 -1 10693 10708 10709 -1 10708 10693 10706 -1 10706 10693 10704 -1 10704 10693 10695 -1 10704 10695 10696 -1 10704 10696 10702 -1 10702 10696 10700 -1 10700 10696 10698 -1 10700 10698 10688 -1 10700 10688 10682 -1 10682 10688 10684 -1 10682 10684 10680 -1 10708 10707 10710 -1 10707 10708 10706 -1 10693 10711 10694 -1 10711 10693 10709 -1 10670 10685 10671 -1 10685 10670 10691 -1 10691 10670 10690 -1 10690 10670 10689 -1 10708 10711 10709 -1 10711 10708 10710 -1 10707 10711 10710 -1 10711 10707 10694 -1 10694 10707 10705 -1 10694 10705 10692 -1 10692 10705 10697 -1 10697 10705 10703 -1 10697 10703 10701 -1 10697 10701 10699 -1 10699 10701 10686 -1 10686 10701 10678 -1 10686 10678 10677 -1 10686 10677 10687 -1 10687 10677 10673 -1 10687 10673 10669 -1 10683 10675 10679 -1 10675 10683 10676 -1 10676 10683 10681 -1 10712 10713 10714 -1 10714 10715 10712 -1 10716 10715 10714 -1 10714 10717 10716 -1 10713 10712 10718 -1 10718 10719 10713 -1 10715 10716 10718 -1 10718 10712 10715 -1 10717 10719 10718 -1 10718 10716 10717 -1 10719 10717 10714 -1 10714 10713 10719 -1 10720 10721 10722 -1 10722 10723 10720 -1 10724 10725 10721 -1 10721 10720 10724 -1 10726 10722 10721 -1 10721 10725 10726 -1 10720 10723 10727 -1 10727 10724 10720 -1 10723 10722 10726 -1 10726 10727 10723 -1 10725 10724 10727 -1 10727 10726 10725 -1 10728 10729 10730 -1 10730 10731 10728 -1 10731 10730 10732 -1 10732 10733 10731 -1 10734 10733 10732 -1 10732 10735 10734 -1 10736 10729 10728 -1 10728 10737 10736 -1 10735 10732 10730 -1 10730 10736 10735 -1 10730 10729 10736 -1 10734 10735 10736 -1 10736 10737 10734 -1 10731 10733 10734 -1 10734 10737 10731 -1 10737 10728 10731 -1 10738 10739 10740 -1 10740 10741 10738 -1 10741 10740 10742 -1 10742 10743 10741 -1 10744 10743 10742 -1 10742 10745 10744 -1 10739 10738 10746 -1 10746 10747 10739 -1 10741 10743 10744 -1 10744 10746 10741 -1 10746 10738 10741 -1 10745 10747 10746 -1 10746 10744 10745 -1 10747 10745 10742 -1 10742 10740 10747 -1 10740 10739 10747 -1 10748 10749 10750 -1 10749 10748 10751 -1 10751 10752 10749 -1 10752 10751 10753 -1 10753 10751 10754 -1 10753 10754 10755 -1 10753 10755 10756 -1 10753 10756 10757 -1 10753 10757 10758 -1 10758 10757 10759 -1 10758 10759 10760 -1 10758 10760 10761 -1 10758 10761 10762 -1 10763 10764 10765 -1 10764 10763 10766 -1 10767 10760 10759 -1 10760 10767 10768 -1 10768 10761 10760 -1 10761 10768 10769 -1 10770 10771 10772 -1 10771 10770 10773 -1 10762 10774 10758 -1 10774 10762 10772 -1 10774 10772 10775 -1 10775 10772 10771 -1 10776 10777 10778 -1 10777 10776 10779 -1 10758 10780 10753 -1 10780 10758 10774 -1 10781 10782 10783 -1 10782 10781 10784 -1 10761 10772 10762 -1 10772 10761 10769 -1 10783 10776 10785 -1 10776 10786 10779 -1 10786 10776 10782 -1 10782 10776 10783 -1 10778 10787 10788 -1 10787 10778 10777 -1 10789 10756 10755 -1 10756 10789 10790 -1 10791 10765 10792 -1 10765 10791 10763 -1 10763 10791 10793 -1 10763 10793 10794 -1 10794 10793 10795 -1 10794 10795 10779 -1 10779 10795 10796 -1 10779 10796 10777 -1 10777 10796 10797 -1 10777 10797 10787 -1 10787 10797 10798 -1 10787 10798 10799 -1 10799 10798 10771 -1 10799 10771 10773 -1 10800 10753 10780 -1 10753 10800 10752 -1 10801 10795 10793 -1 10795 10801 10802 -1 10803 10798 10797 -1 10798 10803 10804 -1 10805 10797 10796 -1 10797 10805 10803 -1 10791 10801 10793 -1 10801 10791 10806 -1 10765 10807 10792 -1 10807 10765 10764 -1 10808 10809 10810 -1 10809 10808 10811 -1 10811 10808 10812 -1 10754 10789 10755 -1 10789 10754 10813 -1 10811 10813 10809 -1 10813 10811 10789 -1 10789 10811 10814 -1 10789 10814 10790 -1 10790 10814 10776 -1 10790 10776 10815 -1 10815 10776 10767 -1 10767 10776 10778 -1 10767 10778 10768 -1 10768 10778 10788 -1 10768 10788 10769 -1 10769 10788 10816 -1 10769 10816 10772 -1 10772 10816 10770 -1 10794 10766 10763 -1 10766 10794 10817 -1 10798 10775 10771 -1 10775 10798 10804 -1 10816 10773 10770 -1 10773 10816 10799 -1 10780 10802 10800 -1 10802 10780 10774 -1 10800 10802 10801 -1 10800 10801 10806 -1 10800 10806 10818 -1 10818 10806 10819 -1 10819 10806 10820 -1 10820 10806 10807 -1 10820 10807 10821 -1 10821 10807 10784 -1 10802 10774 10805 -1 10805 10774 10803 -1 10803 10774 10804 -1 10804 10774 10775 -1 10784 10764 10782 -1 10764 10784 10807 -1 10782 10764 10766 -1 10782 10766 10817 -1 10782 10817 10786 -1 10783 10810 10781 -1 10810 10783 10808 -1 10808 10783 10812 -1 10812 10783 10822 -1 10822 10783 10785 -1 10823 10750 10824 -1 10750 10823 10748 -1 10748 10823 10825 -1 10748 10825 10826 -1 10748 10826 10781 -1 10748 10781 10810 -1 10787 10816 10788 -1 10816 10787 10799 -1 10826 10784 10781 -1 10784 10826 10821 -1 10822 10811 10812 -1 10811 10822 10814 -1 10818 10823 10824 -1 10823 10818 10819 -1 10790 10757 10756 -1 10757 10790 10815 -1 10820 10826 10825 -1 10826 10820 10821 -1 10818 10752 10800 -1 10752 10818 10749 -1 10749 10818 10750 -1 10750 10818 10824 -1 10751 10813 10754 -1 10813 10751 10809 -1 10809 10751 10748 -1 10809 10748 10810 -1 10815 10759 10757 -1 10759 10815 10767 -1 10802 10796 10795 -1 10796 10802 10805 -1 10779 10817 10794 -1 10817 10779 10786 -1 10792 10806 10791 -1 10806 10792 10807 -1 10819 10825 10823 -1 10825 10819 10820 -1 10776 10822 10785 -1 10822 10776 10814 -1 10827 10828 10829 -1 10829 10830 10827 -1 10830 10831 10827 -1 10830 10832 10833 -1 10833 10834 10835 -1 10835 10831 10833 -1 10831 10830 10833 -1 10836 10837 10838 -1 10838 10839 10836 -1 10840 10841 10842 -1 10842 10843 10840 -1 10841 10844 10845 -1 10845 10842 10841 -1 10846 10847 10848 -1 10848 10849 10846 -1 10848 10845 10849 -1 10848 10842 10845 -1 10846 10850 10851 -1 10851 10852 10846 -1 10847 10846 10852 -1 10852 10853 10847 -1 10847 10854 10855 -1 10855 10848 10847 -1 10855 10842 10848 -1 10855 10843 10842 -1 10844 10852 10851 -1 10851 10856 10844 -1 10857 10858 10838 -1 10838 10840 10857 -1 10829 10828 10859 -1 10859 10837 10829 -1 10859 10840 10837 -1 10840 10838 10837 -1 10860 10861 10862 -1 10862 10863 10860 -1 10841 10853 10852 -1 10852 10844 10841 -1 10844 10856 10864 -1 10864 10845 10844 -1 10834 10865 10866 -1 10866 10835 10834 -1 10854 10847 10853 -1 10853 10859 10854 -1 10864 10856 10851 -1 10851 10850 10864 -1 10840 10859 10853 -1 10853 10841 10840 -1 10861 10858 10857 -1 10857 10862 10861 -1 10827 10854 10859 -1 10859 10828 10827 -1 10854 10827 10835 -1 10835 10855 10854 -1 10835 10866 10855 -1 10866 10860 10855 -1 10860 10863 10855 -1 10863 10843 10855 -1 10831 10835 10827 -1 10857 10840 10843 -1 10843 10863 10857 -1 10863 10862 10857 -1 10850 10846 10849 -1 10849 10864 10850 -1 10849 10845 10864 -1 10829 10837 10836 -1 10836 10867 10829 -1 10867 10832 10829 -1 10832 10830 10829 -1 10868 10867 10836 -1 10836 10839 10868 -1 10861 10869 10868 -1 10868 10839 10838 -1 10838 10858 10868 -1 10858 10861 10868 -1 10832 10867 10868 -1 10868 10869 10832 -1 10869 10833 10832 -1 10860 10866 10865 -1 10865 10869 10860 -1 10869 10861 10860 -1 10870 10871 10872 -1 10872 10873 10870 -1 10873 10872 10874 -1 10874 10875 10873 -1 10875 10876 10873 -1 10875 10877 10876 -1 10875 10878 10877 -1 10875 10879 10878 -1 10875 10880 10879 -1 10880 10881 10879 -1 10880 10882 10881 -1 10880 10883 10882 -1 10880 10884 10883 -1 10885 10886 10887 -1 10887 10888 10885 -1 10889 10881 10882 -1 10882 10890 10889 -1 10890 10882 10883 -1 10883 10891 10890 -1 10892 10893 10894 -1 10894 10895 10892 -1 10884 10880 10896 -1 10896 10893 10884 -1 10896 10897 10893 -1 10897 10894 10893 -1 10898 10899 10900 -1 10900 10901 10898 -1 10880 10875 10902 -1 10902 10896 10880 -1 10903 10904 10905 -1 10905 10906 10903 -1 10883 10884 10893 -1 10893 10891 10883 -1 10904 10907 10898 -1 10898 10901 10908 -1 10908 10905 10898 -1 10905 10904 10898 -1 10899 10909 10910 -1 10910 10900 10899 -1 10911 10877 10878 -1 10878 10912 10911 -1 10913 10914 10886 -1 10886 10885 10913 -1 10885 10915 10913 -1 10885 10916 10915 -1 10916 10917 10915 -1 10916 10901 10917 -1 10901 10918 10917 -1 10901 10900 10918 -1 10900 10919 10918 -1 10900 10910 10919 -1 10910 10920 10919 -1 10910 10921 10920 -1 10921 10894 10920 -1 10921 10895 10894 -1 10922 10902 10875 -1 10875 10874 10922 -1 10923 10915 10917 -1 10917 10924 10923 -1 10925 10919 10920 -1 10920 10926 10925 -1 10927 10918 10919 -1 10919 10925 10927 -1 10913 10915 10923 -1 10923 10928 10913 -1 10886 10914 10929 -1 10929 10887 10886 -1 10930 10931 10932 -1 10932 10933 10930 -1 10933 10934 10930 -1 10876 10877 10911 -1 10911 10935 10876 -1 10933 10932 10935 -1 10935 10911 10933 -1 10911 10936 10933 -1 10911 10912 10936 -1 10912 10898 10936 -1 10912 10937 10898 -1 10937 10889 10898 -1 10889 10899 10898 -1 10889 10890 10899 -1 10890 10909 10899 -1 10890 10891 10909 -1 10891 10938 10909 -1 10891 10893 10938 -1 10893 10892 10938 -1 10916 10885 10888 -1 10888 10939 10916 -1 10920 10894 10897 -1 10897 10926 10920 -1 10938 10892 10895 -1 10895 10921 10938 -1 10902 10922 10924 -1 10924 10896 10902 -1 10922 10923 10924 -1 10922 10928 10923 -1 10922 10940 10928 -1 10940 10941 10928 -1 10941 10942 10928 -1 10942 10929 10928 -1 10942 10943 10929 -1 10943 10906 10929 -1 10924 10927 10896 -1 10927 10925 10896 -1 10925 10926 10896 -1 10926 10897 10896 -1 10906 10905 10887 -1 10887 10929 10906 -1 10905 10888 10887 -1 10905 10939 10888 -1 10905 10908 10939 -1 10904 10903 10931 -1 10931 10930 10904 -1 10930 10934 10904 -1 10934 10944 10904 -1 10944 10907 10904 -1 10945 10946 10871 -1 10871 10870 10945 -1 10870 10947 10945 -1 10870 10948 10947 -1 10870 10903 10948 -1 10870 10931 10903 -1 10910 10909 10938 -1 10938 10921 10910 -1 10948 10903 10906 -1 10906 10943 10948 -1 10944 10934 10933 -1 10933 10936 10944 -1 10940 10946 10945 -1 10945 10941 10940 -1 10912 10878 10879 -1 10879 10937 10912 -1 10942 10947 10948 -1 10948 10943 10942 -1 10940 10922 10874 -1 10874 10872 10940 -1 10872 10871 10940 -1 10871 10946 10940 -1 10873 10876 10935 -1 10935 10932 10873 -1 10932 10870 10873 -1 10932 10931 10870 -1 10937 10879 10881 -1 10881 10889 10937 -1 10924 10917 10918 -1 10918 10927 10924 -1 10901 10916 10939 -1 10939 10908 10901 -1 10914 10913 10928 -1 10928 10929 10914 -1 10941 10945 10947 -1 10947 10942 10941 -1 10898 10907 10944 -1 10944 10936 10898 -1 10949 10950 10951 -1 10950 10949 10952 -1 10952 10949 10953 -1 10952 10954 10955 -1 10954 10956 10957 -1 10956 10954 10953 -1 10953 10954 10952 -1 10958 10959 10960 -1 10959 10958 10961 -1 10962 10963 10964 -1 10963 10962 10965 -1 10964 10966 10967 -1 10966 10964 10963 -1 10968 10969 10970 -1 10969 10968 10971 -1 10969 10971 10966 -1 10969 10966 10963 -1 10968 10972 10973 -1 10972 10968 10974 -1 10970 10974 10968 -1 10974 10970 10975 -1 10970 10976 10977 -1 10976 10970 10969 -1 10976 10969 10963 -1 10976 10963 10965 -1 10967 10972 10974 -1 10972 10967 10978 -1 10979 10959 10980 -1 10959 10979 10962 -1 10950 10981 10951 -1 10981 10950 10960 -1 10981 10960 10962 -1 10962 10960 10959 -1 10982 10983 10984 -1 10983 10982 10985 -1 10964 10974 10975 -1 10974 10964 10967 -1 10967 10986 10978 -1 10986 10967 10966 -1 10957 10987 10988 -1 10987 10957 10956 -1 10977 10975 10970 -1 10975 10977 10981 -1 10986 10972 10978 -1 10972 10986 10973 -1 10962 10975 10981 -1 10975 10962 10964 -1 10984 10979 10980 -1 10979 10984 10983 -1 10949 10981 10977 -1 10981 10949 10951 -1 10977 10956 10949 -1 10956 10977 10976 -1 10956 10976 10987 -1 10987 10976 10982 -1 10982 10976 10985 -1 10985 10976 10965 -1 10953 10949 10956 -1 10979 10965 10962 -1 10965 10979 10985 -1 10985 10979 10983 -1 10973 10971 10968 -1 10971 10973 10986 -1 10971 10986 10966 -1 10950 10958 10960 -1 10958 10950 10989 -1 10989 10950 10955 -1 10955 10950 10952 -1 10990 10958 10989 -1 10958 10990 10961 -1 10984 10990 10991 -1 10990 10959 10961 -1 10959 10990 10980 -1 10980 10990 10984 -1 10955 10990 10989 -1 10990 10955 10991 -1 10991 10955 10954 -1 10982 10988 10987 -1 10988 10982 10991 -1 10991 10982 10984 -1 10992 10993 10994 -1 10994 10995 10992 -1 10995 10996 10992 -1 10997 10998 10999 -1 10999 11000 10997 -1 10997 11001 10998 -1 10995 10994 11002 -1 11002 11003 10995 -1 11003 11004 10995 -1 11001 11005 11006 -1 11007 11008 11009 -1 11009 11010 11007 -1 11011 11012 11013 -1 11013 11014 11011 -1 11015 11016 11017 -1 11017 11018 11015 -1 10998 11019 11020 -1 11020 10999 10998 -1 11021 11022 11023 -1 11023 11024 11021 -1 11005 11025 11026 -1 11026 11006 11005 -1 11027 11010 11014 -1 11014 11028 11027 -1 11029 11030 11031 -1 11032 11007 11033 -1 11033 11034 11032 -1 11035 11031 11036 -1 11036 11001 11035 -1 11001 10997 11035 -1 11017 11037 11038 -1 11038 11039 11017 -1 11031 11030 11040 -1 11041 11024 11030 -1 11030 11042 11041 -1 11043 11027 11028 -1 11028 11016 11043 -1 11035 11029 11031 -1 11044 11021 11024 -1 11024 11041 11044 -1 11023 11025 11005 -1 11005 11040 11023 -1 11024 11023 11040 -1 11040 11030 11024 -1 10994 11045 11046 -1 11046 11002 10994 -1 11026 10996 11004 -1 11004 11003 11026 -1 11003 11047 11026 -1 11028 11014 11013 -1 11013 11037 11028 -1 11016 11028 11037 -1 11037 11017 11016 -1 11048 11035 10997 -1 10997 11000 11048 -1 11049 11043 11016 -1 11016 11015 11049 -1 11019 11047 11050 -1 11050 11020 11019 -1 11051 11034 11052 -1 11052 11053 11051 -1 10998 11001 11019 -1 11006 11026 11047 -1 11047 11019 11006 -1 11054 11049 11015 -1 11015 11045 11054 -1 11025 10992 10996 -1 10996 11026 11025 -1 11001 11006 11019 -1 11001 11036 11005 -1 11003 11002 11055 -1 11055 11056 11003 -1 11036 11031 11005 -1 11031 11040 11005 -1 11042 11030 11029 -1 11029 11057 11042 -1 11022 10992 11025 -1 11025 11023 11022 -1 11052 11058 11059 -1 11059 11060 11052 -1 11061 11062 11063 -1 11063 11064 11061 -1 11064 11032 11061 -1 11018 11017 11039 -1 11039 11065 11018 -1 11004 10996 10995 -1 11064 11008 11007 -1 11007 11032 11064 -1 11066 10993 10992 -1 10992 11022 11066 -1 11012 11067 11068 -1 11068 11013 11012 -1 11060 11059 11069 -1 11069 11070 11060 -1 11033 11027 11043 -1 11043 11058 11033 -1 11069 11054 10993 -1 10993 11066 11069 -1 11071 11011 11014 -1 11014 11009 11071 -1 11014 11010 11009 -1 11037 11013 11068 -1 11068 11038 11037 -1 11007 11010 11027 -1 11027 11033 11007 -1 11057 11029 11035 -1 11035 11048 11057 -1 11002 11046 11072 -1 11072 11055 11002 -1 11045 11015 11018 -1 11018 11046 11045 -1 11070 11069 11066 -1 11066 11073 11070 -1 11046 11018 11065 -1 11065 11072 11046 -1 11047 11003 11056 -1 11056 11050 11047 -1 11053 11052 11060 -1 11060 11074 11053 -1 11059 11049 11054 -1 11054 11069 11059 -1 11074 11060 11070 -1 11070 11075 11074 -1 11061 11032 11034 -1 11034 11051 11061 -1 10993 11054 11045 -1 11045 10994 10993 -1 11075 11070 11073 -1 11073 11076 11075 -1 11073 11066 11022 -1 11022 11021 11073 -1 11034 11033 11058 -1 11058 11052 11034 -1 11076 11073 11021 -1 11021 11044 11076 -1 11058 11043 11049 -1 11049 11059 11058 -1 11077 11078 11079 -1 11080 11081 11082 -1 11078 11083 11079 -1 11084 11085 11086 -1 11084 11083 11078 -1 11087 11088 11089 -1 11089 11090 11087 -1 11091 11080 11092 -1 11081 11093 11082 -1 11077 11079 11093 -1 11094 11085 11084 -1 11081 11077 11093 -1 11080 11082 11092 -1 11084 11086 11083 -1 11095 11076 11096 -1 11097 11042 11057 -1 11095 11075 11076 -1 11098 11053 11074 -1 11099 11100 11101 -1 11102 11061 11103 -1 11104 11105 11106 -1 11107 11100 11099 -1 11099 11108 11107 -1 11099 11101 11109 -1 11109 11110 11099 -1 11111 11074 11075 -1 11107 11061 11100 -1 11100 11061 11102 -1 11096 11044 11105 -1 11112 11113 11107 -1 11107 11108 11112 -1 11114 11115 11116 -1 11117 11118 11119 -1 11098 11074 11111 -1 11120 11104 11121 -1 11122 11053 11098 -1 11119 11118 11123 -1 11103 11051 11122 -1 11112 11108 11124 -1 11124 11125 11112 -1 11116 11126 11127 -1 11114 11123 11115 -1 11119 11123 11114 -1 11120 11121 11127 -1 11127 11126 11120 -1 11104 11106 11121 -1 11126 11095 11120 -1 11116 11115 11126 -1 11096 11076 11044 -1 11106 11128 11121 -1 11129 11130 11038 -1 11131 11132 11133 -1 11133 11134 11131 -1 11079 11083 11135 -1 11135 11055 11072 -1 11130 11136 11039 -1 11136 11137 11065 -1 11086 11085 11138 -1 11139 11140 11068 -1 11141 11056 11055 -1 11142 10999 11020 -1 11089 11140 11139 -1 11139 11131 11089 -1 11137 11072 11065 -1 11143 11129 11068 -1 11136 11065 11039 -1 11089 11088 11140 -1 11131 11139 11144 -1 11144 11132 11131 -1 11135 11141 11055 -1 11140 11143 11068 -1 11141 11138 11056 -1 11137 11135 11072 -1 11145 11129 11143 -1 11134 11090 11131 -1 11142 11000 10999 -1 11091 11092 11145 -1 11138 11020 11050 -1 11079 11135 11137 -1 11142 11020 11138 -1 11146 11091 11145 -1 11083 11141 11135 -1 11092 11082 11130 -1 11092 11130 11129 -1 11082 11136 11130 -1 11088 11143 11140 -1 11146 11145 11088 -1 11083 11086 11141 -1 11087 11146 11088 -1 11093 11079 11137 -1 11085 11142 11138 -1 11090 11089 11131 -1 11088 11145 11143 -1 11145 11092 11129 -1 11094 11000 11142 -1 11082 11093 11136 -1 11086 11138 11141 -1 11130 11039 11038 -1 11085 11094 11142 -1 11138 11050 11056 -1 11093 11137 11136 -1 11084 11078 11127 -1 11127 11121 11084 -1 11080 11091 11117 -1 11117 11119 11080 -1 11119 11081 11080 -1 11119 11114 11081 -1 11133 11125 11124 -1 11124 11134 11133 -1 11094 11084 11121 -1 11121 11128 11094 -1 11146 11087 11109 -1 11109 11147 11146 -1 11147 11091 11146 -1 11147 11117 11091 -1 11077 11081 11114 -1 11114 11116 11077 -1 11116 11078 11077 -1 11116 11127 11078 -1 11134 11124 11110 -1 11110 11090 11134 -1 11110 11087 11090 -1 11110 11109 11087 -1 11124 11108 11110 -1 11106 11097 11128 -1 11122 11051 11053 -1 11113 11062 11061 -1 11061 11107 11113 -1 11111 11075 11095 -1 11097 11057 11048 -1 11123 11098 11115 -1 11126 11111 11095 -1 11105 11041 11042 -1 11097 11105 11042 -1 11147 11148 11117 -1 11117 11148 11118 -1 11120 11095 11096 -1 11148 11102 11103 -1 11105 11044 11041 -1 11109 11101 11147 -1 11106 11105 11097 -1 11101 11100 11102 -1 11101 11102 11148 -1 11118 11103 11122 -1 11148 11103 11118 -1 11123 11122 11098 -1 11128 11097 11048 -1 11118 11122 11123 -1 11147 11101 11148 -1 11120 11096 11104 -1 11110 11108 11099 -1 11103 11061 11051 -1 11115 11098 11111 -1 11104 11096 11105 -1 11129 11038 11068 -1 11068 11067 11144 -1 11144 11139 11068 -1 11115 11111 11126 -1 11048 11149 11150 -1 11150 11128 11048 -1 11149 11151 11150 -1 11149 11152 11151 -1 11151 11153 11150 -1 11153 11154 11150 -1 11155 11156 11157 -1 11157 11158 11155 -1 11159 11160 11000 -1 11000 11161 11159 -1 11000 11162 11161 -1 11000 11094 11162 -1 11162 11163 11161 -1 11162 11164 11163 -1 11165 11166 11167 -1 11167 11168 11165 -1 11168 11169 11165 -1 11167 11170 11168 -1 11167 11158 11170 -1 11167 11155 11158 -1 11167 11171 11155 -1 11150 11162 11094 -1 11094 11128 11150 -1 11172 11173 11174 -1 11175 11176 11174 -1 11174 11173 11175 -1 11173 11177 11175 -1 11177 11157 11175 -1 11157 11156 11175 -1 11156 11178 11175 -1 11154 11164 11162 -1 11162 11150 11154 -1 11153 11163 11164 -1 11164 11154 11153 -1 11160 11159 11179 -1 11179 11180 11160 -1 11171 11178 11156 -1 11156 11155 11171 -1 11181 11172 11174 -1 11174 11182 11181 -1 11170 11177 11173 -1 11173 11168 11170 -1 11173 11172 11181 -1 11181 11183 11173 -1 11183 11169 11173 -1 11169 11168 11173 -1 11181 11179 11184 -1 11184 11183 11181 -1 11159 11161 11151 -1 11151 11152 11159 -1 11152 11179 11159 -1 11152 11184 11179 -1 11181 11182 11180 -1 11180 11179 11181 -1 11166 11176 11175 -1 11175 11167 11166 -1 11175 11178 11171 -1 11171 11167 11175 -1 11158 11157 11177 -1 11177 11170 11158 -1 11151 11161 11163 -1 11163 11153 11151 -1 11184 11185 11186 -1 11186 11183 11184 -1 11185 11184 11152 -1 11152 11149 11185 -1 11169 11183 11186 -1 11186 11165 11169 -1 11094 11000 11048 -1 11048 11128 11094 -1 11166 11165 11186 -1 11186 11182 11166 -1 11182 11174 11166 -1 11174 11176 11166 -1 11186 11185 11180 -1 11180 11182 11186 -1 11149 11048 11000 -1 11000 11160 11149 -1 11160 11185 11149 -1 11160 11180 11185 -1 11187 11188 11171 -1 11171 11189 11187 -1 11094 11190 11191 -1 11191 11192 11094 -1 11193 11178 11194 -1 11194 11195 11193 -1 11194 11196 11197 -1 11197 11195 11194 -1 11189 11198 11199 -1 11199 11187 11189 -1 11200 11188 11187 -1 11187 11199 11200 -1 11201 11202 11203 -1 11203 11204 11201 -1 11202 11205 11206 -1 11206 11203 11202 -1 11207 11208 11209 -1 11209 11210 11207 -1 11209 11206 11210 -1 11209 11203 11206 -1 11207 11211 11212 -1 11212 11213 11207 -1 11208 11207 11213 -1 11213 11214 11208 -1 11208 11215 11216 -1 11216 11209 11208 -1 11216 11203 11209 -1 11216 11204 11203 -1 11205 11213 11212 -1 11212 11217 11205 -1 11218 11219 11220 -1 11220 11201 11218 -1 11197 11196 11221 -1 11221 11222 11197 -1 11221 11201 11222 -1 11201 11220 11222 -1 11223 11224 11225 -1 11225 11226 11223 -1 11225 11224 11227 -1 11227 11128 11225 -1 11202 11214 11213 -1 11213 11205 11202 -1 11205 11217 11228 -1 11228 11206 11205 -1 11171 11178 11193 -1 11193 11190 11171 -1 11198 11189 11227 -1 11227 11229 11198 -1 11190 11094 11128 -1 11128 11171 11190 -1 11128 11189 11171 -1 11128 11227 11189 -1 11193 11222 11220 -1 11220 11190 11193 -1 11215 11208 11214 -1 11214 11221 11215 -1 11217 11212 11211 -1 11211 11228 11217 -1 11201 11221 11214 -1 11214 11202 11201 -1 11219 11218 11192 -1 11192 11191 11219 -1 11215 11221 11171 -1 11171 11200 11215 -1 11171 11188 11200 -1 11221 11196 11178 -1 11178 11171 11221 -1 11196 11194 11178 -1 11216 11215 11198 -1 11198 11229 11216 -1 11229 11223 11216 -1 11223 11226 11216 -1 11226 11204 11216 -1 11215 11200 11199 -1 11199 11198 11215 -1 11201 11204 11094 -1 11094 11218 11201 -1 11094 11192 11218 -1 11204 11226 11128 -1 11128 11094 11204 -1 11226 11225 11128 -1 11211 11207 11210 -1 11210 11228 11211 -1 11210 11206 11228 -1 11197 11222 11193 -1 11193 11195 11197 -1 11190 11220 11219 -1 11219 11191 11190 -1 11223 11229 11227 -1 11227 11224 11223 -1 11230 11231 11232 -1 11232 11233 11230 -1 11234 11235 11236 -1 11236 11237 11234 -1 11063 11234 11237 -1 11237 11238 11063 -1 11239 11240 11241 -1 11242 11243 11012 -1 11012 11011 11242 -1 11240 11244 11245 -1 11237 11236 11246 -1 11246 11247 11237 -1 11248 11249 11250 -1 11062 11251 11234 -1 11234 11063 11062 -1 11252 11253 11254 -1 11249 11255 11250 -1 11253 11256 11254 -1 11257 11258 11259 -1 11259 11244 11257 -1 11244 11240 11257 -1 11240 11260 11257 -1 11252 11261 11262 -1 11262 11246 11252 -1 11009 11008 11071 -1 11263 11264 11265 -1 11265 11254 11263 -1 11266 11267 11268 -1 11268 11269 11266 -1 11259 11258 11270 -1 11270 11231 11259 -1 11231 11230 11259 -1 11230 11271 11259 -1 11243 11272 11067 -1 11067 11012 11243 -1 11247 11242 11011 -1 11011 11071 11247 -1 11256 11273 11254 -1 11252 11265 11261 -1 11064 11238 11008 -1 11235 11273 11256 -1 11256 11253 11235 -1 11253 11236 11235 -1 11274 11275 11276 -1 11277 11278 11279 -1 11278 11268 11267 -1 11280 11268 11278 -1 11275 11263 11281 -1 11282 11283 11284 -1 11282 11132 11283 -1 11231 11279 11285 -1 11286 11233 11263 -1 11278 11267 11264 -1 11287 11275 11274 -1 11285 11278 11264 -1 11279 11278 11285 -1 11287 11259 11271 -1 11288 11274 11289 -1 11274 11276 11251 -1 11281 11263 11254 -1 11254 11273 11281 -1 11260 11290 11291 -1 11285 11264 11232 -1 11287 11292 11275 -1 11133 11132 11282 -1 11260 11291 11257 -1 11284 11283 11293 -1 11287 11271 11292 -1 11241 11245 11289 -1 11284 11293 11294 -1 11132 11144 11283 -1 11232 11231 11285 -1 11292 11286 11275 -1 11289 11251 11062 -1 11113 11289 11062 -1 11290 11295 11291 -1 11259 11287 11288 -1 11112 11250 11113 -1 11286 11263 11275 -1 11296 11295 11280 -1 11289 11274 11251 -1 11270 11277 11279 -1 11258 11296 11277 -1 11290 11144 11295 -1 11257 11291 11296 -1 11270 11258 11277 -1 11250 11255 11113 -1 11286 11230 11233 -1 11292 11271 11230 -1 11244 11259 11288 -1 11245 11288 11289 -1 11292 11230 11286 -1 11125 11248 11112 -1 11241 11289 11113 -1 11249 11239 11255 -1 11255 11241 11113 -1 11231 11270 11279 -1 11240 11245 11241 -1 11233 11232 11264 -1 11264 11263 11233 -1 11280 11272 11268 -1 11244 11288 11245 -1 11294 11290 11260 -1 11144 11067 11295 -1 11295 11272 11280 -1 11288 11287 11274 -1 11277 11280 11278 -1 11283 11144 11293 -1 11239 11241 11255 -1 11291 11295 11296 -1 11296 11280 11277 -1 11248 11250 11112 -1 11257 11296 11258 -1 11275 11281 11276 -1 11294 11293 11290 -1 11293 11144 11290 -1 11295 11067 11272 -1 11276 11281 11273 -1 11273 11235 11276 -1 11252 11254 11265 -1 11064 11063 11238 -1 11284 11249 11248 -1 11248 11282 11284 -1 11248 11125 11282 -1 11125 11133 11282 -1 11297 11265 11266 -1 11262 11269 11243 -1 11243 11242 11262 -1 11251 11276 11235 -1 11235 11234 11251 -1 11294 11260 11240 -1 11240 11239 11294 -1 11239 11249 11294 -1 11249 11284 11294 -1 11238 11237 11247 -1 11247 11071 11238 -1 11246 11262 11242 -1 11242 11247 11246 -1 11269 11268 11272 -1 11272 11243 11269 -1 11261 11265 11297 -1 11297 11266 11269 -1 11269 11261 11297 -1 11269 11262 11261 -1 11265 11264 11267 -1 11267 11266 11265 -1 11008 11238 11071 -1 11236 11253 11252 -1 11252 11246 11236 -1 11232 11264 11298 -1 11298 11299 11232 -1 11263 11300 11298 -1 11298 11264 11263 -1 11301 11300 11263 -1 11263 11233 11301 -1 11232 11299 11301 -1 11301 11233 11232 -1 11299 11298 11300 -1 11300 11301 11299 -1 11302 11303 11304 -1 11304 11305 11302 -1 11306 11307 11308 -1 11308 11309 11306 -1 11310 11311 11312 -1 11312 11313 11310 -1 11308 11307 11314 -1 11314 11315 11308 -1 11311 11316 11317 -1 11317 11312 11311 -1 11317 11318 11312 -1 11318 11319 11312 -1 11319 11320 11312 -1 11321 11317 11316 -1 11322 11323 11324 -1 11325 11326 11310 -1 11310 11327 11325 -1 11310 11313 11327 -1 11313 11324 11327 -1 11313 11322 11324 -1 11328 11329 11302 -1 11302 11305 11328 -1 11330 11331 11332 -1 11332 11333 11330 -1 11331 11334 11335 -1 11335 11332 11331 -1 11336 11333 11332 -1 11332 11337 11336 -1 11337 11332 11335 -1 11335 11338 11337 -1 11338 11335 11339 -1 11339 11340 11338 -1 11338 11340 11341 -1 11341 11342 11338 -1 11336 11337 11343 -1 11343 11344 11336 -1 11337 11338 11342 -1 11342 11343 11337 -1 11345 11326 11325 -1 11325 11346 11345 -1 11334 11347 11339 -1 11339 11335 11334 -1 11348 11309 11308 -1 11308 11315 11348 -1 11315 11324 11348 -1 11324 11323 11348 -1 11325 11327 11314 -1 11314 11307 11306 -1 11306 11346 11314 -1 11346 11325 11314 -1 11317 11329 11328 -1 11328 11318 11317 -1 11314 11327 11324 -1 11324 11315 11314 -1 11349 11303 11302 -1 11302 11329 11349 -1 11329 11317 11349 -1 11317 11321 11349 -1 11319 11318 11328 -1 11328 11305 11304 -1 11304 11350 11328 -1 11350 11319 11328 -1 11336 11344 11312 -1 11312 11351 11336 -1 11312 11320 11351 -1 11344 11352 11313 -1 11313 11312 11344 -1 11352 11322 11313 -1 11334 11331 11353 -1 11353 11354 11334 -1 11353 11342 11354 -1 11353 11343 11342 -1 11341 11340 11339 -1 11339 11347 11341 -1 11331 11330 11355 -1 11355 11353 11331 -1 11355 11343 11353 -1 11355 11344 11343 -1 11347 11334 11354 -1 11354 11341 11347 -1 11354 11342 11341 -1 11330 11333 11310 -1 11310 11345 11330 -1 11310 11326 11345 -1 11333 11356 11311 -1 11311 11310 11333 -1 11356 11316 11311 -1 11351 11350 11304 -1 11349 11356 11333 -1 11333 11303 11349 -1 11333 11336 11303 -1 11336 11304 11303 -1 11336 11351 11304 -1 11330 11345 11306 -1 11306 11355 11330 -1 11306 11309 11355 -1 11309 11348 11355 -1 11348 11352 11355 -1 11352 11344 11355 -1 11346 11306 11345 -1 11319 11350 11351 -1 11351 11320 11319 -1 11348 11323 11322 -1 11322 11352 11348 -1 11316 11356 11349 -1 11349 11321 11316 -1 11357 11358 11359 -1 11359 11360 11357 -1 11360 11361 11357 -1 11360 11362 11361 -1 11362 11363 11361 -1 11362 11364 11363 -1 11365 11366 11367 -1 11365 11368 11366 -1 11369 11370 11371 -1 11370 11372 11371 -1 11369 11371 11364 -1 11364 11362 11369 -1 11373 11369 11362 -1 11362 11360 11373 -1 11365 11367 11361 -1 11361 11363 11365 -1 11374 11375 11376 -1 11377 11373 11378 -1 11377 11378 11379 -1 11380 11374 11376 -1 11360 11359 11378 -1 11378 11373 11360 -1 11358 11357 11375 -1 11375 11374 11358 -1 11381 11382 11383 -1 11383 11384 11381 -1 11385 11386 11381 -1 11381 11384 11385 -1 11387 11388 11386 -1 11386 11385 11387 -1 11380 11376 11388 -1 11388 11387 11380 -1 11387 11379 11380 -1 11387 11377 11379 -1 11389 11390 11366 -1 11366 11368 11389 -1 11368 11372 11389 -1 11372 11370 11389 -1 11391 11392 11390 -1 11390 11389 11391 -1 11393 11394 11392 -1 11392 11391 11393 -1 11395 11396 11394 -1 11394 11393 11395 -1 11397 11398 11395 -1 11395 11383 11397 -1 11395 11393 11383 -1 11393 11384 11383 -1 11393 11385 11384 -1 11393 11391 11385 -1 11391 11389 11385 -1 11389 11387 11385 -1 11389 11370 11387 -1 11370 11377 11387 -1 11370 11373 11377 -1 11370 11369 11373 -1 11398 11399 11396 -1 11396 11395 11398 -1 11383 11382 11400 -1 11400 11397 11383 -1 11359 11358 11374 -1 11374 11380 11359 -1 11380 11379 11359 -1 11379 11378 11359 -1 11398 11397 11400 -1 11400 11399 11398 -1 11396 11399 11400 -1 11400 11382 11396 -1 11382 11394 11396 -1 11382 11381 11394 -1 11381 11386 11394 -1 11386 11392 11394 -1 11386 11390 11392 -1 11386 11388 11390 -1 11388 11366 11390 -1 11388 11376 11366 -1 11376 11375 11366 -1 11375 11367 11366 -1 11375 11361 11367 -1 11375 11357 11361 -1 11372 11368 11365 -1 11365 11363 11372 -1 11363 11364 11372 -1 11364 11371 11372 -1 11401 11402 11403 -1 11402 11401 11404 -1 11404 11401 11405 -1 11404 11405 11406 -1 11406 11405 11407 -1 11406 11407 11408 -1 11407 11409 11410 -1 11407 11410 11411 -1 11412 11413 11414 -1 11414 11413 11415 -1 11412 11408 11413 -1 11408 11412 11406 -1 11416 11406 11412 -1 11406 11416 11404 -1 11407 11405 11409 -1 11417 11418 11419 -1 11420 11421 11416 -1 11420 11422 11421 -1 11423 11418 11417 -1 11404 11421 11402 -1 11421 11404 11416 -1 11403 11419 11401 -1 11419 11403 11417 -1 11424 11425 11426 -1 11425 11424 11427 -1 11428 11424 11429 -1 11424 11428 11427 -1 11430 11429 11431 -1 11429 11430 11428 -1 11423 11431 11418 -1 11431 11423 11430 -1 11430 11423 11422 -1 11430 11422 11420 -1 11432 11410 11433 -1 11410 11432 11411 -1 11411 11432 11415 -1 11415 11432 11414 -1 11434 11433 11435 -1 11433 11434 11432 -1 11436 11435 11437 -1 11435 11436 11434 -1 11438 11437 11439 -1 11437 11438 11436 -1 11425 11440 11441 -1 11440 11425 11438 -1 11438 11425 11436 -1 11436 11425 11427 -1 11436 11427 11428 -1 11436 11428 11434 -1 11434 11428 11432 -1 11432 11428 11430 -1 11432 11430 11420 -1 11432 11420 11414 -1 11414 11420 11416 -1 11414 11416 11412 -1 11440 11439 11442 -1 11439 11440 11438 -1 11425 11443 11426 -1 11443 11425 11441 -1 11402 11417 11403 -1 11417 11402 11423 -1 11423 11402 11422 -1 11422 11402 11421 -1 11440 11443 11441 -1 11443 11440 11442 -1 11439 11443 11442 -1 11443 11439 11426 -1 11426 11439 11437 -1 11426 11437 11424 -1 11424 11437 11429 -1 11429 11437 11435 -1 11429 11435 11433 -1 11429 11433 11431 -1 11431 11433 11418 -1 11418 11433 11410 -1 11418 11410 11409 -1 11418 11409 11419 -1 11419 11409 11405 -1 11419 11405 11401 -1 11415 11407 11411 -1 11407 11415 11408 -1 11408 11415 11413 -1 11444 11445 11446 -1 11446 11447 11444 -1 4538 4539 11444 -1 11444 11447 4538 -1 11446 11448 4370 -1 4370 4538 11446 -1 4538 11447 11446 -1 11444 4539 4372 -1 4372 11449 11444 -1 11449 11445 11444 -1 4538 4370 4372 -1 4372 4539 4538 -1 4370 11448 11449 -1 11449 4372 4370 -1 11445 11449 11448 -1 11448 11446 11445 -1 11450 11451 11452 -1 11451 11450 11453 -1 11454 11455 11456 -1 11457 11458 11459 -1 11460 11459 11461 -1 11459 11460 11462 -1 11463 11464 11465 -1 11464 11463 11466 -1 11467 11468 11469 -1 11456 11470 11471 -1 11472 11473 11457 -1 11474 11449 11475 -1 11476 11472 11477 -1 11458 11461 11459 -1 11478 11479 11480 -1 11479 11478 11481 -1 11482 11483 11454 -1 11484 11474 11475 -1 11482 11485 11486 -1 11485 11482 11487 -1 11488 11462 11460 -1 11462 11488 11489 -1 11458 11475 11461 -1 11473 11484 11458 -1 11452 11490 11467 -1 11490 11452 11451 -1 11471 11470 11448 -1 11491 11482 11492 -1 11468 11493 11449 -1 11493 11468 11494 -1 11456 11455 11470 -1 11495 11496 11466 -1 11496 11495 11497 -1 11454 11483 11455 -1 11482 11486 11483 -1 11476 11498 11472 -1 11498 11499 11500 -1 11499 11498 11501 -1 11502 11492 11476 -1 11492 11502 11491 -1 11489 11488 11464 -1 11479 11503 11480 -1 11503 11479 11504 -1 11451 11505 11490 -1 11505 11451 11463 -1 11463 11451 11466 -1 11470 11467 11469 -1 11501 11456 11499 -1 11496 11464 11466 -1 11496 11506 11489 -1 11506 11496 11497 -1 11456 11471 11499 -1 11497 11507 11506 -1 11507 11497 11508 -1 11496 11489 11464 -1 11477 11472 11503 -1 11471 11509 11499 -1 11463 11465 11505 -1 11448 11510 11509 -1 11510 11448 11474 -1 11474 11448 11449 -1 11506 11481 11478 -1 11481 11506 11507 -1 11468 11449 11448 -1 11461 11494 11468 -1 11473 11500 11484 -1 11488 11460 11468 -1 11492 11482 11454 -1 11464 11468 11465 -1 11462 11480 11459 -1 11480 11462 11478 -1 11498 11473 11472 -1 11468 11448 11469 -1 11483 11450 11452 -1 11455 11452 11467 -1 11470 11469 11448 -1 11483 11452 11455 -1 11499 11474 11500 -1 11474 11499 11510 -1 11460 11461 11468 -1 11504 11477 11503 -1 11477 11504 11511 -1 11471 11448 11509 -1 11499 11509 11510 -1 11498 11500 11473 -1 11503 11457 11480 -1 11489 11478 11462 -1 11478 11489 11506 -1 11486 11450 11483 -1 11501 11454 11456 -1 11455 11467 11470 -1 11453 11466 11451 -1 11466 11453 11495 -1 11490 11468 11467 -1 11502 11476 11477 -1 11490 11465 11468 -1 11465 11490 11505 -1 11473 11458 11457 -1 11493 11475 11449 -1 11475 11493 11494 -1 11475 11494 11461 -1 11492 11454 11501 -1 11484 11475 11458 -1 11476 11501 11498 -1 11501 11476 11492 -1 11472 11457 11503 -1 11464 11488 11468 -1 11474 11484 11500 -1 11457 11459 11480 -1 11512 11513 11514 -1 11513 11512 11515 -1 5665 11512 5662 -1 11512 5665 11515 -1 11513 5530 11516 -1 5530 11513 5665 -1 5665 11513 11515 -1 11512 5532 5662 -1 5532 11512 11517 -1 11517 11512 11514 -1 5665 5532 5530 -1 5532 5665 5662 -1 5530 11517 11516 -1 11517 5530 5532 -1 11514 11516 11517 -1 11516 11514 11513 -1 11518 11519 11520 -1 11521 11522 11523 -1 11520 11524 11525 -1 11526 11527 11487 -1 11528 11529 11530 -1 11531 11532 11533 -1 11534 11535 11528 -1 11536 11537 11517 -1 11529 11521 11537 -1 11534 11504 11535 -1 11538 11539 11518 -1 11540 11534 11541 -1 11537 11523 11542 -1 11529 11537 11536 -1 11543 11544 11531 -1 11540 11511 11534 -1 11530 11538 11541 -1 11538 11530 11539 -1 11491 11487 11482 -1 11487 11491 11545 -1 11517 11542 11543 -1 11542 11517 11546 -1 11547 11517 11516 -1 11517 11547 11536 -1 11536 11547 11548 -1 11518 11549 11519 -1 11550 11543 11524 -1 11551 11453 11450 -1 11453 11551 11552 -1 11487 11527 11553 -1 11521 11523 11537 -1 11533 11507 11508 -1 11507 11533 11532 -1 11532 11481 11507 -1 11481 11532 11554 -1 11551 11555 11552 -1 11555 11551 11525 -1 11504 11479 11535 -1 11542 11523 11543 -1 11555 11556 11557 -1 11556 11555 11558 -1 11556 11558 11559 -1 11519 11516 11550 -1 11553 11520 11525 -1 11541 11526 11540 -1 11526 11541 11538 -1 11540 11545 11560 -1 11545 11540 11526 -1 11561 11533 11508 -1 11533 11561 11557 -1 11525 11558 11555 -1 11558 11525 11524 -1 11543 11531 11562 -1 11526 11538 11527 -1 11545 11526 11487 -1 11520 11519 11524 -1 11543 11563 11544 -1 11539 11548 11547 -1 11543 11558 11524 -1 11535 11479 11522 -1 11554 11479 11481 -1 11479 11554 11522 -1 11485 11553 11551 -1 11541 11534 11528 -1 11517 11543 11516 -1 11560 11491 11502 -1 11491 11560 11545 -1 11543 11523 11563 -1 11552 11495 11453 -1 11495 11552 11561 -1 11528 11521 11529 -1 11563 11522 11554 -1 11522 11563 11523 -1 11561 11497 11495 -1 11497 11561 11508 -1 11559 11562 11556 -1 11518 11539 11549 -1 11549 11516 11519 -1 11553 11525 11551 -1 11511 11504 11534 -1 11519 11550 11524 -1 11549 11547 11516 -1 11487 11553 11485 -1 11511 11502 11477 -1 11502 11511 11560 -1 11527 11520 11553 -1 11560 11511 11540 -1 11541 11528 11530 -1 11535 11522 11521 -1 11486 11551 11450 -1 11551 11486 11485 -1 11528 11535 11521 -1 11536 11530 11529 -1 11531 11533 11557 -1 11527 11518 11520 -1 11556 11531 11557 -1 11531 11556 11562 -1 11549 11539 11547 -1 11544 11554 11532 -1 11554 11544 11563 -1 11538 11518 11527 -1 11544 11532 11531 -1 11536 11539 11530 -1 11539 11536 11548 -1 11552 11557 11561 -1 11557 11552 11555 -1 11559 11543 11562 -1 11543 11559 11558 -1 11537 11546 11517 -1 11546 11537 11542 -1 11516 11543 11550 -1 11564 11565 11566 -1 11565 11567 11568 -1 11568 11569 11565 -1 11569 11566 11565 -1 11569 11568 11570 -1 11570 11571 11569 -1 11571 11572 11569 -1 11571 11573 11572 -1 11571 11574 11573 -1 11571 11575 11574 -1 11571 11576 11575 -1 11576 11577 11575 -1 11576 11578 11577 -1 11576 11579 11578 -1 11576 11580 11579 -1 11581 11582 11583 -1 11583 11584 11581 -1 11585 11577 11578 -1 11578 11586 11585 -1 11586 11578 11579 -1 11579 11587 11586 -1 11588 11589 11590 -1 11590 11591 11588 -1 11580 11576 11592 -1 11592 11589 11580 -1 11592 11593 11589 -1 11593 11590 11589 -1 11594 11595 11596 -1 11596 11597 11594 -1 11576 11571 11598 -1 11598 11592 11576 -1 11599 11600 11601 -1 11601 11602 11599 -1 11579 11580 11589 -1 11589 11587 11579 -1 11600 11603 11594 -1 11594 11597 11604 -1 11604 11601 11594 -1 11601 11600 11594 -1 11595 11605 11606 -1 11606 11596 11595 -1 11607 11573 11574 -1 11574 11608 11607 -1 11609 11610 11582 -1 11582 11581 11609 -1 11581 11611 11609 -1 11581 11612 11611 -1 11612 11613 11611 -1 11612 11597 11613 -1 11597 11614 11613 -1 11597 11596 11614 -1 11596 11615 11614 -1 11596 11606 11615 -1 11606 11616 11615 -1 11606 11617 11616 -1 11617 11590 11616 -1 11617 11591 11590 -1 11618 11598 11571 -1 11571 11570 11618 -1 11619 11611 11613 -1 11613 11620 11619 -1 11621 11615 11616 -1 11616 11622 11621 -1 11623 11614 11615 -1 11615 11621 11623 -1 11609 11611 11619 -1 11619 11624 11609 -1 11582 11610 11625 -1 11625 11583 11582 -1 11564 11566 11626 -1 11626 11627 11564 -1 11627 11628 11564 -1 11572 11573 11607 -1 11607 11629 11572 -1 11627 11626 11629 -1 11629 11607 11627 -1 11607 11630 11627 -1 11607 11608 11630 -1 11608 11594 11630 -1 11608 11631 11594 -1 11631 11585 11594 -1 11585 11595 11594 -1 11585 11586 11595 -1 11586 11605 11595 -1 11586 11587 11605 -1 11587 11632 11605 -1 11587 11589 11632 -1 11589 11588 11632 -1 11612 11581 11584 -1 11584 11633 11612 -1 11616 11590 11593 -1 11593 11622 11616 -1 11632 11588 11591 -1 11591 11617 11632 -1 11598 11618 11620 -1 11620 11592 11598 -1 11618 11619 11620 -1 11618 11624 11619 -1 11618 11634 11624 -1 11634 11635 11624 -1 11635 11636 11624 -1 11636 11625 11624 -1 11636 11637 11625 -1 11637 11602 11625 -1 11620 11623 11592 -1 11623 11621 11592 -1 11621 11622 11592 -1 11622 11593 11592 -1 11602 11601 11583 -1 11583 11625 11602 -1 11601 11584 11583 -1 11601 11633 11584 -1 11601 11604 11633 -1 11638 11565 11564 -1 11564 11639 11638 -1 11564 11640 11639 -1 11564 11599 11640 -1 11564 11600 11599 -1 11564 11628 11600 -1 11628 11641 11600 -1 11641 11603 11600 -1 11606 11605 11632 -1 11632 11617 11606 -1 11640 11599 11602 -1 11602 11637 11640 -1 11641 11628 11627 -1 11627 11630 11641 -1 11634 11567 11565 -1 11565 11635 11634 -1 11565 11638 11635 -1 11608 11574 11575 -1 11575 11631 11608 -1 11636 11639 11640 -1 11640 11637 11636 -1 11634 11618 11570 -1 11570 11568 11634 -1 11568 11567 11634 -1 11569 11572 11629 -1 11629 11626 11569 -1 11626 11566 11569 -1 11631 11575 11577 -1 11577 11585 11631 -1 11620 11613 11614 -1 11614 11623 11620 -1 11597 11612 11633 -1 11633 11604 11597 -1 11610 11609 11624 -1 11624 11625 11610 -1 11635 11638 11639 -1 11639 11636 11635 -1 11594 11603 11641 -1 11641 11630 11594 -1 11642 11643 11644 -1 11643 11642 11645 -1 11645 11642 11646 -1 11645 11647 11648 -1 11647 11649 11650 -1 11649 11647 11646 -1 11646 11647 11645 -1 11651 11652 11653 -1 11652 11651 11654 -1 11655 11656 11657 -1 11656 11655 11658 -1 11657 11659 11660 -1 11659 11657 11656 -1 11661 11662 11663 -1 11662 11661 11664 -1 11662 11664 11659 -1 11662 11659 11656 -1 11661 11665 11666 -1 11665 11661 11667 -1 11663 11667 11661 -1 11667 11663 11668 -1 11663 11669 11670 -1 11669 11663 11662 -1 11669 11662 11656 -1 11669 11656 11658 -1 11660 11665 11667 -1 11665 11660 11671 -1 11672 11652 11673 -1 11652 11672 11655 -1 11643 11674 11644 -1 11674 11643 11653 -1 11674 11653 11655 -1 11655 11653 11652 -1 11675 11676 11677 -1 11676 11675 11678 -1 11657 11667 11668 -1 11667 11657 11660 -1 11660 11679 11671 -1 11679 11660 11659 -1 11650 11680 11681 -1 11680 11650 11649 -1 11670 11668 11663 -1 11668 11670 11674 -1 11679 11665 11671 -1 11665 11679 11666 -1 11655 11668 11674 -1 11668 11655 11657 -1 11677 11672 11673 -1 11672 11677 11676 -1 11642 11674 11670 -1 11674 11642 11644 -1 11670 11649 11642 -1 11649 11670 11669 -1 11649 11669 11680 -1 11680 11669 11675 -1 11675 11669 11678 -1 11678 11669 11658 -1 11646 11642 11649 -1 11672 11658 11655 -1 11658 11672 11678 -1 11678 11672 11676 -1 11666 11664 11661 -1 11664 11666 11679 -1 11664 11679 11659 -1 11643 11651 11653 -1 11651 11643 11682 -1 11682 11643 11648 -1 11648 11643 11645 -1 11683 11651 11682 -1 11651 11683 11654 -1 11677 11683 11684 -1 11683 11652 11654 -1 11652 11683 11673 -1 11673 11683 11677 -1 11648 11683 11682 -1 11683 11648 11684 -1 11684 11648 11647 -1 11675 11681 11680 -1 11681 11675 11684 -1 11684 11675 11677 -1 11685 11686 11687 -1 11687 11688 11689 -1 11688 11687 11690 -1 11690 11687 11686 -1 11690 11691 11688 -1 11691 11690 11692 -1 11692 11690 11693 -1 11692 11693 11694 -1 11692 11694 11695 -1 11692 11695 11696 -1 11692 11696 11697 -1 11697 11696 11698 -1 11697 11698 11699 -1 11697 11699 11700 -1 11697 11700 11701 -1 11702 11703 11704 -1 11703 11702 11705 -1 11706 11699 11698 -1 11699 11706 11707 -1 11707 11700 11699 -1 11700 11707 11708 -1 11709 11710 11711 -1 11710 11709 11712 -1 11701 11713 11697 -1 11713 11701 11711 -1 11713 11711 11714 -1 11714 11711 11710 -1 11715 11716 11717 -1 11716 11715 11718 -1 11697 11719 11692 -1 11719 11697 11713 -1 11720 11721 11722 -1 11721 11720 11723 -1 11700 11711 11701 -1 11711 11700 11708 -1 11722 11715 11724 -1 11715 11725 11718 -1 11725 11715 11721 -1 11721 11715 11722 -1 11717 11726 11727 -1 11726 11717 11716 -1 11728 11695 11694 -1 11695 11728 11729 -1 11730 11704 11731 -1 11704 11730 11702 -1 11702 11730 11732 -1 11702 11732 11733 -1 11733 11732 11734 -1 11733 11734 11718 -1 11718 11734 11735 -1 11718 11735 11716 -1 11716 11735 11736 -1 11716 11736 11726 -1 11726 11736 11737 -1 11726 11737 11738 -1 11738 11737 11710 -1 11738 11710 11712 -1 11739 11692 11719 -1 11692 11739 11691 -1 11740 11734 11732 -1 11734 11740 11741 -1 11742 11737 11736 -1 11737 11742 11743 -1 11744 11736 11735 -1 11736 11744 11742 -1 11730 11740 11732 -1 11740 11730 11745 -1 11704 11746 11731 -1 11746 11704 11703 -1 11685 11747 11686 -1 11747 11685 11748 -1 11748 11685 11749 -1 11693 11728 11694 -1 11728 11693 11750 -1 11748 11750 11747 -1 11750 11748 11728 -1 11728 11748 11751 -1 11728 11751 11729 -1 11729 11751 11715 -1 11729 11715 11752 -1 11752 11715 11706 -1 11706 11715 11717 -1 11706 11717 11707 -1 11707 11717 11727 -1 11707 11727 11708 -1 11708 11727 11753 -1 11708 11753 11711 -1 11711 11753 11709 -1 11733 11705 11702 -1 11705 11733 11754 -1 11737 11714 11710 -1 11714 11737 11743 -1 11753 11712 11709 -1 11712 11753 11738 -1 11719 11741 11739 -1 11741 11719 11713 -1 11739 11741 11740 -1 11739 11740 11745 -1 11739 11745 11755 -1 11755 11745 11756 -1 11756 11745 11757 -1 11757 11745 11746 -1 11757 11746 11758 -1 11758 11746 11723 -1 11741 11713 11744 -1 11744 11713 11742 -1 11742 11713 11743 -1 11743 11713 11714 -1 11723 11703 11721 -1 11703 11723 11746 -1 11721 11703 11705 -1 11721 11705 11754 -1 11721 11754 11725 -1 11759 11685 11687 -1 11685 11759 11760 -1 11685 11760 11761 -1 11685 11761 11720 -1 11685 11720 11722 -1 11685 11722 11749 -1 11749 11722 11762 -1 11762 11722 11724 -1 11726 11753 11727 -1 11753 11726 11738 -1 11761 11723 11720 -1 11723 11761 11758 -1 11762 11748 11749 -1 11748 11762 11751 -1 11755 11687 11689 -1 11687 11755 11756 -1 11687 11756 11759 -1 11729 11696 11695 -1 11696 11729 11752 -1 11757 11761 11760 -1 11761 11757 11758 -1 11755 11691 11739 -1 11691 11755 11688 -1 11688 11755 11689 -1 11690 11750 11693 -1 11750 11690 11747 -1 11747 11690 11686 -1 11752 11698 11696 -1 11698 11752 11706 -1 11741 11735 11734 -1 11735 11741 11744 -1 11718 11754 11733 -1 11754 11718 11725 -1 11731 11745 11730 -1 11745 11731 11746 -1 11756 11760 11759 -1 11760 11756 11757 -1 11715 11762 11724 -1 11762 11715 11751 -1 11763 11764 11765 -1 11765 11766 11763 -1 11766 11767 11763 -1 11766 11768 11769 -1 11769 11770 11771 -1 11771 11767 11769 -1 11767 11766 11769 -1 11772 11773 11774 -1 11774 11775 11772 -1 11776 11777 11778 -1 11778 11779 11776 -1 11777 11780 11781 -1 11781 11778 11777 -1 11782 11783 11784 -1 11784 11785 11782 -1 11784 11781 11785 -1 11784 11778 11781 -1 11782 11786 11787 -1 11787 11788 11782 -1 11783 11782 11788 -1 11788 11789 11783 -1 11783 11790 11791 -1 11791 11784 11783 -1 11791 11778 11784 -1 11791 11779 11778 -1 11780 11788 11787 -1 11787 11792 11780 -1 11793 11794 11774 -1 11774 11776 11793 -1 11765 11764 11795 -1 11795 11773 11765 -1 11795 11776 11773 -1 11776 11774 11773 -1 11796 11797 11798 -1 11798 11799 11796 -1 11777 11789 11788 -1 11788 11780 11777 -1 11780 11792 11800 -1 11800 11781 11780 -1 11770 11801 11802 -1 11802 11771 11770 -1 11790 11783 11789 -1 11789 11795 11790 -1 11800 11792 11787 -1 11787 11786 11800 -1 11776 11795 11789 -1 11789 11777 11776 -1 11797 11794 11793 -1 11793 11798 11797 -1 11763 11790 11795 -1 11795 11764 11763 -1 11790 11763 11771 -1 11771 11791 11790 -1 11771 11802 11791 -1 11802 11796 11791 -1 11796 11799 11791 -1 11799 11779 11791 -1 11767 11771 11763 -1 11793 11776 11779 -1 11779 11799 11793 -1 11799 11798 11793 -1 11786 11782 11785 -1 11785 11800 11786 -1 11785 11781 11800 -1 11765 11773 11772 -1 11772 11803 11765 -1 11803 11768 11765 -1 11768 11766 11765 -1 11804 11803 11772 -1 11772 11775 11804 -1 11797 11805 11804 -1 11804 11775 11774 -1 11774 11794 11804 -1 11794 11797 11804 -1 11768 11803 11804 -1 11804 11805 11768 -1 11805 11769 11768 -1 11796 11802 11801 -1 11801 11805 11796 -1 11805 11797 11796 -1 11806 11807 11808 -1 11807 11806 11809 -1 11810 11811 11812 -1 11811 11810 11813 -1 11814 11806 11815 -1 11806 11814 11809 -1 11811 11816 11812 -1 11816 11811 11817 -1 11816 11814 11815 -1 11814 11816 11817 -1 "
						                >
							<Coordinate DEF="coords_ME_45-1_001"
							            point="-139.831268 46.490318 176.861832 -92.896446 47.743065 199.768677 -140.022293 47.743065 177.307831 -92.670784 46.490318 199.339172 -139.370071 45.971413 175.785095 -229.004044 46.490318 142.829269 -228.586716 45.971413 141.735794 -92.670784 48.995815 199.339172 -44.881889 49.514721 225.527664 -92.125984 49.514721 198.302292 -45.526482 48.995815 226.507034 -44.237297 48.995815 224.548279 -91.355522 47.743065 196.835922 -91.581184 48.995815 197.265411 -43.970299 47.743065 224.142609 233.728455 46.490318 142.829269 144.746704 47.743065 177.307831 144.555664 46.490318 176.861832 233.901306 47.743065 143.282196 2.362205 46.490318 259.345215 -44.237297 46.490318 224.548279 2.362205 47.743065 258.740143 2.362205 47.743065 262.871674 -45.793484 47.743065 226.912704 2.362205 48.995815 262.266632 -139.370071 49.514721 175.785095 -138.908890 48.995815 174.708359 232.893799 46.490318 140.642319 233.311127 45.971413 141.735794 232.720947 47.743065 140.189377 233.728455 48.995815 142.829269 232.893799 48.995815 140.642319 233.311127 49.514721 141.735794 50.250893 46.490318 226.507034 2.362205 46.490318 262.266632 50.517891 47.743065 226.912704 2.362205 48.995815 259.345215 49.606300 49.514721 225.527664 48.961704 48.995815 224.548279 2.362205 49.514721 260.805908 143.633301 46.490318 174.708359 144.094482 45.971413 175.785095 -138.717865 47.743065 174.262360 -91.581184 46.490318 197.265411 -138.908890 46.490318 174.708359 2.362205 45.971413 260.805908 49.606300 45.971413 225.527664 97.395195 46.490318 199.339172 96.850395 45.971413 198.302292 -229.004044 48.995815 142.829269 -228.586716 49.514721 141.735794 -139.831268 48.995815 176.861832 96.305595 48.995815 197.265411 143.442276 47.743065 174.262360 96.079926 47.743065 196.835922 143.633301 48.995815 174.708359 97.620857 47.743065 199.768677 144.555664 48.995815 176.861832 97.395195 48.995815 199.339172 48.694706 47.743065 224.142609 96.305595 46.490318 197.265411 48.961704 46.490318 224.548279 144.094482 49.514721 175.785095 -227.996536 47.743065 140.189377 -228.169388 46.490318 140.642319 -228.169388 48.995815 140.642319 -45.526482 46.490318 226.507034 -44.881889 45.971413 225.527664 -92.125984 45.971413 198.302292 -229.176895 47.743065 143.282196 50.250893 48.995815 226.507034 96.850395 49.514721 198.302292 203.648056 48.845428 154.828278 233.901306 48.845428 143.282196 233.901306 46.640705 143.282196 203.648056 46.640705 154.828278 246.023285 46.640705 139.708435 247.019730 46.640705 139.468552 247.717651 46.640705 141.835815 252.018204 46.848209 140.567947 253.117783 47.081650 140.243774 253.117783 48.404484 140.243774 252.018204 48.637924 140.567947 250.258881 46.709873 141.086624 250.258881 48.776260 141.086624 247.717651 48.845428 141.835815 246.023285 48.845428 139.708435 247.019730 48.845428 139.468552 252.690262 47.081650 138.793671 252.690262 48.404484 138.793671 249.071274 48.790409 138.974670 249.613419 48.776260 138.897247 251.463013 48.637924 138.684769 251.463013 46.848209 138.684769 251.239883 48.653645 138.664978 251.239883 46.832489 138.664978 249.613419 46.709873 138.897247 249.071274 46.695724 138.974670 -198.923660 48.845428 154.828278 -229.176895 46.640705 143.282196 -229.176895 48.845428 143.282196 -198.923660 46.640705 154.828278 -241.298874 46.640705 139.708435 -242.295334 46.640705 139.468552 -242.993240 46.640705 141.835815 -247.293793 46.848209 140.567947 -248.393372 48.404484 140.243774 -248.393372 47.081650 140.243774 -247.293793 48.637924 140.567947 -245.534470 46.709873 141.086624 -245.534470 48.776260 141.086624 -242.993240 48.845428 141.835815 -241.298874 48.845428 139.708435 -242.295334 48.845428 139.468552 -247.965851 47.081650 138.793671 -247.965851 48.404484 138.793671 -244.346863 48.790409 138.974670 -244.889008 48.776260 138.897247 -246.738602 48.637924 138.684769 -246.738602 46.848209 138.684769 -246.515472 48.653645 138.664978 -246.515472 46.832489 138.664978 -244.889008 46.709873 138.897247 -244.346863 46.695724 138.974670 -139.831268 40.584808 176.861832 -92.896446 41.837555 199.768677 -140.022293 41.837555 177.307831 -92.670784 40.584808 199.339172 -139.370071 40.065903 175.785095 -229.004044 40.584808 142.829269 -228.586716 40.065903 141.735794 -92.670784 43.090302 199.339172 -44.881889 43.609207 225.527664 -92.125984 43.609207 198.302292 -45.526482 43.090302 226.507034 -44.237297 43.090302 224.548279 -91.355522 41.837555 196.835922 -91.581184 43.090302 197.265411 -43.970299 41.837555 224.142609 233.728455 40.584808 142.829269 144.746704 41.837555 177.307831 144.555664 40.584808 176.861832 233.901306 41.837555 143.282196 2.362205 40.584808 259.345215 -44.237297 40.584808 224.548279 2.362205 41.837555 258.740143 2.362205 41.837555 262.871674 -45.793484 41.837555 226.912704 2.362205 43.090302 262.266632 -139.370071 43.609207 175.785095 -138.908890 43.090302 174.708359 232.893799 40.584808 140.642319 233.311127 40.065903 141.735794 232.720947 41.837555 140.189377 233.728455 43.090302 142.829269 232.893799 43.090302 140.642319 233.311127 43.609207 141.735794 50.250893 40.584808 226.507034 2.362205 40.584808 262.266632 50.517891 41.837555 226.912704 2.362205 43.090302 259.345215 49.606300 43.609207 225.527664 48.961704 43.090302 224.548279 2.362205 43.609207 260.805908 143.633301 40.584808 174.708359 144.094482 40.065903 175.785095 -138.717865 41.837555 174.262360 -91.581184 40.584808 197.265411 -138.908890 40.584808 174.708359 2.362205 40.065903 260.805908 49.606300 40.065903 225.527664 97.395195 40.584808 199.339172 96.850395 40.065903 198.302292 -229.004044 43.090302 142.829269 -228.586716 43.609207 141.735794 -139.831268 43.090302 176.861832 96.305595 43.090302 197.265411 143.442276 41.837555 174.262360 96.079926 41.837555 196.835922 143.633301 43.090302 174.708359 97.620857 41.837555 199.768677 144.555664 43.090302 176.861832 97.395195 43.090302 199.339172 48.694706 41.837555 224.142609 96.305595 40.584808 197.265411 48.961704 40.584808 224.548279 144.094482 43.609207 175.785095 -227.996536 41.837555 140.189377 -228.169388 40.584808 140.642319 -228.169388 43.090302 140.642319 -45.526482 40.584808 226.507034 -44.881889 40.065903 225.527664 -92.125984 40.065903 198.302292 -229.176895 41.837555 143.282196 50.250893 43.090302 226.507034 96.850395 43.609207 198.302292 203.648056 42.939919 154.828278 233.901306 42.939919 143.282196 233.901306 40.735191 143.282196 203.648056 40.735191 154.828278 246.023285 40.735191 139.708435 247.019730 40.735191 139.468552 247.717651 40.735191 141.835815 252.018204 40.942696 140.567947 253.117783 41.176136 140.243774 253.117783 42.498974 140.243774 252.018204 42.732414 140.567947 250.258881 40.804359 141.086624 250.258881 42.870750 141.086624 247.717651 42.939919 141.835815 246.023285 42.939919 139.708435 247.019730 42.939919 139.468552 252.690262 41.176136 138.793671 252.690262 42.498974 138.793671 249.071274 42.884895 138.974670 249.613419 42.870750 138.897247 251.463013 42.732414 138.684769 251.463013 40.942696 138.684769 251.239883 42.748135 138.664978 251.239883 40.926975 138.664978 249.613419 40.804359 138.897247 249.071274 40.790211 138.974670 -198.923660 42.939919 154.828278 -229.176895 40.735191 143.282196 -229.176895 42.939919 143.282196 -198.923660 40.735191 154.828278 -241.298874 40.735191 139.708435 -242.295334 40.735191 139.468552 -242.993240 40.735191 141.835815 -247.293793 40.942696 140.567947 -248.393372 42.498974 140.243774 -248.393372 41.176136 140.243774 -247.293793 42.732414 140.567947 -245.534470 40.804359 141.086624 -245.534470 42.870750 141.086624 -242.993240 42.939919 141.835815 -241.298874 42.939919 139.708435 -242.295334 42.939919 139.468552 -247.965851 41.176136 138.793671 -247.965851 42.498974 138.793671 -244.346863 42.884895 138.974670 -244.889008 42.870750 138.897247 -246.738602 42.732414 138.684769 -246.738602 40.942696 138.684769 -246.515472 42.748135 138.664978 -246.515472 40.926975 138.664978 -244.889008 40.804359 138.897247 -244.346863 40.790211 138.974670 -139.831268 -0.753776 176.861832 -92.896446 0.498972 199.768677 -140.022293 0.498972 177.307831 -92.670784 -0.753776 199.339172 -139.370071 -1.272681 175.785095 -229.004044 -0.753776 142.829269 -228.586716 -1.272681 141.735794 -92.670784 1.751720 199.339172 -44.881889 2.270626 225.527664 -92.125984 2.270626 198.302292 -45.526482 1.751720 226.507034 -44.237297 1.751720 224.548279 -91.355522 0.498972 196.835922 -91.581184 1.751720 197.265411 -43.970299 0.498972 224.142609 233.728455 -0.753776 142.829269 144.746704 0.498972 177.307831 144.555664 -0.753776 176.861832 233.901306 0.498972 143.282196 2.362205 -0.753776 259.345215 -44.237297 -0.753776 224.548279 2.362205 0.498972 258.740143 2.362205 0.498972 262.871674 -45.793484 0.498972 226.912704 2.362205 1.751720 262.266632 -139.370071 2.270626 175.785095 -138.908890 1.751720 174.708359 232.893799 -0.753776 140.642319 233.311127 -1.272681 141.735794 232.720947 0.498972 140.189377 233.728455 1.751720 142.829269 232.893799 1.751720 140.642319 233.311127 2.270626 141.735794 50.250893 -0.753776 226.507034 2.362205 -0.753776 262.266632 50.517891 0.498972 226.912704 2.362205 1.751720 259.345215 49.606300 2.270626 225.527664 48.961704 1.751720 224.548279 2.362205 2.270626 260.805908 143.633301 -0.753776 174.708359 144.094482 -1.272681 175.785095 -138.717865 0.498972 174.262360 -91.581184 -0.753776 197.265411 -138.908890 -0.753776 174.708359 2.362205 -1.272681 260.805908 49.606300 -1.272681 225.527664 97.395195 -0.753776 199.339172 96.850395 -1.272681 198.302292 -229.004044 1.751720 142.829269 -228.586716 2.270626 141.735794 -139.831268 1.751720 176.861832 96.305595 1.751720 197.265411 143.442276 0.498972 174.262360 96.079926 0.498972 196.835922 143.633301 1.751720 174.708359 97.620857 0.498972 199.768677 144.555664 1.751720 176.861832 97.395195 1.751720 199.339172 48.694706 0.498972 224.142609 96.305595 -0.753776 197.265411 48.961704 -0.753776 224.548279 144.094482 2.270626 175.785095 -227.996536 0.498972 140.189377 -228.169388 -0.753776 140.642319 -228.169388 1.751720 140.642319 -45.526482 -0.753776 226.507034 -44.881889 -1.272681 225.527664 -92.125984 -1.272681 198.302292 -229.176895 0.498972 143.282196 50.250893 1.751720 226.507034 96.850395 2.270626 198.302292 203.648056 1.601334 154.828278 233.901306 1.601334 143.282196 233.901306 -0.603390 143.282196 203.648056 -0.603390 154.828278 246.023285 -0.603390 139.708435 247.019730 -0.603390 139.468552 247.717651 -0.603390 141.835815 252.018204 -0.395887 140.567947 253.117783 -0.162445 140.243774 253.117783 1.160390 140.243774 252.018204 1.393831 140.567947 250.258881 -0.534222 141.086624 250.258881 1.532167 141.086624 247.717651 1.601334 141.835815 246.023285 1.601334 139.708435 247.019730 1.601334 139.468552 252.690262 -0.162445 138.793671 252.690262 1.160390 138.793671 249.071274 1.546314 138.974670 249.613419 1.532167 138.897247 251.463013 1.393831 138.684769 251.463013 -0.395887 138.684769 251.239883 1.409551 138.664978 251.239883 -0.411607 138.664978 249.613419 -0.534222 138.897247 249.071274 -0.548370 138.974670 -198.923660 1.601334 154.828278 -229.176895 -0.603390 143.282196 -229.176895 1.601334 143.282196 -198.923660 -0.603390 154.828278 -241.298874 -0.603390 139.708435 -242.295334 -0.603390 139.468552 -242.993240 -0.603390 141.835815 -247.293793 -0.395887 140.567947 -248.393372 1.160390 140.243774 -248.393372 -0.162445 140.243774 -247.293793 1.393831 140.567947 -245.534470 -0.534222 141.086624 -245.534470 1.532167 141.086624 -242.993240 1.601334 141.835815 -241.298874 1.601334 139.708435 -242.295334 1.601334 139.468552 -247.965851 -0.162445 138.793671 -247.965851 1.160390 138.793671 -244.346863 1.546314 138.974670 -244.889008 1.532167 138.897247 -246.738602 1.393831 138.684769 -246.738602 -0.395887 138.684769 -246.515472 1.409551 138.664978 -246.515472 -0.411607 138.664978 -244.889008 -0.534222 138.897247 -244.346863 -0.548370 138.974670 -139.831268 5.151736 176.861832 -92.896446 6.404484 199.768677 -140.022293 6.404484 177.307831 -92.670784 5.151736 199.339172 -139.370071 4.632831 175.785095 -229.004044 5.151736 142.829269 -228.586716 4.632831 141.735794 -92.670784 7.657232 199.339172 -44.881889 8.176138 225.527664 -92.125984 8.176138 198.302292 -45.526482 7.657232 226.507034 -44.237297 7.657232 224.548279 -91.355522 6.404484 196.835922 -91.581184 7.657232 197.265411 -43.970299 6.404484 224.142609 233.728455 5.151736 142.829269 144.746704 6.404484 177.307831 144.555664 5.151736 176.861832 233.901306 6.404484 143.282196 2.362205 5.151736 259.345215 -44.237297 5.151736 224.548279 2.362205 6.404484 258.740143 2.362205 6.404484 262.871674 -45.793484 6.404484 226.912704 2.362205 7.657232 262.266632 -139.370071 8.176138 175.785095 -138.908890 7.657232 174.708359 232.893799 5.151736 140.642319 233.311127 4.632831 141.735794 232.720947 6.404484 140.189377 233.728455 7.657232 142.829269 232.893799 7.657232 140.642319 233.311127 8.176138 141.735794 50.250893 5.151736 226.507034 2.362205 5.151736 262.266632 50.517891 6.404484 226.912704 2.362205 7.657232 259.345215 49.606300 8.176138 225.527664 48.961704 7.657232 224.548279 2.362205 8.176138 260.805908 143.633301 5.151736 174.708359 144.094482 4.632831 175.785095 -138.717865 6.404484 174.262360 -91.581184 5.151736 197.265411 -138.908890 5.151736 174.708359 2.362205 4.632831 260.805908 49.606300 4.632831 225.527664 97.395195 5.151736 199.339172 96.850395 4.632831 198.302292 -229.004044 7.657232 142.829269 -228.586716 8.176138 141.735794 -139.831268 7.657232 176.861832 96.305595 7.657232 197.265411 143.442276 6.404484 174.262360 96.079926 6.404484 196.835922 143.633301 7.657232 174.708359 97.620857 6.404484 199.768677 144.555664 7.657232 176.861832 97.395195 7.657232 199.339172 48.694706 6.404484 224.142609 96.305595 5.151736 197.265411 48.961704 5.151736 224.548279 144.094482 8.176138 175.785095 -227.996536 6.404484 140.189377 -228.169388 5.151736 140.642319 -228.169388 7.657232 140.642319 -45.526482 5.151736 226.507034 -44.881889 4.632831 225.527664 -92.125984 4.632831 198.302292 -229.176895 6.404484 143.282196 50.250893 7.657232 226.507034 96.850395 8.176138 198.302292 203.648056 7.506846 154.828278 233.901306 7.506846 143.282196 233.901306 5.302122 143.282196 203.648056 5.302122 154.828278 246.023285 5.302122 139.708435 247.019730 5.302122 139.468552 247.717651 5.302122 141.835815 252.018204 5.509625 140.567947 253.117783 5.743067 140.243774 253.117783 7.065901 140.243774 252.018204 7.299343 140.567947 250.258881 5.371290 141.086624 250.258881 7.437678 141.086624 247.717651 7.506846 141.835815 246.023285 7.506846 139.708435 247.019730 7.506846 139.468552 252.690262 5.743067 138.793671 252.690262 7.065901 138.793671 249.071274 7.451826 138.974670 249.613419 7.437678 138.897247 251.463013 7.299343 138.684769 251.463013 5.509625 138.684769 251.239883 7.315063 138.664978 251.239883 5.493905 138.664978 249.613419 5.371290 138.897247 249.071274 5.357141 138.974670 -198.923660 7.506846 154.828278 -229.176895 5.302122 143.282196 -229.176895 7.506846 143.282196 -198.923660 5.302122 154.828278 -241.298874 5.302122 139.708435 -242.295334 5.302122 139.468552 -242.993240 5.302122 141.835815 -247.293793 5.509625 140.567947 -248.393372 7.065901 140.243774 -248.393372 5.743067 140.243774 -247.293793 7.299343 140.567947 -245.534470 5.371290 141.086624 -245.534470 7.437678 141.086624 -242.993240 7.506846 141.835815 -241.298874 7.506846 139.708435 -242.295334 7.506846 139.468552 -247.965851 5.743067 138.793671 -247.965851 7.065901 138.793671 -244.346863 7.451826 138.974670 -244.889008 7.437678 138.897247 -246.738602 7.299343 138.684769 -246.738602 5.509625 138.684769 -246.515472 7.315063 138.664978 -246.515472 5.493905 138.664978 -244.889008 5.371290 138.897247 -244.346863 5.357141 138.974670 -139.831268 28.773783 176.861832 -92.896446 30.026531 199.768677 -140.022293 30.026531 177.307831 -92.670784 28.773783 199.339172 -139.370071 28.254877 175.785095 -229.004044 28.773783 142.829269 -228.586716 28.254877 141.735794 -92.670784 31.279280 199.339172 -44.881889 31.798185 225.527664 -92.125984 31.798185 198.302292 -45.526482 31.279280 226.507034 -44.237297 31.279280 224.548279 -91.355522 30.026531 196.835922 -91.581184 31.279280 197.265411 -43.970299 30.026531 224.142609 233.728455 28.773783 142.829269 144.746704 30.026531 177.307831 144.555664 28.773783 176.861832 233.901306 30.026531 143.282196 2.362205 28.773783 259.345215 -44.237297 28.773783 224.548279 2.362205 30.026531 258.740143 2.362205 30.026531 262.871674 -45.793484 30.026531 226.912704 2.362205 31.279280 262.266632 -139.370071 31.798185 175.785095 -138.908890 31.279280 174.708359 232.893799 28.773783 140.642319 233.311127 28.254877 141.735794 232.720947 30.026531 140.189377 233.728455 31.279280 142.829269 232.893799 31.279280 140.642319 233.311127 31.798185 141.735794 50.250893 28.773783 226.507034 2.362205 28.773783 262.266632 50.517891 30.026531 226.912704 2.362205 31.279280 259.345215 49.606300 31.798185 225.527664 48.961704 31.279280 224.548279 2.362205 31.798185 260.805908 143.633301 28.773783 174.708359 144.094482 28.254877 175.785095 -138.717865 30.026531 174.262360 -91.581184 28.773783 197.265411 -138.908890 28.773783 174.708359 2.362205 28.254877 260.805908 49.606300 28.254877 225.527664 97.395195 28.773783 199.339172 96.850395 28.254877 198.302292 -229.004044 31.279280 142.829269 -228.586716 31.798185 141.735794 -139.831268 31.279280 176.861832 96.305595 31.279280 197.265411 143.442276 30.026531 174.262360 96.079926 30.026531 196.835922 143.633301 31.279280 174.708359 97.620857 30.026531 199.768677 144.555664 31.279280 176.861832 97.395195 31.279280 199.339172 48.694706 30.026531 224.142609 96.305595 28.773783 197.265411 48.961704 28.773783 224.548279 144.094482 31.798185 175.785095 -227.996536 30.026531 140.189377 -228.169388 28.773783 140.642319 -228.169388 31.279280 140.642319 -45.526482 28.773783 226.507034 -44.881889 28.254877 225.527664 -92.125984 28.254877 198.302292 -229.176895 30.026531 143.282196 50.250893 31.279280 226.507034 96.850395 31.798185 198.302292 203.648056 31.128893 154.828278 233.901306 31.128893 143.282196 233.901306 28.924170 143.282196 203.648056 28.924170 154.828278 246.023285 28.924170 139.708435 247.019730 28.924170 139.468552 247.717651 28.924170 141.835815 252.018204 29.131672 140.567947 253.117783 29.365114 140.243774 253.117783 30.687948 140.243774 252.018204 30.921391 140.567947 250.258881 28.993338 141.086624 250.258881 31.059725 141.086624 247.717651 31.128893 141.835815 246.023285 31.128893 139.708435 247.019730 31.128893 139.468552 252.690262 29.365114 138.793671 252.690262 30.687948 138.793671 249.071274 31.073874 138.974670 249.613419 31.059725 138.897247 251.463013 30.921391 138.684769 251.463013 29.131672 138.684769 251.239883 30.937109 138.664978 251.239883 29.115953 138.664978 249.613419 28.993338 138.897247 249.071274 28.979189 138.974670 -198.923660 31.128893 154.828278 -229.176895 28.924170 143.282196 -229.176895 31.128893 143.282196 -198.923660 28.924170 154.828278 -241.298874 28.924170 139.708435 -242.295334 28.924170 139.468552 -242.993240 28.924170 141.835815 -247.293793 29.131672 140.567947 -248.393372 30.687948 140.243774 -248.393372 29.365114 140.243774 -247.293793 30.921391 140.567947 -245.534470 28.993338 141.086624 -245.534470 31.059725 141.086624 -242.993240 31.128893 141.835815 -241.298874 31.128893 139.708435 -242.295334 31.128893 139.468552 -247.965851 29.365114 138.793671 -247.965851 30.687948 138.793671 -244.346863 31.073874 138.974670 -244.889008 31.059725 138.897247 -246.738602 30.921391 138.684769 -246.738602 29.131672 138.684769 -246.515472 30.937109 138.664978 -246.515472 29.115953 138.664978 -244.889008 28.993338 138.897247 -244.346863 28.979189 138.974670 -139.831268 34.679295 176.861832 -92.896446 35.932041 199.768677 -140.022293 35.932041 177.307831 -92.670784 34.679295 199.339172 -139.370071 34.160389 175.785095 -229.004044 34.679295 142.829269 -228.586716 34.160389 141.735794 -92.670784 37.184792 199.339172 -44.881889 37.703697 225.527664 -92.125984 37.703697 198.302292 -45.526482 37.184792 226.507034 -44.237297 37.184792 224.548279 -91.355522 35.932041 196.835922 -91.581184 37.184792 197.265411 -43.970299 35.932041 224.142609 233.728455 34.679295 142.829269 144.746704 35.932041 177.307831 144.555664 34.679295 176.861832 233.901306 35.932041 143.282196 2.362205 34.679295 259.345215 -44.237297 34.679295 224.548279 2.362205 35.932041 258.740143 2.362205 35.932041 262.871674 -45.793484 35.932041 226.912704 2.362205 37.184792 262.266632 -139.370071 37.703697 175.785095 -138.908890 37.184792 174.708359 232.893799 34.679295 140.642319 233.311127 34.160389 141.735794 232.720947 35.932041 140.189377 233.728455 37.184792 142.829269 232.893799 37.184792 140.642319 233.311127 37.703697 141.735794 50.250893 34.679295 226.507034 2.362205 34.679295 262.266632 50.517891 35.932041 226.912704 2.362205 37.184792 259.345215 49.606300 37.703697 225.527664 48.961704 37.184792 224.548279 2.362205 37.703697 260.805908 143.633301 34.679295 174.708359 144.094482 34.160389 175.785095 -138.717865 35.932041 174.262360 -91.581184 34.679295 197.265411 -138.908890 34.679295 174.708359 2.362205 34.160389 260.805908 49.606300 34.160389 225.527664 97.395195 34.679295 199.339172 96.850395 34.160389 198.302292 -229.004044 37.184792 142.829269 -228.586716 37.703697 141.735794 -139.831268 37.184792 176.861832 96.305595 37.184792 197.265411 143.442276 35.932041 174.262360 96.079926 35.932041 196.835922 143.633301 37.184792 174.708359 97.620857 35.932041 199.768677 144.555664 37.184792 176.861832 97.395195 37.184792 199.339172 48.694706 35.932041 224.142609 96.305595 34.679295 197.265411 48.961704 34.679295 224.548279 144.094482 37.703697 175.785095 -227.996536 35.932041 140.189377 -228.169388 34.679295 140.642319 -228.169388 37.184792 140.642319 -45.526482 34.679295 226.507034 -44.881889 34.160389 225.527664 -92.125984 34.160389 198.302292 -229.176895 35.932041 143.282196 50.250893 37.184792 226.507034 96.850395 37.703697 198.302292 203.648056 37.034405 154.828278 233.901306 37.034405 143.282196 233.901306 34.829681 143.282196 203.648056 34.829681 154.828278 246.023285 34.829681 139.708435 247.019730 34.829681 139.468552 247.717651 34.829681 141.835815 252.018204 35.037186 140.567947 253.117783 35.270626 140.243774 253.117783 36.593460 140.243774 252.018204 36.826900 140.567947 250.258881 34.898849 141.086624 250.258881 36.965237 141.086624 247.717651 37.034405 141.835815 246.023285 37.034405 139.708435 247.019730 37.034405 139.468552 252.690262 35.270626 138.793671 252.690262 36.593460 138.793671 249.071274 36.979385 138.974670 249.613419 36.965237 138.897247 251.463013 36.826900 138.684769 251.463013 35.037186 138.684769 251.239883 36.842621 138.664978 251.239883 35.021465 138.664978 249.613419 34.898849 138.897247 249.071274 34.884701 138.974670 -198.923660 37.034405 154.828278 -229.176895 34.829681 143.282196 -229.176895 37.034405 143.282196 -198.923660 34.829681 154.828278 -241.298874 34.829681 139.708435 -242.295334 34.829681 139.468552 -242.993240 34.829681 141.835815 -247.293793 35.037186 140.567947 -248.393372 36.593460 140.243774 -248.393372 35.270626 140.243774 -247.293793 36.826900 140.567947 -245.534470 34.898849 141.086624 -245.534470 36.965237 141.086624 -242.993240 37.034405 141.835815 -241.298874 37.034405 139.708435 -242.295334 37.034405 139.468552 -247.965851 35.270626 138.793671 -247.965851 36.593460 138.793671 -244.346863 36.979385 138.974670 -244.889008 36.965237 138.897247 -246.738602 36.826900 138.684769 -246.738602 35.037186 138.684769 -246.515472 36.842621 138.664978 -246.515472 35.021465 138.664978 -244.889008 34.898849 138.897247 -244.346863 34.884701 138.974670 -139.831268 -6.659288 176.861832 -92.896446 -5.406539 199.768677 -140.022293 -5.406539 177.307831 -92.670784 -6.659288 199.339172 -139.370071 -7.178193 175.785095 -229.004044 -6.659288 142.829269 -228.586716 -7.178193 141.735794 -92.670784 -4.153791 199.339172 -44.881889 -3.634886 225.527664 -92.125984 -3.634886 198.302292 -45.526482 -4.153791 226.507034 -44.237297 -4.153791 224.548279 -91.355522 -5.406539 196.835922 -91.581184 -4.153791 197.265411 -43.970299 -5.406539 224.142609 233.728455 -6.659288 142.829269 144.746704 -5.406539 177.307831 144.555664 -6.659288 176.861832 233.901306 -5.406539 143.282196 2.362205 -6.659288 259.345215 -44.237297 -6.659288 224.548279 2.362205 -5.406539 258.740143 2.362205 -5.406539 262.871674 -45.793484 -5.406539 226.912704 2.362205 -4.153791 262.266632 -139.370071 -3.634886 175.785095 -138.908890 -4.153791 174.708359 232.893799 -6.659288 140.642319 233.311127 -7.178193 141.735794 232.720947 -5.406539 140.189377 233.728455 -4.153791 142.829269 232.893799 -4.153791 140.642319 233.311127 -3.634886 141.735794 50.250893 -6.659288 226.507034 2.362205 -6.659288 262.266632 50.517891 -5.406539 226.912704 2.362205 -4.153791 259.345215 49.606300 -3.634886 225.527664 48.961704 -4.153791 224.548279 2.362205 -3.634886 260.805908 143.633301 -6.659288 174.708359 144.094482 -7.178193 175.785095 -138.717865 -5.406539 174.262360 -91.581184 -6.659288 197.265411 -138.908890 -6.659288 174.708359 2.362205 -7.178193 260.805908 49.606300 -7.178193 225.527664 97.395195 -6.659288 199.339172 96.850395 -7.178193 198.302292 -229.004044 -4.153791 142.829269 -228.586716 -3.634886 141.735794 -139.831268 -4.153791 176.861832 96.305595 -4.153791 197.265411 143.442276 -5.406539 174.262360 96.079926 -5.406539 196.835922 143.633301 -4.153791 174.708359 97.620857 -5.406539 199.768677 144.555664 -4.153791 176.861832 97.395195 -4.153791 199.339172 48.694706 -5.406539 224.142609 96.305595 -6.659288 197.265411 48.961704 -6.659288 224.548279 144.094482 -3.634886 175.785095 -227.996536 -5.406539 140.189377 -228.169388 -6.659288 140.642319 -228.169388 -4.153791 140.642319 -45.526482 -6.659288 226.507034 -44.881889 -7.178193 225.527664 -92.125984 -7.178193 198.302292 -229.176895 -5.406539 143.282196 50.250893 -4.153791 226.507034 96.850395 -3.634886 198.302292 203.648056 -4.304177 154.828278 233.901306 -4.304177 143.282196 233.901306 -6.508902 143.282196 203.648056 -6.508902 154.828278 246.023285 -6.508902 139.708435 247.019730 -6.508902 139.468552 247.717651 -6.508902 141.835815 252.018204 -6.301398 140.567947 253.117783 -6.067957 140.243774 253.117783 -4.745122 140.243774 252.018204 -4.511681 140.567947 250.258881 -6.439734 141.086624 250.258881 -4.373345 141.086624 247.717651 -4.304177 141.835815 246.023285 -4.304177 139.708435 247.019730 -4.304177 139.468552 252.690262 -6.067957 138.793671 252.690262 -4.745122 138.793671 249.071274 -4.359197 138.974670 249.613419 -4.373345 138.897247 251.463013 -4.511681 138.684769 251.463013 -6.301398 138.684769 251.239883 -4.495961 138.664978 251.239883 -6.317118 138.664978 249.613419 -6.439734 138.897247 249.071274 -6.453882 138.974670 -198.923660 -4.304177 154.828278 -229.176895 -6.508902 143.282196 -229.176895 -4.304177 143.282196 -198.923660 -6.508902 154.828278 -241.298874 -6.508902 139.708435 -242.295334 -6.508902 139.468552 -242.993240 -6.508902 141.835815 -247.293793 -6.301398 140.567947 -248.393372 -4.745122 140.243774 -248.393372 -6.067957 140.243774 -247.293793 -4.511681 140.567947 -245.534470 -6.439734 141.086624 -245.534470 -4.373345 141.086624 -242.993240 -4.304177 141.835815 -241.298874 -4.304177 139.708435 -242.295334 -4.304177 139.468552 -247.965851 -6.067957 138.793671 -247.965851 -4.745122 138.793671 -244.346863 -4.359197 138.974670 -244.889008 -4.373345 138.897247 -246.738602 -4.511681 138.684769 -246.738602 -6.301398 138.684769 -246.515472 -4.495961 138.664978 -246.515472 -6.317118 138.664978 -244.889008 -6.439734 138.897247 -244.346863 -6.453882 138.974670 -139.831268 22.868271 176.861832 -92.896446 24.121019 199.768677 -140.022293 24.121019 177.307831 -92.670784 22.868271 199.339172 -139.370071 22.349365 175.785095 -229.004044 22.868271 142.829269 -228.586716 22.349365 141.735794 -92.670784 25.373768 199.339172 -44.881889 25.892673 225.527664 -92.125984 25.892673 198.302292 -45.526482 25.373768 226.507034 -44.237297 25.373768 224.548279 -91.355522 24.121019 196.835922 -91.581184 25.373768 197.265411 -43.970299 24.121019 224.142609 233.728455 22.868271 142.829269 144.746704 24.121019 177.307831 144.555664 22.868271 176.861832 233.901306 24.121019 143.282196 2.362205 22.868271 259.345215 -44.237297 22.868271 224.548279 2.362205 24.121019 258.740143 2.362205 24.121019 262.871674 -45.793484 24.121019 226.912704 2.362205 25.373768 262.266632 -139.370071 25.892673 175.785095 -138.908890 25.373768 174.708359 232.893799 22.868271 140.642319 233.311127 22.349365 141.735794 232.720947 24.121019 140.189377 233.728455 25.373768 142.829269 232.893799 25.373768 140.642319 233.311127 25.892673 141.735794 50.250893 22.868271 226.507034 2.362205 22.868271 262.266632 50.517891 24.121019 226.912704 2.362205 25.373768 259.345215 49.606300 25.892673 225.527664 48.961704 25.373768 224.548279 2.362205 25.892673 260.805908 143.633301 22.868271 174.708359 144.094482 22.349365 175.785095 -138.717865 24.121019 174.262360 -91.581184 22.868271 197.265411 -138.908890 22.868271 174.708359 2.362205 22.349365 260.805908 49.606300 22.349365 225.527664 97.395195 22.868271 199.339172 96.850395 22.349365 198.302292 -229.004044 25.373768 142.829269 -228.586716 25.892673 141.735794 -139.831268 25.373768 176.861832 96.305595 25.373768 197.265411 143.442276 24.121019 174.262360 96.079926 24.121019 196.835922 143.633301 25.373768 174.708359 97.620857 24.121019 199.768677 144.555664 25.373768 176.861832 97.395195 25.373768 199.339172 48.694706 24.121019 224.142609 96.305595 22.868271 197.265411 48.961704 22.868271 224.548279 144.094482 25.892673 175.785095 -227.996536 24.121019 140.189377 -228.169388 22.868271 140.642319 -228.169388 25.373768 140.642319 -45.526482 22.868271 226.507034 -44.881889 22.349365 225.527664 -92.125984 22.349365 198.302292 -229.176895 24.121019 143.282196 50.250893 25.373768 226.507034 96.850395 25.892673 198.302292 203.648056 25.223381 154.828278 233.901306 25.223381 143.282196 233.901306 23.018658 143.282196 203.648056 23.018658 154.828278 246.023285 23.018658 139.708435 247.019730 23.018658 139.468552 247.717651 23.018658 141.835815 252.018204 23.226160 140.567947 253.117783 23.459602 140.243774 253.117783 24.782436 140.243774 252.018204 25.015879 140.567947 250.258881 23.087826 141.086624 250.258881 25.154213 141.086624 247.717651 25.223381 141.835815 246.023285 25.223381 139.708435 247.019730 25.223381 139.468552 252.690262 23.459602 138.793671 252.690262 24.782436 138.793671 249.071274 25.168362 138.974670 249.613419 25.154213 138.897247 251.463013 25.015879 138.684769 251.463013 23.226160 138.684769 251.239883 25.031599 138.664978 251.239883 23.210442 138.664978 249.613419 23.087826 138.897247 249.071274 23.073677 138.974670 -198.923660 25.223381 154.828278 -229.176895 23.018658 143.282196 -229.176895 25.223381 143.282196 -198.923660 23.018658 154.828278 -241.298874 23.018658 139.708435 -242.295334 23.018658 139.468552 -242.993240 23.018658 141.835815 -247.293793 23.226160 140.567947 -248.393372 24.782436 140.243774 -248.393372 23.459602 140.243774 -247.293793 25.015879 140.567947 -245.534470 23.087826 141.086624 -245.534470 25.154213 141.086624 -242.993240 25.223381 141.835815 -241.298874 25.223381 139.708435 -242.295334 25.223381 139.468552 -247.965851 23.459602 138.793671 -247.965851 24.782436 138.793671 -244.346863 25.168362 138.974670 -244.889008 25.154213 138.897247 -246.738602 25.015879 138.684769 -246.738602 23.226160 138.684769 -246.515472 25.031599 138.664978 -246.515472 23.210442 138.664978 -244.889008 23.087826 138.897247 -244.346863 23.073677 138.974670 -139.831268 16.962759 176.861832 -92.896446 18.215508 199.768677 -140.022293 18.215508 177.307831 -92.670784 16.962759 199.339172 -139.370071 16.443853 175.785095 -229.004044 16.962759 142.829269 -228.586716 16.443853 141.735794 -92.670784 19.468256 199.339172 -44.881889 19.987162 225.527664 -92.125984 19.987162 198.302292 -45.526482 19.468256 226.507034 -44.237297 19.468256 224.548279 -91.355522 18.215508 196.835922 -91.581184 19.468256 197.265411 -43.970299 18.215508 224.142609 233.728455 16.962759 142.829269 144.746704 18.215508 177.307831 144.555664 16.962759 176.861832 233.901306 18.215508 143.282196 2.362205 16.962759 259.345215 -44.237297 16.962759 224.548279 2.362205 18.215508 258.740143 2.362205 18.215508 262.871674 -45.793484 18.215508 226.912704 2.362205 19.468256 262.266632 -139.370071 19.987162 175.785095 -138.908890 19.468256 174.708359 232.893799 16.962759 140.642319 233.311127 16.443853 141.735794 232.720947 18.215508 140.189377 233.728455 19.468256 142.829269 232.893799 19.468256 140.642319 233.311127 19.987162 141.735794 50.250893 16.962759 226.507034 2.362205 16.962759 262.266632 50.517891 18.215508 226.912704 2.362205 19.468256 259.345215 49.606300 19.987162 225.527664 48.961704 19.468256 224.548279 2.362205 19.987162 260.805908 143.633301 16.962759 174.708359 144.094482 16.443853 175.785095 -138.717865 18.215508 174.262360 -91.581184 16.962759 197.265411 -138.908890 16.962759 174.708359 2.362205 16.443853 260.805908 49.606300 16.443853 225.527664 97.395195 16.962759 199.339172 96.850395 16.443853 198.302292 -229.004044 19.468256 142.829269 -228.586716 19.987162 141.735794 -139.831268 19.468256 176.861832 96.305595 19.468256 197.265411 143.442276 18.215508 174.262360 96.079926 18.215508 196.835922 143.633301 19.468256 174.708359 97.620857 18.215508 199.768677 144.555664 19.468256 176.861832 97.395195 19.468256 199.339172 48.694706 18.215508 224.142609 96.305595 16.962759 197.265411 48.961704 16.962759 224.548279 144.094482 19.987162 175.785095 -227.996536 18.215508 140.189377 -228.169388 16.962759 140.642319 -228.169388 19.468256 140.642319 -45.526482 16.962759 226.507034 -44.881889 16.443853 225.527664 -92.125984 16.443853 198.302292 -229.176895 18.215508 143.282196 50.250893 19.468256 226.507034 96.850395 19.987162 198.302292 203.648056 19.317869 154.828278 233.901306 19.317869 143.282196 233.901306 17.113146 143.282196 203.648056 17.113146 154.828278 246.023285 17.113146 139.708435 247.019730 17.113146 139.468552 247.717651 17.113146 141.835815 252.018204 17.320648 140.567947 253.117783 17.554090 140.243774 253.117783 18.876925 140.243774 252.018204 19.110367 140.567947 250.258881 17.182314 141.086624 250.258881 19.248701 141.086624 247.717651 19.317869 141.835815 246.023285 19.317869 139.708435 247.019730 19.317869 139.468552 252.690262 17.554090 138.793671 252.690262 18.876925 138.793671 249.071274 19.262850 138.974670 249.613419 19.248701 138.897247 251.463013 19.110367 138.684769 251.463013 17.320648 138.684769 251.239883 19.126087 138.664978 251.239883 17.304930 138.664978 249.613419 17.182314 138.897247 249.071274 17.168165 138.974670 -198.923660 19.317869 154.828278 -229.176895 17.113146 143.282196 -229.176895 19.317869 143.282196 -198.923660 17.113146 154.828278 -241.298874 17.113146 139.708435 -242.295334 17.113146 139.468552 -242.993240 17.113146 141.835815 -247.293793 17.320648 140.567947 -248.393372 18.876925 140.243774 -248.393372 17.554090 140.243774 -247.293793 19.110367 140.567947 -245.534470 17.182314 141.086624 -245.534470 19.248701 141.086624 -242.993240 19.317869 141.835815 -241.298874 19.317869 139.708435 -242.295334 19.317869 139.468552 -247.965851 17.554090 138.793671 -247.965851 18.876925 138.793671 -244.346863 19.262850 138.974670 -244.889008 19.248701 138.897247 -246.738602 19.110367 138.684769 -246.738602 17.320648 138.684769 -246.515472 19.126087 138.664978 -246.515472 17.304930 138.664978 -244.889008 17.182314 138.897247 -244.346863 17.168165 138.974670 -139.831268 11.057247 176.861832 -92.896446 12.309996 199.768677 -140.022293 12.309996 177.307831 -92.670784 11.057247 199.339172 -139.370071 10.538342 175.785095 -229.004044 11.057247 142.829269 -228.586716 10.538342 141.735794 -92.670784 13.562744 199.339172 -44.881889 14.081650 225.527664 -92.125984 14.081650 198.302292 -45.526482 13.562744 226.507034 -44.237297 13.562744 224.548279 -91.355522 12.309996 196.835922 -91.581184 13.562744 197.265411 -43.970299 12.309996 224.142609 233.728455 11.057247 142.829269 144.746704 12.309996 177.307831 144.555664 11.057247 176.861832 233.901306 12.309996 143.282196 2.362205 11.057247 259.345215 -44.237297 11.057247 224.548279 2.362205 12.309996 258.740143 2.362205 12.309996 262.871674 -45.793484 12.309996 226.912704 2.362205 13.562744 262.266632 -139.370071 14.081650 175.785095 -138.908890 13.562744 174.708359 232.893799 11.057247 140.642319 233.311127 10.538342 141.735794 232.720947 12.309996 140.189377 233.728455 13.562744 142.829269 232.893799 13.562744 140.642319 233.311127 14.081650 141.735794 50.250893 11.057247 226.507034 2.362205 11.057247 262.266632 50.517891 12.309996 226.912704 2.362205 13.562744 259.345215 49.606300 14.081650 225.527664 48.961704 13.562744 224.548279 2.362205 14.081650 260.805908 143.633301 11.057247 174.708359 144.094482 10.538342 175.785095 -138.717865 12.309996 174.262360 -91.581184 11.057247 197.265411 -138.908890 11.057247 174.708359 2.362205 10.538342 260.805908 49.606300 10.538342 225.527664 97.395195 11.057247 199.339172 96.850395 10.538342 198.302292 -229.004044 13.562744 142.829269 -228.586716 14.081650 141.735794 -139.831268 13.562744 176.861832 96.305595 13.562744 197.265411 143.442276 12.309996 174.262360 96.079926 12.309996 196.835922 143.633301 13.562744 174.708359 97.620857 12.309996 199.768677 144.555664 13.562744 176.861832 97.395195 13.562744 199.339172 48.694706 12.309996 224.142609 96.305595 11.057247 197.265411 48.961704 11.057247 224.548279 144.094482 14.081650 175.785095 -227.996536 12.309996 140.189377 -228.169388 11.057247 140.642319 -228.169388 13.562744 140.642319 -45.526482 11.057247 226.507034 -44.881889 10.538342 225.527664 -92.125984 10.538342 198.302292 -229.176895 12.309996 143.282196 50.250893 13.562744 226.507034 96.850395 14.081650 198.302292 203.648056 13.412358 154.828278 233.901306 13.412358 143.282196 233.901306 11.207634 143.282196 203.648056 11.207634 154.828278 246.023285 11.207634 139.708435 247.019730 11.207634 139.468552 247.717651 11.207634 141.835815 252.018204 11.415137 140.567947 253.117783 11.648579 140.243774 253.117783 12.971413 140.243774 252.018204 13.204855 140.567947 250.258881 11.276801 141.086624 250.258881 13.343190 141.086624 247.717651 13.412358 141.835815 246.023285 13.412358 139.708435 247.019730 13.412358 139.468552 252.690262 11.648579 138.793671 252.690262 12.971413 138.793671 249.071274 13.357338 138.974670 249.613419 13.343190 138.897247 251.463013 13.204855 138.684769 251.463013 11.415137 138.684769 251.239883 13.220574 138.664978 251.239883 11.399417 138.664978 249.613419 11.276801 138.897247 249.071274 11.262653 138.974670 -198.923660 13.412358 154.828278 -229.176895 11.207634 143.282196 -229.176895 13.412358 143.282196 -198.923660 11.207634 154.828278 -241.298874 11.207634 139.708435 -242.295334 11.207634 139.468552 -242.993240 11.207634 141.835815 -247.293793 11.415137 140.567947 -248.393372 12.971413 140.243774 -248.393372 11.648579 140.243774 -247.293793 13.204855 140.567947 -245.534470 11.276801 141.086624 -245.534470 13.343190 141.086624 -242.993240 13.412358 141.835815 -241.298874 13.412358 139.708435 -242.295334 13.412358 139.468552 -247.965851 11.648579 138.793671 -247.965851 12.971413 138.793671 -244.346863 13.357338 138.974670 -244.889008 13.343190 138.897247 -246.738602 13.204855 138.684769 -246.738602 11.415137 138.684769 -246.515472 13.220574 138.664978 -246.515472 11.399417 138.664978 -244.889008 11.276801 138.897247 -244.346863 11.262653 138.974670 -139.831268 -12.564799 176.861832 -92.896446 -11.312052 199.768677 -140.022293 -11.312052 177.307831 -92.670784 -12.564799 199.339172 -139.370071 -13.083705 175.785095 -229.004044 -12.564799 142.829269 -228.586716 -13.083705 141.735794 -92.670784 -10.059303 199.339172 -44.881889 -9.540398 225.527664 -92.125984 -9.540398 198.302292 -45.526482 -10.059303 226.507034 -44.237297 -10.059303 224.548279 -91.355522 -11.312052 196.835922 -91.581184 -10.059303 197.265411 -43.970299 -11.312052 224.142609 233.728455 -12.564799 142.829269 144.746704 -11.312052 177.307831 144.555664 -12.564799 176.861832 233.901306 -11.312052 143.282196 2.362205 -12.564799 259.345215 -44.237297 -12.564799 224.548279 2.362205 -11.312052 258.740143 2.362205 -11.312052 262.871674 -45.793484 -11.312052 226.912704 2.362205 -10.059303 262.266632 -139.370071 -9.540398 175.785095 -138.908890 -10.059303 174.708359 232.893799 -12.564799 140.642319 233.311127 -13.083705 141.735794 232.720947 -11.312052 140.189377 233.728455 -10.059303 142.829269 232.893799 -10.059303 140.642319 233.311127 -9.540398 141.735794 50.250893 -12.564799 226.507034 2.362205 -12.564799 262.266632 50.517891 -11.312052 226.912704 2.362205 -10.059303 259.345215 49.606300 -9.540398 225.527664 48.961704 -10.059303 224.548279 2.362205 -9.540398 260.805908 143.633301 -12.564799 174.708359 144.094482 -13.083705 175.785095 -138.717865 -11.312052 174.262360 -91.581184 -12.564799 197.265411 -138.908890 -12.564799 174.708359 2.362205 -13.083705 260.805908 49.606300 -13.083705 225.527664 97.395195 -12.564799 199.339172 96.850395 -13.083705 198.302292 -229.004044 -10.059303 142.829269 -228.586716 -9.540398 141.735794 -139.831268 -10.059303 176.861832 96.305595 -10.059303 197.265411 143.442276 -11.312052 174.262360 96.079926 -11.312052 196.835922 143.633301 -10.059303 174.708359 97.620857 -11.312052 199.768677 144.555664 -10.059303 176.861832 97.395195 -10.059303 199.339172 48.694706 -11.312052 224.142609 96.305595 -12.564799 197.265411 48.961704 -12.564799 224.548279 144.094482 -9.540398 175.785095 -227.996536 -11.312052 140.189377 -228.169388 -12.564799 140.642319 -228.169388 -10.059303 140.642319 -45.526482 -12.564799 226.507034 -44.881889 -13.083705 225.527664 -92.125984 -13.083705 198.302292 -229.176895 -11.312052 143.282196 50.250893 -10.059303 226.507034 96.850395 -9.540398 198.302292 203.648056 -10.209689 154.828278 233.901306 -10.209689 143.282196 233.901306 -12.414413 143.282196 203.648056 -12.414413 154.828278 246.023285 -12.414413 139.708435 247.019730 -12.414413 139.468552 247.717651 -12.414413 141.835815 252.018204 -12.206910 140.567947 253.117783 -11.973469 140.243774 253.117783 -10.650634 140.243774 252.018204 -10.417192 140.567947 250.258881 -12.345245 141.086624 250.258881 -10.278857 141.086624 247.717651 -10.209689 141.835815 246.023285 -10.209689 139.708435 247.019730 -10.209689 139.468552 252.690262 -11.973469 138.793671 252.690262 -10.650634 138.793671 249.071274 -10.264709 138.974670 249.613419 -10.278857 138.897247 251.463013 -10.417192 138.684769 251.463013 -12.206910 138.684769 251.239883 -10.401473 138.664978 251.239883 -12.222631 138.664978 249.613419 -12.345245 138.897247 249.071274 -12.359394 138.974670 -198.923660 -10.209689 154.828278 -229.176895 -12.414413 143.282196 -229.176895 -10.209689 143.282196 -198.923660 -12.414413 154.828278 -241.298874 -12.414413 139.708435 -242.295334 -12.414413 139.468552 -242.993240 -12.414413 141.835815 -247.293793 -12.206910 140.567947 -248.393372 -10.650634 140.243774 -248.393372 -11.973469 140.243774 -247.293793 -10.417192 140.567947 -245.534470 -12.345245 141.086624 -245.534470 -10.278857 141.086624 -242.993240 -10.209689 141.835815 -241.298874 -10.209689 139.708435 -242.295334 -10.209689 139.468552 -247.965851 -11.973469 138.793671 -247.965851 -10.650634 138.793671 -244.346863 -10.264709 138.974670 -244.889008 -10.278857 138.897247 -246.738602 -10.417192 138.684769 -246.738602 -12.206910 138.684769 -246.515472 -10.401473 138.664978 -246.515472 -12.222631 138.664978 -244.889008 -12.345245 138.897247 -244.346863 -12.359394 138.974670 -139.831268 -18.470312 176.861832 -92.896446 -17.217564 199.768677 -140.022293 -17.217564 177.307831 -92.670784 -18.470312 199.339172 -139.370071 -18.989216 175.785095 -229.004044 -18.470312 142.829269 -228.586716 -18.989216 141.735794 -92.670784 -15.964815 199.339172 -44.881889 -15.445910 225.527664 -92.125984 -15.445910 198.302292 -45.526482 -15.964815 226.507034 -44.237297 -15.964815 224.548279 -91.355522 -17.217564 196.835922 -91.581184 -15.964815 197.265411 -43.970299 -17.217564 224.142609 233.728455 -18.470312 142.829269 144.746704 -17.217564 177.307831 144.555664 -18.470312 176.861832 233.901306 -17.217564 143.282196 2.362205 -18.470312 259.345215 -44.237297 -18.470312 224.548279 2.362205 -17.217564 258.740143 2.362205 -17.217564 262.871674 -45.793484 -17.217564 226.912704 2.362205 -15.964815 262.266632 -139.370071 -15.445910 175.785095 -138.908890 -15.964815 174.708359 232.893799 -18.470312 140.642319 233.311127 -18.989216 141.735794 232.720947 -17.217564 140.189377 233.728455 -15.964815 142.829269 232.893799 -15.964815 140.642319 233.311127 -15.445910 141.735794 50.250893 -18.470312 226.507034 2.362205 -18.470312 262.266632 50.517891 -17.217564 226.912704 2.362205 -15.964815 259.345215 49.606300 -15.445910 225.527664 48.961704 -15.964815 224.548279 2.362205 -15.445910 260.805908 143.633301 -18.470312 174.708359 144.094482 -18.989216 175.785095 -138.717865 -17.217564 174.262360 -91.581184 -18.470312 197.265411 -138.908890 -18.470312 174.708359 2.362205 -18.989216 260.805908 49.606300 -18.989216 225.527664 97.395195 -18.470312 199.339172 96.850395 -18.989216 198.302292 -229.004044 -15.964815 142.829269 -228.586716 -15.445910 141.735794 -139.831268 -15.964815 176.861832 96.305595 -15.964815 197.265411 143.442276 -17.217564 174.262360 96.079926 -17.217564 196.835922 143.633301 -15.964815 174.708359 97.620857 -17.217564 199.768677 144.555664 -15.964815 176.861832 97.395195 -15.964815 199.339172 48.694706 -17.217564 224.142609 96.305595 -18.470312 197.265411 48.961704 -18.470312 224.548279 144.094482 -15.445910 175.785095 -227.996536 -17.217564 140.189377 -228.169388 -18.470312 140.642319 -228.169388 -15.964815 140.642319 -45.526482 -18.470312 226.507034 -44.881889 -18.989216 225.527664 -92.125984 -18.989216 198.302292 -229.176895 -17.217564 143.282196 50.250893 -15.964815 226.507034 96.850395 -15.445910 198.302292 203.648056 -16.115202 154.828278 233.901306 -16.115202 143.282196 233.901306 -18.319925 143.282196 203.648056 -18.319925 154.828278 246.023285 -18.319925 139.708435 247.019730 -18.319925 139.468552 247.717651 -18.319925 141.835815 252.018204 -18.112423 140.567947 253.117783 -17.878981 140.243774 253.117783 -16.556147 140.243774 252.018204 -16.322704 140.567947 250.258881 -18.250757 141.086624 250.258881 -16.184368 141.086624 247.717651 -16.115202 141.835815 246.023285 -16.115202 139.708435 247.019730 -16.115202 139.468552 252.690262 -17.878981 138.793671 252.690262 -16.556147 138.793671 249.071274 -16.170221 138.974670 249.613419 -16.184368 138.897247 251.463013 -16.322704 138.684769 251.463013 -18.112423 138.684769 251.239883 -16.306984 138.664978 251.239883 -18.128141 138.664978 249.613419 -18.250757 138.897247 249.071274 -18.264906 138.974670 -198.923660 -16.115202 154.828278 -229.176895 -18.319925 143.282196 -229.176895 -16.115202 143.282196 -198.923660 -18.319925 154.828278 -241.298874 -18.319925 139.708435 -242.295334 -18.319925 139.468552 -242.993240 -18.319925 141.835815 -247.293793 -18.112421 140.567947 -248.393372 -16.556147 140.243774 -248.393372 -17.878981 140.243774 -247.293793 -16.322704 140.567947 -245.534470 -18.250757 141.086624 -245.534470 -16.184368 141.086624 -242.993240 -16.115202 141.835815 -241.298874 -16.115202 139.708435 -242.295334 -16.115202 139.468552 -247.965851 -17.878981 138.793671 -247.965851 -16.556147 138.793671 -244.346863 -16.170221 138.974670 -244.889008 -16.184368 138.897247 -246.738602 -16.322704 138.684769 -246.738602 -18.112421 138.684769 -246.515472 -16.306984 138.664978 -246.515472 -18.128141 138.664978 -244.889008 -18.250757 138.897247 -244.346863 -18.264906 138.974670 -139.831268 -24.375824 176.861832 -92.896446 -23.123075 199.768677 -140.022293 -23.123075 177.307831 -92.670784 -24.375824 199.339172 -139.370071 -24.894728 175.785095 -229.004044 -24.375824 142.829269 -228.586716 -24.894728 141.735794 -92.670784 -21.870327 199.339172 -44.881889 -21.351421 225.527664 -92.125984 -21.351421 198.302292 -45.526482 -21.870327 226.507034 -44.237297 -21.870327 224.548279 -91.355522 -23.123075 196.835922 -91.581184 -21.870327 197.265411 -43.970299 -23.123075 224.142609 233.728455 -24.375824 142.829269 144.746704 -23.123075 177.307831 144.555664 -24.375824 176.861832 233.901306 -23.123075 143.282196 2.362205 -24.375824 259.345215 -44.237297 -24.375824 224.548279 2.362205 -23.123075 258.740143 2.362205 -23.123075 262.871674 -45.793484 -23.123075 226.912704 2.362205 -21.870327 262.266632 -139.370071 -21.351421 175.785095 -138.908890 -21.870327 174.708359 232.893799 -24.375824 140.642319 233.311127 -24.894728 141.735794 232.720947 -23.123075 140.189377 233.728455 -21.870327 142.829269 232.893799 -21.870327 140.642319 233.311127 -21.351421 141.735794 50.250893 -24.375824 226.507034 2.362205 -24.375824 262.266632 50.517891 -23.123075 226.912704 2.362205 -21.870327 259.345215 49.606300 -21.351421 225.527664 48.961704 -21.870327 224.548279 2.362205 -21.351421 260.805908 143.633301 -24.375824 174.708359 144.094482 -24.894728 175.785095 -138.717865 -23.123075 174.262360 -91.581184 -24.375824 197.265411 -138.908890 -24.375824 174.708359 2.362205 -24.894728 260.805908 49.606300 -24.894728 225.527664 97.395195 -24.375824 199.339172 96.850395 -24.894728 198.302292 -229.004044 -21.870327 142.829269 -228.586716 -21.351421 141.735794 -139.831268 -21.870327 176.861832 96.305595 -21.870327 197.265411 143.442276 -23.123075 174.262360 96.079926 -23.123075 196.835922 143.633301 -21.870327 174.708359 97.620857 -23.123075 199.768677 144.555664 -21.870327 176.861832 97.395195 -21.870327 199.339172 48.694706 -23.123075 224.142609 96.305595 -24.375824 197.265411 48.961704 -24.375824 224.548279 144.094482 -21.351421 175.785095 -227.996536 -23.123075 140.189377 -228.169388 -24.375824 140.642319 -228.169388 -21.870327 140.642319 -45.526482 -24.375824 226.507034 -44.881889 -24.894728 225.527664 -92.125984 -24.894728 198.302292 -229.176895 -23.123075 143.282196 50.250893 -21.870327 226.507034 96.850395 -21.351421 198.302292 203.648056 -22.020714 154.828278 233.901306 -22.020714 143.282196 233.901306 -24.225437 143.282196 203.648056 -24.225437 154.828278 246.023285 -24.225437 139.708435 247.019730 -24.225437 139.468552 247.717651 -24.225437 141.835815 252.018204 -24.017933 140.567947 253.117783 -23.784492 140.243774 253.117783 -22.461658 140.243774 252.018204 -22.228216 140.567947 250.258881 -24.156269 141.086624 250.258881 -22.089880 141.086624 247.717651 -22.020714 141.835815 246.023285 -22.020714 139.708435 247.019730 -22.020714 139.468552 252.690262 -23.784492 138.793671 252.690262 -22.461658 138.793671 249.071274 -22.075733 138.974670 249.613419 -22.089880 138.897247 251.463013 -22.228216 138.684769 251.463013 -24.017933 138.684769 251.239883 -22.212496 138.664978 251.239883 -24.033653 138.664978 249.613419 -24.156269 138.897247 249.071274 -24.170418 138.974670 -198.923660 -22.020714 154.828278 -229.176895 -24.225437 143.282196 -229.176895 -22.020714 143.282196 -198.923660 -24.225437 154.828278 -241.298874 -24.225437 139.708435 -242.295334 -24.225437 139.468552 -242.993240 -24.225437 141.835815 -247.293793 -24.017933 140.567947 -248.393372 -22.461658 140.243774 -248.393372 -23.784492 140.243774 -247.293793 -22.228216 140.567947 -245.534470 -24.156269 141.086624 -245.534470 -22.089880 141.086624 -242.993240 -22.020714 141.835815 -241.298874 -22.020714 139.708435 -242.295334 -22.020714 139.468552 -247.965851 -23.784492 138.793671 -247.965851 -22.461658 138.793671 -244.346863 -22.075733 138.974670 -244.889008 -22.089880 138.897247 -246.738602 -22.228216 138.684769 -246.738602 -24.017933 138.684769 -246.515472 -22.212496 138.664978 -246.515472 -24.033653 138.664978 -244.889008 -24.156269 138.897247 -244.346863 -24.170418 138.974670 234.799744 48.845428 145.636276 234.799744 -24.894728 145.636276 233.901306 -24.894728 143.282196 234.468689 -24.894728 145.762619 234.468689 48.845428 145.762619 231.547241 -24.894728 144.180634 231.547241 48.845428 144.180634 253.490433 -23.699629 142.760803 253.830307 -23.699629 142.660614 253.830307 48.124981 142.660614 253.490433 48.124981 142.760803 253.011703 48.124981 141.136993 253.011703 -23.699629 141.136993 251.984879 -23.699629 140.577759 251.984879 48.124981 140.577759 253.117783 48.124981 140.243774 253.117783 -23.699629 140.243774 -230.075333 48.845428 145.636276 -229.176895 -24.894728 143.282196 -230.075333 -24.894728 145.636276 -229.744293 -24.894728 145.762619 -229.744293 48.845428 145.762619 -226.822830 -24.894728 144.180634 -226.822830 48.845428 144.180634 -248.766022 -23.699629 142.760803 -249.105896 48.124981 142.660614 -249.105896 -23.699629 142.660614 -248.766022 48.124981 142.760803 -248.287292 48.124981 141.136993 -248.287292 -23.699629 141.136993 -247.260468 -23.699629 140.577759 -247.260468 48.124981 140.577759 -248.393372 -23.699629 140.243774 -248.393372 48.124981 140.243774 187.795273 49.607494 106.299210 187.401581 49.607494 108.224167 187.401581 49.607494 116.141731 187.795273 49.607494 118.110237 194.881897 49.607494 106.299210 194.881897 49.607494 118.110237 195.275589 49.607494 108.224167 195.275589 49.607494 116.141731 195.275589 27.945757 108.224167 195.275589 19.243927 106.299210 194.881897 27.476851 106.299210 195.275589 19.243927 108.224167 194.881897 27.476851 118.110237 195.275589 19.243927 118.110237 195.275589 27.476851 116.141731 195.275589 19.243927 116.141731 187.795273 27.476851 118.110237 187.401581 27.476851 108.224167 187.795273 27.476851 106.299210 187.401581 19.243927 106.299210 187.401581 19.243927 118.110237 187.401581 27.476851 116.141731 187.401581 19.243927 116.141731 187.401581 19.243927 108.224167 188.582672 7.905345 106.299210 189.370087 6.645503 106.299210 189.370087 6.645503 118.110237 188.582672 7.905345 118.110237 187.992126 10.425030 118.110237 187.992126 10.425030 106.299210 187.598419 14.204557 118.110237 187.598419 14.204557 106.299210 195.078735 14.204557 118.110237 195.078735 14.204557 106.299210 194.685043 10.425030 118.110237 194.685043 10.425030 106.299210 194.094482 7.905345 118.110237 194.094482 7.905345 106.299210 193.307083 6.645503 118.110237 193.307083 6.645503 106.299210 189.370087 0.278532 118.110237 193.307083 0.278532 118.110237 193.307083 0.278532 106.299210 189.370087 0.278532 106.299210 187.795273 -27.706594 106.299210 187.401581 -27.706594 116.141731 187.401581 -27.706594 108.224167 187.795273 -27.706594 118.110237 194.881897 -27.706594 106.299210 194.881897 -27.706594 118.110237 195.275589 -27.706594 108.224167 195.275589 -27.706594 116.141731 194.881897 -27.237690 106.299210 195.275589 -19.004766 106.299210 195.275589 -19.004766 108.224167 194.881897 -27.237690 118.110237 195.275589 -27.237690 116.141731 195.275589 -19.004766 118.110237 195.275589 -19.004766 116.141731 187.795273 -27.237690 118.110237 187.401581 -27.237690 108.224167 187.401581 -19.004766 106.299210 187.795273 -27.237690 106.299210 187.401581 -19.004766 118.110237 187.401581 -27.237690 116.141731 187.401581 -19.004766 116.141731 187.401581 -19.004766 108.224167 188.582672 -7.666183 106.299210 189.370071 -6.406341 118.110237 189.370071 -6.406341 106.299210 188.582672 -7.666183 118.110237 187.992126 -10.185868 118.110237 187.992126 -10.185868 106.299210 187.598419 -13.965396 118.110237 187.598419 -13.965396 106.299210 195.078735 -13.965396 118.110237 195.078735 -13.965396 106.299210 194.685043 -10.185868 118.110237 194.685043 -10.185868 106.299210 194.094482 -7.666183 118.110237 194.094482 -7.666183 106.299210 193.307083 -6.406341 118.110237 193.307083 -6.406341 106.299210 193.307083 -0.039370 118.110237 189.370071 -0.039370 118.110237 193.307083 -0.039370 106.299210 189.370071 -0.039370 106.299210 196.256775 -4.918197 98.425194 194.050507 -6.547178 78.740158 196.349579 -5.010993 78.740158 194.000290 -6.425934 98.425194 193.610687 -5.485338 117.723763 191.338577 -5.374853 118.055099 191.338577 -5.937287 117.723763 193.395447 -4.965716 118.055099 193.899857 -6.183445 111.548553 191.338577 -6.955380 98.425194 191.338577 -6.692914 111.548553 191.338577 7.086614 39.370079 194.050507 6.547178 3.542801 191.338577 7.086614 3.542801 194.050507 6.547178 39.370079 191.338577 7.086614 78.740158 194.050507 6.547178 78.740158 197.159760 -2.411211 117.181564 195.536880 -4.198296 117.723763 195.793915 -4.455337 117.181564 196.823914 -2.272101 117.723763 189.281723 -4.965716 118.055099 189.066483 -5.485338 117.723763 196.713440 -0.000000 118.055099 196.304306 -2.056867 118.055099 197.275864 -0.000000 117.723763 197.732285 -0.000000 116.535431 197.245590 -2.446763 116.535431 197.639374 -0.000000 117.181564 188.626648 -6.547178 39.370079 186.327591 -5.010993 3.542801 188.626648 -6.547178 3.542801 186.327591 -5.010993 39.370079 188.626648 -6.547178 78.740158 186.327591 -5.010993 78.740158 184.791412 -2.711930 78.740158 184.791412 -2.711930 39.370079 184.791412 -2.711930 3.542801 194.679245 -3.340662 118.110237 193.146530 -4.364785 118.110237 195.139175 -3.800595 118.055099 195.859619 -4.521029 116.535431 196.071182 -4.732605 111.548553 193.785339 -5.907009 116.535431 191.338577 -6.393701 116.535431 188.777313 -6.183445 111.548553 188.891815 -5.907009 116.535431 193.749786 -5.821178 117.181564 184.791412 2.711930 78.740158 184.251968 0.000000 39.370079 184.251968 0.000000 78.740158 184.251968 0.000000 3.542801 184.791412 2.711930 3.542801 184.791412 2.711930 39.370079 197.885757 -2.711930 39.370079 198.425201 -0.000000 78.740158 197.885757 -2.711930 78.740158 197.885757 -2.711930 3.542801 198.425201 -0.000000 3.542801 198.425201 -0.000000 39.370079 196.349579 -5.010993 39.370079 194.050507 -6.547178 3.542801 196.349579 -5.010993 3.542801 194.050507 -6.547178 39.370079 195.703369 -1.807953 118.110237 191.338577 -6.300798 117.181564 197.522034 -2.561267 111.548553 186.327591 5.010993 39.370079 188.626648 6.547178 3.542801 186.327591 5.010993 3.542801 188.626648 6.547178 39.370079 186.327591 5.010993 78.740158 188.626648 6.547178 78.740158 186.973801 -1.807953 118.110237 186.973801 1.807953 118.110237 186.614166 0.000000 118.110237 187.997925 -3.340662 118.110237 187.997925 3.340662 118.110237 189.530624 -4.364785 118.110237 189.530624 4.364785 118.110237 191.338577 -4.724410 118.110237 191.338577 4.724410 118.110237 193.146530 4.364785 118.110237 194.679245 3.340662 118.110237 195.703369 1.807953 118.110237 196.062988 0.000000 118.110237 186.605972 -4.732605 111.548553 186.817551 -4.521029 116.535431 185.155136 -2.561267 111.548553 185.431580 -2.446763 116.535431 186.420380 -4.918197 98.425194 184.912643 -2.661709 98.425194 188.927368 -5.821178 117.181564 186.883240 -4.455337 117.181564 187.140289 -4.198296 117.723763 185.517410 -2.411211 117.181564 185.853241 -2.272101 117.723763 191.338577 -7.086614 3.542801 191.338577 -7.086614 39.370079 191.338577 -7.086614 78.740158 187.537994 -3.800595 118.055099 186.372864 -2.056867 118.055099 188.676880 -6.425934 98.425194 196.349579 5.010993 3.542801 196.349579 5.010993 39.370079 196.349579 5.010993 78.740158 197.764511 -2.661709 98.425194 198.031494 -0.000000 111.548553 197.885757 2.711930 39.370079 197.885757 2.711930 3.542801 197.885757 2.711930 78.740158 198.293961 -0.000000 98.425194 187.140289 4.198296 117.723763 185.517410 2.411211 117.181564 185.853241 2.272101 117.723763 186.883240 4.455337 117.181564 191.338577 5.374853 118.055099 189.281723 4.965716 118.055099 197.159760 2.411211 117.181564 196.823914 2.272101 117.723763 191.338577 6.393701 116.535431 193.899857 6.183445 111.548553 191.338577 6.692914 111.548553 193.785339 5.907009 116.535431 187.537994 3.800595 118.055099 189.066483 5.485338 117.723763 185.037781 0.000000 117.181564 185.401291 0.000000 117.723763 185.431580 2.446763 116.535431 186.817551 4.521029 116.535431 186.605972 4.732605 111.548553 188.676880 6.425934 98.425194 186.420380 4.918197 98.425194 188.777313 6.183445 111.548553 184.645676 0.000000 111.548553 184.944885 0.000000 116.535431 194.000290 6.425934 98.425194 191.338577 6.955380 98.425194 196.256775 4.918197 98.425194 196.071182 4.732605 111.548553 195.536880 4.198296 117.723763 195.793915 4.455337 117.181564 185.963730 0.000000 118.055099 188.927368 5.821178 117.181564 186.372864 2.056867 118.055099 197.764511 2.661709 98.425194 197.245590 2.446763 116.535431 197.522034 2.561267 111.548553 184.383209 0.000000 98.425194 196.304306 2.056867 118.055099 195.139175 3.800595 118.055099 188.891815 5.907009 116.535431 191.338577 6.300798 117.181564 193.749786 5.821178 117.181564 184.912643 2.661709 98.425194 195.859619 4.521029 116.535431 185.155136 2.561267 111.548553 193.610687 5.485338 117.723763 193.395447 4.965716 118.055099 191.338577 5.937287 117.723763 189.370071 49.607494 3.542801 193.307083 49.607494 9.448313 193.307083 49.607494 3.542801 189.370071 49.607494 9.448313 189.370071 -27.706594 3.542801 193.307083 -27.706594 3.542801 193.307083 -27.706594 9.448313 189.370071 -27.706594 9.448313 196.998062 -5.659477 1.231157 194.401474 -7.394464 0.744720 196.998062 -5.659477 0.744720 194.401474 -7.394464 1.231157 188.275696 -7.394464 1.231157 185.679108 -5.659477 0.744720 188.275696 -7.394464 0.744720 185.679108 -5.659477 1.231157 183.499390 -3.247101 0.372360 185.338730 -5.999860 -0.000000 185.338730 -5.999860 0.372360 183.499390 -3.247101 -0.000000 194.210175 -6.932639 1.909318 191.338577 -8.003710 1.231157 191.338577 -7.503834 1.909318 183.832932 -3.108941 0.744720 182.853500 0.000000 0.372360 183.214523 0.000000 0.744720 197.338440 -5.999860 0.372360 194.585678 -7.839195 -0.000000 197.338440 -5.999860 -0.000000 194.585678 -7.839195 0.372360 183.334869 0.000000 1.231157 183.944122 -3.062887 0.744720 183.944122 -3.062887 1.231157 183.334869 0.000000 0.744720 197.083160 -5.744573 0.744720 194.447525 -7.505646 0.744720 185.594009 -5.744573 0.744720 188.229645 -7.505646 0.744720 191.338577 -8.124053 0.744720 191.338577 -8.003710 0.744720 198.733047 -3.062887 0.744720 198.844223 -3.108941 0.744720 199.342285 -0.000000 0.744720 199.462631 -0.000000 0.744720 183.832932 3.108941 0.744720 183.944122 3.062887 0.744720 185.594009 5.744573 0.744720 185.679108 5.659477 0.744720 188.229645 7.505646 0.744720 188.275696 7.394464 0.744720 191.338577 8.124053 0.744720 191.338577 8.003710 0.744720 194.401474 7.394464 0.744720 194.447525 7.505646 0.744720 196.998062 5.659477 0.744720 197.083160 5.744573 0.744720 198.733047 3.062887 0.744720 198.844223 3.108941 0.744720 188.466995 -6.932639 1.909318 186.032578 -5.306012 1.909318 198.733047 -3.062887 1.231157 196.644592 -5.306012 1.909318 198.271225 -2.871593 1.909318 199.177780 -3.247101 -0.000000 199.177780 -3.247101 0.372360 188.091476 -7.839195 0.372360 191.338577 -8.485084 0.372360 196.423416 -5.084833 2.697753 194.090469 -6.643654 2.697753 188.091476 -7.839195 -0.000000 191.338577 -8.485084 -0.000000 186.253754 -5.084833 2.697753 188.586685 -6.643654 2.697753 191.338577 -7.191040 2.697753 199.823669 -0.000000 0.372360 199.823669 -0.000000 -0.000000 199.342285 -0.000000 1.231157 184.405945 -2.871593 1.909318 184.694931 -2.751892 2.697753 198.529617 -0.000000 2.697753 197.982239 -2.751892 2.697753 198.842422 -0.000000 1.909318 182.853500 0.000000 -0.000000 183.834747 0.000000 1.909318 185.679108 5.659477 1.231157 188.275696 7.394464 1.231157 194.585678 7.839195 0.372360 191.338577 8.485084 0.372360 188.586685 6.643654 2.697753 191.338577 7.503834 1.909318 188.466995 6.932639 1.909318 191.338577 7.191040 2.697753 186.032578 5.306012 1.909318 183.944122 3.062887 1.231157 184.405945 2.871593 1.909318 197.982239 2.751892 2.697753 186.253754 5.084833 2.697753 196.423416 5.084833 2.697753 184.694931 2.751892 2.697753 184.147537 0.000000 2.697753 194.210175 6.932639 1.909318 196.998062 5.659477 1.231157 194.401474 7.394464 1.231157 196.644592 5.306012 1.909318 185.338730 5.999860 0.372360 188.091476 7.839195 -0.000000 185.338730 5.999860 -0.000000 188.091476 7.839195 0.372360 191.338577 8.485084 -0.000000 194.090469 6.643654 2.697753 191.338577 8.003710 1.231157 183.499390 3.247101 0.372360 194.585678 7.839195 -0.000000 184.251968 0.000000 3.542801 198.271225 2.871593 1.909318 183.499390 3.247101 -0.000000 197.338440 5.999860 0.372360 199.177780 3.247101 0.372360 198.733047 3.062887 1.231157 197.338440 5.999860 -0.000000 199.177780 3.247101 -0.000000 202.019119 -0.000000 -1.320766 200.583160 -3.829230 -0.576325 201.206116 -4.087263 -1.320766 201.344849 -0.000000 -0.576325 199.831085 -8.492496 -2.198051 195.934692 -11.095980 -2.694531 199.831085 -8.492496 -2.694531 195.934692 -11.095980 -2.198051 195.167816 -9.244580 -0.576325 191.338577 -10.680532 -1.320766 195.425842 -9.867526 -1.320766 191.338577 -10.006261 -0.576325 191.338577 -12.010202 -2.694531 191.338577 -12.010202 -2.198051 183.786301 -7.552277 -1.320766 181.007172 -4.279413 -2.198051 183.431259 -7.907324 -2.198051 181.471054 -4.087263 -1.320766 202.434555 -4.596106 -2.694531 202.434555 -4.596106 -2.198051 187.251312 -9.867526 -1.320766 187.059174 -10.331417 -2.198051 198.890854 -7.552277 -1.320766 195.617996 -10.331417 -2.198051 199.245911 -7.907324 -2.198051 191.338577 -11.182645 -2.198051 187.821045 -8.492097 -0.000000 187.509354 -9.244580 -0.576325 191.338577 -9.191780 -0.000000 200.530365 -0.000000 -0.000000 199.830673 -3.517542 -0.000000 182.094009 -3.829230 -0.576325 180.658051 0.000000 -1.320766 181.332321 0.000000 -0.576325 184.263092 -7.075495 -0.576325 182.846481 -3.517542 -0.000000 184.839020 -6.499570 -0.000000 180.155945 0.000000 -2.198051 202.521225 -0.000000 -2.198051 201.669998 -4.279413 -2.198051 197.838150 -6.499570 -0.000000 194.856125 -8.492097 -0.000000 198.414078 -7.075495 -0.576325 180.242599 -4.596106 -2.198051 179.328384 0.000000 -2.198051 182.846085 -8.492496 -2.198051 186.742477 -11.095980 -2.198051 203.348785 -0.000000 -2.198051 180.242599 4.596106 -2.198051 181.007172 4.279413 -2.198051 182.846085 8.492496 -2.198051 183.431259 7.907324 -2.198051 186.742477 11.095980 -2.198051 187.059174 10.331417 -2.198051 191.338577 12.010202 -2.198051 191.338577 11.182645 -2.198051 195.617996 10.331417 -2.198051 195.934692 11.095980 -2.198051 199.245911 7.907324 -2.198051 199.831085 8.492496 -2.198051 201.669998 4.279413 -2.198051 202.434555 4.596106 -2.198051 180.242599 -4.596106 -2.694531 182.846085 -8.492496 -2.694531 203.348785 -0.000000 -2.694531 179.328384 0.000000 -2.694531 186.742477 -11.095980 -2.694531 182.146805 0.000000 -0.000000 182.846481 3.517542 -0.000000 182.853500 0.000000 -0.000000 199.823669 -0.000000 -0.000000 184.839020 6.499570 -0.000000 187.821045 8.492097 -0.000000 191.338577 9.191780 -0.000000 194.856125 8.492097 -0.000000 197.838150 6.499570 -0.000000 199.830673 3.517542 -0.000000 182.094009 3.829230 -0.576325 187.509354 9.244580 -0.576325 184.263092 7.075495 -0.576325 187.251312 9.867526 -1.320766 183.786301 7.552277 -1.320766 191.338577 12.010202 -2.694531 186.742477 11.095980 -2.694531 200.583160 3.829230 -0.576325 181.471054 4.087263 -1.320766 198.890854 7.552277 -1.320766 201.206116 4.087263 -1.320766 191.338577 10.680532 -1.320766 195.425842 9.867526 -1.320766 199.831085 8.492496 -2.694531 195.934692 11.095980 -2.694531 191.338577 10.006261 -0.576325 198.414078 7.075495 -0.576325 195.167816 9.244580 -0.576325 202.434555 4.596106 -2.694531 180.242599 4.596106 -2.694531 182.846085 8.492496 -2.694531 -185.826767 1.968504 131.102356 -188.582672 -1.968504 131.102356 -188.582672 1.968504 131.102356 -185.826767 -1.968504 131.102356 -185.826767 1.968496 145.275589 -185.826767 -1.968507 145.275589 -195.275589 1.968504 139.370071 -196.456696 1.574803 139.370071 -196.456696 1.968504 139.370071 -195.275589 1.574803 139.370071 -196.456696 1.968504 137.007874 -195.866135 1.968504 131.889771 -196.456696 1.968504 131.889771 -195.866135 1.968504 131.102356 -196.062988 1.968504 137.007874 -195.960587 1.968504 137.603226 -195.690430 1.968504 138.143539 -195.275589 1.968504 138.582672 -196.456696 1.968504 145.275589 -196.456696 -1.968504 145.275589 -196.456696 -1.574803 139.370071 -196.456696 -1.968504 139.370071 -195.275589 -1.574803 139.370071 -195.275589 -1.968504 139.370071 -196.456696 -1.968504 131.889771 -195.866135 -1.968504 131.889771 -195.866135 -1.968504 131.102356 -196.456696 1.574803 133.070862 -196.456696 1.574803 137.007874 -196.456696 -1.574803 137.007874 -196.456696 -1.968504 137.007874 -196.456696 -1.574803 133.070862 -200.984253 1.968504 131.102356 -200.984253 -1.968504 131.889771 -200.984253 -1.968504 131.102356 -200.984253 1.968504 131.889771 -206.591644 -1.968504 137.007874 -206.591644 1.968504 137.007874 -208.267715 0.000000 136.276794 -195.960587 -1.968504 137.603226 -196.062988 -1.968504 137.007874 -200.393707 1.968504 131.889771 -200.393707 -1.968504 131.889771 -195.275589 -1.968504 138.582672 -195.690430 -1.968504 138.143539 -206.512909 0.000000 131.889771 -204.544403 1.968504 131.889771 -200.393707 1.574803 137.007874 -200.393707 1.574803 133.070862 -204.229446 0.000000 131.102356 -202.260941 1.968504 131.102356 -200.393707 1.968504 137.007874 -200.393707 -1.968504 137.007874 -200.393707 -1.574803 137.007874 -204.544403 -1.968504 131.889771 -200.393707 -1.574803 133.070862 -202.260941 -1.968504 131.102356 -196.456696 1.968504 132.677170 -196.456696 3.543307 132.677170 -196.456696 3.543307 131.102356 -196.456696 1.968504 131.102356 -200.393707 3.543307 131.102356 -200.393707 3.543307 132.677170 -200.393707 -3.543307 131.102356 -200.393707 -1.968504 132.677170 -200.393707 -3.543307 132.677170 -200.393707 1.968504 132.677170 -201.574799 3.543307 132.677170 -201.574799 1.968504 132.677170 -195.275589 1.968504 131.102356 -195.275589 1.968504 132.677170 -201.574799 1.968504 131.102356 -201.574799 -1.968504 131.102356 -195.275589 3.543307 132.677170 -201.574799 -3.543307 130.314957 -201.159958 -3.128464 129.875824 -195.690430 -3.128464 129.875824 -195.275589 -3.543307 130.314957 -200.889801 -2.858305 129.335510 -195.960587 -2.858305 129.335510 -195.960587 2.858305 129.335510 -195.690430 3.128464 129.875824 -195.690430 -2.755906 129.875824 -195.960587 -2.755906 129.335510 -196.062988 2.755906 128.740158 -200.787399 2.755906 128.740158 -200.889801 2.858305 129.335510 -201.159958 3.128464 129.875824 -195.275589 3.543307 130.314957 -195.275589 -2.755906 130.314957 -200.787399 -2.755906 128.740158 -201.574799 -3.543307 132.677170 -201.574799 -1.968504 132.677170 -201.574799 3.543307 130.314957 -195.275589 -1.968504 132.677170 -196.456696 -1.968504 132.677170 -196.456696 -3.543307 132.677170 -195.275589 -3.543307 132.677170 -196.456696 -1.968504 131.102356 -196.456696 -3.543307 131.102356 -196.062988 -2.755906 128.740158 -195.275589 -1.968504 131.102356 -183.464569 -1.968504 122.834648 -180.314957 -1.968504 122.834648 -180.314957 1.968504 122.834648 -183.464569 1.968504 122.834648 -192.913391 -1.968504 122.834648 -189.763779 -1.968504 122.834648 -189.763779 1.968504 122.834648 -192.913391 1.968504 122.834648 -188.582672 -6.299212 122.834648 -184.645676 -6.299212 122.834648 -184.645676 6.299212 122.834648 -188.582672 6.299212 122.834648 -189.763779 -1.968504 124.409447 -189.763779 1.968504 124.409447 -184.645676 -6.299212 125.984253 -184.645676 -1.968504 124.409447 -184.645676 1.968504 124.409447 -184.645676 1.968504 125.984253 -184.645676 6.299212 125.984253 -184.645676 -1.968504 125.984253 -188.582672 6.299212 125.984253 -188.582672 1.968504 125.984253 -188.582672 1.968504 124.409447 -188.582672 -1.968504 125.984253 -188.582672 -6.299212 125.984253 -188.582672 -1.968504 124.409447 -183.464569 1.968504 124.409447 -183.464569 -1.968504 124.409447 -192.913391 -6.299212 121.259842 -192.083694 -5.469526 120.381584 -181.144653 -5.469526 120.381584 -180.314957 -6.299212 121.259842 -191.543381 -4.929207 119.300941 -181.684967 -4.929207 119.300941 -180.314957 6.299212 121.259842 -181.144653 5.469526 120.381584 -181.684967 4.929207 119.300941 -181.889771 -4.724410 118.110237 -181.889771 4.724410 118.110237 -191.338577 4.724410 118.110237 -191.543381 4.929207 119.300941 -192.083694 5.469526 120.381584 -192.913391 6.299212 121.259842 -192.913391 -6.299212 125.984253 -192.913391 -1.968504 125.984253 -191.338577 -4.724410 118.110237 -192.913391 1.968504 125.984253 -180.314957 -1.968504 125.984253 -180.314957 1.968504 125.984253 -180.314957 6.299212 125.984253 -192.913391 6.299212 125.984253 -192.083694 4.724410 120.381584 -191.543381 4.724410 119.300941 -192.913391 4.724410 121.259842 -180.314957 -6.299212 125.984253 -183.464569 12.992126 132.677170 -184.645676 12.992126 132.677170 -184.645676 7.480315 132.677170 -183.464569 7.480315 132.677170 -189.348938 7.895158 129.875824 -189.348938 12.577283 129.875824 -189.078781 12.307123 129.335510 -189.078781 8.165318 129.335510 -183.464569 8.267716 130.314957 -183.464569 12.992126 130.314957 -183.464569 7.480315 130.314957 -188.976379 12.204724 128.740158 -188.976379 8.267716 128.740158 -189.763779 7.480315 130.314957 -189.763779 12.992126 130.314957 -188.582672 12.992126 132.677170 -189.763779 12.992126 132.677170 -189.763779 7.480315 132.677170 -188.582672 7.480315 132.677170 -188.582672 7.480315 131.102356 -184.645676 7.480315 131.102356 -184.645676 12.992126 131.102356 -188.582672 12.992126 131.102356 -184.149567 12.307123 129.335510 -184.251968 12.204724 128.740158 -183.879410 12.577283 129.875824 -183.879410 8.267716 129.875824 -184.149567 8.267716 129.335510 -184.149567 8.165318 129.335510 -183.879410 7.895158 129.875824 -184.251968 8.267716 128.740158 -184.645676 1.968504 131.102356 -184.645676 1.968504 122.834648 -188.582672 1.968504 122.834648 -190.551178 -1.968504 122.834648 -194.488190 -1.968504 122.834648 -194.488190 1.968504 122.834648 -190.551178 1.968504 122.834648 -195.275589 1.574803 131.102356 -195.275589 -1.574803 131.102356 -189.763779 -1.574803 131.102356 -189.763779 1.574803 131.102356 -189.763779 -1.968504 131.102356 -189.763779 1.968504 131.102356 -184.645676 -1.968504 131.102356 -183.464569 -1.968504 131.102356 -183.464569 -1.574803 131.102356 -183.464569 1.968504 131.102356 -183.464569 1.574803 131.102356 -177.952759 -1.574803 131.102356 -177.952759 1.574803 131.102356 -200.787399 -1.968504 128.740158 -200.787399 1.968504 128.740158 -200.787399 1.968504 126.377953 -200.787399 -1.968504 126.377953 -177.165359 -1.574803 128.740158 -177.165359 1.574803 128.740158 -177.267746 1.574803 129.335510 -177.267746 -1.574803 129.335510 -177.952759 -1.574803 130.314957 -177.952759 1.574803 130.314957 -173.070862 -1.968504 124.960632 -173.070862 1.968504 124.960632 -172.440948 1.968504 126.377953 -172.440948 -1.968504 126.377953 -188.976379 1.574803 128.740158 -188.976379 1.968504 128.740158 -189.134613 1.968504 128.149612 -189.134613 1.574803 128.149612 -177.165359 -1.968504 128.740158 -172.440948 -1.968504 128.740158 -177.165359 1.968504 128.740158 -172.440948 1.968504 128.740158 -177.537918 1.574803 129.875824 -177.537918 -1.574803 129.875824 -174.330704 -1.968504 123.897636 -176.220474 -1.968504 123.188980 -176.220474 1.968504 123.188980 -174.330704 1.968504 123.897636 -178.740158 -1.968504 122.834648 -178.740158 1.968504 122.834648 -182.677170 -1.968504 122.834648 -182.677170 1.968504 122.834648 -189.566925 1.968504 127.717293 -189.566925 1.574803 127.717293 -189.348938 1.574803 129.875824 -189.348938 1.968504 129.875824 -189.078781 1.968504 129.335510 -189.078781 1.574803 129.335510 -178.346451 1.968504 127.559052 -177.755905 1.968504 127.717293 -177.323593 1.968504 128.149612 -183.661423 1.968504 127.717293 -184.093735 1.968504 128.149612 -184.251968 1.968504 128.740158 -183.070862 1.968504 127.559052 -184.149567 1.968504 129.335510 -183.879410 1.968504 129.875824 -183.464569 1.968504 130.314957 -189.763779 1.968504 130.314957 -189.763779 1.574803 130.314957 -194.881897 -1.968504 127.559052 -195.472443 -1.968504 127.717293 -195.904755 -1.968504 128.149612 -196.062988 -1.968504 128.740158 -197.007874 -1.968504 123.188980 -188.582672 -1.968504 122.834648 -189.566925 -1.968504 127.717293 -189.134613 -1.968504 128.149612 -188.976379 -1.968504 128.740158 -198.897644 -1.968504 123.897636 -190.157486 -1.968504 127.559052 -200.157486 -1.968504 124.960632 -189.078781 -1.968504 129.335510 -189.348938 -1.968504 129.875824 -189.763779 -1.968504 130.314957 -184.645676 -1.968504 122.834648 -184.251968 -1.968504 128.740158 -184.093735 -1.968504 128.149612 -183.661423 -1.968504 127.717293 -183.070862 -1.968504 127.559052 -184.149567 -1.968504 129.335510 -183.879410 -1.968504 129.875824 -183.464569 -1.968504 130.314957 -178.346451 -1.968504 127.559052 -177.755905 -1.968504 127.717293 -177.323593 -1.968504 128.149612 -184.093735 -1.574803 128.149612 -184.251968 -1.574803 128.740158 -183.661423 -1.574803 127.717293 -183.070862 -1.574803 127.559052 -178.346451 -1.574803 127.559052 -177.755905 -1.574803 127.717293 -177.323593 -1.574803 128.149612 -184.149567 -1.574803 129.335510 -183.879410 -1.574803 129.875824 -183.464569 -1.574803 130.314957 -189.134613 -1.574803 128.149612 -189.566925 -1.574803 127.717293 -190.157486 -1.574803 127.559052 -195.472443 -1.574803 127.717293 -194.881897 -1.574803 127.559052 -195.904755 -1.574803 128.149612 -196.062988 -1.574803 128.740158 -188.976379 -1.574803 128.740158 -195.960587 -1.574803 129.335510 -189.078781 -1.574803 129.335510 -195.690430 -1.574803 129.875824 -189.348938 -1.574803 129.875824 -195.275589 -1.574803 130.314957 -189.763779 -1.574803 130.314957 -195.904755 1.574803 128.149612 -195.904755 1.968504 128.149612 -196.062988 1.968504 128.740158 -196.062988 1.574803 128.740158 -195.472443 1.574803 127.717293 -195.472443 1.968504 127.717293 -194.881897 1.968504 127.559052 -194.881897 1.574803 127.559052 -190.157486 1.574803 127.559052 -195.960587 1.574803 129.335510 -195.690430 1.574803 129.875824 -195.275589 1.574803 130.314957 -190.157486 1.968504 127.559052 -200.157486 1.968504 124.960632 -177.755905 1.574803 127.717293 -177.323593 1.574803 128.149612 -198.897644 1.968504 123.897636 -197.007874 1.968504 123.188980 -178.346451 1.574803 127.559052 -183.070862 1.574803 127.559052 -183.661423 1.574803 127.717293 -184.093735 1.574803 128.149612 -184.251968 1.574803 128.740158 -184.149567 1.574803 129.335510 -183.879410 1.574803 129.875824 -183.464569 1.574803 130.314957 -187.401581 7.480315 130.314957 -185.826767 7.480315 131.102356 -185.826767 7.480315 130.314957 -187.401581 7.480315 131.102356 -187.401581 1.574803 128.740158 -187.401581 1.574803 131.102356 -187.401581 8.267716 128.740158 -187.401581 7.895158 129.875824 -187.401581 8.165318 129.335510 -185.826767 8.267716 128.740158 -185.826767 1.574803 131.102356 -185.826767 1.574803 128.740158 -185.826767 7.895158 129.875824 -185.826767 8.165318 129.335510 -185.039368 2.126742 128.149612 -185.039368 1.968504 128.740158 -184.645676 1.968504 128.740158 -184.645676 2.126742 128.149612 -185.039368 7.086614 127.559052 -184.645676 7.086614 127.559052 -184.645676 7.677166 127.717293 -185.039368 7.677166 127.717293 -185.039368 2.559055 127.717293 -184.645676 2.559055 127.717293 -184.645676 3.149606 127.559052 -185.039368 3.149606 127.559052 -185.039368 8.267716 128.740158 -185.039368 8.109479 128.149612 -184.645676 8.109479 128.149612 -184.645676 8.267716 128.740158 -188.582672 -1.574803 128.740158 -188.582672 -1.968504 128.740158 -188.188980 -1.968504 128.740158 -184.645676 -1.574803 128.740158 -188.582672 -8.267716 128.740158 -188.582672 -12.204724 128.740158 -185.039368 -8.267716 128.740158 -188.188980 -8.267716 128.740158 -185.039368 -1.968504 128.740158 -184.645676 -1.968504 128.740158 -184.645676 -12.204724 128.740158 -184.645676 -8.267716 128.740158 -184.645676 12.204724 126.377953 -188.582672 12.204724 126.377953 -188.582672 12.204724 128.740158 -184.645676 12.204724 128.740158 -188.582672 7.086614 127.559052 -188.582672 7.677166 127.717293 -188.582672 8.109479 128.149612 -188.582672 8.267716 128.740158 -188.582672 8.897637 123.188980 -188.582672 6.692914 122.834648 -188.582672 -6.692914 122.834648 -188.582672 -8.897637 123.188980 -188.582672 10.551181 123.897636 -188.582672 -10.551181 123.897636 -188.582672 11.653543 124.960632 -188.582672 1.574803 124.803146 -188.582672 2.559055 127.717293 -188.582672 2.126742 128.149612 -188.582672 1.574803 128.740158 -188.582672 3.149606 127.559052 -188.582672 1.968504 128.740158 -188.582672 -11.653543 124.960632 -188.582672 -1.574803 124.803146 -188.582672 -2.559055 127.717293 -188.582672 -2.126742 128.149612 -188.582672 -3.149606 127.559052 -188.582672 -12.204724 126.377953 -188.582672 -7.086614 127.559052 -188.582672 -7.677166 127.717293 -188.582672 -8.109479 128.149612 -184.645676 -12.204724 126.377953 -184.645676 6.692914 122.834648 -184.645676 -6.692914 122.834648 -188.188980 -8.109479 128.149612 -188.188980 1.968504 128.740158 -188.188980 2.126742 128.149612 -184.645676 -1.574803 124.803146 -184.645676 1.574803 124.803146 -185.039368 -2.559055 127.717293 -185.039368 -3.149606 127.559052 -184.645676 -3.149606 127.559052 -184.645676 -2.559055 127.717293 -188.188980 -7.677166 127.717293 -188.188980 -2.559055 127.717293 -188.188980 -3.149606 127.559052 -188.188980 -7.086614 127.559052 -188.188980 -2.126742 128.149612 -184.645676 11.653543 124.960632 -184.645676 -7.677166 127.717293 -185.039368 -7.677166 127.717293 -185.039368 -8.109479 128.149612 -184.645676 -8.109479 128.149612 -185.039368 -7.086614 127.559052 -184.645676 -7.086614 127.559052 -184.645676 8.897637 123.188980 -188.188980 2.559055 127.717293 -184.645676 1.574803 128.740158 -184.645676 10.551181 123.897636 -184.645676 -2.126742 128.149612 -185.039368 -2.126742 128.149612 -188.188980 7.086614 127.559052 -188.188980 7.677166 127.717293 -188.188980 8.109479 128.149612 -188.188980 3.149606 127.559052 -188.188980 8.267716 128.740158 -184.645676 -10.551181 123.897636 -184.645676 -11.653543 124.960632 -184.645676 -8.897637 123.188980 -187.401581 -7.480315 130.314957 -185.826767 -7.480315 130.314957 -185.826767 -7.480315 131.102356 -187.401581 -7.480315 131.102356 -187.401581 -1.574803 131.102356 -187.401581 -1.574803 128.740158 -187.401581 -8.267716 128.740158 -187.401581 -7.895158 129.875824 -187.401581 -8.165318 129.335510 -185.826767 -8.267716 128.740158 -185.826767 -1.574803 128.740158 -185.826767 -1.574803 131.102356 -185.826767 -7.895158 129.875824 -185.826767 -8.165318 129.335510 -177.952759 -3.543307 132.677170 -171.653549 -3.543307 132.677170 -171.653549 -1.968504 132.677170 -172.834641 -1.968504 132.677170 -177.952759 -1.968504 132.677170 -172.834641 -1.968504 131.889771 -176.771652 -1.968504 131.889771 -176.771652 -1.968504 131.102356 -177.952759 -1.968504 131.102356 -172.244095 -1.968504 131.102356 -171.653549 -1.968504 131.102356 -171.653549 1.968504 131.102356 -172.244095 1.968504 131.102356 -171.653549 3.543307 130.314957 -172.068390 3.128464 129.875824 -177.537918 3.128464 129.875824 -177.952759 3.543307 130.314957 -172.338547 2.858305 129.335510 -177.267746 2.858305 129.335510 -177.267746 -2.858305 129.335510 -177.537918 -3.128464 129.875824 -177.537918 2.755906 129.875824 -177.267746 2.755906 129.335510 -177.165359 -2.755906 128.740158 -172.440948 -2.755906 128.740158 -172.338547 -2.858305 129.335510 -172.068390 -3.128464 129.875824 -177.952759 -3.543307 130.314957 -177.952759 2.755906 130.314957 -172.440948 2.755906 128.740158 -171.653549 3.543307 132.677170 -171.653549 1.968504 132.677170 -171.653549 -3.543307 130.314957 -177.952759 1.968504 132.677170 -176.771652 1.968504 132.677170 -176.771652 3.543307 132.677170 -177.952759 3.543307 132.677170 -177.165359 2.755906 128.740158 -176.771652 1.968504 131.102356 -177.952759 1.968504 131.102356 -172.244095 -1.968504 131.889771 -172.244095 1.968504 131.889771 -176.771652 1.968504 131.889771 -184.645676 49.446182 154.976257 -188.582672 49.446182 153.543304 -188.582672 -27.706594 153.543304 -184.645676 -27.706594 154.976257 -188.582672 -27.706594 147.637802 -184.645676 -27.706594 147.637802 -188.582672 49.446182 147.637802 -184.645676 49.446182 147.637802 -183.464569 18.897638 140.944885 -184.645676 18.897638 140.944885 -184.645676 13.385827 140.944885 -183.464569 13.385827 140.944885 -189.348938 13.800670 138.143539 -189.348938 18.482794 138.143539 -189.078781 18.212635 137.603226 -189.078781 14.070829 137.603226 -183.464569 14.173228 138.582672 -183.464569 18.897638 138.582672 -183.464569 13.385827 138.582672 -188.976379 18.110237 137.007874 -188.976379 14.173228 137.007874 -189.763779 13.385827 138.582672 -189.763779 18.897638 138.582672 -188.582672 18.897638 140.944885 -189.763779 18.897638 140.944885 -189.763779 13.385827 140.944885 -188.582672 13.385827 140.944885 -188.582672 13.385827 139.370071 -184.645676 13.385827 139.370071 -184.645676 18.897638 139.370071 -188.582672 18.897638 139.370071 -184.149567 18.212635 137.603226 -184.251968 18.110237 137.007874 -183.879410 18.482794 138.143539 -183.879410 14.173228 138.143539 -184.149567 14.173228 137.603226 -184.149567 14.070829 137.603226 -183.879410 13.800670 138.143539 -184.251968 14.173228 137.007874 -196.456696 49.446182 151.181107 -200.393707 49.446182 151.181107 -200.393707 -24.894728 151.181107 -196.456696 -24.894728 151.181107 -196.850388 -0.590551 145.275589 -197.244095 -0.590551 145.275589 -197.244095 0.639764 145.275589 -196.850388 0.590551 145.275589 -196.850388 1.968504 145.275589 -196.850388 -1.968504 145.275589 -196.850388 1.968504 139.370071 -196.850388 0.590551 139.370071 -197.244095 0.639764 139.370071 -196.850388 -0.590551 139.370071 -197.244095 -0.590551 139.370071 -196.850388 -1.968504 139.370071 -200.393707 -24.894728 139.370071 -196.456696 -24.894728 139.370071 -196.456696 49.446182 139.370071 -200.393707 49.446182 139.370071 -188.582672 49.446182 145.275589 -188.582672 -27.706594 145.275589 -187.401581 -27.706594 145.275589 -187.401581 49.446182 145.275589 -187.401581 -27.706594 147.637802 -187.401581 49.446182 147.637802 -185.826767 -27.706594 145.275589 -185.826767 49.446182 145.275589 -185.826767 49.446182 147.637802 -185.826767 -27.706594 147.637802 -188.582672 -27.706594 139.370071 -184.645676 -27.706594 139.370071 -184.645676 -27.706594 145.275589 -188.582672 49.446182 139.370071 -184.645676 49.446182 139.370071 -184.645676 49.446182 145.275589 -196.456696 -3.543307 139.370071 -196.456696 -3.543307 140.944885 -196.456696 -1.968504 140.157486 -196.456696 3.543307 139.370071 -196.456696 1.968504 140.157486 -196.456696 1.968504 140.944885 -196.456696 3.543307 140.944885 -196.456696 -1.968504 140.944885 -195.275589 -3.543307 140.944885 -195.275589 -1.968504 140.944885 -195.866135 -1.968504 139.370071 -195.275589 -1.968504 139.370071 -195.866135 1.968504 139.370071 -195.275589 3.543307 138.582672 -195.690430 3.128464 138.143539 -201.159958 3.128464 138.143539 -201.574799 3.543307 138.582672 -195.960587 2.858305 137.603226 -200.889801 2.858304 137.603226 -200.889801 -2.858305 137.603226 -201.159958 -3.128464 138.143539 -201.159958 2.755905 138.143539 -200.889801 2.755905 137.603226 -200.787399 -2.755906 137.007874 -196.062988 -2.755905 137.007874 -195.960587 -2.858304 137.603226 -195.690430 -3.128464 138.143539 -201.574799 -3.543307 138.582672 -201.574799 2.755905 138.582672 -196.062988 2.755906 137.007874 -195.275589 3.543307 140.944885 -195.275589 1.968504 140.944885 -195.275589 -3.543307 138.582672 -201.574799 -3.543307 140.944885 -200.393707 -3.543307 140.944885 -200.393707 3.543307 140.944885 -201.574799 3.543307 140.944885 -200.393707 -3.543307 139.370071 -200.393707 3.543307 139.370071 -200.787399 2.755905 137.007874 -195.866135 -1.968504 140.157486 -195.866135 1.968504 140.157486 -195.275589 14.960629 140.944885 -196.456696 14.960629 140.944885 -196.456696 9.448819 140.944885 -195.275589 9.448819 140.944885 -201.159958 9.863662 138.143539 -201.159958 14.545787 138.143539 -200.889801 14.275627 137.603226 -200.889801 10.133821 137.603226 -195.275589 10.236220 138.582672 -195.275589 14.960629 138.582672 -195.275589 9.448819 138.582672 -200.787399 14.173228 137.007874 -200.787399 10.236220 137.007874 -201.574799 9.448819 138.582672 -201.574799 14.960629 138.582672 -200.393707 14.960629 140.944885 -201.574799 14.960629 140.944885 -201.574799 9.448819 140.944885 -200.393707 9.448819 140.944885 -200.393707 9.448819 139.370071 -196.456696 9.448819 139.370071 -196.456696 14.960629 139.370071 -200.393707 14.960629 139.370071 -195.960587 14.275627 137.603226 -196.062988 14.173228 137.007874 -195.690430 14.545787 138.143539 -195.690430 10.236220 138.143539 -195.960587 10.236220 137.603226 -195.960587 10.133821 137.603226 -195.690430 9.863662 138.143539 -196.062988 10.236220 137.007874 -195.275589 -9.448819 140.944885 -196.456696 -9.448819 140.944885 -196.456696 -14.960629 140.944885 -195.275589 -14.960629 140.944885 -201.159958 -14.545787 138.143539 -201.159958 -9.863662 138.143539 -200.889801 -10.133821 137.603226 -200.889801 -14.275627 137.603226 -195.275589 -14.173228 138.582672 -195.275589 -9.448819 138.582672 -195.275589 -14.960629 138.582672 -200.787399 -10.236220 137.007874 -200.787399 -14.173228 137.007874 -201.574799 -14.960629 138.582672 -201.574799 -9.448819 138.582672 -200.393707 -9.448819 140.944885 -201.574799 -9.448819 140.944885 -201.574799 -14.960629 140.944885 -200.393707 -14.960629 140.944885 -200.393707 -14.960629 139.370071 -196.456696 -14.960629 139.370071 -196.456696 -9.448819 139.370071 -200.393707 -9.448819 139.370071 -195.960587 -10.133821 137.603226 -196.062988 -10.236220 137.007874 -195.690430 -9.863662 138.143539 -195.690430 -14.173228 138.143539 -195.960587 -14.173228 137.603226 -195.960587 -14.275627 137.603226 -195.690430 -14.545787 138.143539 -196.062988 -14.173228 137.007874 -183.464569 -13.385827 140.944885 -184.645676 -13.385827 140.944885 -184.645676 -18.897638 140.944885 -183.464569 -18.897638 140.944885 -189.348938 -18.482794 138.143539 -189.348938 -13.800670 138.143539 -189.078781 -14.070829 137.603226 -189.078781 -18.212635 137.603226 -183.464569 -18.110237 138.582672 -183.464569 -13.385827 138.582672 -183.464569 -18.897638 138.582672 -188.976379 -14.173228 137.007874 -188.976379 -18.110237 137.007874 -189.763779 -18.897638 138.582672 -189.763779 -13.385827 138.582672 -188.582672 -13.385827 140.944885 -189.763779 -13.385827 140.944885 -189.763779 -18.897638 140.944885 -188.582672 -18.897638 140.944885 -188.582672 -18.897638 139.370071 -184.645676 -18.897638 139.370071 -184.645676 -13.385827 139.370071 -188.582672 -13.385827 139.370071 -184.149567 -14.070829 137.603226 -184.251968 -14.173228 137.007874 -183.879410 -13.800670 138.143539 -183.879410 -18.110237 138.143539 -184.149567 -18.110237 137.603226 -184.149567 -18.212635 137.603226 -183.879410 -18.482794 138.143539 -184.251968 -18.110237 137.007874 -183.464569 -7.480315 132.677170 -184.645676 -7.480315 132.677170 -184.645676 -12.992126 132.677170 -183.464569 -12.992126 132.677170 -189.348938 -12.577283 129.875824 -189.348938 -7.895158 129.875824 -189.078781 -8.165318 129.335510 -189.078781 -12.307123 129.335510 -183.464569 -12.204724 130.314957 -183.464569 -7.480315 130.314957 -183.464569 -12.992126 130.314957 -188.976379 -8.267716 128.740158 -188.976379 -12.204724 128.740158 -189.763779 -12.992126 130.314957 -189.763779 -7.480315 130.314957 -188.582672 -7.480315 132.677170 -189.763779 -7.480315 132.677170 -189.763779 -12.992126 132.677170 -188.582672 -12.992126 132.677170 -188.582672 -12.992126 131.102356 -184.645676 -12.992126 131.102356 -184.645676 -7.480315 131.102356 -188.582672 -7.480315 131.102356 -184.149567 -8.165318 129.335510 -184.251968 -8.267716 128.740158 -183.879410 -7.895158 129.875824 -183.879410 -12.204724 129.875824 -184.149567 -12.204724 129.335510 -184.149567 -12.307123 129.335510 -183.879410 -12.577283 129.875824 -184.251968 -12.204724 128.740158 -187.401581 13.385827 138.582672 -185.826767 13.385827 139.370071 -185.826767 13.385827 138.582672 -187.401581 13.385827 139.370071 -187.401581 1.574803 137.007874 -187.401581 1.574803 139.370071 -187.401581 14.173228 137.007874 -187.401581 13.800670 138.143539 -187.401581 14.070829 137.603226 -185.826767 14.173228 137.007874 -185.826767 1.574803 139.370071 -185.826767 1.574803 137.007874 -185.826767 13.800670 138.143539 -185.826767 14.070829 137.603226 -187.401581 -13.385827 138.582672 -185.826767 -13.385827 138.582672 -185.826767 -13.385827 139.370071 -187.401581 -13.385827 139.370071 -187.401581 -1.574803 139.370071 -187.401581 -1.574803 137.007874 -187.401581 -14.173228 137.007874 -187.401581 -13.800670 138.143539 -187.401581 -14.070829 137.603226 -185.826767 -14.173228 137.007874 -185.826767 -1.574803 137.007874 -185.826767 -1.574803 139.370071 -185.826767 -13.800670 138.143539 -185.826767 -14.070829 137.603226 -188.188980 14.173228 137.007874 -188.582672 14.173228 137.007874 -188.582672 14.014991 136.417328 -188.188980 14.014991 136.417328 -188.582672 13.582677 135.985016 -188.188980 13.582677 135.985016 -188.582672 3.149606 135.826767 -188.188980 3.149606 135.826767 -188.188980 12.992126 135.826767 -188.582672 12.992126 135.826767 -188.582672 -1.574803 137.007874 -188.582672 -1.968504 137.007874 -188.188980 -1.968504 137.007874 -184.645676 -1.574803 137.007874 -188.582672 -14.173228 137.007874 -188.582672 -18.110237 137.007874 -185.039368 -14.173228 137.007874 -188.188980 -14.173228 137.007874 -185.039368 -1.968504 137.007874 -184.645676 -1.968504 137.007874 -184.645676 -18.110237 137.007874 -184.645676 -14.173228 137.007874 -188.582672 18.110237 137.007874 -188.582672 18.110237 134.645676 -188.582672 15.275591 131.456696 -188.582672 13.385827 131.102356 -188.582672 -13.385827 131.102356 -188.582672 -15.275591 131.456696 -188.582672 16.692913 132.165359 -188.582672 -16.692913 132.165359 -188.582672 17.637794 133.228348 -188.582672 1.574803 133.070862 -188.582672 2.559055 135.985016 -188.582672 2.126742 136.417328 -188.582672 1.574803 137.007874 -188.582672 1.968504 137.007874 -188.582672 -17.637794 133.228348 -188.582672 -1.574803 133.070862 -188.582672 -3.149606 135.826767 -188.582672 -2.559055 135.985016 -188.582672 -2.126742 136.417328 -188.582672 -18.110237 134.645676 -188.582672 -12.992126 135.826767 -188.582672 -13.582677 135.985016 -188.582672 -14.014991 136.417328 -184.645676 -13.385827 131.102356 -184.645676 -15.275591 131.456696 -184.645676 -1.574803 133.070862 -184.645676 1.574803 133.070862 -184.645676 -18.110237 134.645676 -184.645676 -12.992126 135.826767 -184.645676 -13.582677 135.985016 -184.645676 -14.014991 136.417328 -184.645676 13.385827 131.102356 -184.645676 15.275591 131.456696 -184.645676 -16.692913 132.165359 -184.645676 16.692913 132.165359 -184.645676 -17.637794 133.228348 -184.645676 -3.149606 135.826767 -184.645676 -2.559055 135.985016 -184.645676 -2.126742 136.417328 -184.645676 17.637794 133.228348 -184.645676 3.149606 135.826767 -184.645676 2.559055 135.985016 -184.645676 2.126742 136.417328 -184.645676 1.574803 137.007874 -184.645676 18.110237 134.645676 -184.645676 1.968504 137.007874 -184.645676 18.110237 137.007874 -184.645676 12.992126 135.826767 -184.645676 13.582677 135.985016 -184.645676 14.014991 136.417328 -184.645676 14.173228 137.007874 -185.039368 1.968504 137.007874 -188.188980 1.968504 137.007874 -185.039368 14.173228 137.007874 -188.188980 -3.149606 135.826767 -188.188980 -2.559055 135.985016 -188.188980 -2.126742 136.417328 -185.039368 -13.582677 135.985016 -185.039368 -12.992126 135.826767 -185.039368 -3.149606 135.826767 -185.039368 -2.559055 135.985016 -185.039368 -14.014991 136.417328 -185.039368 -2.126742 136.417328 -188.188980 -12.992126 135.826767 -185.039368 14.014991 136.417328 -185.039368 13.582677 135.985016 -185.039368 2.559055 135.985016 -185.039368 3.149606 135.826767 -185.039368 12.992126 135.826767 -185.039368 2.126742 136.417328 -188.188980 2.126742 136.417328 -188.188980 2.559055 135.985016 -188.188980 -13.582677 135.985016 -188.188980 -14.014991 136.417328 -200.393707 -14.173228 137.007874 -196.456696 -14.173228 137.007874 -196.456696 -10.236220 137.007874 -200.393707 -10.236220 137.007874 -198.425201 -9.645669 137.007874 -200.393707 2.126742 136.417328 -198.425201 2.559055 137.007874 -198.425201 2.638174 136.712601 -198.425201 3.224705 136.397202 -196.456696 3.149606 135.826767 -196.456696 9.055119 135.826767 -198.425201 8.980020 136.397202 -200.393707 10.236220 137.007874 -200.393707 10.077983 136.417328 -198.425201 9.566550 136.712601 -198.425201 9.645669 137.007874 -200.393707 -9.645669 135.985016 -200.393707 -10.077983 136.417328 -198.425201 -9.566550 136.712601 -198.425201 -9.350393 136.496445 -198.425201 2.854331 136.496445 -196.456696 2.559055 135.985016 -200.393707 9.055119 135.826767 -200.393707 3.149606 135.826767 -196.456696 -10.077983 136.417328 -198.425201 -2.638174 136.712601 -200.393707 -2.126742 136.417328 -200.393707 -2.559055 135.985016 -198.425201 -2.854331 136.496445 -196.456696 -6.299212 131.102356 -196.456696 -8.923884 131.338577 -200.393707 -8.923884 131.338577 -200.393707 -6.299212 131.102356 -198.425201 -2.559055 137.007874 -196.456696 -2.126742 136.417328 -196.456696 14.173228 134.645676 -200.393707 14.173228 134.645676 -200.393707 14.173228 137.007874 -196.456696 14.173228 137.007874 -196.456696 2.126742 136.417328 -200.393707 -9.055119 135.826767 -198.425201 -8.980020 136.397202 -200.393707 9.645669 135.985016 -198.425201 9.350393 136.496445 -196.456696 8.923884 131.338577 -196.456696 6.299212 131.102356 -200.393707 6.299212 131.102356 -200.393707 8.923884 131.338577 -198.425201 -3.224705 136.397202 -196.456696 -3.149606 135.826767 -196.456696 -2.559055 135.985016 -200.393707 -3.149606 135.826767 -200.393707 2.559055 135.985016 -196.456696 10.236220 137.007874 -200.393707 13.648293 133.464569 -196.456696 13.648293 133.464569 -196.456696 11.023623 131.811020 -200.393707 11.023623 131.811020 -196.456696 12.598425 132.519684 -200.393707 12.598425 132.519684 -196.456696 9.645669 135.985016 -196.456696 10.077983 136.417328 -196.456696 -9.645669 135.985016 -196.456696 -9.055119 135.826767 -196.456696 -14.173228 134.645676 -196.456696 -11.023623 131.811020 -196.456696 -12.598425 132.519684 -196.456696 -13.648293 133.464569 -200.393707 -14.173228 134.645676 -200.393707 -13.648293 133.464569 -200.393707 -12.598425 132.519684 -200.393707 -11.023623 131.811020 -22.440945 -1.968504 204.703476 2.362205 1.968504 204.703476 -22.440945 1.968504 204.703476 2.362205 -1.968504 204.703476 27.165354 1.968504 204.703476 27.165354 -1.968504 204.703476 -22.440945 1.968504 201.553879 -22.440945 -1.968504 201.553879 -20.078741 -1.968504 200.241531 -21.653543 1.968504 200.766464 -20.078741 1.968504 200.241531 -21.653543 -1.968504 200.766464 -17.716536 1.968504 199.979065 22.440945 1.968504 199.979065 24.803150 1.968504 200.241531 26.593195 1.968504 200.838226 27.165354 1.968504 201.553879 26.593195 -1.968504 200.838226 24.803150 -1.968504 200.241531 27.165354 -1.968504 201.553879 22.440945 -1.968504 199.979065 -17.716536 -1.968504 199.979065 4.330709 -24.803150 204.703476 0.393701 -0.000000 204.703476 0.393701 -24.803150 204.703476 4.330709 -0.000000 204.703476 0.393701 24.803150 204.703476 4.330709 24.803150 204.703476 0.393701 -24.803150 201.553879 4.330709 -24.803150 201.553879 4.330709 -22.440945 200.241531 0.393701 -24.015749 200.766464 0.393701 -22.440945 200.241531 4.330709 -24.015749 200.766464 0.393701 -20.078741 199.979065 0.393701 20.078741 199.979065 0.393701 22.440945 200.241531 0.393701 24.230991 200.838226 0.393701 24.803150 201.553879 4.330709 24.230991 200.838226 4.330709 22.440945 200.241531 4.330709 24.803150 201.553879 4.330709 20.078741 199.979065 4.330709 -20.078741 199.979065 4.330709 3.393348 191.711349 0.393701 6.542954 191.711349 4.330709 6.542954 191.711349 0.393701 3.393348 191.711349 4.330709 -2.118463 192.498749 0.393701 -2.118463 191.711349 0.393701 -2.118463 192.498749 4.330709 -2.118463 191.711349 4.330709 3.393348 192.498749 0.393701 3.393348 192.498749 0.393701 -2.512164 196.435760 2.362205 -2.216888 197.105438 0.393701 -1.921612 196.593994 2.362205 -2.587262 197.006195 2.362205 -2.000731 197.321594 0.393701 -1.489299 197.026321 4.330709 -7.630274 197.616867 2.362205 -6.960604 197.321594 2.362205 -7.039722 197.616867 4.330709 -7.472036 197.026321 4.330709 -2.512164 196.435760 4.330709 -1.921612 196.593994 4.330709 -1.489299 197.026321 4.330709 -7.039722 196.593994 2.362205 -6.744447 197.105438 4.330709 -1.331061 197.616867 2.362205 -1.921612 197.616867 0.393701 -7.472036 197.026321 0.393701 -7.630274 197.616867 0.393701 -1.331061 197.616867 4.330709 -11.567282 197.616867 0.393701 -11.567282 197.616867 0.393701 -6.449172 196.435760 2.362205 -6.374073 197.006195 0.393701 8.746922 197.026321 2.362205 8.314608 197.616867 0.393701 8.905159 197.616867 2.362205 8.235489 197.321594 4.330709 8.905159 197.616867 4.330709 8.746922 197.026321 0.393701 8.314608 196.593994 2.362205 8.019333 197.105438 4.330709 2.605947 197.616867 2.362205 3.275617 197.321594 2.362205 3.196498 197.616867 4.330709 2.764184 197.026321 0.393701 2.764184 197.026321 0.393701 2.605947 197.616867 0.393701 -7.039722 196.593994 4.330709 -6.449172 196.435760 0.393701 -5.268069 191.711349 0.393701 -7.787754 192.065689 0.393701 -9.677518 192.774353 0.393701 9.062639 192.065689 0.393701 10.952403 192.774353 0.393701 -10.937361 193.837341 0.393701 12.212246 193.837341 0.393701 -11.567282 195.254654 0.393701 12.842167 195.254654 0.393701 3.787049 196.435760 0.393701 3.196498 196.593994 0.393701 -0.937360 197.616867 0.393701 2.212246 197.616867 0.393701 7.724057 196.435760 0.393701 12.842167 197.616867 4.330709 3.196498 196.593994 2.362205 3.491773 197.105438 4.330709 -11.567282 195.254654 4.330709 -0.937360 197.616867 4.330709 -5.268069 191.711349 4.330709 12.842167 197.616867 4.330709 12.842167 195.254654 4.330709 12.212246 193.837341 4.330709 9.062639 192.065689 4.330709 10.952403 192.774353 4.330709 -7.787754 192.065689 4.330709 -9.677518 192.774353 4.330709 -10.937361 193.837341 4.330709 7.724057 196.435760 4.330709 8.314608 196.593994 4.330709 3.787049 196.435760 4.330709 2.212246 197.616867 2.362205 7.648959 197.006195 2.362205 3.862147 197.006195 5.521393 -12.354683 201.553879 4.340291 -6.842872 201.553879 4.340291 -12.354683 201.553879 5.521393 -6.842872 201.553879 -0.362977 -7.257715 198.752533 -0.092817 -11.669681 198.212219 -0.362977 -11.939840 198.752533 -0.092817 -7.527875 198.212219 5.521393 -7.630274 199.191666 5.521393 -12.354683 199.191666 5.521393 -6.842872 199.191666 0.009582 -11.567282 197.616867 0.009582 -7.630274 197.616867 -0.777820 -6.842872 199.191666 -0.777820 -12.354683 199.191666 0.403283 -12.354683 201.553879 -0.777820 -6.842872 201.553879 -0.777820 -12.354683 201.553879 0.403283 -6.842872 201.553879 0.403283 -6.842872 199.979065 4.340291 -6.842872 199.979065 4.340291 -12.354683 199.979065 0.403283 -12.354683 199.979065 4.836390 -11.669681 198.212219 4.733991 -11.567282 197.616867 5.106550 -7.630274 198.752533 5.106550 -11.939840 198.752533 4.836390 -7.630274 198.212219 4.836390 -7.527875 198.212219 5.106550 -7.257715 198.752533 4.733991 -7.630274 197.616867 5.511811 8.117758 201.553879 4.330709 13.629569 201.553879 4.330709 8.117758 201.553879 5.511811 13.629569 201.553879 -0.372558 13.214725 198.752533 -0.102399 8.802760 198.212219 -0.372558 8.532600 198.752533 -0.102399 12.944566 198.212219 5.511811 12.842167 199.191666 5.511811 8.117758 199.191666 5.511811 13.629569 199.191666 0.000000 8.905159 197.616867 0.000000 12.842167 197.616867 -0.787402 13.629569 199.191666 -0.787402 8.117758 199.191666 0.393701 8.117758 201.553879 -0.787402 13.629569 201.553879 -0.787402 8.117758 201.553879 0.393701 13.629569 201.553879 0.393701 13.629569 199.979065 4.330709 13.629569 199.979065 4.330709 8.117758 199.979065 0.393701 8.117758 199.979065 4.826808 8.802760 198.212219 4.724410 8.905159 197.616867 5.096968 12.842167 198.752533 5.096968 8.532600 198.752533 4.826808 12.842167 198.212219 4.826808 12.944566 198.212219 5.096968 13.214725 198.752533 4.724410 12.842167 197.616867 5.314960 -1.375458 196.588333 4.882647 -0.981758 197.020645 4.882647 -1.375458 197.020645 5.314960 -0.981758 196.588333 -6.714056 2.167849 198.746872 -6.984215 -0.981758 198.206543 -6.714056 -0.981758 198.746872 -6.984215 2.167849 198.206543 -12.183582 3.721509 198.746872 -6.984215 3.451350 198.206543 -11.913423 3.451350 198.206543 -6.714056 3.721509 198.746872 -6.299212 2.561549 201.548203 -12.598425 4.136353 201.548203 -12.598425 2.561549 201.548203 -6.299212 4.136353 201.548203 16.637833 -2.265259 198.206543 16.907991 3.348951 198.746872 16.907991 -2.535419 198.746872 16.637833 3.348951 198.206543 16.637833 3.451350 198.206543 16.907991 3.721509 198.746872 11.023623 -1.375458 199.973404 11.023623 2.167849 199.973404 11.023623 -0.981758 199.973404 17.322834 -1.375458 199.973404 17.322834 2.561549 199.973404 11.023623 2.561549 199.973404 -12.598425 4.136353 199.186005 -12.183582 -2.535419 198.746872 -12.598425 -2.950262 199.186005 -6.299212 -2.950262 201.548203 -6.299212 -2.950262 199.186005 -12.598425 -2.950262 201.548203 -7.086614 3.348951 197.611191 -11.811024 2.561549 197.611191 -11.811024 3.348951 197.611191 -7.086614 2.561549 197.611191 -6.299212 4.136353 199.186005 -11.913423 -2.265259 198.206543 -6.714056 -2.535419 198.746872 11.811024 -2.162860 197.611191 16.535433 -2.162860 197.611191 11.708625 -2.265259 198.206543 -12.598425 -1.375458 201.548203 -6.299212 -1.375458 199.973404 -12.598425 -1.375458 199.973404 -6.299212 -1.375458 201.548203 11.708625 2.167849 198.206543 11.811024 2.561549 197.611191 11.811024 2.167849 197.611191 11.708625 3.451350 198.206543 11.811024 3.348951 197.611191 11.438465 -2.535419 198.746872 16.535433 -1.375458 197.611191 11.811024 -1.375458 197.611191 17.322834 2.561549 201.548203 11.023623 2.561549 201.548203 16.535433 2.561549 197.611191 16.535433 3.348951 197.611191 11.438465 3.721509 198.746872 11.438465 2.167849 198.746872 -12.598425 2.561549 199.973404 -6.299212 2.561549 199.973404 10.236220 2.561549 191.705688 6.299212 -1.375458 191.705688 6.299212 2.561549 191.705688 10.236220 -1.375458 191.705688 -7.086614 -2.162860 197.611191 -6.984215 -2.265259 198.206543 -7.086614 -1.375458 197.611191 -7.086614 -0.981758 197.611191 -7.086614 2.167849 197.611191 16.535433 -1.375458 195.248993 16.535433 2.561549 195.248993 -6.299212 -0.981758 199.973404 -6.299212 2.167849 199.186005 -6.299212 -0.981758 199.186005 -6.299212 2.167849 199.973404 -9.921260 2.561549 192.768677 -8.031496 -1.375458 192.060013 -9.921260 -1.375458 192.768677 -8.031496 2.561549 192.060013 -11.811024 -1.375458 195.248993 -11.181103 2.561549 193.831665 -11.181103 -1.375458 193.831665 -11.811024 2.561549 195.248993 -0.787402 -0.981758 199.973404 -0.787402 2.167849 199.973404 0.393701 -1.375458 199.973404 -0.787402 -1.375458 199.973404 -0.787402 2.561549 199.973404 0.393701 2.561549 199.973404 4.330709 -1.375458 199.973404 4.330709 2.561549 199.973404 5.511811 -1.375458 199.973404 5.511811 -0.981758 199.973404 5.511811 2.561549 199.973404 5.511811 2.167849 199.973404 4.724410 -0.981758 197.611191 4.724410 -1.375458 197.611191 -11.811024 -1.375458 197.611191 -5.511811 -1.375458 191.705688 -5.511811 2.561549 191.705688 -1.574803 -1.375458 191.705688 -1.574803 2.561549 191.705688 -0.372558 2.561549 198.746872 -0.102399 2.167849 198.206543 -0.372558 2.167849 198.746872 -0.102399 2.561549 198.206543 4.724410 2.561549 197.611191 4.826808 2.167849 198.206543 4.724410 2.167849 197.611191 4.826808 2.561549 198.206543 4.882647 2.167849 197.020645 4.882647 2.561549 197.020645 5.905512 -0.981758 196.430099 5.905512 -1.375458 196.430099 -0.787402 2.561549 199.186005 -0.787402 2.167849 199.186005 10.629921 -1.375458 196.430099 11.220472 -0.981758 196.588333 10.629921 -0.981758 196.430099 11.220472 -1.375458 196.588333 0.393701 -1.375458 191.705688 -0.000000 -1.375458 197.611191 -0.158238 -1.375458 197.020645 -0.590551 -1.375458 196.588333 -1.181102 -1.375458 196.430099 -0.102399 -1.375458 198.206543 -0.372558 -1.375458 198.746872 -0.787402 -1.375458 199.186005 -5.905512 -1.375458 196.430099 -6.496063 -1.375458 196.588333 -6.928377 -1.375458 197.020645 -0.158238 2.561549 197.020645 -0.590551 2.167849 196.588333 -0.158238 2.167849 197.020645 -0.590551 2.561549 196.588333 15.905512 2.561549 193.831665 15.905512 -1.375458 193.831665 4.826808 -1.375458 198.206543 4.826808 -0.981758 198.206543 5.511811 -0.981758 199.186005 5.511811 -1.375458 199.186005 -5.905512 2.561549 196.430099 -6.496063 2.561549 196.588333 -6.928377 2.561549 197.020645 0.393701 2.561549 191.705688 -0.000000 2.561549 197.611191 -1.181102 2.561549 196.430099 12.755905 -1.375458 192.060013 12.755905 2.561549 192.060013 17.322834 -2.950262 201.548203 11.023623 -1.375458 201.548203 11.023623 -2.950262 201.548203 17.322834 -1.375458 201.548203 -0.590551 -0.981758 196.588333 -5.905512 -0.981758 196.430099 -1.181102 -0.981758 196.430099 -6.496063 -0.981758 196.588333 -0.158238 -0.981758 197.020645 -6.928377 -0.981758 197.020645 -0.000000 -0.981758 197.611191 -0.102399 -0.981758 198.206543 -0.372558 -0.981758 198.746872 -0.787402 -0.981758 199.186005 11.708625 -0.981758 198.206543 11.438465 -0.981758 198.746872 11.023623 2.167849 199.186005 11.023623 -0.981758 199.186005 -5.905512 2.167849 196.430099 -6.496063 2.167849 196.588333 11.023623 4.136353 199.186005 10.629921 2.167849 196.430099 11.220472 2.561549 196.588333 10.629921 2.561549 196.430099 11.220472 2.167849 196.588333 5.905512 2.167849 196.430099 5.905512 2.561549 196.430099 14.645669 2.561549 192.768677 14.645669 -1.375458 192.768677 17.322834 4.136353 199.186005 17.322834 -2.950262 199.186005 17.322834 3.348951 199.186005 17.322834 4.136353 201.548203 11.652786 -1.375458 197.020645 4.330709 -1.375458 191.705688 5.096968 -1.375458 198.746872 -11.811024 -2.162860 197.611191 -1.181102 2.167849 196.430099 11.023623 -2.950262 199.186005 11.811024 -0.981758 197.611191 -6.928377 2.167849 197.020645 4.330709 2.561549 191.705688 5.314960 2.561549 196.588333 5.096968 2.561549 198.746872 5.511811 2.561549 199.186005 11.652786 2.561549 197.020645 5.096968 -0.981758 198.746872 5.511811 2.167849 199.186005 -6.299212 3.348951 199.186005 11.652786 -0.981758 197.020645 -0.000000 2.167849 197.611191 5.314960 2.167849 196.588333 11.652786 2.167849 197.020645 5.096968 2.167849 198.746872 11.023623 4.136353 201.548203 -6.714056 3.348951 198.746872 -6.984215 3.348951 198.206543 157.447906 -1.132039 141.787369 154.825439 -1.132039 141.086395 157.661606 -1.132039 140.527405 154.999603 -1.132039 141.291840 154.999603 -1.132039 142.482407 156.623917 -1.132039 142.671219 155.497910 -1.132039 142.848251 148.509628 -1.132039 139.362717 157.185043 -1.132039 139.362717 154.502594 -1.132039 141.086395 153.551758 -1.132039 141.823349 148.509628 -1.132039 149.682480 152.075806 -1.132039 144.138107 153.278214 -1.132039 143.046661 152.887878 -1.132039 143.777100 152.386826 -1.132039 144.138107 150.429886 -1.132039 146.844696 151.876358 -1.132039 145.667603 151.428879 -1.132039 146.371506 150.799973 -1.132039 146.844696 150.429886 -1.132039 148.355133 150.094238 -1.132039 148.987885 149.463547 -1.132039 149.489578 148.917328 -1.132039 149.682480 148.397644 0.836465 149.682480 148.397644 -1.132039 149.682480 148.917328 0.836465 149.682480 148.397644 -1.132039 139.362717 148.397644 0.836465 139.362717 149.463547 0.836465 149.489578 150.094238 0.836465 148.987885 150.429886 0.836465 148.355133 150.429886 0.836465 146.844696 150.799973 0.836465 146.844696 151.428879 0.836465 146.371506 151.876358 0.836465 145.667603 152.075806 0.836465 144.138107 152.386826 0.836465 144.138107 152.887878 0.836465 143.777100 153.278214 0.836465 143.046661 153.551758 0.836465 141.823349 154.502594 0.836465 141.086395 154.825439 0.836465 141.086395 154.999603 0.836465 141.291840 154.999603 0.836465 142.482407 155.497910 0.836465 142.848251 156.623917 0.836465 142.671219 157.447906 0.836465 141.787369 157.661606 0.836465 140.527405 157.185043 0.836465 139.362717 146.062988 2.755905 152.981293 142.125992 6.299212 152.981293 146.062988 6.299212 152.981293 142.125992 2.755905 152.981293 146.062988 -2.755906 153.768692 142.125992 -2.755906 152.981293 142.125992 -2.755906 153.768692 146.062988 -2.755906 152.981293 142.125992 2.755905 153.768692 146.062988 2.755905 153.768692 146.062988 8.923884 153.217514 146.062988 11.023622 153.689941 146.062988 12.598425 154.398605 146.062988 -6.299212 152.981293 146.062988 -8.923884 153.217514 146.062988 -11.023623 153.689941 146.062988 -12.598425 154.398605 146.062988 13.648293 155.343491 146.062988 -13.648294 155.343491 146.062988 14.173228 156.524597 146.062988 -14.173228 156.524597 146.062988 9.055119 157.705704 146.062988 14.173228 158.886795 146.062988 -3.149606 157.705704 146.062988 9.645669 157.863937 146.062988 10.077983 158.296249 146.062988 10.236220 158.886795 146.062988 1.968504 158.886795 146.062988 1.574803 158.886795 146.062988 2.126742 158.296249 146.062988 3.149606 157.705704 146.062988 -2.559055 157.863937 146.062988 2.559055 157.863937 146.062988 -2.126742 158.296249 146.062988 -1.968504 158.886795 146.062988 -1.574803 158.886795 146.062988 -9.055119 157.705704 146.062988 -14.173228 158.886795 146.062988 -9.645669 157.863937 146.062988 -10.077983 158.296249 146.062988 -10.236220 158.886795 142.125992 -1.574803 158.886795 142.125992 -1.968504 158.886795 144.094482 -2.559055 158.886795 142.125992 1.574803 158.886795 142.125992 -2.126742 158.296249 144.094482 -2.638174 158.591522 144.094482 -3.224705 158.276123 144.094482 -8.980020 158.276123 142.125992 -10.236220 158.886795 144.094482 -9.566550 158.591522 142.125992 -10.077983 158.296249 144.094482 -9.645669 158.886795 142.125992 9.645669 157.863937 144.094482 9.566550 158.591522 142.125992 10.077983 158.296249 144.094482 9.350393 158.375366 144.094482 -2.854331 158.375366 142.125992 -9.055119 157.705704 142.125992 -3.149606 157.705704 144.094482 9.645669 158.886795 144.094482 2.638174 158.591522 142.125992 2.559055 157.863937 142.125992 2.126742 158.296249 144.094482 2.854331 158.375366 142.125992 8.923884 153.217514 144.094482 2.559055 158.886795 142.125992 -14.173228 158.886795 142.125992 -14.173228 156.524597 142.125992 10.236220 158.886795 142.125992 9.055119 157.705704 144.094482 8.980020 158.276123 142.125992 -9.645669 157.863937 144.094482 -9.350393 158.375366 142.125992 -6.299212 152.981293 142.125992 -8.923884 153.217514 144.094482 3.224705 158.276123 142.125992 3.149606 157.705704 142.125992 -2.559055 157.863937 142.125992 -13.648294 155.343491 142.125992 -11.023623 153.689941 142.125992 -12.598425 154.398605 142.125992 14.173228 158.886795 142.125992 1.968504 158.886795 142.125992 14.173228 156.524597 142.125992 13.648293 155.343491 142.125992 12.598425 154.398605 142.125992 11.023622 153.689941 148.228348 49.354610 169.585480 147.961456 -24.894728 170.581543 148.228348 -24.894728 169.585480 147.961456 49.354610 170.581543 146.161423 49.354610 166.005447 144.094482 -24.894728 165.451630 144.094482 49.354610 165.451630 146.161423 -24.894728 166.005447 140.514465 49.354610 171.652405 140.227524 -24.894728 170.581543 140.514465 -24.894728 171.652405 140.227524 49.354610 170.581543 142.027557 -24.894728 166.005447 147.674515 -24.894728 167.518555 140.514465 -24.894728 167.518555 139.960632 -24.894728 169.585480 147.674515 -24.894728 171.652405 146.161423 -24.894728 173.165512 142.027557 -24.894728 173.165512 144.094482 -24.894728 173.719345 142.027557 49.354610 173.165512 142.027557 49.354610 166.005447 139.960632 49.354610 169.585480 140.514465 49.354610 167.518555 147.674515 49.354610 167.518555 147.674515 49.354610 171.652405 146.161423 49.354610 173.165512 144.094482 49.354610 173.719345 146.769196 -2.428795 150.449997 144.488190 -2.362354 150.685318 144.488190 -3.373620 150.449997 146.054123 -1.713722 150.685318 141.639038 -2.996939 149.792374 140.059052 -0.147787 148.915100 141.356323 -3.279658 148.915100 140.458878 -0.147787 149.792374 146.702759 -0.147787 150.685318 146.769196 2.133221 150.449997 146.054123 1.418148 150.685318 147.714020 -0.147787 150.449997 147.337341 -2.996939 149.792374 148.517502 -0.147787 149.792374 144.488190 3.881521 149.792374 144.488190 3.078045 150.449997 147.337341 2.701364 149.792374 142.922256 -1.713722 150.685318 142.922256 1.418148 150.685318 142.273621 -0.147787 150.685318 144.488190 2.066780 150.685318 143.670334 -2.023587 150.685318 147.620056 2.984083 139.362717 148.917328 -0.147787 147.809753 148.917328 -0.147787 139.362717 148.917328 -0.147787 148.915100 147.620056 2.984083 147.809753 147.620056 2.984083 148.915100 147.620056 -3.279658 148.915100 144.488190 4.281347 148.915100 147.620056 -3.279658 147.809753 144.488190 -4.576921 139.362717 147.620056 -3.279658 139.362717 144.488190 -4.576921 147.809753 144.488190 -4.576921 148.915100 144.488190 -4.177096 149.792374 142.887360 -3.913838 148.915100 143.028717 -3.572566 149.792374 143.312790 -2.886756 150.449997 142.207184 -2.428795 150.449997 141.262360 -0.147787 150.449997 141.356323 2.984083 148.915100 140.059052 -0.147787 139.362717 141.356323 2.984083 139.362717 141.356323 2.984083 147.809753 142.207184 2.133221 150.449997 141.639038 2.701364 149.792374 144.488190 4.281347 147.809753 144.488190 4.281347 139.362717 141.356323 -3.279658 147.809753 141.356323 -3.279658 139.362717 142.887360 -3.913838 139.362717 147.244095 9.448819 162.823807 146.062988 14.960629 162.823807 146.062988 9.448819 162.823807 147.244095 14.960629 162.823807 141.359726 14.545787 160.022476 141.629883 10.133821 159.482147 141.359726 9.863662 160.022476 141.629883 14.275627 159.482147 147.244095 14.173228 160.461609 147.244095 9.448819 160.461609 147.244095 14.960629 160.461609 141.732285 10.236220 158.886795 141.732285 14.173228 158.886795 140.944885 14.960629 160.461609 140.944885 9.448819 160.461609 142.125992 9.448819 162.823807 140.944885 14.960629 162.823807 140.944885 9.448819 162.823807 142.125992 14.960629 162.823807 142.125992 14.960629 161.249008 146.062988 14.960629 161.249008 146.062988 9.448819 161.249008 142.125992 9.448819 161.249008 146.559097 10.133821 159.482147 146.456696 10.236220 158.886795 146.829254 14.173228 160.022476 146.829254 9.863662 160.022476 146.559097 14.173228 159.482147 146.559097 14.275627 159.482147 146.829254 14.545787 160.022476 146.456696 14.173228 158.886795 147.244095 -3.149606 160.461609 142.125992 -3.149606 161.249008 140.944885 -3.149606 160.461609 146.062988 -3.149606 161.249008 146.062988 -3.149606 162.823807 147.244095 -3.149606 162.823807 142.125992 -3.149606 162.823807 140.944885 -3.149606 162.823807 147.244095 3.149606 162.823807 147.244095 2.362205 160.461609 147.244095 3.149606 160.461609 146.829254 2.362205 160.022476 146.829254 2.734763 160.022476 146.829254 -2.734763 160.022476 141.359726 2.734763 160.022476 140.944885 3.149606 160.461609 146.559097 2.362205 159.482147 146.559097 2.464604 159.482147 146.559097 -2.464604 159.482147 146.062988 3.149606 161.249008 146.062988 3.149606 162.823807 142.125992 3.149606 162.823807 140.944885 3.149606 162.823807 142.125992 3.149606 161.249008 141.629883 2.464604 159.482147 146.456696 -2.362205 158.886795 146.456696 2.362205 158.886795 141.359726 -2.734763 160.022476 141.629883 -2.464604 159.482147 141.732285 -2.362205 158.886795 141.732285 2.362205 158.886795 146.062988 -20.548393 162.829514 146.062988 20.386477 165.979080 146.062988 -20.564020 165.979080 146.062988 -19.757095 162.046036 146.062988 -18.179707 161.528915 146.062988 -15.816230 161.278168 146.062988 15.685565 161.231293 146.062988 18.046438 161.505478 146.062988 19.833502 162.111023 146.062988 20.402103 162.829514 142.125992 -20.548393 162.829514 142.125992 -19.757095 162.046036 142.125992 -15.816230 161.278168 142.125992 -18.179707 161.528915 142.125992 19.833502 162.111023 142.125992 20.402103 162.829514 142.125992 20.386477 165.979080 142.125992 15.685565 161.231293 142.125992 -20.564020 165.979080 142.125992 18.046438 161.505478 147.244095 -14.960629 162.823807 146.062988 -9.448819 162.823807 146.062988 -14.960629 162.823807 147.244095 -9.448819 162.823807 141.359726 -9.863662 160.022476 141.629883 -14.275627 159.482147 141.359726 -14.545787 160.022476 141.629883 -10.133821 159.482147 147.244095 -10.236220 160.461609 147.244095 -14.960629 160.461609 147.244095 -9.448819 160.461609 141.732285 -14.173228 158.886795 141.732285 -10.236220 158.886795 140.944885 -9.448819 160.461609 140.944885 -14.960629 160.461609 142.125992 -14.960629 162.823807 140.944885 -9.448819 162.823807 140.944885 -14.960629 162.823807 142.125992 -9.448819 162.823807 142.125992 -9.448819 161.249008 146.062988 -9.448819 161.249008 146.062988 -14.960629 161.249008 142.125992 -14.960629 161.249008 146.559097 -14.275627 159.482147 146.456696 -14.173228 158.886795 146.829254 -10.236220 160.022476 146.829254 -14.545787 160.022476 146.559097 -10.236220 159.482147 146.559097 -10.133821 159.482147 146.829254 -9.863662 160.022476 146.456696 -10.236220 158.886795 147.244095 -3.297394 152.193878 142.125992 -3.297394 152.981293 140.944885 -3.297394 152.193878 146.062988 -3.297394 152.981293 146.062988 -3.297394 154.556091 147.244095 -3.297394 154.556091 142.125992 -3.297394 154.556091 140.944885 -3.297394 154.556091 147.244095 3.001819 154.556091 147.244095 2.214417 152.193878 147.244095 3.001819 152.193878 146.829254 2.214417 151.754761 146.829254 2.586976 151.754761 146.829254 -2.882550 151.754761 141.359726 2.586976 151.754761 140.944885 3.001819 152.193878 146.559097 2.214417 151.214432 146.559097 2.316816 151.214432 146.559097 -2.612391 151.214432 146.062988 3.001819 152.981293 146.062988 3.001819 154.556091 142.125992 3.001819 154.556091 140.944885 3.001819 154.556091 142.125992 3.001819 152.981293 141.629883 2.316816 151.214432 146.456696 -2.509992 150.619080 146.456696 2.214417 150.619080 141.359726 -2.882550 151.754761 141.629883 -2.612391 151.214432 141.732285 -2.509992 150.619080 141.732285 2.214417 150.619080 131.529526 -1.134572 141.787369 131.315826 -1.134572 140.527405 134.151993 -1.134572 141.086395 133.977814 -1.134572 141.291840 133.977814 -1.134572 142.482407 132.353516 -1.134572 142.671219 133.479523 -1.134572 142.848251 131.792389 -1.134572 139.362717 140.467789 -1.134572 139.362717 134.474823 -1.134572 141.086395 135.425659 -1.134572 141.823349 140.467789 -1.134572 149.682480 136.901627 -1.134572 144.138107 135.699219 -1.134572 143.046661 136.089539 -1.134572 143.777100 136.590607 -1.134572 144.138107 138.547546 -1.134572 146.844696 137.101059 -1.134572 145.667603 137.548553 -1.134572 146.371506 138.177460 -1.134572 146.844696 138.547546 -1.134572 148.355133 138.883194 -1.134572 148.987885 139.513885 -1.134572 149.489578 140.060104 -1.134572 149.682480 140.579788 -1.134572 149.682480 140.579788 0.833932 149.682480 140.060104 0.833932 149.682480 140.579788 -1.134572 139.362717 140.579788 0.833932 139.362717 139.513885 0.833932 149.489578 138.883194 0.833932 148.987885 138.547546 0.833932 148.355133 138.547546 0.833932 146.844696 138.177460 0.833932 146.844696 137.548553 0.833932 146.371506 137.101059 0.833932 145.667603 136.901627 0.833932 144.138107 136.590607 0.833932 144.138107 136.089539 0.833932 143.777100 135.699219 0.833932 143.046661 135.425659 0.833932 141.823349 134.474823 0.833932 141.086395 134.151993 0.833932 141.086395 133.977814 0.833932 141.291840 133.977814 0.833932 142.482407 133.479523 0.833932 142.848251 132.353516 0.833932 142.671219 131.529526 0.833932 141.787369 131.315826 0.833932 140.527405 131.792389 0.833932 139.362717 6.496063 49.354610 254.606293 6.229169 -24.894728 255.602356 6.496063 -24.894728 254.606293 6.229169 49.354610 255.602356 4.429134 49.354610 251.026276 2.362205 -24.894728 250.472443 2.362205 49.354610 250.472443 4.429134 -24.894728 251.026276 -1.217822 49.354610 256.673218 -1.504759 -24.894728 255.602356 -1.217822 -24.894728 256.673218 -1.504759 49.354610 255.602356 0.295276 -24.894728 251.026276 5.942231 -24.894728 252.539368 -1.217822 -24.894728 252.539368 -1.771654 -24.894728 254.606293 5.942231 -24.894728 256.673218 4.429134 -24.894728 258.186340 0.295276 -24.894728 258.186340 2.362205 -24.894728 258.740143 0.295276 49.354610 258.186340 0.295276 49.354610 251.026276 -1.771654 49.354610 254.606293 -1.217822 49.354610 252.539368 5.942231 49.354610 252.539368 5.942231 49.354610 256.673218 4.429134 49.354610 258.186340 2.362205 49.354610 258.740143 4.330709 -1.875044 246.275497 0.393701 -1.875044 247.062897 0.393701 -1.875044 246.275497 4.330709 -1.875044 247.062897 4.330709 2.849366 247.062897 0.393701 2.849366 246.275497 0.393701 2.849366 247.062897 4.330709 2.849366 246.275497 4.330709 3.636767 246.275497 0.393701 3.636767 246.275497 -0.787402 -2.662445 245.488083 0.393701 -2.662445 246.275497 -0.787402 -2.662445 247.850296 5.511811 -2.662445 245.488083 4.330709 -2.662445 246.275497 4.330709 -2.662445 247.850296 5.511811 -2.662445 247.850296 0.393701 -2.662445 247.850296 5.511811 3.636767 247.850296 5.511811 2.849366 245.488083 5.511811 3.636767 245.488083 5.096968 2.849366 245.048965 5.096968 3.221924 245.048965 5.096968 -2.247602 245.048965 -0.372558 3.221924 245.048965 -0.787402 3.636767 245.488083 4.826808 2.849366 244.508636 4.826808 2.951765 244.508636 4.826808 -1.977442 244.508636 4.330709 3.636767 247.850296 0.393701 3.636767 247.850296 -0.787402 3.636767 247.850296 -0.102399 2.951765 244.508636 4.724410 -1.875044 243.913284 4.724410 2.849366 243.913284 -0.372558 -2.247602 245.048965 -0.102399 -1.977442 244.508636 0.000000 -1.875044 243.913284 0.000000 2.849366 243.913284 4.330709 -2.268744 230.527466 0.393701 -2.268744 229.740051 4.330709 -2.268744 229.740051 0.393701 -2.268744 230.527466 0.393701 3.243067 230.527466 4.330709 3.243067 229.740051 0.393701 3.243067 229.740051 4.330709 3.243067 230.527466 4.330709 4.030468 229.740051 0.393701 4.030468 229.740051 0.393701 -3.056146 231.314865 -0.787402 4.030468 231.314865 -0.787402 -3.056146 231.314865 0.393701 4.030468 231.314865 4.330709 -3.056146 229.740051 0.393701 -3.056146 229.740051 5.511811 -3.056146 231.314865 4.330709 4.030468 231.314865 4.330709 -3.056146 231.314865 5.511811 4.030468 231.314865 -0.787402 4.030468 228.952652 5.096968 3.615625 228.513519 -0.372558 3.615625 228.513519 5.511811 4.030468 228.952652 4.826808 3.345466 227.973206 -0.102399 3.345466 227.973206 4.826808 -2.371143 227.973206 5.096968 3.243067 228.513519 5.096968 -2.641303 228.513519 4.826808 3.243067 227.973206 0.000000 -2.268744 227.377853 4.724410 -2.268744 227.377853 -0.102399 -2.371143 227.973206 -0.372558 -2.641303 228.513519 5.511811 3.243067 228.952652 5.511811 -3.056146 228.952652 0.000000 3.243067 227.377853 -0.787402 -3.056146 228.952652 4.724410 3.243067 227.377853 5.511811 -18.410477 247.850296 4.330709 -12.898665 247.850296 4.330709 -18.410477 247.850296 5.511811 -12.898665 247.850296 -0.372558 -13.313509 245.048965 -0.102399 -17.725473 244.508636 -0.372558 -17.995634 245.048965 -0.102399 -13.583669 244.508636 5.511811 -13.686068 245.488083 5.511811 -18.410477 245.488083 5.511811 -12.898665 245.488083 0.000000 -17.623075 243.913284 0.000000 -13.686068 243.913284 -0.787402 -12.898665 245.488083 -0.787402 -18.410477 245.488083 0.393701 -18.410477 247.850296 -0.787402 -12.898665 247.850296 -0.787402 -18.410477 247.850296 0.393701 -12.898665 247.850296 0.393701 -12.898665 246.275497 4.330709 -12.898665 246.275497 4.330709 -18.410477 246.275497 0.393701 -18.410477 246.275497 4.826808 -17.725473 244.508636 4.724410 -17.623075 243.913284 5.096968 -13.686068 245.048965 5.096968 -17.995634 245.048965 4.826808 -13.686068 244.508636 4.826808 -13.583669 244.508636 5.096968 -13.313509 245.048965 4.724410 -13.686068 243.913284 4.330709 -1.875044 238.007767 0.393701 -1.875044 238.795181 0.393701 -1.875044 238.007767 4.330709 -1.875044 238.795181 4.330709 2.849366 238.795181 0.393701 2.849366 238.007767 0.393701 2.849366 238.795181 4.330709 2.849366 238.007767 4.330709 3.636767 238.007767 0.393701 3.636767 238.007767 -0.787402 -2.662445 237.220367 0.393701 -2.662445 238.007767 -0.787402 -2.662445 239.582581 5.511811 -2.662445 237.220367 4.330709 -2.662445 238.007767 4.330709 -2.662445 239.582581 5.511811 -2.662445 239.582581 0.393701 -2.662445 239.582581 5.511811 3.636767 239.582581 5.511811 2.849366 237.220367 5.511811 3.636767 237.220367 5.096968 2.849366 236.781235 5.096968 3.221924 236.781235 5.096968 -2.247602 236.781235 -0.372558 3.221924 236.781235 -0.787402 3.636767 237.220367 4.826808 2.849366 236.240921 4.826808 2.951765 236.240921 4.826808 -1.977442 236.240921 4.330709 3.636767 239.582581 0.393701 3.636767 239.582581 -0.787402 3.636767 239.582581 -0.102399 2.951765 236.240921 4.724410 -1.875044 235.645569 4.724410 2.849366 235.645569 -0.372558 -2.247602 236.781235 -0.102399 -1.977442 236.240921 0.000000 -1.875044 235.645569 0.000000 2.849366 235.645569 4.330709 -24.894728 250.999893 2.362205 24.711571 250.472443 4.330709 24.711571 250.999893 0.393701 24.711571 250.999893 0.393701 -24.894728 250.999893 0.393701 -24.894728 247.850296 4.330709 -24.894728 247.850296 4.330709 -22.532524 246.537964 0.393701 -24.107327 247.062897 0.393701 -22.532524 246.537964 4.330709 -24.107327 247.062897 0.393701 -20.170319 246.275497 0.393701 19.987162 246.275497 0.393701 22.349365 246.537964 0.393701 24.139412 247.134644 0.393701 24.711571 247.850296 4.330709 24.139412 247.134644 4.330709 22.349365 246.537964 4.330709 24.711571 247.850296 4.330709 19.987162 246.275497 4.330709 -20.170319 246.275497 0.081197 -1.793847 227.208771 0.147638 0.487161 227.444092 -0.863628 0.487161 227.208771 0.796269 -1.078774 227.444092 -0.486947 3.336313 226.551147 2.362205 4.916295 225.673874 -0.769666 3.619032 225.673874 2.362205 4.516470 226.551147 2.362205 -1.727406 227.444092 4.643213 -1.793847 227.208771 3.928140 -1.078774 227.444092 2.362205 -2.738672 227.208771 -0.486947 -2.361990 226.551147 2.362205 -3.542147 226.551147 5.588037 0.487161 227.208771 5.211356 -2.361990 226.551147 6.391513 0.487161 226.551147 0.796269 2.053097 227.444092 3.928140 2.053097 227.444092 2.362205 2.701728 227.444092 4.576772 0.487161 227.444092 0.486405 1.305018 227.444092 5.494075 -2.644709 214.390259 2.362205 -3.941973 224.568527 2.362205 -3.941973 214.390259 2.362205 -3.941973 225.673874 5.494075 -2.644709 225.673874 5.494075 -2.644709 224.568527 -0.769666 -2.644709 225.673874 6.791338 0.487161 225.673874 -0.769666 -2.644709 224.568527 -2.066929 0.487161 214.390259 -0.769666 -2.644709 214.390259 -2.066929 0.487161 224.568527 -2.066929 0.487161 225.673874 -1.667104 0.487161 226.551147 -1.403846 2.087986 225.673874 -1.062574 1.946627 226.551147 -0.376764 1.662555 227.208771 0.081197 2.768169 227.208771 2.362205 3.712994 227.208771 5.494075 3.619032 225.673874 2.362205 4.916295 214.390259 5.494075 3.619032 214.390259 5.494075 3.619032 224.568527 4.643213 2.768169 227.208771 5.211356 3.336313 226.551147 6.791338 0.487161 224.568527 6.791338 0.487161 214.390259 -0.769666 3.619032 224.568527 -0.769666 3.619032 214.390259 -1.403846 2.087986 214.390259 0.393701 6.392673 229.740051 4.330709 6.392673 229.740051 0.393701 -2.662445 234.464462 2.362205 -2.367170 235.134140 0.393701 -2.071894 234.622711 2.362205 -2.737544 235.034897 2.362205 -2.151013 235.350296 0.393701 -1.639580 235.055023 4.330709 -7.780555 235.645569 2.362205 -7.110885 235.350296 2.362205 -7.190004 235.645569 4.330709 -7.622318 235.055023 4.330709 -2.662445 234.464462 4.330709 -2.071894 234.622711 4.330709 -1.639580 235.055023 4.330709 -7.190004 234.622711 2.362205 -6.894729 235.134140 4.330709 -1.481343 235.645569 2.362205 -2.071894 235.645569 0.393701 -7.622318 235.055023 0.393701 -7.780555 235.645569 0.393701 -1.481343 235.645569 4.330709 -11.717564 235.645569 0.393701 -11.717564 235.645569 0.393701 -6.599453 234.464462 2.362205 -6.524354 235.034897 0.393701 8.596640 235.055023 2.362205 8.164327 235.645569 0.393701 8.754878 235.645569 2.362205 8.085208 235.350296 4.330709 8.754878 235.645569 4.330709 8.596640 235.055023 0.393701 8.164327 234.622711 2.362205 7.869051 235.134140 4.330709 2.455665 235.645569 2.362205 3.125335 235.350296 2.362205 3.046216 235.645569 4.330709 2.613903 235.055023 0.393701 2.613903 235.055023 0.393701 2.455665 235.645569 0.393701 -7.190004 234.622711 4.330709 -6.599453 234.464462 0.393701 -5.418351 229.740051 0.393701 -7.938035 230.094391 0.393701 -9.827800 230.803055 0.393701 8.912358 230.094391 0.393701 10.802122 230.803055 0.393701 -11.087642 231.866043 0.393701 12.061964 231.866043 0.393701 -11.717564 233.283371 0.393701 12.691886 233.283371 0.393701 3.636767 234.464462 0.393701 3.046216 234.622711 0.393701 -1.087642 235.645569 0.393701 2.061964 235.645569 0.393701 7.573775 234.464462 0.393701 12.691886 235.645569 4.330709 3.046216 234.622711 2.362205 3.341492 235.134140 4.330709 -11.717564 233.283371 4.330709 -1.087642 235.645569 4.330709 -5.418351 229.740051 4.330709 12.691886 235.645569 4.330709 12.691886 233.283371 4.330709 12.061964 231.866043 4.330709 8.912358 230.094391 4.330709 10.802122 230.803055 4.330709 -7.938035 230.094391 4.330709 -9.827800 230.803055 4.330709 -11.087642 231.866043 4.330709 7.573775 234.464462 4.330709 8.164327 234.622711 4.330709 3.636767 234.464462 4.330709 2.061964 235.645569 2.362205 7.498677 235.034897 2.362205 3.711866 235.034897 5.511811 13.872988 247.850296 4.330709 19.384798 247.850296 4.330709 13.872988 247.850296 5.511811 19.384798 247.850296 -0.372558 18.969955 245.048965 -0.102399 14.557991 244.508636 -0.372558 14.287831 245.048965 -0.102399 18.699797 244.508636 5.511811 18.597397 245.488083 5.511811 13.872988 245.488083 5.511811 19.384798 245.488083 0.000000 14.660390 243.913284 0.000000 18.597397 243.913284 -0.787402 19.384798 245.488083 -0.787402 13.872988 245.488083 0.393701 13.872988 247.850296 -0.787402 19.384798 247.850296 -0.787402 13.872988 247.850296 0.393701 19.384798 247.850296 0.393701 19.384798 246.275497 4.330709 19.384798 246.275497 4.330709 13.872988 246.275497 0.393701 13.872988 246.275497 4.826808 14.557991 244.508636 4.724410 14.660390 243.913284 5.096968 18.597397 245.048965 5.096968 14.287831 245.048965 4.826808 18.597397 244.508636 4.826808 18.699797 244.508636 5.096968 18.969955 245.048965 4.724410 18.597397 243.913284 5.521393 -12.504965 239.582581 4.340291 -6.993154 239.582581 4.340291 -12.504965 239.582581 5.521393 -6.993154 239.582581 -0.362977 -7.407997 236.781235 -0.092817 -11.819963 236.240921 -0.362977 -12.090121 236.781235 -0.092817 -7.678156 236.240921 5.521393 -7.780555 237.220367 5.521393 -12.504965 237.220367 5.521393 -6.993154 237.220367 0.009582 -11.717564 235.645569 0.009582 -7.780555 235.645569 -0.777820 -6.993154 237.220367 -0.777820 -12.504965 237.220367 0.403283 -12.504965 239.582581 -0.777820 -6.993154 239.582581 -0.777820 -12.504965 239.582581 0.403283 -6.993154 239.582581 0.403283 -6.993154 238.007767 4.340291 -6.993154 238.007767 4.340291 -12.504965 238.007767 0.403283 -12.504965 238.007767 4.836390 -11.819963 236.240921 4.733991 -11.717564 235.645569 5.106550 -7.780555 236.781235 5.106550 -12.090121 236.781235 4.836390 -7.780555 236.240921 4.836390 -7.678156 236.240921 5.106550 -7.407997 236.781235 4.733991 -7.780555 235.645569 5.511811 7.967476 239.582581 4.330709 13.479287 239.582581 4.330709 7.967476 239.582581 5.511811 13.479287 239.582581 -0.372558 13.064444 236.781235 -0.102399 8.652479 236.240921 -0.372558 8.382319 236.781235 -0.102399 12.794285 236.240921 5.511811 12.691886 237.220367 5.511811 7.967476 237.220367 5.511811 13.479287 237.220367 0.000000 8.754878 235.645569 0.000000 12.691886 235.645569 -0.787402 13.479287 237.220367 -0.787402 7.967476 237.220367 0.393701 7.967476 239.582581 -0.787402 13.479287 239.582581 -0.787402 7.967476 239.582581 0.393701 13.479287 239.582581 0.393701 13.479287 238.007767 4.330709 13.479287 238.007767 4.330709 7.967476 238.007767 0.393701 7.967476 238.007767 4.826808 8.652479 236.240921 4.724410 8.754878 235.645569 5.096968 12.691886 236.781235 5.096968 8.382319 236.781235 4.826808 12.691886 236.240921 4.826808 12.794285 236.240921 5.096968 13.064444 236.781235 4.724410 12.691886 235.645569 0.393701 13.872988 238.007767 4.330709 13.872988 238.007767 0.393701 0.487161 238.795181 4.330709 0.487161 238.795181 0.393701 -12.504965 242.732178 2.362205 -2.737544 243.302612 0.393701 -2.662445 242.732178 2.362205 -12.429867 243.302612 2.362205 -2.151013 243.618011 4.330709 -2.071894 242.890427 4.330709 -1.639580 243.322739 2.362205 -2.367170 243.401855 4.330709 -1.481343 243.913284 2.362205 -2.071894 243.913284 0.393701 -2.071894 242.890427 0.393701 -1.639580 243.322739 4.330709 -2.662445 242.732178 0.393701 -1.481343 243.913284 2.362205 -12.800241 243.401855 4.330709 -12.504965 242.732178 4.330709 -13.095516 242.890427 4.330709 -13.686068 243.913284 2.362205 -13.016397 243.618011 2.362205 -13.095516 243.913284 4.330709 -13.527829 243.322739 0.393701 -13.527829 243.322739 0.393701 -13.095516 242.890427 0.393701 -13.686068 243.913284 4.330709 2.455665 243.913284 2.362205 3.125335 243.618011 2.362205 3.046216 243.913284 4.330709 2.613903 243.322739 4.330709 -17.623075 243.913284 0.393701 -17.623075 243.913284 0.393701 -12.898665 238.007767 0.393701 -14.788429 238.362106 0.393701 -16.205751 239.070770 0.393701 15.762752 238.362106 0.393701 17.180075 239.070770 0.393701 -17.150635 240.133759 0.393701 18.124956 240.133759 0.393701 -17.623075 241.551086 0.393701 18.597397 241.551086 0.393701 3.636767 242.732178 0.393701 3.046216 242.890427 0.393701 2.613903 243.322739 0.393701 2.455665 243.913284 0.393701 -1.087642 243.913284 0.393701 2.061964 243.913284 0.393701 13.479287 242.732178 0.393701 18.597397 243.913284 0.393701 14.069839 242.890427 0.393701 14.502151 243.322739 0.393701 14.660390 243.913284 4.330709 2.061964 243.913284 4.330709 15.762752 238.362106 4.330709 -1.087642 243.913284 4.330709 17.180075 239.070770 4.330709 -12.898665 238.007767 4.330709 -14.788429 238.362106 4.330709 -16.205751 239.070770 4.330709 18.124956 240.133759 4.330709 -17.150635 240.133759 4.330709 18.597397 241.551086 4.330709 -17.623075 241.551086 4.330709 13.479287 242.732178 4.330709 18.597397 243.913284 4.330709 14.069839 242.890427 4.330709 14.502151 243.322739 4.330709 14.660390 243.913284 4.330709 3.046216 242.890427 4.330709 3.636767 242.732178 2.362205 14.069839 243.913284 2.362205 13.990720 243.618011 2.362205 13.774563 243.401855 2.362205 13.404189 243.302612 2.362205 3.711866 243.302612 2.362205 3.341492 243.401855 -46.850395 -1.525740 202.723846 -46.850395 -1.525740 194.456131 -42.913387 -1.525740 194.456131 -42.913387 -1.525740 202.723846 -40.944881 2.411268 194.456131 -37.007874 2.411268 194.456131 -37.007874 -1.525740 194.456131 -40.944881 -1.525740 194.456131 -36.220474 -1.132039 202.723846 -36.220474 2.017567 202.723846 -41.732285 2.017567 202.723846 -41.732285 -1.132039 202.723846 -41.732285 2.411268 202.723846 -42.913387 2.411268 202.723846 -41.732285 -1.525740 202.723846 -46.850395 2.411268 202.723846 -48.031498 2.411268 202.723846 -48.031498 2.017567 202.723846 -48.031498 -1.525740 202.723846 -48.031498 -1.132039 202.723846 -53.543308 2.017567 202.723846 -53.543308 -1.132039 202.723846 -30.708662 2.411268 200.361649 -30.708662 -1.525740 200.361649 -30.708662 -1.525740 197.999435 -30.708662 2.411268 197.999435 -54.330708 2.017567 200.361649 -54.330708 -1.132039 200.361649 -54.228310 -1.132039 200.957001 -54.228310 2.017567 200.957001 -53.543308 2.017567 201.936447 -53.543308 -1.132039 201.936447 -58.425198 2.411268 196.582123 -58.425198 -1.525740 196.582123 -59.055119 -1.525740 197.999435 -59.055119 2.411268 197.999435 -42.519684 -1.132039 200.361649 -42.519684 -1.525740 200.361649 -42.361446 -1.525740 199.771103 -42.361446 -1.132039 199.771103 -54.330708 2.411268 200.361649 -59.055119 2.411268 200.361649 -54.330708 -1.525740 200.361649 -59.055119 -1.525740 200.361649 -53.958149 -1.132039 201.497314 -53.958149 2.017567 201.497314 -57.165356 2.411268 195.519135 -55.275589 2.411268 194.810471 -55.275589 -1.525740 194.810471 -57.165356 -1.525740 195.519135 -52.755905 2.411268 194.456131 -52.755905 -1.525740 194.456131 -48.818897 2.411268 194.456131 -48.818897 -1.525740 194.456131 -41.929134 -1.525740 199.338776 -41.929134 -1.132039 199.338776 -42.147125 -1.132039 201.497314 -42.147125 -1.525740 201.497314 -42.417286 -1.525740 200.957001 -42.417286 -1.132039 200.957001 -53.149605 -1.525740 199.180542 -53.740158 -1.525740 199.338776 -54.172470 -1.525740 199.771103 -47.834644 -1.525740 199.338776 -47.402332 -1.525740 199.771103 -47.244095 -1.525740 200.361649 -48.425198 -1.525740 199.180542 -47.346493 -1.525740 200.957001 -47.616653 -1.525740 201.497314 -48.031498 -1.525740 201.936447 -41.732285 -1.525740 201.936447 -41.732285 -1.132039 201.936447 -36.614174 2.411268 199.180542 -36.023621 2.411268 199.338776 -35.591309 2.411268 199.771103 -35.433071 2.411268 200.361649 -34.488190 2.411268 194.810471 -42.913387 2.411268 194.456131 -41.929134 2.411268 199.338776 -42.361446 2.411268 199.771103 -42.519684 2.411268 200.361649 -32.598427 2.411268 195.519135 -41.338581 2.411268 199.180542 -31.338583 2.411268 196.582123 -42.417286 2.411268 200.957001 -42.147125 2.411268 201.497314 -41.732285 2.411268 201.936447 -46.850395 2.411268 194.456131 -47.244095 2.411268 200.361649 -47.402332 2.411268 199.771103 -47.834644 2.411268 199.338776 -48.425198 2.411268 199.180542 -47.346493 2.411268 200.957001 -47.616653 2.411268 201.497314 -48.031498 2.411268 201.936447 -53.149605 2.411268 199.180542 -53.740158 2.411268 199.338776 -54.172470 2.411268 199.771103 -47.402332 2.017567 199.771103 -47.244095 2.017567 200.361649 -47.834644 2.017567 199.338776 -48.425198 2.017567 199.180542 -53.149605 2.017567 199.180542 -53.740158 2.017567 199.338776 -54.172470 2.017567 199.771103 -47.346493 2.017567 200.957001 -47.616653 2.017567 201.497314 -48.031498 2.017567 201.936447 -42.361446 2.017567 199.771103 -41.929134 2.017567 199.338776 -41.338581 2.017567 199.180542 -36.023621 2.017567 199.338776 -36.614174 2.017567 199.180542 -35.591309 2.017567 199.771103 -35.433071 2.017567 200.361649 -42.519684 2.017567 200.361649 -35.535469 2.017567 200.957001 -42.417286 2.017567 200.957001 -35.805630 2.017567 201.497314 -42.147125 2.017567 201.497314 -36.220474 2.017567 201.936447 -41.732285 2.017567 201.936447 -35.591309 -1.132039 199.771103 -35.591309 -1.525740 199.771103 -35.433071 -1.525740 200.361649 -35.433071 -1.132039 200.361649 -36.023621 -1.132039 199.338776 -36.023621 -1.525740 199.338776 -36.614174 -1.525740 199.180542 -36.614174 -1.132039 199.180542 -41.338581 -1.132039 199.180542 -35.535469 -1.132039 200.957001 -35.805630 -1.132039 201.497314 -36.220474 -1.132039 201.936447 -41.338581 -1.525740 199.180542 -31.338583 -1.525740 196.582123 -53.740158 -1.132039 199.338776 -54.172470 -1.132039 199.771103 -32.598427 -1.525740 195.519135 -34.488190 -1.525740 194.810471 -53.149605 -1.132039 199.180542 -48.425198 -1.132039 199.180542 -47.834644 -1.132039 199.338776 -47.402332 -1.132039 199.771103 -47.244095 -1.132039 200.361649 -47.346493 -1.132039 200.957001 -47.616653 -1.132039 201.497314 -48.031498 -1.132039 201.936447 -29.921259 -1.525740 202.723846 -36.220474 2.411268 202.723846 -36.220474 -1.525740 202.723846 -29.921259 2.411268 202.723846 -29.921259 -3.100543 201.936447 -29.921259 -3.100543 204.298660 -29.921259 3.198669 201.936447 -29.921259 2.411268 204.298660 -29.921259 3.986071 204.298660 -29.921259 3.986071 201.936447 -29.921259 -1.525740 204.298660 -36.220474 -1.525740 204.298660 -36.220474 -3.100543 204.298660 -36.220474 3.986071 201.936447 -30.336103 3.571228 201.497314 -35.805630 3.571228 201.497314 -30.606262 3.301068 200.957001 -35.535469 3.301068 200.957001 -30.606262 -2.415540 200.957001 -30.336103 3.198669 201.497314 -30.336103 -2.685700 201.497314 -30.606262 3.198669 200.957001 -35.433071 -2.313142 200.361649 -30.708662 -2.313142 200.361649 -35.535469 -2.415540 200.957001 -35.805630 -2.685700 201.497314 -35.433071 3.198669 200.361649 -36.220474 3.986071 204.298660 -36.220474 2.411268 204.298660 -36.220474 -3.100543 201.936447 -30.708662 3.198669 200.361649 -53.543308 -1.525740 202.723846 -59.842518 2.411268 202.723846 -59.842518 -1.525740 202.723846 -53.543308 2.411268 202.723846 -53.543308 -3.100543 201.936447 -53.543308 -3.100543 204.298660 -53.543308 3.198669 201.936447 -53.543308 2.411268 204.298660 -53.543308 3.986071 204.298660 -53.543308 3.986071 201.936447 -53.543308 -1.525740 204.298660 -59.842518 -1.525740 204.298660 -59.842518 -3.100543 204.298660 -59.842518 3.986071 201.936447 -53.958149 3.571228 201.497314 -59.427677 3.571228 201.497314 -54.228310 3.301068 200.957001 -59.157516 3.301068 200.957001 -54.228310 -2.415540 200.957001 -53.958149 3.198669 201.497314 -53.958149 -2.685700 201.497314 -54.228310 3.198669 200.957001 -59.055119 -2.313142 200.361649 -54.330708 -2.313142 200.361649 -59.157516 -2.415540 200.957001 -59.427677 -2.685700 201.497314 -59.055119 3.198669 200.361649 -59.842518 3.986071 204.298660 -59.842518 2.411268 204.298660 -59.842518 -3.100543 201.936447 -54.330708 3.198669 200.361649 -42.913387 -2.517003 195.249207 -46.850395 -2.517003 194.461807 -42.913387 -2.517003 194.461807 -46.850395 -2.517003 195.249207 -46.850395 2.994808 195.249207 -42.913387 2.994808 194.461807 -46.850395 2.994808 194.461807 -42.913387 2.994808 195.249207 -42.913387 3.782210 194.461807 -46.850395 3.782210 194.461807 -46.850395 -3.304404 196.036606 -48.031498 3.782210 196.036606 -48.031498 -3.304404 196.036606 -46.850395 3.782210 196.036606 -42.913387 -3.304404 194.461807 -46.850395 -3.304404 194.461807 -41.732285 -3.304404 196.036606 -42.913387 3.782210 196.036606 -42.913387 -3.304404 196.036606 -41.732285 3.782210 196.036606 -48.031498 3.782210 193.674408 -42.147125 3.367367 193.235275 -47.616653 3.367367 193.235275 -41.732285 3.782210 193.674408 -42.417286 3.097207 192.694946 -47.346493 3.097207 192.694946 -42.417286 -2.619402 192.694946 -42.147125 2.994808 193.235275 -42.147125 -2.889561 193.235275 -42.417286 2.994808 192.694946 -47.244095 -2.517003 192.099594 -42.519684 -2.517003 192.099594 -47.346493 -2.619402 192.694946 -47.616653 -2.889561 193.235275 -41.732285 2.994808 193.674408 -41.732285 -3.304404 193.674408 -47.244095 2.994808 192.099594 -48.031498 -3.304404 193.674408 -42.519684 2.994808 192.099594 -47.162899 -2.042105 191.930511 -47.096458 0.238903 192.165833 -48.107723 0.238903 191.930511 -46.447826 -1.327032 192.165833 -47.731041 3.088054 191.272888 -44.881889 4.668036 190.395615 -48.013760 3.370773 190.395615 -44.881889 4.268211 191.272888 -44.881889 -1.975664 192.165833 -42.600883 -2.042105 191.930511 -43.315956 -1.327032 192.165833 -44.881889 -2.986930 191.930511 -47.731041 -2.610249 191.272888 -44.881889 -3.790406 191.272888 -41.656055 0.238903 191.930511 -42.032738 -2.610249 191.272888 -40.852581 0.238903 191.272888 -46.447826 1.804838 192.165833 -43.315956 1.804838 192.165833 -44.881889 2.453470 192.165833 -42.667324 0.238903 192.165833 -46.757690 1.056760 192.165833 -41.750019 -2.892968 184.096954 -44.881889 -4.190231 189.290283 -44.881889 -4.190231 184.096954 -44.881889 -4.190231 190.395615 -41.750019 -2.892968 190.395615 -41.750019 -2.892968 189.290283 -48.013760 -2.892968 190.395615 -40.452755 0.238903 190.395615 -48.013760 -2.892968 189.290283 -49.311024 0.238903 184.096954 -48.013760 -2.892968 184.096954 -49.311024 0.238903 189.290283 -49.311024 0.238903 190.395615 -48.911198 0.238903 191.272888 -48.647942 1.839728 190.395615 -48.306667 1.698368 191.272888 -47.620857 1.414297 191.930511 -47.162899 2.519911 191.930511 -44.881889 3.464736 191.930511 -41.750019 3.370773 190.395615 -44.881889 4.668036 184.096954 -41.750019 3.370773 184.096954 -41.750019 3.370773 189.290283 -42.600883 2.519911 191.930511 -42.032738 3.088054 191.272888 -40.452755 0.238903 189.290283 -40.452755 0.238903 184.096954 -48.013760 3.370773 189.290283 -48.013760 3.370773 184.096954 -48.647942 1.839728 184.096954 -57.446861 -1.382830 185.782959 -57.660553 -1.382830 184.906830 -54.824387 -1.382830 185.295517 -54.998562 -1.382830 185.438385 -54.998562 -1.382830 186.266266 -56.622864 -1.382830 186.397552 -55.496857 -1.382830 186.520645 -57.183990 -1.382830 184.096954 -48.508583 -1.382830 184.096954 -54.501549 -1.382830 185.295517 -53.550713 -1.382830 185.807983 -48.508583 -1.382830 191.272888 -52.074753 -1.382830 187.417572 -53.277164 -1.382830 186.658615 -52.886833 -1.382830 187.166534 -52.385777 -1.382830 187.417572 -50.428837 -1.382830 189.299622 -51.875317 -1.382830 188.481110 -51.427826 -1.382830 188.970581 -50.798916 -1.382830 189.299622 -50.428837 -1.382830 190.349915 -50.093185 -1.382830 190.789902 -49.462498 -1.382830 191.138763 -48.916275 -1.382830 191.272888 -48.396587 -1.382830 191.272888 -48.396587 0.585674 191.272888 -48.916275 0.585674 191.272888 -48.396587 -1.382830 184.096954 -48.396587 0.585674 184.096954 -49.462498 0.585674 191.138763 -50.093185 0.585674 190.789902 -50.428837 0.585674 190.349915 -50.428837 0.585674 189.299622 -50.798916 0.585674 189.299622 -51.427826 0.585674 188.970581 -51.875317 0.585674 188.481110 -52.074753 0.585674 187.417572 -52.385777 0.585674 187.417572 -52.886833 0.585674 187.166534 -53.277164 0.585674 186.658615 -53.550713 0.585674 185.807983 -54.501549 0.585674 185.295517 -54.824387 0.585674 185.295517 -54.998562 0.585674 185.438385 -54.998562 0.585674 186.266266 -55.496857 0.585674 186.520645 -56.622864 0.585674 186.397552 -57.446861 0.585674 185.782959 -57.660553 0.585674 184.906830 -57.183990 0.585674 184.096954 -32.315872 -1.380298 185.782959 -34.938347 -1.380298 185.295517 -32.102177 -1.380298 184.906830 -34.764172 -1.380298 185.438385 -34.764172 -1.380298 186.266266 -33.139866 -1.380298 186.397552 -34.265873 -1.380298 186.520645 -41.254147 -1.380298 184.096954 -32.578739 -1.380298 184.096954 -35.261181 -1.380298 185.295517 -36.212017 -1.380298 185.807983 -41.254147 -1.380298 191.272888 -37.687977 -1.380298 187.417572 -36.485565 -1.380298 186.658615 -36.875896 -1.380298 187.166534 -37.376953 -1.380298 187.417572 -39.333893 -1.380298 189.299622 -37.887413 -1.380298 188.481110 -38.334904 -1.380298 188.970581 -38.963814 -1.380298 189.299622 -39.333893 -1.380298 190.349915 -39.669544 -1.380298 190.789902 -40.300232 -1.380298 191.138763 -40.846458 -1.380298 191.272888 -41.366142 0.588206 191.272888 -41.366142 -1.380298 191.272888 -40.846458 0.588206 191.272888 -41.366142 -1.380298 184.096954 -41.366142 0.588206 184.096954 -40.300232 0.588206 191.138763 -39.669544 0.588206 190.789902 -39.333893 0.588206 190.349915 -39.333893 0.588206 189.299622 -38.963814 0.588206 189.299622 -38.334904 0.588206 188.970581 -37.887413 0.588206 188.481110 -37.687977 0.588206 187.417572 -37.376953 0.588206 187.417572 -36.875896 0.588206 187.166534 -36.485565 0.588206 186.658615 -36.212017 0.588206 185.807983 -35.261181 0.588206 185.295517 -34.938347 0.588206 185.295517 -34.764172 0.588206 185.438385 -34.764172 0.588206 186.266266 -34.265873 0.588206 186.520645 -33.139866 0.588206 186.397552 -32.315872 0.588206 185.782959 -32.102177 0.588206 184.906830 -32.578739 0.588206 184.096954 -40.748032 49.354610 219.328049 -41.014927 -24.894728 220.324112 -40.748032 -24.894728 219.328049 -41.014927 49.354610 220.324112 -42.814960 49.354610 215.748016 -44.881889 -24.894728 215.194183 -44.881889 49.354610 215.194183 -42.814960 -24.894728 215.748016 -48.461918 49.354610 221.394974 -48.748856 -24.894728 220.324112 -48.461918 -24.894728 221.394974 -48.748856 49.354610 220.324112 -46.948818 -24.894728 215.748016 -41.301865 -24.894728 217.261124 -48.461918 -24.894728 217.261124 -49.015747 -24.894728 219.328049 -41.301865 -24.894728 221.394974 -42.814960 -24.894728 222.908066 -46.948818 -24.894728 222.908066 -44.881889 -24.894728 223.461899 -46.948818 49.354610 222.908066 -46.948818 49.354610 215.748016 -49.015747 49.354610 219.328049 -48.461918 49.354610 217.261124 -41.301865 49.354610 217.261124 -41.301865 49.354610 221.394974 -42.814960 49.354610 222.908066 -44.881889 49.354610 223.461899 -41.732285 -18.410477 212.572037 -42.913387 -12.898665 212.572037 -42.913387 -18.410477 212.572037 -41.732285 -12.898665 212.572037 -47.616653 -13.313509 209.770706 -47.346493 -17.725473 209.230392 -47.616653 -17.995634 209.770706 -47.346493 -13.583669 209.230392 -41.732285 -13.686068 210.209839 -41.732285 -18.410477 210.209839 -41.732285 -12.898665 210.209839 -47.244095 -17.623075 208.635025 -47.244095 -13.686068 208.635025 -48.031498 -12.898665 210.209839 -48.031498 -18.410477 210.209839 -46.850395 -18.410477 212.572037 -48.031498 -12.898665 212.572037 -48.031498 -18.410477 212.572037 -46.850395 -12.898665 212.572037 -46.850395 -12.898665 210.997238 -42.913387 -12.898665 210.997238 -42.913387 -18.410477 210.997238 -46.850395 -18.410477 210.997238 -42.417286 -17.725473 209.230392 -42.519684 -17.623075 208.635025 -42.147125 -13.686068 209.770706 -42.147125 -17.995634 209.770706 -42.417286 -13.686068 209.230392 -42.417286 -13.583669 209.230392 -42.147125 -13.313509 209.770706 -42.519684 -13.686068 208.635025 -42.913387 -24.894728 215.721649 -44.881889 24.711571 215.194183 -42.913387 24.711571 215.721649 -46.850395 24.711571 215.721649 -46.850395 -24.894728 215.721649 -46.850395 -24.894728 212.572037 -42.913387 -24.894728 212.572037 -42.913387 -22.532524 211.259705 -46.850395 -24.107327 211.784637 -46.850395 -22.532524 211.259705 -42.913387 -24.107327 211.784637 -46.850395 -20.170319 210.997238 -46.850395 19.987162 210.997238 -46.850395 22.349365 211.259705 -46.850395 24.139412 211.856384 -46.850395 24.711571 212.572037 -42.913387 24.139412 211.856384 -42.913387 22.349365 211.259705 -42.913387 24.711571 212.572037 -42.913387 19.987162 210.997238 -42.913387 -20.170319 210.997238 -42.913387 3.243067 194.461807 -46.850395 6.392673 194.461807 -42.913387 6.392673 194.461807 -46.850395 3.243067 194.461807 -42.913387 -2.268744 195.249207 -46.850395 -2.268744 194.461807 -46.850395 -2.268744 195.249207 -42.913387 -2.268744 194.461807 -42.913387 3.243067 195.249207 -46.850395 3.243067 195.249207 -46.850395 -2.662445 199.186218 -44.881889 -2.367170 199.855881 -46.850395 -2.071894 199.344452 -44.881889 -2.737544 199.756638 -44.881889 -2.151013 200.072037 -46.850395 -1.639580 199.776764 -42.913387 -7.780555 200.367310 -44.881889 -7.110885 200.072037 -44.881889 -7.190004 200.367310 -42.913387 -7.622318 199.776764 -42.913387 -2.662445 199.186218 -42.913387 -2.071894 199.344452 -42.913387 -1.639580 199.776764 -42.913387 -7.190004 199.344452 -44.881889 -6.894729 199.855881 -42.913387 -1.481343 200.367310 -44.881889 -2.071894 200.367310 -46.850395 -7.622318 199.776764 -46.850395 -7.780555 200.367310 -46.850395 -1.481343 200.367310 -42.913387 -11.717564 200.367310 -46.850395 -11.717564 200.367310 -46.850395 -6.599453 199.186218 -44.881889 -6.524354 199.756638 -46.850395 8.596640 199.776764 -44.881889 8.164327 200.367310 -46.850395 8.754878 200.367310 -44.881889 8.085208 200.072037 -42.913387 8.754878 200.367310 -42.913387 8.596640 199.776764 -46.850395 8.164327 199.344452 -44.881889 7.869051 199.855881 -42.913387 2.455665 200.367310 -44.881889 3.125335 200.072037 -44.881889 3.046216 200.367310 -42.913387 2.613903 199.776764 -46.850395 2.613903 199.776764 -46.850395 2.455665 200.367310 -46.850395 -7.190004 199.344452 -42.913387 -6.599453 199.186218 -46.850395 -5.418351 194.461807 -46.850395 -7.938035 194.816132 -46.850395 -9.827800 195.524796 -46.850395 8.912358 194.816132 -46.850395 10.802122 195.524796 -46.850395 -11.087642 196.587784 -46.850395 12.061964 196.587784 -46.850395 -11.717564 198.005112 -46.850395 12.691886 198.005112 -46.850395 3.636767 199.186218 -46.850395 3.046216 199.344452 -46.850395 -1.087642 200.367310 -46.850395 2.061964 200.367310 -46.850395 7.573775 199.186218 -46.850395 12.691886 200.367310 -42.913387 3.046216 199.344452 -44.881889 3.341492 199.855881 -42.913387 -11.717564 198.005112 -42.913387 -1.087642 200.367310 -42.913387 -5.418351 194.461807 -42.913387 12.691886 200.367310 -42.913387 12.691886 198.005112 -42.913387 12.061964 196.587784 -42.913387 8.912358 194.816132 -42.913387 10.802122 195.524796 -42.913387 -7.938035 194.816132 -42.913387 -9.827800 195.524796 -42.913387 -11.087642 196.587784 -42.913387 7.573775 199.186218 -42.913387 8.164327 199.344452 -42.913387 3.636767 199.186218 -42.913387 2.061964 200.367310 -44.881889 7.498677 199.756638 -44.881889 3.711866 199.756638 -41.732285 13.872988 212.572037 -42.913387 19.384798 212.572037 -42.913387 13.872988 212.572037 -41.732285 19.384798 212.572037 -47.616653 18.969955 209.770706 -47.346493 14.557991 209.230392 -47.616653 14.287831 209.770706 -47.346493 18.699797 209.230392 -41.732285 18.597397 210.209839 -41.732285 13.872988 210.209839 -41.732285 19.384798 210.209839 -47.244095 14.660390 208.635025 -47.244095 18.597397 208.635025 -48.031498 19.384798 210.209839 -48.031498 13.872988 210.209839 -46.850395 13.872988 212.572037 -48.031498 19.384798 212.572037 -48.031498 13.872988 212.572037 -46.850395 19.384798 212.572037 -46.850395 19.384798 210.997238 -42.913387 19.384798 210.997238 -42.913387 13.872988 210.997238 -46.850395 13.872988 210.997238 -42.417286 14.557991 209.230392 -42.519684 14.660390 208.635025 -42.147125 18.597397 209.770706 -42.147125 14.287831 209.770706 -42.417286 18.597397 209.230392 -42.417286 18.699797 209.230392 -42.147125 18.969955 209.770706 -42.519684 18.597397 208.635025 -41.722702 -12.504965 204.304321 -42.903805 -6.993154 204.304321 -42.903805 -12.504965 204.304321 -41.722702 -6.993154 204.304321 -47.607071 -7.407997 201.502991 -47.336910 -11.819963 200.962662 -47.607071 -12.090121 201.502991 -47.336910 -7.678156 200.962662 -41.722702 -7.780555 201.942123 -41.722702 -12.504965 201.942123 -41.722702 -6.993154 201.942123 -47.234512 -11.717564 200.367310 -47.234512 -7.780555 200.367310 -48.021915 -6.993154 201.942123 -48.021915 -12.504965 201.942123 -46.840813 -12.504965 204.304321 -48.021915 -6.993154 204.304321 -48.021915 -12.504965 204.304321 -46.840813 -6.993154 204.304321 -46.840813 -6.993154 202.729523 -42.903805 -6.993154 202.729523 -42.903805 -12.504965 202.729523 -46.840813 -12.504965 202.729523 -42.407703 -11.819963 200.962662 -42.510105 -11.717564 200.367310 -42.137547 -7.780555 201.502991 -42.137547 -12.090121 201.502991 -42.407703 -7.780555 200.962662 -42.407703 -7.678156 200.962662 -42.137547 -7.407997 201.502991 -42.510105 -7.780555 200.367310 -41.732285 7.967476 204.304321 -42.913387 13.479287 204.304321 -42.913387 7.967476 204.304321 -41.732285 13.479287 204.304321 -47.616653 13.064444 201.502991 -47.346493 8.652479 200.962662 -47.616653 8.382319 201.502991 -47.346493 12.794285 200.962662 -41.732285 12.691886 201.942123 -41.732285 7.967476 201.942123 -41.732285 13.479287 201.942123 -47.244095 8.754878 200.367310 -47.244095 12.691886 200.367310 -48.031498 13.479287 201.942123 -48.031498 7.967476 201.942123 -46.850395 7.967476 204.304321 -48.031498 13.479287 204.304321 -48.031498 7.967476 204.304321 -46.850395 13.479287 204.304321 -46.850395 13.479287 202.729523 -42.913387 13.479287 202.729523 -42.913387 7.967476 202.729523 -46.850395 7.967476 202.729523 -42.417286 8.652479 200.962662 -42.519684 8.754878 200.367310 -42.147125 12.691886 201.502991 -42.147125 8.382319 201.502991 -42.417286 12.691886 200.962662 -42.417286 12.794285 200.962662 -42.147125 13.064444 201.502991 -42.519684 12.691886 200.367310 -42.913387 2.849366 202.729523 -46.850395 13.872988 202.729523 -42.913387 13.872988 202.729523 -46.850395 2.849366 202.729523 -42.913387 2.849366 203.516922 -46.850395 2.849366 203.516922 -42.913387 -1.875044 203.516922 -46.850395 -1.875044 202.729523 -46.850395 -1.875044 203.516922 -42.913387 -1.875044 202.729523 -46.850395 0.487161 203.516922 -42.913387 0.487161 203.516922 -46.850395 -12.504965 207.453934 -44.881889 -2.737544 208.024353 -46.850395 -2.662445 207.453934 -44.881889 -12.429867 208.024353 -44.881889 -2.151013 208.339752 -42.913387 -2.071894 207.612167 -42.913387 -1.639580 208.044479 -44.881889 -2.367170 208.123596 -42.913387 -1.481343 208.635025 -44.881889 -2.071894 208.635025 -46.850395 -2.071894 207.612167 -46.850395 -1.639580 208.044479 -42.913387 -2.662445 207.453934 -46.850395 -1.481343 208.635025 -44.881889 -12.800241 208.123596 -42.913387 -12.504965 207.453934 -42.913387 -13.095516 207.612167 -42.913387 -13.686068 208.635025 -44.881889 -13.016397 208.339752 -44.881889 -13.095516 208.635025 -42.913387 -13.527829 208.044479 -46.850395 -13.527829 208.044479 -46.850395 -13.095516 207.612167 -46.850395 -13.686068 208.635025 -42.913387 2.455665 208.635025 -44.881889 3.125335 208.339752 -44.881889 3.046216 208.635025 -42.913387 2.613903 208.044479 -42.913387 -17.623075 208.635025 -46.850395 -17.623075 208.635025 -46.850395 -12.898665 202.729523 -46.850395 -14.788429 203.083847 -46.850395 -16.205751 203.792511 -46.850395 15.762752 203.083847 -46.850395 17.180075 203.792511 -46.850395 -17.150635 204.855499 -46.850395 18.124956 204.855499 -46.850395 -17.623075 206.272827 -46.850395 18.597397 206.272827 -46.850395 3.636767 207.453934 -46.850395 3.046216 207.612167 -46.850395 2.613903 208.044479 -46.850395 2.455665 208.635025 -46.850395 -1.087642 208.635025 -46.850395 2.061964 208.635025 -46.850395 13.479287 207.453934 -46.850395 18.597397 208.635025 -46.850395 14.069839 207.612167 -46.850395 14.502151 208.044479 -46.850395 14.660390 208.635025 -42.913387 2.061964 208.635025 -42.913387 15.762752 203.083847 -42.913387 -1.087642 208.635025 -42.913387 17.180075 203.792511 -42.913387 -12.898665 202.729523 -42.913387 -14.788429 203.083847 -42.913387 -16.205751 203.792511 -42.913387 18.124956 204.855499 -42.913387 -17.150635 204.855499 -42.913387 18.597397 206.272827 -42.913387 -17.623075 206.272827 -42.913387 13.479287 207.453934 -42.913387 18.597397 208.635025 -42.913387 14.069839 207.612167 -42.913387 14.502151 208.044479 -42.913387 14.660390 208.635025 -42.913387 3.046216 207.612167 -42.913387 3.636767 207.453934 -44.881889 14.069839 208.635025 -44.881889 13.990720 208.339752 -44.881889 13.774563 208.123596 -44.881889 13.404189 208.024353 -44.881889 3.711866 208.024353 -44.881889 3.341492 208.123596 110.203812 -1.132039 164.304565 107.581337 -1.132039 163.603592 110.417503 -1.132039 163.044601 107.755516 -1.132039 163.809036 107.755516 -1.132039 164.999603 109.379822 -1.132039 165.188416 108.253815 -1.132039 165.365448 101.265541 -1.132039 161.879913 109.940948 -1.132039 161.879913 107.258507 -1.132039 163.603592 106.307663 -1.132039 164.340561 101.265541 -1.132039 172.199677 104.831711 -1.132039 166.655304 106.034119 -1.132039 165.563858 105.643784 -1.132039 166.294296 105.142731 -1.132039 166.655304 103.185791 -1.132039 169.361893 104.632271 -1.132039 168.184799 104.184784 -1.132039 168.888702 103.555870 -1.132039 169.361893 103.185791 -1.132039 170.872330 102.850143 -1.132039 171.505081 102.219452 -1.132039 172.006775 101.673225 -1.132039 172.199677 101.153542 0.836465 172.199677 101.153542 -1.132039 172.199677 101.673225 0.836465 172.199677 101.153542 -1.132039 161.879913 101.153542 0.836465 161.879913 102.219452 0.836465 172.006775 102.850143 0.836465 171.505081 103.185791 0.836465 170.872330 103.185791 0.836465 169.361893 103.555870 0.836465 169.361893 104.184784 0.836465 168.888702 104.632271 0.836465 168.184799 104.831711 0.836465 166.655304 105.142731 0.836465 166.655304 105.643784 0.836465 166.294296 106.034119 0.836465 165.563858 106.307663 0.836465 164.340561 107.258507 0.836465 163.603592 107.581337 0.836465 163.603592 107.755516 0.836465 163.809036 107.755516 0.836465 164.999603 108.253815 0.836465 165.365448 109.379822 0.836465 165.188416 110.203812 0.836465 164.304565 110.417503 0.836465 163.044601 109.940948 0.836465 161.879913 98.818901 2.755905 175.498489 94.881889 6.299212 175.498489 98.818901 6.299212 175.498489 94.881889 2.755905 175.498489 98.818901 -2.755906 176.285889 94.881889 -2.755906 175.498489 94.881889 -2.755906 176.285889 98.818901 -2.755906 175.498489 94.881889 2.755905 176.285889 98.818901 2.755905 176.285889 98.818901 8.923884 175.734711 98.818901 11.023622 176.207153 98.818901 12.598425 176.915802 98.818901 -6.299212 175.498489 98.818901 -8.923884 175.734711 98.818901 -11.023623 176.207153 98.818901 -12.598425 176.915802 98.818901 13.648293 177.860687 98.818901 -13.648294 177.860687 98.818901 14.173228 179.041794 98.818901 -14.173228 179.041794 98.818901 9.055119 180.222900 98.818901 14.173228 181.403992 98.818901 -3.149606 180.222900 98.818901 9.645669 180.381134 98.818901 10.077983 180.813446 98.818901 10.236220 181.403992 98.818901 1.968504 181.403992 98.818901 1.574803 181.403992 98.818901 2.126742 180.813446 98.818901 3.149606 180.222900 98.818901 -2.559055 180.381134 98.818901 2.559055 180.381134 98.818901 -2.126742 180.813446 98.818901 -1.968504 181.403992 98.818901 -1.574803 181.403992 98.818901 -9.055119 180.222900 98.818901 -14.173228 181.403992 98.818901 -9.645669 180.381134 98.818901 -10.077983 180.813446 98.818901 -10.236220 181.403992 94.881889 -1.574803 181.403992 94.881889 -1.968504 181.403992 96.850395 -2.559055 181.403992 94.881889 1.574803 181.403992 94.881889 -2.126742 180.813446 96.850395 -2.638174 181.108719 96.850395 -3.224705 180.793320 96.850395 -8.980020 180.793320 94.881889 -10.236220 181.403992 96.850395 -9.566550 181.108719 94.881889 -10.077983 180.813446 96.850395 -9.645669 181.403992 94.881889 9.645669 180.381134 96.850395 9.566550 181.108719 94.881889 10.077983 180.813446 96.850395 9.350393 180.892563 96.850395 -2.854331 180.892563 94.881889 -9.055119 180.222900 94.881889 -3.149606 180.222900 96.850395 9.645669 181.403992 96.850395 2.638174 181.108719 94.881889 2.559055 180.381134 94.881889 2.126742 180.813446 96.850395 2.854331 180.892563 94.881889 8.923884 175.734711 96.850395 2.559055 181.403992 94.881889 -14.173228 181.403992 94.881889 -14.173228 179.041794 94.881889 10.236220 181.403992 94.881889 9.055119 180.222900 96.850395 8.980020 180.793320 94.881889 -9.645669 180.381134 96.850395 -9.350393 180.892563 94.881889 -6.299212 175.498489 94.881889 -8.923884 175.734711 96.850395 3.224705 180.793320 94.881889 3.149606 180.222900 94.881889 -2.559055 180.381134 94.881889 -13.648294 177.860687 94.881889 -11.023623 176.207153 94.881889 -12.598425 176.915802 94.881889 14.173228 181.403992 94.881889 1.968504 181.403992 94.881889 14.173228 179.041794 94.881889 13.648293 177.860687 94.881889 12.598425 176.915802 94.881889 11.023622 176.207153 100.984253 49.354610 192.102676 100.717361 -24.894728 193.098740 100.984253 -24.894728 192.102676 100.717361 49.354610 193.098740 98.917320 49.354610 188.522659 96.850395 -24.894728 187.968826 96.850395 49.354610 187.968826 98.917320 -24.894728 188.522659 93.270370 49.354610 194.169601 92.983429 -24.894728 193.098740 93.270370 -24.894728 194.169601 92.983429 49.354610 193.098740 94.783463 -24.894728 188.522659 100.430420 -24.894728 190.035751 93.270370 -24.894728 190.035751 92.716537 -24.894728 192.102676 100.430420 -24.894728 194.169601 98.917320 -24.894728 195.682709 94.783463 -24.894728 195.682709 96.850395 -24.894728 196.236542 94.783463 49.354610 195.682709 94.783463 49.354610 188.522659 92.716537 49.354610 192.102676 93.270370 49.354610 190.035751 100.430420 49.354610 190.035751 100.430420 49.354610 194.169601 98.917320 49.354610 195.682709 96.850395 49.354610 196.236542 99.525101 -2.428795 172.967194 97.244095 -2.362354 173.202515 97.244095 -3.373620 172.967194 98.810028 -1.713722 173.202515 94.394943 -2.996939 172.309570 92.814964 -0.147787 171.432297 94.112221 -3.279658 171.432297 93.214783 -0.147787 172.309570 99.458664 -0.147787 173.202515 99.525101 2.133221 172.967194 98.810028 1.418148 173.202515 100.469925 -0.147787 172.967194 100.093246 -2.996939 172.309570 101.273399 -0.147787 172.309570 97.244095 3.881521 172.309570 97.244095 3.078045 172.967194 100.093246 2.701364 172.309570 95.678162 -1.713722 173.202515 95.678162 1.418148 173.202515 95.029526 -0.147787 173.202515 97.244095 2.066780 173.202515 96.426239 -2.023587 173.202515 100.375961 2.984083 161.879913 101.673225 -0.147787 170.326965 101.673225 -0.147787 161.879913 101.673225 -0.147787 171.432297 100.375961 2.984083 170.326965 100.375961 2.984083 171.432297 100.375961 -3.279658 171.432297 97.244095 4.281347 171.432297 100.375961 -3.279658 170.326965 97.244095 -4.576921 161.879913 100.375961 -3.279658 161.879913 97.244095 -4.576921 170.326965 97.244095 -4.576921 171.432297 97.244095 -4.177096 172.309570 95.643272 -3.913838 171.432297 95.784630 -3.572566 172.309570 96.068703 -2.886756 172.967194 94.963089 -2.428795 172.967194 94.018265 -0.147787 172.967194 94.112221 2.984083 171.432297 92.814964 -0.147787 161.879913 94.112221 2.984083 161.879913 94.112221 2.984083 170.326965 94.963089 2.133221 172.967194 94.394943 2.701364 172.309570 97.244095 4.281347 170.326965 97.244095 4.281347 161.879913 94.112221 -3.279658 170.326965 94.112221 -3.279658 161.879913 95.643272 -3.913838 161.879913 100.000000 9.448819 185.341003 98.818901 14.960629 185.341003 98.818901 9.448819 185.341003 100.000000 14.960629 185.341003 94.115631 14.545787 182.539673 94.385788 10.133821 181.999344 94.115631 9.863662 182.539673 94.385788 14.275627 181.999344 100.000000 14.173228 182.978806 100.000000 9.448819 182.978806 100.000000 14.960629 182.978806 94.488190 10.236220 181.403992 94.488190 14.173228 181.403992 93.700790 14.960629 182.978806 93.700790 9.448819 182.978806 94.881889 9.448819 185.341003 93.700790 14.960629 185.341003 93.700790 9.448819 185.341003 94.881889 14.960629 185.341003 94.881889 14.960629 183.766205 98.818901 14.960629 183.766205 98.818901 9.448819 183.766205 94.881889 9.448819 183.766205 99.314995 10.133821 181.999344 99.212601 10.236220 181.403992 99.585159 14.173228 182.539673 99.585159 9.863662 182.539673 99.314995 14.173228 181.999344 99.314995 14.275627 181.999344 99.585159 14.545787 182.539673 99.212601 14.173228 181.403992 100.000000 -3.149606 182.978806 94.881889 -3.149606 183.766205 93.700790 -3.149606 182.978806 98.818901 -3.149606 183.766205 98.818901 -3.149606 185.341003 100.000000 -3.149606 185.341003 94.881889 -3.149606 185.341003 93.700790 -3.149606 185.341003 100.000000 3.149606 185.341003 100.000000 2.362205 182.978806 100.000000 3.149606 182.978806 99.585159 2.362205 182.539673 99.585159 2.734763 182.539673 99.585159 -2.734763 182.539673 94.115631 2.734763 182.539673 93.700790 3.149606 182.978806 99.314995 2.362205 181.999344 99.314995 2.464604 181.999344 99.314995 -2.464604 181.999344 98.818901 3.149606 183.766205 98.818901 3.149606 185.341003 94.881889 3.149606 185.341003 93.700790 3.149606 185.341003 94.881889 3.149606 183.766205 94.385788 2.464604 181.999344 99.212601 -2.362205 181.403992 99.212601 2.362205 181.403992 94.115631 -2.734763 182.539673 94.385788 -2.464604 181.999344 94.488190 -2.362205 181.403992 94.488190 2.362205 181.403992 98.818901 -20.548393 185.346710 98.818901 20.386477 188.496277 98.818901 -20.564020 188.496277 98.818901 -19.757095 184.563232 98.818901 -18.179707 184.046112 98.818901 -15.816230 183.795364 98.818901 15.685565 183.748489 98.818901 18.046438 184.022675 98.818901 19.833502 184.628235 98.818901 20.402103 185.346710 94.881889 -20.548393 185.346710 94.881889 -19.757095 184.563232 94.881889 -15.816230 183.795364 94.881889 -18.179707 184.046112 94.881889 19.833502 184.628235 94.881889 20.402103 185.346710 94.881889 20.386477 188.496277 94.881889 15.685565 183.748489 94.881889 -20.564020 188.496277 94.881889 18.046438 184.022675 100.000000 -14.960629 185.341003 98.818901 -9.448819 185.341003 98.818901 -14.960629 185.341003 100.000000 -9.448819 185.341003 94.115631 -9.863662 182.539673 94.385788 -14.275627 181.999344 94.115631 -14.545787 182.539673 94.385788 -10.133821 181.999344 100.000000 -10.236220 182.978806 100.000000 -14.960629 182.978806 100.000000 -9.448819 182.978806 94.488190 -14.173228 181.403992 94.488190 -10.236220 181.403992 93.700790 -9.448819 182.978806 93.700790 -14.960629 182.978806 94.881889 -14.960629 185.341003 93.700790 -9.448819 185.341003 93.700790 -14.960629 185.341003 94.881889 -9.448819 185.341003 94.881889 -9.448819 183.766205 98.818901 -9.448819 183.766205 98.818901 -14.960629 183.766205 94.881889 -14.960629 183.766205 99.314995 -14.275627 181.999344 99.212601 -14.173228 181.403992 99.585159 -10.236220 182.539673 99.585159 -14.545787 182.539673 99.314995 -10.236220 181.999344 99.314995 -10.133821 181.999344 99.585159 -9.863662 182.539673 99.212601 -10.236220 181.403992 100.000000 -3.297394 174.711090 94.881889 -3.297394 175.498489 93.700790 -3.297394 174.711090 98.818901 -3.297394 175.498489 98.818901 -3.297394 177.073288 100.000000 -3.297394 177.073288 94.881889 -3.297394 177.073288 93.700790 -3.297394 177.073288 100.000000 3.001819 177.073288 100.000000 2.214417 174.711090 100.000000 3.001819 174.711090 99.585159 2.214417 174.271957 99.585159 2.586976 174.271957 99.585159 -2.882550 174.271957 94.115631 2.586976 174.271957 93.700790 3.001819 174.711090 99.314995 2.214417 173.731628 99.314995 2.316816 173.731628 99.314995 -2.612391 173.731628 98.818901 3.001819 175.498489 98.818901 3.001819 177.073288 94.881889 3.001819 177.073288 93.700790 3.001819 177.073288 94.881889 3.001819 175.498489 94.385788 2.316816 173.731628 99.212601 -2.509992 173.136276 99.212601 2.214417 173.136276 94.115631 -2.882550 174.271957 94.385788 -2.612391 173.731628 94.488190 -2.509992 173.136276 94.488190 2.214417 173.136276 84.285423 -1.134572 164.304565 84.071732 -1.134572 163.044601 86.907898 -1.134572 163.603592 86.733727 -1.134572 163.809036 86.733727 -1.134572 164.999603 85.109421 -1.134572 165.188416 86.235428 -1.134572 165.365448 84.548294 -1.134572 161.879913 93.223701 -1.134572 161.879913 87.230736 -1.134572 163.603592 88.181572 -1.134572 164.340561 93.223701 -1.134572 172.199677 89.657532 -1.134572 166.655304 88.455116 -1.134572 165.563858 88.845451 -1.134572 166.294296 89.346504 -1.134572 166.655304 91.303444 -1.134572 169.361893 89.856964 -1.134572 168.184799 90.304459 -1.134572 168.888702 90.933365 -1.134572 169.361893 91.303444 -1.134572 170.872330 91.639099 -1.134572 171.505081 92.269783 -1.134572 172.006775 92.816010 -1.134572 172.199677 93.335693 -1.134572 172.199677 93.335693 0.833932 172.199677 92.816010 0.833932 172.199677 93.335693 -1.134572 161.879913 93.335693 0.833932 161.879913 92.269783 0.833932 172.006775 91.639099 0.833932 171.505081 91.303444 0.833932 170.872330 91.303444 0.833932 169.361893 90.933365 0.833932 169.361893 90.304459 0.833932 168.888702 89.856964 0.833932 168.184799 89.657532 0.833932 166.655304 89.346504 0.833932 166.655304 88.845451 0.833932 166.294296 88.455116 0.833932 165.563858 88.181572 0.833932 164.340561 87.230736 0.833932 163.603592 86.907898 0.833932 163.603592 86.733727 0.833932 163.809036 86.733727 0.833932 164.999603 86.235428 0.833932 165.365448 85.109421 0.833932 165.188416 84.285423 0.833932 164.304565 84.071732 0.833932 163.044601 84.548294 0.833932 161.879913 47.637794 -1.525740 202.723846 47.637794 -1.525740 194.456131 51.574802 -1.525740 194.456131 51.574802 -1.525740 202.723846 53.543308 2.411268 194.456131 57.480316 2.411268 194.456131 57.480316 -1.525740 194.456131 53.543308 -1.525740 194.456131 58.267715 -1.132039 202.723846 58.267715 2.017567 202.723846 52.755905 2.017567 202.723846 52.755905 -1.132039 202.723846 52.755905 2.411268 202.723846 51.574802 2.411268 202.723846 52.755905 -1.525740 202.723846 47.637794 2.411268 202.723846 46.456692 2.411268 202.723846 46.456692 2.017567 202.723846 46.456692 -1.525740 202.723846 46.456692 -1.132039 202.723846 40.944881 2.017567 202.723846 40.944881 -1.132039 202.723846 63.779526 2.411268 200.361649 63.779526 -1.525740 200.361649 63.779526 -1.525740 197.999435 63.779526 2.411268 197.999435 40.157482 2.017567 200.361649 40.157482 -1.132039 200.361649 40.259880 -1.132039 200.957001 40.259880 2.017567 200.957001 40.944881 2.017567 201.936447 40.944881 -1.132039 201.936447 36.062992 2.411268 196.582123 36.062992 -1.525740 196.582123 35.433071 -1.525740 197.999435 35.433071 2.411268 197.999435 51.968502 -1.132039 200.361649 51.968502 -1.525740 200.361649 52.126743 -1.525740 199.771103 52.126743 -1.132039 199.771103 40.157482 2.411268 200.361649 35.433071 2.411268 200.361649 40.157482 -1.525740 200.361649 35.433071 -1.525740 200.361649 40.530037 -1.132039 201.497314 40.530037 2.017567 201.497314 37.322834 2.411268 195.519135 39.212597 2.411268 194.810471 39.212597 -1.525740 194.810471 37.322834 -1.525740 195.519135 41.732285 2.411268 194.456131 41.732285 -1.525740 194.456131 45.669292 2.411268 194.456131 45.669292 -1.525740 194.456131 52.559055 -1.525740 199.338776 52.559055 -1.132039 199.338776 52.341061 -1.132039 201.497314 52.341061 -1.525740 201.497314 52.070904 -1.525740 200.957001 52.070904 -1.132039 200.957001 41.338581 -1.525740 199.180542 40.748032 -1.525740 199.338776 40.315720 -1.525740 199.771103 46.653542 -1.525740 199.338776 47.085857 -1.525740 199.771103 47.244095 -1.525740 200.361649 46.062992 -1.525740 199.180542 47.141697 -1.525740 200.957001 46.871536 -1.525740 201.497314 46.456692 -1.525740 201.936447 52.755905 -1.525740 201.936447 52.755905 -1.132039 201.936447 57.874016 2.411268 199.180542 58.464565 2.411268 199.338776 58.896881 2.411268 199.771103 59.055119 2.411268 200.361649 60.000000 2.411268 194.810471 51.574802 2.411268 194.456131 52.559055 2.411268 199.338776 52.126743 2.411268 199.771103 51.968502 2.411268 200.361649 61.889763 2.411268 195.519135 53.149605 2.411268 199.180542 63.149605 2.411268 196.582123 52.070904 2.411268 200.957001 52.341061 2.411268 201.497314 52.755905 2.411268 201.936447 47.637794 2.411268 194.456131 47.244095 2.411268 200.361649 47.085857 2.411268 199.771103 46.653542 2.411268 199.338776 46.062992 2.411268 199.180542 47.141697 2.411268 200.957001 46.871536 2.411268 201.497314 46.456692 2.411268 201.936447 41.338581 2.411268 199.180542 40.748032 2.411268 199.338776 40.315720 2.411268 199.771103 47.085857 2.017567 199.771103 47.244095 2.017567 200.361649 46.653542 2.017567 199.338776 46.062992 2.017567 199.180542 41.338581 2.017567 199.180542 40.748032 2.017567 199.338776 40.315720 2.017567 199.771103 47.141697 2.017567 200.957001 46.871536 2.017567 201.497314 46.456692 2.017567 201.936447 52.126743 2.017567 199.771103 52.559055 2.017567 199.338776 53.149605 2.017567 199.180542 58.464565 2.017567 199.338776 57.874016 2.017567 199.180542 58.896881 2.017567 199.771103 59.055119 2.017567 200.361649 51.968502 2.017567 200.361649 58.952721 2.017567 200.957001 52.070904 2.017567 200.957001 58.682560 2.017567 201.497314 52.341061 2.017567 201.497314 58.267715 2.017567 201.936447 52.755905 2.017567 201.936447 58.896881 -1.132039 199.771103 58.896881 -1.525740 199.771103 59.055119 -1.525740 200.361649 59.055119 -1.132039 200.361649 58.464565 -1.132039 199.338776 58.464565 -1.525740 199.338776 57.874016 -1.525740 199.180542 57.874016 -1.132039 199.180542 53.149605 -1.132039 199.180542 58.952721 -1.132039 200.957001 58.682560 -1.132039 201.497314 58.267715 -1.132039 201.936447 53.149605 -1.525740 199.180542 63.149605 -1.525740 196.582123 40.748032 -1.132039 199.338776 40.315720 -1.132039 199.771103 61.889763 -1.525740 195.519135 60.000000 -1.525740 194.810471 41.338581 -1.132039 199.180542 46.062992 -1.132039 199.180542 46.653542 -1.132039 199.338776 47.085857 -1.132039 199.771103 47.244095 -1.132039 200.361649 47.141697 -1.132039 200.957001 46.871536 -1.132039 201.497314 46.456692 -1.132039 201.936447 64.566933 -1.525740 202.723846 58.267715 2.411268 202.723846 58.267715 -1.525740 202.723846 64.566933 2.411268 202.723846 64.566933 -3.100543 201.936447 64.566933 -3.100543 204.298660 64.566933 3.198669 201.936447 64.566933 2.411268 204.298660 64.566933 3.986071 204.298660 64.566933 3.986071 201.936447 64.566933 -1.525740 204.298660 58.267715 -1.525740 204.298660 58.267715 -3.100543 204.298660 58.267715 3.986071 201.936447 64.152084 3.571228 201.497314 58.682560 3.571228 201.497314 63.881927 3.301068 200.957001 58.952721 3.301068 200.957001 63.881927 -2.415540 200.957001 64.152084 3.198669 201.497314 64.152084 -2.685700 201.497314 63.881927 3.198669 200.957001 59.055119 -2.313142 200.361649 63.779526 -2.313142 200.361649 58.952721 -2.415540 200.957001 58.682560 -2.685700 201.497314 59.055119 3.198669 200.361649 58.267715 3.986071 204.298660 58.267715 2.411268 204.298660 58.267715 -3.100543 201.936447 63.779526 3.198669 200.361649 40.944881 -1.525740 202.723846 34.645668 2.411268 202.723846 34.645668 -1.525740 202.723846 40.944881 2.411268 202.723846 40.944881 -3.100543 201.936447 40.944881 -3.100543 204.298660 40.944881 3.198669 201.936447 40.944881 2.411268 204.298660 40.944881 3.986071 204.298660 40.944881 3.986071 201.936447 40.944881 -1.525740 204.298660 34.645668 -1.525740 204.298660 34.645668 -3.100543 204.298660 34.645668 3.986071 201.936447 40.530037 3.571228 201.497314 35.060513 3.571228 201.497314 40.259880 3.301068 200.957001 35.330673 3.301068 200.957001 40.259880 -2.415540 200.957001 40.530037 3.198669 201.497314 40.530037 -2.685700 201.497314 40.259880 3.198669 200.957001 35.433071 -2.313142 200.361649 40.157482 -2.313142 200.361649 35.330673 -2.415540 200.957001 35.060513 -2.685700 201.497314 35.433071 3.198669 200.361649 34.645668 3.986071 204.298660 34.645668 2.411268 204.298660 34.645668 -3.100543 201.936447 40.157482 3.198669 200.361649 51.574802 -2.517003 195.249207 47.637794 -2.517003 194.461807 51.574802 -2.517003 194.461807 47.637794 -2.517003 195.249207 47.637794 2.994808 195.249207 51.574802 2.994808 194.461807 47.637794 2.994808 194.461807 51.574802 2.994808 195.249207 51.574802 3.782210 194.461807 47.637794 3.782210 194.461807 47.637794 -3.304404 196.036606 46.456692 3.782210 196.036606 46.456692 -3.304404 196.036606 47.637794 3.782210 196.036606 51.574802 -3.304404 194.461807 47.637794 -3.304404 194.461807 52.755905 -3.304404 196.036606 51.574802 3.782210 196.036606 51.574802 -3.304404 196.036606 52.755905 3.782210 196.036606 46.456692 3.782210 193.674408 52.341061 3.367367 193.235275 46.871536 3.367367 193.235275 52.755905 3.782210 193.674408 52.070904 3.097207 192.694946 47.141697 3.097207 192.694946 52.070904 -2.619402 192.694946 52.341061 2.994808 193.235275 52.341061 -2.889561 193.235275 52.070904 2.994808 192.694946 47.244095 -2.517003 192.099594 51.968502 -2.517003 192.099594 47.141697 -2.619402 192.694946 46.871536 -2.889561 193.235275 52.755905 2.994808 193.674408 52.755905 -3.304404 193.674408 47.244095 2.994808 192.099594 46.456692 -3.304404 193.674408 51.968502 2.994808 192.099594 47.325291 -2.042105 191.930511 47.391731 0.238903 192.165833 46.380466 0.238903 191.930511 48.040363 -1.327032 192.165833 46.757149 3.088054 191.272888 49.606300 4.668036 190.395615 46.474430 3.370773 190.395615 49.606300 4.268211 191.272888 49.606300 -1.975664 192.165833 51.887306 -2.042105 191.930511 51.172234 -1.327032 192.165833 49.606300 -2.986930 191.930511 46.757149 -2.610249 191.272888 49.606300 -3.790406 191.272888 52.832130 0.238903 191.930511 52.455452 -2.610249 191.272888 53.635609 0.238903 191.272888 48.040363 1.804838 192.165833 51.172234 1.804838 192.165833 49.606300 2.453470 192.165833 51.820866 0.238903 192.165833 47.730499 1.056760 192.165833 52.738171 -2.892968 184.096954 49.606300 -4.190231 189.290283 49.606300 -4.190231 184.096954 49.606300 -4.190231 190.395615 52.738171 -2.892968 190.395615 52.738171 -2.892968 189.290283 46.474430 -2.892968 190.395615 54.035435 0.238903 190.395615 46.474430 -2.892968 189.290283 45.177166 0.238903 184.096954 46.474430 -2.892968 184.096954 45.177166 0.238903 189.290283 45.177166 0.238903 190.395615 45.576992 0.238903 191.272888 45.840248 1.839728 190.395615 46.181522 1.698368 191.272888 46.867332 1.414297 191.930511 47.325291 2.519911 191.930511 49.606300 3.464736 191.930511 52.738171 3.370773 190.395615 49.606300 4.668036 184.096954 52.738171 3.370773 184.096954 52.738171 3.370773 189.290283 51.887306 2.519911 191.930511 52.455452 3.088054 191.272888 54.035435 0.238903 189.290283 54.035435 0.238903 184.096954 46.474430 3.370773 189.290283 46.474430 3.370773 184.096954 45.840248 1.839728 184.096954 37.041328 -1.382830 185.782959 36.827637 -1.382830 184.906830 39.663803 -1.382830 185.295517 39.489628 -1.382830 185.438385 39.489628 -1.382830 186.266266 37.865326 -1.382830 186.397552 38.991333 -1.382830 186.520645 37.304199 -1.382830 184.096954 45.979607 -1.382830 184.096954 39.986637 -1.382830 185.295517 40.937477 -1.382830 185.807983 45.979607 -1.382830 191.272888 42.413433 -1.382830 187.417572 41.211021 -1.382830 186.658615 41.601357 -1.382830 187.166534 42.102409 -1.382830 187.417572 44.059349 -1.382830 189.299622 42.612873 -1.382830 188.481110 43.060364 -1.382830 188.970581 43.689270 -1.382830 189.299622 44.059349 -1.382830 190.349915 44.395004 -1.382830 190.789902 45.025688 -1.382830 191.138763 45.571915 -1.382830 191.272888 46.091599 -1.382830 191.272888 46.091599 0.585674 191.272888 45.571915 0.585674 191.272888 46.091599 -1.382830 184.096954 46.091599 0.585674 184.096954 45.025688 0.585674 191.138763 44.395004 0.585674 190.789902 44.059349 0.585674 190.349915 44.059349 0.585674 189.299622 43.689270 0.585674 189.299622 43.060364 0.585674 188.970581 42.612873 0.585674 188.481110 42.413433 0.585674 187.417572 42.102409 0.585674 187.417572 41.601357 0.585674 187.166534 41.211021 0.585674 186.658615 40.937477 0.585674 185.807983 39.986637 0.585674 185.295517 39.663803 0.585674 185.295517 39.489628 0.585674 185.438385 39.489628 0.585674 186.266266 38.991333 0.585674 186.520645 37.865326 0.585674 186.397552 37.041328 0.585674 185.782959 36.827637 0.585674 184.906830 37.304199 0.585674 184.096954 62.172318 -1.380298 185.782959 59.549843 -1.380298 185.295517 62.386009 -1.380298 184.906830 59.724018 -1.380298 185.438385 59.724018 -1.380298 186.266266 61.348324 -1.380298 186.397552 60.222317 -1.380298 186.520645 53.234043 -1.380298 184.096954 61.909451 -1.380298 184.096954 59.227009 -1.380298 185.295517 58.276169 -1.380298 185.807983 53.234043 -1.380298 191.272888 56.800213 -1.380298 187.417572 58.002625 -1.380298 186.658615 57.612289 -1.380298 187.166534 57.111237 -1.380298 187.417572 55.154297 -1.380298 189.299622 56.600773 -1.380298 188.481110 56.153286 -1.380298 188.970581 55.524376 -1.380298 189.299622 55.154297 -1.380298 190.349915 54.818645 -1.380298 190.789902 54.187958 -1.380298 191.138763 53.641731 -1.380298 191.272888 53.122047 0.588206 191.272888 53.122047 -1.380298 191.272888 53.641731 0.588206 191.272888 53.122047 -1.380298 184.096954 53.122047 0.588206 184.096954 54.187958 0.588206 191.138763 54.818645 0.588206 190.789902 55.154297 0.588206 190.349915 55.154297 0.588206 189.299622 55.524376 0.588206 189.299622 56.153286 0.588206 188.970581 56.600773 0.588206 188.481110 56.800213 0.588206 187.417572 57.111237 0.588206 187.417572 57.612289 0.588206 187.166534 58.002625 0.588206 186.658615 58.276169 0.588206 185.807983 59.227009 0.588206 185.295517 59.549843 0.588206 185.295517 59.724018 0.588206 185.438385 59.724018 0.588206 186.266266 60.222317 0.588206 186.520645 61.348324 0.588206 186.397552 62.172318 0.588206 185.782959 62.386009 0.588206 184.906830 61.909451 0.588206 184.096954 53.740158 49.354610 219.328049 53.473263 -24.894728 220.324112 53.740158 -24.894728 219.328049 53.473263 49.354610 220.324112 51.673229 49.354610 215.748016 49.606300 -24.894728 215.194183 49.606300 49.354610 215.194183 51.673229 -24.894728 215.748016 46.026272 49.354610 221.394974 45.739334 -24.894728 220.324112 46.026272 -24.894728 221.394974 45.739334 49.354610 220.324112 47.539371 -24.894728 215.748016 53.186325 -24.894728 217.261124 46.026272 -24.894728 217.261124 45.472443 -24.894728 219.328049 53.186325 -24.894728 221.394974 51.673229 -24.894728 222.908066 47.539371 -24.894728 222.908066 49.606300 -24.894728 223.461899 47.539371 49.354610 222.908066 47.539371 49.354610 215.748016 45.472443 49.354610 219.328049 46.026272 49.354610 217.261124 53.186325 49.354610 217.261124 53.186325 49.354610 221.394974 51.673229 49.354610 222.908066 49.606300 49.354610 223.461899 52.755905 -18.410477 212.572037 51.574802 -12.898665 212.572037 51.574802 -18.410477 212.572037 52.755905 -12.898665 212.572037 46.871536 -13.313509 209.770706 47.141697 -17.725473 209.230392 46.871536 -17.995634 209.770706 47.141697 -13.583669 209.230392 52.755905 -13.686068 210.209839 52.755905 -18.410477 210.209839 52.755905 -12.898665 210.209839 47.244095 -17.623075 208.635025 47.244095 -13.686068 208.635025 46.456692 -12.898665 210.209839 46.456692 -18.410477 210.209839 47.637794 -18.410477 212.572037 46.456692 -12.898665 212.572037 46.456692 -18.410477 212.572037 47.637794 -12.898665 212.572037 47.637794 -12.898665 210.997238 51.574802 -12.898665 210.997238 51.574802 -18.410477 210.997238 47.637794 -18.410477 210.997238 52.070904 -17.725473 209.230392 51.968502 -17.623075 208.635025 52.341061 -13.686068 209.770706 52.341061 -17.995634 209.770706 52.070904 -13.686068 209.230392 52.070904 -13.583669 209.230392 52.341061 -13.313509 209.770706 51.968502 -13.686068 208.635025 51.574802 -24.894728 215.721649 49.606300 24.711571 215.194183 51.574802 24.711571 215.721649 47.637794 24.711571 215.721649 47.637794 -24.894728 215.721649 47.637794 -24.894728 212.572037 51.574802 -24.894728 212.572037 51.574802 -22.532524 211.259705 47.637794 -24.107327 211.784637 47.637794 -22.532524 211.259705 51.574802 -24.107327 211.784637 47.637794 -20.170319 210.997238 47.637794 19.987162 210.997238 47.637794 22.349365 211.259705 47.637794 24.139412 211.856384 47.637794 24.711571 212.572037 51.574802 24.139412 211.856384 51.574802 22.349365 211.259705 51.574802 24.711571 212.572037 51.574802 19.987162 210.997238 51.574802 -20.170319 210.997238 51.574802 3.243067 194.461807 47.637794 6.392673 194.461807 51.574802 6.392673 194.461807 47.637794 3.243067 194.461807 51.574802 -2.268744 195.249207 47.637794 -2.268744 194.461807 47.637794 -2.268744 195.249207 51.574802 -2.268744 194.461807 51.574802 3.243067 195.249207 47.637794 3.243067 195.249207 47.637794 -2.662445 199.186218 49.606300 -2.367170 199.855881 47.637794 -2.071894 199.344452 49.606300 -2.737544 199.756638 49.606300 -2.151013 200.072037 47.637794 -1.639580 199.776764 51.574802 -7.780555 200.367310 49.606300 -7.110885 200.072037 49.606300 -7.190004 200.367310 51.574802 -7.622318 199.776764 51.574802 -2.662445 199.186218 51.574802 -2.071894 199.344452 51.574802 -1.639580 199.776764 51.574802 -7.190004 199.344452 49.606300 -6.894729 199.855881 51.574802 -1.481343 200.367310 49.606300 -2.071894 200.367310 47.637794 -7.622318 199.776764 47.637794 -7.780555 200.367310 47.637794 -1.481343 200.367310 51.574802 -11.717564 200.367310 47.637794 -11.717564 200.367310 47.637794 -6.599453 199.186218 49.606300 -6.524354 199.756638 47.637794 8.596640 199.776764 49.606300 8.164327 200.367310 47.637794 8.754878 200.367310 49.606300 8.085208 200.072037 51.574802 8.754878 200.367310 51.574802 8.596640 199.776764 47.637794 8.164327 199.344452 49.606300 7.869051 199.855881 51.574802 2.455665 200.367310 49.606300 3.125335 200.072037 49.606300 3.046216 200.367310 51.574802 2.613903 199.776764 47.637794 2.613903 199.776764 47.637794 2.455665 200.367310 47.637794 -7.190004 199.344452 51.574802 -6.599453 199.186218 47.637794 -5.418351 194.461807 47.637794 -7.938035 194.816132 47.637794 -9.827800 195.524796 47.637794 8.912358 194.816132 47.637794 10.802122 195.524796 47.637794 -11.087642 196.587784 47.637794 12.061964 196.587784 47.637794 -11.717564 198.005112 47.637794 12.691886 198.005112 47.637794 3.636767 199.186218 47.637794 3.046216 199.344452 47.637794 -1.087642 200.367310 47.637794 2.061964 200.367310 47.637794 7.573775 199.186218 47.637794 12.691886 200.367310 51.574802 3.046216 199.344452 49.606300 3.341492 199.855881 51.574802 -11.717564 198.005112 51.574802 -1.087642 200.367310 51.574802 -5.418351 194.461807 51.574802 12.691886 200.367310 51.574802 12.691886 198.005112 51.574802 12.061964 196.587784 51.574802 8.912358 194.816132 51.574802 10.802122 195.524796 51.574802 -7.938035 194.816132 51.574802 -9.827800 195.524796 51.574802 -11.087642 196.587784 51.574802 7.573775 199.186218 51.574802 8.164327 199.344452 51.574802 3.636767 199.186218 51.574802 2.061964 200.367310 49.606300 7.498677 199.756638 49.606300 3.711866 199.756638 52.755905 13.872988 212.572037 51.574802 19.384798 212.572037 51.574802 13.872988 212.572037 52.755905 19.384798 212.572037 46.871536 18.969955 209.770706 47.141697 14.557991 209.230392 46.871536 14.287831 209.770706 47.141697 18.699797 209.230392 52.755905 18.597397 210.209839 52.755905 13.872988 210.209839 52.755905 19.384798 210.209839 47.244095 14.660390 208.635025 47.244095 18.597397 208.635025 46.456692 19.384798 210.209839 46.456692 13.872988 210.209839 47.637794 13.872988 212.572037 46.456692 19.384798 212.572037 46.456692 13.872988 212.572037 47.637794 19.384798 212.572037 47.637794 19.384798 210.997238 51.574802 19.384798 210.997238 51.574802 13.872988 210.997238 47.637794 13.872988 210.997238 52.070904 14.557991 209.230392 51.968502 14.660390 208.635025 52.341061 18.597397 209.770706 52.341061 14.287831 209.770706 52.070904 18.597397 209.230392 52.070904 18.699797 209.230392 52.341061 18.969955 209.770706 51.968502 18.597397 208.635025 52.765488 -12.504965 204.304321 51.584385 -6.993154 204.304321 51.584385 -12.504965 204.304321 52.765488 -6.993154 204.304321 46.881119 -7.407997 201.502991 47.151276 -11.819963 200.962662 46.881119 -12.090121 201.502991 47.151276 -7.678156 200.962662 52.765488 -7.780555 201.942123 52.765488 -12.504965 201.942123 52.765488 -6.993154 201.942123 47.253677 -11.717564 200.367310 47.253677 -7.780555 200.367310 46.466274 -6.993154 201.942123 46.466274 -12.504965 201.942123 47.647377 -12.504965 204.304321 46.466274 -6.993154 204.304321 46.466274 -12.504965 204.304321 47.647377 -6.993154 204.304321 47.647377 -6.993154 202.729523 51.584385 -6.993154 202.729523 51.584385 -12.504965 202.729523 47.647377 -12.504965 202.729523 52.080486 -11.819963 200.962662 51.978085 -11.717564 200.367310 52.350643 -7.780555 201.502991 52.350643 -12.090121 201.502991 52.080486 -7.780555 200.962662 52.080486 -7.678156 200.962662 52.350643 -7.407997 201.502991 51.978085 -7.780555 200.367310 52.755905 7.967476 204.304321 51.574802 13.479287 204.304321 51.574802 7.967476 204.304321 52.755905 13.479287 204.304321 46.871536 13.064444 201.502991 47.141697 8.652479 200.962662 46.871536 8.382319 201.502991 47.141697 12.794285 200.962662 52.755905 12.691886 201.942123 52.755905 7.967476 201.942123 52.755905 13.479287 201.942123 47.244095 8.754878 200.367310 47.244095 12.691886 200.367310 46.456692 13.479287 201.942123 46.456692 7.967476 201.942123 47.637794 7.967476 204.304321 46.456692 13.479287 204.304321 46.456692 7.967476 204.304321 47.637794 13.479287 204.304321 47.637794 13.479287 202.729523 51.574802 13.479287 202.729523 51.574802 7.967476 202.729523 47.637794 7.967476 202.729523 52.070904 8.652479 200.962662 51.968502 8.754878 200.367310 52.341061 12.691886 201.502991 52.341061 8.382319 201.502991 52.070904 12.691886 200.962662 52.070904 12.794285 200.962662 52.341061 13.064444 201.502991 51.968502 12.691886 200.367310 51.574802 2.849366 202.729523 47.637794 13.872988 202.729523 51.574802 13.872988 202.729523 47.637794 2.849366 202.729523 51.574802 2.849366 203.516922 47.637794 2.849366 203.516922 51.574802 -1.875044 203.516922 47.637794 -1.875044 202.729523 47.637794 -1.875044 203.516922 51.574802 -1.875044 202.729523 47.637794 0.487161 203.516922 51.574802 0.487161 203.516922 47.637794 -12.504965 207.453934 49.606300 -2.737544 208.024353 47.637794 -2.662445 207.453934 49.606300 -12.429867 208.024353 49.606300 -2.151013 208.339752 51.574802 -2.071894 207.612167 51.574802 -1.639580 208.044479 49.606300 -2.367170 208.123596 51.574802 -1.481343 208.635025 49.606300 -2.071894 208.635025 47.637794 -2.071894 207.612167 47.637794 -1.639580 208.044479 51.574802 -2.662445 207.453934 47.637794 -1.481343 208.635025 49.606300 -12.800241 208.123596 51.574802 -12.504965 207.453934 51.574802 -13.095516 207.612167 51.574802 -13.686068 208.635025 49.606300 -13.016397 208.339752 49.606300 -13.095516 208.635025 51.574802 -13.527829 208.044479 47.637794 -13.527829 208.044479 47.637794 -13.095516 207.612167 47.637794 -13.686068 208.635025 51.574802 2.455665 208.635025 49.606300 3.125335 208.339752 49.606300 3.046216 208.635025 51.574802 2.613903 208.044479 51.574802 -17.623075 208.635025 47.637794 -17.623075 208.635025 47.637794 -12.898665 202.729523 47.637794 -14.788429 203.083847 47.637794 -16.205751 203.792511 47.637794 15.762752 203.083847 47.637794 17.180075 203.792511 47.637794 -17.150635 204.855499 47.637794 18.124956 204.855499 47.637794 -17.623075 206.272827 47.637794 18.597397 206.272827 47.637794 3.636767 207.453934 47.637794 3.046216 207.612167 47.637794 2.613903 208.044479 47.637794 2.455665 208.635025 47.637794 -1.087642 208.635025 47.637794 2.061964 208.635025 47.637794 13.479287 207.453934 47.637794 18.597397 208.635025 47.637794 14.069839 207.612167 47.637794 14.502151 208.044479 47.637794 14.660390 208.635025 51.574802 2.061964 208.635025 51.574802 15.762752 203.083847 51.574802 -1.087642 208.635025 51.574802 17.180075 203.792511 51.574802 -12.898665 202.729523 51.574802 -14.788429 203.083847 51.574802 -16.205751 203.792511 51.574802 18.124956 204.855499 51.574802 -17.150635 204.855499 51.574802 18.597397 206.272827 51.574802 -17.623075 206.272827 51.574802 13.479287 207.453934 51.574802 18.597397 208.635025 51.574802 14.069839 207.612167 51.574802 14.502151 208.044479 51.574802 14.660390 208.635025 51.574802 3.046216 207.612167 51.574802 3.636767 207.453934 49.606300 14.069839 208.635025 49.606300 13.990720 208.339752 49.606300 13.774563 208.123596 49.606300 13.404189 208.024353 49.606300 3.711866 208.024353 49.606300 3.341492 208.123596 -78.772568 -1.132039 164.304565 -81.395042 -1.132039 163.603592 -78.558868 -1.132039 163.044601 -81.220863 -1.132039 163.809036 -81.220863 -1.132039 164.999603 -79.596558 -1.132039 165.188416 -80.722565 -1.132039 165.365448 -87.710838 -1.132039 161.879913 -79.035431 -1.132039 161.879913 -81.717873 -1.132039 163.603592 -82.668709 -1.132039 164.340561 -87.710838 -1.132039 172.199677 -84.144669 -1.132039 166.655304 -82.942261 -1.132039 165.563858 -83.332588 -1.132039 166.294296 -83.833649 -1.132039 166.655304 -85.790588 -1.132039 169.361893 -84.344109 -1.132039 168.184799 -84.791595 -1.132039 168.888702 -85.420509 -1.132039 169.361893 -85.790588 -1.132039 170.872330 -86.126236 -1.132039 171.505081 -86.756927 -1.132039 172.006775 -87.303146 -1.132039 172.199677 -87.822838 0.836465 172.199677 -87.822838 -1.132039 172.199677 -87.303146 0.836465 172.199677 -87.822838 -1.132039 161.879913 -87.822838 0.836465 161.879913 -86.756927 0.836465 172.006775 -86.126236 0.836465 171.505081 -85.790588 0.836465 170.872330 -85.790588 0.836465 169.361893 -85.420509 0.836465 169.361893 -84.791595 0.836465 168.888702 -84.344109 0.836465 168.184799 -84.144669 0.836465 166.655304 -83.833649 0.836465 166.655304 -83.332588 0.836465 166.294296 -82.942261 0.836465 165.563858 -82.668709 0.836465 164.340561 -81.717873 0.836465 163.603592 -81.395042 0.836465 163.603592 -81.220863 0.836465 163.809036 -81.220863 0.836465 164.999603 -80.722565 0.836465 165.365448 -79.596558 0.836465 165.188416 -78.772568 0.836465 164.304565 -78.558868 0.836465 163.044601 -79.035431 0.836465 161.879913 -90.157478 2.755905 175.498489 -94.094490 6.299212 175.498489 -90.157478 6.299212 175.498489 -94.094490 2.755905 175.498489 -90.157478 -2.755906 176.285889 -94.094490 -2.755906 175.498489 -94.094490 -2.755906 176.285889 -90.157478 -2.755906 175.498489 -94.094490 2.755905 176.285889 -90.157478 2.755905 176.285889 -90.157478 8.923884 175.734711 -90.157478 11.023622 176.207153 -90.157478 12.598425 176.915802 -90.157478 -6.299212 175.498489 -90.157478 -8.923884 175.734711 -90.157478 -11.023623 176.207153 -90.157478 -12.598425 176.915802 -90.157478 13.648293 177.860687 -90.157478 -13.648294 177.860687 -90.157478 14.173228 179.041794 -90.157478 -14.173228 179.041794 -90.157478 9.055119 180.222900 -90.157478 14.173228 181.403992 -90.157478 -3.149606 180.222900 -90.157478 9.645669 180.381134 -90.157478 10.077983 180.813446 -90.157478 10.236220 181.403992 -90.157478 1.968504 181.403992 -90.157478 1.574803 181.403992 -90.157478 2.126742 180.813446 -90.157478 3.149606 180.222900 -90.157478 -2.559055 180.381134 -90.157478 2.559055 180.381134 -90.157478 -2.126742 180.813446 -90.157478 -1.968504 181.403992 -90.157478 -1.574803 181.403992 -90.157478 -9.055119 180.222900 -90.157478 -14.173228 181.403992 -90.157478 -9.645669 180.381134 -90.157478 -10.077983 180.813446 -90.157478 -10.236220 181.403992 -94.094490 -1.574803 181.403992 -94.094490 -1.968504 181.403992 -92.125984 -2.559055 181.403992 -94.094490 1.574803 181.403992 -94.094490 -2.126742 180.813446 -92.125984 -2.638174 181.108719 -92.125984 -3.224705 180.793320 -92.125984 -8.980020 180.793320 -94.094490 -10.236220 181.403992 -92.125984 -9.566550 181.108719 -94.094490 -10.077983 180.813446 -92.125984 -9.645669 181.403992 -94.094490 9.645669 180.381134 -92.125984 9.566550 181.108719 -94.094490 10.077983 180.813446 -92.125984 9.350393 180.892563 -92.125984 -2.854331 180.892563 -94.094490 -9.055119 180.222900 -94.094490 -3.149606 180.222900 -92.125984 9.645669 181.403992 -92.125984 2.638174 181.108719 -94.094490 2.559055 180.381134 -94.094490 2.126742 180.813446 -92.125984 2.854331 180.892563 -94.094490 8.923884 175.734711 -92.125984 2.559055 181.403992 -94.094490 -14.173228 181.403992 -94.094490 -14.173228 179.041794 -94.094490 10.236220 181.403992 -94.094490 9.055119 180.222900 -92.125984 8.980020 180.793320 -94.094490 -9.645669 180.381134 -92.125984 -9.350393 180.892563 -94.094490 -6.299212 175.498489 -94.094490 -8.923884 175.734711 -92.125984 3.224705 180.793320 -94.094490 3.149606 180.222900 -94.094490 -2.559055 180.381134 -94.094490 -13.648294 177.860687 -94.094490 -11.023623 176.207153 -94.094490 -12.598425 176.915802 -94.094490 14.173228 181.403992 -94.094490 1.968504 181.403992 -94.094490 14.173228 179.041794 -94.094490 13.648293 177.860687 -94.094490 12.598425 176.915802 -94.094490 11.023622 176.207153 -87.992126 49.354610 192.102676 -88.259018 -24.894728 193.098740 -87.992126 -24.894728 192.102676 -88.259018 49.354610 193.098740 -90.059052 49.354610 188.522659 -92.125984 -24.894728 187.968826 -92.125984 49.354610 187.968826 -90.059052 -24.894728 188.522659 -95.706009 49.354610 194.169601 -95.992950 -24.894728 193.098740 -95.706009 -24.894728 194.169601 -95.992950 49.354610 193.098740 -94.192917 -24.894728 188.522659 -88.545959 -24.894728 190.035751 -95.706009 -24.894728 190.035751 -96.259842 -24.894728 192.102676 -88.545959 -24.894728 194.169601 -90.059052 -24.894728 195.682709 -94.192917 -24.894728 195.682709 -92.125984 -24.894728 196.236542 -94.192917 49.354610 195.682709 -94.192917 49.354610 188.522659 -96.259842 49.354610 192.102676 -95.706009 49.354610 190.035751 -88.545959 49.354610 190.035751 -88.545959 49.354610 194.169601 -90.059052 49.354610 195.682709 -92.125984 49.354610 196.236542 -89.451279 -2.428795 172.967194 -91.732285 -2.362354 173.202515 -91.732285 -3.373620 172.967194 -90.166351 -1.713722 173.202515 -94.581436 -2.996939 172.309570 -96.161415 -0.147787 171.432297 -94.864151 -3.279658 171.432297 -95.761589 -0.147787 172.309570 -89.517715 -0.147787 173.202515 -89.451279 2.133221 172.967194 -90.166351 1.418148 173.202515 -88.506454 -0.147787 172.967194 -88.883133 -2.996939 172.309570 -87.702972 -0.147787 172.309570 -91.732285 3.881521 172.309570 -91.732285 3.078045 172.967194 -88.883133 2.701364 172.309570 -93.298218 -1.713722 173.202515 -93.298218 1.418148 173.202515 -93.946854 -0.147787 173.202515 -91.732285 2.066780 173.202515 -92.550140 -2.023587 173.202515 -88.600410 2.984083 161.879913 -87.303146 -0.147787 170.326965 -87.303146 -0.147787 161.879913 -87.303146 -0.147787 171.432297 -88.600410 2.984083 170.326965 -88.600410 2.984083 171.432297 -88.600410 -3.279658 171.432297 -91.732285 4.281347 171.432297 -88.600410 -3.279658 170.326965 -91.732285 -4.576921 161.879913 -88.600410 -3.279658 161.879913 -91.732285 -4.576921 170.326965 -91.732285 -4.576921 171.432297 -91.732285 -4.177096 172.309570 -93.333107 -3.913838 171.432297 -93.191750 -3.572566 172.309570 -92.907677 -2.886756 172.967194 -94.013290 -2.428795 172.967194 -94.958115 -0.147787 172.967194 -94.864151 2.984083 171.432297 -96.161415 -0.147787 161.879913 -94.864151 2.984083 161.879913 -94.864151 2.984083 170.326965 -94.013290 2.133221 172.967194 -94.581436 2.701364 172.309570 -91.732285 4.281347 170.326965 -91.732285 4.281347 161.879913 -94.864151 -3.279658 170.326965 -94.864151 -3.279658 161.879913 -93.333107 -3.913838 161.879913 -88.976379 9.448819 185.341003 -90.157478 14.960629 185.341003 -90.157478 9.448819 185.341003 -88.976379 14.960629 185.341003 -94.860748 14.545787 182.539673 -94.590591 10.133821 181.999344 -94.860748 9.863662 182.539673 -94.590591 14.275627 181.999344 -88.976379 14.173228 182.978806 -88.976379 9.448819 182.978806 -88.976379 14.960629 182.978806 -94.488190 10.236220 181.403992 -94.488190 14.173228 181.403992 -95.275589 14.960629 182.978806 -95.275589 9.448819 182.978806 -94.094490 9.448819 185.341003 -95.275589 14.960629 185.341003 -95.275589 9.448819 185.341003 -94.094490 14.960629 185.341003 -94.094490 14.960629 183.766205 -90.157478 14.960629 183.766205 -90.157478 9.448819 183.766205 -94.094490 9.448819 183.766205 -89.661377 10.133821 181.999344 -89.763779 10.236220 181.403992 -89.391220 14.173228 182.539673 -89.391220 9.863662 182.539673 -89.661377 14.173228 181.999344 -89.661377 14.275627 181.999344 -89.391220 14.545787 182.539673 -89.763779 14.173228 181.403992 -88.976379 -3.149606 182.978806 -94.094490 -3.149606 183.766205 -95.275589 -3.149606 182.978806 -90.157478 -3.149606 183.766205 -90.157478 -3.149606 185.341003 -88.976379 -3.149606 185.341003 -94.094490 -3.149606 185.341003 -95.275589 -3.149606 185.341003 -88.976379 3.149606 185.341003 -88.976379 2.362205 182.978806 -88.976379 3.149606 182.978806 -89.391220 2.362205 182.539673 -89.391220 2.734763 182.539673 -89.391220 -2.734763 182.539673 -94.860748 2.734763 182.539673 -95.275589 3.149606 182.978806 -89.661377 2.362205 181.999344 -89.661377 2.464604 181.999344 -89.661377 -2.464604 181.999344 -90.157478 3.149606 183.766205 -90.157478 3.149606 185.341003 -94.094490 3.149606 185.341003 -95.275589 3.149606 185.341003 -94.094490 3.149606 183.766205 -94.590591 2.464604 181.999344 -89.763779 -2.362205 181.403992 -89.763779 2.362205 181.403992 -94.860748 -2.734763 182.539673 -94.590591 -2.464604 181.999344 -94.488190 -2.362205 181.403992 -94.488190 2.362205 181.403992 -90.157478 -20.548393 185.346710 -90.157478 20.386477 188.496277 -90.157478 -20.564020 188.496277 -90.157478 -19.757095 184.563232 -90.157478 -18.179707 184.046112 -90.157478 -15.816230 183.795364 -90.157478 15.685565 183.748489 -90.157478 18.046438 184.022675 -90.157478 19.833502 184.628235 -90.157478 20.402103 185.346710 -94.094490 -20.548393 185.346710 -94.094490 -19.757095 184.563232 -94.094490 -15.816230 183.795364 -94.094490 -18.179707 184.046112 -94.094490 19.833502 184.628235 -94.094490 20.402103 185.346710 -94.094490 20.386477 188.496277 -94.094490 15.685565 183.748489 -94.094490 -20.564020 188.496277 -94.094490 18.046438 184.022675 -88.976379 -14.960629 185.341003 -90.157478 -9.448819 185.341003 -90.157478 -14.960629 185.341003 -88.976379 -9.448819 185.341003 -94.860748 -9.863662 182.539673 -94.590591 -14.275627 181.999344 -94.860748 -14.545787 182.539673 -94.590591 -10.133821 181.999344 -88.976379 -10.236220 182.978806 -88.976379 -14.960629 182.978806 -88.976379 -9.448819 182.978806 -94.488190 -14.173228 181.403992 -94.488190 -10.236220 181.403992 -95.275589 -9.448819 182.978806 -95.275589 -14.960629 182.978806 -94.094490 -14.960629 185.341003 -95.275589 -9.448819 185.341003 -95.275589 -14.960629 185.341003 -94.094490 -9.448819 185.341003 -94.094490 -9.448819 183.766205 -90.157478 -9.448819 183.766205 -90.157478 -14.960629 183.766205 -94.094490 -14.960629 183.766205 -89.661377 -14.275627 181.999344 -89.763779 -14.173228 181.403992 -89.391220 -10.236220 182.539673 -89.391220 -14.545787 182.539673 -89.661377 -10.236220 181.999344 -89.661377 -10.133821 181.999344 -89.391220 -9.863662 182.539673 -89.763779 -10.236220 181.403992 -88.976379 -3.297394 174.711090 -94.094490 -3.297394 175.498489 -95.275589 -3.297394 174.711090 -90.157478 -3.297394 175.498489 -90.157478 -3.297394 177.073288 -88.976379 -3.297394 177.073288 -94.094490 -3.297394 177.073288 -95.275589 -3.297394 177.073288 -88.976379 3.001819 177.073288 -88.976379 2.214417 174.711090 -88.976379 3.001819 174.711090 -89.391220 2.214417 174.271957 -89.391220 2.586976 174.271957 -89.391220 -2.882550 174.271957 -94.860748 2.586976 174.271957 -95.275589 3.001819 174.711090 -89.661377 2.214417 173.731628 -89.661377 2.316816 173.731628 -89.661377 -2.612391 173.731628 -90.157478 3.001819 175.498489 -90.157478 3.001819 177.073288 -94.094490 3.001819 177.073288 -95.275589 3.001819 177.073288 -94.094490 3.001819 175.498489 -94.590591 2.316816 173.731628 -89.763779 -2.509992 173.136276 -89.763779 2.214417 173.136276 -94.860748 -2.882550 174.271957 -94.590591 -2.612391 173.731628 -94.488190 -2.509992 173.136276 -94.488190 2.214417 173.136276 -104.690956 -1.134572 164.304565 -104.904648 -1.134572 163.044601 -102.068481 -1.134572 163.603592 -102.242653 -1.134572 163.809036 -102.242653 -1.134572 164.999603 -103.866959 -1.134572 165.188416 -102.740952 -1.134572 165.365448 -104.428085 -1.134572 161.879913 -95.752678 -1.134572 161.879913 -101.745644 -1.134572 163.603592 -100.794807 -1.134572 164.340561 -95.752678 -1.134572 172.199677 -99.318848 -1.134572 166.655304 -100.521263 -1.134572 165.563858 -100.130928 -1.134572 166.294296 -99.629875 -1.134572 166.655304 -97.672935 -1.134572 169.361893 -99.119408 -1.134572 168.184799 -98.671921 -1.134572 168.888702 -98.043015 -1.134572 169.361893 -97.672935 -1.134572 170.872330 -97.337280 -1.134572 171.505081 -96.706596 -1.134572 172.006775 -96.160370 -1.134572 172.199677 -95.640686 -1.134572 172.199677 -95.640686 0.833932 172.199677 -96.160370 0.833932 172.199677 -95.640686 -1.134572 161.879913 -95.640686 0.833932 161.879913 -96.706596 0.833932 172.006775 -97.337280 0.833932 171.505081 -97.672935 0.833932 170.872330 -97.672935 0.833932 169.361893 -98.043015 0.833932 169.361893 -98.671921 0.833932 168.888702 -99.119408 0.833932 168.184799 -99.318848 0.833932 166.655304 -99.629875 0.833932 166.655304 -100.130928 0.833932 166.294296 -100.521263 0.833932 165.563858 -100.794807 0.833932 164.340561 -101.745644 0.833932 163.603592 -102.068481 0.833932 163.603592 -102.242653 0.833932 163.809036 -102.242653 0.833932 164.999603 -102.740952 0.833932 165.365448 -103.866959 0.833932 165.188416 -104.690956 0.833932 164.304565 -104.904648 0.833932 163.044601 -104.428085 0.833932 161.879913 -126.016655 -1.132039 141.787369 -128.639130 -1.132039 141.086395 -125.802963 -1.132039 140.527405 -128.464951 -1.132039 141.291840 -128.464951 -1.132039 142.482407 -126.840652 -1.132039 142.671219 -127.966660 -1.132039 142.848251 -134.954941 -1.132039 139.362717 -126.279526 -1.132039 139.362717 -128.961975 -1.132039 141.086395 -129.912811 -1.132039 141.823349 -134.954941 -1.132039 149.682480 -131.388763 -1.132039 144.138107 -130.186356 -1.132039 143.046661 -130.576691 -1.132039 143.777100 -131.077744 -1.132039 144.138107 -133.034683 -1.132039 146.844696 -131.588196 -1.132039 145.667603 -132.035690 -1.132039 146.371506 -132.664597 -1.132039 146.844696 -133.034683 -1.132039 148.355133 -133.370331 -1.132039 148.987885 -134.001022 -1.132039 149.489578 -134.547241 -1.132039 149.682480 -135.066925 0.836465 149.682480 -135.066925 -1.132039 149.682480 -134.547241 0.836465 149.682480 -135.066925 -1.132039 139.362717 -135.066925 0.836465 139.362717 -134.001022 0.836465 149.489578 -133.370331 0.836465 148.987885 -133.034683 0.836465 148.355133 -133.034683 0.836465 146.844696 -132.664597 0.836465 146.844696 -132.035690 0.836465 146.371506 -131.588196 0.836465 145.667603 -131.388763 0.836465 144.138107 -131.077744 0.836465 144.138107 -130.576691 0.836465 143.777100 -130.186356 0.836465 143.046661 -129.912811 0.836465 141.823349 -128.961975 0.836465 141.086395 -128.639130 0.836465 141.086395 -128.464951 0.836465 141.291840 -128.464951 0.836465 142.482407 -127.966660 0.836465 142.848251 -126.840652 0.836465 142.671219 -126.016655 0.836465 141.787369 -125.802963 0.836465 140.527405 -126.279526 0.836465 139.362717 -137.401581 2.755905 152.981293 -141.338577 6.299212 152.981293 -137.401581 6.299212 152.981293 -141.338577 2.755905 152.981293 -137.401581 -2.755906 153.768692 -141.338577 -2.755906 152.981293 -141.338577 -2.755906 153.768692 -137.401581 -2.755906 152.981293 -141.338577 2.755905 153.768692 -137.401581 2.755905 153.768692 -137.401581 8.923884 153.217514 -137.401581 11.023622 153.689941 -137.401581 12.598425 154.398605 -137.401581 -6.299212 152.981293 -137.401581 -8.923884 153.217514 -137.401581 -11.023623 153.689941 -137.401581 -12.598425 154.398605 -137.401581 13.648293 155.343491 -137.401581 -13.648294 155.343491 -137.401581 14.173228 156.524597 -137.401581 -14.173228 156.524597 -137.401581 9.055119 157.705704 -137.401581 14.173228 158.886795 -137.401581 -3.149606 157.705704 -137.401581 9.645669 157.863937 -137.401581 10.077983 158.296249 -137.401581 10.236220 158.886795 -137.401581 1.968504 158.886795 -137.401581 1.574803 158.886795 -137.401581 2.126742 158.296249 -137.401581 3.149606 157.705704 -137.401581 -2.559055 157.863937 -137.401581 2.559055 157.863937 -137.401581 -2.126742 158.296249 -137.401581 -1.968504 158.886795 -137.401581 -1.574803 158.886795 -137.401581 -9.055119 157.705704 -137.401581 -14.173228 158.886795 -137.401581 -9.645669 157.863937 -137.401581 -10.077983 158.296249 -137.401581 -10.236220 158.886795 -141.338577 -1.574803 158.886795 -141.338577 -1.968504 158.886795 -139.370071 -2.559055 158.886795 -141.338577 1.574803 158.886795 -141.338577 -2.126742 158.296249 -139.370071 -2.638174 158.591522 -139.370071 -3.224705 158.276123 -139.370071 -8.980020 158.276123 -141.338577 -10.236220 158.886795 -139.370071 -9.566550 158.591522 -141.338577 -10.077983 158.296249 -139.370071 -9.645669 158.886795 -141.338577 9.645669 157.863937 -139.370071 9.566550 158.591522 -141.338577 10.077983 158.296249 -139.370071 9.350393 158.375366 -139.370071 -2.854331 158.375366 -141.338577 -9.055119 157.705704 -141.338577 -3.149606 157.705704 -139.370071 9.645669 158.886795 -139.370071 2.638174 158.591522 -141.338577 2.559055 157.863937 -141.338577 2.126742 158.296249 -139.370071 2.854331 158.375366 -141.338577 8.923884 153.217514 -139.370071 2.559055 158.886795 -141.338577 -14.173228 158.886795 -141.338577 -14.173228 156.524597 -141.338577 10.236220 158.886795 -141.338577 9.055119 157.705704 -139.370071 8.980020 158.276123 -141.338577 -9.645669 157.863937 -139.370071 -9.350393 158.375366 -141.338577 -6.299212 152.981293 -141.338577 -8.923884 153.217514 -139.370071 3.224705 158.276123 -141.338577 3.149606 157.705704 -141.338577 -2.559055 157.863937 -141.338577 -13.648294 155.343491 -141.338577 -11.023623 153.689941 -141.338577 -12.598425 154.398605 -141.338577 14.173228 158.886795 -141.338577 1.968504 158.886795 -141.338577 14.173228 156.524597 -141.338577 13.648293 155.343491 -141.338577 12.598425 154.398605 -141.338577 11.023622 153.689941 -135.236221 49.354610 169.585480 -135.503113 -24.894728 170.581543 -135.236221 -24.894728 169.585480 -135.503113 49.354610 170.581543 -137.303146 49.354610 166.005447 -139.370071 -24.894728 165.451630 -139.370071 49.354610 165.451630 -137.303146 -24.894728 166.005447 -142.950104 49.354610 171.652405 -143.237045 -24.894728 170.581543 -142.950104 -24.894728 171.652405 -143.237045 49.354610 170.581543 -141.437012 -24.894728 166.005447 -135.790054 -24.894728 167.518555 -142.950104 -24.894728 167.518555 -143.503937 -24.894728 169.585480 -135.790054 -24.894728 171.652405 -137.303146 -24.894728 173.165512 -141.437012 -24.894728 173.165512 -139.370071 -24.894728 173.719345 -141.437012 49.354610 173.165512 -141.437012 49.354610 166.005447 -143.503937 49.354610 169.585480 -142.950104 49.354610 167.518555 -135.790054 49.354610 167.518555 -135.790054 49.354610 171.652405 -137.303146 49.354610 173.165512 -139.370071 49.354610 173.719345 -136.695374 -2.428795 150.449997 -138.976379 -2.362354 150.685318 -138.976379 -3.373620 150.449997 -137.410446 -1.713722 150.685318 -141.825531 -2.996939 149.792374 -143.405518 -0.147787 148.915100 -142.108246 -3.279658 148.915100 -143.005692 -0.147787 149.792374 -136.761810 -0.147787 150.685318 -136.695374 2.133221 150.449997 -137.410446 1.418148 150.685318 -135.750549 -0.147787 150.449997 -136.127228 -2.996939 149.792374 -134.947067 -0.147787 149.792374 -138.976379 3.881521 149.792374 -138.976379 3.078045 150.449997 -136.127228 2.701364 149.792374 -140.542313 -1.713722 150.685318 -140.542313 1.418148 150.685318 -141.190948 -0.147787 150.685318 -138.976379 2.066780 150.685318 -139.794235 -2.023587 150.685318 -135.844513 2.984083 139.362717 -134.547241 -0.147787 147.809753 -134.547241 -0.147787 139.362717 -134.547241 -0.147787 148.915100 -135.844513 2.984083 147.809753 -135.844513 2.984083 148.915100 -135.844513 -3.279658 148.915100 -138.976379 4.281347 148.915100 -135.844513 -3.279658 147.809753 -138.976379 -4.576921 139.362717 -135.844513 -3.279658 139.362717 -138.976379 -4.576921 147.809753 -138.976379 -4.576921 148.915100 -138.976379 -4.177096 149.792374 -140.577209 -3.913838 148.915100 -140.435837 -3.572566 149.792374 -140.151779 -2.886756 150.449997 -141.257385 -2.428795 150.449997 -142.202209 -0.147787 150.449997 -142.108246 2.984083 148.915100 -143.405518 -0.147787 139.362717 -142.108246 2.984083 139.362717 -142.108246 2.984083 147.809753 -141.257385 2.133221 150.449997 -141.825531 2.701364 149.792374 -138.976379 4.281347 147.809753 -138.976379 4.281347 139.362717 -142.108246 -3.279658 147.809753 -142.108246 -3.279658 139.362717 -140.577209 -3.913838 139.362717 -136.220474 9.448819 162.823807 -137.401581 14.960629 162.823807 -137.401581 9.448819 162.823807 -136.220474 14.960629 162.823807 -142.104843 14.545787 160.022476 -141.834686 10.133821 159.482147 -142.104843 9.863662 160.022476 -141.834686 14.275627 159.482147 -136.220474 14.173228 160.461609 -136.220474 9.448819 160.461609 -136.220474 14.960629 160.461609 -141.732285 10.236220 158.886795 -141.732285 14.173228 158.886795 -142.519684 14.960629 160.461609 -142.519684 9.448819 160.461609 -141.338577 9.448819 162.823807 -142.519684 14.960629 162.823807 -142.519684 9.448819 162.823807 -141.338577 14.960629 162.823807 -141.338577 14.960629 161.249008 -137.401581 14.960629 161.249008 -137.401581 9.448819 161.249008 -141.338577 9.448819 161.249008 -136.905472 10.133821 159.482147 -137.007874 10.236220 158.886795 -136.635315 14.173228 160.022476 -136.635315 9.863662 160.022476 -136.905472 14.173228 159.482147 -136.905472 14.275627 159.482147 -136.635315 14.545787 160.022476 -137.007874 14.173228 158.886795 -136.220474 -3.149606 160.461609 -141.338577 -3.149606 161.249008 -142.519684 -3.149606 160.461609 -137.401581 -3.149606 161.249008 -137.401581 -3.149606 162.823807 -136.220474 -3.149606 162.823807 -141.338577 -3.149606 162.823807 -142.519684 -3.149606 162.823807 -136.220474 3.149606 162.823807 -136.220474 2.362205 160.461609 -136.220474 3.149606 160.461609 -136.635315 2.362205 160.022476 -136.635315 2.734763 160.022476 -136.635315 -2.734763 160.022476 -142.104843 2.734763 160.022476 -142.519684 3.149606 160.461609 -136.905472 2.362205 159.482147 -136.905472 2.464604 159.482147 -136.905472 -2.464604 159.482147 -137.401581 3.149606 161.249008 -137.401581 3.149606 162.823807 -141.338577 3.149606 162.823807 -142.519684 3.149606 162.823807 -141.338577 3.149606 161.249008 -141.834686 2.464604 159.482147 -137.007874 -2.362205 158.886795 -137.007874 2.362205 158.886795 -142.104843 -2.734763 160.022476 -141.834686 -2.464604 159.482147 -141.732285 -2.362205 158.886795 -141.732285 2.362205 158.886795 -137.401581 -20.548393 162.829514 -137.401581 20.386477 165.979080 -137.401581 -20.564020 165.979080 -137.401581 -19.757095 162.046036 -137.401581 -18.179707 161.528915 -137.401581 -15.816230 161.278168 -137.401581 15.685565 161.231293 -137.401581 18.046438 161.505478 -137.401581 19.833502 162.111023 -137.401581 20.402103 162.829514 -141.338577 -20.548393 162.829514 -141.338577 -19.757095 162.046036 -141.338577 -15.816230 161.278168 -141.338577 -18.179707 161.528915 -141.338577 19.833502 162.111023 -141.338577 20.402103 162.829514 -141.338577 20.386477 165.979080 -141.338577 15.685565 161.231293 -141.338577 -20.564020 165.979080 -141.338577 18.046438 161.505478 -136.220474 -14.960629 162.823807 -137.401581 -9.448819 162.823807 -137.401581 -14.960629 162.823807 -136.220474 -9.448819 162.823807 -142.104843 -9.863662 160.022476 -141.834686 -14.275627 159.482147 -142.104843 -14.545787 160.022476 -141.834686 -10.133821 159.482147 -136.220474 -10.236220 160.461609 -136.220474 -14.960629 160.461609 -136.220474 -9.448819 160.461609 -141.732285 -14.173228 158.886795 -141.732285 -10.236220 158.886795 -142.519684 -9.448819 160.461609 -142.519684 -14.960629 160.461609 -141.338577 -14.960629 162.823807 -142.519684 -9.448819 162.823807 -142.519684 -14.960629 162.823807 -141.338577 -9.448819 162.823807 -141.338577 -9.448819 161.249008 -137.401581 -9.448819 161.249008 -137.401581 -14.960629 161.249008 -141.338577 -14.960629 161.249008 -136.905472 -14.275627 159.482147 -137.007874 -14.173228 158.886795 -136.635315 -10.236220 160.022476 -136.635315 -14.545787 160.022476 -136.905472 -10.236220 159.482147 -136.905472 -10.133821 159.482147 -136.635315 -9.863662 160.022476 -137.007874 -10.236220 158.886795 -136.220474 -3.297394 152.193878 -141.338577 -3.297394 152.981293 -142.519684 -3.297394 152.193878 -137.401581 -3.297394 152.981293 -137.401581 -3.297394 154.556091 -136.220474 -3.297394 154.556091 -141.338577 -3.297394 154.556091 -142.519684 -3.297394 154.556091 -136.220474 3.001819 154.556091 -136.220474 2.214417 152.193878 -136.220474 3.001819 152.193878 -136.635315 2.214417 151.754761 -136.635315 2.586976 151.754761 -136.635315 -2.882550 151.754761 -142.104843 2.586976 151.754761 -142.519684 3.001819 152.193878 -136.905472 2.214417 151.214432 -136.905472 2.316816 151.214432 -136.905472 -2.612391 151.214432 -137.401581 3.001819 152.981293 -137.401581 3.001819 154.556091 -141.338577 3.001819 154.556091 -142.519684 3.001819 154.556091 -141.338577 3.001819 152.981293 -141.834686 2.316816 151.214432 -137.007874 -2.509992 150.619080 -137.007874 2.214417 150.619080 -142.104843 -2.882550 151.754761 -141.834686 -2.612391 151.214432 -141.732285 -2.509992 150.619080 -141.732285 2.214417 150.619080 -151.935043 -1.134572 141.787369 -152.148743 -1.134572 140.527405 -149.312576 -1.134572 141.086395 -149.486755 -1.134572 141.291840 -149.486755 -1.134572 142.482407 -151.111053 -1.134572 142.671219 -149.985046 -1.134572 142.848251 -151.672180 -1.134572 139.362717 -142.996765 -1.134572 139.362717 -148.989746 -1.134572 141.086395 -148.038895 -1.134572 141.823349 -142.996765 -1.134572 149.682480 -146.562943 -1.134572 144.138107 -147.765350 -1.134572 143.046661 -147.375015 -1.134572 143.777100 -146.873962 -1.134572 144.138107 -144.917023 -1.134572 146.844696 -146.363510 -1.134572 145.667603 -145.916016 -1.134572 146.371506 -145.287109 -1.134572 146.844696 -144.917023 -1.134572 148.355133 -144.581375 -1.134572 148.987885 -143.950684 -1.134572 149.489578 -143.404465 -1.134572 149.682480 -142.884781 -1.134572 149.682480 -142.884781 0.833932 149.682480 -143.404465 0.833932 149.682480 -142.884781 -1.134572 139.362717 -142.884781 0.833932 139.362717 -143.950684 0.833932 149.489578 -144.581375 0.833932 148.987885 -144.917023 0.833932 148.355133 -144.917023 0.833932 146.844696 -145.287109 0.833932 146.844696 -145.916016 0.833932 146.371506 -146.363510 0.833932 145.667603 -146.562943 0.833932 144.138107 -146.873962 0.833932 144.138107 -147.375015 0.833932 143.777100 -147.765350 0.833932 143.046661 -148.038895 0.833932 141.823349 -148.989746 0.833932 141.086395 -149.312576 0.833932 141.086395 -149.486755 0.833932 141.291840 -149.486755 0.833932 142.482407 -149.985046 0.833932 142.848251 -151.111053 0.833932 142.671219 -151.935043 0.833932 141.787369 -152.148743 0.833932 140.527405 -151.672180 0.833932 139.362717 -181.695984 -4.918197 98.425194 -183.902237 -6.547178 78.740158 -181.603180 -5.010993 78.740158 -183.952469 -6.425934 98.425194 -184.342072 -5.485338 117.723763 -186.614166 -5.374853 118.055099 -186.614166 -5.937287 117.723763 -184.557312 -4.965716 118.055099 -184.052902 -6.183445 111.548553 -186.614166 -6.955380 98.425194 -186.614166 -6.692914 111.548553 -186.614166 7.086614 39.370079 -183.902237 6.547178 3.542801 -186.614166 7.086614 3.542801 -183.902237 6.547178 39.370079 -186.614166 7.086614 78.740158 -183.902237 6.547178 78.740158 -180.792999 -2.411211 117.181564 -182.415878 -4.198296 117.723763 -182.158829 -4.455337 117.181564 -181.128830 -2.272101 117.723763 -188.671036 -4.965716 118.055099 -188.886276 -5.485338 117.723763 -181.239319 -0.000000 118.055099 -181.648453 -2.056867 118.055099 -180.676880 -0.000000 117.723763 -180.220474 -0.000000 116.535431 -180.707169 -2.446763 116.535431 -180.313370 -0.000000 117.181564 -189.326096 -6.547178 39.370079 -191.625168 -5.010993 3.542801 -189.326096 -6.547178 3.542801 -191.625168 -5.010993 39.370079 -189.326096 -6.547178 78.740158 -191.625168 -5.010993 78.740158 -193.161346 -2.711930 78.740158 -193.161346 -2.711930 39.370079 -193.161346 -2.711930 3.542801 -183.273514 -3.340662 118.110237 -184.806213 -4.364785 118.110237 -182.813583 -3.800595 118.055099 -182.093140 -4.521029 116.535431 -181.881561 -4.732605 111.548553 -184.167404 -5.907009 116.535431 -186.614166 -6.393701 116.535431 -189.175446 -6.183445 111.548553 -189.060944 -5.907009 116.535431 -184.202957 -5.821178 117.181564 -193.161346 2.711930 78.740158 -193.700790 0.000000 39.370079 -193.700790 0.000000 78.740158 -193.700790 0.000000 3.542801 -193.161346 2.711930 3.542801 -193.161346 2.711930 39.370079 -180.067001 -2.711930 39.370079 -179.527557 -0.000000 78.740158 -180.067001 -2.711930 78.740158 -180.067001 -2.711930 3.542801 -179.527557 -0.000000 3.542801 -179.527557 -0.000000 39.370079 -181.603180 -5.010993 39.370079 -183.902237 -6.547178 3.542801 -181.603180 -5.010993 3.542801 -183.902237 -6.547178 39.370079 -182.249390 -1.807953 118.110237 -186.614166 -6.300798 117.181564 -180.430725 -2.561267 111.548553 -191.625168 5.010993 39.370079 -189.326096 6.547178 3.542801 -191.625168 5.010993 3.542801 -189.326096 6.547178 39.370079 -191.625168 5.010993 78.740158 -189.326096 6.547178 78.740158 -190.978958 -1.807953 118.110237 -190.978958 1.807953 118.110237 -191.338577 0.000000 118.110237 -189.954834 -3.340662 118.110237 -189.954834 3.340662 118.110237 -188.422119 -4.364785 118.110237 -188.422119 4.364785 118.110237 -186.614166 -4.724410 118.110237 -186.614166 4.724410 118.110237 -184.806213 4.364785 118.110237 -183.273514 3.340662 118.110237 -182.249390 1.807953 118.110237 -181.889771 0.000000 118.110237 -191.346771 -4.732605 111.548553 -191.135208 -4.521029 116.535431 -192.797623 -2.561267 111.548553 -192.521179 -2.446763 116.535431 -191.532364 -4.918197 98.425194 -193.040100 -2.661709 98.425194 -189.025391 -5.821178 117.181564 -191.069504 -4.455337 117.181564 -190.812469 -4.198296 117.723763 -192.435349 -2.411211 117.181564 -192.099518 -2.272101 117.723763 -186.614166 -7.086614 3.542801 -186.614166 -7.086614 39.370079 -186.614166 -7.086614 78.740158 -190.414764 -3.800595 118.055099 -191.579895 -2.056867 118.055099 -189.275879 -6.425934 98.425194 -181.603180 5.010993 3.542801 -181.603180 5.010993 39.370079 -181.603180 5.010993 78.740158 -180.188232 -2.661709 98.425194 -179.921265 -0.000000 111.548553 -180.067001 2.711930 39.370079 -180.067001 2.711930 3.542801 -180.067001 2.711930 78.740158 -179.658798 -0.000000 98.425194 -190.812469 4.198296 117.723763 -192.435349 2.411211 117.181564 -192.099518 2.272101 117.723763 -191.069504 4.455337 117.181564 -186.614166 5.374853 118.055099 -188.671036 4.965716 118.055099 -180.792999 2.411211 117.181564 -181.128830 2.272101 117.723763 -186.614166 6.393701 116.535431 -184.052902 6.183445 111.548553 -186.614166 6.692914 111.548553 -184.167404 5.907009 116.535431 -190.414764 3.800595 118.055099 -188.886276 5.485338 117.723763 -192.914978 0.000000 117.181564 -192.551453 0.000000 117.723763 -192.521179 2.446763 116.535431 -191.135208 4.521029 116.535431 -191.346771 4.732605 111.548553 -189.275879 6.425934 98.425194 -191.532364 4.918197 98.425194 -189.175446 6.183445 111.548553 -193.307083 0.000000 111.548553 -193.007874 0.000000 116.535431 -183.952469 6.425934 98.425194 -186.614166 6.955380 98.425194 -181.695984 4.918197 98.425194 -181.881561 4.732605 111.548553 -182.415878 4.198296 117.723763 -182.158829 4.455337 117.181564 -191.989029 0.000000 118.055099 -189.025391 5.821178 117.181564 -191.579895 2.056867 118.055099 -180.188232 2.661709 98.425194 -180.707169 2.446763 116.535431 -180.430725 2.561267 111.548553 -193.569550 0.000000 98.425194 -181.648453 2.056867 118.055099 -182.813583 3.800595 118.055099 -189.060944 5.907009 116.535431 -186.614166 6.300798 117.181564 -184.202957 5.821178 117.181564 -193.040100 2.661709 98.425194 -182.093140 4.521029 116.535431 -192.797623 2.561267 111.548553 -184.342072 5.485338 117.723763 -184.557312 4.965716 118.055099 -186.614166 5.937287 117.723763 8.021682 -5.659477 1.231157 5.425092 -7.394464 0.744720 8.021682 -5.659477 0.744720 5.425092 -7.394464 1.231157 -0.700682 -7.394464 1.231157 -3.297273 -5.659477 0.744720 -0.700682 -7.394464 0.744720 -3.297273 -5.659477 1.231157 -5.476991 -3.247101 0.372360 -3.637656 -5.999860 0.000000 -3.637656 -5.999860 0.372360 -5.476991 -3.247101 0.000000 5.233798 -6.932639 1.909318 2.362205 -8.003710 1.231157 2.362205 -7.503834 1.909318 -5.143442 -3.108941 0.744720 -6.122879 0.000000 0.372360 -5.761848 0.000000 0.744720 8.362065 -5.999860 0.372360 5.609306 -7.839195 0.000000 8.362065 -5.999860 0.000000 5.609306 -7.839195 0.372360 -5.641505 0.000000 1.231157 -5.032259 -3.062887 0.744720 -5.032259 -3.062887 1.231157 -5.641505 0.000000 0.744720 8.106778 -5.744573 0.744720 5.471145 -7.505646 0.744720 -3.382368 -5.744573 0.744720 -0.746736 -7.505646 0.744720 2.362205 -8.124053 0.744720 2.362205 -8.003710 0.744720 9.756668 -3.062887 0.744720 9.867851 -3.108941 0.744720 10.365914 -0.000000 0.744720 10.486258 -0.000000 0.744720 -5.143442 3.108941 0.744720 -5.032259 3.062887 0.744720 -3.382368 5.744573 0.744720 -3.297273 5.659477 0.744720 -0.746736 7.505646 0.744720 -0.700682 7.394464 0.744720 2.362205 8.124053 0.744720 2.362205 8.003710 0.744720 5.425092 7.394464 0.744720 5.471145 7.505646 0.744720 8.021682 5.659477 0.744720 8.106778 5.744573 0.744720 9.756668 3.062887 0.744720 9.867851 3.108941 0.744720 -0.509388 -6.932639 1.909318 -2.943807 -5.306012 1.909318 9.756668 -3.062887 1.231157 7.668217 -5.306012 1.909318 9.294844 -2.871593 1.909318 10.201400 -3.247101 0.000000 10.201400 -3.247101 0.372360 -0.884896 -7.839195 0.372360 2.362205 -8.485084 0.372360 7.447038 -5.084833 2.697753 5.114097 -6.643654 2.697753 -0.884896 -7.839195 0.000000 2.362205 -8.485084 0.000000 -0.349725 -6.547178 3.542801 -2.722628 -5.084833 2.697753 -0.389687 -6.643654 2.697753 -2.648788 -5.010993 3.542801 5.074134 -6.547178 3.542801 2.362205 -7.191040 2.697753 2.362205 -7.086614 3.542801 10.847289 -0.000000 0.372360 10.847289 -0.000000 0.000000 10.365914 -0.000000 1.231157 -4.570434 -2.871593 1.909318 -4.281450 -2.751892 2.697753 9.553245 -0.000000 2.697753 8.909383 -2.711930 3.542801 9.005859 -2.751892 2.697753 9.448819 -0.000000 3.542801 9.866039 -0.000000 1.909318 -6.122879 0.000000 0.000000 7.373198 -5.010993 3.542801 -4.184973 -2.711930 3.542801 -5.141630 0.000000 1.909318 -3.297273 5.659477 1.231157 -0.700682 7.394464 1.231157 5.609306 7.839195 0.372360 2.362205 8.485084 0.372360 -0.389687 6.643654 2.697753 2.362205 7.503834 1.909318 -0.509388 6.932639 1.909318 2.362205 7.191040 2.697753 -2.943807 5.306012 1.909318 -5.032259 3.062887 1.231157 -4.570434 2.871593 1.909318 9.005859 2.751892 2.697753 8.909383 2.711930 3.542801 -2.722628 5.084833 2.697753 7.373198 5.010993 3.542801 7.447038 5.084833 2.697753 -4.281450 2.751892 2.697753 -4.828835 0.000000 2.697753 5.233798 6.932639 1.909318 8.021682 5.659477 1.231157 5.425092 7.394464 1.231157 7.668217 5.306012 1.909318 -3.637656 5.999860 0.372360 -0.884896 7.839195 0.000000 -3.637656 5.999860 0.000000 -0.884896 7.839195 0.372360 2.362205 8.485084 0.000000 5.114097 6.643654 2.697753 2.362205 8.003710 1.231157 -5.476991 3.247101 0.372360 5.609306 7.839195 0.000000 -4.724410 0.000000 3.542801 -0.349725 6.547178 3.542801 2.362205 7.086614 3.542801 5.074134 6.547178 3.542801 9.294844 2.871593 1.909318 -5.476991 3.247101 0.000000 8.362065 5.999860 0.372360 10.201400 3.247101 0.372360 9.756668 3.062887 1.231157 8.362065 5.999860 0.000000 -2.648788 5.010993 3.542801 -4.184973 2.711930 3.542801 10.201400 3.247101 0.000000 7.280402 -4.918197 155.453842 5.074134 -6.547178 123.937195 7.373198 -5.010993 123.937195 5.023914 -6.425934 155.453842 4.634306 -5.485338 186.351715 2.362205 -5.374853 186.882202 2.362205 -5.937287 186.351715 4.419072 -4.965716 186.882202 4.923472 -6.183445 176.464935 2.362205 -6.955380 155.453842 2.362205 -6.692914 176.464935 2.362205 7.086614 60.903904 5.074134 6.547178 60.903904 2.362205 7.086614 123.937195 5.074134 6.547178 123.937195 8.183383 -2.411211 185.483643 6.560501 -4.198296 186.351715 6.817542 -4.455337 185.483643 7.847542 -2.272101 186.351715 0.305338 -4.965716 186.882202 0.090103 -5.485338 186.351715 7.737057 -0.000000 186.882202 7.327921 -2.056867 186.882202 8.299492 -0.000000 186.351715 8.755905 -0.000000 184.449158 8.269214 -2.446763 184.449158 8.663003 -0.000000 185.483643 -0.349725 -6.547178 60.903904 -2.648788 -5.010993 60.903904 -0.349725 -6.547178 123.937195 -2.648788 -5.010993 123.937195 -4.184973 -2.711930 123.937195 -4.184973 -2.711930 60.903904 5.702867 -3.340662 186.970490 4.170158 -4.364785 186.970490 6.162799 -3.800595 186.882202 6.883234 -4.521029 184.449158 7.094809 -4.732605 176.464935 4.808968 -5.907009 184.449158 2.362205 -6.393701 184.449158 -0.199062 -6.183445 176.464935 -0.084559 -5.907009 184.449158 4.773416 -5.821178 185.483643 -4.184973 2.711930 123.937195 -4.724410 0.000000 60.903904 -4.724410 0.000000 123.937195 -4.724410 0.000000 3.542801 -4.184973 2.711930 60.903904 8.909383 -2.711930 60.903904 9.448819 -0.000000 123.937195 8.909383 -2.711930 123.937195 9.448819 -0.000000 60.903904 7.373198 -5.010993 60.903904 5.074134 -6.547178 60.903904 6.726990 -1.807953 186.970490 2.362205 -6.300798 185.483643 8.545650 -2.561267 176.464935 -2.648788 5.010993 60.903904 -0.349725 6.547178 60.903904 -2.648788 5.010993 123.937195 -0.349725 6.547178 123.937195 -2.002580 -1.807953 186.970490 -2.002580 1.807953 186.970490 -2.362205 0.000000 186.970490 -0.978457 -3.340662 186.970490 -0.978457 3.340662 186.970490 0.554251 -4.364785 186.970490 0.554251 4.364785 186.970490 2.362205 -4.724410 186.970490 2.362205 4.724410 186.970490 4.170158 4.364785 186.970490 5.702867 3.340662 186.970490 6.726990 1.807953 186.970490 7.086614 0.000000 186.970490 -2.370400 -4.732605 176.464935 -2.158824 -4.521029 184.449158 -3.821241 -2.561267 176.464935 -3.544805 -2.446763 184.449158 -2.555992 -4.918197 155.453842 -4.063729 -2.661709 155.453842 -0.049006 -5.821178 185.483643 -2.093132 -4.455337 185.483643 -1.836091 -4.198296 186.351715 -3.458974 -2.411211 185.483643 -3.123133 -2.272101 186.351715 2.362205 -7.086614 60.903904 2.362205 -7.086614 123.937195 -1.438390 -3.800595 186.882202 -2.603512 -2.056867 186.882202 -0.299504 -6.425934 155.453842 7.373198 5.010993 60.903904 7.373198 5.010993 123.937195 8.788138 -2.661709 155.453842 9.055119 -0.000000 176.464935 8.909383 2.711930 60.903904 8.909383 2.711930 123.937195 9.317585 -0.000000 155.453842 -1.836091 4.198296 186.351715 -3.458974 2.411211 185.483643 -3.123133 2.272101 186.351715 -2.093132 4.455337 185.483643 2.362205 5.374853 186.882202 0.305338 4.965716 186.882202 8.183383 2.411211 185.483643 7.847542 2.272101 186.351715 2.362205 6.393701 184.449158 4.923472 6.183445 176.464935 2.362205 6.692914 176.464935 4.808968 5.907009 184.449158 -1.438390 3.800595 186.882202 0.090103 5.485338 186.351715 -3.938593 0.000000 185.483643 -3.575082 0.000000 186.351715 -3.544805 2.446763 184.449158 -2.158824 4.521029 184.449158 -2.370400 4.732605 176.464935 -0.299504 6.425934 155.453842 -2.555992 4.918197 155.453842 -0.199062 6.183445 176.464935 -4.330709 0.000000 176.464935 -4.031496 0.000000 184.449158 5.023914 6.425934 155.453842 2.362205 6.955380 155.453842 7.280402 4.918197 155.453842 7.094809 4.732605 176.464935 6.560501 4.198296 186.351715 6.817542 4.455337 185.483643 -3.012648 0.000000 186.882202 -0.049006 5.821178 185.483643 -2.603512 2.056867 186.882202 8.788138 2.661709 155.453842 8.269214 2.446763 184.449158 8.545650 2.561267 176.464935 -4.593176 0.000000 155.453842 7.327921 2.056867 186.882202 6.162799 3.800595 186.882202 -0.084559 5.907009 184.449158 2.362205 6.300798 185.483643 4.773416 5.821178 185.483643 -4.063729 2.661709 155.453842 6.883234 4.521029 184.449158 -3.821241 2.561267 176.464935 4.634306 5.485338 186.351715 4.419072 4.965716 186.882202 2.362205 5.937287 186.351715 13.042738 -0.000000 -1.320766 11.606785 -3.829230 -0.576325 12.229731 -4.087263 -1.320766 12.368466 -0.000000 -0.576325 10.854700 -8.492496 -2.198051 6.958310 -11.095980 -2.694531 10.854700 -8.492496 -2.694531 6.958310 -11.095980 -2.198051 6.191435 -9.244580 -0.576325 2.362205 -10.680532 -1.320766 6.449468 -9.867526 -1.320766 2.362205 -10.006261 -0.576325 2.362205 -12.010202 -2.694531 2.362205 -12.010202 -2.198051 -5.190073 -7.552277 -1.320766 -7.969212 -4.279413 -2.198051 -5.545119 -7.907324 -2.198051 -7.505321 -4.087263 -1.320766 13.458184 -4.596106 -2.694531 13.458184 -4.596106 -2.198051 -1.725058 -9.867526 -1.320766 -1.917208 -10.331417 -2.198051 9.914482 -7.552277 -1.320766 6.641618 -10.331417 -2.198051 10.269529 -7.907324 -2.198051 2.362205 -11.182645 -2.198051 -1.155337 -8.492097 -0.000000 -1.467026 -9.244580 -0.576325 2.362205 -9.191780 -0.000000 11.553985 -0.000000 -0.000000 10.854301 -3.517542 -0.000000 -6.882375 -3.829230 -0.576325 -8.318328 0.000000 -1.320766 -7.644056 0.000000 -0.576325 -4.713291 -7.075495 -0.576325 -6.129892 -3.517542 -0.000000 -4.137365 -6.499570 -0.000000 -8.820440 0.000000 -2.198051 13.544849 -0.000000 -2.198051 12.693622 -4.279413 -2.198051 8.861774 -6.499570 -0.000000 5.879746 -8.492097 -0.000000 9.437700 -7.075495 -0.576325 -8.733775 -4.596106 -2.198051 -9.647997 0.000000 -2.198051 -6.130291 -8.492496 -2.198051 -2.233901 -11.095980 -2.198051 14.372407 -0.000000 -2.198051 -8.733775 4.596106 -2.198051 -7.969212 4.279413 -2.198051 -6.130291 8.492496 -2.198051 -5.545119 7.907324 -2.198051 -2.233901 11.095980 -2.198051 -1.917208 10.331417 -2.198051 2.362205 12.010202 -2.198051 2.362205 11.182645 -2.198051 6.641618 10.331417 -2.198051 6.958310 11.095980 -2.198051 10.269529 7.907324 -2.198051 10.854700 8.492496 -2.198051 12.693622 4.279413 -2.198051 13.458184 4.596106 -2.198051 -8.733775 -4.596106 -2.694531 -6.130291 -8.492496 -2.694531 14.372407 -0.000000 -2.694531 -9.647997 0.000000 -2.694531 -2.233901 -11.095980 -2.694531 -6.829575 0.000000 -0.000000 -6.129892 3.517542 -0.000000 -6.122879 0.000000 -0.000000 -5.476991 -3.247101 -0.000000 -3.637656 -5.999860 -0.000000 -0.884896 -7.839195 -0.000000 2.362205 -8.485084 -0.000000 5.609306 -7.839195 -0.000000 8.362065 -5.999860 -0.000000 10.201400 -3.247101 -0.000000 10.847289 -0.000000 -0.000000 -5.476991 3.247101 -0.000000 -4.137365 6.499570 -0.000000 -3.637656 5.999860 -0.000000 -1.155337 8.492097 -0.000000 -0.884896 7.839195 -0.000000 2.362205 9.191780 -0.000000 2.362205 8.485084 -0.000000 5.609306 7.839195 -0.000000 5.879746 8.492097 -0.000000 8.362065 5.999860 -0.000000 8.861774 6.499570 -0.000000 10.201400 3.247101 -0.000000 10.854301 3.517542 -0.000000 -6.882375 3.829230 -0.576325 -1.467026 9.244580 -0.576325 -4.713291 7.075495 -0.576325 -1.725058 9.867526 -1.320766 -5.190073 7.552277 -1.320766 2.362205 12.010202 -2.694531 -2.233901 11.095980 -2.694531 11.606785 3.829230 -0.576325 -7.505321 4.087263 -1.320766 9.914482 7.552277 -1.320766 12.229731 4.087263 -1.320766 2.362205 10.680532 -1.320766 6.449468 9.867526 -1.320766 10.854700 8.492496 -2.694531 6.958310 11.095980 -2.694531 2.362205 10.006261 -0.576325 9.437700 7.075495 -0.576325 6.191435 9.244580 -0.576325 13.458184 4.596106 -2.694531 -8.733775 4.596106 -2.694531 -6.130291 8.492496 -2.694531 -175.933640 -0.000000 -1.320766 -177.369598 -3.829230 -0.576325 -176.746643 -4.087263 -1.320766 -176.607910 -0.000000 -0.576325 -178.121674 -8.492496 -2.198051 -182.018066 -11.095980 -2.694531 -178.121674 -8.492496 -2.694531 -182.018066 -11.095980 -2.198051 -182.784943 -9.244580 -0.576325 -186.614166 -10.680532 -1.320766 -182.526917 -9.867526 -1.320766 -186.614166 -10.006261 -0.576325 -186.614166 -12.010202 -2.694531 -186.614166 -12.010202 -2.198051 -194.166443 -7.552277 -1.320766 -196.945587 -4.279413 -2.198051 -194.521500 -7.907324 -2.198051 -196.481705 -4.087263 -1.320766 -175.518188 -4.596106 -2.694531 -175.518188 -4.596106 -2.198051 -190.701431 -9.867526 -1.320766 -190.893585 -10.331417 -2.198051 -179.061890 -7.552277 -1.320766 -182.334763 -10.331417 -2.198051 -178.706848 -7.907324 -2.198051 -186.614166 -11.182645 -2.198051 -190.131714 -8.492097 -0.000000 -190.443405 -9.244580 -0.576325 -186.614166 -9.191780 -0.000000 -177.422394 -0.000000 -0.000000 -178.122070 -3.517542 -0.000000 -195.858749 -3.829230 -0.576325 -197.294708 0.000000 -1.320766 -196.620438 0.000000 -0.576325 -193.689667 -7.075495 -0.576325 -195.106277 -3.517542 -0.000000 -193.113739 -6.499570 -0.000000 -197.796814 0.000000 -2.198051 -175.431534 -0.000000 -2.198051 -176.282761 -4.279413 -2.198051 -180.114609 -6.499570 -0.000000 -183.096634 -8.492097 -0.000000 -179.538681 -7.075495 -0.576325 -197.710159 -4.596106 -2.198051 -198.624374 0.000000 -2.198051 -195.106674 -8.492496 -2.198051 -191.210281 -11.095980 -2.198051 -174.603973 -0.000000 -2.198051 -197.710159 4.596106 -2.198051 -196.945587 4.279413 -2.198051 -195.106674 8.492496 -2.198051 -194.521500 7.907324 -2.198051 -191.210281 11.095980 -2.198051 -190.893585 10.331417 -2.198051 -186.614166 12.010202 -2.198051 -186.614166 11.182645 -2.198051 -182.334763 10.331417 -2.198051 -182.018066 11.095980 -2.198051 -178.706848 7.907324 -2.198051 -178.121674 8.492496 -2.198051 -176.282761 4.279413 -2.198051 -175.518188 4.596106 -2.198051 -197.710159 -4.596106 -2.694531 -195.106674 -8.492496 -2.694531 -174.603973 -0.000000 -2.694531 -198.624374 0.000000 -2.694531 -191.210281 -11.095980 -2.694531 -195.805954 0.000000 -0.000000 -195.106277 3.517542 -0.000000 -195.099258 0.000000 -0.000000 -194.453369 -3.247101 -0.000000 -192.614029 -5.999860 -0.000000 -189.861267 -7.839195 -0.000000 -186.614166 -8.485084 -0.000000 -183.367065 -7.839195 -0.000000 -180.614319 -5.999860 -0.000000 -178.774979 -3.247101 -0.000000 -178.129089 -0.000000 -0.000000 -194.453369 3.247101 -0.000000 -193.113739 6.499570 -0.000000 -192.614029 5.999860 -0.000000 -190.131714 8.492097 -0.000000 -189.861267 7.839195 -0.000000 -186.614166 9.191780 -0.000000 -186.614166 8.485084 -0.000000 -183.367065 7.839195 -0.000000 -183.096634 8.492097 -0.000000 -180.614319 5.999860 -0.000000 -180.114609 6.499570 -0.000000 -178.774979 3.247101 -0.000000 -178.122070 3.517542 -0.000000 -195.858749 3.829230 -0.576325 -190.443405 9.244580 -0.576325 -193.689667 7.075495 -0.576325 -190.701431 9.867526 -1.320766 -194.166443 7.552277 -1.320766 -186.614166 12.010202 -2.694531 -191.210281 11.095980 -2.694531 -177.369598 3.829230 -0.576325 -196.481705 4.087263 -1.320766 -179.061890 7.552277 -1.320766 -176.746643 4.087263 -1.320766 -186.614166 10.680532 -1.320766 -182.526917 9.867526 -1.320766 -178.121674 8.492496 -2.694531 -182.018066 11.095980 -2.694531 -186.614166 10.006261 -0.576325 -179.538681 7.075495 -0.576325 -182.784943 9.244580 -0.576325 -175.518188 4.596106 -2.694531 -197.710159 4.596106 -2.694531 -195.106674 8.492496 -2.694531 -180.954697 -5.659477 1.231157 -183.551285 -7.394464 0.744720 -180.954697 -5.659477 0.744720 -183.551285 -7.394464 1.231157 -189.677063 -7.394464 1.231157 -192.273651 -5.659477 0.744720 -189.677063 -7.394464 0.744720 -192.273651 -5.659477 1.231157 -194.453369 -3.247101 0.372360 -192.614029 -5.999860 0.000000 -192.614029 -5.999860 0.372360 -194.453369 -3.247101 0.000000 -183.742584 -6.932639 1.909318 -186.614166 -8.003710 1.231157 -186.614166 -7.503834 1.909318 -194.119827 -3.108941 0.744720 -195.099258 0.000000 0.372360 -194.738220 0.000000 0.744720 -180.614319 -5.999860 0.372360 -183.367065 -7.839195 0.000000 -180.614319 -5.999860 0.000000 -183.367065 -7.839195 0.372360 -194.617889 0.000000 1.231157 -194.008636 -3.062887 0.744720 -194.008636 -3.062887 1.231157 -194.617889 0.000000 0.744720 -180.869598 -5.744573 0.744720 -183.505234 -7.505646 0.744720 -192.358749 -5.744573 0.744720 -189.723114 -7.505646 0.744720 -186.614166 -8.124053 0.744720 -186.614166 -8.003710 0.744720 -179.219711 -3.062887 0.744720 -179.108521 -3.108941 0.744720 -178.610458 -0.000000 0.744720 -178.490128 -0.000000 0.744720 -194.119827 3.108941 0.744720 -194.008636 3.062887 0.744720 -192.358749 5.744573 0.744720 -192.273651 5.659477 0.744720 -189.723114 7.505646 0.744720 -189.677063 7.394464 0.744720 -186.614166 8.124053 0.744720 -186.614166 8.003710 0.744720 -183.551285 7.394464 0.744720 -183.505234 7.505646 0.744720 -180.954697 5.659477 0.744720 -180.869598 5.744573 0.744720 -179.219711 3.062887 0.744720 -179.108521 3.108941 0.744720 -189.485764 -6.932639 1.909318 -191.920181 -5.306012 1.909318 -179.219711 -3.062887 1.231157 -181.308167 -5.306012 1.909318 -179.681534 -2.871593 1.909318 -178.774979 -3.247101 0.000000 -178.774979 -3.247101 0.372360 -189.861267 -7.839195 0.372360 -186.614166 -8.485084 0.372360 -181.529343 -5.084833 2.697753 -183.862274 -6.643654 2.697753 -189.861267 -7.839195 0.000000 -186.614166 -8.485084 0.000000 -191.699005 -5.084833 2.697753 -189.366058 -6.643654 2.697753 -186.614166 -7.191040 2.697753 -178.129089 -0.000000 0.372360 -178.129089 -0.000000 0.000000 -178.610458 -0.000000 1.231157 -193.546814 -2.871593 1.909318 -193.257828 -2.751892 2.697753 -179.423126 -0.000000 2.697753 -179.970520 -2.751892 2.697753 -179.110336 -0.000000 1.909318 -195.099258 0.000000 0.000000 -194.118011 0.000000 1.909318 -192.273651 5.659477 1.231157 -189.677063 7.394464 1.231157 -183.367065 7.839195 0.372360 -186.614166 8.485084 0.372360 -189.366058 6.643654 2.697753 -186.614166 7.503834 1.909318 -189.485764 6.932639 1.909318 -186.614166 7.191040 2.697753 -191.920181 5.306012 1.909318 -194.008636 3.062887 1.231157 -193.546814 2.871593 1.909318 -179.970520 2.751892 2.697753 -191.699005 5.084833 2.697753 -181.529343 5.084833 2.697753 -193.257828 2.751892 2.697753 -193.805206 0.000000 2.697753 -183.742584 6.932639 1.909318 -180.954697 5.659477 1.231157 -183.551285 7.394464 1.231157 -181.308167 5.306012 1.909318 -192.614029 5.999860 0.372360 -189.861267 7.839195 0.000000 -192.614029 5.999860 0.000000 -189.861267 7.839195 0.372360 -186.614166 8.485084 0.000000 -183.862274 6.643654 2.697753 -186.614166 8.003710 1.231157 -194.453369 3.247101 0.372360 -183.367065 7.839195 0.000000 -193.700790 0.000000 3.542801 -179.681534 2.871593 1.909318 -194.453369 3.247101 0.000000 -180.614319 5.999860 0.372360 -178.774979 3.247101 0.372360 -179.219711 3.062887 1.231157 -180.614319 5.999860 0.000000 -178.774979 3.247101 0.000000 -85.679047 2.467477 189.533905 -82.010857 0.498973 184.905792 -85.679047 0.498973 189.533905 -82.010857 2.467477 184.905792 -45.347553 2.467476 213.964767 -45.347553 0.498972 213.964767 -49.015747 2.467476 218.592880 -49.015747 0.498972 218.592880 -176.766861 0.592433 148.210785 -173.550491 2.560937 143.257996 -173.550491 0.592433 143.257996 -176.766861 2.560937 148.210785 -143.503937 0.592433 169.811981 -140.287567 0.592433 164.859192 -140.287567 2.560937 164.859192 -143.503937 2.560936 169.811981 -36.042469 3.254878 219.117828 -35.306137 0.498972 218.406769 -36.042469 0.498972 219.117828 -35.306137 3.254878 218.406769 -30.095173 0.498972 213.374588 -30.095173 3.254878 213.374588 4.175644 3.254878 248.863068 4.175644 0.498972 248.863068 -1.771654 0.498972 254.606293 -1.771654 3.254878 254.606293 -132.594299 2.954638 166.632797 -132.106018 0.986134 165.924988 -132.594299 0.986134 166.632797 -132.106018 2.954638 165.924988 -129.240891 0.986134 161.771759 -129.240891 2.954638 161.771759 -92.906433 2.954638 186.837219 -92.906433 0.986134 186.837219 -96.259842 2.954637 191.698257 -96.259842 0.986133 191.698257 66.535431 5.511811 181.579285 69.160103 5.364173 181.410370 66.535431 4.921260 177.766205 69.160103 -5.364173 181.410370 66.535431 -4.921260 177.766205 69.160103 -4.789441 177.703217 69.160103 4.789440 177.703217 77.952759 -4.921260 191.703217 77.952759 -5.511811 189.125641 80.577431 -4.789441 191.482742 77.952759 4.921260 191.703217 80.577431 4.789440 191.482742 77.952759 5.511811 189.125641 80.577431 -5.364173 188.976761 80.577431 5.364173 188.976761 66.535431 -5.511811 181.579285 80.971130 -2.701670 176.285889 80.441383 -3.082761 176.413025 79.648201 -1.632783 176.053177 82.283463 -1.968504 175.498489 82.283463 0.984252 175.498489 78.773216 -0.000000 176.105576 79.648201 1.632783 176.053177 80.971130 2.701670 176.285889 80.441383 3.082761 176.413025 76.889481 2.432884 176.602814 77.328903 0.582332 176.268448 76.521713 0.816438 176.365311 77.826599 2.161094 176.490356 77.159042 -0.000000 176.263062 76.521713 -0.816438 176.365311 76.348602 -0.000000 176.350723 77.328903 -0.582332 176.268448 62.592796 3.318362 177.391647 66.436279 1.669224 177.035477 62.589630 1.669224 177.127792 66.483978 3.318362 177.298264 66.393112 -0.000000 176.981995 62.589630 -1.669224 177.127792 62.588978 -0.000000 177.073288 66.436279 -1.669224 177.035477 68.886940 -0.000000 176.926224 68.966431 1.542152 176.974747 74.158539 -2.793940 176.930527 72.636528 -4.614843 177.494629 72.463371 -3.018057 177.032242 74.409447 -4.380446 177.388245 82.283463 1.968504 175.498489 82.283463 -0.984252 175.498489 72.170692 -0.000000 176.734879 68.966431 -1.542152 176.974747 72.298286 -1.374815 176.774841 82.283463 -0.000000 175.498489 76.889481 -2.432884 176.602814 77.271843 -4.002010 177.044754 77.826599 -2.161094 176.490356 78.346458 -3.690345 176.915802 72.463371 3.018057 177.032242 73.919823 1.160432 176.677536 72.298286 1.374815 176.774841 74.158539 2.793940 176.930527 69.060127 3.188979 177.236435 72.636528 4.614843 177.494629 73.919823 -1.160432 176.677536 73.763611 -0.000000 176.646515 77.271843 -4.482252 179.644760 62.592796 -3.318362 177.391647 66.483978 -3.318362 177.298264 69.060127 -3.188979 177.236435 62.598427 -4.921260 177.860687 88.689171 -4.482252 187.420609 78.346458 -4.133186 179.298981 89.763779 -4.133186 187.115845 62.598427 4.921260 177.860687 89.763779 -3.690345 188.726837 91.858711 -3.082761 186.967087 93.700790 -1.968504 183.766205 92.388451 2.929121 186.522110 92.388451 -2.929121 186.522110 93.700790 1.968504 183.766205 74.409447 4.380446 177.388245 77.271843 4.002010 177.044754 78.346458 3.690345 176.915802 84.053848 -5.168624 188.483810 74.409447 -4.906100 180.565811 85.826775 -4.906100 188.232407 85.826775 4.380446 190.380371 88.689171 4.002010 189.178162 85.826775 4.906100 188.232407 74.409447 4.906100 180.565811 85.826775 -4.380446 190.380371 88.689171 -4.002010 189.178162 80.971130 -3.025871 177.609879 89.763779 3.690345 188.726837 74.015747 -5.511811 189.348953 91.858711 -3.452692 185.927597 80.441383 -3.452692 177.950790 80.441383 3.452692 177.950790 80.971130 3.025871 177.609879 72.636528 -5.168624 180.851059 84.053848 5.168624 188.483810 92.388451 -3.280616 185.627121 84.053848 -4.614843 190.752686 84.053848 4.614843 190.752686 62.598427 -5.511811 181.832642 74.015747 5.511811 189.348953 74.015747 -4.921260 192.033920 91.858711 3.082761 186.967087 89.763779 4.133186 187.115845 72.636528 5.168624 180.851059 91.858711 3.452692 185.927597 92.388451 3.280616 185.627121 78.346458 4.133186 179.298981 62.598427 5.511811 181.832642 77.271843 4.482252 179.644760 88.689171 4.482252 187.420609 74.015747 4.921260 192.033920 28.425198 5.511811 189.348953 39.842518 5.511811 181.832642 105.905510 -1.968504 175.498489 105.905510 -1.968504 183.766205 105.905510 1.968504 175.498489 105.905510 1.968504 183.766205 28.425198 4.921260 192.033920 39.842518 4.921260 177.860687 28.425198 -4.921260 192.033920 28.425198 -5.511811 189.348953 39.848148 -3.318362 177.391647 39.842518 -4.921260 177.860687 25.169100 -4.482252 179.644760 24.094488 -4.133186 179.298981 25.169100 -4.002010 177.044754 21.999559 -3.452692 177.950790 24.094488 -3.690345 176.915802 21.469816 -3.025871 177.609879 21.999559 -3.082761 176.413025 29.804419 -5.168624 180.851059 29.804419 -4.614843 177.494629 33.280838 -4.789441 177.703217 21.863518 -5.364173 188.976761 18.387094 -5.168624 188.483810 16.614174 -4.906100 188.232407 13.751778 -4.482252 187.420609 33.280838 -5.364173 181.410370 35.905510 -5.511811 181.579285 35.905510 -4.921260 177.766205 24.094488 4.133186 179.298981 24.094488 3.690345 176.915802 21.999559 3.452692 177.950790 35.905510 5.511811 181.579285 21.863518 5.364173 188.976761 29.804419 5.168624 180.851059 18.387094 5.168624 188.483810 10.052493 -3.280616 185.627121 8.740157 -1.968504 183.766205 20.157480 -1.968504 175.498489 39.842518 -5.511811 181.832642 -3.464567 -1.968504 183.766205 -3.464567 -1.968504 175.498489 20.157480 1.968504 175.498489 -3.464567 1.968504 175.498489 8.740157 1.968504 183.766205 -3.464567 1.968504 183.766205 25.281902 -0.000000 176.263062 25.919233 -0.816438 176.365311 25.112041 -0.582332 176.268448 26.092342 -0.000000 176.350723 10.582236 3.452692 185.927597 21.469816 3.025871 177.609879 29.977573 -3.018057 177.032242 33.380817 -3.188979 177.236435 36.047836 -0.000000 176.981995 39.851315 -1.669224 177.127792 36.004662 -1.669224 177.035477 39.851967 -0.000000 177.073288 30.142658 -1.374815 176.774841 33.474514 -1.542152 176.974747 33.280838 5.364173 181.410370 21.863518 -4.789441 191.482742 18.387094 -4.614843 190.752686 28.031496 -4.906100 180.565811 10.052493 2.929121 186.522110 10.052493 -2.929121 186.522110 25.551468 -2.432884 176.602814 28.031496 -4.380446 177.388245 28.282406 -2.793940 176.930527 28.521120 1.160432 176.677536 25.919233 0.816438 176.365311 28.677330 -0.000000 176.646515 28.031496 4.380446 177.388245 25.551468 2.432884 176.602814 25.169100 4.002010 177.044754 28.282406 2.793940 176.930527 21.999559 3.082761 176.413025 21.469816 2.701670 176.285889 21.469816 -2.701670 176.285889 23.667728 -0.000000 176.105576 25.112041 0.582332 176.268448 10.582236 3.082761 186.967087 13.751778 4.002010 189.178162 13.751778 4.482252 187.420609 12.677165 3.690345 188.726837 22.792747 1.632783 176.053177 24.614344 2.161094 176.490356 39.848148 3.318362 177.391647 36.004662 1.669224 177.035477 35.956970 3.318362 177.298264 39.851315 1.669224 177.127792 12.677165 4.133186 187.115845 22.792747 -1.632783 176.053177 20.157480 -0.984252 175.498489 35.956970 -3.318362 177.298264 24.488190 5.511811 189.125641 24.488190 -5.511811 189.125641 13.751778 -4.002010 189.178162 12.677165 -3.690345 188.726837 25.169100 4.482252 179.644760 28.521120 -1.160432 176.677536 29.804419 4.614843 177.494629 28.031496 4.906100 180.565811 20.157480 0.984252 175.498489 10.582236 -3.082761 186.967087 12.677165 -4.133186 187.115845 29.977573 3.018057 177.032242 33.280838 4.789440 177.703217 33.380817 3.188979 177.236435 10.582236 -3.452692 185.927597 16.614174 4.906100 188.232407 16.614174 4.380446 190.380371 33.474514 1.542152 176.974747 30.270254 -0.000000 176.734879 30.142658 1.374815 176.774841 33.554005 -0.000000 176.926224 16.614174 -4.380446 190.380371 24.488190 4.921260 191.703217 35.905510 4.921260 177.766205 10.052493 3.280616 185.627121 24.488190 -4.921260 191.703217 18.387094 4.614843 190.752686 21.863518 4.789440 191.482742 24.614344 -2.161094 176.490356 20.157480 -0.000000 175.498489 -1.181103 50.294136 152.639786 -1.574803 50.294136 154.564728 -1.574803 50.294136 162.482300 -1.181103 50.294136 164.450806 5.905511 50.294136 152.639786 5.905511 50.294136 164.450806 6.299212 50.294136 154.564728 6.299212 50.294136 162.482300 6.299212 28.632401 154.564728 6.299213 19.930573 152.639786 5.905512 28.163496 152.639786 6.299213 19.930573 154.564728 5.905512 28.163496 164.450806 6.299213 19.930573 164.450806 6.299212 28.163496 162.482300 6.299213 19.930573 162.482300 -1.181102 28.163496 164.450806 -1.574803 28.163496 154.564728 -1.181102 28.163496 152.639786 -1.574803 19.930573 152.639786 -1.574803 19.930573 164.450806 -1.574803 28.163496 162.482300 -1.574803 19.930573 162.482300 -1.574803 19.930573 154.564728 -0.393700 8.591990 152.639786 0.393701 7.332147 152.639786 0.393701 7.332147 164.450806 -0.393700 8.591990 164.450806 -0.984252 11.111674 164.450806 -0.984252 11.111674 152.639786 -1.377952 14.891202 164.450806 -1.377952 14.891202 152.639786 6.102363 14.891202 164.450806 6.102363 14.891202 152.639786 5.708662 11.111674 164.450806 5.708662 11.111674 152.639786 5.118111 8.591990 164.450806 5.118111 8.591990 152.639786 4.330709 7.332147 164.450806 4.330709 7.332147 152.639786 0.393701 0.965177 164.450806 4.330709 0.965177 164.450806 4.330709 0.965177 152.639786 0.393701 0.965177 152.639786 -1.181102 -27.019949 152.639786 -1.574803 -27.019949 162.482300 -1.574803 -27.019949 154.564728 -1.181102 -27.019949 164.450806 5.905512 -27.019949 152.639786 5.905512 -27.019949 164.450806 6.299213 -27.019949 154.564728 6.299213 -27.019949 162.482300 5.905512 -26.551044 152.639786 6.299213 -18.318121 152.639786 6.299213 -18.318121 154.564728 5.905512 -26.551044 164.450806 6.299213 -26.551044 162.482300 6.299213 -18.318121 164.450806 6.299213 -18.318121 162.482300 -1.181102 -26.551044 164.450806 -1.574803 -26.551044 154.564728 -1.574803 -18.318121 152.639786 -1.181102 -26.551044 152.639786 -1.574803 -18.318121 164.450806 -1.574803 -26.551044 162.482300 -1.574803 -18.318121 162.482300 -1.574803 -18.318121 154.564728 -0.393701 -6.979538 152.639786 0.393701 -5.719696 164.450806 0.393701 -5.719696 152.639786 -0.393701 -6.979538 164.450806 -0.984252 -9.499224 164.450806 -0.984252 -9.499224 152.639786 -1.377953 -13.278751 164.450806 -1.377953 -13.278751 152.639786 6.102363 -13.278751 164.450806 6.102363 -13.278751 152.639786 5.708662 -9.499224 164.450806 5.708662 -9.499224 152.639786 5.118110 -6.979538 164.450806 5.118110 -6.979538 152.639786 4.330709 -5.719696 164.450806 4.330709 -5.719696 152.639786 4.330709 0.647275 164.450806 0.393701 0.647275 164.450806 4.330709 0.647275 152.639786 0.393701 0.647275 152.639786 -164.129150 0.000000 132.103424 -163.309509 1.001438 132.231430 -163.173691 0.000000 132.162186 -164.220627 0.842684 132.163086 -164.279922 0.832351 132.158646 -170.004105 0.985094 131.330994 -170.528687 2.569281 131.777283 -169.770203 1.110014 131.471329 -169.583359 0.722158 131.425919 -163.541229 2.632475 132.484192 -164.587540 2.450162 132.405716 -164.283981 0.853658 132.161896 -167.104889 0.290024 131.781982 -167.001221 0.000000 131.768417 -148.025970 -1.660593 132.801117 -68.554390 0.000000 132.677170 -58.656345 -1.660589 132.801422 -148.024933 0.000000 132.677170 -32.028996 1.660593 132.801117 -148.028152 3.304892 133.064209 -31.985565 3.304892 133.064209 -148.025970 1.660593 132.801117 -158.305496 1.437395 132.544464 -154.713058 3.208035 132.952789 -154.648361 1.564840 132.690750 -158.415955 3.078995 132.804672 -168.278961 3.353274 132.339706 -167.684250 1.836938 131.992828 -164.587540 -2.450162 132.405716 -166.817352 -0.390223 131.820312 -164.279922 -0.832351 132.158646 -167.261597 -1.984228 132.049179 -166.817352 0.390223 131.820312 -166.713150 0.000000 131.798386 -151.869690 0.000000 132.613083 -151.900665 1.660593 132.736542 -169.770203 -1.110014 131.471329 -169.583359 -0.722158 131.425919 -167.684250 -1.836938 131.992828 -148.028152 -3.304892 133.064209 -151.900665 -1.660593 132.736542 -151.933685 -3.304892 132.999115 -170.004105 -0.985094 131.330994 -169.583359 0.000000 131.425919 -151.968506 4.921260 133.398956 -151.933685 3.304892 132.999115 -154.780655 4.823261 133.352081 -167.104889 -0.290024 131.781982 -167.716537 -3.549272 132.414703 -168.278961 -3.353274 132.339706 -154.590546 0.000000 132.574814 -164.904388 -4.039268 132.789658 -160.242004 2.919906 132.731628 -160.084503 1.282406 132.473297 -167.261597 1.984228 132.049179 -158.213699 0.000000 132.439423 -167.716537 3.549272 132.414703 -151.968506 -4.921260 133.398956 -154.713058 -3.208035 132.952789 -154.780655 -4.823261 133.352081 -159.967453 0.000000 132.380753 -163.779526 4.235266 132.874008 -164.904388 4.039268 132.789658 -170.528687 -2.569281 131.777283 -158.305496 -1.437395 132.544464 -154.648361 -1.564840 132.690750 -158.415955 -3.078995 132.804672 -148.031494 -4.921260 133.464569 -31.985565 -3.304892 133.064209 -31.940216 -4.921260 133.464569 -68.554390 -3.304892 133.064209 -158.530182 4.692595 133.202103 -163.309509 -1.001438 132.231430 -148.031494 4.921260 133.464569 -31.940216 4.921260 133.464569 -160.084503 -1.282406 132.473297 -160.242004 -2.919906 132.731628 -32.070206 0.000000 132.677170 -160.404953 4.529263 133.127106 -163.541229 -2.632475 132.484192 -158.530182 -4.692595 133.202103 -160.404953 -4.529263 133.127106 -163.779526 -4.235266 132.874008 -179.133865 3.549272 145.713043 -179.133865 4.685040 144.149017 -179.696289 3.353274 145.350586 -175.196854 4.235266 147.933075 -175.196854 5.590551 145.821640 -176.321716 4.039268 147.525314 -179.696289 4.426322 143.875931 -181.946014 2.569281 142.632172 -181.758530 3.477690 141.998489 -181.946014 3.262092 141.827820 -166.197983 4.823261 150.243713 -163.385834 6.496063 147.733215 -166.197983 6.366704 147.562546 -163.385834 4.921260 150.470261 -171.822266 4.529263 149.156357 -171.822266 5.978628 146.743301 -176.321716 5.331833 145.514435 -183.070862 1.968504 139.370071 -167.716537 -4.685040 134.724869 -168.278961 -4.426322 134.517868 -170.528687 -3.262092 132.965363 -163.779526 -5.590551 135.992752 -163.385834 -6.496063 147.733215 -166.197983 -6.366704 147.562546 -151.968506 -6.496063 137.441757 -154.780655 -6.366704 137.312378 -158.530182 -6.194226 136.898376 -181.758530 -3.477690 141.998489 -181.946014 -3.262092 141.827820 -170.341202 -3.477690 133.094742 -148.031494 -6.496063 137.622879 -159.448822 -6.496063 147.972168 -166.197983 -4.823261 150.243713 -163.385834 -4.921260 150.470261 -164.904388 -5.331833 135.759872 -24.459900 -6.496063 147.972168 -31.940216 -6.496063 137.622879 -176.321716 -4.039268 147.525314 -179.133865 -3.549272 145.713043 -176.321716 -5.331833 145.514435 -171.822266 -4.529263 149.156357 -175.196854 -4.235266 147.933075 -171.822266 -5.978628 146.743301 -179.696289 -4.426322 143.875931 -181.946014 -2.569281 142.632172 -160.404953 -5.978628 136.691376 -175.196854 -5.590551 145.821640 -159.448822 -4.921260 150.787399 -24.459900 -4.921260 150.787399 -179.696289 -3.353274 145.350586 -179.133865 -4.685040 144.149017 -183.070862 -1.968504 139.370071 -158.530182 6.194226 136.898376 -160.404953 5.978628 136.691376 -159.448822 6.496063 147.972168 -24.459900 4.921260 150.787399 -24.459900 6.496063 147.972168 -159.448822 4.921260 150.787399 -167.716537 4.685040 134.724869 -163.779526 5.590551 135.992752 -164.904388 5.331833 135.759872 -170.341202 3.477690 133.094742 -148.031494 6.496063 137.622879 -151.968506 6.496063 137.441757 -168.278961 4.426322 134.517868 -170.528687 3.262092 132.965363 -154.780655 6.366704 137.312378 -31.940216 6.496063 137.622879 -169.947510 6.194226 147.016388 -169.947510 4.692595 149.518814 -169.947510 -4.692595 149.518814 -169.947510 -6.194226 147.016388 -183.070862 -1.968504 138.582672 -183.858261 -1.968504 137.007874 -183.755875 -1.968504 137.603226 -183.485703 -1.968504 138.143539 -190.157486 -1.968504 138.582672 -189.742630 1.968504 138.143539 -190.157486 1.968504 138.582672 -189.742630 -1.968504 138.143539 -183.858261 1.968504 137.007874 -183.070862 1.968504 138.582672 -183.755875 1.968504 137.603226 -183.485703 1.968504 138.143539 -205.866135 -1.968504 139.370071 -205.866135 -1.968504 131.102356 -189.370071 -1.968504 137.007874 -189.472473 -1.968504 137.603226 -190.157486 -1.968504 139.370071 -189.370071 1.968504 137.007874 -205.866135 1.968504 139.370071 -205.866135 1.968504 131.102356 -189.472473 1.968504 137.603226 -190.157486 1.968504 139.370071 -184.645676 1.574803 131.102356 -188.582672 1.574803 131.102356 -184.645676 -1.574803 137.007874 -188.582672 -1.574803 131.102356 -184.645676 -1.574803 131.102356 -188.582672 -1.968504 140.944885 -190.157486 -1.968504 140.944885 -188.582672 -1.968504 139.370071 -184.645676 1.968504 140.944885 -184.645676 1.968504 139.370071 -183.070862 1.968504 140.944885 -188.582672 1.968504 139.370071 -190.157486 1.968504 140.944885 -188.582672 1.968504 140.944885 -188.582672 3.149606 140.944885 -190.157486 3.149606 140.944885 -188.582672 -3.149606 140.944885 -188.582672 -3.149606 139.370071 -190.157486 -3.149606 140.944885 -183.070862 3.149606 138.582672 -183.485703 -2.734763 138.143539 -183.485703 2.734763 138.143539 -183.070862 -3.149606 138.582672 -183.755875 -2.464604 137.603226 -183.755875 2.464604 137.603226 -189.472473 -2.464604 137.603226 -183.858261 -2.734763 138.143539 -189.742630 -2.734763 138.143539 -183.858261 -2.464604 137.603226 -189.370071 2.362205 137.007874 -189.370071 -2.362205 137.007874 -189.472473 2.464604 137.603226 -189.742630 2.734763 138.143539 -183.858261 -3.149606 138.582672 -190.157486 -3.149606 138.582672 -183.858261 2.362205 137.007874 -183.070862 3.149606 140.944885 -184.645676 3.149606 139.370071 -184.645676 3.149606 140.944885 -190.157486 3.149606 138.582672 -188.582672 3.149606 139.370071 -184.645676 -3.149606 140.944885 -183.070862 -1.968504 140.944885 -184.645676 -1.968504 140.944885 -183.070862 -3.149606 140.944885 -184.645676 -1.968504 139.370071 -183.858261 -2.362205 137.007874 -184.645676 -3.149606 139.370071 -6.087197 -2.634614 143.175858 -4.774861 1.968504 139.370071 -6.087197 2.634614 143.175858 -4.774861 -1.968504 139.370071 -25.806234 -3.015236 132.832474 -21.658670 -0.838093 132.143112 -21.295645 -2.451412 132.381424 -25.964478 -1.376319 132.573700 -32.028996 -1.660593 132.801117 -14.223680 -4.578263 148.960632 -14.223680 -6.043307 146.595840 -12.648877 -4.349598 148.503937 -25.964478 1.376319 132.573700 -25.806234 3.015236 132.832474 -12.648877 -5.741470 146.251755 -9.499270 -3.892269 146.677170 -21.835632 0.000000 132.091507 -26.089298 0.000000 132.474045 -20.522892 -4.921260 150.330704 -20.522892 -6.496063 147.628082 -17.898220 -4.778345 150.026245 -25.641003 -4.625984 133.228348 -19.457090 0.000000 131.625229 -17.842197 -1.133183 131.326843 -19.363239 -0.192503 131.626648 -17.898220 -6.307415 147.398697 -19.266819 -0.377197 131.644455 -9.499270 3.892269 146.677170 -8.711869 -3.635021 146.220474 -8.711869 3.635021 146.220474 -12.648877 4.349598 148.503937 -21.658670 0.838093 132.143112 -19.363239 0.192503 131.626648 -16.192184 -1.968504 131.102356 -17.842197 1.133183 131.326843 -16.192184 1.968504 131.102356 -18.582352 1.688298 131.770935 -20.916594 4.035433 132.755905 -17.766987 3.149606 132.047241 -21.295645 2.451412 132.381424 -6.349664 2.863278 143.480316 -6.349664 -2.863278 143.480316 -25.641003 4.625984 133.228348 -18.582352 -1.688298 131.770935 -20.916594 -5.326772 135.666718 -20.916594 -4.035433 132.755905 -17.766987 -4.157480 133.710571 -8.711869 4.798228 144.531326 -6.349664 3.779528 142.466827 -17.766987 4.157480 133.710571 -20.916594 5.326772 135.666718 -17.766987 -3.149606 132.047241 -20.522892 4.921260 150.330704 -17.898220 4.778345 150.026245 -20.522892 6.496063 147.628082 -6.087197 3.477690 142.237442 -6.087197 -3.477690 142.237442 -8.711869 -4.798228 144.531326 -9.499270 -5.137795 144.875412 -25.641003 -6.106299 136.970825 -12.648877 5.741470 146.251755 -14.223680 6.043307 146.595840 -6.349664 -3.779528 142.466827 -17.898220 6.307415 147.398697 -14.223680 4.578263 148.960632 -25.641003 6.106299 136.970825 -9.499270 5.137795 144.875412 -19.266819 0.377197 131.644455 7.429863 1.968504 131.102356 7.429863 1.968504 139.370071 7.429863 -1.968504 131.102356 7.429863 -1.968504 139.370071 -190.157486 49.607494 106.299210 -190.551178 49.607494 108.224167 -190.551178 49.607494 116.141731 -190.157486 49.607494 118.110237 -183.070862 49.607494 106.299210 -183.070862 49.607494 118.110237 -182.677170 49.607494 108.224167 -182.677170 49.607494 116.141731 -182.677170 27.945757 108.224167 -182.677170 19.243927 106.299210 -183.070862 27.476851 106.299210 -182.677170 19.243927 108.224167 -183.070862 27.476851 118.110237 -182.677170 19.243927 118.110237 -182.677170 27.476851 116.141731 -182.677170 19.243927 116.141731 -190.157486 27.476851 118.110237 -190.551178 27.476851 108.224167 -190.157486 27.476851 106.299210 -190.551178 19.243927 106.299210 -190.551178 19.243927 118.110237 -190.551178 27.476851 116.141731 -190.551178 19.243927 116.141731 -190.551178 19.243927 108.224167 -189.370071 7.905345 106.299210 -188.582672 6.645503 106.299210 -188.582672 6.645503 118.110237 -189.370071 7.905345 118.110237 -189.960632 10.425030 118.110237 -189.960632 10.425030 106.299210 -190.354324 14.204557 118.110237 -190.354324 14.204557 106.299210 -182.874008 14.204557 118.110237 -182.874008 14.204557 106.299210 -183.267715 10.425030 118.110237 -183.267715 10.425030 106.299210 -183.858261 7.905345 118.110237 -183.858261 7.905345 106.299210 -184.645676 6.645503 118.110237 -184.645676 6.645503 106.299210 -188.582672 0.278532 118.110237 -184.645676 0.278532 118.110237 -184.645676 0.278532 106.299210 -188.582672 0.278532 106.299210 -190.157486 -27.706594 106.299210 -190.551178 -27.706594 116.141731 -190.551178 -27.706594 108.224167 -190.157486 -27.706594 118.110237 -183.070862 -27.706594 106.299210 -183.070862 -27.706594 118.110237 -182.677170 -27.706594 108.224167 -182.677170 -27.706594 116.141731 -183.070862 -27.237690 106.299210 -182.677170 -19.004766 106.299210 -182.677170 -19.004766 108.224167 -183.070862 -27.237690 118.110237 -182.677170 -27.237690 116.141731 -182.677170 -19.004766 118.110237 -182.677170 -19.004766 116.141731 -190.157486 -27.237690 118.110237 -190.551178 -27.237690 108.224167 -190.551178 -19.004766 106.299210 -190.157486 -27.237690 106.299210 -190.551178 -19.004766 118.110237 -190.551178 -27.237690 116.141731 -190.551178 -19.004766 116.141731 -190.551178 -19.004766 108.224167 -189.370071 -7.666183 106.299210 -188.582672 -6.406341 118.110237 -188.582672 -6.406341 106.299210 -189.370071 -7.666183 118.110237 -189.960632 -10.185868 118.110237 -189.960632 -10.185868 106.299210 -190.354324 -13.965396 118.110237 -190.354324 -13.965396 106.299210 -182.874008 -13.965396 118.110237 -182.874008 -13.965396 106.299210 -183.267715 -10.185868 118.110237 -183.267715 -10.185868 106.299210 -183.858261 -7.666183 118.110237 -183.858261 -7.666183 106.299210 -184.645676 -6.406341 118.110237 -184.645676 -6.406341 106.299210 -184.645676 -0.039370 118.110237 -188.582672 -0.039370 118.110237 -184.645676 -0.039370 106.299210 -188.582672 -0.039370 106.299210 -31.181103 5.511811 181.579285 -28.556431 5.364173 181.410370 -31.181103 4.921260 177.766205 -28.556431 -5.364173 181.410370 -31.181103 -4.921260 177.766205 -28.556431 -4.789441 177.703217 -28.556431 4.789440 177.703217 -19.763779 -4.921260 191.703217 -19.763779 -5.511811 189.125641 -17.139107 -4.789441 191.482742 -19.763779 4.921260 191.703217 -17.139107 4.789440 191.482742 -19.763779 5.511811 189.125641 -17.139107 -5.364173 188.976761 -17.139107 5.364173 188.976761 -31.181103 -5.511811 181.579285 -16.745407 -2.701670 176.285889 -17.275150 -3.082761 176.413025 -18.068336 -1.632783 176.053177 -15.433071 -1.968504 175.498489 -15.433071 0.984252 175.498489 -18.943319 -0.000000 176.105576 -18.068336 1.632783 176.053177 -16.745407 2.701670 176.285889 -17.275150 3.082761 176.413025 -20.827057 2.432884 176.602814 -20.387632 0.582332 176.268448 -21.194824 0.816438 176.365311 -19.889935 2.161094 176.490356 -20.557493 -0.000000 176.263062 -21.194824 -0.816438 176.365311 -21.367931 -0.000000 176.350723 -20.387632 -0.582332 176.268448 -35.123737 3.318362 177.391647 -31.280252 1.669224 177.035477 -35.126904 1.669224 177.127792 -31.232559 3.318362 177.298264 -31.323427 -0.000000 176.981995 -35.126904 -1.669224 177.127792 -35.127556 -0.000000 177.073288 -31.280252 -1.669224 177.035477 -28.829594 -0.000000 176.926224 -28.750105 1.542152 176.974747 -23.557997 -2.793940 176.930527 -25.080009 -4.614843 177.494629 -25.253162 -3.018057 177.032242 -23.307087 -4.380446 177.388245 -15.433071 1.968504 175.498489 -15.433071 -0.984252 175.498489 -25.545845 -0.000000 176.734879 -28.750105 -1.542152 176.974747 -25.418249 -1.374815 176.774841 -15.433071 -0.000000 175.498489 -20.827057 -2.432884 176.602814 -20.444691 -4.002010 177.044754 -19.889935 -2.161094 176.490356 -19.370079 -3.690345 176.915802 -25.253162 3.018057 177.032242 -23.796711 1.160432 176.677536 -25.418249 1.374815 176.774841 -23.557997 2.793940 176.930527 -28.656408 3.188979 177.236435 -25.080009 4.614843 177.494629 -23.796711 -1.160432 176.677536 -23.952921 -0.000000 176.646515 -20.444691 -4.482252 179.644760 -35.123737 -3.318362 177.391647 -31.232559 -3.318362 177.298264 -28.656408 -3.188979 177.236435 -35.118111 -4.921260 177.860687 -9.027369 -4.482252 187.420609 -19.370079 -4.133186 179.298981 -7.952756 -4.133186 187.115845 -35.118111 4.921260 177.860687 -7.952756 -3.690345 188.726837 -5.857827 -3.082761 186.967087 -4.015748 -1.968504 183.766205 -5.328084 2.929121 186.522110 -5.328084 -2.929121 186.522110 -4.015748 1.968504 183.766205 -23.307087 4.380446 177.388245 -20.444691 4.002010 177.044754 -19.370079 3.690345 176.915802 -13.662685 -5.168624 188.483810 -23.307087 -4.906100 180.565811 -11.889764 -4.906100 188.232407 -11.889764 4.380446 190.380371 -9.027369 4.002010 189.178162 -11.889764 4.906100 188.232407 -23.307087 4.906100 180.565811 -11.889764 -4.380446 190.380371 -9.027369 -4.002010 189.178162 -16.745407 -3.025871 177.609879 -7.952756 3.690345 188.726837 -23.700787 -5.511811 189.348953 -5.857827 -3.452692 185.927597 -17.275150 -3.452692 177.950790 -17.275150 3.452692 177.950790 -16.745407 3.025871 177.609879 -25.080009 -5.168624 180.851059 -13.662685 5.168624 188.483810 -5.328084 -3.280616 185.627121 -13.662685 -4.614843 190.752686 -13.662685 4.614843 190.752686 -35.118111 -5.511811 181.832642 -23.700787 5.511811 189.348953 -23.700787 -4.921260 192.033920 -5.857827 3.082761 186.967087 -7.952756 4.133186 187.115845 -25.080009 5.168624 180.851059 -5.857827 3.452692 185.927597 -5.328084 3.280616 185.627121 -19.370079 4.133186 179.298981 -35.118111 5.511811 181.832642 -20.444691 4.482252 179.644760 -9.027369 4.482252 187.420609 -23.700787 4.921260 192.033920 -69.291336 5.511811 189.348953 -57.874016 5.511811 181.832642 8.188976 -1.968504 175.498489 8.188976 -1.968504 183.766205 8.188976 1.968504 175.498489 8.188976 1.968504 183.766205 -69.291336 4.921260 192.033920 -57.874016 4.921260 177.860687 -69.291336 -4.921260 192.033920 -69.291336 -5.511811 189.348953 -57.868389 -3.318362 177.391647 -57.874016 -4.921260 177.860687 -72.547432 -4.482252 179.644760 -73.622047 -4.133186 179.298981 -72.547432 -4.002010 177.044754 -75.716972 -3.452692 177.950790 -73.622047 -3.690345 176.915802 -76.246719 -3.025871 177.609879 -75.716972 -3.082761 176.413025 -67.912117 -5.168624 180.851059 -67.912117 -4.614843 177.494629 -64.435692 -4.789441 177.703217 -75.853020 -5.364173 188.976761 -79.329437 -5.168624 188.483810 -81.102364 -4.906100 188.232407 -83.964760 -4.482252 187.420609 -64.435692 -5.364173 181.410370 -61.811024 -5.511811 181.579285 -61.811024 -4.921260 177.766205 -73.622047 4.133186 179.298981 -73.622047 3.690345 176.915802 -75.716972 3.452692 177.950790 -61.811024 5.511811 181.579285 -75.853020 5.364173 188.976761 -67.912117 5.168624 180.851059 -79.329437 5.168624 188.483810 -87.664040 -3.280616 185.627121 -88.976379 -1.968504 183.766205 -77.559052 -1.968504 175.498489 -57.874016 -5.511811 181.832642 -101.181099 -1.968504 183.766205 -101.181099 -1.968504 175.498489 -77.559052 1.968504 175.498489 -101.181099 1.968504 175.498489 -88.976379 1.968504 183.766205 -101.181099 1.968504 183.766205 -72.434631 -0.000000 176.263062 -71.797302 -0.816438 176.365311 -72.604492 -0.582332 176.268448 -71.624191 -0.000000 176.350723 -87.134300 3.452692 185.927597 -76.246719 3.025871 177.609879 -67.738960 -3.018057 177.032242 -64.335716 -3.188979 177.236435 -61.668701 -0.000000 176.981995 -57.865223 -1.669224 177.127792 -61.711872 -1.669224 177.035477 -57.864567 -0.000000 177.073288 -67.573875 -1.374815 176.774841 -64.242020 -1.542152 176.974747 -64.435692 5.364173 181.410370 -75.853020 -4.789441 191.482742 -79.329437 -4.614843 190.752686 -69.685036 -4.906100 180.565811 -87.664040 2.929121 186.522110 -87.664040 -2.929121 186.522110 -72.165070 -2.432884 176.602814 -69.685036 -4.380446 177.388245 -69.434128 -2.793940 176.930527 -69.195412 1.160432 176.677536 -71.797302 0.816438 176.365311 -69.039207 -0.000000 176.646515 -69.685036 4.380446 177.388245 -72.165070 2.432884 176.602814 -72.547432 4.002010 177.044754 -69.434128 2.793940 176.930527 -75.716972 3.082761 176.413025 -76.246719 2.701670 176.285889 -76.246719 -2.701670 176.285889 -74.048805 -0.000000 176.105576 -72.604492 0.582332 176.268448 -87.134300 3.082761 186.967087 -83.964760 4.002010 189.178162 -83.964760 4.482252 187.420609 -85.039368 3.690345 188.726837 -74.923790 1.632783 176.053177 -73.102188 2.161094 176.490356 -57.868389 3.318362 177.391647 -61.711872 1.669224 177.035477 -61.759567 3.318362 177.298264 -57.865223 1.669224 177.127792 -85.039368 4.133186 187.115845 -74.923790 -1.632783 176.053177 -77.559052 -0.984252 175.498489 -61.759567 -3.318362 177.298264 -73.228348 5.511811 189.125641 -73.228348 -5.511811 189.125641 -83.964760 -4.002010 189.178162 -85.039368 -3.690345 188.726837 -72.547432 4.482252 179.644760 -69.195412 -1.160432 176.677536 -67.912117 4.614843 177.494629 -69.685036 4.906100 180.565811 -77.559052 0.984252 175.498489 -87.134300 -3.082761 186.967087 -85.039368 -4.133186 187.115845 -67.738960 3.018057 177.032242 -64.435692 4.789440 177.703217 -64.335716 3.188979 177.236435 -87.134300 -3.452692 185.927597 -81.102364 4.906100 188.232407 -81.102364 4.380446 190.380371 -64.242020 1.542152 176.974747 -67.446281 -0.000000 176.734879 -67.573875 1.374815 176.774841 -64.162529 -0.000000 176.926224 -81.102364 -4.380446 190.380371 -73.228348 4.921260 191.703217 -61.811024 4.921260 177.766205 -87.664040 3.280616 185.627121 -73.228348 -4.921260 191.703217 -79.329437 4.614843 190.752686 -75.853020 4.789440 191.482742 -73.102188 -2.161094 176.490356 -77.559052 -0.000000 175.498489 137.570297 -3.516339 165.579712 139.196701 3.124367 164.156616 137.570297 3.614466 165.579712 139.820023 2.936537 163.611206 139.196701 -3.026240 164.156616 139.820023 -2.838411 163.611206 139.023331 -3.078484 164.308304 29.501947 4.970323 169.516724 29.094488 5.560874 166.831757 29.094488 4.970323 169.516724 29.501947 5.560874 166.831757 117.322838 4.970323 169.516724 117.322838 5.560874 166.831757 136.220474 4.497882 164.598648 134.195724 4.801594 165.236679 136.220474 4.021223 166.209641 131.496063 5.206543 165.715210 129.696289 5.307781 166.034210 131.496063 4.653956 167.863174 117.322838 -4.872197 169.516724 124.071991 4.970323 169.123016 124.071991 -4.872197 169.123016 122.778404 4.801594 157.505692 124.071991 5.560874 166.565903 134.195724 4.292394 167.154510 140.944885 2.017567 161.249008 140.944885 -1.919441 161.249008 129.696289 4.744347 168.335617 124.803146 4.497882 156.781784 125.196854 5.560874 166.459564 125.196854 4.970323 168.965546 129.696289 -4.646220 168.335617 134.195724 -4.194268 167.154510 131.496063 -4.555830 167.863174 127.952759 3.434890 155.092667 126.152985 4.042314 156.299179 125.196854 -4.872197 168.965546 136.220474 -3.923096 166.209641 119.727364 1.414004 154.156754 117.998909 0.049063 154.236374 118.074181 1.497032 154.280746 119.599075 0.049063 154.119125 129.527557 2.017567 152.981293 128.402695 2.770821 153.656204 128.402695 3.097432 154.791046 124.071991 -5.462748 166.565903 125.196854 -5.462748 166.459564 137.570297 4.042314 164.173294 131.496063 -5.108417 165.715210 122.778404 -4.703468 157.505692 124.803146 -4.399755 156.781784 124.957939 0.049063 153.587280 127.175934 1.618715 153.411682 126.325897 0.049063 153.421600 126.152985 -3.516339 154.218628 124.406113 -2.355244 153.963242 125.613853 -1.991304 153.802200 124.803146 -3.923096 154.398605 29.501947 -5.462748 166.831757 29.094488 -4.872197 169.516724 29.094488 -5.462748 166.831757 29.501947 -4.872197 169.516724 117.322838 -5.462748 166.831757 113.668755 1.718287 154.456955 112.641388 3.367425 154.762131 113.720619 3.367425 154.718948 112.633911 1.718287 154.498352 122.778404 4.292394 154.668579 126.152985 3.614466 154.218628 124.803146 4.021223 154.398605 139.820023 3.029941 162.844070 139.370071 3.434890 163.109924 134.195724 -4.703468 165.236679 136.220474 -4.399755 164.598648 137.570297 -3.944188 164.173294 127.952759 -3.336764 155.092667 128.402695 -2.999306 154.791046 119.897507 -2.959075 154.411484 118.074181 -1.398906 154.280746 119.727364 -1.315878 154.156754 118.171844 -3.045743 154.540909 127.952759 -2.973996 153.768692 127.175934 -1.520588 153.411682 128.402695 -2.672695 153.656204 125.098717 0.515059 153.589127 125.613853 2.089431 153.802200 113.779526 5.560874 158.893173 112.654671 5.560874 159.013824 113.668755 -1.620161 154.456955 113.624748 0.049063 154.404175 119.897507 3.057202 154.411484 120.078743 4.653956 154.871048 122.518738 2.706144 154.214890 112.632370 0.049063 154.443863 112.633911 -1.620161 154.498352 113.779526 -5.462748 158.893173 118.278969 -5.209654 158.410568 127.952759 3.072123 153.768692 118.278969 -4.646220 155.006027 120.078743 -4.555830 154.871048 129.696289 -5.209654 166.034210 120.078743 -5.108417 158.048615 122.518738 -2.608017 154.214890 122.274071 -0.974800 153.965744 113.720619 -3.269299 154.718948 124.406113 2.453370 153.963242 122.134331 0.049063 153.940598 118.171844 3.143870 154.540909 139.820023 -2.931814 162.844070 139.370071 -3.336764 163.109924 129.527557 -0.935189 152.981293 118.278969 4.744347 155.006027 113.779526 4.970323 155.186005 129.527557 -1.919441 152.981293 105.898949 0.049063 154.556091 105.899406 1.718287 154.610596 120.078743 5.206543 158.048615 118.278969 5.307781 158.410568 40.520603 -1.620161 154.610596 40.521259 0.049063 154.556091 105.899406 -1.620161 154.610596 126.152985 -3.944188 156.299179 122.778404 -4.194268 154.668579 125.098717 -0.416932 153.589127 122.274071 1.072927 153.965744 124.026100 0.838280 153.732147 105.901604 3.367425 154.874451 124.026100 -0.740154 153.732147 112.641388 -3.269299 154.762131 112.654671 -5.462748 159.013824 105.905510 -5.462748 159.315445 105.905510 -4.872197 155.343491 129.527557 0.049063 152.981293 105.901604 -3.269299 154.874451 40.511810 -4.872197 155.343491 40.517437 -3.269299 154.874451 112.654671 -4.872197 155.231003 113.779526 -4.872197 155.186005 124.753784 0.049063 153.612000 123.853973 0.049063 153.720978 129.527557 1.033315 152.981293 105.905510 5.560874 159.315445 40.511810 4.970323 155.343491 40.511810 5.560874 159.315445 105.905510 4.970323 155.343491 40.517437 3.367425 154.874451 40.520603 1.718287 154.610596 40.511810 -5.462748 159.315445 112.654671 4.970323 155.231003 36.574802 -5.462748 159.062073 26.220758 2.481947 154.085617 24.763779 3.739408 154.398605 25.838392 4.051074 154.527557 25.283636 2.210157 153.973160 30.646864 -2.968994 154.515045 28.700787 -4.331383 154.871048 28.951696 -2.744877 154.413330 30.473709 -4.565780 154.977432 29.190411 -1.111369 154.160339 26.220758 -2.383821 154.085617 26.588524 -0.767375 153.848114 25.283636 -2.112031 153.973160 22.668850 -3.033697 153.895828 23.462038 -1.583720 153.535980 24.763779 -3.641281 154.398605 26.588524 0.865501 153.848114 25.781334 0.631395 153.751251 36.717129 0.049063 154.464798 34.143806 1.591215 154.457550 36.673954 1.718287 154.518265 34.223297 0.049063 154.409027 26.761633 0.049063 153.833511 25.781334 -0.533269 153.751251 25.951193 0.049063 153.745865 30.811951 -1.325752 154.257645 30.939545 0.049063 154.217682 34.143806 -1.493089 154.457550 22.668850 3.131824 153.895828 23.462038 1.681846 153.535980 24.337021 0.049063 153.588379 29.346622 0.049063 154.129318 36.673954 -1.620161 154.518265 34.050110 -3.139916 154.719238 36.626259 -3.269299 154.781067 36.574802 -4.872197 155.249008 36.574802 4.970323 155.249008 36.626259 3.367425 154.781067 22.139107 3.074934 155.092667 22.668850 3.501755 155.433594 14.421069 -4.433188 164.903412 13.346457 -3.641281 166.209641 13.346457 -4.084123 164.598648 22.532808 -4.740377 168.965546 19.056387 -4.565780 168.235489 22.532808 -5.315110 166.459564 24.763779 -4.084123 156.781784 22.668850 -3.403629 155.433594 29.190411 1.209496 154.160339 30.811951 1.423878 154.257645 28.951696 2.843003 154.413330 30.646864 3.067120 154.515045 24.763779 4.182249 156.781784 13.346457 4.182249 164.598648 14.421069 4.531315 164.903412 22.139107 -2.652607 153.768692 20.826771 -1.919441 152.981293 25.838392 -3.952947 154.527557 20.826771 2.017567 152.981293 10.721785 3.329679 163.109924 33.950130 5.413237 158.893173 30.473709 5.217688 158.333862 22.532808 5.413237 166.459564 28.700787 4.429509 154.871048 25.838392 4.531315 157.127563 20.826771 1.033315 152.981293 11.251528 3.501755 163.410400 11.251528 3.131824 164.449890 36.574802 5.560874 159.062073 25.157480 5.560874 166.608444 33.950130 4.838503 155.186005 34.050110 3.238042 154.719238 10.721785 2.978184 164.004913 9.409449 2.017567 161.249008 28.700787 4.955163 158.048615 17.283464 4.955163 165.715210 20.826771 0.049063 152.981293 20.826771 -0.935189 152.981293 25.157480 -5.462748 166.608444 33.950130 -5.315110 158.893173 22.139107 -2.976807 155.092667 25.838392 -4.433188 157.127563 28.700787 -4.857037 158.048615 19.056387 -5.119561 165.966614 17.283464 -4.857037 165.715210 17.283464 -4.331383 167.863174 14.421069 -3.952947 166.660965 11.251528 -3.403629 163.410400 17.283464 4.429509 167.863174 14.421069 4.051074 166.660965 22.139107 2.750733 153.768692 13.346457 3.739408 166.209641 30.473709 -5.119561 158.333862 25.157480 -4.872197 169.186005 11.251528 -3.033697 164.449890 10.721785 -3.231553 163.109924 9.409449 -1.919441 161.249008 10.721785 -2.880058 164.004913 22.532808 4.838503 168.965546 25.157480 4.970323 169.186005 33.950130 -4.740377 155.186005 19.056387 4.663907 168.235489 19.056387 5.217688 165.966614 30.473709 4.663907 154.977432 153.149612 2.017567 161.249008 153.149612 -1.919441 152.981293 153.149612 2.017567 152.981293 153.149612 -1.919441 161.249008 147.244095 2.017567 161.249008 147.244095 -1.919441 161.249008 147.244095 2.017567 160.461609 146.456696 2.017567 158.886795 146.062988 2.017567 152.981293 146.062988 2.017567 158.886795 146.559097 2.017567 159.482147 146.829254 2.017567 160.022476 146.062988 -1.919441 152.981293 146.456696 -1.919441 158.886795 145.669296 -1.919441 158.886795 146.559097 -1.919441 159.482147 146.829254 -1.919441 160.022476 147.244095 -1.919441 160.461609 142.519684 -1.919441 152.981293 140.944885 -1.919441 160.461609 141.359726 -1.919441 160.022476 141.629883 -1.919441 159.482147 141.732285 -1.919441 158.886795 142.519684 -1.919441 158.886795 146.062988 1.623866 152.981293 142.519684 1.623866 152.981293 146.062988 -1.525740 152.981293 142.519684 2.017567 152.981293 142.519684 -1.525740 152.981293 141.359726 2.017567 160.022476 140.944885 2.017567 160.461609 146.062988 1.623866 158.886795 142.519684 1.623866 158.886795 142.519684 -1.525740 158.886795 141.629883 2.017567 159.482147 141.732285 2.017567 158.886795 142.519684 2.017567 158.886795 145.669296 -1.525740 158.886795 -2.795276 2.017567 161.249008 -2.795276 -1.919441 161.249008 -2.795276 -1.919441 152.981293 -2.795276 2.017567 152.981293 -4.320064 -1.968504 127.559052 -4.335145 -1.968504 122.834648 -4.325033 -1.968504 122.834648 -2.356529 -1.968504 122.834648 -3.931332 -1.968504 127.559052 -3.340781 -1.968504 127.717293 -2.908468 -1.968504 128.149612 -2.750230 -1.968504 128.740158 -2.356529 -1.968504 131.102356 -2.852629 -1.968504 129.335510 -3.122788 -1.968504 129.875824 -3.537632 -1.968504 130.314957 -3.537632 -1.968504 131.102356 -10.191175 1.574803 127.717293 -9.600624 1.574803 127.559052 -9.600624 1.968504 127.559052 -10.191175 1.968504 127.717293 -2.852629 -1.574803 129.335510 -3.122788 -1.574803 129.875824 -3.537632 -1.574803 130.314957 -9.994325 -1.574803 131.102356 -3.537632 -1.574803 131.102356 -3.537632 1.574803 131.102356 -9.994325 1.574803 131.102356 -2.356529 1.968504 131.102356 -3.537632 1.968504 131.102356 -10.781726 -1.574803 128.740158 -10.679327 -1.574803 129.335510 -10.679327 1.574803 129.335510 -10.781726 1.574803 128.740158 -2.356529 1.968504 122.834648 -15.506136 -1.968504 126.377953 -15.506136 -1.968504 128.740158 -15.506136 1.968504 128.740158 -15.506136 1.968504 126.377953 -10.781726 -1.968504 128.740158 -10.781726 1.968504 128.740158 -10.409167 -1.574803 129.875824 -10.409167 1.574803 129.875824 -3.340781 -1.574803 127.717293 -2.908468 -1.574803 128.149612 -3.340781 1.574803 127.717293 -3.931332 1.574803 127.559052 -2.908468 1.574803 128.149612 -10.623488 1.574803 128.149612 -2.750230 1.574803 128.740158 -2.852629 1.574803 129.335510 -3.122788 1.574803 129.875824 -3.537632 1.574803 130.314957 -9.994325 1.574803 130.314957 -4.325033 1.968504 122.834648 -2.908468 1.968504 128.149612 -2.750230 1.968504 128.740158 -3.122788 1.968504 129.875824 -3.537632 1.968504 130.314957 -2.852629 1.968504 129.335510 -3.340781 1.968504 127.717293 -3.931332 1.968504 127.559052 -10.191175 -1.968504 127.717293 -9.600624 -1.968504 127.559052 -9.600624 -1.574803 127.559052 -10.191175 -1.574803 127.717293 -3.931332 -1.574803 127.559052 -10.623488 -1.574803 128.149612 -2.750230 -1.574803 128.740158 -9.994325 -1.574803 130.314957 -10.623488 1.968504 128.149612 -9.206923 1.968504 122.834648 -11.726608 1.968504 123.188980 -13.616372 1.968504 123.897636 -14.876214 1.968504 124.960632 -10.623488 -1.968504 128.149612 -11.726608 -1.968504 123.188980 -9.206923 -1.968504 122.834648 -13.616372 -1.968504 123.897636 -14.876214 -1.968504 124.960632 -9.994325 -3.543307 132.677170 -16.293537 -1.968504 132.677170 -16.293537 -3.543307 132.677170 -15.112434 -1.968504 132.677170 -9.994325 -1.968504 132.677170 -11.175426 -1.968504 131.889771 -15.112434 -1.968504 131.889771 -9.994325 -1.968504 131.102356 -11.175426 -1.968504 131.102356 -15.702986 -1.968504 131.102356 -16.293537 1.968504 131.102356 -16.293537 -1.968504 131.102356 -15.702986 1.968504 131.102356 -16.293537 3.543307 130.314957 -10.409167 3.128464 129.875824 -15.878694 3.128464 129.875824 -9.994325 3.543307 130.314957 -10.679327 2.858305 129.335510 -15.608535 2.858305 129.335510 -10.679327 -2.858305 129.335510 -10.409167 2.755906 129.875824 -10.409167 -3.128464 129.875824 -10.679327 2.755906 129.335510 -15.506136 -2.755906 128.740158 -10.781726 -2.755906 128.740158 -15.608535 -2.858305 129.335510 -15.878694 -3.128464 129.875824 -9.994325 2.755906 130.314957 -9.994325 -3.543307 130.314957 -15.506136 2.755906 128.740158 -16.293537 3.543307 132.677170 -16.293537 1.968504 132.677170 -16.293537 -3.543307 130.314957 -9.994325 1.968504 132.677170 -11.175426 3.543307 132.677170 -11.175426 1.968504 132.677170 -9.994325 3.543307 132.677170 -10.781726 2.755906 128.740158 -9.994325 1.968504 131.102356 -11.175426 1.968504 131.102356 -15.702986 -1.968504 131.889771 -15.702986 1.968504 131.889771 -11.175426 1.968504 131.889771 9.042178 -1.968504 127.559052 9.047147 -1.968504 122.834648 9.057260 -1.968504 122.834648 7.078643 -1.968504 122.834648 8.653446 -1.968504 127.559052 8.062895 -1.968504 127.717293 7.630582 -1.968504 128.149612 7.472344 -1.968504 128.740158 7.078643 -1.968504 131.102356 7.574743 -1.968504 129.335510 7.844903 -1.968504 129.875824 8.259746 -1.968504 130.314957 8.259746 -1.968504 131.102356 14.913289 1.574803 127.717293 14.322738 1.968504 127.559052 14.322738 1.574803 127.559052 14.913289 1.968504 127.717293 7.574743 -1.574803 129.335510 7.844903 -1.574803 129.875824 8.259746 -1.574803 130.314957 14.716438 -1.574803 131.102356 8.259746 1.574803 131.102356 8.259746 -1.574803 131.102356 14.716438 1.574803 131.102356 7.078643 1.968504 131.102356 8.259746 1.968504 131.102356 15.503840 -1.574803 128.740158 15.401442 1.574803 129.335510 15.401442 -1.574803 129.335510 15.503840 1.574803 128.740158 7.078643 1.968504 122.834648 20.228249 -1.968504 126.377953 20.228249 1.968504 128.740158 20.228249 -1.968504 128.740158 20.228249 1.968504 126.377953 15.503840 -1.968504 128.740158 15.503840 1.968504 128.740158 15.131282 1.574803 129.875824 15.131282 -1.574803 129.875824 8.062895 -1.574803 127.717293 7.630582 -1.574803 128.149612 8.062895 1.574803 127.717293 8.653446 1.574803 127.559052 7.630582 1.574803 128.149612 15.345602 1.574803 128.149612 7.472344 1.574803 128.740158 7.574743 1.574803 129.335510 7.844903 1.574803 129.875824 8.259746 1.574803 130.314957 14.716438 1.574803 130.314957 9.047147 1.968504 122.834648 7.630582 1.968504 128.149612 7.472344 1.968504 128.740158 7.844903 1.968504 129.875824 8.259746 1.968504 130.314957 7.574743 1.968504 129.335510 8.062895 1.968504 127.717293 8.653446 1.968504 127.559052 14.913289 -1.968504 127.717293 14.322738 -1.574803 127.559052 14.322738 -1.968504 127.559052 14.913289 -1.574803 127.717293 8.653446 -1.574803 127.559052 15.345602 -1.574803 128.149612 7.472344 -1.574803 128.740158 14.716438 -1.574803 130.314957 15.345602 1.968504 128.149612 13.929037 1.968504 122.834648 16.448723 1.968504 123.188980 18.338486 1.968504 123.897636 19.598328 1.968504 124.960632 15.345602 -1.968504 128.149612 16.448723 -1.968504 123.188980 13.929037 -1.968504 122.834648 18.338486 -1.968504 123.897636 19.598328 -1.968504 124.960632 14.716438 -3.543307 132.677170 21.015652 -3.543307 132.677170 21.015652 -1.968504 132.677170 19.834549 -1.968504 132.677170 14.716438 -1.968504 132.677170 19.834549 -1.968504 131.889771 15.897541 -1.968504 131.889771 15.897541 -1.968504 131.102356 14.716438 -1.968504 131.102356 20.425100 -1.968504 131.102356 21.015652 -1.968504 131.102356 21.015652 1.968504 131.102356 20.425100 1.968504 131.102356 21.015652 3.543307 130.314957 20.600807 3.128464 129.875824 15.131282 3.128464 129.875824 14.716438 3.543307 130.314957 20.330648 2.858305 129.335510 15.401442 2.858305 129.335510 15.401442 -2.858305 129.335510 15.131282 -3.128464 129.875824 15.131282 2.755906 129.875824 15.401442 2.755906 129.335510 15.503840 -2.755906 128.740158 20.228249 -2.755906 128.740158 20.330648 -2.858305 129.335510 20.600807 -3.128464 129.875824 14.716438 -3.543307 130.314957 14.716438 2.755906 130.314957 20.228249 2.755906 128.740158 21.015652 3.543307 132.677170 21.015652 1.968504 132.677170 21.015652 -3.543307 130.314957 14.716438 1.968504 132.677170 15.897541 1.968504 132.677170 15.897541 3.543307 132.677170 14.716438 3.543307 132.677170 15.503840 2.755906 128.740158 15.897541 1.968504 131.102356 14.716438 1.968504 131.102356 20.425100 -1.968504 131.889771 20.425100 1.968504 131.889771 15.897541 1.968504 131.889771 190.551178 1.968504 131.102356 193.307083 1.968504 131.102356 193.307083 -1.968504 131.102356 190.551178 -1.968504 131.102356 190.551178 -1.968507 145.275589 190.551178 1.968496 145.275589 200.000000 1.968504 139.370071 201.181107 1.968504 139.370071 201.181107 1.574803 139.370071 200.000000 1.574803 139.370071 201.181107 1.968504 137.007874 201.181107 1.968504 131.889771 200.590546 1.968504 131.889771 200.590546 1.968504 131.102356 200.787399 1.968504 137.007874 200.684998 1.968504 137.603226 200.414841 1.968504 138.143539 200.000000 1.968504 138.582672 201.181107 1.968504 145.275589 201.181107 -1.968504 145.275589 201.181107 -1.968504 139.370071 201.181107 -1.574803 139.370071 200.000000 -1.574803 139.370071 200.000000 -1.968504 139.370071 201.181107 -1.968504 131.889771 200.590546 -1.968504 131.889771 200.590546 -1.968504 131.102356 201.181107 1.574803 137.007874 201.181107 1.574803 133.070862 201.181107 -1.574803 137.007874 201.181107 -1.968504 137.007874 201.181107 -1.574803 133.070862 205.708664 1.968504 131.102356 205.708664 -1.968504 131.102356 205.708664 -1.968504 131.889771 205.708664 1.968504 131.889771 211.316055 -1.968504 137.007874 212.992126 0.000000 136.276794 211.316055 1.968504 137.007874 200.684998 -1.968504 137.603226 200.787399 -1.968504 137.007874 205.118103 1.968504 131.889771 205.118103 -1.968504 131.889771 200.000000 -1.968504 138.582672 200.414841 -1.968504 138.143539 211.237320 0.000000 131.889771 209.268814 1.968504 131.889771 205.118103 1.574803 137.007874 205.118103 1.574803 133.070862 208.953857 0.000000 131.102356 206.985352 1.968504 131.102356 205.118103 1.968504 137.007874 205.118103 -1.968504 137.007874 205.118103 -1.574803 137.007874 209.268814 -1.968504 131.889771 205.118103 -1.574803 133.070862 206.985352 -1.968504 131.102356 201.181107 1.968504 132.677170 201.181107 3.543307 131.102356 201.181107 3.543307 132.677170 201.181107 1.968504 131.102356 205.118103 3.543307 131.102356 205.118103 3.543307 132.677170 205.118103 -3.543307 131.102356 205.118103 -1.968504 132.677170 205.118103 -3.543307 132.677170 205.118103 1.968504 132.677170 206.299210 1.968504 132.677170 206.299210 3.543307 132.677170 200.000000 1.968504 131.102356 200.000000 1.968504 132.677170 206.299210 -1.968504 131.102356 206.299210 1.968504 131.102356 200.000000 3.543307 132.677170 206.299210 -3.543307 130.314957 200.414841 -3.128464 129.875824 205.884369 -3.128464 129.875824 200.000000 -3.543307 130.314957 200.684998 -2.858305 129.335510 205.614212 -2.858305 129.335510 200.684998 2.858305 129.335510 200.414841 -2.755906 129.875824 200.414841 3.128464 129.875824 200.684998 -2.755906 129.335510 205.511810 2.755906 128.740158 200.787399 2.755906 128.740158 205.614212 2.858305 129.335510 205.884369 3.128464 129.875824 200.000000 -2.755906 130.314957 200.000000 3.543307 130.314957 205.511810 -2.755906 128.740158 206.299210 -3.543307 132.677170 206.299210 -1.968504 132.677170 206.299210 3.543307 130.314957 200.000000 -1.968504 132.677170 201.181107 -3.543307 132.677170 201.181107 -1.968504 132.677170 200.000000 -3.543307 132.677170 201.181107 -1.968504 131.102356 201.181107 -3.543307 131.102356 200.787399 -2.755906 128.740158 200.000000 -1.968504 131.102356 188.188980 -1.968504 122.834648 185.039368 1.968504 122.834648 185.039368 -1.968504 122.834648 188.188980 1.968504 122.834648 197.637802 -1.968504 122.834648 194.488190 1.968504 122.834648 194.488190 -1.968504 122.834648 197.637802 1.968504 122.834648 193.307083 -6.299212 122.834648 189.370071 6.299212 122.834648 189.370071 -6.299212 122.834648 193.307083 6.299212 122.834648 194.488190 -1.968504 124.409447 194.488190 1.968504 124.409447 189.370071 -1.968504 124.409447 189.370071 -6.299212 125.984253 189.370071 1.968504 124.409447 189.370071 1.968504 125.984253 189.370071 6.299212 125.984253 189.370071 -1.968504 125.984253 193.307083 6.299212 125.984253 193.307083 1.968504 124.409447 193.307083 1.968504 125.984253 193.307083 -1.968504 125.984253 193.307083 -6.299212 125.984253 193.307083 -1.968504 124.409447 188.188980 1.968504 124.409447 188.188980 -1.968504 124.409447 197.637802 -6.299212 121.259842 185.869049 -5.469526 120.381584 196.808105 -5.469526 120.381584 185.039368 -6.299212 121.259842 186.409378 -4.929207 119.300941 196.267792 -4.929207 119.300941 185.039368 6.299212 121.259842 185.869049 5.469526 120.381584 186.409378 4.929207 119.300941 186.614166 -4.724410 118.110237 186.614166 4.724410 118.110237 196.062988 4.724410 118.110237 196.267792 4.929207 119.300941 196.808105 5.469526 120.381584 197.637802 6.299212 121.259842 197.637802 -6.299212 125.984253 197.637802 -1.968504 125.984253 196.062988 -4.724410 118.110237 197.637802 1.968504 125.984253 185.039368 -1.968504 125.984253 185.039368 1.968504 125.984253 185.039368 6.299212 125.984253 197.637802 6.299212 125.984253 196.808105 4.724410 120.381584 196.267792 4.724410 119.300941 197.637802 4.724410 121.259842 185.039368 -6.299212 125.984253 188.188980 12.992126 132.677170 189.370071 7.480315 132.677170 189.370071 12.992126 132.677170 188.188980 7.480315 132.677170 194.073349 7.895158 129.875824 193.803192 12.307123 129.335510 194.073349 12.577283 129.875824 193.803192 8.165318 129.335510 188.188980 8.267716 130.314957 188.188980 12.992126 130.314957 188.188980 7.480315 130.314957 193.700790 12.204724 128.740158 193.700790 8.267716 128.740158 194.488190 7.480315 130.314957 194.488190 12.992126 130.314957 193.307083 12.992126 132.677170 194.488190 7.480315 132.677170 194.488190 12.992126 132.677170 193.307083 7.480315 132.677170 193.307083 7.480315 131.102356 189.370071 7.480315 131.102356 189.370071 12.992126 131.102356 193.307083 12.992126 131.102356 188.873978 12.307123 129.335510 188.976379 12.204724 128.740158 188.603821 8.267716 129.875824 188.603821 12.577283 129.875824 188.873978 8.267716 129.335510 188.873978 8.165318 129.335510 188.603821 7.895158 129.875824 188.976379 8.267716 128.740158 189.370071 1.968504 131.102356 193.307083 1.968504 122.834648 189.370071 1.968504 122.834648 195.275589 -1.968504 122.834648 199.212601 1.968504 122.834648 199.212601 -1.968504 122.834648 195.275589 1.968504 122.834648 200.000000 1.574803 131.102356 194.488190 -1.574803 131.102356 200.000000 -1.574803 131.102356 194.488190 1.574803 131.102356 194.488190 -1.968504 131.102356 194.488190 1.968504 131.102356 189.370071 -1.968504 131.102356 188.188980 -1.968504 131.102356 188.188980 -1.574803 131.102356 188.188980 1.968504 131.102356 188.188980 1.574803 131.102356 182.677170 -1.574803 131.102356 182.677170 1.574803 131.102356 205.511810 -1.968504 128.740158 205.511810 1.968504 126.377953 205.511810 1.968504 128.740158 205.511810 -1.968504 126.377953 181.889771 -1.574803 128.740158 181.992157 1.574803 129.335510 181.889771 1.574803 128.740158 181.992157 -1.574803 129.335510 182.677170 -1.574803 130.314957 182.677170 1.574803 130.314957 177.795273 -1.968504 124.960632 177.165359 1.968504 126.377953 177.795273 1.968504 124.960632 177.165359 -1.968504 126.377953 193.700790 1.574803 128.740158 193.859024 1.968504 128.149612 193.700790 1.968504 128.740158 193.859024 1.574803 128.149612 177.165359 -1.968504 128.740158 181.889771 -1.968504 128.740158 181.889771 1.968504 128.740158 177.165359 1.968504 128.740158 182.262329 -1.574803 129.875824 182.262329 1.574803 129.875824 179.055115 -1.968504 123.897636 180.944885 1.968504 123.188980 180.944885 -1.968504 123.188980 179.055115 1.968504 123.897636 183.464569 1.968504 122.834648 183.464569 -1.968504 122.834648 187.401581 1.968504 122.834648 187.401581 -1.968504 122.834648 194.291336 1.968504 127.717293 194.291336 1.574803 127.717293 194.073349 1.574803 129.875824 193.803192 1.968504 129.335510 194.073349 1.968504 129.875824 193.803192 1.574803 129.335510 183.070862 1.968504 127.559052 182.480316 1.968504 127.717293 182.048004 1.968504 128.149612 188.385834 1.968504 127.717293 188.818146 1.968504 128.149612 188.976379 1.968504 128.740158 187.795273 1.968504 127.559052 188.873978 1.968504 129.335510 188.603821 1.968504 129.875824 188.188980 1.968504 130.314957 194.488190 1.574803 130.314957 194.488190 1.968504 130.314957 199.606293 -1.968504 127.559052 200.196854 -1.968504 127.717293 200.629166 -1.968504 128.149612 200.787399 -1.968504 128.740158 201.732285 -1.968504 123.188980 193.307083 -1.968504 122.834648 194.291336 -1.968504 127.717293 193.859024 -1.968504 128.149612 193.700790 -1.968504 128.740158 203.622040 -1.968504 123.897636 194.881897 -1.968504 127.559052 204.881897 -1.968504 124.960632 193.803192 -1.968504 129.335510 194.073349 -1.968504 129.875824 194.488190 -1.968504 130.314957 189.370071 -1.968504 122.834648 188.976379 -1.968504 128.740158 188.818146 -1.968504 128.149612 188.385834 -1.968504 127.717293 187.795273 -1.968504 127.559052 188.873978 -1.968504 129.335510 188.603821 -1.968504 129.875824 188.188980 -1.968504 130.314957 183.070862 -1.968504 127.559052 182.480316 -1.968504 127.717293 182.048004 -1.968504 128.149612 188.818146 -1.574803 128.149612 188.976379 -1.574803 128.740158 188.385834 -1.574803 127.717293 187.795273 -1.574803 127.559052 183.070862 -1.574803 127.559052 182.480316 -1.574803 127.717293 182.048004 -1.574803 128.149612 188.873978 -1.574803 129.335510 188.603821 -1.574803 129.875824 188.188980 -1.574803 130.314957 194.291336 -1.574803 127.717293 193.859024 -1.574803 128.149612 194.881897 -1.574803 127.559052 200.196854 -1.574803 127.717293 199.606293 -1.574803 127.559052 200.629166 -1.574803 128.149612 200.787399 -1.574803 128.740158 193.700790 -1.574803 128.740158 200.684998 -1.574803 129.335510 193.803192 -1.574803 129.335510 200.414841 -1.574803 129.875824 194.073349 -1.574803 129.875824 200.000000 -1.574803 130.314957 194.488190 -1.574803 130.314957 200.629166 1.574803 128.149612 200.787399 1.968504 128.740158 200.629166 1.968504 128.149612 200.787399 1.574803 128.740158 200.196854 1.574803 127.717293 200.196854 1.968504 127.717293 199.606293 1.968504 127.559052 199.606293 1.574803 127.559052 194.881897 1.574803 127.559052 200.684998 1.574803 129.335510 200.414841 1.574803 129.875824 200.000000 1.574803 130.314957 194.881897 1.968504 127.559052 204.881897 1.968504 124.960632 182.480316 1.574803 127.717293 182.048004 1.574803 128.149612 203.622040 1.968504 123.897636 201.732285 1.968504 123.188980 187.795273 1.574803 127.559052 183.070862 1.574803 127.559052 188.385834 1.574803 127.717293 188.818146 1.574803 128.149612 188.976379 1.574803 128.740158 188.873978 1.574803 129.335510 188.603821 1.574803 129.875824 188.188980 1.574803 130.314957 192.125992 7.480315 130.314957 190.551178 7.480315 130.314957 190.551178 7.480315 131.102356 192.125992 7.480315 131.102356 192.125977 1.574803 131.102356 192.125977 1.574803 128.740158 192.125992 8.267716 128.740158 192.125992 7.895158 129.875824 192.125992 8.165318 129.335510 190.551178 8.267716 128.740158 190.551178 1.574803 128.740158 190.551178 1.574803 131.102356 190.551178 7.895158 129.875824 190.551178 8.165318 129.335510 189.763779 2.126742 128.149612 189.370071 1.968504 128.740158 189.763779 1.968504 128.740158 189.370071 2.126742 128.149612 189.763779 7.086614 127.559052 189.370071 7.677166 127.717293 189.370071 7.086614 127.559052 189.763779 7.677166 127.717293 189.763779 2.559055 127.717293 189.370071 3.149606 127.559052 189.370071 2.559055 127.717293 189.763779 3.149606 127.559052 189.763779 8.267716 128.740158 189.370071 8.109479 128.149612 189.763779 8.109479 128.149612 189.370071 8.267716 128.740158 193.307083 -1.574803 128.740158 192.913391 -1.968504 128.740158 193.307083 -1.968504 128.740158 189.370071 -1.574803 128.740158 193.307083 -8.267716 128.740158 189.763779 -8.267716 128.740158 193.307083 -12.204724 128.740158 192.913391 -8.267716 128.740158 189.763779 -1.968504 128.740158 189.370071 -1.968504 128.740158 189.370071 -8.267716 128.740158 189.370071 -12.204724 128.740158 189.370071 12.204724 126.377953 193.307083 12.204724 128.740158 193.307083 12.204724 126.377953 189.370071 12.204724 128.740158 193.307083 7.086614 127.559052 193.307083 7.677166 127.717293 193.307083 8.109479 128.149612 193.307083 8.267716 128.740158 193.307083 8.897637 123.188980 193.307083 -6.692914 122.834648 193.307083 6.692914 122.834648 193.307083 -8.897637 123.188980 193.307083 10.551181 123.897636 193.307083 -10.551181 123.897636 193.307083 11.653543 124.960632 193.307083 1.574803 124.803146 193.307083 2.559055 127.717293 193.307083 2.126742 128.149612 193.307083 1.574803 128.740158 193.307083 3.149606 127.559052 193.307083 1.968504 128.740158 193.307083 -1.574803 124.803146 193.307083 -11.653543 124.960632 193.307083 -2.559055 127.717293 193.307083 -2.126742 128.149612 193.307083 -3.149606 127.559052 193.307083 -12.204724 126.377953 193.307083 -7.086614 127.559052 193.307083 -7.677166 127.717293 193.307083 -8.109479 128.149612 189.370071 -12.204724 126.377953 189.370071 6.692914 122.834648 189.370071 -6.692914 122.834648 192.913391 -8.109479 128.149612 192.913391 1.968504 128.740158 192.913391 2.126742 128.149612 189.370071 1.574803 124.803146 189.370071 -1.574803 124.803146 189.763779 -2.559055 127.717293 189.370071 -3.149606 127.559052 189.763779 -3.149606 127.559052 189.370071 -2.559055 127.717293 192.913391 -7.677166 127.717293 192.913391 -2.559055 127.717293 192.913391 -7.086614 127.559052 192.913391 -3.149606 127.559052 192.913391 -2.126742 128.149612 189.370071 11.653543 124.960632 189.370071 -7.677166 127.717293 189.763779 -8.109479 128.149612 189.763779 -7.677166 127.717293 189.370071 -8.109479 128.149612 189.370071 -7.086614 127.559052 189.763779 -7.086614 127.559052 189.370071 8.897637 123.188980 192.913391 2.559055 127.717293 189.370071 1.574803 128.740158 189.370071 10.551181 123.897636 189.370071 -2.126742 128.149612 189.763779 -2.126742 128.149612 192.913391 7.677166 127.717293 192.913391 7.086614 127.559052 192.913391 8.109479 128.149612 192.913391 3.149606 127.559052 192.913391 8.267716 128.740158 189.370071 -10.551181 123.897636 189.370071 -11.653543 124.960632 189.370071 -8.897637 123.188980 192.125992 -7.480315 130.314957 190.551178 -7.480315 131.102356 190.551178 -7.480315 130.314957 192.125992 -7.480315 131.102356 192.125977 -1.574803 128.740158 192.125977 -1.574803 131.102356 192.125992 -8.267716 128.740158 192.125992 -7.895158 129.875824 192.125992 -8.165318 129.335510 190.551178 -8.267716 128.740158 190.551178 -1.574803 131.102356 190.551178 -1.574803 128.740158 190.551178 -7.895158 129.875824 190.551178 -8.165318 129.335510 182.677170 -3.543307 132.677170 176.377960 -1.968504 132.677170 176.377960 -3.543307 132.677170 177.559052 -1.968504 132.677170 182.677170 -1.968504 132.677170 181.496063 -1.968504 131.889771 177.559052 -1.968504 131.889771 182.677170 -1.968504 131.102356 181.496063 -1.968504 131.102356 176.968506 -1.968504 131.102356 176.377960 1.968504 131.102356 176.377960 -1.968504 131.102356 176.968506 1.968504 131.102356 176.377960 3.543307 130.314957 182.262329 3.128464 129.875824 176.792801 3.128464 129.875824 182.677170 3.543307 130.314957 181.992157 2.858305 129.335510 177.062958 2.858305 129.335510 181.992157 -2.858305 129.335510 182.262329 2.755906 129.875824 182.262329 -3.128464 129.875824 181.992157 2.755906 129.335510 177.165359 -2.755906 128.740158 181.889771 -2.755906 128.740158 177.062958 -2.858305 129.335510 176.792801 -3.128464 129.875824 182.677170 2.755906 130.314957 182.677170 -3.543307 130.314957 177.165359 2.755906 128.740158 176.377960 3.543307 132.677170 176.377960 1.968504 132.677170 176.377960 -3.543307 130.314957 182.677170 1.968504 132.677170 181.496063 3.543307 132.677170 181.496063 1.968504 132.677170 182.677170 3.543307 132.677170 181.889771 2.755906 128.740158 182.677170 1.968504 131.102356 181.496063 1.968504 131.102356 176.968506 -1.968504 131.889771 176.968506 1.968504 131.889771 181.496063 1.968504 131.889771 189.370071 49.446182 154.976257 193.307083 -27.706594 153.543304 193.307083 49.446182 153.543304 189.370071 -27.706594 154.976257 189.370071 -27.706594 147.637802 193.307083 -27.706594 147.637802 189.370071 49.446182 147.637802 193.307083 49.446182 147.637802 188.188980 18.897638 140.944885 189.370071 13.385827 140.944885 189.370071 18.897638 140.944885 188.188980 13.385827 140.944885 194.073349 13.800670 138.143539 193.803192 18.212635 137.603226 194.073349 18.482794 138.143539 193.803192 14.070829 137.603226 188.188980 14.173228 138.582672 188.188980 18.897638 138.582672 188.188980 13.385827 138.582672 193.700790 18.110237 137.007874 193.700790 14.173228 137.007874 194.488190 13.385827 138.582672 194.488190 18.897638 138.582672 193.307083 18.897638 140.944885 194.488190 13.385827 140.944885 194.488190 18.897638 140.944885 193.307083 13.385827 140.944885 193.307083 13.385827 139.370071 189.370071 13.385827 139.370071 189.370071 18.897638 139.370071 193.307083 18.897638 139.370071 188.873978 18.212635 137.603226 188.976379 18.110237 137.007874 188.603821 14.173228 138.143539 188.603821 18.482794 138.143539 188.873978 14.173228 137.603226 188.873978 14.070829 137.603226 188.603821 13.800670 138.143539 188.976379 14.173228 137.007874 201.181107 49.446182 151.181107 205.118103 -24.894728 151.181107 205.118103 49.446182 151.181107 201.181107 -24.894728 151.181107 201.574799 -0.590551 145.275589 201.968506 0.639764 145.275589 201.968506 -0.590551 145.275589 201.574799 0.590551 145.275589 201.574799 1.968504 145.275589 201.574799 -1.968504 145.275589 201.574799 1.968504 139.370071 201.574799 0.590551 139.370071 201.968506 0.639764 139.370071 201.574799 -0.590551 139.370071 201.968506 -0.590551 139.370071 201.574799 -1.968504 139.370071 201.181107 -24.894728 139.370071 205.118103 -24.894728 139.370071 201.181107 49.446182 139.370071 205.118103 49.446182 139.370071 193.307083 49.446182 145.275589 192.125977 -27.706594 145.275589 193.307083 -27.706594 145.275589 192.125977 49.446182 145.275589 192.125977 -27.706594 147.637802 192.125977 49.446182 147.637802 190.551178 -27.706594 145.275589 190.551178 49.446182 147.637802 190.551178 49.446182 145.275589 190.551178 -27.706594 147.637802 189.370071 -27.706594 139.370071 193.307083 -27.706594 139.370071 189.370071 -27.706594 145.275589 193.307083 49.446182 139.370071 189.370071 49.446182 139.370071 189.370071 49.446182 145.275589 201.181107 -3.543307 139.370071 201.181107 -1.968504 140.157486 201.181107 -3.543307 140.944885 201.181107 3.543307 139.370071 201.181107 1.968504 140.157486 201.181107 1.968504 140.944885 201.181107 3.543307 140.944885 201.181107 -1.968504 140.944885 200.000000 -1.968504 140.944885 200.000000 -3.543307 140.944885 200.590546 -1.968504 139.370071 200.000000 -1.968504 139.370071 200.590546 1.968504 139.370071 200.000000 3.543307 138.582672 205.884369 3.128464 138.143539 200.414841 3.128464 138.143539 206.299210 3.543307 138.582672 205.614212 2.858304 137.603226 200.684998 2.858305 137.603226 205.614212 -2.858305 137.603226 205.884369 2.755905 138.143539 205.884369 -3.128464 138.143539 205.614212 2.755905 137.603226 200.787399 -2.755905 137.007874 205.511810 -2.755906 137.007874 200.684998 -2.858304 137.603226 200.414841 -3.128464 138.143539 206.299210 2.755905 138.582672 206.299210 -3.543307 138.582672 200.787399 2.755906 137.007874 200.000000 3.543307 140.944885 200.000000 1.968504 140.944885 200.000000 -3.543307 138.582672 206.299210 -3.543307 140.944885 205.118103 3.543307 140.944885 205.118103 -3.543307 140.944885 206.299210 3.543307 140.944885 205.118103 -3.543307 139.370071 205.118103 3.543307 139.370071 205.511810 2.755905 137.007874 200.590546 -1.968504 140.157486 200.590546 1.968504 140.157486 200.000000 14.960629 140.944885 201.181107 9.448819 140.944885 201.181107 14.960629 140.944885 200.000000 9.448819 140.944885 205.884369 9.863662 138.143539 205.614212 14.275627 137.603226 205.884369 14.545787 138.143539 205.614212 10.133821 137.603226 200.000000 10.236220 138.582672 200.000000 14.960629 138.582672 200.000000 9.448819 138.582672 205.511810 14.173228 137.007874 205.511810 10.236220 137.007874 206.299210 9.448819 138.582672 206.299210 14.960629 138.582672 205.118103 14.960629 140.944885 206.299210 9.448819 140.944885 206.299210 14.960629 140.944885 205.118103 9.448819 140.944885 205.118103 9.448819 139.370071 201.181107 9.448819 139.370071 201.181107 14.960629 139.370071 205.118103 14.960629 139.370071 200.684998 14.275627 137.603226 200.787399 14.173228 137.007874 200.414841 10.236220 138.143539 200.414841 14.545787 138.143539 200.684998 10.236220 137.603226 200.684998 10.133821 137.603226 200.414841 9.863662 138.143539 200.787399 10.236220 137.007874 200.000000 -9.448819 140.944885 201.181107 -14.960629 140.944885 201.181107 -9.448819 140.944885 200.000000 -14.960629 140.944885 205.884369 -14.545787 138.143539 205.614212 -10.133821 137.603226 205.884369 -9.863662 138.143539 205.614212 -14.275627 137.603226 200.000000 -14.173228 138.582672 200.000000 -9.448819 138.582672 200.000000 -14.960629 138.582672 205.511810 -10.236220 137.007874 205.511810 -14.173228 137.007874 206.299210 -14.960629 138.582672 206.299210 -9.448819 138.582672 205.118103 -9.448819 140.944885 206.299210 -14.960629 140.944885 206.299210 -9.448819 140.944885 205.118103 -14.960629 140.944885 205.118103 -14.960629 139.370071 201.181107 -14.960629 139.370071 201.181107 -9.448819 139.370071 205.118103 -9.448819 139.370071 200.684998 -10.133821 137.603226 200.787399 -10.236220 137.007874 200.414841 -14.173228 138.143539 200.414841 -9.863662 138.143539 200.684998 -14.173228 137.603226 200.684998 -14.275627 137.603226 200.414841 -14.545787 138.143539 200.787399 -14.173228 137.007874 188.188980 -13.385827 140.944885 189.370071 -18.897638 140.944885 189.370071 -13.385827 140.944885 188.188980 -18.897638 140.944885 194.073349 -18.482794 138.143539 193.803192 -14.070829 137.603226 194.073349 -13.800670 138.143539 193.803192 -18.212635 137.603226 188.188980 -18.110237 138.582672 188.188980 -13.385827 138.582672 188.188980 -18.897638 138.582672 193.700790 -14.173228 137.007874 193.700790 -18.110237 137.007874 194.488190 -18.897638 138.582672 194.488190 -13.385827 138.582672 193.307083 -13.385827 140.944885 194.488190 -18.897638 140.944885 194.488190 -13.385827 140.944885 193.307083 -18.897638 140.944885 193.307083 -18.897638 139.370071 189.370071 -18.897638 139.370071 189.370071 -13.385827 139.370071 193.307083 -13.385827 139.370071 188.873978 -14.070829 137.603226 188.976379 -14.173228 137.007874 188.603821 -18.110237 138.143539 188.603821 -13.800670 138.143539 188.873978 -18.110237 137.603226 188.873978 -18.212635 137.603226 188.603821 -18.482794 138.143539 188.976379 -18.110237 137.007874 188.188980 -7.480315 132.677170 189.370071 -12.992126 132.677170 189.370071 -7.480315 132.677170 188.188980 -12.992126 132.677170 194.073349 -12.577283 129.875824 193.803192 -8.165318 129.335510 194.073349 -7.895158 129.875824 193.803192 -12.307123 129.335510 188.188980 -12.204724 130.314957 188.188980 -7.480315 130.314957 188.188980 -12.992126 130.314957 193.700790 -8.267716 128.740158 193.700790 -12.204724 128.740158 194.488190 -12.992126 130.314957 194.488190 -7.480315 130.314957 193.307083 -7.480315 132.677170 194.488190 -12.992126 132.677170 194.488190 -7.480315 132.677170 193.307083 -12.992126 132.677170 193.307083 -12.992126 131.102356 189.370071 -12.992126 131.102356 189.370071 -7.480315 131.102356 193.307083 -7.480315 131.102356 188.873978 -8.165318 129.335510 188.976379 -8.267716 128.740158 188.603821 -12.204724 129.875824 188.603821 -7.895158 129.875824 188.873978 -12.204724 129.335510 188.873978 -12.307123 129.335510 188.603821 -12.577283 129.875824 188.976379 -12.204724 128.740158 192.125992 13.385827 138.582672 190.551178 13.385827 138.582672 190.551178 13.385827 139.370071 192.125992 13.385827 139.370071 192.125992 1.574803 139.370071 192.125992 1.574803 137.007874 192.125992 14.173228 137.007874 192.125992 13.800670 138.143539 192.125992 14.070829 137.603226 190.551178 14.173228 137.007874 190.551178 1.574803 137.007874 190.551178 1.574803 139.370071 190.551178 13.800670 138.143539 190.551178 14.070829 137.603226 192.125992 -13.385827 138.582672 190.551178 -13.385827 139.370071 190.551178 -13.385827 138.582672 192.125992 -13.385827 139.370071 192.125992 -1.574803 137.007874 192.125992 -1.574803 139.370071 192.125992 -14.173228 137.007874 192.125992 -13.800670 138.143539 192.125992 -14.070829 137.603226 190.551178 -14.173228 137.007874 190.551178 -1.574803 139.370071 190.551178 -1.574803 137.007874 190.551178 -13.800670 138.143539 190.551178 -14.070829 137.603226 192.913391 14.173228 137.007874 193.307083 14.014991 136.417328 193.307083 14.173228 137.007874 192.913391 14.014991 136.417328 192.913391 13.582677 135.985016 193.307083 13.582677 135.985016 193.307083 3.149606 135.826767 192.913391 12.992126 135.826767 192.913391 3.149606 135.826767 193.307083 12.992126 135.826767 193.307083 -1.574803 137.007874 192.913391 -1.968504 137.007874 193.307083 -1.968504 137.007874 189.370071 -1.574803 137.007874 193.307083 -14.173228 137.007874 189.763779 -14.173228 137.007874 193.307083 -18.110237 137.007874 192.913391 -14.173228 137.007874 189.763779 -1.968504 137.007874 189.370071 -1.968504 137.007874 189.370071 -14.173228 137.007874 189.370071 -18.110237 137.007874 193.307083 18.110237 137.007874 193.307083 18.110237 134.645676 193.307083 15.275591 131.456696 193.307083 -13.385827 131.102356 193.307083 13.385827 131.102356 193.307083 -15.275591 131.456696 193.307083 16.692913 132.165359 193.307083 -16.692913 132.165359 193.307083 17.637794 133.228348 193.307083 1.574803 133.070862 193.307083 2.559055 135.985016 193.307083 2.126742 136.417328 193.307083 1.574803 137.007874 193.307083 1.968504 137.007874 193.307083 -1.574803 133.070862 193.307083 -17.637794 133.228348 193.307083 -3.149606 135.826767 193.307083 -2.559055 135.985016 193.307083 -2.126742 136.417328 193.307083 -18.110237 134.645676 193.307083 -12.992126 135.826767 193.307083 -13.582677 135.985016 193.307083 -14.014991 136.417328 189.370071 -13.385827 131.102356 189.370071 -15.275591 131.456696 189.370071 1.574803 133.070862 189.370071 -1.574803 133.070862 189.370071 -12.992126 135.826767 189.370071 -18.110237 134.645676 189.370071 -13.582677 135.985016 189.370071 -14.014991 136.417328 189.370071 13.385827 131.102356 189.370071 15.275591 131.456696 189.370071 -16.692913 132.165359 189.370071 16.692913 132.165359 189.370071 -17.637794 133.228348 189.370071 -3.149606 135.826767 189.370071 -2.559055 135.985016 189.370071 -2.126742 136.417328 189.370071 17.637794 133.228348 189.370071 3.149606 135.826767 189.370071 2.559055 135.985016 189.370071 2.126742 136.417328 189.370071 1.574803 137.007874 189.370071 18.110237 134.645676 189.370071 1.968504 137.007874 189.370071 12.992126 135.826767 189.370071 18.110237 137.007874 189.370071 13.582677 135.985016 189.370071 14.014991 136.417328 189.370071 14.173228 137.007874 189.763779 1.968504 137.007874 192.913391 1.968504 137.007874 189.763779 14.173228 137.007874 192.913391 -3.149606 135.826767 192.913391 -2.559055 135.985016 192.913391 -2.126742 136.417328 189.763779 -13.582677 135.985016 189.763779 -3.149606 135.826767 189.763779 -12.992126 135.826767 189.763779 -2.559055 135.985016 189.763779 -14.014991 136.417328 189.763779 -2.126742 136.417328 192.913391 -12.992126 135.826767 189.763779 14.014991 136.417328 189.763779 13.582677 135.985016 189.763779 2.559055 135.985016 189.763779 12.992126 135.826767 189.763779 3.149606 135.826767 189.763779 2.126742 136.417328 192.913391 2.126742 136.417328 192.913391 2.559055 135.985016 192.913391 -13.582677 135.985016 192.913391 -14.014991 136.417328 205.118103 -14.173228 137.007874 201.181107 -10.236220 137.007874 201.181107 -14.173228 137.007874 205.118103 -10.236220 137.007874 203.149612 -9.645669 137.007874 205.118103 2.126742 136.417328 203.149612 2.559055 137.007874 203.149612 2.638174 136.712601 203.149612 3.224705 136.397202 201.181107 9.055119 135.826767 201.181107 3.149606 135.826767 203.149612 8.980020 136.397202 205.118103 10.236220 137.007874 203.149612 9.566550 136.712601 205.118103 10.077983 136.417328 203.149612 9.645669 137.007874 205.118103 -9.645669 135.985016 203.149612 -9.566550 136.712601 205.118103 -10.077983 136.417328 203.149612 -9.350393 136.496445 203.149612 2.854331 136.496445 201.181107 2.559055 135.985016 205.118103 9.055119 135.826767 205.118103 3.149606 135.826767 201.181107 -10.077983 136.417328 203.149612 -2.638174 136.712601 205.118103 -2.559055 135.985016 205.118103 -2.126742 136.417328 203.149612 -2.854331 136.496445 201.181107 -6.299212 131.102356 205.118103 -8.923884 131.338577 201.181107 -8.923884 131.338577 205.118103 -6.299212 131.102356 203.149612 -2.559055 137.007874 201.181107 -2.126742 136.417328 201.181107 14.173228 134.645676 205.118103 14.173228 137.007874 205.118103 14.173228 134.645676 201.181107 14.173228 137.007874 201.181107 2.126742 136.417328 205.118103 -9.055119 135.826767 203.149612 -8.980020 136.397202 205.118103 9.645669 135.985016 203.149612 9.350393 136.496445 201.181107 8.923884 131.338577 205.118103 6.299212 131.102356 201.181107 6.299212 131.102356 205.118103 8.923884 131.338577 201.181107 -3.149606 135.826767 203.149612 -3.224705 136.397202 201.181107 -2.559055 135.985016 205.118103 -3.149606 135.826767 205.118103 2.559055 135.985016 201.181107 10.236220 137.007874 205.118103 13.648293 133.464569 201.181107 13.648293 133.464569 201.181107 11.023623 131.811020 205.118103 11.023623 131.811020 201.181107 12.598425 132.519684 205.118103 12.598425 132.519684 201.181107 9.645669 135.985016 201.181107 10.077983 136.417328 201.181107 -9.055119 135.826767 201.181107 -9.645669 135.985016 201.181107 -14.173228 134.645676 201.181107 -11.023623 131.811020 201.181107 -12.598425 132.519684 201.181107 -13.648293 133.464569 205.118103 -14.173228 134.645676 205.118103 -13.648293 133.464569 205.118103 -12.598425 132.519684 205.118103 -11.023623 131.811020 -188.582672 49.607494 3.542801 -184.645676 49.607494 9.448313 -184.645676 49.607494 3.542801 -188.582672 49.607494 9.448313 -188.582672 -27.706594 3.542801 -184.645676 -27.706594 3.542801 -184.645676 -27.706594 9.448313 -188.582672 -27.706594 9.448313 -132.845901 3.614466 165.579712 -134.472290 -3.026240 164.156616 -132.845901 -3.516339 165.579712 -135.095612 -2.838411 163.611206 -134.472290 3.124367 164.156616 -135.095612 2.936537 163.611206 -134.298920 3.176610 164.308304 -24.777538 -4.872197 169.516724 -24.370079 -5.462748 166.831757 -24.370079 -4.872197 169.516724 -24.777538 -5.462748 166.831757 -112.598427 -4.872197 169.516724 -112.598427 -5.462748 166.831757 -131.496063 -4.399755 164.598648 -129.471313 -4.703468 165.236679 -131.496063 -3.923096 166.209641 -126.771652 -5.108417 165.715210 -124.971878 -5.209654 166.034210 -126.771652 -4.555830 167.863174 -112.598427 4.970323 169.516724 -119.347580 -4.872197 169.123016 -119.347580 4.970323 169.123016 -118.053993 -4.703468 157.505692 -119.347580 -5.462748 166.565903 -129.471313 -4.194268 167.154510 -136.220474 -1.919441 161.249008 -136.220474 2.017567 161.249008 -124.971878 -4.646220 168.335617 -120.078743 -4.399755 156.781784 -120.472443 -5.462748 166.459564 -120.472443 -4.872197 168.965546 -124.971878 4.744347 168.335617 -129.471313 4.292394 167.154510 -126.771652 4.653956 167.863174 -123.228348 -3.336764 155.092667 -121.428574 -3.944188 156.299179 -120.472443 4.970323 168.965546 -131.496063 4.021223 166.209641 -115.002953 -1.315878 154.156754 -113.274498 0.049063 154.236374 -113.349770 -1.398906 154.280746 -114.874664 0.049063 154.119125 -124.803146 -1.919441 152.981293 -123.678291 -2.672695 153.656204 -123.678291 -2.999306 154.791046 -119.347580 5.560874 166.565903 -120.472443 5.560874 166.459564 -132.845901 -3.944188 164.173294 -126.771652 5.206543 165.715210 -118.053993 4.801594 157.505692 -120.078743 4.497882 156.781784 -120.233528 0.049063 153.587280 -122.451523 -1.520588 153.411682 -121.601486 0.049063 153.421600 -121.428574 3.614466 154.218628 -119.681702 2.453370 153.963242 -120.889442 2.089431 153.802200 -120.078743 4.021223 154.398605 -24.777538 5.560874 166.831757 -24.370079 4.970323 169.516724 -24.370079 5.560874 166.831757 -24.777538 4.970323 169.516724 -112.598427 5.560874 166.831757 -108.944344 -1.620161 154.456955 -107.916977 -3.269299 154.762131 -108.996208 -3.269299 154.718948 -107.909500 -1.620161 154.498352 -118.053993 -4.194268 154.668579 -121.428574 -3.516339 154.218628 -120.078743 -3.923096 154.398605 -135.095612 -2.931814 162.844070 -134.645676 -3.336764 163.109924 -129.471313 4.801594 165.236679 -131.496063 4.497882 164.598648 -132.845901 4.042314 164.173294 -123.228348 3.434890 155.092667 -123.678291 3.097432 154.791046 -115.173096 3.057202 154.411484 -113.349770 1.497032 154.280746 -115.002953 1.414004 154.156754 -113.447441 3.143870 154.540909 -123.228348 3.072123 153.768692 -122.451523 1.618715 153.411682 -123.678291 2.770821 153.656204 -120.374306 -0.416932 153.589127 -120.889442 -1.991304 153.802200 -109.055115 -5.462748 158.893173 -107.930260 -5.462748 159.013824 -108.944344 1.718287 154.456955 -108.900345 0.049063 154.404175 -115.173096 -2.959075 154.411484 -115.354332 -4.555830 154.871048 -117.794327 -2.608017 154.214890 -107.907959 0.049063 154.443863 -107.909500 1.718287 154.498352 -109.055115 5.560874 158.893173 -113.554558 5.307781 158.410568 -123.228348 -2.973996 153.768692 -113.554558 4.744347 155.006027 -115.354332 4.653956 154.871048 -124.971878 5.307781 166.034210 -115.354332 5.206543 158.048615 -117.794327 2.706144 154.214890 -117.549667 1.072927 153.965744 -108.996208 3.367425 154.718948 -119.681702 -2.355244 153.963242 -117.409920 0.049063 153.940598 -113.447441 -3.045743 154.540909 -135.095612 3.029941 162.844070 -134.645676 3.434890 163.109924 -124.803146 1.033315 152.981293 -113.554558 -4.646220 155.006027 -109.055115 -4.872197 155.186005 -124.803146 2.017567 152.981293 -101.174538 0.049063 154.556091 -101.174995 -1.620161 154.610596 -115.354332 -5.108417 158.048615 -113.554558 -5.209654 158.410568 -35.796196 1.718287 154.610596 -35.796848 0.049063 154.556091 -101.174995 1.718287 154.610596 -121.428574 4.042314 156.299179 -118.053993 4.292394 154.668579 -120.374306 0.515059 153.589127 -117.549667 -0.974800 153.965744 -119.301689 -0.740154 153.732147 -101.177193 -3.269299 154.874451 -119.301689 0.838280 153.732147 -107.916977 3.367425 154.762131 -107.930260 5.560874 159.013824 -101.181099 5.560874 159.315445 -101.181099 4.970323 155.343491 -124.803146 0.049063 152.981293 -101.177193 3.367425 154.874451 -35.787403 4.970323 155.343491 -35.793030 3.367425 154.874451 -107.930260 4.970323 155.231003 -109.055115 4.970323 155.186005 -120.029373 0.049063 153.612000 -119.129562 0.049063 153.720978 -124.803146 -0.935189 152.981293 -101.181099 -5.462748 159.315445 -35.787403 -4.872197 155.343491 -35.787403 -5.462748 159.315445 -101.181099 -4.872197 155.343491 -35.793030 -3.269299 154.874451 -35.796196 -1.620161 154.610596 -35.787403 5.560874 159.315445 -107.930260 -4.872197 155.231003 -31.850393 5.560874 159.062073 -21.496349 -2.383821 154.085617 -20.039370 -3.641281 154.398605 -21.113983 -3.952947 154.527557 -20.559227 -2.112031 153.973160 -25.922455 3.067120 154.515045 -23.976377 4.429509 154.871048 -24.227287 2.843003 154.413330 -25.749300 4.663907 154.977432 -24.466002 1.209496 154.160339 -21.496349 2.481947 154.085617 -21.864115 0.865501 153.848114 -20.559227 2.210157 153.973160 -17.944441 3.131824 153.895828 -18.737629 1.681846 153.535980 -20.039370 3.739408 154.398605 -21.864115 -0.767375 153.848114 -21.056925 -0.533269 153.751251 -31.992718 0.049063 154.464798 -29.419397 -1.493089 154.457550 -31.949543 -1.620161 154.518265 -29.498886 0.049063 154.409027 -22.037224 0.049063 153.833511 -21.056925 0.631395 153.751251 -21.226784 0.049063 153.745865 -26.087542 1.423878 154.257645 -26.215136 0.049063 154.217682 -29.419397 1.591215 154.457550 -17.944441 -3.033697 153.895828 -18.737629 -1.583720 153.535980 -19.612610 0.049063 153.588379 -24.622213 0.049063 154.129318 -31.949543 1.718287 154.518265 -29.325701 3.238042 154.719238 -31.901850 3.367425 154.781067 -31.850393 4.970323 155.249008 -31.850393 -4.872197 155.249008 -31.901850 -3.269299 154.781067 -17.414698 -2.976807 155.092667 -17.944441 -3.403629 155.433594 -9.696660 4.531315 164.903412 -8.622047 3.739408 166.209641 -8.622047 4.182249 164.598648 -17.808399 4.838503 168.965546 -14.331977 4.663907 168.235489 -17.808399 5.413237 166.459564 -20.039370 4.182249 156.781784 -17.944441 3.501755 155.433594 -24.466002 -1.111369 154.160339 -26.087542 -1.325752 154.257645 -24.227287 -2.744877 154.413330 -25.922455 -2.968994 154.515045 -20.039370 -4.084123 156.781784 -8.622047 -4.084123 164.598648 -9.696660 -4.433188 164.903412 -17.414698 2.750733 153.768692 -16.102362 2.017567 152.981293 -21.113983 4.051074 154.527557 -16.102362 -1.919441 152.981293 -5.997375 -3.231553 163.109924 -29.225721 -5.315110 158.893173 -25.749300 -5.119561 158.333862 -17.808399 -5.315110 166.459564 -23.976377 -4.331383 154.871048 -21.113983 -4.433188 157.127563 -16.102362 -0.935189 152.981293 -6.527119 -3.403629 163.410400 -6.527119 -3.033697 164.449890 -31.850393 -5.462748 159.062073 -20.433071 -5.462748 166.608444 -29.225721 -4.740377 155.186005 -29.325701 -3.139916 154.719238 -5.997375 -2.880058 164.004913 -4.685040 -1.919441 161.249008 -23.976377 -4.857037 158.048615 -12.559055 -4.857037 165.715210 -16.102362 0.049063 152.981293 -16.102362 1.033315 152.981293 -20.433071 5.560874 166.608444 -29.225721 5.413237 158.893173 -17.414698 3.074934 155.092667 -21.113983 4.531315 157.127563 -23.976377 4.955163 158.048615 -14.331977 5.217688 165.966614 -12.559055 4.955163 165.715210 -12.559055 4.429509 167.863174 -9.696660 4.051074 166.660965 -6.527119 3.501755 163.410400 -12.559055 -4.331383 167.863174 -9.696660 -3.952947 166.660965 -17.414698 -2.652607 153.768692 -8.622047 -3.641281 166.209641 -25.749300 5.217688 158.333862 -20.433071 4.970323 169.186005 -6.527119 3.131824 164.449890 -5.997375 3.329679 163.109924 -4.685040 2.017567 161.249008 -5.997375 2.978184 164.004913 -17.808399 -4.740377 168.965546 -20.433071 -4.872197 169.186005 -29.225721 4.838503 155.186005 -14.331977 -4.565780 168.235489 -14.331977 -5.119561 165.966614 -25.749300 -4.565780 154.977432 -148.425201 -1.919441 161.249008 -148.425201 2.017567 152.981293 -148.425201 -1.919441 152.981293 -148.425201 2.017567 161.249008 -142.519684 -1.919441 161.249008 -142.519684 2.017567 161.249008 -142.519684 -1.919441 160.461609 -141.732285 -1.919441 158.886795 -141.338577 -1.919441 152.981293 -141.338577 -1.919441 158.886795 -141.834686 -1.919441 159.482147 -142.104843 -1.919441 160.022476 -141.338577 2.017567 152.981293 -141.732285 2.017567 158.886795 -140.944885 2.017567 158.886795 -141.834686 2.017567 159.482147 -142.104843 2.017567 160.022476 -142.519684 2.017567 160.461609 -137.795273 2.017567 152.981293 -136.220474 2.017567 160.461609 -136.635315 2.017567 160.022476 -136.905472 2.017567 159.482147 -137.007874 2.017567 158.886795 -137.795273 2.017567 158.886795 -141.338577 -1.525740 152.981293 -137.795273 -1.525740 152.981293 -141.338577 1.623866 152.981293 -137.795273 -1.919441 152.981293 -137.795273 1.623866 152.981293 -136.635315 -1.919441 160.022476 -136.220474 -1.919441 160.461609 -141.338577 -1.525740 158.886795 -137.795273 -1.525740 158.886795 -137.795273 1.623866 158.886795 -136.905472 -1.919441 159.482147 -137.007874 -1.919441 158.886795 -137.795273 -1.919441 158.886795 -140.944885 1.623866 158.886795 7.519685 -1.919441 161.249008 7.519685 2.017567 161.249008 7.519685 2.017567 152.981293 7.519685 -1.919441 152.981293 0.393701 49.607494 3.542801 4.330709 49.607494 9.448313 4.330709 49.607494 3.542801 0.393701 49.607494 9.448313 0.393701 -27.706594 3.542801 4.330709 -27.706594 3.542801 4.330709 -27.706594 9.448313 0.393701 -27.706594 9.448313 -1.181103 50.294136 175.159470 -1.574803 50.294136 177.084427 -1.574803 50.294136 185.001984 -1.181103 50.294136 186.970490 5.905511 50.294136 175.159470 5.905511 50.294136 186.970490 6.299212 50.294136 177.084427 6.299212 50.294136 185.001984 6.299212 28.632401 177.084427 6.299213 19.930573 175.159470 5.905512 28.163496 175.159470 6.299213 19.930573 177.084427 5.905512 28.163496 186.970490 6.299213 19.930573 186.970490 6.299212 28.163496 185.001984 6.299213 19.930573 185.001984 -1.181102 28.163496 186.970490 -1.574803 28.163496 177.084427 -1.181102 28.163496 175.159470 -1.574803 19.930573 175.159470 -1.574803 19.930573 186.970490 -1.574803 28.163496 185.001984 -1.574803 19.930573 185.001984 -1.574803 19.930573 177.084427 -0.393700 8.591990 175.159470 0.393701 7.332147 175.159470 0.393701 7.332147 186.970490 -0.393700 8.591990 186.970490 -0.984252 11.111674 186.970490 -0.984252 11.111674 175.159470 -1.377952 14.891202 186.970490 -1.377952 14.891202 175.159470 6.102363 14.891202 186.970490 6.102363 14.891202 175.159470 5.708662 11.111674 186.970490 5.708662 11.111674 175.159470 5.118111 8.591990 186.970490 5.118111 8.591990 175.159470 4.330709 7.332147 186.970490 4.330709 7.332147 175.159470 0.393701 0.965177 186.970490 4.330709 0.965177 186.970490 4.330709 0.965177 175.159470 0.393701 0.965177 175.159470 -1.181102 -27.019949 175.159470 -1.574803 -27.019949 185.001984 -1.574803 -27.019949 177.084427 -1.181102 -27.019949 186.970490 5.905512 -27.019949 175.159470 5.905512 -27.019949 186.970490 6.299213 -27.019949 177.084427 6.299213 -27.019949 185.001984 5.905512 -26.551044 175.159470 6.299213 -18.318121 175.159470 6.299213 -18.318121 177.084427 5.905512 -26.551044 186.970490 6.299213 -26.551044 185.001984 6.299213 -18.318121 186.970490 6.299213 -18.318121 185.001984 -1.181102 -26.551044 186.970490 -1.574803 -26.551044 177.084427 -1.574803 -18.318121 175.159470 -1.181102 -26.551044 175.159470 -1.574803 -18.318121 186.970490 -1.574803 -26.551044 185.001984 -1.574803 -18.318121 185.001984 -1.574803 -18.318121 177.084427 -0.393701 -6.979538 175.159470 0.393701 -5.719696 186.970490 0.393701 -5.719696 175.159470 -0.393701 -6.979538 186.970490 -0.984252 -9.499224 186.970490 -0.984252 -9.499224 175.159470 -1.377953 -13.278751 186.970490 -1.377953 -13.278751 175.159470 6.102363 -13.278751 186.970490 6.102363 -13.278751 175.159470 5.708662 -9.499224 186.970490 5.708662 -9.499224 175.159470 5.118110 -6.979538 186.970490 5.118110 -6.979538 175.159470 4.330709 -5.719696 186.970490 4.330709 -5.719696 175.159470 4.330709 0.647275 186.970490 0.393701 0.647275 186.970490 4.330709 0.647275 175.159470 0.393701 0.647275 175.159470 90.403458 2.467477 189.533905 90.403458 0.498973 189.533905 86.735260 0.498973 184.905792 86.735260 2.467477 184.905792 50.071960 2.467476 213.964767 50.071960 0.498972 213.964767 53.740158 2.467476 218.592880 53.740158 0.498972 218.592880 181.491272 0.592433 148.210785 178.274902 0.592433 143.257996 178.274902 2.560937 143.257996 181.491272 2.560937 148.210785 148.228348 0.592433 169.811981 145.011978 0.592433 164.859192 145.011978 2.560937 164.859192 148.228348 2.560936 169.811981 40.766880 3.254878 219.117828 40.766880 0.498972 219.117828 40.030548 0.498972 218.406769 40.030548 3.254878 218.406769 34.819584 0.498972 213.374588 34.819584 3.254878 213.374588 0.548765 3.254878 248.863068 0.548765 0.498972 248.863068 6.496063 0.498972 254.606293 6.496063 3.254878 254.606293 137.318710 2.954638 166.632797 137.318710 0.986134 166.632797 136.830429 0.986134 165.924988 136.830429 2.954638 165.924988 133.965302 0.986134 161.771759 133.965302 2.954638 161.771759 97.630844 2.954638 186.837219 97.630844 0.986134 186.837219 100.984253 2.954637 191.698257 100.984253 0.986133 191.698257 8.778910 -1.968504 171.955185 6.990119 -1.968504 167.230774 8.778910 -1.968504 167.230774 6.975038 -1.968504 171.955185 6.980007 -1.968504 167.230774 5.011503 -1.968504 167.230774 6.586307 -1.968504 171.955185 5.995755 -1.968504 172.113419 5.563442 -1.968504 172.545731 5.405204 -1.968504 173.136276 5.011503 -1.968504 175.498489 5.507603 -1.968504 173.731628 5.777762 -1.968504 174.271957 6.192605 -1.968504 174.711090 6.192605 -1.968504 175.498489 12.846148 1.574803 172.113419 12.255598 1.968504 171.955185 12.255598 1.574803 171.955185 12.846148 1.968504 172.113419 5.507603 -1.574803 173.731628 5.777762 -1.574803 174.271957 6.192605 -1.574803 174.711090 12.649299 -1.574803 175.498489 6.192605 1.574803 175.498489 6.192605 -1.574803 175.498489 12.649299 1.574803 175.498489 5.011503 1.968504 175.498489 6.192605 1.968504 175.498489 13.436700 -1.574803 173.136276 13.334301 1.574803 173.731628 13.334301 -1.574803 173.731628 13.436700 1.574803 173.136276 5.011503 1.968504 167.230774 18.161110 -1.968504 170.774078 18.161110 1.968504 173.136276 18.161110 -1.968504 173.136276 18.161110 1.968504 170.774078 13.436700 -1.968504 173.136276 13.436700 1.968504 173.136276 13.064141 1.574803 174.271957 13.064141 -1.574803 174.271957 5.995755 -1.574803 172.113419 5.563442 -1.574803 172.545731 5.995755 1.574803 172.113419 6.586307 1.574803 171.955185 5.563442 1.574803 172.545731 13.278462 1.574803 172.545731 5.405204 1.574803 173.136276 5.507603 1.574803 173.731628 5.777762 1.574803 174.271957 6.192605 1.574803 174.711090 12.649299 1.574803 174.711090 6.980007 1.968504 167.230774 5.563442 1.968504 172.545731 5.405204 1.968504 173.136276 5.777762 1.968504 174.271957 6.192605 1.968504 174.711090 5.507603 1.968504 173.731628 5.995755 1.968504 172.113419 6.586307 1.968504 171.955185 12.316937 -1.968504 171.971619 12.255598 -1.574803 171.955185 12.255598 -1.968504 171.955185 12.846148 -1.574803 172.113419 12.846148 -1.968504 172.113419 6.586307 -1.574803 171.955185 13.278462 -1.574803 172.545731 5.405204 -1.574803 173.136276 12.649299 -1.574803 174.711090 13.278462 1.968504 172.545731 11.861897 1.968504 167.230774 14.381582 1.968504 167.585098 16.271345 1.968504 168.293762 17.531189 1.968504 169.356750 13.278462 -1.968504 172.545731 14.381582 -1.968504 167.585098 11.861897 -1.968504 167.230774 16.271345 -1.968504 168.293762 17.531189 -1.968504 169.356750 12.649299 -3.543307 177.073288 18.948511 -3.543307 177.073288 18.948511 -1.968504 177.073288 17.767408 -1.968504 177.073288 12.649299 -1.968504 177.073288 17.767408 -1.968504 176.285889 13.830400 -1.968504 176.285889 13.830400 -1.968504 175.498489 12.649299 -1.968504 175.498489 18.357960 -1.968504 175.498489 18.948511 -1.968504 175.498489 18.948511 1.968504 175.498489 18.357960 1.968504 175.498489 18.948511 3.543307 174.711090 18.533669 3.128464 174.271957 13.064141 3.128464 174.271957 12.649299 3.543307 174.711090 18.263508 2.858305 173.731628 13.334301 2.858305 173.731628 13.334301 -2.858305 173.731628 13.064141 -3.128464 174.271957 13.064141 2.755905 174.271957 13.334301 2.755905 173.731628 13.436700 -2.755906 173.136276 18.161110 -2.755906 173.136276 18.263508 -2.858305 173.731628 18.533669 -3.128464 174.271957 12.649299 -3.543307 174.711090 12.649299 2.755905 174.711090 18.161110 2.755905 173.136276 18.948511 3.543307 177.073288 18.948511 1.968504 177.073288 18.948511 -3.543307 174.711090 12.649299 1.968504 177.073288 13.830400 1.968504 177.073288 13.830400 3.543307 177.073288 12.649299 3.543307 177.073288 13.436700 2.755905 173.136276 13.830400 1.968504 175.498489 12.649299 1.968504 175.498489 18.357960 -1.968504 176.285889 18.357960 1.968504 176.285889 13.830400 1.968504 176.285889 -4.054501 -1.968504 171.955185 -4.054501 -1.968504 167.230774 -2.265710 -1.968504 167.230774 -2.250628 -1.968504 171.955185 -2.255598 -1.968504 167.230774 -0.287094 -1.968504 167.230774 -1.861897 -1.968504 171.955185 -1.271346 -1.968504 172.113419 -0.839032 -1.968504 172.545731 -0.680795 -1.968504 173.136276 -0.287094 -1.968504 175.498489 -0.783193 -1.968504 173.731628 -1.053353 -1.968504 174.271957 -1.468196 -1.968504 174.711090 -1.468196 -1.968504 175.498489 -8.121739 1.574803 172.113419 -7.531188 1.574803 171.955185 -7.531188 1.968504 171.955185 -8.121739 1.968504 172.113419 -0.783193 -1.574803 173.731628 -1.053353 -1.574803 174.271957 -1.468196 -1.574803 174.711090 -7.924889 -1.574803 175.498489 -1.468196 -1.574803 175.498489 -1.468196 1.574803 175.498489 -7.924889 1.574803 175.498489 -0.287094 1.968504 175.498489 -1.468196 1.968504 175.498489 -8.712291 -1.574803 173.136276 -8.609892 -1.574803 173.731628 -8.609892 1.574803 173.731628 -8.712291 1.574803 173.136276 -0.287094 1.968504 167.230774 -13.436700 -1.968504 170.774078 -13.436700 -1.968504 173.136276 -13.436700 1.968504 173.136276 -13.436700 1.968504 170.774078 -8.712291 -1.968504 173.136276 -8.712291 1.968504 173.136276 -8.339732 -1.574803 174.271957 -8.339732 1.574803 174.271957 -1.271346 -1.574803 172.113419 -0.839032 -1.574803 172.545731 -1.271346 1.574803 172.113419 -1.861897 1.574803 171.955185 -0.839032 1.574803 172.545731 -8.554053 1.574803 172.545731 -0.680795 1.574803 173.136276 -0.783193 1.574803 173.731628 -1.053353 1.574803 174.271957 -1.468196 1.574803 174.711090 -7.924889 1.574803 174.711090 -2.255598 1.968504 167.230774 -0.839032 1.968504 172.545731 -0.680795 1.968504 173.136276 -1.053353 1.968504 174.271957 -1.468196 1.968504 174.711090 -0.783193 1.968504 173.731628 -1.271346 1.968504 172.113419 -1.861897 1.968504 171.955185 -7.592528 -1.968504 171.971619 -7.531188 -1.968504 171.955185 -7.531188 -1.574803 171.955185 -8.121739 -1.574803 172.113419 -8.121739 -1.968504 172.113419 -1.861897 -1.574803 171.955185 -8.554053 -1.574803 172.545731 -0.680795 -1.574803 173.136276 -7.924889 -1.574803 174.711090 -8.554053 1.968504 172.545731 -7.137487 1.968504 167.230774 -9.657172 1.968504 167.585098 -11.546936 1.968504 168.293762 -12.806779 1.968504 169.356750 -8.554053 -1.968504 172.545731 -9.657172 -1.968504 167.585098 -7.137487 -1.968504 167.230774 -11.546936 -1.968504 168.293762 -12.806779 -1.968504 169.356750 -7.924889 -3.543307 177.073288 -14.224102 -1.968504 177.073288 -14.224102 -3.543307 177.073288 -13.042999 -1.968504 177.073288 -7.924889 -1.968504 177.073288 -9.105991 -1.968504 176.285889 -13.042999 -1.968504 176.285889 -7.924889 -1.968504 175.498489 -9.105991 -1.968504 175.498489 -13.633551 -1.968504 175.498489 -14.224102 1.968504 175.498489 -14.224102 -1.968504 175.498489 -13.633551 1.968504 175.498489 -14.224102 3.543307 174.711090 -8.339732 3.128464 174.271957 -13.809258 3.128464 174.271957 -7.924889 3.543307 174.711090 -8.609892 2.858305 173.731628 -13.539099 2.858305 173.731628 -8.609892 -2.858305 173.731628 -8.339732 2.755905 174.271957 -8.339732 -3.128464 174.271957 -8.609892 2.755905 173.731628 -13.436700 -2.755906 173.136276 -8.712291 -2.755906 173.136276 -13.539099 -2.858305 173.731628 -13.809258 -3.128464 174.271957 -7.924889 2.755905 174.711090 -7.924889 -3.543307 174.711090 -13.436700 2.755905 173.136276 -14.224102 3.543307 177.073288 -14.224102 1.968504 177.073288 -14.224102 -3.543307 174.711090 -7.924889 1.968504 177.073288 -9.105991 3.543307 177.073288 -9.105991 1.968504 177.073288 -7.924889 3.543307 177.073288 -8.712291 2.755905 173.136276 -7.924889 1.968504 175.498489 -9.105991 1.968504 175.498489 -13.633551 -1.968504 176.285889 -13.633551 1.968504 176.285889 -9.105991 1.968504 176.285889 168.803116 0.000000 132.103424 167.847656 0.000000 132.162186 167.983475 1.001438 132.231430 168.894577 0.842684 132.163086 168.953888 0.832351 132.158646 174.678055 0.985094 131.330994 174.444168 1.110014 131.471329 175.202637 2.569281 131.777283 176.327499 1.968504 131.102356 174.257324 0.722158 131.425919 168.215179 2.632475 132.484192 169.261490 2.450162 132.405716 168.957932 0.853658 132.161896 171.675186 0.000000 131.768417 171.778839 0.290024 131.781982 152.699921 -1.660593 132.801117 63.330303 -1.660589 132.801422 73.228348 0.000000 132.677170 152.698898 0.000000 132.677170 36.702953 1.660593 132.801117 36.659523 3.304892 133.064209 152.702118 3.304892 133.064209 152.699921 1.660593 132.801117 162.979446 1.437395 132.544464 159.322327 1.564840 132.690750 159.387009 3.208035 132.952789 163.089905 3.078995 132.804672 172.358215 1.836938 131.992828 172.952927 3.353274 132.339706 169.261490 -2.450162 132.405716 168.953888 -0.832351 132.158646 171.491318 -0.390223 131.820312 171.935547 -1.984228 132.049179 171.387115 0.000000 131.798386 171.491318 0.390223 131.820312 156.543640 0.000000 132.613083 156.574631 1.660593 132.736542 174.444168 -1.110014 131.471329 172.358215 -1.836938 131.992828 174.257324 -0.722158 131.425919 152.702118 -3.304892 133.064209 156.574631 -1.660593 132.736542 156.607635 -3.304892 132.999115 174.678055 -0.985094 131.330994 174.257324 0.000000 131.425919 156.607635 3.304892 132.999115 156.642456 4.921260 133.398956 159.454605 4.823261 133.352081 171.778839 -0.290024 131.781982 172.390488 -3.549272 132.414703 172.952927 -3.353274 132.339706 159.264511 0.000000 132.574814 169.578339 -4.039268 132.789658 164.758453 1.282406 132.473297 164.915970 2.919906 132.731628 171.935547 1.984228 132.049179 176.327499 -1.968504 131.102356 162.887650 0.000000 132.439423 172.390488 3.549272 132.414703 156.642456 -4.921260 133.398956 159.387009 -3.208035 132.952789 159.454605 -4.823261 133.352081 164.641403 0.000000 132.380753 168.453491 4.235266 132.874008 169.578339 4.039268 132.789658 175.202637 -2.569281 131.777283 159.322327 -1.564840 132.690750 162.979446 -1.437395 132.544464 163.089905 -3.078995 132.804672 152.705460 -4.921260 133.464569 36.614174 -4.921260 133.464569 36.659523 -3.304892 133.064209 73.228348 -3.304892 133.064209 163.204147 4.692595 133.202103 167.983475 -1.001438 132.231430 36.614174 4.921260 133.464569 152.705460 4.921260 133.464569 164.758453 -1.282406 132.473297 164.915970 -2.919906 132.731628 36.744164 0.000000 132.677170 165.078903 4.529263 133.127106 168.215179 -2.632475 132.484192 163.204147 -4.692595 133.202103 165.078903 -4.529263 133.127106 168.453491 -4.235266 132.874008 183.807816 3.549272 145.713043 184.370239 3.353274 145.350586 183.807816 4.685040 144.149017 179.870804 4.235266 147.933075 180.995667 4.039268 147.525314 179.870804 5.590551 145.821640 184.370239 4.426322 143.875931 186.619965 2.569281 142.632172 186.619965 3.262092 141.827820 186.432495 3.477690 141.998489 170.871933 4.823261 150.243713 170.871933 6.366704 147.562546 168.059784 6.496063 147.733215 168.059784 4.921260 150.470261 176.496231 4.529263 149.156357 176.496231 5.978628 146.743301 180.995667 5.331833 145.514435 187.744827 1.968504 139.370071 172.390488 -4.685040 134.724869 172.952927 -4.426322 134.517868 175.202637 -3.262092 132.965363 168.453491 -5.590551 135.992752 168.059784 -6.496063 147.733215 156.642456 -6.496063 137.441757 170.871933 -6.366704 147.562546 159.454605 -6.366704 137.312378 163.204147 -6.194226 136.898376 186.432495 -3.477690 141.998489 175.015167 -3.477690 133.094742 186.619965 -3.262092 141.827820 152.705460 -6.496063 137.622879 164.122772 -6.496063 147.972168 170.871933 -4.823261 150.243713 168.059784 -4.921260 150.470261 169.578339 -5.331833 135.759872 29.133858 -6.496063 147.972168 36.614174 -6.496063 137.622879 180.995667 -4.039268 147.525314 180.995667 -5.331833 145.514435 183.807816 -3.549272 145.713043 176.496231 -4.529263 149.156357 176.496231 -5.978628 146.743301 179.870804 -4.235266 147.933075 184.370239 -4.426322 143.875931 186.619965 -2.569281 142.632172 165.078903 -5.978628 136.691376 179.870804 -5.590551 145.821640 164.122772 -4.921260 150.787399 29.133858 -4.921260 150.787399 183.807816 -4.685040 144.149017 184.370239 -3.353274 145.350586 187.744827 -1.968504 139.370071 163.204147 6.194226 136.898376 165.078903 5.978628 136.691376 164.122772 6.496063 147.972168 29.133858 6.496063 147.972168 29.133858 4.921260 150.787399 164.122772 4.921260 150.787399 172.390488 4.685040 134.724869 168.453491 5.590551 135.992752 169.578339 5.331833 135.759872 175.015167 3.477690 133.094742 152.705460 6.496063 137.622879 156.642456 6.496063 137.441757 172.952927 4.426322 134.517868 175.202637 3.262092 132.965363 159.454605 6.366704 137.312378 36.614174 6.496063 137.622879 174.621460 6.194226 147.016388 174.621460 4.692595 149.518814 174.621460 -4.692595 149.518814 174.621460 -6.194226 147.016388 189.319626 -1.968504 131.102356 187.744827 -1.968504 138.582672 188.532227 -1.968504 137.007874 189.319626 -1.968504 137.007874 188.429825 -1.968504 137.603226 188.159668 -1.968504 138.143539 194.831436 -1.968504 138.582672 194.831436 1.968504 138.582672 194.416595 1.968504 138.143539 194.416595 -1.968504 138.143539 189.319626 1.968504 137.007874 189.319626 1.968504 131.102356 188.532227 1.968504 137.007874 187.744827 1.968504 138.582672 188.429825 1.968504 137.603226 188.159668 1.968504 138.143539 193.256638 -1.968504 131.102356 210.540100 -1.968504 131.102356 210.540100 -1.968504 139.370071 194.044037 -1.968504 137.007874 193.256638 -1.968504 137.007874 194.146439 -1.968504 137.603226 194.831436 -1.968504 139.370071 193.256638 1.968504 137.007874 194.044037 1.968504 137.007874 193.256638 1.968504 131.102356 210.540100 1.968504 139.370071 210.540100 1.968504 131.102356 194.146439 1.968504 137.603226 194.831436 1.968504 139.370071 189.319626 1.574803 137.007874 189.319626 1.574803 131.102356 193.256638 1.574803 137.007874 193.256638 1.574803 131.102356 193.256638 -1.574803 137.007874 189.319626 -1.574803 137.007874 189.319626 -1.574803 131.102356 193.256638 -1.574803 131.102356 193.256638 -1.968504 140.944885 194.831436 -1.968504 140.944885 193.256638 -1.968504 139.370071 189.319626 1.968504 139.370071 189.319626 1.968504 140.944885 187.744827 1.968504 140.944885 193.256638 1.968504 139.370071 194.831436 1.968504 140.944885 193.256638 1.968504 140.944885 194.831436 3.149606 140.944885 193.256638 3.149606 140.944885 193.256638 -3.149606 139.370071 193.256638 -3.149606 140.944885 194.831436 -3.149606 140.944885 187.744827 3.149606 138.582672 188.159668 2.734763 138.143539 188.159668 -2.734763 138.143539 187.744827 -3.149606 138.582672 188.429825 2.464604 137.603226 188.429825 -2.464604 137.603226 194.146439 -2.464604 137.603226 194.416595 -2.734763 138.143539 188.532227 -2.734763 138.143539 188.532227 -2.464604 137.603226 194.044037 -2.362205 137.007874 194.044037 2.362205 137.007874 194.146439 2.464604 137.603226 194.416595 2.734763 138.143539 194.831436 -3.149606 138.582672 188.532227 -3.149606 138.582672 188.532227 2.362205 137.007874 187.744827 3.149606 140.944885 189.319626 3.149606 140.944885 189.319626 3.149606 139.370071 194.831436 3.149606 138.582672 193.256638 3.149606 139.370071 189.319626 -3.149606 140.944885 189.319626 -1.968504 140.944885 187.744827 -1.968504 140.944885 187.744827 -3.149606 140.944885 189.319626 -1.968504 139.370071 188.532227 -2.362205 137.007874 189.319626 -3.149606 139.370071 10.761155 -2.634614 143.175858 10.761155 2.634614 143.175858 9.448819 1.968504 139.370071 9.448819 -1.968504 139.370071 30.480192 -3.015236 132.832474 25.969603 -2.451412 132.381424 26.332628 -0.838093 132.143112 30.638435 -1.376319 132.573700 36.702953 -1.660593 132.801117 18.897638 -4.578263 148.960632 17.322834 -4.349598 148.503937 18.897638 -6.043307 146.595840 30.638435 1.376319 132.573700 30.480192 3.015236 132.832474 14.173228 -3.892269 146.677170 17.322834 -5.741470 146.251755 26.509590 0.000000 132.091507 30.763256 0.000000 132.474045 25.196850 -4.921260 150.330704 22.572178 -4.778345 150.026245 25.196850 -6.496063 147.628082 30.314960 -4.625984 133.228348 24.131048 0.000000 131.625229 24.037197 -0.192503 131.626648 22.516155 -1.133183 131.326843 22.572178 -6.307415 147.398697 23.940777 -0.377197 131.644455 14.173228 3.892269 146.677170 13.385827 3.635021 146.220474 13.385827 -3.635021 146.220474 17.322834 4.349598 148.503937 24.037197 0.192503 131.626648 26.332628 0.838093 132.143112 20.866142 -1.968504 131.102356 20.866142 1.968504 131.102356 22.516155 1.133183 131.326843 23.256310 1.688298 131.770935 22.440945 3.149606 132.047241 25.590551 4.035433 132.755905 25.969603 2.451412 132.381424 11.023622 2.863278 143.480316 11.023622 -2.863278 143.480316 30.314960 4.625984 133.228348 23.256310 -1.688298 131.770935 25.590551 -5.326772 135.666718 22.440945 -4.157480 133.710571 25.590551 -4.035433 132.755905 13.385827 4.798228 144.531326 22.440945 4.157480 133.710571 11.023622 3.779528 142.466827 25.590551 5.326772 135.666718 22.440945 -3.149606 132.047241 25.196850 4.921260 150.330704 25.196850 6.496063 147.628082 22.572178 4.778345 150.026245 10.761155 3.477690 142.237442 10.761155 -3.477690 142.237442 13.385827 -4.798228 144.531326 14.173228 -5.137795 144.875412 30.314960 -6.106299 136.970825 18.897638 6.043307 146.595840 17.322834 5.741470 146.251755 11.023622 -3.779528 142.466827 22.572178 6.307415 147.398697 18.897638 4.578263 148.960632 30.314960 6.106299 136.970825 14.173228 5.137795 144.875412 23.940777 0.377197 131.644455 -2.755906 1.968504 131.102356 -2.755906 1.968504 139.370071 -2.755906 -1.968504 131.102356 -2.755906 -1.968504 139.370071 5.511811 -1.281859 191.694901 8.661417 -1.281859 191.694901 8.661417 2.655149 191.694901 5.511811 2.655149 191.694901 -3.937008 -1.281859 191.694901 -0.787402 -1.281859 191.694901 -0.787402 2.655149 191.694901 -3.937008 2.655149 191.694901 0.393701 -5.612568 191.694901 4.330709 -5.612568 191.694901 4.330709 6.985857 191.694901 0.393701 6.985857 191.694901 -0.787402 -1.281859 193.269699 -0.787402 2.655149 193.269699 4.330709 -5.612568 194.844498 4.330709 -1.281859 193.269699 4.330709 2.655149 193.269699 4.330709 2.655149 194.844498 4.330709 6.985857 194.844498 4.330709 -1.281859 194.844498 0.393701 6.985857 194.844498 0.393701 2.655149 194.844498 0.393701 2.655149 193.269699 0.393701 -1.281859 194.844498 0.393701 -5.612568 194.844498 0.393701 -1.281859 193.269699 5.511811 2.655149 193.269699 5.511811 -1.281859 193.269699 -3.937008 -5.612568 190.120087 -3.107322 -4.782882 189.241837 7.831731 -4.782882 189.241837 8.661417 -5.612568 190.120087 -2.567003 -4.242563 188.161194 7.291412 -4.242563 188.161194 8.661417 6.985857 190.120087 7.831731 6.156171 189.241837 7.291412 5.615852 188.161194 7.086614 -4.037765 186.970490 7.086614 5.411054 186.970490 -2.362205 5.411054 186.970490 -2.567003 5.615852 188.161194 -3.107322 6.156171 189.241837 -3.937008 6.985857 190.120087 -3.937008 -5.612568 194.844498 -3.937008 -1.281859 194.844498 -2.362205 -4.037765 186.970490 -3.937008 2.655149 194.844498 8.661417 -1.281859 194.844498 8.661417 2.655149 194.844498 8.661417 6.985857 194.844498 -3.937008 6.985857 194.844498 -3.107322 5.411054 189.241837 -2.567003 5.411054 188.161194 -3.937008 5.411054 190.120087 8.661417 -5.612568 194.844498 -1.181103 50.294136 124.332695 -1.574803 50.294136 126.257645 -1.574803 50.294136 134.175217 -1.181103 50.294136 136.143723 5.905511 50.294136 124.332695 5.905511 50.294136 136.143723 6.299212 50.294136 126.257645 6.299212 50.294136 134.175217 6.299212 28.632401 126.257645 6.299213 19.930573 124.332695 5.905512 28.163496 124.332695 6.299213 19.930573 126.257645 5.905512 28.163496 136.143723 6.299213 19.930573 136.143723 6.299212 28.163496 134.175217 6.299213 19.930573 134.175217 -1.181102 28.163496 136.143723 -1.574803 28.163496 126.257645 -1.181102 28.163496 124.332695 -1.574803 19.930573 124.332695 -1.574803 19.930573 136.143723 -1.574803 28.163496 134.175217 -1.574803 19.930573 134.175217 -1.574803 19.930573 126.257645 -0.393700 8.591990 124.332695 0.393701 7.332147 124.332695 0.393701 7.332147 136.143723 -0.393700 8.591990 136.143723 -0.984252 11.111674 136.143723 -0.984252 11.111674 124.332695 -1.377952 14.891202 136.143723 -1.377952 14.891202 124.332695 6.102363 14.891202 136.143723 6.102363 14.891202 124.332695 5.708662 11.111674 136.143723 5.708662 11.111674 124.332695 5.118111 8.591990 136.143723 5.118111 8.591990 124.332695 4.330709 7.332147 136.143723 4.330709 7.332147 124.332695 0.393701 0.965177 136.143723 4.330709 0.965177 136.143723 4.330709 0.965177 124.332695 0.393701 0.965177 124.332695 -1.181102 -27.019949 124.332695 -1.574803 -27.019949 134.175217 -1.574803 -27.019949 126.257645 -1.181102 -27.019949 136.143723 5.905512 -27.019949 124.332695 5.905512 -27.019949 136.143723 6.299213 -27.019949 126.257645 6.299213 -27.019949 134.175217 5.905512 -26.551044 124.332695 6.299213 -18.318121 124.332695 6.299213 -18.318121 126.257645 5.905512 -26.551044 136.143723 6.299213 -26.551044 134.175217 6.299213 -18.318121 136.143723 6.299213 -18.318121 134.175217 -1.181102 -26.551044 136.143723 -1.574803 -26.551044 126.257645 -1.574803 -18.318121 124.332695 -1.181102 -26.551044 124.332695 -1.574803 -18.318121 136.143723 -1.574803 -26.551044 134.175217 -1.574803 -18.318121 134.175217 -1.574803 -18.318121 126.257645 -0.393701 -6.979538 124.332695 0.393701 -5.719696 136.143723 0.393701 -5.719696 124.332695 -0.393701 -6.979538 136.143723 -0.984252 -9.499224 136.143723 -0.984252 -9.499224 124.332695 -1.377953 -13.278751 136.143723 -1.377953 -13.278751 124.332695 6.102363 -13.278751 136.143723 6.102363 -13.278751 124.332695 5.708662 -9.499224 136.143723 5.708662 -9.499224 124.332695 5.118110 -6.979538 136.143723 5.118110 -6.979538 124.332695 4.330709 -5.719696 136.143723 4.330709 -5.719696 124.332695 4.330709 0.647275 136.143723 0.393701 0.647275 136.143723 4.330709 0.647275 124.332695 0.393701 0.647275 124.332695 -59.842518 -1.525740 210.991562 -42.913387 -1.525740 210.991562 -42.913387 2.411268 210.991562 -59.842518 2.411268 210.991562 -31.496063 2.411268 202.723846 -31.496063 -1.525740 202.723846 -15.748032 5.364024 204.692352 -21.896246 3.439541 204.297974 -22.047245 5.068748 204.495499 -15.706619 3.729680 204.491394 -33.464565 5.606956 215.649307 -26.771654 4.962449 206.544876 -38.188976 4.898295 214.614243 -22.047245 -4.738338 207.636597 -26.771654 -4.076921 206.544876 -22.047245 -4.183220 204.495499 -26.424074 -1.988034 203.920654 -26.771654 -3.592669 204.101807 -21.896246 -2.554013 204.297974 -25.908604 1.283155 203.823334 -25.916470 0.442764 203.787170 -26.084232 1.261202 203.808701 -21.748610 1.803154 204.169998 -26.771654 4.478197 204.101807 -28.342049 0.442764 203.374130 -29.921259 3.592370 203.511246 -29.921259 3.970323 204.907288 -41.338581 3.835303 213.061676 -33.464565 -4.708004 215.649307 -38.188976 -3.999343 214.614243 -42.913387 -1.519028 210.991562 -29.921259 -3.084795 204.907288 -33.464565 -4.162129 218.432510 -27.165354 -5.062335 216.166824 -15.706619 -2.844151 204.491394 20.472441 -4.478496 204.692352 -15.748032 -4.478496 204.692352 20.431028 -2.844151 204.491394 -27.165354 5.961287 216.166824 -22.047245 5.623867 207.636597 -41.338581 -2.936351 213.061676 20.472441 5.954575 208.182465 -15.748032 5.954575 208.182465 31.889763 5.961287 216.166824 -26.084232 -0.375674 203.808701 -21.748610 -0.917627 204.169998 -26.424074 2.873562 203.920654 -27.165354 5.364024 219.259277 -33.464565 5.047657 218.432510 -30.196314 -2.500551 203.373718 -29.921259 -2.706842 203.511246 -15.666129 2.088271 204.360077 -21.629198 0.442764 204.121780 -15.626635 0.442764 204.298660 -38.188976 -3.529396 216.778976 -41.338581 3.465824 214.298660 -41.338581 -2.580296 214.298660 -38.188976 4.414924 216.778976 -27.165354 -4.478496 219.259277 -15.748032 -5.069047 208.182465 20.472441 -5.069047 208.182465 -26.100069 1.336337 203.813919 -15.666129 -1.202743 204.360077 20.390539 -1.202743 204.360077 20.351044 0.442764 204.298660 -42.913387 2.417980 210.991562 -42.913387 2.200357 210.991562 31.889763 -5.062335 216.166824 64.566933 -1.525740 210.991562 47.637794 2.411268 210.991562 47.637794 -1.525740 210.991562 64.566933 2.411268 210.991562 36.220474 2.411268 202.723846 36.220474 -1.525740 202.723846 42.913387 4.898295 214.614243 34.645668 3.970323 204.907288 31.496063 4.962449 206.544876 31.496063 -4.076921 206.544876 26.771654 -4.183220 204.495499 31.496063 -3.592669 204.101807 31.496063 4.478197 204.101807 26.771654 5.068748 204.495499 38.188976 5.047657 218.432510 38.188976 5.606956 215.649307 42.913387 -3.999343 214.614243 46.062992 -2.936351 213.061676 46.062992 -2.580296 214.298660 30.640879 0.442764 203.787170 26.473019 -0.917627 204.169998 26.353609 0.442764 204.121780 38.188976 -4.708004 215.649307 26.771654 -4.738338 207.636597 47.637794 -1.519028 210.991562 34.645668 -3.084795 204.907288 42.913387 4.414924 216.778976 46.062992 3.465824 214.298660 38.188976 -4.162129 218.432510 42.913387 -3.529396 216.778976 34.645668 -2.706842 203.511246 33.066460 0.442764 203.374130 30.808641 -0.375674 203.808701 31.889763 5.364024 219.259277 34.920723 -2.500551 203.373718 47.637794 2.417980 210.991562 47.637794 2.200357 210.991562 46.062992 3.835303 213.061676 34.645668 3.592370 203.511246 20.472441 5.364024 204.692352 20.431028 3.729680 204.491394 26.771654 5.623867 207.636597 26.620655 -2.554013 204.297974 26.620655 3.439541 204.297974 30.633013 1.283155 203.823334 26.473019 1.803154 204.169998 31.148483 2.873562 203.920654 30.824478 1.336337 203.813919 31.889763 -4.478496 219.259277 20.390539 2.088271 204.360077 30.808641 1.261202 203.808701 31.148483 -1.988034 203.920654 -4.246071 -1.968504 149.454422 -4.246071 -1.968504 144.777557 -4.184731 -1.968504 149.437973 -3.791031 -1.968504 144.713577 1.080747 -1.968504 144.713577 1.095828 -1.968504 149.437973 1.090859 -1.968504 144.713577 3.059363 -1.968504 144.713577 1.484560 -1.968504 149.437973 2.075111 -1.968504 149.596222 2.507424 -1.968504 150.028534 2.665662 -1.968504 150.619080 3.059363 -1.968504 152.981293 2.563263 -1.968504 151.214432 2.293104 -1.968504 151.754761 1.878261 -1.968504 152.193878 1.878261 -1.968504 152.981293 -4.775283 1.574803 149.596222 -4.184731 1.574803 149.437973 -4.184731 1.968504 149.437973 -4.775283 1.968504 149.596222 2.563263 -1.574803 151.214432 2.293104 -1.574803 151.754761 1.878261 -1.574803 152.193878 -4.578433 -1.574803 152.981293 1.878261 -1.574803 152.981293 1.878261 1.574803 152.981293 -4.578433 1.574803 152.981293 3.059363 1.968504 152.981293 1.878261 1.968504 152.981293 -5.365834 -1.574803 150.619080 -5.263435 -1.574803 151.214432 -5.263435 1.574803 151.214432 -5.365834 1.574803 150.619080 3.059363 1.968504 144.713577 -10.090243 -1.968504 148.256882 -10.090243 -1.968504 150.619080 -10.090243 1.968504 150.619080 -10.090243 1.968504 148.256882 -5.365834 -1.968504 150.619080 -5.365834 1.968504 150.619080 -4.993276 -1.574803 151.754761 -4.993276 1.574803 151.754761 2.075111 -1.574803 149.596222 2.507424 -1.574803 150.028534 2.075111 1.574803 149.596222 1.484560 1.574803 149.437973 2.507424 1.574803 150.028534 -5.207596 1.574803 150.028534 2.665662 1.574803 150.619080 2.563263 1.574803 151.214432 2.293104 1.574803 151.754761 1.878261 1.574803 152.193878 -4.578433 1.574803 152.193878 1.090859 1.968504 144.713577 2.507424 1.968504 150.028534 2.665662 1.968504 150.619080 2.293104 1.968504 151.754761 1.878261 1.968504 152.193878 2.563263 1.968504 151.214432 2.075111 1.968504 149.596222 1.484560 1.968504 149.437973 -4.184731 -1.574803 149.437973 -4.775283 -1.574803 149.596222 -4.775283 -1.968504 149.596222 1.484560 -1.574803 149.437973 -5.207596 -1.574803 150.028534 2.665662 -1.574803 150.619080 -4.578433 -1.574803 152.193878 -5.207596 1.968504 150.028534 -3.791031 1.968504 144.713577 -6.310716 1.968504 145.067902 -8.200480 1.968504 145.776566 -9.460322 1.968504 146.839554 -6.310716 -1.968504 145.067902 -8.200480 -1.968504 145.776566 -9.460322 -1.968504 146.839554 -5.207596 -1.968504 150.028534 -4.578433 -3.543307 154.556091 -10.877645 -1.968504 154.556091 -10.877645 -3.543307 154.556091 -9.696543 -1.968504 154.556091 -4.578433 -1.968504 154.556091 -5.759535 -1.968504 153.768692 -9.696543 -1.968504 153.768692 -4.578433 -1.968504 152.981293 -5.759535 -1.968504 152.981293 -10.287094 -1.968504 152.981293 -10.877645 1.968504 152.981293 -10.877645 -1.968504 152.981293 -10.287094 1.968504 152.981293 -10.877645 3.543307 152.193878 -4.993276 3.128464 151.754761 -10.462802 3.128464 151.754761 -4.578433 3.543307 152.193878 -5.263435 2.858305 151.214432 -10.192642 2.858305 151.214432 -5.263435 -2.858305 151.214432 -4.993276 2.755906 151.754761 -4.993276 -3.128464 151.754761 -5.263435 2.755906 151.214432 -10.090243 -2.755906 150.619080 -5.365834 -2.755906 150.619080 -10.192642 -2.858305 151.214432 -10.462802 -3.128464 151.754761 -4.578433 2.755906 152.193878 -4.578433 -3.543307 152.193878 -10.090243 2.755906 150.619080 -10.877645 3.543307 154.556091 -10.877645 1.968504 154.556091 -10.877645 -3.543307 152.193878 -4.578433 1.968504 154.556091 -5.759535 3.543307 154.556091 -5.759535 1.968504 154.556091 -4.578433 3.543307 154.556091 -5.365834 2.755906 150.619080 -4.578433 1.968504 152.981293 -5.759535 1.968504 152.981293 -10.287094 -1.968504 153.768692 -10.287094 1.968504 153.768692 -5.759535 1.968504 153.768692 8.951007 -1.968504 149.454422 8.889667 -1.968504 149.437973 8.951007 -1.968504 144.777557 3.624188 -1.968504 144.713577 8.495966 -1.968504 144.713577 3.609107 -1.968504 149.437973 3.614076 -1.968504 144.713577 1.645572 -1.968504 144.713577 3.220376 -1.968504 149.437973 2.629824 -1.968504 149.596222 2.197511 -1.968504 150.028534 2.039273 -1.968504 150.619080 1.645572 -1.968504 152.981293 2.141672 -1.968504 151.214432 2.411832 -1.968504 151.754761 2.826675 -1.968504 152.193878 2.826675 -1.968504 152.981293 9.480218 1.574803 149.596222 8.889667 1.968504 149.437973 8.889667 1.574803 149.437973 9.480218 1.968504 149.596222 2.141672 -1.574803 151.214432 2.411832 -1.574803 151.754761 2.826675 -1.574803 152.193878 9.283367 -1.574803 152.981293 2.826675 1.574803 152.981293 2.826675 -1.574803 152.981293 9.283367 1.574803 152.981293 1.645572 1.968504 152.981293 2.826675 1.968504 152.981293 10.070769 -1.574803 150.619080 9.968370 1.574803 151.214432 9.968370 -1.574803 151.214432 10.070769 1.574803 150.619080 1.645572 1.968504 144.713577 14.795178 -1.968504 148.256882 14.795178 1.968504 150.619080 14.795178 -1.968504 150.619080 14.795178 1.968504 148.256882 10.070769 -1.968504 150.619080 10.070769 1.968504 150.619080 9.698211 1.574803 151.754761 9.698211 -1.574803 151.754761 2.629824 -1.574803 149.596222 2.197511 -1.574803 150.028534 2.629824 1.574803 149.596222 3.220376 1.574803 149.437973 2.197511 1.574803 150.028534 9.912532 1.574803 150.028534 2.039273 1.574803 150.619080 2.141672 1.574803 151.214432 2.411832 1.574803 151.754761 2.826675 1.574803 152.193878 9.283367 1.574803 152.193878 3.614076 1.968504 144.713577 2.197511 1.968504 150.028534 2.039273 1.968504 150.619080 2.411832 1.968504 151.754761 2.826675 1.968504 152.193878 2.141672 1.968504 151.214432 2.629824 1.968504 149.596222 3.220376 1.968504 149.437973 8.889667 -1.574803 149.437973 9.480218 -1.574803 149.596222 9.480218 -1.968504 149.596222 3.220376 -1.574803 149.437973 9.912532 -1.574803 150.028534 2.039273 -1.574803 150.619080 9.283367 -1.574803 152.193878 9.912532 1.968504 150.028534 8.495966 1.968504 144.713577 11.015651 1.968504 145.067902 12.905415 1.968504 145.776566 14.165257 1.968504 146.839554 11.015651 -1.968504 145.067902 12.905415 -1.968504 145.776566 14.165257 -1.968504 146.839554 9.912532 -1.968504 150.028534 9.283367 -3.543307 154.556091 15.582581 -3.543307 154.556091 15.582581 -1.968504 154.556091 14.401478 -1.968504 154.556091 9.283367 -1.968504 154.556091 14.401478 -1.968504 153.768692 10.464470 -1.968504 153.768692 10.464470 -1.968504 152.981293 9.283367 -1.968504 152.981293 14.992029 -1.968504 152.981293 15.582581 -1.968504 152.981293 15.582581 1.968504 152.981293 14.992029 1.968504 152.981293 15.582581 3.543307 152.193878 15.167737 3.128464 151.754761 9.698211 3.128464 151.754761 9.283367 3.543307 152.193878 14.897577 2.858305 151.214432 9.968370 2.858305 151.214432 9.968370 -2.858305 151.214432 9.698211 -3.128464 151.754761 9.698211 2.755906 151.754761 9.968370 2.755906 151.214432 10.070769 -2.755906 150.619080 14.795178 -2.755906 150.619080 14.897577 -2.858305 151.214432 15.167737 -3.128464 151.754761 9.283367 -3.543307 152.193878 9.283367 2.755906 152.193878 14.795178 2.755906 150.619080 15.582581 3.543307 154.556091 15.582581 1.968504 154.556091 15.582581 -3.543307 152.193878 9.283367 1.968504 154.556091 10.464470 1.968504 154.556091 10.464470 3.543307 154.556091 9.283367 3.543307 154.556091 10.070769 2.755906 150.619080 10.464470 1.968504 152.981293 9.283367 1.968504 152.981293 14.992029 -1.968504 153.768692 14.992029 1.968504 153.768692 10.464470 1.968504 153.768692 -229.435806 -27.019949 -32.222092 -244.889008 50.294136 -32.222092 -244.889008 -27.019949 -32.222092 -229.435806 50.294136 -32.222092 249.613419 -27.019949 -32.222092 234.160217 50.294136 -32.222092 234.160217 -27.019949 -32.222092 249.613419 50.294136 -32.222092 -229.435806 50.294136 -2.694531 -229.435806 -27.019949 -2.694531 234.160217 -27.019949 -2.694531 234.160217 50.294136 -2.694531 "
							            />
						</IndexedFaceSet>
					</Shape>
				</Group>
			</Transform>
		</Transform>
	</Scene>
</X3D>