<?xml version="1.0" encoding="UTF-8"?>
<!DOCTYPE X3D PUBLIC "ISO//Web3D//DTD X3D 3.0//EN" "http://www.web3d.org/specifications/x3d-3.0.dtd">
<X3D version="3.0" profile="Immersive" xmlns:xsd="http://www.w3.org/2001/XMLSchema-instance" xsd:noNamespaceSchemaLocation="http://www.web3d.org/specifications/x3d-3.0.xsd">
	<head>
		<meta name="filename" content="48-3.x3d" />
		<meta name="created" content="2026-06-21 15:09:58" />
		<meta name="generator" content="Blender 4.5.4 LTS" />
		<meta name="translator" content="Web3D X3D/VRML2 format v2.5.1" />
	</head>
	<Scene>
		<NavigationInfo headlight="true"
		                visibilityLimit="0.0"
		                type='"EXAMINE", "ANY"'
		                avatarSize="0.25, 1.75, 0.75"
		                />
		<Background DEF="WO_World"
		            groundColor="0.051 0.051 0.051"
		            skyColor="0.051 0.051 0.051"
		            />
		<Transform DEF="_48-3_TRANSFORM"
		           translation="0.000000 0.000000 0.000000"
		           scale="1.000000 1.000000 1.000000"
		           rotation="0.000000 0.707107 0.707107 3.141593"
		           >
			<Transform DEF="_48-3_ifs_TRANSFORM"
			           translation="0.000000 0.000000 0.000000"
			           scale="1.000000 1.000000 1.000000"
			           rotation="0.000000 1.000000 0.000000 0.000000"
			           >
				<Group DEF="group_ME_48-3_001">
					<Shape>
						<Appearance>
						</Appearance>
						<IndexedFaceSet solid="false"
						                coordIndex="0 1 2 -1 2 3 0 -1 1 4 5 -1 5 2 1 -1 6 3 2 -1 2 7 6 -1 7 2 5 -1 5 8 7 -1 8 5 9 -1 9 10 8 -1 8 10 11 -1 11 12 8 -1 6 7 13 -1 13 14 6 -1 7 8 12 -1 12 13 7 -1 4 15 9 -1 9 5 4 -1 16 17 18 -1 18 19 16 -1 19 20 16 -1 21 22 23 -1 23 24 21 -1 23 22 25 -1 25 18 23 -1 18 17 23 -1 19 18 25 -1 25 26 19 -1 26 20 19 -1 27 6 14 -1 14 28 27 -1 4 1 29 -1 29 30 4 -1 29 13 30 -1 13 12 30 -1 10 9 15 -1 15 11 10 -1 1 0 31 -1 31 29 1 -1 31 13 29 -1 31 14 13 -1 15 4 30 -1 30 11 15 -1 30 12 11 -1 32 0 3 -1 3 33 32 -1 27 26 25 -1 21 33 3 -1 3 22 21 -1 3 6 22 -1 6 25 22 -1 6 27 25 -1 0 32 23 -1 23 31 0 -1 23 17 31 -1 17 16 31 -1 16 28 31 -1 28 14 31 -1 24 23 32 -1 20 26 27 -1 27 28 20 -1 28 16 20 -1 33 21 24 -1 24 32 33 -1 34 23 17 -1 23 34 35 -1 36 37 38 -1 37 36 39 -1 36 40 41 -1 40 36 38 -1 35 41 40 -1 41 35 34 -1 42 34 17 -1 34 42 41 -1 41 42 43 -1 41 43 44 -1 41 44 36 -1 36 25 39 -1 25 36 45 -1 45 36 46 -1 46 36 47 -1 47 36 44 -1 47 44 48 -1 47 48 49 -1 49 48 50 -1 49 50 51 -1 51 50 52 -1 52 50 53 -1 51 52 54 -1 52 53 55 -1 55 53 56 -1 56 53 57 -1 58 59 60 -1 54 61 62 -1 61 54 52 -1 62 61 63 -1 62 63 60 -1 62 60 64 -1 64 60 65 -1 65 60 59 -1 65 59 66 -1 51 67 68 -1 67 51 54 -1 68 67 69 -1 68 69 70 -1 68 70 71 -1 72 65 66 -1 65 72 73 -1 65 73 74 -1 75 66 59 -1 66 75 72 -1 76 74 73 -1 74 76 77 -1 78 67 54 -1 67 78 79 -1 80 81 82 -1 81 80 83 -1 84 85 86 -1 85 84 87 -1 88 54 62 -1 54 88 78 -1 89 78 90 -1 78 89 79 -1 85 57 91 -1 57 85 56 -1 92 93 94 -1 93 92 95 -1 17 96 42 -1 96 17 23 -1 97 60 92 -1 60 97 58 -1 51 98 99 -1 98 51 68 -1 85 100 86 -1 100 85 91 -1 77 65 74 -1 65 77 64 -1 101 87 84 -1 87 101 102 -1 103 81 104 -1 81 103 82 -1 45 22 25 -1 22 45 105 -1 95 61 106 -1 61 95 63 -1 107 95 106 -1 95 107 93 -1 89 104 79 -1 104 89 103 -1 90 88 108 -1 88 90 78 -1 77 62 64 -1 62 77 88 -1 107 102 101 -1 102 107 106 -1 80 71 83 -1 71 80 68 -1 68 80 98 -1 109 51 99 -1 51 109 49 -1 46 105 45 -1 105 46 110 -1 47 110 46 -1 110 47 111 -1 112 57 53 -1 57 112 100 -1 57 100 91 -1 81 69 104 -1 69 81 70 -1 92 63 95 -1 63 92 60 -1 108 77 76 -1 77 108 88 -1 87 52 55 -1 52 87 102 -1 25 37 39 -1 37 25 22 -1 104 67 79 -1 67 104 69 -1 49 111 47 -1 111 49 109 -1 87 56 85 -1 56 87 55 -1 102 61 52 -1 61 102 106 -1 83 70 81 -1 70 83 71 -1 97 94 113 -1 94 97 92 -1 53 114 112 -1 114 53 50 -1 44 115 48 -1 115 44 116 -1 50 115 114 -1 115 50 48 -1 22 38 37 -1 38 22 105 -1 38 105 110 -1 38 110 111 -1 38 111 40 -1 40 23 35 -1 23 40 96 -1 96 40 117 -1 117 40 116 -1 116 40 111 -1 116 111 109 -1 116 109 115 -1 115 109 114 -1 114 109 99 -1 114 99 89 -1 89 99 98 -1 89 98 103 -1 103 98 82 -1 82 98 80 -1 108 107 90 -1 107 108 93 -1 93 108 76 -1 93 76 94 -1 94 76 73 -1 94 73 113 -1 113 73 72 -1 113 72 75 -1 114 101 112 -1 101 114 90 -1 90 114 89 -1 101 90 107 -1 112 101 84 -1 112 84 86 -1 112 86 100 -1 113 58 97 -1 58 113 59 -1 59 113 75 -1 42 117 43 -1 117 42 96 -1 43 116 44 -1 116 43 117 -1 118 119 120 -1 119 118 121 -1 119 121 122 -1 119 122 123 -1 119 123 124 -1 119 124 125 -1 119 125 126 -1 119 126 127 -1 121 128 129 -1 128 121 118 -1 130 122 131 -1 122 130 123 -1 132 127 126 -1 127 132 133 -1 133 119 127 -1 119 133 134 -1 135 123 130 -1 123 135 124 -1 122 129 131 -1 129 122 121 -1 120 128 118 -1 128 120 136 -1 137 124 135 -1 124 137 125 -1 126 137 132 -1 137 126 125 -1 136 119 134 -1 119 136 120 -1 134 128 136 -1 128 134 129 -1 129 134 131 -1 131 134 130 -1 130 134 135 -1 135 134 137 -1 137 134 132 -1 132 134 133 -1 138 139 140 -1 139 138 141 -1 141 138 142 -1 142 138 143 -1 140 144 145 -1 144 140 139 -1 146 147 148 -1 147 143 138 -1 143 147 146 -1 148 149 150 -1 149 138 151 -1 138 149 148 -1 138 148 147 -1 148 152 153 -1 152 148 150 -1 150 154 155 -1 154 151 156 -1 151 154 150 -1 151 150 149 -1 146 157 158 -1 159 153 160 -1 153 159 161 -1 153 161 148 -1 148 161 157 -1 148 157 146 -1 150 162 152 -1 162 150 155 -1 145 153 140 -1 153 145 160 -1 155 163 164 -1 163 155 156 -1 156 155 154 -1 165 138 140 -1 138 165 151 -1 166 151 165 -1 151 166 156 -1 167 156 166 -1 156 167 163 -1 140 152 165 -1 152 140 153 -1 165 162 166 -1 162 165 152 -1 166 168 167 -1 168 166 162 -1 155 168 162 -1 168 155 164 -1 163 168 164 -1 168 163 167 -1 139 157 161 -1 157 139 141 -1 159 139 161 -1 139 159 144 -1 142 157 141 -1 157 142 158 -1 145 159 160 -1 159 145 144 -1 142 146 158 -1 146 142 143 -1 169 170 171 -1 170 169 172 -1 173 174 175 -1 174 173 176 -1 177 169 178 -1 169 177 172 -1 172 177 179 -1 176 180 174 -1 180 176 181 -1 182 175 183 -1 175 182 173 -1 184 185 186 -1 185 184 187 -1 182 188 179 -1 188 182 185 -1 188 185 187 -1 179 189 172 -1 189 179 188 -1 172 189 170 -1 170 190 171 -1 190 170 189 -1 190 188 191 -1 188 190 189 -1 192 180 193 -1 180 192 174 -1 192 194 195 -1 194 192 196 -1 194 196 197 -1 194 197 198 -1 195 174 192 -1 174 195 175 -1 188 184 191 -1 184 188 187 -1 195 177 178 -1 177 195 194 -1 177 194 198 -1 177 198 179 -1 173 197 176 -1 197 173 198 -1 182 198 173 -1 198 182 179 -1 193 196 192 -1 196 193 199 -1 196 199 197 -1 178 190 183 -1 190 178 169 -1 190 169 171 -1 183 191 186 -1 191 183 190 -1 186 191 184 -1 199 180 181 -1 180 199 193 -1 178 175 195 -1 175 178 183 -1 185 183 186 -1 183 185 182 -1 176 199 181 -1 199 176 197 -1 200 201 202 -1 201 200 203 -1 203 200 204 -1 204 200 205 -1 202 206 207 -1 206 202 201 -1 208 209 210 -1 209 205 200 -1 205 209 208 -1 210 211 212 -1 211 200 213 -1 200 211 210 -1 200 210 209 -1 210 214 215 -1 214 210 212 -1 212 216 217 -1 216 213 218 -1 213 216 212 -1 213 212 211 -1 208 219 220 -1 221 215 222 -1 215 221 223 -1 215 223 210 -1 210 223 219 -1 210 219 208 -1 212 224 214 -1 224 212 217 -1 207 215 202 -1 215 207 222 -1 217 225 226 -1 225 217 218 -1 218 217 216 -1 227 200 202 -1 200 227 213 -1 228 213 227 -1 213 228 218 -1 229 218 228 -1 218 229 225 -1 202 214 227 -1 214 202 215 -1 227 224 228 -1 224 227 214 -1 228 230 229 -1 230 228 224 -1 217 230 224 -1 230 217 226 -1 225 230 226 -1 230 225 229 -1 201 219 223 -1 219 201 203 -1 221 201 223 -1 201 221 206 -1 204 219 203 -1 219 204 220 -1 207 221 222 -1 221 207 206 -1 204 208 220 -1 208 204 205 -1 231 232 233 -1 232 231 234 -1 235 236 237 -1 236 235 238 -1 239 240 241 -1 240 239 242 -1 238 243 236 -1 243 238 244 -1 243 244 245 -1 245 244 233 -1 245 233 246 -1 246 233 232 -1 246 232 240 -1 240 232 247 -1 240 247 241 -1 241 247 248 -1 241 248 249 -1 249 248 250 -1 251 241 249 -1 241 251 239 -1 237 243 252 -1 243 237 236 -1 253 245 246 -1 245 253 254 -1 255 233 244 -1 233 255 231 -1 242 246 240 -1 246 242 253 -1 252 235 237 -1 235 252 254 -1 235 254 255 -1 255 254 231 -1 231 254 253 -1 231 253 242 -1 231 242 234 -1 234 242 239 -1 234 239 256 -1 256 239 257 -1 257 239 251 -1 257 251 258 -1 248 258 250 -1 258 248 257 -1 256 248 247 -1 248 256 257 -1 250 251 249 -1 251 250 258 -1 234 247 232 -1 247 234 256 -1 235 244 238 -1 244 235 255 -1 254 243 245 -1 243 254 252 -1 259 260 261 -1 260 259 262 -1 263 264 265 -1 264 263 266 -1 267 259 268 -1 259 267 262 -1 262 267 269 -1 266 270 264 -1 270 266 271 -1 272 265 273 -1 265 272 263 -1 274 275 276 -1 275 274 277 -1 272 278 269 -1 278 272 275 -1 278 275 277 -1 269 279 262 -1 279 269 278 -1 262 279 260 -1 260 280 261 -1 280 260 279 -1 280 278 281 -1 278 280 279 -1 282 270 283 -1 270 282 264 -1 282 284 285 -1 284 282 286 -1 284 286 287 -1 284 287 288 -1 285 264 282 -1 264 285 265 -1 278 274 281 -1 274 278 277 -1 285 267 268 -1 267 285 284 -1 267 284 288 -1 267 288 269 -1 263 287 266 -1 287 263 288 -1 272 288 263 -1 288 272 269 -1 283 286 282 -1 286 283 289 -1 286 289 287 -1 268 280 273 -1 280 268 259 -1 280 259 261 -1 273 281 276 -1 281 273 280 -1 276 281 274 -1 289 270 271 -1 270 289 283 -1 268 265 285 -1 265 268 273 -1 275 273 276 -1 273 275 272 -1 266 289 271 -1 289 266 287 -1 290 291 292 -1 291 290 293 -1 291 294 295 -1 294 291 293 -1 294 296 295 -1 296 294 297 -1 290 296 297 -1 296 290 292 -1 291 296 292 -1 296 291 295 -1 294 290 297 -1 290 294 293 -1 298 299 300 -1 299 298 301 -1 302 303 304 -1 303 302 305 -1 306 307 308 -1 307 306 309 -1 310 311 312 -1 311 310 313 -1 314 315 316 -1 315 314 317 -1 317 314 318 -1 317 318 319 -1 319 318 320 -1 319 320 321 -1 321 320 300 -1 321 300 322 -1 322 300 299 -1 322 299 323 -1 323 299 308 -1 323 308 324 -1 324 308 307 -1 324 307 325 -1 325 307 326 -1 325 326 327 -1 327 326 328 -1 327 328 329 -1 329 328 330 -1 329 330 331 -1 331 330 332 -1 331 332 333 -1 334 335 336 -1 335 334 337 -1 338 339 340 -1 339 338 341 -1 340 337 334 -1 337 340 339 -1 342 343 344 -1 343 342 345 -1 346 316 347 -1 316 346 314 -1 348 349 350 -1 349 348 351 -1 352 353 354 -1 353 352 355 -1 356 318 357 -1 318 356 320 -1 358 352 354 -1 352 358 359 -1 360 359 358 -1 359 360 361 -1 356 300 320 -1 300 356 298 -1 352 336 355 -1 336 352 334 -1 359 334 352 -1 334 359 340 -1 361 340 359 -1 340 361 338 -1 362 363 305 -1 363 362 364 -1 343 350 344 -1 350 343 348 -1 365 311 366 -1 311 365 312 -1 367 366 368 -1 366 367 365 -1 369 362 370 -1 362 369 364 -1 328 371 330 -1 371 328 372 -1 305 373 303 -1 373 305 363 -1 374 365 367 -1 365 374 375 -1 330 376 332 -1 376 330 371 -1 377 365 375 -1 365 377 312 -1 363 313 373 -1 313 363 311 -1 368 364 369 -1 364 368 366 -1 366 363 364 -1 363 366 311 -1 378 328 326 -1 328 378 372 -1 379 312 377 -1 312 379 310 -1 380 345 342 -1 345 380 381 -1 345 381 382 -1 382 381 383 -1 383 381 384 -1 384 381 385 -1 384 385 386 -1 386 385 387 -1 386 387 388 -1 388 387 389 -1 388 389 390 -1 390 389 391 -1 390 391 392 -1 392 391 393 -1 392 393 394 -1 394 393 395 -1 395 393 396 -1 395 396 397 -1 397 396 398 -1 397 398 399 -1 399 398 400 -1 399 400 401 -1 401 400 402 -1 401 402 403 -1 382 360 345 -1 360 382 404 -1 360 404 405 -1 360 405 361 -1 361 405 406 -1 361 406 338 -1 338 406 407 -1 338 407 341 -1 341 407 408 -1 341 408 409 -1 409 408 410 -1 409 410 411 -1 409 411 370 -1 370 411 412 -1 370 412 369 -1 369 412 413 -1 369 413 368 -1 368 413 414 -1 368 414 367 -1 367 414 415 -1 367 415 374 -1 374 415 403 -1 374 403 402 -1 374 402 416 -1 332 417 333 -1 417 332 376 -1 377 418 419 -1 418 377 375 -1 416 375 374 -1 375 416 418 -1 379 419 420 -1 419 379 377 -1 333 421 331 -1 421 333 417 -1 419 422 423 -1 422 419 418 -1 422 416 402 -1 416 422 418 -1 420 423 424 -1 423 420 419 -1 423 425 426 -1 425 423 422 -1 424 426 427 -1 426 424 423 -1 331 428 329 -1 428 331 421 -1 425 402 400 -1 402 425 422 -1 429 349 430 -1 349 429 350 -1 347 315 431 -1 315 347 316 -1 432 350 429 -1 350 432 344 -1 432 342 344 -1 342 432 380 -1 433 429 434 -1 429 433 432 -1 434 430 435 -1 430 434 429 -1 433 380 432 -1 380 433 381 -1 431 317 436 -1 317 431 315 -1 437 381 433 -1 381 437 385 -1 436 319 438 -1 319 436 317 -1 431 346 347 -1 346 431 349 -1 349 431 430 -1 430 431 436 -1 430 436 435 -1 435 436 438 -1 435 438 439 -1 439 438 440 -1 439 440 441 -1 441 440 442 -1 441 442 443 -1 443 442 444 -1 443 444 445 -1 445 444 446 -1 445 446 447 -1 447 446 448 -1 448 446 449 -1 448 449 450 -1 450 449 451 -1 450 451 427 -1 427 451 428 -1 427 428 424 -1 424 428 421 -1 424 421 420 -1 346 351 357 -1 351 346 349 -1 357 351 353 -1 357 353 356 -1 356 353 355 -1 356 355 298 -1 298 355 336 -1 298 336 301 -1 301 336 335 -1 301 335 306 -1 306 335 304 -1 306 304 303 -1 306 303 309 -1 309 303 373 -1 309 373 378 -1 378 373 313 -1 378 313 372 -1 372 313 310 -1 372 310 371 -1 371 310 379 -1 371 379 376 -1 376 379 420 -1 376 420 421 -1 376 421 417 -1 452 433 434 -1 433 452 437 -1 452 435 439 -1 435 452 434 -1 453 439 441 -1 439 453 452 -1 453 437 452 -1 437 453 454 -1 454 385 437 -1 385 454 387 -1 440 319 321 -1 319 440 438 -1 455 453 456 -1 453 455 454 -1 442 321 322 -1 321 442 440 -1 456 441 443 -1 441 456 453 -1 455 387 454 -1 387 455 389 -1 457 456 458 -1 456 457 455 -1 457 389 455 -1 389 457 391 -1 458 443 445 -1 443 458 456 -1 444 322 323 -1 322 444 442 -1 459 391 457 -1 391 459 393 -1 446 323 324 -1 323 446 444 -1 459 458 460 -1 458 459 457 -1 460 445 447 -1 445 460 458 -1 461 460 462 -1 460 461 459 -1 459 396 393 -1 396 459 461 -1 462 447 448 -1 447 462 460 -1 449 324 325 -1 324 449 446 -1 462 463 461 -1 463 462 464 -1 464 448 450 -1 448 464 462 -1 461 398 396 -1 398 461 463 -1 451 325 327 -1 325 451 449 -1 427 464 450 -1 464 427 426 -1 464 425 463 -1 425 464 426 -1 463 400 398 -1 400 463 425 -1 329 451 327 -1 451 329 428 -1 309 326 307 -1 326 309 378 -1 341 465 339 -1 465 341 409 -1 337 304 335 -1 304 337 302 -1 339 302 337 -1 302 339 465 -1 301 308 299 -1 308 301 306 -1 465 305 302 -1 305 465 362 -1 370 465 409 -1 465 370 362 -1 345 358 343 -1 358 345 360 -1 358 348 343 -1 348 358 354 -1 357 314 346 -1 314 357 318 -1 354 351 348 -1 351 354 353 -1 466 467 468 -1 467 466 469 -1 470 471 472 -1 471 470 473 -1 474 473 470 -1 473 474 475 -1 468 411 410 -1 411 468 467 -1 476 467 469 -1 467 476 477 -1 475 478 473 -1 478 475 479 -1 480 477 476 -1 477 480 481 -1 482 483 484 -1 483 482 485 -1 485 486 483 -1 486 485 487 -1 488 489 490 -1 489 488 491 -1 489 484 490 -1 484 489 482 -1 492 493 494 -1 493 492 495 -1 496 482 489 -1 482 496 497 -1 498 405 493 -1 405 498 406 -1 495 498 493 -1 498 495 499 -1 500 496 501 -1 496 500 502 -1 478 503 504 -1 503 478 505 -1 499 506 498 -1 506 499 507 -1 508 509 510 -1 509 508 511 -1 498 407 406 -1 407 498 506 -1 512 511 508 -1 511 512 513 -1 502 513 512 -1 513 502 514 -1 500 514 502 -1 514 500 515 -1 516 517 518 -1 517 516 519 -1 506 408 407 -1 408 506 520 -1 521 474 522 -1 474 521 523 -1 511 524 509 -1 524 511 525 -1 526 481 480 -1 481 526 527 -1 528 529 530 -1 529 528 531 -1 532 527 526 -1 527 532 533 -1 530 534 535 -1 534 530 529 -1 535 536 537 -1 536 535 534 -1 414 533 415 -1 533 414 527 -1 538 528 539 -1 528 538 531 -1 415 540 403 -1 540 415 533 -1 539 541 542 -1 541 539 528 -1 533 543 540 -1 543 533 532 -1 535 544 545 -1 544 535 537 -1 546 535 545 -1 535 546 530 -1 528 546 541 -1 546 528 530 -1 403 547 401 -1 547 403 540 -1 542 548 549 -1 548 542 541 -1 546 550 551 -1 550 546 545 -1 541 551 548 -1 551 541 546 -1 540 552 547 -1 552 540 543 -1 545 553 550 -1 553 545 544 -1 554 552 555 -1 552 554 547 -1 549 556 557 -1 556 549 548 -1 548 558 556 -1 558 548 551 -1 401 554 399 -1 554 401 547 -1 483 559 560 -1 559 483 486 -1 561 383 562 -1 383 561 382 -1 560 563 564 -1 563 560 559 -1 565 561 562 -1 561 565 566 -1 567 560 564 -1 560 567 568 -1 569 568 567 -1 568 569 570 -1 571 570 569 -1 570 571 572 -1 562 384 573 -1 384 562 383 -1 573 565 562 -1 565 573 574 -1 570 484 568 -1 484 570 490 -1 572 490 570 -1 490 572 488 -1 568 483 560 -1 483 568 484 -1 575 567 576 -1 567 575 569 -1 577 569 575 -1 569 577 571 -1 564 578 579 -1 578 564 563 -1 576 564 579 -1 564 576 567 -1 580 574 573 -1 574 580 581 -1 573 386 580 -1 386 573 384 -1 582 575 583 -1 575 582 577 -1 584 386 388 -1 386 584 580 -1 585 578 586 -1 578 585 579 -1 584 581 580 -1 581 584 587 -1 588 579 585 -1 579 588 576 -1 583 576 588 -1 576 583 575 -1 589 583 590 -1 583 589 582 -1 591 586 592 -1 586 591 585 -1 593 388 390 -1 388 593 584 -1 590 588 594 -1 588 590 583 -1 593 587 584 -1 587 593 595 -1 594 585 591 -1 585 594 588 -1 596 594 597 -1 594 596 590 -1 598 592 599 -1 592 598 591 -1 600 590 596 -1 590 600 589 -1 597 591 598 -1 591 597 594 -1 601 390 392 -1 390 601 593 -1 602 593 601 -1 593 602 595 -1 603 596 604 -1 596 603 600 -1 604 597 605 -1 597 604 596 -1 605 598 606 -1 598 605 597 -1 607 601 608 -1 601 607 602 -1 606 599 609 -1 599 606 598 -1 608 392 394 -1 392 608 601 -1 565 486 566 -1 486 565 559 -1 559 565 574 -1 559 574 563 -1 563 574 581 -1 563 581 578 -1 578 581 587 -1 578 587 586 -1 586 587 595 -1 586 595 592 -1 592 595 602 -1 592 602 599 -1 599 602 607 -1 599 607 609 -1 609 607 610 -1 610 607 611 -1 610 611 612 -1 612 611 613 -1 612 613 557 -1 557 613 555 -1 557 555 549 -1 549 555 552 -1 549 552 542 -1 542 552 543 -1 486 492 566 -1 492 486 487 -1 492 487 495 -1 495 487 614 -1 495 614 499 -1 499 614 510 -1 499 510 507 -1 507 510 509 -1 507 509 615 -1 615 509 524 -1 615 524 466 -1 466 524 472 -1 466 472 471 -1 466 471 469 -1 469 471 504 -1 469 504 476 -1 476 504 503 -1 476 503 480 -1 480 503 538 -1 480 538 526 -1 526 538 539 -1 526 539 532 -1 532 539 542 -1 532 542 543 -1 616 604 617 -1 604 616 603 -1 617 605 618 -1 605 617 604 -1 619 609 610 -1 609 619 606 -1 618 606 619 -1 606 618 605 -1 608 611 607 -1 611 608 620 -1 620 394 395 -1 394 620 608 -1 621 617 622 -1 617 621 616 -1 623 610 612 -1 610 623 619 -1 624 395 397 -1 395 624 620 -1 625 619 623 -1 619 625 618 -1 622 618 625 -1 618 622 617 -1 620 613 611 -1 613 620 624 -1 626 621 622 -1 621 626 627 -1 557 623 612 -1 623 557 556 -1 556 625 623 -1 625 556 558 -1 558 622 625 -1 622 558 626 -1 399 624 397 -1 624 399 554 -1 624 555 613 -1 555 624 554 -1 550 627 626 -1 627 550 553 -1 551 626 558 -1 626 551 550 -1 529 517 534 -1 517 529 628 -1 534 519 536 -1 519 534 517 -1 629 518 630 -1 518 629 516 -1 503 531 538 -1 531 503 505 -1 531 628 529 -1 628 531 505 -1 523 475 474 -1 475 523 630 -1 467 412 411 -1 412 467 477 -1 477 413 412 -1 413 477 481 -1 518 628 479 -1 628 518 517 -1 479 505 478 -1 505 479 628 -1 525 472 524 -1 472 525 470 -1 520 410 408 -1 410 520 468 -1 615 468 520 -1 468 615 466 -1 515 521 514 -1 521 515 631 -1 513 525 511 -1 525 513 522 -1 473 504 471 -1 504 473 478 -1 507 520 506 -1 520 507 615 -1 514 522 513 -1 522 514 521 -1 413 527 414 -1 527 413 481 -1 630 479 475 -1 479 630 518 -1 512 632 497 -1 632 512 508 -1 502 497 496 -1 497 502 512 -1 508 614 632 -1 614 508 510 -1 522 470 525 -1 470 522 474 -1 631 523 521 -1 523 631 633 -1 494 382 561 -1 382 494 404 -1 492 561 566 -1 561 492 494 -1 493 404 494 -1 404 493 405 -1 633 630 523 -1 630 633 629 -1 632 487 485 -1 487 632 614 -1 497 485 482 -1 485 497 632 -1 501 489 491 -1 489 501 496 -1 634 635 636 -1 635 634 637 -1 638 639 640 -1 639 638 641 -1 641 638 642 -1 641 642 643 -1 641 643 644 -1 644 643 645 -1 644 645 646 -1 646 645 647 -1 646 647 648 -1 648 647 649 -1 648 649 650 -1 650 649 651 -1 650 651 652 -1 652 651 653 -1 652 653 654 -1 654 653 655 -1 654 655 656 -1 656 655 657 -1 656 657 658 -1 658 657 659 -1 658 659 660 -1 660 659 661 -1 662 663 664 -1 663 662 665 -1 666 633 631 -1 633 666 667 -1 667 666 668 -1 667 668 669 -1 654 670 652 -1 670 654 671 -1 672 673 674 -1 673 672 675 -1 676 677 678 -1 677 676 679 -1 680 678 681 -1 678 680 676 -1 682 681 683 -1 681 682 680 -1 684 683 685 -1 683 684 682 -1 686 687 688 -1 687 686 689 -1 687 685 688 -1 685 687 684 -1 690 515 500 -1 515 690 691 -1 691 690 692 -1 691 692 693 -1 694 680 682 -1 680 694 695 -1 695 676 680 -1 676 695 696 -1 697 682 684 -1 682 697 694 -1 698 684 687 -1 684 698 697 -1 689 698 687 -1 698 689 699 -1 635 700 636 -1 700 635 701 -1 700 572 571 -1 572 700 701 -1 639 699 689 -1 699 639 641 -1 692 702 703 -1 702 692 501 -1 501 692 500 -1 500 692 690 -1 704 703 696 -1 703 704 692 -1 705 694 697 -1 694 705 706 -1 706 695 694 -1 695 706 707 -1 699 708 698 -1 708 699 709 -1 708 697 698 -1 697 708 705 -1 706 710 707 -1 710 706 711 -1 705 711 706 -1 711 705 664 -1 708 664 705 -1 664 708 662 -1 712 713 714 -1 713 712 715 -1 536 716 537 -1 716 536 717 -1 717 536 718 -1 718 536 719 -1 652 720 650 -1 720 652 670 -1 670 712 720 -1 712 670 715 -1 658 721 656 -1 721 658 722 -1 667 629 633 -1 629 667 723 -1 723 667 669 -1 723 669 724 -1 723 516 629 -1 516 723 725 -1 725 723 724 -1 725 724 726 -1 725 519 516 -1 519 725 727 -1 727 725 726 -1 727 726 728 -1 710 729 730 -1 729 710 731 -1 664 732 711 -1 732 664 663 -1 675 733 673 -1 733 675 734 -1 673 735 736 -1 735 673 733 -1 736 726 724 -1 726 736 735 -1 646 737 738 -1 737 646 648 -1 715 739 713 -1 739 715 740 -1 713 734 675 -1 734 713 739 -1 722 741 721 -1 741 722 742 -1 671 715 670 -1 715 671 740 -1 656 671 654 -1 671 656 721 -1 519 719 536 -1 719 519 718 -1 718 519 728 -1 728 519 727 -1 733 743 735 -1 743 733 744 -1 735 728 726 -1 728 735 743 -1 717 745 746 -1 745 717 718 -1 746 747 748 -1 747 746 745 -1 660 722 658 -1 722 660 749 -1 750 742 751 -1 742 750 752 -1 749 742 722 -1 742 749 751 -1 753 752 750 -1 752 753 754 -1 748 754 753 -1 754 748 747 -1 746 755 756 -1 755 746 748 -1 757 751 749 -1 751 757 758 -1 748 759 755 -1 759 748 753 -1 661 749 660 -1 749 661 757 -1 753 760 759 -1 760 753 750 -1 750 758 760 -1 758 750 751 -1 544 761 553 -1 761 544 762 -1 762 544 763 -1 763 544 764 -1 717 756 763 -1 756 717 746 -1 537 764 544 -1 764 537 763 -1 763 537 717 -1 717 537 716 -1 756 765 766 -1 765 756 755 -1 763 766 762 -1 766 763 756 -1 760 767 768 -1 767 760 758 -1 755 769 765 -1 769 755 759 -1 770 661 659 -1 661 770 757 -1 767 757 770 -1 757 767 758 -1 759 768 769 -1 768 759 760 -1 771 686 688 -1 686 771 772 -1 773 774 775 -1 774 773 776 -1 775 637 634 -1 637 775 774 -1 777 638 772 -1 638 777 642 -1 771 685 778 -1 685 771 688 -1 776 681 774 -1 681 776 683 -1 772 640 686 -1 640 772 638 -1 779 772 771 -1 772 779 777 -1 635 572 701 -1 572 635 677 -1 572 677 780 -1 488 572 780 -1 779 778 781 -1 778 779 771 -1 781 776 773 -1 776 781 778 -1 778 683 776 -1 683 778 685 -1 774 678 637 -1 678 774 681 -1 637 677 635 -1 677 637 678 -1 782 642 777 -1 642 782 643 -1 783 781 784 -1 781 783 779 -1 784 773 785 -1 773 784 781 -1 677 488 780 -1 488 677 679 -1 488 679 491 -1 491 679 786 -1 783 777 779 -1 777 783 782 -1 785 775 787 -1 775 785 773 -1 788 636 789 -1 636 788 634 -1 787 634 788 -1 634 787 775 -1 790 577 582 -1 577 790 791 -1 791 790 792 -1 791 792 789 -1 793 784 794 -1 784 793 783 -1 795 789 792 -1 789 795 788 -1 636 791 789 -1 791 636 577 -1 577 636 571 -1 571 636 700 -1 796 643 782 -1 643 796 645 -1 794 785 797 -1 785 794 784 -1 793 782 783 -1 782 793 796 -1 798 788 795 -1 788 798 787 -1 797 787 798 -1 787 797 785 -1 799 645 796 -1 645 799 647 -1 800 794 801 -1 794 800 793 -1 800 796 793 -1 796 800 799 -1 801 797 802 -1 797 801 794 -1 802 798 803 -1 798 802 797 -1 804 792 805 -1 792 804 795 -1 806 589 600 -1 589 806 807 -1 807 806 808 -1 807 808 805 -1 803 795 804 -1 795 803 798 -1 809 647 799 -1 647 809 649 -1 810 801 811 -1 801 810 800 -1 812 804 813 -1 804 812 803 -1 811 802 814 -1 802 811 801 -1 814 803 812 -1 803 814 802 -1 810 799 800 -1 799 810 809 -1 813 805 808 -1 805 813 804 -1 807 582 589 -1 582 807 790 -1 790 807 805 -1 790 805 792 -1 815 809 810 -1 809 815 816 -1 816 649 809 -1 649 816 651 -1 815 811 817 -1 811 815 810 -1 818 812 819 -1 812 818 814 -1 819 813 820 -1 813 819 812 -1 820 808 821 -1 808 820 813 -1 817 814 818 -1 814 817 811 -1 822 603 616 -1 603 822 823 -1 823 822 824 -1 823 824 821 -1 816 653 651 -1 653 816 825 -1 826 818 827 -1 818 826 817 -1 815 825 816 -1 825 815 828 -1 828 817 826 -1 817 828 815 -1 829 821 824 -1 821 829 820 -1 830 820 829 -1 820 830 819 -1 823 600 603 -1 600 823 806 -1 806 823 821 -1 806 821 808 -1 827 819 830 -1 819 827 818 -1 831 826 832 -1 826 831 828 -1 825 655 653 -1 655 825 833 -1 828 833 825 -1 833 828 831 -1 834 830 835 -1 830 834 827 -1 832 827 834 -1 827 832 826 -1 835 829 836 -1 829 835 830 -1 836 824 837 -1 824 836 829 -1 627 838 621 -1 838 627 837 -1 837 627 839 -1 839 627 840 -1 841 834 835 -1 834 841 842 -1 833 657 655 -1 657 833 843 -1 831 843 833 -1 843 831 844 -1 845 831 832 -1 831 845 844 -1 842 832 834 -1 832 842 845 -1 839 836 837 -1 836 839 846 -1 838 616 621 -1 616 838 822 -1 822 838 837 -1 822 837 824 -1 846 835 836 -1 835 846 841 -1 768 844 845 -1 844 768 767 -1 765 842 841 -1 842 765 769 -1 843 659 657 -1 659 843 770 -1 762 846 839 -1 846 762 766 -1 769 845 842 -1 845 769 768 -1 844 770 843 -1 770 844 767 -1 752 741 742 -1 741 752 847 -1 766 841 846 -1 841 766 765 -1 747 848 754 -1 848 747 744 -1 754 847 752 -1 847 754 848 -1 745 744 747 -1 744 745 743 -1 553 840 627 -1 840 553 839 -1 839 553 762 -1 762 553 761 -1 718 743 745 -1 743 718 728 -1 738 665 662 -1 665 738 737 -1 674 736 849 -1 736 674 673 -1 648 720 737 -1 720 648 650 -1 704 693 692 -1 693 704 730 -1 737 712 665 -1 712 737 720 -1 663 672 732 -1 672 663 714 -1 729 669 668 -1 669 729 849 -1 732 674 731 -1 674 732 672 -1 665 714 663 -1 714 665 712 -1 731 849 729 -1 849 731 674 -1 691 631 515 -1 631 691 666 -1 666 691 693 -1 666 693 668 -1 739 848 734 -1 848 739 847 -1 714 675 672 -1 675 714 713 -1 707 730 704 -1 730 707 710 -1 721 740 671 -1 740 721 741 -1 734 744 733 -1 744 734 848 -1 740 847 739 -1 847 740 741 -1 711 731 710 -1 731 711 732 -1 730 668 693 -1 668 730 729 -1 849 724 669 -1 724 849 736 -1 641 709 699 -1 709 641 644 -1 707 696 695 -1 696 707 704 -1 640 689 686 -1 689 640 639 -1 709 662 708 -1 662 709 738 -1 703 786 679 -1 786 703 491 -1 491 703 501 -1 501 703 702 -1 644 738 709 -1 738 644 646 -1 696 679 676 -1 679 696 703 -1 850 851 852 -1 851 850 853 -1 851 854 855 -1 854 851 853 -1 854 856 855 -1 856 854 857 -1 850 856 857 -1 856 850 852 -1 851 856 852 -1 856 851 855 -1 854 850 857 -1 850 854 853 -1 858 859 860 -1 859 858 861 -1 861 858 862 -1 861 862 863 -1 863 862 864 -1 863 864 865 -1 866 867 868 -1 866 868 869 -1 870 871 872 -1 872 871 873 -1 870 865 871 -1 865 870 863 -1 874 863 870 -1 863 874 861 -1 866 862 867 -1 862 866 864 -1 875 876 877 -1 878 879 874 -1 878 880 879 -1 881 876 875 -1 861 879 859 -1 879 861 874 -1 860 877 858 -1 877 860 875 -1 882 883 884 -1 883 882 885 -1 886 882 887 -1 882 886 885 -1 888 887 889 -1 887 888 886 -1 881 889 876 -1 889 881 888 -1 888 881 880 -1 888 880 878 -1 890 868 891 -1 868 890 869 -1 869 890 873 -1 873 890 872 -1 892 891 893 -1 891 892 890 -1 894 893 895 -1 893 894 892 -1 896 895 897 -1 895 896 894 -1 883 898 899 -1 898 883 896 -1 896 883 885 -1 896 885 894 -1 894 885 886 -1 894 886 892 -1 892 886 888 -1 892 888 890 -1 890 888 878 -1 890 878 872 -1 872 878 874 -1 872 874 870 -1 898 897 900 -1 897 898 896 -1 883 901 884 -1 901 883 899 -1 859 875 860 -1 875 859 881 -1 881 859 880 -1 880 859 879 -1 898 901 899 -1 901 898 900 -1 900 884 901 -1 884 900 897 -1 884 897 882 -1 882 897 895 -1 882 895 893 -1 882 893 887 -1 887 893 889 -1 889 893 891 -1 889 891 868 -1 889 868 876 -1 876 868 867 -1 876 867 877 -1 877 867 862 -1 877 862 858 -1 873 866 869 -1 866 873 864 -1 864 873 865 -1 865 873 871 -1 902 903 904 -1 903 902 905 -1 905 902 906 -1 905 906 907 -1 907 906 908 -1 907 908 909 -1 910 911 912 -1 910 912 913 -1 914 915 916 -1 916 915 917 -1 914 909 915 -1 909 914 907 -1 918 907 914 -1 907 918 905 -1 910 906 911 -1 906 910 908 -1 919 920 921 -1 922 923 918 -1 922 924 923 -1 925 920 919 -1 905 923 903 -1 923 905 918 -1 904 921 902 -1 921 904 919 -1 926 927 928 -1 927 926 929 -1 930 926 931 -1 926 930 929 -1 932 931 933 -1 931 932 930 -1 925 933 920 -1 933 925 932 -1 932 925 924 -1 932 924 922 -1 934 912 935 -1 912 934 913 -1 913 934 917 -1 917 934 916 -1 936 935 937 -1 935 936 934 -1 938 937 939 -1 937 938 936 -1 940 939 941 -1 939 940 938 -1 927 942 943 -1 942 927 940 -1 940 927 929 -1 940 929 938 -1 938 929 930 -1 938 930 936 -1 936 930 932 -1 936 932 934 -1 934 932 922 -1 934 922 916 -1 916 922 918 -1 916 918 914 -1 942 941 944 -1 941 942 940 -1 927 945 928 -1 945 927 943 -1 903 919 904 -1 919 903 925 -1 925 903 924 -1 924 903 923 -1 942 945 943 -1 945 942 944 -1 944 928 945 -1 928 944 941 -1 928 941 926 -1 926 941 939 -1 926 939 937 -1 926 937 931 -1 931 937 933 -1 933 937 935 -1 933 935 912 -1 933 912 920 -1 920 912 911 -1 920 911 921 -1 921 911 906 -1 921 906 902 -1 917 910 913 -1 910 917 908 -1 908 917 909 -1 909 917 915 -1 946 947 948 -1 947 946 949 -1 949 946 950 -1 949 950 951 -1 951 950 952 -1 951 952 953 -1 954 955 956 -1 954 956 957 -1 958 959 960 -1 960 959 961 -1 958 953 959 -1 953 958 951 -1 962 951 958 -1 951 962 949 -1 954 950 955 -1 950 954 952 -1 963 964 965 -1 966 967 962 -1 966 968 967 -1 969 964 963 -1 949 967 947 -1 967 949 962 -1 948 965 946 -1 965 948 963 -1 970 971 972 -1 971 970 973 -1 974 970 975 -1 970 974 973 -1 976 975 977 -1 975 976 974 -1 969 977 964 -1 977 969 976 -1 976 969 968 -1 976 968 966 -1 978 956 979 -1 956 978 957 -1 957 978 961 -1 961 978 960 -1 980 979 981 -1 979 980 978 -1 982 981 983 -1 981 982 980 -1 984 983 985 -1 983 984 982 -1 971 986 987 -1 986 971 984 -1 984 971 973 -1 984 973 982 -1 982 973 974 -1 982 974 980 -1 980 974 976 -1 980 976 978 -1 978 976 966 -1 978 966 960 -1 960 966 962 -1 960 962 958 -1 986 985 988 -1 985 986 984 -1 971 989 972 -1 989 971 987 -1 947 963 948 -1 963 947 969 -1 969 947 968 -1 968 947 967 -1 986 989 987 -1 989 986 988 -1 988 972 989 -1 972 988 985 -1 972 985 970 -1 970 985 983 -1 970 983 981 -1 970 981 975 -1 975 981 977 -1 977 981 979 -1 977 979 956 -1 977 956 964 -1 964 956 955 -1 964 955 965 -1 965 955 950 -1 965 950 946 -1 961 954 957 -1 954 961 952 -1 952 961 953 -1 953 961 959 -1 990 991 992 -1 993 990 994 -1 990 993 995 -1 995 993 996 -1 997 998 999 -1 1000 998 996 -1 998 1000 999 -1 995 1001 1002 -1 1001 995 998 -1 998 995 996 -1 991 995 1003 -1 995 991 990 -1 1004 1005 1006 -1 1005 1004 1007 -1 1007 1004 1008 -1 1007 1008 1009 -1 1009 1008 1010 -1 1009 1010 1011 -1 1006 1012 1013 -1 1012 1006 1005 -1 1012 1014 1013 -1 1015 1011 1010 -1 1011 1015 1016 -1 1017 1016 1015 -1 1018 1019 1020 -1 1019 1018 1021 -1 1021 1018 1022 -1 1022 1018 1023 -1 1023 1018 1024 -1 1023 1024 1025 -1 1025 1024 1026 -1 1025 1026 1027 -1 1027 1026 1002 -1 1027 1002 1001 -1 1028 1029 1030 -1 1029 1028 1031 -1 1031 1028 1032 -1 1032 1028 1033 -1 1033 1028 1034 -1 1033 1034 1035 -1 1035 1034 1036 -1 1035 1036 1037 -1 1037 1036 1019 -1 1037 1019 1021 -1 1038 1039 1040 -1 1039 1038 1041 -1 1041 1038 1042 -1 1042 1038 1043 -1 1043 1038 1044 -1 1043 1044 1045 -1 1045 1044 1046 -1 1045 1046 1047 -1 1047 1046 1048 -1 1047 1048 1049 -1 1049 1048 1050 -1 1049 1050 1051 -1 1051 1050 1029 -1 1051 1029 1031 -1 1039 1008 1004 -1 1008 1039 1041 -1 1013 1014 1052 -1 1012 1053 1014 -1 1054 1055 1056 -1 1055 1054 1057 -1 1057 1054 1058 -1 1058 1054 1059 -1 1058 1059 1060 -1 1060 1059 1061 -1 1060 1061 994 -1 994 1061 993 -1 1062 1063 1064 -1 1063 1062 1065 -1 1065 1062 1066 -1 1066 1062 1067 -1 1066 1067 1068 -1 1068 1067 1069 -1 1068 1069 1070 -1 1070 1069 1055 -1 1070 1055 1071 -1 1071 1055 1057 -1 1072 1073 1074 -1 1073 1072 1075 -1 1075 1072 1076 -1 1076 1072 1077 -1 1076 1077 1078 -1 1078 1077 1079 -1 1078 1079 1080 -1 1080 1079 1081 -1 1080 1081 1082 -1 1082 1081 1083 -1 1082 1083 1084 -1 1084 1083 1063 -1 1084 1063 1085 -1 1085 1063 1065 -1 1009 1086 1007 -1 1086 1009 1073 -1 1086 1073 1087 -1 1087 1073 1075 -1 1088 1017 1015 -1 1089 1016 1017 -1 1090 1091 1092 -1 1091 1090 1093 -1 1094 1095 1096 -1 1095 1094 1097 -1 1020 1093 1018 -1 1093 1020 1091 -1 1002 1098 995 -1 1098 1002 1026 -1 1030 1099 1028 -1 1099 1030 1100 -1 1091 1094 1092 -1 1094 1091 1101 -1 1102 1103 1104 -1 1103 1102 1105 -1 1103 1105 1106 -1 1103 1106 1107 -1 1108 1099 1109 -1 1099 1108 1110 -1 1111 1112 1113 -1 1112 1111 1114 -1 1092 1115 1090 -1 1115 1092 1116 -1 1097 1110 1108 -1 1110 1097 1117 -1 1117 1097 1094 -1 1117 1094 1101 -1 1050 1118 1029 -1 1118 1050 1106 -1 1105 1114 1111 -1 1114 1105 1119 -1 1120 1121 1122 -1 1121 1120 1098 -1 1050 1107 1106 -1 1107 1050 1048 -1 1107 1048 1103 -1 1103 1048 1046 -1 1117 1034 1110 -1 1034 1117 1101 -1 1034 1101 1036 -1 1036 1101 1019 -1 1113 1123 1109 -1 1123 1113 1112 -1 1090 1124 1122 -1 1124 1090 1115 -1 1003 995 1125 -1 1125 1098 1120 -1 1098 1125 995 -1 1018 1121 1024 -1 1121 1018 1093 -1 1111 1106 1105 -1 1106 1111 1118 -1 1126 1127 1128 -1 1127 1126 1129 -1 1130 1131 1132 -1 1131 1130 1133 -1 1123 1134 1135 -1 1134 1123 1112 -1 1136 1085 1065 -1 1085 1136 1137 -1 1138 1086 1087 -1 1086 1138 1139 -1 1038 1140 1044 -1 1140 1038 1141 -1 994 1129 1060 -1 1129 994 990 -1 1129 1142 1127 -1 1142 1129 990 -1 1126 1057 1058 -1 1057 1126 1143 -1 1122 1093 1090 -1 1093 1122 1121 -1 1029 1100 1030 -1 1100 1029 1118 -1 1124 1144 1128 -1 1144 1124 1115 -1 992 1142 990 -1 1145 1082 1130 -1 1082 1145 1080 -1 1080 1145 1146 -1 1080 1146 1078 -1 1147 1052 1014 -1 1052 1147 1104 -1 1133 1082 1084 -1 1082 1133 1130 -1 1115 1148 1144 -1 1148 1115 1116 -1 1114 1132 1131 -1 1132 1114 1119 -1 1112 1131 1134 -1 1131 1112 1114 -1 1136 1149 1135 -1 1149 1136 1150 -1 1052 1141 1013 -1 1141 1052 1140 -1 1143 1071 1057 -1 1071 1143 1151 -1 1026 1121 1098 -1 1121 1026 1024 -1 1152 1148 1153 -1 1148 1152 1151 -1 1146 1154 1155 -1 1154 1146 1132 -1 1132 1146 1130 -1 1130 1146 1145 -1 1096 1156 1153 -1 1156 1096 1095 -1 1151 1144 1148 -1 1144 1151 1143 -1 1150 1156 1149 -1 1156 1150 1157 -1 1156 1157 1153 -1 1153 1157 1152 -1 1152 1068 1070 -1 1068 1152 1066 -1 1066 1152 1150 -1 1150 1152 1157 -1 1102 1119 1105 -1 1119 1102 1158 -1 1095 1108 1159 -1 1108 1095 1097 -1 1094 1116 1092 -1 1116 1094 1096 -1 1137 1135 1134 -1 1135 1137 1136 -1 1160 1053 1012 -1 1053 1160 1161 -1 1161 1075 1076 -1 1075 1161 1160 -1 1143 1128 1144 -1 1128 1143 1126 -1 1019 1091 1020 -1 1091 1019 1101 -1 1156 1159 1149 -1 1159 1156 1095 -1 1028 1110 1034 -1 1110 1028 1099 -1 1104 1140 1052 -1 1140 1104 1103 -1 1127 1124 1128 -1 1124 1127 1162 -1 1155 1014 1053 -1 1014 1155 1147 -1 1013 1163 1006 -1 1163 1013 1141 -1 1109 1100 1113 -1 1100 1109 1099 -1 1100 1111 1113 -1 1111 1100 1118 -1 1162 1122 1124 -1 1122 1162 1120 -1 1003 1125 991 -1 991 1120 1162 -1 1120 991 1125 -1 1133 1134 1131 -1 1134 1133 1137 -1 1160 1087 1075 -1 1087 1160 1138 -1 1137 1084 1085 -1 1084 1137 1133 -1 1139 1005 1007 -1 1005 1139 1138 -1 1151 1070 1071 -1 1070 1151 1152 -1 1161 1155 1053 -1 1155 1161 1146 -1 1116 1153 1148 -1 1153 1116 1096 -1 1104 1158 1102 -1 1158 1104 1147 -1 1046 1140 1103 -1 1140 1046 1044 -1 991 1142 992 -1 1142 991 1162 -1 1162 1127 1142 -1 1060 1126 1058 -1 1126 1060 1129 -1 1119 1154 1132 -1 1154 1119 1158 -1 1150 1065 1066 -1 1065 1150 1136 -1 1159 1135 1149 -1 1135 1159 1123 -1 1138 1012 1005 -1 1012 1138 1160 -1 1078 1161 1076 -1 1161 1078 1146 -1 1158 1155 1154 -1 1155 1158 1147 -1 1040 1141 1038 -1 1141 1040 1163 -1 1109 1159 1108 -1 1159 1109 1123 -1 1163 1004 1006 -1 1004 1163 1164 -1 1139 1007 1086 -1 1039 1163 1040 -1 1163 1039 1164 -1 1004 1164 1039 -1 1165 1073 1009 -1 1166 1054 1167 -1 1054 1166 1059 -1 1168 1169 1170 -1 1169 1168 996 -1 1171 1172 1173 -1 1172 1171 1174 -1 1175 1176 1177 -1 1176 1175 1178 -1 1042 1179 1041 -1 1179 1042 1180 -1 1181 1182 1183 -1 1182 1181 1184 -1 1185 1073 1165 -1 1073 1185 1074 -1 1186 1187 1188 -1 1187 1186 1189 -1 1189 1186 1190 -1 1189 1190 1191 -1 1032 1178 1175 -1 1178 1032 1033 -1 1186 1192 1190 -1 1192 1186 1193 -1 1194 1195 1196 -1 1195 1194 998 -1 1008 1041 1179 -1 1197 1198 1199 -1 1198 1197 1200 -1 1178 1201 1176 -1 1201 1178 1202 -1 1017 1203 1089 -1 1203 1017 1204 -1 1021 1205 1206 -1 1205 1021 1022 -1 1022 1207 1205 -1 1207 1022 1023 -1 1208 1064 1197 -1 1064 1208 1062 -1 1203 1209 1089 -1 1209 1203 1210 -1 1211 1212 1181 -1 1212 1211 1213 -1 1214 1177 1213 -1 1177 1214 1175 -1 1187 1062 1208 -1 1062 1187 1067 -1 1089 1215 1016 -1 1215 1089 1209 -1 1207 1174 1171 -1 1174 1207 1216 -1 1172 1170 1217 -1 1170 1172 1218 -1 1185 1009 1011 -1 1009 1185 1165 -1 1169 993 1061 -1 993 1169 996 -1 1219 1186 1188 -1 1186 1219 1193 -1 1220 1190 1221 -1 1190 1220 1191 -1 1182 1210 1203 -1 1210 1182 1184 -1 1210 1184 1222 -1 1210 1222 1223 -1 1224 1220 1221 -1 1220 1224 1167 -1 1188 1208 1225 -1 1208 1188 1187 -1 1226 1213 1211 -1 1213 1226 1214 -1 1206 1227 1228 -1 1227 1206 1205 -1 1197 1063 1200 -1 1063 1197 1064 -1 997 1195 998 -1 1173 1221 1229 -1 1221 1173 1224 -1 1222 1063 1083 -1 1063 1222 1200 -1 1031 1175 1214 -1 1175 1031 1032 -1 1167 1056 1220 -1 1056 1167 1054 -1 1172 1196 1218 -1 1196 1172 1174 -1 1043 1230 1231 -1 1230 1043 1045 -1 1042 1231 1180 -1 1231 1042 1043 -1 1172 1224 1173 -1 1224 1172 1217 -1 1194 1001 998 -1 1001 1194 1027 -1 1205 1171 1227 -1 1171 1205 1207 -1 1217 1167 1224 -1 1167 1217 1166 -1 1170 1166 1217 -1 1166 1170 1169 -1 1166 1061 1059 -1 1061 1166 1169 -1 1177 1232 1233 -1 1232 1177 1176 -1 1213 1233 1212 -1 1233 1213 1177 -1 1234 1235 1236 -1 1235 1234 1211 -1 1211 1234 1226 -1 1226 1234 1237 -1 1233 1198 1212 -1 1198 1233 1199 -1 1229 1190 1192 -1 1190 1229 1221 -1 1218 1168 1170 -1 1168 1218 999 -1 999 1000 1168 -1 1231 1088 1015 -1 1088 1231 1230 -1 1047 1237 1234 -1 1237 1047 1049 -1 1237 1049 1051 -1 1237 1051 1226 -1 1179 1010 1008 -1 1010 1179 1180 -1 1209 1072 1215 -1 1072 1209 1077 -1 1223 1079 1210 -1 1079 1223 1081 -1 1081 1223 1083 -1 1083 1223 1222 -1 1219 1238 1193 -1 1238 1219 1201 -1 1216 1196 1174 -1 1196 1216 1194 -1 1225 1197 1199 -1 1197 1225 1208 -1 1212 1184 1181 -1 1184 1212 1198 -1 1023 1216 1207 -1 1216 1023 1025 -1 1202 1238 1201 -1 1238 1202 1239 -1 1238 1239 1228 -1 1228 1239 1206 -1 1035 1239 1202 -1 1239 1035 1206 -1 1206 1035 1037 -1 1206 1037 1021 -1 1198 1222 1184 -1 1222 1198 1200 -1 1069 1191 1055 -1 1191 1069 1067 -1 1191 1067 1187 -1 1191 1187 1189 -1 1016 1185 1011 -1 1185 1016 1215 -1 1000 996 1168 -1 1232 1199 1233 -1 1199 1232 1225 -1 1220 1055 1191 -1 1055 1220 1056 -1 1017 1236 1204 -1 1236 1017 1088 -1 1238 1192 1193 -1 1192 1238 1228 -1 1227 1173 1229 -1 1173 1227 1171 -1 1031 1226 1051 -1 1226 1031 1214 -1 1183 1203 1204 -1 1203 1183 1182 -1 1228 1229 1192 -1 1229 1228 1227 -1 1215 1074 1185 -1 1074 1215 1072 -1 1219 1225 1232 -1 1225 1219 1188 -1 1209 1079 1077 -1 1079 1209 1210 -1 1230 1047 1234 -1 1047 1230 1045 -1 1180 1015 1010 -1 1015 1180 1231 -1 1236 1183 1204 -1 1183 1236 1235 -1 1176 1219 1232 -1 1219 1176 1201 -1 1230 1236 1088 -1 1236 1230 1234 -1 1216 1027 1194 -1 1027 1216 1025 -1 1235 1181 1183 -1 1181 1235 1211 -1 1033 1202 1178 -1 1202 1033 1035 -1 1196 1195 1218 -1 1218 997 999 -1 997 1218 1195 -1 1240 1241 1242 -1 1241 1240 1243 -1 1243 1240 1244 -1 1243 1244 1245 -1 1245 1244 1246 -1 1245 1246 1247 -1 1248 1249 1250 -1 1248 1250 1251 -1 1252 1253 1254 -1 1254 1253 1255 -1 1252 1247 1253 -1 1247 1252 1245 -1 1256 1245 1252 -1 1245 1256 1243 -1 1248 1244 1249 -1 1244 1248 1246 -1 1257 1258 1259 -1 1260 1261 1256 -1 1260 1262 1261 -1 1263 1258 1257 -1 1243 1261 1241 -1 1261 1243 1256 -1 1242 1259 1240 -1 1259 1242 1257 -1 1264 1265 1266 -1 1265 1264 1267 -1 1268 1264 1269 -1 1264 1268 1267 -1 1270 1269 1271 -1 1269 1270 1268 -1 1263 1271 1258 -1 1271 1263 1270 -1 1270 1263 1262 -1 1270 1262 1260 -1 1272 1250 1273 -1 1250 1272 1251 -1 1251 1272 1255 -1 1255 1272 1254 -1 1274 1273 1275 -1 1273 1274 1272 -1 1276 1275 1277 -1 1275 1276 1274 -1 1278 1277 1279 -1 1277 1278 1276 -1 1265 1280 1281 -1 1280 1265 1278 -1 1278 1265 1267 -1 1278 1267 1276 -1 1276 1267 1268 -1 1276 1268 1274 -1 1274 1268 1270 -1 1274 1270 1272 -1 1272 1270 1260 -1 1272 1260 1254 -1 1254 1260 1256 -1 1254 1256 1252 -1 1280 1279 1282 -1 1279 1280 1278 -1 1265 1283 1266 -1 1283 1265 1281 -1 1241 1257 1242 -1 1257 1241 1263 -1 1263 1241 1262 -1 1262 1241 1261 -1 1280 1283 1281 -1 1283 1280 1282 -1 1282 1266 1283 -1 1266 1282 1279 -1 1266 1279 1264 -1 1264 1279 1277 -1 1264 1277 1275 -1 1264 1275 1269 -1 1269 1275 1271 -1 1271 1275 1273 -1 1271 1273 1250 -1 1271 1250 1258 -1 1258 1250 1249 -1 1258 1249 1259 -1 1259 1249 1244 -1 1259 1244 1240 -1 1255 1248 1251 -1 1248 1255 1246 -1 1246 1255 1247 -1 1247 1255 1253 -1 1284 1285 1286 -1 1285 1284 1287 -1 1288 1289 1290 -1 1289 1288 1291 -1 1289 1285 1290 -1 1285 1289 1286 -1 1287 1290 1285 -1 1290 1287 1288 -1 1284 1288 1287 -1 1288 1284 1291 -1 1289 1284 1286 -1 1284 1289 1291 -1 1292 1293 1294 -1 1293 1292 1295 -1 1296 1293 1295 -1 1293 1296 1297 -1 1294 1298 1292 -1 1298 1294 1299 -1 1295 1298 1296 -1 1298 1295 1292 -1 1297 1298 1299 -1 1298 1297 1296 -1 1299 1293 1297 -1 1293 1299 1294 -1 1300 1301 1302 -1 1301 1300 1303 -1 1304 1301 1303 -1 1301 1304 1305 -1 1302 1306 1300 -1 1306 1302 1307 -1 1303 1306 1304 -1 1306 1303 1300 -1 1305 1306 1307 -1 1306 1305 1304 -1 1307 1301 1305 -1 1301 1307 1302 -1 1308 1309 1310 -1 1310 1311 1308 -1 1312 1313 1314 -1 1314 1315 1312 -1 1314 1313 1310 -1 1310 1309 1314 -1 1311 1310 1313 -1 1313 1312 1311 -1 1308 1311 1312 -1 1312 1315 1308 -1 1314 1309 1308 -1 1308 1315 1314 -1 1316 1317 1318 -1 1318 1319 1316 -1 1320 1319 1318 -1 1318 1321 1320 -1 1317 1316 1322 -1 1322 1323 1317 -1 1319 1320 1322 -1 1322 1316 1319 -1 1321 1323 1322 -1 1322 1320 1321 -1 1323 1321 1318 -1 1318 1317 1323 -1 1324 1325 1326 -1 1326 1327 1324 -1 1328 1327 1326 -1 1326 1329 1328 -1 1325 1324 1330 -1 1330 1331 1325 -1 1327 1328 1330 -1 1330 1324 1327 -1 1329 1331 1330 -1 1330 1328 1329 -1 1331 1329 1326 -1 1326 1325 1331 -1 1332 1333 1334 -1 1333 1332 1335 -1 1336 1337 1338 -1 1337 1336 1339 -1 1332 1337 1339 -1 1337 1332 1334 -1 1336 1332 1339 -1 1332 1336 1335 -1 1335 1336 1340 -1 1335 1340 1341 -1 1333 1341 1342 -1 1341 1333 1335 -1 1334 1338 1337 -1 1338 1334 1333 -1 1338 1333 1343 -1 1343 1333 1342 -1 1340 1338 1343 -1 1338 1340 1336 -1 1342 1340 1343 -1 1340 1342 1341 -1 1344 1345 1346 -1 1345 1344 1347 -1 1348 1345 1347 -1 1345 1348 1349 -1 1349 1348 1350 -1 1351 1345 1349 -1 1345 1351 1346 -1 1344 1348 1347 -1 1348 1344 1352 -1 1352 1350 1348 -1 1350 1352 1353 -1 1350 1351 1349 -1 1351 1350 1353 -1 1351 1344 1346 -1 1344 1351 1352 -1 1352 1351 1353 -1 1354 1355 1356 -1 1355 1354 1357 -1 1358 1359 1360 -1 1359 1358 1354 -1 1354 1358 1357 -1 1355 1358 1361 -1 1358 1355 1357 -1 1360 1362 1363 -1 1362 1360 1359 -1 1362 1364 1363 -1 1364 1362 1365 -1 1356 1364 1365 -1 1364 1356 1361 -1 1361 1356 1355 -1 1362 1356 1365 -1 1356 1362 1354 -1 1354 1362 1359 -1 1358 1364 1361 -1 1364 1358 1363 -1 1363 1358 1360 -1 1366 1367 1368 -1 1367 1366 1369 -1 1370 1371 1372 -1 1371 1370 1373 -1 1370 1374 1375 -1 1374 1370 1372 -1 1369 1375 1374 -1 1375 1369 1366 -1 1376 1366 1368 -1 1366 1376 1375 -1 1375 1376 1377 -1 1375 1377 1378 -1 1375 1378 1370 -1 1370 1379 1373 -1 1379 1370 1380 -1 1380 1370 1381 -1 1381 1370 1382 -1 1382 1370 1378 -1 1382 1378 1383 -1 1382 1383 1384 -1 1384 1383 1385 -1 1384 1385 1386 -1 1386 1385 1387 -1 1387 1385 1388 -1 1386 1387 1389 -1 1387 1388 1390 -1 1390 1388 1391 -1 1391 1388 1392 -1 1393 1394 1395 -1 1389 1396 1397 -1 1396 1389 1387 -1 1397 1396 1398 -1 1397 1398 1395 -1 1397 1395 1399 -1 1399 1395 1400 -1 1400 1395 1394 -1 1400 1394 1401 -1 1386 1402 1403 -1 1402 1386 1389 -1 1403 1402 1404 -1 1403 1404 1405 -1 1403 1405 1406 -1 1407 1400 1401 -1 1400 1407 1408 -1 1400 1408 1409 -1 1410 1401 1394 -1 1401 1410 1407 -1 1411 1409 1408 -1 1409 1411 1412 -1 1413 1402 1389 -1 1402 1413 1414 -1 1415 1416 1417 -1 1416 1415 1418 -1 1419 1420 1421 -1 1420 1419 1422 -1 1423 1389 1397 -1 1389 1423 1413 -1 1424 1413 1425 -1 1413 1424 1414 -1 1420 1392 1426 -1 1392 1420 1391 -1 1427 1428 1429 -1 1428 1427 1430 -1 1368 1431 1376 -1 1431 1368 1367 -1 1432 1395 1427 -1 1395 1432 1393 -1 1386 1433 1434 -1 1433 1386 1403 -1 1420 1435 1421 -1 1435 1420 1426 -1 1412 1400 1409 -1 1400 1412 1399 -1 1436 1422 1419 -1 1422 1436 1437 -1 1438 1416 1439 -1 1416 1438 1417 -1 1380 1440 1379 -1 1440 1380 1441 -1 1430 1396 1442 -1 1396 1430 1398 -1 1443 1430 1442 -1 1430 1443 1428 -1 1424 1439 1414 -1 1439 1424 1438 -1 1425 1423 1444 -1 1423 1425 1413 -1 1412 1397 1399 -1 1397 1412 1423 -1 1443 1437 1436 -1 1437 1443 1442 -1 1415 1406 1418 -1 1406 1415 1403 -1 1403 1415 1433 -1 1445 1386 1434 -1 1386 1445 1384 -1 1381 1441 1380 -1 1441 1381 1446 -1 1382 1446 1381 -1 1446 1382 1447 -1 1448 1392 1388 -1 1392 1448 1435 -1 1392 1435 1426 -1 1416 1404 1439 -1 1404 1416 1405 -1 1427 1398 1430 -1 1398 1427 1395 -1 1444 1412 1411 -1 1412 1444 1423 -1 1422 1387 1390 -1 1387 1422 1437 -1 1379 1371 1373 -1 1371 1379 1440 -1 1439 1402 1414 -1 1402 1439 1404 -1 1384 1447 1382 -1 1447 1384 1445 -1 1422 1391 1420 -1 1391 1422 1390 -1 1437 1396 1387 -1 1396 1437 1442 -1 1418 1405 1416 -1 1405 1418 1406 -1 1432 1429 1449 -1 1429 1432 1427 -1 1388 1450 1448 -1 1450 1388 1385 -1 1378 1451 1383 -1 1451 1378 1452 -1 1385 1451 1450 -1 1451 1385 1383 -1 1440 1372 1371 -1 1372 1440 1441 -1 1372 1441 1446 -1 1372 1446 1447 -1 1372 1447 1374 -1 1374 1367 1369 -1 1367 1374 1431 -1 1431 1374 1453 -1 1453 1374 1452 -1 1452 1374 1447 -1 1452 1447 1445 -1 1452 1445 1451 -1 1451 1445 1450 -1 1450 1445 1434 -1 1450 1434 1424 -1 1424 1434 1433 -1 1424 1433 1438 -1 1438 1433 1417 -1 1417 1433 1415 -1 1444 1443 1425 -1 1443 1444 1428 -1 1428 1444 1411 -1 1428 1411 1429 -1 1429 1411 1408 -1 1429 1408 1449 -1 1449 1408 1407 -1 1449 1407 1410 -1 1450 1436 1448 -1 1436 1450 1425 -1 1425 1450 1424 -1 1436 1425 1443 -1 1448 1436 1419 -1 1448 1419 1421 -1 1448 1421 1435 -1 1449 1393 1432 -1 1393 1449 1394 -1 1394 1449 1410 -1 1376 1453 1377 -1 1453 1376 1431 -1 1377 1452 1378 -1 1452 1377 1453 -1 1454 1455 1456 -1 1455 1454 1457 -1 1458 1459 1460 -1 1459 1458 1461 -1 1462 1463 1464 -1 1463 1462 1465 -1 1461 1466 1459 -1 1466 1461 1467 -1 1466 1467 1468 -1 1468 1467 1456 -1 1468 1456 1469 -1 1469 1456 1455 -1 1469 1455 1463 -1 1463 1455 1470 -1 1463 1470 1464 -1 1464 1470 1471 -1 1464 1471 1472 -1 1472 1471 1473 -1 1474 1464 1472 -1 1464 1474 1462 -1 1460 1466 1475 -1 1466 1460 1459 -1 1476 1468 1469 -1 1468 1476 1477 -1 1478 1456 1467 -1 1456 1478 1454 -1 1465 1469 1463 -1 1469 1465 1476 -1 1475 1458 1460 -1 1458 1475 1477 -1 1458 1477 1478 -1 1478 1477 1454 -1 1454 1477 1476 -1 1454 1476 1465 -1 1454 1465 1457 -1 1457 1465 1462 -1 1457 1462 1479 -1 1479 1462 1480 -1 1480 1462 1474 -1 1480 1474 1481 -1 1471 1481 1473 -1 1481 1471 1480 -1 1479 1471 1470 -1 1471 1479 1480 -1 1473 1474 1472 -1 1474 1473 1481 -1 1457 1470 1455 -1 1470 1457 1479 -1 1458 1467 1461 -1 1467 1458 1478 -1 1477 1466 1468 -1 1466 1477 1475 -1 1482 1483 1484 -1 1483 1482 1485 -1 1485 1482 1486 -1 1487 1484 1488 -1 1484 1487 1482 -1 1489 1490 1491 -1 1490 1489 1492 -1 1486 1493 1485 -1 1493 1486 1494 -1 1495 1494 1487 -1 1494 1495 1496 -1 1497 1498 1499 -1 1498 1497 1493 -1 1500 1501 1502 -1 1501 1500 1503 -1 1501 1503 1483 -1 1483 1503 1484 -1 1504 1505 1506 -1 1505 1504 1507 -1 1507 1504 1508 -1 1508 1504 1509 -1 1507 1495 1510 -1 1495 1507 1496 -1 1499 1508 1511 -1 1508 1499 1498 -1 1512 1513 1514 -1 1513 1512 1515 -1 1515 1512 1510 -1 1515 1510 1516 -1 1517 1518 1516 -1 1518 1517 1491 -1 1491 1517 1489 -1 1489 1517 1519 -1 1520 1500 1521 -1 1500 1520 1503 -1 1503 1520 1488 -1 1503 1488 1484 -1 1495 1516 1510 -1 1516 1495 1517 -1 1521 1502 1522 -1 1502 1521 1500 -1 1523 1524 1490 -1 1524 1523 1525 -1 1525 1523 1526 -1 1501 1497 1527 -1 1497 1501 1483 -1 1519 1521 1489 -1 1521 1519 1520 -1 1520 1519 1517 -1 1520 1517 1488 -1 1527 1499 1528 -1 1499 1527 1497 -1 1485 1497 1483 -1 1497 1485 1493 -1 1495 1488 1517 -1 1488 1495 1487 -1 1529 1504 1530 -1 1504 1529 1509 -1 1509 1529 1511 -1 1509 1511 1508 -1 1490 1531 1491 -1 1531 1524 1532 -1 1524 1531 1490 -1 1526 1530 1525 -1 1530 1526 1529 -1 1529 1526 1523 -1 1529 1523 1511 -1 1515 1533 1513 -1 1533 1515 1532 -1 1532 1515 1531 -1 1531 1515 1516 -1 1531 1516 1491 -1 1491 1516 1518 -1 1506 1512 1514 -1 1512 1506 1510 -1 1510 1506 1507 -1 1507 1506 1505 -1 1508 1496 1507 -1 1496 1508 1498 -1 1528 1511 1523 -1 1511 1528 1499 -1 1487 1486 1482 -1 1486 1487 1494 -1 1502 1527 1522 -1 1527 1502 1501 -1 1492 1523 1490 -1 1523 1492 1528 -1 1489 1522 1492 -1 1522 1489 1521 -1 1494 1498 1493 -1 1498 1494 1496 -1 1522 1528 1492 -1 1528 1522 1527 -1 1525 1532 1524 -1 1532 1525 1530 -1 1532 1530 1533 -1 1533 1530 1513 -1 1513 1530 1504 -1 1513 1504 1514 -1 1514 1504 1506 -1 1534 1535 1536 -1 1535 1534 1537 -1 1538 1539 1540 -1 1539 1538 1541 -1 1542 1534 1543 -1 1534 1542 1537 -1 1537 1542 1544 -1 1541 1545 1539 -1 1545 1541 1546 -1 1547 1540 1548 -1 1540 1547 1538 -1 1549 1550 1551 -1 1550 1549 1552 -1 1547 1553 1544 -1 1553 1547 1550 -1 1553 1550 1552 -1 1544 1554 1537 -1 1554 1544 1553 -1 1537 1554 1535 -1 1535 1555 1536 -1 1555 1535 1554 -1 1555 1553 1556 -1 1553 1555 1554 -1 1557 1545 1558 -1 1545 1557 1539 -1 1557 1559 1560 -1 1559 1557 1561 -1 1559 1561 1562 -1 1559 1562 1563 -1 1560 1539 1557 -1 1539 1560 1540 -1 1553 1549 1556 -1 1549 1553 1552 -1 1560 1542 1543 -1 1542 1560 1559 -1 1542 1559 1563 -1 1542 1563 1544 -1 1538 1562 1541 -1 1562 1538 1563 -1 1547 1563 1538 -1 1563 1547 1544 -1 1558 1561 1557 -1 1561 1558 1564 -1 1561 1564 1562 -1 1543 1555 1548 -1 1555 1543 1534 -1 1555 1534 1536 -1 1548 1556 1551 -1 1556 1548 1555 -1 1551 1556 1549 -1 1564 1545 1546 -1 1545 1564 1558 -1 1543 1540 1560 -1 1540 1543 1548 -1 1550 1548 1551 -1 1548 1550 1547 -1 1541 1564 1546 -1 1564 1541 1562 -1 1565 1566 1567 -1 1566 1565 1568 -1 1568 1565 1569 -1 1569 1565 1570 -1 1567 1571 1572 -1 1571 1567 1566 -1 1573 1574 1575 -1 1574 1570 1565 -1 1570 1574 1573 -1 1575 1576 1577 -1 1576 1565 1578 -1 1565 1576 1575 -1 1565 1575 1574 -1 1575 1579 1580 -1 1579 1575 1577 -1 1577 1581 1582 -1 1581 1578 1583 -1 1578 1581 1577 -1 1578 1577 1576 -1 1573 1584 1585 -1 1586 1580 1587 -1 1580 1586 1588 -1 1580 1588 1575 -1 1575 1588 1584 -1 1575 1584 1573 -1 1577 1589 1579 -1 1589 1577 1582 -1 1572 1580 1567 -1 1580 1572 1587 -1 1582 1590 1591 -1 1590 1582 1583 -1 1583 1582 1581 -1 1592 1565 1567 -1 1565 1592 1578 -1 1593 1578 1592 -1 1578 1593 1583 -1 1594 1583 1593 -1 1583 1594 1590 -1 1567 1579 1592 -1 1579 1567 1580 -1 1592 1589 1593 -1 1589 1592 1579 -1 1593 1595 1594 -1 1595 1593 1589 -1 1582 1595 1589 -1 1595 1582 1591 -1 1590 1595 1591 -1 1595 1590 1594 -1 1566 1584 1588 -1 1584 1566 1568 -1 1586 1566 1588 -1 1566 1586 1571 -1 1569 1584 1568 -1 1584 1569 1585 -1 1572 1586 1587 -1 1586 1572 1571 -1 1569 1573 1585 -1 1573 1569 1570 -1 1596 1597 1598 -1 1597 1596 1599 -1 1597 1599 1600 -1 1597 1600 1601 -1 1597 1601 1602 -1 1597 1602 1603 -1 1597 1603 1604 -1 1597 1604 1605 -1 1599 1606 1607 -1 1606 1599 1596 -1 1608 1600 1609 -1 1600 1608 1601 -1 1610 1605 1604 -1 1605 1610 1611 -1 1611 1597 1605 -1 1597 1611 1612 -1 1613 1601 1608 -1 1601 1613 1602 -1 1600 1607 1609 -1 1607 1600 1599 -1 1598 1606 1596 -1 1606 1598 1614 -1 1615 1602 1613 -1 1602 1615 1603 -1 1604 1615 1610 -1 1615 1604 1603 -1 1614 1597 1612 -1 1597 1614 1598 -1 1612 1606 1614 -1 1606 1612 1607 -1 1607 1612 1609 -1 1609 1612 1608 -1 1608 1612 1613 -1 1613 1612 1615 -1 1615 1612 1610 -1 1610 1612 1611 -1 1616 1617 1618 -1 1617 1616 1619 -1 1620 1621 1622 -1 1621 1620 1623 -1 1624 1616 1625 -1 1616 1624 1619 -1 1619 1624 1626 -1 1623 1627 1621 -1 1627 1623 1628 -1 1629 1622 1630 -1 1622 1629 1620 -1 1631 1632 1633 -1 1632 1631 1634 -1 1629 1635 1626 -1 1635 1629 1632 -1 1635 1632 1634 -1 1626 1636 1619 -1 1636 1626 1635 -1 1619 1636 1617 -1 1617 1637 1618 -1 1637 1617 1636 -1 1637 1635 1638 -1 1635 1637 1636 -1 1639 1627 1640 -1 1627 1639 1621 -1 1639 1641 1642 -1 1641 1639 1643 -1 1641 1643 1644 -1 1641 1644 1645 -1 1642 1621 1639 -1 1621 1642 1622 -1 1635 1631 1638 -1 1631 1635 1634 -1 1642 1624 1625 -1 1624 1642 1641 -1 1624 1641 1645 -1 1624 1645 1626 -1 1620 1644 1623 -1 1644 1620 1645 -1 1629 1645 1620 -1 1645 1629 1626 -1 1640 1643 1639 -1 1643 1640 1646 -1 1643 1646 1644 -1 1625 1637 1630 -1 1637 1625 1616 -1 1637 1616 1618 -1 1630 1638 1633 -1 1638 1630 1637 -1 1633 1638 1631 -1 1646 1627 1628 -1 1627 1646 1640 -1 1625 1622 1642 -1 1622 1625 1630 -1 1632 1630 1633 -1 1630 1632 1629 -1 1623 1646 1628 -1 1646 1623 1644 -1 1647 1648 1649 -1 1648 1647 1650 -1 1650 1647 1651 -1 1651 1647 1652 -1 1649 1653 1654 -1 1653 1649 1648 -1 1655 1656 1657 -1 1656 1652 1647 -1 1652 1656 1655 -1 1657 1658 1659 -1 1658 1647 1660 -1 1647 1658 1657 -1 1647 1657 1656 -1 1657 1661 1662 -1 1661 1657 1659 -1 1659 1663 1664 -1 1663 1660 1665 -1 1660 1663 1659 -1 1660 1659 1658 -1 1655 1666 1667 -1 1668 1662 1669 -1 1662 1668 1670 -1 1662 1670 1657 -1 1657 1670 1666 -1 1657 1666 1655 -1 1659 1671 1661 -1 1671 1659 1664 -1 1654 1662 1649 -1 1662 1654 1669 -1 1664 1672 1673 -1 1672 1664 1665 -1 1665 1664 1663 -1 1674 1647 1649 -1 1647 1674 1660 -1 1675 1660 1674 -1 1660 1675 1665 -1 1676 1665 1675 -1 1665 1676 1672 -1 1649 1661 1674 -1 1661 1649 1662 -1 1674 1671 1675 -1 1671 1674 1661 -1 1675 1677 1676 -1 1677 1675 1671 -1 1664 1677 1671 -1 1677 1664 1673 -1 1672 1677 1673 -1 1677 1672 1676 -1 1648 1666 1670 -1 1666 1648 1650 -1 1668 1648 1670 -1 1648 1668 1653 -1 1651 1666 1650 -1 1666 1651 1667 -1 1654 1668 1669 -1 1668 1654 1653 -1 1651 1655 1667 -1 1655 1651 1652 -1 1678 1679 1680 -1 1679 1678 1681 -1 1681 1678 1682 -1 1682 1678 1683 -1 1682 1683 1684 -1 1680 1685 1686 -1 1685 1680 1687 -1 1685 1687 1688 -1 1685 1688 1689 -1 1687 1680 1679 -1 1689 1688 1690 -1 1690 1688 1691 -1 1690 1691 1692 -1 1690 1692 1693 -1 1689 1690 1694 -1 1694 1690 1695 -1 1694 1695 1696 -1 1694 1696 1697 -1 1689 1694 1698 -1 1689 1698 1699 -1 1689 1699 1700 -1 1689 1700 1701 -1 1689 1702 1703 -1 1702 1689 1704 -1 1704 1689 1701 -1 1703 1705 1706 -1 1705 1703 1702 -1 1699 1707 1700 -1 1707 1699 1708 -1 1709 1699 1698 -1 1699 1709 1708 -1 1710 1698 1694 -1 1698 1710 1709 -1 1697 1710 1694 -1 1710 1697 1711 -1 1696 1711 1697 -1 1711 1696 1712 -1 1713 1696 1695 -1 1696 1713 1712 -1 1714 1695 1690 -1 1695 1714 1713 -1 1693 1714 1690 -1 1714 1693 1715 -1 1692 1715 1693 -1 1715 1692 1716 -1 1691 1716 1692 -1 1716 1691 1717 -1 1718 1691 1688 -1 1691 1718 1717 -1 1687 1718 1688 -1 1718 1687 1719 -1 1679 1719 1687 -1 1719 1679 1720 -1 1681 1720 1679 -1 1720 1681 1721 -1 1722 1681 1682 -1 1681 1722 1721 -1 1684 1722 1682 -1 1722 1684 1723 -1 1683 1723 1684 -1 1723 1683 1724 -1 1678 1724 1683 -1 1724 1678 1725 -1 1680 1725 1678 -1 1725 1680 1726 -1 1727 1680 1686 -1 1680 1727 1726 -1 1727 1706 1705 -1 1706 1727 1685 -1 1685 1727 1686 -1 1700 1704 1701 -1 1704 1700 1707 -1 1705 1719 1727 -1 1719 1705 1718 -1 1718 1705 1702 -1 1727 1719 1726 -1 1718 1702 1714 -1 1718 1714 1717 -1 1717 1714 1716 -1 1714 1702 1710 -1 1714 1710 1713 -1 1713 1710 1712 -1 1710 1702 1709 -1 1709 1702 1708 -1 1708 1702 1707 -1 1707 1702 1704 -1 1711 1712 1710 -1 1715 1716 1714 -1 1726 1720 1725 -1 1720 1726 1719 -1 1725 1720 1721 -1 1725 1721 1722 -1 1725 1722 1724 -1 1724 1722 1723 -1 1685 1703 1706 -1 1703 1685 1689 -1 1728 1729 1730 -1 1730 1731 1728 -1 1731 1732 1728 -1 1732 1733 1728 -1 1732 1734 1733 -1 1729 1735 1736 -1 1736 1737 1729 -1 1736 1738 1737 -1 1736 1739 1738 -1 1737 1730 1729 -1 1739 1740 1738 -1 1740 1741 1738 -1 1740 1742 1741 -1 1740 1743 1742 -1 1739 1744 1740 -1 1744 1745 1740 -1 1744 1746 1745 -1 1744 1747 1746 -1 1739 1748 1744 -1 1739 1749 1748 -1 1739 1750 1749 -1 1739 1751 1750 -1 1739 1752 1753 -1 1753 1754 1739 -1 1754 1751 1739 -1 1752 1755 1756 -1 1756 1753 1752 -1 1749 1750 1757 -1 1757 1758 1749 -1 1759 1748 1749 -1 1749 1758 1759 -1 1760 1744 1748 -1 1748 1759 1760 -1 1747 1744 1760 -1 1760 1761 1747 -1 1746 1747 1761 -1 1761 1762 1746 -1 1763 1745 1746 -1 1746 1762 1763 -1 1764 1740 1745 -1 1745 1763 1764 -1 1743 1740 1764 -1 1764 1765 1743 -1 1742 1743 1765 -1 1765 1766 1742 -1 1741 1742 1766 -1 1766 1767 1741 -1 1768 1738 1741 -1 1741 1767 1768 -1 1737 1738 1768 -1 1768 1769 1737 -1 1730 1737 1769 -1 1769 1770 1730 -1 1731 1730 1770 -1 1770 1771 1731 -1 1772 1732 1731 -1 1731 1771 1772 -1 1734 1732 1772 -1 1772 1773 1734 -1 1733 1734 1773 -1 1773 1774 1733 -1 1728 1733 1774 -1 1774 1775 1728 -1 1729 1728 1775 -1 1775 1776 1729 -1 1777 1735 1729 -1 1729 1776 1777 -1 1777 1756 1755 -1 1755 1736 1777 -1 1736 1735 1777 -1 1750 1751 1754 -1 1754 1757 1750 -1 1756 1777 1769 -1 1769 1768 1756 -1 1768 1753 1756 -1 1777 1776 1769 -1 1768 1764 1753 -1 1768 1767 1764 -1 1767 1766 1764 -1 1764 1760 1753 -1 1764 1763 1760 -1 1763 1762 1760 -1 1760 1759 1753 -1 1759 1758 1753 -1 1758 1757 1753 -1 1757 1754 1753 -1 1761 1760 1762 -1 1765 1764 1766 -1 1776 1775 1770 -1 1770 1769 1776 -1 1775 1771 1770 -1 1775 1772 1771 -1 1775 1774 1772 -1 1774 1773 1772 -1 1736 1755 1752 -1 1752 1739 1736 -1 1778 1779 1780 -1 1780 1781 1778 -1 1779 1782 1783 -1 1783 1780 1779 -1 1784 1781 1780 -1 1780 1785 1784 -1 1785 1780 1783 -1 1783 1786 1785 -1 1786 1783 1787 -1 1787 1788 1786 -1 1786 1788 1789 -1 1789 1790 1786 -1 1784 1785 1791 -1 1791 1792 1784 -1 1785 1786 1790 -1 1790 1791 1785 -1 1782 1793 1787 -1 1787 1783 1782 -1 1794 1795 1796 -1 1796 1797 1794 -1 1797 1798 1794 -1 1799 1800 1801 -1 1801 1802 1799 -1 1801 1800 1803 -1 1803 1796 1801 -1 1796 1795 1801 -1 1797 1796 1803 -1 1803 1804 1797 -1 1804 1798 1797 -1 1805 1784 1792 -1 1792 1806 1805 -1 1782 1779 1807 -1 1807 1808 1782 -1 1807 1791 1808 -1 1791 1790 1808 -1 1788 1787 1793 -1 1793 1789 1788 -1 1779 1778 1809 -1 1809 1807 1779 -1 1809 1791 1807 -1 1809 1792 1791 -1 1793 1782 1808 -1 1808 1789 1793 -1 1808 1790 1789 -1 1810 1778 1781 -1 1781 1811 1810 -1 1805 1804 1803 -1 1799 1811 1781 -1 1781 1800 1799 -1 1781 1784 1800 -1 1784 1803 1800 -1 1784 1805 1803 -1 1778 1810 1801 -1 1801 1809 1778 -1 1801 1795 1809 -1 1795 1794 1809 -1 1794 1806 1809 -1 1806 1792 1809 -1 1802 1801 1810 -1 1798 1804 1805 -1 1805 1806 1798 -1 1806 1794 1798 -1 1811 1799 1802 -1 1802 1810 1811 -1 1812 1813 1814 -1 1813 1812 1815 -1 1816 1817 1818 -1 1817 1816 1819 -1 1816 1820 1821 -1 1820 1816 1818 -1 1815 1821 1820 -1 1821 1815 1812 -1 1822 1812 1814 -1 1812 1822 1821 -1 1821 1822 1823 -1 1821 1823 1824 -1 1821 1824 1816 -1 1816 1825 1819 -1 1825 1816 1826 -1 1826 1816 1827 -1 1827 1816 1828 -1 1828 1816 1824 -1 1828 1824 1829 -1 1828 1829 1830 -1 1830 1829 1831 -1 1830 1831 1832 -1 1832 1831 1833 -1 1833 1831 1834 -1 1832 1833 1835 -1 1833 1834 1836 -1 1836 1834 1837 -1 1837 1834 1838 -1 1839 1840 1841 -1 1835 1842 1843 -1 1842 1835 1833 -1 1843 1842 1844 -1 1843 1844 1841 -1 1843 1841 1845 -1 1845 1841 1846 -1 1846 1841 1840 -1 1846 1840 1847 -1 1832 1848 1849 -1 1848 1832 1835 -1 1849 1848 1850 -1 1849 1850 1851 -1 1849 1851 1852 -1 1853 1846 1847 -1 1846 1853 1854 -1 1846 1854 1855 -1 1856 1847 1840 -1 1847 1856 1853 -1 1857 1855 1854 -1 1855 1857 1858 -1 1859 1848 1835 -1 1848 1859 1860 -1 1861 1862 1863 -1 1862 1861 1864 -1 1865 1866 1867 -1 1866 1865 1868 -1 1869 1835 1843 -1 1835 1869 1859 -1 1870 1859 1871 -1 1859 1870 1860 -1 1866 1838 1872 -1 1838 1866 1837 -1 1873 1874 1875 -1 1874 1873 1876 -1 1814 1877 1822 -1 1877 1814 1813 -1 1878 1841 1873 -1 1841 1878 1839 -1 1832 1879 1880 -1 1879 1832 1849 -1 1866 1881 1867 -1 1881 1866 1872 -1 1858 1846 1855 -1 1846 1858 1845 -1 1882 1868 1865 -1 1868 1882 1883 -1 1884 1862 1885 -1 1862 1884 1863 -1 1826 1886 1825 -1 1886 1826 1887 -1 1876 1842 1888 -1 1842 1876 1844 -1 1889 1876 1888 -1 1876 1889 1874 -1 1870 1885 1860 -1 1885 1870 1884 -1 1871 1869 1890 -1 1869 1871 1859 -1 1858 1843 1845 -1 1843 1858 1869 -1 1889 1883 1882 -1 1883 1889 1888 -1 1861 1852 1864 -1 1852 1861 1849 -1 1849 1861 1879 -1 1891 1832 1880 -1 1832 1891 1830 -1 1827 1887 1826 -1 1887 1827 1892 -1 1828 1892 1827 -1 1892 1828 1893 -1 1894 1838 1834 -1 1838 1894 1881 -1 1838 1881 1872 -1 1862 1850 1885 -1 1850 1862 1851 -1 1873 1844 1876 -1 1844 1873 1841 -1 1890 1858 1857 -1 1858 1890 1869 -1 1868 1833 1836 -1 1833 1868 1883 -1 1825 1817 1819 -1 1817 1825 1886 -1 1885 1848 1860 -1 1848 1885 1850 -1 1830 1893 1828 -1 1893 1830 1891 -1 1868 1837 1866 -1 1837 1868 1836 -1 1883 1842 1833 -1 1842 1883 1888 -1 1864 1851 1862 -1 1851 1864 1852 -1 1878 1875 1895 -1 1875 1878 1873 -1 1834 1896 1894 -1 1896 1834 1831 -1 1824 1897 1829 -1 1897 1824 1898 -1 1831 1897 1896 -1 1897 1831 1829 -1 1886 1818 1817 -1 1818 1886 1887 -1 1818 1887 1892 -1 1818 1892 1893 -1 1818 1893 1820 -1 1820 1813 1815 -1 1813 1820 1877 -1 1877 1820 1899 -1 1899 1820 1898 -1 1898 1820 1893 -1 1898 1893 1891 -1 1898 1891 1897 -1 1897 1891 1896 -1 1896 1891 1880 -1 1896 1880 1870 -1 1870 1880 1879 -1 1870 1879 1884 -1 1884 1879 1863 -1 1863 1879 1861 -1 1890 1889 1871 -1 1889 1890 1874 -1 1874 1890 1857 -1 1874 1857 1875 -1 1875 1857 1854 -1 1875 1854 1895 -1 1895 1854 1853 -1 1895 1853 1856 -1 1896 1882 1894 -1 1882 1896 1871 -1 1871 1896 1870 -1 1882 1871 1889 -1 1894 1882 1865 -1 1894 1865 1867 -1 1894 1867 1881 -1 1895 1839 1878 -1 1839 1895 1840 -1 1840 1895 1856 -1 1822 1899 1823 -1 1899 1822 1877 -1 1823 1898 1824 -1 1898 1823 1899 -1 1900 1901 1902 -1 1901 1900 1903 -1 1904 1905 1906 -1 1905 1904 1907 -1 1908 1909 1910 -1 1909 1908 1911 -1 1907 1912 1905 -1 1912 1907 1913 -1 1912 1913 1914 -1 1914 1913 1902 -1 1914 1902 1915 -1 1915 1902 1901 -1 1915 1901 1909 -1 1909 1901 1916 -1 1909 1916 1910 -1 1910 1916 1917 -1 1910 1917 1918 -1 1918 1917 1919 -1 1920 1910 1918 -1 1910 1920 1908 -1 1906 1912 1921 -1 1912 1906 1905 -1 1922 1914 1915 -1 1914 1922 1923 -1 1924 1902 1913 -1 1902 1924 1900 -1 1911 1915 1909 -1 1915 1911 1922 -1 1921 1904 1906 -1 1904 1921 1923 -1 1904 1923 1924 -1 1924 1923 1900 -1 1900 1923 1922 -1 1900 1922 1911 -1 1900 1911 1903 -1 1903 1911 1908 -1 1903 1908 1925 -1 1925 1908 1926 -1 1926 1908 1920 -1 1926 1920 1927 -1 1917 1927 1919 -1 1927 1917 1926 -1 1925 1917 1916 -1 1917 1925 1926 -1 1919 1920 1918 -1 1920 1919 1927 -1 1903 1916 1901 -1 1916 1903 1925 -1 1904 1913 1907 -1 1913 1904 1924 -1 1923 1912 1914 -1 1912 1923 1921 -1 1928 1929 1930 -1 1929 1928 1931 -1 1932 1933 1934 -1 1933 1932 1935 -1 1936 1928 1937 -1 1928 1936 1931 -1 1931 1936 1938 -1 1935 1939 1933 -1 1939 1935 1940 -1 1941 1934 1942 -1 1934 1941 1932 -1 1943 1944 1945 -1 1944 1943 1946 -1 1941 1947 1938 -1 1947 1941 1944 -1 1947 1944 1946 -1 1938 1948 1931 -1 1948 1938 1947 -1 1931 1948 1929 -1 1929 1949 1930 -1 1949 1929 1948 -1 1949 1947 1950 -1 1947 1949 1948 -1 1951 1939 1952 -1 1939 1951 1933 -1 1951 1953 1954 -1 1953 1951 1955 -1 1953 1955 1956 -1 1953 1956 1957 -1 1954 1933 1951 -1 1933 1954 1934 -1 1947 1943 1950 -1 1943 1947 1946 -1 1954 1936 1937 -1 1936 1954 1953 -1 1936 1953 1957 -1 1936 1957 1938 -1 1932 1956 1935 -1 1956 1932 1957 -1 1941 1957 1932 -1 1957 1941 1938 -1 1952 1955 1951 -1 1955 1952 1958 -1 1955 1958 1956 -1 1937 1949 1942 -1 1949 1937 1928 -1 1949 1928 1930 -1 1942 1950 1945 -1 1950 1942 1949 -1 1945 1950 1943 -1 1958 1939 1940 -1 1939 1958 1952 -1 1937 1934 1954 -1 1934 1937 1942 -1 1944 1942 1945 -1 1942 1944 1941 -1 1935 1958 1940 -1 1958 1935 1956 -1 1959 1960 1961 -1 1960 1959 1962 -1 1962 1959 1963 -1 1963 1959 1964 -1 1961 1965 1966 -1 1965 1961 1960 -1 1967 1968 1969 -1 1968 1964 1959 -1 1964 1968 1967 -1 1969 1970 1971 -1 1970 1959 1972 -1 1959 1970 1969 -1 1959 1969 1968 -1 1969 1973 1974 -1 1973 1969 1971 -1 1971 1975 1976 -1 1975 1972 1977 -1 1972 1975 1971 -1 1972 1971 1970 -1 1967 1978 1979 -1 1980 1974 1981 -1 1974 1980 1982 -1 1974 1982 1969 -1 1969 1982 1978 -1 1969 1978 1967 -1 1971 1983 1973 -1 1983 1971 1976 -1 1966 1974 1961 -1 1974 1966 1981 -1 1976 1984 1985 -1 1984 1976 1977 -1 1977 1976 1975 -1 1986 1959 1961 -1 1959 1986 1972 -1 1987 1972 1986 -1 1972 1987 1977 -1 1988 1977 1987 -1 1977 1988 1984 -1 1961 1973 1986 -1 1973 1961 1974 -1 1986 1983 1987 -1 1983 1986 1973 -1 1987 1989 1988 -1 1989 1987 1983 -1 1976 1989 1983 -1 1989 1976 1985 -1 1984 1989 1985 -1 1989 1984 1988 -1 1960 1978 1982 -1 1978 1960 1962 -1 1980 1960 1982 -1 1960 1980 1965 -1 1963 1978 1962 -1 1978 1963 1979 -1 1966 1980 1981 -1 1980 1966 1965 -1 1963 1967 1979 -1 1967 1963 1964 -1 1990 1991 1992 -1 1991 1990 1993 -1 1991 1993 1994 -1 1991 1994 1995 -1 1991 1995 1996 -1 1991 1996 1997 -1 1991 1997 1998 -1 1991 1998 1999 -1 1993 2000 2001 -1 2000 1993 1990 -1 2002 1994 2003 -1 1994 2002 1995 -1 2004 1999 1998 -1 1999 2004 2005 -1 2005 1991 1999 -1 1991 2005 2006 -1 2007 1995 2002 -1 1995 2007 1996 -1 1994 2001 2003 -1 2001 1994 1993 -1 1992 2000 1990 -1 2000 1992 2008 -1 2009 1996 2007 -1 1996 2009 1997 -1 1998 2009 2004 -1 2009 1998 1997 -1 2008 1991 2006 -1 1991 2008 1992 -1 2006 2000 2008 -1 2000 2006 2001 -1 2001 2006 2003 -1 2003 2006 2002 -1 2002 2006 2007 -1 2007 2006 2009 -1 2009 2006 2004 -1 2004 2006 2005 -1 2010 2011 2012 -1 2011 2010 2013 -1 2014 2015 2016 -1 2015 2014 2017 -1 2018 2010 2019 -1 2010 2018 2013 -1 2013 2018 2020 -1 2017 2021 2015 -1 2021 2017 2022 -1 2023 2016 2024 -1 2016 2023 2014 -1 2025 2026 2027 -1 2026 2025 2028 -1 2023 2029 2020 -1 2029 2023 2026 -1 2029 2026 2028 -1 2020 2030 2013 -1 2030 2020 2029 -1 2013 2030 2011 -1 2011 2031 2012 -1 2031 2011 2030 -1 2031 2029 2032 -1 2029 2031 2030 -1 2033 2021 2034 -1 2021 2033 2015 -1 2033 2035 2036 -1 2035 2033 2037 -1 2035 2037 2038 -1 2035 2038 2039 -1 2036 2015 2033 -1 2015 2036 2016 -1 2029 2025 2032 -1 2025 2029 2028 -1 2036 2018 2019 -1 2018 2036 2035 -1 2018 2035 2039 -1 2018 2039 2020 -1 2014 2038 2017 -1 2038 2014 2039 -1 2023 2039 2014 -1 2039 2023 2020 -1 2034 2037 2033 -1 2037 2034 2040 -1 2037 2040 2038 -1 2019 2031 2024 -1 2031 2019 2010 -1 2031 2010 2012 -1 2024 2032 2027 -1 2032 2024 2031 -1 2027 2032 2025 -1 2040 2021 2022 -1 2021 2040 2034 -1 2019 2016 2036 -1 2016 2019 2024 -1 2026 2024 2027 -1 2024 2026 2023 -1 2017 2040 2022 -1 2040 2017 2038 -1 2041 2042 2043 -1 2042 2041 2044 -1 2045 2046 2047 -1 2046 2045 2048 -1 2045 2049 2050 -1 2049 2045 2047 -1 2044 2050 2049 -1 2050 2044 2041 -1 2051 2041 2043 -1 2041 2051 2050 -1 2050 2051 2052 -1 2050 2052 2053 -1 2050 2053 2045 -1 2045 2054 2048 -1 2054 2045 2055 -1 2055 2045 2056 -1 2056 2045 2057 -1 2057 2045 2053 -1 2057 2053 2058 -1 2057 2058 2059 -1 2059 2058 2060 -1 2059 2060 2061 -1 2061 2060 2062 -1 2062 2060 2063 -1 2061 2062 2064 -1 2062 2063 2065 -1 2065 2063 2066 -1 2066 2063 2067 -1 2068 2069 2070 -1 2064 2071 2072 -1 2071 2064 2062 -1 2072 2071 2073 -1 2072 2073 2070 -1 2072 2070 2074 -1 2074 2070 2075 -1 2075 2070 2069 -1 2075 2069 2076 -1 2061 2077 2078 -1 2077 2061 2064 -1 2078 2077 2079 -1 2078 2079 2080 -1 2078 2080 2081 -1 2082 2075 2076 -1 2075 2082 2083 -1 2075 2083 2084 -1 2085 2076 2069 -1 2076 2085 2082 -1 2086 2084 2083 -1 2084 2086 2087 -1 2088 2077 2064 -1 2077 2088 2089 -1 2090 2091 2092 -1 2091 2090 2093 -1 2094 2095 2096 -1 2095 2094 2097 -1 2098 2064 2072 -1 2064 2098 2088 -1 2099 2088 2100 -1 2088 2099 2089 -1 2095 2067 2101 -1 2067 2095 2066 -1 2102 2103 2104 -1 2103 2102 2105 -1 2043 2106 2051 -1 2106 2043 2042 -1 2107 2070 2102 -1 2070 2107 2068 -1 2061 2108 2109 -1 2108 2061 2078 -1 2095 2110 2096 -1 2110 2095 2101 -1 2087 2075 2084 -1 2075 2087 2074 -1 2111 2097 2094 -1 2097 2111 2112 -1 2113 2091 2114 -1 2091 2113 2092 -1 2055 2115 2054 -1 2115 2055 2116 -1 2105 2071 2117 -1 2071 2105 2073 -1 2118 2105 2117 -1 2105 2118 2103 -1 2099 2114 2089 -1 2114 2099 2113 -1 2100 2098 2119 -1 2098 2100 2088 -1 2087 2072 2074 -1 2072 2087 2098 -1 2118 2112 2111 -1 2112 2118 2117 -1 2090 2081 2093 -1 2081 2090 2078 -1 2078 2090 2108 -1 2120 2061 2109 -1 2061 2120 2059 -1 2056 2116 2055 -1 2116 2056 2121 -1 2057 2121 2056 -1 2121 2057 2122 -1 2123 2067 2063 -1 2067 2123 2110 -1 2067 2110 2101 -1 2091 2079 2114 -1 2079 2091 2080 -1 2102 2073 2105 -1 2073 2102 2070 -1 2119 2087 2086 -1 2087 2119 2098 -1 2097 2062 2065 -1 2062 2097 2112 -1 2054 2046 2048 -1 2046 2054 2115 -1 2114 2077 2089 -1 2077 2114 2079 -1 2059 2122 2057 -1 2122 2059 2120 -1 2097 2066 2095 -1 2066 2097 2065 -1 2112 2071 2062 -1 2071 2112 2117 -1 2093 2080 2091 -1 2080 2093 2081 -1 2107 2104 2124 -1 2104 2107 2102 -1 2063 2125 2123 -1 2125 2063 2060 -1 2053 2126 2058 -1 2126 2053 2127 -1 2060 2126 2125 -1 2126 2060 2058 -1 2115 2047 2046 -1 2047 2115 2116 -1 2047 2116 2121 -1 2047 2121 2122 -1 2047 2122 2049 -1 2049 2042 2044 -1 2042 2049 2106 -1 2106 2049 2128 -1 2128 2049 2127 -1 2127 2049 2122 -1 2127 2122 2120 -1 2127 2120 2126 -1 2126 2120 2125 -1 2125 2120 2109 -1 2125 2109 2099 -1 2099 2109 2108 -1 2099 2108 2113 -1 2113 2108 2092 -1 2092 2108 2090 -1 2119 2118 2100 -1 2118 2119 2103 -1 2103 2119 2086 -1 2103 2086 2104 -1 2104 2086 2083 -1 2104 2083 2124 -1 2124 2083 2082 -1 2124 2082 2085 -1 2125 2111 2123 -1 2111 2125 2100 -1 2100 2125 2099 -1 2111 2100 2118 -1 2123 2111 2094 -1 2123 2094 2096 -1 2123 2096 2110 -1 2124 2068 2107 -1 2068 2124 2069 -1 2069 2124 2085 -1 2051 2128 2052 -1 2128 2051 2106 -1 2052 2127 2053 -1 2127 2052 2128 -1 2129 2130 2131 -1 2130 2129 2132 -1 2133 2134 2135 -1 2134 2133 2136 -1 2137 2138 2139 -1 2138 2137 2140 -1 2136 2141 2134 -1 2141 2136 2142 -1 2141 2142 2143 -1 2143 2142 2131 -1 2143 2131 2144 -1 2144 2131 2130 -1 2144 2130 2138 -1 2138 2130 2145 -1 2138 2145 2139 -1 2139 2145 2146 -1 2139 2146 2147 -1 2147 2146 2148 -1 2149 2139 2147 -1 2139 2149 2137 -1 2135 2141 2150 -1 2141 2135 2134 -1 2151 2143 2144 -1 2143 2151 2152 -1 2153 2131 2142 -1 2131 2153 2129 -1 2140 2144 2138 -1 2144 2140 2151 -1 2150 2133 2135 -1 2133 2150 2152 -1 2133 2152 2153 -1 2153 2152 2129 -1 2129 2152 2151 -1 2129 2151 2140 -1 2129 2140 2132 -1 2132 2140 2137 -1 2132 2137 2154 -1 2154 2137 2155 -1 2155 2137 2149 -1 2155 2149 2156 -1 2146 2156 2148 -1 2156 2146 2155 -1 2154 2146 2145 -1 2146 2154 2155 -1 2148 2149 2147 -1 2149 2148 2156 -1 2132 2145 2130 -1 2145 2132 2154 -1 2133 2142 2136 -1 2142 2133 2153 -1 2152 2141 2143 -1 2141 2152 2150 -1 2157 2158 2159 -1 2158 2157 2160 -1 2160 2157 2161 -1 2162 2159 2163 -1 2159 2162 2157 -1 2164 2165 2166 -1 2165 2164 2167 -1 2161 2168 2160 -1 2168 2161 2169 -1 2170 2169 2162 -1 2169 2170 2171 -1 2172 2173 2174 -1 2173 2172 2168 -1 2175 2176 2177 -1 2176 2175 2158 -1 2158 2175 2178 -1 2158 2178 2159 -1 2179 2180 2181 -1 2180 2179 2182 -1 2182 2179 2183 -1 2184 2182 2183 -1 2182 2170 2185 -1 2170 2182 2171 -1 2174 2184 2186 -1 2184 2174 2173 -1 2187 2188 2189 -1 2188 2187 2190 -1 2190 2187 2185 -1 2190 2185 2191 -1 2192 2193 2191 -1 2193 2192 2166 -1 2166 2192 2164 -1 2164 2192 2194 -1 2195 2175 2196 -1 2175 2195 2178 -1 2178 2195 2163 -1 2178 2163 2159 -1 2170 2191 2185 -1 2191 2170 2192 -1 2196 2177 2197 -1 2177 2196 2175 -1 2198 2199 2165 -1 2199 2198 2200 -1 2200 2198 2201 -1 2176 2172 2202 -1 2172 2176 2158 -1 2194 2196 2164 -1 2196 2194 2195 -1 2195 2194 2192 -1 2195 2192 2163 -1 2202 2174 2203 -1 2174 2202 2172 -1 2160 2172 2158 -1 2172 2160 2168 -1 2170 2163 2192 -1 2163 2170 2162 -1 2204 2179 2205 -1 2179 2204 2183 -1 2183 2204 2186 -1 2183 2186 2184 -1 2165 2206 2166 -1 2206 2199 2207 -1 2199 2206 2165 -1 2201 2205 2200 -1 2205 2201 2204 -1 2204 2201 2198 -1 2204 2198 2186 -1 2190 2208 2188 -1 2208 2190 2207 -1 2207 2190 2206 -1 2206 2190 2191 -1 2206 2191 2166 -1 2166 2191 2193 -1 2181 2187 2189 -1 2187 2181 2185 -1 2185 2181 2182 -1 2182 2181 2180 -1 2184 2171 2182 -1 2171 2184 2173 -1 2203 2186 2198 -1 2186 2203 2174 -1 2162 2161 2157 -1 2161 2162 2169 -1 2177 2202 2197 -1 2202 2177 2176 -1 2167 2198 2165 -1 2198 2167 2203 -1 2164 2197 2167 -1 2197 2164 2196 -1 2169 2173 2168 -1 2173 2169 2171 -1 2197 2203 2167 -1 2203 2197 2202 -1 2200 2207 2199 -1 2207 2200 2205 -1 2207 2205 2208 -1 2208 2205 2188 -1 2188 2205 2179 -1 2188 2179 2189 -1 2189 2179 2181 -1 2209 2210 2211 -1 2210 2209 2212 -1 2213 2214 2215 -1 2214 2213 2216 -1 2217 2209 2218 -1 2209 2217 2212 -1 2212 2217 2219 -1 2216 2220 2214 -1 2220 2216 2221 -1 2222 2215 2223 -1 2215 2222 2213 -1 2224 2225 2226 -1 2225 2224 2227 -1 2222 2228 2219 -1 2228 2222 2225 -1 2228 2225 2227 -1 2219 2229 2212 -1 2229 2219 2228 -1 2212 2229 2210 -1 2210 2230 2211 -1 2230 2210 2229 -1 2230 2228 2231 -1 2228 2230 2229 -1 2232 2220 2233 -1 2220 2232 2214 -1 2232 2234 2235 -1 2234 2232 2236 -1 2234 2236 2237 -1 2234 2237 2238 -1 2235 2214 2232 -1 2214 2235 2215 -1 2228 2224 2231 -1 2224 2228 2227 -1 2235 2217 2218 -1 2217 2235 2234 -1 2217 2234 2238 -1 2217 2238 2219 -1 2213 2237 2216 -1 2237 2213 2238 -1 2222 2238 2213 -1 2238 2222 2219 -1 2233 2236 2232 -1 2236 2233 2239 -1 2236 2239 2237 -1 2218 2230 2223 -1 2230 2218 2209 -1 2230 2209 2211 -1 2223 2231 2226 -1 2231 2223 2230 -1 2226 2231 2224 -1 2239 2220 2221 -1 2220 2239 2233 -1 2218 2215 2235 -1 2215 2218 2223 -1 2225 2223 2226 -1 2223 2225 2222 -1 2216 2239 2221 -1 2239 2216 2237 -1 2240 2241 2242 -1 2241 2240 2243 -1 2243 2240 2244 -1 2244 2240 2245 -1 2242 2246 2247 -1 2246 2242 2241 -1 2248 2249 2250 -1 2249 2245 2240 -1 2245 2249 2248 -1 2250 2251 2252 -1 2251 2240 2253 -1 2240 2251 2250 -1 2240 2250 2249 -1 2250 2254 2255 -1 2254 2250 2252 -1 2252 2256 2257 -1 2256 2253 2258 -1 2253 2256 2252 -1 2253 2252 2251 -1 2248 2259 2260 -1 2261 2255 2262 -1 2255 2261 2263 -1 2255 2263 2250 -1 2250 2263 2259 -1 2250 2259 2248 -1 2252 2264 2254 -1 2264 2252 2257 -1 2247 2255 2242 -1 2255 2247 2262 -1 2257 2265 2266 -1 2265 2257 2258 -1 2258 2257 2256 -1 2267 2240 2242 -1 2240 2267 2253 -1 2268 2253 2267 -1 2253 2268 2258 -1 2269 2258 2268 -1 2258 2269 2265 -1 2242 2254 2267 -1 2254 2242 2255 -1 2267 2264 2268 -1 2264 2267 2254 -1 2268 2270 2269 -1 2270 2268 2264 -1 2257 2270 2264 -1 2270 2257 2266 -1 2265 2270 2266 -1 2270 2265 2269 -1 2241 2259 2263 -1 2259 2241 2243 -1 2261 2241 2263 -1 2241 2261 2246 -1 2244 2259 2243 -1 2259 2244 2260 -1 2247 2261 2262 -1 2261 2247 2246 -1 2244 2248 2260 -1 2248 2244 2245 -1 2271 2272 2273 -1 2272 2271 2274 -1 2272 2274 2275 -1 2272 2275 2276 -1 2272 2276 2277 -1 2272 2277 2278 -1 2272 2278 2279 -1 2272 2279 2280 -1 2274 2281 2282 -1 2281 2274 2271 -1 2283 2275 2284 -1 2275 2283 2276 -1 2285 2280 2279 -1 2280 2285 2286 -1 2286 2272 2280 -1 2272 2286 2287 -1 2288 2276 2283 -1 2276 2288 2277 -1 2275 2282 2284 -1 2282 2275 2274 -1 2273 2281 2271 -1 2281 2273 2289 -1 2290 2277 2288 -1 2277 2290 2278 -1 2279 2290 2285 -1 2290 2279 2278 -1 2289 2272 2287 -1 2272 2289 2273 -1 2287 2281 2289 -1 2281 2287 2282 -1 2282 2287 2284 -1 2284 2287 2283 -1 2283 2287 2288 -1 2288 2287 2290 -1 2290 2287 2285 -1 2285 2287 2286 -1 2291 2292 2293 -1 2292 2291 2294 -1 2295 2296 2297 -1 2296 2295 2298 -1 2299 2291 2300 -1 2291 2299 2294 -1 2294 2299 2301 -1 2298 2302 2296 -1 2302 2298 2303 -1 2304 2297 2305 -1 2297 2304 2295 -1 2306 2307 2308 -1 2307 2306 2309 -1 2304 2310 2301 -1 2310 2304 2307 -1 2310 2307 2309 -1 2301 2311 2294 -1 2311 2301 2310 -1 2294 2311 2292 -1 2292 2312 2293 -1 2312 2292 2311 -1 2312 2310 2313 -1 2310 2312 2311 -1 2314 2302 2315 -1 2302 2314 2296 -1 2314 2316 2317 -1 2316 2314 2318 -1 2316 2318 2319 -1 2316 2319 2320 -1 2317 2296 2314 -1 2296 2317 2297 -1 2310 2306 2313 -1 2306 2310 2309 -1 2317 2299 2300 -1 2299 2317 2316 -1 2299 2316 2320 -1 2299 2320 2301 -1 2295 2319 2298 -1 2319 2295 2320 -1 2304 2320 2295 -1 2320 2304 2301 -1 2315 2318 2314 -1 2318 2315 2321 -1 2318 2321 2319 -1 2300 2312 2305 -1 2312 2300 2291 -1 2312 2291 2293 -1 2305 2313 2308 -1 2313 2305 2312 -1 2308 2313 2306 -1 2321 2302 2303 -1 2302 2321 2315 -1 2300 2297 2317 -1 2297 2300 2305 -1 2307 2305 2308 -1 2305 2307 2304 -1 2298 2321 2303 -1 2321 2298 2319 -1 2322 2323 2324 -1 2323 2322 2325 -1 2325 2322 2326 -1 2326 2322 2327 -1 2324 2328 2329 -1 2328 2324 2323 -1 2330 2331 2332 -1 2331 2327 2322 -1 2327 2331 2330 -1 2332 2333 2334 -1 2333 2322 2335 -1 2322 2333 2332 -1 2322 2332 2331 -1 2332 2336 2337 -1 2336 2332 2334 -1 2334 2338 2339 -1 2338 2335 2340 -1 2335 2338 2334 -1 2335 2334 2333 -1 2330 2341 2342 -1 2343 2337 2344 -1 2337 2343 2345 -1 2337 2345 2332 -1 2332 2345 2341 -1 2332 2341 2330 -1 2334 2346 2336 -1 2346 2334 2339 -1 2329 2337 2324 -1 2337 2329 2344 -1 2339 2347 2348 -1 2347 2339 2340 -1 2340 2339 2338 -1 2349 2322 2324 -1 2322 2349 2335 -1 2350 2335 2349 -1 2335 2350 2340 -1 2351 2340 2350 -1 2340 2351 2347 -1 2324 2336 2349 -1 2336 2324 2337 -1 2349 2346 2350 -1 2346 2349 2336 -1 2350 2352 2351 -1 2352 2350 2346 -1 2339 2352 2346 -1 2352 2339 2348 -1 2347 2352 2348 -1 2352 2347 2351 -1 2323 2341 2345 -1 2341 2323 2325 -1 2343 2323 2345 -1 2323 2343 2328 -1 2326 2341 2325 -1 2341 2326 2342 -1 2329 2343 2344 -1 2343 2329 2328 -1 2326 2330 2342 -1 2330 2326 2327 -1 2353 2354 2355 -1 2354 2353 2356 -1 2356 2353 2357 -1 2357 2353 2358 -1 2357 2358 2359 -1 2355 2360 2361 -1 2360 2355 2362 -1 2360 2362 2363 -1 2360 2363 2364 -1 2362 2355 2354 -1 2364 2363 2365 -1 2365 2363 2366 -1 2365 2366 2367 -1 2365 2367 2368 -1 2364 2365 2369 -1 2369 2365 2370 -1 2369 2370 2371 -1 2369 2371 2372 -1 2364 2369 2373 -1 2364 2373 2374 -1 2364 2374 2375 -1 2364 2375 2376 -1 2364 2377 2378 -1 2377 2364 2379 -1 2379 2364 2376 -1 2378 2380 2381 -1 2380 2378 2377 -1 2374 2382 2375 -1 2382 2374 2383 -1 2384 2374 2373 -1 2374 2384 2383 -1 2385 2373 2369 -1 2373 2385 2384 -1 2372 2385 2369 -1 2385 2372 2386 -1 2371 2386 2372 -1 2386 2371 2387 -1 2388 2371 2370 -1 2371 2388 2387 -1 2389 2370 2365 -1 2370 2389 2388 -1 2368 2389 2365 -1 2389 2368 2390 -1 2367 2390 2368 -1 2390 2367 2391 -1 2366 2391 2367 -1 2391 2366 2392 -1 2393 2366 2363 -1 2366 2393 2392 -1 2362 2393 2363 -1 2393 2362 2394 -1 2354 2394 2362 -1 2394 2354 2395 -1 2356 2395 2354 -1 2395 2356 2396 -1 2397 2356 2357 -1 2356 2397 2396 -1 2359 2397 2357 -1 2397 2359 2398 -1 2358 2398 2359 -1 2398 2358 2399 -1 2353 2399 2358 -1 2399 2353 2400 -1 2355 2400 2353 -1 2400 2355 2401 -1 2402 2355 2361 -1 2355 2402 2401 -1 2402 2381 2380 -1 2381 2402 2360 -1 2360 2402 2361 -1 2375 2379 2376 -1 2379 2375 2382 -1 2380 2394 2402 -1 2394 2380 2393 -1 2393 2380 2377 -1 2402 2394 2401 -1 2393 2377 2389 -1 2393 2389 2392 -1 2392 2389 2391 -1 2389 2377 2385 -1 2389 2385 2388 -1 2388 2385 2387 -1 2385 2377 2384 -1 2384 2377 2383 -1 2383 2377 2382 -1 2382 2377 2379 -1 2386 2387 2385 -1 2390 2391 2389 -1 2401 2395 2400 -1 2395 2401 2394 -1 2400 2395 2396 -1 2400 2396 2397 -1 2400 2397 2399 -1 2399 2397 2398 -1 2360 2378 2381 -1 2378 2360 2364 -1 2403 2404 2405 -1 2405 2406 2403 -1 2406 2407 2403 -1 2407 2408 2403 -1 2407 2409 2408 -1 2404 2410 2411 -1 2411 2412 2404 -1 2411 2413 2412 -1 2411 2414 2413 -1 2412 2405 2404 -1 2414 2415 2413 -1 2415 2416 2413 -1 2415 2417 2416 -1 2415 2418 2417 -1 2414 2419 2415 -1 2419 2420 2415 -1 2419 2421 2420 -1 2419 2422 2421 -1 2414 2423 2419 -1 2414 2424 2423 -1 2414 2425 2424 -1 2414 2426 2425 -1 2414 2427 2428 -1 2428 2429 2414 -1 2429 2426 2414 -1 2427 2430 2431 -1 2431 2428 2427 -1 2424 2425 2432 -1 2432 2433 2424 -1 2434 2423 2424 -1 2424 2433 2434 -1 2435 2419 2423 -1 2423 2434 2435 -1 2422 2419 2435 -1 2435 2436 2422 -1 2421 2422 2436 -1 2436 2437 2421 -1 2438 2420 2421 -1 2421 2437 2438 -1 2439 2415 2420 -1 2420 2438 2439 -1 2418 2415 2439 -1 2439 2440 2418 -1 2417 2418 2440 -1 2440 2441 2417 -1 2416 2417 2441 -1 2441 2442 2416 -1 2443 2413 2416 -1 2416 2442 2443 -1 2412 2413 2443 -1 2443 2444 2412 -1 2405 2412 2444 -1 2444 2445 2405 -1 2406 2405 2445 -1 2445 2446 2406 -1 2447 2407 2406 -1 2406 2446 2447 -1 2409 2407 2447 -1 2447 2448 2409 -1 2408 2409 2448 -1 2448 2449 2408 -1 2403 2408 2449 -1 2449 2450 2403 -1 2404 2403 2450 -1 2450 2451 2404 -1 2452 2410 2404 -1 2404 2451 2452 -1 2452 2431 2430 -1 2430 2411 2452 -1 2411 2410 2452 -1 2425 2426 2429 -1 2429 2432 2425 -1 2431 2452 2444 -1 2444 2443 2431 -1 2443 2428 2431 -1 2452 2451 2444 -1 2443 2439 2428 -1 2443 2442 2439 -1 2442 2441 2439 -1 2439 2435 2428 -1 2439 2438 2435 -1 2438 2437 2435 -1 2435 2434 2428 -1 2434 2433 2428 -1 2433 2432 2428 -1 2432 2429 2428 -1 2436 2435 2437 -1 2440 2439 2441 -1 2451 2450 2445 -1 2445 2444 2451 -1 2450 2446 2445 -1 2450 2447 2446 -1 2450 2449 2447 -1 2449 2448 2447 -1 2411 2430 2427 -1 2427 2414 2411 -1 2453 2454 2455 -1 2454 2453 2456 -1 2457 2458 2459 -1 2458 2457 2460 -1 2461 2462 2463 -1 2462 2461 2464 -1 2460 2465 2458 -1 2465 2460 2466 -1 2465 2466 2467 -1 2467 2466 2455 -1 2467 2455 2468 -1 2468 2455 2454 -1 2468 2454 2462 -1 2462 2454 2469 -1 2462 2469 2463 -1 2463 2469 2470 -1 2463 2470 2471 -1 2471 2470 2472 -1 2473 2463 2471 -1 2463 2473 2461 -1 2459 2465 2474 -1 2465 2459 2458 -1 2475 2467 2468 -1 2467 2475 2476 -1 2477 2455 2466 -1 2455 2477 2453 -1 2464 2468 2462 -1 2468 2464 2475 -1 2474 2457 2459 -1 2457 2474 2476 -1 2457 2476 2477 -1 2477 2476 2453 -1 2453 2476 2475 -1 2453 2475 2464 -1 2453 2464 2456 -1 2456 2464 2461 -1 2456 2461 2478 -1 2478 2461 2479 -1 2479 2461 2473 -1 2479 2473 2480 -1 2470 2480 2472 -1 2480 2470 2479 -1 2478 2470 2469 -1 2470 2478 2479 -1 2472 2473 2471 -1 2473 2472 2480 -1 2456 2469 2454 -1 2469 2456 2478 -1 2457 2466 2460 -1 2466 2457 2477 -1 2476 2465 2467 -1 2465 2476 2474 -1 2481 2482 2483 -1 2482 2481 2484 -1 2485 2486 2487 -1 2486 2485 2488 -1 2482 2485 2487 -1 2485 2482 2484 -1 2486 2489 2490 -1 2489 2486 2488 -1 2491 2492 2493 -1 2492 2491 2494 -1 2492 2494 2495 -1 2495 2494 2496 -1 2496 2494 2497 -1 2498 2493 2492 -1 2499 2500 2501 -1 2500 2499 2494 -1 2494 2499 2497 -1 2501 2502 2503 -1 2502 2501 2504 -1 2504 2501 2494 -1 2494 2501 2500 -1 2501 2505 2506 -1 2505 2501 2503 -1 2503 2507 2508 -1 2507 2503 2509 -1 2509 2503 2504 -1 2504 2503 2502 -1 2499 2489 2510 -1 2511 2506 2512 -1 2506 2511 2490 -1 2506 2490 2501 -1 2501 2490 2489 -1 2501 2489 2499 -1 2503 2513 2505 -1 2513 2503 2508 -1 2493 2506 2491 -1 2506 2493 2512 -1 2508 2514 2515 -1 2514 2508 2509 -1 2509 2508 2507 -1 2516 2494 2491 -1 2494 2516 2504 -1 2517 2504 2516 -1 2504 2517 2509 -1 2518 2509 2517 -1 2509 2518 2514 -1 2491 2505 2516 -1 2505 2491 2506 -1 2516 2513 2517 -1 2513 2516 2505 -1 2517 2519 2518 -1 2519 2517 2513 -1 2508 2519 2513 -1 2519 2508 2515 -1 2514 2519 2515 -1 2519 2514 2518 -1 2492 2481 2483 -1 2481 2492 2495 -1 2511 2486 2490 -1 2486 2511 2487 -1 2487 2511 2482 -1 2482 2492 2483 -1 2492 2482 2498 -1 2498 2482 2511 -1 2496 2481 2495 -1 2481 2496 2484 -1 2484 2496 2485 -1 2485 2489 2488 -1 2489 2485 2510 -1 2510 2485 2496 -1 2493 2511 2512 -1 2511 2493 2498 -1 2496 2499 2510 -1 2499 2496 2497 -1 2520 2521 2522 -1 2521 2520 2523 -1 2524 2525 2526 -1 2525 2524 2527 -1 2520 2524 2523 -1 2524 2520 2527 -1 2526 2528 2529 -1 2528 2526 2525 -1 2530 2531 2532 -1 2531 2530 2533 -1 2534 2521 2535 -1 2521 2534 2522 -1 2536 2537 2538 -1 2537 2536 2539 -1 2529 2524 2526 -1 2521 2530 2535 -1 2530 2521 2523 -1 2530 2523 2533 -1 2533 2523 2524 -1 2533 2524 2529 -1 2540 2541 2542 -1 2541 2540 2543 -1 2542 2544 2545 -1 2544 2542 2541 -1 2546 2547 2548 -1 2547 2546 2549 -1 2547 2549 2541 -1 2541 2549 2544 -1 2546 2550 2551 -1 2550 2546 2552 -1 2548 2552 2546 -1 2552 2548 2553 -1 2548 2554 2555 -1 2554 2548 2547 -1 2554 2547 2541 -1 2554 2541 2543 -1 2545 2550 2552 -1 2550 2545 2556 -1 2531 2557 2532 -1 2557 2531 2540 -1 2538 2520 2534 -1 2520 2538 2537 -1 2520 2537 2527 -1 2527 2537 2525 -1 2525 2537 2528 -1 2522 2534 2520 -1 2542 2552 2553 -1 2552 2542 2545 -1 2545 2558 2556 -1 2558 2545 2544 -1 2555 2553 2548 -1 2553 2555 2557 -1 2558 2550 2556 -1 2550 2558 2551 -1 2540 2553 2557 -1 2553 2540 2542 -1 2555 2534 2557 -1 2534 2555 2536 -1 2534 2536 2538 -1 2557 2535 2532 -1 2535 2557 2534 -1 2532 2535 2530 -1 2554 2536 2555 -1 2536 2554 2539 -1 2539 2554 2543 -1 2540 2529 2543 -1 2529 2540 2531 -1 2529 2531 2533 -1 2543 2528 2539 -1 2528 2543 2529 -1 2539 2528 2537 -1 2551 2549 2546 -1 2549 2551 2558 -1 2549 2558 2544 -1 2559 2560 2561 -1 2560 2559 2562 -1 2563 2564 2565 -1 2564 2563 2566 -1 2567 2559 2568 -1 2559 2567 2562 -1 2562 2567 2569 -1 2566 2570 2564 -1 2570 2566 2571 -1 2572 2565 2573 -1 2565 2572 2563 -1 2574 2575 2576 -1 2575 2574 2577 -1 2572 2578 2569 -1 2578 2572 2575 -1 2578 2575 2577 -1 2569 2579 2562 -1 2579 2569 2578 -1 2562 2579 2560 -1 2560 2580 2561 -1 2580 2560 2579 -1 2580 2578 2581 -1 2578 2580 2579 -1 2582 2570 2583 -1 2570 2582 2564 -1 2582 2584 2585 -1 2584 2582 2586 -1 2584 2586 2587 -1 2584 2587 2588 -1 2585 2564 2582 -1 2564 2585 2565 -1 2578 2574 2581 -1 2574 2578 2577 -1 2585 2567 2568 -1 2567 2585 2584 -1 2567 2584 2588 -1 2567 2588 2569 -1 2563 2587 2566 -1 2587 2563 2588 -1 2572 2588 2563 -1 2588 2572 2569 -1 2583 2586 2582 -1 2586 2583 2589 -1 2586 2589 2587 -1 2568 2580 2573 -1 2580 2568 2559 -1 2580 2559 2561 -1 2573 2581 2576 -1 2581 2573 2580 -1 2576 2581 2574 -1 2589 2570 2571 -1 2570 2589 2583 -1 2568 2565 2585 -1 2565 2568 2573 -1 2575 2573 2576 -1 2573 2575 2572 -1 2566 2589 2571 -1 2589 2566 2587 -1 2590 2591 2592 -1 2591 2590 2593 -1 2594 2595 2596 -1 2595 2594 2597 -1 2591 2594 2596 -1 2594 2591 2593 -1 2595 2598 2599 -1 2598 2595 2597 -1 2600 2601 2602 -1 2601 2600 2603 -1 2601 2603 2604 -1 2604 2603 2605 -1 2605 2603 2606 -1 2607 2602 2601 -1 2608 2609 2610 -1 2609 2608 2603 -1 2603 2608 2606 -1 2610 2611 2612 -1 2611 2610 2613 -1 2613 2610 2603 -1 2603 2610 2609 -1 2610 2614 2615 -1 2614 2610 2612 -1 2612 2616 2617 -1 2616 2612 2618 -1 2618 2612 2613 -1 2613 2612 2611 -1 2608 2598 2619 -1 2620 2615 2621 -1 2615 2620 2599 -1 2615 2599 2610 -1 2610 2599 2598 -1 2610 2598 2608 -1 2612 2622 2614 -1 2622 2612 2617 -1 2602 2615 2600 -1 2615 2602 2621 -1 2617 2623 2624 -1 2623 2617 2618 -1 2618 2617 2616 -1 2625 2603 2600 -1 2603 2625 2613 -1 2626 2613 2625 -1 2613 2626 2618 -1 2627 2618 2626 -1 2618 2627 2623 -1 2600 2614 2625 -1 2614 2600 2615 -1 2625 2622 2626 -1 2622 2625 2614 -1 2626 2628 2627 -1 2628 2626 2622 -1 2617 2628 2622 -1 2628 2617 2624 -1 2623 2628 2624 -1 2628 2623 2627 -1 2601 2590 2592 -1 2590 2601 2604 -1 2620 2595 2599 -1 2595 2620 2596 -1 2596 2620 2591 -1 2591 2601 2592 -1 2601 2591 2607 -1 2607 2591 2620 -1 2605 2590 2604 -1 2590 2605 2593 -1 2593 2605 2594 -1 2594 2598 2597 -1 2598 2594 2619 -1 2619 2594 2605 -1 2602 2620 2621 -1 2620 2602 2607 -1 2605 2608 2619 -1 2608 2605 2606 -1 2629 2630 2458 -1 2630 2629 2631 -1 2458 2632 2633 -1 2632 2458 2630 -1 2629 2634 2635 -1 2634 2629 2458 -1 2633 2634 2458 -1 2636 2637 2638 -1 2637 2636 2639 -1 2632 2634 2633 -1 2634 2632 2637 -1 2637 2632 2638 -1 2638 2632 2640 -1 2640 2632 2641 -1 2641 2632 2642 -1 2642 2632 2643 -1 2643 2632 2644 -1 2645 2642 2643 -1 2642 2645 2646 -1 2644 2645 2643 -1 2645 2644 2647 -1 2646 2641 2642 -1 2641 2646 2648 -1 2639 2634 2637 -1 2634 2639 2635 -1 2649 2638 2640 -1 2638 2649 2636 -1 2639 2629 2635 -1 2629 2639 2631 -1 2631 2639 2636 -1 2631 2636 2649 -1 2631 2649 2648 -1 2631 2648 2646 -1 2631 2646 2645 -1 2631 2645 2647 -1 2632 2647 2644 -1 2647 2632 2630 -1 2631 2647 2630 -1 2641 2649 2640 -1 2649 2641 2648 -1 2650 2651 2652 -1 2651 2650 2653 -1 2654 2655 2656 -1 2655 2654 2657 -1 2658 2659 2660 -1 2659 2658 2661 -1 2662 2661 2650 -1 2661 2662 2663 -1 2664 2665 2666 -1 2665 2664 2659 -1 2667 2668 2669 -1 2668 2667 2670 -1 2670 2667 2671 -1 2670 2671 2651 -1 2670 2651 2653 -1 2670 2653 2660 -1 2660 2653 2658 -1 2672 2673 2674 -1 2673 2672 2675 -1 2675 2672 2676 -1 2676 2672 2677 -1 2675 2662 2678 -1 2662 2675 2663 -1 2666 2676 2679 -1 2676 2666 2665 -1 2680 2681 2682 -1 2681 2680 2683 -1 2683 2680 2678 -1 2683 2678 2684 -1 2685 2686 2684 -1 2686 2685 2656 -1 2656 2685 2654 -1 2654 2685 2687 -1 2688 2667 2689 -1 2667 2688 2671 -1 2671 2688 2652 -1 2671 2652 2651 -1 2662 2684 2678 -1 2684 2662 2685 -1 2689 2669 2690 -1 2669 2689 2667 -1 2691 2692 2655 -1 2692 2691 2693 -1 2693 2691 2694 -1 2668 2664 2695 -1 2664 2668 2670 -1 2687 2689 2654 -1 2689 2687 2688 -1 2688 2687 2685 -1 2688 2685 2652 -1 2695 2666 2696 -1 2666 2695 2664 -1 2660 2664 2670 -1 2664 2660 2659 -1 2662 2652 2685 -1 2652 2662 2650 -1 2697 2672 2698 -1 2672 2697 2677 -1 2677 2697 2679 -1 2677 2679 2676 -1 2655 2699 2656 -1 2699 2655 2700 -1 2700 2655 2692 -1 2694 2698 2693 -1 2698 2694 2697 -1 2697 2694 2691 -1 2697 2691 2679 -1 2683 2701 2681 -1 2701 2683 2700 -1 2700 2683 2699 -1 2699 2683 2684 -1 2699 2684 2656 -1 2656 2684 2686 -1 2674 2680 2682 -1 2680 2674 2678 -1 2678 2674 2675 -1 2675 2674 2673 -1 2676 2663 2675 -1 2663 2676 2665 -1 2696 2679 2691 -1 2679 2696 2666 -1 2650 2658 2653 -1 2658 2650 2661 -1 2669 2695 2690 -1 2695 2669 2668 -1 2696 2655 2657 -1 2655 2696 2691 -1 2654 2690 2657 -1 2690 2654 2689 -1 2661 2665 2659 -1 2665 2661 2663 -1 2690 2696 2657 -1 2696 2690 2695 -1 2693 2700 2692 -1 2700 2693 2698 -1 2700 2698 2701 -1 2701 2698 2681 -1 2681 2698 2672 -1 2681 2672 2682 -1 2682 2672 2674 -1 2525 2702 2703 -1 2702 2525 2526 -1 2527 2523 2524 -1 2523 2527 2520 -1 2526 2527 2524 -1 2527 2526 2525 -1 2704 2705 2706 -1 2705 2704 2707 -1 2706 2708 2709 -1 2708 2706 2705 -1 2710 2711 2712 -1 2711 2710 2713 -1 2705 2714 2715 -1 2714 2705 2707 -1 2708 2715 2716 -1 2715 2708 2705 -1 2711 2717 2718 -1 2717 2711 2713 -1 2708 2719 2720 -1 2719 2708 2716 -1 2712 2721 2722 -1 2721 2712 2711 -1 2709 2720 2723 -1 2720 2709 2708 -1 2722 2710 2712 -1 2710 2722 2724 -1 2724 2722 2725 -1 2726 2707 2704 -1 2707 2726 2727 -1 2728 2729 2730 -1 2729 2728 2731 -1 2731 2732 2729 -1 2732 2731 2733 -1 2734 2731 2728 -1 2731 2734 2735 -1 2736 2737 2738 -1 2737 2736 2739 -1 2738 2740 2741 -1 2740 2738 2737 -1 2711 2742 2721 -1 2742 2711 2718 -1 2707 2743 2714 -1 2743 2707 2727 -1 2718 2743 2727 -1 2743 2718 2717 -1 2726 2718 2727 -1 2718 2726 2742 -1 2744 2523 2521 -1 2523 2744 2745 -1 2523 2745 2746 -1 2523 2746 2524 -1 2524 2702 2526 -1 2702 2524 2747 -1 2747 2524 2748 -1 2748 2524 2746 -1 2748 2746 2749 -1 2748 2749 2750 -1 2750 2749 2751 -1 2750 2751 2752 -1 2752 2751 2726 -1 2726 2751 2725 -1 2726 2725 2742 -1 2742 2725 2721 -1 2721 2725 2722 -1 2706 2753 2704 -1 2753 2706 2754 -1 2754 2706 2709 -1 2754 2709 2740 -1 2740 2709 2723 -1 2740 2723 2755 -1 2755 2741 2740 -1 2741 2755 2756 -1 2752 2757 2758 -1 2757 2752 2704 -1 2704 2752 2726 -1 2757 2704 2753 -1 2758 2757 2734 -1 2758 2734 2728 -1 2758 2728 2730 -1 2737 2759 2760 -1 2759 2737 2739 -1 2761 2725 2751 -1 2725 2761 2724 -1 2755 2719 2762 -1 2719 2755 2723 -1 2719 2723 2720 -1 2522 2744 2521 -1 2744 2522 2763 -1 2764 2752 2758 -1 2752 2764 2765 -1 2752 2766 2750 -1 2766 2752 2765 -1 2767 2525 2703 -1 2525 2767 2527 -1 2527 2767 2768 -1 2527 2768 2520 -1 2520 2763 2522 -1 2763 2520 2769 -1 2769 2520 2770 -1 2770 2520 2768 -1 2770 2768 2766 -1 2770 2766 2771 -1 2771 2766 2765 -1 2771 2765 2761 -1 2761 2765 2772 -1 2772 2765 2764 -1 2761 2772 2714 -1 2772 2764 2773 -1 2773 2764 2733 -1 2733 2764 2732 -1 2714 2774 2715 -1 2774 2714 2772 -1 2715 2774 2759 -1 2715 2759 2739 -1 2715 2739 2716 -1 2716 2739 2736 -1 2716 2736 2762 -1 2762 2736 2775 -1 2719 2716 2762 -1 2761 2743 2724 -1 2743 2761 2714 -1 2724 2743 2717 -1 2724 2717 2713 -1 2724 2713 2710 -1 2703 2747 2767 -1 2747 2703 2702 -1 2767 2748 2768 -1 2748 2767 2747 -1 2758 2732 2764 -1 2732 2758 2730 -1 2732 2730 2729 -1 2770 2745 2769 -1 2745 2770 2746 -1 2768 2750 2766 -1 2750 2768 2748 -1 2756 2762 2775 -1 2762 2756 2755 -1 2741 2736 2738 -1 2736 2741 2775 -1 2775 2741 2756 -1 2771 2746 2770 -1 2746 2771 2749 -1 2771 2751 2749 -1 2751 2771 2761 -1 2769 2744 2763 -1 2744 2769 2745 -1 2757 2735 2734 -1 2735 2757 2776 -1 2731 2773 2733 -1 2773 2731 2735 -1 2753 2776 2757 -1 2776 2753 2777 -1 2735 2772 2773 -1 2772 2735 2776 -1 2753 2760 2777 -1 2760 2753 2754 -1 2760 2774 2777 -1 2774 2760 2759 -1 2776 2774 2772 -1 2774 2776 2777 -1 2737 2754 2740 -1 2754 2737 2760 -1 2778 2779 2780 -1 2779 2778 2781 -1 2782 2783 2784 -1 2783 2782 2785 -1 2786 2778 2787 -1 2778 2786 2781 -1 2781 2786 2788 -1 2785 2789 2783 -1 2789 2785 2790 -1 2791 2784 2792 -1 2784 2791 2782 -1 2793 2794 2795 -1 2794 2793 2796 -1 2791 2797 2788 -1 2797 2791 2794 -1 2797 2794 2796 -1 2788 2798 2781 -1 2798 2788 2797 -1 2781 2798 2779 -1 2779 2799 2780 -1 2799 2779 2798 -1 2799 2797 2800 -1 2797 2799 2798 -1 2801 2789 2802 -1 2789 2801 2783 -1 2801 2803 2804 -1 2803 2801 2805 -1 2803 2805 2806 -1 2803 2806 2807 -1 2804 2783 2801 -1 2783 2804 2784 -1 2797 2793 2800 -1 2793 2797 2796 -1 2804 2786 2787 -1 2786 2804 2803 -1 2786 2803 2807 -1 2786 2807 2788 -1 2782 2806 2785 -1 2806 2782 2807 -1 2791 2807 2782 -1 2807 2791 2788 -1 2802 2805 2801 -1 2805 2802 2808 -1 2805 2808 2806 -1 2787 2799 2792 -1 2799 2787 2778 -1 2799 2778 2780 -1 2792 2800 2795 -1 2800 2792 2799 -1 2795 2800 2793 -1 2808 2789 2790 -1 2789 2808 2802 -1 2787 2784 2804 -1 2784 2787 2792 -1 2794 2792 2795 -1 2792 2794 2791 -1 2785 2808 2790 -1 2808 2785 2806 -1 2809 2810 2811 -1 2810 2809 2812 -1 2813 2814 2815 -1 2814 2813 2816 -1 2817 2809 2818 -1 2809 2817 2812 -1 2812 2817 2819 -1 2816 2820 2814 -1 2820 2816 2821 -1 2822 2815 2823 -1 2815 2822 2813 -1 2824 2825 2826 -1 2825 2824 2827 -1 2822 2828 2819 -1 2828 2822 2825 -1 2828 2825 2827 -1 2819 2829 2812 -1 2829 2819 2828 -1 2812 2829 2810 -1 2810 2830 2811 -1 2830 2810 2829 -1 2830 2828 2831 -1 2828 2830 2829 -1 2832 2820 2833 -1 2820 2832 2814 -1 2832 2834 2835 -1 2834 2832 2836 -1 2834 2836 2837 -1 2834 2837 2838 -1 2835 2814 2832 -1 2814 2835 2815 -1 2828 2824 2831 -1 2824 2828 2827 -1 2835 2817 2818 -1 2817 2835 2834 -1 2817 2834 2838 -1 2817 2838 2819 -1 2813 2837 2816 -1 2837 2813 2838 -1 2822 2838 2813 -1 2838 2822 2819 -1 2833 2836 2832 -1 2836 2833 2839 -1 2836 2839 2837 -1 2818 2830 2823 -1 2830 2818 2809 -1 2830 2809 2811 -1 2823 2831 2826 -1 2831 2823 2830 -1 2826 2831 2824 -1 2839 2820 2821 -1 2820 2839 2833 -1 2818 2815 2835 -1 2815 2818 2823 -1 2825 2823 2826 -1 2823 2825 2822 -1 2816 2839 2821 -1 2839 2816 2837 -1 2840 2841 2842 -1 2841 2840 2843 -1 2844 2845 2846 -1 2845 2844 2847 -1 2848 2840 2849 -1 2840 2848 2843 -1 2843 2848 2850 -1 2847 2851 2845 -1 2851 2847 2852 -1 2853 2846 2854 -1 2846 2853 2844 -1 2855 2856 2857 -1 2856 2855 2858 -1 2853 2859 2850 -1 2859 2853 2856 -1 2859 2856 2858 -1 2850 2860 2843 -1 2860 2850 2859 -1 2843 2860 2841 -1 2841 2861 2842 -1 2861 2841 2860 -1 2861 2859 2862 -1 2859 2861 2860 -1 2863 2851 2864 -1 2851 2863 2845 -1 2863 2865 2866 -1 2865 2863 2867 -1 2865 2867 2868 -1 2865 2868 2869 -1 2866 2845 2863 -1 2845 2866 2846 -1 2859 2855 2862 -1 2855 2859 2858 -1 2866 2848 2849 -1 2848 2866 2865 -1 2848 2865 2869 -1 2848 2869 2850 -1 2844 2868 2847 -1 2868 2844 2869 -1 2853 2869 2844 -1 2869 2853 2850 -1 2864 2867 2863 -1 2867 2864 2870 -1 2867 2870 2868 -1 2849 2861 2854 -1 2861 2849 2840 -1 2861 2840 2842 -1 2854 2862 2857 -1 2862 2854 2861 -1 2857 2862 2855 -1 2870 2851 2852 -1 2851 2870 2864 -1 2849 2846 2866 -1 2846 2849 2854 -1 2856 2854 2857 -1 2854 2856 2853 -1 2847 2870 2852 -1 2870 2847 2868 -1 2597 2871 2872 -1 2871 2597 2595 -1 2593 2592 2591 -1 2592 2593 2590 -1 2593 2873 2874 -1 2873 2593 2591 -1 2874 2596 2594 -1 2596 2874 2873 -1 2875 2876 2877 -1 2876 2875 2878 -1 2879 2880 2881 -1 2880 2879 2882 -1 2879 2883 2884 -1 2883 2879 2881 -1 2885 2879 2886 -1 2879 2885 2882 -1 2877 2882 2885 -1 2882 2877 2876 -1 2882 2887 2880 -1 2887 2882 2876 -1 2886 2884 2888 -1 2884 2886 2879 -1 2889 2890 2878 -1 2890 2889 2891 -1 2892 2893 2894 -1 2893 2892 2895 -1 2896 2889 2897 -1 2889 2896 2893 -1 2894 2896 2898 -1 2896 2894 2893 -1 2893 2891 2889 -1 2891 2893 2895 -1 2899 2900 2901 -1 2900 2899 2902 -1 2898 2892 2894 -1 2892 2898 2903 -1 2903 2898 2904 -1 2905 2591 2592 -1 2591 2905 2906 -1 2591 2906 2907 -1 2591 2907 2873 -1 2873 2907 2596 -1 2596 2871 2595 -1 2871 2596 2908 -1 2908 2596 2909 -1 2909 2596 2907 -1 2909 2907 2910 -1 2909 2910 2911 -1 2911 2910 2912 -1 2911 2912 2913 -1 2913 2912 2875 -1 2875 2912 2904 -1 2875 2904 2897 -1 2897 2904 2896 -1 2896 2904 2898 -1 2885 2914 2877 -1 2914 2885 2915 -1 2915 2885 2886 -1 2915 2886 2916 -1 2916 2886 2888 -1 2916 2888 2917 -1 2917 2888 2918 -1 2917 2918 2919 -1 2913 2920 2921 -1 2920 2913 2875 -1 2920 2875 2877 -1 2920 2877 2914 -1 2921 2920 2922 -1 2921 2922 2923 -1 2921 2923 2924 -1 2876 2890 2887 -1 2890 2876 2878 -1 2875 2889 2878 -1 2889 2875 2897 -1 2917 2899 2901 -1 2899 2917 2925 -1 2925 2917 2919 -1 2872 2908 2926 -1 2908 2872 2871 -1 2919 2927 2925 -1 2927 2919 2918 -1 2926 2597 2872 -1 2597 2926 2594 -1 2594 2926 2928 -1 2594 2928 2874 -1 2874 2928 2593 -1 2593 2929 2590 -1 2929 2593 2930 -1 2930 2593 2931 -1 2931 2593 2928 -1 2931 2928 2932 -1 2931 2932 2933 -1 2933 2932 2934 -1 2933 2934 2935 -1 2935 2934 2936 -1 2936 2934 2937 -1 2936 2937 2938 -1 2938 2937 2939 -1 2939 2937 2940 -1 2941 2887 2942 -1 2887 2941 2880 -1 2880 2941 2902 -1 2880 2902 2881 -1 2881 2902 2899 -1 2881 2899 2883 -1 2883 2899 2925 -1 2883 2925 2927 -1 2935 2890 2903 -1 2890 2935 2936 -1 2890 2936 2942 -1 2890 2942 2887 -1 2903 2890 2891 -1 2903 2891 2895 -1 2903 2895 2892 -1 2918 2883 2927 -1 2883 2918 2888 -1 2883 2888 2884 -1 2923 2943 2924 -1 2943 2923 2944 -1 2922 2944 2923 -1 2944 2922 2945 -1 2920 2945 2922 -1 2945 2920 2946 -1 2914 2946 2920 -1 2946 2914 2947 -1 2914 2948 2947 -1 2948 2914 2915 -1 2900 2915 2916 -1 2915 2900 2948 -1 2900 2941 2948 -1 2941 2900 2902 -1 2945 2936 2938 -1 2936 2945 2946 -1 2938 2944 2945 -1 2944 2938 2939 -1 2944 2940 2943 -1 2940 2944 2939 -1 2901 2916 2917 -1 2916 2901 2900 -1 2948 2942 2947 -1 2942 2948 2941 -1 2946 2942 2936 -1 2942 2946 2947 -1 2911 2928 2909 -1 2928 2911 2932 -1 2926 2909 2928 -1 2909 2926 2908 -1 2913 2932 2911 -1 2932 2913 2934 -1 2935 2904 2912 -1 2904 2935 2903 -1 2921 2940 2937 -1 2940 2921 2924 -1 2940 2924 2943 -1 2929 2592 2590 -1 2592 2929 2905 -1 2937 2913 2921 -1 2913 2937 2934 -1 2931 2906 2930 -1 2906 2931 2907 -1 2930 2905 2929 -1 2905 2930 2906 -1 2933 2912 2910 -1 2912 2933 2935 -1 2931 2910 2907 -1 2910 2931 2933 -1 2949 2950 2951 -1 2951 2952 2949 -1 2951 2953 2952 -1 2953 2954 2952 -1 2955 2954 2953 -1 2953 2956 2955 -1 2956 2953 2951 -1 2951 2957 2956 -1 2958 2959 2960 -1 2960 2961 2958 -1 2951 2950 2962 -1 2962 2957 2951 -1 2963 2964 2965 -1 2965 2966 2963 -1 2957 2962 2965 -1 2965 2964 2957 -1 2967 2949 2952 -1 2952 2968 2967 -1 2959 2955 2956 -1 2956 2960 2959 -1 2969 2970 2971 -1 2971 2972 2969 -1 2969 2972 2973 -1 2973 2974 2969 -1 2975 2976 2977 -1 2978 2979 2971 -1 2971 2980 2978 -1 2971 2970 2980 -1 2970 2977 2980 -1 2970 2975 2977 -1 2981 2982 2983 -1 2983 2984 2981 -1 2985 2986 2987 -1 2988 2989 2990 -1 2990 2991 2988 -1 2992 2984 2983 -1 2983 2993 2992 -1 2957 2962 2994 -1 2994 2995 2957 -1 2995 2956 2957 -1 2995 2955 2956 -1 2994 2996 2997 -1 2997 2995 2994 -1 2998 2999 3000 -1 3000 3001 2998 -1 2987 2986 3002 -1 3002 3003 2987 -1 3004 3005 3006 -1 3006 3007 3004 -1 3008 3009 2977 -1 2977 2976 3008 -1 3003 3002 3010 -1 3010 3011 3003 -1 3012 3013 2960 -1 2960 2959 3012 -1 2985 2987 3014 -1 3014 3008 2985 -1 3008 3015 2985 -1 3008 3016 3015 -1 3016 3008 2976 -1 2976 2978 3016 -1 2976 2975 2990 -1 2990 2978 2976 -1 2990 2979 2978 -1 2990 2989 2979 -1 2985 3017 3002 -1 3002 2986 2985 -1 3012 3001 3000 -1 3000 3013 3012 -1 2978 2980 3018 -1 3018 3016 2978 -1 3004 3007 2965 -1 2965 2964 3004 -1 2975 2970 2969 -1 2969 2998 2975 -1 2998 3001 2975 -1 3001 2990 2975 -1 3001 2991 2990 -1 3001 3012 2991 -1 3012 2959 2991 -1 2959 2997 2991 -1 2959 2995 2997 -1 2959 2955 2995 -1 2969 2974 3019 -1 3019 2998 2969 -1 3020 2973 2972 -1 2972 3021 3020 -1 2972 2971 3021 -1 2971 2979 3021 -1 2979 3006 3021 -1 2979 2989 3006 -1 2965 3007 3006 -1 3006 2989 2965 -1 2989 2988 2965 -1 2988 2996 2965 -1 2996 2994 2965 -1 2994 2962 2965 -1 2996 2988 2991 -1 2991 2997 2996 -1 3015 2993 2983 -1 2983 3017 3015 -1 3017 2985 3015 -1 2982 3022 3017 -1 3017 2983 2982 -1 3010 3002 3017 -1 3017 3022 3010 -1 3019 2974 2973 -1 2973 3020 3019 -1 3011 3010 3022 -1 3022 2981 3011 -1 3022 2982 2981 -1 2977 3009 3018 -1 3018 2980 2977 -1 3023 3024 2967 -1 2967 2968 3023 -1 3025 3026 3027 -1 3027 3028 3025 -1 3024 3023 3028 -1 3028 3027 3024 -1 2958 3029 3030 -1 2954 2955 2959 -1 3031 3025 3028 -1 3028 3032 3031 -1 3028 3030 3032 -1 3028 3023 3030 -1 3023 2968 3030 -1 2968 2958 3030 -1 2968 2959 2958 -1 2968 2954 2959 -1 2968 2952 2954 -1 3027 3026 3033 -1 3033 3034 3027 -1 3034 3035 3027 -1 3035 3024 3027 -1 3035 2967 3024 -1 3035 3036 2967 -1 3036 2966 2967 -1 2966 2965 2962 -1 2962 2950 2966 -1 2950 2949 2966 -1 2949 2967 2966 -1 3025 3031 3033 -1 3033 3026 3025 -1 3037 2999 3038 -1 3038 3039 3037 -1 3039 3034 3033 -1 3033 3031 3039 -1 3031 3037 3039 -1 3031 3032 3037 -1 2960 3013 3040 -1 3040 2961 2960 -1 3000 2999 3037 -1 3037 3041 3000 -1 3041 3013 3000 -1 3041 3040 3013 -1 3030 3029 3040 -1 3040 3041 3030 -1 3041 3037 3032 -1 3032 3030 3041 -1 2958 2961 3040 -1 3040 3029 2958 -1 2963 3042 3004 -1 3004 2964 2963 -1 3043 3039 3038 -1 3038 3005 3043 -1 3005 3042 3043 -1 3005 3004 3042 -1 3043 3042 3036 -1 3036 3035 3043 -1 3043 3035 3034 -1 3034 3039 3043 -1 3003 3011 2981 -1 2981 2984 3003 -1 2984 2987 3003 -1 2984 2992 2987 -1 2992 3014 2987 -1 2963 2966 3036 -1 3036 3042 2963 -1 2993 3015 3018 -1 3018 2992 2993 -1 3018 3009 2992 -1 3009 3008 2992 -1 3008 3014 2992 -1 3016 3018 3015 -1 3019 3020 3021 -1 3021 3038 3019 -1 3038 2999 3019 -1 2999 2998 3019 -1 3038 3021 3006 -1 3006 3005 3038 -1 3044 3045 3046 -1 3045 3044 3047 -1 3048 2992 3049 -1 2992 3048 3050 -1 2992 3050 2993 -1 2993 3050 3051 -1 3051 3050 3052 -1 3053 3049 2992 -1 3049 3054 3055 -1 3054 3049 3053 -1 3044 3056 3047 -1 3056 3044 3057 -1 2981 3058 3059 -1 3058 2981 2982 -1 3060 3044 3046 -1 3044 3060 3057 -1 3061 3062 3063 -1 3062 3061 3064 -1 3063 3065 3066 -1 3065 3063 3062 -1 3067 3068 3069 -1 3068 3067 3070 -1 3068 3070 3065 -1 3068 3065 3062 -1 3067 3071 3072 -1 3071 3067 3073 -1 3069 3073 3067 -1 3073 3069 3074 -1 3069 3075 3076 -1 3075 3069 3068 -1 3075 3068 3062 -1 3075 3062 3064 -1 3066 3071 3073 -1 3071 3066 3077 -1 3078 3058 3079 -1 3058 3078 3061 -1 3054 3080 3055 -1 3080 3054 3059 -1 3080 3059 3061 -1 3061 3059 3058 -1 3081 3082 3083 -1 3082 3081 3084 -1 3082 3085 3083 -1 3085 3082 3086 -1 3063 3073 3074 -1 3073 3063 3066 -1 3066 3087 3077 -1 3087 3066 3065 -1 3056 3085 3047 -1 3085 3056 3088 -1 3045 3050 3048 -1 3050 3045 3086 -1 3086 3045 3047 -1 3086 3047 3085 -1 3076 3074 3069 -1 3074 3076 3080 -1 3087 3071 3077 -1 3071 3087 3072 -1 3061 3074 3080 -1 3074 3061 3063 -1 3051 3078 3079 -1 3078 3051 3052 -1 3076 3045 3080 -1 3045 3076 3060 -1 3045 3060 3046 -1 3080 3048 3055 -1 3048 3080 3045 -1 3055 3048 3049 -1 3076 3056 3060 -1 3056 3076 3075 -1 3056 3075 3088 -1 3088 3075 3081 -1 3081 3075 3084 -1 3084 3075 3064 -1 3057 3060 3056 -1 3061 3050 3064 -1 3050 3061 3078 -1 3050 3078 3052 -1 3064 3086 3084 -1 3086 3064 3050 -1 3084 3086 3082 -1 3072 3070 3067 -1 3070 3072 3087 -1 3070 3087 3065 -1 3054 2981 3059 -1 2981 3054 2984 -1 2984 3054 2992 -1 2992 3054 3053 -1 3051 2983 2993 -1 2983 3058 2982 -1 3058 2983 3079 -1 3079 2983 3051 -1 3081 3085 3088 -1 3085 3081 3083 -1 3089 3090 3091 -1 3090 3089 3092 -1 3091 3093 3094 -1 3093 3091 3090 -1 3095 3090 3092 -1 3090 3095 3096 -1 3096 3093 3090 -1 3093 3096 3097 -1 3097 3098 3093 -1 3098 3097 3099 -1 3097 3100 3099 -1 3100 3097 3101 -1 3095 3102 3096 -1 3102 3095 3103 -1 3096 3101 3097 -1 3101 3096 3102 -1 3094 3098 3104 -1 3098 3094 3093 -1 3105 3106 3107 -1 3106 3105 3108 -1 3108 3105 3109 -1 3110 3111 3112 -1 3111 3110 3113 -1 3111 3114 3112 -1 3114 3111 3106 -1 3106 3111 3107 -1 3108 3114 3106 -1 3114 3108 3115 -1 3115 3108 3109 -1 3116 3103 3095 -1 3103 3116 3117 -1 3094 3118 3091 -1 3118 3094 3119 -1 3118 3119 3102 -1 3102 3119 3101 -1 3099 3104 3098 -1 3104 3099 3100 -1 3091 3120 3089 -1 3120 3091 3118 -1 3120 3118 3102 -1 3120 3102 3103 -1 3104 3119 3094 -1 3119 3104 3100 -1 3119 3100 3101 -1 3121 3092 3089 -1 3092 3121 3122 -1 3116 3114 3115 -1 3110 3092 3122 -1 3092 3110 3112 -1 3092 3112 3095 -1 3095 3112 3114 -1 3095 3114 3116 -1 3089 3111 3121 -1 3111 3089 3120 -1 3111 3120 3107 -1 3107 3120 3105 -1 3105 3120 3117 -1 3117 3120 3103 -1 3113 3121 3111 -1 3109 3116 3115 -1 3116 3109 3117 -1 3117 3109 3105 -1 3122 3113 3110 -1 3113 3122 3121 -1 3123 3124 3125 -1 3124 3123 3126 -1 3127 3128 3129 -1 3128 3127 3130 -1 3131 3123 3132 -1 3123 3131 3126 -1 3126 3131 3133 -1 3130 3134 3128 -1 3134 3130 3135 -1 3136 3129 3137 -1 3129 3136 3127 -1 3138 3139 3140 -1 3139 3138 3141 -1 3136 3142 3133 -1 3142 3136 3139 -1 3142 3139 3141 -1 3133 3143 3126 -1 3143 3133 3142 -1 3126 3143 3124 -1 3124 3144 3125 -1 3144 3124 3143 -1 3144 3142 3145 -1 3142 3144 3143 -1 3146 3134 3147 -1 3134 3146 3128 -1 3146 3148 3149 -1 3148 3146 3150 -1 3148 3150 3151 -1 3148 3151 3152 -1 3149 3128 3146 -1 3128 3149 3129 -1 3142 3138 3145 -1 3138 3142 3141 -1 3149 3131 3132 -1 3131 3149 3148 -1 3131 3148 3152 -1 3131 3152 3133 -1 3127 3151 3130 -1 3151 3127 3152 -1 3136 3152 3127 -1 3152 3136 3133 -1 3147 3150 3146 -1 3150 3147 3153 -1 3150 3153 3151 -1 3132 3144 3137 -1 3144 3132 3123 -1 3144 3123 3125 -1 3137 3145 3140 -1 3145 3137 3144 -1 3140 3145 3138 -1 3153 3134 3135 -1 3134 3153 3147 -1 3132 3129 3149 -1 3129 3132 3137 -1 3139 3137 3140 -1 3137 3139 3136 -1 3130 3153 3135 -1 3153 3130 3151 -1 3031 3154 3106 -1 3154 3031 3019 -1 3155 3156 3157 -1 3156 3155 3158 -1 3159 3160 3161 -1 3160 3159 3162 -1 3160 3162 3163 -1 3163 3162 3020 -1 3019 3162 3164 -1 3162 3019 3020 -1 3020 3019 3033 -1 3033 3019 3031 -1 3033 3031 3165 -1 3165 3031 3166 -1 3166 3031 3167 -1 3166 3167 3168 -1 3168 3169 3166 -1 3169 3168 3170 -1 3171 3172 3173 -1 3172 3171 3174 -1 3175 3176 3177 -1 3176 3175 3178 -1 3179 3170 3180 -1 3170 3179 3169 -1 3181 3182 3183 -1 3182 3181 3184 -1 3185 3186 3187 -1 3186 3185 3188 -1 3175 3189 3190 -1 3189 3175 3177 -1 3189 3177 3191 -1 3189 3191 3192 -1 3176 3193 3194 -1 3193 3176 3178 -1 3195 3196 3197 -1 3196 3195 3198 -1 3181 3198 3195 -1 3198 3181 3183 -1 3197 3199 3200 -1 3199 3197 3196 -1 3200 3201 3202 -1 3201 3200 3199 -1 3188 3203 3186 -1 3203 3188 3204 -1 3205 3206 3207 -1 3206 3205 3208 -1 3192 3209 3182 -1 3209 3192 3210 -1 3210 3192 3211 -1 3211 3192 3191 -1 3199 3106 3201 -1 3106 3199 3212 -1 3106 3212 3213 -1 3106 3213 3214 -1 3106 3214 3031 -1 3212 3199 3196 -1 3212 3196 3198 -1 3212 3198 3215 -1 3215 3198 3183 -1 3215 3183 3182 -1 3215 3182 3209 -1 3031 3214 3216 -1 3031 3216 3217 -1 3031 3217 3218 -1 3031 3218 3167 -1 3206 3185 3187 -1 3185 3206 3208 -1 3164 3219 3220 -1 3219 3164 3162 -1 3219 3207 3220 -1 3207 3219 3205 -1 3194 3179 3180 -1 3179 3194 3193 -1 3184 3192 3182 -1 3192 3184 3189 -1 3171 3221 3174 -1 3221 3171 3222 -1 3222 3171 3223 -1 3223 3171 3224 -1 3225 3155 3157 -1 3155 3225 3226 -1 3226 3225 3227 -1 3226 3227 3228 -1 3226 3228 3229 -1 3226 3229 3020 -1 3227 3225 3230 -1 3227 3230 3231 -1 3231 3230 3232 -1 3231 3232 3174 -1 3231 3174 3221 -1 3020 3229 3233 -1 3020 3233 3234 -1 3020 3234 3235 -1 3020 3235 3163 -1 3197 3200 3202 -1 3236 3237 3202 -1 3237 3236 3033 -1 3202 3237 3238 -1 3202 3238 3239 -1 3202 3239 3197 -1 3197 3239 3195 -1 3195 3239 3240 -1 3195 3240 3181 -1 3181 3240 3184 -1 3237 3033 3241 -1 3241 3033 3242 -1 3242 3033 3243 -1 3243 3033 3165 -1 3184 3244 3189 -1 3244 3184 3240 -1 3189 3244 3245 -1 3189 3245 3246 -1 3189 3246 3190 -1 3247 3237 3248 -1 3237 3247 3238 -1 3249 3238 3247 -1 3238 3249 3239 -1 3249 3240 3239 -1 3240 3249 3250 -1 3250 3244 3240 -1 3244 3250 3251 -1 3251 3245 3244 -1 3245 3251 3252 -1 3253 3245 3252 -1 3245 3253 3246 -1 3175 3246 3253 -1 3246 3175 3190 -1 3249 3251 3250 -1 3251 3249 3252 -1 3252 3249 3247 -1 3252 3247 3253 -1 3253 3247 3248 -1 3253 3248 3175 -1 3175 3248 3254 -1 3175 3254 3178 -1 3178 3254 3255 -1 3178 3255 3193 -1 3193 3255 3256 -1 3193 3256 3179 -1 3179 3256 3166 -1 3179 3166 3169 -1 3243 3166 3256 -1 3166 3243 3165 -1 3020 3236 3226 -1 3236 3020 3033 -1 3255 3243 3256 -1 3243 3255 3242 -1 3237 3254 3248 -1 3254 3237 3241 -1 3228 3257 3258 -1 3257 3228 3227 -1 3257 3231 3259 -1 3231 3257 3227 -1 3254 3242 3255 -1 3242 3254 3241 -1 3260 3259 3261 -1 3259 3260 3257 -1 3257 3260 3262 -1 3257 3262 3258 -1 3258 3262 3263 -1 3258 3263 3264 -1 3264 3263 3265 -1 3264 3265 3266 -1 3266 3265 3267 -1 3266 3267 3268 -1 3268 3267 3269 -1 3268 3269 3270 -1 3270 3269 3161 -1 3270 3161 3160 -1 3160 3235 3270 -1 3235 3160 3163 -1 3235 3268 3270 -1 3268 3235 3234 -1 3234 3266 3268 -1 3266 3234 3233 -1 3229 3258 3264 -1 3258 3229 3228 -1 3266 3229 3264 -1 3229 3266 3233 -1 3259 3221 3261 -1 3221 3259 3231 -1 3261 3222 3260 -1 3222 3261 3221 -1 3222 3262 3260 -1 3262 3222 3223 -1 3223 3263 3262 -1 3263 3223 3224 -1 3271 3272 3273 -1 3272 3271 3274 -1 3275 3273 3276 -1 3273 3275 3271 -1 3277 3275 3276 -1 3275 3277 3278 -1 3204 3278 3279 -1 3278 3204 3275 -1 3275 3204 3188 -1 3275 3188 3271 -1 3271 3188 3185 -1 3271 3185 3274 -1 3274 3185 3208 -1 3274 3208 3280 -1 3280 3208 3205 -1 3280 3205 3281 -1 3281 3205 3219 -1 3281 3219 3282 -1 3282 3219 3162 -1 3282 3162 3159 -1 3203 3279 3283 -1 3279 3203 3204 -1 3283 3278 3277 -1 3278 3283 3279 -1 3155 3154 3158 -1 3154 3155 3226 -1 3154 3226 3106 -1 3106 3226 3236 -1 3106 3236 3202 -1 3106 3202 3201 -1 3172 3232 3284 -1 3232 3172 3174 -1 3211 3285 3210 -1 3285 3211 3286 -1 3230 3284 3232 -1 3284 3230 3287 -1 3272 3263 3173 -1 3263 3272 3274 -1 3173 3224 3171 -1 3224 3173 3263 -1 3269 3281 3282 -1 3281 3269 3267 -1 3154 3187 3158 -1 3187 3154 3019 -1 3158 3187 3186 -1 3158 3186 3203 -1 3158 3203 3156 -1 3156 3203 3288 -1 3288 3203 3287 -1 3287 3203 3283 -1 3287 3283 3284 -1 3284 3283 3172 -1 3187 3019 3206 -1 3206 3019 3207 -1 3207 3019 3220 -1 3220 3019 3164 -1 3172 3277 3173 -1 3277 3172 3283 -1 3173 3277 3276 -1 3173 3276 3273 -1 3173 3273 3272 -1 3157 3288 3225 -1 3288 3157 3156 -1 3280 3263 3274 -1 3263 3280 3265 -1 3159 3269 3282 -1 3269 3159 3161 -1 3267 3280 3281 -1 3280 3267 3265 -1 3225 3287 3230 -1 3287 3225 3288 -1 3285 3289 3290 -1 3289 3285 3291 -1 3291 3285 3286 -1 3291 3286 3292 -1 3292 3286 3177 -1 3292 3177 3293 -1 3293 3177 3176 -1 3293 3176 3294 -1 3294 3176 3194 -1 3294 3194 3295 -1 3295 3194 3180 -1 3295 3180 3296 -1 3296 3180 3170 -1 3296 3170 3168 -1 3293 3216 3214 -1 3216 3293 3294 -1 3191 3286 3211 -1 3286 3191 3177 -1 3296 3167 3218 -1 3167 3296 3168 -1 3217 3296 3218 -1 3296 3217 3295 -1 3212 3292 3213 -1 3292 3212 3291 -1 3213 3293 3214 -1 3293 3213 3292 -1 3209 3285 3290 -1 3285 3209 3210 -1 3215 3290 3289 -1 3290 3215 3209 -1 3216 3295 3217 -1 3295 3216 3294 -1 3212 3289 3291 -1 3289 3212 3215 -1 3297 3298 3299 -1 3299 3300 3297 -1 3300 3301 3302 -1 3302 3297 3300 -1 3297 3302 3303 -1 3303 3304 3297 -1 3303 3305 3304 -1 3306 3307 3308 -1 3308 3298 3306 -1 3298 3309 3306 -1 3309 3310 3306 -1 3299 3298 3308 -1 3308 3307 3302 -1 3302 3301 3308 -1 3301 3300 3299 -1 3299 3308 3301 -1 3306 3303 3302 -1 3302 3307 3306 -1 3304 3309 3298 -1 3298 3297 3304 -1 3305 3310 3309 -1 3309 3304 3305 -1 3303 3306 3310 -1 3310 3305 3303 -1 3311 3312 3313 -1 3312 3311 3314 -1 3315 3316 3317 -1 3316 3315 3318 -1 3319 3320 3321 -1 3320 3319 3322 -1 3323 3324 3325 -1 3324 3323 3326 -1 3319 3315 3322 -1 3315 3319 3318 -1 3318 3319 3311 -1 3318 3311 3325 -1 3325 3311 3313 -1 3325 3313 3323 -1 3325 3316 3318 -1 3316 3325 3324 -1 3322 3317 3320 -1 3317 3322 3315 -1 3319 3314 3311 -1 3314 3319 3321 -1 3327 3328 3329 -1 3328 3327 3330 -1 3331 3332 3333 -1 3332 3331 3334 -1 3332 3334 3335 -1 3335 3334 3328 -1 3335 3328 3336 -1 3336 3328 3330 -1 3333 3337 3338 -1 3337 3333 3332 -1 3339 3340 3341 -1 3340 3339 3342 -1 3340 3343 3341 -1 3343 3340 3344 -1 3344 3340 3345 -1 3345 3340 3346 -1 3347 3348 3349 -1 3348 3347 3350 -1 3350 3347 3351 -1 3350 3351 3352 -1 3352 3351 3353 -1 3352 3353 3354 -1 3354 3353 3355 -1 3354 3355 3356 -1 3354 3356 3357 -1 3355 3353 3358 -1 3358 3353 3341 -1 3358 3341 3343 -1 3357 3356 3359 -1 3352 3360 3361 -1 3360 3352 3354 -1 3361 3360 3362 -1 3362 3360 3363 -1 3363 3360 3327 -1 3361 3362 3364 -1 3361 3364 3365 -1 3363 3327 3329 -1 3365 3366 3333 -1 3366 3365 3364 -1 3333 3366 3367 -1 3333 3367 3368 -1 3333 3368 3331 -1 3338 3365 3333 -1 3365 3338 3369 -1 3370 3348 3371 -1 3348 3370 3349 -1 3372 3331 3368 -1 3331 3372 3334 -1 3356 3373 3359 -1 3373 3356 3374 -1 3360 3375 3376 -1 3375 3360 3354 -1 3377 3378 3379 -1 3378 3377 3380 -1 3381 3368 3367 -1 3368 3381 3372 -1 3382 3383 3384 -1 3383 3382 3381 -1 3381 3382 3385 -1 3381 3385 3372 -1 3372 3385 3328 -1 3372 3328 3334 -1 3386 3341 3353 -1 3341 3386 3339 -1 3387 3388 3389 -1 3388 3387 3390 -1 3379 3391 3392 -1 3391 3379 3378 -1 3393 3349 3370 -1 3349 3393 3347 -1 3355 3374 3356 -1 3374 3355 3394 -1 3328 3363 3329 -1 3363 3328 3385 -1 3366 3381 3367 -1 3381 3366 3383 -1 3360 3330 3327 -1 3330 3360 3376 -1 3395 3354 3357 -1 3354 3395 3375 -1 3396 3347 3393 -1 3347 3396 3351 -1 3364 3383 3366 -1 3383 3364 3384 -1 3397 3377 3398 -1 3377 3397 3380 -1 3362 3384 3364 -1 3384 3362 3382 -1 3343 3399 3400 -1 3399 3343 3344 -1 3345 3399 3344 -1 3399 3345 3401 -1 3399 3402 3400 -1 3402 3399 3394 -1 3394 3399 3401 -1 3394 3401 3374 -1 3374 3401 3403 -1 3374 3403 3373 -1 3355 3402 3394 -1 3402 3355 3358 -1 3389 3379 3392 -1 3379 3389 3377 -1 3377 3389 3388 -1 3377 3388 3398 -1 3398 3388 3332 -1 3398 3332 3335 -1 3336 3398 3335 -1 3398 3336 3397 -1 3392 3387 3389 -1 3387 3392 3391 -1 3358 3400 3402 -1 3400 3358 3343 -1 3346 3401 3345 -1 3401 3346 3403 -1 3386 3351 3396 -1 3351 3386 3353 -1 3390 3332 3388 -1 3332 3390 3337 -1 3385 3362 3363 -1 3362 3385 3382 -1 3404 3361 3405 -1 3361 3404 3352 -1 3338 3391 3369 -1 3391 3338 3387 -1 3387 3338 3390 -1 3390 3338 3337 -1 3406 3370 3371 -1 3370 3406 3393 -1 3393 3406 3404 -1 3393 3404 3396 -1 3396 3404 3405 -1 3396 3405 3376 -1 3376 3405 3380 -1 3376 3380 3397 -1 3376 3397 3330 -1 3380 3405 3378 -1 3378 3405 3369 -1 3378 3369 3391 -1 3330 3397 3336 -1 3396 3375 3386 -1 3375 3396 3376 -1 3386 3375 3321 -1 3321 3375 3314 -1 3314 3375 3395 -1 3386 3321 3320 -1 3386 3320 3339 -1 3314 3395 3312 -1 3339 3317 3342 -1 3317 3339 3320 -1 3342 3317 3316 -1 3342 3316 3324 -1 3342 3324 3326 -1 3365 3405 3361 -1 3405 3365 3369 -1 3357 3312 3395 -1 3312 3357 3313 -1 3313 3357 3359 -1 3313 3359 3373 -1 3373 3323 3313 -1 3323 3373 3403 -1 3323 3342 3326 -1 3342 3323 3403 -1 3342 3403 3346 -1 3342 3346 3340 -1 3406 3352 3404 -1 3352 3406 3350 -1 3371 3350 3406 -1 3350 3371 3348 -1 3407 3408 3409 -1 3408 3407 3410 -1 3410 3411 3412 -1 3411 3410 3407 -1 3407 3413 3411 -1 3413 3407 3414 -1 3413 3414 3415 -1 3416 3417 3418 -1 3417 3416 3409 -1 3409 3416 3419 -1 3419 3416 3420 -1 3408 3417 3409 -1 3417 3411 3418 -1 3411 3417 3412 -1 3412 3408 3410 -1 3408 3412 3417 -1 3416 3411 3413 -1 3411 3416 3418 -1 3414 3409 3419 -1 3409 3414 3407 -1 3415 3419 3420 -1 3419 3415 3414 -1 3413 3420 3416 -1 3420 3413 3415 -1 3421 3422 3423 -1 3422 3421 3424 -1 3424 3421 3425 -1 3424 3426 3427 -1 3426 3428 3429 -1 3428 3426 3425 -1 3425 3426 3424 -1 3430 3431 3432 -1 3431 3430 3433 -1 3434 3435 3436 -1 3435 3434 3437 -1 3436 3438 3439 -1 3438 3436 3435 -1 3440 3441 3442 -1 3441 3440 3443 -1 3441 3443 3438 -1 3441 3438 3435 -1 3440 3444 3445 -1 3444 3440 3446 -1 3442 3446 3440 -1 3446 3442 3447 -1 3442 3448 3449 -1 3448 3442 3441 -1 3448 3441 3435 -1 3448 3435 3437 -1 3439 3444 3446 -1 3444 3439 3450 -1 3451 3431 3452 -1 3431 3451 3434 -1 3422 3453 3423 -1 3453 3422 3432 -1 3453 3432 3434 -1 3434 3432 3431 -1 3454 3455 3456 -1 3455 3454 3457 -1 3436 3446 3447 -1 3446 3436 3439 -1 3439 3458 3450 -1 3458 3439 3438 -1 3429 3459 3460 -1 3459 3429 3428 -1 3449 3447 3442 -1 3447 3449 3453 -1 3458 3444 3450 -1 3444 3458 3445 -1 3434 3447 3453 -1 3447 3434 3436 -1 3456 3451 3452 -1 3451 3456 3455 -1 3421 3453 3449 -1 3453 3421 3423 -1 3449 3428 3421 -1 3428 3449 3448 -1 3428 3448 3459 -1 3459 3448 3454 -1 3454 3448 3457 -1 3457 3448 3437 -1 3425 3421 3428 -1 3451 3437 3434 -1 3437 3451 3457 -1 3457 3451 3455 -1 3445 3443 3440 -1 3443 3445 3458 -1 3443 3458 3438 -1 3422 3430 3432 -1 3430 3422 3461 -1 3461 3422 3427 -1 3427 3422 3424 -1 3462 3430 3461 -1 3430 3462 3433 -1 3456 3462 3463 -1 3462 3431 3433 -1 3431 3462 3452 -1 3452 3462 3456 -1 3427 3462 3461 -1 3462 3427 3463 -1 3463 3427 3426 -1 3454 3460 3459 -1 3460 3454 3463 -1 3463 3454 3456 -1 3464 3465 3466 -1 3465 3464 3467 -1 3465 3468 3469 -1 3468 3465 3467 -1 3469 3470 3471 -1 3470 3469 3468 -1 3470 3467 3464 -1 3467 3470 3468 -1 3464 3471 3470 -1 3471 3464 3466 -1 3465 3471 3466 -1 3471 3465 3469 -1 3472 3473 3474 -1 3473 3472 3475 -1 3476 3477 3478 -1 3477 3476 3479 -1 3480 3472 3481 -1 3472 3480 3475 -1 3475 3480 3482 -1 3479 3483 3477 -1 3483 3479 3484 -1 3485 3478 3486 -1 3478 3485 3476 -1 3487 3488 3489 -1 3488 3487 3490 -1 3485 3491 3482 -1 3491 3485 3488 -1 3491 3488 3490 -1 3482 3492 3475 -1 3492 3482 3491 -1 3475 3492 3473 -1 3473 3493 3474 -1 3493 3473 3492 -1 3493 3491 3494 -1 3491 3493 3492 -1 3495 3483 3496 -1 3483 3495 3477 -1 3495 3497 3498 -1 3497 3495 3499 -1 3497 3499 3500 -1 3497 3500 3501 -1 3498 3477 3495 -1 3477 3498 3478 -1 3491 3487 3494 -1 3487 3491 3490 -1 3498 3480 3481 -1 3480 3498 3497 -1 3480 3497 3501 -1 3480 3501 3482 -1 3476 3500 3479 -1 3500 3476 3501 -1 3485 3501 3476 -1 3501 3485 3482 -1 3496 3499 3495 -1 3499 3496 3502 -1 3499 3502 3500 -1 3481 3493 3486 -1 3493 3481 3472 -1 3493 3472 3474 -1 3486 3494 3489 -1 3494 3486 3493 -1 3489 3494 3487 -1 3502 3483 3484 -1 3483 3502 3496 -1 3481 3478 3498 -1 3478 3481 3486 -1 3488 3486 3489 -1 3486 3488 3485 -1 3479 3502 3484 -1 3502 3479 3500 -1 3503 3504 3505 -1 3504 3503 3506 -1 3507 3508 3509 -1 3508 3507 3510 -1 3510 2952 3511 -1 2952 3510 3507 -1 2952 3507 3512 -1 2952 3512 2949 -1 3511 2954 3513 -1 2954 3511 2952 -1 3513 3510 3511 -1 3510 3513 3514 -1 3508 3514 3515 -1 3514 3508 3510 -1 3516 3509 3517 -1 3509 3516 3507 -1 3516 3512 3507 -1 3512 3516 3518 -1 2949 3518 2950 -1 3518 2949 3512 -1 3504 3519 3520 -1 3519 3504 3506 -1 2954 3503 3521 -1 3503 2954 2952 -1 2952 3506 3503 -1 3506 2952 2949 -1 3506 2949 2950 -1 3506 2950 3519 -1 3515 3509 3508 -1 3509 3515 3517 -1 3519 3517 3520 -1 3517 3519 3518 -1 3517 3518 3516 -1 3518 3519 2950 -1 3514 3513 3515 -1 3520 3521 3522 -1 3521 3520 3515 -1 3515 3520 3517 -1 3521 3515 3513 -1 3521 3513 2954 -1 3503 3522 3521 -1 3522 3503 3505 -1 3505 3520 3522 -1 3520 3505 3504 -1 3523 3524 3525 -1 3524 3523 3526 -1 3527 3526 3528 -1 3526 3527 3524 -1 3529 3530 3531 -1 3530 3529 3532 -1 3528 3532 3527 -1 3532 3528 3530 -1 3527 3529 3524 -1 3529 3527 3532 -1 3525 3533 3534 -1 3533 3525 3535 -1 3535 3525 3524 -1 3535 3524 3529 -1 3533 3536 3534 -1 3536 3533 3537 -1 3533 3538 3537 -1 3538 3533 3535 -1 3530 3526 3531 -1 3526 3530 3528 -1 3538 3536 3537 -1 3536 3538 3523 -1 3523 3538 3531 -1 3523 3531 3526 -1 3531 3535 3529 -1 3535 3531 3538 -1 3525 3536 3523 -1 3536 3525 3534 -1 3539 3540 3541 -1 3540 3539 3542 -1 3540 3542 3543 -1 3543 3542 3544 -1 3544 3542 3545 -1 3546 3541 3540 -1 3541 3547 3548 -1 3547 3541 3546 -1 3549 2955 2962 -1 2955 3549 3550 -1 3551 3552 3553 -1 3552 3551 3554 -1 3553 3555 3556 -1 3555 3553 3552 -1 3557 3558 3559 -1 3558 3557 3560 -1 3558 3560 3555 -1 3558 3555 3552 -1 3557 3561 3562 -1 3561 3557 3563 -1 3559 3563 3557 -1 3563 3559 3564 -1 3559 3565 3566 -1 3565 3559 3558 -1 3565 3558 3552 -1 3565 3552 3554 -1 3556 3561 3563 -1 3561 3556 3567 -1 3568 2955 3569 -1 2955 3568 3551 -1 3547 3570 3548 -1 3570 3547 2962 -1 3570 2962 3551 -1 3551 2962 2955 -1 3571 3572 3573 -1 3572 3571 3574 -1 3572 3575 3573 -1 3575 3572 3576 -1 3553 3563 3564 -1 3563 3553 3556 -1 3556 3577 3567 -1 3577 3556 3555 -1 3575 3542 3539 -1 3542 3575 3576 -1 3566 3564 3559 -1 3564 3566 3570 -1 3577 3561 3567 -1 3561 3577 3562 -1 3551 3564 3570 -1 3564 3551 3553 -1 3544 3568 3569 -1 3568 3544 3545 -1 3566 3575 3570 -1 3575 3566 3571 -1 3575 3571 3573 -1 3570 3539 3548 -1 3539 3570 3575 -1 3548 3539 3541 -1 3565 3571 3566 -1 3571 3565 3574 -1 3574 3565 3554 -1 3551 3542 3554 -1 3542 3551 3568 -1 3542 3568 3545 -1 3554 3576 3574 -1 3576 3554 3542 -1 3574 3576 3572 -1 3562 3560 3557 -1 3560 3562 3577 -1 3560 3577 3555 -1 3547 3549 2962 -1 3549 3547 3578 -1 3578 3547 3540 -1 3540 3547 3546 -1 3579 3549 3578 -1 3549 3579 3550 -1 3544 3579 3543 -1 3579 2955 3550 -1 2955 3579 3569 -1 3569 3579 3544 -1 3540 3579 3578 -1 3579 3540 3543 -1 3580 3581 3582 -1 3581 3580 3583 -1 3584 3585 3586 -1 3585 3584 3587 -1 3588 3580 3589 -1 3580 3588 3583 -1 3583 3588 3590 -1 3587 3591 3585 -1 3591 3587 3592 -1 3593 3586 3594 -1 3586 3593 3584 -1 3595 3596 3597 -1 3596 3595 3598 -1 3593 3599 3590 -1 3599 3593 3596 -1 3599 3596 3598 -1 3590 3600 3583 -1 3600 3590 3599 -1 3583 3600 3581 -1 3581 3601 3582 -1 3601 3581 3600 -1 3601 3599 3602 -1 3599 3601 3600 -1 3603 3591 3604 -1 3591 3603 3585 -1 3603 3605 3606 -1 3605 3603 3607 -1 3605 3607 3608 -1 3605 3608 3609 -1 3606 3585 3603 -1 3585 3606 3586 -1 3599 3595 3602 -1 3595 3599 3598 -1 3606 3588 3589 -1 3588 3606 3605 -1 3588 3605 3609 -1 3588 3609 3590 -1 3584 3608 3587 -1 3608 3584 3609 -1 3593 3609 3584 -1 3609 3593 3590 -1 3604 3607 3603 -1 3607 3604 3610 -1 3607 3610 3608 -1 3589 3601 3594 -1 3601 3589 3580 -1 3601 3580 3582 -1 3594 3602 3597 -1 3602 3594 3601 -1 3597 3602 3595 -1 3610 3591 3592 -1 3591 3610 3604 -1 3589 3586 3606 -1 3586 3589 3594 -1 3596 3594 3597 -1 3594 3596 3593 -1 3587 3610 3592 -1 3610 3587 3608 -1 3611 3612 3613 -1 3612 3611 3614 -1 3615 3616 3617 -1 3616 3615 3618 -1 3619 3611 3620 -1 3611 3619 3614 -1 3614 3619 3621 -1 3618 3622 3616 -1 3622 3618 3623 -1 3624 3617 3625 -1 3617 3624 3615 -1 3626 3627 3628 -1 3627 3626 3629 -1 3624 3520 3621 -1 3520 3624 3627 -1 3520 3627 3629 -1 3621 3519 3614 -1 3519 3621 3520 -1 3614 3519 3612 -1 3612 3630 3613 -1 3630 3612 3519 -1 3630 3520 3631 -1 3520 3630 3519 -1 3632 3622 3633 -1 3622 3632 3616 -1 3632 3634 3635 -1 3634 3632 3636 -1 3634 3636 3637 -1 3634 3637 3638 -1 3635 3616 3632 -1 3616 3635 3617 -1 3520 3626 3631 -1 3626 3520 3629 -1 3635 3619 3620 -1 3619 3635 3634 -1 3619 3634 3638 -1 3619 3638 3621 -1 3615 3637 3618 -1 3637 3615 3638 -1 3624 3638 3615 -1 3638 3624 3621 -1 3633 3636 3632 -1 3636 3633 3639 -1 3636 3639 3637 -1 3620 3630 3625 -1 3630 3620 3611 -1 3630 3611 3613 -1 3625 3631 3628 -1 3631 3625 3630 -1 3628 3631 3626 -1 3639 3622 3623 -1 3622 3639 3633 -1 3620 3617 3635 -1 3617 3620 3625 -1 3627 3625 3628 -1 3625 3627 3624 -1 3618 3639 3623 -1 3639 3618 3637 -1 3640 3641 3642 -1 3641 3640 3643 -1 3644 3645 3646 -1 3645 3644 3647 -1 3648 3640 3649 -1 3640 3648 3643 -1 3643 3648 3650 -1 3647 3651 3645 -1 3651 3647 3652 -1 3653 3646 3654 -1 3646 3653 3644 -1 3655 3656 3657 -1 3656 3655 3658 -1 3653 3534 3650 -1 3534 3653 3656 -1 3534 3656 3658 -1 3650 3533 3643 -1 3533 3650 3534 -1 3643 3533 3641 -1 3641 3659 3642 -1 3659 3641 3533 -1 3659 3534 3660 -1 3534 3659 3533 -1 3661 3651 3662 -1 3651 3661 3645 -1 3661 3663 3664 -1 3663 3661 3665 -1 3663 3665 3666 -1 3663 3666 3667 -1 3664 3645 3661 -1 3645 3664 3646 -1 3534 3655 3660 -1 3655 3534 3658 -1 3664 3648 3649 -1 3648 3664 3663 -1 3648 3663 3667 -1 3648 3667 3650 -1 3644 3666 3647 -1 3666 3644 3667 -1 3653 3667 3644 -1 3667 3653 3650 -1 3662 3665 3661 -1 3665 3662 3668 -1 3665 3668 3666 -1 3649 3659 3654 -1 3659 3649 3640 -1 3659 3640 3642 -1 3654 3660 3657 -1 3660 3654 3659 -1 3657 3660 3655 -1 3668 3651 3652 -1 3651 3668 3662 -1 3649 3646 3664 -1 3646 3649 3654 -1 3656 3654 3657 -1 3654 3656 3653 -1 3647 3668 3652 -1 3668 3647 3666 -1 3669 3670 3671 -1 3670 3669 3672 -1 3673 3674 3675 -1 3674 3673 3676 -1 3677 3669 3678 -1 3669 3677 3672 -1 3672 3677 3679 -1 3676 3680 3674 -1 3680 3676 3681 -1 3682 3675 3683 -1 3675 3682 3673 -1 3684 3685 3686 -1 3685 3684 3687 -1 3682 3688 3679 -1 3688 3682 3685 -1 3688 3685 3687 -1 3679 3689 3672 -1 3689 3679 3688 -1 3672 3689 3670 -1 3670 3690 3671 -1 3690 3670 3689 -1 3690 3688 3691 -1 3688 3690 3689 -1 3692 3680 3693 -1 3680 3692 3674 -1 3692 3694 3695 -1 3694 3692 3696 -1 3694 3696 3697 -1 3694 3697 3698 -1 3695 3674 3692 -1 3674 3695 3675 -1 3688 3684 3691 -1 3684 3688 3687 -1 3695 3677 3678 -1 3677 3695 3694 -1 3677 3694 3698 -1 3677 3698 3679 -1 3673 3697 3676 -1 3697 3673 3698 -1 3682 3698 3673 -1 3698 3682 3679 -1 3693 3696 3692 -1 3696 3693 3699 -1 3696 3699 3697 -1 3678 3690 3683 -1 3690 3678 3669 -1 3690 3669 3671 -1 3683 3691 3686 -1 3691 3683 3690 -1 3686 3691 3684 -1 3699 3680 3681 -1 3680 3699 3693 -1 3678 3675 3695 -1 3675 3678 3683 -1 3685 3683 3686 -1 3683 3685 3682 -1 3676 3699 3681 -1 3699 3676 3697 -1 3700 3701 3702 -1 3702 3703 3700 -1 3703 2960 3013 -1 3013 3700 3703 -1 3700 3013 3704 -1 3704 3705 3700 -1 3704 3706 3705 -1 3707 3040 2961 -1 2961 3701 3707 -1 3701 3708 3707 -1 3708 3709 3707 -1 3702 3701 2961 -1 2961 3040 3013 -1 3013 2960 2961 -1 2960 3703 3702 -1 3702 2961 2960 -1 3707 3704 3013 -1 3013 3040 3707 -1 3705 3708 3701 -1 3701 3700 3705 -1 3706 3709 3708 -1 3708 3705 3706 -1 3704 3707 3709 -1 3709 3706 3704 -1 3710 3711 3712 -1 3711 3710 3713 -1 3713 3004 2964 -1 3004 3713 3710 -1 3710 3714 3004 -1 3714 3710 3715 -1 3714 3715 3716 -1 3717 2963 3042 -1 2963 3717 3712 -1 3712 3717 3718 -1 3718 3717 3719 -1 3711 2963 3712 -1 2964 3711 3713 -1 3711 2964 2963 -1 3717 3004 3714 -1 3004 3717 3042 -1 3715 3712 3718 -1 3712 3715 3710 -1 3716 3718 3719 -1 3718 3716 3715 -1 3714 3719 3717 -1 3719 3714 3716 -1 3720 3721 3722 -1 3721 3720 3723 -1 3721 3724 3725 -1 3724 3721 3723 -1 3726 3727 3728 -1 3727 3726 3729 -1 3005 3730 3006 -1 3730 3005 3043 -1 3731 3732 3733 -1 3732 3731 3734 -1 3732 3734 3735 -1 3735 3734 3730 -1 3735 3730 3035 -1 3035 3730 3043 -1 3733 3736 3737 -1 3736 3733 3732 -1 3729 3724 3727 -1 3724 3729 3725 -1 3738 3729 3739 -1 3729 3738 3725 -1 3725 3738 3721 -1 3721 3738 3722 -1 3740 3741 3742 -1 3741 3740 3743 -1 3743 3740 3744 -1 3743 3744 3745 -1 3745 3744 3746 -1 3745 3746 2999 -1 2999 3746 3726 -1 2999 3726 3747 -1 2999 3747 3748 -1 2999 3748 3000 -1 3726 3746 3739 -1 3726 3739 3729 -1 3000 3748 3001 -1 3745 3038 3749 -1 3038 3745 2999 -1 3749 3038 3750 -1 3750 3038 3751 -1 3751 3038 3752 -1 3752 3038 3005 -1 3749 3750 3753 -1 3752 3005 3006 -1 3753 3754 3733 -1 3754 3753 3750 -1 3733 3754 3755 -1 3733 3755 3756 -1 3733 3756 3731 -1 3757 3743 3758 -1 3743 3757 3741 -1 3039 3005 3038 -1 3005 3039 3043 -1 3737 3759 3760 -1 3759 3737 3761 -1 3761 3737 3762 -1 3762 3737 3736 -1 3758 3763 3757 -1 3763 3758 3764 -1 3764 3758 3765 -1 3764 3765 3766 -1 3766 3765 3767 -1 3766 3767 3039 -1 3039 3767 3768 -1 3039 3768 3769 -1 3039 3769 3770 -1 3039 3770 3043 -1 3768 3767 3760 -1 3768 3760 3759 -1 3043 3770 3035 -1 3766 3037 3771 -1 3037 3766 3039 -1 3771 3037 3772 -1 3772 3037 3773 -1 3773 3037 3774 -1 3774 3037 3041 -1 3771 3772 3775 -1 3774 3041 3030 -1 3775 3776 3777 -1 3776 3775 3772 -1 3777 3776 3778 -1 3777 3778 3779 -1 3777 3779 3780 -1 3000 3030 3041 -1 3030 3000 3781 -1 3781 3000 3001 -1 3781 3001 3782 -1 3782 3783 3781 -1 3783 3782 3720 -1 3783 3777 3780 -1 3777 3783 3720 -1 3777 3720 3722 -1 3777 3722 3738 -1 3041 2999 3000 -1 2999 3041 3037 -1 3749 3765 3745 -1 3765 3749 3767 -1 3758 3745 3765 -1 3745 3758 3743 -1 3751 3784 3750 -1 3784 3751 3785 -1 3786 3751 3752 -1 3751 3786 3785 -1 3787 3788 3789 -1 3788 3787 3790 -1 3790 3787 3791 -1 3790 3791 3792 -1 3792 3791 3732 -1 3792 3732 3735 -1 3730 3752 3006 -1 3752 3730 3786 -1 3750 3793 3754 -1 3793 3750 3784 -1 3753 3767 3749 -1 3767 3753 3760 -1 3775 3738 3739 -1 3738 3775 3777 -1 3763 3741 3757 -1 3741 3763 3742 -1 3737 3753 3733 -1 3753 3737 3760 -1 3766 3740 3764 -1 3740 3766 3744 -1 3764 3742 3763 -1 3742 3764 3740 -1 3771 3739 3746 -1 3739 3771 3775 -1 3766 3746 3744 -1 3746 3766 3771 -1 3788 3759 3789 -1 3759 3788 3768 -1 3035 3792 3735 -1 3792 3035 3770 -1 3770 3790 3792 -1 3790 3770 3769 -1 3789 3761 3787 -1 3761 3789 3759 -1 3790 3768 3788 -1 3768 3790 3769 -1 3761 3791 3787 -1 3791 3761 3762 -1 3791 3736 3732 -1 3736 3791 3762 -1 3780 3794 3783 -1 3794 3780 3779 -1 3794 3778 3795 -1 3778 3794 3779 -1 3796 3797 3798 -1 3797 3796 3795 -1 3795 3796 3799 -1 3795 3799 3794 -1 3794 3799 3781 -1 3794 3781 3783 -1 3797 3778 3776 -1 3778 3797 3795 -1 3796 3772 3773 -1 3772 3796 3798 -1 3747 3800 3748 -1 3800 3747 3801 -1 3799 3030 3781 -1 3030 3799 3774 -1 3798 3776 3772 -1 3776 3798 3797 -1 3748 3782 3001 -1 3782 3748 3800 -1 3747 3728 3801 -1 3728 3747 3726 -1 3796 3774 3799 -1 3774 3796 3773 -1 3724 3728 3727 -1 3728 3724 3801 -1 3801 3724 3723 -1 3801 3723 3800 -1 3800 3723 3720 -1 3800 3720 3782 -1 3785 3793 3784 -1 3793 3785 3802 -1 3802 3785 3786 -1 3802 3786 3803 -1 3803 3786 3730 -1 3803 3730 3734 -1 3756 3734 3731 -1 3734 3756 3803 -1 3802 3756 3755 -1 3756 3802 3803 -1 3754 3802 3755 -1 3802 3754 3793 -1 3804 3805 3806 -1 3805 3804 3807 -1 3805 3807 3808 -1 3809 3810 3014 -1 3810 3809 3811 -1 3812 3813 3814 -1 3813 3812 3815 -1 3816 3817 3818 -1 3817 3816 3819 -1 3820 3821 3822 -1 3821 3820 3823 -1 3824 3814 3825 -1 3814 3824 3812 -1 3826 3812 3827 -1 3812 3826 3815 -1 3821 3805 3808 -1 3805 3821 3828 -1 3829 3830 3831 -1 3830 3829 3832 -1 3833 3834 3835 -1 3834 3833 3836 -1 3837 3838 3829 -1 3838 3837 2979 -1 3839 3840 3841 -1 3840 3839 3842 -1 3821 3807 3822 -1 3807 3821 3808 -1 3811 2975 3810 -1 2975 3811 3843 -1 3844 3823 3820 -1 3823 3844 3845 -1 3008 2975 2976 -1 2975 3008 3014 -1 2975 3014 3810 -1 3846 3817 3847 -1 3817 3846 3818 -1 3848 3849 3850 -1 3849 3848 3851 -1 3832 3852 3853 -1 3852 3832 3854 -1 3855 3832 3853 -1 3832 3855 3830 -1 3826 3847 3815 -1 3847 3826 3846 -1 3827 3824 3856 -1 3824 3827 3812 -1 3811 3825 3843 -1 3825 3811 3824 -1 3855 3845 3844 -1 3845 3855 3853 -1 3816 3857 3819 -1 3857 3816 3842 -1 3842 3816 3840 -1 3858 3839 3841 -1 3839 3858 3859 -1 3860 3851 3848 -1 3851 3860 3861 -1 3862 3861 3860 -1 3861 3862 3863 -1 3817 3864 3847 -1 3864 3817 3865 -1 3829 3854 3832 -1 3854 3829 3838 -1 3856 3811 3809 -1 3811 3856 3824 -1 3823 3866 3867 -1 3866 3823 3845 -1 3850 3836 3833 -1 3836 3850 3849 -1 3847 3813 3815 -1 3813 3847 3864 -1 3859 3863 3862 -1 3863 3859 3858 -1 3823 3828 3821 -1 3828 3823 3867 -1 3806 3866 3868 -1 3866 3806 3867 -1 3867 3806 3828 -1 3828 3806 3805 -1 3835 3850 3833 -1 3850 3835 3848 -1 3848 3835 3869 -1 3848 3869 3860 -1 3860 3869 3870 -1 3860 3870 3862 -1 3862 3870 3871 -1 3862 3871 2980 -1 2980 3871 3852 -1 2980 3852 3854 -1 2980 3854 3838 -1 2980 3838 2978 -1 3852 3871 3868 -1 3852 3868 3866 -1 2978 3838 2979 -1 3862 2977 3859 -1 2977 3862 2980 -1 3859 2977 3814 -1 3814 2977 3825 -1 3825 2977 3843 -1 3843 2977 2976 -1 3859 3814 3839 -1 3843 2976 2975 -1 3839 3813 3842 -1 3813 3839 3814 -1 3842 3813 3864 -1 3842 3864 3865 -1 3842 3865 3857 -1 3845 3852 3866 -1 3852 3845 3853 -1 3819 3865 3817 -1 3865 3819 3857 -1 3837 3831 3015 -1 3831 3837 3829 -1 3806 3872 3804 -1 3872 3806 3868 -1 3870 3873 3871 -1 3873 3870 3874 -1 3868 3873 3872 -1 3873 3868 3871 -1 2976 3009 3008 -1 3009 2976 2977 -1 3840 3826 3841 -1 3826 3840 3846 -1 3846 3840 3818 -1 3818 3840 3816 -1 3851 3836 3849 -1 3836 3851 3834 -1 3834 3851 3861 -1 3834 3861 3875 -1 3875 3861 3863 -1 3875 3863 3874 -1 3874 3863 3858 -1 3874 3858 3009 -1 3009 3858 3827 -1 3009 3827 3856 -1 3009 3856 3809 -1 3009 3809 3008 -1 3827 3858 3841 -1 3827 3841 3826 -1 3008 3809 3014 -1 3874 3018 3873 -1 3018 3874 3009 -1 3873 3018 3855 -1 3855 3018 3830 -1 3830 3018 3831 -1 3831 3018 3016 -1 3873 3855 3872 -1 3831 3016 3015 -1 3872 3844 3804 -1 3844 3872 3855 -1 3804 3844 3820 -1 3804 3820 3822 -1 3804 3822 3807 -1 3015 2979 3837 -1 2979 3015 2978 -1 2978 3015 3016 -1 3835 3875 3869 -1 3875 3835 3834 -1 3869 3874 3870 -1 3874 3869 3875 -1 3876 3877 3878 -1 3877 3876 3879 -1 3880 3881 3882 -1 3881 3880 3883 -1 3881 3884 3882 -1 3884 3881 3885 -1 3886 3880 3887 -1 3880 3886 3883 -1 3888 3889 3890 -1 3891 3892 3893 -1 3894 3883 3886 -1 3883 3894 3895 -1 3883 3895 3881 -1 3881 3895 3889 -1 3881 3889 3885 -1 3885 3889 3888 -1 3885 3888 3892 -1 3885 3892 3891 -1 3885 3891 3896 -1 3897 3898 3899 -1 3898 3897 3900 -1 3884 3896 3901 -1 3896 3884 3885 -1 3877 3899 3878 -1 3899 3877 3897 -1 3902 3899 3898 -1 3899 3902 3878 -1 3878 3902 3876 -1 3901 3903 3904 -1 3903 3901 3896 -1 3903 3896 3905 -1 3905 3896 3891 -1 3893 3905 3891 -1 3905 3893 3906 -1 3906 3903 3905 -1 3903 3906 3907 -1 3888 3908 3892 -1 3908 3888 3909 -1 3903 3910 3904 -1 3910 3903 3907 -1 3911 3912 3913 -1 3912 3911 3914 -1 3907 3912 3910 -1 3912 3907 3913 -1 3892 3906 3893 -1 3906 3892 3908 -1 3915 3916 3917 -1 3916 3915 3918 -1 3915 3919 3918 -1 3919 3915 3920 -1 3921 3922 3923 -1 3924 3916 3925 -1 3916 3924 3926 -1 3916 3926 3917 -1 3917 3926 3922 -1 3917 3922 3921 -1 3927 3928 3929 -1 3928 3927 3930 -1 3931 3932 3933 -1 3934 3935 3936 -1 3935 3934 3937 -1 3938 3928 3930 -1 3928 3938 3939 -1 3907 3940 3910 -1 3940 3907 3941 -1 3941 3907 3906 -1 3941 3906 3893 -1 3940 3942 3943 -1 3942 3940 3941 -1 3944 3945 3946 -1 3945 3944 3947 -1 3932 3948 3933 -1 3948 3932 3949 -1 3950 3951 3952 -1 3951 3950 3953 -1 3954 3922 3955 -1 3922 3954 3923 -1 3949 3956 3948 -1 3956 3949 3957 -1 3958 3908 3959 -1 3908 3958 3892 -1 3931 3960 3932 -1 3960 3931 3954 -1 3954 3931 3961 -1 3954 3961 3962 -1 3962 3923 3954 -1 3923 3962 3924 -1 3923 3935 3921 -1 3935 3923 3924 -1 3935 3924 3925 -1 3935 3925 3936 -1 3931 3948 3963 -1 3948 3931 3933 -1 3958 3945 3947 -1 3945 3958 3959 -1 3924 3964 3926 -1 3964 3924 3962 -1 3950 3912 3953 -1 3912 3950 3913 -1 3921 3915 3917 -1 3915 3921 3944 -1 3944 3921 3947 -1 3947 3921 3935 -1 3947 3935 3937 -1 3947 3937 3958 -1 3958 3937 3892 -1 3892 3937 3942 -1 3892 3942 3941 -1 3892 3941 3893 -1 3915 3965 3920 -1 3965 3915 3944 -1 3966 3918 3919 -1 3918 3966 3967 -1 3918 3967 3916 -1 3916 3967 3925 -1 3925 3967 3951 -1 3925 3951 3936 -1 3912 3951 3953 -1 3951 3912 3936 -1 3936 3912 3934 -1 3934 3912 3943 -1 3943 3912 3940 -1 3940 3912 3910 -1 3943 3937 3934 -1 3937 3943 3942 -1 3961 3928 3939 -1 3928 3961 3963 -1 3963 3961 3931 -1 3929 3963 3968 -1 3963 3929 3928 -1 3956 3963 3948 -1 3963 3956 3968 -1 3965 3919 3920 -1 3919 3965 3966 -1 3957 3968 3956 -1 3968 3957 3927 -1 3968 3927 3929 -1 3922 3964 3955 -1 3964 3922 3926 -1 3900 3902 3898 -1 3902 3900 3969 -1 3876 3969 3879 -1 3969 3876 3902 -1 3897 3969 3900 -1 3969 3897 3877 -1 3969 3877 3879 -1 3880 3970 3887 -1 3970 3880 3971 -1 3971 3880 3972 -1 3972 3880 3882 -1 3972 3882 3884 -1 3972 3884 3973 -1 3973 3884 3914 -1 3914 3884 3901 -1 3914 3910 3912 -1 3910 3914 3904 -1 3904 3914 3901 -1 3886 3970 3894 -1 3970 3886 3887 -1 3974 3975 3946 -1 3975 3974 3976 -1 3976 3970 3971 -1 3970 3976 3894 -1 3894 3976 3974 -1 3894 3974 3895 -1 3908 3977 3959 -1 3977 3908 3909 -1 3945 3974 3946 -1 3974 3945 3978 -1 3978 3945 3959 -1 3978 3959 3977 -1 3889 3977 3890 -1 3977 3889 3978 -1 3978 3895 3974 -1 3895 3978 3889 -1 3888 3977 3909 -1 3977 3888 3890 -1 3911 3950 3979 -1 3950 3911 3913 -1 3980 3975 3976 -1 3975 3980 3952 -1 3952 3980 3979 -1 3952 3979 3950 -1 3980 3973 3979 -1 3973 3980 3972 -1 3980 3971 3972 -1 3971 3980 3976 -1 3949 3927 3957 -1 3927 3949 3930 -1 3930 3949 3932 -1 3930 3932 3938 -1 3938 3932 3960 -1 3911 3973 3914 -1 3973 3911 3979 -1 3939 3964 3961 -1 3964 3939 3938 -1 3964 3938 3955 -1 3955 3938 3954 -1 3954 3938 3960 -1 3962 3961 3964 -1 3965 3967 3966 -1 3967 3965 3975 -1 3975 3965 3946 -1 3946 3965 3944 -1 3975 3951 3967 -1 3951 3975 3952 -1 3981 3982 3983 -1 3983 3984 3981 -1 3985 3986 3938 -1 3938 3987 3985 -1 3938 3939 3987 -1 3939 3988 3987 -1 3988 3989 3987 -1 3990 3938 3986 -1 3986 3991 3992 -1 3992 3990 3986 -1 3981 3984 3993 -1 3993 3994 3981 -1 3927 3995 3996 -1 3996 3929 3927 -1 3997 3982 3981 -1 3981 3994 3997 -1 3998 3999 4000 -1 4000 4001 3998 -1 3999 4002 4003 -1 4003 4000 3999 -1 4004 4005 4006 -1 4006 4007 4004 -1 4006 4003 4007 -1 4006 4000 4003 -1 4004 4008 4009 -1 4009 4010 4004 -1 4005 4004 4010 -1 4010 4011 4005 -1 4005 4012 4013 -1 4013 4006 4005 -1 4013 4000 4006 -1 4013 4001 4000 -1 4002 4010 4009 -1 4009 4014 4002 -1 4015 4016 3996 -1 3996 3998 4015 -1 3992 3991 4017 -1 4017 3995 3992 -1 4017 3998 3995 -1 3998 3996 3995 -1 4018 4019 4020 -1 4020 4021 4018 -1 4020 4019 4022 -1 4022 4023 4020 -1 3999 4011 4010 -1 4010 4002 3999 -1 4002 4014 4024 -1 4024 4003 4002 -1 3993 3984 4022 -1 4022 4025 3993 -1 3983 3985 3987 -1 3987 4023 3983 -1 4023 3984 3983 -1 4023 4022 3984 -1 4012 4005 4011 -1 4011 4017 4012 -1 4024 4014 4009 -1 4009 4008 4024 -1 3998 4017 4011 -1 4011 3999 3998 -1 3988 4016 4015 -1 4015 3989 3988 -1 4012 4017 3983 -1 3983 3997 4012 -1 3983 3982 3997 -1 4017 3991 3985 -1 3985 3983 4017 -1 3991 3986 3985 -1 4012 3997 3993 -1 3993 4013 4012 -1 3993 4025 4013 -1 4025 4018 4013 -1 4018 4021 4013 -1 4021 4001 4013 -1 3994 3993 3997 -1 3998 4001 3987 -1 3987 4015 3998 -1 3987 3989 4015 -1 4001 4021 4023 -1 4023 3987 4001 -1 4021 4020 4023 -1 4008 4004 4007 -1 4007 4024 4008 -1 4007 4003 4024 -1 3992 3995 3927 -1 3927 3930 3992 -1 3930 3938 3992 -1 3938 3990 3992 -1 3988 3939 3928 -1 3928 3929 3996 -1 3996 4016 3928 -1 4016 3988 3928 -1 4018 4025 4022 -1 4022 4019 4018 -1 4026 4027 4028 -1 4028 4029 4026 -1 4027 4030 4031 -1 4031 4028 4027 -1 4032 4029 4028 -1 4028 4033 4032 -1 4033 4028 4031 -1 4031 4034 4033 -1 4034 4031 4035 -1 4035 4036 4034 -1 4034 4036 4037 -1 4037 4038 4034 -1 4032 4033 4039 -1 4039 4040 4032 -1 4033 4034 4038 -1 4038 4039 4033 -1 4030 4041 4035 -1 4035 4031 4030 -1 4042 4043 4044 -1 4044 4045 4042 -1 4045 4046 4042 -1 4047 4048 4049 -1 4049 4050 4047 -1 4049 4048 4051 -1 4051 4044 4049 -1 4044 4043 4049 -1 4045 4044 4051 -1 4051 4052 4045 -1 4052 4046 4045 -1 4053 4032 4040 -1 4040 4054 4053 -1 4030 4027 4055 -1 4055 4056 4030 -1 4055 4039 4056 -1 4039 4038 4056 -1 4036 4035 4041 -1 4041 4037 4036 -1 4027 4026 4057 -1 4057 4055 4027 -1 4057 4039 4055 -1 4057 4040 4039 -1 4041 4030 4056 -1 4056 4037 4041 -1 4056 4038 4037 -1 4058 4026 4029 -1 4029 4059 4058 -1 4053 4052 4051 -1 4047 4059 4029 -1 4029 4048 4047 -1 4029 4032 4048 -1 4032 4051 4048 -1 4032 4053 4051 -1 4026 4058 4049 -1 4049 4057 4026 -1 4049 4043 4057 -1 4043 4042 4057 -1 4042 4054 4057 -1 4054 4040 4057 -1 4050 4049 4058 -1 4046 4052 4053 -1 4053 4054 4046 -1 4054 4042 4046 -1 4059 4047 4050 -1 4050 4058 4059 -1 4060 4061 4062 -1 4062 4063 4060 -1 4064 4065 4066 -1 4066 4067 4064 -1 4068 4069 4060 -1 4060 4063 4068 -1 4063 4070 4068 -1 4067 4066 4071 -1 4071 4072 4067 -1 4073 4074 4065 -1 4065 4064 4073 -1 4075 4076 4077 -1 4077 4078 4075 -1 4073 4070 4079 -1 4079 4077 4073 -1 4079 4078 4077 -1 4070 4063 4080 -1 4080 4079 4070 -1 4063 4062 4080 -1 4062 4061 4081 -1 4081 4080 4062 -1 4081 4082 4079 -1 4079 4080 4081 -1 4083 4084 4071 -1 4071 4066 4083 -1 4083 4085 4086 -1 4086 4087 4083 -1 4086 4088 4087 -1 4086 4089 4088 -1 4085 4083 4066 -1 4066 4065 4085 -1 4079 4082 4075 -1 4075 4078 4079 -1 4085 4069 4068 -1 4068 4086 4085 -1 4068 4089 4086 -1 4068 4070 4089 -1 4064 4067 4088 -1 4088 4089 4064 -1 4073 4064 4089 -1 4089 4070 4073 -1 4084 4083 4087 -1 4087 4090 4084 -1 4087 4088 4090 -1 4069 4074 4081 -1 4081 4060 4069 -1 4081 4061 4060 -1 4074 4076 4082 -1 4082 4081 4074 -1 4076 4075 4082 -1 4090 4072 4071 -1 4071 4084 4090 -1 4069 4085 4065 -1 4065 4074 4069 -1 4077 4076 4074 -1 4074 4073 4077 -1 4067 4072 4090 -1 4090 4088 4067 -1 3894 4044 4091 -1 4091 3965 3894 -1 4092 4093 4094 -1 4094 4095 4092 -1 4096 4097 4098 -1 4098 4099 4096 -1 4098 4100 4099 -1 4100 3966 4099 -1 3965 4101 4099 -1 4099 3966 3965 -1 3966 3970 3965 -1 3970 3894 3965 -1 3970 4102 3894 -1 4102 4103 3894 -1 4103 4104 3894 -1 4103 4105 4104 -1 4105 4103 4106 -1 4106 4107 4105 -1 4108 4109 4110 -1 4110 4111 4108 -1 4112 4113 4114 -1 4114 4115 4112 -1 4116 4117 4107 -1 4107 4106 4116 -1 4118 4119 4120 -1 4120 4121 4118 -1 4122 4123 4124 -1 4124 4125 4122 -1 4112 4126 4127 -1 4127 4113 4112 -1 4127 4128 4113 -1 4127 4129 4128 -1 4114 4130 4131 -1 4131 4115 4114 -1 4132 4133 4134 -1 4134 4135 4132 -1 4118 4132 4135 -1 4135 4119 4118 -1 4133 4136 4137 -1 4137 4134 4133 -1 4136 4138 4139 -1 4139 4137 4136 -1 4125 4124 4140 -1 4140 4141 4125 -1 4142 4143 4144 -1 4144 4145 4142 -1 4129 4120 4146 -1 4146 4147 4129 -1 4147 4148 4129 -1 4148 4128 4129 -1 4137 4139 4044 -1 4044 4149 4137 -1 4044 4150 4149 -1 4044 4151 4150 -1 4044 3894 4151 -1 4149 4134 4137 -1 4149 4135 4134 -1 4149 4152 4135 -1 4152 4119 4135 -1 4152 4120 4119 -1 4152 4146 4120 -1 3894 4153 4151 -1 3894 4154 4153 -1 3894 4155 4154 -1 3894 4104 4155 -1 4144 4123 4122 -1 4122 4145 4144 -1 4101 4156 4157 -1 4157 4099 4101 -1 4157 4156 4143 -1 4143 4142 4157 -1 4130 4117 4116 -1 4116 4131 4130 -1 4121 4120 4129 -1 4129 4127 4121 -1 4108 4111 4158 -1 4158 4159 4108 -1 4159 4160 4108 -1 4160 4161 4108 -1 4162 4093 4092 -1 4092 4163 4162 -1 4163 4164 4162 -1 4163 4165 4164 -1 4163 4166 4165 -1 4163 3966 4166 -1 4164 4167 4162 -1 4164 4168 4167 -1 4168 4169 4167 -1 4168 4111 4169 -1 4168 4158 4111 -1 3966 4170 4166 -1 3966 4171 4170 -1 3966 4172 4171 -1 3966 4100 4172 -1 4133 4138 4136 -1 4173 4138 4174 -1 4174 3970 4173 -1 4138 4175 4174 -1 4138 4176 4175 -1 4138 4133 4176 -1 4133 4132 4176 -1 4132 4177 4176 -1 4132 4118 4177 -1 4118 4121 4177 -1 4174 4178 3970 -1 4178 4179 3970 -1 4179 4180 3970 -1 4180 4102 3970 -1 4121 4127 4181 -1 4181 4177 4121 -1 4127 4182 4181 -1 4127 4183 4182 -1 4127 4126 4183 -1 4184 4185 4174 -1 4174 4175 4184 -1 4186 4184 4175 -1 4175 4176 4186 -1 4186 4176 4177 -1 4177 4187 4186 -1 4187 4177 4181 -1 4181 4188 4187 -1 4188 4181 4182 -1 4182 4189 4188 -1 4190 4189 4182 -1 4182 4183 4190 -1 4112 4190 4183 -1 4183 4126 4112 -1 4186 4187 4188 -1 4188 4189 4186 -1 4189 4184 4186 -1 4189 4190 4184 -1 4190 4185 4184 -1 4190 4112 4185 -1 4112 4191 4185 -1 4112 4115 4191 -1 4115 4192 4191 -1 4115 4131 4192 -1 4131 4193 4192 -1 4131 4116 4193 -1 4116 4103 4193 -1 4116 4106 4103 -1 4180 4193 4103 -1 4103 4102 4180 -1 3966 4163 4173 -1 4173 3970 3966 -1 4192 4193 4180 -1 4180 4179 4192 -1 4174 4185 4191 -1 4191 4178 4174 -1 4165 4194 4195 -1 4195 4164 4165 -1 4195 4196 4168 -1 4168 4164 4195 -1 4191 4192 4179 -1 4179 4178 4191 -1 4197 4198 4196 -1 4196 4195 4197 -1 4195 4199 4197 -1 4195 4194 4199 -1 4194 4200 4199 -1 4194 4201 4200 -1 4201 4202 4200 -1 4201 4203 4202 -1 4203 4204 4202 -1 4203 4205 4204 -1 4205 4206 4204 -1 4205 4207 4206 -1 4207 4097 4206 -1 4207 4098 4097 -1 4098 4207 4172 -1 4172 4100 4098 -1 4172 4207 4205 -1 4205 4171 4172 -1 4171 4205 4203 -1 4203 4170 4171 -1 4166 4201 4194 -1 4194 4165 4166 -1 4203 4201 4166 -1 4166 4170 4203 -1 4196 4198 4158 -1 4158 4168 4196 -1 4198 4197 4159 -1 4159 4158 4198 -1 4159 4197 4199 -1 4199 4160 4159 -1 4160 4199 4200 -1 4200 4161 4160 -1 4208 4209 4210 -1 4210 4211 4208 -1 4212 4213 4209 -1 4209 4208 4212 -1 4214 4213 4212 -1 4212 4215 4214 -1 4141 4216 4215 -1 4215 4212 4141 -1 4212 4125 4141 -1 4212 4208 4125 -1 4208 4122 4125 -1 4208 4211 4122 -1 4211 4145 4122 -1 4211 4217 4145 -1 4217 4142 4145 -1 4217 4218 4142 -1 4218 4157 4142 -1 4218 4219 4157 -1 4219 4099 4157 -1 4219 4096 4099 -1 4140 4220 4216 -1 4216 4141 4140 -1 4220 4214 4215 -1 4215 4216 4220 -1 4092 4095 4091 -1 4091 4163 4092 -1 4091 4044 4163 -1 4044 4173 4163 -1 4044 4138 4173 -1 4044 4139 4138 -1 4110 4221 4169 -1 4169 4111 4110 -1 4148 4147 4222 -1 4222 4223 4148 -1 4167 4169 4221 -1 4221 4224 4167 -1 4210 4109 4200 -1 4200 4211 4210 -1 4109 4108 4161 -1 4161 4200 4109 -1 4206 4219 4218 -1 4218 4204 4206 -1 4091 4095 4123 -1 4123 3965 4091 -1 4095 4124 4123 -1 4095 4140 4124 -1 4095 4094 4140 -1 4094 4225 4140 -1 4225 4224 4140 -1 4224 4220 4140 -1 4224 4221 4220 -1 4221 4110 4220 -1 4123 4144 3965 -1 4144 4143 3965 -1 4143 4156 3965 -1 4156 4101 3965 -1 4110 4109 4214 -1 4214 4220 4110 -1 4109 4213 4214 -1 4109 4209 4213 -1 4109 4210 4209 -1 4093 4162 4225 -1 4225 4094 4093 -1 4217 4211 4200 -1 4200 4202 4217 -1 4096 4219 4206 -1 4206 4097 4096 -1 4204 4218 4217 -1 4217 4202 4204 -1 4162 4167 4224 -1 4224 4225 4162 -1 4222 4226 4227 -1 4227 4228 4222 -1 4228 4223 4222 -1 4228 4229 4223 -1 4229 4113 4223 -1 4229 4230 4113 -1 4230 4114 4113 -1 4230 4231 4114 -1 4231 4130 4114 -1 4231 4232 4130 -1 4232 4117 4130 -1 4232 4233 4117 -1 4233 4107 4117 -1 4233 4105 4107 -1 4230 4151 4153 -1 4153 4231 4230 -1 4128 4148 4223 -1 4223 4113 4128 -1 4233 4155 4104 -1 4104 4105 4233 -1 4154 4155 4233 -1 4233 4232 4154 -1 4149 4150 4229 -1 4229 4228 4149 -1 4150 4151 4230 -1 4230 4229 4150 -1 4146 4226 4222 -1 4222 4147 4146 -1 4152 4227 4226 -1 4226 4146 4152 -1 4153 4154 4232 -1 4232 4231 4153 -1 4149 4228 4227 -1 4227 4152 4149 -1 4234 4235 4236 -1 4235 4234 4237 -1 4237 4238 4239 -1 4238 4237 4234 -1 4234 4240 4238 -1 4240 4234 4241 -1 4240 4241 4242 -1 4243 4244 4245 -1 4244 4243 4236 -1 4236 4243 4246 -1 4246 4243 4247 -1 4235 4244 4236 -1 4244 4238 4245 -1 4238 4244 4239 -1 4239 4235 4237 -1 4235 4239 4244 -1 4243 4238 4240 -1 4238 4243 4245 -1 4241 4236 4246 -1 4236 4241 4234 -1 4242 4246 4247 -1 4246 4242 4241 -1 4240 4247 4243 -1 4247 4240 4242 -1 4248 4249 4250 -1 4250 4251 4248 -1 4252 4253 4254 -1 4254 4255 4252 -1 4256 4257 4258 -1 4258 4259 4256 -1 4260 4261 4262 -1 4262 4263 4260 -1 4256 4259 4252 -1 4252 4255 4256 -1 4255 4248 4256 -1 4255 4261 4248 -1 4261 4249 4248 -1 4261 4260 4249 -1 4261 4255 4254 -1 4254 4262 4261 -1 4259 4258 4253 -1 4253 4252 4259 -1 4256 4248 4251 -1 4251 4257 4256 -1 4264 4265 4266 -1 4266 4267 4264 -1 4268 4269 4270 -1 4270 4271 4268 -1 4270 4272 4271 -1 4272 4266 4271 -1 4272 4273 4266 -1 4273 4267 4266 -1 4269 4274 4275 -1 4275 4270 4269 -1 4276 4277 4278 -1 4278 4279 4276 -1 4278 4277 4280 -1 4280 4281 4278 -1 4281 4282 4278 -1 4282 4283 4278 -1 4284 4285 4286 -1 4286 4287 4284 -1 4287 4288 4284 -1 4287 4289 4288 -1 4289 4290 4288 -1 4289 4291 4290 -1 4291 4292 4290 -1 4291 4293 4292 -1 4291 4294 4293 -1 4292 4295 4290 -1 4295 4277 4290 -1 4295 4280 4277 -1 4294 4296 4293 -1 4289 4297 4298 -1 4298 4291 4289 -1 4297 4299 4298 -1 4299 4300 4298 -1 4300 4264 4298 -1 4297 4301 4299 -1 4297 4302 4301 -1 4300 4265 4264 -1 4302 4269 4303 -1 4303 4301 4302 -1 4269 4304 4303 -1 4269 4305 4304 -1 4269 4268 4305 -1 4274 4269 4302 -1 4302 4306 4274 -1 4307 4308 4286 -1 4286 4285 4307 -1 4309 4305 4268 -1 4268 4271 4309 -1 4293 4296 4310 -1 4310 4311 4293 -1 4298 4312 4313 -1 4313 4291 4298 -1 4314 4315 4316 -1 4316 4317 4314 -1 4318 4304 4305 -1 4305 4309 4318 -1 4319 4320 4321 -1 4321 4318 4319 -1 4318 4322 4319 -1 4318 4309 4322 -1 4309 4266 4322 -1 4309 4271 4266 -1 4323 4290 4277 -1 4277 4276 4323 -1 4324 4325 4326 -1 4326 4327 4324 -1 4315 4328 4329 -1 4329 4316 4315 -1 4330 4307 4285 -1 4285 4284 4330 -1 4292 4293 4311 -1 4311 4331 4292 -1 4266 4265 4300 -1 4300 4322 4266 -1 4303 4304 4318 -1 4318 4321 4303 -1 4298 4264 4267 -1 4267 4312 4298 -1 4332 4294 4291 -1 4291 4313 4332 -1 4333 4330 4284 -1 4284 4288 4333 -1 4301 4303 4321 -1 4321 4320 4301 -1 4334 4335 4314 -1 4314 4317 4334 -1 4299 4301 4320 -1 4320 4319 4299 -1 4280 4336 4337 -1 4337 4281 4280 -1 4282 4281 4337 -1 4337 4338 4282 -1 4337 4336 4339 -1 4339 4331 4337 -1 4331 4338 4337 -1 4331 4311 4338 -1 4311 4340 4338 -1 4311 4310 4340 -1 4292 4331 4339 -1 4339 4295 4292 -1 4325 4328 4315 -1 4315 4314 4325 -1 4314 4326 4325 -1 4314 4335 4326 -1 4335 4270 4326 -1 4335 4272 4270 -1 4273 4272 4335 -1 4335 4334 4273 -1 4328 4325 4324 -1 4324 4329 4328 -1 4295 4339 4336 -1 4336 4280 4295 -1 4283 4282 4338 -1 4338 4340 4283 -1 4323 4333 4288 -1 4288 4290 4323 -1 4327 4326 4270 -1 4270 4275 4327 -1 4322 4300 4299 -1 4299 4319 4322 -1 4341 4342 4297 -1 4297 4289 4341 -1 4274 4306 4329 -1 4329 4324 4274 -1 4324 4327 4274 -1 4327 4275 4274 -1 4343 4308 4307 -1 4307 4330 4343 -1 4330 4341 4343 -1 4330 4333 4341 -1 4333 4342 4341 -1 4333 4312 4342 -1 4312 4317 4342 -1 4312 4334 4317 -1 4312 4267 4334 -1 4317 4316 4342 -1 4316 4306 4342 -1 4316 4329 4306 -1 4267 4273 4334 -1 4333 4323 4313 -1 4313 4312 4333 -1 4323 4257 4313 -1 4257 4251 4313 -1 4251 4332 4313 -1 4323 4258 4257 -1 4323 4276 4258 -1 4251 4250 4332 -1 4276 4279 4253 -1 4253 4258 4276 -1 4279 4254 4253 -1 4279 4262 4254 -1 4279 4263 4262 -1 4302 4297 4342 -1 4342 4306 4302 -1 4294 4332 4250 -1 4250 4249 4294 -1 4249 4296 4294 -1 4249 4310 4296 -1 4310 4249 4260 -1 4260 4340 4310 -1 4260 4263 4279 -1 4279 4340 4260 -1 4279 4283 4340 -1 4279 4278 4283 -1 4343 4341 4289 -1 4289 4287 4343 -1 4308 4343 4287 -1 4287 4286 4308 -1 4344 4345 4346 -1 4346 4347 4344 -1 4347 4348 4349 -1 4349 4344 4347 -1 4344 4349 4350 -1 4350 4351 4344 -1 4350 4352 4351 -1 4353 4354 4355 -1 4355 4345 4353 -1 4345 4356 4353 -1 4356 4357 4353 -1 4346 4345 4355 -1 4355 4354 4349 -1 4349 4348 4355 -1 4348 4347 4346 -1 4346 4355 4348 -1 4353 4350 4349 -1 4349 4354 4353 -1 4351 4356 4345 -1 4345 4344 4351 -1 4352 4357 4356 -1 4356 4351 4352 -1 4350 4353 4357 -1 4357 4352 4350 -1 4358 4359 4360 -1 4360 4361 4358 -1 4361 4362 4358 -1 4361 4363 4364 -1 4364 4365 4366 -1 4366 4362 4364 -1 4362 4361 4364 -1 4367 4368 4369 -1 4369 4370 4367 -1 4371 4372 4373 -1 4373 4374 4371 -1 4372 4375 4376 -1 4376 4373 4372 -1 4377 4378 4379 -1 4379 4380 4377 -1 4379 4376 4380 -1 4379 4373 4376 -1 4377 4381 4382 -1 4382 4383 4377 -1 4378 4377 4383 -1 4383 4384 4378 -1 4378 4385 4386 -1 4386 4379 4378 -1 4386 4373 4379 -1 4386 4374 4373 -1 4375 4383 4382 -1 4382 4387 4375 -1 4388 4389 4369 -1 4369 4371 4388 -1 4360 4359 4390 -1 4390 4368 4360 -1 4390 4371 4368 -1 4371 4369 4368 -1 4391 4392 4393 -1 4393 4394 4391 -1 4372 4384 4383 -1 4383 4375 4372 -1 4375 4387 4395 -1 4395 4376 4375 -1 4365 4396 4397 -1 4397 4366 4365 -1 4385 4378 4384 -1 4384 4390 4385 -1 4395 4387 4382 -1 4382 4381 4395 -1 4371 4390 4384 -1 4384 4372 4371 -1 4392 4389 4388 -1 4388 4393 4392 -1 4358 4385 4390 -1 4390 4359 4358 -1 4385 4358 4366 -1 4366 4386 4385 -1 4366 4397 4386 -1 4397 4391 4386 -1 4391 4394 4386 -1 4394 4374 4386 -1 4362 4366 4358 -1 4388 4371 4374 -1 4374 4394 4388 -1 4394 4393 4388 -1 4381 4377 4380 -1 4380 4395 4381 -1 4380 4376 4395 -1 4360 4368 4367 -1 4367 4398 4360 -1 4398 4363 4360 -1 4363 4361 4360 -1 4399 4398 4367 -1 4367 4370 4399 -1 4392 4400 4399 -1 4399 4370 4369 -1 4369 4389 4399 -1 4389 4392 4399 -1 4363 4398 4399 -1 4399 4400 4363 -1 4400 4364 4363 -1 4391 4397 4396 -1 4396 4400 4391 -1 4400 4392 4391 -1 4401 4402 4403 -1 4403 4404 4401 -1 4403 4405 4406 -1 4406 4404 4403 -1 4405 4407 4408 -1 4408 4406 4405 -1 4408 4401 4404 -1 4404 4406 4408 -1 4401 4408 4407 -1 4407 4402 4401 -1 4403 4402 4407 -1 4407 4405 4403 -1 4409 4410 4411 -1 4411 4412 4409 -1 4413 4414 4415 -1 4415 4416 4413 -1 4417 4418 4409 -1 4409 4412 4417 -1 4412 4419 4417 -1 4416 4415 4420 -1 4420 4421 4416 -1 4422 4423 4414 -1 4414 4413 4422 -1 4424 4425 4426 -1 4426 4427 4424 -1 4422 4419 4428 -1 4428 4426 4422 -1 4428 4427 4426 -1 4419 4412 4429 -1 4429 4428 4419 -1 4412 4411 4429 -1 4411 4410 4430 -1 4430 4429 4411 -1 4430 4431 4428 -1 4428 4429 4430 -1 4432 4433 4420 -1 4420 4415 4432 -1 4432 4434 4435 -1 4435 4436 4432 -1 4435 4437 4436 -1 4435 4438 4437 -1 4434 4432 4415 -1 4415 4414 4434 -1 4428 4431 4424 -1 4424 4427 4428 -1 4434 4418 4417 -1 4417 4435 4434 -1 4417 4438 4435 -1 4417 4419 4438 -1 4413 4416 4437 -1 4437 4438 4413 -1 4422 4413 4438 -1 4438 4419 4422 -1 4433 4432 4436 -1 4436 4439 4433 -1 4436 4437 4439 -1 4418 4423 4430 -1 4430 4409 4418 -1 4430 4410 4409 -1 4423 4425 4431 -1 4431 4430 4423 -1 4425 4424 4431 -1 4439 4421 4420 -1 4420 4433 4439 -1 4418 4434 4414 -1 4414 4423 4418 -1 4426 4425 4423 -1 4423 4422 4426 -1 4416 4421 4439 -1 4439 4437 4416 -1 4440 4441 4442 -1 4442 4443 4440 -1 4444 4445 4446 -1 4446 4447 4444 -1 4447 4448 3896 -1 3896 4444 4447 -1 3896 4449 4444 -1 3896 3901 4449 -1 4448 4450 3891 -1 3891 3896 4448 -1 4450 4448 4447 -1 4447 4451 4450 -1 4446 4452 4451 -1 4451 4447 4446 -1 4453 4454 4445 -1 4445 4444 4453 -1 4453 4444 4449 -1 4449 4455 4453 -1 3901 3904 4455 -1 4455 4449 3901 -1 4442 4456 4457 -1 4457 4443 4442 -1 3891 4458 4440 -1 4440 3896 3891 -1 3896 4440 4443 -1 4443 3901 3896 -1 4443 3904 3901 -1 4443 4457 3904 -1 4452 4446 4445 -1 4445 4454 4452 -1 4457 4456 4454 -1 4454 4455 4457 -1 4454 4453 4455 -1 4455 3904 4457 -1 4451 4452 4450 -1 4456 4459 4458 -1 4458 4452 4456 -1 4452 4454 4456 -1 4458 4450 4452 -1 4458 3891 4450 -1 4440 4458 4459 -1 4459 4441 4440 -1 4441 4459 4456 -1 4456 4442 4441 -1 4460 4461 4462 -1 4462 4463 4460 -1 4464 4465 4463 -1 4463 4462 4464 -1 4466 4467 4468 -1 4468 4469 4466 -1 4465 4464 4469 -1 4469 4468 4465 -1 4464 4462 4466 -1 4466 4469 4464 -1 4461 4470 4471 -1 4471 4472 4461 -1 4472 4462 4461 -1 4472 4466 4462 -1 4471 4470 4473 -1 4473 4474 4471 -1 4471 4474 4475 -1 4475 4472 4471 -1 4468 4467 4463 -1 4463 4465 4468 -1 4475 4474 4473 -1 4473 4460 4475 -1 4460 4467 4475 -1 4460 4463 4467 -1 4467 4466 4472 -1 4472 4475 4467 -1 4461 4460 4473 -1 4473 4470 4461 -1 4476 4477 4478 -1 4478 4479 4476 -1 4478 4480 4479 -1 4480 4481 4479 -1 4481 4482 4479 -1 4483 4478 4477 -1 4477 4484 4485 -1 4485 4483 4477 -1 4486 3910 3893 -1 3893 4487 4486 -1 4488 4489 4490 -1 4490 4491 4488 -1 4489 4492 4493 -1 4493 4490 4489 -1 4494 4495 4496 -1 4496 4497 4494 -1 4496 4493 4497 -1 4496 4490 4493 -1 4494 4498 4499 -1 4499 4500 4494 -1 4495 4494 4500 -1 4500 4501 4495 -1 4495 4502 4503 -1 4503 4496 4495 -1 4503 4490 4496 -1 4503 4491 4490 -1 4492 4500 4499 -1 4499 4504 4492 -1 4505 4506 3893 -1 3893 4488 4505 -1 4485 4484 4507 -1 4507 3910 4485 -1 4507 4488 3910 -1 4488 3893 3910 -1 4508 4509 4510 -1 4510 4511 4508 -1 4510 4509 4512 -1 4512 4513 4510 -1 4489 4501 4500 -1 4500 4492 4489 -1 4492 4504 4514 -1 4514 4493 4492 -1 4512 4476 4479 -1 4479 4513 4512 -1 4502 4495 4501 -1 4501 4507 4502 -1 4514 4504 4499 -1 4499 4498 4514 -1 4488 4507 4501 -1 4501 4489 4488 -1 4481 4506 4505 -1 4505 4482 4481 -1 4502 4507 4512 -1 4512 4508 4502 -1 4512 4509 4508 -1 4507 4484 4476 -1 4476 4512 4507 -1 4484 4477 4476 -1 4503 4502 4508 -1 4508 4511 4503 -1 4511 4491 4503 -1 4488 4491 4479 -1 4479 4505 4488 -1 4479 4482 4505 -1 4491 4511 4513 -1 4513 4479 4491 -1 4511 4510 4513 -1 4498 4494 4497 -1 4497 4514 4498 -1 4497 4493 4514 -1 4485 3910 4486 -1 4486 4515 4485 -1 4515 4478 4485 -1 4478 4483 4485 -1 4516 4515 4486 -1 4486 4487 4516 -1 4481 4480 4516 -1 4516 4487 3893 -1 3893 4506 4516 -1 4506 4481 4516 -1 4478 4515 4516 -1 4516 4480 4478 -1 4517 4518 4519 -1 4519 4520 4517 -1 4521 4522 4523 -1 4523 4524 4521 -1 4525 4526 4517 -1 4517 4520 4525 -1 4520 4527 4525 -1 4524 4523 4528 -1 4528 4529 4524 -1 4530 4531 4522 -1 4522 4521 4530 -1 4532 4533 4534 -1 4534 4535 4532 -1 4530 4527 4536 -1 4536 4534 4530 -1 4536 4535 4534 -1 4527 4520 4537 -1 4537 4536 4527 -1 4520 4519 4537 -1 4519 4518 4538 -1 4538 4537 4519 -1 4538 4539 4536 -1 4536 4537 4538 -1 4540 4541 4528 -1 4528 4523 4540 -1 4540 4542 4543 -1 4543 4544 4540 -1 4543 4545 4544 -1 4543 4546 4545 -1 4542 4540 4523 -1 4523 4522 4542 -1 4536 4539 4532 -1 4532 4535 4536 -1 4542 4526 4525 -1 4525 4543 4542 -1 4525 4546 4543 -1 4525 4527 4546 -1 4521 4524 4545 -1 4545 4546 4521 -1 4530 4521 4546 -1 4546 4527 4530 -1 4541 4540 4544 -1 4544 4547 4541 -1 4544 4545 4547 -1 4526 4531 4538 -1 4538 4517 4526 -1 4538 4518 4517 -1 4531 4533 4539 -1 4539 4538 4531 -1 4533 4532 4539 -1 4547 4529 4528 -1 4528 4541 4547 -1 4526 4542 4522 -1 4522 4531 4526 -1 4534 4533 4531 -1 4531 4530 4534 -1 4524 4529 4547 -1 4547 4545 4524 -1 4548 4549 4550 -1 4550 4551 4548 -1 4552 4553 4554 -1 4554 4555 4552 -1 4556 4557 4548 -1 4548 4551 4556 -1 4551 4558 4556 -1 4555 4554 4559 -1 4559 4560 4555 -1 4561 4562 4553 -1 4553 4552 4561 -1 4563 4564 4565 -1 4565 4566 4563 -1 4561 4558 4456 -1 4456 4565 4561 -1 4456 4566 4565 -1 4558 4551 4457 -1 4457 4456 4558 -1 4551 4550 4457 -1 4550 4549 4567 -1 4567 4457 4550 -1 4567 4568 4456 -1 4456 4457 4567 -1 4569 4570 4559 -1 4559 4554 4569 -1 4569 4571 4572 -1 4572 4573 4569 -1 4572 4574 4573 -1 4572 4575 4574 -1 4571 4569 4554 -1 4554 4553 4571 -1 4456 4568 4563 -1 4563 4566 4456 -1 4571 4557 4556 -1 4556 4572 4571 -1 4556 4575 4572 -1 4556 4558 4575 -1 4552 4555 4574 -1 4574 4575 4552 -1 4561 4552 4575 -1 4575 4558 4561 -1 4570 4569 4573 -1 4573 4576 4570 -1 4573 4574 4576 -1 4557 4562 4567 -1 4567 4548 4557 -1 4567 4549 4548 -1 4562 4564 4568 -1 4568 4567 4562 -1 4564 4563 4568 -1 4576 4560 4559 -1 4559 4570 4576 -1 4557 4571 4553 -1 4553 4562 4557 -1 4565 4564 4562 -1 4562 4561 4565 -1 4555 4560 4576 -1 4576 4574 4555 -1 4577 4578 4579 -1 4579 4580 4577 -1 4581 4582 4583 -1 4583 4584 4581 -1 4585 4586 4577 -1 4577 4580 4585 -1 4580 4587 4585 -1 4584 4583 4588 -1 4588 4589 4584 -1 4590 4591 4582 -1 4582 4581 4590 -1 4592 4593 4594 -1 4594 4595 4592 -1 4590 4587 4470 -1 4470 4594 4590 -1 4470 4595 4594 -1 4587 4580 4471 -1 4471 4470 4587 -1 4580 4579 4471 -1 4579 4578 4596 -1 4596 4471 4579 -1 4596 4597 4470 -1 4470 4471 4596 -1 4598 4599 4588 -1 4588 4583 4598 -1 4598 4600 4601 -1 4601 4602 4598 -1 4601 4603 4602 -1 4601 4604 4603 -1 4600 4598 4583 -1 4583 4582 4600 -1 4470 4597 4592 -1 4592 4595 4470 -1 4600 4586 4585 -1 4585 4601 4600 -1 4585 4604 4601 -1 4585 4587 4604 -1 4581 4584 4603 -1 4603 4604 4581 -1 4590 4581 4604 -1 4604 4587 4590 -1 4599 4598 4602 -1 4602 4605 4599 -1 4602 4603 4605 -1 4586 4591 4596 -1 4596 4577 4586 -1 4596 4578 4577 -1 4591 4593 4597 -1 4597 4596 4591 -1 4593 4592 4597 -1 4605 4589 4588 -1 4588 4599 4605 -1 4586 4600 4582 -1 4582 4591 4586 -1 4594 4593 4591 -1 4591 4590 4594 -1 4584 4589 4605 -1 4605 4603 4584 -1 4606 4607 4608 -1 4608 4609 4606 -1 4610 4611 4612 -1 4612 4613 4610 -1 4614 4615 4606 -1 4606 4609 4614 -1 4609 4616 4614 -1 4613 4612 4617 -1 4617 4618 4613 -1 4619 4620 4611 -1 4611 4610 4619 -1 4621 4622 4623 -1 4623 4624 4621 -1 4619 4616 4625 -1 4625 4623 4619 -1 4625 4624 4623 -1 4616 4609 4626 -1 4626 4625 4616 -1 4609 4608 4626 -1 4608 4607 4627 -1 4627 4626 4608 -1 4627 4628 4625 -1 4625 4626 4627 -1 4629 4630 4617 -1 4617 4612 4629 -1 4629 4631 4632 -1 4632 4633 4629 -1 4632 4634 4633 -1 4632 4635 4634 -1 4631 4629 4612 -1 4612 4611 4631 -1 4625 4628 4621 -1 4621 4624 4625 -1 4631 4615 4614 -1 4614 4632 4631 -1 4614 4635 4632 -1 4614 4616 4635 -1 4610 4613 4634 -1 4634 4635 4610 -1 4619 4610 4635 -1 4635 4616 4619 -1 4630 4629 4633 -1 4633 4636 4630 -1 4633 4634 4636 -1 4615 4620 4627 -1 4627 4606 4615 -1 4627 4607 4606 -1 4620 4622 4628 -1 4628 4627 4620 -1 4622 4621 4628 -1 4636 4618 4617 -1 4617 4630 4636 -1 4615 4631 4611 -1 4611 4620 4615 -1 4623 4622 4620 -1 4620 4619 4623 -1 4613 4618 4636 -1 4636 4634 4613 -1 4637 4638 4639 -1 4638 4637 4640 -1 4640 3959 3908 -1 3959 4640 4637 -1 4637 4641 3959 -1 4641 4637 4642 -1 4641 4642 4643 -1 4644 3909 3977 -1 3909 4644 4639 -1 4639 4644 4645 -1 4645 4644 4646 -1 4638 3909 4639 -1 3909 3959 3977 -1 3959 3909 3908 -1 3908 4638 4640 -1 4638 3908 3909 -1 4644 3959 4641 -1 3959 4644 3977 -1 4642 4639 4645 -1 4639 4642 4637 -1 4643 4645 4646 -1 4645 4643 4642 -1 4641 4646 4644 -1 4646 4641 4643 -1 4647 4648 4649 -1 4649 4650 4647 -1 4650 3913 3950 -1 3950 4647 4650 -1 4647 3950 4651 -1 4651 4652 4647 -1 4651 4653 4652 -1 4654 3979 3911 -1 3911 4648 4654 -1 4648 4655 4654 -1 4655 4656 4654 -1 4649 4648 3911 -1 3913 4650 4649 -1 4649 3911 3913 -1 4654 4651 3950 -1 3950 3979 4654 -1 4652 4655 4648 -1 4648 4647 4652 -1 4653 4656 4655 -1 4655 4652 4653 -1 4651 4654 4656 -1 4656 4653 4651 -1 4657 4658 4659 -1 4659 4660 4657 -1 4659 4661 4662 -1 4662 4660 4659 -1 4663 4664 4665 -1 4665 4666 4663 -1 3952 3951 4667 -1 4667 3980 3952 -1 4668 4669 4670 -1 4670 4671 4668 -1 4670 4672 4671 -1 4672 4667 4671 -1 4672 3972 4667 -1 3972 3980 4667 -1 4669 4673 4674 -1 4674 4670 4669 -1 4666 4665 4662 -1 4662 4661 4666 -1 4675 4676 4666 -1 4666 4661 4675 -1 4661 4659 4675 -1 4659 4658 4675 -1 4677 4678 4679 -1 4679 4680 4677 -1 4680 4681 4677 -1 4680 4682 4681 -1 4682 4683 4681 -1 4682 3946 4683 -1 3946 4663 4683 -1 3946 4684 4663 -1 3946 4685 4684 -1 3946 3945 4685 -1 4663 4676 4683 -1 4663 4666 4676 -1 3945 3947 4685 -1 4682 4686 3975 -1 3975 3946 4682 -1 4686 4687 3975 -1 4687 4688 3975 -1 4688 4689 3975 -1 4689 3952 3975 -1 4686 4690 4687 -1 4689 3951 3952 -1 4690 4669 4691 -1 4691 4687 4690 -1 4669 4692 4691 -1 4669 4693 4692 -1 4669 4668 4693 -1 4694 4695 4680 -1 4680 4679 4694 -1 3976 3975 3952 -1 3952 3980 3976 -1 4673 4696 4697 -1 4697 4698 4673 -1 4698 4699 4673 -1 4699 4674 4673 -1 4695 4694 4700 -1 4700 4701 4695 -1 4701 4702 4695 -1 4701 4703 4702 -1 4703 4704 4702 -1 4703 3976 4704 -1 3976 4705 4704 -1 3976 4706 4705 -1 3976 4707 4706 -1 3976 3980 4707 -1 4705 4696 4704 -1 4705 4697 4696 -1 3980 3972 4707 -1 4703 4708 3974 -1 3974 3976 4703 -1 4708 4709 3974 -1 4709 4710 3974 -1 4710 4711 3974 -1 4711 3978 3974 -1 4708 4712 4709 -1 4711 3889 3978 -1 4712 4713 4714 -1 4714 4709 4712 -1 4713 4715 4714 -1 4713 4716 4715 -1 4713 4717 4716 -1 3945 3978 3889 -1 3889 4718 3945 -1 4718 3947 3945 -1 4718 4719 3947 -1 4719 4718 4720 -1 4720 4657 4719 -1 4720 4717 4713 -1 4713 4657 4720 -1 4713 4658 4657 -1 4713 4675 4658 -1 3978 3945 3946 -1 3946 3974 3978 -1 4686 4682 4702 -1 4702 4704 4686 -1 4695 4702 4682 -1 4682 4680 4695 -1 4688 4687 4721 -1 4721 4722 4688 -1 4723 4689 4688 -1 4688 4722 4723 -1 4724 4725 4726 -1 4726 4727 4724 -1 4727 4728 4724 -1 4727 4729 4728 -1 4729 4670 4728 -1 4729 4672 4670 -1 4667 3951 4689 -1 4689 4723 4667 -1 4687 4691 4730 -1 4730 4721 4687 -1 4690 4686 4704 -1 4704 4696 4690 -1 4712 4676 4675 -1 4675 4713 4712 -1 4700 4694 4679 -1 4679 4678 4700 -1 4673 4669 4690 -1 4690 4696 4673 -1 4703 4701 4677 -1 4677 4681 4703 -1 4701 4700 4678 -1 4678 4677 4701 -1 4708 4683 4676 -1 4676 4712 4708 -1 4703 4681 4683 -1 4683 4708 4703 -1 4726 4725 4697 -1 4697 4705 4726 -1 3972 4672 4729 -1 4729 4707 3972 -1 4707 4729 4727 -1 4727 4706 4707 -1 4725 4724 4698 -1 4698 4697 4725 -1 4727 4726 4705 -1 4705 4706 4727 -1 4698 4724 4728 -1 4728 4699 4698 -1 4728 4670 4674 -1 4674 4699 4728 -1 4717 4720 4731 -1 4731 4716 4717 -1 4731 4732 4715 -1 4715 4716 4731 -1 4733 4734 4735 -1 4735 4732 4733 -1 4732 4736 4733 -1 4732 4731 4736 -1 4731 4718 4736 -1 4731 4720 4718 -1 4735 4714 4715 -1 4715 4732 4735 -1 4733 4710 4709 -1 4709 4734 4733 -1 4684 4685 4737 -1 4737 4738 4684 -1 4736 4718 3889 -1 3889 4711 4736 -1 4734 4709 4714 -1 4714 4735 4734 -1 4685 3947 4719 -1 4719 4737 4685 -1 4684 4738 4664 -1 4664 4663 4684 -1 4733 4736 4711 -1 4711 4710 4733 -1 4662 4665 4664 -1 4664 4738 4662 -1 4738 4660 4662 -1 4738 4737 4660 -1 4737 4657 4660 -1 4737 4719 4657 -1 4722 4721 4730 -1 4730 4739 4722 -1 4739 4723 4722 -1 4739 4740 4723 -1 4740 4667 4723 -1 4740 4671 4667 -1 4693 4668 4671 -1 4671 4740 4693 -1 4739 4692 4693 -1 4693 4740 4739 -1 4691 4692 4739 -1 4739 4730 4691 -1 4741 4742 4743 -1 4743 4744 4741 -1 4743 4745 4744 -1 4746 3960 4747 -1 4747 4748 4746 -1 4749 4750 4751 -1 4751 4752 4749 -1 4753 4754 4755 -1 4755 4756 4753 -1 4757 4758 4759 -1 4759 4760 4757 -1 4761 4762 4750 -1 4750 4749 4761 -1 4763 4764 4749 -1 4749 4752 4763 -1 4759 4745 4743 -1 4743 4765 4759 -1 4766 4767 4768 -1 4768 4769 4766 -1 4770 4771 4772 -1 4772 4773 4770 -1 4774 4766 4775 -1 4775 3925 4774 -1 4776 4777 4778 -1 4778 4779 4776 -1 4759 4758 4744 -1 4744 4745 4759 -1 4748 4747 3921 -1 3921 4780 4748 -1 4781 4757 4760 -1 4760 4782 4781 -1 3954 3923 3921 -1 3921 3960 3954 -1 3921 4747 3960 -1 4783 4784 4755 -1 4755 4754 4783 -1 4785 4786 4787 -1 4787 4788 4785 -1 4769 4789 4790 -1 4790 4791 4769 -1 4792 4789 4769 -1 4769 4768 4792 -1 4763 4752 4784 -1 4784 4783 4763 -1 4764 4793 4761 -1 4761 4749 4764 -1 4748 4780 4762 -1 4762 4761 4748 -1 4792 4781 4782 -1 4782 4789 4792 -1 4753 4756 4794 -1 4794 4779 4753 -1 4779 4778 4753 -1 4795 4777 4776 -1 4776 4796 4795 -1 4797 4785 4788 -1 4788 4798 4797 -1 4799 4797 4798 -1 4798 4800 4799 -1 4755 4784 4801 -1 4801 4802 4755 -1 4766 4769 4791 -1 4791 4775 4766 -1 4793 4746 4748 -1 4748 4761 4793 -1 4760 4803 4804 -1 4804 4782 4760 -1 4786 4770 4773 -1 4773 4787 4786 -1 4784 4752 4751 -1 4751 4801 4784 -1 4796 4799 4800 -1 4800 4795 4796 -1 4760 4759 4765 -1 4765 4803 4760 -1 4742 4805 4804 -1 4804 4803 4742 -1 4803 4765 4742 -1 4765 4743 4742 -1 4771 4770 4786 -1 4786 4785 4771 -1 4785 4806 4771 -1 4785 4797 4806 -1 4797 4807 4806 -1 4797 4799 4807 -1 4799 4808 4807 -1 4799 3926 4808 -1 3926 4790 4808 -1 3926 4791 4790 -1 3926 4775 4791 -1 3926 3924 4775 -1 4790 4805 4808 -1 4790 4804 4805 -1 3924 3925 4775 -1 4799 4796 3922 -1 3922 3926 4799 -1 4796 4750 3922 -1 4750 4762 3922 -1 4762 4780 3922 -1 4780 3923 3922 -1 4796 4776 4750 -1 4780 3921 3923 -1 4776 4779 4751 -1 4751 4750 4776 -1 4779 4801 4751 -1 4779 4802 4801 -1 4779 4794 4802 -1 4782 4804 4790 -1 4790 4789 4782 -1 4756 4755 4802 -1 4802 4794 4756 -1 4774 3961 4767 -1 4767 4766 4774 -1 4742 4741 4809 -1 4809 4805 4742 -1 4807 4808 4810 -1 4810 4811 4807 -1 4805 4809 4810 -1 4810 4808 4805 -1 3923 3954 3955 -1 3955 3922 3923 -1 4778 4777 4763 -1 4763 4783 4778 -1 4783 4754 4778 -1 4754 4753 4778 -1 4788 4787 4773 -1 4773 4772 4788 -1 4772 4798 4788 -1 4772 4812 4798 -1 4812 4800 4798 -1 4812 4811 4800 -1 4811 4795 4800 -1 4811 3955 4795 -1 3955 4764 4795 -1 3955 4793 4764 -1 3955 4746 4793 -1 3955 3954 4746 -1 4764 4777 4795 -1 4764 4763 4777 -1 3954 3960 4746 -1 4811 4810 3964 -1 3964 3955 4811 -1 4810 4792 3964 -1 4792 4768 3964 -1 4768 4767 3964 -1 4767 3962 3964 -1 4810 4809 4792 -1 4767 3961 3962 -1 4809 4741 4781 -1 4781 4792 4809 -1 4741 4757 4781 -1 4741 4758 4757 -1 4741 4744 4758 -1 3961 4774 3925 -1 3925 3924 3961 -1 3924 3962 3961 -1 4771 4806 4812 -1 4812 4772 4771 -1 4806 4807 4811 -1 4811 4812 4806 -1 4813 4814 4815 -1 4814 4813 4816 -1 4816 4813 4817 -1 4816 4817 4818 -1 4818 4817 4819 -1 4818 4819 4820 -1 4821 4822 4823 -1 4821 4823 4824 -1 4825 4826 4827 -1 4827 4826 4828 -1 4825 4820 4826 -1 4820 4825 4818 -1 4829 4818 4825 -1 4818 4829 4816 -1 4821 4817 4822 -1 4817 4821 4819 -1 4830 4831 4832 -1 4833 4834 4829 -1 4833 4835 4834 -1 4836 4831 4830 -1 4816 4834 4814 -1 4834 4816 4829 -1 4815 4832 4813 -1 4832 4815 4830 -1 4837 4838 4839 -1 4838 4837 4840 -1 4841 4837 4842 -1 4837 4841 4840 -1 4843 4842 4844 -1 4842 4843 4841 -1 4836 4844 4831 -1 4844 4836 4843 -1 4843 4836 4835 -1 4843 4835 4833 -1 4845 4823 4846 -1 4823 4845 4824 -1 4824 4845 4828 -1 4828 4845 4827 -1 4847 4846 4848 -1 4846 4847 4845 -1 4849 4848 4850 -1 4848 4849 4847 -1 4851 4850 4852 -1 4850 4851 4849 -1 4838 4853 4854 -1 4853 4838 4851 -1 4851 4838 4840 -1 4851 4840 4849 -1 4849 4840 4841 -1 4849 4841 4847 -1 4847 4841 4843 -1 4847 4843 4845 -1 4845 4843 4833 -1 4845 4833 4827 -1 4827 4833 4829 -1 4827 4829 4825 -1 4853 4852 4855 -1 4852 4853 4851 -1 4838 4856 4839 -1 4856 4838 4854 -1 4814 4830 4815 -1 4830 4814 4836 -1 4836 4814 4835 -1 4835 4814 4834 -1 4853 4856 4854 -1 4856 4853 4855 -1 4855 4839 4856 -1 4839 4855 4852 -1 4839 4852 4837 -1 4837 4852 4850 -1 4837 4850 4848 -1 4837 4848 4842 -1 4842 4848 4844 -1 4844 4848 4846 -1 4844 4846 4823 -1 4844 4823 4831 -1 4831 4823 4822 -1 4831 4822 4832 -1 4832 4822 4817 -1 4832 4817 4813 -1 4828 4821 4824 -1 4821 4828 4819 -1 4819 4828 4820 -1 4820 4828 4826 -1 4857 4858 4859 -1 4858 4857 4860 -1 4861 4862 4863 -1 4862 4861 4864 -1 4865 4866 4867 -1 4866 4865 4868 -1 4869 4870 4871 -1 4870 4869 4872 -1 4873 4874 4875 -1 4874 4873 4876 -1 4876 4873 4877 -1 4876 4877 4878 -1 4878 4877 4879 -1 4878 4879 4880 -1 4880 4879 4859 -1 4880 4859 4881 -1 4881 4859 4858 -1 4881 4858 4882 -1 4882 4858 4867 -1 4882 4867 4883 -1 4883 4867 4866 -1 4883 4866 4884 -1 4884 4866 4885 -1 4884 4885 4886 -1 4886 4885 4887 -1 4886 4887 4888 -1 4888 4887 4889 -1 4888 4889 4890 -1 4890 4889 4891 -1 4890 4891 4892 -1 4893 4894 4895 -1 4894 4893 4896 -1 4897 4898 4899 -1 4898 4897 4900 -1 4899 4896 4893 -1 4896 4899 4898 -1 4901 4902 4903 -1 4902 4901 4904 -1 4905 4875 4906 -1 4875 4905 4873 -1 4907 4908 4909 -1 4908 4907 4910 -1 4911 4912 4913 -1 4912 4911 4914 -1 4915 4877 4916 -1 4877 4915 4879 -1 4917 4911 4913 -1 4911 4917 4918 -1 4919 4918 4917 -1 4918 4919 4920 -1 4915 4859 4879 -1 4859 4915 4857 -1 4911 4895 4914 -1 4895 4911 4893 -1 4918 4893 4911 -1 4893 4918 4899 -1 4920 4899 4918 -1 4899 4920 4897 -1 4921 4922 4864 -1 4922 4921 4923 -1 4902 4909 4903 -1 4909 4902 4907 -1 4924 4870 4925 -1 4870 4924 4871 -1 4926 4925 4927 -1 4925 4926 4924 -1 4928 4921 4929 -1 4921 4928 4923 -1 4887 4930 4889 -1 4930 4887 4931 -1 4864 4932 4862 -1 4932 4864 4922 -1 4933 4924 4926 -1 4924 4933 4934 -1 4889 4935 4891 -1 4935 4889 4930 -1 4936 4924 4934 -1 4924 4936 4871 -1 4922 4872 4932 -1 4872 4922 4870 -1 4927 4923 4928 -1 4923 4927 4925 -1 4925 4922 4923 -1 4922 4925 4870 -1 4937 4887 4885 -1 4887 4937 4931 -1 4938 4871 4936 -1 4871 4938 4869 -1 4939 4904 4901 -1 4904 4939 4940 -1 4904 4940 4941 -1 4941 4940 4942 -1 4942 4940 4943 -1 4943 4940 4944 -1 4943 4944 4945 -1 4945 4944 4946 -1 4945 4946 4947 -1 4947 4946 4948 -1 4947 4948 4949 -1 4949 4948 4950 -1 4949 4950 4951 -1 4951 4950 4952 -1 4951 4952 4953 -1 4953 4952 4954 -1 4954 4952 4955 -1 4954 4955 4956 -1 4956 4955 4957 -1 4956 4957 4958 -1 4958 4957 4959 -1 4958 4959 4960 -1 4960 4959 4961 -1 4960 4961 4962 -1 4941 4919 4904 -1 4919 4941 4963 -1 4919 4963 4964 -1 4919 4964 4920 -1 4920 4964 4965 -1 4920 4965 4897 -1 4897 4965 4966 -1 4897 4966 4900 -1 4900 4966 4967 -1 4900 4967 4968 -1 4968 4967 4969 -1 4968 4969 4970 -1 4968 4970 4929 -1 4929 4970 4971 -1 4929 4971 4928 -1 4928 4971 4972 -1 4928 4972 4927 -1 4927 4972 4973 -1 4927 4973 4926 -1 4926 4973 4974 -1 4926 4974 4933 -1 4933 4974 4962 -1 4933 4962 4961 -1 4933 4961 4975 -1 4891 4976 4892 -1 4976 4891 4935 -1 4936 4977 4978 -1 4977 4936 4934 -1 4975 4934 4933 -1 4934 4975 4977 -1 4938 4978 4979 -1 4978 4938 4936 -1 4892 4980 4890 -1 4980 4892 4976 -1 4978 4981 4982 -1 4981 4978 4977 -1 4981 4975 4961 -1 4975 4981 4977 -1 4979 4982 4983 -1 4982 4979 4978 -1 4982 4984 4985 -1 4984 4982 4981 -1 4983 4985 4986 -1 4985 4983 4982 -1 4890 4987 4888 -1 4987 4890 4980 -1 4984 4961 4959 -1 4961 4984 4981 -1 4988 4908 4989 -1 4908 4988 4909 -1 4906 4874 4990 -1 4874 4906 4875 -1 4991 4909 4988 -1 4909 4991 4903 -1 4991 4901 4903 -1 4901 4991 4939 -1 4992 4988 4993 -1 4988 4992 4991 -1 4993 4989 4994 -1 4989 4993 4988 -1 4992 4939 4991 -1 4939 4992 4940 -1 4990 4876 4995 -1 4876 4990 4874 -1 4996 4940 4992 -1 4940 4996 4944 -1 4995 4878 4997 -1 4878 4995 4876 -1 4990 4905 4906 -1 4905 4990 4908 -1 4908 4990 4989 -1 4989 4990 4995 -1 4989 4995 4994 -1 4994 4995 4997 -1 4994 4997 4998 -1 4998 4997 4999 -1 4998 4999 5000 -1 5000 4999 5001 -1 5000 5001 5002 -1 5002 5001 5003 -1 5002 5003 5004 -1 5004 5003 5005 -1 5004 5005 5006 -1 5006 5005 5007 -1 5007 5005 5008 -1 5007 5008 5009 -1 5009 5008 5010 -1 5009 5010 4986 -1 4986 5010 4987 -1 4986 4987 4983 -1 4983 4987 4980 -1 4983 4980 4979 -1 4905 4910 4916 -1 4910 4905 4908 -1 4916 4910 4912 -1 4916 4912 4915 -1 4915 4912 4914 -1 4915 4914 4857 -1 4857 4914 4895 -1 4857 4895 4860 -1 4860 4895 4894 -1 4860 4894 4865 -1 4865 4894 4863 -1 4865 4863 4862 -1 4865 4862 4868 -1 4868 4862 4932 -1 4868 4932 4937 -1 4937 4932 4872 -1 4937 4872 4931 -1 4931 4872 4869 -1 4931 4869 4930 -1 4930 4869 4938 -1 4930 4938 4935 -1 4935 4938 4979 -1 4935 4979 4980 -1 4935 4980 4976 -1 5011 4992 4993 -1 4992 5011 4996 -1 5011 4994 4998 -1 4994 5011 4993 -1 5012 4998 5000 -1 4998 5012 5011 -1 5012 4996 5011 -1 4996 5012 5013 -1 5013 4944 4996 -1 4944 5013 4946 -1 4999 4878 4880 -1 4878 4999 4997 -1 5014 5012 5015 -1 5012 5014 5013 -1 5001 4880 4881 -1 4880 5001 4999 -1 5015 5000 5002 -1 5000 5015 5012 -1 5014 4946 5013 -1 4946 5014 4948 -1 5016 5015 5017 -1 5015 5016 5014 -1 5016 4948 5014 -1 4948 5016 4950 -1 5017 5002 5004 -1 5002 5017 5015 -1 5003 4881 4882 -1 4881 5003 5001 -1 5018 4950 5016 -1 4950 5018 4952 -1 5005 4882 4883 -1 4882 5005 5003 -1 5018 5017 5019 -1 5017 5018 5016 -1 5019 5004 5006 -1 5004 5019 5017 -1 5020 5019 5021 -1 5019 5020 5018 -1 5018 4955 4952 -1 4955 5018 5020 -1 5021 5006 5007 -1 5006 5021 5019 -1 5008 4883 4884 -1 4883 5008 5005 -1 5021 5022 5020 -1 5022 5021 5023 -1 5023 5007 5009 -1 5007 5023 5021 -1 5020 4957 4955 -1 4957 5020 5022 -1 5010 4884 4886 -1 4884 5010 5008 -1 4986 5023 5009 -1 5023 4986 4985 -1 5023 4984 5022 -1 4984 5023 4985 -1 5022 4959 4957 -1 4959 5022 4984 -1 4888 5010 4886 -1 5010 4888 4987 -1 4868 4885 4866 -1 4885 4868 4937 -1 4900 5024 4898 -1 5024 4900 4968 -1 4896 4863 4894 -1 4863 4896 4861 -1 4898 4861 4896 -1 4861 4898 5024 -1 4860 4867 4858 -1 4867 4860 4865 -1 5024 4864 4861 -1 4864 5024 4921 -1 4929 5024 4968 -1 5024 4929 4921 -1 4904 4917 4902 -1 4917 4904 4919 -1 4917 4907 4902 -1 4907 4917 4913 -1 4916 4873 4905 -1 4873 4916 4877 -1 4913 4910 4907 -1 4910 4913 4912 -1 5025 5026 5027 -1 5026 5025 5028 -1 5029 5030 5031 -1 5030 5029 5032 -1 5033 5032 5029 -1 5032 5033 5034 -1 5027 4970 4969 -1 4970 5027 5026 -1 5035 5026 5028 -1 5026 5035 5036 -1 5034 5037 5032 -1 5037 5034 5038 -1 5039 5036 5035 -1 5036 5039 5040 -1 5041 5042 5043 -1 5042 5041 5044 -1 5044 5045 5042 -1 5045 5044 5046 -1 5047 5048 5049 -1 5048 5047 5050 -1 5048 5043 5049 -1 5043 5048 5041 -1 5051 5052 5053 -1 5052 5051 5054 -1 5055 5041 5048 -1 5041 5055 5056 -1 5057 4964 5052 -1 4964 5057 4965 -1 5054 5057 5052 -1 5057 5054 5058 -1 5059 5055 5060 -1 5055 5059 5061 -1 5037 5062 5063 -1 5062 5037 5064 -1 5058 5065 5057 -1 5065 5058 5066 -1 5067 5068 5069 -1 5068 5067 5070 -1 5057 4966 4965 -1 4966 5057 5065 -1 5071 5070 5067 -1 5070 5071 5072 -1 5061 5072 5071 -1 5072 5061 5073 -1 5059 5073 5061 -1 5073 5059 5074 -1 5075 5076 5077 -1 5076 5075 5078 -1 5065 4967 4966 -1 4967 5065 5079 -1 5080 5033 5081 -1 5033 5080 5082 -1 5070 5083 5068 -1 5083 5070 5084 -1 5085 5040 5039 -1 5040 5085 5086 -1 5087 5088 5089 -1 5088 5087 5090 -1 5091 5086 5085 -1 5086 5091 5092 -1 5089 5093 5094 -1 5093 5089 5088 -1 5094 5095 5096 -1 5095 5094 5093 -1 4973 5092 4974 -1 5092 4973 5086 -1 5097 5087 5098 -1 5087 5097 5090 -1 4974 5099 4962 -1 5099 4974 5092 -1 5098 5100 5101 -1 5100 5098 5087 -1 5092 5102 5099 -1 5102 5092 5091 -1 5094 5103 5104 -1 5103 5094 5096 -1 5105 5094 5104 -1 5094 5105 5089 -1 5087 5105 5100 -1 5105 5087 5089 -1 4962 5106 4960 -1 5106 4962 5099 -1 5101 5107 5108 -1 5107 5101 5100 -1 5105 5109 5110 -1 5109 5105 5104 -1 5100 5110 5107 -1 5110 5100 5105 -1 5099 5111 5106 -1 5111 5099 5102 -1 5104 5112 5109 -1 5112 5104 5103 -1 5113 5111 5114 -1 5111 5113 5106 -1 5108 5115 5116 -1 5115 5108 5107 -1 5107 5117 5115 -1 5117 5107 5110 -1 4960 5113 4958 -1 5113 4960 5106 -1 5042 5118 5119 -1 5118 5042 5045 -1 5120 4942 5121 -1 4942 5120 4941 -1 5119 5122 5123 -1 5122 5119 5118 -1 5124 5120 5121 -1 5120 5124 5125 -1 5126 5119 5123 -1 5119 5126 5127 -1 5128 5127 5126 -1 5127 5128 5129 -1 5130 5129 5128 -1 5129 5130 5131 -1 5121 4943 5132 -1 4943 5121 4942 -1 5132 5124 5121 -1 5124 5132 5133 -1 5129 5043 5127 -1 5043 5129 5049 -1 5131 5049 5129 -1 5049 5131 5047 -1 5127 5042 5119 -1 5042 5127 5043 -1 5134 5126 5135 -1 5126 5134 5128 -1 5136 5128 5134 -1 5128 5136 5130 -1 5123 5137 5138 -1 5137 5123 5122 -1 5135 5123 5138 -1 5123 5135 5126 -1 5139 5133 5132 -1 5133 5139 5140 -1 5132 4945 5139 -1 4945 5132 4943 -1 5141 5134 5142 -1 5134 5141 5136 -1 5143 4945 4947 -1 4945 5143 5139 -1 5144 5137 5145 -1 5137 5144 5138 -1 5143 5140 5139 -1 5140 5143 5146 -1 5147 5138 5144 -1 5138 5147 5135 -1 5142 5135 5147 -1 5135 5142 5134 -1 5148 5142 5149 -1 5142 5148 5141 -1 5150 5145 5151 -1 5145 5150 5144 -1 5152 4947 4949 -1 4947 5152 5143 -1 5149 5147 5153 -1 5147 5149 5142 -1 5152 5146 5143 -1 5146 5152 5154 -1 5153 5144 5150 -1 5144 5153 5147 -1 5155 5153 5156 -1 5153 5155 5149 -1 5157 5151 5158 -1 5151 5157 5150 -1 5159 5149 5155 -1 5149 5159 5148 -1 5156 5150 5157 -1 5150 5156 5153 -1 5160 4949 4951 -1 4949 5160 5152 -1 5161 5152 5160 -1 5152 5161 5154 -1 5162 5155 5163 -1 5155 5162 5159 -1 5163 5156 5164 -1 5156 5163 5155 -1 5164 5157 5165 -1 5157 5164 5156 -1 5166 5160 5167 -1 5160 5166 5161 -1 5165 5158 5168 -1 5158 5165 5157 -1 5167 4951 4953 -1 4951 5167 5160 -1 5124 5045 5125 -1 5045 5124 5118 -1 5118 5124 5133 -1 5118 5133 5122 -1 5122 5133 5140 -1 5122 5140 5137 -1 5137 5140 5146 -1 5137 5146 5145 -1 5145 5146 5154 -1 5145 5154 5151 -1 5151 5154 5161 -1 5151 5161 5158 -1 5158 5161 5166 -1 5158 5166 5168 -1 5168 5166 5169 -1 5169 5166 5170 -1 5169 5170 5171 -1 5171 5170 5172 -1 5171 5172 5116 -1 5116 5172 5114 -1 5116 5114 5108 -1 5108 5114 5111 -1 5108 5111 5101 -1 5101 5111 5102 -1 5045 5051 5125 -1 5051 5045 5046 -1 5051 5046 5054 -1 5054 5046 5173 -1 5054 5173 5058 -1 5058 5173 5069 -1 5058 5069 5066 -1 5066 5069 5068 -1 5066 5068 5174 -1 5174 5068 5083 -1 5174 5083 5025 -1 5025 5083 5031 -1 5025 5031 5030 -1 5025 5030 5028 -1 5028 5030 5063 -1 5028 5063 5035 -1 5035 5063 5062 -1 5035 5062 5039 -1 5039 5062 5097 -1 5039 5097 5085 -1 5085 5097 5098 -1 5085 5098 5091 -1 5091 5098 5101 -1 5091 5101 5102 -1 5175 5163 5176 -1 5163 5175 5162 -1 5176 5164 5177 -1 5164 5176 5163 -1 5178 5168 5169 -1 5168 5178 5165 -1 5177 5165 5178 -1 5165 5177 5164 -1 5167 5170 5166 -1 5170 5167 5179 -1 5179 4953 4954 -1 4953 5179 5167 -1 5180 5176 5181 -1 5176 5180 5175 -1 5182 5169 5171 -1 5169 5182 5178 -1 5183 4954 4956 -1 4954 5183 5179 -1 5184 5178 5182 -1 5178 5184 5177 -1 5181 5177 5184 -1 5177 5181 5176 -1 5179 5172 5170 -1 5172 5179 5183 -1 5185 5180 5181 -1 5180 5185 5186 -1 5116 5182 5171 -1 5182 5116 5115 -1 5115 5184 5182 -1 5184 5115 5117 -1 5117 5181 5184 -1 5181 5117 5185 -1 4958 5183 4956 -1 5183 4958 5113 -1 5183 5114 5172 -1 5114 5183 5113 -1 5109 5186 5185 -1 5186 5109 5112 -1 5110 5185 5117 -1 5185 5110 5109 -1 5088 5076 5093 -1 5076 5088 5187 -1 5093 5078 5095 -1 5078 5093 5076 -1 5188 5077 5189 -1 5077 5188 5075 -1 5062 5090 5097 -1 5090 5062 5064 -1 5090 5187 5088 -1 5187 5090 5064 -1 5082 5034 5033 -1 5034 5082 5189 -1 5026 4971 4970 -1 4971 5026 5036 -1 5036 4972 4971 -1 4972 5036 5040 -1 5077 5187 5038 -1 5187 5077 5076 -1 5038 5064 5037 -1 5064 5038 5187 -1 5084 5031 5083 -1 5031 5084 5029 -1 5079 4969 4967 -1 4969 5079 5027 -1 5174 5027 5079 -1 5027 5174 5025 -1 5074 5080 5073 -1 5080 5074 5190 -1 5072 5084 5070 -1 5084 5072 5081 -1 5032 5063 5030 -1 5063 5032 5037 -1 5066 5079 5065 -1 5079 5066 5174 -1 5073 5081 5072 -1 5081 5073 5080 -1 4972 5086 4973 -1 5086 4972 5040 -1 5189 5038 5034 -1 5038 5189 5077 -1 5071 5191 5056 -1 5191 5071 5067 -1 5061 5056 5055 -1 5056 5061 5071 -1 5067 5173 5191 -1 5173 5067 5069 -1 5081 5029 5084 -1 5029 5081 5033 -1 5190 5082 5080 -1 5082 5190 5192 -1 5053 4941 5120 -1 4941 5053 4963 -1 5051 5120 5125 -1 5120 5051 5053 -1 5052 4963 5053 -1 4963 5052 4964 -1 5192 5189 5082 -1 5189 5192 5188 -1 5191 5046 5044 -1 5046 5191 5173 -1 5056 5044 5041 -1 5044 5056 5191 -1 5060 5048 5050 -1 5048 5060 5055 -1 5193 5194 5195 -1 5194 5193 5196 -1 5197 5198 5199 -1 5198 5197 5200 -1 5200 5197 5201 -1 5200 5201 5202 -1 5200 5202 5203 -1 5203 5202 5204 -1 5203 5204 5205 -1 5205 5204 5206 -1 5205 5206 5207 -1 5207 5206 5208 -1 5207 5208 5209 -1 5209 5208 5210 -1 5209 5210 5211 -1 5211 5210 5212 -1 5211 5212 5213 -1 5213 5212 5214 -1 5213 5214 5215 -1 5215 5214 5216 -1 5215 5216 5217 -1 5217 5216 5218 -1 5217 5218 5219 -1 5219 5218 5220 -1 5221 5222 5223 -1 5222 5221 5224 -1 5225 5192 5190 -1 5192 5225 5226 -1 5226 5225 5227 -1 5226 5227 5228 -1 5213 5229 5211 -1 5229 5213 5230 -1 5231 5232 5233 -1 5232 5231 5234 -1 5235 5236 5237 -1 5236 5235 5238 -1 5239 5237 5240 -1 5237 5239 5235 -1 5241 5240 5242 -1 5240 5241 5239 -1 5243 5242 5244 -1 5242 5243 5241 -1 5245 5246 5247 -1 5246 5245 5248 -1 5246 5244 5247 -1 5244 5246 5243 -1 5249 5074 5059 -1 5074 5249 5250 -1 5250 5249 5251 -1 5250 5251 5252 -1 5253 5239 5241 -1 5239 5253 5254 -1 5254 5235 5239 -1 5235 5254 5255 -1 5256 5241 5243 -1 5241 5256 5253 -1 5257 5243 5246 -1 5243 5257 5256 -1 5248 5257 5246 -1 5257 5248 5258 -1 5194 5259 5195 -1 5259 5194 5260 -1 5259 5131 5130 -1 5131 5259 5260 -1 5198 5258 5248 -1 5258 5198 5200 -1 5251 5261 5262 -1 5261 5251 5060 -1 5060 5251 5059 -1 5059 5251 5249 -1 5263 5262 5255 -1 5262 5263 5251 -1 5264 5253 5256 -1 5253 5264 5265 -1 5265 5254 5253 -1 5254 5265 5266 -1 5258 5267 5257 -1 5267 5258 5268 -1 5267 5256 5257 -1 5256 5267 5264 -1 5265 5269 5266 -1 5269 5265 5270 -1 5264 5270 5265 -1 5270 5264 5223 -1 5267 5223 5264 -1 5223 5267 5221 -1 5271 5272 5273 -1 5272 5271 5274 -1 5095 5275 5096 -1 5275 5095 5276 -1 5276 5095 5277 -1 5277 5095 5278 -1 5211 5279 5209 -1 5279 5211 5229 -1 5229 5271 5279 -1 5271 5229 5274 -1 5217 5280 5215 -1 5280 5217 5281 -1 5226 5188 5192 -1 5188 5226 5282 -1 5282 5226 5228 -1 5282 5228 5283 -1 5282 5075 5188 -1 5075 5282 5284 -1 5284 5282 5283 -1 5284 5283 5285 -1 5284 5078 5075 -1 5078 5284 5286 -1 5286 5284 5285 -1 5286 5285 5287 -1 5269 5288 5289 -1 5288 5269 5290 -1 5223 5291 5270 -1 5291 5223 5222 -1 5234 5292 5232 -1 5292 5234 5293 -1 5232 5294 5295 -1 5294 5232 5292 -1 5295 5285 5283 -1 5285 5295 5294 -1 5205 5296 5297 -1 5296 5205 5207 -1 5274 5298 5272 -1 5298 5274 5299 -1 5272 5293 5234 -1 5293 5272 5298 -1 5281 5300 5280 -1 5300 5281 5301 -1 5230 5274 5229 -1 5274 5230 5299 -1 5215 5230 5213 -1 5230 5215 5280 -1 5078 5278 5095 -1 5278 5078 5277 -1 5277 5078 5287 -1 5287 5078 5286 -1 5292 5302 5294 -1 5302 5292 5303 -1 5294 5287 5285 -1 5287 5294 5302 -1 5276 5304 5305 -1 5304 5276 5277 -1 5305 5306 5307 -1 5306 5305 5304 -1 5219 5281 5217 -1 5281 5219 5308 -1 5309 5301 5310 -1 5301 5309 5311 -1 5308 5301 5281 -1 5301 5308 5310 -1 5312 5311 5309 -1 5311 5312 5313 -1 5307 5313 5312 -1 5313 5307 5306 -1 5305 5314 5315 -1 5314 5305 5307 -1 5316 5310 5308 -1 5310 5316 5317 -1 5307 5318 5314 -1 5318 5307 5312 -1 5220 5308 5219 -1 5308 5220 5316 -1 5312 5319 5318 -1 5319 5312 5309 -1 5309 5317 5319 -1 5317 5309 5310 -1 5103 5320 5112 -1 5320 5103 5321 -1 5321 5103 5322 -1 5322 5103 5323 -1 5276 5315 5322 -1 5315 5276 5305 -1 5096 5323 5103 -1 5323 5096 5322 -1 5322 5096 5276 -1 5276 5096 5275 -1 5315 5324 5325 -1 5324 5315 5314 -1 5322 5325 5321 -1 5325 5322 5315 -1 5319 5326 5327 -1 5326 5319 5317 -1 5314 5328 5324 -1 5328 5314 5318 -1 5329 5220 5218 -1 5220 5329 5316 -1 5326 5316 5329 -1 5316 5326 5317 -1 5318 5327 5328 -1 5327 5318 5319 -1 5330 5245 5247 -1 5245 5330 5331 -1 5332 5333 5334 -1 5333 5332 5335 -1 5334 5196 5193 -1 5196 5334 5333 -1 5336 5197 5331 -1 5197 5336 5201 -1 5330 5244 5337 -1 5244 5330 5247 -1 5335 5240 5333 -1 5240 5335 5242 -1 5331 5199 5245 -1 5199 5331 5197 -1 5338 5331 5330 -1 5331 5338 5336 -1 5194 5131 5260 -1 5131 5194 5236 -1 5131 5236 5339 -1 5047 5131 5339 -1 5338 5337 5340 -1 5337 5338 5330 -1 5340 5335 5332 -1 5335 5340 5337 -1 5337 5242 5335 -1 5242 5337 5244 -1 5333 5237 5196 -1 5237 5333 5240 -1 5196 5236 5194 -1 5236 5196 5237 -1 5341 5201 5336 -1 5201 5341 5202 -1 5342 5340 5343 -1 5340 5342 5338 -1 5343 5332 5344 -1 5332 5343 5340 -1 5236 5047 5339 -1 5047 5236 5238 -1 5047 5238 5050 -1 5050 5238 5345 -1 5342 5336 5338 -1 5336 5342 5341 -1 5344 5334 5346 -1 5334 5344 5332 -1 5347 5195 5348 -1 5195 5347 5193 -1 5346 5193 5347 -1 5193 5346 5334 -1 5349 5136 5141 -1 5136 5349 5350 -1 5350 5349 5351 -1 5350 5351 5348 -1 5352 5343 5353 -1 5343 5352 5342 -1 5354 5348 5351 -1 5348 5354 5347 -1 5195 5350 5348 -1 5350 5195 5136 -1 5136 5195 5130 -1 5130 5195 5259 -1 5355 5202 5341 -1 5202 5355 5204 -1 5353 5344 5356 -1 5344 5353 5343 -1 5352 5341 5342 -1 5341 5352 5355 -1 5357 5347 5354 -1 5347 5357 5346 -1 5356 5346 5357 -1 5346 5356 5344 -1 5358 5204 5355 -1 5204 5358 5206 -1 5359 5353 5360 -1 5353 5359 5352 -1 5359 5355 5352 -1 5355 5359 5358 -1 5360 5356 5361 -1 5356 5360 5353 -1 5361 5357 5362 -1 5357 5361 5356 -1 5363 5351 5364 -1 5351 5363 5354 -1 5365 5148 5159 -1 5148 5365 5366 -1 5366 5365 5367 -1 5366 5367 5364 -1 5362 5354 5363 -1 5354 5362 5357 -1 5368 5206 5358 -1 5206 5368 5208 -1 5369 5360 5370 -1 5360 5369 5359 -1 5371 5363 5372 -1 5363 5371 5362 -1 5370 5361 5373 -1 5361 5370 5360 -1 5373 5362 5371 -1 5362 5373 5361 -1 5369 5358 5359 -1 5358 5369 5368 -1 5372 5364 5367 -1 5364 5372 5363 -1 5366 5141 5148 -1 5141 5366 5349 -1 5349 5366 5364 -1 5349 5364 5351 -1 5374 5368 5369 -1 5368 5374 5375 -1 5375 5208 5368 -1 5208 5375 5210 -1 5374 5370 5376 -1 5370 5374 5369 -1 5377 5371 5378 -1 5371 5377 5373 -1 5378 5372 5379 -1 5372 5378 5371 -1 5379 5367 5380 -1 5367 5379 5372 -1 5376 5373 5377 -1 5373 5376 5370 -1 5381 5162 5175 -1 5162 5381 5382 -1 5382 5381 5383 -1 5382 5383 5380 -1 5375 5212 5210 -1 5212 5375 5384 -1 5385 5377 5386 -1 5377 5385 5376 -1 5374 5384 5375 -1 5384 5374 5387 -1 5387 5376 5385 -1 5376 5387 5374 -1 5388 5380 5383 -1 5380 5388 5379 -1 5389 5379 5388 -1 5379 5389 5378 -1 5382 5159 5162 -1 5159 5382 5365 -1 5365 5382 5380 -1 5365 5380 5367 -1 5386 5378 5389 -1 5378 5386 5377 -1 5390 5385 5391 -1 5385 5390 5387 -1 5384 5214 5212 -1 5214 5384 5392 -1 5387 5392 5384 -1 5392 5387 5390 -1 5393 5389 5394 -1 5389 5393 5386 -1 5391 5386 5393 -1 5386 5391 5385 -1 5394 5388 5395 -1 5388 5394 5389 -1 5395 5383 5396 -1 5383 5395 5388 -1 5186 5397 5180 -1 5397 5186 5396 -1 5396 5186 5398 -1 5398 5186 5399 -1 5400 5393 5394 -1 5393 5400 5401 -1 5392 5216 5214 -1 5216 5392 5402 -1 5390 5402 5392 -1 5402 5390 5403 -1 5404 5390 5391 -1 5390 5404 5403 -1 5401 5391 5393 -1 5391 5401 5404 -1 5398 5395 5396 -1 5395 5398 5405 -1 5397 5175 5180 -1 5175 5397 5381 -1 5381 5397 5396 -1 5381 5396 5383 -1 5405 5394 5395 -1 5394 5405 5400 -1 5327 5403 5404 -1 5403 5327 5326 -1 5324 5401 5400 -1 5401 5324 5328 -1 5402 5218 5216 -1 5218 5402 5329 -1 5321 5405 5398 -1 5405 5321 5325 -1 5328 5404 5401 -1 5404 5328 5327 -1 5403 5329 5402 -1 5329 5403 5326 -1 5311 5300 5301 -1 5300 5311 5406 -1 5325 5400 5405 -1 5400 5325 5324 -1 5306 5407 5313 -1 5407 5306 5303 -1 5313 5406 5311 -1 5406 5313 5407 -1 5304 5303 5306 -1 5303 5304 5302 -1 5112 5399 5186 -1 5399 5112 5398 -1 5398 5112 5321 -1 5321 5112 5320 -1 5277 5302 5304 -1 5302 5277 5287 -1 5297 5224 5221 -1 5224 5297 5296 -1 5233 5295 5408 -1 5295 5233 5232 -1 5207 5279 5296 -1 5279 5207 5209 -1 5263 5252 5251 -1 5252 5263 5289 -1 5296 5271 5224 -1 5271 5296 5279 -1 5222 5231 5291 -1 5231 5222 5273 -1 5288 5228 5227 -1 5228 5288 5408 -1 5291 5233 5290 -1 5233 5291 5231 -1 5224 5273 5222 -1 5273 5224 5271 -1 5290 5408 5288 -1 5408 5290 5233 -1 5250 5190 5074 -1 5190 5250 5225 -1 5225 5250 5252 -1 5225 5252 5227 -1 5298 5407 5293 -1 5407 5298 5406 -1 5273 5234 5231 -1 5234 5273 5272 -1 5266 5289 5263 -1 5289 5266 5269 -1 5280 5299 5230 -1 5299 5280 5300 -1 5293 5303 5292 -1 5303 5293 5407 -1 5299 5406 5298 -1 5406 5299 5300 -1 5270 5290 5269 -1 5290 5270 5291 -1 5289 5227 5252 -1 5227 5289 5288 -1 5408 5283 5228 -1 5283 5408 5295 -1 5200 5268 5258 -1 5268 5200 5203 -1 5266 5255 5254 -1 5255 5266 5263 -1 5199 5248 5245 -1 5248 5199 5198 -1 5268 5221 5267 -1 5221 5268 5297 -1 5262 5345 5238 -1 5345 5262 5050 -1 5050 5262 5060 -1 5060 5262 5261 -1 5203 5297 5268 -1 5297 5203 5205 -1 5255 5238 5235 -1 5238 5255 5262 -1 5409 5410 5411 -1 5410 5409 5412 -1 5410 5413 5414 -1 5413 5410 5412 -1 5413 5415 5414 -1 5415 5413 5416 -1 5409 5415 5416 -1 5415 5409 5411 -1 5410 5415 5411 -1 5415 5410 5414 -1 5413 5409 5416 -1 5409 5413 5412 -1 5417 5418 5419 -1 5418 5417 5420 -1 5421 5422 5423 -1 5422 5421 5424 -1 5425 5426 5427 -1 5426 5425 5428 -1 5429 5430 5431 -1 5430 5429 5432 -1 5433 5434 5435 -1 5434 5433 5436 -1 5436 5433 5437 -1 5436 5437 5438 -1 5438 5437 5439 -1 5438 5439 5440 -1 5440 5439 5419 -1 5440 5419 5441 -1 5441 5419 5418 -1 5441 5418 5442 -1 5442 5418 5427 -1 5442 5427 5443 -1 5443 5427 5426 -1 5443 5426 5444 -1 5444 5426 5445 -1 5444 5445 5446 -1 5446 5445 5447 -1 5446 5447 5448 -1 5448 5447 5449 -1 5448 5449 5450 -1 5450 5449 5451 -1 5450 5451 5452 -1 5453 5454 5455 -1 5454 5453 5456 -1 5457 5458 5459 -1 5458 5457 5460 -1 5459 5456 5453 -1 5456 5459 5458 -1 5461 5462 5463 -1 5462 5461 5464 -1 5465 5435 5466 -1 5435 5465 5433 -1 5467 5468 5469 -1 5468 5467 5470 -1 5471 5472 5473 -1 5472 5471 5474 -1 5475 5437 5476 -1 5437 5475 5439 -1 5477 5471 5473 -1 5471 5477 5478 -1 5479 5478 5477 -1 5478 5479 5480 -1 5475 5419 5439 -1 5419 5475 5417 -1 5471 5455 5474 -1 5455 5471 5453 -1 5478 5453 5471 -1 5453 5478 5459 -1 5480 5459 5478 -1 5459 5480 5457 -1 5481 5482 5424 -1 5482 5481 5483 -1 5462 5469 5463 -1 5469 5462 5467 -1 5484 5430 5485 -1 5430 5484 5431 -1 5486 5485 5487 -1 5485 5486 5484 -1 5488 5481 5489 -1 5481 5488 5483 -1 5447 5490 5449 -1 5490 5447 5491 -1 5424 5492 5422 -1 5492 5424 5482 -1 5493 5484 5486 -1 5484 5493 5494 -1 5449 5495 5451 -1 5495 5449 5490 -1 5496 5484 5494 -1 5484 5496 5431 -1 5482 5432 5492 -1 5432 5482 5430 -1 5487 5483 5488 -1 5483 5487 5485 -1 5485 5482 5483 -1 5482 5485 5430 -1 5497 5447 5445 -1 5447 5497 5491 -1 5498 5431 5496 -1 5431 5498 5429 -1 5499 5464 5461 -1 5464 5499 5500 -1 5464 5500 5501 -1 5501 5500 5502 -1 5502 5500 5503 -1 5503 5500 5504 -1 5503 5504 5505 -1 5505 5504 5506 -1 5505 5506 5507 -1 5507 5506 5508 -1 5507 5508 5509 -1 5509 5508 5510 -1 5509 5510 5511 -1 5511 5510 5512 -1 5511 5512 5513 -1 5513 5512 5514 -1 5514 5512 5515 -1 5514 5515 5516 -1 5516 5515 5517 -1 5516 5517 5518 -1 5518 5517 5519 -1 5518 5519 5520 -1 5520 5519 5521 -1 5520 5521 5522 -1 5501 5479 5464 -1 5479 5501 5523 -1 5479 5523 5524 -1 5479 5524 5480 -1 5480 5524 5525 -1 5480 5525 5457 -1 5457 5525 5526 -1 5457 5526 5460 -1 5460 5526 5527 -1 5460 5527 5528 -1 5528 5527 5529 -1 5528 5529 5530 -1 5528 5530 5489 -1 5489 5530 5531 -1 5489 5531 5488 -1 5488 5531 5532 -1 5488 5532 5487 -1 5487 5532 5533 -1 5487 5533 5486 -1 5486 5533 5534 -1 5486 5534 5493 -1 5493 5534 5522 -1 5493 5522 5521 -1 5493 5521 5535 -1 5451 5536 5452 -1 5536 5451 5495 -1 5496 5537 5538 -1 5537 5496 5494 -1 5535 5494 5493 -1 5494 5535 5537 -1 5498 5538 5539 -1 5538 5498 5496 -1 5452 5540 5450 -1 5540 5452 5536 -1 5538 5541 5542 -1 5541 5538 5537 -1 5541 5535 5521 -1 5535 5541 5537 -1 5539 5542 5543 -1 5542 5539 5538 -1 5542 5544 5545 -1 5544 5542 5541 -1 5543 5545 5546 -1 5545 5543 5542 -1 5450 5547 5448 -1 5547 5450 5540 -1 5544 5521 5519 -1 5521 5544 5541 -1 5548 5468 5549 -1 5468 5548 5469 -1 5466 5434 5550 -1 5434 5466 5435 -1 5551 5469 5548 -1 5469 5551 5463 -1 5551 5461 5463 -1 5461 5551 5499 -1 5552 5548 5553 -1 5548 5552 5551 -1 5553 5549 5554 -1 5549 5553 5548 -1 5552 5499 5551 -1 5499 5552 5500 -1 5550 5436 5555 -1 5436 5550 5434 -1 5556 5500 5552 -1 5500 5556 5504 -1 5555 5438 5557 -1 5438 5555 5436 -1 5550 5465 5466 -1 5465 5550 5468 -1 5468 5550 5549 -1 5549 5550 5555 -1 5549 5555 5554 -1 5554 5555 5557 -1 5554 5557 5558 -1 5558 5557 5559 -1 5558 5559 5560 -1 5560 5559 5561 -1 5560 5561 5562 -1 5562 5561 5563 -1 5562 5563 5564 -1 5564 5563 5565 -1 5564 5565 5566 -1 5566 5565 5567 -1 5567 5565 5568 -1 5567 5568 5569 -1 5569 5568 5570 -1 5569 5570 5546 -1 5546 5570 5547 -1 5546 5547 5543 -1 5543 5547 5540 -1 5543 5540 5539 -1 5465 5470 5476 -1 5470 5465 5468 -1 5476 5470 5472 -1 5476 5472 5475 -1 5475 5472 5474 -1 5475 5474 5417 -1 5417 5474 5455 -1 5417 5455 5420 -1 5420 5455 5454 -1 5420 5454 5425 -1 5425 5454 5423 -1 5425 5423 5422 -1 5425 5422 5428 -1 5428 5422 5492 -1 5428 5492 5497 -1 5497 5492 5432 -1 5497 5432 5491 -1 5491 5432 5429 -1 5491 5429 5490 -1 5490 5429 5498 -1 5490 5498 5495 -1 5495 5498 5539 -1 5495 5539 5540 -1 5495 5540 5536 -1 5571 5552 5553 -1 5552 5571 5556 -1 5571 5554 5558 -1 5554 5571 5553 -1 5572 5558 5560 -1 5558 5572 5571 -1 5572 5556 5571 -1 5556 5572 5573 -1 5573 5504 5556 -1 5504 5573 5506 -1 5559 5438 5440 -1 5438 5559 5557 -1 5574 5572 5575 -1 5572 5574 5573 -1 5561 5440 5441 -1 5440 5561 5559 -1 5575 5560 5562 -1 5560 5575 5572 -1 5574 5506 5573 -1 5506 5574 5508 -1 5576 5575 5577 -1 5575 5576 5574 -1 5576 5508 5574 -1 5508 5576 5510 -1 5577 5562 5564 -1 5562 5577 5575 -1 5563 5441 5442 -1 5441 5563 5561 -1 5578 5510 5576 -1 5510 5578 5512 -1 5565 5442 5443 -1 5442 5565 5563 -1 5578 5577 5579 -1 5577 5578 5576 -1 5579 5564 5566 -1 5564 5579 5577 -1 5580 5579 5581 -1 5579 5580 5578 -1 5578 5515 5512 -1 5515 5578 5580 -1 5581 5566 5567 -1 5566 5581 5579 -1 5568 5443 5444 -1 5443 5568 5565 -1 5581 5582 5580 -1 5582 5581 5583 -1 5583 5567 5569 -1 5567 5583 5581 -1 5580 5517 5515 -1 5517 5580 5582 -1 5570 5444 5446 -1 5444 5570 5568 -1 5546 5583 5569 -1 5583 5546 5545 -1 5583 5544 5582 -1 5544 5583 5545 -1 5582 5519 5517 -1 5519 5582 5544 -1 5448 5570 5446 -1 5570 5448 5547 -1 5428 5445 5426 -1 5445 5428 5497 -1 5460 5584 5458 -1 5584 5460 5528 -1 5456 5423 5454 -1 5423 5456 5421 -1 5458 5421 5456 -1 5421 5458 5584 -1 5420 5427 5418 -1 5427 5420 5425 -1 5584 5424 5421 -1 5424 5584 5481 -1 5489 5584 5528 -1 5584 5489 5481 -1 5464 5477 5462 -1 5477 5464 5479 -1 5477 5467 5462 -1 5467 5477 5473 -1 5476 5433 5465 -1 5433 5476 5437 -1 5473 5470 5467 -1 5470 5473 5472 -1 5585 5586 5587 -1 5586 5585 5588 -1 5589 5590 5591 -1 5590 5589 5592 -1 5593 5592 5589 -1 5592 5593 5594 -1 5587 5530 5529 -1 5530 5587 5586 -1 5595 5586 5588 -1 5586 5595 5596 -1 5594 5597 5592 -1 5597 5594 5598 -1 5599 5596 5595 -1 5596 5599 5600 -1 5601 5602 5603 -1 5602 5601 5604 -1 5604 5605 5602 -1 5605 5604 5606 -1 5607 5608 5609 -1 5608 5607 5610 -1 5608 5603 5609 -1 5603 5608 5601 -1 5611 5612 5613 -1 5612 5611 5614 -1 5615 5601 5608 -1 5601 5615 5616 -1 5617 5524 5612 -1 5524 5617 5525 -1 5614 5617 5612 -1 5617 5614 5618 -1 5619 5615 5620 -1 5615 5619 5621 -1 5597 5622 5623 -1 5622 5597 5624 -1 5618 5625 5617 -1 5625 5618 5626 -1 5627 5628 5629 -1 5628 5627 5630 -1 5617 5526 5525 -1 5526 5617 5625 -1 5631 5630 5627 -1 5630 5631 5632 -1 5621 5632 5631 -1 5632 5621 5633 -1 5619 5633 5621 -1 5633 5619 5634 -1 5635 5636 5637 -1 5636 5635 5638 -1 5625 5527 5526 -1 5527 5625 5639 -1 5640 5593 5641 -1 5593 5640 5642 -1 5630 5643 5628 -1 5643 5630 5644 -1 5645 5600 5599 -1 5600 5645 5646 -1 5647 5648 5649 -1 5648 5647 5650 -1 5651 5646 5645 -1 5646 5651 5652 -1 5649 5653 5654 -1 5653 5649 5648 -1 5654 5655 5656 -1 5655 5654 5653 -1 5533 5652 5534 -1 5652 5533 5646 -1 5657 5647 5658 -1 5647 5657 5650 -1 5534 5659 5522 -1 5659 5534 5652 -1 5658 5660 5661 -1 5660 5658 5647 -1 5652 5662 5659 -1 5662 5652 5651 -1 5654 5663 5664 -1 5663 5654 5656 -1 5665 5654 5664 -1 5654 5665 5649 -1 5647 5665 5660 -1 5665 5647 5649 -1 5522 5666 5520 -1 5666 5522 5659 -1 5661 5667 5668 -1 5667 5661 5660 -1 5665 5669 5670 -1 5669 5665 5664 -1 5660 5670 5667 -1 5670 5660 5665 -1 5659 5671 5666 -1 5671 5659 5662 -1 5664 5672 5669 -1 5672 5664 5663 -1 5673 5671 5674 -1 5671 5673 5666 -1 5668 5675 5676 -1 5675 5668 5667 -1 5667 5677 5675 -1 5677 5667 5670 -1 5520 5673 5518 -1 5673 5520 5666 -1 5602 5678 5679 -1 5678 5602 5605 -1 5680 5502 5681 -1 5502 5680 5501 -1 5679 5682 5683 -1 5682 5679 5678 -1 5684 5680 5681 -1 5680 5684 5685 -1 5686 5679 5683 -1 5679 5686 5687 -1 5688 5687 5686 -1 5687 5688 5689 -1 5690 5689 5688 -1 5689 5690 5691 -1 5681 5503 5692 -1 5503 5681 5502 -1 5692 5684 5681 -1 5684 5692 5693 -1 5689 5603 5687 -1 5603 5689 5609 -1 5691 5609 5689 -1 5609 5691 5607 -1 5687 5602 5679 -1 5602 5687 5603 -1 5694 5686 5695 -1 5686 5694 5688 -1 5696 5688 5694 -1 5688 5696 5690 -1 5683 5697 5698 -1 5697 5683 5682 -1 5695 5683 5698 -1 5683 5695 5686 -1 5699 5693 5692 -1 5693 5699 5700 -1 5692 5505 5699 -1 5505 5692 5503 -1 5701 5694 5702 -1 5694 5701 5696 -1 5703 5505 5507 -1 5505 5703 5699 -1 5704 5697 5705 -1 5697 5704 5698 -1 5703 5700 5699 -1 5700 5703 5706 -1 5707 5698 5704 -1 5698 5707 5695 -1 5702 5695 5707 -1 5695 5702 5694 -1 5708 5702 5709 -1 5702 5708 5701 -1 5710 5705 5711 -1 5705 5710 5704 -1 5712 5507 5509 -1 5507 5712 5703 -1 5709 5707 5713 -1 5707 5709 5702 -1 5712 5706 5703 -1 5706 5712 5714 -1 5713 5704 5710 -1 5704 5713 5707 -1 5715 5713 5716 -1 5713 5715 5709 -1 5717 5711 5718 -1 5711 5717 5710 -1 5719 5709 5715 -1 5709 5719 5708 -1 5716 5710 5717 -1 5710 5716 5713 -1 5720 5509 5511 -1 5509 5720 5712 -1 5721 5712 5720 -1 5712 5721 5714 -1 5722 5715 5723 -1 5715 5722 5719 -1 5723 5716 5724 -1 5716 5723 5715 -1 5724 5717 5725 -1 5717 5724 5716 -1 5726 5720 5727 -1 5720 5726 5721 -1 5725 5718 5728 -1 5718 5725 5717 -1 5727 5511 5513 -1 5511 5727 5720 -1 5684 5605 5685 -1 5605 5684 5678 -1 5678 5684 5693 -1 5678 5693 5682 -1 5682 5693 5700 -1 5682 5700 5697 -1 5697 5700 5706 -1 5697 5706 5705 -1 5705 5706 5714 -1 5705 5714 5711 -1 5711 5714 5721 -1 5711 5721 5718 -1 5718 5721 5726 -1 5718 5726 5728 -1 5728 5726 5729 -1 5729 5726 5730 -1 5729 5730 5731 -1 5731 5730 5732 -1 5731 5732 5676 -1 5676 5732 5674 -1 5676 5674 5668 -1 5668 5674 5671 -1 5668 5671 5661 -1 5661 5671 5662 -1 5605 5611 5685 -1 5611 5605 5606 -1 5611 5606 5614 -1 5614 5606 5733 -1 5614 5733 5618 -1 5618 5733 5629 -1 5618 5629 5626 -1 5626 5629 5628 -1 5626 5628 5734 -1 5734 5628 5643 -1 5734 5643 5585 -1 5585 5643 5591 -1 5585 5591 5590 -1 5585 5590 5588 -1 5588 5590 5623 -1 5588 5623 5595 -1 5595 5623 5622 -1 5595 5622 5599 -1 5599 5622 5657 -1 5599 5657 5645 -1 5645 5657 5658 -1 5645 5658 5651 -1 5651 5658 5661 -1 5651 5661 5662 -1 5735 5723 5736 -1 5723 5735 5722 -1 5736 5724 5737 -1 5724 5736 5723 -1 5738 5728 5729 -1 5728 5738 5725 -1 5737 5725 5738 -1 5725 5737 5724 -1 5727 5730 5726 -1 5730 5727 5739 -1 5739 5513 5514 -1 5513 5739 5727 -1 5740 5736 5741 -1 5736 5740 5735 -1 5742 5729 5731 -1 5729 5742 5738 -1 5743 5514 5516 -1 5514 5743 5739 -1 5744 5738 5742 -1 5738 5744 5737 -1 5741 5737 5744 -1 5737 5741 5736 -1 5739 5732 5730 -1 5732 5739 5743 -1 5745 5740 5741 -1 5740 5745 5746 -1 5676 5742 5731 -1 5742 5676 5675 -1 5675 5744 5742 -1 5744 5675 5677 -1 5677 5741 5744 -1 5741 5677 5745 -1 5518 5743 5516 -1 5743 5518 5673 -1 5743 5674 5732 -1 5674 5743 5673 -1 5669 5746 5745 -1 5746 5669 5672 -1 5670 5745 5677 -1 5745 5670 5669 -1 5648 5636 5653 -1 5636 5648 5747 -1 5653 5638 5655 -1 5638 5653 5636 -1 5748 5637 5749 -1 5637 5748 5635 -1 5622 5650 5657 -1 5650 5622 5624 -1 5650 5747 5648 -1 5747 5650 5624 -1 5642 5594 5593 -1 5594 5642 5749 -1 5586 5531 5530 -1 5531 5586 5596 -1 5596 5532 5531 -1 5532 5596 5600 -1 5637 5747 5598 -1 5747 5637 5636 -1 5598 5624 5597 -1 5624 5598 5747 -1 5644 5591 5643 -1 5591 5644 5589 -1 5639 5529 5527 -1 5529 5639 5587 -1 5734 5587 5639 -1 5587 5734 5585 -1 5634 5640 5633 -1 5640 5634 5750 -1 5632 5644 5630 -1 5644 5632 5641 -1 5592 5623 5590 -1 5623 5592 5597 -1 5626 5639 5625 -1 5639 5626 5734 -1 5633 5641 5632 -1 5641 5633 5640 -1 5532 5646 5533 -1 5646 5532 5600 -1 5749 5598 5594 -1 5598 5749 5637 -1 5631 5751 5616 -1 5751 5631 5627 -1 5621 5616 5615 -1 5616 5621 5631 -1 5627 5733 5751 -1 5733 5627 5629 -1 5641 5589 5644 -1 5589 5641 5593 -1 5750 5642 5640 -1 5642 5750 5752 -1 5613 5501 5680 -1 5501 5613 5523 -1 5611 5680 5685 -1 5680 5611 5613 -1 5612 5523 5613 -1 5523 5612 5524 -1 5752 5749 5642 -1 5749 5752 5748 -1 5751 5606 5604 -1 5606 5751 5733 -1 5616 5604 5601 -1 5604 5616 5751 -1 5620 5608 5610 -1 5608 5620 5615 -1 5753 5754 5755 -1 5754 5753 5756 -1 5757 5758 5759 -1 5758 5757 5760 -1 5760 5757 5761 -1 5760 5761 5762 -1 5760 5762 5763 -1 5763 5762 5764 -1 5763 5764 5765 -1 5765 5764 5766 -1 5765 5766 5767 -1 5767 5766 5768 -1 5767 5768 5769 -1 5769 5768 5770 -1 5769 5770 5771 -1 5771 5770 5772 -1 5771 5772 5773 -1 5773 5772 5774 -1 5773 5774 5775 -1 5775 5774 5776 -1 5775 5776 5777 -1 5777 5776 5778 -1 5777 5778 5779 -1 5779 5778 5780 -1 5781 5782 5783 -1 5782 5781 5784 -1 5785 5752 5750 -1 5752 5785 5786 -1 5786 5785 5787 -1 5786 5787 5788 -1 5773 5789 5771 -1 5789 5773 5790 -1 5791 5792 5793 -1 5792 5791 5794 -1 5795 5796 5797 -1 5796 5795 5798 -1 5799 5797 5800 -1 5797 5799 5795 -1 5801 5800 5802 -1 5800 5801 5799 -1 5803 5802 5804 -1 5802 5803 5801 -1 5805 5806 5807 -1 5806 5805 5808 -1 5806 5804 5807 -1 5804 5806 5803 -1 5809 5634 5619 -1 5634 5809 5810 -1 5810 5809 5811 -1 5810 5811 5812 -1 5813 5799 5801 -1 5799 5813 5814 -1 5814 5795 5799 -1 5795 5814 5815 -1 5816 5801 5803 -1 5801 5816 5813 -1 5817 5803 5806 -1 5803 5817 5816 -1 5808 5817 5806 -1 5817 5808 5818 -1 5754 5819 5755 -1 5819 5754 5820 -1 5819 5691 5690 -1 5691 5819 5820 -1 5758 5818 5808 -1 5818 5758 5760 -1 5811 5821 5822 -1 5821 5811 5620 -1 5620 5811 5619 -1 5619 5811 5809 -1 5823 5822 5815 -1 5822 5823 5811 -1 5824 5813 5816 -1 5813 5824 5825 -1 5825 5814 5813 -1 5814 5825 5826 -1 5818 5827 5817 -1 5827 5818 5828 -1 5827 5816 5817 -1 5816 5827 5824 -1 5825 5829 5826 -1 5829 5825 5830 -1 5824 5830 5825 -1 5830 5824 5783 -1 5827 5783 5824 -1 5783 5827 5781 -1 5831 5832 5833 -1 5832 5831 5834 -1 5655 5835 5656 -1 5835 5655 5836 -1 5836 5655 5837 -1 5837 5655 5838 -1 5771 5839 5769 -1 5839 5771 5789 -1 5789 5831 5839 -1 5831 5789 5834 -1 5777 5840 5775 -1 5840 5777 5841 -1 5786 5748 5752 -1 5748 5786 5842 -1 5842 5786 5788 -1 5842 5788 5843 -1 5842 5635 5748 -1 5635 5842 5844 -1 5844 5842 5843 -1 5844 5843 5845 -1 5844 5638 5635 -1 5638 5844 5846 -1 5846 5844 5845 -1 5846 5845 5847 -1 5829 5848 5849 -1 5848 5829 5850 -1 5783 5851 5830 -1 5851 5783 5782 -1 5794 5852 5792 -1 5852 5794 5853 -1 5792 5854 5855 -1 5854 5792 5852 -1 5855 5845 5843 -1 5845 5855 5854 -1 5765 5856 5857 -1 5856 5765 5767 -1 5834 5858 5832 -1 5858 5834 5859 -1 5832 5853 5794 -1 5853 5832 5858 -1 5841 5860 5840 -1 5860 5841 5861 -1 5790 5834 5789 -1 5834 5790 5859 -1 5775 5790 5773 -1 5790 5775 5840 -1 5638 5838 5655 -1 5838 5638 5837 -1 5837 5638 5847 -1 5847 5638 5846 -1 5852 5862 5854 -1 5862 5852 5863 -1 5854 5847 5845 -1 5847 5854 5862 -1 5836 5864 5865 -1 5864 5836 5837 -1 5865 5866 5867 -1 5866 5865 5864 -1 5779 5841 5777 -1 5841 5779 5868 -1 5869 5861 5870 -1 5861 5869 5871 -1 5868 5861 5841 -1 5861 5868 5870 -1 5872 5871 5869 -1 5871 5872 5873 -1 5867 5873 5872 -1 5873 5867 5866 -1 5865 5874 5875 -1 5874 5865 5867 -1 5876 5870 5868 -1 5870 5876 5877 -1 5867 5878 5874 -1 5878 5867 5872 -1 5780 5868 5779 -1 5868 5780 5876 -1 5872 5879 5878 -1 5879 5872 5869 -1 5869 5877 5879 -1 5877 5869 5870 -1 5663 5880 5672 -1 5880 5663 5881 -1 5881 5663 5882 -1 5882 5663 5883 -1 5836 5875 5882 -1 5875 5836 5865 -1 5656 5883 5663 -1 5883 5656 5882 -1 5882 5656 5836 -1 5836 5656 5835 -1 5875 5884 5885 -1 5884 5875 5874 -1 5882 5885 5881 -1 5885 5882 5875 -1 5879 5886 5887 -1 5886 5879 5877 -1 5874 5888 5884 -1 5888 5874 5878 -1 5889 5780 5778 -1 5780 5889 5876 -1 5886 5876 5889 -1 5876 5886 5877 -1 5878 5887 5888 -1 5887 5878 5879 -1 5890 5805 5807 -1 5805 5890 5891 -1 5892 5893 5894 -1 5893 5892 5895 -1 5894 5756 5753 -1 5756 5894 5893 -1 5896 5757 5891 -1 5757 5896 5761 -1 5890 5804 5897 -1 5804 5890 5807 -1 5895 5800 5893 -1 5800 5895 5802 -1 5891 5759 5805 -1 5759 5891 5757 -1 5898 5891 5890 -1 5891 5898 5896 -1 5754 5691 5820 -1 5691 5754 5796 -1 5691 5796 5899 -1 5607 5691 5899 -1 5898 5897 5900 -1 5897 5898 5890 -1 5900 5895 5892 -1 5895 5900 5897 -1 5897 5802 5895 -1 5802 5897 5804 -1 5893 5797 5756 -1 5797 5893 5800 -1 5756 5796 5754 -1 5796 5756 5797 -1 5901 5761 5896 -1 5761 5901 5762 -1 5902 5900 5903 -1 5900 5902 5898 -1 5903 5892 5904 -1 5892 5903 5900 -1 5796 5607 5899 -1 5607 5796 5798 -1 5607 5798 5610 -1 5610 5798 5905 -1 5902 5896 5898 -1 5896 5902 5901 -1 5904 5894 5906 -1 5894 5904 5892 -1 5907 5755 5908 -1 5755 5907 5753 -1 5906 5753 5907 -1 5753 5906 5894 -1 5909 5696 5701 -1 5696 5909 5910 -1 5910 5909 5911 -1 5910 5911 5908 -1 5912 5903 5913 -1 5903 5912 5902 -1 5914 5908 5911 -1 5908 5914 5907 -1 5755 5910 5908 -1 5910 5755 5696 -1 5696 5755 5690 -1 5690 5755 5819 -1 5915 5762 5901 -1 5762 5915 5764 -1 5913 5904 5916 -1 5904 5913 5903 -1 5912 5901 5902 -1 5901 5912 5915 -1 5917 5907 5914 -1 5907 5917 5906 -1 5916 5906 5917 -1 5906 5916 5904 -1 5918 5764 5915 -1 5764 5918 5766 -1 5919 5913 5920 -1 5913 5919 5912 -1 5919 5915 5912 -1 5915 5919 5918 -1 5920 5916 5921 -1 5916 5920 5913 -1 5921 5917 5922 -1 5917 5921 5916 -1 5923 5911 5924 -1 5911 5923 5914 -1 5925 5708 5719 -1 5708 5925 5926 -1 5926 5925 5927 -1 5926 5927 5924 -1 5922 5914 5923 -1 5914 5922 5917 -1 5928 5766 5918 -1 5766 5928 5768 -1 5929 5920 5930 -1 5920 5929 5919 -1 5931 5923 5932 -1 5923 5931 5922 -1 5930 5921 5933 -1 5921 5930 5920 -1 5933 5922 5931 -1 5922 5933 5921 -1 5929 5918 5919 -1 5918 5929 5928 -1 5932 5924 5927 -1 5924 5932 5923 -1 5926 5701 5708 -1 5701 5926 5909 -1 5909 5926 5924 -1 5909 5924 5911 -1 5934 5928 5929 -1 5928 5934 5935 -1 5935 5768 5928 -1 5768 5935 5770 -1 5934 5930 5936 -1 5930 5934 5929 -1 5937 5931 5938 -1 5931 5937 5933 -1 5938 5932 5939 -1 5932 5938 5931 -1 5939 5927 5940 -1 5927 5939 5932 -1 5936 5933 5937 -1 5933 5936 5930 -1 5941 5722 5735 -1 5722 5941 5942 -1 5942 5941 5943 -1 5942 5943 5940 -1 5935 5772 5770 -1 5772 5935 5944 -1 5945 5937 5946 -1 5937 5945 5936 -1 5934 5944 5935 -1 5944 5934 5947 -1 5947 5936 5945 -1 5936 5947 5934 -1 5948 5940 5943 -1 5940 5948 5939 -1 5949 5939 5948 -1 5939 5949 5938 -1 5942 5719 5722 -1 5719 5942 5925 -1 5925 5942 5940 -1 5925 5940 5927 -1 5946 5938 5949 -1 5938 5946 5937 -1 5950 5945 5951 -1 5945 5950 5947 -1 5944 5774 5772 -1 5774 5944 5952 -1 5947 5952 5944 -1 5952 5947 5950 -1 5953 5949 5954 -1 5949 5953 5946 -1 5951 5946 5953 -1 5946 5951 5945 -1 5954 5948 5955 -1 5948 5954 5949 -1 5955 5943 5956 -1 5943 5955 5948 -1 5746 5957 5740 -1 5957 5746 5956 -1 5956 5746 5958 -1 5958 5746 5959 -1 5960 5953 5954 -1 5953 5960 5961 -1 5952 5776 5774 -1 5776 5952 5962 -1 5950 5962 5952 -1 5962 5950 5963 -1 5964 5950 5951 -1 5950 5964 5963 -1 5961 5951 5953 -1 5951 5961 5964 -1 5958 5955 5956 -1 5955 5958 5965 -1 5957 5735 5740 -1 5735 5957 5941 -1 5941 5957 5956 -1 5941 5956 5943 -1 5965 5954 5955 -1 5954 5965 5960 -1 5887 5963 5964 -1 5963 5887 5886 -1 5884 5961 5960 -1 5961 5884 5888 -1 5962 5778 5776 -1 5778 5962 5889 -1 5881 5965 5958 -1 5965 5881 5885 -1 5888 5964 5961 -1 5964 5888 5887 -1 5963 5889 5962 -1 5889 5963 5886 -1 5871 5860 5861 -1 5860 5871 5966 -1 5885 5960 5965 -1 5960 5885 5884 -1 5866 5967 5873 -1 5967 5866 5863 -1 5873 5966 5871 -1 5966 5873 5967 -1 5864 5863 5866 -1 5863 5864 5862 -1 5672 5959 5746 -1 5959 5672 5958 -1 5958 5672 5881 -1 5881 5672 5880 -1 5837 5862 5864 -1 5862 5837 5847 -1 5857 5784 5781 -1 5784 5857 5856 -1 5793 5855 5968 -1 5855 5793 5792 -1 5767 5839 5856 -1 5839 5767 5769 -1 5823 5812 5811 -1 5812 5823 5849 -1 5856 5831 5784 -1 5831 5856 5839 -1 5782 5791 5851 -1 5791 5782 5833 -1 5848 5788 5787 -1 5788 5848 5968 -1 5851 5793 5850 -1 5793 5851 5791 -1 5784 5833 5782 -1 5833 5784 5831 -1 5850 5968 5848 -1 5968 5850 5793 -1 5810 5750 5634 -1 5750 5810 5785 -1 5785 5810 5812 -1 5785 5812 5787 -1 5858 5967 5853 -1 5967 5858 5966 -1 5833 5794 5791 -1 5794 5833 5832 -1 5826 5849 5823 -1 5849 5826 5829 -1 5840 5859 5790 -1 5859 5840 5860 -1 5853 5863 5852 -1 5863 5853 5967 -1 5859 5966 5858 -1 5966 5859 5860 -1 5830 5850 5829 -1 5850 5830 5851 -1 5849 5787 5812 -1 5787 5849 5848 -1 5968 5843 5788 -1 5843 5968 5855 -1 5760 5828 5818 -1 5828 5760 5763 -1 5826 5815 5814 -1 5815 5826 5823 -1 5759 5808 5805 -1 5808 5759 5758 -1 5828 5781 5827 -1 5781 5828 5857 -1 5822 5905 5798 -1 5905 5822 5610 -1 5610 5822 5620 -1 5620 5822 5821 -1 5763 5857 5828 -1 5857 5763 5765 -1 5815 5798 5795 -1 5798 5815 5822 -1 5969 5970 5971 -1 5970 5969 5972 -1 5970 5973 5974 -1 5973 5970 5972 -1 5973 5975 5974 -1 5975 5973 5976 -1 5969 5975 5976 -1 5975 5969 5971 -1 5970 5975 5971 -1 5975 5970 5974 -1 5973 5969 5976 -1 5969 5973 5972 -1 5977 5978 5979 -1 5978 5977 5980 -1 5981 5982 5983 -1 5982 5981 5984 -1 5985 5986 5987 -1 5986 5985 5988 -1 5989 5990 5991 -1 5990 5989 5992 -1 5993 5994 5995 -1 5994 5993 5996 -1 5996 5993 5997 -1 5996 5997 5998 -1 5998 5997 5999 -1 5998 5999 6000 -1 6000 5999 5979 -1 6000 5979 6001 -1 6001 5979 5978 -1 6001 5978 6002 -1 6002 5978 5987 -1 6002 5987 6003 -1 6003 5987 5986 -1 6003 5986 6004 -1 6004 5986 6005 -1 6004 6005 6006 -1 6006 6005 6007 -1 6006 6007 6008 -1 6008 6007 6009 -1 6008 6009 6010 -1 6010 6009 6011 -1 6010 6011 6012 -1 6013 6014 6015 -1 6014 6013 6016 -1 6017 6018 6019 -1 6018 6017 6020 -1 6019 6016 6013 -1 6016 6019 6018 -1 6021 6022 6023 -1 6022 6021 6024 -1 6025 5995 6026 -1 5995 6025 5993 -1 6027 6028 6029 -1 6028 6027 6030 -1 6031 6032 6033 -1 6032 6031 6034 -1 6035 5997 6036 -1 5997 6035 5999 -1 6037 6031 6033 -1 6031 6037 6038 -1 6039 6038 6037 -1 6038 6039 6040 -1 6035 5979 5999 -1 5979 6035 5977 -1 6031 6015 6034 -1 6015 6031 6013 -1 6038 6013 6031 -1 6013 6038 6019 -1 6040 6019 6038 -1 6019 6040 6017 -1 6041 6042 5984 -1 6042 6041 6043 -1 6022 6029 6023 -1 6029 6022 6027 -1 6044 5990 6045 -1 5990 6044 5991 -1 6046 6045 6047 -1 6045 6046 6044 -1 6048 6041 6049 -1 6041 6048 6043 -1 6007 6050 6009 -1 6050 6007 6051 -1 5984 6052 5982 -1 6052 5984 6042 -1 6053 6044 6046 -1 6044 6053 6054 -1 6009 6055 6011 -1 6055 6009 6050 -1 6056 6044 6054 -1 6044 6056 5991 -1 6042 5992 6052 -1 5992 6042 5990 -1 6047 6043 6048 -1 6043 6047 6045 -1 6045 6042 6043 -1 6042 6045 5990 -1 6057 6007 6005 -1 6007 6057 6051 -1 6058 5991 6056 -1 5991 6058 5989 -1 6059 6024 6021 -1 6024 6059 6060 -1 6024 6060 6061 -1 6061 6060 6062 -1 6062 6060 6063 -1 6063 6060 6064 -1 6063 6064 6065 -1 6065 6064 6066 -1 6065 6066 6067 -1 6067 6066 6068 -1 6067 6068 6069 -1 6069 6068 6070 -1 6069 6070 6071 -1 6071 6070 6072 -1 6071 6072 6073 -1 6073 6072 6074 -1 6074 6072 6075 -1 6074 6075 6076 -1 6076 6075 6077 -1 6076 6077 6078 -1 6078 6077 6079 -1 6078 6079 6080 -1 6080 6079 6081 -1 6080 6081 6082 -1 6061 6039 6024 -1 6039 6061 6083 -1 6039 6083 6084 -1 6039 6084 6040 -1 6040 6084 6085 -1 6040 6085 6017 -1 6017 6085 6086 -1 6017 6086 6020 -1 6020 6086 6087 -1 6020 6087 6088 -1 6088 6087 6089 -1 6088 6089 6090 -1 6088 6090 6049 -1 6049 6090 6091 -1 6049 6091 6048 -1 6048 6091 6092 -1 6048 6092 6047 -1 6047 6092 6093 -1 6047 6093 6046 -1 6046 6093 6094 -1 6046 6094 6053 -1 6053 6094 6082 -1 6053 6082 6081 -1 6053 6081 6095 -1 6011 6096 6012 -1 6096 6011 6055 -1 6056 6097 6098 -1 6097 6056 6054 -1 6095 6054 6053 -1 6054 6095 6097 -1 6058 6098 6099 -1 6098 6058 6056 -1 6012 6100 6010 -1 6100 6012 6096 -1 6098 6101 6102 -1 6101 6098 6097 -1 6101 6095 6081 -1 6095 6101 6097 -1 6099 6102 6103 -1 6102 6099 6098 -1 6102 6104 6105 -1 6104 6102 6101 -1 6103 6105 6106 -1 6105 6103 6102 -1 6010 6107 6008 -1 6107 6010 6100 -1 6104 6081 6079 -1 6081 6104 6101 -1 6108 6028 6109 -1 6028 6108 6029 -1 6026 5994 6110 -1 5994 6026 5995 -1 6111 6029 6108 -1 6029 6111 6023 -1 6111 6021 6023 -1 6021 6111 6059 -1 6112 6108 6113 -1 6108 6112 6111 -1 6113 6109 6114 -1 6109 6113 6108 -1 6112 6059 6111 -1 6059 6112 6060 -1 6110 5996 6115 -1 5996 6110 5994 -1 6116 6060 6112 -1 6060 6116 6064 -1 6115 5998 6117 -1 5998 6115 5996 -1 6110 6025 6026 -1 6025 6110 6028 -1 6028 6110 6109 -1 6109 6110 6115 -1 6109 6115 6114 -1 6114 6115 6117 -1 6114 6117 6118 -1 6118 6117 6119 -1 6118 6119 6120 -1 6120 6119 6121 -1 6120 6121 6122 -1 6122 6121 6123 -1 6122 6123 6124 -1 6124 6123 6125 -1 6124 6125 6126 -1 6126 6125 6127 -1 6127 6125 6128 -1 6127 6128 6129 -1 6129 6128 6130 -1 6129 6130 6106 -1 6106 6130 6107 -1 6106 6107 6103 -1 6103 6107 6100 -1 6103 6100 6099 -1 6025 6030 6036 -1 6030 6025 6028 -1 6036 6030 6032 -1 6036 6032 6035 -1 6035 6032 6034 -1 6035 6034 5977 -1 5977 6034 6015 -1 5977 6015 5980 -1 5980 6015 6014 -1 5980 6014 5985 -1 5985 6014 5983 -1 5985 5983 5982 -1 5985 5982 5988 -1 5988 5982 6052 -1 5988 6052 6057 -1 6057 6052 5992 -1 6057 5992 6051 -1 6051 5992 5989 -1 6051 5989 6050 -1 6050 5989 6058 -1 6050 6058 6055 -1 6055 6058 6099 -1 6055 6099 6100 -1 6055 6100 6096 -1 6131 6112 6113 -1 6112 6131 6116 -1 6131 6114 6118 -1 6114 6131 6113 -1 6132 6118 6120 -1 6118 6132 6131 -1 6132 6116 6131 -1 6116 6132 6133 -1 6133 6064 6116 -1 6064 6133 6066 -1 6119 5998 6000 -1 5998 6119 6117 -1 6134 6132 6135 -1 6132 6134 6133 -1 6121 6000 6001 -1 6000 6121 6119 -1 6135 6120 6122 -1 6120 6135 6132 -1 6134 6066 6133 -1 6066 6134 6068 -1 6136 6135 6137 -1 6135 6136 6134 -1 6136 6068 6134 -1 6068 6136 6070 -1 6137 6122 6124 -1 6122 6137 6135 -1 6123 6001 6002 -1 6001 6123 6121 -1 6138 6070 6136 -1 6070 6138 6072 -1 6125 6002 6003 -1 6002 6125 6123 -1 6138 6137 6139 -1 6137 6138 6136 -1 6139 6124 6126 -1 6124 6139 6137 -1 6140 6139 6141 -1 6139 6140 6138 -1 6138 6075 6072 -1 6075 6138 6140 -1 6141 6126 6127 -1 6126 6141 6139 -1 6128 6003 6004 -1 6003 6128 6125 -1 6141 6142 6140 -1 6142 6141 6143 -1 6143 6127 6129 -1 6127 6143 6141 -1 6140 6077 6075 -1 6077 6140 6142 -1 6130 6004 6006 -1 6004 6130 6128 -1 6106 6143 6129 -1 6143 6106 6105 -1 6143 6104 6142 -1 6104 6143 6105 -1 6142 6079 6077 -1 6079 6142 6104 -1 6008 6130 6006 -1 6130 6008 6107 -1 5988 6005 5986 -1 6005 5988 6057 -1 6020 6144 6018 -1 6144 6020 6088 -1 6016 5983 6014 -1 5983 6016 5981 -1 6018 5981 6016 -1 5981 6018 6144 -1 5980 5987 5978 -1 5987 5980 5985 -1 6144 5984 5981 -1 5984 6144 6041 -1 6049 6144 6088 -1 6144 6049 6041 -1 6024 6037 6022 -1 6037 6024 6039 -1 6037 6027 6022 -1 6027 6037 6033 -1 6036 5993 6025 -1 5993 6036 5997 -1 6033 6030 6027 -1 6030 6033 6032 -1 6145 6146 6147 -1 6146 6145 6148 -1 6149 6150 6151 -1 6150 6149 6152 -1 6153 6152 6149 -1 6152 6153 6154 -1 6147 6090 6089 -1 6090 6147 6146 -1 6155 6146 6148 -1 6146 6155 6156 -1 6154 6157 6152 -1 6157 6154 6158 -1 6159 6156 6155 -1 6156 6159 6160 -1 6161 6162 6163 -1 6162 6161 6164 -1 6164 6165 6162 -1 6165 6164 6166 -1 6167 6168 6169 -1 6168 6167 6170 -1 6168 6163 6169 -1 6163 6168 6161 -1 6171 6172 6173 -1 6172 6171 6174 -1 6175 6161 6168 -1 6161 6175 6176 -1 6177 6084 6172 -1 6084 6177 6085 -1 6174 6177 6172 -1 6177 6174 6178 -1 6179 6175 6180 -1 6175 6179 6181 -1 6157 6182 6183 -1 6182 6157 6184 -1 6178 6185 6177 -1 6185 6178 6186 -1 6187 6188 6189 -1 6188 6187 6190 -1 6177 6086 6085 -1 6086 6177 6185 -1 6191 6190 6187 -1 6190 6191 6192 -1 6181 6192 6191 -1 6192 6181 6193 -1 6179 6193 6181 -1 6193 6179 6194 -1 6195 6196 6197 -1 6196 6195 6198 -1 6185 6087 6086 -1 6087 6185 6199 -1 6200 6153 6201 -1 6153 6200 6202 -1 6190 6203 6188 -1 6203 6190 6204 -1 6205 6160 6159 -1 6160 6205 6206 -1 6207 6208 6209 -1 6208 6207 6210 -1 6211 6206 6205 -1 6206 6211 6212 -1 6209 6213 6214 -1 6213 6209 6208 -1 6214 6215 6216 -1 6215 6214 6213 -1 6093 6212 6094 -1 6212 6093 6206 -1 6217 6207 6218 -1 6207 6217 6210 -1 6094 6219 6082 -1 6219 6094 6212 -1 6218 6220 6221 -1 6220 6218 6207 -1 6212 6222 6219 -1 6222 6212 6211 -1 6214 6223 6224 -1 6223 6214 6216 -1 6225 6214 6224 -1 6214 6225 6209 -1 6207 6225 6220 -1 6225 6207 6209 -1 6082 6226 6080 -1 6226 6082 6219 -1 6221 6227 6228 -1 6227 6221 6220 -1 6225 6229 6230 -1 6229 6225 6224 -1 6220 6230 6227 -1 6230 6220 6225 -1 6219 6231 6226 -1 6231 6219 6222 -1 6224 6232 6229 -1 6232 6224 6223 -1 6233 6231 6234 -1 6231 6233 6226 -1 6228 6235 6236 -1 6235 6228 6227 -1 6227 6237 6235 -1 6237 6227 6230 -1 6080 6233 6078 -1 6233 6080 6226 -1 6162 6238 6239 -1 6238 6162 6165 -1 6240 6062 6241 -1 6062 6240 6061 -1 6239 6242 6243 -1 6242 6239 6238 -1 6244 6240 6241 -1 6240 6244 6245 -1 6246 6239 6243 -1 6239 6246 6247 -1 6248 6247 6246 -1 6247 6248 6249 -1 6250 6249 6248 -1 6249 6250 6251 -1 6241 6063 6252 -1 6063 6241 6062 -1 6252 6244 6241 -1 6244 6252 6253 -1 6249 6163 6247 -1 6163 6249 6169 -1 6251 6169 6249 -1 6169 6251 6167 -1 6247 6162 6239 -1 6162 6247 6163 -1 6254 6246 6255 -1 6246 6254 6248 -1 6256 6248 6254 -1 6248 6256 6250 -1 6243 6257 6258 -1 6257 6243 6242 -1 6255 6243 6258 -1 6243 6255 6246 -1 6259 6253 6252 -1 6253 6259 6260 -1 6252 6065 6259 -1 6065 6252 6063 -1 6261 6254 6262 -1 6254 6261 6256 -1 6263 6065 6067 -1 6065 6263 6259 -1 6264 6257 6265 -1 6257 6264 6258 -1 6263 6260 6259 -1 6260 6263 6266 -1 6267 6258 6264 -1 6258 6267 6255 -1 6262 6255 6267 -1 6255 6262 6254 -1 6268 6262 6269 -1 6262 6268 6261 -1 6270 6265 6271 -1 6265 6270 6264 -1 6272 6067 6069 -1 6067 6272 6263 -1 6269 6267 6273 -1 6267 6269 6262 -1 6272 6266 6263 -1 6266 6272 6274 -1 6273 6264 6270 -1 6264 6273 6267 -1 6275 6273 6276 -1 6273 6275 6269 -1 6277 6271 6278 -1 6271 6277 6270 -1 6279 6269 6275 -1 6269 6279 6268 -1 6276 6270 6277 -1 6270 6276 6273 -1 6280 6069 6071 -1 6069 6280 6272 -1 6281 6272 6280 -1 6272 6281 6274 -1 6282 6275 6283 -1 6275 6282 6279 -1 6283 6276 6284 -1 6276 6283 6275 -1 6284 6277 6285 -1 6277 6284 6276 -1 6286 6280 6287 -1 6280 6286 6281 -1 6285 6278 6288 -1 6278 6285 6277 -1 6287 6071 6073 -1 6071 6287 6280 -1 6244 6165 6245 -1 6165 6244 6238 -1 6238 6244 6253 -1 6238 6253 6242 -1 6242 6253 6260 -1 6242 6260 6257 -1 6257 6260 6266 -1 6257 6266 6265 -1 6265 6266 6274 -1 6265 6274 6271 -1 6271 6274 6281 -1 6271 6281 6278 -1 6278 6281 6286 -1 6278 6286 6288 -1 6288 6286 6289 -1 6289 6286 6290 -1 6289 6290 6291 -1 6291 6290 6292 -1 6291 6292 6236 -1 6236 6292 6234 -1 6236 6234 6228 -1 6228 6234 6231 -1 6228 6231 6221 -1 6221 6231 6222 -1 6165 6171 6245 -1 6171 6165 6166 -1 6171 6166 6174 -1 6174 6166 6293 -1 6174 6293 6178 -1 6178 6293 6189 -1 6178 6189 6186 -1 6186 6189 6188 -1 6186 6188 6294 -1 6294 6188 6203 -1 6294 6203 6145 -1 6145 6203 6151 -1 6145 6151 6150 -1 6145 6150 6148 -1 6148 6150 6183 -1 6148 6183 6155 -1 6155 6183 6182 -1 6155 6182 6159 -1 6159 6182 6217 -1 6159 6217 6205 -1 6205 6217 6218 -1 6205 6218 6211 -1 6211 6218 6221 -1 6211 6221 6222 -1 6295 6283 6296 -1 6283 6295 6282 -1 6296 6284 6297 -1 6284 6296 6283 -1 6298 6288 6289 -1 6288 6298 6285 -1 6297 6285 6298 -1 6285 6297 6284 -1 6287 6290 6286 -1 6290 6287 6299 -1 6299 6073 6074 -1 6073 6299 6287 -1 6300 6296 6301 -1 6296 6300 6295 -1 6302 6289 6291 -1 6289 6302 6298 -1 6303 6074 6076 -1 6074 6303 6299 -1 6304 6298 6302 -1 6298 6304 6297 -1 6301 6297 6304 -1 6297 6301 6296 -1 6299 6292 6290 -1 6292 6299 6303 -1 6305 6300 6301 -1 6300 6305 6306 -1 6236 6302 6291 -1 6302 6236 6235 -1 6235 6304 6302 -1 6304 6235 6237 -1 6237 6301 6304 -1 6301 6237 6305 -1 6078 6303 6076 -1 6303 6078 6233 -1 6303 6234 6292 -1 6234 6303 6233 -1 6229 6306 6305 -1 6306 6229 6232 -1 6230 6305 6237 -1 6305 6230 6229 -1 6208 6196 6213 -1 6196 6208 6307 -1 6213 6198 6215 -1 6198 6213 6196 -1 6308 6197 6309 -1 6197 6308 6195 -1 6182 6210 6217 -1 6210 6182 6184 -1 6210 6307 6208 -1 6307 6210 6184 -1 6202 6154 6153 -1 6154 6202 6309 -1 6146 6091 6090 -1 6091 6146 6156 -1 6156 6092 6091 -1 6092 6156 6160 -1 6197 6307 6158 -1 6307 6197 6196 -1 6158 6184 6157 -1 6184 6158 6307 -1 6204 6151 6203 -1 6151 6204 6149 -1 6199 6089 6087 -1 6089 6199 6147 -1 6294 6147 6199 -1 6147 6294 6145 -1 6194 6200 6193 -1 6200 6194 6310 -1 6192 6204 6190 -1 6204 6192 6201 -1 6152 6183 6150 -1 6183 6152 6157 -1 6186 6199 6185 -1 6199 6186 6294 -1 6193 6201 6192 -1 6201 6193 6200 -1 6092 6206 6093 -1 6206 6092 6160 -1 6309 6158 6154 -1 6158 6309 6197 -1 6191 6311 6176 -1 6311 6191 6187 -1 6181 6176 6175 -1 6176 6181 6191 -1 6187 6293 6311 -1 6293 6187 6189 -1 6201 6149 6204 -1 6149 6201 6153 -1 6310 6202 6200 -1 6202 6310 6312 -1 6173 6061 6240 -1 6061 6173 6083 -1 6171 6240 6245 -1 6240 6171 6173 -1 6172 6083 6173 -1 6083 6172 6084 -1 6312 6309 6202 -1 6309 6312 6308 -1 6311 6166 6164 -1 6166 6311 6293 -1 6176 6164 6161 -1 6164 6176 6311 -1 6180 6168 6170 -1 6168 6180 6175 -1 6313 6314 6315 -1 6314 6313 6316 -1 6317 6318 6319 -1 6318 6317 6320 -1 6320 6317 6321 -1 6320 6321 6322 -1 6320 6322 6323 -1 6323 6322 6324 -1 6323 6324 6325 -1 6325 6324 6326 -1 6325 6326 6327 -1 6327 6326 6328 -1 6327 6328 6329 -1 6329 6328 6330 -1 6329 6330 6331 -1 6331 6330 6332 -1 6331 6332 6333 -1 6333 6332 6334 -1 6333 6334 6335 -1 6335 6334 6336 -1 6335 6336 6337 -1 6337 6336 6338 -1 6337 6338 6339 -1 6339 6338 6340 -1 6341 6342 6343 -1 6342 6341 6344 -1 6345 6312 6310 -1 6312 6345 6346 -1 6346 6345 6347 -1 6346 6347 6348 -1 6333 6349 6331 -1 6349 6333 6350 -1 6351 6352 6353 -1 6352 6351 6354 -1 6355 6356 6357 -1 6356 6355 6358 -1 6359 6357 6360 -1 6357 6359 6355 -1 6361 6360 6362 -1 6360 6361 6359 -1 6363 6362 6364 -1 6362 6363 6361 -1 6365 6366 6367 -1 6366 6365 6368 -1 6366 6364 6367 -1 6364 6366 6363 -1 6369 6194 6179 -1 6194 6369 6370 -1 6370 6369 6371 -1 6370 6371 6372 -1 6373 6359 6361 -1 6359 6373 6374 -1 6374 6355 6359 -1 6355 6374 6375 -1 6376 6361 6363 -1 6361 6376 6373 -1 6377 6363 6366 -1 6363 6377 6376 -1 6368 6377 6366 -1 6377 6368 6378 -1 6314 6379 6315 -1 6379 6314 6380 -1 6379 6251 6250 -1 6251 6379 6380 -1 6318 6378 6368 -1 6378 6318 6320 -1 6371 6381 6382 -1 6381 6371 6180 -1 6180 6371 6179 -1 6179 6371 6369 -1 6383 6382 6375 -1 6382 6383 6371 -1 6384 6373 6376 -1 6373 6384 6385 -1 6385 6374 6373 -1 6374 6385 6386 -1 6378 6387 6377 -1 6387 6378 6388 -1 6387 6376 6377 -1 6376 6387 6384 -1 6385 6389 6386 -1 6389 6385 6390 -1 6384 6390 6385 -1 6390 6384 6343 -1 6387 6343 6384 -1 6343 6387 6341 -1 6391 6392 6393 -1 6392 6391 6394 -1 6215 6395 6216 -1 6395 6215 6396 -1 6396 6215 6397 -1 6397 6215 6398 -1 6331 6399 6329 -1 6399 6331 6349 -1 6349 6391 6399 -1 6391 6349 6394 -1 6337 6400 6335 -1 6400 6337 6401 -1 6346 6308 6312 -1 6308 6346 6402 -1 6402 6346 6348 -1 6402 6348 6403 -1 6402 6195 6308 -1 6195 6402 6404 -1 6404 6402 6403 -1 6404 6403 6405 -1 6404 6198 6195 -1 6198 6404 6406 -1 6406 6404 6405 -1 6406 6405 6407 -1 6389 6408 6409 -1 6408 6389 6410 -1 6343 6411 6390 -1 6411 6343 6342 -1 6354 6412 6352 -1 6412 6354 6413 -1 6352 6414 6415 -1 6414 6352 6412 -1 6415 6405 6403 -1 6405 6415 6414 -1 6325 6416 6417 -1 6416 6325 6327 -1 6394 6418 6392 -1 6418 6394 6419 -1 6392 6413 6354 -1 6413 6392 6418 -1 6401 6420 6400 -1 6420 6401 6421 -1 6350 6394 6349 -1 6394 6350 6419 -1 6335 6350 6333 -1 6350 6335 6400 -1 6198 6398 6215 -1 6398 6198 6397 -1 6397 6198 6407 -1 6407 6198 6406 -1 6412 6422 6414 -1 6422 6412 6423 -1 6414 6407 6405 -1 6407 6414 6422 -1 6396 6424 6425 -1 6424 6396 6397 -1 6425 6426 6427 -1 6426 6425 6424 -1 6339 6401 6337 -1 6401 6339 6428 -1 6429 6421 6430 -1 6421 6429 6431 -1 6428 6421 6401 -1 6421 6428 6430 -1 6432 6431 6429 -1 6431 6432 6433 -1 6427 6433 6432 -1 6433 6427 6426 -1 6425 6434 6435 -1 6434 6425 6427 -1 6436 6430 6428 -1 6430 6436 6437 -1 6427 6438 6434 -1 6438 6427 6432 -1 6340 6428 6339 -1 6428 6340 6436 -1 6432 6439 6438 -1 6439 6432 6429 -1 6429 6437 6439 -1 6437 6429 6430 -1 6223 6440 6232 -1 6440 6223 6441 -1 6441 6223 6442 -1 6442 6223 6443 -1 6396 6435 6442 -1 6435 6396 6425 -1 6216 6443 6223 -1 6443 6216 6442 -1 6442 6216 6396 -1 6396 6216 6395 -1 6435 6444 6445 -1 6444 6435 6434 -1 6442 6445 6441 -1 6445 6442 6435 -1 6439 6446 6447 -1 6446 6439 6437 -1 6434 6448 6444 -1 6448 6434 6438 -1 6449 6340 6338 -1 6340 6449 6436 -1 6446 6436 6449 -1 6436 6446 6437 -1 6438 6447 6448 -1 6447 6438 6439 -1 6450 6365 6367 -1 6365 6450 6451 -1 6452 6453 6454 -1 6453 6452 6455 -1 6454 6316 6313 -1 6316 6454 6453 -1 6456 6317 6451 -1 6317 6456 6321 -1 6450 6364 6457 -1 6364 6450 6367 -1 6455 6360 6453 -1 6360 6455 6362 -1 6451 6319 6365 -1 6319 6451 6317 -1 6458 6451 6450 -1 6451 6458 6456 -1 6314 6251 6380 -1 6251 6314 6356 -1 6251 6356 6459 -1 6167 6251 6459 -1 6458 6457 6460 -1 6457 6458 6450 -1 6460 6455 6452 -1 6455 6460 6457 -1 6457 6362 6455 -1 6362 6457 6364 -1 6453 6357 6316 -1 6357 6453 6360 -1 6316 6356 6314 -1 6356 6316 6357 -1 6461 6321 6456 -1 6321 6461 6322 -1 6462 6460 6463 -1 6460 6462 6458 -1 6463 6452 6464 -1 6452 6463 6460 -1 6356 6167 6459 -1 6167 6356 6358 -1 6167 6358 6170 -1 6170 6358 6465 -1 6462 6456 6458 -1 6456 6462 6461 -1 6464 6454 6466 -1 6454 6464 6452 -1 6467 6315 6468 -1 6315 6467 6313 -1 6466 6313 6467 -1 6313 6466 6454 -1 6469 6256 6261 -1 6256 6469 6470 -1 6470 6469 6471 -1 6470 6471 6468 -1 6472 6463 6473 -1 6463 6472 6462 -1 6474 6468 6471 -1 6468 6474 6467 -1 6315 6470 6468 -1 6470 6315 6256 -1 6256 6315 6250 -1 6250 6315 6379 -1 6475 6322 6461 -1 6322 6475 6324 -1 6473 6464 6476 -1 6464 6473 6463 -1 6472 6461 6462 -1 6461 6472 6475 -1 6477 6467 6474 -1 6467 6477 6466 -1 6476 6466 6477 -1 6466 6476 6464 -1 6478 6324 6475 -1 6324 6478 6326 -1 6479 6473 6480 -1 6473 6479 6472 -1 6479 6475 6472 -1 6475 6479 6478 -1 6480 6476 6481 -1 6476 6480 6473 -1 6481 6477 6482 -1 6477 6481 6476 -1 6483 6471 6484 -1 6471 6483 6474 -1 6485 6268 6279 -1 6268 6485 6486 -1 6486 6485 6487 -1 6486 6487 6484 -1 6482 6474 6483 -1 6474 6482 6477 -1 6488 6326 6478 -1 6326 6488 6328 -1 6489 6480 6490 -1 6480 6489 6479 -1 6491 6483 6492 -1 6483 6491 6482 -1 6490 6481 6493 -1 6481 6490 6480 -1 6493 6482 6491 -1 6482 6493 6481 -1 6489 6478 6479 -1 6478 6489 6488 -1 6492 6484 6487 -1 6484 6492 6483 -1 6486 6261 6268 -1 6261 6486 6469 -1 6469 6486 6484 -1 6469 6484 6471 -1 6494 6488 6489 -1 6488 6494 6495 -1 6495 6328 6488 -1 6328 6495 6330 -1 6494 6490 6496 -1 6490 6494 6489 -1 6497 6491 6498 -1 6491 6497 6493 -1 6498 6492 6499 -1 6492 6498 6491 -1 6499 6487 6500 -1 6487 6499 6492 -1 6496 6493 6497 -1 6493 6496 6490 -1 6501 6282 6295 -1 6282 6501 6502 -1 6502 6501 6503 -1 6502 6503 6500 -1 6495 6332 6330 -1 6332 6495 6504 -1 6505 6497 6506 -1 6497 6505 6496 -1 6494 6504 6495 -1 6504 6494 6507 -1 6507 6496 6505 -1 6496 6507 6494 -1 6508 6500 6503 -1 6500 6508 6499 -1 6509 6499 6508 -1 6499 6509 6498 -1 6502 6279 6282 -1 6279 6502 6485 -1 6485 6502 6500 -1 6485 6500 6487 -1 6506 6498 6509 -1 6498 6506 6497 -1 6510 6505 6511 -1 6505 6510 6507 -1 6504 6334 6332 -1 6334 6504 6512 -1 6507 6512 6504 -1 6512 6507 6510 -1 6513 6509 6514 -1 6509 6513 6506 -1 6511 6506 6513 -1 6506 6511 6505 -1 6514 6508 6515 -1 6508 6514 6509 -1 6515 6503 6516 -1 6503 6515 6508 -1 6306 6517 6300 -1 6517 6306 6516 -1 6516 6306 6518 -1 6518 6306 6519 -1 6520 6513 6514 -1 6513 6520 6521 -1 6512 6336 6334 -1 6336 6512 6522 -1 6510 6522 6512 -1 6522 6510 6523 -1 6524 6510 6511 -1 6510 6524 6523 -1 6521 6511 6513 -1 6511 6521 6524 -1 6518 6515 6516 -1 6515 6518 6525 -1 6517 6295 6300 -1 6295 6517 6501 -1 6501 6517 6516 -1 6501 6516 6503 -1 6525 6514 6515 -1 6514 6525 6520 -1 6447 6523 6524 -1 6523 6447 6446 -1 6444 6521 6520 -1 6521 6444 6448 -1 6522 6338 6336 -1 6338 6522 6449 -1 6441 6525 6518 -1 6525 6441 6445 -1 6448 6524 6521 -1 6524 6448 6447 -1 6523 6449 6522 -1 6449 6523 6446 -1 6431 6420 6421 -1 6420 6431 6526 -1 6445 6520 6525 -1 6520 6445 6444 -1 6426 6527 6433 -1 6527 6426 6423 -1 6433 6526 6431 -1 6526 6433 6527 -1 6424 6423 6426 -1 6423 6424 6422 -1 6232 6519 6306 -1 6519 6232 6518 -1 6518 6232 6441 -1 6441 6232 6440 -1 6397 6422 6424 -1 6422 6397 6407 -1 6417 6344 6341 -1 6344 6417 6416 -1 6353 6415 6528 -1 6415 6353 6352 -1 6327 6399 6416 -1 6399 6327 6329 -1 6383 6372 6371 -1 6372 6383 6409 -1 6416 6391 6344 -1 6391 6416 6399 -1 6342 6351 6411 -1 6351 6342 6393 -1 6408 6348 6347 -1 6348 6408 6528 -1 6411 6353 6410 -1 6353 6411 6351 -1 6344 6393 6342 -1 6393 6344 6391 -1 6410 6528 6408 -1 6528 6410 6353 -1 6370 6310 6194 -1 6310 6370 6345 -1 6345 6370 6372 -1 6345 6372 6347 -1 6418 6527 6413 -1 6527 6418 6526 -1 6393 6354 6351 -1 6354 6393 6392 -1 6386 6409 6383 -1 6409 6386 6389 -1 6400 6419 6350 -1 6419 6400 6420 -1 6413 6423 6412 -1 6423 6413 6527 -1 6419 6526 6418 -1 6526 6419 6420 -1 6390 6410 6389 -1 6410 6390 6411 -1 6409 6347 6372 -1 6347 6409 6408 -1 6528 6403 6348 -1 6403 6528 6415 -1 6320 6388 6378 -1 6388 6320 6323 -1 6386 6375 6374 -1 6375 6386 6383 -1 6319 6368 6365 -1 6368 6319 6318 -1 6388 6341 6387 -1 6341 6388 6417 -1 6382 6465 6358 -1 6465 6382 6170 -1 6170 6382 6180 -1 6180 6382 6381 -1 6323 6417 6388 -1 6417 6323 6325 -1 6375 6358 6355 -1 6358 6375 6382 -1 6529 6530 6531 -1 6530 6529 6532 -1 6532 6529 6533 -1 6532 6533 6534 -1 6534 6533 6535 -1 6534 6535 6536 -1 6537 6538 6539 -1 6537 6539 6540 -1 6541 6542 6543 -1 6543 6542 6544 -1 6541 6536 6542 -1 6536 6541 6534 -1 6545 6534 6541 -1 6534 6545 6532 -1 6537 6533 6538 -1 6533 6537 6535 -1 6546 6547 6548 -1 6549 6550 6545 -1 6549 6551 6550 -1 6552 6547 6546 -1 6532 6550 6530 -1 6550 6532 6545 -1 6531 6548 6529 -1 6548 6531 6546 -1 6553 6554 6555 -1 6554 6553 6556 -1 6557 6553 6558 -1 6553 6557 6556 -1 6559 6558 6560 -1 6558 6559 6557 -1 6552 6560 6547 -1 6560 6552 6559 -1 6559 6552 6551 -1 6559 6551 6549 -1 6561 6539 6562 -1 6539 6561 6540 -1 6540 6561 6544 -1 6544 6561 6543 -1 6563 6562 6564 -1 6562 6563 6561 -1 6565 6564 6566 -1 6564 6565 6563 -1 6567 6566 6568 -1 6566 6567 6565 -1 6554 6569 6570 -1 6569 6554 6567 -1 6567 6554 6556 -1 6567 6556 6565 -1 6565 6556 6557 -1 6565 6557 6563 -1 6563 6557 6559 -1 6563 6559 6561 -1 6561 6559 6549 -1 6561 6549 6543 -1 6543 6549 6545 -1 6543 6545 6541 -1 6569 6568 6571 -1 6568 6569 6567 -1 6554 6572 6555 -1 6572 6554 6570 -1 6530 6546 6531 -1 6546 6530 6552 -1 6552 6530 6551 -1 6551 6530 6550 -1 6569 6572 6570 -1 6572 6569 6571 -1 6571 6555 6572 -1 6555 6571 6568 -1 6555 6568 6553 -1 6553 6568 6566 -1 6553 6566 6564 -1 6553 6564 6558 -1 6558 6564 6560 -1 6560 6564 6562 -1 6560 6562 6539 -1 6560 6539 6547 -1 6547 6539 6538 -1 6547 6538 6548 -1 6548 6538 6533 -1 6548 6533 6529 -1 6544 6537 6540 -1 6537 6544 6535 -1 6535 6544 6536 -1 6536 6544 6542 -1 6573 6574 6575 -1 6574 6573 6576 -1 6574 6577 6578 -1 6577 6574 6576 -1 6577 6579 6578 -1 6579 6577 6580 -1 6573 6579 6580 -1 6579 6573 6575 -1 6574 6579 6575 -1 6579 6574 6578 -1 6577 6573 6580 -1 6573 6577 6576 -1 6581 6582 6583 -1 6582 6581 6584 -1 6585 6581 6586 -1 6581 6585 6584 -1 6587 6585 6586 -1 6585 6587 6588 -1 6589 6590 6591 -1 6590 6589 6592 -1 6582 6589 6583 -1 6589 6582 6592 -1 6593 6594 6595 -1 6594 6593 6596 -1 6594 6596 6597 -1 6597 6596 6598 -1 6597 6598 6599 -1 6599 6598 6600 -1 6601 6596 6602 -1 6596 6601 6598 -1 6601 6600 6598 -1 6600 6601 6603 -1 6603 6599 6600 -1 6599 6603 6604 -1 6605 6599 6604 -1 6599 6605 6597 -1 6594 6605 6606 -1 6605 6594 6597 -1 6594 6607 6595 -1 6607 6594 6606 -1 6595 6608 6593 -1 6608 6595 6607 -1 6596 6608 6602 -1 6608 6596 6593 -1 6609 6602 6610 -1 6602 6609 6601 -1 6609 6603 6601 -1 6603 6609 6611 -1 6611 6604 6603 -1 6604 6611 6612 -1 6613 6604 6612 -1 6604 6613 6605 -1 6606 6613 6614 -1 6613 6606 6605 -1 6606 6615 6607 -1 6615 6606 6614 -1 6607 6616 6608 -1 6616 6607 6615 -1 6602 6616 6610 -1 6616 6602 6608 -1 6609 6617 6618 -1 6617 6609 6610 -1 6618 6611 6609 -1 6611 6618 6619 -1 6619 6612 6611 -1 6612 6619 6620 -1 6613 6620 6621 -1 6620 6613 6612 -1 6614 6621 6622 -1 6621 6614 6613 -1 6614 6623 6615 -1 6623 6614 6622 -1 6615 6624 6616 -1 6624 6615 6623 -1 6610 6624 6617 -1 6624 6610 6616 -1 6618 6625 6626 -1 6625 6618 6617 -1 6627 6618 6626 -1 6618 6627 6619 -1 6628 6619 6627 -1 6619 6628 6620 -1 6621 6628 6629 -1 6628 6621 6620 -1 6630 6621 6629 -1 6621 6630 6622 -1 6623 6630 6631 -1 6630 6623 6622 -1 6624 6631 6632 -1 6631 6624 6623 -1 6625 6624 6632 -1 6624 6625 6617 -1 6626 6633 6634 -1 6633 6626 6625 -1 6635 6626 6634 -1 6626 6635 6627 -1 6636 6627 6635 -1 6627 6636 6628 -1 6629 6636 6637 -1 6636 6629 6628 -1 6638 6629 6637 -1 6629 6638 6630 -1 6631 6638 6639 -1 6638 6631 6630 -1 6632 6639 6640 -1 6639 6632 6631 -1 6633 6632 6640 -1 6632 6633 6625 -1 6634 6641 6642 -1 6641 6634 6633 -1 6643 6634 6642 -1 6634 6643 6635 -1 6644 6635 6643 -1 6635 6644 6636 -1 6637 6644 6645 -1 6644 6637 6636 -1 6646 6637 6645 -1 6637 6646 6638 -1 6639 6646 6647 -1 6646 6639 6638 -1 6640 6647 6648 -1 6647 6640 6639 -1 6641 6640 6648 -1 6640 6641 6633 -1 6646 6648 6647 -1 6648 6646 6641 -1 6641 6646 6645 -1 6641 6645 6642 -1 6642 6645 6644 -1 6642 6644 6643 -1 6649 6650 6651 -1 6651 6652 6649 -1 6653 6654 6655 -1 6655 6656 6653 -1 6657 6658 6659 -1 6659 6660 6657 -1 6659 6661 6660 -1 6659 6662 6661 -1 6663 6664 6665 -1 6665 6661 6663 -1 6665 6666 6661 -1 6666 6660 6661 -1 6656 6655 6667 -1 6667 6668 6656 -1 6667 6664 6668 -1 6664 6663 6668 -1 6658 6669 6650 -1 6650 6649 6658 -1 6649 6659 6658 -1 6656 6668 6670 -1 6670 6653 6656 -1 6663 6661 6662 -1 6662 6668 6663 -1 6662 6670 6668 -1 6660 6666 6671 -1 6671 6657 6660 -1 6672 6665 6664 -1 6664 6667 6672 -1 6667 6673 6672 -1 6673 6667 6655 -1 6655 6654 6673 -1 6673 6654 6653 -1 6653 6670 6673 -1 6670 6672 6673 -1 6670 6662 6672 -1 6662 6674 6672 -1 6662 6659 6674 -1 6659 6652 6674 -1 6659 6649 6652 -1 6674 6671 6666 -1 6666 6665 6674 -1 6665 6672 6674 -1 6658 6657 6671 -1 6671 6675 6658 -1 6675 6669 6658 -1 6652 6651 6675 -1 6675 6671 6652 -1 6671 6674 6652 -1 6650 6669 6675 -1 6675 6651 6650 -1 6676 6677 6678 -1 6677 6676 6679 -1 6680 6681 6682 -1 6681 6680 6683 -1 6684 6685 6686 -1 6685 6684 6687 -1 6685 6687 6688 -1 6685 6688 6689 -1 6690 6691 6692 -1 6691 6690 6688 -1 6691 6688 6693 -1 6693 6688 6687 -1 6683 6694 6681 -1 6694 6683 6695 -1 6694 6695 6692 -1 6692 6695 6690 -1 6686 6678 6696 -1 6678 6686 6676 -1 6676 6686 6685 -1 6683 6697 6695 -1 6697 6683 6680 -1 6690 6689 6688 -1 6689 6690 6695 -1 6689 6695 6697 -1 6687 6698 6693 -1 6698 6687 6684 -1 6699 6692 6691 -1 6692 6699 6694 -1 6694 6699 6700 -1 6700 6681 6694 -1 6681 6700 6682 -1 6700 6680 6682 -1 6680 6700 6697 -1 6697 6700 6699 -1 6697 6699 6689 -1 6689 6699 6701 -1 6689 6701 6685 -1 6685 6701 6679 -1 6685 6679 6676 -1 6701 6693 6698 -1 6693 6701 6691 -1 6691 6701 6699 -1 6686 6698 6684 -1 6698 6686 6702 -1 6702 6686 6696 -1 6679 6702 6677 -1 6702 6679 6698 -1 6698 6679 6701 -1 6678 6702 6696 -1 6702 6678 6677 -1 6703 6704 6705 -1 6704 6703 6706 -1 6704 6706 6707 -1 6707 6706 6708 -1 6707 6708 6709 -1 6709 6708 6710 -1 6711 6706 6712 -1 6706 6711 6708 -1 6711 6710 6708 -1 6710 6711 6713 -1 6713 6709 6710 -1 6709 6713 6714 -1 6715 6709 6714 -1 6709 6715 6707 -1 6704 6715 6716 -1 6715 6704 6707 -1 6704 6717 6705 -1 6717 6704 6716 -1 6705 6718 6703 -1 6718 6705 6717 -1 6706 6718 6712 -1 6718 6706 6703 -1 6719 6712 6720 -1 6712 6719 6711 -1 6719 6713 6711 -1 6713 6719 6721 -1 6721 6714 6713 -1 6714 6721 6722 -1 6723 6714 6722 -1 6714 6723 6715 -1 6716 6723 6724 -1 6723 6716 6715 -1 6716 6725 6717 -1 6725 6716 6724 -1 6717 6726 6718 -1 6726 6717 6725 -1 6712 6726 6720 -1 6726 6712 6718 -1 6719 6727 6728 -1 6727 6719 6720 -1 6728 6721 6719 -1 6721 6728 6729 -1 6729 6722 6721 -1 6722 6729 6730 -1 6723 6730 6731 -1 6730 6723 6722 -1 6724 6731 6732 -1 6731 6724 6723 -1 6724 6733 6725 -1 6733 6724 6732 -1 6725 6734 6726 -1 6734 6725 6733 -1 6720 6734 6727 -1 6734 6720 6726 -1 6728 6735 6736 -1 6735 6728 6727 -1 6737 6728 6736 -1 6728 6737 6729 -1 6738 6729 6737 -1 6729 6738 6730 -1 6731 6738 6739 -1 6738 6731 6730 -1 6740 6731 6739 -1 6731 6740 6732 -1 6733 6740 6741 -1 6740 6733 6732 -1 6734 6741 6742 -1 6741 6734 6733 -1 6735 6734 6742 -1 6734 6735 6727 -1 6736 6743 6744 -1 6743 6736 6735 -1 6745 6736 6744 -1 6736 6745 6737 -1 6746 6737 6745 -1 6737 6746 6738 -1 6739 6746 6747 -1 6746 6739 6738 -1 6748 6739 6747 -1 6739 6748 6740 -1 6741 6748 6749 -1 6748 6741 6740 -1 6742 6749 6750 -1 6749 6742 6741 -1 6743 6742 6750 -1 6742 6743 6735 -1 6744 6751 6752 -1 6751 6744 6743 -1 6753 6744 6752 -1 6744 6753 6745 -1 6754 6745 6753 -1 6745 6754 6746 -1 6747 6754 6755 -1 6754 6747 6746 -1 6756 6747 6755 -1 6747 6756 6748 -1 6749 6756 6757 -1 6756 6749 6748 -1 6750 6757 6758 -1 6757 6750 6749 -1 6751 6750 6758 -1 6750 6751 6743 -1 6756 6758 6757 -1 6758 6756 6751 -1 6751 6756 6755 -1 6751 6755 6752 -1 6752 6755 6754 -1 6752 6754 6753 -1 6759 6760 6761 -1 6761 6762 6759 -1 6763 6764 6765 -1 6765 6766 6763 -1 6767 6768 6769 -1 6769 6770 6767 -1 6769 6771 6770 -1 6769 6772 6771 -1 6773 6774 6775 -1 6775 6771 6773 -1 6775 6776 6771 -1 6776 6770 6771 -1 6766 6765 6777 -1 6777 6778 6766 -1 6777 6774 6778 -1 6774 6773 6778 -1 6768 6779 6760 -1 6760 6759 6768 -1 6759 6769 6768 -1 6766 6778 6780 -1 6780 6763 6766 -1 6773 6771 6772 -1 6772 6778 6773 -1 6772 6780 6778 -1 6770 6776 6781 -1 6781 6767 6770 -1 6782 6775 6774 -1 6774 6777 6782 -1 6777 6783 6782 -1 6783 6777 6765 -1 6765 6764 6783 -1 6783 6764 6763 -1 6763 6780 6783 -1 6780 6782 6783 -1 6780 6772 6782 -1 6772 6784 6782 -1 6772 6769 6784 -1 6769 6762 6784 -1 6769 6759 6762 -1 6784 6781 6776 -1 6776 6775 6784 -1 6775 6782 6784 -1 6768 6767 6781 -1 6781 6785 6768 -1 6785 6779 6768 -1 6762 6761 6785 -1 6785 6781 6762 -1 6781 6784 6762 -1 6760 6779 6785 -1 6785 6761 6760 -1 6786 6787 6788 -1 6787 6786 6789 -1 6790 6791 6792 -1 6791 6790 6793 -1 6794 6795 6796 -1 6795 6794 6797 -1 6795 6797 6798 -1 6795 6798 6799 -1 6800 6801 6802 -1 6801 6800 6798 -1 6801 6798 6803 -1 6803 6798 6797 -1 6793 6804 6791 -1 6804 6793 6805 -1 6804 6805 6802 -1 6802 6805 6800 -1 6796 6788 6806 -1 6788 6796 6786 -1 6786 6796 6795 -1 6793 6807 6805 -1 6807 6793 6790 -1 6800 6799 6798 -1 6799 6800 6805 -1 6799 6805 6807 -1 6797 6808 6803 -1 6808 6797 6794 -1 6809 6802 6801 -1 6802 6809 6804 -1 6804 6809 6810 -1 6810 6791 6804 -1 6791 6810 6792 -1 6810 6790 6792 -1 6790 6810 6807 -1 6807 6810 6809 -1 6807 6809 6799 -1 6799 6809 6811 -1 6799 6811 6795 -1 6795 6811 6789 -1 6795 6789 6786 -1 6811 6803 6808 -1 6803 6811 6801 -1 6801 6811 6809 -1 6796 6808 6794 -1 6808 6796 6812 -1 6812 6796 6806 -1 6789 6812 6787 -1 6812 6789 6808 -1 6808 6789 6811 -1 6788 6812 6806 -1 6812 6788 6787 -1 6813 6814 6815 -1 6814 6813 6816 -1 6814 6816 6817 -1 6817 6816 6818 -1 6817 6818 6819 -1 6819 6818 6820 -1 6821 6816 6822 -1 6816 6821 6818 -1 6821 6820 6818 -1 6820 6821 6823 -1 6823 6819 6820 -1 6819 6823 6824 -1 6825 6819 6824 -1 6819 6825 6817 -1 6814 6825 6826 -1 6825 6814 6817 -1 6814 6827 6815 -1 6827 6814 6826 -1 6815 6828 6813 -1 6828 6815 6827 -1 6816 6828 6822 -1 6828 6816 6813 -1 6829 6822 6830 -1 6822 6829 6821 -1 6829 6823 6821 -1 6823 6829 6831 -1 6831 6824 6823 -1 6824 6831 6832 -1 6833 6824 6832 -1 6824 6833 6825 -1 6826 6833 6834 -1 6833 6826 6825 -1 6826 6835 6827 -1 6835 6826 6834 -1 6827 6836 6828 -1 6836 6827 6835 -1 6822 6836 6830 -1 6836 6822 6828 -1 6829 6837 6838 -1 6837 6829 6830 -1 6838 6831 6829 -1 6831 6838 6839 -1 6839 6832 6831 -1 6832 6839 6840 -1 6833 6840 6841 -1 6840 6833 6832 -1 6834 6841 6842 -1 6841 6834 6833 -1 6834 6843 6835 -1 6843 6834 6842 -1 6835 6844 6836 -1 6844 6835 6843 -1 6830 6844 6837 -1 6844 6830 6836 -1 6838 6845 6846 -1 6845 6838 6837 -1 6847 6838 6846 -1 6838 6847 6839 -1 6848 6839 6847 -1 6839 6848 6840 -1 6841 6848 6849 -1 6848 6841 6840 -1 6850 6841 6849 -1 6841 6850 6842 -1 6843 6850 6851 -1 6850 6843 6842 -1 6844 6851 6852 -1 6851 6844 6843 -1 6845 6844 6852 -1 6844 6845 6837 -1 6846 6853 6854 -1 6853 6846 6845 -1 6855 6846 6854 -1 6846 6855 6847 -1 6856 6847 6855 -1 6847 6856 6848 -1 6849 6856 6857 -1 6856 6849 6848 -1 6858 6849 6857 -1 6849 6858 6850 -1 6851 6858 6859 -1 6858 6851 6850 -1 6852 6859 6860 -1 6859 6852 6851 -1 6853 6852 6860 -1 6852 6853 6845 -1 6854 6861 6862 -1 6861 6854 6853 -1 6863 6854 6862 -1 6854 6863 6855 -1 6864 6855 6863 -1 6855 6864 6856 -1 6857 6864 6865 -1 6864 6857 6856 -1 6866 6857 6865 -1 6857 6866 6858 -1 6859 6866 6867 -1 6866 6859 6858 -1 6860 6867 6868 -1 6867 6860 6859 -1 6861 6860 6868 -1 6860 6861 6853 -1 6866 6868 6867 -1 6868 6866 6861 -1 6861 6866 6865 -1 6861 6865 6862 -1 6862 6865 6864 -1 6862 6864 6863 -1 6869 6870 6871 -1 6871 6872 6869 -1 6873 6874 6875 -1 6875 6876 6873 -1 6877 6878 6879 -1 6879 6880 6877 -1 6879 6881 6880 -1 6879 6882 6881 -1 6883 6884 6885 -1 6885 6881 6883 -1 6885 6886 6881 -1 6886 6880 6881 -1 6876 6875 6887 -1 6887 6888 6876 -1 6887 6884 6888 -1 6884 6883 6888 -1 6878 6889 6870 -1 6870 6869 6878 -1 6869 6879 6878 -1 6876 6888 6890 -1 6890 6873 6876 -1 6883 6881 6882 -1 6882 6888 6883 -1 6882 6890 6888 -1 6880 6886 6891 -1 6891 6877 6880 -1 6892 6885 6884 -1 6884 6887 6892 -1 6887 6893 6892 -1 6893 6887 6875 -1 6875 6874 6893 -1 6893 6874 6873 -1 6873 6890 6893 -1 6890 6892 6893 -1 6890 6882 6892 -1 6882 6894 6892 -1 6882 6879 6894 -1 6879 6872 6894 -1 6879 6869 6872 -1 6894 6891 6886 -1 6886 6885 6894 -1 6885 6892 6894 -1 6878 6877 6891 -1 6891 6895 6878 -1 6895 6889 6878 -1 6872 6871 6895 -1 6895 6891 6872 -1 6891 6894 6872 -1 6870 6889 6895 -1 6895 6871 6870 -1 6896 6897 6898 -1 6897 6896 6899 -1 6900 6901 6902 -1 6901 6900 6903 -1 6904 6905 6906 -1 6905 6904 6907 -1 6905 6907 6908 -1 6905 6908 6909 -1 6910 6911 6912 -1 6911 6910 6908 -1 6911 6908 6913 -1 6913 6908 6907 -1 6903 6914 6901 -1 6914 6903 6915 -1 6914 6915 6912 -1 6912 6915 6910 -1 6906 6898 6916 -1 6898 6906 6896 -1 6896 6906 6905 -1 6903 6917 6915 -1 6917 6903 6900 -1 6910 6909 6908 -1 6909 6910 6915 -1 6909 6915 6917 -1 6907 6918 6913 -1 6918 6907 6904 -1 6919 6912 6911 -1 6912 6919 6914 -1 6914 6919 6920 -1 6920 6901 6914 -1 6901 6920 6902 -1 6920 6900 6902 -1 6900 6920 6917 -1 6917 6920 6919 -1 6917 6919 6909 -1 6909 6919 6921 -1 6909 6921 6905 -1 6905 6921 6899 -1 6905 6899 6896 -1 6921 6913 6918 -1 6913 6921 6911 -1 6911 6921 6919 -1 6906 6918 6904 -1 6918 6906 6922 -1 6922 6906 6916 -1 6899 6922 6897 -1 6922 6899 6918 -1 6918 6899 6921 -1 6898 6922 6916 -1 6922 6898 6897 -1 6923 6924 6925 -1 6924 6923 6926 -1 6924 6926 6927 -1 6927 6926 6928 -1 6927 6928 6929 -1 6929 6928 6930 -1 6931 6926 6932 -1 6926 6931 6928 -1 6931 6930 6928 -1 6930 6931 6933 -1 6933 6929 6930 -1 6929 6933 6934 -1 6935 6929 6934 -1 6929 6935 6927 -1 6924 6935 6936 -1 6935 6924 6927 -1 6924 6937 6925 -1 6937 6924 6936 -1 6925 6938 6923 -1 6938 6925 6937 -1 6926 6938 6932 -1 6938 6926 6923 -1 6939 6932 6940 -1 6932 6939 6931 -1 6939 6933 6931 -1 6933 6939 6941 -1 6941 6934 6933 -1 6934 6941 6942 -1 6943 6934 6942 -1 6934 6943 6935 -1 6936 6943 6944 -1 6943 6936 6935 -1 6936 6945 6937 -1 6945 6936 6944 -1 6937 6946 6938 -1 6946 6937 6945 -1 6932 6946 6940 -1 6946 6932 6938 -1 6939 6947 6948 -1 6947 6939 6940 -1 6948 6941 6939 -1 6941 6948 6949 -1 6949 6942 6941 -1 6942 6949 6950 -1 6943 6950 6951 -1 6950 6943 6942 -1 6944 6951 6952 -1 6951 6944 6943 -1 6944 6953 6945 -1 6953 6944 6952 -1 6945 6954 6946 -1 6954 6945 6953 -1 6940 6954 6947 -1 6954 6940 6946 -1 6948 6955 6956 -1 6955 6948 6947 -1 6957 6948 6956 -1 6948 6957 6949 -1 6958 6949 6957 -1 6949 6958 6950 -1 6951 6958 6959 -1 6958 6951 6950 -1 6960 6951 6959 -1 6951 6960 6952 -1 6953 6960 6961 -1 6960 6953 6952 -1 6954 6961 6962 -1 6961 6954 6953 -1 6955 6954 6962 -1 6954 6955 6947 -1 6956 6963 6964 -1 6963 6956 6955 -1 6965 6956 6964 -1 6956 6965 6957 -1 6966 6957 6965 -1 6957 6966 6958 -1 6959 6966 6967 -1 6966 6959 6958 -1 6968 6959 6967 -1 6959 6968 6960 -1 6961 6968 6969 -1 6968 6961 6960 -1 6962 6969 6970 -1 6969 6962 6961 -1 6963 6962 6970 -1 6962 6963 6955 -1 6964 6971 6972 -1 6971 6964 6963 -1 6973 6964 6972 -1 6964 6973 6965 -1 6974 6965 6973 -1 6965 6974 6966 -1 6967 6974 6975 -1 6974 6967 6966 -1 6976 6967 6975 -1 6967 6976 6968 -1 6969 6976 6977 -1 6976 6969 6968 -1 6970 6977 6978 -1 6977 6970 6969 -1 6971 6970 6978 -1 6970 6971 6963 -1 6976 6978 6977 -1 6978 6976 6971 -1 6971 6976 6975 -1 6971 6975 6972 -1 6972 6975 6974 -1 6972 6974 6973 -1 6979 6980 6981 -1 6981 6982 6979 -1 6983 6984 6985 -1 6985 6986 6983 -1 6987 6988 6989 -1 6989 6990 6987 -1 6989 6991 6990 -1 6989 6992 6991 -1 6993 6994 6995 -1 6995 6991 6993 -1 6995 6996 6991 -1 6996 6990 6991 -1 6986 6985 6997 -1 6997 6998 6986 -1 6997 6994 6998 -1 6994 6993 6998 -1 6988 6999 6980 -1 6980 6979 6988 -1 6979 6989 6988 -1 6986 6998 7000 -1 7000 6983 6986 -1 6993 6991 6992 -1 6992 6998 6993 -1 6992 7000 6998 -1 6990 6996 7001 -1 7001 6987 6990 -1 7002 6995 6994 -1 6994 6997 7002 -1 6997 7003 7002 -1 7003 6997 6985 -1 6985 6984 7003 -1 7003 6984 6983 -1 6983 7000 7003 -1 7000 7002 7003 -1 7000 6992 7002 -1 6992 7004 7002 -1 6992 6989 7004 -1 6989 6982 7004 -1 6989 6979 6982 -1 7004 7001 6996 -1 6996 6995 7004 -1 6995 7002 7004 -1 6988 6987 7001 -1 7001 7005 6988 -1 7005 6999 6988 -1 6982 6981 7005 -1 7005 7001 6982 -1 7001 7004 6982 -1 6980 6999 7005 -1 7005 6981 6980 -1 7006 7007 7008 -1 7007 7006 7009 -1 7010 7011 7012 -1 7011 7010 7013 -1 7014 7015 7016 -1 7015 7014 7017 -1 7015 7017 7018 -1 7015 7018 7019 -1 7020 7021 7022 -1 7021 7020 7018 -1 7021 7018 7023 -1 7023 7018 7017 -1 7013 7024 7011 -1 7024 7013 7025 -1 7024 7025 7022 -1 7022 7025 7020 -1 7016 7008 7026 -1 7008 7016 7006 -1 7006 7016 7015 -1 7013 7027 7025 -1 7027 7013 7010 -1 7020 7019 7018 -1 7019 7020 7025 -1 7019 7025 7027 -1 7017 7028 7023 -1 7028 7017 7014 -1 7029 7022 7021 -1 7022 7029 7024 -1 7024 7029 7030 -1 7030 7011 7024 -1 7011 7030 7012 -1 7030 7010 7012 -1 7010 7030 7027 -1 7027 7030 7029 -1 7027 7029 7019 -1 7019 7029 7031 -1 7019 7031 7015 -1 7015 7031 7009 -1 7015 7009 7006 -1 7031 7023 7028 -1 7023 7031 7021 -1 7021 7031 7029 -1 7016 7028 7014 -1 7028 7016 7032 -1 7032 7016 7026 -1 7009 7032 7007 -1 7032 7009 7028 -1 7028 7009 7031 -1 7008 7032 7026 -1 7032 7008 7007 -1 7033 7034 7035 -1 7034 7033 7036 -1 7034 7036 7037 -1 7037 7036 7038 -1 7037 7038 7039 -1 7039 7038 7040 -1 7041 7036 7042 -1 7036 7041 7038 -1 7041 7040 7038 -1 7040 7041 7043 -1 7043 7039 7040 -1 7039 7043 7044 -1 7045 7039 7044 -1 7039 7045 7037 -1 7034 7045 7046 -1 7045 7034 7037 -1 7034 7047 7035 -1 7047 7034 7046 -1 7035 7048 7033 -1 7048 7035 7047 -1 7036 7048 7042 -1 7048 7036 7033 -1 7049 7042 7050 -1 7042 7049 7041 -1 7049 7043 7041 -1 7043 7049 7051 -1 7051 7044 7043 -1 7044 7051 7052 -1 7053 7044 7052 -1 7044 7053 7045 -1 7046 7053 7054 -1 7053 7046 7045 -1 7046 7055 7047 -1 7055 7046 7054 -1 7047 7056 7048 -1 7056 7047 7055 -1 7042 7056 7050 -1 7056 7042 7048 -1 7049 7057 7058 -1 7057 7049 7050 -1 7058 7051 7049 -1 7051 7058 7059 -1 7059 7052 7051 -1 7052 7059 7060 -1 7053 7060 7061 -1 7060 7053 7052 -1 7054 7061 7062 -1 7061 7054 7053 -1 7054 7063 7055 -1 7063 7054 7062 -1 7055 7064 7056 -1 7064 7055 7063 -1 7050 7064 7057 -1 7064 7050 7056 -1 7058 7065 7066 -1 7065 7058 7057 -1 7067 7058 7066 -1 7058 7067 7059 -1 7068 7059 7067 -1 7059 7068 7060 -1 7061 7068 7069 -1 7068 7061 7060 -1 7070 7061 7069 -1 7061 7070 7062 -1 7063 7070 7071 -1 7070 7063 7062 -1 7064 7071 7072 -1 7071 7064 7063 -1 7065 7064 7072 -1 7064 7065 7057 -1 7066 7073 7074 -1 7073 7066 7065 -1 7075 7066 7074 -1 7066 7075 7067 -1 7076 7067 7075 -1 7067 7076 7068 -1 7069 7076 7077 -1 7076 7069 7068 -1 7078 7069 7077 -1 7069 7078 7070 -1 7071 7078 7079 -1 7078 7071 7070 -1 7072 7079 7080 -1 7079 7072 7071 -1 7073 7072 7080 -1 7072 7073 7065 -1 7074 7081 7082 -1 7081 7074 7073 -1 7083 7074 7082 -1 7074 7083 7075 -1 7084 7075 7083 -1 7075 7084 7076 -1 7077 7084 7085 -1 7084 7077 7076 -1 7086 7077 7085 -1 7077 7086 7078 -1 7079 7086 7087 -1 7086 7079 7078 -1 7080 7087 7088 -1 7087 7080 7079 -1 7081 7080 7088 -1 7080 7081 7073 -1 7086 7088 7087 -1 7088 7086 7081 -1 7081 7086 7085 -1 7081 7085 7082 -1 7082 7085 7084 -1 7082 7084 7083 -1 7089 7090 7091 -1 7091 7092 7089 -1 7093 7094 7095 -1 7095 7096 7093 -1 7097 7098 7099 -1 7099 7100 7097 -1 7099 7101 7100 -1 7099 7102 7101 -1 7103 7104 7105 -1 7105 7101 7103 -1 7105 7106 7101 -1 7106 7100 7101 -1 7096 7095 7107 -1 7107 7108 7096 -1 7107 7104 7108 -1 7104 7103 7108 -1 7098 7109 7090 -1 7090 7089 7098 -1 7089 7099 7098 -1 7096 7108 7110 -1 7110 7093 7096 -1 7103 7101 7102 -1 7102 7108 7103 -1 7102 7110 7108 -1 7100 7106 7111 -1 7111 7097 7100 -1 7112 7105 7104 -1 7104 7107 7112 -1 7107 7113 7112 -1 7113 7107 7095 -1 7095 7094 7113 -1 7113 7094 7093 -1 7093 7110 7113 -1 7110 7112 7113 -1 7110 7102 7112 -1 7102 7114 7112 -1 7102 7099 7114 -1 7099 7092 7114 -1 7099 7089 7092 -1 7114 7111 7106 -1 7106 7105 7114 -1 7105 7112 7114 -1 7098 7097 7111 -1 7111 7115 7098 -1 7115 7109 7098 -1 7092 7091 7115 -1 7115 7111 7092 -1 7111 7114 7092 -1 7090 7109 7115 -1 7115 7091 7090 -1 7116 7117 7118 -1 7117 7116 7119 -1 7120 7121 7122 -1 7121 7120 7123 -1 7124 7125 7126 -1 7125 7124 7127 -1 7125 7127 7128 -1 7125 7128 7129 -1 7130 7131 7132 -1 7131 7130 7128 -1 7131 7128 7133 -1 7133 7128 7127 -1 7123 7134 7121 -1 7134 7123 7135 -1 7134 7135 7132 -1 7132 7135 7130 -1 7126 7118 7136 -1 7118 7126 7116 -1 7116 7126 7125 -1 7123 7137 7135 -1 7137 7123 7120 -1 7130 7129 7128 -1 7129 7130 7135 -1 7129 7135 7137 -1 7127 7138 7133 -1 7138 7127 7124 -1 7139 7132 7131 -1 7132 7139 7134 -1 7134 7139 7140 -1 7140 7121 7134 -1 7121 7140 7122 -1 7140 7120 7122 -1 7120 7140 7137 -1 7137 7140 7139 -1 7137 7139 7129 -1 7129 7139 7141 -1 7129 7141 7125 -1 7125 7141 7119 -1 7125 7119 7116 -1 7141 7133 7138 -1 7133 7141 7131 -1 7131 7141 7139 -1 7126 7138 7124 -1 7138 7126 7142 -1 7142 7126 7136 -1 7119 7142 7117 -1 7142 7119 7138 -1 7138 7119 7141 -1 7118 7142 7136 -1 7142 7118 7117 -1 7143 7144 7145 -1 7144 7143 7146 -1 7144 7146 7147 -1 7147 7146 7148 -1 7147 7148 7149 -1 7149 7148 7150 -1 7151 7146 7152 -1 7146 7151 7148 -1 7151 7150 7148 -1 7150 7151 7153 -1 7153 7149 7150 -1 7149 7153 7154 -1 7155 7149 7154 -1 7149 7155 7147 -1 7144 7155 7156 -1 7155 7144 7147 -1 7144 7157 7145 -1 7157 7144 7156 -1 7145 7158 7143 -1 7158 7145 7157 -1 7146 7158 7152 -1 7158 7146 7143 -1 7159 7152 7160 -1 7152 7159 7151 -1 7159 7153 7151 -1 7153 7159 7161 -1 7161 7154 7153 -1 7154 7161 7162 -1 7163 7154 7162 -1 7154 7163 7155 -1 7156 7163 7164 -1 7163 7156 7155 -1 7156 7165 7157 -1 7165 7156 7164 -1 7157 7166 7158 -1 7166 7157 7165 -1 7152 7166 7160 -1 7166 7152 7158 -1 7159 7167 7168 -1 7167 7159 7160 -1 7168 7161 7159 -1 7161 7168 7169 -1 7169 7162 7161 -1 7162 7169 7170 -1 7163 7170 7171 -1 7170 7163 7162 -1 7164 7171 7172 -1 7171 7164 7163 -1 7164 7173 7165 -1 7173 7164 7172 -1 7165 7174 7166 -1 7174 7165 7173 -1 7160 7174 7167 -1 7174 7160 7166 -1 7168 7175 7176 -1 7175 7168 7167 -1 7177 7168 7176 -1 7168 7177 7169 -1 7178 7169 7177 -1 7169 7178 7170 -1 7171 7178 7179 -1 7178 7171 7170 -1 7180 7171 7179 -1 7171 7180 7172 -1 7173 7180 7181 -1 7180 7173 7172 -1 7174 7181 7182 -1 7181 7174 7173 -1 7175 7174 7182 -1 7174 7175 7167 -1 7176 7183 7184 -1 7183 7176 7175 -1 7185 7176 7184 -1 7176 7185 7177 -1 7186 7177 7185 -1 7177 7186 7178 -1 7179 7186 7187 -1 7186 7179 7178 -1 7188 7179 7187 -1 7179 7188 7180 -1 7181 7188 7189 -1 7188 7181 7180 -1 7182 7189 7190 -1 7189 7182 7181 -1 7183 7182 7190 -1 7182 7183 7175 -1 7184 7191 7192 -1 7191 7184 7183 -1 7193 7184 7192 -1 7184 7193 7185 -1 7194 7185 7193 -1 7185 7194 7186 -1 7187 7194 7195 -1 7194 7187 7186 -1 7196 7187 7195 -1 7187 7196 7188 -1 7189 7196 7197 -1 7196 7189 7188 -1 7190 7197 7198 -1 7197 7190 7189 -1 7191 7190 7198 -1 7190 7191 7183 -1 7196 7198 7197 -1 7198 7196 7191 -1 7191 7196 7195 -1 7191 7195 7192 -1 7192 7195 7194 -1 7192 7194 7193 -1 7199 7200 7201 -1 7201 7202 7199 -1 7203 7204 7205 -1 7205 7206 7203 -1 7207 7208 7209 -1 7209 7210 7207 -1 7209 7211 7210 -1 7209 7212 7211 -1 7213 7214 7215 -1 7215 7211 7213 -1 7215 7216 7211 -1 7216 7210 7211 -1 7206 7205 7217 -1 7217 7218 7206 -1 7217 7214 7218 -1 7214 7213 7218 -1 7208 7219 7200 -1 7200 7199 7208 -1 7199 7209 7208 -1 7206 7218 7220 -1 7220 7203 7206 -1 7213 7211 7212 -1 7212 7218 7213 -1 7212 7220 7218 -1 7210 7216 7221 -1 7221 7207 7210 -1 7222 7215 7214 -1 7214 7217 7222 -1 7217 7223 7222 -1 7223 7217 7205 -1 7205 7204 7223 -1 7223 7204 7203 -1 7203 7220 7223 -1 7220 7222 7223 -1 7220 7212 7222 -1 7212 7224 7222 -1 7212 7209 7224 -1 7209 7202 7224 -1 7209 7199 7202 -1 7224 7221 7216 -1 7216 7215 7224 -1 7215 7222 7224 -1 7208 7207 7221 -1 7221 7225 7208 -1 7225 7219 7208 -1 7202 7201 7225 -1 7225 7221 7202 -1 7221 7224 7202 -1 7200 7219 7225 -1 7225 7201 7200 -1 7226 7227 7228 -1 7227 7226 7229 -1 7230 7231 7232 -1 7231 7230 7233 -1 7234 7235 7236 -1 7235 7234 7237 -1 7235 7237 7238 -1 7235 7238 7239 -1 7240 7241 7242 -1 7241 7240 7238 -1 7241 7238 7243 -1 7243 7238 7237 -1 7233 7244 7231 -1 7244 7233 7245 -1 7244 7245 7242 -1 7242 7245 7240 -1 7236 7228 7246 -1 7228 7236 7226 -1 7226 7236 7235 -1 7233 7247 7245 -1 7247 7233 7230 -1 7240 7239 7238 -1 7239 7240 7245 -1 7239 7245 7247 -1 7237 7248 7243 -1 7248 7237 7234 -1 7249 7242 7241 -1 7242 7249 7244 -1 7244 7249 7250 -1 7250 7231 7244 -1 7231 7250 7232 -1 7250 7230 7232 -1 7230 7250 7247 -1 7247 7250 7249 -1 7247 7249 7239 -1 7239 7249 7251 -1 7239 7251 7235 -1 7235 7251 7229 -1 7235 7229 7226 -1 7251 7243 7248 -1 7243 7251 7241 -1 7241 7251 7249 -1 7236 7248 7234 -1 7248 7236 7252 -1 7252 7236 7246 -1 7229 7252 7227 -1 7252 7229 7248 -1 7248 7229 7251 -1 7228 7252 7246 -1 7252 7228 7227 -1 7253 7254 7255 -1 7254 7253 7256 -1 7254 7256 7257 -1 7257 7256 7258 -1 7257 7258 7259 -1 7259 7258 7260 -1 7261 7256 7262 -1 7256 7261 7258 -1 7261 7260 7258 -1 7260 7261 7263 -1 7263 7259 7260 -1 7259 7263 7264 -1 7265 7259 7264 -1 7259 7265 7257 -1 7254 7265 7266 -1 7265 7254 7257 -1 7254 7267 7255 -1 7267 7254 7266 -1 7255 7268 7253 -1 7268 7255 7267 -1 7256 7268 7262 -1 7268 7256 7253 -1 7269 7262 7270 -1 7262 7269 7261 -1 7269 7263 7261 -1 7263 7269 7271 -1 7271 7264 7263 -1 7264 7271 7272 -1 7273 7264 7272 -1 7264 7273 7265 -1 7266 7273 7274 -1 7273 7266 7265 -1 7266 7275 7267 -1 7275 7266 7274 -1 7267 7276 7268 -1 7276 7267 7275 -1 7262 7276 7270 -1 7276 7262 7268 -1 7269 7277 7278 -1 7277 7269 7270 -1 7278 7271 7269 -1 7271 7278 7279 -1 7279 7272 7271 -1 7272 7279 7280 -1 7273 7280 7281 -1 7280 7273 7272 -1 7274 7281 7282 -1 7281 7274 7273 -1 7274 7283 7275 -1 7283 7274 7282 -1 7275 7284 7276 -1 7284 7275 7283 -1 7270 7284 7277 -1 7284 7270 7276 -1 7278 7285 7286 -1 7285 7278 7277 -1 7287 7278 7286 -1 7278 7287 7279 -1 7288 7279 7287 -1 7279 7288 7280 -1 7281 7288 7289 -1 7288 7281 7280 -1 7290 7281 7289 -1 7281 7290 7282 -1 7283 7290 7291 -1 7290 7283 7282 -1 7284 7291 7292 -1 7291 7284 7283 -1 7285 7284 7292 -1 7284 7285 7277 -1 7286 7293 7294 -1 7293 7286 7285 -1 7295 7286 7294 -1 7286 7295 7287 -1 7296 7287 7295 -1 7287 7296 7288 -1 7289 7296 7297 -1 7296 7289 7288 -1 7298 7289 7297 -1 7289 7298 7290 -1 7291 7298 7299 -1 7298 7291 7290 -1 7292 7299 7300 -1 7299 7292 7291 -1 7293 7292 7300 -1 7292 7293 7285 -1 7294 7301 7302 -1 7301 7294 7293 -1 7303 7294 7302 -1 7294 7303 7295 -1 7304 7295 7303 -1 7295 7304 7296 -1 7297 7304 7305 -1 7304 7297 7296 -1 7306 7297 7305 -1 7297 7306 7298 -1 7299 7306 7307 -1 7306 7299 7298 -1 7300 7307 7308 -1 7307 7300 7299 -1 7301 7300 7308 -1 7300 7301 7293 -1 7306 7308 7307 -1 7308 7306 7301 -1 7301 7306 7305 -1 7301 7305 7302 -1 7302 7305 7304 -1 7302 7304 7303 -1 7309 7310 7311 -1 7311 7312 7309 -1 7313 7314 7315 -1 7315 7316 7313 -1 7317 7318 7319 -1 7319 7320 7317 -1 7319 7321 7320 -1 7319 7322 7321 -1 7323 7324 7325 -1 7325 7321 7323 -1 7325 7326 7321 -1 7326 7320 7321 -1 7316 7315 7327 -1 7327 7328 7316 -1 7327 7324 7328 -1 7324 7323 7328 -1 7318 7329 7310 -1 7310 7309 7318 -1 7309 7319 7318 -1 7316 7328 7330 -1 7330 7313 7316 -1 7323 7321 7322 -1 7322 7328 7323 -1 7322 7330 7328 -1 7320 7326 7331 -1 7331 7317 7320 -1 7332 7325 7324 -1 7324 7327 7332 -1 7327 7333 7332 -1 7333 7327 7315 -1 7315 7314 7333 -1 7333 7314 7313 -1 7313 7330 7333 -1 7330 7332 7333 -1 7330 7322 7332 -1 7322 7334 7332 -1 7322 7319 7334 -1 7319 7312 7334 -1 7319 7309 7312 -1 7334 7331 7326 -1 7326 7325 7334 -1 7325 7332 7334 -1 7318 7317 7331 -1 7331 7335 7318 -1 7335 7329 7318 -1 7312 7311 7335 -1 7335 7331 7312 -1 7331 7334 7312 -1 7310 7329 7335 -1 7335 7311 7310 -1 7336 7337 7338 -1 7337 7336 7339 -1 7340 7341 7342 -1 7341 7340 7343 -1 7344 7345 7346 -1 7345 7344 7347 -1 7345 7347 7348 -1 7345 7348 7349 -1 7350 7351 7352 -1 7351 7350 7348 -1 7351 7348 7353 -1 7353 7348 7347 -1 7343 7354 7341 -1 7354 7343 7355 -1 7354 7355 7352 -1 7352 7355 7350 -1 7346 7338 7356 -1 7338 7346 7336 -1 7336 7346 7345 -1 7343 7357 7355 -1 7357 7343 7340 -1 7350 7349 7348 -1 7349 7350 7355 -1 7349 7355 7357 -1 7347 7358 7353 -1 7358 7347 7344 -1 7359 7352 7351 -1 7352 7359 7354 -1 7354 7359 7360 -1 7360 7341 7354 -1 7341 7360 7342 -1 7360 7340 7342 -1 7340 7360 7357 -1 7357 7360 7359 -1 7357 7359 7349 -1 7349 7359 7361 -1 7349 7361 7345 -1 7345 7361 7339 -1 7345 7339 7336 -1 7361 7353 7358 -1 7353 7361 7351 -1 7351 7361 7359 -1 7346 7358 7344 -1 7358 7346 7362 -1 7362 7346 7356 -1 7339 7362 7337 -1 7362 7339 7358 -1 7358 7339 7361 -1 7338 7362 7356 -1 7362 7338 7337 -1 7363 7364 7365 -1 7364 7363 7366 -1 7364 7366 7367 -1 7367 7366 7368 -1 7367 7368 7369 -1 7369 7368 7370 -1 7371 7366 7372 -1 7366 7371 7368 -1 7371 7370 7368 -1 7370 7371 7373 -1 7373 7369 7370 -1 7369 7373 7374 -1 7375 7369 7374 -1 7369 7375 7367 -1 7364 7375 7376 -1 7375 7364 7367 -1 7364 7377 7365 -1 7377 7364 7376 -1 7365 7378 7363 -1 7378 7365 7377 -1 7366 7378 7372 -1 7378 7366 7363 -1 7379 7372 7380 -1 7372 7379 7371 -1 7379 7373 7371 -1 7373 7379 7381 -1 7381 7374 7373 -1 7374 7381 7382 -1 7383 7374 7382 -1 7374 7383 7375 -1 7376 7383 7384 -1 7383 7376 7375 -1 7376 7385 7377 -1 7385 7376 7384 -1 7377 7386 7378 -1 7386 7377 7385 -1 7372 7386 7380 -1 7386 7372 7378 -1 7379 7387 7388 -1 7387 7379 7380 -1 7388 7381 7379 -1 7381 7388 7389 -1 7389 7382 7381 -1 7382 7389 7390 -1 7383 7390 7391 -1 7390 7383 7382 -1 7384 7391 7392 -1 7391 7384 7383 -1 7384 7393 7385 -1 7393 7384 7392 -1 7385 7394 7386 -1 7394 7385 7393 -1 7380 7394 7387 -1 7394 7380 7386 -1 7388 7395 7396 -1 7395 7388 7387 -1 7397 7388 7396 -1 7388 7397 7389 -1 7398 7389 7397 -1 7389 7398 7390 -1 7391 7398 7399 -1 7398 7391 7390 -1 7400 7391 7399 -1 7391 7400 7392 -1 7393 7400 7401 -1 7400 7393 7392 -1 7394 7401 7402 -1 7401 7394 7393 -1 7395 7394 7402 -1 7394 7395 7387 -1 7396 7403 7404 -1 7403 7396 7395 -1 7405 7396 7404 -1 7396 7405 7397 -1 7406 7397 7405 -1 7397 7406 7398 -1 7399 7406 7407 -1 7406 7399 7398 -1 7408 7399 7407 -1 7399 7408 7400 -1 7401 7408 7409 -1 7408 7401 7400 -1 7402 7409 7410 -1 7409 7402 7401 -1 7403 7402 7410 -1 7402 7403 7395 -1 7404 7411 7412 -1 7411 7404 7403 -1 7413 7404 7412 -1 7404 7413 7405 -1 7414 7405 7413 -1 7405 7414 7406 -1 7407 7414 7415 -1 7414 7407 7406 -1 7416 7407 7415 -1 7407 7416 7408 -1 7409 7416 7417 -1 7416 7409 7408 -1 7410 7417 7418 -1 7417 7410 7409 -1 7411 7410 7418 -1 7410 7411 7403 -1 7416 7418 7417 -1 7418 7416 7411 -1 7411 7416 7415 -1 7411 7415 7412 -1 7412 7415 7414 -1 7412 7414 7413 -1 7419 7420 7421 -1 7421 7422 7419 -1 7423 7424 7425 -1 7425 7426 7423 -1 7427 7428 7429 -1 7429 7430 7427 -1 7429 7431 7430 -1 7429 7432 7431 -1 7433 7434 7435 -1 7435 7431 7433 -1 7435 7436 7431 -1 7436 7430 7431 -1 7426 7425 7437 -1 7437 7438 7426 -1 7437 7434 7438 -1 7434 7433 7438 -1 7428 7439 7420 -1 7420 7419 7428 -1 7419 7429 7428 -1 7426 7438 7440 -1 7440 7423 7426 -1 7433 7431 7432 -1 7432 7438 7433 -1 7432 7440 7438 -1 7430 7436 7441 -1 7441 7427 7430 -1 7442 7435 7434 -1 7434 7437 7442 -1 7437 7443 7442 -1 7443 7437 7425 -1 7425 7424 7443 -1 7443 7424 7423 -1 7423 7440 7443 -1 7440 7442 7443 -1 7440 7432 7442 -1 7432 7444 7442 -1 7432 7429 7444 -1 7429 7422 7444 -1 7429 7419 7422 -1 7444 7441 7436 -1 7436 7435 7444 -1 7435 7442 7444 -1 7428 7427 7441 -1 7441 7445 7428 -1 7445 7439 7428 -1 7422 7421 7445 -1 7445 7441 7422 -1 7441 7444 7422 -1 7420 7439 7445 -1 7445 7421 7420 -1 7446 7447 7448 -1 7447 7446 7449 -1 7450 7451 7452 -1 7451 7450 7453 -1 7454 7455 7456 -1 7455 7454 7457 -1 7455 7457 7458 -1 7455 7458 7459 -1 7460 7461 7462 -1 7461 7460 7458 -1 7461 7458 7463 -1 7463 7458 7457 -1 7453 7464 7451 -1 7464 7453 7465 -1 7464 7465 7462 -1 7462 7465 7460 -1 7456 7448 7466 -1 7448 7456 7446 -1 7446 7456 7455 -1 7453 7467 7465 -1 7467 7453 7450 -1 7460 7459 7458 -1 7459 7460 7465 -1 7459 7465 7467 -1 7457 7468 7463 -1 7468 7457 7454 -1 7469 7462 7461 -1 7462 7469 7464 -1 7464 7469 7470 -1 7470 7451 7464 -1 7451 7470 7452 -1 7470 7450 7452 -1 7450 7470 7467 -1 7467 7470 7469 -1 7467 7469 7459 -1 7459 7469 7471 -1 7459 7471 7455 -1 7455 7471 7449 -1 7455 7449 7446 -1 7471 7463 7468 -1 7463 7471 7461 -1 7461 7471 7469 -1 7456 7468 7454 -1 7468 7456 7472 -1 7472 7456 7466 -1 7449 7472 7447 -1 7472 7449 7468 -1 7468 7449 7471 -1 7448 7472 7466 -1 7472 7448 7447 -1 7473 7474 7475 -1 7474 7473 7476 -1 7474 7476 7477 -1 7477 7476 7478 -1 7477 7478 7479 -1 7479 7478 7480 -1 7481 7476 7482 -1 7476 7481 7478 -1 7481 7480 7478 -1 7480 7481 7483 -1 7483 7479 7480 -1 7479 7483 7484 -1 7485 7479 7484 -1 7479 7485 7477 -1 7474 7485 7486 -1 7485 7474 7477 -1 7474 7487 7475 -1 7487 7474 7486 -1 7475 7488 7473 -1 7488 7475 7487 -1 7476 7488 7482 -1 7488 7476 7473 -1 7489 7482 7490 -1 7482 7489 7481 -1 7489 7483 7481 -1 7483 7489 7491 -1 7491 7484 7483 -1 7484 7491 7492 -1 7493 7484 7492 -1 7484 7493 7485 -1 7486 7493 7494 -1 7493 7486 7485 -1 7486 7495 7487 -1 7495 7486 7494 -1 7487 7496 7488 -1 7496 7487 7495 -1 7482 7496 7490 -1 7496 7482 7488 -1 7489 7497 7498 -1 7497 7489 7490 -1 7498 7491 7489 -1 7491 7498 7499 -1 7499 7492 7491 -1 7492 7499 7500 -1 7493 7500 7501 -1 7500 7493 7492 -1 7494 7501 7502 -1 7501 7494 7493 -1 7494 7503 7495 -1 7503 7494 7502 -1 7495 7504 7496 -1 7504 7495 7503 -1 7490 7504 7497 -1 7504 7490 7496 -1 7498 7505 7506 -1 7505 7498 7497 -1 7507 7498 7506 -1 7498 7507 7499 -1 7508 7499 7507 -1 7499 7508 7500 -1 7501 7508 7509 -1 7508 7501 7500 -1 7510 7501 7509 -1 7501 7510 7502 -1 7503 7510 7511 -1 7510 7503 7502 -1 7504 7511 7512 -1 7511 7504 7503 -1 7505 7504 7512 -1 7504 7505 7497 -1 7506 7513 7514 -1 7513 7506 7505 -1 7515 7506 7514 -1 7506 7515 7507 -1 7516 7507 7515 -1 7507 7516 7508 -1 7509 7516 7517 -1 7516 7509 7508 -1 7518 7509 7517 -1 7509 7518 7510 -1 7511 7518 7519 -1 7518 7511 7510 -1 7512 7519 7520 -1 7519 7512 7511 -1 7513 7512 7520 -1 7512 7513 7505 -1 7514 7521 7522 -1 7521 7514 7513 -1 7523 7514 7522 -1 7514 7523 7515 -1 7524 7515 7523 -1 7515 7524 7516 -1 7517 7524 7525 -1 7524 7517 7516 -1 7526 7517 7525 -1 7517 7526 7518 -1 7519 7526 7527 -1 7526 7519 7518 -1 7520 7527 7528 -1 7527 7520 7519 -1 7521 7520 7528 -1 7520 7521 7513 -1 7526 7528 7527 -1 7528 7526 7521 -1 7521 7526 7525 -1 7521 7525 7522 -1 7522 7525 7524 -1 7522 7524 7523 -1 7529 7530 7531 -1 7531 7532 7529 -1 7533 7534 7535 -1 7535 7536 7533 -1 7537 7538 7539 -1 7539 7540 7537 -1 7539 7541 7540 -1 7539 7542 7541 -1 7543 7544 7545 -1 7545 7541 7543 -1 7545 7546 7541 -1 7546 7540 7541 -1 7536 7535 7547 -1 7547 7548 7536 -1 7547 7544 7548 -1 7544 7543 7548 -1 7538 7549 7530 -1 7530 7529 7538 -1 7529 7539 7538 -1 7536 7548 7550 -1 7550 7533 7536 -1 7543 7541 7542 -1 7542 7548 7543 -1 7542 7550 7548 -1 7540 7546 7551 -1 7551 7537 7540 -1 7552 7545 7544 -1 7544 7547 7552 -1 7547 7553 7552 -1 7553 7547 7535 -1 7535 7534 7553 -1 7553 7534 7533 -1 7533 7550 7553 -1 7550 7552 7553 -1 7550 7542 7552 -1 7542 7554 7552 -1 7542 7539 7554 -1 7539 7532 7554 -1 7539 7529 7532 -1 7554 7551 7546 -1 7546 7545 7554 -1 7545 7552 7554 -1 7538 7537 7551 -1 7551 7555 7538 -1 7555 7549 7538 -1 7532 7531 7555 -1 7555 7551 7532 -1 7551 7554 7532 -1 7530 7549 7555 -1 7555 7531 7530 -1 7556 7557 7558 -1 7557 7556 7559 -1 7560 7561 7562 -1 7561 7560 7563 -1 7564 7565 7566 -1 7565 7564 7567 -1 7565 7567 7568 -1 7565 7568 7569 -1 7570 7571 7572 -1 7571 7570 7568 -1 7571 7568 7573 -1 7573 7568 7567 -1 7563 7574 7561 -1 7574 7563 7575 -1 7574 7575 7572 -1 7572 7575 7570 -1 7566 7558 7576 -1 7558 7566 7556 -1 7556 7566 7565 -1 7563 7577 7575 -1 7577 7563 7560 -1 7570 7569 7568 -1 7569 7570 7575 -1 7569 7575 7577 -1 7567 7578 7573 -1 7578 7567 7564 -1 7579 7572 7571 -1 7572 7579 7574 -1 7574 7579 7580 -1 7580 7561 7574 -1 7561 7580 7562 -1 7580 7560 7562 -1 7560 7580 7577 -1 7577 7580 7579 -1 7577 7579 7569 -1 7569 7579 7581 -1 7569 7581 7565 -1 7565 7581 7559 -1 7565 7559 7556 -1 7581 7573 7578 -1 7573 7581 7571 -1 7571 7581 7579 -1 7566 7578 7564 -1 7578 7566 7582 -1 7582 7566 7576 -1 7559 7582 7557 -1 7582 7559 7578 -1 7578 7559 7581 -1 7558 7582 7576 -1 7582 7558 7557 -1 7583 7584 7585 -1 7584 7583 7586 -1 7584 7586 7587 -1 7587 7586 7588 -1 7587 7588 7589 -1 7589 7588 7590 -1 7591 7586 7592 -1 7586 7591 7588 -1 7591 7590 7588 -1 7590 7591 7593 -1 7593 7589 7590 -1 7589 7593 7594 -1 7595 7589 7594 -1 7589 7595 7587 -1 7584 7595 7596 -1 7595 7584 7587 -1 7584 7597 7585 -1 7597 7584 7596 -1 7585 7598 7583 -1 7598 7585 7597 -1 7586 7598 7592 -1 7598 7586 7583 -1 7599 7592 7600 -1 7592 7599 7591 -1 7599 7593 7591 -1 7593 7599 7601 -1 7601 7594 7593 -1 7594 7601 7602 -1 7603 7594 7602 -1 7594 7603 7595 -1 7596 7603 7604 -1 7603 7596 7595 -1 7596 7605 7597 -1 7605 7596 7604 -1 7597 7606 7598 -1 7606 7597 7605 -1 7592 7606 7600 -1 7606 7592 7598 -1 7599 7607 7608 -1 7607 7599 7600 -1 7608 7601 7599 -1 7601 7608 7609 -1 7609 7602 7601 -1 7602 7609 7610 -1 7603 7610 7611 -1 7610 7603 7602 -1 7604 7611 7612 -1 7611 7604 7603 -1 7604 7613 7605 -1 7613 7604 7612 -1 7605 7614 7606 -1 7614 7605 7613 -1 7600 7614 7607 -1 7614 7600 7606 -1 7608 7615 7616 -1 7615 7608 7607 -1 7617 7608 7616 -1 7608 7617 7609 -1 7618 7609 7617 -1 7609 7618 7610 -1 7611 7618 7619 -1 7618 7611 7610 -1 7620 7611 7619 -1 7611 7620 7612 -1 7613 7620 7621 -1 7620 7613 7612 -1 7614 7621 7622 -1 7621 7614 7613 -1 7615 7614 7622 -1 7614 7615 7607 -1 7616 7623 7624 -1 7623 7616 7615 -1 7625 7616 7624 -1 7616 7625 7617 -1 7626 7617 7625 -1 7617 7626 7618 -1 7619 7626 7627 -1 7626 7619 7618 -1 7628 7619 7627 -1 7619 7628 7620 -1 7621 7628 7629 -1 7628 7621 7620 -1 7622 7629 7630 -1 7629 7622 7621 -1 7623 7622 7630 -1 7622 7623 7615 -1 7624 7631 7632 -1 7631 7624 7623 -1 7633 7624 7632 -1 7624 7633 7625 -1 7634 7625 7633 -1 7625 7634 7626 -1 7627 7634 7635 -1 7634 7627 7626 -1 7636 7627 7635 -1 7627 7636 7628 -1 7629 7636 7637 -1 7636 7629 7628 -1 7630 7637 7638 -1 7637 7630 7629 -1 7631 7630 7638 -1 7630 7631 7623 -1 7636 7638 7637 -1 7638 7636 7631 -1 7631 7636 7635 -1 7631 7635 7632 -1 7632 7635 7634 -1 7632 7634 7633 -1 7639 7640 7641 -1 7641 7642 7639 -1 7643 7644 7645 -1 7645 7646 7643 -1 7647 7648 7649 -1 7649 7650 7647 -1 7649 7651 7650 -1 7649 7652 7651 -1 7653 7654 7655 -1 7655 7651 7653 -1 7655 7656 7651 -1 7656 7650 7651 -1 7646 7645 7657 -1 7657 7658 7646 -1 7657 7654 7658 -1 7654 7653 7658 -1 7648 7659 7640 -1 7640 7639 7648 -1 7639 7649 7648 -1 7646 7658 7660 -1 7660 7643 7646 -1 7653 7651 7652 -1 7652 7658 7653 -1 7652 7660 7658 -1 7650 7656 7661 -1 7661 7647 7650 -1 7662 7655 7654 -1 7654 7657 7662 -1 7657 7663 7662 -1 7663 7657 7645 -1 7645 7644 7663 -1 7663 7644 7643 -1 7643 7660 7663 -1 7660 7662 7663 -1 7660 7652 7662 -1 7652 7664 7662 -1 7652 7649 7664 -1 7649 7642 7664 -1 7649 7639 7642 -1 7664 7661 7656 -1 7656 7655 7664 -1 7655 7662 7664 -1 7648 7647 7661 -1 7661 7665 7648 -1 7665 7659 7648 -1 7642 7641 7665 -1 7665 7661 7642 -1 7661 7664 7642 -1 7640 7659 7665 -1 7665 7641 7640 -1 7666 7667 7668 -1 7667 7666 7669 -1 7670 7671 7672 -1 7671 7670 7673 -1 7674 7675 7676 -1 7675 7674 7677 -1 7675 7677 7678 -1 7675 7678 7679 -1 7680 7681 7682 -1 7681 7680 7678 -1 7681 7678 7683 -1 7683 7678 7677 -1 7673 7684 7671 -1 7684 7673 7685 -1 7684 7685 7682 -1 7682 7685 7680 -1 7676 7668 7686 -1 7668 7676 7666 -1 7666 7676 7675 -1 7673 7687 7685 -1 7687 7673 7670 -1 7680 7679 7678 -1 7679 7680 7685 -1 7679 7685 7687 -1 7677 7688 7683 -1 7688 7677 7674 -1 7689 7682 7681 -1 7682 7689 7684 -1 7684 7689 7690 -1 7690 7671 7684 -1 7671 7690 7672 -1 7690 7670 7672 -1 7670 7690 7687 -1 7687 7690 7689 -1 7687 7689 7679 -1 7679 7689 7691 -1 7679 7691 7675 -1 7675 7691 7669 -1 7675 7669 7666 -1 7691 7683 7688 -1 7683 7691 7681 -1 7681 7691 7689 -1 7676 7688 7674 -1 7688 7676 7692 -1 7692 7676 7686 -1 7669 7692 7667 -1 7692 7669 7688 -1 7688 7669 7691 -1 7668 7692 7686 -1 7692 7668 7667 -1 7693 7694 7695 -1 7694 7693 7696 -1 7694 7696 7697 -1 7697 7696 7698 -1 7697 7698 7699 -1 7699 7698 7700 -1 7701 7696 7702 -1 7696 7701 7698 -1 7701 7700 7698 -1 7700 7701 7703 -1 7703 7699 7700 -1 7699 7703 7704 -1 7705 7699 7704 -1 7699 7705 7697 -1 7694 7705 7706 -1 7705 7694 7697 -1 7694 7707 7695 -1 7707 7694 7706 -1 7695 7708 7693 -1 7708 7695 7707 -1 7696 7708 7702 -1 7708 7696 7693 -1 7709 7702 7710 -1 7702 7709 7701 -1 7709 7703 7701 -1 7703 7709 7711 -1 7711 7704 7703 -1 7704 7711 7712 -1 7713 7704 7712 -1 7704 7713 7705 -1 7706 7713 7714 -1 7713 7706 7705 -1 7706 7715 7707 -1 7715 7706 7714 -1 7707 7716 7708 -1 7716 7707 7715 -1 7702 7716 7710 -1 7716 7702 7708 -1 7709 7717 7718 -1 7717 7709 7710 -1 7718 7711 7709 -1 7711 7718 7719 -1 7719 7712 7711 -1 7712 7719 7720 -1 7713 7720 7721 -1 7720 7713 7712 -1 7714 7721 7722 -1 7721 7714 7713 -1 7714 7723 7715 -1 7723 7714 7722 -1 7715 7724 7716 -1 7724 7715 7723 -1 7710 7724 7717 -1 7724 7710 7716 -1 7718 7725 7726 -1 7725 7718 7717 -1 7727 7718 7726 -1 7718 7727 7719 -1 7728 7719 7727 -1 7719 7728 7720 -1 7721 7728 7729 -1 7728 7721 7720 -1 7730 7721 7729 -1 7721 7730 7722 -1 7723 7730 7731 -1 7730 7723 7722 -1 7724 7731 7732 -1 7731 7724 7723 -1 7725 7724 7732 -1 7724 7725 7717 -1 7726 7733 7734 -1 7733 7726 7725 -1 7735 7726 7734 -1 7726 7735 7727 -1 7736 7727 7735 -1 7727 7736 7728 -1 7729 7736 7737 -1 7736 7729 7728 -1 7738 7729 7737 -1 7729 7738 7730 -1 7731 7738 7739 -1 7738 7731 7730 -1 7732 7739 7740 -1 7739 7732 7731 -1 7733 7732 7740 -1 7732 7733 7725 -1 7734 7741 7742 -1 7741 7734 7733 -1 7743 7734 7742 -1 7734 7743 7735 -1 7744 7735 7743 -1 7735 7744 7736 -1 7737 7744 7745 -1 7744 7737 7736 -1 7746 7737 7745 -1 7737 7746 7738 -1 7739 7746 7747 -1 7746 7739 7738 -1 7740 7747 7748 -1 7747 7740 7739 -1 7741 7740 7748 -1 7740 7741 7733 -1 7746 7748 7747 -1 7748 7746 7741 -1 7741 7746 7745 -1 7741 7745 7742 -1 7742 7745 7744 -1 7742 7744 7743 -1 7749 7750 7751 -1 7751 7752 7749 -1 7753 7754 7755 -1 7755 7756 7753 -1 7757 7758 7759 -1 7759 7760 7757 -1 7759 7761 7760 -1 7759 7762 7761 -1 7763 7764 7765 -1 7765 7761 7763 -1 7765 7766 7761 -1 7766 7760 7761 -1 7756 7755 7767 -1 7767 7768 7756 -1 7767 7764 7768 -1 7764 7763 7768 -1 7758 7769 7750 -1 7750 7749 7758 -1 7749 7759 7758 -1 7756 7768 7770 -1 7770 7753 7756 -1 7763 7761 7762 -1 7762 7768 7763 -1 7762 7770 7768 -1 7760 7766 7771 -1 7771 7757 7760 -1 7772 7765 7764 -1 7764 7767 7772 -1 7767 7773 7772 -1 7773 7767 7755 -1 7755 7754 7773 -1 7773 7754 7753 -1 7753 7770 7773 -1 7770 7772 7773 -1 7770 7762 7772 -1 7762 7774 7772 -1 7762 7759 7774 -1 7759 7752 7774 -1 7759 7749 7752 -1 7774 7771 7766 -1 7766 7765 7774 -1 7765 7772 7774 -1 7758 7757 7771 -1 7771 7775 7758 -1 7775 7769 7758 -1 7752 7751 7775 -1 7775 7771 7752 -1 7771 7774 7752 -1 7750 7769 7775 -1 7775 7751 7750 -1 7776 7777 7778 -1 7777 7776 7779 -1 7780 7781 7782 -1 7781 7780 7783 -1 7784 7785 7786 -1 7785 7784 7787 -1 7785 7787 7788 -1 7785 7788 7789 -1 7790 7791 7792 -1 7791 7790 7788 -1 7791 7788 7793 -1 7793 7788 7787 -1 7783 7794 7781 -1 7794 7783 7795 -1 7794 7795 7792 -1 7792 7795 7790 -1 7786 7778 7796 -1 7778 7786 7776 -1 7776 7786 7785 -1 7783 7797 7795 -1 7797 7783 7780 -1 7790 7789 7788 -1 7789 7790 7795 -1 7789 7795 7797 -1 7787 7798 7793 -1 7798 7787 7784 -1 7799 7792 7791 -1 7792 7799 7794 -1 7794 7799 7800 -1 7800 7781 7794 -1 7781 7800 7782 -1 7800 7780 7782 -1 7780 7800 7797 -1 7797 7800 7799 -1 7797 7799 7789 -1 7789 7799 7801 -1 7789 7801 7785 -1 7785 7801 7779 -1 7785 7779 7776 -1 7801 7793 7798 -1 7793 7801 7791 -1 7791 7801 7799 -1 7786 7798 7784 -1 7798 7786 7802 -1 7802 7786 7796 -1 7779 7802 7777 -1 7802 7779 7798 -1 7798 7779 7801 -1 7778 7802 7796 -1 7802 7778 7777 -1 7803 7804 7805 -1 7804 7803 7806 -1 7804 7806 7807 -1 7807 7806 7808 -1 7807 7808 7809 -1 7809 7808 7810 -1 7811 7806 7812 -1 7806 7811 7808 -1 7811 7810 7808 -1 7810 7811 7813 -1 7813 7809 7810 -1 7809 7813 7814 -1 7815 7809 7814 -1 7809 7815 7807 -1 7804 7815 7816 -1 7815 7804 7807 -1 7804 7817 7805 -1 7817 7804 7816 -1 7805 7818 7803 -1 7818 7805 7817 -1 7806 7818 7812 -1 7818 7806 7803 -1 7819 7812 7820 -1 7812 7819 7811 -1 7819 7813 7811 -1 7813 7819 7821 -1 7821 7814 7813 -1 7814 7821 7822 -1 7823 7814 7822 -1 7814 7823 7815 -1 7816 7823 7824 -1 7823 7816 7815 -1 7816 7825 7817 -1 7825 7816 7824 -1 7817 7826 7818 -1 7826 7817 7825 -1 7812 7826 7820 -1 7826 7812 7818 -1 7819 7827 7828 -1 7827 7819 7820 -1 7828 7821 7819 -1 7821 7828 7829 -1 7829 7822 7821 -1 7822 7829 7830 -1 7823 7830 7831 -1 7830 7823 7822 -1 7824 7831 7832 -1 7831 7824 7823 -1 7824 7833 7825 -1 7833 7824 7832 -1 7825 7834 7826 -1 7834 7825 7833 -1 7820 7834 7827 -1 7834 7820 7826 -1 7828 7835 7836 -1 7835 7828 7827 -1 7837 7828 7836 -1 7828 7837 7829 -1 7838 7829 7837 -1 7829 7838 7830 -1 7831 7838 7839 -1 7838 7831 7830 -1 7840 7831 7839 -1 7831 7840 7832 -1 7833 7840 7841 -1 7840 7833 7832 -1 7834 7841 7842 -1 7841 7834 7833 -1 7835 7834 7842 -1 7834 7835 7827 -1 7836 7843 7844 -1 7843 7836 7835 -1 7845 7836 7844 -1 7836 7845 7837 -1 7846 7837 7845 -1 7837 7846 7838 -1 7839 7846 7847 -1 7846 7839 7838 -1 7848 7839 7847 -1 7839 7848 7840 -1 7841 7848 7849 -1 7848 7841 7840 -1 7842 7849 7850 -1 7849 7842 7841 -1 7843 7842 7850 -1 7842 7843 7835 -1 7844 7851 7852 -1 7851 7844 7843 -1 7853 7844 7852 -1 7844 7853 7845 -1 7854 7845 7853 -1 7845 7854 7846 -1 7847 7854 7855 -1 7854 7847 7846 -1 7856 7847 7855 -1 7847 7856 7848 -1 7849 7856 7857 -1 7856 7849 7848 -1 7850 7857 7858 -1 7857 7850 7849 -1 7851 7850 7858 -1 7850 7851 7843 -1 7856 7858 7857 -1 7858 7856 7851 -1 7851 7856 7855 -1 7851 7855 7852 -1 7852 7855 7854 -1 7852 7854 7853 -1 7859 7860 7861 -1 7861 7862 7859 -1 7863 7864 7865 -1 7865 7866 7863 -1 7867 7868 7869 -1 7869 7870 7867 -1 7869 7871 7870 -1 7869 7872 7871 -1 7873 7874 7875 -1 7875 7871 7873 -1 7875 7876 7871 -1 7876 7870 7871 -1 7866 7865 7877 -1 7877 7878 7866 -1 7877 7874 7878 -1 7874 7873 7878 -1 7868 7879 7860 -1 7860 7859 7868 -1 7859 7869 7868 -1 7866 7878 7880 -1 7880 7863 7866 -1 7873 7871 7872 -1 7872 7878 7873 -1 7872 7880 7878 -1 7870 7876 7881 -1 7881 7867 7870 -1 7882 7875 7874 -1 7874 7877 7882 -1 7877 7883 7882 -1 7883 7877 7865 -1 7865 7864 7883 -1 7883 7864 7863 -1 7863 7880 7883 -1 7880 7882 7883 -1 7880 7872 7882 -1 7872 7884 7882 -1 7872 7869 7884 -1 7869 7862 7884 -1 7869 7859 7862 -1 7884 7881 7876 -1 7876 7875 7884 -1 7875 7882 7884 -1 7868 7867 7881 -1 7881 7885 7868 -1 7885 7879 7868 -1 7862 7861 7885 -1 7885 7881 7862 -1 7881 7884 7862 -1 7860 7879 7885 -1 7885 7861 7860 -1 7886 7887 7888 -1 7887 7886 7889 -1 7890 7891 7892 -1 7891 7890 7893 -1 7894 7895 7896 -1 7895 7894 7897 -1 7895 7897 7898 -1 7895 7898 7899 -1 7900 7901 7902 -1 7901 7900 7898 -1 7901 7898 7903 -1 7903 7898 7897 -1 7893 7904 7891 -1 7904 7893 7905 -1 7904 7905 7902 -1 7902 7905 7900 -1 7896 7888 7906 -1 7888 7896 7886 -1 7886 7896 7895 -1 7893 7907 7905 -1 7907 7893 7890 -1 7900 7899 7898 -1 7899 7900 7905 -1 7899 7905 7907 -1 7897 7908 7903 -1 7908 7897 7894 -1 7909 7902 7901 -1 7902 7909 7904 -1 7904 7909 7910 -1 7910 7891 7904 -1 7891 7910 7892 -1 7910 7890 7892 -1 7890 7910 7907 -1 7907 7910 7909 -1 7907 7909 7899 -1 7899 7909 7911 -1 7899 7911 7895 -1 7895 7911 7889 -1 7895 7889 7886 -1 7911 7903 7908 -1 7903 7911 7901 -1 7901 7911 7909 -1 7896 7908 7894 -1 7908 7896 7912 -1 7912 7896 7906 -1 7889 7912 7887 -1 7912 7889 7908 -1 7908 7889 7911 -1 7888 7912 7906 -1 7912 7888 7887 -1 7913 7914 7915 -1 7914 7913 7916 -1 7914 7916 7917 -1 7917 7916 7918 -1 7917 7918 7919 -1 7919 7918 7920 -1 7921 7916 7922 -1 7916 7921 7918 -1 7921 7920 7918 -1 7920 7921 7923 -1 7923 7919 7920 -1 7919 7923 7924 -1 7925 7919 7924 -1 7919 7925 7917 -1 7914 7925 7926 -1 7925 7914 7917 -1 7914 7927 7915 -1 7927 7914 7926 -1 7915 7928 7913 -1 7928 7915 7927 -1 7916 7928 7922 -1 7928 7916 7913 -1 7929 7922 7930 -1 7922 7929 7921 -1 7929 7923 7921 -1 7923 7929 7931 -1 7931 7924 7923 -1 7924 7931 7932 -1 7933 7924 7932 -1 7924 7933 7925 -1 7926 7933 7934 -1 7933 7926 7925 -1 7926 7935 7927 -1 7935 7926 7934 -1 7927 7936 7928 -1 7936 7927 7935 -1 7922 7936 7930 -1 7936 7922 7928 -1 7929 7937 7938 -1 7937 7929 7930 -1 7938 7931 7929 -1 7931 7938 7939 -1 7939 7932 7931 -1 7932 7939 7940 -1 7933 7940 7941 -1 7940 7933 7932 -1 7934 7941 7942 -1 7941 7934 7933 -1 7934 7943 7935 -1 7943 7934 7942 -1 7935 7944 7936 -1 7944 7935 7943 -1 7930 7944 7937 -1 7944 7930 7936 -1 7938 7945 7946 -1 7945 7938 7937 -1 7947 7938 7946 -1 7938 7947 7939 -1 7948 7939 7947 -1 7939 7948 7940 -1 7941 7948 7949 -1 7948 7941 7940 -1 7950 7941 7949 -1 7941 7950 7942 -1 7943 7950 7951 -1 7950 7943 7942 -1 7944 7951 7952 -1 7951 7944 7943 -1 7945 7944 7952 -1 7944 7945 7937 -1 7946 7953 7954 -1 7953 7946 7945 -1 7955 7946 7954 -1 7946 7955 7947 -1 7956 7947 7955 -1 7947 7956 7948 -1 7949 7956 7957 -1 7956 7949 7948 -1 7958 7949 7957 -1 7949 7958 7950 -1 7951 7958 7959 -1 7958 7951 7950 -1 7952 7959 7960 -1 7959 7952 7951 -1 7953 7952 7960 -1 7952 7953 7945 -1 7954 7961 7962 -1 7961 7954 7953 -1 7963 7954 7962 -1 7954 7963 7955 -1 7964 7955 7963 -1 7955 7964 7956 -1 7957 7964 7965 -1 7964 7957 7956 -1 7966 7957 7965 -1 7957 7966 7958 -1 7959 7966 7967 -1 7966 7959 7958 -1 7960 7967 7968 -1 7967 7960 7959 -1 7961 7960 7968 -1 7960 7961 7953 -1 7966 7968 7967 -1 7968 7966 7961 -1 7961 7966 7965 -1 7961 7965 7962 -1 7962 7965 7964 -1 7962 7964 7963 -1 7969 7970 7971 -1 7971 7972 7969 -1 7973 7974 7975 -1 7975 7976 7973 -1 7977 7978 7979 -1 7979 7980 7977 -1 7979 7981 7980 -1 7979 7982 7981 -1 7983 7984 7985 -1 7985 7981 7983 -1 7985 7986 7981 -1 7986 7980 7981 -1 7976 7975 7987 -1 7987 7988 7976 -1 7987 7984 7988 -1 7984 7983 7988 -1 7978 7989 7970 -1 7970 7969 7978 -1 7969 7979 7978 -1 7976 7988 7990 -1 7990 7973 7976 -1 7983 7981 7982 -1 7982 7988 7983 -1 7982 7990 7988 -1 7980 7986 7991 -1 7991 7977 7980 -1 7992 7985 7984 -1 7984 7987 7992 -1 7987 7993 7992 -1 7993 7987 7975 -1 7975 7974 7993 -1 7993 7974 7973 -1 7973 7990 7993 -1 7990 7992 7993 -1 7990 7982 7992 -1 7982 7994 7992 -1 7982 7979 7994 -1 7979 7972 7994 -1 7979 7969 7972 -1 7994 7991 7986 -1 7986 7985 7994 -1 7985 7992 7994 -1 7978 7977 7991 -1 7991 7995 7978 -1 7995 7989 7978 -1 7972 7971 7995 -1 7995 7991 7972 -1 7991 7994 7972 -1 7970 7989 7995 -1 7995 7971 7970 -1 7996 7997 7998 -1 7997 7996 7999 -1 8000 8001 8002 -1 8001 8000 8003 -1 8004 8005 8006 -1 8005 8004 8007 -1 8005 8007 8008 -1 8005 8008 8009 -1 8010 8011 8012 -1 8011 8010 8008 -1 8011 8008 8013 -1 8013 8008 8007 -1 8003 8014 8001 -1 8014 8003 8015 -1 8014 8015 8012 -1 8012 8015 8010 -1 8006 7998 8016 -1 7998 8006 7996 -1 7996 8006 8005 -1 8003 8017 8015 -1 8017 8003 8000 -1 8010 8009 8008 -1 8009 8010 8015 -1 8009 8015 8017 -1 8007 8018 8013 -1 8018 8007 8004 -1 8019 8012 8011 -1 8012 8019 8014 -1 8014 8019 8020 -1 8020 8001 8014 -1 8001 8020 8002 -1 8020 8000 8002 -1 8000 8020 8017 -1 8017 8020 8019 -1 8017 8019 8009 -1 8009 8019 8021 -1 8009 8021 8005 -1 8005 8021 7999 -1 8005 7999 7996 -1 8021 8013 8018 -1 8013 8021 8011 -1 8011 8021 8019 -1 8006 8018 8004 -1 8018 8006 8022 -1 8022 8006 8016 -1 7999 8022 7997 -1 8022 7999 8018 -1 8018 7999 8021 -1 7998 8022 8016 -1 8022 7998 7997 -1 8023 8024 8025 -1 8024 8023 8026 -1 8024 8026 8027 -1 8027 8026 8028 -1 8027 8028 8029 -1 8029 8028 8030 -1 8031 8026 8032 -1 8026 8031 8028 -1 8031 8030 8028 -1 8030 8031 8033 -1 8033 8029 8030 -1 8029 8033 8034 -1 8035 8029 8034 -1 8029 8035 8027 -1 8024 8035 8036 -1 8035 8024 8027 -1 8024 8037 8025 -1 8037 8024 8036 -1 8025 8038 8023 -1 8038 8025 8037 -1 8026 8038 8032 -1 8038 8026 8023 -1 8039 8032 8040 -1 8032 8039 8031 -1 8039 8033 8031 -1 8033 8039 8041 -1 8041 8034 8033 -1 8034 8041 8042 -1 8043 8034 8042 -1 8034 8043 8035 -1 8036 8043 8044 -1 8043 8036 8035 -1 8036 8045 8037 -1 8045 8036 8044 -1 8037 8046 8038 -1 8046 8037 8045 -1 8032 8046 8040 -1 8046 8032 8038 -1 8039 8047 8048 -1 8047 8039 8040 -1 8048 8041 8039 -1 8041 8048 8049 -1 8049 8042 8041 -1 8042 8049 8050 -1 8043 8050 8051 -1 8050 8043 8042 -1 8044 8051 8052 -1 8051 8044 8043 -1 8044 8053 8045 -1 8053 8044 8052 -1 8045 8054 8046 -1 8054 8045 8053 -1 8040 8054 8047 -1 8054 8040 8046 -1 8048 8055 8056 -1 8055 8048 8047 -1 8057 8048 8056 -1 8048 8057 8049 -1 8058 8049 8057 -1 8049 8058 8050 -1 8051 8058 8059 -1 8058 8051 8050 -1 8060 8051 8059 -1 8051 8060 8052 -1 8053 8060 8061 -1 8060 8053 8052 -1 8054 8061 8062 -1 8061 8054 8053 -1 8055 8054 8062 -1 8054 8055 8047 -1 8056 8063 8064 -1 8063 8056 8055 -1 8065 8056 8064 -1 8056 8065 8057 -1 8066 8057 8065 -1 8057 8066 8058 -1 8059 8066 8067 -1 8066 8059 8058 -1 8068 8059 8067 -1 8059 8068 8060 -1 8061 8068 8069 -1 8068 8061 8060 -1 8062 8069 8070 -1 8069 8062 8061 -1 8063 8062 8070 -1 8062 8063 8055 -1 8064 8071 8072 -1 8071 8064 8063 -1 8073 8064 8072 -1 8064 8073 8065 -1 8074 8065 8073 -1 8065 8074 8066 -1 8067 8074 8075 -1 8074 8067 8066 -1 8076 8067 8075 -1 8067 8076 8068 -1 8069 8076 8077 -1 8076 8069 8068 -1 8070 8077 8078 -1 8077 8070 8069 -1 8071 8070 8078 -1 8070 8071 8063 -1 8076 8078 8077 -1 8078 8076 8071 -1 8071 8076 8075 -1 8071 8075 8072 -1 8072 8075 8074 -1 8072 8074 8073 -1 8079 8080 8081 -1 8081 8082 8079 -1 8083 8084 8085 -1 8085 8086 8083 -1 8087 8088 8089 -1 8089 8090 8087 -1 8089 8091 8090 -1 8089 8092 8091 -1 8093 8094 8095 -1 8095 8091 8093 -1 8095 8096 8091 -1 8096 8090 8091 -1 8086 8085 8097 -1 8097 8098 8086 -1 8097 8094 8098 -1 8094 8093 8098 -1 8088 8099 8080 -1 8080 8079 8088 -1 8079 8089 8088 -1 8086 8098 8100 -1 8100 8083 8086 -1 8093 8091 8092 -1 8092 8098 8093 -1 8092 8100 8098 -1 8090 8096 8101 -1 8101 8087 8090 -1 8102 8095 8094 -1 8094 8097 8102 -1 8097 8103 8102 -1 8103 8097 8085 -1 8085 8084 8103 -1 8103 8084 8083 -1 8083 8100 8103 -1 8100 8102 8103 -1 8100 8092 8102 -1 8092 8104 8102 -1 8092 8089 8104 -1 8089 8082 8104 -1 8089 8079 8082 -1 8104 8101 8096 -1 8096 8095 8104 -1 8095 8102 8104 -1 8088 8087 8101 -1 8101 8105 8088 -1 8105 8099 8088 -1 8082 8081 8105 -1 8105 8101 8082 -1 8101 8104 8082 -1 8080 8099 8105 -1 8105 8081 8080 -1 8106 8107 8108 -1 8107 8106 8109 -1 8110 8111 8112 -1 8111 8110 8113 -1 8114 8115 8116 -1 8115 8114 8117 -1 8115 8117 8118 -1 8115 8118 8119 -1 8120 8121 8122 -1 8121 8120 8118 -1 8121 8118 8123 -1 8123 8118 8117 -1 8113 8124 8111 -1 8124 8113 8125 -1 8124 8125 8122 -1 8122 8125 8120 -1 8116 8108 8126 -1 8108 8116 8106 -1 8106 8116 8115 -1 8113 8127 8125 -1 8127 8113 8110 -1 8120 8119 8118 -1 8119 8120 8125 -1 8119 8125 8127 -1 8117 8128 8123 -1 8128 8117 8114 -1 8129 8122 8121 -1 8122 8129 8124 -1 8124 8129 8130 -1 8130 8111 8124 -1 8111 8130 8112 -1 8130 8110 8112 -1 8110 8130 8127 -1 8127 8130 8129 -1 8127 8129 8119 -1 8119 8129 8131 -1 8119 8131 8115 -1 8115 8131 8109 -1 8115 8109 8106 -1 8131 8123 8128 -1 8123 8131 8121 -1 8121 8131 8129 -1 8116 8128 8114 -1 8128 8116 8132 -1 8132 8116 8126 -1 8109 8132 8107 -1 8132 8109 8128 -1 8128 8109 8131 -1 8108 8132 8126 -1 8132 8108 8107 -1 8133 8134 8135 -1 8134 8133 8136 -1 8134 8136 8137 -1 8137 8136 8138 -1 8137 8138 8139 -1 8139 8138 8140 -1 8141 8136 8142 -1 8136 8141 8138 -1 8141 8140 8138 -1 8140 8141 8143 -1 8143 8139 8140 -1 8139 8143 8144 -1 8145 8139 8144 -1 8139 8145 8137 -1 8134 8145 8146 -1 8145 8134 8137 -1 8134 8147 8135 -1 8147 8134 8146 -1 8135 8148 8133 -1 8148 8135 8147 -1 8136 8148 8142 -1 8148 8136 8133 -1 8149 8142 8150 -1 8142 8149 8141 -1 8149 8143 8141 -1 8143 8149 8151 -1 8151 8144 8143 -1 8144 8151 8152 -1 8153 8144 8152 -1 8144 8153 8145 -1 8146 8153 8154 -1 8153 8146 8145 -1 8146 8155 8147 -1 8155 8146 8154 -1 8147 8156 8148 -1 8156 8147 8155 -1 8142 8156 8150 -1 8156 8142 8148 -1 8149 8157 8158 -1 8157 8149 8150 -1 8158 8151 8149 -1 8151 8158 8159 -1 8159 8152 8151 -1 8152 8159 8160 -1 8153 8160 8161 -1 8160 8153 8152 -1 8154 8161 8162 -1 8161 8154 8153 -1 8154 8163 8155 -1 8163 8154 8162 -1 8155 8164 8156 -1 8164 8155 8163 -1 8150 8164 8157 -1 8164 8150 8156 -1 8158 8165 8166 -1 8165 8158 8157 -1 8167 8158 8166 -1 8158 8167 8159 -1 8168 8159 8167 -1 8159 8168 8160 -1 8161 8168 8169 -1 8168 8161 8160 -1 8170 8161 8169 -1 8161 8170 8162 -1 8163 8170 8171 -1 8170 8163 8162 -1 8164 8171 8172 -1 8171 8164 8163 -1 8165 8164 8172 -1 8164 8165 8157 -1 8166 8173 8174 -1 8173 8166 8165 -1 8175 8166 8174 -1 8166 8175 8167 -1 8176 8167 8175 -1 8167 8176 8168 -1 8169 8176 8177 -1 8176 8169 8168 -1 8178 8169 8177 -1 8169 8178 8170 -1 8171 8178 8179 -1 8178 8171 8170 -1 8172 8179 8180 -1 8179 8172 8171 -1 8173 8172 8180 -1 8172 8173 8165 -1 8174 8181 8182 -1 8181 8174 8173 -1 8183 8174 8182 -1 8174 8183 8175 -1 8184 8175 8183 -1 8175 8184 8176 -1 8177 8184 8185 -1 8184 8177 8176 -1 8186 8177 8185 -1 8177 8186 8178 -1 8179 8186 8187 -1 8186 8179 8178 -1 8180 8187 8188 -1 8187 8180 8179 -1 8181 8180 8188 -1 8180 8181 8173 -1 8186 8188 8187 -1 8188 8186 8181 -1 8181 8186 8185 -1 8181 8185 8182 -1 8182 8185 8184 -1 8182 8184 8183 -1 8189 8190 8191 -1 8191 8192 8189 -1 8193 8194 8195 -1 8195 8196 8193 -1 8197 8198 8199 -1 8199 8200 8197 -1 8199 8201 8200 -1 8199 8202 8201 -1 8203 8204 8205 -1 8205 8201 8203 -1 8205 8206 8201 -1 8206 8200 8201 -1 8196 8195 8207 -1 8207 8208 8196 -1 8207 8204 8208 -1 8204 8203 8208 -1 8198 8209 8190 -1 8190 8189 8198 -1 8189 8199 8198 -1 8196 8208 8210 -1 8210 8193 8196 -1 8203 8201 8202 -1 8202 8208 8203 -1 8202 8210 8208 -1 8200 8206 8211 -1 8211 8197 8200 -1 8212 8205 8204 -1 8204 8207 8212 -1 8207 8213 8212 -1 8213 8207 8195 -1 8195 8194 8213 -1 8213 8194 8193 -1 8193 8210 8213 -1 8210 8212 8213 -1 8210 8202 8212 -1 8202 8214 8212 -1 8202 8199 8214 -1 8199 8192 8214 -1 8199 8189 8192 -1 8214 8211 8206 -1 8206 8205 8214 -1 8205 8212 8214 -1 8198 8197 8211 -1 8211 8215 8198 -1 8215 8209 8198 -1 8192 8191 8215 -1 8215 8211 8192 -1 8211 8214 8192 -1 8190 8209 8215 -1 8215 8191 8190 -1 8216 8217 8218 -1 8217 8216 8219 -1 8220 8221 8222 -1 8221 8220 8223 -1 8224 8225 8226 -1 8225 8224 8227 -1 8225 8227 8228 -1 8225 8228 8229 -1 8230 8231 8232 -1 8231 8230 8228 -1 8231 8228 8233 -1 8233 8228 8227 -1 8223 8234 8221 -1 8234 8223 8235 -1 8234 8235 8232 -1 8232 8235 8230 -1 8226 8218 8236 -1 8218 8226 8216 -1 8216 8226 8225 -1 8223 8237 8235 -1 8237 8223 8220 -1 8230 8229 8228 -1 8229 8230 8235 -1 8229 8235 8237 -1 8227 8238 8233 -1 8238 8227 8224 -1 8239 8232 8231 -1 8232 8239 8234 -1 8234 8239 8240 -1 8240 8221 8234 -1 8221 8240 8222 -1 8240 8220 8222 -1 8220 8240 8237 -1 8237 8240 8239 -1 8237 8239 8229 -1 8229 8239 8241 -1 8229 8241 8225 -1 8225 8241 8219 -1 8225 8219 8216 -1 8241 8233 8238 -1 8233 8241 8231 -1 8231 8241 8239 -1 8226 8238 8224 -1 8238 8226 8242 -1 8242 8226 8236 -1 8219 8242 8217 -1 8242 8219 8238 -1 8238 8219 8241 -1 8218 8242 8236 -1 8242 8218 8217 -1 8243 8244 8245 -1 8244 8243 8246 -1 8244 8246 8247 -1 8247 8246 8248 -1 8247 8248 8249 -1 8249 8248 8250 -1 8251 8246 8252 -1 8246 8251 8248 -1 8251 8250 8248 -1 8250 8251 8253 -1 8253 8249 8250 -1 8249 8253 8254 -1 8255 8249 8254 -1 8249 8255 8247 -1 8244 8255 8256 -1 8255 8244 8247 -1 8244 8257 8245 -1 8257 8244 8256 -1 8245 8258 8243 -1 8258 8245 8257 -1 8246 8258 8252 -1 8258 8246 8243 -1 8259 8252 8260 -1 8252 8259 8251 -1 8259 8253 8251 -1 8253 8259 8261 -1 8261 8254 8253 -1 8254 8261 8262 -1 8263 8254 8262 -1 8254 8263 8255 -1 8256 8263 8264 -1 8263 8256 8255 -1 8256 8265 8257 -1 8265 8256 8264 -1 8257 8266 8258 -1 8266 8257 8265 -1 8252 8266 8260 -1 8266 8252 8258 -1 8259 8267 8268 -1 8267 8259 8260 -1 8268 8261 8259 -1 8261 8268 8269 -1 8269 8262 8261 -1 8262 8269 8270 -1 8263 8270 8271 -1 8270 8263 8262 -1 8264 8271 8272 -1 8271 8264 8263 -1 8264 8273 8265 -1 8273 8264 8272 -1 8265 8274 8266 -1 8274 8265 8273 -1 8260 8274 8267 -1 8274 8260 8266 -1 8268 8275 8276 -1 8275 8268 8267 -1 8277 8268 8276 -1 8268 8277 8269 -1 8278 8269 8277 -1 8269 8278 8270 -1 8271 8278 8279 -1 8278 8271 8270 -1 8280 8271 8279 -1 8271 8280 8272 -1 8273 8280 8281 -1 8280 8273 8272 -1 8274 8281 8282 -1 8281 8274 8273 -1 8275 8274 8282 -1 8274 8275 8267 -1 8276 8283 8284 -1 8283 8276 8275 -1 8285 8276 8284 -1 8276 8285 8277 -1 8286 8277 8285 -1 8277 8286 8278 -1 8279 8286 8287 -1 8286 8279 8278 -1 8288 8279 8287 -1 8279 8288 8280 -1 8281 8288 8289 -1 8288 8281 8280 -1 8282 8289 8290 -1 8289 8282 8281 -1 8283 8282 8290 -1 8282 8283 8275 -1 8284 8291 8292 -1 8291 8284 8283 -1 8293 8284 8292 -1 8284 8293 8285 -1 8294 8285 8293 -1 8285 8294 8286 -1 8287 8294 8295 -1 8294 8287 8286 -1 8296 8287 8295 -1 8287 8296 8288 -1 8289 8296 8297 -1 8296 8289 8288 -1 8290 8297 8298 -1 8297 8290 8289 -1 8291 8290 8298 -1 8290 8291 8283 -1 8296 8298 8297 -1 8298 8296 8291 -1 8291 8296 8295 -1 8291 8295 8292 -1 8292 8295 8294 -1 8292 8294 8293 -1 8299 8300 8301 -1 8301 8302 8299 -1 8303 8304 8305 -1 8305 8306 8303 -1 8307 8308 8309 -1 8309 8310 8307 -1 8309 8311 8310 -1 8309 8312 8311 -1 8313 8314 8315 -1 8315 8311 8313 -1 8315 8316 8311 -1 8316 8310 8311 -1 8306 8305 8317 -1 8317 8318 8306 -1 8317 8314 8318 -1 8314 8313 8318 -1 8308 8319 8300 -1 8300 8299 8308 -1 8299 8309 8308 -1 8306 8318 8320 -1 8320 8303 8306 -1 8313 8311 8312 -1 8312 8318 8313 -1 8312 8320 8318 -1 8310 8316 8321 -1 8321 8307 8310 -1 8322 8315 8314 -1 8314 8317 8322 -1 8317 8323 8322 -1 8323 8317 8305 -1 8305 8304 8323 -1 8323 8304 8303 -1 8303 8320 8323 -1 8320 8322 8323 -1 8320 8312 8322 -1 8312 8324 8322 -1 8312 8309 8324 -1 8309 8302 8324 -1 8309 8299 8302 -1 8324 8321 8316 -1 8316 8315 8324 -1 8315 8322 8324 -1 8308 8307 8321 -1 8321 8325 8308 -1 8325 8319 8308 -1 8302 8301 8325 -1 8325 8321 8302 -1 8321 8324 8302 -1 8300 8319 8325 -1 8325 8301 8300 -1 8326 8327 8328 -1 8327 8326 8329 -1 8330 8331 8332 -1 8331 8330 8333 -1 8334 8335 8336 -1 8335 8334 8337 -1 8335 8337 8338 -1 8335 8338 8339 -1 8340 8341 8342 -1 8341 8340 8338 -1 8341 8338 8343 -1 8343 8338 8337 -1 8333 8344 8331 -1 8344 8333 8345 -1 8344 8345 8342 -1 8342 8345 8340 -1 8336 8328 8346 -1 8328 8336 8326 -1 8326 8336 8335 -1 8333 8347 8345 -1 8347 8333 8330 -1 8340 8339 8338 -1 8339 8340 8345 -1 8339 8345 8347 -1 8337 8348 8343 -1 8348 8337 8334 -1 8349 8342 8341 -1 8342 8349 8344 -1 8344 8349 8350 -1 8350 8331 8344 -1 8331 8350 8332 -1 8350 8330 8332 -1 8330 8350 8347 -1 8347 8350 8349 -1 8347 8349 8339 -1 8339 8349 8351 -1 8339 8351 8335 -1 8335 8351 8329 -1 8335 8329 8326 -1 8351 8343 8348 -1 8343 8351 8341 -1 8341 8351 8349 -1 8336 8348 8334 -1 8348 8336 8352 -1 8352 8336 8346 -1 8329 8352 8327 -1 8352 8329 8348 -1 8348 8329 8351 -1 8328 8352 8346 -1 8352 8328 8327 -1 8353 8354 8355 -1 8354 8353 8356 -1 8354 8356 8357 -1 8357 8356 8358 -1 8357 8358 8359 -1 8359 8358 8360 -1 8361 8356 8362 -1 8356 8361 8358 -1 8361 8360 8358 -1 8360 8361 8363 -1 8363 8359 8360 -1 8359 8363 8364 -1 8365 8359 8364 -1 8359 8365 8357 -1 8354 8365 8366 -1 8365 8354 8357 -1 8354 8367 8355 -1 8367 8354 8366 -1 8355 8368 8353 -1 8368 8355 8367 -1 8356 8368 8362 -1 8368 8356 8353 -1 8369 8362 8370 -1 8362 8369 8361 -1 8369 8363 8361 -1 8363 8369 8371 -1 8371 8364 8363 -1 8364 8371 8372 -1 8373 8364 8372 -1 8364 8373 8365 -1 8366 8373 8374 -1 8373 8366 8365 -1 8366 8375 8367 -1 8375 8366 8374 -1 8367 8376 8368 -1 8376 8367 8375 -1 8362 8376 8370 -1 8376 8362 8368 -1 8369 8377 8378 -1 8377 8369 8370 -1 8378 8371 8369 -1 8371 8378 8379 -1 8379 8372 8371 -1 8372 8379 8380 -1 8373 8380 8381 -1 8380 8373 8372 -1 8374 8381 8382 -1 8381 8374 8373 -1 8374 8383 8375 -1 8383 8374 8382 -1 8375 8384 8376 -1 8384 8375 8383 -1 8370 8384 8377 -1 8384 8370 8376 -1 8378 8385 8386 -1 8385 8378 8377 -1 8387 8378 8386 -1 8378 8387 8379 -1 8388 8379 8387 -1 8379 8388 8380 -1 8381 8388 8389 -1 8388 8381 8380 -1 8390 8381 8389 -1 8381 8390 8382 -1 8383 8390 8391 -1 8390 8383 8382 -1 8384 8391 8392 -1 8391 8384 8383 -1 8385 8384 8392 -1 8384 8385 8377 -1 8386 8393 8394 -1 8393 8386 8385 -1 8395 8386 8394 -1 8386 8395 8387 -1 8396 8387 8395 -1 8387 8396 8388 -1 8389 8396 8397 -1 8396 8389 8388 -1 8398 8389 8397 -1 8389 8398 8390 -1 8391 8398 8399 -1 8398 8391 8390 -1 8392 8399 8400 -1 8399 8392 8391 -1 8393 8392 8400 -1 8392 8393 8385 -1 8394 8401 8402 -1 8401 8394 8393 -1 8403 8394 8402 -1 8394 8403 8395 -1 8404 8395 8403 -1 8395 8404 8396 -1 8397 8404 8405 -1 8404 8397 8396 -1 8406 8397 8405 -1 8397 8406 8398 -1 8399 8406 8407 -1 8406 8399 8398 -1 8400 8407 8408 -1 8407 8400 8399 -1 8401 8400 8408 -1 8400 8401 8393 -1 8406 8408 8407 -1 8408 8406 8401 -1 8401 8406 8405 -1 8401 8405 8402 -1 8402 8405 8404 -1 8402 8404 8403 -1 8409 8410 8411 -1 8411 8412 8409 -1 8413 8414 8415 -1 8415 8416 8413 -1 8417 8418 8419 -1 8419 8420 8417 -1 8419 8421 8420 -1 8419 8422 8421 -1 8423 8424 8425 -1 8425 8421 8423 -1 8425 8426 8421 -1 8426 8420 8421 -1 8416 8415 8427 -1 8427 8428 8416 -1 8427 8424 8428 -1 8424 8423 8428 -1 8418 8429 8410 -1 8410 8409 8418 -1 8409 8419 8418 -1 8416 8428 8430 -1 8430 8413 8416 -1 8423 8421 8422 -1 8422 8428 8423 -1 8422 8430 8428 -1 8420 8426 8431 -1 8431 8417 8420 -1 8432 8425 8424 -1 8424 8427 8432 -1 8427 8433 8432 -1 8433 8427 8415 -1 8415 8414 8433 -1 8433 8414 8413 -1 8413 8430 8433 -1 8430 8432 8433 -1 8430 8422 8432 -1 8422 8434 8432 -1 8422 8419 8434 -1 8419 8412 8434 -1 8419 8409 8412 -1 8434 8431 8426 -1 8426 8425 8434 -1 8425 8432 8434 -1 8418 8417 8431 -1 8431 8435 8418 -1 8435 8429 8418 -1 8412 8411 8435 -1 8435 8431 8412 -1 8431 8434 8412 -1 8410 8429 8435 -1 8435 8411 8410 -1 8436 8437 8438 -1 8437 8436 8439 -1 8440 8441 8442 -1 8441 8440 8443 -1 8444 8445 8446 -1 8445 8444 8447 -1 8445 8447 8448 -1 8445 8448 8449 -1 8450 8451 8452 -1 8451 8450 8448 -1 8451 8448 8453 -1 8453 8448 8447 -1 8443 8454 8441 -1 8454 8443 8455 -1 8454 8455 8452 -1 8452 8455 8450 -1 8446 8438 8456 -1 8438 8446 8436 -1 8436 8446 8445 -1 8443 8457 8455 -1 8457 8443 8440 -1 8450 8449 8448 -1 8449 8450 8455 -1 8449 8455 8457 -1 8447 8458 8453 -1 8458 8447 8444 -1 8459 8452 8451 -1 8452 8459 8454 -1 8454 8459 8460 -1 8460 8441 8454 -1 8441 8460 8442 -1 8460 8440 8442 -1 8440 8460 8457 -1 8457 8460 8459 -1 8457 8459 8449 -1 8449 8459 8461 -1 8449 8461 8445 -1 8445 8461 8439 -1 8445 8439 8436 -1 8461 8453 8458 -1 8453 8461 8451 -1 8451 8461 8459 -1 8446 8458 8444 -1 8458 8446 8462 -1 8462 8446 8456 -1 8439 8462 8437 -1 8462 8439 8458 -1 8458 8439 8461 -1 8438 8462 8456 -1 8462 8438 8437 -1 8463 8464 8465 -1 8464 8463 8466 -1 8464 8466 8467 -1 8467 8466 8468 -1 8467 8468 8469 -1 8469 8468 8470 -1 8471 8466 8472 -1 8466 8471 8468 -1 8471 8470 8468 -1 8470 8471 8473 -1 8473 8469 8470 -1 8469 8473 8474 -1 8475 8469 8474 -1 8469 8475 8467 -1 8464 8475 8476 -1 8475 8464 8467 -1 8464 8477 8465 -1 8477 8464 8476 -1 8465 8478 8463 -1 8478 8465 8477 -1 8466 8478 8472 -1 8478 8466 8463 -1 8479 8472 8480 -1 8472 8479 8471 -1 8479 8473 8471 -1 8473 8479 8481 -1 8481 8474 8473 -1 8474 8481 8482 -1 8483 8474 8482 -1 8474 8483 8475 -1 8476 8483 8484 -1 8483 8476 8475 -1 8476 8485 8477 -1 8485 8476 8484 -1 8477 8486 8478 -1 8486 8477 8485 -1 8472 8486 8480 -1 8486 8472 8478 -1 8479 8487 8488 -1 8487 8479 8480 -1 8488 8481 8479 -1 8481 8488 8489 -1 8489 8482 8481 -1 8482 8489 8490 -1 8483 8490 8491 -1 8490 8483 8482 -1 8484 8491 8492 -1 8491 8484 8483 -1 8484 8493 8485 -1 8493 8484 8492 -1 8485 8494 8486 -1 8494 8485 8493 -1 8480 8494 8487 -1 8494 8480 8486 -1 8488 8495 8496 -1 8495 8488 8487 -1 8497 8488 8496 -1 8488 8497 8489 -1 8498 8489 8497 -1 8489 8498 8490 -1 8491 8498 8499 -1 8498 8491 8490 -1 8500 8491 8499 -1 8491 8500 8492 -1 8493 8500 8501 -1 8500 8493 8492 -1 8494 8501 8502 -1 8501 8494 8493 -1 8495 8494 8502 -1 8494 8495 8487 -1 8496 8503 8504 -1 8503 8496 8495 -1 8505 8496 8504 -1 8496 8505 8497 -1 8506 8497 8505 -1 8497 8506 8498 -1 8499 8506 8507 -1 8506 8499 8498 -1 8508 8499 8507 -1 8499 8508 8500 -1 8501 8508 8509 -1 8508 8501 8500 -1 8502 8509 8510 -1 8509 8502 8501 -1 8503 8502 8510 -1 8502 8503 8495 -1 8504 8511 8512 -1 8511 8504 8503 -1 8513 8504 8512 -1 8504 8513 8505 -1 8514 8505 8513 -1 8505 8514 8506 -1 8507 8514 8515 -1 8514 8507 8506 -1 8516 8507 8515 -1 8507 8516 8508 -1 8509 8516 8517 -1 8516 8509 8508 -1 8510 8517 8518 -1 8517 8510 8509 -1 8511 8510 8518 -1 8510 8511 8503 -1 8516 8518 8517 -1 8518 8516 8511 -1 8511 8516 8515 -1 8511 8515 8512 -1 8512 8515 8514 -1 8512 8514 8513 -1 8519 8520 8521 -1 8521 8522 8519 -1 8523 8524 8525 -1 8525 8526 8523 -1 8527 8528 8529 -1 8529 8530 8527 -1 8529 8531 8530 -1 8529 8532 8531 -1 8533 8534 8535 -1 8535 8531 8533 -1 8535 8536 8531 -1 8536 8530 8531 -1 8526 8525 8537 -1 8537 8538 8526 -1 8537 8534 8538 -1 8534 8533 8538 -1 8528 8539 8520 -1 8520 8519 8528 -1 8519 8529 8528 -1 8526 8538 8540 -1 8540 8523 8526 -1 8533 8531 8532 -1 8532 8538 8533 -1 8532 8540 8538 -1 8530 8536 8541 -1 8541 8527 8530 -1 8542 8535 8534 -1 8534 8537 8542 -1 8537 8543 8542 -1 8543 8537 8525 -1 8525 8524 8543 -1 8543 8524 8523 -1 8523 8540 8543 -1 8540 8542 8543 -1 8540 8532 8542 -1 8532 8544 8542 -1 8532 8529 8544 -1 8529 8522 8544 -1 8529 8519 8522 -1 8544 8541 8536 -1 8536 8535 8544 -1 8535 8542 8544 -1 8528 8527 8541 -1 8541 8545 8528 -1 8545 8539 8528 -1 8522 8521 8545 -1 8545 8541 8522 -1 8541 8544 8522 -1 8520 8539 8545 -1 8545 8521 8520 -1 8546 8547 8548 -1 8547 8546 8549 -1 8550 8551 8552 -1 8551 8550 8553 -1 8554 8555 8556 -1 8555 8554 8557 -1 8555 8557 8558 -1 8555 8558 8559 -1 8560 8561 8562 -1 8561 8560 8558 -1 8561 8558 8563 -1 8563 8558 8557 -1 8553 8564 8551 -1 8564 8553 8565 -1 8564 8565 8562 -1 8562 8565 8560 -1 8556 8548 8566 -1 8548 8556 8546 -1 8546 8556 8555 -1 8553 8567 8565 -1 8567 8553 8550 -1 8560 8559 8558 -1 8559 8560 8565 -1 8559 8565 8567 -1 8557 8568 8563 -1 8568 8557 8554 -1 8569 8562 8561 -1 8562 8569 8564 -1 8564 8569 8570 -1 8570 8551 8564 -1 8551 8570 8552 -1 8570 8550 8552 -1 8550 8570 8567 -1 8567 8570 8569 -1 8567 8569 8559 -1 8559 8569 8571 -1 8559 8571 8555 -1 8555 8571 8549 -1 8555 8549 8546 -1 8571 8563 8568 -1 8563 8571 8561 -1 8561 8571 8569 -1 8556 8568 8554 -1 8568 8556 8572 -1 8572 8556 8566 -1 8549 8572 8547 -1 8572 8549 8568 -1 8568 8549 8571 -1 8548 8572 8566 -1 8572 8548 8547 -1 8573 8574 8575 -1 8574 8573 8576 -1 8574 8576 8577 -1 8577 8576 8578 -1 8577 8578 8579 -1 8579 8578 8580 -1 8581 8576 8582 -1 8576 8581 8578 -1 8581 8580 8578 -1 8580 8581 8583 -1 8583 8579 8580 -1 8579 8583 8584 -1 8585 8579 8584 -1 8579 8585 8577 -1 8574 8585 8586 -1 8585 8574 8577 -1 8574 8587 8575 -1 8587 8574 8586 -1 8575 8588 8573 -1 8588 8575 8587 -1 8576 8588 8582 -1 8588 8576 8573 -1 8589 8582 8590 -1 8582 8589 8581 -1 8589 8583 8581 -1 8583 8589 8591 -1 8591 8584 8583 -1 8584 8591 8592 -1 8593 8584 8592 -1 8584 8593 8585 -1 8586 8593 8594 -1 8593 8586 8585 -1 8586 8595 8587 -1 8595 8586 8594 -1 8587 8596 8588 -1 8596 8587 8595 -1 8582 8596 8590 -1 8596 8582 8588 -1 8589 8597 8598 -1 8597 8589 8590 -1 8598 8591 8589 -1 8591 8598 8599 -1 8599 8592 8591 -1 8592 8599 8600 -1 8593 8600 8601 -1 8600 8593 8592 -1 8594 8601 8602 -1 8601 8594 8593 -1 8594 8603 8595 -1 8603 8594 8602 -1 8595 8604 8596 -1 8604 8595 8603 -1 8590 8604 8597 -1 8604 8590 8596 -1 8598 8605 8606 -1 8605 8598 8597 -1 8607 8598 8606 -1 8598 8607 8599 -1 8608 8599 8607 -1 8599 8608 8600 -1 8601 8608 8609 -1 8608 8601 8600 -1 8610 8601 8609 -1 8601 8610 8602 -1 8603 8610 8611 -1 8610 8603 8602 -1 8604 8611 8612 -1 8611 8604 8603 -1 8605 8604 8612 -1 8604 8605 8597 -1 8606 8613 8614 -1 8613 8606 8605 -1 8615 8606 8614 -1 8606 8615 8607 -1 8616 8607 8615 -1 8607 8616 8608 -1 8609 8616 8617 -1 8616 8609 8608 -1 8618 8609 8617 -1 8609 8618 8610 -1 8611 8618 8619 -1 8618 8611 8610 -1 8612 8619 8620 -1 8619 8612 8611 -1 8613 8612 8620 -1 8612 8613 8605 -1 8614 8621 8622 -1 8621 8614 8613 -1 8623 8614 8622 -1 8614 8623 8615 -1 8624 8615 8623 -1 8615 8624 8616 -1 8617 8624 8625 -1 8624 8617 8616 -1 8626 8617 8625 -1 8617 8626 8618 -1 8619 8626 8627 -1 8626 8619 8618 -1 8620 8627 8628 -1 8627 8620 8619 -1 8621 8620 8628 -1 8620 8621 8613 -1 8626 8628 8627 -1 8628 8626 8621 -1 8621 8626 8625 -1 8621 8625 8622 -1 8622 8625 8624 -1 8622 8624 8623 -1 8629 8630 8631 -1 8631 8632 8629 -1 8633 8634 8635 -1 8635 8636 8633 -1 8637 8638 8639 -1 8639 8640 8637 -1 8639 8641 8640 -1 8639 8642 8641 -1 8643 8644 8645 -1 8645 8641 8643 -1 8645 8646 8641 -1 8646 8640 8641 -1 8636 8635 8647 -1 8647 8648 8636 -1 8647 8644 8648 -1 8644 8643 8648 -1 8638 8649 8630 -1 8630 8629 8638 -1 8629 8639 8638 -1 8636 8648 8650 -1 8650 8633 8636 -1 8643 8641 8642 -1 8642 8648 8643 -1 8642 8650 8648 -1 8640 8646 8651 -1 8651 8637 8640 -1 8652 8645 8644 -1 8644 8647 8652 -1 8647 8653 8652 -1 8653 8647 8635 -1 8635 8634 8653 -1 8653 8634 8633 -1 8633 8650 8653 -1 8650 8652 8653 -1 8650 8642 8652 -1 8642 8654 8652 -1 8642 8639 8654 -1 8639 8632 8654 -1 8639 8629 8632 -1 8654 8651 8646 -1 8646 8645 8654 -1 8645 8652 8654 -1 8638 8637 8651 -1 8651 8655 8638 -1 8655 8649 8638 -1 8632 8631 8655 -1 8655 8651 8632 -1 8651 8654 8632 -1 8630 8649 8655 -1 8655 8631 8630 -1 8656 8657 8658 -1 8657 8656 8659 -1 8660 8661 8662 -1 8661 8660 8663 -1 8664 8665 8666 -1 8665 8664 8667 -1 8665 8667 8668 -1 8665 8668 8669 -1 8670 8671 8672 -1 8671 8670 8668 -1 8671 8668 8673 -1 8673 8668 8667 -1 8663 8674 8661 -1 8674 8663 8675 -1 8674 8675 8672 -1 8672 8675 8670 -1 8666 8658 8676 -1 8658 8666 8656 -1 8656 8666 8665 -1 8663 8677 8675 -1 8677 8663 8660 -1 8670 8669 8668 -1 8669 8670 8675 -1 8669 8675 8677 -1 8667 8678 8673 -1 8678 8667 8664 -1 8679 8672 8671 -1 8672 8679 8674 -1 8674 8679 8680 -1 8680 8661 8674 -1 8661 8680 8662 -1 8680 8660 8662 -1 8660 8680 8677 -1 8677 8680 8679 -1 8677 8679 8669 -1 8669 8679 8681 -1 8669 8681 8665 -1 8665 8681 8659 -1 8665 8659 8656 -1 8681 8673 8678 -1 8673 8681 8671 -1 8671 8681 8679 -1 8666 8678 8664 -1 8678 8666 8682 -1 8682 8666 8676 -1 8659 8682 8657 -1 8682 8659 8678 -1 8678 8659 8681 -1 8658 8682 8676 -1 8682 8658 8657 -1 8683 8684 8685 -1 8684 8683 8686 -1 8684 8686 8687 -1 8687 8686 8688 -1 8687 8688 8689 -1 8689 8688 8690 -1 8691 8686 8692 -1 8686 8691 8688 -1 8691 8690 8688 -1 8690 8691 8693 -1 8693 8689 8690 -1 8689 8693 8694 -1 8695 8689 8694 -1 8689 8695 8687 -1 8684 8695 8696 -1 8695 8684 8687 -1 8684 8697 8685 -1 8697 8684 8696 -1 8685 8698 8683 -1 8698 8685 8697 -1 8686 8698 8692 -1 8698 8686 8683 -1 8699 8692 8700 -1 8692 8699 8691 -1 8699 8693 8691 -1 8693 8699 8701 -1 8701 8694 8693 -1 8694 8701 8702 -1 8703 8694 8702 -1 8694 8703 8695 -1 8696 8703 8704 -1 8703 8696 8695 -1 8696 8705 8697 -1 8705 8696 8704 -1 8697 8706 8698 -1 8706 8697 8705 -1 8692 8706 8700 -1 8706 8692 8698 -1 8699 8707 8708 -1 8707 8699 8700 -1 8708 8701 8699 -1 8701 8708 8709 -1 8709 8702 8701 -1 8702 8709 8710 -1 8703 8710 8711 -1 8710 8703 8702 -1 8704 8711 8712 -1 8711 8704 8703 -1 8704 8713 8705 -1 8713 8704 8712 -1 8705 8714 8706 -1 8714 8705 8713 -1 8700 8714 8707 -1 8714 8700 8706 -1 8708 8715 8716 -1 8715 8708 8707 -1 8717 8708 8716 -1 8708 8717 8709 -1 8718 8709 8717 -1 8709 8718 8710 -1 8711 8718 8719 -1 8718 8711 8710 -1 8720 8711 8719 -1 8711 8720 8712 -1 8713 8720 8721 -1 8720 8713 8712 -1 8714 8721 8722 -1 8721 8714 8713 -1 8715 8714 8722 -1 8714 8715 8707 -1 8716 8723 8724 -1 8723 8716 8715 -1 8725 8716 8724 -1 8716 8725 8717 -1 8726 8717 8725 -1 8717 8726 8718 -1 8719 8726 8727 -1 8726 8719 8718 -1 8728 8719 8727 -1 8719 8728 8720 -1 8721 8728 8729 -1 8728 8721 8720 -1 8722 8729 8730 -1 8729 8722 8721 -1 8723 8722 8730 -1 8722 8723 8715 -1 8724 8731 8732 -1 8731 8724 8723 -1 8733 8724 8732 -1 8724 8733 8725 -1 8734 8725 8733 -1 8725 8734 8726 -1 8727 8734 8735 -1 8734 8727 8726 -1 8736 8727 8735 -1 8727 8736 8728 -1 8729 8736 8737 -1 8736 8729 8728 -1 8730 8737 8738 -1 8737 8730 8729 -1 8731 8730 8738 -1 8730 8731 8723 -1 8736 8738 8737 -1 8738 8736 8731 -1 8731 8736 8735 -1 8731 8735 8732 -1 8732 8735 8734 -1 8732 8734 8733 -1 8739 8740 8741 -1 8741 8742 8739 -1 8743 8744 8745 -1 8745 8746 8743 -1 8747 8748 8749 -1 8749 8750 8747 -1 8749 8751 8750 -1 8749 8752 8751 -1 8753 8754 8755 -1 8755 8751 8753 -1 8755 8756 8751 -1 8756 8750 8751 -1 8746 8745 8757 -1 8757 8758 8746 -1 8757 8754 8758 -1 8754 8753 8758 -1 8748 8759 8740 -1 8740 8739 8748 -1 8739 8749 8748 -1 8746 8758 8760 -1 8760 8743 8746 -1 8753 8751 8752 -1 8752 8758 8753 -1 8752 8760 8758 -1 8750 8756 8761 -1 8761 8747 8750 -1 8762 8755 8754 -1 8754 8757 8762 -1 8757 8763 8762 -1 8763 8757 8745 -1 8745 8744 8763 -1 8763 8744 8743 -1 8743 8760 8763 -1 8760 8762 8763 -1 8760 8752 8762 -1 8752 8764 8762 -1 8752 8749 8764 -1 8749 8742 8764 -1 8749 8739 8742 -1 8764 8761 8756 -1 8756 8755 8764 -1 8755 8762 8764 -1 8748 8747 8761 -1 8761 8765 8748 -1 8765 8759 8748 -1 8742 8741 8765 -1 8765 8761 8742 -1 8761 8764 8742 -1 8740 8759 8765 -1 8765 8741 8740 -1 8766 8767 8768 -1 8767 8766 8769 -1 8770 8771 8772 -1 8771 8770 8773 -1 8774 8775 8776 -1 8775 8774 8777 -1 8775 8777 8778 -1 8775 8778 8779 -1 8780 8781 8782 -1 8781 8780 8778 -1 8781 8778 8783 -1 8783 8778 8777 -1 8773 8784 8771 -1 8784 8773 8785 -1 8784 8785 8782 -1 8782 8785 8780 -1 8776 8768 8786 -1 8768 8776 8766 -1 8766 8776 8775 -1 8773 8787 8785 -1 8787 8773 8770 -1 8780 8779 8778 -1 8779 8780 8785 -1 8779 8785 8787 -1 8777 8788 8783 -1 8788 8777 8774 -1 8789 8782 8781 -1 8782 8789 8784 -1 8784 8789 8790 -1 8790 8771 8784 -1 8771 8790 8772 -1 8790 8770 8772 -1 8770 8790 8787 -1 8787 8790 8789 -1 8787 8789 8779 -1 8779 8789 8791 -1 8779 8791 8775 -1 8775 8791 8769 -1 8775 8769 8766 -1 8791 8783 8788 -1 8783 8791 8781 -1 8781 8791 8789 -1 8776 8788 8774 -1 8788 8776 8792 -1 8792 8776 8786 -1 8769 8792 8767 -1 8792 8769 8788 -1 8788 8769 8791 -1 8768 8792 8786 -1 8792 8768 8767 -1 8793 8794 8795 -1 8794 8793 8796 -1 8794 8796 8797 -1 8797 8796 8798 -1 8797 8798 8799 -1 8799 8798 8800 -1 8801 8796 8802 -1 8796 8801 8798 -1 8801 8800 8798 -1 8800 8801 8803 -1 8803 8799 8800 -1 8799 8803 8804 -1 8805 8799 8804 -1 8799 8805 8797 -1 8794 8805 8806 -1 8805 8794 8797 -1 8794 8807 8795 -1 8807 8794 8806 -1 8795 8808 8793 -1 8808 8795 8807 -1 8796 8808 8802 -1 8808 8796 8793 -1 8809 8802 8810 -1 8802 8809 8801 -1 8809 8803 8801 -1 8803 8809 8811 -1 8811 8804 8803 -1 8804 8811 8812 -1 8813 8804 8812 -1 8804 8813 8805 -1 8806 8813 8814 -1 8813 8806 8805 -1 8806 8815 8807 -1 8815 8806 8814 -1 8807 8816 8808 -1 8816 8807 8815 -1 8802 8816 8810 -1 8816 8802 8808 -1 8809 8817 8818 -1 8817 8809 8810 -1 8818 8811 8809 -1 8811 8818 8819 -1 8819 8812 8811 -1 8812 8819 8820 -1 8813 8820 8821 -1 8820 8813 8812 -1 8814 8821 8822 -1 8821 8814 8813 -1 8814 8823 8815 -1 8823 8814 8822 -1 8815 8824 8816 -1 8824 8815 8823 -1 8810 8824 8817 -1 8824 8810 8816 -1 8818 8825 8826 -1 8825 8818 8817 -1 8827 8818 8826 -1 8818 8827 8819 -1 8828 8819 8827 -1 8819 8828 8820 -1 8821 8828 8829 -1 8828 8821 8820 -1 8830 8821 8829 -1 8821 8830 8822 -1 8823 8830 8831 -1 8830 8823 8822 -1 8824 8831 8832 -1 8831 8824 8823 -1 8825 8824 8832 -1 8824 8825 8817 -1 8826 8833 8834 -1 8833 8826 8825 -1 8835 8826 8834 -1 8826 8835 8827 -1 8836 8827 8835 -1 8827 8836 8828 -1 8829 8836 8837 -1 8836 8829 8828 -1 8838 8829 8837 -1 8829 8838 8830 -1 8831 8838 8839 -1 8838 8831 8830 -1 8832 8839 8840 -1 8839 8832 8831 -1 8833 8832 8840 -1 8832 8833 8825 -1 8834 8841 8842 -1 8841 8834 8833 -1 8843 8834 8842 -1 8834 8843 8835 -1 8844 8835 8843 -1 8835 8844 8836 -1 8837 8844 8845 -1 8844 8837 8836 -1 8846 8837 8845 -1 8837 8846 8838 -1 8839 8846 8847 -1 8846 8839 8838 -1 8840 8847 8848 -1 8847 8840 8839 -1 8841 8840 8848 -1 8840 8841 8833 -1 8846 8848 8847 -1 8848 8846 8841 -1 8841 8846 8845 -1 8841 8845 8842 -1 8842 8845 8844 -1 8842 8844 8843 -1 8849 8850 8851 -1 8851 8852 8849 -1 8853 8854 8855 -1 8855 8856 8853 -1 8857 8858 8859 -1 8859 8860 8857 -1 8859 8861 8860 -1 8859 8862 8861 -1 8863 8864 8865 -1 8865 8861 8863 -1 8865 8866 8861 -1 8866 8860 8861 -1 8856 8855 8867 -1 8867 8868 8856 -1 8867 8864 8868 -1 8864 8863 8868 -1 8858 8869 8850 -1 8850 8849 8858 -1 8849 8859 8858 -1 8856 8868 8870 -1 8870 8853 8856 -1 8863 8861 8862 -1 8862 8868 8863 -1 8862 8870 8868 -1 8860 8866 8871 -1 8871 8857 8860 -1 8872 8865 8864 -1 8864 8867 8872 -1 8867 8873 8872 -1 8873 8867 8855 -1 8855 8854 8873 -1 8873 8854 8853 -1 8853 8870 8873 -1 8870 8872 8873 -1 8870 8862 8872 -1 8862 8874 8872 -1 8862 8859 8874 -1 8859 8852 8874 -1 8859 8849 8852 -1 8874 8871 8866 -1 8866 8865 8874 -1 8865 8872 8874 -1 8858 8857 8871 -1 8871 8875 8858 -1 8875 8869 8858 -1 8852 8851 8875 -1 8875 8871 8852 -1 8871 8874 8852 -1 8850 8869 8875 -1 8875 8851 8850 -1 8876 8877 8878 -1 8877 8876 8879 -1 8880 8881 8882 -1 8881 8880 8883 -1 8884 8885 8886 -1 8885 8884 8887 -1 8885 8887 8888 -1 8885 8888 8889 -1 8890 8891 8892 -1 8891 8890 8888 -1 8891 8888 8893 -1 8893 8888 8887 -1 8883 8894 8881 -1 8894 8883 8895 -1 8894 8895 8892 -1 8892 8895 8890 -1 8886 8878 8896 -1 8878 8886 8876 -1 8876 8886 8885 -1 8883 8897 8895 -1 8897 8883 8880 -1 8890 8889 8888 -1 8889 8890 8895 -1 8889 8895 8897 -1 8887 8898 8893 -1 8898 8887 8884 -1 8899 8892 8891 -1 8892 8899 8894 -1 8894 8899 8900 -1 8900 8881 8894 -1 8881 8900 8882 -1 8900 8880 8882 -1 8880 8900 8897 -1 8897 8900 8899 -1 8897 8899 8889 -1 8889 8899 8901 -1 8889 8901 8885 -1 8885 8901 8879 -1 8885 8879 8876 -1 8901 8893 8898 -1 8893 8901 8891 -1 8891 8901 8899 -1 8886 8898 8884 -1 8898 8886 8902 -1 8902 8886 8896 -1 8879 8902 8877 -1 8902 8879 8898 -1 8898 8879 8901 -1 8878 8902 8896 -1 8902 8878 8877 -1 8903 8904 8905 -1 8905 8906 8903 -1 8905 8904 7311 -1 7311 8907 8905 -1 8908 8909 8903 -1 8903 8906 8908 -1 8908 8907 7311 -1 7311 8909 8908 -1 8907 8908 8906 -1 8906 8905 8907 -1 8903 8909 7311 -1 7311 8904 8903 -1 8910 8911 8912 -1 8912 8913 8910 -1 8912 8914 8915 -1 8915 8913 8912 -1 8915 8914 7314 -1 7314 8916 8915 -1 8917 8916 7314 -1 7314 8918 8917 -1 8918 8911 8910 -1 8910 8917 8918 -1 8916 8917 8910 -1 8910 8915 8916 -1 8910 8913 8915 -1 8911 8918 7314 -1 7314 8914 8911 -1 8914 8912 8911 -1 8919 7337 8920 -1 7337 8919 8921 -1 8922 8919 8920 -1 8919 8922 8923 -1 8924 8922 8925 -1 8922 8924 8923 -1 8924 7337 8921 -1 7337 8924 8925 -1 8921 8923 8924 -1 8923 8921 8919 -1 8922 7337 8925 -1 7337 8922 8920 -1 8926 8927 8928 -1 8927 8926 8929 -1 8927 8930 8931 -1 8930 8927 8929 -1 8930 7342 8931 -1 7342 8930 8932 -1 8933 7342 8932 -1 7342 8933 8934 -1 8934 8926 8928 -1 8926 8934 8933 -1 8932 8926 8933 -1 8926 8932 8930 -1 8926 8930 8929 -1 8928 7342 8934 -1 7342 8928 8931 -1 8931 8928 8927 -1 "
						                >
							<Coordinate DEF="coords_ME_48-3_001"
							            point="-153.286331 67.821297 149.452499 -152.456650 66.991615 148.574234 -152.456650 56.052559 148.574234 -153.286331 55.222874 149.452499 -151.916336 66.451294 147.493591 -151.916336 56.592880 147.493591 -140.687912 55.222874 149.452499 -141.517593 56.052559 148.574234 -142.057907 56.592880 147.493591 -151.711533 56.797676 146.302887 -142.262711 56.797676 146.302887 -142.262711 66.246498 146.302887 -142.057907 66.451294 147.493591 -141.517593 66.991615 148.574234 -140.687912 67.821297 149.452499 -151.711533 66.246498 146.302887 -145.018616 67.821297 154.176895 -145.018616 67.821297 151.027298 -145.018616 59.553581 151.027298 -145.018616 59.553581 152.602097 -145.018616 59.553581 154.176895 -148.955627 55.222874 154.176895 -148.955627 55.222874 151.027298 -148.955627 67.821297 151.027298 -148.955627 67.821297 154.176895 -145.018616 55.222874 151.027298 -145.018616 55.222874 154.176895 -140.687912 55.222874 154.176895 -140.687912 67.821297 154.176895 -142.262711 66.991615 148.574234 -142.262711 66.451294 147.493591 -142.262711 67.821297 149.452499 -153.286331 67.821297 154.176895 -153.286331 55.222874 154.176895 -145.018616 64.277992 151.027298 -148.955627 64.277992 151.027298 -145.018616 58.766182 151.814697 -148.955627 58.766182 151.027298 -148.955627 58.766182 151.814697 -145.018616 58.766182 151.027298 -148.955627 64.277992 151.814697 -145.018616 64.277992 151.814697 -145.018616 70.445969 151.263519 -145.018616 72.545708 151.735962 -145.018616 74.120514 152.444626 -145.018616 52.598202 151.263519 -145.018616 50.498463 151.735962 -145.018616 48.923660 152.444626 -145.018616 75.170380 153.389496 -145.018616 47.873791 153.389496 -145.018616 75.695312 154.570602 -145.018616 47.348858 154.570602 -145.018616 70.577202 155.751709 -145.018616 75.695312 156.932816 -145.018616 58.372478 155.751709 -145.018616 71.167755 155.909943 -145.018616 71.600067 156.342255 -145.018616 71.758308 156.932816 -145.018616 63.490589 156.932816 -145.018616 63.096889 156.932816 -145.018616 63.648827 156.342255 -145.018616 64.671692 155.751709 -145.018616 58.963032 155.909943 -145.018616 64.081139 155.909943 -145.018616 59.395344 156.342255 -145.018616 59.553581 156.932816 -145.018616 59.947285 156.932816 -145.018616 52.466969 155.751709 -145.018616 47.348858 156.932816 -145.018616 51.876415 155.909943 -145.018616 51.444103 156.342255 -145.018616 51.285866 156.932816 -148.955627 59.947285 156.932816 -148.955627 59.553581 156.932816 -146.987122 58.963032 156.932816 -148.955627 63.096889 156.932816 -148.955627 59.395344 156.342255 -146.987122 58.883911 156.637527 -146.987122 58.297382 156.322128 -146.987122 52.542065 156.322128 -148.955627 51.285866 156.932816 -146.987122 51.955536 156.637527 -148.955627 51.444103 156.342255 -146.987122 51.876415 156.932816 -148.955627 71.167755 155.909943 -146.987122 71.088638 156.637527 -148.955627 71.600067 156.342255 -146.987122 70.872482 156.421371 -146.987122 58.667755 156.421371 -148.955627 52.466969 155.751709 -148.955627 58.372478 155.751709 -146.987122 71.167755 156.932816 -146.987122 64.160263 156.637527 -148.955627 64.081139 155.909943 -148.955627 63.648827 156.342255 -146.987122 64.376419 156.421371 -148.955627 70.445969 151.263519 -146.987122 64.081139 156.932816 -148.955627 47.348858 156.932816 -148.955627 47.348858 154.570602 -148.955627 71.758308 156.932816 -148.955627 70.577202 155.751709 -146.987122 70.502106 156.322128 -148.955627 51.876415 155.909943 -146.987122 52.171692 156.421371 -148.955627 52.598202 151.263519 -146.987122 64.746788 156.322128 -148.955627 64.671692 155.751709 -148.955627 58.963032 155.909943 -148.955627 47.873791 153.389496 -148.955627 50.498463 151.735962 -148.955627 48.923660 152.444626 -148.955627 75.695312 156.932816 -148.955627 63.490589 156.932816 -148.955627 75.695312 154.570602 -148.955627 75.170380 153.389496 -148.955627 74.120514 152.444626 -148.955627 72.545708 151.735962 -145.018616 40.973694 160.875519 -145.018616 81.908562 164.025085 -145.018616 40.958065 164.025085 -145.018616 41.764992 160.092041 -145.018616 43.342381 159.574921 -145.018616 45.705856 159.324173 -145.018616 77.207649 159.277298 -145.018616 79.568527 159.551483 -145.018616 81.355591 160.157043 -145.018616 81.924187 160.875519 -148.955627 40.973694 160.875519 -148.955627 41.764992 160.092041 -148.955627 45.705856 159.324173 -148.955627 43.342381 159.574921 -148.955627 81.355591 160.157043 -148.955627 81.924187 160.875519 -148.955627 81.908562 164.025085 -148.955627 77.207649 159.277298 -148.955627 40.958065 164.025085 -148.955627 79.568527 159.551483 -143.837509 58.372478 158.507614 -148.955627 58.372478 159.295013 -150.136734 58.372478 158.507614 -145.018616 58.372478 159.295013 -145.018616 58.372478 160.869812 -143.837509 58.372478 160.869812 -148.955627 58.372478 160.869812 -150.136734 58.372478 160.869812 -143.837509 64.671692 160.869812 -143.837509 63.884289 158.507614 -143.837509 64.671692 158.507614 -144.252365 63.884289 158.068481 -144.252365 64.256851 158.068481 -144.252365 58.787323 158.068481 -149.721878 64.256851 158.068481 -150.136734 64.671692 158.507614 -144.522522 63.884289 157.528168 -144.522522 63.986691 157.528168 -144.522522 59.057484 157.528168 -145.018616 64.671692 159.295013 -145.018616 64.671692 160.869812 -148.955627 64.671692 160.869812 -150.136734 64.671692 160.869812 -148.955627 64.671692 159.295013 -149.451721 63.986691 157.528168 -144.624924 59.159882 156.932816 -144.624924 63.884289 156.932816 -149.721878 58.787323 158.068481 -149.451721 59.057484 157.528168 -149.349319 59.159882 156.932816 -149.349319 63.884289 156.932816 -143.837509 46.561455 160.869812 -145.018616 52.073269 160.869812 -145.018616 46.561455 160.869812 -143.837509 52.073269 160.869812 -149.721878 51.658424 158.068481 -149.451721 47.246460 157.528168 -149.721878 46.976299 158.068481 -149.451721 51.388264 157.528168 -143.837509 51.285866 158.507614 -143.837509 46.561455 158.507614 -143.837509 52.073269 158.507614 -149.349319 47.348858 156.932816 -149.349319 51.285866 156.932816 -150.136734 52.073269 158.507614 -150.136734 46.561455 158.507614 -148.955627 46.561455 160.869812 -150.136734 52.073269 160.869812 -150.136734 46.561455 160.869812 -148.955627 52.073269 160.869812 -148.955627 52.073269 159.295013 -145.018616 52.073269 159.295013 -145.018616 46.561455 159.295013 -148.955627 46.561455 159.295013 -144.522522 47.246460 157.528168 -144.624924 47.348858 156.932816 -144.252365 51.285866 158.068481 -144.252365 46.976299 158.068481 -144.522522 51.285866 157.528168 -144.522522 51.388264 157.528168 -144.252365 51.658424 158.068481 -144.624924 51.285866 156.932816 -143.837509 58.224693 150.239899 -148.955627 58.224693 151.027298 -150.136734 58.224693 150.239899 -145.018616 58.224693 151.027298 -145.018616 58.224693 152.602097 -143.837509 58.224693 152.602097 -148.955627 58.224693 152.602097 -150.136734 58.224693 152.602097 -143.837509 64.523903 152.602097 -143.837509 63.736504 150.239899 -143.837509 64.523903 150.239899 -144.252365 63.736504 149.800766 -144.252365 64.109062 149.800766 -144.252365 58.639534 149.800766 -149.721878 64.109062 149.800766 -150.136734 64.523903 150.239899 -144.522522 63.736504 149.260452 -144.522522 63.838902 149.260452 -144.522522 58.909695 149.260452 -145.018616 64.523903 151.027298 -145.018616 64.523903 152.602097 -148.955627 64.523903 152.602097 -150.136734 64.523903 152.602097 -148.955627 64.523903 151.027298 -149.451721 63.838902 149.260452 -144.624924 59.012093 148.665085 -144.624924 63.736504 148.665085 -149.721878 58.639534 149.800766 -149.451721 58.909695 149.260452 -149.349319 59.012093 148.665085 -149.349319 63.736504 148.665085 -142.853256 176.241531 167.631485 -143.120163 36.627357 168.627548 -142.853256 36.627357 167.631485 -143.120163 176.241531 168.627548 -144.920197 176.241531 164.051468 -146.987122 36.627357 163.497635 -146.987122 176.241531 163.497635 -144.920197 36.627357 164.051468 -150.567154 176.241531 169.698425 -150.854080 36.627357 168.627548 -150.567154 36.627357 169.698425 -150.854080 176.241531 168.627548 -149.054047 36.627357 164.051468 -143.407089 36.627357 165.564560 -150.567154 36.627357 165.564560 -151.120987 36.627357 167.631485 -143.407089 36.627357 169.698425 -144.920197 36.627357 171.211517 -149.054047 36.627357 171.211517 -146.987122 36.627357 171.765350 -149.054047 176.241531 171.211517 -149.054047 176.241531 164.051468 -151.120987 176.241531 167.631485 -150.567154 176.241531 165.564560 -143.407089 176.241531 165.564560 -143.407089 176.241531 169.698425 -144.920197 176.241531 171.211517 -146.987122 176.241531 171.765350 -143.837509 70.970901 160.869812 -145.018616 76.482719 160.869812 -145.018616 70.970901 160.869812 -143.837509 76.482719 160.869812 -149.721878 76.067871 158.068481 -149.451721 71.655907 157.528168 -149.721878 71.385750 158.068481 -149.451721 75.797714 157.528168 -143.837509 75.695312 158.507614 -143.837509 70.970901 158.507614 -143.837509 76.482719 158.507614 -149.349319 71.758308 156.932816 -149.349319 75.695312 156.932816 -150.136734 76.482719 158.507614 -150.136734 70.970901 158.507614 -148.955627 70.970901 160.869812 -150.136734 76.482719 160.869812 -150.136734 70.970901 160.869812 -148.955627 76.482719 160.869812 -148.955627 76.482719 159.295013 -145.018616 76.482719 159.295013 -145.018616 70.970901 159.295013 -148.955627 70.970901 159.295013 -144.522522 71.655907 157.528168 -144.624924 71.758308 156.932816 -144.252365 75.695312 158.068481 -144.252365 71.385750 158.068481 -144.522522 75.695312 157.528168 -144.522522 75.797714 157.528168 -144.252365 76.067871 158.068481 -144.624924 75.695312 156.932816 -145.057983 176.241531 3.469929 -145.057983 48.438381 9.375441 -145.057983 48.438381 3.469929 -145.057983 176.241531 9.375441 -148.994995 176.241531 9.375441 -148.994995 48.438381 9.375441 -148.994995 48.438381 3.469929 -148.994995 176.241531 3.469929 -152.980957 71.743942 -2.152840 -150.108749 72.933647 -2.639107 -152.980957 71.743942 -2.639107 -150.108749 72.933647 -2.152840 -147.026489 72.037117 -1.293600 -144.154022 72.150734 -2.152840 -147.026489 72.528900 -2.152840 -144.281296 71.675705 -1.293600 -147.026489 73.339432 -2.152840 -143.944229 72.933647 -2.639107 -147.026489 73.339432 -2.639107 -143.944229 72.933647 -2.152840 -137.415009 66.979706 -2.152840 -139.526489 68.930511 -1.293600 -137.840897 66.733810 -1.293600 -139.178741 69.278259 -2.152840 -158.529633 64.512764 -2.639107 -158.529633 58.348251 -2.639107 -158.935425 61.430508 -2.639107 -157.339920 55.476044 -2.639107 -157.339920 67.384972 -2.639107 -155.447372 53.009624 -2.639107 -155.447372 69.851395 -2.639107 -152.980957 51.117073 -2.639107 -150.108749 49.927364 -2.639107 -147.026489 49.521580 -2.639107 -143.944229 49.927364 -2.639107 -141.072021 51.117073 -2.639107 -141.072021 71.743942 -2.639107 -138.605606 53.009624 -2.639107 -138.605606 69.851395 -2.639107 -136.713058 55.476044 -2.639107 -136.713058 67.384972 -2.639107 -135.523346 58.348251 -2.639107 -135.523346 64.512764 -2.639107 -135.117569 61.430508 -2.639107 -152.329803 70.616096 -1.293600 -149.898972 72.150734 -2.152840 -152.575684 71.042000 -2.152840 -149.771683 71.675705 -1.293600 -151.600739 69.353325 0.000000 -149.600754 71.037804 -0.564470 -151.999588 70.044174 -0.564470 -149.394287 70.267258 0.000000 -156.174973 61.430508 0.000000 -156.633789 64.004776 -0.564470 -156.972702 61.430508 -0.564470 -155.863251 63.798309 0.000000 -158.529633 64.512764 -2.152840 -158.935425 61.430508 -2.152840 -157.271683 64.175697 -1.293600 -158.124878 61.430508 -2.152840 -157.633102 61.430508 -1.293600 -157.746719 64.302986 -2.152840 -154.526505 68.930511 -1.293600 -156.637985 66.979706 -2.152840 -156.212082 66.733810 -1.293600 -154.874237 69.278259 -2.152840 -155.447372 69.851395 -2.152840 -157.339920 67.384972 -2.152840 -155.640167 66.403610 -0.564470 -154.059525 68.463539 -0.564470 -154.949310 66.004745 0.000000 -153.495438 67.899460 0.000000 -144.452225 71.037804 -0.564470 -141.723190 70.616096 -1.293600 -142.053391 70.044174 -0.564470 -138.412827 66.403610 -0.564470 -139.993469 68.463539 -0.564470 -139.103683 66.004745 0.000000 -140.557541 67.899460 0.000000 -142.452255 69.353325 0.000000 -144.658691 70.267258 0.000000 -136.713058 67.384972 -2.152840 -138.605606 69.851395 -2.152840 -141.477295 71.042000 -2.152840 -138.189743 63.798309 0.000000 -137.419189 64.004776 -0.564470 -135.523346 64.512764 -2.152840 -136.781296 64.175697 -1.293600 -141.072021 71.743942 -2.152840 -136.306274 64.302986 -2.152840 -155.863251 59.062706 0.000000 -154.949310 56.856266 0.000000 -155.482803 61.430508 0.000000 -155.194672 59.241852 0.000000 -154.349884 57.202347 0.000000 -153.495438 54.961555 0.000000 -153.006012 55.450985 0.000000 -151.600739 53.507690 0.000000 -151.254654 54.107121 0.000000 -149.394287 52.593754 0.000000 -149.215149 53.262329 0.000000 -147.026489 52.282028 0.000000 -147.026489 52.974190 0.000000 -144.658691 52.593754 0.000000 -144.837830 53.262329 0.000000 -142.798340 54.107121 0.000000 -142.452255 53.507690 0.000000 -141.046967 55.450985 0.000000 -140.557541 54.961555 0.000000 -139.703110 57.202347 0.000000 -139.103683 56.856266 0.000000 -138.858322 59.241852 0.000000 -138.189743 59.062706 0.000000 -138.570175 61.430508 0.000000 -155.194672 63.619164 0.000000 -154.349884 65.658669 0.000000 -153.006012 67.410027 0.000000 -151.254654 68.753891 0.000000 -149.215149 69.598686 0.000000 -147.026489 70.578987 0.000000 -147.026489 69.886826 0.000000 -144.837830 69.598686 0.000000 -142.798340 68.753891 0.000000 -141.046967 67.410027 0.000000 -139.703110 65.658669 0.000000 -138.858322 63.619164 0.000000 -137.878006 61.430508 0.000000 -135.117569 61.430508 -2.152840 -137.080292 61.430508 -0.564470 -136.419876 61.430508 -1.293600 -135.928101 61.430508 -2.152840 -135.523346 58.348251 -2.152840 -137.419189 58.856239 -0.564470 -136.781296 58.685314 -1.293600 -136.306274 58.558033 -2.152840 -138.412827 56.457405 -0.564470 -137.840897 56.127201 -1.293600 -137.415009 55.881310 -2.152840 -136.713058 55.476044 -2.152840 -157.271683 58.685314 -1.293600 -157.746719 58.558033 -2.152840 -158.529633 58.348251 -2.152840 -156.633789 58.856239 -0.564470 -155.640167 56.457405 -0.564470 -156.212082 56.127201 -1.293600 -156.637985 55.881310 -2.152840 -157.339920 55.476044 -2.152840 -154.059525 54.397476 -0.564470 -155.447372 53.009624 -2.152840 -154.874237 53.582756 -2.152840 -152.980957 51.117073 -2.152840 -152.575684 51.819016 -2.152840 -150.108749 49.927364 -2.152840 -149.898972 50.710281 -2.152840 -147.026489 49.521580 -2.152840 -147.026489 50.332115 -2.152840 -143.944229 49.927364 -2.152840 -144.154022 50.710281 -2.152840 -141.477295 51.819016 -2.152840 -141.072021 51.117073 -2.152840 -139.178741 53.582756 -2.152840 -138.605606 53.009624 -2.152840 -154.526505 53.930500 -1.293600 -152.329803 52.244915 -1.293600 -151.999588 52.816841 -0.564470 -149.600754 51.823208 -0.564470 -149.771683 51.185310 -1.293600 -147.026489 51.484299 -0.564470 -147.026489 50.823898 -1.293600 -144.452225 51.823208 -0.564470 -144.281296 51.185310 -1.293600 -142.053391 52.816841 -0.564470 -141.723190 52.244915 -1.293600 -139.993469 54.397476 -0.564470 -139.526489 53.930500 -1.293600 -147.026489 71.376717 -0.564470 -147.026489 69.533218 0.729401 -144.837830 69.598686 0.364701 -147.026489 69.886826 0.364701 -144.929352 69.257126 0.729401 -147.026489 69.415352 1.205833 -144.959854 69.143272 0.729401 -147.026489 69.415352 0.729401 -144.959854 69.143272 1.205833 -147.026489 68.925758 1.870045 -145.086578 68.670364 1.870045 -142.975128 68.447662 0.729401 -142.798340 68.753891 0.364701 -143.034073 68.345589 1.205833 -143.278870 67.921585 1.870045 -141.297012 67.159988 0.729401 -141.046967 67.410027 0.364701 -154.266342 63.370422 1.870045 -155.011337 61.430508 1.205833 -154.521744 61.430508 1.870045 -154.739258 63.497139 1.205833 -155.011337 61.430508 0.729401 -154.739258 63.497139 0.729401 -154.113113 61.430508 3.469929 -153.970428 63.291130 2.642263 -154.215378 61.430508 2.642263 -153.871643 63.264656 3.469929 -154.853119 63.527645 0.729401 -154.349884 65.658669 0.364701 -155.194672 63.619164 0.364701 -154.043655 65.481865 0.729401 -153.252258 65.024956 2.642263 -153.517578 65.178131 1.870045 -153.006012 67.410027 0.364701 -152.755981 67.159988 0.729401 -152.037491 66.441498 3.469929 -153.163681 64.973816 3.469929 -152.109802 66.513824 2.642263 -141.380356 67.076645 0.729401 -143.034073 68.345589 0.729401 -141.380356 67.076645 1.205833 -151.254654 68.753891 0.364701 -151.077850 68.447662 0.729401 -152.672638 67.076645 1.205833 -151.018921 68.345589 0.729401 -152.672638 67.076645 0.729401 -151.018921 68.345589 1.205833 -152.326431 66.730453 1.870045 -150.774124 67.921585 1.870045 -150.620941 67.656273 2.642263 -150.569794 67.567696 3.469929 -143.483185 67.567696 3.469929 -141.943176 66.513824 2.642263 -143.432053 67.656273 2.642263 -142.015503 66.441498 3.469929 -149.215149 69.598686 0.364701 -148.887115 68.374443 2.642263 -148.966400 68.670364 1.870045 -147.026489 68.619400 2.642263 -149.093124 69.143272 0.729401 -149.093124 69.143272 1.205833 -140.009338 65.481865 0.729401 -139.703110 65.658669 0.364701 -139.313721 63.497139 1.205833 -140.535416 65.178131 1.870045 -139.786636 63.370422 1.870045 -140.111420 65.422928 1.205833 -139.199875 63.527645 0.729401 -138.858322 63.619164 0.364701 -140.800735 65.024956 2.642263 -140.082550 63.291130 2.642263 -140.889297 64.973816 3.469929 -140.181351 63.264656 3.469929 -140.111420 65.422928 0.729401 -139.313721 63.497139 0.729401 -138.570175 61.430508 0.364701 -139.041641 61.430508 1.205833 -139.041641 61.430508 0.729401 -138.923782 61.430508 0.729401 -139.939880 61.430508 3.469929 -139.837601 61.430508 2.642263 -139.531235 61.430508 1.870045 -138.858322 59.241852 0.364701 -139.313721 59.363876 1.205833 -139.313721 59.363876 0.729401 -140.082550 59.569885 2.642263 -139.786636 59.490593 1.870045 -139.199875 59.333370 0.729401 -140.181351 59.596355 3.469929 -139.703110 57.202347 0.364701 -140.009338 57.379150 0.729401 -140.111420 57.438084 1.205833 -140.111420 57.438084 0.729401 -140.535416 57.682880 1.870045 -154.739258 59.363876 0.729401 -154.739258 59.363876 1.205833 -155.482803 61.430508 0.364701 -155.194672 59.241852 0.364701 -153.941574 57.438084 0.729401 -153.941574 57.438084 1.205833 -154.853119 59.333370 0.729401 -155.129211 61.430508 0.729401 -153.517578 57.682880 1.870045 -154.266342 59.490593 1.870045 -153.252258 57.836060 2.642263 -153.970428 59.569885 2.642263 -153.163681 57.887199 3.469929 -153.871643 59.596355 3.469929 -154.349884 57.202347 0.364701 -154.043655 57.379150 0.729401 -152.109802 56.347195 2.642263 -152.326431 56.130562 1.870045 -152.037491 56.419514 3.469929 -152.672638 55.784367 0.729401 -152.672638 55.784367 1.205833 -153.006012 55.450985 0.364701 -152.755981 55.701023 0.729401 -150.569794 55.293320 3.469929 -150.620941 55.204742 2.642263 -151.254654 54.107121 0.364701 -151.018921 54.515427 1.205833 -151.018921 54.515427 0.729401 -151.077850 54.413349 0.729401 -150.774124 54.939426 1.870045 -148.860641 54.585361 3.469929 -148.887115 54.486572 2.642263 -149.093124 53.717739 1.205833 -149.093124 53.717739 0.729401 -149.215149 53.262329 0.364701 -148.966400 54.190651 1.870045 -149.123627 53.603886 0.729401 -147.026489 54.241615 2.642263 -147.026489 53.935253 1.870045 -147.026489 53.445660 1.205833 -147.026489 53.445660 0.729401 -147.026489 54.343891 3.469929 -147.026489 52.974190 0.364701 -147.026489 53.327793 0.729401 -145.192337 54.585361 3.469929 -145.165863 54.486572 2.642263 -145.086578 54.190651 1.870045 -144.959854 53.717739 1.205833 -144.929352 53.603886 0.729401 -144.837830 53.262329 0.364701 -144.959854 53.717739 0.729401 -143.034073 54.515427 0.729401 -142.975128 54.413349 0.729401 -141.380356 55.784367 0.729401 -141.297012 55.701023 0.729401 -153.941574 65.422928 0.729401 -149.123627 69.257126 0.729401 -143.483185 55.293320 3.469929 -143.432053 55.204742 2.642263 -143.278870 54.939426 1.870045 -143.034073 54.515427 1.205833 -142.798340 54.107121 0.364701 -142.015503 56.419514 3.469929 -141.943176 56.347195 2.642263 -141.380356 55.784367 1.205833 -141.046967 55.450985 0.364701 -141.726547 56.130562 1.870045 -140.800735 57.836060 2.642263 -140.889297 57.887199 3.469929 -141.726547 66.730453 1.870045 -145.192337 68.275650 3.469929 -145.165863 68.374443 2.642263 -148.860641 68.275650 3.469929 -153.941574 65.422928 1.205833 -147.026489 68.517120 3.469929 -153.050034 57.952816 121.755501 -153.871643 59.596355 97.208115 -153.163681 57.887199 97.208115 -153.744873 59.630322 121.755501 -151.589920 60.207741 146.302887 -151.589920 62.653275 146.302887 -151.750900 61.430508 146.302887 -151.117950 63.792713 146.302887 -151.117950 59.068302 146.302887 -150.367157 58.089844 146.302887 -150.367157 64.771172 146.302887 -149.388702 57.339050 146.302887 -149.388702 65.521965 146.302887 -148.249252 56.867077 146.302887 -148.249252 65.993935 146.302887 -147.026489 56.706097 146.302887 -147.026489 66.154915 146.302887 -145.803726 56.867077 146.302887 -145.803726 65.993935 146.302887 -144.664291 57.339050 146.302887 -144.664291 65.521965 146.302887 -143.685837 58.089844 146.302887 -143.685837 64.771172 146.302887 -142.935028 59.068302 146.302887 -142.935028 63.792713 146.302887 -142.463058 60.207741 146.302887 -142.463058 62.653275 146.302887 -142.302078 61.430508 146.302887 -149.987549 66.559219 145.785431 -148.653778 67.503639 145.100586 -150.170181 66.875526 145.100586 -148.559250 67.150841 145.785431 -148.860641 68.275650 48.113335 -147.026489 68.517120 48.113335 -148.860641 68.275650 97.208115 -147.026489 68.517120 97.208115 -145.637314 66.614990 146.212173 -144.342804 66.078789 146.212173 -147.026489 67.826920 144.282669 -145.294235 67.895363 138.120422 -147.026489 68.123421 138.120422 -145.370972 67.608971 144.282669 -153.744873 63.230694 121.755501 -154.113113 61.430508 97.208115 -153.981873 61.430508 121.755501 -153.871643 63.264656 97.208115 -153.491348 63.162762 138.120422 -153.719406 61.430508 138.120422 -153.204956 63.086021 144.282669 -153.422913 61.430508 144.282669 -153.099625 63.057796 145.100586 -153.313858 61.430508 145.100586 -152.393860 61.430508 146.212173 -152.746826 62.963264 145.785431 -152.948608 61.430508 145.785431 -152.210983 62.819687 146.212173 -152.037491 66.441498 48.113335 -150.569794 67.567696 48.113335 -152.037491 66.441498 97.208115 -150.569794 67.567696 97.208115 -152.565948 64.628716 144.282669 -152.822723 64.776962 138.120422 -153.050034 64.908195 121.755501 -152.471512 64.574188 145.100586 -152.155197 64.391571 145.785431 -151.674774 64.114197 146.212173 -153.163681 57.887199 48.113335 -153.871643 59.596355 48.113335 -153.163681 64.973816 48.113335 -153.163681 64.973816 97.208115 -151.944687 66.348701 121.755501 -151.472336 65.876343 145.100586 -151.549438 65.953453 144.282669 -151.759094 66.163109 138.120422 -151.214066 65.618080 145.785431 -150.821793 65.225815 146.212173 -150.372955 67.226738 138.120422 -150.224701 66.969963 144.282669 -147.026489 67.352631 145.785431 -145.399200 67.503639 145.100586 -147.026489 67.717873 145.100586 -145.493729 67.150841 145.785431 -140.181351 63.264656 48.113335 -140.181351 63.264656 97.208115 -140.889297 64.973816 97.208115 -140.889297 64.973816 48.113335 -147.026489 66.797882 146.212173 -143.231186 65.225815 146.212173 -142.378204 64.114197 146.212173 -145.192337 68.275650 48.113335 -145.192337 68.275650 97.208115 -143.483185 67.567696 48.113335 -143.483185 67.567696 97.208115 -142.015503 66.441498 48.113335 -142.015503 66.441498 97.208115 -148.826675 68.148888 121.755501 -150.504181 67.454041 121.755501 -148.758743 67.895363 138.120422 -148.682007 67.608971 144.282669 -143.680038 67.226738 138.120422 -143.828278 66.969963 144.282669 -143.548798 67.454041 121.755501 -145.226303 68.148888 121.755501 -148.415665 66.614990 146.212173 -149.710175 66.078789 146.212173 -143.882812 66.875526 145.100586 -144.065430 66.559219 145.785431 -142.838913 65.618080 145.785431 -141.897781 64.391571 145.785431 -142.108292 66.348701 121.755501 -142.293884 66.163109 138.120422 -141.002960 64.908195 121.755501 -140.308105 63.230694 121.755501 -141.230255 64.776962 138.120422 -140.561630 63.162762 138.120422 -141.842010 62.819687 146.212173 -140.953369 63.057796 145.100586 -141.306168 62.963264 145.785431 -141.581467 64.574188 145.100586 -140.848022 63.086021 144.282669 -141.487030 64.628716 144.282669 -140.333572 61.430508 138.120422 -140.071106 61.430508 121.755501 -141.659119 61.430508 146.212173 -141.104370 61.430508 145.785431 -140.630081 61.430508 144.282669 -140.739120 61.430508 145.100586 -140.181351 59.596355 48.113335 -140.181351 59.596355 97.208115 -139.939880 61.430508 97.208115 -139.939880 61.430508 48.113335 -140.561630 59.698254 138.120422 -140.308105 59.630322 121.755501 -141.306168 59.897747 145.785431 -140.953369 59.803215 145.100586 -140.848022 59.774994 144.282669 -141.842010 60.041328 146.212173 -152.746826 59.897747 145.785431 -152.210983 60.041328 146.212173 -152.565948 58.232300 144.282669 -153.491348 59.698254 138.120422 -152.822723 58.084049 138.120422 -153.204956 59.774994 144.282669 -151.674774 58.746819 146.212173 -153.099625 59.803215 145.100586 -152.155197 58.469444 145.785431 -154.113113 61.430508 48.113335 -152.471512 58.286823 145.100586 -150.821793 57.635201 146.212173 -151.214066 57.242935 145.785431 -151.472336 56.984669 145.100586 -151.549438 56.907558 144.282669 -153.871643 63.264656 48.113335 -151.759094 56.697903 138.120422 -151.944687 56.512310 121.755501 -152.037491 56.419514 97.208115 -150.569794 55.293320 48.113335 -152.037491 56.419514 48.113335 -150.569794 55.293320 97.208115 -149.987549 56.301800 145.785431 -150.170181 55.985489 145.100586 -150.504181 55.406971 121.755501 -149.710175 56.782223 146.212173 -150.224701 55.891048 144.282669 -150.372955 55.634274 138.120422 -148.415665 56.246021 146.212173 -148.559250 55.710175 145.785431 -148.653778 55.357376 145.100586 -148.682007 55.252045 144.282669 -148.758743 54.965649 138.120422 -148.826675 54.712124 121.755501 -148.860641 54.585361 97.208115 -147.026489 54.343891 48.113335 -148.860641 54.585361 48.113335 -147.026489 54.343891 97.208115 -147.026489 56.063133 146.212173 -147.026489 55.508385 145.785431 -147.026489 55.143139 145.100586 -147.026489 54.737595 138.120422 -147.026489 54.475128 121.755501 -147.026489 55.034092 144.282669 -145.493729 55.710175 145.785431 -145.637314 56.246021 146.212173 -145.399200 55.357376 145.100586 -145.370972 55.252045 144.282669 -145.294235 54.965649 138.120422 -145.226303 54.712124 121.755501 -145.192337 54.585361 97.208115 -143.483185 55.293320 48.113335 -145.192337 54.585361 48.113335 -143.483185 55.293320 97.208115 -144.342804 56.782223 146.212173 -143.882812 55.985489 145.100586 -143.828278 55.891048 144.282669 -144.065430 56.301800 145.785431 -143.548798 55.406971 121.755501 -143.680038 55.634274 138.120422 -142.838913 57.242935 145.785431 -142.580658 56.984669 145.100586 -143.231186 57.635201 146.212173 -142.503540 56.907558 144.282669 -142.293884 56.697903 138.120422 -142.108292 56.512310 121.755501 -142.015503 56.419514 97.208115 -142.015503 56.419514 48.113335 -140.889297 57.887199 97.208115 -140.889297 57.887199 48.113335 -141.230255 58.084049 138.120422 -141.487030 58.232300 144.282669 -142.378204 58.746819 146.212173 -141.897781 58.469444 145.785431 -141.581467 58.286823 145.100586 -141.002960 57.952816 121.755501 -142.580658 65.876343 145.100586 -142.503540 65.953453 144.282669 -147.026489 68.385887 121.755501 51.800278 181.258163 142.759583 51.800278 53.455006 148.665085 51.800278 53.455006 142.759583 51.800278 181.258163 148.665085 47.863274 181.258163 148.665085 47.863274 53.455006 148.665085 47.863274 53.455006 142.759583 47.863274 181.258163 142.759583 102.627052 176.241531 103.000000 103.020752 176.241531 112.842522 103.020752 176.241531 104.924957 102.627052 176.241531 114.811020 95.540436 176.241531 103.000000 95.540436 176.241531 114.811020 95.146736 176.241531 104.924957 95.146736 176.241531 112.842522 95.146736 89.337891 104.924957 95.540436 88.868980 103.000000 95.146736 80.636063 103.000000 95.146736 80.636063 104.924957 95.540436 88.868980 114.811020 95.146736 88.868980 112.842522 95.146736 80.636063 114.811020 95.146736 80.636063 112.842522 102.627052 88.868980 114.811020 103.020752 88.868980 104.924957 103.020752 80.636063 103.000000 102.627052 88.868980 103.000000 103.020752 80.636063 114.811020 103.020752 88.868980 112.842522 103.020752 80.636063 112.842522 103.020752 80.636063 104.924957 101.839653 69.297478 103.000000 101.052246 68.037636 114.811020 101.052246 68.037636 103.000000 101.839653 69.297478 114.811020 102.430199 71.817162 114.811020 102.430199 71.817162 103.000000 102.823898 75.596687 114.811020 102.823898 75.596687 103.000000 95.343590 75.596687 114.811020 95.343590 75.596687 103.000000 95.737289 71.817162 114.811020 95.737289 71.817162 103.000000 96.327835 69.297478 114.811020 96.327835 69.297478 103.000000 97.115242 68.037636 114.811020 97.115242 68.037636 103.000000 97.115242 61.670666 114.811020 101.052246 61.670666 114.811020 97.115242 61.670666 103.000000 101.052246 61.670666 103.000000 4.256417 176.241531 161.529541 4.650117 176.241531 171.372055 4.650117 176.241531 163.454498 4.256417 176.241531 173.340561 -2.830198 176.241531 161.529541 -2.830198 176.241531 173.340561 -3.223898 176.241531 163.454498 -3.223898 176.241531 171.372055 -3.223898 89.337891 163.454498 -2.830198 88.868980 161.529541 -3.223898 80.636063 161.529541 -3.223898 80.636063 163.454498 -2.830198 88.868980 173.340561 -3.223898 88.868980 171.372055 -3.223898 80.636063 173.340561 -3.223898 80.636063 171.372055 4.256417 88.868980 173.340561 4.650117 88.868980 163.454498 4.650117 80.636063 161.529541 4.256417 88.868980 161.529541 4.650117 80.636063 173.340561 4.650117 88.868980 171.372055 4.650117 80.636063 171.372055 4.650117 80.636063 163.454498 3.469015 69.297478 161.529541 2.681613 68.037636 173.340561 2.681613 68.037636 161.529541 3.469015 69.297478 173.340561 4.059566 71.817162 173.340561 4.059566 71.817162 161.529541 4.453267 75.596687 173.340561 4.453267 75.596687 161.529541 -3.027048 75.596687 173.340561 -3.027048 75.596687 161.529541 -2.633347 71.817162 173.340561 -2.633347 71.817162 161.529541 -2.042796 69.297478 173.340561 -2.042796 69.297478 161.529541 -1.255394 68.037636 173.340561 -1.255394 68.037636 161.529541 -1.255394 61.670666 173.340561 2.681613 61.670666 173.340561 -1.255394 61.670666 161.529541 2.681613 61.670666 161.529541 -192.648544 176.241531 103.000000 -192.254837 176.241531 112.842522 -192.254837 176.241531 104.924957 -192.648544 176.241531 114.811020 -199.735153 176.241531 103.000000 -199.735153 176.241531 114.811020 -200.128860 176.241531 104.924957 -200.128860 176.241531 112.842522 -200.128860 89.337891 104.924957 -199.735153 88.868980 103.000000 -200.128860 80.636063 103.000000 -200.128860 80.636063 104.924957 -199.735153 88.868980 114.811020 -200.128860 88.868980 112.842522 -200.128860 80.636063 114.811020 -200.128860 80.636063 112.842522 -192.648544 88.868980 114.811020 -192.254837 88.868980 104.924957 -192.254837 80.636063 103.000000 -192.648544 88.868980 103.000000 -192.254837 80.636063 114.811020 -192.254837 88.868980 112.842522 -192.254837 80.636063 112.842522 -192.254837 80.636063 104.924957 -193.435944 69.297478 103.000000 -194.223343 68.037636 114.811020 -194.223343 68.037636 103.000000 -193.435944 69.297478 114.811020 -192.845383 71.817162 114.811020 -192.845383 71.817162 103.000000 -192.451691 75.596687 114.811020 -192.451691 75.596687 103.000000 -199.932007 75.596687 114.811020 -199.932007 75.596687 103.000000 -199.538300 71.817162 114.811020 -199.538300 71.817162 103.000000 -198.947754 69.297478 114.811020 -198.947754 69.297478 103.000000 -198.160355 68.037636 114.811020 -198.160355 68.037636 103.000000 -198.160355 61.670666 114.811020 -194.223343 61.670666 114.811020 -198.160355 61.670666 103.000000 -194.223343 61.670666 103.000000 -35.056103 59.855701 151.027298 -35.839638 61.430504 151.027298 -35.839638 59.462002 151.027298 36.331726 59.462002 151.027298 -35.056103 59.462002 151.027298 -35.056103 63.005306 151.027298 36.331726 59.855701 151.027298 37.115261 63.399010 151.027298 36.331726 63.005306 151.027298 37.115261 61.430504 151.027298 37.115261 59.462002 151.027298 36.331726 63.399010 151.027298 -35.056103 63.399010 151.027298 -35.839638 63.399010 151.027298 -6.036487 63.399010 142.759583 -19.815714 59.462002 142.759583 -19.815714 63.399010 142.759583 -6.036487 59.462002 142.759583 7.312110 63.399010 142.759583 7.312110 59.462002 142.759583 21.091335 63.399010 142.759583 21.091335 59.462002 142.759583 -20.657183 59.462002 142.940552 -20.657183 63.399010 142.940552 -21.471546 61.430504 143.336487 21.932806 63.399010 142.940552 21.932806 59.462002 142.940552 22.747168 61.430504 143.336487 -32.888271 63.399010 148.181396 -30.469532 63.399010 147.911850 -31.253180 63.399010 147.911850 31.745155 63.399010 147.911850 32.528805 63.399010 147.911850 34.163891 63.399010 148.181396 -34.219765 63.399010 149.009430 35.495388 63.399010 149.009430 -34.739868 63.399010 149.735718 36.015491 63.399010 149.735718 -29.223858 63.399010 145.498734 -23.825417 63.399010 145.328018 -27.832745 63.399010 145.328018 25.101040 63.399010 145.328018 29.108368 63.399010 145.328018 30.499481 63.399010 145.498734 -30.116198 63.399010 146.310074 31.391819 63.399010 146.310074 -30.208235 63.399010 146.727325 31.483858 63.399010 146.727325 -20.407187 63.399010 143.665237 -6.036487 63.399010 143.520630 -19.734802 63.399010 143.520630 7.312110 63.399010 143.520630 21.010426 63.399010 143.520630 21.682810 63.399010 143.665237 -20.970631 63.399010 143.939178 22.246252 63.399010 143.939178 -21.530306 63.399010 144.696442 22.805929 63.399010 144.696442 -22.332954 63.399010 145.114304 23.608578 63.399010 145.114304 -22.687428 63.399010 145.298828 23.963051 63.399010 145.298828 -21.471546 63.399010 143.336487 -21.471546 59.462002 143.336487 34.163891 59.462002 148.181396 31.745155 59.462002 147.911850 32.528805 59.462002 147.911850 -32.888271 59.462002 148.181396 -34.219765 59.462002 149.009430 35.495388 59.462002 149.009430 -34.739868 59.462002 149.735718 36.015491 59.462002 149.735718 30.499481 59.462002 145.498734 25.101040 59.462002 145.328018 29.108368 59.462002 145.328018 -29.223858 59.462002 145.498734 -30.116198 59.462002 146.310074 31.391819 59.462002 146.310074 -30.208235 59.462002 146.727325 31.483858 59.462002 146.727325 -30.469532 59.462002 147.911850 -31.253180 59.462002 147.911850 21.682810 59.462002 143.665237 7.312110 59.462002 143.520630 21.010426 59.462002 143.520630 -20.407187 59.462002 143.665237 -20.970631 59.462002 143.939178 22.246252 59.462002 143.939178 -21.530306 59.462002 144.696442 22.805929 59.462002 144.696442 -22.332954 59.462002 145.114304 23.608578 59.462002 145.114304 -22.687428 59.462002 145.298828 23.963051 59.462002 145.298828 -23.825417 59.462002 145.328018 -27.832745 59.462002 145.328018 -6.036487 59.462002 143.520630 -19.734802 59.462002 143.520630 22.747168 63.399010 143.336487 22.747168 59.462002 143.336487 -33.161533 63.399010 147.455109 -31.253180 63.005306 147.911850 -31.315487 63.399010 147.150803 -32.888271 63.005306 148.181396 -31.081003 63.399010 147.150803 -30.951424 61.430504 146.563385 -31.081003 61.430504 147.150803 -30.951424 63.399010 146.563385 -34.739868 63.005306 149.735718 -29.223858 63.005306 145.498734 -27.832745 63.005306 145.328018 -30.469532 63.005306 147.911850 -22.684383 63.399010 144.439240 -21.530306 63.005306 144.696442 -22.037781 63.399010 144.102631 -22.882811 63.399010 144.542542 -22.687428 63.005306 145.298828 -22.332954 63.005306 145.114304 -30.807251 63.399010 145.909805 -29.556776 63.399010 144.772827 -30.116198 63.005306 146.310074 -23.835175 63.399010 144.566971 -27.879267 61.430504 144.566971 -27.879267 63.399010 144.566971 -23.835175 61.430504 144.566971 -33.161533 61.430504 147.455109 -31.315487 61.430504 147.150803 -30.208235 63.005306 146.727325 -23.825417 63.005306 145.328018 -22.882811 61.430504 144.542542 -35.444157 63.399010 149.412048 -34.219765 63.005306 149.009430 -34.750324 63.399010 148.443161 -29.556776 61.430504 144.772827 -34.750324 61.430504 148.443161 -35.795322 63.399010 150.846298 -34.219765 59.855701 149.009430 -35.444157 59.462002 149.412048 -34.750324 59.462002 148.443161 -34.739868 59.855701 149.735718 -22.687428 59.855701 145.298828 -23.835175 59.462002 144.566971 -22.882811 59.462002 144.542542 -23.825417 59.855701 145.328018 -27.879267 59.462002 144.566971 -29.556776 59.462002 144.772827 -29.223858 59.855701 145.498734 -27.832745 59.855701 145.328018 -19.734802 59.855701 143.520630 -6.036487 59.855701 143.520630 -20.970631 63.005306 143.939178 -20.407187 63.005306 143.665237 -35.795322 59.462002 150.846298 -32.888271 59.855701 148.181396 -33.161533 59.462002 147.455109 -22.332954 59.855701 145.114304 -21.530306 59.855701 144.696442 -22.037781 61.430504 144.102631 -31.315487 59.462002 147.150803 -30.807251 59.462002 145.909805 -30.116198 59.855701 146.310074 -31.253180 59.855701 147.911850 -30.469532 59.855701 147.911850 -31.081003 59.462002 147.150803 -22.684383 59.462002 144.439240 -22.037781 59.462002 144.102631 -30.951424 59.462002 146.563385 -30.208235 59.855701 146.727325 -22.684383 61.430504 144.439240 -30.807251 61.430504 145.909805 -20.407187 59.855701 143.665237 -20.970631 59.855701 143.939178 -35.444157 61.430504 149.412048 -19.734802 63.005306 143.520630 -6.036487 63.005306 143.520630 7.312110 59.855701 143.520630 35.495388 59.855701 149.009430 34.163891 59.855701 148.181396 37.070946 59.462002 150.846298 36.015491 59.855701 149.735718 36.719780 59.462002 149.412048 34.437157 63.399010 147.455109 36.025948 61.430504 148.443161 34.437157 61.430504 147.455109 36.025948 63.399010 148.443161 29.108368 63.005306 145.328018 30.832397 63.399010 144.772827 29.154890 63.399010 144.566971 30.499481 63.005306 145.498734 7.312110 63.005306 143.520630 21.010426 63.005306 143.520630 24.158432 61.430504 144.542542 23.960005 59.462002 144.439240 23.960005 61.430504 144.439240 24.158432 59.462002 144.542542 21.010426 59.855701 143.520630 32.227047 59.462002 146.563385 31.391819 59.855701 146.310074 32.082874 59.462002 145.909805 31.483858 59.855701 146.727325 32.356625 59.462002 147.150803 31.745155 59.855701 147.911850 32.356625 61.430504 147.150803 32.227047 61.430504 146.563385 36.015491 63.005306 149.735718 37.070946 63.399010 150.846298 36.719780 63.399010 149.412048 29.108368 59.855701 145.328018 25.110798 59.462002 144.566971 29.154890 59.462002 144.566971 25.101040 59.855701 145.328018 32.082874 63.399010 145.909805 31.391819 63.005306 146.310074 23.313404 59.462002 144.102631 23.313404 61.430504 144.102631 32.528805 63.005306 147.911850 31.745155 63.005306 147.911850 34.163891 63.005306 148.181396 30.499481 59.855701 145.498734 22.246252 59.855701 143.939178 22.805929 59.855701 144.696442 24.158432 63.399010 144.542542 25.110798 61.430504 144.566971 25.110798 63.399010 144.566971 25.101040 63.005306 145.328018 21.682810 59.855701 143.665237 35.495388 63.005306 149.009430 36.025948 59.462002 148.443161 36.719780 61.430504 149.412048 32.082874 61.430504 145.909805 32.528805 59.855701 147.911850 32.591110 59.462002 147.150803 23.963051 59.855701 145.298828 23.608578 59.855701 145.114304 34.437157 59.462002 147.455109 30.832397 59.462002 144.772827 23.963051 63.005306 145.298828 32.591110 63.399010 147.150803 32.356625 63.399010 147.150803 32.591110 61.430504 147.150803 22.246252 63.005306 143.939178 21.682810 63.005306 143.665237 30.832397 61.430504 144.772827 29.154890 61.430504 144.566971 22.805929 63.005306 144.696442 23.960005 63.399010 144.439240 23.313404 63.399010 144.102631 23.608578 63.005306 145.114304 32.227047 63.399010 146.563385 31.483858 63.005306 146.727325 -2.877442 25.237593 161.529541 -3.271142 25.237593 171.372055 -3.271142 25.237593 163.454498 -2.877442 25.237593 173.340561 4.209172 25.237593 161.529541 4.209172 25.237593 173.340561 4.602873 25.237593 163.454498 4.602873 25.237593 171.372055 4.602873 33.550648 163.454498 4.209172 34.019554 161.529541 4.602873 42.252480 161.529541 4.602873 42.252480 163.454498 4.209172 34.019554 173.340561 4.602873 34.019554 171.372055 4.602873 42.252480 173.340561 4.602873 42.252480 171.372055 -2.877442 34.019554 173.340561 -3.271142 34.019554 163.454498 -3.271142 42.252480 161.529541 -2.877442 34.019554 161.529541 -3.271142 42.252480 173.340561 -3.271142 34.019554 171.372055 -3.271142 42.252480 171.372055 -3.271142 42.252480 163.454498 -2.090040 53.591061 161.529541 -1.302639 54.850903 173.340561 -1.302639 54.850903 161.529541 -2.090040 53.591061 173.340561 -2.680591 51.071377 173.340561 -2.680591 51.071377 161.529541 -3.074292 47.291847 173.340561 -3.074292 47.291847 161.529541 4.406023 47.291847 173.340561 4.406023 47.291847 161.529541 4.012322 51.071377 173.340561 4.012322 51.071377 161.529541 3.421771 53.591061 173.340561 3.421771 53.591061 161.529541 2.634369 54.850903 173.340561 2.634369 54.850903 161.529541 2.634369 61.217873 173.340561 -1.302639 61.217873 173.340561 2.634369 61.217873 161.529541 -1.302639 61.217873 161.529541 -47.028866 63.387199 223.851089 -91.181404 60.631294 182.069977 -91.181404 63.387199 182.069977 -47.028866 60.631294 223.851089 -52.711533 60.631294 229.856293 -96.864067 63.387199 188.075180 -96.864067 60.631294 188.075180 -52.711533 63.387199 229.856293 -189.112732 62.599800 137.519592 -185.444534 60.631294 132.891495 -189.112732 60.631294 137.519592 -185.444534 62.599800 132.891495 -147.452789 62.599800 163.003372 -147.452789 60.631294 163.003372 -151.120987 62.599800 167.631485 -151.120987 60.631294 167.631485 -142.175781 62.599800 162.759857 -138.507584 60.631294 158.131744 -142.175781 60.631294 162.759857 -138.507584 62.599800 158.131744 -98.248062 62.599800 190.041046 -98.248062 60.631294 190.041046 -101.916252 62.599800 194.669159 -101.916252 60.631294 194.669159 -50.126480 63.387199 223.851089 -5.973945 63.387199 182.069977 -5.973945 60.631294 182.069977 -50.126480 60.631294 223.851089 -44.443813 60.631294 229.856293 -0.291280 60.631294 188.075180 -0.291280 63.387199 188.075180 -44.443813 63.387199 229.856293 91.957382 62.599800 137.519592 91.957382 60.631294 137.519592 88.289192 60.631294 132.891495 88.289192 62.599800 132.891495 50.297440 62.599800 163.003372 50.297440 60.631294 163.003372 53.965633 62.599800 167.631485 53.965633 60.631294 167.631485 45.020435 62.599800 162.759857 45.020435 60.631294 162.759857 41.352242 60.631294 158.131744 41.352242 62.599800 158.131744 1.092714 62.599800 190.041046 1.092714 60.631294 190.041046 4.760910 62.599800 194.669159 4.760910 60.631294 194.669159 15.587681 63.399010 178.064972 15.587681 59.462002 183.970474 15.587681 59.462002 178.064972 15.587681 63.399010 183.970474 -112.743027 63.399010 183.970474 -112.743027 59.462002 178.064972 -112.743027 59.462002 183.970474 -112.743027 63.399010 178.064972 -106.837517 63.399010 189.875992 9.682170 63.399010 189.875992 9.682170 59.462002 189.875992 -106.837517 59.462002 189.875992 64.792404 63.399010 151.027298 2.961681 59.462002 151.027298 2.961681 63.399010 151.027298 64.792404 59.462002 151.027298 64.792404 59.462002 155.338318 2.961681 59.462002 159.649338 58.886894 59.462002 159.649338 2.961681 63.399010 159.649338 64.792404 63.399010 155.338318 58.886894 63.399010 159.649338 -39.429195 63.399010 162.838318 0.665865 63.399010 151.027298 -39.429195 63.399010 151.027298 0.665865 63.399010 162.838318 0.665865 59.462002 162.838318 -156.042236 63.399010 162.838318 -156.042236 59.462002 162.838318 0.665865 59.462002 151.027298 -161.947754 63.399010 156.932816 -161.947754 59.462002 156.932816 -161.947754 59.462002 151.027298 -161.947754 63.399010 151.027298 51.800278 64.277992 151.027298 47.863274 67.821297 151.027298 51.800278 67.821297 151.027298 47.863274 64.277992 151.027298 51.800278 58.766182 151.814697 47.863274 58.766182 151.027298 47.863274 58.766182 151.814697 51.800278 58.766182 151.027298 47.863274 64.277992 151.814697 51.800278 64.277992 151.814697 51.800278 70.445969 151.263519 51.800278 72.545708 151.735962 51.800278 74.120514 152.444626 51.800278 55.222874 151.027298 51.800278 52.598202 151.263519 51.800278 50.498463 151.735962 51.800278 48.923660 152.444626 51.800278 75.170380 153.389496 51.800278 47.873791 153.389496 51.800278 75.695312 154.570602 51.800278 47.348858 154.570602 51.800278 70.577202 155.751709 51.800278 75.695312 156.932816 51.800278 58.372478 155.751709 51.800278 71.167755 155.909943 51.800278 71.600067 156.342255 51.800278 71.758308 156.932816 51.800278 63.490589 156.932816 51.800278 63.096889 156.932816 51.800278 63.648827 156.342255 51.800278 64.671692 155.751709 51.800278 58.963032 155.909943 51.800278 64.081139 155.909943 51.800278 59.395344 156.342255 51.800278 59.553581 156.932816 51.800278 59.947285 156.932816 51.800278 52.466969 155.751709 51.800278 47.348858 156.932816 51.800278 51.876415 155.909943 51.800278 51.444103 156.342255 51.800278 51.285866 156.932816 47.863274 59.947285 156.932816 47.863274 59.553581 156.932816 49.831776 58.963032 156.932816 47.863274 63.096889 156.932816 47.863274 59.395344 156.342255 49.831776 58.883911 156.637527 49.831776 58.297382 156.322128 49.831776 52.542065 156.322128 47.863274 51.285866 156.932816 49.831776 51.955536 156.637527 47.863274 51.444103 156.342255 49.831776 51.876415 156.932816 47.863274 71.167755 155.909943 49.831776 71.088638 156.637527 47.863274 71.600067 156.342255 49.831776 70.872482 156.421371 49.831776 58.667755 156.421371 47.863274 52.466969 155.751709 47.863274 58.372478 155.751709 49.831776 71.167755 156.932816 49.831776 64.160263 156.637527 47.863274 64.081139 155.909943 47.863274 63.648827 156.342255 49.831776 64.376419 156.421371 47.863274 70.445969 151.263519 49.831776 64.081139 156.932816 47.863274 47.348858 156.932816 47.863274 47.348858 154.570602 47.863274 71.758308 156.932816 47.863274 70.577202 155.751709 49.831776 70.502106 156.322128 47.863274 51.876415 155.909943 49.831776 52.171692 156.421371 47.863274 55.222874 151.027298 47.863274 52.598202 151.263519 49.831776 64.746788 156.322128 47.863274 64.671692 155.751709 47.863274 58.963032 155.909943 47.863274 47.873791 153.389496 47.863274 50.498463 151.735962 47.863274 48.923660 152.444626 47.863274 75.695312 156.932816 47.863274 63.490589 156.932816 47.863274 75.695312 154.570602 47.863274 75.170380 153.389496 47.863274 74.120514 152.444626 47.863274 72.545708 151.735962 53.965633 176.241531 167.631485 53.698738 36.627357 168.627548 53.965633 36.627357 167.631485 53.698738 176.241531 168.627548 51.898705 176.241531 164.051468 49.831776 36.627357 163.497635 49.831776 176.241531 163.497635 51.898705 36.627357 164.051468 46.251751 176.241531 169.698425 45.964813 36.627357 168.627548 46.251751 36.627357 169.698425 45.964813 176.241531 168.627548 47.764847 36.627357 164.051468 53.411800 36.627357 165.564560 46.251751 36.627357 165.564560 45.697918 36.627357 167.631485 53.411800 36.627357 169.698425 51.898705 36.627357 171.211517 47.764847 36.627357 171.211517 49.831776 36.627357 171.765350 47.764847 176.241531 171.211517 47.764847 176.241531 164.051468 45.697918 176.241531 167.631485 46.251751 176.241531 165.564560 53.411800 176.241531 165.564560 53.411800 176.241531 169.698425 51.898705 176.241531 171.211517 49.831776 176.241531 171.765350 51.397713 59.808365 148.665085 49.831776 63.588867 148.665085 49.831776 59.159733 148.665085 51.397713 62.940235 148.665085 52.046341 61.374298 148.665085 52.112785 59.093292 148.429764 49.831776 58.148468 148.429764 46.982624 58.525146 147.772156 45.402641 61.374298 146.894867 46.699905 58.242428 146.894867 45.802467 61.374298 147.772156 52.112785 63.655308 148.429764 53.057610 61.374298 148.429764 52.680927 58.525146 147.772156 53.861084 61.374298 147.772156 49.831776 64.600128 148.429764 52.680927 64.223450 147.772156 49.831776 65.403610 147.772156 48.265839 59.808365 148.665085 48.265839 62.940235 148.665085 47.617210 61.374298 148.665085 49.013920 59.498501 148.665085 52.963646 64.506172 141.976379 54.260910 61.374298 145.789536 54.260910 61.374298 141.976379 54.260910 61.374298 146.894867 52.963646 64.506172 146.894867 52.963646 64.506172 145.789536 52.963646 58.242428 146.894867 49.831776 65.803436 146.894867 52.963646 58.242428 145.789536 49.831776 56.945164 141.976379 52.963646 58.242428 141.976379 49.831776 56.945164 145.789536 49.831776 56.945164 146.894867 49.831776 57.344990 147.772156 48.230949 57.608250 146.894867 48.372311 57.949520 147.772156 48.656384 58.635330 148.429764 47.550766 59.093292 148.429764 46.605942 61.374298 148.429764 46.699905 64.506172 146.894867 45.402641 61.374298 141.976379 46.699905 64.506172 141.976379 46.699905 64.506172 145.789536 47.550766 63.655308 148.429764 46.982624 64.223450 147.772156 49.831776 65.803436 145.789536 49.831776 65.803436 141.976379 46.699905 58.242428 145.789536 46.699905 58.242428 141.976379 48.230949 57.608250 141.976379 52.981380 70.970901 160.869812 51.800278 76.482719 160.869812 51.800278 70.970901 160.869812 52.981380 76.482719 160.869812 47.097012 76.067871 158.068481 47.367172 71.655907 157.528168 47.097012 71.385750 158.068481 47.367172 75.797714 157.528168 52.981380 75.695312 158.507614 52.981380 70.970901 158.507614 52.981380 76.482719 158.507614 47.469570 71.758308 156.932816 47.469570 75.695312 156.932816 46.682171 76.482719 158.507614 46.682171 70.970901 158.507614 47.863274 70.970901 160.869812 46.682171 76.482719 160.869812 46.682171 70.970901 160.869812 47.863274 76.482719 160.869812 47.863274 76.482719 159.295013 51.800278 76.482719 159.295013 51.800278 70.970901 159.295013 47.863274 70.970901 159.295013 52.296379 71.655907 157.528168 52.193981 71.758308 156.932816 52.566540 75.695312 158.068481 52.566540 71.385750 158.068481 52.296379 75.695312 157.528168 52.296379 75.797714 157.528168 52.566540 76.067871 158.068481 52.193981 75.695312 156.932816 52.981380 58.372478 158.507614 47.863274 58.372478 159.295013 46.682171 58.372478 158.507614 51.800278 58.372478 159.295013 51.800278 58.372478 160.869812 52.981380 58.372478 160.869812 47.863274 58.372478 160.869812 46.682171 58.372478 160.869812 52.981380 64.671692 160.869812 52.981380 63.884289 158.507614 52.981380 64.671692 158.507614 52.566540 63.884289 158.068481 52.566540 64.256851 158.068481 52.566540 58.787323 158.068481 47.097012 64.256851 158.068481 46.682171 64.671692 158.507614 52.296379 63.884289 157.528168 52.296379 63.986691 157.528168 52.296379 59.057484 157.528168 51.800278 64.671692 159.295013 51.800278 64.671692 160.869812 47.863274 64.671692 160.869812 46.682171 64.671692 160.869812 47.863274 64.671692 159.295013 47.367172 63.986691 157.528168 52.193981 59.159882 156.932816 52.193981 63.884289 156.932816 47.097012 58.787323 158.068481 47.367172 59.057484 157.528168 47.469570 59.159882 156.932816 47.469570 63.884289 156.932816 51.800278 40.973694 160.875519 51.800278 81.908562 164.025085 51.800278 40.958065 164.025085 51.800278 41.764992 160.092041 51.800278 43.342381 159.574921 51.800278 45.705856 159.324173 51.800278 77.207649 159.277298 51.800278 79.568527 159.551483 51.800278 81.355591 160.157043 51.800278 81.924187 160.875519 47.863274 40.973694 160.875519 47.863274 41.764992 160.092041 47.863274 45.705856 159.324173 47.863274 43.342381 159.574921 47.863274 81.355591 160.157043 47.863274 81.924187 160.875519 47.863274 81.908562 164.025085 47.863274 77.207649 159.277298 47.863274 40.958065 164.025085 47.863274 79.568527 159.551483 52.981380 46.561455 160.869812 51.800278 52.073269 160.869812 51.800278 46.561455 160.869812 52.981380 52.073269 160.869812 47.097012 51.658424 158.068481 47.367172 47.246460 157.528168 47.097012 46.976299 158.068481 47.367172 51.388264 157.528168 52.981380 51.285866 158.507614 52.981380 46.561455 158.507614 52.981380 52.073269 158.507614 47.469570 47.348858 156.932816 47.469570 51.285866 156.932816 46.682171 52.073269 158.507614 46.682171 46.561455 158.507614 47.863274 46.561455 160.869812 46.682171 52.073269 160.869812 46.682171 46.561455 160.869812 47.863274 52.073269 160.869812 47.863274 52.073269 159.295013 51.800278 52.073269 159.295013 51.800278 46.561455 159.295013 47.863274 46.561455 159.295013 52.296379 47.246460 157.528168 52.193981 47.348858 156.932816 52.566540 51.285866 158.068481 52.566540 46.976299 158.068481 52.296379 51.285866 157.528168 52.296379 51.388264 157.528168 52.566540 51.658424 158.068481 52.193981 51.285866 156.932816 52.981380 58.224693 150.239899 47.863274 58.224693 151.027298 46.682171 58.224693 150.239899 51.800278 58.224693 151.027298 51.800278 58.224693 152.602097 52.981380 58.224693 152.602097 47.863274 58.224693 152.602097 46.682171 58.224693 152.602097 52.981380 64.523903 152.602097 52.981380 63.736504 150.239899 52.981380 64.523903 150.239899 52.566540 63.736504 149.800766 52.566540 64.109062 149.800766 52.566540 58.639534 149.800766 47.097012 64.109062 149.800766 46.682171 64.523903 150.239899 52.296379 63.736504 149.260452 52.296379 63.838902 149.260452 52.296379 58.909695 149.260452 51.800278 64.523903 151.027298 51.800278 64.523903 152.602097 47.863274 64.523903 152.602097 46.682171 64.523903 152.602097 47.863274 64.523903 151.027298 47.367172 63.838902 149.260452 52.193981 59.012093 148.665085 52.193981 63.736504 148.665085 47.097012 58.639534 149.800766 47.367172 58.909695 149.260452 47.469570 59.012093 148.665085 47.469570 63.736504 148.665085 62.488346 60.390045 143.224594 59.865871 60.390045 142.846634 62.702038 60.390045 142.545242 60.040047 60.390045 142.957413 60.040047 60.390045 143.599350 61.664349 60.390045 143.701141 60.538345 60.390045 143.796600 53.550068 60.390045 141.917267 62.225475 60.390045 141.917267 59.543037 60.390045 142.846634 58.592197 60.390045 143.244003 53.550068 60.390045 147.481491 57.116241 60.390045 144.492065 58.318653 60.390045 143.903580 57.928318 60.390045 144.297409 57.427265 60.390045 144.492065 55.470325 60.390045 145.951416 56.916801 60.390045 145.316742 56.469311 60.390045 145.696274 55.840405 60.390045 145.951416 55.470325 60.390045 146.765808 55.134670 60.390045 147.106979 54.503986 60.390045 147.377487 53.957760 60.390045 147.481491 53.438076 62.358551 147.481491 53.438076 60.390045 147.481491 53.957760 62.358551 147.481491 53.438076 62.358551 141.917267 53.438076 60.390045 141.917267 54.503986 62.358551 147.377487 55.134670 62.358551 147.106979 55.470325 62.358551 146.765808 55.470325 62.358551 145.951416 55.840405 62.358551 145.951416 56.469311 62.358551 145.696274 56.916801 62.358551 145.316742 57.116241 62.358551 144.492065 57.427265 62.358551 144.492065 57.928318 62.358551 144.297409 58.318653 62.358551 143.903580 58.592197 62.358551 143.244003 59.543037 62.358551 142.846634 59.865871 62.358551 142.846634 60.040047 62.358551 142.957413 60.040047 62.358551 143.599350 60.538345 62.358551 143.796600 61.664349 62.358551 143.701141 62.488346 62.358551 143.224594 62.702038 62.358551 142.545242 62.225475 62.358551 141.917267 37.266808 60.387516 143.224594 37.053112 60.387516 142.545242 39.889282 60.387516 142.846634 39.715107 60.387516 142.957413 39.715107 60.387516 143.599350 38.090801 60.387516 143.701141 39.216808 60.387516 143.796600 37.529675 60.387516 141.917267 46.205082 60.387516 141.917267 40.212116 60.387516 142.846634 41.162952 60.387516 143.244003 46.205082 60.387516 147.481491 42.638912 60.387516 144.492065 41.436501 60.387516 143.903580 41.826832 60.387516 144.297409 42.327888 60.387516 144.492065 44.284828 60.387516 145.951416 42.838348 60.387516 145.316742 43.285839 60.387516 145.696274 43.914749 60.387516 145.951416 44.284828 60.387516 146.765808 44.620480 60.387516 147.106979 45.251167 60.387516 147.377487 45.797390 60.387516 147.481491 46.317078 60.387516 147.481491 46.317078 62.356018 147.481491 45.797390 62.356018 147.481491 46.317078 60.387516 141.917267 46.317078 62.356018 141.917267 45.251167 62.356018 147.377487 44.620480 62.356018 147.106979 44.284828 62.356018 146.765808 44.284828 62.356018 145.951416 43.914749 62.356018 145.951416 43.285839 62.356018 145.696274 42.838348 62.356018 145.316742 42.638912 62.356018 144.492065 42.327888 62.356018 144.492065 41.826832 62.356018 144.297409 41.436501 62.356018 143.903580 41.162952 62.356018 143.244003 40.212116 62.356018 142.846634 39.889282 62.356018 142.846634 39.715107 62.356018 142.957413 39.715107 62.356018 143.599350 39.216808 62.356018 143.796600 38.090801 62.356018 143.701141 37.266808 62.356018 143.224594 37.053112 62.356018 142.545242 37.529675 62.356018 141.917267 -5.633347 67.729721 176.490158 -4.803661 66.900032 175.611908 -4.803661 55.960979 175.611908 -5.633347 55.131294 176.490158 -4.263342 66.359711 174.531265 -4.263342 56.501301 174.531265 6.965078 55.131294 176.490158 6.135392 55.960979 175.611908 5.595073 56.501301 174.531265 -4.058544 56.706097 173.340561 5.390275 56.706097 173.340561 5.390275 66.154915 173.340561 5.595073 66.359711 174.531265 6.135392 66.900032 175.611908 6.965078 67.729721 176.490158 -4.058544 66.154915 173.340561 2.634369 67.729721 181.214569 2.634369 67.729721 178.064972 2.634369 59.462002 178.064972 2.634369 59.462002 179.639771 2.634369 59.462002 181.214569 -1.302639 55.131294 181.214569 -1.302639 55.131294 178.064972 -1.302639 67.729721 178.064972 -1.302639 67.729721 181.214569 2.634369 55.131294 178.064972 2.634369 55.131294 181.214569 6.965078 55.131294 181.214569 6.965078 67.729721 181.214569 5.390275 66.900032 175.611908 5.390275 66.359711 174.531265 5.390275 67.729721 176.490158 -5.633347 67.729721 181.214569 -5.633347 55.131294 181.214569 2.595555 64.277992 178.064972 -1.341453 67.821297 178.064972 2.595555 67.821297 178.064972 -1.341453 64.277992 178.064972 2.595555 58.766182 178.852371 -1.341453 58.766182 178.064972 -1.341453 58.766182 178.852371 2.595555 58.766182 178.064972 -1.341453 64.277992 178.852371 2.595555 64.277992 178.852371 2.595555 70.445969 178.301193 2.595555 72.545708 178.773636 2.595555 74.120514 179.482285 2.595555 55.222874 178.064972 2.595555 52.598202 178.301193 2.595555 50.498463 178.773636 2.595555 48.923660 179.482285 2.595555 75.170380 180.427170 2.595555 47.873791 180.427170 2.595555 75.695312 181.608276 2.595555 47.348858 181.608276 2.595555 70.577202 182.789383 2.595555 75.695312 183.970474 2.595555 58.372478 182.789383 2.595555 71.167755 182.947617 2.595555 71.600067 183.379929 2.595555 71.758308 183.970474 2.595555 63.490589 183.970474 2.595555 63.096889 183.970474 2.595555 63.648827 183.379929 2.595555 64.671692 182.789383 2.595555 58.963032 182.947617 2.595555 64.081139 182.947617 2.595555 59.395344 183.379929 2.595555 59.553581 183.970474 2.595555 59.947285 183.970474 2.595555 52.466969 182.789383 2.595555 47.348858 183.970474 2.595555 51.876415 182.947617 2.595555 51.444103 183.379929 2.595555 51.285866 183.970474 -1.341453 59.947285 183.970474 -1.341453 59.553581 183.970474 0.627051 58.963032 183.970474 -1.341453 63.096889 183.970474 -1.341453 59.395344 183.379929 0.627051 58.883911 183.675201 0.627051 58.297382 183.359802 0.627051 52.542065 183.359802 -1.341453 51.285866 183.970474 0.627051 51.955536 183.675201 -1.341453 51.444103 183.379929 0.627051 51.876415 183.970474 -1.341453 71.167755 182.947617 0.627051 71.088638 183.675201 -1.341453 71.600067 183.379929 0.627051 70.872482 183.459045 0.627051 58.667755 183.459045 -1.341453 52.466969 182.789383 -1.341453 58.372478 182.789383 0.627051 71.167755 183.970474 0.627051 64.160263 183.675201 -1.341453 64.081139 182.947617 -1.341453 63.648827 183.379929 0.627051 64.376419 183.459045 -1.341453 70.445969 178.301193 0.627051 64.081139 183.970474 -1.341453 47.348858 183.970474 -1.341453 47.348858 181.608276 -1.341453 71.758308 183.970474 -1.341453 70.577202 182.789383 0.627051 70.502106 183.359802 -1.341453 51.876415 182.947617 0.627051 52.171692 183.459045 -1.341453 55.222874 178.064972 -1.341453 52.598202 178.301193 0.627051 64.746788 183.359802 -1.341453 64.671692 182.789383 -1.341453 58.963032 182.947617 -1.341453 47.873791 180.427170 -1.341453 50.498463 178.773636 -1.341453 48.923660 179.482285 -1.341453 75.695312 183.970474 -1.341453 63.490589 183.970474 -1.341453 75.695312 181.608276 -1.341453 75.170380 180.427170 -1.341453 74.120514 179.482285 -1.341453 72.545708 178.773636 4.760910 176.241531 194.669159 4.494015 36.627357 195.665222 4.760910 36.627357 194.669159 4.494015 176.241531 195.665222 2.693980 176.241531 191.089142 0.627051 36.627357 190.535309 0.627051 176.241531 190.535309 2.693980 36.627357 191.089142 -2.952975 176.241531 196.736084 -3.239913 36.627357 195.665222 -2.952975 36.627357 196.736084 -3.239913 176.241531 195.665222 -1.439878 36.627357 191.089142 4.207078 36.627357 192.602234 -2.952975 36.627357 192.602234 -3.506807 36.627357 194.669159 4.207078 36.627357 196.736084 2.693980 36.627357 198.249191 -1.439878 36.627357 198.249191 0.627051 36.627357 198.803024 -1.439878 176.241531 198.249191 -1.439878 176.241531 191.089142 -3.506807 176.241531 194.669159 -2.952975 176.241531 192.602234 4.207078 176.241531 192.602234 4.207078 176.241531 196.736084 2.693980 176.241531 198.249191 0.627051 176.241531 198.803024 3.776658 70.970901 187.907486 2.595555 76.482719 187.907486 2.595555 70.970901 187.907486 3.776658 76.482719 187.907486 -2.107712 76.067871 185.106155 -1.837552 71.655907 184.565826 -2.107712 71.385750 185.106155 -1.837552 75.797714 184.565826 3.776658 75.695312 185.545288 3.776658 70.970901 185.545288 3.776658 76.482719 185.545288 -1.735153 71.758308 183.970474 -1.735153 75.695312 183.970474 -2.522555 76.482719 185.545288 -2.522555 70.970901 185.545288 -1.341453 70.970901 187.907486 -2.522555 76.482719 187.907486 -2.522555 70.970901 187.907486 -1.341453 76.482719 187.907486 -1.341453 76.482719 186.332687 2.595555 76.482719 186.332687 2.595555 70.970901 186.332687 -1.341453 70.970901 186.332687 3.091655 71.655907 184.565826 2.989256 71.758308 183.970474 3.361814 75.695312 185.106155 3.361814 71.385750 185.106155 3.091655 75.695312 184.565826 3.091655 75.797714 184.565826 3.361814 76.067871 185.106155 2.989256 75.695312 183.970474 3.776658 58.372478 185.545288 -1.341453 58.372478 186.332687 -2.522555 58.372478 185.545288 2.595555 58.372478 186.332687 2.595555 58.372478 187.907486 3.776658 58.372478 187.907486 -1.341453 58.372478 187.907486 -2.522555 58.372478 187.907486 3.776658 64.671692 187.907486 3.776658 63.884289 185.545288 3.776658 64.671692 185.545288 3.361814 63.884289 185.106155 3.361814 64.256851 185.106155 3.361814 58.787323 185.106155 -2.107712 64.256851 185.106155 -2.522555 64.671692 185.545288 3.091655 63.884289 184.565826 3.091655 63.986691 184.565826 3.091655 59.057484 184.565826 2.595555 64.671692 186.332687 2.595555 64.671692 187.907486 -1.341453 64.671692 187.907486 -2.522555 64.671692 187.907486 -1.341453 64.671692 186.332687 -1.837552 63.986691 184.565826 2.989256 59.159882 183.970474 2.989256 63.884289 183.970474 -2.107712 58.787323 185.106155 -1.837552 59.057484 184.565826 -1.735153 59.159882 183.970474 -1.735153 63.884289 183.970474 2.595555 40.973694 187.913193 2.595555 81.908562 191.062759 2.595555 40.958065 191.062759 2.595555 41.764992 187.129715 2.595555 43.342381 186.612595 2.595555 45.705856 186.361847 2.595555 77.207649 186.314972 2.595555 79.568527 186.589157 2.595555 81.355591 187.194717 2.595555 81.924187 187.913193 -1.341453 40.973694 187.913193 -1.341453 41.764992 187.129715 -1.341453 45.705856 186.361847 -1.341453 43.342381 186.612595 -1.341453 81.355591 187.194717 -1.341453 81.924187 187.913193 -1.341453 81.908562 191.062759 -1.341453 77.207649 186.314972 -1.341453 40.958065 191.062759 -1.341453 79.568527 186.589157 3.776658 46.561455 187.907486 2.595555 52.073269 187.907486 2.595555 46.561455 187.907486 3.776658 52.073269 187.907486 -2.107712 51.658424 185.106155 -1.837552 47.246460 184.565826 -2.107712 46.976299 185.106155 -1.837552 51.388264 184.565826 3.776658 51.285866 185.545288 3.776658 46.561455 185.545288 3.776658 52.073269 185.545288 -1.735153 47.348858 183.970474 -1.735153 51.285866 183.970474 -2.522555 52.073269 185.545288 -2.522555 46.561455 185.545288 -1.341453 46.561455 187.907486 -2.522555 52.073269 187.907486 -2.522555 46.561455 187.907486 -1.341453 52.073269 187.907486 -1.341453 52.073269 186.332687 2.595555 52.073269 186.332687 2.595555 46.561455 186.332687 -1.341453 46.561455 186.332687 3.091655 47.246460 184.565826 2.989256 47.348858 183.970474 3.361814 51.285866 185.106155 3.361814 46.976299 185.106155 3.091655 51.285866 184.565826 3.091655 51.388264 184.565826 3.361814 51.658424 185.106155 2.989256 51.285866 183.970474 -95.813896 64.277992 178.064972 -99.750900 67.821297 178.064972 -95.813896 67.821297 178.064972 -99.750900 64.277992 178.064972 -95.813896 58.766182 178.852371 -99.750900 58.766182 178.064972 -99.750900 58.766182 178.852371 -95.813896 58.766182 178.064972 -99.750900 64.277992 178.852371 -95.813896 64.277992 178.852371 -95.813896 70.445969 178.301193 -95.813896 72.545708 178.773636 -95.813896 74.120514 179.482285 -95.813896 55.222874 178.064972 -95.813896 52.598202 178.301193 -95.813896 50.498463 178.773636 -95.813896 48.923660 179.482285 -95.813896 75.170380 180.427170 -95.813896 47.873791 180.427170 -95.813896 75.695312 181.608276 -95.813896 47.348858 181.608276 -95.813896 70.577202 182.789383 -95.813896 75.695312 183.970474 -95.813896 58.372478 182.789383 -95.813896 71.167755 182.947617 -95.813896 71.600067 183.379929 -95.813896 71.758308 183.970474 -95.813896 63.490589 183.970474 -95.813896 63.096889 183.970474 -95.813896 63.648827 183.379929 -95.813896 64.671692 182.789383 -95.813896 58.963032 182.947617 -95.813896 64.081139 182.947617 -95.813896 59.395344 183.379929 -95.813896 59.553581 183.970474 -95.813896 59.947285 183.970474 -95.813896 52.466969 182.789383 -95.813896 47.348858 183.970474 -95.813896 51.876415 182.947617 -95.813896 51.444103 183.379929 -95.813896 51.285866 183.970474 -99.750900 59.947285 183.970474 -99.750900 59.553581 183.970474 -97.782394 58.963032 183.970474 -99.750900 63.096889 183.970474 -99.750900 59.395344 183.379929 -97.782394 58.883911 183.675201 -97.782394 58.297382 183.359802 -97.782394 52.542065 183.359802 -99.750900 51.285866 183.970474 -97.782394 51.955536 183.675201 -99.750900 51.444103 183.379929 -97.782394 51.876415 183.970474 -99.750900 71.167755 182.947617 -97.782394 71.088638 183.675201 -99.750900 71.600067 183.379929 -97.782394 70.872482 183.459045 -97.782394 58.667755 183.459045 -99.750900 52.466969 182.789383 -99.750900 58.372478 182.789383 -97.782394 71.167755 183.970474 -97.782394 64.160263 183.675201 -99.750900 64.081139 182.947617 -99.750900 63.648827 183.379929 -97.782394 64.376419 183.459045 -99.750900 70.445969 178.301193 -97.782394 64.081139 183.970474 -99.750900 47.348858 183.970474 -99.750900 47.348858 181.608276 -99.750900 71.758308 183.970474 -99.750900 70.577202 182.789383 -97.782394 70.502106 183.359802 -99.750900 51.876415 182.947617 -97.782394 52.171692 183.459045 -99.750900 55.222874 178.064972 -99.750900 52.598202 178.301193 -97.782394 64.746788 183.359802 -99.750900 64.671692 182.789383 -99.750900 58.963032 182.947617 -99.750900 47.873791 180.427170 -99.750900 50.498463 178.773636 -99.750900 48.923660 179.482285 -99.750900 75.695312 183.970474 -99.750900 63.490589 183.970474 -99.750900 75.695312 181.608276 -99.750900 75.170380 180.427170 -99.750900 74.120514 179.482285 -99.750900 72.545708 178.773636 -93.648537 176.241531 194.669159 -93.915436 36.627357 195.665222 -93.648537 36.627357 194.669159 -93.915436 176.241531 195.665222 -95.715469 176.241531 191.089142 -97.782394 36.627357 190.535309 -97.782394 176.241531 190.535309 -95.715469 36.627357 191.089142 -101.362427 176.241531 196.736084 -101.649361 36.627357 195.665222 -101.362427 36.627357 196.736084 -101.649361 176.241531 195.665222 -99.849327 36.627357 191.089142 -94.202370 36.627357 192.602234 -101.362427 36.627357 192.602234 -101.916252 36.627357 194.669159 -94.202370 36.627357 196.736084 -95.715469 36.627357 198.249191 -99.849327 36.627357 198.249191 -97.782394 36.627357 198.803024 -99.849327 176.241531 198.249191 -99.849327 176.241531 191.089142 -101.916252 176.241531 194.669159 -101.362427 176.241531 192.602234 -94.202370 176.241531 192.602234 -94.202370 176.241531 196.736084 -95.715469 176.241531 198.249191 -97.782394 176.241531 198.803024 -96.216461 59.808365 175.702759 -97.782394 63.588867 175.702759 -97.782394 59.159733 175.702759 -96.216461 62.940235 175.702759 -95.567833 61.374298 175.702759 -95.501389 59.093292 175.467438 -97.782394 58.148468 175.467438 -100.631546 58.525146 174.809814 -102.211533 61.374298 173.932541 -100.914268 58.242428 173.932541 -101.811707 61.374298 174.809814 -95.501389 63.655308 175.467438 -94.556564 61.374298 175.467438 -94.933243 58.525146 174.809814 -93.753090 61.374298 174.809814 -97.782394 64.600128 175.467438 -94.933243 64.223450 174.809814 -97.782394 65.403610 174.809814 -99.348335 59.808365 175.702759 -99.348335 62.940235 175.702759 -99.996964 61.374298 175.702759 -98.600258 59.498501 175.702759 -94.650528 64.506172 162.838318 -93.353264 61.374298 172.827209 -93.353264 61.374298 162.838318 -93.353264 61.374298 173.932541 -94.650528 64.506172 172.827209 -94.650528 64.506172 173.932541 -94.650528 58.242428 173.932541 -97.782394 65.803436 173.932541 -94.650528 58.242428 172.827209 -97.782394 56.945164 162.838318 -94.650528 58.242428 162.838318 -97.782394 56.945164 172.827209 -97.782394 56.945164 173.932541 -97.782394 57.344990 174.809814 -99.383224 57.608250 173.932541 -99.241859 57.949520 174.809814 -98.957794 58.635330 175.467438 -100.063408 59.093292 175.467438 -101.008232 61.374298 175.467438 -100.914268 64.506172 173.932541 -102.211533 61.374298 162.838318 -100.914268 64.506172 162.838318 -100.914268 64.506172 172.827209 -100.063408 63.655308 175.467438 -100.631546 64.223450 174.809814 -97.782394 65.803436 172.827209 -97.782394 65.803436 162.838318 -100.914268 58.242428 172.827209 -100.914268 58.242428 162.838318 -99.383224 57.608250 162.838318 -94.632790 70.970901 187.907486 -95.813896 76.482719 187.907486 -95.813896 70.970901 187.907486 -94.632790 76.482719 187.907486 -100.517159 76.067871 185.106155 -100.247002 71.655907 184.565826 -100.517159 71.385750 185.106155 -100.247002 75.797714 184.565826 -94.632790 75.695312 185.545288 -94.632790 70.970901 185.545288 -94.632790 76.482719 185.545288 -100.144600 71.758308 183.970474 -100.144600 75.695312 183.970474 -100.932007 76.482719 185.545288 -100.932007 70.970901 185.545288 -99.750900 70.970901 187.907486 -100.932007 76.482719 187.907486 -100.932007 70.970901 187.907486 -99.750900 76.482719 187.907486 -99.750900 76.482719 186.332687 -95.813896 76.482719 186.332687 -95.813896 70.970901 186.332687 -99.750900 70.970901 186.332687 -95.317795 71.655907 184.565826 -95.420189 71.758308 183.970474 -95.047638 75.695312 185.106155 -95.047638 71.385750 185.106155 -95.317795 75.695312 184.565826 -95.317795 75.797714 184.565826 -95.047638 76.067871 185.106155 -95.420189 75.695312 183.970474 -94.632790 58.372478 185.545288 -99.750900 58.372478 186.332687 -100.932007 58.372478 185.545288 -95.813896 58.372478 186.332687 -95.813896 58.372478 187.907486 -94.632790 58.372478 187.907486 -99.750900 58.372478 187.907486 -100.932007 58.372478 187.907486 -94.632790 64.671692 187.907486 -94.632790 63.884289 185.545288 -94.632790 64.671692 185.545288 -95.047638 63.884289 185.106155 -95.047638 64.256851 185.106155 -95.047638 58.787323 185.106155 -100.517159 64.256851 185.106155 -100.932007 64.671692 185.545288 -95.317795 63.884289 184.565826 -95.317795 63.986691 184.565826 -95.317795 59.057484 184.565826 -95.813896 64.671692 186.332687 -95.813896 64.671692 187.907486 -99.750900 64.671692 187.907486 -100.932007 64.671692 187.907486 -99.750900 64.671692 186.332687 -100.247002 63.986691 184.565826 -95.420189 59.159882 183.970474 -95.420189 63.884289 183.970474 -100.517159 58.787323 185.106155 -100.247002 59.057484 184.565826 -100.144600 59.159882 183.970474 -100.144600 63.884289 183.970474 -95.813896 40.973694 187.913193 -95.813896 81.908562 191.062759 -95.813896 40.958065 191.062759 -95.813896 41.764992 187.129715 -95.813896 43.342381 186.612595 -95.813896 45.705856 186.361847 -95.813896 77.207649 186.314972 -95.813896 79.568527 186.589157 -95.813896 81.355591 187.194717 -95.813896 81.924187 187.913193 -99.750900 40.973694 187.913193 -99.750900 41.764992 187.129715 -99.750900 45.705856 186.361847 -99.750900 43.342381 186.612595 -99.750900 81.355591 187.194717 -99.750900 81.924187 187.913193 -99.750900 81.908562 191.062759 -99.750900 77.207649 186.314972 -99.750900 40.958065 191.062759 -99.750900 79.568527 186.589157 -94.632790 46.561455 187.907486 -95.813896 52.073269 187.907486 -95.813896 46.561455 187.907486 -94.632790 52.073269 187.907486 -100.517159 51.658424 185.106155 -100.247002 47.246460 184.565826 -100.517159 46.976299 185.106155 -100.247002 51.388264 184.565826 -94.632790 51.285866 185.545288 -94.632790 46.561455 185.545288 -94.632790 52.073269 185.545288 -100.144600 47.348858 183.970474 -100.144600 51.285866 183.970474 -100.932007 52.073269 185.545288 -100.932007 46.561455 185.545288 -99.750900 46.561455 187.907486 -100.932007 52.073269 187.907486 -100.932007 46.561455 187.907486 -99.750900 52.073269 187.907486 -99.750900 52.073269 186.332687 -95.813896 52.073269 186.332687 -95.813896 46.561455 186.332687 -99.750900 46.561455 186.332687 -95.317795 47.246460 184.565826 -95.420189 47.348858 183.970474 -95.047638 51.285866 185.106155 -95.047638 46.976299 185.106155 -95.317795 51.285866 184.565826 -95.317795 51.388264 184.565826 -95.047638 51.658424 185.106155 -95.420189 51.285866 183.970474 -94.632790 58.224693 177.277573 -99.750900 58.224693 178.064972 -100.932007 58.224693 177.277573 -95.813896 58.224693 178.064972 -95.813896 58.224693 179.639771 -94.632790 58.224693 179.639771 -99.750900 58.224693 179.639771 -100.932007 58.224693 179.639771 -94.632790 64.523903 179.639771 -94.632790 63.736504 177.277573 -94.632790 64.523903 177.277573 -95.047638 63.736504 176.838440 -95.047638 64.109062 176.838440 -95.047638 58.639534 176.838440 -100.517159 64.109062 176.838440 -100.932007 64.523903 177.277573 -95.317795 63.736504 176.298111 -95.317795 63.838902 176.298111 -95.317795 58.909695 176.298111 -95.813896 64.523903 178.064972 -95.813896 64.523903 179.639771 -99.750900 64.523903 179.639771 -100.932007 64.523903 179.639771 -99.750900 64.523903 178.064972 -100.247002 63.838902 176.298111 -95.420189 59.012093 175.702759 -95.420189 63.736504 175.702759 -100.517159 58.639534 176.838440 -100.247002 58.909695 176.298111 -100.144600 59.012093 175.702759 -100.144600 63.736504 175.702759 -84.428978 60.390045 163.540451 -87.051453 60.390045 163.055893 -84.215286 60.390045 162.669479 -86.877274 60.390045 163.197906 -86.877274 60.390045 164.020889 -85.252975 60.390045 164.151413 -86.378983 60.390045 164.273788 -93.367256 60.390045 161.864380 -84.691849 60.390045 161.864380 -87.374283 60.390045 163.055893 -88.325127 60.390045 163.565323 -93.367256 60.390045 168.998001 -89.801079 60.390045 165.165421 -88.598671 60.390045 164.410950 -88.989006 60.390045 164.915863 -89.490059 60.390045 165.165421 -91.446999 60.390045 167.036377 -90.000519 60.390045 166.222687 -90.448013 60.390045 166.709259 -91.076920 60.390045 167.036377 -91.446999 60.390045 168.080460 -91.782654 60.390045 168.517853 -92.413338 60.390045 168.864655 -92.959564 60.390045 168.998001 -93.479248 62.358551 168.998001 -93.479248 60.390045 168.998001 -92.959564 62.358551 168.998001 -93.479248 62.358551 161.864380 -93.479248 60.390045 161.864380 -92.413338 62.358551 168.864655 -91.782654 62.358551 168.517853 -91.446999 62.358551 168.080460 -91.446999 62.358551 167.036377 -91.076920 62.358551 167.036377 -90.448013 62.358551 166.709259 -90.000519 62.358551 166.222687 -89.801079 62.358551 165.165421 -89.490059 62.358551 165.165421 -88.989006 62.358551 164.915863 -88.598671 62.358551 164.410950 -88.325127 62.358551 163.565323 -87.374283 62.358551 163.055893 -87.051453 62.358551 163.055893 -86.877274 62.358551 163.197906 -86.877274 62.358551 164.020889 -86.378983 62.358551 164.273788 -85.252975 62.358551 164.151413 -84.428978 62.358551 163.540451 -84.215286 62.358551 162.669479 -84.691849 62.358551 161.864380 -110.347366 60.387516 163.540451 -110.561058 60.387516 162.669479 -107.724892 60.387516 163.055893 -107.899071 60.387516 163.197906 -107.899071 60.387516 164.020889 -109.523369 60.387516 164.151413 -108.397362 60.387516 164.273788 -110.084496 60.387516 161.864380 -101.409088 60.387516 161.864380 -107.402061 60.387516 163.055893 -106.451218 60.387516 163.565323 -101.409088 60.387516 168.998001 -104.975266 60.387516 165.165421 -106.177673 60.387516 164.410950 -105.787338 60.387516 164.915863 -105.286285 60.387516 165.165421 -103.329346 60.387516 167.036377 -104.775826 60.387516 166.222687 -104.328331 60.387516 166.709259 -103.699425 60.387516 167.036377 -103.329346 60.387516 168.080460 -102.993690 60.387516 168.517853 -102.363007 60.387516 168.864655 -101.816780 60.387516 168.998001 -101.297096 60.387516 168.998001 -101.297096 62.356018 168.998001 -101.816780 62.356018 168.998001 -101.297096 60.387516 161.864380 -101.297096 62.356018 161.864380 -102.363007 62.356018 168.864655 -102.993690 62.356018 168.517853 -103.329346 62.356018 168.080460 -103.329346 62.356018 167.036377 -103.699425 62.356018 167.036377 -104.328331 62.356018 166.709259 -104.775826 62.356018 166.222687 -104.975266 62.356018 165.165421 -105.286285 62.356018 165.165421 -105.787338 62.356018 164.915863 -106.177673 62.356018 164.410950 -106.451218 62.356018 163.565323 -107.402061 62.356018 163.055893 -107.724892 62.356018 163.055893 -107.899071 62.356018 163.197906 -107.899071 62.356018 164.020889 -108.397362 62.356018 164.273788 -109.523369 62.356018 164.151413 -110.347366 62.356018 163.540451 -110.561058 62.356018 162.669479 -110.084496 62.356018 161.864380 -44.443813 176.241531 229.856293 -44.710709 36.627357 230.852356 -44.443813 36.627357 229.856293 -44.710709 176.241531 230.852356 -46.510742 176.241531 226.276276 -48.577675 36.627357 225.722443 -48.577675 176.241531 225.722443 -46.510742 36.627357 226.276276 -52.157700 176.241531 231.923233 -52.444637 36.627357 230.852356 -52.157700 36.627357 231.923233 -52.444637 176.241531 230.852356 -50.644604 36.627357 226.276276 -44.997646 36.627357 227.789368 -52.157700 36.627357 227.789368 -52.711533 36.627357 229.856293 -44.997646 36.627357 231.923233 -46.510742 36.627357 233.436325 -50.644604 36.627357 233.436325 -48.577675 36.627357 233.990158 -50.644604 176.241531 233.436325 -50.644604 176.241531 226.276276 -52.711533 176.241531 229.856293 -52.157700 176.241531 227.789368 -44.997646 176.241531 227.789368 -44.997646 176.241531 231.923233 -46.510742 176.241531 233.436325 -48.577675 176.241531 233.990158 -46.609169 59.647041 221.525497 -50.546177 59.647041 222.312897 -50.546177 59.647041 221.525497 -46.609169 59.647041 222.312897 -46.609169 64.371452 222.312897 -50.546177 64.371452 221.525497 -50.546177 64.371452 222.312897 -46.609169 64.371452 221.525497 -46.609169 65.158852 221.525497 -50.546177 65.158852 221.525497 -51.727280 58.859642 220.738083 -50.546177 58.859642 221.525497 -51.727280 58.859642 223.100296 -45.428066 58.859642 220.738083 -46.609169 58.859642 221.525497 -46.609169 58.859642 223.100296 -45.428066 58.859642 223.100296 -50.546177 58.859642 223.100296 -45.428066 65.158852 223.100296 -45.428066 64.371452 220.738083 -45.428066 65.158852 220.738083 -45.842911 64.371452 220.298965 -45.842911 64.744011 220.298965 -45.842911 59.274483 220.298965 -51.312435 64.744011 220.298965 -51.727280 65.158852 220.738083 -46.113068 64.371452 219.758636 -46.113068 64.473854 219.758636 -46.113068 59.544643 219.758636 -46.609169 65.158852 223.100296 -50.546177 65.158852 223.100296 -51.727280 65.158852 223.100296 -51.042278 64.473854 219.758636 -46.215469 59.647041 219.163284 -46.215469 64.371452 219.163284 -51.312435 59.274483 220.298965 -51.042278 59.544643 219.758636 -50.939877 59.647041 219.163284 -50.939877 64.371452 219.163284 -46.609169 59.253342 205.777466 -50.546177 59.253342 204.990051 -46.609169 59.253342 204.990051 -50.546177 59.253342 205.777466 -50.546177 64.765152 205.777466 -46.609169 64.765152 204.990051 -50.546177 64.765152 204.990051 -46.609169 64.765152 205.777466 -46.609169 65.552551 204.990051 -50.546177 65.552551 204.990051 -50.546177 58.465939 206.564865 -51.727280 65.552551 206.564865 -51.727280 58.465939 206.564865 -50.546177 65.552551 206.564865 -46.609169 58.465939 204.990051 -50.546177 58.465939 204.990051 -45.428066 58.465939 206.564865 -46.609169 65.552551 206.564865 -46.609169 58.465939 206.564865 -45.428066 65.552551 206.564865 -51.727280 65.552551 204.202652 -45.842911 65.137711 203.763519 -51.312435 65.137711 203.763519 -45.428066 65.552551 204.202652 -46.113068 64.867554 203.223206 -51.042278 64.867554 203.223206 -46.113068 59.150944 203.223206 -45.842911 64.765152 203.763519 -45.842911 58.880783 203.763519 -46.113068 64.765152 203.223206 -50.939877 59.253342 202.627853 -46.215469 59.253342 202.627853 -51.042278 59.150944 203.223206 -51.312435 58.880783 203.763519 -45.428066 64.765152 204.202652 -45.428066 58.465939 204.202652 -50.939877 64.765152 202.627853 -51.727280 58.465939 204.202652 -46.215469 64.765152 202.627853 -45.428066 43.111610 223.100296 -46.609169 48.623421 223.100296 -46.609169 43.111610 223.100296 -45.428066 48.623421 223.100296 -51.312435 48.208576 220.298965 -51.042278 43.796612 219.758636 -51.312435 43.526451 220.298965 -51.042278 47.938419 219.758636 -45.428066 47.836018 220.738083 -45.428066 43.111610 220.738083 -45.428066 48.623421 220.738083 -50.939877 43.899010 219.163284 -50.939877 47.836018 219.163284 -51.727280 48.623421 220.738083 -51.727280 43.111610 220.738083 -50.546177 43.111610 223.100296 -51.727280 48.623421 223.100296 -51.727280 43.111610 223.100296 -50.546177 48.623421 223.100296 -50.546177 48.623421 221.525497 -46.609169 48.623421 221.525497 -46.609169 43.111610 221.525497 -50.546177 43.111610 221.525497 -46.113068 43.796612 219.758636 -46.215469 43.899010 219.163284 -45.842911 47.836018 220.298965 -45.842911 43.526451 220.298965 -46.113068 47.836018 219.758636 -46.113068 47.938419 219.758636 -45.842911 48.208576 220.298965 -46.215469 47.836018 219.163284 -46.609169 59.647041 213.257767 -50.546177 59.647041 214.045181 -50.546177 59.647041 213.257767 -46.609169 59.647041 214.045181 -46.609169 64.371452 214.045181 -50.546177 64.371452 213.257767 -50.546177 64.371452 214.045181 -46.609169 64.371452 213.257767 -46.609169 65.158852 213.257767 -50.546177 65.158852 213.257767 -51.727280 58.859642 212.470367 -50.546177 58.859642 213.257767 -51.727280 58.859642 214.832581 -45.428066 58.859642 212.470367 -46.609169 58.859642 213.257767 -46.609169 58.859642 214.832581 -45.428066 58.859642 214.832581 -50.546177 58.859642 214.832581 -45.428066 65.158852 214.832581 -45.428066 64.371452 212.470367 -45.428066 65.158852 212.470367 -45.842911 64.371452 212.031235 -45.842911 64.744011 212.031235 -45.842911 59.274483 212.031235 -51.312435 64.744011 212.031235 -51.727280 65.158852 212.470367 -46.113068 64.371452 211.490921 -46.113068 64.473854 211.490921 -46.113068 59.544643 211.490921 -46.609169 65.158852 214.832581 -50.546177 65.158852 214.832581 -51.727280 65.158852 214.832581 -51.042278 64.473854 211.490921 -46.215469 59.647041 210.895569 -46.215469 64.371452 210.895569 -51.312435 59.274483 212.031235 -51.042278 59.544643 211.490921 -50.939877 59.647041 210.895569 -50.939877 64.371452 210.895569 -46.609169 36.627357 226.249893 -48.577675 86.233658 225.722443 -46.609169 86.233658 226.249893 -50.546177 86.233658 226.249893 -50.546177 36.627357 226.249893 -50.546177 36.627357 223.100296 -46.609169 36.627357 223.100296 -46.609169 38.989563 221.787964 -50.546177 37.414761 222.312897 -50.546177 38.989563 221.787964 -46.609169 37.414761 222.312897 -50.546177 41.351768 221.525497 -50.546177 81.509247 221.525497 -50.546177 83.871452 221.787964 -50.546177 85.661499 222.384644 -50.546177 86.233658 223.100296 -46.609169 85.661499 222.384644 -46.609169 83.871452 221.787964 -46.609169 86.233658 223.100296 -46.609169 81.509247 221.525497 -46.609169 41.351768 221.525497 -50.858681 59.728237 202.458771 -50.792240 62.009247 202.694092 -51.803505 62.009247 202.458771 -50.143608 60.443314 202.694092 -51.426823 64.858398 201.801147 -48.577675 66.438377 200.923874 -51.709545 65.141121 200.923874 -48.577675 66.038559 201.801147 -48.577675 59.794682 202.694092 -46.296665 59.728237 202.458771 -47.011738 60.443314 202.694092 -48.577675 58.783413 202.458771 -51.426823 59.160095 201.801147 -48.577675 57.979939 201.801147 -45.351841 62.009247 202.458771 -45.728523 59.160095 201.801147 -44.548363 62.009247 201.801147 -50.143608 63.575184 202.694092 -47.011738 63.575184 202.694092 -48.577675 64.223816 202.694092 -46.363106 62.009247 202.694092 -50.453472 62.827103 202.694092 -45.445801 58.877377 189.875992 -48.577675 57.580112 199.818527 -48.577675 57.580112 189.875992 -48.577675 57.580112 200.923874 -45.445801 58.877377 200.923874 -45.445801 58.877377 199.818527 -51.709545 58.877377 200.923874 -44.148540 62.009247 200.923874 -51.709545 58.877377 199.818527 -53.006805 62.009247 189.875992 -51.709545 58.877377 189.875992 -53.006805 62.009247 199.818527 -53.006805 62.009247 200.923874 -52.606983 62.009247 201.801147 -52.343723 63.610073 200.923874 -52.002453 63.468712 201.801147 -51.316643 63.184639 202.458771 -50.858681 64.290253 202.458771 -48.577675 65.235077 202.458771 -45.445801 65.141121 200.923874 -48.577675 66.438377 189.875992 -45.445801 65.141121 189.875992 -45.445801 65.141121 199.818527 -46.296665 64.290253 202.458771 -45.728523 64.858398 201.801147 -44.148540 62.009247 199.818527 -44.148540 62.009247 189.875992 -51.709545 65.141121 199.818527 -51.709545 65.141121 189.875992 -52.343723 63.610073 189.875992 -50.546177 67.914757 204.990051 -46.609169 67.914757 204.990051 -50.546177 58.859642 209.714462 -48.577675 59.154915 210.384140 -50.546177 59.450191 209.872711 -48.577675 58.784542 210.284897 -48.577675 59.371075 210.600296 -50.546177 59.882507 210.305023 -46.609169 53.741531 210.895569 -48.577675 54.411201 210.600296 -48.577675 54.332081 210.895569 -46.609169 53.899769 210.305023 -46.609169 58.859642 209.714462 -46.609169 59.450191 209.872711 -46.609169 59.882507 210.305023 -46.609169 54.332081 209.872711 -48.577675 54.627357 210.384140 -46.609169 60.040745 210.895569 -48.577675 59.450191 210.895569 -50.546177 53.899769 210.305023 -50.546177 53.741531 210.895569 -50.546177 60.040745 210.895569 -46.609169 49.804523 210.895569 -50.546177 49.804523 210.895569 -50.546177 54.922634 209.714462 -48.577675 54.997730 210.284897 -50.546177 70.118729 210.305023 -48.577675 69.686409 210.895569 -50.546177 70.276962 210.895569 -48.577675 69.607292 210.600296 -46.609169 70.276962 210.895569 -46.609169 70.118729 210.305023 -50.546177 69.686409 209.872711 -48.577675 69.391136 210.384140 -46.609169 63.977753 210.895569 -48.577675 64.647423 210.600296 -48.577675 64.568306 210.895569 -46.609169 64.135986 210.305023 -50.546177 64.135986 210.305023 -50.546177 63.977753 210.895569 -50.546177 54.332081 209.872711 -46.609169 54.922634 209.714462 -50.546177 56.103737 204.990051 -50.546177 53.584049 205.344391 -50.546177 51.694286 206.053055 -50.546177 70.434441 205.344391 -50.546177 72.324211 206.053055 -50.546177 50.434444 207.116043 -50.546177 73.584053 207.116043 -50.546177 49.804523 208.533371 -50.546177 74.213974 208.533371 -50.546177 65.158852 209.714462 -50.546177 64.568306 209.872711 -50.546177 60.434444 210.895569 -50.546177 63.584049 210.895569 -50.546177 69.095863 209.714462 -50.546177 74.213974 210.895569 -46.609169 64.568306 209.872711 -48.577675 64.863579 210.384140 -46.609169 49.804523 208.533371 -46.609169 60.434444 210.895569 -46.609169 56.103737 204.990051 -46.609169 74.213974 210.895569 -46.609169 74.213974 208.533371 -46.609169 73.584053 207.116043 -46.609169 70.434441 205.344391 -46.609169 72.324211 206.053055 -46.609169 53.584049 205.344391 -46.609169 51.694286 206.053055 -46.609169 50.434444 207.116043 -46.609169 69.095863 209.714462 -46.609169 69.686409 209.872711 -46.609169 65.158852 209.714462 -46.609169 63.584049 210.895569 -48.577675 69.020760 210.284897 -48.577675 65.233955 210.284897 -45.428066 75.395073 223.100296 -46.609169 80.906883 223.100296 -46.609169 75.395073 223.100296 -45.428066 80.906883 223.100296 -51.312435 80.492043 220.298965 -51.042278 76.080078 219.758636 -51.312435 75.809914 220.298965 -51.042278 80.221886 219.758636 -45.428066 80.119484 220.738083 -45.428066 75.395073 220.738083 -45.428066 80.906883 220.738083 -50.939877 76.182472 219.163284 -50.939877 80.119484 219.163284 -51.727280 80.906883 220.738083 -51.727280 75.395073 220.738083 -50.546177 75.395073 223.100296 -51.727280 80.906883 223.100296 -51.727280 75.395073 223.100296 -50.546177 80.906883 223.100296 -50.546177 80.906883 221.525497 -46.609169 80.906883 221.525497 -46.609169 75.395073 221.525497 -50.546177 75.395073 221.525497 -46.113068 76.080078 219.758636 -46.215469 76.182472 219.163284 -45.842911 80.119484 220.298965 -45.842911 75.809914 220.298965 -46.113068 80.119484 219.758636 -46.113068 80.221886 219.758636 -45.842911 80.492043 220.298965 -46.215469 80.119484 219.163284 -45.418484 49.017120 214.832581 -46.599586 54.528931 214.832581 -46.599586 49.017120 214.832581 -45.418484 54.528931 214.832581 -51.302853 54.114090 212.031235 -51.032696 49.702126 211.490921 -51.302853 49.431965 212.031235 -51.032696 53.843929 211.490921 -45.418484 53.741531 212.470367 -45.418484 49.017120 212.470367 -45.418484 54.528931 212.470367 -50.930294 49.804523 210.895569 -50.930294 53.741531 210.895569 -51.717697 54.528931 212.470367 -51.717697 49.017120 212.470367 -50.536594 49.017120 214.832581 -51.717697 54.528931 214.832581 -51.717697 49.017120 214.832581 -50.536594 54.528931 214.832581 -50.536594 54.528931 213.257767 -46.599586 54.528931 213.257767 -46.599586 49.017120 213.257767 -50.536594 49.017120 213.257767 -46.103489 49.702126 211.490921 -46.205887 49.804523 210.895569 -45.833328 53.741531 212.031235 -45.833328 49.431965 212.031235 -46.103489 53.741531 211.490921 -46.103489 53.843929 211.490921 -45.833328 54.114090 212.031235 -46.205887 53.741531 210.895569 -45.428066 69.489563 214.832581 -46.609169 75.001373 214.832581 -46.609169 69.489563 214.832581 -45.428066 75.001373 214.832581 -51.312435 74.586533 212.031235 -51.042278 70.174568 211.490921 -51.312435 69.904404 212.031235 -51.042278 74.316368 211.490921 -45.428066 74.213974 212.470367 -45.428066 69.489563 212.470367 -45.428066 75.001373 212.470367 -50.939877 70.276962 210.895569 -50.939877 74.213974 210.895569 -51.727280 75.001373 212.470367 -51.727280 69.489563 212.470367 -50.546177 69.489563 214.832581 -51.727280 75.001373 214.832581 -51.727280 69.489563 214.832581 -50.546177 75.001373 214.832581 -50.546177 75.001373 213.257767 -46.609169 75.001373 213.257767 -46.609169 69.489563 213.257767 -50.546177 69.489563 213.257767 -46.113068 70.174568 211.490921 -46.215469 70.276962 210.895569 -45.842911 74.213974 212.031235 -45.842911 69.904404 212.031235 -46.113068 74.213974 211.490921 -46.113068 74.316368 211.490921 -45.842911 74.586533 212.031235 -46.215469 74.213974 210.895569 -50.546177 75.395073 213.257767 -46.609169 75.395073 213.257767 -50.546177 62.009247 214.045181 -46.609169 62.009247 214.045181 -50.546177 49.017120 217.982178 -48.577675 58.784542 218.552612 -50.546177 58.859642 217.982178 -48.577675 49.092220 218.552612 -48.577675 59.371075 218.868011 -46.609169 59.450191 218.140427 -46.609169 59.882507 218.572739 -48.577675 59.154915 218.651855 -46.609169 60.040745 219.163284 -48.577675 59.450191 219.163284 -50.546177 59.450191 218.140427 -50.546177 59.882507 218.572739 -46.609169 58.859642 217.982178 -50.546177 60.040745 219.163284 -48.577675 48.721844 218.651855 -46.609169 49.017120 217.982178 -46.609169 48.426571 218.140427 -46.609169 47.836018 219.163284 -48.577675 48.505688 218.868011 -48.577675 48.426571 219.163284 -46.609169 47.994255 218.572739 -50.546177 47.994255 218.572739 -50.546177 48.426571 218.140427 -50.546177 47.836018 219.163284 -46.609169 63.977753 219.163284 -48.577675 64.647423 218.868011 -48.577675 64.568306 219.163284 -46.609169 64.135986 218.572739 -46.609169 43.899010 219.163284 -50.546177 43.899010 219.163284 -50.546177 48.623421 213.257767 -50.546177 46.733658 213.612106 -50.546177 45.316334 214.320770 -50.546177 77.284836 213.612106 -50.546177 78.702164 214.320770 -50.546177 44.371452 215.383759 -50.546177 79.647041 215.383759 -50.546177 43.899010 216.801086 -50.546177 80.119484 216.801086 -50.546177 65.158852 217.982178 -50.546177 64.568306 218.140427 -50.546177 64.135986 218.572739 -50.546177 63.977753 219.163284 -50.546177 60.434444 219.163284 -50.546177 63.584049 219.163284 -50.546177 75.001373 217.982178 -50.546177 80.119484 219.163284 -50.546177 75.591927 218.140427 -50.546177 76.024239 218.572739 -50.546177 76.182472 219.163284 -46.609169 63.584049 219.163284 -46.609169 77.284836 213.612106 -46.609169 60.434444 219.163284 -46.609169 78.702164 214.320770 -46.609169 48.623421 213.257767 -46.609169 46.733658 213.612106 -46.609169 45.316334 214.320770 -46.609169 79.647041 215.383759 -46.609169 44.371452 215.383759 -46.609169 80.119484 216.801086 -46.609169 43.899010 216.801086 -46.609169 75.001373 217.982178 -46.609169 80.119484 219.163284 -46.609169 75.591927 218.140427 -46.609169 76.024239 218.572739 -46.609169 76.182472 219.163284 -46.609169 64.568306 218.140427 -46.609169 65.158852 217.982178 -48.577675 75.591927 219.163284 -48.577675 75.512802 218.868011 -48.577675 75.296646 218.651855 -48.577675 74.926277 218.552612 -48.577675 65.233955 218.552612 -48.577675 64.863579 218.651855 108.879021 59.462002 141.976379 108.879021 59.462002 136.070862 108.879021 59.855705 136.070862 108.879021 63.399010 141.976379 108.879021 63.005310 136.070862 108.879021 63.399010 136.070862 107.697914 63.399010 136.070862 107.697914 63.005310 136.070862 107.697914 59.855705 136.070862 98.249100 63.399010 136.070862 99.823898 63.399010 136.070862 99.823898 63.005310 136.070862 98.249100 63.005310 136.070862 107.697914 59.462002 136.070862 98.249100 59.855705 136.070862 99.823898 59.855705 136.070862 99.823898 59.462002 136.070862 98.249100 59.462002 136.070862 4.001067 59.462002 141.976379 4.001067 63.399006 141.976379 108.288467 63.399010 128.590546 108.879021 63.399010 128.590546 108.879021 59.462002 128.590546 108.288467 59.462002 128.590546 108.288467 59.462002 127.803146 108.288467 63.399010 127.803146 108.879021 63.399010 133.708664 108.879021 63.005310 133.708664 108.879021 63.005310 129.771652 108.879021 59.855705 133.708664 108.879021 59.462002 133.708664 108.879021 59.855705 129.771652 113.406578 63.399010 127.803146 113.406578 59.462002 127.803146 113.406578 59.462002 128.590546 113.406578 63.399010 128.590546 119.013969 59.462002 133.708664 120.690041 61.430508 132.977585 119.013969 63.399010 133.708664 108.382919 59.462002 134.304016 108.485321 59.462002 133.708664 108.485321 63.399010 133.708664 108.382919 63.399010 134.304016 112.816025 63.399010 128.590546 112.816025 59.462002 128.590546 107.697914 59.462002 135.283463 107.697914 63.399010 135.283463 108.112762 59.462002 134.844330 108.112762 63.399010 134.844330 101.005005 63.399010 129.771652 101.005005 63.005310 129.771652 101.005005 63.005310 133.708664 101.005005 63.399010 133.708664 118.935234 61.430508 128.590546 116.966728 63.399010 128.590546 99.823898 59.855705 133.708664 101.005005 59.855705 133.708664 101.005005 59.462002 133.708664 99.823898 59.462002 133.708664 112.816025 63.005310 133.708664 112.816025 63.005310 129.771652 116.651772 61.430508 127.803146 114.683266 63.399010 127.803146 99.823898 63.399010 133.708664 99.823898 63.005310 133.708664 112.816025 63.399010 133.708664 112.816025 59.462002 133.708664 112.816025 59.855705 133.708664 116.966728 59.462002 128.590546 112.816025 59.855705 129.771652 101.005005 63.399010 127.803146 101.005005 59.462002 127.803146 101.005005 59.462002 129.771652 114.683266 59.462002 127.803146 4.001067 63.399002 133.708664 4.001067 59.462002 133.708664 -0.455626 63.399002 127.803146 -0.455626 59.461998 127.803146 -0.455626 59.462002 133.708664 -0.455626 63.399002 133.708664 98.249100 63.399010 133.708664 97.067993 63.399010 133.708664 97.067993 63.399010 127.803146 97.067993 63.399010 129.771652 97.067993 59.462002 127.803146 97.067993 59.462002 129.771652 97.067993 59.462002 133.708664 98.249100 59.462002 133.708664 97.067993 63.005310 129.771652 101.005005 59.855705 129.771652 97.067993 59.855705 129.771652 98.249100 63.005310 133.708664 97.067993 63.005310 133.708664 98.249100 59.855705 133.708664 97.067993 59.855705 133.708664 108.879021 63.399010 129.377960 108.879021 64.973816 127.803146 108.879021 64.973816 129.377960 108.879021 63.399010 127.803146 112.816025 64.973816 127.803146 112.816025 64.973816 129.377960 112.816025 57.887199 127.803146 112.816025 59.462002 129.377960 112.816025 57.887199 129.377960 112.816025 63.399010 129.377960 113.997131 63.399010 129.377960 113.997131 64.973816 129.377960 107.697914 63.399010 127.803146 107.697914 63.399010 129.377960 113.997131 59.462002 127.803146 113.997131 63.399010 127.803146 107.697914 64.973816 129.377960 113.997131 57.887199 127.015747 108.112762 58.302044 126.576614 113.582291 58.302044 126.576614 107.697914 57.887199 127.015747 108.382919 58.572201 126.036301 113.312126 58.572201 126.036301 108.382919 64.288811 126.036301 108.112762 58.674603 126.576614 108.112762 64.558968 126.576614 108.382919 58.674603 126.036301 113.209732 64.186409 125.440948 108.485321 64.186409 125.440948 113.312126 64.288811 126.036301 113.582291 64.558968 126.576614 107.697914 58.674603 127.015747 107.697914 64.973816 127.015747 113.209732 58.674603 125.440948 113.997131 57.887199 129.377960 113.997131 59.462002 129.377960 113.997131 64.973816 127.015747 107.697914 59.462002 129.377960 108.879021 57.887199 129.377960 108.879021 59.462002 129.377960 107.697914 57.887199 129.377960 108.879021 59.462002 127.803146 108.879021 57.887199 127.803146 108.485321 58.674603 125.440948 107.697914 59.462002 127.803146 105.335716 55.131294 117.960632 93.566971 55.960979 117.082367 104.506027 55.960979 117.082367 92.737289 55.131294 117.960632 94.107292 56.501301 116.001732 103.965706 56.501301 116.001732 92.737289 67.729721 117.960632 93.566971 66.900032 117.082367 94.107292 66.359711 116.001732 94.312088 56.706097 114.811020 94.312088 66.154915 114.811020 103.760910 66.154915 114.811020 103.965706 66.359711 116.001732 104.506027 66.900032 117.082367 105.335716 67.729721 117.960632 103.760910 56.706097 114.811020 105.335716 63.399010 122.685036 97.067993 63.399010 119.535431 105.335716 63.399010 119.535431 97.067993 63.399010 121.110237 97.067993 63.399010 122.685036 92.737289 59.462002 122.685036 105.335716 59.462002 119.535431 92.737289 59.462002 119.535431 105.335716 59.462002 122.685036 92.737289 63.399010 119.535431 92.737289 63.399010 122.685036 92.737289 67.729721 122.685036 105.335716 67.729721 122.685036 104.506027 66.154915 117.082367 103.965706 66.154915 116.001732 105.335716 66.154915 117.960632 105.335716 55.131294 122.685036 92.737289 55.131294 122.685036 95.886894 74.422630 129.377960 97.067993 68.910820 129.377960 97.067993 74.422630 129.377960 95.886894 68.910820 129.377960 101.771263 69.325668 126.576614 101.501106 73.737633 126.036301 101.771263 74.007790 126.576614 101.501106 69.595825 126.036301 95.886894 69.698227 127.015747 95.886894 74.422630 127.015747 95.886894 68.910820 127.015747 101.398705 73.635231 125.440948 101.398705 69.698227 125.440948 102.186104 68.910820 127.015747 102.186104 74.422630 127.015747 101.005005 74.422630 129.377960 102.186104 68.910820 129.377960 102.186104 74.422630 129.377960 101.005005 68.910820 129.377960 101.005005 68.910820 127.803146 97.067993 68.910820 127.803146 97.067993 74.422630 127.803146 101.005005 74.422630 127.803146 96.571899 73.737633 126.036301 96.674294 73.635231 125.440948 96.301735 69.698227 126.576614 96.301735 74.007790 126.576614 96.571899 69.698227 126.036301 96.571899 69.595825 126.036301 96.301735 69.325668 126.576614 96.674294 69.698227 125.440948 101.005005 63.399010 119.535431 102.973511 59.462002 119.535431 106.910515 63.399010 119.535431 106.910515 59.462002 119.535431 102.973511 63.399010 119.535431 107.697914 63.005310 127.803146 102.186104 59.855705 127.803146 107.697914 59.855705 127.803146 102.186104 63.005310 127.803146 102.186104 59.462002 127.803146 102.186104 63.399010 127.803146 95.886894 59.462002 127.803146 95.886894 59.855705 127.803146 95.886894 63.399010 127.803146 95.886894 63.005310 127.803146 90.375084 59.855705 127.803146 90.375084 63.005310 127.803146 113.209732 59.462002 125.440948 113.209732 63.399010 123.078743 113.209732 63.399010 125.440948 113.209732 59.462002 123.078743 89.587685 59.855705 125.440948 89.690079 63.005310 126.036301 89.587685 63.005310 125.440948 89.690079 59.855705 126.036301 90.375084 59.855705 127.015747 90.375084 63.005310 127.015747 85.493195 59.462002 121.661415 84.863274 63.399010 123.078743 85.493195 63.399010 121.661415 84.863274 59.462002 123.078743 101.398705 63.005310 125.440948 101.556946 63.399010 124.850395 101.398705 63.399010 125.440948 101.556946 63.005310 124.850395 84.863274 59.462002 125.440948 89.587685 59.462002 125.440948 89.587685 63.399010 125.440948 84.863274 63.399010 125.440948 89.960243 59.855705 126.576614 89.960243 63.005310 126.576614 86.753036 59.462002 120.598427 88.642799 63.399010 119.889763 88.642799 59.462002 119.889763 86.753036 63.399010 120.598427 91.162483 63.399010 119.535431 91.162483 59.462002 119.535431 95.099495 63.399010 119.535431 95.099495 59.462002 119.535431 101.989258 63.399010 124.418083 101.989258 63.005310 124.418083 101.771263 63.005310 126.576614 101.501106 63.399010 126.036301 101.771263 63.399010 126.576614 101.501106 63.005310 126.036301 90.768784 63.399010 124.259842 90.178230 63.399010 124.418083 89.745918 63.399010 124.850395 96.083748 63.399010 124.418083 96.516060 63.399010 124.850395 96.674294 63.399010 125.440948 95.493195 63.399010 124.259842 96.571899 63.399010 126.036301 96.301735 63.399010 126.576614 95.886894 63.399010 127.015747 102.186104 63.005310 127.015747 102.186104 63.399010 127.015747 107.304214 59.462002 124.259842 107.894768 59.462002 124.418083 108.327080 59.462002 124.850395 108.485321 59.462002 125.440948 109.430199 59.462002 119.889763 101.005005 59.462002 119.535431 101.989258 59.462002 124.418083 101.556946 59.462002 124.850395 101.398705 59.462002 125.440948 111.319962 59.462002 120.598427 102.579811 59.462002 124.259842 112.579811 59.462002 121.661415 101.501106 59.462002 126.036301 101.771263 59.462002 126.576614 102.186104 59.462002 127.015747 97.067993 59.462002 119.535431 96.674294 59.462002 125.440948 96.516060 59.462002 124.850395 96.083748 59.462002 124.418083 95.493195 59.462002 124.259842 96.571899 59.462002 126.036301 96.301735 59.462002 126.576614 95.886894 59.462002 127.015747 90.768784 59.462002 124.259842 90.178230 59.462002 124.418083 89.745918 59.462002 124.850395 96.516060 59.855705 124.850395 96.674294 59.855705 125.440948 96.083748 59.855705 124.418083 95.493195 59.855705 124.259842 90.768784 59.855705 124.259842 90.178230 59.855705 124.418083 89.745918 59.855705 124.850395 96.571899 59.855705 126.036301 96.301735 59.855705 126.576614 95.886894 59.855705 127.015747 101.989258 59.855705 124.418083 101.556946 59.855705 124.850395 102.579811 59.855705 124.259842 107.894768 59.855705 124.418083 107.304214 59.855705 124.259842 108.327080 59.855705 124.850395 108.485321 59.855705 125.440948 101.398705 59.855705 125.440948 108.382919 59.855705 126.036301 101.501106 59.855705 126.036301 108.112762 59.855705 126.576614 101.771263 59.855705 126.576614 107.697914 59.855705 127.015747 102.186104 59.855705 127.015747 108.327080 63.005310 124.850395 108.485321 63.399010 125.440948 108.327080 63.399010 124.850395 108.485321 63.005310 125.440948 107.894768 63.005310 124.418083 107.894768 63.399010 124.418083 107.304214 63.399010 124.259842 107.304214 63.005310 124.259842 102.579811 63.005310 124.259842 108.382919 63.005310 126.036301 108.112762 63.005310 126.576614 107.697914 63.005310 127.015747 102.579811 63.399010 124.259842 112.579811 63.399010 121.661415 90.178230 63.005310 124.418083 89.745918 63.005310 124.850395 111.319962 63.399010 120.598427 109.430199 63.399010 119.889763 95.493195 63.005310 124.259842 90.768784 63.005310 124.259842 96.083748 63.005310 124.418083 96.516060 63.005310 124.850395 96.674294 63.005310 125.440948 96.571899 63.005310 126.036301 96.301735 63.005310 126.576614 95.886894 63.005310 127.015747 99.823898 68.910820 127.015747 98.249100 68.910820 127.015747 98.249100 68.910820 127.803146 99.823898 68.910820 127.803146 99.823898 63.005310 127.803146 99.823898 63.005310 125.440948 99.823898 69.698227 125.440948 99.823898 69.325668 126.576614 99.823898 69.595825 126.036301 98.249100 69.698227 125.440948 98.249100 63.005310 125.440948 98.249100 63.005310 127.803146 98.249100 69.325668 126.576614 98.249100 69.595825 126.036301 97.461700 63.557247 124.850395 97.067993 63.399010 125.440948 97.461700 63.399010 125.440948 97.067993 63.557247 124.850395 97.461700 68.517120 124.259842 97.067993 69.107674 124.418083 97.067993 68.517120 124.259842 97.461700 69.107674 124.418083 97.461700 63.989563 124.418083 97.067993 64.580116 124.259842 97.067993 63.989563 124.418083 97.461700 64.580116 124.259842 97.461700 69.698227 125.440948 97.067993 69.539986 124.850395 97.461700 69.539986 124.850395 97.067993 69.698227 125.440948 101.005005 59.855705 125.440948 100.611305 59.462002 125.440948 101.005005 59.462002 125.440948 97.067993 59.855705 125.440948 101.005005 53.162792 125.440948 97.461700 53.162792 125.440948 101.005005 49.225784 125.440948 100.611305 53.162792 125.440948 97.461700 59.462002 125.440948 97.067993 59.462002 125.440948 97.067993 53.162792 125.440948 97.067993 49.225784 125.440948 97.067993 73.635231 123.078743 101.005005 73.635231 125.440948 101.005005 73.635231 123.078743 97.067993 73.635231 125.440948 101.005005 68.517120 124.259842 101.005005 69.107674 124.418083 101.005005 69.539986 124.850395 101.005005 69.698227 125.440948 101.005005 70.328148 119.889763 101.005005 54.737595 119.535431 101.005005 68.123421 119.535431 101.005005 52.532867 119.889763 101.005005 71.981689 120.598427 101.005005 50.879326 120.598427 101.005005 73.084053 121.661415 101.005005 63.005310 121.503937 101.005005 63.989563 124.418083 101.005005 63.557247 124.850395 101.005005 63.005310 125.440948 101.005005 64.580116 124.259842 101.005005 63.399010 125.440948 101.005005 59.855705 121.503937 101.005005 49.776962 121.661415 101.005005 58.871452 124.418083 101.005005 59.303764 124.850395 101.005005 58.280899 124.259842 101.005005 49.225784 123.078743 101.005005 54.343891 124.259842 101.005005 53.753342 124.418083 101.005005 53.321030 124.850395 97.067993 49.225784 123.078743 97.067993 68.123421 119.535431 97.067993 54.737595 119.535431 100.611305 53.321030 124.850395 100.611305 63.399010 125.440948 100.611305 63.557247 124.850395 97.067993 63.005310 121.503937 97.067993 59.855705 121.503937 97.461700 58.871452 124.418083 97.067993 58.280899 124.259842 97.461700 58.280899 124.259842 97.067993 58.871452 124.418083 100.611305 53.753342 124.418083 100.611305 58.871452 124.418083 100.611305 54.343891 124.259842 100.611305 58.280899 124.259842 100.611305 59.303764 124.850395 97.067993 73.084053 121.661415 97.067993 53.753342 124.418083 97.461700 53.321030 124.850395 97.461700 53.753342 124.418083 97.067993 53.321030 124.850395 97.067993 54.343891 124.259842 97.461700 54.343891 124.259842 97.067993 70.328148 119.889763 100.611305 63.989563 124.418083 97.067993 63.005310 125.440948 97.067993 71.981689 120.598427 97.067993 59.303764 124.850395 97.461700 59.303764 124.850395 100.611305 69.107674 124.418083 100.611305 68.517120 124.259842 100.611305 69.539986 124.850395 100.611305 64.580116 124.259842 100.611305 69.698227 125.440948 97.067993 50.879326 120.598427 97.067993 49.776962 121.661415 97.067993 52.532867 119.889763 99.823898 53.950191 127.015747 98.249100 53.950191 127.803146 98.249100 53.950191 127.015747 99.823898 53.950191 127.803146 99.823898 59.855705 125.440948 99.823898 59.855705 127.803146 99.823898 53.162792 125.440948 99.823898 53.535347 126.576614 99.823898 53.265190 126.036301 98.249100 53.162792 125.440948 98.249100 59.855705 127.803146 98.249100 59.855705 125.440948 98.249100 53.535347 126.576614 98.249100 53.265190 126.036301 90.375084 57.887199 129.377960 84.075867 59.462002 129.377960 84.075867 57.887199 129.377960 85.256973 59.462002 129.377960 90.375084 59.462002 129.377960 89.193977 59.462002 128.590546 85.256973 59.462002 128.590546 90.375084 59.462002 127.803146 89.193977 59.462002 127.803146 84.666420 59.462002 127.803146 84.075867 63.399010 127.803146 84.075867 59.462002 127.803146 84.666420 63.399010 127.803146 84.075867 64.973816 127.015747 89.960243 64.558968 126.576614 84.490715 64.558968 126.576614 90.375084 64.973816 127.015747 89.690079 64.288811 126.036301 84.760872 64.288811 126.036301 89.690079 58.572201 126.036301 89.960243 64.186409 126.576614 89.960243 58.302044 126.576614 89.690079 64.186409 126.036301 84.863274 58.674603 125.440948 89.587685 58.674603 125.440948 84.760872 58.572201 126.036301 84.490715 58.302044 126.576614 90.375084 64.186409 127.015747 90.375084 57.887199 127.015747 84.863274 64.186409 125.440948 84.075867 64.973816 129.377960 84.075867 63.399010 129.377960 84.075867 57.887199 127.015747 90.375084 63.399010 129.377960 89.193977 64.973816 129.377960 89.193977 63.399010 129.377960 90.375084 64.973816 129.377960 89.587685 64.186409 125.440948 90.375084 63.399010 127.803146 89.193977 63.399010 127.803146 84.666420 59.462002 128.590546 84.666420 63.399010 128.590546 89.193977 63.399010 128.590546 97.067993 176.241531 151.677048 101.005005 42.532867 150.244095 101.005005 176.241531 150.244095 97.067993 42.532867 151.677048 97.067993 42.532867 144.338577 101.005005 42.532867 144.338577 97.067993 176.241531 144.338577 101.005005 176.241531 144.338577 95.886894 80.328148 137.645676 97.067993 74.816330 137.645676 97.067993 80.328148 137.645676 95.886894 74.816330 137.645676 101.771263 75.231178 134.844330 101.501106 79.643143 134.304016 101.771263 79.913300 134.844330 101.501106 75.501335 134.304016 95.886894 75.603737 135.283463 95.886894 80.328148 135.283463 95.886894 74.816330 135.283463 101.398705 79.540741 133.708664 101.398705 75.603737 133.708664 102.186104 74.816330 135.283463 102.186104 80.328148 135.283463 101.005005 80.328148 137.645676 102.186104 74.816330 137.645676 102.186104 80.328148 137.645676 101.005005 74.816330 137.645676 101.005005 74.816330 136.070862 97.067993 74.816330 136.070862 97.067993 80.328148 136.070862 101.005005 80.328148 136.070862 96.571899 79.643143 134.304016 96.674294 79.540741 133.708664 96.301735 75.603737 134.844330 96.301735 79.913300 134.844330 96.571899 75.603737 134.304016 96.571899 75.501335 134.304016 96.301735 75.231178 134.844330 96.674294 75.603737 133.708664 108.879021 176.241531 147.881897 112.816025 46.469875 147.881897 112.816025 176.241531 147.881897 108.879021 46.469875 147.881897 109.272720 60.839954 141.976379 109.666420 62.070271 141.976379 109.666420 60.839954 141.976379 109.272720 62.021057 141.976379 109.272720 63.399010 141.976379 109.272720 59.462002 141.976379 109.272720 63.399010 136.070862 109.272720 62.021057 136.070862 109.666420 62.070271 136.070862 109.272720 60.839954 136.070862 109.666420 60.839954 136.070862 109.272720 59.462002 136.070862 108.879021 46.469875 136.070862 112.816025 46.469875 136.070862 108.879021 176.241531 136.070862 112.816025 176.241531 136.070862 101.005005 176.241531 141.976379 99.823898 42.532867 141.976379 101.005005 42.532867 141.976379 99.823898 176.241531 141.976379 99.823898 42.532867 144.338577 99.823898 176.241531 144.338577 98.249100 42.532867 141.976379 98.249100 176.241531 144.338577 98.249100 176.241531 141.976379 98.249100 42.532867 144.338577 97.067993 42.532867 136.070862 101.005005 42.532867 136.070862 97.067993 42.532867 141.976379 101.005005 176.241531 136.070862 97.067993 176.241531 136.070862 97.067993 176.241531 141.976379 108.879021 57.887199 136.070862 108.879021 59.462002 136.858261 108.879021 57.887199 137.645676 108.879021 64.973816 136.070862 108.879021 63.399010 136.858261 108.879021 63.399010 137.645676 108.879021 64.973816 137.645676 108.879021 59.462002 137.645676 107.697914 59.462002 137.645676 107.697914 57.887199 137.645676 108.288467 59.462002 136.070862 108.288467 63.399010 136.070862 107.697914 64.973816 135.283463 113.582291 64.558968 134.844330 108.112762 64.558968 134.844330 113.997131 64.973816 135.283463 113.312126 64.288811 134.304016 108.382919 64.288811 134.304016 113.312126 58.572201 134.304016 113.582291 64.186409 134.844330 113.582291 58.302044 134.844330 113.312126 64.186409 134.304016 108.485321 58.674603 133.708664 113.209732 58.674603 133.708664 108.382919 58.572201 134.304016 108.112762 58.302044 134.844330 113.997131 64.186409 135.283463 113.997131 57.887199 135.283463 108.485321 64.186409 133.708664 107.697914 64.973816 137.645676 107.697914 63.399010 137.645676 107.697914 57.887199 135.283463 113.997131 57.887199 137.645676 112.816025 64.973816 137.645676 112.816025 57.887199 137.645676 113.997131 64.973816 137.645676 112.816025 57.887199 136.070862 112.816025 64.973816 136.070862 113.209732 64.186409 133.708664 108.288467 59.462002 136.858261 108.288467 63.399010 136.858261 107.697914 76.391136 137.645676 108.879021 70.879326 137.645676 108.879021 76.391136 137.645676 107.697914 70.879326 137.645676 113.582291 71.294167 134.844330 113.312126 75.706131 134.304016 113.582291 75.976295 134.844330 113.312126 71.564331 134.304016 107.697914 71.666725 135.283463 107.697914 76.391136 135.283463 107.697914 70.879326 135.283463 113.209732 75.603737 133.708664 113.209732 71.666725 133.708664 113.997131 70.879326 135.283463 113.997131 76.391136 135.283463 112.816025 76.391136 137.645676 113.997131 70.879326 137.645676 113.997131 76.391136 137.645676 112.816025 70.879326 137.645676 112.816025 70.879326 136.070862 108.879021 70.879326 136.070862 108.879021 76.391136 136.070862 112.816025 76.391136 136.070862 108.382919 75.706131 134.304016 108.485321 75.603737 133.708664 108.112762 71.666725 134.844330 108.112762 75.976295 134.844330 108.382919 71.666725 134.304016 108.382919 71.564331 134.304016 108.112762 71.294167 134.844330 108.485321 71.666725 133.708664 107.697914 51.981689 137.645676 108.879021 46.469875 137.645676 108.879021 51.981689 137.645676 107.697914 46.469875 137.645676 113.582291 46.884720 134.844330 113.312126 51.296684 134.304016 113.582291 51.566845 134.844330 113.312126 47.154881 134.304016 107.697914 47.257278 135.283463 107.697914 51.981689 135.283463 107.697914 46.469875 135.283463 113.209732 51.194286 133.708664 113.209732 47.257278 133.708664 113.997131 46.469875 135.283463 113.997131 51.981689 135.283463 112.816025 51.981689 137.645676 113.997131 46.469875 137.645676 113.997131 51.981689 137.645676 112.816025 46.469875 137.645676 108.879021 51.981689 136.070862 112.816025 51.981689 136.070862 108.382919 51.296684 134.304016 108.485321 51.194286 133.708664 108.112762 47.257278 134.844330 108.112762 51.566845 134.844330 108.382919 47.257278 134.304016 108.382919 47.154881 134.304016 108.112762 46.884720 134.844330 108.485321 47.257278 133.708664 95.886894 48.044682 137.645676 97.067993 42.532867 137.645676 97.067993 48.044682 137.645676 95.886894 42.532867 137.645676 101.771263 42.947712 134.844330 101.501106 47.359676 134.304016 101.771263 47.629837 134.844330 101.501106 43.217873 134.304016 95.886894 43.320271 135.283463 95.886894 48.044682 135.283463 95.886894 42.532867 135.283463 101.398705 47.257278 133.708664 101.398705 43.320271 133.708664 102.186104 42.532867 135.283463 102.186104 48.044682 135.283463 101.005005 48.044682 137.645676 102.186104 42.532867 137.645676 102.186104 48.044682 137.645676 101.005005 42.532867 137.645676 97.067993 48.044682 136.070862 101.005005 48.044682 136.070862 96.571899 47.359676 134.304016 96.674294 47.257278 133.708664 96.301735 43.320271 134.844330 96.301735 47.629837 134.844330 96.571899 43.320271 134.304016 96.571899 43.217873 134.304016 96.301735 42.947712 134.844330 96.674294 43.320271 133.708664 95.886894 53.950191 129.377960 97.067993 48.438381 129.377960 97.067993 53.950191 129.377960 95.886894 48.438381 129.377960 101.771263 48.853226 126.576614 101.501106 53.265190 126.036301 101.771263 53.535347 126.576614 101.501106 49.123383 126.036301 95.886894 49.225784 127.015747 95.886894 53.950191 127.015747 95.886894 48.438381 127.015747 101.398705 53.162792 125.440948 101.398705 49.225784 125.440948 102.186104 48.438381 127.015747 102.186104 53.950191 127.015747 101.005005 53.950191 129.377960 102.186104 48.438381 129.377960 102.186104 53.950191 129.377960 101.005005 48.438381 129.377960 101.005005 48.438381 127.803146 97.067993 48.438381 127.803146 97.067993 53.950191 127.803146 101.005005 53.950191 127.803146 96.571899 53.265190 126.036301 96.674294 53.162792 125.440948 96.301735 49.225784 126.576614 96.301735 53.535347 126.576614 96.571899 49.225784 126.036301 96.571899 49.123383 126.036301 96.301735 48.853226 126.576614 96.674294 49.225784 125.440948 99.823898 74.816330 135.283463 98.249100 74.816338 135.283463 98.249100 74.816338 136.070862 99.823898 74.816330 136.070862 99.823898 75.603737 133.708664 99.823898 75.231178 134.844330 99.823898 75.501335 134.304016 98.249100 75.603737 133.708664 98.249100 75.231178 134.844330 98.249100 75.501335 134.304016 99.823898 48.044682 135.283463 98.249100 48.044682 136.070862 98.249100 48.044682 135.283463 99.823898 48.044682 136.070862 99.823898 47.257278 133.708664 99.823898 47.629837 134.844330 99.823898 47.359676 134.304016 98.249100 47.257278 133.708664 98.249100 47.629837 134.844330 98.249100 47.359676 134.304016 100.611305 75.603737 133.708664 101.005005 75.445496 133.118103 101.005005 75.603737 133.708664 100.611305 75.445496 133.118103 100.611305 75.013184 132.685791 101.005005 75.013184 132.685791 101.005005 64.580116 132.527557 100.611305 74.422630 132.527557 100.611305 64.580116 132.527557 101.005005 74.422630 132.527557 100.611305 59.462002 133.708664 101.005005 47.257278 133.708664 97.461700 47.257278 133.708664 101.005005 43.320271 133.708664 100.611305 47.257278 133.708664 97.461700 59.462002 133.708664 97.067993 47.257278 133.708664 97.067993 43.320271 133.708664 101.005005 79.540741 133.708664 101.005005 79.540741 131.346451 101.005005 76.706100 128.157486 101.005005 48.044682 127.803146 101.005005 74.816338 127.803146 101.005005 46.154915 128.157486 101.005005 78.123421 128.866135 101.005005 44.737595 128.866135 101.005005 79.068306 129.929138 101.005005 63.989563 132.685791 101.005005 63.557247 133.118103 101.005005 43.792713 129.929138 101.005005 58.280899 132.527557 101.005005 58.871452 132.685791 101.005005 59.303764 133.118103 101.005005 43.320271 131.346451 101.005005 48.438381 132.527557 101.005005 47.847832 132.685791 101.005005 47.415516 133.118103 97.067993 48.044682 127.803146 97.067993 46.154915 128.157486 97.067993 48.438381 132.527557 97.067993 43.320271 131.346451 97.067993 47.847828 132.685791 97.067993 47.415516 133.118103 97.067993 74.816330 127.803146 97.067993 76.706100 128.157486 97.067993 44.737595 128.866135 97.067993 78.123421 128.866135 97.067993 43.792713 129.929138 97.067993 58.280899 132.527557 97.067993 58.871452 132.685791 97.067993 59.303764 133.118103 97.067993 79.068306 129.929138 97.067993 64.580116 132.527557 97.067993 63.989563 132.685791 97.067993 63.557247 133.118103 97.067993 79.540741 131.346451 97.067993 74.422630 132.527557 97.067993 79.540741 133.708664 97.067993 75.013184 132.685791 97.067993 75.445496 133.118103 97.067993 75.603737 133.708664 97.461700 63.399010 133.708664 100.611305 63.399010 133.708664 97.461700 75.603737 133.708664 100.611305 58.280899 132.527557 100.611305 58.871452 132.685791 100.611305 59.303764 133.118103 97.461700 47.847828 132.685791 97.461700 58.280899 132.527557 97.461700 48.438381 132.527557 97.461700 58.871452 132.685791 97.461700 47.415516 133.118103 97.461700 59.303764 133.118103 100.611305 48.438381 132.527557 97.461700 75.445496 133.118103 97.461700 75.013184 132.685791 97.461700 63.989563 132.685791 97.461700 74.422630 132.527557 97.461700 64.580116 132.527557 97.461700 63.557247 133.118103 100.611305 63.557247 133.118103 100.611305 63.989563 132.685791 100.611305 47.847832 132.685791 100.611305 47.415516 133.118103 112.816025 47.257278 133.708664 108.879021 51.194286 133.708664 108.879021 47.257278 133.708664 112.816025 51.194286 133.708664 110.847527 51.784836 133.708664 112.816025 63.557247 133.118103 110.847527 63.989563 133.708664 110.847527 64.068680 133.413391 110.847527 64.655212 133.097992 108.879021 70.485626 132.527557 108.879021 64.580116 132.527557 110.847527 70.410530 133.097992 112.816025 71.666725 133.708664 110.847527 70.997055 133.413391 112.816025 71.508492 133.118103 110.847527 71.076180 133.708664 112.816025 51.784836 132.685791 110.847527 51.863956 133.413391 112.816025 51.352524 133.118103 110.847527 52.080112 133.197235 110.847527 64.284836 133.197235 108.879021 63.989563 132.685791 112.816025 70.485626 132.527557 112.816025 64.580116 132.527557 108.879021 51.352524 133.118103 110.847527 58.792332 133.413391 112.816025 58.871452 132.685791 112.816025 59.303764 133.118103 110.847527 58.576176 133.197235 108.879021 55.131294 127.803146 112.816025 52.506622 128.039368 108.879021 52.506622 128.039368 112.816025 55.131294 127.803146 110.847527 58.871452 133.708664 108.879021 59.303764 133.118103 108.879021 75.603737 131.346451 112.816025 75.603737 133.708664 112.816025 75.603737 131.346451 108.879021 75.603737 133.708664 108.879021 63.557247 133.118103 112.816025 52.375389 132.527557 110.847527 52.450489 133.097992 112.816025 71.076180 132.685791 110.847527 70.780899 133.197235 108.879021 70.354393 128.039368 112.816025 67.729721 127.803146 108.879021 67.729721 127.803146 112.816025 70.354393 128.039368 108.879021 58.280899 132.527557 110.847527 58.205803 133.097992 108.879021 58.871452 132.685791 112.816025 58.280899 132.527557 112.816025 63.989563 132.685791 108.879021 71.666725 133.708664 112.816025 75.078804 130.165359 108.879021 75.078804 130.165359 108.879021 72.454132 128.511810 112.816025 72.454132 128.511810 108.879021 74.028931 129.220474 112.816025 74.028931 129.220474 108.879021 71.076180 132.685791 108.879021 71.508492 133.118103 108.879021 52.375389 132.527557 108.879021 51.784836 132.685791 108.879021 47.257278 131.346451 108.879021 50.406883 128.511810 108.879021 48.832081 129.220474 108.879021 47.782211 130.165359 112.816025 47.257278 131.346451 112.816025 47.782211 130.165359 112.816025 48.832081 129.220474 112.816025 50.406883 128.511810 -2.014681 59.462002 133.708664 -12.508677 63.399006 133.708664 -12.508677 59.462002 133.708664 -2.014681 63.399002 133.708664 -133.852814 59.462002 133.708664 -146.987122 63.399006 133.708664 -146.987122 59.462002 133.708664 -133.852814 63.399006 133.708664 -146.987122 59.462002 141.976379 -146.987122 63.399006 141.976379 -133.852814 63.399006 127.803146 -133.852814 59.462002 127.803146 -195.404449 63.399010 136.070862 -194.223343 63.399010 133.708664 -195.404449 63.399010 133.708664 -206.034363 63.399010 136.070862 -196.979248 63.399010 136.070862 -204.853256 63.399010 136.070862 -194.223343 63.399010 127.803146 -194.223343 63.399010 129.771652 -206.034363 63.399010 141.976379 -12.508677 63.399006 127.803146 2.442012 59.461998 127.803146 -12.508677 59.462002 127.803146 2.442012 63.399002 127.803146 -206.034363 59.462002 141.976379 2.442012 59.462002 133.708664 -206.034363 59.855705 136.070862 -206.034363 59.462002 136.070862 -206.034363 63.005310 136.070862 -204.853256 63.005310 136.070862 -204.853256 59.855705 136.070862 -196.979248 63.005310 136.070862 -195.404449 63.005310 136.070862 -204.853256 59.462002 136.070862 -195.404449 59.855705 136.070862 -196.979248 59.462002 136.070862 -196.979248 59.855705 136.070862 -195.404449 59.462002 136.070862 -205.443817 63.399010 128.590546 -206.034363 59.462002 128.590546 -206.034363 63.399010 128.590546 -205.443817 59.462002 128.590546 -205.443817 59.462002 127.803146 -205.443817 63.399010 127.803146 -206.034363 63.399010 133.708664 -206.034363 63.005310 129.771652 -206.034363 63.005310 133.708664 -206.034363 59.855705 133.708664 -206.034363 59.462002 133.708664 -206.034363 59.855705 129.771652 -210.561920 63.399010 127.803146 -210.561920 59.462002 128.590546 -210.561920 59.462002 127.803146 -210.561920 63.399010 128.590546 -216.169327 59.462002 133.708664 -216.169327 63.399010 133.708664 -217.845383 61.430508 132.977585 -205.538269 59.462002 134.304016 -205.640671 63.399010 133.708664 -205.640671 59.462002 133.708664 -205.538269 63.399010 134.304016 -209.971375 63.399010 128.590546 -209.971375 59.462002 128.590546 -204.853256 59.462002 135.283463 -204.853256 63.399010 135.283463 -205.268112 63.399010 134.844330 -205.268112 59.462002 134.844330 -198.160355 63.399010 129.771652 -198.160355 63.005310 133.708664 -198.160355 63.005310 129.771652 -198.160355 63.399010 133.708664 -216.090576 61.430508 128.590546 -214.122070 63.399010 128.590546 -196.979248 59.855705 133.708664 -198.160355 59.462002 133.708664 -198.160355 59.855705 133.708664 -196.979248 59.462002 133.708664 -209.971375 63.005310 133.708664 -209.971375 63.005310 129.771652 -213.807114 61.430508 127.803146 -211.838608 63.399010 127.803146 -196.979248 63.399010 133.708664 -196.979248 63.005310 133.708664 -209.971375 63.399010 133.708664 -209.971375 59.462002 133.708664 -209.971375 59.855705 133.708664 -214.122070 59.462002 128.590546 -209.971375 59.855705 129.771652 -198.160355 63.399010 127.803146 -198.160355 59.462002 127.803146 -198.160355 59.462002 129.771652 -211.838608 59.462002 127.803146 2.442012 63.399002 133.708664 -194.223343 59.462002 127.803146 -194.223343 59.462002 129.771652 -194.223343 59.462002 133.708664 -195.404449 59.462002 133.708664 -194.223343 63.005310 129.771652 -198.160355 59.855705 129.771652 -194.223343 59.855705 129.771652 -195.404449 63.005310 133.708664 -194.223343 63.005310 133.708664 -195.404449 59.855705 133.708664 -194.223343 59.855705 133.708664 -206.034363 63.399010 129.377960 -206.034363 64.973816 129.377960 -206.034363 64.973816 127.803146 -206.034363 63.399010 127.803146 -209.971375 64.973816 127.803146 -209.971375 64.973816 129.377960 -209.971375 57.887199 127.803146 -209.971375 59.462002 129.377960 -209.971375 57.887199 129.377960 -209.971375 63.399010 129.377960 -211.152481 64.973816 129.377960 -211.152481 63.399010 129.377960 -204.853256 63.399010 127.803146 -204.853256 63.399010 129.377960 -211.152481 63.399010 127.803146 -211.152481 59.462002 127.803146 -204.853256 64.973816 129.377960 -211.152481 57.887199 127.015747 -210.737640 58.302044 126.576614 -205.268112 58.302044 126.576614 -204.853256 57.887199 127.015747 -210.467468 58.572201 126.036301 -205.538269 58.572201 126.036301 -205.538269 64.288811 126.036301 -205.268112 64.558968 126.576614 -205.268112 58.674603 126.576614 -205.538269 58.674603 126.036301 -205.640671 64.186409 125.440948 -210.365082 64.186409 125.440948 -210.467468 64.288811 126.036301 -210.737640 64.558968 126.576614 -204.853256 64.973816 127.015747 -204.853256 58.674603 127.015747 -210.365082 58.674603 125.440948 -211.152481 57.887199 129.377960 -211.152481 59.462002 129.377960 -211.152481 64.973816 127.015747 -204.853256 59.462002 129.377960 -206.034363 59.462002 129.377960 -206.034363 57.887199 129.377960 -204.853256 57.887199 129.377960 -206.034363 59.462002 127.803146 -206.034363 57.887199 127.803146 -205.640671 58.674603 125.440948 -204.853256 59.462002 127.803146 -202.491058 55.131294 117.960632 -201.661377 55.960979 117.082367 -190.722321 55.960979 117.082367 -189.892639 55.131294 117.960632 -201.121048 56.501301 116.001732 -191.262634 56.501301 116.001732 -189.892639 67.729721 117.960632 -190.722321 66.900032 117.082367 -191.262634 66.359711 116.001732 -191.467438 56.706097 114.811020 -191.467438 66.154915 114.811020 -200.916260 66.154915 114.811020 -201.121048 66.359711 116.001732 -201.661377 66.900032 117.082367 -202.491058 67.729721 117.960632 -200.916260 56.706097 114.811020 -202.491058 63.399010 122.685036 -202.491058 63.399010 119.535431 -194.223343 63.399010 119.535431 -194.223343 63.399010 121.110237 -194.223343 63.399010 122.685036 -189.892639 59.462002 122.685036 -189.892639 59.462002 119.535431 -202.491058 59.462002 119.535431 -202.491058 59.462002 122.685036 -189.892639 63.399010 119.535431 -189.892639 63.399010 122.685036 -189.892639 67.729721 122.685036 -202.491058 67.729721 122.685036 -201.661377 66.154915 117.082367 -201.121048 66.154915 116.001732 -202.491058 66.154915 117.960632 -202.491058 55.131294 122.685036 -189.892639 55.131294 122.685036 -193.042236 74.422630 129.377960 -194.223343 74.422630 129.377960 -194.223343 68.910820 129.377960 -193.042236 68.910820 129.377960 -198.926605 69.325668 126.576614 -198.926605 74.007790 126.576614 -198.656448 73.737633 126.036301 -198.656448 69.595825 126.036301 -193.042236 69.698227 127.015747 -193.042236 74.422630 127.015747 -193.042236 68.910820 127.015747 -198.554047 73.635231 125.440948 -198.554047 69.698227 125.440948 -199.341446 68.910820 127.015747 -199.341446 74.422630 127.015747 -198.160355 74.422630 129.377960 -199.341446 74.422630 129.377960 -199.341446 68.910820 129.377960 -198.160355 68.910820 129.377960 -198.160355 68.910820 127.803146 -194.223343 68.910820 127.803146 -194.223343 74.422630 127.803146 -198.160355 74.422630 127.803146 -193.727249 73.737633 126.036301 -193.829636 73.635231 125.440948 -193.457077 74.007790 126.576614 -193.457077 69.698227 126.576614 -193.727249 69.698227 126.036301 -193.727249 69.595825 126.036301 -193.457077 69.325668 126.576614 -193.829636 69.698227 125.440948 -198.160355 63.399010 119.535431 -200.128860 59.462002 119.535431 -204.065857 59.462002 119.535431 -204.065857 63.399010 119.535431 -200.128860 63.399010 119.535431 -204.853256 63.005310 127.803146 -204.853256 59.855705 127.803146 -199.341446 59.855705 127.803146 -199.341446 63.005310 127.803146 -199.341446 59.462002 127.803146 -199.341446 63.399010 127.803146 -193.042236 59.462002 127.803146 -193.042236 59.855705 127.803146 -193.042236 63.399010 127.803146 -193.042236 63.005310 127.803146 -187.530426 59.855705 127.803146 -187.530426 63.005310 127.803146 -210.365082 59.462002 125.440948 -210.365082 63.399010 125.440948 -210.365082 63.399010 123.078743 -210.365082 59.462002 123.078743 -186.743027 59.855705 125.440948 -186.743027 63.005310 125.440948 -186.845428 63.005310 126.036301 -186.845428 59.855705 126.036301 -187.530426 59.855705 127.015747 -187.530426 63.005310 127.015747 -182.648544 59.462002 121.661415 -182.648544 63.399010 121.661415 -182.018616 63.399010 123.078743 -182.018616 59.462002 123.078743 -198.554047 63.005310 125.440948 -198.554047 63.399010 125.440948 -198.712296 63.399010 124.850395 -198.712296 63.005310 124.850395 -186.743027 59.462002 125.440948 -182.018616 59.462002 125.440948 -186.743027 63.399010 125.440948 -182.018616 63.399010 125.440948 -187.115585 63.005310 126.576614 -187.115585 59.855705 126.576614 -183.908386 59.462002 120.598427 -185.798141 59.462002 119.889763 -185.798141 63.399010 119.889763 -183.908386 63.399010 120.598427 -188.317825 59.462002 119.535431 -188.317825 63.399010 119.535431 -192.254837 59.462002 119.535431 -192.254837 63.399010 119.535431 -199.144608 63.399010 124.418083 -199.144608 63.005310 124.418083 -198.926605 63.005310 126.576614 -198.926605 63.399010 126.576614 -198.656448 63.399010 126.036301 -198.656448 63.005310 126.036301 -187.924133 63.399010 124.259842 -187.333572 63.399010 124.418083 -186.901260 63.399010 124.850395 -193.239090 63.399010 124.418083 -193.671402 63.399010 124.850395 -193.829636 63.399010 125.440948 -192.648544 63.399010 124.259842 -193.727249 63.399010 126.036301 -193.457077 63.399010 126.576614 -193.042236 63.399010 127.015747 -199.341446 63.399010 127.015747 -199.341446 63.005310 127.015747 -204.459564 59.462002 124.259842 -205.050110 59.462002 124.418083 -205.482422 59.462002 124.850395 -205.640671 59.462002 125.440948 -206.585541 59.462002 119.889763 -198.160355 59.462002 119.535431 -199.144608 59.462002 124.418083 -198.712296 59.462002 124.850395 -198.554047 59.462002 125.440948 -208.475311 59.462002 120.598427 -199.735153 59.462002 124.259842 -209.735153 59.462002 121.661415 -198.656448 59.462002 126.036301 -198.926605 59.462002 126.576614 -199.341446 59.462002 127.015747 -194.223343 59.462002 119.535431 -193.829636 59.462002 125.440948 -193.671402 59.462002 124.850395 -193.239090 59.462002 124.418083 -192.648544 59.462002 124.259842 -193.727249 59.462002 126.036301 -193.457077 59.462002 126.576614 -193.042236 59.462002 127.015747 -187.924133 59.462002 124.259842 -187.333572 59.462002 124.418083 -186.901260 59.462002 124.850395 -193.671402 59.855705 124.850395 -193.829636 59.855705 125.440948 -193.239090 59.855705 124.418083 -192.648544 59.855705 124.259842 -187.924133 59.855705 124.259842 -187.333572 59.855705 124.418083 -186.901260 59.855705 124.850395 -193.727249 59.855705 126.036301 -193.457077 59.855705 126.576614 -193.042236 59.855705 127.015747 -198.712296 59.855705 124.850395 -199.144608 59.855705 124.418083 -199.735153 59.855705 124.259842 -205.050110 59.855705 124.418083 -204.459564 59.855705 124.259842 -205.482422 59.855705 124.850395 -205.640671 59.855705 125.440948 -198.554047 59.855705 125.440948 -205.538269 59.855705 126.036301 -198.656448 59.855705 126.036301 -205.268112 59.855705 126.576614 -198.926605 59.855705 126.576614 -204.853256 59.855705 127.015747 -199.341446 59.855705 127.015747 -205.482422 63.005310 124.850395 -205.482422 63.399010 124.850395 -205.640671 63.399010 125.440948 -205.640671 63.005310 125.440948 -205.050110 63.005310 124.418083 -205.050110 63.399010 124.418083 -204.459564 63.399010 124.259842 -204.459564 63.005310 124.259842 -199.735153 63.005310 124.259842 -205.538269 63.005310 126.036301 -205.268112 63.005310 126.576614 -204.853256 63.005310 127.015747 -199.735153 63.399010 124.259842 -209.735153 63.399010 121.661415 -187.333572 63.005310 124.418083 -186.901260 63.005310 124.850395 -208.475311 63.399010 120.598427 -206.585541 63.399010 119.889763 -187.924133 63.005310 124.259842 -192.648544 63.005310 124.259842 -193.239090 63.005310 124.418083 -193.671402 63.005310 124.850395 -193.829636 63.005310 125.440948 -193.727249 63.005310 126.036301 -193.457077 63.005310 126.576614 -193.042236 63.005310 127.015747 -196.979248 68.910820 127.015747 -195.404449 68.910820 127.803146 -195.404449 68.910820 127.015747 -196.979248 68.910820 127.803146 -196.979248 63.005310 125.440948 -196.979248 63.005310 127.803146 -196.979248 69.698227 125.440948 -196.979248 69.325668 126.576614 -196.979248 69.595825 126.036301 -195.404449 69.698227 125.440948 -195.404449 63.005310 127.803146 -195.404449 63.005310 125.440948 -195.404449 69.325668 126.576614 -195.404449 69.595825 126.036301 -194.617050 63.557247 124.850395 -194.617050 63.399010 125.440948 -194.223343 63.399010 125.440948 -194.223343 63.557247 124.850395 -194.617050 68.517120 124.259842 -194.223343 68.517120 124.259842 -194.223343 69.107674 124.418083 -194.617050 69.107674 124.418083 -194.617050 63.989563 124.418083 -194.223343 63.989563 124.418083 -194.223343 64.580116 124.259842 -194.617050 64.580116 124.259842 -194.617050 69.698227 125.440948 -194.617050 69.539986 124.850395 -194.223343 69.539986 124.850395 -194.223343 69.698227 125.440948 -198.160355 59.855705 125.440948 -198.160355 59.462002 125.440948 -197.766647 59.462002 125.440948 -194.223343 59.855705 125.440948 -198.160355 53.162792 125.440948 -198.160355 49.225784 125.440948 -194.617050 53.162792 125.440948 -197.766647 53.162792 125.440948 -194.617050 59.462002 125.440948 -194.223343 59.462002 125.440948 -194.223343 49.225784 125.440948 -194.223343 53.162792 125.440948 -194.223343 73.635231 123.078743 -198.160355 73.635231 123.078743 -198.160355 73.635231 125.440948 -194.223343 73.635231 125.440948 -198.160355 68.517120 124.259842 -198.160355 69.107674 124.418083 -198.160355 69.539986 124.850395 -198.160355 69.698227 125.440948 -198.160355 70.328148 119.889763 -198.160355 68.123421 119.535431 -198.160355 54.737595 119.535431 -198.160355 52.532867 119.889763 -198.160355 71.981689 120.598427 -198.160355 50.879326 120.598427 -198.160355 73.084053 121.661415 -198.160355 63.005310 121.503937 -198.160355 63.989563 124.418083 -198.160355 63.557247 124.850395 -198.160355 63.005310 125.440948 -198.160355 64.580116 124.259842 -198.160355 63.399010 125.440948 -198.160355 49.776962 121.661415 -198.160355 59.855705 121.503937 -198.160355 58.871452 124.418083 -198.160355 59.303764 124.850395 -198.160355 58.280899 124.259842 -198.160355 49.225784 123.078743 -198.160355 54.343891 124.259842 -198.160355 53.753342 124.418083 -198.160355 53.321030 124.850395 -194.223343 49.225784 123.078743 -194.223343 68.123421 119.535431 -194.223343 54.737595 119.535431 -197.766647 53.321030 124.850395 -197.766647 63.399010 125.440948 -197.766647 63.557247 124.850395 -194.223343 59.855705 121.503937 -194.223343 63.005310 121.503937 -194.617050 58.871452 124.418083 -194.617050 58.280899 124.259842 -194.223343 58.280899 124.259842 -194.223343 58.871452 124.418083 -197.766647 53.753342 124.418083 -197.766647 58.871452 124.418083 -197.766647 58.280899 124.259842 -197.766647 54.343891 124.259842 -197.766647 59.303764 124.850395 -194.223343 73.084053 121.661415 -194.223343 53.753342 124.418083 -194.617050 53.753342 124.418083 -194.617050 53.321030 124.850395 -194.223343 53.321030 124.850395 -194.617050 54.343891 124.259842 -194.223343 54.343891 124.259842 -194.223343 70.328148 119.889763 -197.766647 63.989563 124.418083 -194.223343 63.005310 125.440948 -194.223343 71.981689 120.598427 -194.223343 59.303764 124.850395 -194.617050 59.303764 124.850395 -197.766647 68.517120 124.259842 -197.766647 69.107674 124.418083 -197.766647 69.539986 124.850395 -197.766647 64.580116 124.259842 -197.766647 69.698227 125.440948 -194.223343 50.879326 120.598427 -194.223343 49.776962 121.661415 -194.223343 52.532867 119.889763 -196.979248 53.950191 127.015747 -195.404449 53.950191 127.015747 -195.404449 53.950191 127.803146 -196.979248 53.950191 127.803146 -196.979248 59.855705 127.803146 -196.979248 59.855705 125.440948 -196.979248 53.162792 125.440948 -196.979248 53.535347 126.576614 -196.979248 53.265190 126.036301 -195.404449 53.162792 125.440948 -195.404449 59.855705 125.440948 -195.404449 59.855705 127.803146 -195.404449 53.535347 126.576614 -195.404449 53.265190 126.036301 -187.530426 57.887199 129.377960 -181.231216 57.887199 129.377960 -181.231216 59.462002 129.377960 -182.412323 59.462002 129.377960 -187.530426 59.462002 129.377960 -182.412323 59.462002 128.590546 -186.349319 59.462002 128.590546 -186.349319 59.462002 127.803146 -187.530426 59.462002 127.803146 -181.821762 59.462002 127.803146 -181.231216 59.462002 127.803146 -181.231216 63.399010 127.803146 -181.821762 63.399010 127.803146 -181.231216 64.973816 127.015747 -181.646057 64.558968 126.576614 -187.115585 64.558968 126.576614 -187.530426 64.973816 127.015747 -181.916214 64.288811 126.036301 -186.845428 64.288811 126.036301 -186.845428 58.572201 126.036301 -187.115585 58.302044 126.576614 -187.115585 64.186409 126.576614 -186.845428 64.186409 126.036301 -186.743027 58.674603 125.440948 -182.018616 58.674603 125.440948 -181.916214 58.572201 126.036301 -181.646057 58.302044 126.576614 -187.530426 57.887199 127.015747 -187.530426 64.186409 127.015747 -182.018616 64.186409 125.440948 -181.231216 64.973816 129.377960 -181.231216 63.399010 129.377960 -181.231216 57.887199 127.015747 -187.530426 63.399010 129.377960 -186.349319 63.399010 129.377960 -186.349319 64.973816 129.377960 -187.530426 64.973816 129.377960 -186.743027 64.186409 125.440948 -186.349319 63.399010 127.803146 -187.530426 63.399010 127.803146 -181.821762 59.462002 128.590546 -181.821762 63.399010 128.590546 -186.349319 63.399010 128.590546 -194.223343 176.241531 151.677048 -198.160355 176.241531 150.244095 -198.160355 42.532867 150.244095 -194.223343 42.532867 151.677048 -198.160355 42.532867 144.338577 -194.223343 42.532867 144.338577 -198.160355 176.241531 144.338577 -194.223343 176.241531 144.338577 -193.042236 80.328148 137.645676 -194.223343 80.328148 137.645676 -194.223343 74.816330 137.645676 -193.042236 74.816330 137.645676 -198.926605 75.231178 134.844330 -198.926605 79.913300 134.844330 -198.656448 79.643143 134.304016 -198.656448 75.501335 134.304016 -193.042236 75.603737 135.283463 -193.042236 80.328148 135.283463 -193.042236 74.816330 135.283463 -198.554047 79.540741 133.708664 -198.554047 75.603737 133.708664 -199.341446 74.816330 135.283463 -199.341446 80.328148 135.283463 -198.160355 80.328148 137.645676 -199.341446 80.328148 137.645676 -199.341446 74.816330 137.645676 -198.160355 74.816330 137.645676 -198.160355 74.816330 136.070862 -194.223343 74.816330 136.070862 -194.223343 80.328148 136.070862 -198.160355 80.328148 136.070862 -193.727249 79.643143 134.304016 -193.829636 79.540741 133.708664 -193.457077 79.913300 134.844330 -193.457077 75.603737 134.844330 -193.727249 75.603737 134.304016 -193.727249 75.501335 134.304016 -193.457077 75.231178 134.844330 -193.829636 75.603737 133.708664 -206.034363 176.241531 147.881897 -209.971375 176.241531 147.881897 -209.971375 46.469875 147.881897 -206.034363 46.469875 147.881897 -206.428070 60.839954 141.976379 -206.821762 60.839954 141.976379 -206.821762 62.070271 141.976379 -206.428070 62.021057 141.976379 -206.428070 63.399010 141.976379 -206.428070 59.462002 141.976379 -206.428070 63.399010 136.070862 -206.428070 62.021057 136.070862 -206.821762 62.070271 136.070862 -206.428070 60.839954 136.070862 -206.821762 60.839954 136.070862 -206.428070 59.462002 136.070862 -209.971375 46.469875 136.070862 -206.034363 46.469875 136.070862 -206.034363 176.241531 136.070862 -209.971375 176.241531 136.070862 -198.160355 176.241531 141.976379 -198.160355 42.532867 141.976379 -196.979248 42.532867 141.976379 -196.979248 176.241531 141.976379 -196.979248 42.532867 144.338577 -196.979248 176.241531 144.338577 -195.404449 42.532867 141.976379 -195.404449 176.241531 141.976379 -195.404449 176.241531 144.338577 -195.404449 42.532867 144.338577 -198.160355 42.532867 136.070862 -194.223343 42.532867 136.070862 -194.223343 42.532867 141.976379 -198.160355 176.241531 136.070862 -194.223343 176.241531 136.070862 -194.223343 176.241531 141.976379 -206.034363 57.887199 136.070862 -206.034363 57.887199 137.645676 -206.034363 59.462002 136.858261 -206.034363 64.973816 136.070862 -206.034363 63.399010 136.858261 -206.034363 63.399010 137.645676 -206.034363 64.973816 137.645676 -206.034363 59.462002 137.645676 -204.853256 57.887199 137.645676 -204.853256 59.462002 137.645676 -205.443817 59.462002 136.070862 -205.443817 63.399010 136.070862 -204.853256 64.973816 135.283463 -205.268112 64.558968 134.844330 -210.737640 64.558968 134.844330 -211.152481 64.973816 135.283463 -205.538269 64.288811 134.304016 -210.467468 64.288811 134.304016 -210.467468 58.572201 134.304016 -210.737640 58.302044 134.844330 -210.737640 64.186409 134.844330 -210.467468 64.186409 134.304016 -210.365082 58.674603 133.708664 -205.640671 58.674603 133.708664 -205.538269 58.572201 134.304016 -205.268112 58.302044 134.844330 -211.152481 57.887199 135.283463 -211.152481 64.186409 135.283463 -205.640671 64.186409 133.708664 -204.853256 64.973816 137.645676 -204.853256 63.399010 137.645676 -204.853256 57.887199 135.283463 -211.152481 57.887199 137.645676 -209.971375 57.887199 137.645676 -209.971375 64.973816 137.645676 -211.152481 64.973816 137.645676 -209.971375 57.887199 136.070862 -209.971375 64.973816 136.070862 -210.365082 64.186409 133.708664 -205.443817 59.462002 136.858261 -205.443817 63.399010 136.858261 -204.853256 76.391136 137.645676 -206.034363 76.391136 137.645676 -206.034363 70.879326 137.645676 -204.853256 70.879326 137.645676 -210.737640 71.294167 134.844330 -210.737640 75.976295 134.844330 -210.467468 75.706131 134.304016 -210.467468 71.564331 134.304016 -204.853256 71.666725 135.283463 -204.853256 76.391136 135.283463 -204.853256 70.879326 135.283463 -210.365082 75.603737 133.708664 -210.365082 71.666725 133.708664 -211.152481 70.879326 135.283463 -211.152481 76.391136 135.283463 -209.971375 76.391136 137.645676 -211.152481 76.391136 137.645676 -211.152481 70.879326 137.645676 -209.971375 70.879326 137.645676 -209.971375 70.879326 136.070862 -206.034363 70.879326 136.070862 -206.034363 76.391136 136.070862 -209.971375 76.391136 136.070862 -205.538269 75.706131 134.304016 -205.640671 75.603737 133.708664 -205.268112 75.976295 134.844330 -205.268112 71.666725 134.844330 -205.538269 71.666725 134.304016 -205.538269 71.564331 134.304016 -205.268112 71.294167 134.844330 -205.640671 71.666725 133.708664 -204.853256 51.981689 137.645676 -206.034363 51.981689 137.645676 -206.034363 46.469875 137.645676 -204.853256 46.469875 137.645676 -210.737640 46.884720 134.844330 -210.737640 51.566845 134.844330 -210.467468 51.296684 134.304016 -210.467468 47.154881 134.304016 -204.853256 47.257278 135.283463 -204.853256 51.981689 135.283463 -204.853256 46.469875 135.283463 -210.365082 51.194286 133.708664 -210.365082 47.257278 133.708664 -211.152481 46.469875 135.283463 -211.152481 51.981689 135.283463 -209.971375 51.981689 137.645676 -211.152481 51.981689 137.645676 -211.152481 46.469875 137.645676 -209.971375 46.469875 137.645676 -206.034363 51.981689 136.070862 -209.971375 51.981689 136.070862 -205.538269 51.296684 134.304016 -205.640671 51.194286 133.708664 -205.268112 51.566845 134.844330 -205.268112 47.257278 134.844330 -205.538269 47.257278 134.304016 -205.538269 47.154881 134.304016 -205.268112 46.884720 134.844330 -205.640671 47.257278 133.708664 -193.042236 48.044682 137.645676 -194.223343 48.044682 137.645676 -194.223343 42.532867 137.645676 -193.042236 42.532867 137.645676 -198.926605 42.947712 134.844330 -198.926605 47.629837 134.844330 -198.656448 47.359676 134.304016 -198.656448 43.217873 134.304016 -193.042236 43.320271 135.283463 -193.042236 48.044682 135.283463 -193.042236 42.532867 135.283463 -198.554047 47.257278 133.708664 -198.554047 43.320271 133.708664 -199.341446 42.532867 135.283463 -199.341446 48.044682 135.283463 -198.160355 48.044682 137.645676 -199.341446 48.044682 137.645676 -199.341446 42.532867 137.645676 -198.160355 42.532867 137.645676 -194.223343 48.044682 136.070862 -198.160355 48.044682 136.070862 -193.727249 47.359676 134.304016 -193.829636 47.257278 133.708664 -193.457077 47.629837 134.844330 -193.457077 43.320271 134.844330 -193.727249 43.320271 134.304016 -193.727249 43.217873 134.304016 -193.457077 42.947712 134.844330 -193.829636 43.320271 133.708664 -193.042236 53.950191 129.377960 -194.223343 53.950191 129.377960 -194.223343 48.438381 129.377960 -193.042236 48.438381 129.377960 -198.926605 48.853226 126.576614 -198.926605 53.535347 126.576614 -198.656448 53.265190 126.036301 -198.656448 49.123383 126.036301 -193.042236 49.225784 127.015747 -193.042236 53.950191 127.015747 -193.042236 48.438381 127.015747 -198.554047 53.162792 125.440948 -198.554047 49.225784 125.440948 -199.341446 48.438381 127.015747 -199.341446 53.950191 127.015747 -198.160355 53.950191 129.377960 -199.341446 53.950191 129.377960 -199.341446 48.438381 129.377960 -198.160355 48.438381 129.377960 -198.160355 48.438381 127.803146 -194.223343 48.438381 127.803146 -194.223343 53.950191 127.803146 -198.160355 53.950191 127.803146 -193.727249 53.265190 126.036301 -193.829636 53.162792 125.440948 -193.457077 53.535347 126.576614 -193.457077 49.225784 126.576614 -193.727249 49.225784 126.036301 -193.727249 49.123383 126.036301 -193.457077 48.853226 126.576614 -193.829636 49.225784 125.440948 -196.979248 74.816330 135.283463 -195.404449 74.816338 136.070862 -195.404449 74.816338 135.283463 -196.979248 74.816330 136.070862 -196.979248 75.603737 133.708664 -196.979248 75.231178 134.844330 -196.979248 75.501335 134.304016 -195.404449 75.603737 133.708664 -195.404449 75.231178 134.844330 -195.404449 75.501335 134.304016 -196.979248 48.044682 135.283463 -195.404449 48.044682 135.283463 -195.404449 48.044682 136.070862 -196.979248 48.044682 136.070862 -196.979248 47.257278 133.708664 -196.979248 47.629837 134.844330 -196.979248 47.359676 134.304016 -195.404449 47.257278 133.708664 -195.404449 47.629837 134.844330 -195.404449 47.359676 134.304016 -197.766647 75.603737 133.708664 -198.160355 75.603737 133.708664 -198.160355 75.445496 133.118103 -197.766647 75.445496 133.118103 -198.160355 75.013184 132.685791 -197.766647 75.013184 132.685791 -198.160355 64.580116 132.527557 -197.766647 64.580116 132.527557 -197.766647 74.422630 132.527557 -198.160355 74.422630 132.527557 -197.766647 59.462002 133.708664 -198.160355 47.257278 133.708664 -198.160355 43.320271 133.708664 -194.617050 47.257278 133.708664 -197.766647 47.257278 133.708664 -194.617050 59.462002 133.708664 -194.223343 43.320271 133.708664 -194.223343 47.257278 133.708664 -198.160355 79.540741 133.708664 -198.160355 79.540741 131.346451 -198.160355 76.706100 128.157486 -198.160355 74.816338 127.803146 -198.160355 48.044682 127.803146 -198.160355 46.154915 128.157486 -198.160355 78.123421 128.866135 -198.160355 44.737595 128.866135 -198.160355 79.068306 129.929138 -198.160355 63.989563 132.685791 -198.160355 63.557247 133.118103 -198.160355 43.792713 129.929138 -198.160355 58.280899 132.527557 -198.160355 58.871452 132.685791 -198.160355 59.303764 133.118103 -198.160355 43.320271 131.346451 -198.160355 48.438381 132.527557 -198.160355 47.847832 132.685791 -198.160355 47.415516 133.118103 -194.223343 48.044682 127.803146 -194.223343 46.154915 128.157486 -194.223343 43.320271 131.346451 -194.223343 48.438381 132.527557 -194.223343 47.847828 132.685791 -194.223343 47.415516 133.118103 -194.223343 74.816330 127.803146 -194.223343 76.706100 128.157486 -194.223343 44.737595 128.866135 -194.223343 78.123421 128.866135 -194.223343 43.792713 129.929138 -194.223343 58.280899 132.527557 -194.223343 58.871452 132.685791 -194.223343 59.303764 133.118103 -194.223343 79.068306 129.929138 -194.223343 64.580116 132.527557 -194.223343 63.989563 132.685791 -194.223343 63.557247 133.118103 -194.223343 79.540741 131.346451 -194.223343 79.540741 133.708664 -194.223343 74.422630 132.527557 -194.223343 75.013184 132.685791 -194.223343 75.445496 133.118103 -194.223343 75.603737 133.708664 -194.617050 63.399010 133.708664 -197.766647 63.399010 133.708664 -194.617050 75.603737 133.708664 -197.766647 58.280899 132.527557 -197.766647 58.871452 132.685791 -197.766647 59.303764 133.118103 -194.617050 47.847828 132.685791 -194.617050 48.438381 132.527557 -194.617050 58.280899 132.527557 -194.617050 58.871452 132.685791 -194.617050 47.415516 133.118103 -194.617050 59.303764 133.118103 -197.766647 48.438381 132.527557 -194.617050 75.445496 133.118103 -194.617050 75.013184 132.685791 -194.617050 63.989563 132.685791 -194.617050 64.580116 132.527557 -194.617050 74.422630 132.527557 -194.617050 63.557247 133.118103 -197.766647 63.557247 133.118103 -197.766647 63.989563 132.685791 -197.766647 47.847832 132.685791 -197.766647 47.415516 133.118103 -209.971375 47.257278 133.708664 -206.034363 47.257278 133.708664 -206.034363 51.194286 133.708664 -209.971375 51.194286 133.708664 -208.002869 51.784836 133.708664 -209.971375 63.557247 133.118103 -208.002869 63.989563 133.708664 -208.002869 64.068680 133.413391 -208.002869 64.655212 133.097992 -206.034363 64.580116 132.527557 -206.034363 70.485626 132.527557 -208.002869 70.410530 133.097992 -209.971375 71.666725 133.708664 -209.971375 71.508492 133.118103 -208.002869 70.997055 133.413391 -208.002869 71.076180 133.708664 -209.971375 51.784836 132.685791 -209.971375 51.352524 133.118103 -208.002869 51.863956 133.413391 -208.002869 52.080112 133.197235 -208.002869 64.284836 133.197235 -206.034363 63.989563 132.685791 -209.971375 70.485626 132.527557 -209.971375 64.580116 132.527557 -206.034363 51.352524 133.118103 -208.002869 58.792332 133.413391 -209.971375 59.303764 133.118103 -209.971375 58.871452 132.685791 -208.002869 58.576176 133.197235 -206.034363 55.131294 127.803146 -206.034363 52.506622 128.039368 -209.971375 52.506622 128.039368 -209.971375 55.131294 127.803146 -208.002869 58.871452 133.708664 -206.034363 59.303764 133.118103 -206.034363 75.603737 131.346451 -209.971375 75.603737 131.346451 -209.971375 75.603737 133.708664 -206.034363 75.603737 133.708664 -206.034363 63.557247 133.118103 -209.971375 52.375389 132.527557 -208.002869 52.450489 133.097992 -209.971375 71.076180 132.685791 -208.002869 70.780899 133.197235 -206.034363 70.354393 128.039368 -206.034363 67.729721 127.803146 -209.971375 67.729721 127.803146 -209.971375 70.354393 128.039368 -208.002869 58.205803 133.097992 -206.034363 58.280899 132.527557 -206.034363 58.871452 132.685791 -209.971375 58.280899 132.527557 -209.971375 63.989563 132.685791 -206.034363 71.666725 133.708664 -209.971375 75.078804 130.165359 -206.034363 75.078804 130.165359 -206.034363 72.454132 128.511810 -209.971375 72.454132 128.511810 -206.034363 74.028931 129.220474 -209.971375 74.028931 129.220474 -206.034363 71.076180 132.685791 -206.034363 71.508492 133.118103 -206.034363 51.784836 132.685791 -206.034363 52.375389 132.527557 -206.034363 47.257278 131.346451 -206.034363 50.406883 128.511810 -206.034363 48.832081 129.220474 -206.034363 47.782211 130.165359 -209.971375 47.257278 131.346451 -209.971375 47.782211 130.165359 -209.971375 48.832081 129.220474 -209.971375 50.406883 128.511810 -199.782394 25.237593 103.000000 -200.176102 25.237593 112.842522 -200.176102 25.237593 104.924957 -199.782394 25.237593 114.811020 -192.695786 25.237593 103.000000 -192.695786 25.237593 114.811020 -192.302078 25.237593 104.924957 -192.302078 25.237593 112.842522 -192.302078 33.550648 104.924957 -192.695786 34.019554 103.000000 -192.302078 42.252480 103.000000 -192.302078 42.252480 104.924957 -192.695786 34.019554 114.811020 -192.302078 34.019554 112.842522 -192.302078 42.252480 114.811020 -192.302078 42.252480 112.842522 -199.782394 34.019554 114.811020 -200.176102 34.019554 104.924957 -200.176102 42.252480 103.000000 -199.782394 34.019554 103.000000 -200.176102 42.252480 114.811020 -200.176102 34.019554 112.842522 -200.176102 42.252480 112.842522 -200.176102 42.252480 104.924957 -198.994995 53.591061 103.000000 -198.207596 54.850903 114.811020 -198.207596 54.850903 103.000000 -198.994995 53.591061 114.811020 -199.585541 51.071377 114.811020 -199.585541 51.071377 103.000000 -199.979248 47.291847 114.811020 -199.979248 47.291847 103.000000 -192.498932 47.291847 114.811020 -192.498932 47.291847 103.000000 -192.892639 51.071377 114.811020 -192.892639 51.071377 103.000000 -193.483185 53.591061 114.811020 -193.483185 53.591061 103.000000 -194.270584 54.850903 114.811020 -194.270584 54.850903 103.000000 -194.270584 61.217873 114.811020 -198.207596 61.217873 114.811020 -194.270584 61.217873 103.000000 -198.207596 61.217873 103.000000 -202.193558 71.743942 -2.152840 -199.321350 72.933647 -2.639107 -202.193558 71.743942 -2.639107 -199.321350 72.933647 -2.152840 -196.239090 72.037117 -1.293600 -193.366608 72.150734 -2.152840 -196.239090 72.528900 -2.152840 -193.493896 71.675705 -1.293600 -196.239090 73.339432 -2.152840 -193.156830 72.933647 -2.639107 -196.239090 73.339432 -2.639107 -193.156830 72.933647 -2.152840 -186.627594 66.979706 -2.152840 -188.739090 68.930511 -1.293600 -187.053497 66.733810 -1.293600 -188.391342 69.278259 -2.152840 -207.742233 64.512764 -2.639107 -207.742233 58.348251 -2.639107 -208.148026 61.430508 -2.639107 -206.552521 55.476044 -2.639107 -206.552521 67.384972 -2.639107 -204.659973 53.009624 -2.639107 -204.659973 69.851395 -2.639107 -202.193558 51.117073 -2.639107 -199.321350 49.927364 -2.639107 -196.239090 49.521580 -2.639107 -193.156830 49.927364 -2.639107 -190.284622 51.117073 -2.639107 -190.284622 71.743942 -2.639107 -187.818207 53.009624 -2.639107 -187.818207 69.851395 -2.639107 -185.925659 55.476044 -2.639107 -185.925659 67.384972 -2.639107 -184.735947 58.348251 -2.639107 -184.735947 64.512764 -2.639107 -184.330154 61.430508 -2.639107 -201.542389 70.616096 -1.293600 -199.111572 72.150734 -2.152840 -201.788284 71.042000 -2.152840 -198.984283 71.675705 -1.293600 -200.813324 69.353325 0.000000 -198.813354 71.037804 -0.564470 -201.212189 70.044174 -0.564470 -198.606888 70.267258 0.000000 -205.387573 61.430508 0.000000 -205.846390 64.004776 -0.564470 -206.185303 61.430508 -0.564470 -205.075836 63.798309 0.000000 -207.742233 64.512764 -2.152840 -208.148026 61.430508 -2.152840 -206.484283 64.175697 -1.293600 -207.337479 61.430508 -2.152840 -206.845703 61.430508 -1.293600 -206.959320 64.302986 -2.152840 -203.739090 68.930511 -1.293600 -205.850586 66.979706 -2.152840 -205.424683 66.733810 -1.293600 -204.086838 69.278259 -2.152840 -204.659973 69.851395 -2.152840 -206.552521 67.384972 -2.152840 -204.852753 66.403610 -0.564470 -203.272125 68.463539 -0.564470 -204.161911 66.004745 0.000000 -202.708038 67.899460 0.000000 -193.664825 71.037804 -0.564470 -190.935791 70.616096 -1.293600 -191.265991 70.044174 -0.564470 -187.625427 66.403610 -0.564470 -189.206055 68.463539 -0.564470 -188.316269 66.004745 0.000000 -189.770142 67.899460 0.000000 -191.664856 69.353325 0.000000 -193.871292 70.267258 0.000000 -185.925659 67.384972 -2.152840 -187.818207 69.851395 -2.152840 -190.689896 71.042000 -2.152840 -187.402344 63.798309 0.000000 -186.631790 64.004776 -0.564470 -184.735947 64.512764 -2.152840 -185.993896 64.175697 -1.293600 -190.284622 71.743942 -2.152840 -185.518860 64.302986 -2.152840 -205.075836 59.062706 0.000000 -204.161911 56.856266 0.000000 -204.695404 61.430508 0.000000 -204.407272 59.241852 0.000000 -203.562485 57.202347 0.000000 -202.708038 54.961555 0.000000 -202.218613 55.450985 0.000000 -200.813324 53.507690 0.000000 -200.467255 54.107121 0.000000 -198.606888 52.593754 0.000000 -198.427750 53.262329 0.000000 -196.239090 52.282028 0.000000 -196.239090 52.974190 0.000000 -193.871292 52.593754 0.000000 -194.050430 53.262329 0.000000 -192.010925 54.107121 0.000000 -191.664856 53.507690 0.000000 -190.259567 55.450985 0.000000 -189.770142 54.961555 0.000000 -188.915710 57.202347 0.000000 -188.316269 56.856266 0.000000 -188.070908 59.241852 0.000000 -187.402344 59.062706 0.000000 -187.782776 61.430508 0.000000 -204.407272 63.619164 0.000000 -203.562485 65.658669 0.000000 -202.218613 67.410027 0.000000 -200.467255 68.753891 0.000000 -198.427750 69.598686 0.000000 -196.239090 70.578987 0.000000 -196.239090 69.886826 0.000000 -194.050430 69.598686 0.000000 -192.010925 68.753891 0.000000 -190.259567 67.410027 0.000000 -188.915710 65.658669 0.000000 -188.070908 63.619164 0.000000 -187.090607 61.430508 0.000000 -184.330154 61.430508 -2.152840 -186.292877 61.430508 -0.564470 -185.632477 61.430508 -1.293600 -185.140701 61.430508 -2.152840 -184.735947 58.348251 -2.152840 -186.631790 58.856239 -0.564470 -185.993896 58.685314 -1.293600 -185.518860 58.558033 -2.152840 -187.625427 56.457405 -0.564470 -187.053497 56.127201 -1.293600 -186.627594 55.881310 -2.152840 -185.925659 55.476044 -2.152840 -206.484283 58.685314 -1.293600 -206.959320 58.558033 -2.152840 -207.742233 58.348251 -2.152840 -205.846390 58.856239 -0.564470 -204.852753 56.457405 -0.564470 -205.424683 56.127201 -1.293600 -205.850586 55.881310 -2.152840 -206.552521 55.476044 -2.152840 -203.272125 54.397476 -0.564470 -204.659973 53.009624 -2.152840 -204.086838 53.582756 -2.152840 -202.193558 51.117073 -2.152840 -201.788284 51.819016 -2.152840 -199.321350 49.927364 -2.152840 -199.111572 50.710281 -2.152840 -196.239090 49.521580 -2.152840 -196.239090 50.332115 -2.152840 -193.156830 49.927364 -2.152840 -193.366608 50.710281 -2.152840 -190.689896 51.819016 -2.152840 -190.284622 51.117073 -2.152840 -188.391342 53.582756 -2.152840 -187.818207 53.009624 -2.152840 -203.739090 53.930500 -1.293600 -201.542389 52.244915 -1.293600 -201.212189 52.816841 -0.564470 -198.813354 51.823208 -0.564470 -198.984283 51.185310 -1.293600 -196.239090 51.484299 -0.564470 -196.239090 50.823898 -1.293600 -193.664825 51.823208 -0.564470 -193.493896 51.185310 -1.293600 -191.265991 52.816841 -0.564470 -190.935791 52.244915 -1.293600 -189.206055 54.397476 -0.564470 -188.739090 53.930500 -1.293600 -196.239090 71.376717 -0.564470 -196.239090 69.533218 0.729401 -194.050430 69.598686 0.364701 -196.239090 69.886826 0.364701 -194.141953 69.257126 0.729401 -196.239090 69.415352 1.205833 -194.172455 69.143272 0.729401 -196.239090 69.415352 0.729401 -194.172455 69.143272 1.205833 -196.239090 68.925758 1.870045 -194.299179 68.670364 1.870045 -192.187729 68.447662 0.729401 -192.010925 68.753891 0.364701 -192.246674 68.345589 1.205833 -192.491470 67.921585 1.870045 -190.509613 67.159988 0.729401 -190.259567 67.410027 0.364701 -203.478943 63.370422 1.870045 -204.223938 61.430508 1.205833 -203.734344 61.430508 1.870045 -203.951859 63.497139 1.205833 -204.223938 61.430508 0.729401 -203.951859 63.497139 0.729401 -203.325699 61.430508 3.469929 -203.183029 63.291130 2.642263 -203.427979 61.430508 2.642263 -203.084229 63.264656 3.469929 -204.065704 63.527645 0.729401 -203.562485 65.658669 0.364701 -204.407272 63.619164 0.364701 -203.256241 65.481865 0.729401 -202.464859 65.024956 2.642263 -202.730164 65.178131 1.870045 -202.218613 67.410027 0.364701 -201.968567 67.159988 0.729401 -201.250076 66.441498 3.469929 -202.376282 64.973816 3.469929 -201.322403 66.513824 2.642263 -190.592957 67.076645 0.729401 -192.246674 68.345589 0.729401 -190.592957 67.076645 1.205833 -200.467255 68.753891 0.364701 -200.290451 68.447662 0.729401 -201.885223 67.076645 1.205833 -200.231506 68.345589 0.729401 -201.885223 67.076645 0.729401 -200.231506 68.345589 1.205833 -201.539032 66.730453 1.870045 -199.986710 67.921585 1.870045 -199.833542 67.656273 2.642263 -199.782394 67.567696 3.469929 -192.695786 67.567696 3.469929 -191.155777 66.513824 2.642263 -192.644638 67.656273 2.642263 -191.228104 66.441498 3.469929 -198.427750 69.598686 0.364701 -198.099716 68.374443 2.642263 -198.179001 68.670364 1.870045 -196.239090 68.619400 2.642263 -198.305725 69.143272 0.729401 -198.305725 69.143272 1.205833 -189.221939 65.481865 0.729401 -188.915710 65.658669 0.364701 -188.526321 63.497139 1.205833 -189.748016 65.178131 1.870045 -188.999237 63.370422 1.870045 -189.324005 65.422928 1.205833 -188.412476 63.527645 0.729401 -188.070908 63.619164 0.364701 -190.013321 65.024956 2.642263 -189.295151 63.291130 2.642263 -190.101898 64.973816 3.469929 -189.393951 63.264656 3.469929 -189.324005 65.422928 0.729401 -188.526321 63.497139 0.729401 -187.782776 61.430508 0.364701 -188.254242 61.430508 1.205833 -188.254242 61.430508 0.729401 -188.136383 61.430508 0.729401 -189.152481 61.430508 3.469929 -189.050201 61.430508 2.642263 -188.743835 61.430508 1.870045 -188.070908 59.241852 0.364701 -188.526321 59.363876 1.205833 -188.526321 59.363876 0.729401 -189.295151 59.569885 2.642263 -188.999237 59.490593 1.870045 -188.412476 59.333370 0.729401 -189.393951 59.596355 3.469929 -188.915710 57.202347 0.364701 -189.221939 57.379150 0.729401 -189.324005 57.438084 1.205833 -189.324005 57.438084 0.729401 -189.748016 57.682880 1.870045 -203.951859 59.363876 0.729401 -203.951859 59.363876 1.205833 -204.695404 61.430508 0.364701 -204.407272 59.241852 0.364701 -203.154175 57.438084 0.729401 -203.154175 57.438084 1.205833 -204.065704 59.333370 0.729401 -204.341797 61.430508 0.729401 -202.730164 57.682880 1.870045 -203.478943 59.490593 1.870045 -202.464859 57.836060 2.642263 -203.183029 59.569885 2.642263 -202.376282 57.887199 3.469929 -203.084229 59.596355 3.469929 -203.562485 57.202347 0.364701 -203.256241 57.379150 0.729401 -201.322403 56.347195 2.642263 -201.539032 56.130562 1.870045 -201.250076 56.419514 3.469929 -201.885223 55.784367 0.729401 -201.885223 55.784367 1.205833 -202.218613 55.450985 0.364701 -201.968567 55.701023 0.729401 -199.782394 55.293320 3.469929 -199.833542 55.204742 2.642263 -200.467255 54.107121 0.364701 -200.231506 54.515427 1.205833 -200.231506 54.515427 0.729401 -200.290451 54.413349 0.729401 -199.986710 54.939426 1.870045 -198.073242 54.585361 3.469929 -198.099716 54.486572 2.642263 -198.305725 53.717739 1.205833 -198.305725 53.717739 0.729401 -198.427750 53.262329 0.364701 -198.179001 54.190651 1.870045 -198.336227 53.603886 0.729401 -196.239090 54.241615 2.642263 -196.239090 53.935253 1.870045 -196.239090 53.445660 1.205833 -196.239090 53.445660 0.729401 -196.239090 54.343891 3.469929 -196.239090 52.974190 0.364701 -196.239090 53.327793 0.729401 -194.404938 54.585361 3.469929 -194.378464 54.486572 2.642263 -194.299179 54.190651 1.870045 -194.172455 53.717739 1.205833 -194.141953 53.603886 0.729401 -194.050430 53.262329 0.364701 -194.172455 53.717739 0.729401 -192.246674 54.515427 0.729401 -192.187729 54.413349 0.729401 -190.592957 55.784367 0.729401 -190.509613 55.701023 0.729401 -203.154175 65.422928 0.729401 -198.336227 69.257126 0.729401 -192.695786 55.293320 3.469929 -192.644638 55.204742 2.642263 -192.491470 54.939426 1.870045 -192.246674 54.515427 1.205833 -192.010925 54.107121 0.364701 -191.228104 56.419514 3.469929 -191.155777 56.347195 2.642263 -190.592957 55.784367 1.205833 -190.259567 55.450985 0.364701 -190.939148 56.130562 1.870045 -190.013321 57.836060 2.642263 -190.101898 57.887199 3.469929 -190.939148 66.730453 1.870045 -194.404938 68.275650 3.469929 -194.378464 68.374443 2.642263 -198.073242 68.275650 3.469929 -203.154175 65.422928 1.205833 -196.239090 68.517120 3.469929 -202.262619 57.952816 95.675850 -203.084229 59.596355 76.540680 -202.376282 57.887199 76.540680 -202.957474 59.630322 95.675850 -200.802521 60.207741 114.811020 -200.802521 62.653275 114.811020 -200.963501 61.430508 114.811020 -200.330551 63.792713 114.811020 -200.330551 59.068302 114.811020 -199.579758 58.089844 114.811020 -199.579758 64.771172 114.811020 -198.601288 57.339050 114.811020 -198.601288 65.521965 114.811020 -197.461853 56.867077 114.811020 -197.461853 65.993935 114.811020 -196.239090 56.706097 114.811020 -196.239090 66.154915 114.811020 -195.016327 56.867077 114.811020 -195.016327 65.993935 114.811020 -193.876892 57.339050 114.811020 -193.876892 65.521965 114.811020 -192.898422 58.089844 114.811020 -192.898422 64.771172 114.811020 -192.147629 59.068302 114.811020 -192.147629 63.792713 114.811020 -191.675659 60.207741 114.811020 -191.675659 62.653275 114.811020 -191.514679 61.430508 114.811020 -199.200150 66.559219 114.407661 -197.866379 67.503639 113.873802 -199.382767 66.875526 113.873802 -197.771851 67.150841 114.407661 -198.073242 68.275650 38.270340 -196.239090 68.517120 38.270340 -198.073242 68.275650 76.540680 -196.239090 68.517120 76.540680 -194.849915 66.614990 114.740311 -193.555405 66.078789 114.740311 -196.239090 67.826920 113.236221 -194.506836 67.895363 108.432632 -196.239090 68.123421 108.432632 -194.583572 67.608971 113.236221 -202.957474 63.230694 95.675850 -203.325699 61.430508 76.540680 -203.194473 61.430508 95.675850 -203.084229 63.264656 76.540680 -202.703949 63.162762 108.432632 -202.932007 61.430508 108.432632 -202.417557 63.086021 113.236221 -202.635513 61.430508 113.236221 -202.312225 63.057796 113.873802 -202.526459 61.430508 113.873802 -201.606461 61.430508 114.740311 -201.959427 62.963264 114.407661 -202.161209 61.430508 114.407661 -201.423569 62.819687 114.740311 -201.250076 66.441498 38.270340 -199.782394 67.567696 38.270340 -201.250076 66.441498 76.540680 -199.782394 67.567696 76.540680 -201.778549 64.628716 113.236221 -202.035324 64.776962 108.432632 -202.262619 64.908195 95.675850 -201.684113 64.574188 113.873802 -201.367798 64.391571 114.407661 -200.887375 64.114197 114.740311 -202.376282 57.887199 38.270340 -203.084229 59.596355 38.270340 -202.376282 64.973816 38.270340 -202.376282 64.973816 76.540680 -201.157288 66.348701 95.675850 -200.684937 65.876343 113.873802 -200.762039 65.953453 113.236221 -200.971695 66.163109 108.432632 -200.426666 65.618080 114.407661 -200.034393 65.225815 114.740311 -199.585541 67.226738 108.432632 -199.437302 66.969963 113.236221 -196.239090 67.352631 114.407661 -194.611801 67.503639 113.873802 -196.239090 67.717873 113.873802 -194.706329 67.150841 114.407661 -189.393951 63.264656 38.270340 -189.393951 63.264656 76.540680 -190.101898 64.973816 76.540680 -190.101898 64.973816 38.270340 -196.239090 66.797882 114.740311 -192.443787 65.225815 114.740311 -191.590805 64.114197 114.740311 -194.404938 68.275650 38.270340 -194.404938 68.275650 76.540680 -192.695786 67.567696 38.270340 -192.695786 67.567696 76.540680 -191.228104 66.441498 38.270340 -191.228104 66.441498 76.540680 -198.039276 68.148888 95.675850 -199.716782 67.454041 95.675850 -197.971344 67.895363 108.432632 -197.894608 67.608971 113.236221 -192.892639 67.226738 108.432632 -193.040878 66.969963 113.236221 -192.761398 67.454041 95.675850 -194.438904 68.148888 95.675850 -197.628265 66.614990 114.740311 -198.922775 66.078789 114.740311 -193.095413 66.875526 113.873802 -193.278030 66.559219 114.407661 -192.051514 65.618080 114.407661 -191.110382 64.391571 114.407661 -191.320892 66.348701 95.675850 -191.506485 66.163109 108.432632 -190.215561 64.908195 95.675850 -189.520706 63.230694 95.675850 -190.442856 64.776962 108.432632 -189.774231 63.162762 108.432632 -191.054611 62.819687 114.740311 -190.165955 63.057796 113.873802 -190.518753 62.963264 114.407661 -190.794067 64.574188 113.873802 -190.060623 63.086021 113.236221 -190.699631 64.628716 113.236221 -189.546173 61.430508 108.432632 -189.283707 61.430508 95.675850 -190.871719 61.430508 114.740311 -190.316971 61.430508 114.407661 -189.842682 61.430508 113.236221 -189.951721 61.430508 113.873802 -189.393951 59.596355 38.270340 -189.393951 59.596355 76.540680 -189.152481 61.430508 76.540680 -189.152481 61.430508 38.270340 -189.774231 59.698254 108.432632 -189.520706 59.630322 95.675850 -190.518753 59.897747 114.407661 -190.165955 59.803215 113.873802 -190.060623 59.774994 113.236221 -191.054611 60.041328 114.740311 -201.959427 59.897747 114.407661 -201.423569 60.041328 114.740311 -201.778549 58.232300 113.236221 -202.703949 59.698254 108.432632 -202.035324 58.084049 108.432632 -202.417557 59.774994 113.236221 -200.887375 58.746819 114.740311 -202.312225 59.803215 113.873802 -201.367798 58.469444 114.407661 -203.325699 61.430508 38.270340 -201.684113 58.286823 113.873802 -200.034393 57.635201 114.740311 -200.426666 57.242935 114.407661 -200.684937 56.984669 113.873802 -200.762039 56.907558 113.236221 -203.084229 63.264656 38.270340 -200.971695 56.697903 108.432632 -201.157288 56.512310 95.675850 -201.250076 56.419514 76.540680 -199.782394 55.293320 38.270340 -201.250076 56.419514 38.270340 -199.782394 55.293320 76.540680 -199.200150 56.301800 114.407661 -199.382767 55.985489 113.873802 -199.716782 55.406971 95.675850 -198.922775 56.782223 114.740311 -199.437302 55.891048 113.236221 -199.585541 55.634274 108.432632 -197.628265 56.246021 114.740311 -197.771851 55.710175 114.407661 -197.866379 55.357376 113.873802 -197.894608 55.252045 113.236221 -197.971344 54.965649 108.432632 -198.039276 54.712124 95.675850 -198.073242 54.585361 76.540680 -196.239090 54.343891 38.270340 -198.073242 54.585361 38.270340 -196.239090 54.343891 76.540680 -196.239090 56.063133 114.740311 -196.239090 55.508385 114.407661 -196.239090 55.143139 113.873802 -196.239090 54.737595 108.432632 -196.239090 54.475128 95.675850 -196.239090 55.034092 113.236221 -194.706329 55.710175 114.407661 -194.849915 56.246021 114.740311 -194.611801 55.357376 113.873802 -194.583572 55.252045 113.236221 -194.506836 54.965649 108.432632 -194.438904 54.712124 95.675850 -194.404938 54.585361 76.540680 -192.695786 55.293320 38.270340 -194.404938 54.585361 38.270340 -192.695786 55.293320 76.540680 -193.555405 56.782223 114.740311 -193.095413 55.985489 113.873802 -193.040878 55.891048 113.236221 -193.278030 56.301800 114.407661 -192.761398 55.406971 95.675850 -192.892639 55.634274 108.432632 -192.051514 57.242935 114.407661 -191.793243 56.984669 113.873802 -192.443787 57.635201 114.740311 -191.716141 56.907558 113.236221 -191.506485 56.697903 108.432632 -191.320892 56.512310 95.675850 -191.228104 56.419514 76.540680 -191.228104 56.419514 38.270340 -190.101898 57.887199 76.540680 -190.101898 57.887199 38.270340 -190.442856 58.084049 108.432632 -190.699631 58.232300 113.236221 -191.590805 58.746819 114.740311 -191.110382 58.469444 114.407661 -190.794067 58.286823 113.873802 -190.215561 57.952816 95.675850 -191.793243 65.876343 113.873802 -191.716141 65.953453 113.236221 -196.239090 68.385887 95.675850 -194.270584 176.241531 3.469929 -194.270584 48.438381 9.375441 -194.270584 48.438381 3.469929 -194.270584 176.241531 9.375441 -198.207596 176.241531 9.375441 -198.207596 48.438381 9.375441 -198.207596 48.438381 3.469929 -198.207596 176.241531 3.469929 -5.343161 71.743942 -2.152840 -2.470954 72.933647 -2.639107 -5.343161 71.743942 -2.639107 -2.470954 72.933647 -2.152840 0.611303 72.037117 -1.293600 3.483779 72.150734 -2.152840 0.611303 72.528900 -2.152840 3.356496 71.675705 -1.293600 0.611303 73.339432 -2.152840 3.693561 72.933647 -2.639107 0.611303 73.339432 -2.639107 3.693561 72.933647 -2.152840 10.222795 66.979706 -2.152840 8.111309 68.930511 -1.293600 9.796896 66.733810 -1.293600 8.459053 69.278259 -2.152840 -10.891838 64.512764 -2.639107 -10.891838 58.348251 -2.639107 -11.297625 61.430508 -2.639107 -9.702131 55.476044 -2.639107 -9.702131 67.384972 -2.639107 -7.809581 53.009624 -2.639107 -7.809581 69.851395 -2.639107 -5.343161 51.117073 -2.639107 -2.470954 49.927364 -2.639107 0.611303 49.521580 -2.639107 3.693561 49.927364 -2.639107 6.565768 51.117073 -2.639107 6.565768 71.743942 -2.639107 9.032187 53.009624 -2.639107 9.032187 69.851395 -2.639107 10.924738 55.476044 -2.639107 10.924738 67.384972 -2.639107 12.114445 58.348251 -2.639107 12.114445 64.512764 -2.639107 12.520232 61.430508 -2.639107 -4.692001 70.616096 -1.293600 -2.261172 72.150734 -2.152840 -4.937893 71.042000 -2.152840 -2.133889 71.675705 -1.293600 -3.962936 69.353325 0.000000 -1.962964 71.037804 -0.564470 -4.361800 70.044174 -0.564470 -1.756497 70.267258 0.000000 -8.537175 61.430508 0.000000 -8.995995 64.004776 -0.564470 -9.334904 61.430508 -0.564470 -8.225449 63.798309 0.000000 -10.891838 64.512764 -2.152840 -11.297625 61.430508 -2.152840 -9.633894 64.175697 -1.293600 -10.487090 61.430508 -2.152840 -9.995306 61.430508 -1.293600 -10.108922 64.302986 -2.152840 -6.888702 68.930511 -1.293600 -9.000187 66.979706 -2.152840 -8.574289 66.733810 -1.293600 -7.236446 69.278259 -2.152840 -7.809581 69.851395 -2.152840 -9.702131 67.384972 -2.152840 -8.002364 66.403610 -0.564470 -6.421727 68.463539 -0.564470 -7.311512 66.004745 0.000000 -5.857648 67.899460 0.000000 3.185571 71.037804 -0.564470 5.914608 70.616096 -1.293600 5.584407 70.044174 -0.564470 9.224971 66.403610 -0.564470 7.644334 68.463539 -0.564470 8.534118 66.004745 0.000000 7.080255 67.899460 0.000000 5.185543 69.353325 0.000000 2.979104 70.267258 0.000000 10.924738 67.384972 -2.152840 9.032187 69.851395 -2.152840 6.160500 71.042000 -2.152840 9.448055 63.798309 0.000000 10.218601 64.004776 -0.564470 12.114445 64.512764 -2.152840 10.856502 64.175697 -1.293600 6.565768 71.743942 -2.152840 11.331529 64.302986 -2.152840 -8.225449 59.062706 0.000000 -7.311512 56.856266 0.000000 -7.845016 61.430508 0.000000 -7.556873 59.241852 0.000000 -6.712083 57.202347 0.000000 -5.857648 54.961555 0.000000 -5.368217 55.450985 0.000000 -3.962936 53.507690 0.000000 -3.616856 54.107121 0.000000 -1.756497 52.593754 0.000000 -1.577353 53.262329 0.000000 0.611303 52.282028 0.000000 0.611303 52.974190 0.000000 2.979104 52.593754 0.000000 2.799960 53.262329 0.000000 4.839463 54.107121 0.000000 5.185543 53.507690 0.000000 6.590824 55.450985 0.000000 7.080255 54.961555 0.000000 7.934690 57.202347 0.000000 8.534118 56.856266 0.000000 8.779480 59.241852 0.000000 9.448055 59.062706 0.000000 9.067622 61.430508 0.000000 -7.556873 63.619164 0.000000 -6.712083 65.658669 0.000000 -5.368217 67.410027 0.000000 -3.616856 68.753891 0.000000 -1.577353 69.598686 0.000000 0.611303 70.578987 0.000000 0.611303 69.886826 0.000000 2.799960 69.598686 0.000000 4.839463 68.753891 0.000000 6.590824 67.410027 0.000000 7.934690 65.658669 0.000000 8.779480 63.619164 0.000000 9.759782 61.430508 0.000000 12.520232 61.430508 -2.152840 10.557510 61.430508 -0.564470 11.217913 61.430508 -1.293600 11.709697 61.430508 -2.152840 12.114445 58.348251 -2.152840 10.218601 58.856239 -0.564470 10.856502 58.685314 -1.293600 11.331529 58.558033 -2.152840 9.224971 56.457405 -0.564470 9.796896 56.127201 -1.293600 10.222795 55.881310 -2.152840 10.924738 55.476044 -2.152840 -9.633894 58.685314 -1.293600 -10.108922 58.558033 -2.152840 -10.891838 58.348251 -2.152840 -8.995995 58.856239 -0.564470 -8.002364 56.457405 -0.564470 -8.574289 56.127201 -1.293600 -9.000187 55.881310 -2.152840 -9.702131 55.476044 -2.152840 -6.421727 54.397476 -0.564470 -7.809581 53.009624 -2.152840 -7.236446 53.582756 -2.152840 -5.343161 51.117073 -2.152840 -4.937893 51.819016 -2.152840 -2.470954 49.927364 -2.152840 -2.261172 50.710281 -2.152840 0.611303 49.521580 -2.152840 0.611303 50.332115 -2.152840 3.693561 49.927364 -2.152840 3.483779 50.710281 -2.152840 6.160500 51.819016 -2.152840 6.565768 51.117073 -2.152840 8.459053 53.582756 -2.152840 9.032187 53.009624 -2.152840 -6.888702 53.930500 -1.293600 -4.692001 52.244915 -1.293600 -4.361800 52.816841 -0.564470 -1.962964 51.823208 -0.564470 -2.133889 51.185310 -1.293600 0.611303 51.484299 -0.564470 0.611303 50.823898 -1.293600 3.185571 51.823208 -0.564470 3.356496 51.185310 -1.293600 5.584407 52.816841 -0.564470 5.914608 52.244915 -1.293600 7.644334 54.397476 -0.564470 8.111309 53.930500 -1.293600 0.611303 71.376717 -0.564470 0.611303 69.533218 0.729401 2.799960 69.598686 0.364701 0.611303 69.886826 0.364701 2.708440 69.257126 0.729401 0.611303 69.415352 1.205833 2.677933 69.143272 0.729401 0.611303 69.415352 0.729401 2.677933 69.143272 1.205833 0.611303 68.925758 1.870045 2.551218 68.670364 1.870045 4.662661 68.447662 0.729401 4.839463 68.753891 0.364701 4.603726 68.345589 1.205833 4.358930 67.921585 1.870045 6.340787 67.159988 0.729401 6.590824 67.410027 0.364701 -6.628554 63.370422 1.870045 -7.373542 61.430508 1.205833 -6.883949 61.430508 1.870045 -7.101465 63.497139 1.205833 -7.373542 61.430508 0.729401 -7.101465 63.497139 0.729401 -6.475311 61.430508 3.469929 -6.332633 63.291130 2.642263 -6.577589 61.430508 2.642263 -6.233840 63.264656 3.469929 -7.215317 63.527645 0.729401 -6.712083 65.658669 0.364701 -7.556873 63.619164 0.364701 -6.405853 65.481865 0.729401 -5.614460 65.024956 2.642263 -5.879776 65.178131 1.870045 -5.368217 67.410027 0.364701 -5.118181 67.159988 0.729401 -4.399690 66.441498 3.469929 -5.525885 64.973816 3.469929 -4.472011 66.513824 2.642263 6.257442 67.076645 0.729401 4.603726 68.345589 0.729401 6.257442 67.076645 1.205833 -3.616856 68.753891 0.364701 -3.440054 68.447662 0.729401 -5.034835 67.076645 1.205833 -3.381119 68.345589 0.729401 -5.034835 67.076645 0.729401 -3.381119 68.345589 1.205833 -4.688641 66.730453 1.870045 -3.136323 67.921585 1.870045 -2.983142 67.656273 2.642263 -2.932004 67.567696 3.469929 4.154611 67.567696 3.469929 5.694617 66.513824 2.642263 4.205749 67.656273 2.642263 5.622296 66.441498 3.469929 -1.577353 69.598686 0.364701 -1.249319 68.374443 2.642263 -1.328611 68.670364 1.870045 0.611303 68.619400 2.642263 -1.455327 69.143272 0.729401 -1.455327 69.143272 1.205833 7.628459 65.481865 0.729401 7.934690 65.658669 0.364701 8.324072 63.497139 1.205833 7.102382 65.178131 1.870045 7.851161 63.370422 1.870045 7.526382 65.422928 1.205833 8.437924 63.527645 0.729401 8.779480 63.619164 0.364701 6.837066 65.024956 2.642263 7.555240 63.291130 2.642263 6.748491 64.973816 3.469929 7.456447 63.264656 3.469929 7.526382 65.422928 0.729401 8.324072 63.497139 0.729401 9.067622 61.430508 0.364701 8.596149 61.430508 1.205833 8.596149 61.430508 0.729401 8.714018 61.430508 0.729401 7.697917 61.430508 3.469929 7.800195 61.430508 2.642263 8.106556 61.430508 1.870045 8.779480 59.241852 0.364701 8.324072 59.363876 1.205833 8.324072 59.363876 0.729401 7.555240 59.569885 2.642263 7.851161 59.490593 1.870045 8.437924 59.333370 0.729401 7.456447 59.596355 3.469929 7.934690 57.202347 0.364701 7.628459 57.379150 0.729401 7.526382 57.438084 1.205833 7.526382 57.438084 0.729401 7.102382 57.682880 1.870045 -7.101465 59.363876 0.729401 -7.101465 59.363876 1.205833 -7.845016 61.430508 0.364701 -7.556873 59.241852 0.364701 -6.303776 57.438084 0.729401 -6.303776 57.438084 1.205833 -7.215317 59.333370 0.729401 -7.491411 61.430508 0.729401 -5.879776 57.682880 1.870045 -6.628554 59.490593 1.870045 -5.614460 57.836060 2.642263 -6.332633 59.569885 2.642263 -5.525885 57.887199 3.469929 -6.233840 59.596355 3.469929 -6.712083 57.202347 0.364701 -6.405853 57.379150 0.729401 -4.472011 56.347195 2.642263 -4.688641 56.130562 1.870045 -4.399690 56.419514 3.469929 -5.034835 55.784367 0.729401 -5.034835 55.784367 1.205833 -5.368217 55.450985 0.364701 -5.118181 55.701023 0.729401 -2.932004 55.293320 3.469929 -2.983142 55.204742 2.642263 -3.616856 54.107121 0.364701 -3.381119 54.515427 1.205833 -3.381119 54.515427 0.729401 -3.440054 54.413349 0.729401 -3.136323 54.939426 1.870045 -1.222847 54.585361 3.469929 -1.249319 54.486572 2.642263 -1.455327 53.717739 1.205833 -1.455327 53.717739 0.729401 -1.577353 53.262329 0.364701 -1.328611 54.190651 1.870045 -1.485833 53.603886 0.729401 0.611303 54.241615 2.642263 0.611303 53.935253 1.870045 0.611303 53.445660 1.205833 0.611303 53.445660 0.729401 0.611303 54.343891 3.469929 0.611303 52.974190 0.364701 0.611303 53.327793 0.729401 2.445454 54.585361 3.469929 2.471925 54.486572 2.642263 2.551218 54.190651 1.870045 2.677933 53.717739 1.205833 2.708440 53.603886 0.729401 2.799960 53.262329 0.364701 2.677933 53.717739 0.729401 4.603726 54.515427 0.729401 4.662661 54.413349 0.729401 6.257442 55.784367 0.729401 6.340787 55.701023 0.729401 -6.303776 65.422928 0.729401 -1.485833 69.257126 0.729401 4.154611 55.293320 3.469929 4.205749 55.204742 2.642263 4.358930 54.939426 1.870045 4.603726 54.515427 1.205833 4.839463 54.107121 0.364701 5.622296 56.419514 3.469929 5.694617 56.347195 2.642263 6.257442 55.784367 1.205833 6.590824 55.450985 0.364701 5.911247 56.130562 1.870045 6.837066 57.836060 2.642263 6.748491 57.887199 3.469929 5.911247 66.730453 1.870045 2.445454 68.275650 3.469929 2.471925 68.374443 2.642263 -1.222847 68.275650 3.469929 -6.303776 65.422928 1.205833 0.611303 68.517120 3.469929 -5.412233 57.952816 144.146454 -6.233840 59.596355 114.952347 -5.525885 57.887199 114.952347 -6.107079 59.630322 144.146454 -3.952126 60.207741 173.340561 -3.952126 62.653275 173.340561 -4.113106 61.430508 173.340561 -3.480155 63.792713 173.340561 -3.480155 59.068302 173.340561 -2.729359 58.089844 173.340561 -2.729359 64.771172 173.340561 -1.750901 57.339050 173.340561 -1.750901 65.521965 173.340561 -0.611464 56.867077 173.340561 -0.611464 65.993935 173.340561 0.611303 56.706097 173.340561 0.611303 66.154915 173.340561 1.834071 56.867077 173.340561 1.834071 65.993935 173.340561 2.973508 57.339050 173.340561 2.973508 65.521965 173.340561 3.951965 58.089844 173.340561 3.951965 64.771172 173.340561 4.702762 59.068302 173.340561 4.702762 63.792713 173.340561 5.174733 60.207741 173.340561 5.174733 62.653275 173.340561 5.335713 61.430508 173.340561 -2.349758 66.559219 172.725159 -1.015987 67.503639 171.910660 -2.532380 66.875526 171.910660 -0.921455 67.150841 172.725159 -1.222847 68.275650 56.564144 0.611303 68.517120 56.564144 -1.222847 68.275650 114.952347 0.611303 68.517120 114.952347 2.000482 66.614990 173.232681 3.294991 66.078789 173.232681 0.611303 67.826920 170.937912 2.343557 67.895363 163.609192 0.611303 68.123421 163.609192 2.266818 67.608971 170.937912 -6.107079 63.230694 144.146454 -6.475311 61.430508 114.952347 -6.344077 61.430508 144.146454 -6.233840 63.264656 114.952347 -5.853555 63.162762 163.609192 -6.081610 61.430508 163.609192 -5.567160 63.086021 170.937912 -5.785113 61.430508 170.937912 -5.461826 63.057796 171.910660 -5.676063 61.430508 171.910660 -4.756071 61.430508 173.232681 -5.109028 62.963264 172.725159 -5.310820 61.430508 172.725159 -4.573182 62.819687 173.232681 -4.399690 66.441498 56.564144 -2.932004 67.567696 56.564144 -4.399690 66.441498 114.952347 -2.932004 67.567696 114.952347 -4.928155 64.628716 170.937912 -5.184930 64.776962 163.609192 -5.412233 64.908195 144.146454 -4.833716 64.574188 171.910660 -4.517406 64.391571 172.725159 -4.036979 64.114197 173.232681 -5.525885 57.887199 56.564144 -6.233840 59.596355 56.564144 -5.525885 64.973816 56.564144 -5.525885 64.973816 114.952347 -4.306893 66.348701 144.146454 -3.834536 65.876343 171.910660 -3.911646 65.953453 170.937912 -4.121301 66.163109 163.609192 -3.576270 65.618080 172.725159 -3.184003 65.225815 173.232681 -2.735153 67.226738 163.609192 -2.586905 66.969963 170.937912 0.611303 67.352631 172.725159 2.238594 67.503639 171.910660 0.611303 67.717873 171.910660 2.144062 67.150841 172.725159 7.456447 63.264656 56.564144 7.456447 63.264656 114.952347 6.748491 64.973816 114.952347 6.748491 64.973816 56.564144 0.611303 66.797882 173.232681 4.406610 65.225815 173.232681 5.259586 64.114197 173.232681 2.445454 68.275650 56.564144 2.445454 68.275650 114.952347 4.154611 67.567696 56.564144 4.154611 67.567696 114.952347 5.622296 66.441498 56.564144 5.622296 66.441498 114.952347 -1.188882 68.148888 144.146454 -2.866387 67.454041 144.146454 -1.120950 67.895363 163.609192 -1.044211 67.608971 170.937912 3.957760 67.226738 163.609192 3.809511 66.969963 170.937912 4.088994 67.454041 144.146454 2.411488 68.148888 144.146454 -0.777875 66.614990 173.232681 -2.072384 66.078789 173.232681 3.754987 66.875526 171.910660 3.572365 66.559219 172.725159 4.798877 65.618080 172.725159 5.740013 64.391571 172.725159 5.529500 66.348701 144.146454 5.343908 66.163109 163.609192 6.634840 64.908195 144.146454 7.329685 63.230694 144.146454 6.407537 64.776962 163.609192 7.076161 63.162762 163.609192 5.795789 62.819687 173.232681 6.684433 63.057796 171.910660 6.331635 62.963264 172.725159 6.056323 64.574188 171.910660 6.789767 63.086021 170.937912 6.150762 64.628716 170.937912 7.304217 61.430508 163.609192 7.566684 61.430508 144.146454 5.978678 61.430508 173.232681 6.533426 61.430508 172.725159 7.007720 61.430508 170.937912 6.898670 61.430508 171.910660 7.456447 59.596355 56.564144 7.456447 59.596355 114.952347 7.697917 61.430508 114.952347 7.697917 61.430508 56.564144 7.076161 59.698254 163.609192 7.329685 59.630322 144.146454 6.331635 59.897747 172.725159 6.684433 59.803215 171.910660 6.789767 59.774994 170.937912 5.795789 60.041328 173.232681 -5.109028 59.897747 172.725159 -4.573182 60.041328 173.232681 -4.928155 58.232300 170.937912 -5.853555 59.698254 163.609192 -5.184930 58.084049 163.609192 -5.567160 59.774994 170.937912 -4.036979 58.746819 173.232681 -5.461826 59.803215 171.910660 -4.517406 58.469444 172.725159 -6.475311 61.430508 56.564144 -4.833716 58.286823 171.910660 -3.184003 57.635201 173.232681 -3.576270 57.242935 172.725159 -3.834536 56.984669 171.910660 -3.911646 56.907558 170.937912 -6.233840 63.264656 56.564144 -4.121301 56.697903 163.609192 -4.306893 56.512310 144.146454 -4.399690 56.419514 114.952347 -2.932004 55.293320 56.564144 -4.399690 56.419514 56.564144 -2.932004 55.293320 114.952347 -2.349758 56.301800 172.725159 -2.532380 55.985489 171.910660 -2.866387 55.406971 144.146454 -2.072384 56.782223 173.232681 -2.586905 55.891048 170.937912 -2.735153 55.634274 163.609192 -0.777875 56.246021 173.232681 -0.921455 55.710175 172.725159 -1.015987 55.357376 171.910660 -1.044211 55.252045 170.937912 -1.120950 54.965649 163.609192 -1.188882 54.712124 144.146454 -1.222847 54.585361 114.952347 0.611303 54.343891 56.564144 -1.222847 54.585361 56.564144 0.611303 54.343891 114.952347 0.611303 56.063133 173.232681 0.611303 55.508385 172.725159 0.611303 55.143139 171.910660 0.611303 54.737595 163.609192 0.611303 54.475128 144.146454 0.611303 55.034092 170.937912 2.144062 55.710175 172.725159 2.000482 56.246021 173.232681 2.238594 55.357376 171.910660 2.266818 55.252045 170.937912 2.343557 54.965649 163.609192 2.411488 54.712124 144.146454 2.445454 54.585361 114.952347 4.154611 55.293320 56.564144 2.445454 54.585361 56.564144 4.154611 55.293320 114.952347 3.294991 56.782223 173.232681 3.754987 55.985489 171.910660 3.809511 55.891048 170.937912 3.572365 56.301800 172.725159 4.088994 55.406971 144.146454 3.957760 55.634274 163.609192 4.798877 57.242935 172.725159 5.057143 56.984669 171.910660 4.406610 57.635201 173.232681 5.134253 56.907558 170.937912 5.343908 56.697903 163.609192 5.529500 56.512310 144.146454 5.622296 56.419514 114.952347 5.622296 56.419514 56.564144 6.748491 57.887199 114.952347 6.748491 57.887199 56.564144 6.407537 58.084049 163.609192 6.150762 58.232300 170.937912 5.259586 58.746819 173.232681 5.740013 58.469444 172.725159 6.056323 58.286823 171.910660 6.634840 57.952816 144.146454 5.057143 65.876343 171.910660 5.134253 65.953453 170.937912 0.611303 68.385887 144.146454 2.579807 176.241531 3.469929 2.579807 48.438381 9.375441 2.579807 48.438381 3.469929 2.579807 176.241531 9.375441 -1.357201 176.241531 9.375441 -1.357201 48.438381 9.375441 -1.357201 48.438381 3.469929 -1.357201 176.241531 3.469929 93.082039 71.743942 -2.152840 95.954247 72.933647 -2.639107 93.082039 71.743942 -2.639107 95.954247 72.933647 -2.152840 99.036499 72.037117 -1.293600 101.908974 72.150734 -2.152840 99.036499 72.528900 -2.152840 101.781693 71.675705 -1.293600 99.036499 73.339432 -2.152840 102.118759 72.933647 -2.639107 99.036499 73.339432 -2.639107 102.118759 72.933647 -2.152840 108.647987 66.979706 -2.152840 106.536507 68.930511 -1.293600 108.222092 66.733810 -1.293600 106.884247 69.278259 -2.152840 87.533356 64.512764 -2.639107 87.533356 58.348251 -2.639107 87.127571 61.430508 -2.639107 88.723068 55.476044 -2.639107 88.723068 67.384972 -2.639107 90.615616 53.009624 -2.639107 90.615616 69.851395 -2.639107 93.082039 51.117073 -2.639107 95.954247 49.927364 -2.639107 99.036499 49.521580 -2.639107 102.118759 49.927364 -2.639107 104.990967 51.117073 -2.639107 104.990967 71.743942 -2.639107 107.457382 53.009624 -2.639107 107.457382 69.851395 -2.639107 109.349937 55.476044 -2.639107 109.349937 67.384972 -2.639107 110.539642 58.348251 -2.639107 110.539642 64.512764 -2.639107 110.945427 61.430508 -2.639107 93.733192 70.616096 -1.293600 96.164024 72.150734 -2.152840 93.487305 71.042000 -2.152840 96.291306 71.675705 -1.293600 94.462257 69.353325 0.000000 96.462234 71.037804 -0.564470 94.063400 70.044174 -0.564470 96.668701 70.267258 0.000000 89.888023 61.430508 0.000000 89.429199 64.004776 -0.564470 89.090294 61.430508 -0.564470 90.199745 63.798309 0.000000 87.533356 64.512764 -2.152840 87.127571 61.430508 -2.152840 88.791306 64.175697 -1.293600 87.938110 61.430508 -2.152840 88.429893 61.430508 -1.293600 88.316277 64.302986 -2.152840 91.536491 68.930511 -1.293600 89.425011 66.979706 -2.152840 89.850906 66.733810 -1.293600 91.188751 69.278259 -2.152840 90.615616 69.851395 -2.152840 88.723068 67.384972 -2.152840 90.422829 66.403610 -0.564470 92.003471 68.463539 -0.564470 91.113686 66.004745 0.000000 92.567551 67.899460 0.000000 101.610771 71.037804 -0.564470 104.339806 70.616096 -1.293600 104.009605 70.044174 -0.564470 107.650169 66.403610 -0.564470 106.069534 68.463539 -0.564470 106.959312 66.004745 0.000000 105.505455 67.899460 0.000000 103.610741 69.353325 0.000000 101.404297 70.267258 0.000000 109.349937 67.384972 -2.152840 107.457382 69.851395 -2.152840 104.585693 71.042000 -2.152840 107.873253 63.798309 0.000000 108.643799 64.004776 -0.564470 110.539642 64.512764 -2.152840 109.281700 64.175697 -1.293600 104.990967 71.743942 -2.152840 109.756721 64.302986 -2.152840 90.199745 59.062706 0.000000 91.113686 56.856266 0.000000 90.580185 61.430508 0.000000 90.868324 59.241852 0.000000 91.713112 57.202347 0.000000 92.567551 54.961555 0.000000 93.056976 55.450985 0.000000 94.462257 53.507690 0.000000 94.808342 54.107121 0.000000 96.668701 52.593754 0.000000 96.847847 53.262329 0.000000 99.036499 52.282028 0.000000 99.036499 52.974190 0.000000 101.404297 52.593754 0.000000 101.225159 53.262329 0.000000 103.264656 54.107121 0.000000 103.610741 53.507690 0.000000 105.016022 55.450985 0.000000 105.505455 54.961555 0.000000 106.359886 57.202347 0.000000 106.959312 56.856266 0.000000 107.204674 59.241852 0.000000 107.873253 59.062706 0.000000 107.492821 61.430508 0.000000 90.868324 63.619164 0.000000 91.713112 65.658669 0.000000 93.056976 67.410027 0.000000 94.808342 68.753891 0.000000 96.847847 69.598686 0.000000 99.036499 70.578987 0.000000 99.036499 69.886826 0.000000 101.225159 69.598686 0.000000 103.264656 68.753891 0.000000 105.016022 67.410027 0.000000 106.359886 65.658669 0.000000 107.204674 63.619164 0.000000 108.184982 61.430508 0.000000 110.945427 61.430508 -2.152840 108.982704 61.430508 -0.564470 109.643112 61.430508 -1.293600 110.134895 61.430508 -2.152840 110.539642 58.348251 -2.152840 108.643799 58.856239 -0.564470 109.281700 58.685314 -1.293600 109.756721 58.558033 -2.152840 107.650169 56.457405 -0.564470 108.222092 56.127201 -1.293600 108.647987 55.881310 -2.152840 109.349937 55.476044 -2.152840 88.791306 58.685314 -1.293600 88.316277 58.558033 -2.152840 87.533356 58.348251 -2.152840 89.429199 58.856239 -0.564470 90.422829 56.457405 -0.564470 89.850906 56.127201 -1.293600 89.425011 55.881310 -2.152840 88.723068 55.476044 -2.152840 92.003471 54.397476 -0.564470 90.615616 53.009624 -2.152840 91.188751 53.582756 -2.152840 93.082039 51.117073 -2.152840 93.487305 51.819016 -2.152840 95.954247 49.927364 -2.152840 96.164024 50.710281 -2.152840 99.036499 49.521580 -2.152840 99.036499 50.332115 -2.152840 102.118759 49.927364 -2.152840 101.908974 50.710281 -2.152840 104.585693 51.819016 -2.152840 104.990967 51.117073 -2.152840 106.884247 53.582756 -2.152840 107.457382 53.009624 -2.152840 91.536491 53.930500 -1.293600 93.733192 52.244915 -1.293600 94.063400 52.816841 -0.564470 96.462234 51.823208 -0.564470 96.291306 51.185310 -1.293600 99.036499 51.484299 -0.564470 99.036499 50.823898 -1.293600 101.610771 51.823208 -0.564470 101.781693 51.185310 -1.293600 104.009605 52.816841 -0.564470 104.339806 52.244915 -1.293600 106.069534 54.397476 -0.564470 106.536507 53.930500 -1.293600 99.036499 71.376717 -0.564470 99.036499 69.533218 0.729401 101.225159 69.598686 0.364701 99.036499 69.886826 0.364701 101.133636 69.257126 0.729401 99.036499 69.415352 1.205833 101.103134 69.143272 0.729401 99.036499 69.415352 0.729401 101.103134 69.143272 1.205833 99.036499 68.925758 1.870045 100.976418 68.670364 1.870045 103.087860 68.447662 0.729401 103.264656 68.753891 0.364701 103.028923 68.345589 1.205833 102.784126 67.921585 1.870045 104.765984 67.159988 0.729401 105.016022 67.410027 0.364701 91.796646 63.370422 1.870045 91.051651 61.430508 1.205833 91.541245 61.430508 1.870045 91.323730 63.497139 1.205833 91.051651 61.430508 0.729401 91.323730 63.497139 0.729401 91.949883 61.430508 3.469929 92.092567 63.291130 2.642263 91.847610 61.430508 2.642263 92.191353 63.264656 3.469929 91.209877 63.527645 0.729401 91.713112 65.658669 0.364701 90.868324 63.619164 0.364701 92.019341 65.481865 0.729401 92.810738 65.024956 2.642263 92.545418 65.178131 1.870045 93.056976 67.410027 0.364701 93.307014 67.159988 0.729401 94.025505 66.441498 3.469929 92.899315 64.973816 3.469929 93.953186 66.513824 2.642263 104.682640 67.076645 0.729401 103.028923 68.345589 0.729401 104.682640 67.076645 1.205833 94.808342 68.753891 0.364701 94.985146 68.447662 0.729401 93.390358 67.076645 1.205833 95.044075 68.345589 0.729401 93.390358 67.076645 0.729401 95.044075 68.345589 1.205833 93.736557 66.730453 1.870045 95.288872 67.921585 1.870045 95.442055 67.656273 2.642263 95.493195 67.567696 3.469929 102.579811 67.567696 3.469929 104.119812 66.513824 2.642263 102.630943 67.656273 2.642263 104.047493 66.441498 3.469929 96.847847 69.598686 0.364701 97.175880 68.374443 2.642263 97.096588 68.670364 1.870045 99.036499 68.619400 2.642263 96.969872 69.143272 0.729401 96.969872 69.143272 1.205833 106.053658 65.481865 0.729401 106.359886 65.658669 0.364701 106.749268 63.497139 1.205833 105.527580 65.178131 1.870045 106.276360 63.370422 1.870045 105.951576 65.422928 1.205833 106.863121 63.527645 0.729401 107.204674 63.619164 0.364701 105.262260 65.024956 2.642263 105.980438 63.291130 2.642263 105.173691 64.973816 3.469929 105.881645 63.264656 3.469929 105.951576 65.422928 0.729401 106.749268 63.497139 0.729401 107.492821 61.430508 0.364701 107.021347 61.430508 1.205833 107.021347 61.430508 0.729401 107.139214 61.430508 0.729401 106.123116 61.430508 3.469929 106.225395 61.430508 2.642263 106.531754 61.430508 1.870045 107.204674 59.241852 0.364701 106.749268 59.363876 1.205833 106.749268 59.363876 0.729401 105.980438 59.569885 2.642263 106.276360 59.490593 1.870045 106.863121 59.333370 0.729401 105.881645 59.596355 3.469929 106.359886 57.202347 0.364701 106.053658 57.379150 0.729401 105.951576 57.438084 1.205833 105.951576 57.438084 0.729401 105.527580 57.682880 1.870045 91.323730 59.363876 0.729401 91.323730 59.363876 1.205833 90.580185 61.430508 0.364701 90.868324 59.241852 0.364701 92.121422 57.438084 0.729401 92.121422 57.438084 1.205833 91.209877 59.333370 0.729401 90.933784 61.430508 0.729401 92.545418 57.682880 1.870045 91.796646 59.490593 1.870045 92.810738 57.836060 2.642263 92.092567 59.569885 2.642263 92.899315 57.887199 3.469929 92.191353 59.596355 3.469929 91.713112 57.202347 0.364701 92.019341 57.379150 0.729401 93.953186 56.347195 2.642263 93.736557 56.130562 1.870045 94.025505 56.419514 3.469929 93.390358 55.784367 0.729401 93.390358 55.784367 1.205833 93.056976 55.450985 0.364701 93.307014 55.701023 0.729401 95.493195 55.293320 3.469929 95.442055 55.204742 2.642263 94.808342 54.107121 0.364701 95.044075 54.515427 1.205833 95.044075 54.515427 0.729401 94.985146 54.413349 0.729401 95.288872 54.939426 1.870045 97.202347 54.585361 3.469929 97.175880 54.486572 2.642263 96.969872 53.717739 1.205833 96.969872 53.717739 0.729401 96.847847 53.262329 0.364701 97.096588 54.190651 1.870045 96.939362 53.603886 0.729401 99.036499 54.241615 2.642263 99.036499 53.935253 1.870045 99.036499 53.445660 1.205833 99.036499 53.445660 0.729401 99.036499 54.343891 3.469929 99.036499 52.974190 0.364701 99.036499 53.327793 0.729401 100.870651 54.585361 3.469929 100.897125 54.486572 2.642263 100.976418 54.190651 1.870045 101.103134 53.717739 1.205833 101.133636 53.603886 0.729401 101.225159 53.262329 0.364701 101.103134 53.717739 0.729401 103.028923 54.515427 0.729401 103.087860 54.413349 0.729401 104.682640 55.784367 0.729401 104.765984 55.701023 0.729401 92.121422 65.422928 0.729401 96.939362 69.257126 0.729401 102.579811 55.293320 3.469929 102.630943 55.204742 2.642263 102.784126 54.939426 1.870045 103.028923 54.515427 1.205833 103.264656 54.107121 0.364701 104.047493 56.419514 3.469929 104.119812 56.347195 2.642263 104.682640 55.784367 1.205833 105.016022 55.450985 0.364701 104.336441 56.130562 1.870045 105.262260 57.836060 2.642263 105.173691 57.887199 3.469929 104.336441 66.730453 1.870045 100.870651 68.275650 3.469929 100.897125 68.374443 2.642263 97.202347 68.275650 3.469929 92.121422 65.422928 1.205833 99.036499 68.517120 3.469929 93.012962 57.952816 95.675850 92.191353 59.596355 76.540680 92.899315 57.887199 76.540680 92.318115 59.630322 95.675850 94.473068 60.207741 114.811020 94.473068 62.653275 114.811020 94.312088 61.430508 114.811020 94.945038 63.792713 114.811020 94.945038 59.068302 114.811020 95.695839 58.089844 114.811020 95.695839 64.771172 114.811020 96.674294 57.339050 114.811020 96.674294 65.521965 114.811020 97.813736 56.867077 114.811020 97.813736 65.993935 114.811020 99.036499 56.706097 114.811020 99.036499 66.154915 114.811020 100.259270 56.867077 114.811020 100.259270 65.993935 114.811020 101.398705 57.339050 114.811020 101.398705 65.521965 114.811020 102.377159 58.089844 114.811020 102.377159 64.771172 114.811020 103.127960 59.068302 114.811020 103.127960 63.792713 114.811020 103.599930 60.207741 114.811020 103.599930 62.653275 114.811020 103.760910 61.430508 114.811020 96.075439 66.559219 114.407661 97.409210 67.503639 113.873802 95.892815 66.875526 113.873802 97.503738 67.150841 114.407661 97.202347 68.275650 38.270340 99.036499 68.517120 38.270340 97.202347 68.275650 76.540680 99.036499 68.517120 76.540680 100.425682 66.614990 114.740311 101.720184 66.078789 114.740311 99.036499 67.826920 113.236221 100.768753 67.895363 108.432632 99.036499 68.123421 108.432632 100.692017 67.608971 113.236221 92.318115 63.230694 95.675850 91.949883 61.430508 76.540680 92.081123 61.430508 95.675850 92.191353 63.264656 76.540680 92.571640 63.162762 108.432632 92.343590 61.430508 108.432632 92.858040 63.086021 113.236221 92.640083 61.430508 113.236221 92.963371 63.057796 113.873802 92.749130 61.430508 113.873802 93.669128 61.430508 114.740311 93.316170 62.963264 114.407661 93.114380 61.430508 114.407661 93.852013 62.819687 114.740311 94.025505 66.441498 38.270340 95.493195 67.567696 38.270340 94.025505 66.441498 76.540680 95.493195 67.567696 76.540680 93.497040 64.628716 113.236221 93.240265 64.776962 108.432632 93.012962 64.908195 95.675850 93.591484 64.574188 113.873802 93.907791 64.391571 114.407661 94.388214 64.114197 114.740311 92.899315 57.887199 38.270340 92.191353 59.596355 38.270340 92.899315 64.973816 38.270340 92.899315 64.973816 76.540680 94.118301 66.348701 95.675850 94.590660 65.876343 113.873802 94.513550 65.953453 113.236221 94.303894 66.163109 108.432632 94.848930 65.618080 114.407661 95.241196 65.225815 114.740311 95.690041 67.226738 108.432632 95.838295 66.969963 113.236221 99.036499 67.352631 114.407661 100.663788 67.503639 113.873802 99.036499 67.717873 113.873802 100.569260 67.150841 114.407661 105.881645 63.264656 38.270340 105.881645 63.264656 76.540680 105.173691 64.973816 76.540680 105.173691 64.973816 38.270340 99.036499 66.797882 114.740311 102.831810 65.225815 114.740311 103.684784 64.114197 114.740311 100.870651 68.275650 38.270340 100.870651 68.275650 76.540680 102.579811 67.567696 38.270340 102.579811 67.567696 76.540680 104.047493 66.441498 38.270340 104.047493 66.441498 76.540680 97.236313 68.148888 95.675850 95.558807 67.454041 95.675850 97.304245 67.895363 108.432632 97.380989 67.608971 113.236221 102.382957 67.226738 108.432632 102.234711 66.969963 113.236221 102.514191 67.454041 95.675850 100.836685 68.148888 95.675850 97.647324 66.614990 114.740311 96.352814 66.078789 114.740311 102.180183 66.875526 113.873802 101.997559 66.559219 114.407661 103.224075 65.618080 114.407661 104.165207 64.391571 114.407661 103.954697 66.348701 95.675850 103.769104 66.163109 108.432632 105.060036 64.908195 95.675850 105.754883 63.230694 95.675850 104.832733 64.776962 108.432632 105.501358 63.162762 108.432632 104.220985 62.819687 114.740311 105.109627 63.057796 113.873802 104.756828 62.963264 114.407661 104.481522 64.574188 113.873802 105.214966 63.086021 113.236221 104.575958 64.628716 113.236221 105.729416 61.430508 108.432632 105.991882 61.430508 95.675850 104.403877 61.430508 114.740311 104.958626 61.430508 114.407661 105.432915 61.430508 113.236221 105.323868 61.430508 113.873802 105.881645 59.596355 38.270340 105.881645 59.596355 76.540680 106.123116 61.430508 76.540680 106.123116 61.430508 38.270340 105.501358 59.698254 108.432632 105.754883 59.630322 95.675850 104.756828 59.897747 114.407661 105.109627 59.803215 113.873802 105.214966 59.774994 113.236221 104.220985 60.041328 114.740311 93.316170 59.897747 114.407661 93.852013 60.041328 114.740311 93.497040 58.232300 113.236221 92.571640 59.698254 108.432632 93.240265 58.084049 108.432632 92.858040 59.774994 113.236221 94.388214 58.746819 114.740311 92.963371 59.803215 113.873802 93.907791 58.469444 114.407661 91.949883 61.430508 38.270340 93.591484 58.286823 113.873802 95.241196 57.635201 114.740311 94.848930 57.242935 114.407661 94.590660 56.984669 113.873802 94.513550 56.907558 113.236221 92.191353 63.264656 38.270340 94.303894 56.697903 108.432632 94.118301 56.512310 95.675850 94.025505 56.419514 76.540680 95.493195 55.293320 38.270340 94.025505 56.419514 38.270340 95.493195 55.293320 76.540680 96.075439 56.301800 114.407661 95.892815 55.985489 113.873802 95.558807 55.406971 95.675850 96.352814 56.782223 114.740311 95.838295 55.891048 113.236221 95.690041 55.634274 108.432632 97.647324 56.246021 114.740311 97.503738 55.710175 114.407661 97.409210 55.357376 113.873802 97.380989 55.252045 113.236221 97.304245 54.965649 108.432632 97.236313 54.712124 95.675850 97.202347 54.585361 76.540680 99.036499 54.343891 38.270340 97.202347 54.585361 38.270340 99.036499 54.343891 76.540680 99.036499 56.063133 114.740311 99.036499 55.508385 114.407661 99.036499 55.143139 113.873802 99.036499 54.737595 108.432632 99.036499 54.475128 95.675850 99.036499 55.034092 113.236221 100.569260 55.710175 114.407661 100.425682 56.246021 114.740311 100.663788 55.357376 113.873802 100.692017 55.252045 113.236221 100.768753 54.965649 108.432632 100.836685 54.712124 95.675850 100.870651 54.585361 76.540680 102.579811 55.293320 38.270340 100.870651 54.585361 38.270340 102.579811 55.293320 76.540680 101.720184 56.782223 114.740311 102.180183 55.985489 113.873802 102.234711 55.891048 113.236221 101.997559 56.301800 114.407661 102.514191 55.406971 95.675850 102.382957 55.634274 108.432632 103.224075 57.242935 114.407661 103.482338 56.984669 113.873802 102.831810 57.635201 114.740311 103.559448 56.907558 113.236221 103.769104 56.697903 108.432632 103.954697 56.512310 95.675850 104.047493 56.419514 76.540680 104.047493 56.419514 38.270340 105.173691 57.887199 76.540680 105.173691 57.887199 38.270340 104.832733 58.084049 108.432632 104.575958 58.232300 113.236221 103.684784 58.746819 114.740311 104.165207 58.469444 114.407661 104.481522 58.286823 113.873802 105.060036 57.952816 95.675850 103.482338 65.876343 113.873802 103.559448 65.953453 113.236221 99.036499 68.385887 95.675850 95.493195 25.237593 103.000000 95.099495 25.237593 112.842522 95.099495 25.237593 104.924957 95.493195 25.237593 114.811020 102.579811 25.237593 103.000000 102.579811 25.237593 114.811020 102.973511 25.237593 104.924957 102.973511 25.237593 112.842522 102.973511 33.550648 104.924957 102.579811 34.019554 103.000000 102.973511 42.252480 103.000000 102.973511 42.252480 104.924957 102.579811 34.019554 114.811020 102.973511 34.019554 112.842522 102.973511 42.252480 114.811020 102.973511 42.252480 112.842522 95.493195 34.019554 114.811020 95.099495 34.019554 104.924957 95.099495 42.252480 103.000000 95.493195 34.019554 103.000000 95.099495 42.252480 114.811020 95.099495 34.019554 112.842522 95.099495 42.252480 112.842522 95.099495 42.252480 104.924957 96.280594 53.591061 103.000000 97.067993 54.850903 114.811020 97.067993 54.850903 103.000000 96.280594 53.591061 114.811020 95.690041 51.071377 114.811020 95.690041 51.071377 103.000000 95.296341 47.291847 114.811020 95.296341 47.291847 103.000000 102.776657 47.291847 114.811020 102.776657 47.291847 103.000000 102.382957 51.071377 114.811020 102.382957 51.071377 103.000000 101.792404 53.591061 114.811020 101.792404 53.591061 103.000000 101.005005 54.850903 114.811020 101.005005 54.850903 103.000000 101.005005 61.217873 114.811020 97.067993 61.217873 114.811020 101.005005 61.217873 103.000000 97.067993 61.217873 103.000000 101.005005 176.241531 3.469929 101.005005 48.438381 9.375441 101.005005 48.438381 3.469929 101.005005 176.241531 9.375441 97.067993 176.241531 9.375441 97.067993 48.438381 9.375441 97.067993 48.438381 3.469929 97.067993 176.241531 3.469929 157.257492 49.521580 -2.639107 -254.412842 132.714752 -2.639107 -254.412842 49.521580 -2.639107 157.257492 132.714752 -2.639107 157.257492 132.714752 -32.166668 157.257492 49.521580 -32.166668 169.068512 49.521580 -32.166668 169.068512 132.714752 -32.166668 -254.412842 49.521580 -32.166668 -266.223877 132.714752 -32.166668 -266.223877 49.521580 -32.166668 -254.412842 132.714752 -32.166668 142.156845 174.045303 136.431152 142.912781 174.045303 138.362366 142.534805 173.584045 137.396759 142.000290 175.158859 136.031189 143.069336 175.158859 138.762329 142.156845 176.272400 136.431152 142.912781 176.272400 138.362366 142.534805 176.733658 137.396759 49.095898 176.272400 172.858093 48.913429 175.158859 172.468262 49.536404 176.733658 173.799225 49.976913 176.272400 174.740341 50.159378 175.158859 175.130173 49.976913 174.045303 174.740341 49.536404 173.584045 173.799225 49.095898 174.045303 172.858093 -0.341062 176.272400 200.023376 -0.570208 175.158859 199.659195 0.212146 176.733658 200.902573 0.765353 176.272400 201.781769 0.994499 175.158859 202.145950 0.765353 174.045303 201.781769 0.212146 173.584045 200.902573 -0.341062 174.045303 200.023376 -48.577675 175.158859 233.990158 -48.577675 176.272400 234.518204 -48.577675 176.733658 235.792999 -48.577675 176.272400 237.067810 -48.577675 175.158859 237.595856 -48.577675 174.045303 237.067810 -48.577675 173.584045 235.792999 -48.577675 174.045303 234.518204 -96.585136 175.158859 199.659195 -96.814285 176.272400 200.023376 -97.367493 176.733658 200.902573 -97.920700 176.272400 201.781769 -98.149849 175.158859 202.145950 -97.920700 174.045303 201.781769 -97.367493 173.584045 200.902573 -96.814285 174.045303 200.023376 -146.068771 175.158859 172.468262 -146.251236 176.272400 172.858093 -146.691757 176.733658 173.799225 -147.132263 176.272400 174.740341 -147.314728 175.158859 175.130173 -147.132263 174.045303 174.740341 -146.691757 173.584045 173.799225 -146.251236 174.045303 172.858093 -239.155624 175.158859 136.031189 -239.312195 176.272400 136.431152 -239.690155 176.733658 137.396759 -240.068130 176.272400 138.362366 -240.224686 175.158859 138.762329 -240.068130 174.045303 138.362366 -239.690155 173.584045 137.396759 -239.312195 174.045303 136.431152 113.280952 176.261215 150.422424 143.069336 176.261215 138.762329 143.069336 174.056488 138.762329 113.280952 174.056488 150.422424 162.262299 175.789398 135.578812 162.262299 174.497437 135.578812 161.823853 174.497437 134.131989 161.823853 175.789398 134.131989 156.157288 176.257370 134.845444 156.014206 176.261215 134.880905 156.733444 176.261215 137.254318 158.258179 176.200943 134.324600 158.635361 176.191086 134.268692 159.304062 176.191086 136.475296 160.392471 176.057480 134.008209 160.392471 174.249023 134.008209 158.782578 174.126617 134.246872 158.258179 174.112930 134.324600 160.644241 174.266861 134.029984 160.486267 176.050842 134.016327 155.261932 176.261215 135.067413 161.069336 176.050842 135.940338 156.157288 174.056488 134.845444 159.444962 174.126617 136.432602 161.210236 174.266861 135.897644 156.874359 174.056488 137.211609 155.261932 174.056488 135.067413 -210.436295 176.261215 150.422424 -240.224686 174.056488 138.762329 -240.224686 176.261215 138.762329 -210.436295 174.056488 150.422424 -259.417664 175.789398 135.578812 -258.979187 174.497437 134.131989 -259.417664 174.497437 135.578812 -258.979187 175.789398 134.131989 -253.312637 176.257370 134.845444 -253.888794 176.261215 137.254318 -253.169540 176.261215 134.880905 -255.413528 176.200943 134.324600 -255.790695 176.191086 134.268692 -256.459412 176.191086 136.475296 -257.547821 176.057480 134.008209 -255.937927 174.126617 134.246872 -257.547821 174.249023 134.008209 -255.413528 174.112930 134.324600 -257.799591 174.266861 134.029984 -257.641602 176.050842 134.016327 -252.417267 176.261215 135.067413 -258.224670 176.050842 135.940338 -253.312637 174.056488 134.845444 -256.600311 174.126617 136.432602 -258.365570 174.266861 135.897644 -254.029694 174.056488 137.211609 -252.417267 174.056488 135.067413 142.156845 166.958679 136.431152 142.912781 166.958679 138.362366 142.534805 166.497437 137.396759 142.000290 168.072235 136.031189 143.069336 168.072235 138.762329 142.156845 169.185791 136.431152 142.912781 169.185791 138.362366 142.534805 169.647049 137.396759 49.095898 169.185791 172.858093 48.913429 168.072235 172.468262 49.536404 169.647049 173.799225 49.976913 169.185791 174.740341 50.159378 168.072235 175.130173 49.976913 166.958679 174.740341 49.536404 166.497437 173.799225 49.095898 166.958679 172.858093 -0.341062 169.185791 200.023376 -0.570208 168.072235 199.659195 0.212146 169.647049 200.902573 0.765353 169.185791 201.781769 0.994499 168.072235 202.145950 0.765353 166.958679 201.781769 0.212146 166.497437 200.902573 -0.341062 166.958679 200.023376 -48.577675 168.072235 233.990158 -48.577675 169.185791 234.518204 -48.577675 169.647049 235.792999 -48.577675 169.185791 237.067810 -48.577675 168.072235 237.595856 -48.577675 166.958679 237.067810 -48.577675 166.497437 235.792999 -48.577675 166.958679 234.518204 -96.585136 168.072235 199.659195 -96.814285 169.185791 200.023376 -97.367493 169.647049 200.902573 -97.920700 169.185791 201.781769 -98.149849 168.072235 202.145950 -97.920700 166.958679 201.781769 -97.367493 166.497437 200.902573 -96.814285 166.958679 200.023376 -146.068771 168.072235 172.468262 -146.251236 169.185791 172.858093 -146.691757 169.647049 173.799225 -147.132263 169.185791 174.740341 -147.314728 168.072235 175.130173 -147.132263 166.958679 174.740341 -146.691757 166.497437 173.799225 -146.251236 166.958679 172.858093 -239.155624 168.072235 136.031189 -239.312195 169.185791 136.431152 -239.690155 169.647049 137.396759 -240.068130 169.185791 138.362366 -240.224686 168.072235 138.762329 -240.068130 166.958679 138.362366 -239.690155 166.497437 137.396759 -239.312195 166.958679 136.431152 113.280952 169.174606 150.422424 143.069336 169.174606 138.762329 143.069336 166.969879 138.762329 113.280952 166.969879 150.422424 162.262299 168.702774 135.578812 162.262299 167.410828 135.578812 161.823853 167.410828 134.131989 161.823853 168.702774 134.131989 156.157288 169.170761 134.845444 156.014206 169.174606 134.880905 156.733444 169.174606 137.254318 158.258179 169.114319 134.324600 158.635361 169.104477 134.268692 159.304062 169.104477 136.475296 160.392471 168.970871 134.008209 160.392471 167.162415 134.008209 158.782578 167.040009 134.246872 158.258179 167.026306 134.324600 160.644241 167.180252 134.029984 160.486267 168.964218 134.016327 155.261932 169.174606 135.067413 161.069336 168.964218 135.940338 156.157288 166.969879 134.845444 159.444962 167.040009 136.432602 161.210236 167.180252 135.897644 156.874359 166.969879 137.211609 155.261932 166.969879 135.067413 -210.436295 169.174606 150.422424 -240.224686 166.969879 138.762329 -240.224686 169.174606 138.762329 -210.436295 166.969879 150.422424 -259.417664 168.702774 135.578812 -258.979187 167.410828 134.131989 -259.417664 167.410828 135.578812 -258.979187 168.702774 134.131989 -253.312637 169.170761 134.845444 -253.888794 169.174606 137.254318 -253.169540 169.174606 134.880905 -255.413528 169.114319 134.324600 -255.790695 169.104477 134.268692 -256.459412 169.104477 136.475296 -257.547821 168.970871 134.008209 -255.937927 167.040009 134.246872 -257.547821 167.162415 134.008209 -255.413528 167.026306 134.324600 -257.799591 167.180252 134.029984 -257.641602 168.964218 134.016327 -252.417267 169.174606 135.067413 -258.224670 168.964218 135.940338 -253.312637 166.969879 134.845444 -256.600311 167.040009 136.432602 -258.365570 167.180252 135.897644 -254.029694 166.969879 137.211609 -252.417267 166.969879 135.067413 142.156845 159.872070 136.431152 142.912781 159.872070 138.362366 142.534805 159.410828 137.396759 142.000290 160.985626 136.031189 143.069336 160.985626 138.762329 142.156845 162.099182 136.431152 142.912781 162.099182 138.362366 142.534805 162.560425 137.396759 49.095898 162.099182 172.858093 48.913429 160.985626 172.468262 49.536404 162.560425 173.799225 49.976913 162.099182 174.740341 50.159378 160.985626 175.130173 49.976913 159.872070 174.740341 49.536404 159.410828 173.799225 49.095898 159.872070 172.858093 -0.341062 162.099182 200.023376 -0.570208 160.985626 199.659195 0.212146 162.560425 200.902573 0.765353 162.099182 201.781769 0.994499 160.985626 202.145950 0.765353 159.872070 201.781769 0.212146 159.410828 200.902573 -0.341062 159.872070 200.023376 -48.577675 160.985626 233.990158 -48.577675 162.099182 234.518204 -48.577675 162.560425 235.792999 -48.577675 162.099182 237.067810 -48.577675 160.985626 237.595856 -48.577675 159.872070 237.067810 -48.577675 159.410828 235.792999 -48.577675 159.872070 234.518204 -96.585136 160.985626 199.659195 -96.814285 162.099182 200.023376 -97.367493 162.560425 200.902573 -97.920700 162.099182 201.781769 -98.149849 160.985626 202.145950 -97.920700 159.872070 201.781769 -97.367493 159.410828 200.902573 -96.814285 159.872070 200.023376 -146.068771 160.985626 172.468262 -146.251236 162.099182 172.858093 -146.691757 162.560425 173.799225 -147.132263 162.099182 174.740341 -147.314728 160.985626 175.130173 -147.132263 159.872070 174.740341 -146.691757 159.410828 173.799225 -146.251236 159.872070 172.858093 -239.155624 160.985626 136.031189 -239.312195 162.099182 136.431152 -239.690155 162.560425 137.396759 -240.068130 162.099182 138.362366 -240.224686 160.985626 138.762329 -240.068130 159.872070 138.362366 -239.690155 159.410828 137.396759 -239.312195 159.872070 136.431152 113.280952 162.087982 150.422424 143.069336 162.087982 138.762329 143.069336 159.883270 138.762329 113.280952 159.883270 150.422424 162.262299 161.616165 135.578812 162.262299 160.324203 135.578812 161.823853 160.324203 134.131989 161.823853 161.616165 134.131989 156.157288 162.084137 134.845444 156.014206 162.087982 134.880905 156.733444 162.087982 137.254318 158.258179 162.027710 134.324600 158.635361 162.017868 134.268692 159.304062 162.017868 136.475296 160.392471 161.884262 134.008209 160.392471 160.075806 134.008209 158.782578 159.953384 134.246872 158.258179 159.939697 134.324600 160.644241 160.093643 134.029984 160.486267 161.877609 134.016327 155.261932 162.087982 135.067413 161.069336 161.877609 135.940338 156.157288 159.883270 134.845444 159.444962 159.953384 136.432602 161.210236 160.093643 135.897644 156.874359 159.883270 137.211609 155.261932 159.883270 135.067413 -210.436295 162.087982 150.422424 -240.224686 159.883270 138.762329 -240.224686 162.087982 138.762329 -210.436295 159.883270 150.422424 -259.417664 161.616165 135.578812 -258.979187 160.324203 134.131989 -259.417664 160.324203 135.578812 -258.979187 161.616165 134.131989 -253.312637 162.084137 134.845444 -253.888794 162.087982 137.254318 -253.169540 162.087982 134.880905 -255.413528 162.027710 134.324600 -255.790695 162.017868 134.268692 -256.459412 162.017868 136.475296 -257.547821 161.884262 134.008209 -255.937927 159.953384 134.246872 -257.547821 160.075806 134.008209 -255.413528 159.939697 134.324600 -257.799591 160.093643 134.029984 -257.641602 161.877609 134.016327 -252.417267 162.087982 135.067413 -258.224670 161.877609 135.940338 -253.312637 159.883270 134.845444 -256.600311 159.953384 136.432602 -258.365570 160.093643 135.897644 -254.029694 159.883270 137.211609 -252.417267 159.883270 135.067413 142.156845 152.785461 136.431152 142.912781 152.785461 138.362366 142.534805 152.324203 137.396759 142.000290 153.899017 136.031189 143.069336 153.899017 138.762329 142.156845 155.012558 136.431152 142.912781 155.012558 138.362366 142.534805 155.473816 137.396759 49.095898 155.012558 172.858093 48.913429 153.899017 172.468262 49.536404 155.473816 173.799225 49.976913 155.012558 174.740341 50.159378 153.899017 175.130173 49.976913 152.785461 174.740341 49.536404 152.324203 173.799225 49.095898 152.785461 172.858093 -0.341062 155.012558 200.023376 -0.570208 153.899017 199.659195 0.212146 155.473816 200.902573 0.765353 155.012558 201.781769 0.994499 153.899017 202.145950 0.765353 152.785461 201.781769 0.212146 152.324203 200.902573 -0.341062 152.785461 200.023376 -48.577675 153.899017 233.990158 -48.577675 155.012558 234.518204 -48.577675 155.473816 235.792999 -48.577675 155.012558 237.067810 -48.577675 153.899017 237.595856 -48.577675 152.785461 237.067810 -48.577675 152.324203 235.792999 -48.577675 152.785461 234.518204 -96.585136 153.899017 199.659195 -96.814285 155.012558 200.023376 -97.367493 155.473816 200.902573 -97.920700 155.012558 201.781769 -98.149849 153.899017 202.145950 -97.920700 152.785461 201.781769 -97.367493 152.324203 200.902573 -96.814285 152.785461 200.023376 -146.068771 153.899017 172.468262 -146.251236 155.012558 172.858093 -146.691757 155.473816 173.799225 -147.132263 155.012558 174.740341 -147.314728 153.899017 175.130173 -147.132263 152.785461 174.740341 -146.691757 152.324203 173.799225 -146.251236 152.785461 172.858093 -239.155624 153.899017 136.031189 -239.312195 155.012558 136.431152 -239.690155 155.473816 137.396759 -240.068130 155.012558 138.362366 -240.224686 153.899017 138.762329 -240.068130 152.785461 138.362366 -239.690155 152.324203 137.396759 -239.312195 152.785461 136.431152 113.280952 155.001373 150.422424 143.069336 155.001373 138.762329 143.069336 152.796646 138.762329 113.280952 152.796646 150.422424 162.262299 154.529541 135.578812 162.262299 153.237595 135.578812 161.823853 153.237595 134.131989 161.823853 154.529541 134.131989 156.157288 154.997528 134.845444 156.014206 155.001373 134.880905 156.733444 155.001373 137.254318 158.258179 154.941101 134.324600 158.635361 154.931244 134.268692 159.304062 154.931244 136.475296 160.392471 154.797638 134.008209 160.392471 152.989182 134.008209 158.782578 152.866776 134.246872 158.258179 152.853088 134.324600 160.644241 153.007019 134.029984 160.486267 154.791000 134.016327 155.261932 155.001373 135.067413 161.069336 154.791000 135.940338 156.157288 152.796646 134.845444 159.444962 152.866776 136.432602 161.210236 153.007019 135.897644 156.874359 152.796646 137.211609 155.261932 152.796646 135.067413 -210.436295 155.001373 150.422424 -240.224686 152.796646 138.762329 -240.224686 155.001373 138.762329 -210.436295 152.796646 150.422424 -259.417664 154.529541 135.578812 -258.979187 153.237595 134.131989 -259.417664 153.237595 135.578812 -258.979187 154.529541 134.131989 -253.312637 154.997528 134.845444 -253.888794 155.001373 137.254318 -253.169540 155.001373 134.880905 -255.413528 154.941101 134.324600 -255.790695 154.931244 134.268692 -256.459412 154.931244 136.475296 -257.547821 154.797638 134.008209 -255.937927 152.866776 134.246872 -257.547821 152.989182 134.008209 -255.413528 152.853088 134.324600 -257.799591 153.007019 134.029984 -257.641602 154.791000 134.016327 -252.417267 155.001373 135.067413 -258.224670 154.791000 135.940338 -253.312637 152.796646 134.845444 -256.600311 152.866776 136.432602 -258.365570 153.007019 135.897644 -254.029694 152.796646 137.211609 -252.417267 152.796646 135.067413 142.156845 145.698837 136.431152 142.912781 145.698837 138.362366 142.534805 145.237595 137.396759 142.000290 146.812393 136.031189 143.069336 146.812393 138.762329 142.156845 147.925949 136.431152 142.912781 147.925949 138.362366 142.534805 148.387207 137.396759 49.095898 147.925949 172.858093 48.913429 146.812393 172.468262 49.536404 148.387207 173.799225 49.976913 147.925949 174.740341 50.159378 146.812393 175.130173 49.976913 145.698837 174.740341 49.536404 145.237595 173.799225 49.095898 145.698837 172.858093 -0.341062 147.925949 200.023376 -0.570208 146.812393 199.659195 0.212146 148.387207 200.902573 0.765353 147.925949 201.781769 0.994499 146.812393 202.145950 0.765353 145.698837 201.781769 0.212146 145.237595 200.902573 -0.341062 145.698837 200.023376 -48.577675 146.812393 233.990158 -48.577675 147.925949 234.518204 -48.577675 148.387207 235.792999 -48.577675 147.925949 237.067810 -48.577675 146.812393 237.595856 -48.577675 145.698837 237.067810 -48.577675 145.237595 235.792999 -48.577675 145.698837 234.518204 -96.585136 146.812393 199.659195 -96.814285 147.925949 200.023376 -97.367493 148.387207 200.902573 -97.920700 147.925949 201.781769 -98.149849 146.812393 202.145950 -97.920700 145.698837 201.781769 -97.367493 145.237595 200.902573 -96.814285 145.698837 200.023376 -146.068771 146.812393 172.468262 -146.251236 147.925949 172.858093 -146.691757 148.387207 173.799225 -147.132263 147.925949 174.740341 -147.314728 146.812393 175.130173 -147.132263 145.698837 174.740341 -146.691757 145.237595 173.799225 -146.251236 145.698837 172.858093 -239.155624 146.812393 136.031189 -239.312195 147.925949 136.431152 -239.690155 148.387207 137.396759 -240.068130 147.925949 138.362366 -240.224686 146.812393 138.762329 -240.068130 145.698837 138.362366 -239.690155 145.237595 137.396759 -239.312195 145.698837 136.431152 113.280952 147.914764 150.422424 143.069336 147.914764 138.762329 143.069336 145.710037 138.762329 113.280952 145.710037 150.422424 162.262299 147.442932 135.578812 162.262299 146.150986 135.578812 161.823853 146.150986 134.131989 161.823853 147.442932 134.131989 156.157288 147.910919 134.845444 156.014206 147.914764 134.880905 156.733444 147.914764 137.254318 158.258179 147.854477 134.324600 158.635361 147.844635 134.268692 159.304062 147.844635 136.475296 160.392471 147.711029 134.008209 160.392471 145.902573 134.008209 158.782578 145.780167 134.246872 158.258179 145.766464 134.324600 160.644241 145.920410 134.029984 160.486267 147.704376 134.016327 155.261932 147.914764 135.067413 161.069336 147.704376 135.940338 156.157288 145.710037 134.845444 159.444962 145.780167 136.432602 161.210236 145.920410 135.897644 156.874359 145.710037 137.211609 155.261932 145.710037 135.067413 -210.436295 147.914764 150.422424 -240.224686 145.710037 138.762329 -240.224686 147.914764 138.762329 -210.436295 145.710037 150.422424 -259.417664 147.442932 135.578812 -258.979187 146.150986 134.131989 -259.417664 146.150986 135.578812 -258.979187 147.442932 134.131989 -253.312637 147.910919 134.845444 -253.888794 147.914764 137.254318 -253.169540 147.914764 134.880905 -255.413528 147.854477 134.324600 -255.790695 147.844635 134.268692 -256.459412 147.844635 136.475296 -257.547821 147.711029 134.008209 -255.937927 145.780167 134.246872 -257.547821 145.902573 134.008209 -255.413528 145.766464 134.324600 -257.799591 145.920410 134.029984 -257.641602 147.704376 134.016327 -252.417267 147.914764 135.067413 -258.224670 147.704376 135.940338 -253.312637 145.710037 134.845444 -256.600311 145.780167 136.432602 -258.365570 145.920410 135.897644 -254.029694 145.710037 137.211609 -252.417267 145.710037 135.067413 142.156845 138.612228 136.431152 142.912781 138.612228 138.362366 142.534805 138.150986 137.396759 142.000290 139.725784 136.031189 143.069336 139.725784 138.762329 142.156845 140.839340 136.431152 142.912781 140.839340 138.362366 142.534805 141.300583 137.396759 49.095898 140.839340 172.858093 48.913429 139.725784 172.468262 49.536404 141.300583 173.799225 49.976913 140.839340 174.740341 50.159378 139.725784 175.130173 49.976913 138.612228 174.740341 49.536404 138.150986 173.799225 49.095898 138.612228 172.858093 -0.341062 140.839340 200.023376 -0.570208 139.725784 199.659195 0.212146 141.300583 200.902573 0.765353 140.839340 201.781769 0.994499 139.725784 202.145950 0.765353 138.612228 201.781769 0.212146 138.150986 200.902573 -0.341062 138.612228 200.023376 -48.577675 139.725784 233.990158 -48.577675 140.839340 234.518204 -48.577675 141.300583 235.792999 -48.577675 140.839340 237.067810 -48.577675 139.725784 237.595856 -48.577675 138.612228 237.067810 -48.577675 138.150986 235.792999 -48.577675 138.612228 234.518204 -96.585136 139.725784 199.659195 -96.814285 140.839340 200.023376 -97.367493 141.300583 200.902573 -97.920700 140.839340 201.781769 -98.149849 139.725784 202.145950 -97.920700 138.612228 201.781769 -97.367493 138.150986 200.902573 -96.814285 138.612228 200.023376 -146.068771 139.725784 172.468262 -146.251236 140.839340 172.858093 -146.691757 141.300583 173.799225 -147.132263 140.839340 174.740341 -147.314728 139.725784 175.130173 -147.132263 138.612228 174.740341 -146.691757 138.150986 173.799225 -146.251236 138.612228 172.858093 -239.155624 139.725784 136.031189 -239.312195 140.839340 136.431152 -239.690155 141.300583 137.396759 -240.068130 140.839340 138.362366 -240.224686 139.725784 138.762329 -240.068130 138.612228 138.362366 -239.690155 138.150986 137.396759 -239.312195 138.612228 136.431152 113.280952 140.828140 150.422424 143.069336 140.828140 138.762329 143.069336 138.623413 138.762329 113.280952 138.623413 150.422424 162.262299 140.356323 135.578812 162.262299 139.064362 135.578812 161.823853 139.064362 134.131989 161.823853 140.356323 134.131989 156.157288 140.824295 134.845444 156.014206 140.828140 134.880905 156.733444 140.828140 137.254318 158.258179 140.767868 134.324600 158.635361 140.758026 134.268692 159.304062 140.758026 136.475296 160.392471 140.624420 134.008209 160.392471 138.815964 134.008209 158.782578 138.693542 134.246872 158.258179 138.679855 134.324600 160.644241 138.833801 134.029984 160.486267 140.617767 134.016327 155.261932 140.828140 135.067413 161.069336 140.617767 135.940338 156.157288 138.623413 134.845444 159.444962 138.693542 136.432602 161.210236 138.833801 135.897644 156.874359 138.623413 137.211609 155.261932 138.623413 135.067413 -210.436295 140.828140 150.422424 -240.224686 138.623413 138.762329 -240.224686 140.828140 138.762329 -210.436295 138.623413 150.422424 -259.417664 140.356323 135.578812 -258.979187 139.064362 134.131989 -259.417664 139.064362 135.578812 -258.979187 140.356323 134.131989 -253.312637 140.824295 134.845444 -253.888794 140.828140 137.254318 -253.169540 140.828140 134.880905 -255.413528 140.767868 134.324600 -255.790695 140.758026 134.268692 -256.459412 140.758026 136.475296 -257.547821 140.624420 134.008209 -255.937927 138.693542 134.246872 -257.547821 138.815964 134.008209 -255.413528 138.679855 134.324600 -257.799591 138.833801 134.029984 -257.641602 140.617767 134.016327 -252.417267 140.828140 135.067413 -258.224670 140.617767 135.940338 -253.312637 138.623413 134.845444 -256.600311 138.693542 136.432602 -258.365570 138.833801 135.897644 -254.029694 138.623413 137.211609 -252.417267 138.623413 135.067413 142.156845 32.313015 136.431152 142.912781 32.313015 138.362366 142.534805 31.851767 137.396759 142.000290 33.426571 136.031189 143.069336 33.426571 138.762329 142.156845 34.540123 136.431152 142.912781 34.540123 138.362366 142.534805 35.001373 137.396759 49.095898 34.540123 172.858093 48.913429 33.426571 172.468262 49.536404 35.001373 173.799225 49.976913 34.540123 174.740341 50.159378 33.426571 175.130173 49.976913 32.313015 174.740341 49.536404 31.851767 173.799225 49.095898 32.313015 172.858093 -0.341062 34.540123 200.023376 -0.570208 33.426571 199.659195 0.212146 35.001373 200.902573 0.765353 34.540123 201.781769 0.994499 33.426571 202.145950 0.765353 32.313015 201.781769 0.212146 31.851767 200.902573 -0.341062 32.313015 200.023376 -48.577675 33.426571 233.990158 -48.577675 34.540123 234.518204 -48.577675 35.001373 235.792999 -48.577675 34.540123 237.067810 -48.577675 33.426571 237.595856 -48.577675 32.313015 237.067810 -48.577675 31.851767 235.792999 -48.577675 32.313015 234.518204 -96.585136 33.426571 199.659195 -96.814285 34.540123 200.023376 -97.367493 35.001373 200.902573 -97.920700 34.540123 201.781769 -98.149849 33.426571 202.145950 -97.920700 32.313015 201.781769 -97.367493 31.851767 200.902573 -96.814285 32.313015 200.023376 -146.068771 33.426571 172.468262 -146.251236 34.540123 172.858093 -146.691757 35.001373 173.799225 -147.132263 34.540123 174.740341 -147.314728 33.426571 175.130173 -147.132263 32.313015 174.740341 -146.691757 31.851767 173.799225 -146.251236 32.313015 172.858093 -239.155624 33.426571 136.031189 -239.312195 34.540123 136.431152 -239.690155 35.001373 137.396759 -240.068130 34.540123 138.362366 -240.224686 33.426571 138.762329 -240.068130 32.313015 138.362366 -239.690155 31.851767 137.396759 -239.312195 32.313015 136.431152 113.280952 34.528931 150.422424 143.069336 34.528931 138.762329 143.069336 32.324207 138.762329 113.280952 32.324207 150.422424 162.262299 34.057106 135.578812 162.262299 32.765152 135.578812 161.823853 32.765152 134.131989 161.823853 34.057106 134.131989 156.157288 34.525089 134.845444 156.014206 34.528931 134.880905 156.733444 34.528931 137.254318 158.258179 34.468655 134.324600 158.635361 34.458805 134.268692 159.304062 34.458805 136.475296 160.392471 34.325203 134.008209 160.392471 32.516743 134.008209 158.782578 32.394333 134.246872 158.258179 32.380642 134.324600 160.644241 32.534584 134.029984 160.486267 34.318558 134.016327 155.261932 34.528931 135.067413 161.069336 34.318558 135.940338 156.157288 32.324207 134.845444 159.444962 32.394333 136.432602 161.210236 32.534584 135.897644 156.874359 32.324207 137.211609 155.261932 32.324207 135.067413 -210.436295 34.528931 150.422424 -240.224686 32.324207 138.762329 -240.224686 34.528931 138.762329 -210.436295 32.324207 150.422424 -259.417664 34.057106 135.578812 -258.979187 32.765152 134.131989 -259.417664 32.765152 135.578812 -258.979187 34.057106 134.131989 -253.312637 34.525089 134.845444 -253.888794 34.528931 137.254318 -253.169540 34.528931 134.880905 -255.413528 34.468655 134.324600 -255.790695 34.458805 134.268692 -256.459412 34.458805 136.475296 -257.547821 34.325203 134.008209 -255.937927 32.394333 134.246872 -257.547821 32.516743 134.008209 -255.413528 32.380642 134.324600 -257.799591 32.534584 134.029984 -257.641602 34.318558 134.016327 -252.417267 34.528931 135.067413 -258.224670 34.318558 135.940338 -253.312637 32.324207 134.845444 -256.600311 32.394333 136.432602 -258.365570 32.534584 135.897644 -254.029694 32.324207 137.211609 -252.417267 32.324207 135.067413 142.156845 117.352386 136.431152 142.912781 117.352386 138.362366 142.534805 116.891136 137.396759 142.000290 118.465942 136.031189 143.069336 118.465942 138.762329 142.156845 119.579491 136.431152 142.912781 119.579491 138.362366 142.534805 120.040741 137.396759 49.095898 119.579491 172.858093 48.913429 118.465942 172.468262 49.536404 120.040741 173.799225 49.976913 119.579491 174.740341 50.159378 118.465942 175.130173 49.976913 117.352386 174.740341 49.536404 116.891136 173.799225 49.095898 117.352386 172.858093 -0.341062 119.579491 200.023376 -0.570208 118.465942 199.659195 0.212146 120.040741 200.902573 0.765353 119.579491 201.781769 0.994499 118.465942 202.145950 0.765353 117.352386 201.781769 0.212146 116.891136 200.902573 -0.341062 117.352386 200.023376 -48.577675 118.465942 233.990158 -48.577675 119.579491 234.518204 -48.577675 120.040741 235.792999 -48.577675 119.579491 237.067810 -48.577675 118.465942 237.595856 -48.577675 117.352386 237.067810 -48.577675 116.891136 235.792999 -48.577675 117.352386 234.518204 -96.585136 118.465942 199.659195 -96.814285 119.579491 200.023376 -97.367493 120.040741 200.902573 -97.920700 119.579491 201.781769 -98.149849 118.465942 202.145950 -97.920700 117.352386 201.781769 -97.367493 116.891136 200.902573 -96.814285 117.352386 200.023376 -146.068771 118.465942 172.468262 -146.251236 119.579491 172.858093 -146.691757 120.040741 173.799225 -147.132263 119.579491 174.740341 -147.314728 118.465942 175.130173 -147.132263 117.352386 174.740341 -146.691757 116.891136 173.799225 -146.251236 117.352386 172.858093 -239.155624 118.465942 136.031189 -239.312195 119.579491 136.431152 -239.690155 120.040741 137.396759 -240.068130 119.579491 138.362366 -240.224686 118.465942 138.762329 -240.068130 117.352386 138.362366 -239.690155 116.891136 137.396759 -239.312195 117.352386 136.431152 113.280952 119.568306 150.422424 143.069336 119.568306 138.762329 143.069336 117.363579 138.762329 113.280952 117.363579 150.422424 162.262299 119.096474 135.578812 162.262299 117.804520 135.578812 161.823853 117.804520 134.131989 161.823853 119.096474 134.131989 156.157288 119.564461 134.845444 156.014206 119.568306 134.880905 156.733444 119.568306 137.254318 158.258179 119.508026 134.324600 158.635361 119.498177 134.268692 159.304062 119.498177 136.475296 160.392471 119.364571 134.008209 160.392471 117.556114 134.008209 158.782578 117.433701 134.246872 158.258179 117.420013 134.324600 160.644241 117.573952 134.029984 160.486267 119.357925 134.016327 155.261932 119.568306 135.067413 161.069336 119.357925 135.940338 156.157288 117.363579 134.845444 159.444962 117.433701 136.432602 161.210236 117.573952 135.897644 156.874359 117.363579 137.211609 155.261932 117.363579 135.067413 -210.436295 119.568306 150.422424 -240.224686 117.363579 138.762329 -240.224686 119.568306 138.762329 -210.436295 117.363579 150.422424 -259.417664 119.096474 135.578812 -258.979187 117.804520 134.131989 -259.417664 117.804520 135.578812 -258.979187 119.096474 134.131989 -253.312637 119.564461 134.845444 -253.888794 119.568306 137.254318 -253.169540 119.568306 134.880905 -255.413528 119.508026 134.324600 -255.790695 119.498177 134.268692 -256.459412 119.498177 136.475296 -257.547821 119.364571 134.008209 -255.937927 117.433701 134.246872 -257.547821 117.556114 134.008209 -255.413528 117.420013 134.324600 -257.799591 117.573952 134.029984 -257.641602 119.357925 134.016327 -252.417267 119.568306 135.067413 -258.224670 119.357925 135.940338 -253.312637 117.363579 134.845444 -256.600311 117.433701 136.432602 -258.365570 117.573952 135.897644 -254.029694 117.363579 137.211609 -252.417267 117.363579 135.067413 142.156845 124.439003 136.431152 142.912781 124.439003 138.362366 142.534805 123.977753 137.396759 142.000290 125.552551 136.031189 143.069336 125.552551 138.762329 142.156845 126.666107 136.431152 142.912781 126.666107 138.362366 142.534805 127.127357 137.396759 49.095898 126.666107 172.858093 48.913429 125.552551 172.468262 49.536404 127.127357 173.799225 49.976913 126.666107 174.740341 50.159378 125.552551 175.130173 49.976913 124.439003 174.740341 49.536404 123.977753 173.799225 49.095898 124.439003 172.858093 -0.341062 126.666107 200.023376 -0.570208 125.552551 199.659195 0.212146 127.127357 200.902573 0.765353 126.666107 201.781769 0.994499 125.552551 202.145950 0.765353 124.439003 201.781769 0.212146 123.977753 200.902573 -0.341062 124.439003 200.023376 -48.577675 125.552551 233.990158 -48.577675 126.666107 234.518204 -48.577675 127.127357 235.792999 -48.577675 126.666107 237.067810 -48.577675 125.552551 237.595856 -48.577675 124.439003 237.067810 -48.577675 123.977753 235.792999 -48.577675 124.439003 234.518204 -96.585136 125.552551 199.659195 -96.814285 126.666107 200.023376 -97.367493 127.127357 200.902573 -97.920700 126.666107 201.781769 -98.149849 125.552551 202.145950 -97.920700 124.439003 201.781769 -97.367493 123.977753 200.902573 -96.814285 124.439003 200.023376 -146.068771 125.552551 172.468262 -146.251236 126.666107 172.858093 -146.691757 127.127357 173.799225 -147.132263 126.666107 174.740341 -147.314728 125.552551 175.130173 -147.132263 124.439003 174.740341 -146.691757 123.977753 173.799225 -146.251236 124.439003 172.858093 -239.155624 125.552551 136.031189 -239.312195 126.666107 136.431152 -239.690155 127.127357 137.396759 -240.068130 126.666107 138.362366 -240.224686 125.552551 138.762329 -240.068130 124.439003 138.362366 -239.690155 123.977753 137.396759 -239.312195 124.439003 136.431152 113.280952 126.654915 150.422424 143.069336 126.654915 138.762329 143.069336 124.450195 138.762329 113.280952 124.450195 150.422424 162.262299 126.183090 135.578812 162.262299 124.891136 135.578812 161.823853 124.891136 134.131989 161.823853 126.183090 134.131989 156.157288 126.651070 134.845444 156.014206 126.654915 134.880905 156.733444 126.654915 137.254318 158.258179 126.594635 134.324600 158.635361 126.584793 134.268692 159.304062 126.584793 136.475296 160.392471 126.451187 134.008209 160.392471 124.642731 134.008209 158.782578 124.520317 134.246872 158.258179 124.506630 134.324600 160.644241 124.660568 134.029984 160.486267 126.444542 134.016327 155.261932 126.654915 135.067413 161.069336 126.444542 135.940338 156.157288 124.450195 134.845444 159.444962 124.520317 136.432602 161.210236 124.660568 135.897644 156.874359 124.450195 137.211609 155.261932 124.450195 135.067413 -210.436295 126.654915 150.422424 -240.224686 124.450195 138.762329 -240.224686 126.654915 138.762329 -210.436295 124.450195 150.422424 -259.417664 126.183090 135.578812 -258.979187 124.891136 134.131989 -259.417664 124.891136 135.578812 -258.979187 126.183090 134.131989 -253.312637 126.651070 134.845444 -253.888794 126.654915 137.254318 -253.169540 126.654915 134.880905 -255.413528 126.594635 134.324600 -255.790695 126.584793 134.268692 -256.459412 126.584793 136.475296 -257.547821 126.451187 134.008209 -255.937927 124.520317 134.246872 -257.547821 124.642731 134.008209 -255.413528 124.506630 134.324600 -257.799591 124.660568 134.029984 -257.641602 126.444542 134.016327 -252.417267 126.654915 135.067413 -258.224670 126.444542 135.940338 -253.312637 124.450195 134.845444 -256.600311 124.520317 136.432602 -258.365570 124.660568 135.897644 -254.029694 124.450195 137.211609 -252.417267 124.450195 135.067413 142.156845 131.525620 136.431152 142.912781 131.525620 138.362366 142.534805 131.064362 137.396759 142.000290 132.639175 136.031189 143.069336 132.639175 138.762329 142.156845 133.752716 136.431152 142.912781 133.752716 138.362366 142.534805 134.213974 137.396759 49.095898 133.752716 172.858093 48.913429 132.639175 172.468262 49.536404 134.213974 173.799225 49.976913 133.752716 174.740341 50.159378 132.639175 175.130173 49.976913 131.525620 174.740341 49.536404 131.064362 173.799225 49.095898 131.525620 172.858093 -0.341062 133.752716 200.023376 -0.570208 132.639175 199.659195 0.212146 134.213974 200.902573 0.765353 133.752716 201.781769 0.994499 132.639175 202.145950 0.765353 131.525620 201.781769 0.212146 131.064362 200.902573 -0.341062 131.525620 200.023376 -48.577675 132.639175 233.990158 -48.577675 133.752716 234.518204 -48.577675 134.213974 235.792999 -48.577675 133.752716 237.067810 -48.577675 132.639175 237.595856 -48.577675 131.525620 237.067810 -48.577675 131.064362 235.792999 -48.577675 131.525620 234.518204 -96.585136 132.639175 199.659195 -96.814285 133.752716 200.023376 -97.367493 134.213974 200.902573 -97.920700 133.752716 201.781769 -98.149849 132.639175 202.145950 -97.920700 131.525620 201.781769 -97.367493 131.064362 200.902573 -96.814285 131.525620 200.023376 -146.068771 132.639175 172.468262 -146.251236 133.752716 172.858093 -146.691757 134.213974 173.799225 -147.132263 133.752716 174.740341 -147.314728 132.639175 175.130173 -147.132263 131.525620 174.740341 -146.691757 131.064362 173.799225 -146.251236 131.525620 172.858093 -239.155624 132.639175 136.031189 -239.312195 133.752716 136.431152 -239.690155 134.213974 137.396759 -240.068130 133.752716 138.362366 -240.224686 132.639175 138.762329 -240.068130 131.525620 138.362366 -239.690155 131.064362 137.396759 -239.312195 131.525620 136.431152 113.280952 133.741531 150.422424 143.069336 133.741531 138.762329 143.069336 131.536804 138.762329 113.280952 131.536804 150.422424 162.262299 133.269699 135.578812 162.262299 131.977753 135.578812 161.823853 131.977753 134.131989 161.823853 133.269699 134.131989 156.157288 133.737686 134.845444 156.014206 133.741531 134.880905 156.733444 133.741531 137.254318 158.258179 133.681259 134.324600 158.635361 133.671402 134.268692 159.304062 133.671402 136.475296 160.392471 133.537796 134.008209 160.392471 131.729340 134.008209 158.782578 131.606934 134.246872 158.258179 131.593246 134.324600 160.644241 131.747177 134.029984 160.486267 133.531158 134.016327 155.261932 133.741531 135.067413 161.069336 133.531158 135.940338 156.157288 131.536804 134.845444 159.444962 131.606934 136.432602 161.210236 131.747177 135.897644 156.874359 131.536804 137.211609 155.261932 131.536804 135.067413 -210.436295 133.741531 150.422424 -240.224686 131.536804 138.762329 -240.224686 133.741531 138.762329 -210.436295 131.536804 150.422424 -259.417664 133.269699 135.578812 -258.979187 131.977753 134.131989 -259.417664 131.977753 135.578812 -258.979187 133.269699 134.131989 -253.312637 133.737686 134.845444 -253.888794 133.741531 137.254318 -253.169540 133.741531 134.880905 -255.413528 133.681259 134.324600 -255.790695 133.671402 134.268692 -256.459412 133.671402 136.475296 -257.547821 133.537796 134.008209 -255.937927 131.606934 134.246872 -257.547821 131.729340 134.008209 -255.413528 131.593246 134.324600 -257.799591 131.747177 134.029984 -257.641602 133.531158 134.016327 -252.417267 133.741531 135.067413 -258.224670 133.531158 135.940338 -253.312637 131.536804 134.845444 -256.600311 131.606934 136.432602 -258.365570 131.747177 135.897644 -254.029694 131.536804 137.211609 -252.417267 131.536804 135.067413 142.156845 39.399632 136.431152 142.912781 39.399632 138.362366 142.534805 38.938381 137.396759 142.000290 40.513184 136.031189 143.069336 40.513184 138.762329 142.156845 41.626740 136.431152 142.912781 41.626740 138.362366 142.534805 42.087986 137.396759 49.095898 41.626740 172.858093 48.913429 40.513184 172.468262 49.536404 42.087986 173.799225 49.976913 41.626740 174.740341 50.159378 40.513184 175.130173 49.976913 39.399632 174.740341 49.536404 38.938381 173.799225 49.095898 39.399632 172.858093 -0.341062 41.626740 200.023376 -0.570208 40.513184 199.659195 0.212146 42.087986 200.902573 0.765353 41.626740 201.781769 0.994499 40.513184 202.145950 0.765353 39.399632 201.781769 0.212146 38.938381 200.902573 -0.341062 39.399632 200.023376 -48.577675 40.513184 233.990158 -48.577675 41.626740 234.518204 -48.577675 42.087986 235.792999 -48.577675 41.626740 237.067810 -48.577675 40.513184 237.595856 -48.577675 39.399632 237.067810 -48.577675 38.938381 235.792999 -48.577675 39.399632 234.518204 -96.585136 40.513184 199.659195 -96.814285 41.626740 200.023376 -97.367493 42.087986 200.902573 -97.920700 41.626740 201.781769 -98.149849 40.513184 202.145950 -97.920700 39.399632 201.781769 -97.367493 38.938381 200.902573 -96.814285 39.399632 200.023376 -146.068771 40.513184 172.468262 -146.251236 41.626740 172.858093 -146.691757 42.087986 173.799225 -147.132263 41.626740 174.740341 -147.314728 40.513184 175.130173 -147.132263 39.399632 174.740341 -146.691757 38.938381 173.799225 -146.251236 39.399632 172.858093 -239.155624 40.513184 136.031189 -239.312195 41.626740 136.431152 -239.690155 42.087986 137.396759 -240.068130 41.626740 138.362366 -240.224686 40.513184 138.762329 -240.068130 39.399632 138.362366 -239.690155 38.938381 137.396759 -239.312195 39.399632 136.431152 113.280952 41.615547 150.422424 143.069336 41.615547 138.762329 143.069336 39.410824 138.762329 113.280952 39.410824 150.422424 162.262299 41.143723 135.578812 162.262299 39.851768 135.578812 161.823853 39.851768 134.131989 161.823853 41.143723 134.131989 156.157288 41.611702 134.845444 156.014206 41.615547 134.880905 156.733444 41.615547 137.254318 158.258179 41.555267 134.324600 158.635361 41.545422 134.268692 159.304062 41.545422 136.475296 160.392471 41.411816 134.008209 160.392471 39.603359 134.008209 158.782578 39.480946 134.246872 158.258179 39.467258 134.324600 160.644241 39.621197 134.029984 160.486267 41.405170 134.016327 155.261932 41.615547 135.067413 161.069336 41.405170 135.940338 156.157288 39.410824 134.845444 159.444962 39.480946 136.432602 161.210236 39.621197 135.897644 156.874359 39.410824 137.211609 155.261932 39.410824 135.067413 -210.436295 41.615547 150.422424 -240.224686 39.410824 138.762329 -240.224686 41.615547 138.762329 -210.436295 39.410824 150.422424 -259.417664 41.143723 135.578812 -258.979187 39.851768 134.131989 -259.417664 39.851768 135.578812 -258.979187 41.143723 134.131989 -253.312637 41.611702 134.845444 -253.888794 41.615547 137.254318 -253.169540 41.615547 134.880905 -255.413528 41.555267 134.324600 -255.790695 41.545422 134.268692 -256.459412 41.545422 136.475296 -257.547821 41.411816 134.008209 -255.937927 39.480946 134.246872 -257.547821 39.603359 134.008209 -255.413528 39.467258 134.324600 -257.799591 39.621197 134.029984 -257.641602 41.405170 134.016327 -252.417267 41.615547 135.067413 -258.224670 41.405170 135.940338 -253.312637 39.410824 134.845444 -256.600311 39.480946 136.432602 -258.365570 39.621197 135.897644 -254.029694 39.410824 137.211609 -252.417267 39.410824 135.067413 142.156845 46.486244 136.431152 142.912781 46.486244 138.362366 142.534805 46.024994 137.396759 142.000290 47.599800 136.031189 143.069336 47.599800 138.762329 142.156845 48.713352 136.431152 142.912781 48.713352 138.362366 142.534805 49.174603 137.396759 49.095898 48.713352 172.858093 48.913429 47.599800 172.468262 49.536404 49.174603 173.799225 49.976913 48.713352 174.740341 50.159378 47.599800 175.130173 49.976913 46.486244 174.740341 49.536404 46.024994 173.799225 49.095898 46.486244 172.858093 -0.341062 48.713352 200.023376 -0.570208 47.599800 199.659195 0.212146 49.174603 200.902573 0.765353 48.713352 201.781769 0.994499 47.599800 202.145950 0.765353 46.486244 201.781769 0.212146 46.024994 200.902573 -0.341062 46.486244 200.023376 -48.577675 47.599800 233.990158 -48.577675 48.713352 234.518204 -48.577675 49.174603 235.792999 -48.577675 48.713352 237.067810 -48.577675 47.599800 237.595856 -48.577675 46.486244 237.067810 -48.577675 46.024994 235.792999 -48.577675 46.486244 234.518204 -96.585136 47.599800 199.659195 -96.814285 48.713352 200.023376 -97.367493 49.174603 200.902573 -97.920700 48.713352 201.781769 -98.149849 47.599800 202.145950 -97.920700 46.486244 201.781769 -97.367493 46.024994 200.902573 -96.814285 46.486244 200.023376 -146.068771 47.599800 172.468262 -146.251236 48.713352 172.858093 -146.691757 49.174603 173.799225 -147.132263 48.713352 174.740341 -147.314728 47.599800 175.130173 -147.132263 46.486244 174.740341 -146.691757 46.024994 173.799225 -146.251236 46.486244 172.858093 -239.155624 47.599800 136.031189 -239.312195 48.713352 136.431152 -239.690155 49.174603 137.396759 -240.068130 48.713352 138.362366 -240.224686 47.599800 138.762329 -240.068130 46.486244 138.362366 -239.690155 46.024994 137.396759 -239.312195 46.486244 136.431152 113.280952 48.702160 150.422424 143.069336 48.702160 138.762329 143.069336 46.497437 138.762329 113.280952 46.497437 150.422424 162.262299 48.230335 135.578812 162.262299 46.938381 135.578812 161.823853 46.938381 134.131989 161.823853 48.230335 134.131989 156.157288 48.698318 134.845444 156.014206 48.702160 134.880905 156.733444 48.702160 137.254318 158.258179 48.641884 134.324600 158.635361 48.632034 134.268692 159.304062 48.632034 136.475296 160.392471 48.498428 134.008209 160.392471 46.689972 134.008209 158.782578 46.567562 134.246872 158.258179 46.553871 134.324600 160.644241 46.707813 134.029984 160.486267 48.491783 134.016327 155.261932 48.702160 135.067413 161.069336 48.491783 135.940338 156.157288 46.497437 134.845444 159.444962 46.567562 136.432602 161.210236 46.707813 135.897644 156.874359 46.497437 137.211609 155.261932 46.497437 135.067413 -210.436295 48.702160 150.422424 -240.224686 46.497437 138.762329 -240.224686 48.702160 138.762329 -210.436295 46.497437 150.422424 -259.417664 48.230335 135.578812 -258.979187 46.938381 134.131989 -259.417664 46.938381 135.578812 -258.979187 48.230335 134.131989 -253.312637 48.698318 134.845444 -253.888794 48.702160 137.254318 -253.169540 48.702160 134.880905 -255.413528 48.641884 134.324600 -255.790695 48.632034 134.268692 -256.459412 48.632034 136.475296 -257.547821 48.498428 134.008209 -255.937927 46.567562 134.246872 -257.547821 46.689972 134.008209 -255.413528 46.553871 134.324600 -257.799591 46.707813 134.029984 -257.641602 48.491783 134.016327 -252.417267 48.702160 135.067413 -258.224670 48.491783 135.940338 -253.312637 46.497437 134.845444 -256.600311 46.567562 136.432602 -258.365570 46.707813 135.897644 -254.029694 46.497437 137.211609 -252.417267 46.497437 135.067413 142.156845 53.572857 136.431152 142.912781 53.572857 138.362366 142.534805 53.111610 137.396759 142.000290 54.686413 136.031189 143.069336 54.686413 138.762329 142.156845 55.799965 136.431152 142.912781 55.799965 138.362366 142.534805 56.261215 137.396759 49.095898 55.799965 172.858093 48.913429 54.686413 172.468262 49.536404 56.261215 173.799225 49.976913 55.799965 174.740341 50.159378 54.686413 175.130173 49.976913 53.572857 174.740341 49.536404 53.111610 173.799225 49.095898 53.572857 172.858093 -0.341062 55.799965 200.023376 -0.570208 54.686413 199.659195 0.212146 56.261215 200.902573 0.765353 55.799965 201.781769 0.994499 54.686413 202.145950 0.765353 53.572857 201.781769 0.212146 53.111610 200.902573 -0.341062 53.572857 200.023376 -48.577675 54.686413 233.990158 -48.577675 55.799965 234.518204 -48.577675 56.261215 235.792999 -48.577675 55.799965 237.067810 -48.577675 54.686413 237.595856 -48.577675 53.572857 237.067810 -48.577675 53.111610 235.792999 -48.577675 53.572857 234.518204 -96.585136 54.686413 199.659195 -96.814285 55.799965 200.023376 -97.367493 56.261215 200.902573 -97.920700 55.799965 201.781769 -98.149849 54.686413 202.145950 -97.920700 53.572857 201.781769 -97.367493 53.111610 200.902573 -96.814285 53.572857 200.023376 -146.068771 54.686413 172.468262 -146.251236 55.799965 172.858093 -146.691757 56.261215 173.799225 -147.132263 55.799965 174.740341 -147.314728 54.686413 175.130173 -147.132263 53.572857 174.740341 -146.691757 53.111610 173.799225 -146.251236 53.572857 172.858093 -239.155624 54.686413 136.031189 -239.312195 55.799965 136.431152 -239.690155 56.261215 137.396759 -240.068130 55.799965 138.362366 -240.224686 54.686413 138.762329 -240.068130 53.572857 138.362366 -239.690155 53.111610 137.396759 -239.312195 53.572857 136.431152 113.280952 55.788776 150.422424 143.069336 55.788776 138.762329 143.069336 53.584049 138.762329 113.280952 53.584049 150.422424 162.262299 55.316952 135.578812 162.262299 54.024994 135.578812 161.823853 54.024994 134.131989 161.823853 55.316952 134.131989 156.157288 55.784931 134.845444 156.014206 55.788776 134.880905 156.733444 55.788776 137.254318 158.258179 55.728497 134.324600 158.635361 55.718651 134.268692 159.304062 55.718651 136.475296 160.392471 55.585045 134.008209 160.392471 53.776585 134.008209 158.782578 53.654175 134.246872 158.258179 53.640484 134.324600 160.644241 53.794426 134.029984 160.486267 55.578400 134.016327 155.261932 55.788776 135.067413 161.069336 55.578400 135.940338 156.157288 53.584049 134.845444 159.444962 53.654175 136.432602 161.210236 53.794426 135.897644 156.874359 53.584049 137.211609 155.261932 53.584049 135.067413 -210.436295 55.788776 150.422424 -240.224686 53.584049 138.762329 -240.224686 55.788776 138.762329 -210.436295 53.584049 150.422424 -259.417664 55.316952 135.578812 -258.979187 54.024994 134.131989 -259.417664 54.024994 135.578812 -258.979187 55.316952 134.131989 -253.312637 55.784931 134.845444 -253.888794 55.788776 137.254318 -253.169540 55.788776 134.880905 -255.413528 55.728497 134.324600 -255.790695 55.718651 134.268692 -256.459412 55.718651 136.475296 -257.547821 55.585045 134.008209 -255.937927 53.654175 134.246872 -257.547821 53.776585 134.008209 -255.413528 53.640484 134.324600 -257.799591 53.794426 134.029984 -257.641602 55.578400 134.016327 -252.417267 55.788776 135.067413 -258.224670 55.578400 135.940338 -253.312637 53.584049 134.845444 -256.600311 53.654175 136.432602 -258.365570 53.794426 135.897644 -254.029694 53.584049 137.211609 -252.417267 53.584049 135.067413 142.156845 110.265770 136.431152 142.912781 110.265770 138.362366 142.534805 109.804520 137.396759 142.000290 111.379326 136.031189 143.069336 111.379326 138.762329 142.156845 112.492882 136.431152 142.912781 112.492882 138.362366 142.534805 112.954132 137.396759 49.095898 112.492882 172.858093 48.913429 111.379326 172.468262 49.536404 112.954132 173.799225 49.976913 112.492882 174.740341 50.159378 111.379326 175.130173 49.976913 110.265770 174.740341 49.536404 109.804520 173.799225 49.095898 110.265770 172.858093 -0.341062 112.492882 200.023376 -0.570208 111.379326 199.659195 0.212146 112.954132 200.902573 0.765353 112.492882 201.781769 0.994499 111.379326 202.145950 0.765353 110.265770 201.781769 0.212146 109.804520 200.902573 -0.341062 110.265770 200.023376 -48.577675 111.379326 233.990158 -48.577675 112.492882 234.518204 -48.577675 112.954132 235.792999 -48.577675 112.492882 237.067810 -48.577675 111.379326 237.595856 -48.577675 110.265770 237.067810 -48.577675 109.804520 235.792999 -48.577675 110.265770 234.518204 -96.585136 111.379326 199.659195 -96.814285 112.492882 200.023376 -97.367493 112.954132 200.902573 -97.920700 112.492882 201.781769 -98.149849 111.379326 202.145950 -97.920700 110.265770 201.781769 -97.367493 109.804520 200.902573 -96.814285 110.265770 200.023376 -146.068771 111.379326 172.468262 -146.251236 112.492882 172.858093 -146.691757 112.954132 173.799225 -147.132263 112.492882 174.740341 -147.314728 111.379326 175.130173 -147.132263 110.265770 174.740341 -146.691757 109.804520 173.799225 -146.251236 110.265770 172.858093 -239.155624 111.379326 136.031189 -239.312195 112.492882 136.431152 -239.690155 112.954132 137.396759 -240.068130 112.492882 138.362366 -240.224686 111.379326 138.762329 -240.068130 110.265770 138.362366 -239.690155 109.804520 137.396759 -239.312195 110.265770 136.431152 113.280952 112.481689 150.422424 143.069336 112.481689 138.762329 143.069336 110.276962 138.762329 113.280952 110.276962 150.422424 162.262299 112.009865 135.578812 162.262299 110.717911 135.578812 161.823853 110.717911 134.131989 161.823853 112.009865 134.131989 156.157288 112.477844 134.845444 156.014206 112.481689 134.880905 156.733444 112.481689 137.254318 158.258179 112.421410 134.324600 158.635361 112.411560 134.268692 159.304062 112.411560 136.475296 160.392471 112.277954 134.008209 160.392471 110.469498 134.008209 158.782578 110.347092 134.246872 158.258179 110.333397 134.324600 160.644241 110.487343 134.029984 160.486267 112.271309 134.016327 155.261932 112.481689 135.067413 161.069336 112.271309 135.940338 156.157288 110.276962 134.845444 159.444962 110.347092 136.432602 161.210236 110.487343 135.897644 156.874359 110.276962 137.211609 155.261932 110.276962 135.067413 -210.436295 112.481689 150.422424 -240.224686 110.276962 138.762329 -240.224686 112.481689 138.762329 -210.436295 110.276962 150.422424 -259.417664 112.009865 135.578812 -258.979187 110.717911 134.131989 -259.417664 110.717911 135.578812 -258.979187 112.009865 134.131989 -253.312637 112.477844 134.845444 -253.888794 112.481689 137.254318 -253.169540 112.481689 134.880905 -255.413528 112.421410 134.324600 -255.790695 112.411560 134.268692 -256.459412 112.411560 136.475296 -257.547821 112.277954 134.008209 -255.937927 110.347092 134.246872 -257.547821 110.469498 134.008209 -255.413528 110.333397 134.324600 -257.799591 110.487343 134.029984 -257.641602 112.271309 134.016327 -252.417267 112.481689 135.067413 -258.224670 112.271309 135.940338 -253.312637 110.276962 134.845444 -256.600311 110.347092 136.432602 -258.365570 110.487343 135.897644 -254.029694 110.276962 137.211609 -252.417267 110.276962 135.067413 142.156845 89.005928 136.431152 142.912781 89.005928 138.362366 142.534805 88.544678 137.396759 142.000290 90.119484 136.031189 143.069336 90.119484 138.762329 142.156845 91.233040 136.431152 142.912781 91.233040 138.362366 142.534805 91.694290 137.396759 49.095898 91.233040 172.858093 48.913429 90.119484 172.468262 49.536404 91.694290 173.799225 49.976913 91.233040 174.740341 50.159378 90.119484 175.130173 49.976913 89.005928 174.740341 49.536404 88.544678 173.799225 49.095898 89.005928 172.858093 -0.341062 91.233040 200.023376 -0.570208 90.119484 199.659195 0.212146 91.694290 200.902573 0.765353 91.233040 201.781769 0.994499 90.119484 202.145950 0.765353 89.005928 201.781769 0.212146 88.544678 200.902573 -0.341062 89.005928 200.023376 -48.577675 90.119484 233.990158 -48.577675 91.233040 234.518204 -48.577675 91.694290 235.792999 -48.577675 91.233040 237.067810 -48.577675 90.119484 237.595856 -48.577675 89.005928 237.067810 -48.577675 88.544678 235.792999 -48.577675 89.005928 234.518204 -96.585136 90.119484 199.659195 -96.814285 91.233040 200.023376 -97.367493 91.694290 200.902573 -97.920700 91.233040 201.781769 -98.149849 90.119484 202.145950 -97.920700 89.005928 201.781769 -97.367493 88.544678 200.902573 -96.814285 89.005928 200.023376 -146.068771 90.119484 172.468262 -146.251236 91.233040 172.858093 -146.691757 91.694290 173.799225 -147.132263 91.233040 174.740341 -147.314728 90.119484 175.130173 -147.132263 89.005928 174.740341 -146.691757 88.544678 173.799225 -146.251236 89.005928 172.858093 -239.155624 90.119484 136.031189 -239.312195 91.233040 136.431152 -239.690155 91.694290 137.396759 -240.068130 91.233040 138.362366 -240.224686 90.119484 138.762329 -240.068130 89.005928 138.362366 -239.690155 88.544678 137.396759 -239.312195 89.005928 136.431152 113.280952 91.221848 150.422424 143.069336 91.221848 138.762329 143.069336 89.017120 138.762329 113.280952 89.017120 150.422424 162.262299 90.750023 135.578812 162.262299 89.458069 135.578812 161.823853 89.458069 134.131989 161.823853 90.750023 134.131989 156.157288 91.218002 134.845444 156.014206 91.221848 134.880905 156.733444 91.221848 137.254318 158.258179 91.161568 134.324600 158.635361 91.151718 134.268692 159.304062 91.151718 136.475296 160.392471 91.018112 134.008209 160.392471 89.209656 134.008209 158.782578 89.087250 134.246872 158.258179 89.073555 134.324600 160.644241 89.227501 134.029984 160.486267 91.011467 134.016327 155.261932 91.221848 135.067413 161.069336 91.011467 135.940338 156.157288 89.017120 134.845444 159.444962 89.087250 136.432602 161.210236 89.227501 135.897644 156.874359 89.017120 137.211609 155.261932 89.017120 135.067413 -210.436295 91.221848 150.422424 -240.224686 89.017120 138.762329 -240.224686 91.221848 138.762329 -210.436295 89.017120 150.422424 -259.417664 90.750023 135.578812 -258.979187 89.458069 134.131989 -259.417664 89.458069 135.578812 -258.979187 90.750023 134.131989 -253.312637 91.218002 134.845444 -253.888794 91.221848 137.254318 -253.169540 91.221848 134.880905 -255.413528 91.161568 134.324600 -255.790695 91.151718 134.268692 -256.459412 91.151718 136.475296 -257.547821 91.018112 134.008209 -255.937927 89.087250 134.246872 -257.547821 89.209656 134.008209 -255.413528 89.073555 134.324600 -257.799591 89.227501 134.029984 -257.641602 91.011467 134.016327 -252.417267 91.221848 135.067413 -258.224670 91.011467 135.940338 -253.312637 89.017120 134.845444 -256.600311 89.087250 136.432602 -258.365570 89.227501 135.897644 -254.029694 89.017120 137.211609 -252.417267 89.017120 135.067413 142.156845 103.179161 136.431152 142.912781 103.179161 138.362366 142.534805 102.717911 137.396759 142.000290 104.292709 136.031189 143.069336 104.292709 138.762329 142.156845 105.406265 136.431152 142.912781 105.406265 138.362366 142.534805 105.867516 137.396759 49.095898 105.406265 172.858093 48.913429 104.292709 172.468262 49.536404 105.867516 173.799225 49.976913 105.406265 174.740341 50.159378 104.292709 175.130173 49.976913 103.179161 174.740341 49.536404 102.717911 173.799225 49.095898 103.179161 172.858093 -0.341062 105.406265 200.023376 -0.570208 104.292709 199.659195 0.212146 105.867516 200.902573 0.765353 105.406265 201.781769 0.994499 104.292709 202.145950 0.765353 103.179161 201.781769 0.212146 102.717911 200.902573 -0.341062 103.179161 200.023376 -48.577675 104.292709 233.990158 -48.577675 105.406265 234.518204 -48.577675 105.867516 235.792999 -48.577675 105.406265 237.067810 -48.577675 104.292709 237.595856 -48.577675 103.179161 237.067810 -48.577675 102.717911 235.792999 -48.577675 103.179161 234.518204 -96.585136 104.292709 199.659195 -96.814285 105.406265 200.023376 -97.367493 105.867516 200.902573 -97.920700 105.406265 201.781769 -98.149849 104.292709 202.145950 -97.920700 103.179161 201.781769 -97.367493 102.717911 200.902573 -96.814285 103.179161 200.023376 -146.068771 104.292709 172.468262 -146.251236 105.406265 172.858093 -146.691757 105.867516 173.799225 -147.132263 105.406265 174.740341 -147.314728 104.292709 175.130173 -147.132263 103.179161 174.740341 -146.691757 102.717911 173.799225 -146.251236 103.179161 172.858093 -239.155624 104.292709 136.031189 -239.312195 105.406265 136.431152 -239.690155 105.867516 137.396759 -240.068130 105.406265 138.362366 -240.224686 104.292709 138.762329 -240.068130 103.179161 138.362366 -239.690155 102.717911 137.396759 -239.312195 103.179161 136.431152 113.280952 105.395073 150.422424 143.069336 105.395073 138.762329 143.069336 103.190346 138.762329 113.280952 103.190346 150.422424 162.262299 104.923248 135.578812 162.262299 103.631294 135.578812 161.823853 103.631294 134.131989 161.823853 104.923248 134.131989 156.157288 105.391228 134.845444 156.014206 105.395073 134.880905 156.733444 105.395073 137.254318 158.258179 105.334793 134.324600 158.635361 105.324951 134.268692 159.304062 105.324951 136.475296 160.392471 105.191345 134.008209 160.392471 103.382889 134.008209 158.782578 103.260475 134.246872 158.258179 103.246780 134.324600 160.644241 103.400726 134.029984 160.486267 105.184700 134.016327 155.261932 105.395073 135.067413 161.069336 105.184700 135.940338 156.157288 103.190346 134.845444 159.444962 103.260475 136.432602 161.210236 103.400726 135.897644 156.874359 103.190346 137.211609 155.261932 103.190346 135.067413 -210.436295 105.395073 150.422424 -240.224686 103.190346 138.762329 -240.224686 105.395073 138.762329 -210.436295 103.190346 150.422424 -259.417664 104.923248 135.578812 -258.979187 103.631294 134.131989 -259.417664 103.631294 135.578812 -258.979187 104.923248 134.131989 -253.312637 105.391228 134.845444 -253.888794 105.395073 137.254318 -253.169540 105.395073 134.880905 -255.413528 105.334793 134.324600 -255.790695 105.324951 134.268692 -256.459412 105.324951 136.475296 -257.547821 105.191345 134.008209 -255.937927 103.260475 134.246872 -257.547821 103.382889 134.008209 -255.413528 103.246780 134.324600 -257.799591 103.400726 134.029984 -257.641602 105.184700 134.016327 -252.417267 105.395073 135.067413 -258.224670 105.184700 135.940338 -253.312637 103.190346 134.845444 -256.600311 103.260475 136.432602 -258.365570 103.400726 135.897644 -254.029694 103.190346 137.211609 -252.417267 103.190346 135.067413 142.156845 96.092545 136.431152 142.912781 96.092545 138.362366 142.534805 95.631294 137.396759 142.000290 97.206100 136.031189 143.069336 97.206100 138.762329 142.156845 98.319649 136.431152 142.912781 98.319649 138.362366 142.534805 98.780899 137.396759 49.095898 98.319649 172.858093 48.913429 97.206100 172.468262 49.536404 98.780899 173.799225 49.976913 98.319649 174.740341 50.159378 97.206100 175.130173 49.976913 96.092545 174.740341 49.536404 95.631294 173.799225 49.095898 96.092545 172.858093 -0.341062 98.319649 200.023376 -0.570208 97.206100 199.659195 0.212146 98.780899 200.902573 0.765353 98.319649 201.781769 0.994499 97.206100 202.145950 0.765353 96.092545 201.781769 0.212146 95.631294 200.902573 -0.341062 96.092545 200.023376 -48.577675 97.206100 233.990158 -48.577675 98.319649 234.518204 -48.577675 98.780899 235.792999 -48.577675 98.319649 237.067810 -48.577675 97.206100 237.595856 -48.577675 96.092545 237.067810 -48.577675 95.631294 235.792999 -48.577675 96.092545 234.518204 -96.585136 97.206100 199.659195 -96.814285 98.319649 200.023376 -97.367493 98.780899 200.902573 -97.920700 98.319649 201.781769 -98.149849 97.206100 202.145950 -97.920700 96.092545 201.781769 -97.367493 95.631294 200.902573 -96.814285 96.092545 200.023376 -146.068771 97.206100 172.468262 -146.251236 98.319649 172.858093 -146.691757 98.780899 173.799225 -147.132263 98.319649 174.740341 -147.314728 97.206100 175.130173 -147.132263 96.092545 174.740341 -146.691757 95.631294 173.799225 -146.251236 96.092545 172.858093 -239.155624 97.206100 136.031189 -239.312195 98.319649 136.431152 -239.690155 98.780899 137.396759 -240.068130 98.319649 138.362366 -240.224686 97.206100 138.762329 -240.068130 96.092545 138.362366 -239.690155 95.631294 137.396759 -239.312195 96.092545 136.431152 113.280952 98.308456 150.422424 143.069336 98.308456 138.762329 143.069336 96.103737 138.762329 113.280952 96.103737 150.422424 162.262299 97.836632 135.578812 162.262299 96.544678 135.578812 161.823853 96.544678 134.131989 161.823853 97.836632 134.131989 156.157288 98.304619 134.845444 156.014206 98.308456 134.880905 156.733444 98.308456 137.254318 158.258179 98.248184 134.324600 158.635361 98.238335 134.268692 159.304062 98.238335 136.475296 160.392471 98.104729 134.008209 160.392471 96.296272 134.008209 158.782578 96.173859 134.246872 158.258179 96.160172 134.324600 160.644241 96.314110 134.029984 160.486267 98.098083 134.016327 155.261932 98.308456 135.067413 161.069336 98.098083 135.940338 156.157288 96.103737 134.845444 159.444962 96.173859 136.432602 161.210236 96.314110 135.897644 156.874359 96.103737 137.211609 155.261932 96.103737 135.067413 -210.436295 98.308456 150.422424 -240.224686 96.103737 138.762329 -240.224686 98.308456 138.762329 -210.436295 96.103737 150.422424 -259.417664 97.836632 135.578812 -258.979187 96.544678 134.131989 -259.417664 96.544678 135.578812 -258.979187 97.836632 134.131989 -253.312637 98.304619 134.845444 -253.888794 98.308456 137.254318 -253.169540 98.308456 134.880905 -255.413528 98.248184 134.324600 -255.790695 98.238335 134.268692 -256.459412 98.238335 136.475296 -257.547821 98.104729 134.008209 -255.937927 96.173859 134.246872 -257.547821 96.296272 134.008209 -255.413528 96.160172 134.324600 -257.799591 96.314110 134.029984 -257.641602 98.098083 134.016327 -252.417267 98.308456 135.067413 -258.224670 98.098083 135.940338 -253.312637 96.103737 134.845444 -256.600311 96.173859 136.432602 -258.365570 96.314110 135.897644 -254.029694 96.103737 137.211609 -252.417267 96.103737 135.067413 142.156845 81.919312 136.431152 142.912781 81.919312 138.362366 142.534805 81.458069 137.396759 142.000290 83.032867 136.031189 143.069336 83.032867 138.762329 142.156845 84.146423 136.431152 142.912781 84.146423 138.362366 142.534805 84.607674 137.396759 49.095898 84.146423 172.858093 48.913429 83.032867 172.468262 49.536404 84.607674 173.799225 49.976913 84.146423 174.740341 50.159378 83.032867 175.130173 49.976913 81.919312 174.740341 49.536404 81.458069 173.799225 49.095898 81.919312 172.858093 -0.341062 84.146423 200.023376 -0.570208 83.032867 199.659195 0.212146 84.607674 200.902573 0.765353 84.146423 201.781769 0.994499 83.032867 202.145950 0.765353 81.919312 201.781769 0.212146 81.458069 200.902573 -0.341062 81.919312 200.023376 -48.577675 83.032867 233.990158 -48.577675 84.146423 234.518204 -48.577675 84.607674 235.792999 -48.577675 84.146423 237.067810 -48.577675 83.032867 237.595856 -48.577675 81.919312 237.067810 -48.577675 81.458069 235.792999 -48.577675 81.919312 234.518204 -96.585136 83.032867 199.659195 -96.814285 84.146423 200.023376 -97.367493 84.607674 200.902573 -97.920700 84.146423 201.781769 -98.149849 83.032867 202.145950 -97.920700 81.919312 201.781769 -97.367493 81.458069 200.902573 -96.814285 81.919312 200.023376 -146.068771 83.032867 172.468262 -146.251236 84.146423 172.858093 -146.691757 84.607674 173.799225 -147.132263 84.146423 174.740341 -147.314728 83.032867 175.130173 -147.132263 81.919312 174.740341 -146.691757 81.458069 173.799225 -146.251236 81.919312 172.858093 -239.155624 83.032867 136.031189 -239.312195 84.146423 136.431152 -239.690155 84.607674 137.396759 -240.068130 84.146423 138.362366 -240.224686 83.032867 138.762329 -240.068130 81.919312 138.362366 -239.690155 81.458069 137.396759 -239.312195 81.919312 136.431152 113.280952 84.135231 150.422424 143.069336 84.135231 138.762329 143.069336 81.930504 138.762329 113.280952 81.930504 150.422424 162.262299 83.663406 135.578812 162.262299 82.371452 135.578812 161.823853 82.371452 134.131989 161.823853 83.663406 134.131989 156.157288 84.131386 134.845444 156.014206 84.135231 134.880905 156.733444 84.135231 137.254318 158.258179 84.074951 134.324600 158.635361 84.065109 134.268692 159.304062 84.065109 136.475296 160.392471 83.931503 134.008209 160.392471 82.123039 134.008209 158.782578 82.000633 134.246872 158.258179 81.986938 134.324600 160.644241 82.140884 134.029984 160.486267 83.924858 134.016327 155.261932 84.135231 135.067413 161.069336 83.924858 135.940338 156.157288 81.930504 134.845444 159.444962 82.000633 136.432602 161.210236 82.140884 135.897644 156.874359 81.930504 137.211609 155.261932 81.930504 135.067413 -210.436295 84.135231 150.422424 -240.224686 81.930504 138.762329 -240.224686 84.135231 138.762329 -210.436295 81.930504 150.422424 -259.417664 83.663406 135.578812 -258.979187 82.371452 134.131989 -259.417664 82.371452 135.578812 -258.979187 83.663406 134.131989 -253.312637 84.131386 134.845444 -253.888794 84.135231 137.254318 -253.169540 84.135231 134.880905 -255.413528 84.074951 134.324600 -255.790695 84.065109 134.268692 -256.459412 84.065109 136.475296 -257.547821 83.931503 134.008209 -255.937927 82.000633 134.246872 -257.547821 82.123039 134.008209 -255.413528 81.986938 134.324600 -257.799591 82.140884 134.029984 -257.641602 83.924858 134.016327 -252.417267 84.135231 135.067413 -258.224670 83.924858 135.940338 -253.312637 81.930504 134.845444 -256.600311 82.000633 136.432602 -258.365570 82.140884 135.897644 -254.029694 81.930504 137.211609 -252.417267 81.930504 135.067413 142.156845 74.832703 136.431152 142.912781 74.832703 138.362366 142.534805 74.371452 137.396759 142.000290 75.946259 136.031189 143.069336 75.946259 138.762329 142.156845 77.059807 136.431152 142.912781 77.059807 138.362366 142.534805 77.521057 137.396759 49.095898 77.059807 172.858093 48.913429 75.946259 172.468262 49.536404 77.521057 173.799225 49.976913 77.059807 174.740341 50.159378 75.946259 175.130173 49.976913 74.832703 174.740341 49.536404 74.371452 173.799225 49.095898 74.832703 172.858093 -0.341062 77.059807 200.023376 -0.570208 75.946259 199.659195 0.212146 77.521057 200.902573 0.765353 77.059807 201.781769 0.994499 75.946259 202.145950 0.765353 74.832703 201.781769 0.212146 74.371452 200.902573 -0.341062 74.832703 200.023376 -48.577675 75.946259 233.990158 -48.577675 77.059807 234.518204 -48.577675 77.521057 235.792999 -48.577675 77.059807 237.067810 -48.577675 75.946259 237.595856 -48.577675 74.832703 237.067810 -48.577675 74.371452 235.792999 -48.577675 74.832703 234.518204 -96.585136 75.946259 199.659195 -96.814285 77.059807 200.023376 -97.367493 77.521057 200.902573 -97.920700 77.059807 201.781769 -98.149849 75.946259 202.145950 -97.920700 74.832703 201.781769 -97.367493 74.371452 200.902573 -96.814285 74.832703 200.023376 -146.068771 75.946259 172.468262 -146.251236 77.059807 172.858093 -146.691757 77.521057 173.799225 -147.132263 77.059807 174.740341 -147.314728 75.946259 175.130173 -147.132263 74.832703 174.740341 -146.691757 74.371452 173.799225 -146.251236 74.832703 172.858093 -239.155624 75.946259 136.031189 -239.312195 77.059807 136.431152 -239.690155 77.521057 137.396759 -240.068130 77.059807 138.362366 -240.224686 75.946259 138.762329 -240.068130 74.832703 138.362366 -239.690155 74.371452 137.396759 -239.312195 74.832703 136.431152 113.280952 77.048615 150.422424 143.069336 77.048615 138.762329 143.069336 74.843895 138.762329 113.280952 74.843895 150.422424 162.262299 76.576790 135.578812 162.262299 75.284836 135.578812 161.823853 75.284836 134.131989 161.823853 76.576790 134.131989 156.157288 77.044777 134.845444 156.014206 77.048615 134.880905 156.733444 77.048615 137.254318 158.258179 76.988342 134.324600 158.635361 76.978493 134.268692 159.304062 76.978493 136.475296 160.392471 76.844887 134.008209 160.392471 75.036430 134.008209 158.782578 74.914017 134.246872 158.258179 74.900330 134.324600 160.644241 75.054268 134.029984 160.486267 76.838242 134.016327 155.261932 77.048615 135.067413 161.069336 76.838242 135.940338 156.157288 74.843895 134.845444 159.444962 74.914017 136.432602 161.210236 75.054268 135.897644 156.874359 74.843895 137.211609 155.261932 74.843895 135.067413 -210.436295 77.048615 150.422424 -240.224686 74.843895 138.762329 -240.224686 77.048615 138.762329 -210.436295 74.843895 150.422424 -259.417664 76.576790 135.578812 -258.979187 75.284836 134.131989 -259.417664 75.284836 135.578812 -258.979187 76.576790 134.131989 -253.312637 77.044777 134.845444 -253.888794 77.048615 137.254318 -253.169540 77.048615 134.880905 -255.413528 76.988342 134.324600 -255.790695 76.978493 134.268692 -256.459412 76.978493 136.475296 -257.547821 76.844887 134.008209 -255.937927 74.914017 134.246872 -257.547821 75.036430 134.008209 -255.413528 74.900330 134.324600 -257.799591 75.054268 134.029984 -257.641602 76.838242 134.016327 -252.417267 77.048615 135.067413 -258.224670 76.838242 135.940338 -253.312637 74.843895 134.845444 -256.600311 74.914017 136.432602 -258.365570 75.054268 135.897644 -254.029694 74.843895 137.211609 -252.417267 74.843895 135.067413 142.156845 67.746086 136.431152 142.912781 67.746086 138.362366 142.534805 67.284836 137.396759 142.000290 68.859642 136.031189 143.069336 68.859642 138.762329 142.156845 69.973198 136.431152 142.912781 69.973198 138.362366 142.534805 70.434441 137.396759 49.095898 69.973198 172.858093 48.913429 68.859642 172.468262 49.536404 70.434441 173.799225 49.976913 69.973198 174.740341 50.159378 68.859642 175.130173 49.976913 67.746086 174.740341 49.536404 67.284836 173.799225 49.095898 67.746086 172.858093 -0.341062 69.973198 200.023376 -0.570208 68.859642 199.659195 0.212146 70.434441 200.902573 0.765353 69.973198 201.781769 0.994499 68.859642 202.145950 0.765353 67.746086 201.781769 0.212146 67.284836 200.902573 -0.341062 67.746086 200.023376 -48.577675 68.859642 233.990158 -48.577675 69.973198 234.518204 -48.577675 70.434441 235.792999 -48.577675 69.973198 237.067810 -48.577675 68.859642 237.595856 -48.577675 67.746086 237.067810 -48.577675 67.284836 235.792999 -48.577675 67.746086 234.518204 -96.585136 68.859642 199.659195 -96.814285 69.973198 200.023376 -97.367493 70.434441 200.902573 -97.920700 69.973198 201.781769 -98.149849 68.859642 202.145950 -97.920700 67.746086 201.781769 -97.367493 67.284836 200.902573 -96.814285 67.746086 200.023376 -146.068771 68.859642 172.468262 -146.251236 69.973198 172.858093 -146.691757 70.434441 173.799225 -147.132263 69.973198 174.740341 -147.314728 68.859642 175.130173 -147.132263 67.746086 174.740341 -146.691757 67.284836 173.799225 -146.251236 67.746086 172.858093 -239.155624 68.859642 136.031189 -239.312195 69.973198 136.431152 -239.690155 70.434441 137.396759 -240.068130 69.973198 138.362366 -240.224686 68.859642 138.762329 -240.068130 67.746086 138.362366 -239.690155 67.284836 137.396759 -239.312195 67.746086 136.431152 113.280952 69.962006 150.422424 143.069336 69.962006 138.762329 143.069336 67.757278 138.762329 113.280952 67.757278 150.422424 162.262299 69.490181 135.578812 162.262299 68.198227 135.578812 161.823853 68.198227 134.131989 161.823853 69.490181 134.131989 156.157288 69.958160 134.845444 156.014206 69.962006 134.880905 156.733444 69.962006 137.254318 158.258179 69.901726 134.324600 158.635361 69.891876 134.268692 159.304062 69.891876 136.475296 160.392471 69.758270 134.008209 160.392471 67.949814 134.008209 158.782578 67.827408 134.246872 158.258179 67.813713 134.324600 160.644241 67.967651 134.029984 160.486267 69.751625 134.016327 155.261932 69.962006 135.067413 161.069336 69.751625 135.940338 156.157288 67.757278 134.845444 159.444962 67.827408 136.432602 161.210236 67.967651 135.897644 156.874359 67.757278 137.211609 155.261932 67.757278 135.067413 -210.436295 69.962006 150.422424 -240.224686 67.757278 138.762329 -240.224686 69.962006 138.762329 -210.436295 67.757278 150.422424 -259.417664 69.490181 135.578812 -258.979187 68.198227 134.131989 -259.417664 68.198227 135.578812 -258.979187 69.490181 134.131989 -253.312637 69.958160 134.845444 -253.888794 69.962006 137.254318 -253.169540 69.962006 134.880905 -255.413528 69.901726 134.324600 -255.790695 69.891876 134.268692 -256.459412 69.891876 136.475296 -257.547821 69.758270 134.008209 -255.937927 67.827408 134.246872 -257.547821 67.949814 134.008209 -255.413528 67.813713 134.324600 -257.799591 67.967651 134.029984 -257.641602 69.751625 134.016327 -252.417267 69.962006 135.067413 -258.224670 69.751625 135.940338 -253.312637 67.757278 134.845444 -256.600311 67.827408 136.432602 -258.365570 67.967651 135.897644 -254.029694 67.757278 137.211609 -252.417267 67.757278 135.067413 142.156845 60.659473 136.431152 142.912781 60.659473 138.362366 142.534805 60.198223 137.396759 142.000290 61.773026 136.031189 143.069336 61.773026 138.762329 142.156845 62.886581 136.431152 142.912781 62.886581 138.362366 142.534805 63.347828 137.396759 49.095898 62.886581 172.858093 48.913429 61.773026 172.468262 49.536404 63.347828 173.799225 49.976913 62.886581 174.740341 50.159378 61.773026 175.130173 49.976913 60.659473 174.740341 49.536404 60.198223 173.799225 49.095898 60.659473 172.858093 -0.341062 62.886581 200.023376 -0.570208 61.773026 199.659195 0.212146 63.347828 200.902573 0.765353 62.886581 201.781769 0.994499 61.773026 202.145950 0.765353 60.659473 201.781769 0.212146 60.198223 200.902573 -0.341062 60.659473 200.023376 -48.577675 61.773026 233.990158 -48.577675 62.886581 234.518204 -48.577675 63.347828 235.792999 -48.577675 62.886581 237.067810 -48.577675 61.773026 237.595856 -48.577675 60.659473 237.067810 -48.577675 60.198223 235.792999 -48.577675 60.659473 234.518204 -96.585136 61.773026 199.659195 -96.814285 62.886581 200.023376 -97.367493 63.347828 200.902573 -97.920700 62.886581 201.781769 -98.149849 61.773026 202.145950 -97.920700 60.659473 201.781769 -97.367493 60.198223 200.902573 -96.814285 60.659473 200.023376 -146.068771 61.773026 172.468262 -146.251236 62.886581 172.858093 -146.691757 63.347828 173.799225 -147.132263 62.886581 174.740341 -147.314728 61.773026 175.130173 -147.132263 60.659473 174.740341 -146.691757 60.198223 173.799225 -146.251236 60.659473 172.858093 -239.155624 61.773026 136.031189 -239.312195 62.886581 136.431152 -239.690155 63.347828 137.396759 -240.068130 62.886581 138.362366 -240.224686 61.773026 138.762329 -240.068130 60.659473 138.362366 -239.690155 60.198223 137.396759 -239.312195 60.659473 136.431152 113.280952 62.875389 150.422424 143.069336 62.875389 138.762329 143.069336 60.670666 138.762329 113.280952 60.670666 150.422424 162.262299 62.403564 135.578812 162.262299 61.111610 135.578812 161.823853 61.111610 134.131989 161.823853 62.403564 134.131989 156.157288 62.871544 134.845444 156.014206 62.875389 134.880905 156.733444 62.875389 137.254318 158.258179 62.815109 134.324600 158.635361 62.805264 134.268692 159.304062 62.805264 136.475296 160.392471 62.671658 134.008209 160.392471 60.863201 134.008209 158.782578 60.740791 134.246872 158.258179 60.727100 134.324600 160.644241 60.881042 134.029984 160.486267 62.665012 134.016327 155.261932 62.875389 135.067413 161.069336 62.665012 135.940338 156.157288 60.670666 134.845444 159.444962 60.740791 136.432602 161.210236 60.881042 135.897644 156.874359 60.670666 137.211609 155.261932 60.670666 135.067413 -210.436295 62.875389 150.422424 -240.224686 60.670666 138.762329 -240.224686 62.875389 138.762329 -210.436295 60.670666 150.422424 -259.417664 62.403564 135.578812 -258.979187 61.111610 134.131989 -259.417664 61.111610 135.578812 -258.979187 62.403564 134.131989 -253.312637 62.871544 134.845444 -253.888794 62.875389 137.254318 -253.169540 62.875389 134.880905 -255.413528 62.815109 134.324600 -255.790695 62.805264 134.268692 -256.459412 62.805264 136.475296 -257.547821 62.671658 134.008209 -255.937927 60.740791 134.246872 -257.547821 60.863201 134.008209 -255.413528 60.727100 134.324600 -257.799591 60.881042 134.029984 -257.641602 62.665012 134.016327 -252.417267 62.875389 135.067413 -258.224670 62.665012 135.940338 -253.312637 60.670666 134.845444 -256.600311 60.740791 136.432602 -258.365570 60.881042 135.897644 -254.029694 60.670666 137.211609 -252.417267 60.670666 135.067413 143.582748 32.324207 141.152283 143.959381 32.324207 141.036163 143.959381 178.331299 141.036163 143.582748 178.331299 141.152283 143.069336 178.331299 138.762329 141.236267 178.331299 139.479843 141.236267 32.324207 139.479843 162.132492 177.614761 136.449539 162.132492 32.765152 136.449539 162.621384 32.765152 137.946533 162.621384 177.614761 137.946533 162.995636 32.765152 137.824310 162.995636 177.614761 137.824310 162.262299 177.614761 135.578812 161.139557 177.614761 135.945480 161.139557 32.765152 135.945480 -241.114731 178.323227 141.036163 -241.114731 32.324207 141.036163 -240.224686 178.323227 138.762329 -240.738098 32.324207 141.152283 -240.738098 178.323227 141.152283 -238.391617 178.323227 139.479843 -238.391617 32.324207 139.479843 -259.287842 177.134857 136.449539 -259.776733 32.765152 137.946533 -259.287842 32.765152 136.449539 -259.776733 177.134857 137.946533 -260.150970 177.134857 137.824310 -260.150970 32.765152 137.824310 -259.417664 177.134857 135.578812 -258.294891 177.134857 135.945480 -258.294891 32.765152 135.945480 "
							            />
						</IndexedFaceSet>
					</Shape>
				</Group>
			</Transform>
		</Transform>
	</Scene>
</X3D>